period,origin,namea,destination,nameb,connections,distinct_services,companies,num_companies,num_vessels,weekly_teu,weekly_rplugs,min_vessel,max_vessel,min_days,median_days,max_days,available_transit_times
2017-03-26,AEAUH,"Abu Dhabi",AEJEA,"Dubai, Jebel Ali",3,3,"ANL; APL; CMA CGM; COSCO; Evergreen Line; Maersk Line; OOCL; Safmarine; SOL; X-Press",10,16,23259,2015.71428571429,4130,10700,0,1,1,"{1,1,0}"
2017-03-26,AEAUH,"Abu Dhabi",AESHJ,Sharjah,1,1,"ANL; CMA CGM; UASC; Unimed Feeder Services-UFS",4,4,3802,355,3802,3802,1,1,1,{1}
2017-03-26,AEAUH,"Abu Dhabi",IRBND,"Bandar Abbas",1,1,"Hapag-Lloyd; Hyundai; K Line; TS Lines",4,7,7501.71428571429,585.714285714286,6350,8600,1,1,1,{1}
2017-03-26,AEAUH,"Abu Dhabi",MYPKG,"Port Klang",1,1,"Hapag-Lloyd; K Line; MOL; NYK; UASC; Yang Ming",6,7,7839.14285714286,571.428571428571,5762,10000,10,10,10,{10}
2017-03-26,AEAUH,"Abu Dhabi",SADMM,Dammam,1,1,"APL; CMA CGM; COSCO; Evergreen Line; OOCL",5,6,10008.3333333333,250,10000,10050,2,2,2,{2}
2017-03-26,AEJEA,"Dubai, Jebel Ali",AEAUH,"Abu Dhabi",3,3,"APL; CMA CGM; COSCO; Evergreen Line; Hapag-Lloyd; Hyundai; K Line; OOCL; TS Lines",9,20,27850.0476190476,1550,6350,10700,1,2,2,"{2,1,2}"
2017-03-26,AEJEA,"Dubai, Jebel Ali",AEKLF,"Khor Fakkan",3,3,"ANL; CMA CGM; COSCO; Hapag-Lloyd; SOL; UASC; Unimed Feeder Services-UFS; X-Press",8,12,14392,1534.5,3802,6921,1,1,3,"{3,1,1}"
2017-03-26,AEJEA,"Dubai, Jebel Ali",BHKBS,"Khalifa Bin Salman Port",1,1,"ANL; CMA CGM; UASC; Unimed Feeder Services-UFS",4,4,3802,355,3802,3802,1,1,1,{1}
2017-03-26,AEJEA,"Dubai, Jebel Ali",DJJIB,Djibouti,2,2,"Maersk Line; PIL; Safmarine; Unimed Feeder Services-UFS",4,12,8299.85714285714,784.571428571429,3000,8110,5,5.5,6,"{6,5}"
2017-03-26,AEJEA,"Dubai, Jebel Ali",HKHKG,"Hong Kong",1,1,"Hapag-Lloyd; K Line; MOL; NYK; UASC; Yang Ming",6,12,17994.3333333333,666.666666666667,14500,20150,12,12,12,{12}
2017-03-26,AEJEA,"Dubai, Jebel Ali",INMUN,Mundra,3,3,"ANL; CMA CGM; DAL-Deutsche Afrika Linien; Maersk Line; MSC; PIL; Safmarine; UAFL-United Africa Feeder Line",8,30,16206.1,1531.7,1697,9200,2,4,4,"{4,4,2}"
2017-03-26,AEJEA,"Dubai, Jebel Ali",INNSA,"Mumbai (Nhava Sheva)",2,2,"Maersk Line; Milaha Maritime; Safmarine; Seago Line",4,10,11598.125,1525,1608,10100,4,4,4,"{4,4}"
2017-03-26,AEJEA,"Dubai, Jebel Ali",INPAV,Pipavav,1,1,"Maersk Line; Safmarine",2,8,4968.75,557.5,5466,6802,4,4,4,{4}
2017-03-26,AEJEA,"Dubai, Jebel Ali",IRBND,"Bandar Abbas",6,6,"APL; CMA CGM; COSCO; Emirates Shipping; Evergreen Line; HDASCO; KMTC; MOL; OOCL; PIL; RCL; Unimed Feeder Services-UFS; Wan Hai; Yang Ming",14,36,30319.9821428571,2213.21428571429,2188,8452,0,1.5,2,"{0,2,0,2,2,1}"
2017-03-26,AEJEA,"Dubai, Jebel Ali",KEMBA,Mombasa,2,2,"CMA CGM; Emirates Shipping",2,9,4680.45,707.5,1708,3091,6,6.5,7,"{7,6}"
2017-03-26,AEJEA,"Dubai, Jebel Ali",MYPKG,"Port Klang",1,1,"APL; CMA CGM; COSCO; Evergreen Line; OOCL",5,11,11636.9090909091,772.727272727273,10960,13208,9,9,9,{9}
2017-03-26,AEJEA,"Dubai, Jebel Ali",OMSLL,Salalah,3,3,"Maersk Line; Safmarine",2,20,16065.15,1783.72857142857,2240,10000,2,3,4,"{4,2,3}"
2017-03-26,AEJEA,"Dubai, Jebel Ali",OMSOH,Sohar,3,3,"APL; CMA CGM; COSCO; Evergreen Line; Maersk Line; OOCL; Simatech; X-Press",8,13,17392.5,1708.78571428571,2442,10700,1,1,1,"{1,1,1}"
2017-03-26,AEJEA,"Dubai, Jebel Ali",PKKHI,Karachi,7,7,"Alianca; ANL; APL; CMA CGM; COSCO; Evergreen Line; Hamburg Sud; Hapag-Lloyd; KMTC; Maersk Line; Marguisa; Milaha Maritime; MSC; NYK; Safmarine; Simatech; UASC; Wan Hai; X-Press",19,44,38199.7174242424,3874.14090909091,2073,9030,2,3,5,"{3,5,2,3,3,3,2}"
2017-03-26,AEJEA,"Dubai, Jebel Ali",QAHMD,Hamad,3,3,"APL; CMA CGM; COSCO; Evergreen Line; Milaha Maritime; MSC; OOCL",7,16,19584.7142857143,1371.42857142857,1608,11388,0,1,1,"{1,1,0}"
2017-03-26,AEJEA,"Dubai, Jebel Ali",SADMM,Dammam,4,4,"APL; Hapag-Lloyd; Hyundai; K Line; Maersk Line; Milaha Maritime; MOL; NYK; Safmarine; UASC; Wan Hai; X-Press; Yang Ming",13,22,24422.6428571429,2328.19047619048,2762,10000,1,1,1,"{1,1,1,1}"
2017-03-26,AEJEA,"Dubai, Jebel Ali",SCPOV,"Seychelles Is., Port Victoria",1,1,"UAFL-United Africa Feeder Line; WEC Lines",2,2,3410,420,1684,1726,6,6,6,{6}
2017-03-26,AEJEA,"Dubai, Jebel Ali",SGSIN,Singapore,3,3,"Hapag-Lloyd; K Line; Maersk Line; MCC; MOL; MSC; NYK; Safmarine; UASC; Yang Ming",10,32,33143.8545454545,2633.18181818182,5624,15908,9,9,10,"{10,9,9}"
2017-03-26,AEJEA,"Dubai, Jebel Ali",TWKHH,Kaohsiung,1,1,"CMA CGM; HDASCO",2,6,4546.28571428571,442.857142857143,2724,5040,17,17,17,{17}
2017-03-26,AEKLF,"Khor Fakkan",AEAUH,"Abu Dhabi",1,1,"ANL; CMA CGM; UASC; Unimed Feeder Services-UFS",4,4,3802,355,3802,3802,2,2,2,{2}
2017-03-26,AEKLF,"Khor Fakkan",AEJEA,"Dubai, Jebel Ali",8,8,"Alianca; ANL; APL; CMA CGM; COSCO; Emirates Shipping; Evergreen Line; Hamburg Sud; Hapag-Lloyd; Marguisa; NYK; OOCL; PIL; UASC; Unimed Feeder Services-UFS; X-Press",16,47,41806.625,4452.13571428571,1697,10700,0,1,2,"{1,2,2,1,2,1,0,1}"
2017-03-26,AEKLF,"Khor Fakkan",INMUN,Mundra,1,1,"ANL; CMA CGM; SOL; X-Press",4,2,4255,430,4130,4380,2,2,2,{2}
2017-03-26,AEKLF,"Khor Fakkan",MYPKG,"Port Klang",1,1,"APL; CMA CGM; COSCO; Evergreen Line; FESCO; OOCL; OPDR",7,12,15220.0833333333,983.333333333333,13880,17859,9,9,9,{9}
2017-03-26,AEKLF,"Khor Fakkan",OMSOH,Sohar,1,1,"ANL; CMA CGM; UASC; Unimed Feeder Services-UFS",4,4,3802,355,3802,3802,1,1,1,{1}
2017-03-26,AEKLF,"Khor Fakkan",SADMM,Dammam,1,1,"ANL; CMA CGM; COSCO; Hapag-Lloyd; UASC",5,6,6335,749.5,5250,6921,3,3,3,{3}
2017-03-26,AEKLF,"Khor Fakkan",SAJED,Jeddah,1,1,"ANL; CMA CGM; COSCO; Hapag-Lloyd; UASC",5,6,6335,749.5,5250,6921,4,4,4,{4}
2017-03-26,AESHJ,Sharjah,AEJEA,"Dubai, Jebel Ali",1,1,"ANL; CMA CGM; UASC; Unimed Feeder Services-UFS",4,4,3802,355,3802,3802,0,0,0,{0}
2017-03-26,AGSJO,"St John's, Antigua",SXSXM,"St Maarten",2,2,"CMA CGM; Seaboard Marine",2,3,1236,244,120,1118,0,0.5,1,"{1,0}"
2017-03-26,AIRBY,Anguilla,BBBGI,Bridgetown,1,1,"Tropical Shipping",1,2,850,187,850,850,0,0,0,{0}
2017-03-26,AOLAD,Luanda,AOLOB,Lobito,3,3,"ANL; CMA CGM; Maersk Line; NileDutch; PSL; Safmarine; Seago Line",7,16,13100.0535714286,2422.25,2169,3739,1,1,4,"{1,4,1}"
2017-03-26,AOLAD,Luanda,CGPNR,"Pointe Noire",1,1,"Alianca; CMA CGM; Hamburg Sud; Hapag-Lloyd; Maersk Line; NileDutch; Safmarine",7,6,3414,506.5,3091,3820,1,1,1,{1}
2017-03-26,AOLAD,Luanda,SNDKR,Dakar,1,1,MSC,1,6,2932.66666666667,308.333333333333,2442,3424,6,6,6,{6}
2017-03-26,AOLAD,Luanda,ZACPT,"Cape Town",1,1,"ANL; CMA CGM; COSCO; Maersk Line; NileDutch; PIL; Safmarine",7,12,7781.33333333333,681,5071,10622,7,7,7,{7}
2017-03-26,AOLOB,Lobito,AOMSZ,Namibe,2,2,"ANL; CMA CGM; NileDutch; PSL",4,9,10698.3392857143,2086.25,2169,3739,0,1,2,"{0,2}"
2017-03-26,AOLOB,Lobito,NAWVB,"Walvis Bay",1,1,"Maersk Line; Safmarine; Seago Line",3,7,2401.71428571429,336,2478,3586,2,2,2,{2}
2017-03-26,AOMSZ,Namibe,CMDLA,Douala,1,1,"ANL; CMA CGM; NileDutch",3,8,3571.625,706.25,3400,3739,0,0,0,{0}
2017-03-26,AOMSZ,Namibe,PTLEI,Leixoes,1,1,PSL,1,1,7126.71428571429,1380,2169,2169,21,21,21,{21}
2017-03-26,ARBHI,"Bahia Blanca",BRIOA,"Porto Itapoa",1,1,"Alianca; Hamburg Sud; Hapag-Lloyd",3,8,3485.125,493.875,3405,3600,5,5,5,{5}
2017-03-26,ARBUE,"Buenos Aires",BRRIG,"Rio Grande",2,2,"Alianca; CMA CGM; COSCO; Evergreen Line; Hamburg Sud; Hapag-Lloyd; Maersk Line; MCC; NYK; PIL; Safmarine; Yang Ming",12,19,13746.5714285714,1978.40476190476,4600,9962,2,2,2,"{2,2}"
2017-03-26,ARBUE,"Buenos Aires",UYMVD,Montevideo,7,7,"Alianca; ANL; CMA CGM; COSCO; Hamburg Sud; Hapag-Lloyd; Hyundai; Maersk Line; MCC; Melfi Marine; MOL; MSC; Niver Lines; NYK; Safmarine; Seago Line; SeaLand; UASC; ZIM",19,65,52646.8044871795,6654.21153846154,4549,10500,0,1,1,"{1,1,0,0,1,1,0}"
2017-03-26,ARPMY,"Puerto Madryn",ARBHI,"Bahia Blanca",1,1,"Alianca; Hamburg Sud; Hapag-Lloyd",3,8,3485.125,493.875,3405,3600,4,4,4,{4}
2017-03-26,ASPPG,"Pago Pago",NZAKL,Auckland,1,1,"PDL-Pacific Direct Line; PIL; Sofrana ANL",3,1,1876,200,938,938,5,5,5,{5}
2017-03-26,ASPPG,"Pago Pago",TOTBU,Nuku'alofa,1,1,"NPL-Neptune Pacific Line; PDL-Pacific Direct Line; Sofrana ANL",3,2,1684,200,777,907,3,3,3,{3}
2017-03-26,ASPPG,"Pago Pago",USLGB,"Long Beach CA",1,1,"Alianca; Hamburg Sud; Polynesia Line",3,2,2623.92857142857,716.785714285714,1102,1347,14,14,14,{14}
2017-03-26,AUADL,Adelaide,AUFRE,Fremantle,3,3,"Alianca; ANL; APL; CMA CGM; COSCO; DAL-Deutsche Afrika Linien; Hamburg Sud; Hapag-Lloyd; Hyundai; Maersk Line; MCC; MSC; NYK; Safmarine; TS Lines",15,29,16885.9833333333,1531.23333333333,4545,7455,3,5,5,"{5,3,5}"
2017-03-26,AUADL,Adelaide,AUMEL,Melbourne,2,2,"Alianca; APL; Hamburg Sud; Hapag-Lloyd; Hyundai; Maersk Line; MCC; MSC; Safmarine",9,19,8699.21428571429,1030.66666666667,2650,6350,2,2.5,3,"{3,2}"
2017-03-26,AUADL,Adelaide,IDJKT,"Jakarta, Java",1,1,"ANL; CMA CGM; COSCO; Hapag-Lloyd; K Line; OOCL; UASC",7,5,4488.2,442,4254,4771,8,8,8,{8}
2017-03-26,AUADL,Adelaide,MYPKG,"Port Klang",1,1,"COSCO; MOL; OOCL; PIL",4,4,4626.5,382.5,4250,5100,10,10,10,{10}
2017-03-26,AUADL,Adelaide,NZAKL,Auckland,1,1,"Alianca; ANL; CMA CGM; Hamburg Sud; Hapag-Lloyd",5,4,5262.5,840,2496,2742,6,6,6,{6}
2017-03-26,AUADL,Adelaide,SGSIN,Singapore,1,1,"ANL; CMA CGM; Hapag-Lloyd",3,13,5661.69230769231,461.923076923077,5250,5782,10,10,10,{10}
2017-03-26,AUBEL,"Bell Bay, TAS",AUMEL,Melbourne,1,1,"Maersk Line",1,3,1242,245.333333333333,1118,1304,1,1,1,{1}
2017-03-26,AUBEL,"Bell Bay, TAS",AUSYD,Sydney,1,1,MSC,1,3,1116.66666666667,220,1114,1118,1,1,1,{1}
2017-03-26,AUBNE,Brisbane,AUSYD,Sydney,4,4,"Alianca; ANL; APL; CMA CGM; COSCO; Hamburg Sud; Hapag-Lloyd; Hyundai; K Line; Maersk Line; Marfret; MCC; MOL; MSC; OOCL; PIL; Safmarine; UASC; Yang Ming",19,29,20281.7571428571,2520.95238095238,2797,6350,1,1.5,2,"{2,1,2,1}"
2017-03-26,AUBNE,Brisbane,AUTSV,Townsville,1,1,"Maersk Line; PDL-Pacific Direct Line; Sofrana ANL",3,1,4340.57142857143,514.285714285714,844,844,3,3,3,{3}
2017-03-26,AUBNE,Brisbane,CNSHA,Shanghai,1,1,"ANL; COSCO; OOCL; PIL",4,5,5580,684,5301,5762,11,11,11,{11}
2017-03-26,AUBNE,Brisbane,JPYOK,Yokohama,3,3,"Alianca; ANL; APL; COSCO; Evergreen Line; Hamburg Sud; Hapag-Lloyd; Hyundai; K Line; Maersk Line; MCC; MOL; MSC; OOCL; Safmarine; Yang Ming",16,24,14490.1666666667,1398,4250,6350,10,11,12,"{11,10,12}"
2017-03-26,AUBNE,Brisbane,MYPKG,"Port Klang",1,1,"ANL; APL; CMA CGM; COSCO; OOCL; PIL",6,6,4658.83333333333,368.333333333333,4255,5042,11,11,11,{11}
2017-03-26,AUBNE,Brisbane,MYTPP,"Tanjung Pelepas",1,1,MSC,1,7,3175.71428571429,500,2650,3534,10,10,10,{10}
2017-03-26,AUBNE,Brisbane,NCNOU,Noumea,3,3,"MSC; NPL-Neptune Pacific Line; PDL-Pacific Direct Line; Sofrana ANL; Swire Shipping",5,7,4640.66666666667,831.428571428571,734,1118,3,3,3,"{3,3,3}"
2017-03-26,AUBNE,Brisbane,NZAKL,Auckland,3,3,"Alianca; ANL; APL; CMA CGM; COSCO; Hamburg Sud; Hapag-Lloyd; MOL; NYK; OOCL; PDL-Pacific Direct Line; PIL",12,19,12503.7380952381,1391.52380952381,3765,5042,4,4,5,"{4,5,4}"
2017-03-26,AUBNE,Brisbane,NZTRG,Tauranga,1,1,"Hapag-Lloyd; Maersk Line; MOL",3,5,4258,1101.8,4258,4258,4,4,4,{4}
2017-03-26,AUBNE,Brisbane,PGPOM,"Port Moresby",2,2,"Maersk Line; PDL-Pacific Direct Line; Sofrana ANL; Swire Shipping",4,2,15290.2857142857,3314.28571428571,894,2339,4,4.5,5,"{5,4}"
2017-03-26,AUBNE,Brisbane,TWKHH,Kaohsiung,3,3,"Alianca; ANL; APL; COSCO; Evergreen Line; Hamburg Sud; Hapag-Lloyd; Hyundai; K Line; Maersk Line; MOL; MSC; OOCL; PIL; Sinotrans; TS Lines; Yang Ming",17,16,15067.8666666667,1415.6,4211,5888,10,11,12,"{11,10,12}"
2017-03-26,AUDRW,Darwin,NCNOU,Noumea,1,1,"Swire Shipping",1,1,10692.5714285714,2285.71428571429,2339,2339,8,8,8,{8}
2017-03-26,AUDRW,Darwin,PGPOM,"Port Moresby",1,1,MELL,1,3,3660,500,1800,1890,4,4,4,{4}
2017-03-26,AUFRE,Fremantle,AUADL,Adelaide,2,2,"Alianca; APL; Hamburg Sud; Hapag-Lloyd; Hyundai; Maersk Line; MCC; MSC; Safmarine",9,19,8699.21428571429,1030.66666666667,2650,6350,5,5,5,"{5,5}"
2017-03-26,AUFRE,Fremantle,AUMEL,Melbourne,2,2,"ANL; CMA CGM; COSCO; Hapag-Lloyd; MOL; OOCL; PIL",7,17,10288.1923076923,844.423076923077,4250,5782,5,5,5,"{5,5}"
2017-03-26,AUFRE,Fremantle,AUSYD,Sydney,1,1,"ANL; APL; CMA CGM; COSCO; NYK; TS Lines",6,5,5253.4,496.4,5060,5506,7,7,7,{7}
2017-03-26,AUFRE,Fremantle,MYTPP,"Tanjung Pelepas",1,1,"Alianca; APL; Hamburg Sud; Hapag-Lloyd; Hyundai; Maersk Line; MCC; MSC; Safmarine",9,12,5523.5,530.666666666667,4545,6350,6,6,6,{6}
2017-03-26,AUFRE,Fremantle,SGSIN,Singapore,4,4,"ANL; APL; CMA CGM; COSCO; DAL-Deutsche Afrika Linien; K Line; MOL; MSC; NYK; OOCL; PIL; TS Lines; Yang Ming",13,24,17619.6833333333,1588.56666666667,1708,7455,6,6.5,7,"{6,7,7,6}"
2017-03-26,AUMEL,Melbourne,AUADL,Adelaide,6,6,"Alianca; ANL; APL; CMA CGM; COSCO; DAL-Deutsche Afrika Linien; Hamburg Sud; Hapag-Lloyd; Hyundai; K Line; Maersk Line; MCC; MOL; MSC; NYK; OOCL; PIL; Safmarine; TS Lines; UASC",20,42,31263.1833333333,3195.73333333333,2496,7455,1,1,2,"{1,1,2,1,1,2}"
2017-03-26,AUMEL,Melbourne,AUBEL,"Bell Bay, TAS",1,1,MSC,1,3,1116.66666666667,220,1114,1118,1,1,1,{1}
2017-03-26,AUMEL,Melbourne,AUBNE,Brisbane,3,3,"ANL; APL; COSCO; Evergreen Line; K Line; MOL; OOCL; PIL; Sinotrans; TS Lines; Yang Ming",11,16,15667.6666666667,1723.2,4211,5888,3,4,5,"{3,5,4}"
2017-03-26,AUMEL,Melbourne,AUFRE,Fremantle,1,1,"COSCO; K Line; MOL; OOCL; PIL; Yang Ming",6,5,4549.2,386,4250,5087,5,5,5,{5}
2017-03-26,AUMEL,Melbourne,AUSYD,Sydney,9,9,"Alianca; ANL; APL; CMA CGM; COSCO; Evergreen Line; Hamburg Sud; Hapag-Lloyd; Hyundai; K Line; Maersk Line; MCC; MOL; MSC; NPL-Neptune Pacific Line; OOCL; PDL-Pacific Direct Line; PIL; Safmarine; Sofrana ANL; Swire Shipping; Yang Ming",22,60,35521.4875457875,3844.03736263736,734,6350,1,2,3,"{3,2,2,1,2,1,3,2,3}"
2017-03-26,AUMEL,Melbourne,NZAKL,Auckland,1,1,"ANL; CMA CGM",2,3,1740,298.666666666667,1740,1740,5,5,5,{5}
2017-03-26,AUMEL,Melbourne,NZPOE,"Port Chalmers",1,1,"Alianca; CMA CGM; Hamburg Sud; Hapag-Lloyd; Maersk Line; MSC; SeaLand",7,10,3510.4,741.1,3000,4250,4,4,4,{4}
2017-03-26,AUMEL,Melbourne,NZTRG,Tauranga,2,2,"ANL; CMA CGM; Maersk Line; Marfret",4,10,6962.85714285714,1407.61904761905,1118,3100,5,5.5,6,"{6,5}"
2017-03-26,AUSYD,Sydney,AUADL,Adelaide,1,1,"ANL; CMA CGM; Hapag-Lloyd",3,13,5661.69230769231,461.923076923077,5250,5782,3,3,3,{3}
2017-03-26,AUSYD,Sydney,AUBEL,"Bell Bay, TAS",1,1,"Maersk Line",1,3,1242,245.333333333333,1118,1304,2,2,2,{2}
2017-03-26,AUSYD,Sydney,AUBNE,Brisbane,7,7,"Alianca; ANL; APL; COSCO; Evergreen Line; Hamburg Sud; Hapag-Lloyd; Hyundai; K Line; Maersk Line; MCC; MOL; MSC; NPL-Neptune Pacific Line; OOCL; PDL-Pacific Direct Line; Safmarine; Sofrana ANL; Swire Shipping; Yang Ming",20,36,24111.0333333333,2605.82857142857,734,6350,1,2,3,"{3,1,3,3,1,1,2}"
2017-03-26,AUSYD,Sydney,AUMEL,Melbourne,12,12,"Alianca; ANL; APL; CMA CGM; COSCO; DAL-Deutsche Afrika Linien; Evergreen Line; Hamburg Sud; Hapag-Lloyd; Hyundai; K Line; Maersk Line; Marfret; MCC; MOL; MSC; NYK; OOCL; PIL; Safmarine; SeaLand; Sinotrans; TS Lines; UASC; Yang Ming",25,79,57824.8071428571,7124.48571428571,1740,7455,1,2,3,"{2,3,2,2,2,2,2,2,1,3,2,2}"
2017-03-26,AUSYD,Sydney,NZBLU,Bluff,1,1,MSC,1,7,3175.71428571429,500,2650,3534,5,5,5,{5}
2017-03-26,AUSYD,Sydney,NZNSN,Nelson,1,1,"Hapag-Lloyd; Maersk Line",2,6,2913.83333333333,493,2824,3003,4,4,4,{4}
2017-03-26,AUSYD,Sydney,NZTRG,Tauranga,1,1,"Alianca; ANL; CMA CGM; Hamburg Sud; Hapag-Lloyd; MSC; PDL-Pacific Direct Line; PIL",8,7,3689.71428571429,496.285714285714,3534,3884,3,3,3,{3}
2017-03-26,AUTSV,Townsville,PGPOM,"Port Moresby",1,1,"Maersk Line; PDL-Pacific Direct Line; Sofrana ANL",3,1,4340.57142857143,514.285714285714,844,844,3,3,3,{3}
2017-03-26,AUTSV,Townsville,TWKHH,Kaohsiung,1,1,MELL,1,3,3660,500,1800,1890,12,12,12,{12}
2017-03-26,AWBAR,Barcadera,CWWIL,Willemstad,2,2,"Alianca; ANL; CMA CGM; Crowley; Hamburg Sud; King Ocean",6,7,3082.5,641.75,1221,1795,1,1,1,"{1,1}"
2017-03-26,AWBAR,Barcadera,JMKIN,Kingston,1,1,"Caribbean Feeder; Evergreen Line; Hapag-Lloyd; ZIM",4,2,1089.5,226,1061,1118,2,2,2,{2}
2017-03-26,AWBAR,Barcadera,VEMAR,Maracaibo,1,1,"King Ocean",1,1,672,116,672,672,1,1,1,{1}
2017-03-26,BBBGI,Bridgetown,GPSBH,"St Barthelemy",1,1,"Tropical Shipping",1,2,850,187,850,850,0,0,0,{0}
2017-03-26,BBBGI,Bridgetown,JMKIN,Kingston,1,1,"Caribbean Feeder; Hapag-Lloyd; ZIM",3,3,699.333333333333,120,698,702,4,4,4,{4}
2017-03-26,BBBGI,Bridgetown,LCSLU,"Castries, St Lucia",1,1,"APL; CMA CGM",2,2,1116,220,1114,1118,0,0,0,{0}
2017-03-26,BBBGI,Bridgetown,TTPOS,"Port of Spain",1,1,"King Ocean",1,4,1028.75,231,957,1118,1,1,1,{1}
2017-03-26,BBBGI,Bridgetown,TTPTS,"Point Lisas",2,2,"King Ocean; Seaboard Marine",2,3,1700,364,584,1118,1,1,1,"{1,1}"
2017-03-26,BBBGI,Bridgetown,VISTT,"St Thomas VI",1,1,"Crowley; ZIM",2,3,1296,390,1296,1296,2,2,2,{2}
2017-03-26,BDCGP,Chittagong,BDMGL,Mongla,2,2,"Advance Container Lines; MCC; PIL",3,2,5980.57142857143,1157.14285714286,1080,1756,1,1,1,"{1,1}"
2017-03-26,BDCGP,Chittagong,MYPEN,Penang,2,2,"ANL; CMA CGM; COSCO; PIL; X-Press",5,6,3231.5,175,1398,1730,4,6,8,"{4,8}"
2017-03-26,BDCGP,Chittagong,MYPKG,"Port Klang",1,1,"ANL; CMA CGM; X-Press",3,2,2051,400,1900,2202,4,4,4,{4}
2017-03-26,BDCGP,Chittagong,MYTPP,"Tanjung Pelepas",1,1,"MCC; OOCL",2,5,2458.8,380,2190,2754,9,9,9,{9}
2017-03-26,BDCGP,Chittagong,SGSIN,Singapore,8,8,"Advance Container Lines; APL; COSCO; Gold Star Line; Hapag-Lloyd; K Line; MOL; NYK; OOCL; PIL; Samudera; SOL; Wan Hai; X-Press; Yang Ming",15,13,19360.5,2890,1577,2202,1,4,5,"{5,4,4,4,1,4,4,5}"
2017-03-26,BDMGL,Mongla,MYTPP,"Tanjung Pelepas",1,1,MCC,1,1,3512,700,1756,1756,6,6,6,{6}
2017-03-26,BDMGL,Mongla,SGSIN,Singapore,1,1,"Advance Container Lines; PIL",2,1,2468.57142857143,457.142857142857,1080,1080,6,6,6,{6}
2017-03-26,BEANR,Antwerp,CAMTR,Montreal,1,1,"CMA CGM; Maersk Line",2,4,2951.5,387.5,2902,3100,10,10,10,{10}
2017-03-26,BEANR,Antwerp,CNSHA,Shanghai,1,1,"APL; CMA CGM; COSCO; Evergreen Line; OOCL",5,11,13175.4545454545,952.363636363636,9580,14074,29,29,29,{29}
2017-03-26,BEANR,Antwerp,COCTG,Cartagena,1,1,"Maersk Line; Seago Line; SeaLand",3,8,2502.25,537.5,2226,2592,12,12,12,{12}
2017-03-26,BEANR,Antwerp,CYLMS,Limassol,1,1,"Alianca; Borchard Lines Ltd; Hamburg Sud; Hapag-Lloyd; Maersk Line; Safmarine; Seago Line; ZIM",8,5,4504,560,4504,4504,7,7,7,{7}
2017-03-26,BEANR,Antwerp,DEBRV,Bremerhaven,8,8,"ACL-Atlantic Container Line; Hapag-Lloyd; Maersk Line; MOL; MSC; NYK; OOCL; Safmarine; Seago Line; Yang Ming",10,36,32990.5916666667,4572.2,1438,10100,1,2,3,"{3,2,1,2,2,1,3,1}"
2017-03-26,BEANR,Antwerp,DEHAM,Hamburg,5,5,"Alianca; APL; Arkas Line; CMA CGM; COSCO; Evergreen Line; Hamburg Sud; Hapag-Lloyd; Maersk Line; OOCL; Seago Line; UASC",12,30,28913.0681818182,2844.54545454545,1740,14354,1,1,2,"{1,1,1,1,2}"
2017-03-26,BEANR,Antwerp,DKFRC,Fredericia,1,1,MSC,1,1,1438,60,1438,1438,2,2,2,{2}
2017-03-26,BEANR,Antwerp,ESALG,Algeciras,2,2,"Alianca; COSCO; Hamburg Sud; Hyundai; Maersk Line; MCC; MSC; Safmarine; Seago Line",9,24,19955.875,2231.25,7450,15550,4,4.5,5,"{4,5}"
2017-03-26,BEANR,Antwerp,ESBIO,Bilbao,1,1,"MSC; WEC Lines",2,1,1083,220,1083,1083,2,2,2,{2}
2017-03-26,BEANR,Antwerp,ESCAD,Cadiz,1,1,"MSC; WEC Lines",2,3,1926.33333333333,366.666666666667,1835,2109,7,7,7,{7}
2017-03-26,BEANR,Antwerp,ESLPA,"Las Palmas, Can Is",1,1,"Hapag-Lloyd; MSC; Stinnes",3,8,8446.125,768.75,7455,9200,6,6,6,{6}
2017-03-26,BEANR,Antwerp,ESVGO,Vigo,1,1,"MSC; WEC Lines",2,3,868,206,868,868,2,2,2,{2}
2017-03-26,BEANR,Antwerp,FIKOK,Kokkola,1,1,X-Press,1,2,689.5,115,681,698,6,6,6,{6}
2017-03-26,BEANR,Antwerp,FRLEH,"Le Havre",14,14,"ACL-Atlantic Container Line; Alianca; ANL; APL; CMA CGM; COSCO; DAL-Deutsche Afrika Linien; Evergreen Line; Hamburg Sud; Hapag-Lloyd; Hyundai; Maersk Line; Marfret; MCC; MOL; MSC; NileDutch; NYK; OOCL; OPDR; Safmarine; SCI-Shipping Corp. of India; Seago Line; UASC; WEC Lines; Yang Ming; ZIM",27,113,89027.3075757576,8909.25252525253,868,15550,0,1,2,"{1,1,1,1,1,1,0,1,1,1,1,0,2,1}"
2017-03-26,BEANR,Antwerp,GBBEL,Belfast,1,1,"BG Freight Line; Eucon; Hapag-Lloyd",3,1,750,190,750,750,2,2,2,{2}
2017-03-26,BEANR,Antwerp,GBFXT,Felixstowe,3,3,"Alianca; APL; CMA CGM; COSCO; Hamburg Sud; Hyundai; Maersk Line; MSC; Safmarine; Seago Line; SeaLand; UASC",12,21,18842.8452380952,1710.85119047619,3005,9200,0,1,1,"{1,1,0}"
2017-03-26,BEANR,Antwerp,GBLGP,"London Gateway",5,5,"ACL-Atlantic Container Line; Alianca; CMA CGM; COSCO; Hamburg Sud; Hapag-Lloyd; K Line; MOL; NYK; UASC; Yang Ming",11,37,37997.3194444444,3440.91666666667,2506,14100,0,1,1,"{1,1,0,1,1}"
2017-03-26,BEANR,Antwerp,GBLIV,Liverpool,1,1,ICL,1,4,2465.5,478.5,1970,2800,2,2,2,{2}
2017-03-26,BEANR,Antwerp,GBSOU,Southampton,1,1,"Hapag-Lloyd; K Line; MOL; NYK; Yang Ming",5,11,14054.8181818182,1000,13100,14993,1,1,1,{1}
2017-03-26,BEANR,Antwerp,GBTEE,Teesport,1,1,MSC,1,1,1700,200,1700,1700,2,2,2,{2}
2017-03-26,BEANR,Antwerp,GRPIR,Piraeus,1,1,"Hapag-Lloyd; MSC",2,4,4912.75,459.25,4158,6552,9,9,9,{9}
2017-03-26,BEANR,Antwerp,IEDUB,Dublin,2,2,"BG Freight Line; Eucon; Hapag-Lloyd; MSC",4,2,2630,472,972,1658,2,2,2,"{2,2}"
2017-03-26,BEANR,Antwerp,ITGOA,Genoa,1,1,HDASCO,1,3,4602,650,2478,2478,6,6,6,{6}
2017-03-26,BEANR,Antwerp,MACAS,Casablanca,1,1,"Maersk Line; Safmarine; Seago Line",3,3,933.666666666667,222.666666666667,868,1008,6,6,6,{6}
2017-03-26,BEANR,Antwerp,MTMAR,"Malta (Marsaxlokk)",1,1,"Alianca; ANL; Borchard Lines Ltd; CMA CGM; Hamburg Sud; Maersk Line; Seago Line; Turkon",8,5,6557.6,540,6456,6612,6,6,6,{6}
2017-03-26,BEANR,Antwerp,NLRTM,Rotterdam,10,10,"Alianca; ANL; APL; BG Freight Line; CMA CGM; COSCO; Eucon; Evergreen Line; FESCO; Hamburg Sud; Hapag-Lloyd; Hyundai; Maersk Line; MCC; MSC; OOCL; Safmarine; Seago Line; WEC Lines; ZIM",20,55,68238.5155844156,4837.68658008658,803,19272,0,1,1,"{1,1,0,1,1,0,1,1,1,1}"
2017-03-26,BEANR,Antwerp,NLVLI,Flushing,1,1,"CMA CGM; COSCO; NileDutch; OPDR; UASC",5,6,3592.5,499.833333333333,3421,3650,0,0,0,{0}
2017-03-26,BEANR,Antwerp,NOLAR,"Larvik ",1,1,MSC,1,1,1304,258,1304,1304,3,3,3,{3}
2017-03-26,BEANR,Antwerp,PTSIE,Sines,2,2,"Hapag-Lloyd; Maersk Line; MSC; Safmarine; SeaLand; WEC Lines",6,14,14423.4,614.3,4392,9400,3,3.5,4,"{4,3}"
2017-03-26,BEANR,Antwerp,RULED,"St Petersburg",1,1,"Evergreen Line; OOCL; Team Lines; Unifeeder; X-Press",5,3,1482,303.666666666667,1404,1638,4,4,4,{4}
2017-03-26,BEANR,Antwerp,SENRK,Norrköping,1,1,MSC,1,2,1309,225,1216,1402,3,3,3,{3}
2017-03-26,BEANR,Antwerp,TRGEB,"Istanbul (Gebze)",1,1,MSC,1,3,4662,470,4395,5042,7,7,7,{7}
2017-03-26,BEZEE,Zeebrugge,FRLEH,"Le Havre",1,1,"APL; CMA CGM; COSCO; Evergreen Line; FESCO; OOCL; OPDR",7,12,15220.0833333333,983.333333333333,13880,17859,1,1,1,{1}
2017-03-26,BEZEE,Zeebrugge,GBTIL,Tilbury,1,1,Seatrade,1,8,3397.32142857143,785.714285714286,2268,2602,2,2,2,{2}
2017-03-26,BHKBS,"Khalifa Bin Salman Port",AEKLF,"Khor Fakkan",1,1,"ANL; CMA CGM; UASC; Unimed Feeder Services-UFS",4,4,3802,355,3802,3802,3,3,3,{3}
2017-03-26,BHKBS,"Khalifa Bin Salman Port",KWKWI,Kuwait,1,1,"ANL; CMA CGM; UASC; Unimed Feeder Services-UFS",4,4,3802,355,3802,3802,1,1,1,{1}
2017-03-26,BJCOO,Cotonou,CIABJ,Abidjan,1,1,"ANL; CMA CGM; Maersk Line; MCC; Safmarine",5,12,4317.41666666667,353,4253,4395,1,1,1,{1}
2017-03-26,BJCOO,Cotonou,GHTEM,Tema,1,1,"ANL; CMA CGM; PIL",3,10,3148.3,404.1,1697,4308,0,0,0,{0}
2017-03-26,BJCOO,Cotonou,NGAPP,Apapa,3,3,"CMA CGM; DAL-Deutsche Afrika Linien; Maersk Line; Safmarine; UAFL-United Africa Feeder Line; UASC",6,19,8579.8,1237.1,2474,4644,1,2,2,"{2,1,2}"
2017-03-26,BJCOO,Cotonou,SNDKR,Dakar,1,1,"Maersk Line; Safmarine",2,4,4352.5,420,4268,4382,6,6,6,{6}
2017-03-26,BJCOO,Cotonou,TGLFW,Lome,1,1,PIL,1,12,3566.75,,3889,3900,0,0,0,{0}
2017-03-26,BNMUA,"Muara Port",HKHKG,"Hong Kong",1,1,"Evergreen Line",1,2,1391,228,1164,1618,3,3,3,{3}
2017-03-26,BQKRA,Bonaire,VELAG,"La Guaira",1,1,"Alianca; Crowley; Hamburg Sud; King Ocean",4,3,1768,296,1714,1795,1,1,1,{1}
2017-03-26,BRFOR,Fortaleza,BRNAT,Natal,1,1,"ANL; CMA CGM; Marfret; OPDR",4,6,1999.16666666667,163.333333333333,1678,2339,1,1,1,{1}
2017-03-26,BRIOA,"Porto Itapoa",BRNVT,Navegantes,1,1,"Alianca; Hamburg Sud; Hapag-Lloyd; MSC; ZIM",5,7,5837.14285714286,1057.85714285714,5552,6750,0,0,0,{0}
2017-03-26,BRIOA,"Porto Itapoa",BRPNG,Paranagua,2,2,"Alianca; CMA CGM; Hamburg Sud; Hapag-Lloyd; Maersk Line; MSC; Safmarine; UASC",8,14,18337.5,2400,6881,9669,0,1,2,"{2,0}"
2017-03-26,BRIOA,"Porto Itapoa",BRRIO,"Rio de Janeiro",1,1,"Alianca; Hamburg Sud; Hapag-Lloyd",3,8,3485.125,493.875,3405,3600,2,2,2,{2}
2017-03-26,BRIOA,"Porto Itapoa",BRSSZ,Santos,3,3,"Alianca; ANL; CMA CGM; COSCO; Hamburg Sud; Hapag-Lloyd; Hyundai; Maersk Line; MSC; Niver Lines; NYK; Safmarine; UASC; ZIM",14,28,20459.1675824176,2708.28296703297,4600,10500,2,2,2,"{2,2,2}"
2017-03-26,BRITJ,Itajai,ARBUE,"Buenos Aires",1,1,"Alianca; COSCO; Hamburg Sud; Maersk Line; MSC; Safmarine; Seago Line",7,8,7373,1456.25,7450,9034,3,3,3,{3}
2017-03-26,BRITJ,Itajai,BRPNG,Paranagua,1,1,"Maersk Line; MCC; MOL; MSC; Safmarine",5,12,8578.83333333333,831.75,7450,9962,1,1,1,{1}
2017-03-26,BRITJ,Itajai,BRSSZ,Santos,1,1,"Maersk Line; MSC; Safmarine",3,6,8668.5,800,6881,9403,1,1,1,{1}
2017-03-26,BRMAO,Manaus,BRVDC,"Vila do Conde (near Belem)",1,1,"MOL; MSC",2,4,2225,218.75,1118,2908,4,4,4,{4}
2017-03-26,BRMAO,Manaus,BRVIX,Vitoria,1,1,"Alianca; ANL; CMA CGM; Hamburg Sud; Maersk Line; Melfi Marine; MOL; SeaLand",8,7,2999.57142857143,348.857142857143,2690,3398,9,9,9,{9}
2017-03-26,BRNAT,Natal,ESALG,Algeciras,1,1,"ANL; CMA CGM; Marfret; OPDR",4,6,1999.16666666667,163.333333333333,1678,2339,8,8,8,{8}
2017-03-26,BRNVT,Navegantes,BRIOA,"Porto Itapoa",2,2,"Alianca; ANL; CMA CGM; COSCO; Hamburg Sud; Hapag-Lloyd; Hyundai; Maersk Line; MSC; Niver Lines; NYK; Safmarine; UASC; ZIM",14,21,14895.5961538462,1719.71153846154,5550,10500,1,1,1,"{1,1}"
2017-03-26,BRNVT,Navegantes,BRITJ,Itajai,2,2,"Maersk Line; MCC; MOL; MSC; Safmarine",5,18,17247.3333333333,1631.75,6881,9962,0,0.5,1,"{1,0}"
2017-03-26,BRNVT,Navegantes,BRPNG,Paranagua,4,4,"Alianca; ANL; CMA CGM; COSCO; Evergreen Line; Hamburg Sud; Hapag-Lloyd; Maersk Line; MCC; Melfi Marine; MOL; MSC; NileDutch; NYK; PIL; Safmarine; SeaLand; Yang Ming; ZIM",19,32,20433.7142857143,2903.04761904762,2690,9962,0,1,1,"{1,1,1,0}"
2017-03-26,BRNVT,Navegantes,BRSSZ,Santos,3,3,"Alianca; ANL; CMA CGM; Hamburg Sud; Hapag-Lloyd; Maersk Line; Melfi Marine; MSC; NYK; Safmarine; SeaLand; ZIM",12,23,17964.5178571429,1577.07142857143,4549,6750,2,2,3,"{3,2,2}"
2017-03-26,BRNVT,Navegantes,UYMVD,Montevideo,1,1,"Alianca; CMA CGM; COSCO; Evergreen Line; Hamburg Sud; Hapag-Lloyd; Maersk Line; MCC; NYK; PIL; Safmarine; Yang Ming",12,12,8183,989.833333333333,8004,9962,3,3,3,{3}
2017-03-26,BRPEC,"Pecem (near Fortaleza)",USNYC,"New York NY/NJ",1,1,"Alianca; Hamburg Sud; Hapag-Lloyd",3,7,5563.57142857143,988.571428571429,4600,6612,8,8,8,{8}
2017-03-26,BRPNG,Paranagua,ARBUE,"Buenos Aires",3,3,"Alianca; ANL; CMA CGM; COSCO; Hamburg Sud; Hapag-Lloyd; Hyundai; Maersk Line; MCC; MOL; MSC; NYK; Safmarine; UASC; ZIM",15,33,27504.6794871795,3360.21153846154,7450,10500,3,3,3,"{3,3,3}"
2017-03-26,BRPNG,Paranagua,BRITJ,Itajai,1,1,"Alianca; COSCO; Hamburg Sud; Maersk Line; MSC; Safmarine; Seago Line",7,8,7373,1456.25,7450,9034,1,1,1,{1}
2017-03-26,BRPNG,Paranagua,BRNVT,Navegantes,3,3,"Alianca; ANL; CMA CGM; COSCO; Evergreen Line; Hamburg Sud; Hapag-Lloyd; Maersk Line; MCC; MSC; NYK; PIL; Safmarine; Yang Ming",14,25,22685.6428571429,2320.40476190476,5551,9962,1,1,1,"{1,1,1}"
2017-03-26,BRPNG,Paranagua,BRSSZ,Santos,6,6,"Alianca; ANL; CMA CGM; COSCO; Evergreen Line; Hamburg Sud; Hapag-Lloyd; Maersk Line; MCC; Melfi Marine; MOL; MSC; NileDutch; NYK; PIL; Safmarine; SeaLand; UASC; Yang Ming; ZIM",20,52,38681.5476190476,5334.79761904762,2690,9962,1,2,3,"{2,2,1,2,3,2}"
2017-03-26,BRRIG,"Rio Grande",BRIOA,"Porto Itapoa",2,2,"Alianca; CMA CGM; Hamburg Sud; Hapag-Lloyd; Maersk Line; MSC; Safmarine; UASC",8,15,15232.5714285714,2588.57142857143,4600,9669,1,1,1,"{1,1}"
2017-03-26,BRRIG,"Rio Grande",BRNVT,Navegantes,6,6,"Alianca; ANL; CMA CGM; COSCO; Evergreen Line; Hamburg Sud; Hapag-Lloyd; Hyundai; Maersk Line; MCC; Melfi Marine; MOL; MSC; Niver Lines; NYK; PIL; Safmarine; SeaLand; UASC; Yang Ming; ZIM",21,61,43787.8044871795,4587.79487179487,4549,10500,1,1.5,2,"{1,2,1,1,2,2}"
2017-03-26,BRRIG,"Rio Grande",BRSSZ,Santos,1,1,"Alianca; COSCO; Hamburg Sud; Maersk Line; MSC; Safmarine; Seago Line",7,8,7373,1456.25,7450,9034,3,3,3,{3}
2017-03-26,BRRIG,"Rio Grande",CLSAI,"San Antonio",1,1,"Alianca; Hamburg Sud; Hapag-Lloyd",3,8,3485.125,493.875,3405,3600,10,10,10,{10}
2017-03-26,BRRIO,"Rio de Janeiro",BRSSA,Salvador,4,4,"Alianca; ANL; CMA CGM; Hamburg Sud; Hapag-Lloyd; Maersk Line; Melfi Marine; MOL; MSC; Safmarine; SeaLand; ZIM",12,28,20234.4285714286,2925.85714285714,2690,6750,3,3,4,"{4,3,3,3}"
2017-03-26,BRRIO,"Rio de Janeiro",BRSSZ,Santos,3,3,"Alianca; ANL; CMA CGM; Hamburg Sud; Hapag-Lloyd; Maersk Line; MSC; Niver Lines; Safmarine; UASC; ZIM",11,23,14958.0178571429,1815.69642857143,3405,6402,1,2,2,"{1,2,2}"
2017-03-26,BRRIO,"Rio de Janeiro",BRSUA,Suape,1,1,"Alianca; ANL; CMA CGM; Hamburg Sud; Hapag-Lloyd; Maersk Line; MSC; Niver Lines; Safmarine; UASC; ZIM",11,8,5638.75,791.25,5550,5905,3,3,3,{3}
2017-03-26,BRRIO,"Rio de Janeiro",ZADUR,Durban,1,1,"Alianca; CMA CGM; Hamburg Sud; Hapag-Lloyd; Maersk Line; NileDutch; Safmarine",7,6,3414,506.5,3091,3820,9,9,9,{9}
2017-03-26,BRSPB,Sepetiba,BRSSZ,Santos,2,2,"Alianca; ANL; CMA CGM; COSCO; Evergreen Line; Hamburg Sud; Hapag-Lloyd; Hyundai; Maersk Line; MCC; NYK; PIL; Safmarine; UASC; Yang Ming; ZIM",16,25,17439.8461538462,1918.29487179487,8004,10500,1,1,1,"{1,1}"
2017-03-26,BRSPB,Sepetiba,COCTG,Cartagena,1,1,"Alianca; Hamburg Sud; Hapag-Lloyd; Maersk Line; Melfi Marine; MSC; NYK; SeaLand; ZIM",9,8,5803.5,539,5527,6750,12,12,12,{12}
2017-03-26,BRSPB,Sepetiba,MYPKG,"Port Klang",1,1,"Alianca; ANL; CMA CGM; COSCO; Hamburg Sud; Hapag-Lloyd; Hyundai; NYK; UASC; ZIM",10,13,9256.84615384615,928.461538461538,8386,10500,24,24,24,{24}
2017-03-26,BRSSA,Salvador,BEANR,Antwerp,1,1,"Alianca; ANL; CMA CGM; Hamburg Sud; Hapag-Lloyd; Maersk Line; MSC; Safmarine",8,7,5834.14285714286,530.571428571429,5551,6402,14,14,14,{14}
2017-03-26,BRSSA,Salvador,BRIOA,"Porto Itapoa",1,1,"Maersk Line; MSC; Safmarine",3,6,8668.5,800,6881,9403,4,4,4,{4}
2017-03-26,BRSSA,Salvador,BRPEC,"Pecem (near Fortaleza)",1,1,"Alianca; Hamburg Sud; Hapag-Lloyd",3,7,5563.57142857143,988.571428571429,4600,6612,3,3,3,{3}
2017-03-26,BRSSA,Salvador,BRSUA,Suape,1,1,"MSC; ZIM",2,8,6326.875,507.5,4549,6750,2,2,2,{2}
2017-03-26,BRSSA,Salvador,BRVDC,"Vila do Conde (near Belem)",1,1,"Alianca; ANL; CMA CGM; Hamburg Sud; Maersk Line; Melfi Marine; MOL; SeaLand",8,7,2999.57142857143,348.857142857143,2690,3398,5,5,5,{5}
2017-03-26,BRSSA,Salvador,COCTG,Cartagena,1,1,"Alianca; Hamburg Sud; Hapag-Lloyd; MSC; ZIM",5,7,5837.14285714286,1057.85714285714,5552,6750,8,8,8,{8}
2017-03-26,BRSSZ,Santos,ARBUE,"Buenos Aires",4,4,"Alianca; ANL; CMA CGM; Hamburg Sud; Hapag-Lloyd; Maersk Line; Melfi Marine; MSC; Niver Lines; NYK; Safmarine; SeaLand; UASC; ZIM",14,31,23332.6964285714,2826.32142857143,4549,6750,3,3,4,"{3,3,3,4}"
2017-03-26,BRSSZ,Santos,BRIOA,"Porto Itapoa",1,1,"Alianca; Hamburg Sud; Hapag-Lloyd; MSC; ZIM",5,7,5837.14285714286,1057.85714285714,5552,6750,2,2,2,{2}
2017-03-26,BRSSZ,Santos,BRPNG,Paranagua,6,6,"Alianca; ANL; CMA CGM; COSCO; Evergreen Line; Hamburg Sud; Hapag-Lloyd; Hyundai; Maersk Line; MCC; MOL; MSC; NYK; PIL; Safmarine; Seago Line; UASC; Yang Ming; ZIM",19,60,48894.8223443223,6336.8663003663,5551,10500,1,2,2,"{2,2,1,2,2,2}"
2017-03-26,BRSSZ,Santos,BRRIG,"Rio Grande",1,1,"Alianca; Hamburg Sud; Hapag-Lloyd",3,8,3485.125,493.875,3405,3600,3,3,3,{3}
2017-03-26,BRSSZ,Santos,BRRIO,"Rio de Janeiro",6,6,"Alianca; ANL; CMA CGM; Hamburg Sud; Hapag-Lloyd; Maersk Line; Melfi Marine; MOL; MSC; NileDutch; Niver Lines; Safmarine; SeaLand; UASC; ZIM",15,42,29287.1785714286,4223.60714285714,2690,6750,1,1.5,2,"{2,1,2,1,1,2}"
2017-03-26,BRSSZ,Santos,BRSPB,Sepetiba,2,2,"Alianca; ANL; CMA CGM; COSCO; Hamburg Sud; Hapag-Lloyd; Hyundai; Maersk Line; Melfi Marine; MSC; NYK; SeaLand; UASC; ZIM",14,21,15060.3461538462,1467.46153846154,5527,10500,1,1,1,"{1,1}"
2017-03-26,BRSSZ,Santos,BRSSA,Salvador,1,1,"MSC; ZIM",2,8,6326.875,507.5,4549,6750,3,3,3,{3}
2017-03-26,BRSSZ,Santos,ESALG,Algeciras,1,1,"Alianca; COSCO; Hamburg Sud; Maersk Line; MSC; Safmarine; Seago Line",7,8,7373,1456.25,7450,9034,14,14,14,{14}
2017-03-26,BRSSZ,Santos,ESLPA,"Las Palmas, Can Is",1,1,"Maersk Line; MSC; Safmarine",3,6,8668.5,800,6881,9403,10,10,10,{10}
2017-03-26,BRSSZ,Santos,MAPTM,Tanger,1,1,"Alianca; CMA CGM; Hamburg Sud; Hapag-Lloyd; Maersk Line; MSC; Safmarine; UASC",8,8,9669,1600,9669,9669,12,12,12,{12}
2017-03-26,BRSSZ,Santos,SGSIN,Singapore,1,1,"Alianca; CMA CGM; COSCO; Evergreen Line; Hamburg Sud; Hapag-Lloyd; Maersk Line; MCC; NYK; PIL; Safmarine; Yang Ming",12,12,8183,989.833333333333,8004,9962,25,25,25,{25}
2017-03-26,BRSSZ,Santos,ZAZBA,"Ngqura (Coega)",1,1,"Maersk Line; MCC; MOL; MSC; Safmarine",5,12,8578.83333333333,831.75,7450,9962,11,11,11,{11}
2017-03-26,BRSUA,Suape,BRRIO,"Rio de Janeiro",1,1,"Alianca; ANL; CMA CGM; Hamburg Sud; Hapag-Lloyd; Maersk Line; MSC; Niver Lines; Safmarine; UASC; ZIM",11,8,5638.75,791.25,5550,5905,4,4,4,{4}
2017-03-26,BRSUA,Suape,BRSSZ,Santos,2,2,"Alianca; Hamburg Sud; Hapag-Lloyd; Maersk Line; Melfi Marine; MSC; NYK; SeaLand; ZIM",9,15,11640.6428571429,1596.85714285714,5527,6750,3,4,5,"{5,3}"
2017-03-26,BRSUA,Suape,MAPTM,Tanger,1,1,"Alianca; ANL; CMA CGM; Hamburg Sud; Hapag-Lloyd; Maersk Line; MSC; Niver Lines; Safmarine; UASC; ZIM",11,8,5638.75,791.25,5550,5905,8,8,8,{8}
2017-03-26,BRSUA,Suape,PACTB,Cristobal,1,1,"MSC; ZIM",2,8,6326.875,507.5,4549,6750,7,7,7,{7}
2017-03-26,BRVDC,"Vila do Conde (near Belem)",BRFOR,Fortaleza,1,1,"ANL; CMA CGM; Marfret; OPDR",4,6,1999.16666666667,163.333333333333,1678,2339,2,2,2,{2}
2017-03-26,BRVDC,"Vila do Conde (near Belem)",JMKIN,Kingston,1,1,"Alianca; ANL; CMA CGM; Hamburg Sud; Maersk Line; Melfi Marine; MOL; SeaLand",8,7,2999.57142857143,348.857142857143,2690,3398,7,7,7,{7}
2017-03-26,BRVDC,"Vila do Conde (near Belem)",PAMIT,Manzanillo,1,1,"MOL; MSC",2,4,2225,218.75,1118,2908,7,7,7,{7}
2017-03-26,BRVIX,Vitoria,BRNVT,Navegantes,1,1,"Alianca; ANL; CMA CGM; Hamburg Sud; Maersk Line; Melfi Marine; MOL; SeaLand",8,7,2999.57142857143,348.857142857143,2690,3398,4,4,4,{4}
2017-03-26,BSFPO,Freeport,COCTG,Cartagena,1,1,"Hapag-Lloyd; Maersk Line; MSC; Safmarine; SeaLand",5,10,9099.9,219.3,8772,9400,3,3,3,{3}
2017-03-26,BSFPO,Freeport,HNPCR,"Puerto Cortes",1,1,"Great White Fleet; MSC",2,5,2545.6,496,2520,2572,3,3,3,{3}
2017-03-26,BSFPO,Freeport,MXVER,Veracruz,1,1,"Alianca; Hamburg Sud; Hyundai; Maersk Line; MSC; Safmarine; Seago Line; SeaLand",8,7,7352.42857142857,681.142857142857,6418,8034,2,2,2,{2}
2017-03-26,BSFPO,Freeport,PABLB,Balboa,2,2,"ACL-Atlantic Container Line; Hapag-Lloyd; Maersk Line; MCC; MSC",5,17,8850.7,1773.4,4112,5085,4,4.5,5,"{4,5}"
2017-03-26,BSFPO,Freeport,PTSIE,Sines,1,1,"Maersk Line; MSC; Safmarine; SeaLand",4,7,6178.71428571429,408.571428571429,4549,6750,9,9,9,{9}
2017-03-26,BSFPO,Freeport,SGSIN,Singapore,1,1,"Maersk Line; MCC; MSC; Safmarine",4,18,8412.27777777778,746.222222222222,8272,8650,29,29,29,{29}
2017-03-26,BSFPO,Freeport,USHOU,"Houston TX",1,1,MSC,1,5,3532.8,274,2680,4132,2,2,2,{2}
2017-03-26,BSFPO,Freeport,USJAX,"Jacksonville FL",1,1,MSC,1,1,1730,200,1730,1730,2,2,2,{2}
2017-03-26,BSFPO,Freeport,USORF,"Norfolk VA",1,1,MSC,1,10,8931.8,600,8034,9200,3,3,3,{3}
2017-03-26,BSFPO,Freeport,USPEF,"Port Everglades FL",1,1,"Maersk Line; MSC; Safmarine; SeaLand",4,7,6178.71428571429,408.571428571429,4549,6750,1,1,1,{1}
2017-03-26,BSFPO,Freeport,USPHL,"Philadelphia PA",2,2,"Hapag-Lloyd; Maersk Line; MSC; Safmarine; SeaLand",5,15,12632.7,493.3,2680,9400,2,3,4,"{4,2}"
2017-03-26,BSFPO,Freeport,USSAV,"Savannah GA",1,1,"Alianca; Hamburg Sud; Hyundai; Maersk Line; MSC; Safmarine; Seago Line; SeaLand",8,7,7352.42857142857,681.142857142857,6418,8034,3,3,3,{3}
2017-03-26,BSFPO,Freeport,ZAPLZ,"Port Elizabeth",1,1,"Maersk Line; MSC; Safmarine",3,8,2424,279.375,1798,3500,19,19,19,{19}
2017-03-26,BSNAS,Nassau,BSFPO,Freeport,1,1,MSC,1,1,1730,200,1730,1730,1,1,1,{1}
2017-03-26,BSNAS,Nassau,USPAB,"Palm Beach FL",3,1,"Tropical Shipping",1,3,1524,150,508,508,1,1,1,"{1,1,1}"
2017-03-26,BSNAS,Nassau,USPEF,"Port Everglades FL",3,1,MSC,1,3,1098,138,366,366,0,1,1,"{1,1,0}"
2017-03-26,BZBGK,"Big Creek",PAMIT,Manzanillo,1,1,"Maersk Line; Seago Line",2,6,2544.33333333333,600,2530,2556,3,3,3,{3}
2017-03-26,BZBZE,"Belize City",HNRTB,Roatan,1,1,"Crowley; Hyde Shipping Corp.; Seaboard Marine",3,2,352.5,20,340,365,0,0,0,{0}
2017-03-26,BZBZE,"Belize City",JMKIN,Kingston,1,1,"Caribbean Feeder; Hapag-Lloyd; ZIM",3,3,699.333333333333,120,698,702,2,2,2,{2}
2017-03-26,BZBZE,"Belize City",MXPMS,"Puerto Morelos",1,1,"Crowley; Hyde Shipping Corp.; Seaboard Marine",3,2,352.5,20,340,365,1,1,1,{1}
2017-03-26,CAHAL,Halifax,AEJEA,"Dubai, Jebel Ali",1,1,"Hapag-Lloyd; K Line; MOL; NYK; UASC; Yang Ming",6,11,6402.09090909091,595,5624,7179,21,21,21,{21}
2017-03-26,CAHAL,Halifax,CUMAR,Mariel,1,1,"Melfi Marine",1,3,2730.61904761905,570.428571428571,1678,1795,5,5,5,{5}
2017-03-26,CAHAL,Halifax,DEBRV,Bremerhaven,2,2,"ACL-Atlantic Container Line; CMA CGM; Hapag-Lloyd; K Line; Maersk Line; MOL; NYK; UASC; Yang Ming",9,8,7613.5,687.5,2902,4662,9,9,9,"{9,9}"
2017-03-26,CAHAL,Halifax,JMKIN,Kingston,1,1,"Alianca; Hamburg Sud; ZIM",3,11,4963,442.727272727273,4814,5117,5,5,5,{5}
2017-03-26,CAHAL,Halifax,USNYC,"New York NY/NJ",4,4,"APL; CMA CGM; COSCO; Evergreen Line; Hapag-Lloyd; K Line; MOL; NYK; OOCL; UASC; Yang Ming; ZIM",12,40,23868.1245225363,1782.88235294118,4250,9289,1,2,2,"{2,2,2,1}"
2017-03-26,CAHAL,Halifax,USPAB,"Palm Beach FL",1,1,"Tropical Shipping",1,2,1118,220,1118,1118,4,4,4,{4}
2017-03-26,CAHAL,Halifax,USPWM,"Portland, ME",1,1,"Eimskip; Royal Arctic Line",2,2,1007.14285714286,157.142857142857,698,712,1,1,1,{1}
2017-03-26,CAMTR,Montreal,BEANR,Antwerp,1,1,"Hapag-Lloyd; MSC; OOCL",3,4,3574,261.5,2808,4340,9,9,9,{9}
2017-03-26,CAMTR,Montreal,CAHAL,Halifax,1,1,"CMA CGM; Maersk Line",2,4,2951.5,387.5,2902,3100,3,3,3,{3}
2017-03-26,CAMTR,Montreal,CASJB,"Saint John, New Brunswick",1,1,MSC,1,5,3532.8,274,2680,4132,5,5,5,{5}
2017-03-26,CAMTR,Montreal,ESVLC,Valencia,1,1,"MSC; WEC Lines",2,4,4808.25,413,4056,5059,12,12,12,{12}
2017-03-26,CAMTR,Montreal,GBSOU,Southampton,1,1,"Hapag-Lloyd; OOCL",2,4,4312.25,400,4043,4402,10,10,10,{10}
2017-03-26,CAMTR,Montreal,ITGIT,"Gioia Tauro",1,1,MSC,1,4,4068.75,320.5,3424,4545,9,9,9,{9}
2017-03-26,CAMTR,Montreal,MAPTM,Tanger,1,1,Hapag-Lloyd,1,5,3225.2,272.2,2808,3832,9,9,9,{9}
2017-03-26,CANWP,Argentia,CAHAL,Halifax,1,1,"Eimskip; Royal Arctic Line",2,2,1007.14285714286,157.142857142857,698,712,2,2,2,{2}
2017-03-26,CANWP,Argentia,ISREY,Reykjavik,1,1,"Eimskip; Royal Arctic Line",2,2,1007.14285714286,157.142857142857,698,712,7,7,7,{7}
2017-03-26,CAPRR,"Prince Rupert BC",CAVAN,"Vancouver BC",2,2,"APL; CMA CGM; COSCO; Evergreen Line; Maersk Line; MCC; MSC; OOCL",8,22,13951.6458333333,1062.5,6478,8530,2,2.5,3,"{3,2}"
2017-03-26,CAPRR,"Prince Rupert BC",USLGB,"Long Beach CA",1,1,"APL; CMA CGM; COSCO; Evergreen Line; OOCL; PIL",6,6,11030.6666666667,500,10000,13092,4,4,4,{4}
2017-03-26,CASJB,"Saint John, New Brunswick",BSFPO,Freeport,1,1,MSC,1,5,3532.8,274,2680,4132,4,4,4,{4}
2017-03-26,CAVAN,"Vancouver BC",JPTYO,Tokyo,3,3,"APL; CMA CGM; COSCO; Evergreen Line; Hapag-Lloyd; K Line; MOL; NYK; OOCL; UASC; Yang Ming",11,19,18669.0476190476,1156.80952380952,5364,8749,11,13,13,"{11,13,13}"
2017-03-26,CAVAN,"Vancouver BC",JPYOK,Yokohama,2,2,"APL; CMA CGM; COSCO; Evergreen Line; OOCL; PIL",6,22,18044.9791666667,1079.16666666667,8468,9953,12,12,12,"{12,12}"
2017-03-26,CAVAN,"Vancouver BC",KRPUS,Busan,1,1,"Maersk Line; MCC; MSC",3,6,5456.33333333333,450,6478,6763,15,15,15,{15}
2017-03-26,CAVAN,"Vancouver BC",USOAK,"Oakland CA",2,2,"ACL-Atlantic Container Line; Alianca; CMA CGM; Hamburg Sud; Hapag-Lloyd; MOL; NYK; UASC; Yang Ming; ZIM",10,21,9476.07272727273,644.090909090909,4250,4922,2,3.5,5,"{2,5}"
2017-03-26,CAVAN,"Vancouver BC",USSEA,"Seattle WA",5,5,"Alianca; ANL; APL; CMA CGM; COSCO; Evergreen Line; Hamburg Sud; Hapag-Lloyd; K Line; Maersk Line; MCC; MOL; MSC; NYK; OOCL; Safmarine; Yang Ming",17,32,36128.9666666667,3096.56666666667,2496,13169,0,1,1,"{0,1,1,0,1}"
2017-03-26,CAVAN,"Vancouver BC",USTIW,"Tacoma WA",1,1,Westwood,1,3,4840.66666666667,957.333333333333,2169,2546,5,5,5,{5}
2017-03-26,CGPNR,"Pointe Noire",AOLAD,Luanda,2,2,"ANL; CMA CGM; COSCO; Maersk Line; NileDutch; PIL; Safmarine",7,20,11352.9583333333,1387.25,3400,10622,2,2,2,"{2,2}"
2017-03-26,CGPNR,"Pointe Noire",BJCOO,Cotonou,1,1,"DAL-Deutsche Afrika Linien; Maersk Line; Safmarine; UAFL-United Africa Feeder Line",4,10,4126,527.6,3426,4644,3,3,3,{3}
2017-03-26,CGPNR,"Pointe Noire",BRNVT,Navegantes,1,1,"Alianca; CMA CGM; Hamburg Sud; Hapag-Lloyd; Maersk Line; NileDutch; Safmarine",7,6,3414,506.5,3091,3820,14,14,14,{14}
2017-03-26,CGPNR,"Pointe Noire",LKCMB,Colombo,1,1,"ANL; CMA CGM; Maersk Line; MCC; Safmarine",5,12,4317.41666666667,353,4253,4395,17,17,17,{17}
2017-03-26,CGPNR,"Pointe Noire",NGONN,Onne,1,1,"Maersk Line; Safmarine",2,7,2024.14285714286,270,1835,2500,3,3,3,{3}
2017-03-26,CGPNR,"Pointe Noire",NGTIN,"Lagos, Tin Can",1,1,"ANL; CMA CGM; PIL",3,10,3148.3,404.1,1697,4308,2,2,2,{2}
2017-03-26,CIABJ,Abidjan,CGPNR,"Pointe Noire",1,1,"ANL; CMA CGM; Maersk Line; MCC; Safmarine",5,12,4317.41666666667,353,4253,4395,4,4,4,{4}
2017-03-26,CIABJ,Abidjan,CISPY,"San Pedro, Ivory Coast",1,1,MSC,1,6,2637.16666666667,138.333333333333,3005,3424,3,3,3,{3}
2017-03-26,CIABJ,Abidjan,ESALG,Algeciras,1,1,"ANL; CMA CGM; NileDutch",3,8,3571.625,706.25,3400,3739,9,9,9,{9}
2017-03-26,CIABJ,Abidjan,ITSPE,"La Spezia",1,1,"Arkas Line; CMA CGM; COSCO; Hapag-Lloyd; Messina; ZIM",6,6,2527.66666666667,435.333333333333,2452,2702,12,12,12,{12}
2017-03-26,CIABJ,Abidjan,LKCMB,Colombo,1,1,"COSCO; Gold Star Line; PIL; ZIM",4,12,3930.75,249.166666666667,3889,4506,22,22,22,{22}
2017-03-26,CIABJ,Abidjan,MAPTM,Tanger,2,2,"Arkas Line; Hapag-Lloyd; Maersk Line; Safmarine; UASC",5,10,4743.2,878,1740,3586,7,9.5,12,"{7,12}"
2017-03-26,CIABJ,Abidjan,NAWVB,"Walvis Bay",1,1,"ANL; CMA CGM; Maersk Line; MCC; Safmarine",5,12,4267.66666666667,340.5,4496,5466,7,7,7,{7}
2017-03-26,CIABJ,Abidjan,NGAPP,Apapa,1,1,"ANL; CMA CGM; Maersk Line; MCC; Safmarine",5,12,4317.41666666667,353,4253,4395,2,2,2,{2}
2017-03-26,CIABJ,Abidjan,NGTIN,"Lagos, Tin Can",1,1,"Arkas Line; CMA CGM; COSCO; Hapag-Lloyd; Messina; ZIM",6,6,2527.66666666667,435.333333333333,2452,2702,2,2,2,{2}
2017-03-26,CIABJ,Abidjan,SNDKR,Dakar,1,1,"CMA CGM; COSCO; NileDutch; OPDR; UASC",5,6,3592.5,499.833333333333,3421,3650,3,3,3,{3}
2017-03-26,CIABJ,Abidjan,TGLFW,Lome,1,1,"Maersk Line; Safmarine",2,5,1980.8,338,2474,2478,1,1,1,{1}
2017-03-26,CISPY,"San Pedro, Ivory Coast",CIABJ,Abidjan,1,1,"CMA CGM; COSCO; NileDutch; OPDR; UASC",5,6,3592.5,499.833333333333,3421,3650,1,1,1,{1}
2017-03-26,CISPY,"San Pedro, Ivory Coast",ESALG,Algeciras,1,1,"Maersk Line; Safmarine",2,7,2024.14285714286,270,1835,2500,10,10,10,{10}
2017-03-26,CISPY,"San Pedro, Ivory Coast",ESLPA,"Las Palmas, Can Is",1,1,MSC,1,6,2637.16666666667,138.333333333333,3005,3424,9,9,9,{9}
2017-03-26,CLANF,Antofagasta,CLSAI,"San Antonio",1,1,"Alianca; Hamburg Sud; Hapag-Lloyd",3,8,3485.125,493.875,3405,3600,2,2,2,{2}
2017-03-26,CLANF,Antofagasta,CLVAP,Valparaiso,1,1,"Alianca; ANL; CCNI; CMA CGM; COSCO; Hamburg Sud; Hapag-Lloyd; Hyundai; MSC",9,10,7116.6,1600,7090,7154,2,2,2,{2}
2017-03-26,CLANF,Antofagasta,PEILQ,Ilo,2,2,"Alianca; APL; CCNI; CMA CGM; Hamburg Sud; Hapag-Lloyd",6,14,6128.73333333333,1211.02222222222,1732,3091,1,1.5,2,"{1,2}"
2017-03-26,CLARI,Arica,CLANF,Antofagasta,1,1,"Alianca; Hamburg Sud; Hapag-Lloyd",3,8,3485.125,493.875,3405,3600,2,2,2,{2}
2017-03-26,CLARI,Arica,CLIQQ,Iquique,1,1,"Maersk Line; SeaLand",2,3,2469.33333333333,505.666666666667,2339,2545,1,1,1,{1}
2017-03-26,CLCNL,Coronel,CLLQN,Lirquen,1,1,"Alianca; ANL; CCNI; CMA CGM; COSCO; Hamburg Sud; Hapag-Lloyd; Hyundai; MSC",9,12,11786.9166666667,896.5,9289,13092,0,0,0,{0}
2017-03-26,CLCNL,Coronel,CLVAP,Valparaiso,1,1,"Hapag-Lloyd; Maersk Line; MSC; Safmarine; SeaLand",5,10,9099.9,219.3,8772,9400,1,1,1,{1}
2017-03-26,CLIQQ,Iquique,CLMJS,Mejillones,2,2,"Alianca; ANL; CCNI; CMA CGM; COSCO; Hamburg Sud; Hapag-Lloyd; Hyundai; MSC",9,15,10625,2264.8,1732,7154,0,0.5,1,"{1,0}"
2017-03-26,CLIQQ,Iquique,CLSAI,"San Antonio",1,1,"Maersk Line; SeaLand",2,3,2469.33333333333,505.666666666667,2339,2545,3,3,3,{3}
2017-03-26,CLIQQ,Iquique,CLVAP,Valparaiso,1,1,"APL; Hapag-Lloyd; K Line; MOL; NYK",5,11,5752.90909090909,514.545454545455,6200,6882,1,1,1,{1}
2017-03-26,CLLQN,Lirquen,CLMJS,Mejillones,1,1,"Alianca; ANL; CCNI; CMA CGM; COSCO; Hamburg Sud; Hapag-Lloyd; Hyundai; MSC",9,12,11786.9166666667,896.5,9289,13092,3,3,3,{3}
2017-03-26,CLLQN,Lirquen,PECLL,Callao,1,1,"APL; Hapag-Lloyd; K Line; MOL; NYK",5,11,5752.90909090909,514.545454545455,6200,6882,3,3,3,{3}
2017-03-26,CLMJS,Mejillones,CLANF,Antofagasta,1,1,"Alianca; ANL; CCNI; CMA CGM; COSCO; Hamburg Sud; Hapag-Lloyd; Hyundai; MSC",9,10,7116.6,1600,7090,7154,0,0,0,{0}
2017-03-26,CLMJS,Mejillones,CLSAI,"San Antonio",1,1,"Alianca; CCNI; Hamburg Sud; Hapag-Lloyd",4,5,3508.4,664.8,1732,1819,2,2,2,{2}
2017-03-26,CLMJS,Mejillones,CLVAP,Valparaiso,1,1,"Alianca; ANL; CMA CGM; Hamburg Sud; Hapag-Lloyd",5,9,8017,1034.22222222222,3752,10589,2,2,2,{2}
2017-03-26,CLMJS,Mejillones,PECLL,Callao,1,1,"Alianca; ANL; CCNI; CMA CGM; COSCO; Hamburg Sud; Hapag-Lloyd; Hyundai; MSC",9,12,11786.9166666667,896.5,9289,13092,3,3,3,{3}
2017-03-26,CLSAI,"San Antonio",CLANF,Antofagasta,2,2,"Alianca; APL; CCNI; CMA CGM; Hamburg Sud; Hapag-Lloyd",6,14,6128.73333333333,1211.02222222222,1732,3091,1,2,3,"{1,3}"
2017-03-26,CLSAI,"San Antonio",CLCNL,Coronel,1,1,"Alianca; ANL; CCNI; CMA CGM; COSCO; Hamburg Sud; Hapag-Lloyd; Hyundai; MSC",9,12,11786.9166666667,896.5,9289,13092,0,0,0,{0}
2017-03-26,CLSAI,"San Antonio",CLSVE,"San Vicente",4,4,"Alianca; CCNI; Evergreen Line; Hamburg Sud; Hapag-Lloyd; Maersk Line; MCC; MSC; SeaLand",9,29,18420.321969697,2336.75378787879,1180,11294,0,1,1,"{1,1,0,1}"
2017-03-26,CLSAI,"San Antonio",PABLB,Balboa,1,1,"Maersk Line; SeaLand",2,3,2469.33333333333,505.666666666667,2339,2545,7,7,7,{7}
2017-03-26,CLSAI,"San Antonio",PECLL,Callao,2,2,"Alianca; COSCO; Evergreen Line; Hamburg Sud; Hapag-Lloyd; PIL; Wan Hai; Yang Ming",8,18,10541.725,997.775,3405,9580,5,5,5,"{5,5}"
2017-03-26,CLSVE,"San Vicente",ARPMY,"Puerto Madryn",1,1,"Alianca; Hamburg Sud; Hapag-Lloyd",3,8,3485.125,493.875,3405,3600,10,10,10,{10}
2017-03-26,CLSVE,"San Vicente",NZTRG,Tauranga,1,1,"Maersk Line; MCC; MSC; SeaLand",4,11,9324.36363636364,733.545454545455,8160,11294,15,15,15,{15}
2017-03-26,CLSVE,"San Vicente",PECLL,Callao,3,3,"Alianca; CCNI; Evergreen Line; Hamburg Sud; Hapag-Lloyd; Maersk Line; MCC; MSC; Safmarine; SeaLand",10,21,10036.5606060606,1898.15151515152,1180,5466,3,4,5,"{5,4,3}"
2017-03-26,CLVAP,Valparaiso,CLLQN,Lirquen,1,1,"APL; Hapag-Lloyd; K Line; MOL; NYK",5,11,5752.90909090909,514.545454545455,6200,6882,1,1,1,{1}
2017-03-26,CLVAP,Valparaiso,CLSVE,"San Vicente",1,1,"Maersk Line; MCC; MSC; Safmarine; SeaLand",5,11,4425.72727272727,788.818181818182,4045,5466,2,2,2,{2}
2017-03-26,CLVAP,Valparaiso,NZTRG,Tauranga,1,1,"Alianca; ANL; CCNI; CMA CGM; COSCO; Hamburg Sud; Hapag-Lloyd; Hyundai; MSC",9,10,7116.6,1600,7090,7154,14,14,14,{14}
2017-03-26,CLVAP,Valparaiso,PECLL,Callao,2,2,"Alianca; ANL; CMA CGM; Hamburg Sud; Hapag-Lloyd; Maersk Line; MSC; Safmarine; SeaLand",9,19,17116.9,1253.52222222222,3752,10589,3,3,3,"{3,3}"
2017-03-26,CMDLA,Douala,CIABJ,Abidjan,2,2,"ANL; CMA CGM; Maersk Line; MCC; Safmarine",5,17,7170.21666666667,877.8,2478,4395,4,5,6,"{4,6}"
2017-03-26,CMDLA,Douala,GHTEM,Tema,1,1,"ANL; CMA CGM; NileDutch",3,8,3571.625,706.25,3400,3739,3,3,3,{3}
2017-03-26,CMDLA,Douala,TGLFW,Lome,1,1,"CMA CGM; Marguisa; UASC",3,8,3145.5,506.25,2697,3600,3,3,3,{3}
2017-03-26,CNDCB,"Da Chan Bay",CNSHK,Shekou,1,1,"Gold Star Line; Yang Ming; ZIM",3,3,1742.33333333333,187.333333333333,1708,1805,1,1,1,{1}
2017-03-26,CNDCB,"Da Chan Bay",CNXMN,Xiamen,1,1,"APL; Hapag-Lloyd; K Line; MOL; NYK",5,11,5752.90909090909,514.545454545455,6200,6882,1,1,1,{1}
2017-03-26,CNDCB,"Da Chan Bay",HKHKG,"Hong Kong",3,3,"Gold Star Line; Hapag-Lloyd; K Line; MCC; MOL; NYK; OOCL; Yang Ming; ZIM",9,8,9181.33333333333,746,1114,6589,0,1,1,"{1,0,1}"
2017-03-26,CNDCB,"Da Chan Bay",IRBND,"Bandar Abbas",1,1,"CMA CGM; HDASCO",2,6,4546.28571428571,442.857142857143,2724,5040,16,16,16,{16}
2017-03-26,CNDCB,"Da Chan Bay",MYPKG,"Port Klang",1,1,"Gold Star Line; ZIM",2,9,3885.33333333333,355.333333333333,4250,4644,6,6,6,{6}
2017-03-26,CNDLC,Dalian,CNLYG,Lianyungang,1,1,"APL; CMA CGM; COSCO; Evergreen Line; OOCL; PIL",6,6,10031.6666666667,666.666666666667,10000,10050,2,2,2,{2}
2017-03-26,CNDLC,Dalian,CNSHP,Qinhuangdao,1,1,"K Line; SITC Shipping",2,3,1062.33333333333,161.666666666667,1037,1110,2,2,2,{2}
2017-03-26,CNDLC,Dalian,CNTAO,Qingdao,8,8,"ANL; APL; CMA CGM; CNC Line-Cheng Lie Navigation Co. Ltd.; COSCO; Dong Young; Evergreen Line; Gold Star Line; Hapag-Lloyd; Kambara Kisen Co., Ltd.; K Line; Maersk Line; MCC; MOL; Namsung; NYK; OOCL; RCL; Safmarine; TS Lines; UASC; Yang Ming; ZIM",23,45,48350.9783549784,3469.86363636364,706,20150,1,1,2,"{2,2,1,1,1,1,1,2}"
2017-03-26,CNDLC,Dalian,CNTXG,Xingang/Tianjin,11,11,"ANL; CMA CGM; CNC Line-Cheng Lie Navigation Co. Ltd.; COSCO; Heung-A; Hyundai; K Line; KMTC; Maersk Line; MCC; MOL; MSC; NYK; OOCL; PIL; RCL; Safmarine; Sinokor; SITC Shipping; Wan Hai; WEC Lines; Yang Ming",22,68,41601.9646464646,3520.27626262626,953,14000,0,1,3,"{1,0,1,2,3,2,1,2,1,2,1}"
2017-03-26,CNDLC,Dalian,JPHKT,Hakata,1,1,StarOcean,1,1,679,106,679,679,2,2,2,{2}
2017-03-26,CNDLC,Dalian,JPMOJ,Moji,1,1,"COSCO; Sinotrans; SITC Shipping",3,2,847,100,787,907,2,2,2,{2}
2017-03-26,CNDLC,Dalian,JPNGO,Nagoya,1,1,"SITC Shipping",1,2,1063,180,1024,1102,3,3,3,{3}
2017-03-26,CNDLC,Dalian,JPOSA,Osaka,3,3,"COSCO; Sinokor; Sinotrans; SITC Shipping; StarOcean",5,10,3866.25,583.75,953,1740,2,2,3,"{2,3,2}"
2017-03-26,CNDLC,Dalian,KRINC,Inchon,1,1,"CMA CGM; HDASCO",2,6,6292.66666666667,500,5040,6572,1,1,1,{1}
2017-03-26,CNDLC,Dalian,KRPUS,Busan,5,5,"APL; CMA CGM; COSCO; Dongjin Shipping; Doowoo Shipping; Evergreen Line; Hapag-Lloyd; K Line; Maersk Line; MCC; MSC; NYK; OOCL; Safmarine; Seago Line; X-Press",16,22,33307.6666666667,1990.28571428571,700,19154,2,2,3,"{2,3,2,2,2}"
2017-03-26,CNFOC,Fuzhou,CNNSA,Nansha,2,2,"ANL; APL; CMA CGM; COSCO; Evergreen Line; Maersk Line; MCC; OOCL; PIL; Safmarine; Wan Hai",11,18,18438.6666666667,540.5,4496,14414,2,2,2,"{2,2}"
2017-03-26,CNFOC,Fuzhou,CNSWA,Shantou,2,2,"ANL; CMA CGM; CNC Line-Cheng Lie Navigation Co. Ltd.; MSC",4,6,5809,812.5,2226,3534,2,2.5,3,"{3,2}"
2017-03-26,CNFQG,Fuqing,HKHKG,"Hong Kong",1,1,"COSCO; Evergreen Line; K Line; MOL; PIL; Wan Hai",6,5,3381.2,420,4043,4363,2,2,2,{2}
2017-03-26,CNFQG,Fuqing,KRINC,Inchon,1,1,"ANL; CK Line; CMA CGM; CNC Line-Cheng Lie Navigation Co. Ltd.; KMTC",5,2,1054,80,1048,1060,3,3,3,{3}
2017-03-26,CNGGZ,"Huangpu (Guangzhou)",CNSHA,Shanghai,1,1,"MOL; PIL",2,9,1831,242,1728,2135,3,3,3,{3}
2017-03-26,CNGGZ,"Huangpu (Guangzhou)",CNSHK,Shekou,2,2,"Heung-A; PanOcean; RCL; Sinokor",4,4,1937,80,834,1103,0,0,0,"{0,0}"
2017-03-26,CNGON,Gaolan,HKHKG,"Hong Kong",1,1,"Wan Hai",1,3,1742,233.333333333333,1510,1858,0,0,0,{0}
2017-03-26,CNHMN,"Humen Port",VNHPH,Haiphong,1,1,"Gold Star Line; MCC; ZIM",3,1,1114,220,1114,1114,1,1,1,{1}
2017-03-26,CNLYG,Lianyungang,CNSHA,Shanghai,2,2,"APL; CMA CGM; COSCO; Evergreen Line; HDASCO; OOCL; PIL",7,12,16324.3333333333,1166.66666666667,5040,10050,2,3,4,"{2,4}"
2017-03-26,CNLYG,Lianyungang,CNTAO,Qingdao,7,7,"ANL; CMA CGM; CNC Line-Cheng Lie Navigation Co. Ltd.; COSCO; Easline Shipping; Heung-A; KMTC; Namsung; Sinokor; Sinotrans; SITC Shipping; TaiYoung Shipping; Yang Ming",13,16,10600.6,1238,831,4258,1,1,2,"{1,2,1,1,1,2,2}"
2017-03-26,CNLYG,Lianyungang,HKHKG,"Hong Kong",1,1,"ANL; CMA CGM; CNC Line-Cheng Lie Navigation Co. Ltd.; TS Lines",4,3,2903,466.666666666667,2742,3100,4,4,4,{4}
2017-03-26,CNNGB,Ningbo,AUBNE,Brisbane,1,1,"Alianca; APL; Hamburg Sud; Hapag-Lloyd; Hyundai; Maersk Line; MCC; MSC; Safmarine",9,12,5523.5,530.666666666667,4545,6350,11,11,11,{11}
2017-03-26,CNNGB,Ningbo,AUMEL,Melbourne,1,1,"COSCO; Evergreen Line; K Line; MOL; OOCL; Yang Ming",6,6,4602.83333333333,421.333333333333,4250,5090,12,12,12,{12}
2017-03-26,CNNGB,Ningbo,AUSYD,Sydney,1,1,"ANL; COSCO; OOCL; PIL",4,5,5580,684,5301,5762,11,11,11,{11}
2017-03-26,CNNGB,Ningbo,CNFOC,Fuzhou,1,1,"ANL; CMA CGM; Maersk Line; MCC; Safmarine",5,12,4267.66666666667,340.5,4496,5466,2,2,2,{2}
2017-03-26,CNNGB,Ningbo,CNNSA,Nansha,10,10,"ANL; APL; CMA CGM; COSCO; Evergreen Line; Maersk Line; MCC; MSC; NewPac; NileDutch; OOCL; PIL; Safmarine",13,81,55039.1825396826,3834.28412698413,1085,13092,2,3,4,"{3,3,3,3,2,4,3,3,3,3}"
2017-03-26,CNNGB,Ningbo,CNSHA,Shanghai,59,58,"Alianca; ANL; APL; Asean Seas Line; CCNI; CK Line; CMA CGM; CNC Line-Cheng Lie Navigation Co. Ltd.; COSCO; Dongjin Shipping; Dong Young; Easline Shipping; Evergreen Line; FESCO; Gold Star Line; Hamburg Sud; Hapag-Lloyd; Heung-A; Hyundai; Kambara Kisen Co., Ltd.; K Line; KMTC; Maersk Line; Matson; MCC; MOL; MSC; Namsung; NBOSCO; NYK; OOCL; PanCon; PanOcean; PIL; RCL; Safmarine; Seago Line; Sinokor; Sinotrans; SITC Shipping; TaiYoung Shipping; TS Lines; UASC; Wan Hai; WEC Lines; Yang Ming; ZIM",47,436,381121.051010101,27383.1267676768,706,20000,0,1,3,"{2,3,1,1,1,0,2,1,1,1,1,2,2,1,2,2,1,1,1,2,1,2,1,1,1,2,2,2,1,2,0,2,1,1,2,1,1,2,1,1,1,2,0,1,2,1,2,0,2,2,2,2,1,2,2,1,1,1,0}"
2017-03-26,CNNGB,Ningbo,CNSHK,Shekou,16,16,"Alianca; ANL; APL; CMA CGM; CNC Line-Cheng Lie Navigation Co. Ltd.; COSCO; CULines-China United Lines; Emirates Shipping; Evergreen Line; Gold Star Line; Hamburg Sud; Hapag-Lloyd; Heung-A; Hyundai; K Line; KMTC; Maersk Line; MCC; MOL; MSC; NYK; OOCL; PDL-Pacific Direct Line; PIL; RCL; Safmarine; Sinokor; SM Line; TS Lines; UASC; Wan Hai; X-Press; Yang Ming; ZIM",34,119,98447.8854395604,8841.80677655678,1512,13102,1,3,4,"{3,1,2,4,3,2,1,3,2,3,3,3,2,3,2,3}"
2017-03-26,CNNGB,Ningbo,CNSWA,Shantou,2,2,"ANL; CMA CGM; CNC Line-Cheng Lie Navigation Co. Ltd.; MOL; PIL; Yang Ming",6,14,5625.6,764,1728,4258,2,2.5,3,"{3,2}"
2017-03-26,CNNGB,Ningbo,CNTAC,Taicang,2,2,"Taicang Container Lines",1,4,2143,180,1043,1100,1,1.5,2,"{2,1}"
2017-03-26,CNNGB,Ningbo,CNTXG,Xingang/Tianjin,1,1,"ANL; APL; CMA CGM; PIL",4,9,6222.88888888889,111.111111111111,3560,6606,3,3,3,{3}
2017-03-26,CNNGB,Ningbo,CNXMN,Xiamen,12,12,"Alianca; ANL; APL; CMA CGM; CNC Line-Cheng Lie Navigation Co. Ltd.; COSCO; Evergreen Line; Gold Star Line; Hamburg Sud; Hapag-Lloyd; HDASCO; KMTC; Maersk Line; MCC; MSC; OOCL; PIL; RCL; Safmarine; Sinotrans; SITC Shipping; Yang Ming; ZIM",23,87,69113.436976912,5483.62608225108,1042,19100,1,2,4,"{2,3,4,2,2,2,2,2,2,2,1,2}"
2017-03-26,CNNGB,Ningbo,CNYTN,Yantian,7,7,"Alianca; APL; CMA CGM; COSCO; CULines-China United Lines; Evergreen Line; FESCO; Gold Star Line; Hamburg Sud; Hapag-Lloyd; Hyundai; K Line; Maersk Line; MCC; MOL; MSC; NYK; OOCL; OPDR; PIL; Safmarine; Seago Line; Simatech; TS Lines; UASC; X-Press; Yang Ming; ZIM",28,66,71112.6481240981,5093.70721500721,4771,19224,1,2,3,"{2,2,2,2,3,1,3}"
2017-03-26,CNNGB,Ningbo,HKHKG,"Hong Kong",7,7,"COSCO; Evergreen Line; Gold Star Line; Hapag-Lloyd; Hyundai; K Line; KMTC; MCC; MELL; MOL; NYK; PIL; RCL; SASCO; SCI-Shipping Corp. of India; Simatech; SITC Shipping; TS Lines; UASC; Wan Hai; Yang Ming; ZIM",22,48,35912.880952381,2810,1022,20150,2,3,4,"{3,2,2,3,4,3,3}"
2017-03-26,CNNGB,Ningbo,JPHKT,Hakata,1,1,"COSCO; Sinotrans; SITC Shipping",3,4,1090.75,151.25,1042,1118,2,2,2,{2}
2017-03-26,CNNGB,Ningbo,JPOMZ,Omaezaki,1,1,MSC,1,3,3229,281.333333333333,2800,3987,3,3,3,{3}
2017-03-26,CNNGB,Ningbo,JPOSA,Osaka,1,1,MSC,1,3,3229,281.333333333333,2800,3987,3,3,3,{3}
2017-03-26,CNNGB,Ningbo,JPTYO,Tokyo,1,1,"COSCO; NBOSCO; Sinotrans; SITC Shipping",4,1,1100,,1100,1100,2,2,2,{2}
2017-03-26,CNNGB,Ningbo,JPUKB,Kobe,1,1,"COSCO; NBOSCO; SITC Shipping",3,1,1100,,1100,1100,2,2,2,{2}
2017-03-26,CNNGB,Ningbo,KRKAN,Gwangyang,1,1,"Maersk Line; MCC; MSC; SeaLand",4,11,9324.36363636364,733.545454545455,8160,11294,1,1,1,{1}
2017-03-26,CNNGB,Ningbo,KRPUS,Busan,7,7,"APL; CMA CGM; COSCO; Dong Young; Evergreen Line; FESCO; Hapag-Lloyd; Hyundai; K Line; Maersk Line; MCC; MOL; MSC; Namsung; NYK; OOCL; Safmarine; SASCO; UASC; Yang Ming",20,53,29230.3662337662,2617.40735930736,953,10000,1,2,3,"{2,1,3,2,2,3,2}"
2017-03-26,CNNGB,Ningbo,PHMNL,Manila,3,3,"CMA CGM; CNC Line-Cheng Lie Navigation Co. Ltd.; COSCO; Sinotrans; SITC Shipping; Yang Ming",6,7,6355.66666666667,1001.33333333333,1024,2742,3,4,4,"{4,3,4}"
2017-03-26,CNNGB,Ningbo,SGSIN,Singapore,4,4,"ANL; APL; CMA CGM; COSCO; Evergreen Line; Gold Star Line; K Line; Maersk Line; MCC; MSC; OOCL; PIL; RCL; Safmarine; Wan Hai; ZIM",16,31,33747.1926406926,2568.93506493506,4228,14074,5,6,7,"{6,5,6,7}"
2017-03-26,CNNGB,Ningbo,TWKEL,Keelung,1,1,"COSCO; Evergreen Line; K Line; MOL; PIL",5,7,3975,379.142857142857,4211,5087,3,3,3,{3}
2017-03-26,CNNGB,Ningbo,TWKHH,Kaohsiung,7,7,"APL; CMA CGM; CNC Line-Cheng Lie Navigation Co. Ltd.; COSCO; Evergreen Line; Maersk Line; MCC; MOL; MSC; NYK; OOCL; PIL; Safmarine; SeaLand; Unimed Feeder Services-UFS; Wan Hai; Yang Ming",17,57,38465.4510822511,3229.63246753247,1713,14000,2,2,3,"{3,2,2,2,2,3,2}"
2017-03-26,CNNGB,Ningbo,TWTPE,Taipei,3,3,"APL; CMA CGM; COSCO; Evergreen Line; OOCL; PIL",6,22,24021.375,1517.625,5652,9661,1,2,3,"{2,1,3}"
2017-03-26,CNNGB,Ningbo,TWTXG,Taichung,1,1,"Gold Star Line; MCC; ZIM",3,8,2911,465.25,2824,3586,1,1,1,{1}
2017-03-26,CNNGB,Ningbo,USLAX,"Los Angeles CA",3,3,"APL; CMA CGM; COSCO; Evergreen Line; Hapag-Lloyd; K Line; MOL; NYK; OOCL; PIL; Wan Hai; Yang Ming",12,17,22092.9333333333,1488.8,5527,9200,11,12,13,"{12,13,11}"
2017-03-26,CNNGB,Ningbo,USLGB,"Long Beach CA",3,3,"APL; CMA CGM; COSCO; Evergreen Line; K Line; Maersk Line; MSC; OOCL; PIL; Wan Hai; Yang Ming",11,18,18607,942.666666666667,4432,10050,11,13,13,"{11,13,13}"
2017-03-26,CNNGB,Ningbo,USTIW,"Tacoma WA",1,1,"APL; CMA CGM; COSCO; Evergreen Line; OOCL",5,6,5556,468.333333333333,5364,5652,11,11,11,{11}
2017-03-26,CNNGB,Ningbo,VNSGN,"Ho Chi Minh (VICT/Cat Lai)",3,3,"ANL; CMA CGM; CNC Line-Cheng Lie Navigation Co. Ltd.; COSCO; CULines-China United Lines; Evergreen Line; K Line; MCC; OOCL; PIL; SITC Shipping",11,18,5682.03333333333,936.5,1264,2646,4,5,5,"{5,5,4}"
2017-03-26,CNNSA,Nansha,CNNGB,Ningbo,1,1,"APL; CMA CGM; COSCO; Evergreen Line; OOCL",5,11,13437.0909090909,236.363636363636,12552,13880,9,9,9,{9}
2017-03-26,CNNSA,Nansha,CNSHA,Shanghai,1,1,"APL; CMA CGM; COSCO; Evergreen Line; OOCL",5,6,10008.3333333333,250,10000,10050,4,4,4,{4}
2017-03-26,CNNSA,Nansha,CNSHK,Shekou,8,8,"ANL; APL; CMA CGM; COSCO; Evergreen Line; K Line; Maersk Line; MCC; MOL; MSC; OOCL; PIL; Safmarine; Wan Hai",14,61,55786.9373737374,3145.83838383838,1398,15908,0,1,2,"{1,1,2,1,1,0,1,1}"
2017-03-26,CNNSA,Nansha,CNTAO,Qingdao,2,2,"ANL; CMA CGM; CNC Line-Cheng Lie Navigation Co. Ltd.; COSCO; OOCL; PIL",6,12,5386.22857142857,755.085714285714,2450,4250,3,3.5,4,"{3,4}"
2017-03-26,CNNSA,Nansha,CNXMN,Xiamen,1,1,"CNC Line-Cheng Lie Navigation Co. Ltd.; COSCO; Evergreen Line; SITC Shipping",4,3,1435.33333333333,168.666666666667,1378,1496,3,3,3,{3}
2017-03-26,CNNSA,Nansha,CNYTN,Yantian,3,3,"ANL; APL; CMA CGM; CNC Line-Cheng Lie Navigation Co. Ltd.; COSCO; Evergreen Line; Maersk Line; MCC; MSC; OOCL",10,21,20600.2424242424,1697.72727272727,3426,13208,0,0,1,"{1,0,0}"
2017-03-26,CNNSA,Nansha,HKHKG,"Hong Kong",6,6,"Alianca; ANL; APL; CMA CGM; COSCO; Evergreen Line; Gold Star Line; Hamburg Sud; Hyundai; Maersk Line; MCC; MSC; OOCL; PIL; RCL; Safmarine; Seago Line; SeaLand; Wan Hai; ZIM",20,46,51708.4386363636,2826.21212121212,1618,15550,0,1,1,"{1,1,0,1,1,1}"
2017-03-26,CNNSA,Nansha,IDJKT,"Jakarta, Java",1,1,COSCO,1,5,4212,300.8,4051,4253,6,6,6,{6}
2017-03-26,CNNSA,Nansha,IDSUB,"Surabaya, Java",1,1,MELL,1,3,3660,500,1800,1890,6,6,6,{6}
2017-03-26,CNNSA,Nansha,MYPKG,"Port Klang",1,1,"Wan Hai",1,2,1765,363.5,1730,1800,4,4,4,{4}
2017-03-26,CNNSA,Nansha,MYTPP,"Tanjung Pelepas",4,4,"ANL; CMA CGM; COSCO; Gold Star Line; Maersk Line; MCC; NileDutch; PIL; Safmarine; ZIM",10,38,19835.75,1887.58333333333,2824,10622,4,4,6,"{4,4,6,4}"
2017-03-26,CNNSA,Nansha,PGLAE,Lae,1,1,NewPac,1,2,4971.42857142857,857.142857142857,1740,1740,9,9,9,{9}
2017-03-26,CNNSA,Nansha,SGSIN,Singapore,9,9,"ANL; APL; CMA CGM; COSCO; Evergreen Line; Gold Star Line; Maersk Line; MCC; MOL; OOCL; PIL; Safmarine; ZIM",13,86,35411.8650793651,2019.23015873016,1085,10050,4,4,7,"{4,5,5,7,4,4,5,4,4}"
2017-03-26,CNNSA,Nansha,TWKHH,Kaohsiung,1,1,MELL,1,4,1089.5,205,1080,1118,1,1,1,{1}
2017-03-26,CNQZH,Qinzhou,CNDCB,"Da Chan Bay",1,1,OOCL,1,1,1496,276,1496,1496,1,1,1,{1}
2017-03-26,CNQZH,Qinzhou,CNZHA,Zhanjiang,1,1,"Evergreen Line",1,3,1163.33333333333,133.333333333333,1162,1164,1,1,1,{1}
2017-03-26,CNQZH,Qinzhou,HKHKG,"Hong Kong",2,2,"RCL; Wan Hai",2,6,3109,516,1228,1800,1,1.5,2,"{1,2}"
2017-03-26,CNQZH,Qinzhou,VNDAD,"Da Nang",1,1,PIL,1,2,1728,250,1728,1728,1,1,1,{1}
2017-03-26,CNSHA,Shanghai,AEJEA,"Dubai, Jebel Ali",1,1,"CMA CGM; HDASCO",2,6,6292.66666666667,500,5040,6572,19,19,19,{19}
2017-03-26,CNSHA,Shanghai,CAPRR,"Prince Rupert BC",2,2,"APL; CMA CGM; COSCO; Evergreen Line; OOCL; PIL",6,22,19525.9791666667,1112.5,8468,13092,10,10.5,11,"{10,11}"
2017-03-26,CNSHA,Shanghai,CNDCB,"Da Chan Bay",1,1,"Gold Star Line; ZIM",2,9,3885.33333333333,355.333333333333,4250,4644,3,3,3,{3}
2017-03-26,CNSHA,Shanghai,CNDLC,Dalian,6,6,"ANL; CMA CGM; CNC Line-Cheng Lie Navigation Co. Ltd.; COSCO; Maersk Line; MCC; MSC; PIL; Safmarine; Seago Line; Wan Hai; WEC Lines",12,45,41885.9646464646,2356.7595959596,1085,19154,1,3,4,"{3,4,3,2,1,3}"
2017-03-26,CNSHA,Shanghai,CNNGB,Ningbo,85,83,"Alianca; ANL; APL; CMA CGM; CNC Line-Cheng Lie Navigation Co. Ltd.; COSCO; CULines-China United Lines; Dong Young; Emirates Shipping; Evergreen Line; FESCO; Gold Star Line; Hamburg Sud; Hapag-Lloyd; HDASCO; Heung-A; Hyundai; K Line; KMTC; Maersk Line; MCC; MOL; MSC; Namsung; NewPac; NileDutch; NYK; OOCL; OPDR; PDL-Pacific Direct Line; PIL; RCL; Safmarine; SASCO; SCI-Shipping Corp. of India; Seago Line; SeaLand; Simatech; Sinokor; Sinotrans; SITC Shipping; SM Line; TS Lines; UASC; Unimed Feeder Services-UFS; Wan Hai; X-Press; Yang Ming; ZIM",49,645,503358.501529026,40723.2463147963,953,20150,0,1,2,"{1,1,1,2,2,1,1,2,2,0,2,1,1,1,1,2,2,2,1,1,2,0,1,1,0,0,1,0,1,1,1,1,1,1,1,1,1,1,1,1,2,2,1,0,2,1,1,1,2,1,0,2,1,1,1,0,2,2,2,1,2,0,1,1,1,2,1,2,1,2,1,1,1,1,1,1,1,0,1,2,1,1,0,1,2}"
2017-03-26,CNSHA,Shanghai,CNNSA,Nansha,1,1,"Maersk Line; MCC; Safmarine",3,6,4826,388.333333333333,4771,6800,4,4,4,{4}
2017-03-26,CNSHA,Shanghai,CNSHK,Shekou,8,8,"ANL; APL; CMA CGM; CNC Line-Cheng Lie Navigation Co. Ltd.; COSCO; Evergreen Line; Heung-A; K Line; KMTC; Maersk Line; MCC; MOL; MSC; OOCL; PIL; RCL; Safmarine; Simatech; Sinotrans; SITC Shipping; TS Lines; WEC Lines; Yang Ming",23,49,34633.3590909091,3189.21515151515,831,14000,1,3,4,"{4,4,3,3,2,1,3,3}"
2017-03-26,CNSHA,Shanghai,CNTAC,Taicang,2,2,"HASCO; Jin Jiang; Taicang Container Lines",3,2,1681,220,563,1118,0,0,0,"{0,0}"
2017-03-26,CNSHA,Shanghai,CNTAO,Qingdao,5,5,"Alianca; ANL; APL; CMA CGM; COSCO; Gold Star Line; Hamburg Sud; Hapag-Lloyd; Hyundai; KMTC; Maersk Line; MCC; MELL; MSC; Safmarine; Sinokor; SITC Shipping; ZIM",18,39,25466.4671717172,2577.87373737374,1700,9448,1,2,3,"{2,3,2,1,2}"
2017-03-26,CNSHA,Shanghai,CNTXG,Xingang/Tianjin,2,2,"Alianca; APL; CMA CGM; COSCO; Evergreen Line; Hamburg Sud; Hyundai; Maersk Line; MCC; MSC; OOCL; Safmarine; Seago Line",13,23,30318.6212121212,1552.36363636364,9580,19272,3,3,3,"{3,3}"
2017-03-26,CNSHA,Shanghai,CNXMN,Xiamen,7,7,"Alianca; ANL; APL; CCNI; CMA CGM; COSCO; Evergreen Line; Hamburg Sud; Hapag-Lloyd; Hyundai; Maersk Line; MCC; MSC; Safmarine; Seago Line; Yang Ming",16,73,65006.4247474748,4445.13737373737,4250,19154,1,2,3,"{2,2,1,2,3,2,2}"
2017-03-26,CNSHA,Shanghai,CNYTN,Yantian,4,4,"Alianca; APL; CMA CGM; COSCO; Evergreen Line; Hamburg Sud; Hapag-Lloyd; Hyundai; Maersk Line; MCC; MOL; MSC; NYK; OOCL; Safmarine; Seago Line",16,45,47275.4659090909,2237.69696969697,3765,19272,2,2,4,"{2,2,4,2}"
2017-03-26,CNSHA,Shanghai,HKHKG,"Hong Kong",10,9,"Alianca; ANL; APL; Asean Seas Line; CMA CGM; CNC Line-Cheng Lie Navigation Co. Ltd.; COSCO; Evergreen Line; Hamburg Sud; Heung-A; Hyundai; IAL-Interasia Lines; KMTC; Maersk Line; MCC; MSC; OOCL; Safmarine; Seago Line; SITC Shipping; TS Lines; Wan Hai",22,50,44843.6363636364,2927.77272727273,907,20000,1,3,4,"{2,2,1,4,4,3,3,4,2,3}"
2017-03-26,CNSHA,Shanghai,IDJKT,"Jakarta, Java",1,1,"CK Line; Evergreen Line; Heung-A; Hyundai; KMTC; Sinokor; SITC Shipping",7,4,2762.5,421.5,2742,2824,7,7,7,{7}
2017-03-26,CNSHA,Shanghai,JPFKY,Fukuyama,1,1,"Kambara Kisen Co., Ltd.",1,1,556,100,556,556,3,3,3,{3}
2017-03-26,CNSHA,Shanghai,JPHKT,Hakata,2,2,"COSCO; Dongjin Shipping; Namsung; Sinotrans; SITC Shipping; TaiYoung Shipping",6,3,1800,220,787,953,2,2,2,"{2,2}"
2017-03-26,CNSHA,Shanghai,JPIMI,Imari,1,1,"Kambara Kisen Co., Ltd.",1,3,915.333333333333,132,907,932,2,2,2,{2}
2017-03-26,CNSHA,Shanghai,JPKIJ,"Niigata (N Coast)",1,1,"Kambara Kisen Co., Ltd.",1,2,1020,160,1020,1020,3,3,3,{3}
2017-03-26,CNSHA,Shanghai,JPNGO,Nagoya,8,8,"CMA CGM; CNC Line-Cheng Lie Navigation Co. Ltd.; COSCO; Gold Star Line; Hapag-Lloyd; HASCO; Jin Jiang; K Line; MOL; NYK; Sinotrans; SITC Shipping; Yang Ming; ZIM",14,22,15073.5833333333,1227.33333333333,1003,8749,1,2,3,"{2,2,3,2,3,2,2,1}"
2017-03-26,CNSHA,Shanghai,JPOSA,Osaka,10,10,"Centrans; COSCO; Gold Star Line; HASCO; Jin Jiang; Sinotrans; SITC Shipping; StarOcean; TS Lines; ZIM",10,17,9859.25,1546.5,668,1808,2,2,5,"{3,2,2,2,3,3,2,2,2,5}"
2017-03-26,CNSHA,Shanghai,JPSMN,"Sakaiminato (N Coast)",1,1,"Kambara Kisen Co., Ltd.",1,1,585,50,585,585,2,2,2,{2}
2017-03-26,CNSHA,Shanghai,JPTYO,Tokyo,9,9,"Centrans; COSCO; Gold Star Line; HASCO; Jin Jiang; Sinotrans; SITC Shipping; StarOcean; TS Lines; ZIM",10,15,9054.33333333333,1059.5,698,1118,1,2,3,"{1,3,3,2,3,2,2,3,2}"
2017-03-26,CNSHA,Shanghai,JPUKB,Kobe,2,2,"Alianca; ANL; CMA CGM; Hamburg Sud; Maersk Line; MCC; Safmarine; SITC Shipping",8,12,7766.55555555556,902.888888888889,907,7450,2,3,4,"{4,2}"
2017-03-26,CNSHA,Shanghai,JPYOK,Yokohama,3,3,"COSCO; Gold Star Line; HASCO; Maersk Line; MCC; MSC; Safmarine; Sinotrans; SITC Shipping; ZIM",10,19,11231.2,893.333333333333,1020,13102,2,3,3,"{3,3,2}"
2017-03-26,CNSHA,Shanghai,KRINC,Inchon,4,4,"CK Line; COSCO; Dongjin Shipping; Dong Young; Heung-A; KMTC; Namsung; NBOSCO; PanCon; Sinokor; TaiYoung Shipping",11,4,4169,224,1000,1100,2,2,2,"{2,2,2,2}"
2017-03-26,CNSHA,Shanghai,KRKAN,Gwangyang,4,4,"Gold Star Line; Heung-A; Hyundai; KMTC; MCC; Sinokor; ZIM",7,23,19900.9833333333,1561.41666666667,2824,6763,2,2,2,"{2,2,2,2}"
2017-03-26,CNSHA,Shanghai,KRKPO,Pohang,1,1,"Heung-A; KMTC; Sinotrans",3,4,2812,586,2800,2824,3,3,3,{3}
2017-03-26,CNSHA,Shanghai,KRPUS,Busan,27,27,"Alianca; ANL; APL; CCNI; CK Line; CMA CGM; CNC Line-Cheng Lie Navigation Co. Ltd.; COSCO; Dongjin Shipping; Dong Young; Easline Shipping; Evergreen Line; FESCO; Hamburg Sud; Hapag-Lloyd; Heung-A; Hyundai; K Line; KMTC; Maersk Line; MCC; MOL; MSC; Namsung; NYK; OOCL; PanCon; PanOcean; PIL; RCL; Safmarine; SeaLand; Sinokor; Sinotrans; SITC Shipping; TaiYoung Shipping; TS Lines; UASC; Yang Ming; ZIM",40,184,143891.840782828,14017.8424242424,706,13169,1,2,4,"{2,2,1,1,2,1,1,1,3,2,2,3,3,2,1,2,1,3,4,1,1,1,3,2,1,2,3}"
2017-03-26,CNSHA,Shanghai,MXZLO,"Manzanillo, MEX",1,1,"COSCO; Evergreen Line; PIL; Wan Hai; Yang Ming",5,10,7056.6,503.9,6046,9580,15,15,15,{15}
2017-03-26,CNSHA,Shanghai,NLRTM,Rotterdam,1,1,"Hapag-Lloyd; K Line; MOL; NYK; Yang Ming",5,11,14054.8181818182,1000,13100,14993,25,25,25,{25}
2017-03-26,CNSHA,Shanghai,PAONX,Colon,1,1,"APL; CMA CGM; COSCO; Evergreen Line; OOCL",5,11,11912.1818181818,495.727272727273,11010,13208,19,19,19,{19}
2017-03-26,CNSHA,Shanghai,PHMNL,Manila,3,3,"ANL; CMA CGM; CNC Line-Cheng Lie Navigation Co. Ltd.; Gold Star Line; Heung-A; KMTC; Namsung; SITC Shipping; Wan Hai; ZIM",10,8,5854.66666666667,897.333333333333,1700,2524,3,3,6,"{6,3,3}"
2017-03-26,CNSHA,Shanghai,SGSIN,Singapore,1,1,"Heung-A; KMTC; Sinotrans",3,4,2812,586,2800,2824,7,7,7,{7}
2017-03-26,CNSHA,Shanghai,THLCH,"Laem Chabang",3,3,"CMA CGM; CNC Line-Cheng Lie Navigation Co. Ltd.; Gold Star Line; Heung-A; KMTC; RCL; TS Lines; ZIM",8,9,5031.66666666667,652,1498,1800,6,6,7,"{7,6,6}"
2017-03-26,CNSHA,Shanghai,TWKHH,Kaohsiung,5,5,"Alianca; ANL; APL; CMA CGM; CNC Line-Cheng Lie Navigation Co. Ltd.; COSCO; Hamburg Sud; Hapag-Lloyd; Hyundai; K Line; Maersk Line; MCC; MOL; NYK; OOCL; Safmarine; TS Lines; UASC; Yang Ming",19,33,30865.6888888889,2480.88888888889,2190,14100,1,2,2,"{2,2,1,2,1}"
2017-03-26,CNSHA,Shanghai,TWTPE,Taipei,2,2,"ANL; APL; CMA CGM; CNC Line-Cheng Lie Navigation Co. Ltd.; COSCO; Evergreen Line; OOCL; X-Press",8,14,16581.8,1144.5,2700,14354,1,1.5,2,"{1,2}"
2017-03-26,CNSHA,Shanghai,USLGB,"Long Beach CA",1,1,"Maersk Line; Matson",2,5,2715.8,300,2019,2890,12,12,12,{12}
2017-03-26,CNSHA,Shanghai,USSAV,"Savannah GA",1,1,"Hapag-Lloyd; K Line; MOL; NYK; UASC; Yang Ming",6,10,8647.1,845,8208,9040,24,24,24,{24}
2017-03-26,CNSHA,Shanghai,VNHPH,Haiphong,3,3,"ANL; CK Line; CMA CGM; CNC Line-Cheng Lie Navigation Co. Ltd.; Heung-A; Hyundai; KMTC",7,6,4330,483.5,1048,2200,3,4,4,"{3,4,4}"
2017-03-26,CNSHA,Shanghai,VNSGN,"Ho Chi Minh (VICT/Cat Lai)",4,4,"CULines-China United Lines; Gold Star Line; Hyundai; KMTC; MCC; Sinokor; SM Line; TS Lines; ZIM",9,15,8384.5,1055.83333333333,1228,2741,5,5,5,"{5,5,5,5}"
2017-03-26,CNSHK,Shekou,AEJEA,"Dubai, Jebel Ali",1,1,"APL; Hyundai",2,6,4771.5,485.333333333333,4500,5301,12,12,12,{12}
2017-03-26,CNSHK,Shekou,CNNGB,Ningbo,4,4,"APL; CMA CGM; COSCO; Evergreen Line; Maersk Line; MCC; MSC; OOCL; Safmarine; SeaLand; Sinotrans; SITC Shipping",12,41,25215.4045454545,2056.85606060606,1042,13102,2,2.5,3,"{3,2,3,2}"
2017-03-26,CNSHK,Shekou,CNNSA,Nansha,3,3,"ANL; APL; CMA CGM; COSCO; Gold Star Line; Maersk Line; MCC; OOCL; PIL; RCL; Safmarine; ZIM",12,29,13771.3666666667,1040.16666666667,3889,5888,1,1,1,"{1,1,1}"
2017-03-26,CNSHK,Shekou,CNSHA,Shanghai,3,3,"APL; CMA CGM; COSCO; Evergreen Line; Gold Star Line; MOL; OOCL; PIL; Unimed Feeder Services-UFS; Wan Hai; Yang Ming; ZIM",12,19,13869.1666666667,902.666666666667,1708,7024,3,4,4,"{4,4,3}"
2017-03-26,CNSHK,Shekou,CNSWA,Shantou,2,2,"Dong Young; Heung-A; Namsung; PanOcean; Sinokor; SITC Shipping",6,4,1915,132,834,1200,1,1,1,"{1,1}"
2017-03-26,CNSHK,Shekou,CNTAC,Taicang,1,1,"SITC Shipping",1,3,884.333333333333,102,831,915,2,2,2,{2}
2017-03-26,CNSHK,Shekou,CNTAO,Qingdao,2,2,"Hapag-Lloyd; K Line; Maersk Line; MCC; MOL; MSC; NYK; Safmarine; UASC; Yang Ming",10,19,21250.1777777778,1404.44444444444,8073,15908,4,4.5,5,"{5,4}"
2017-03-26,CNSHK,Shekou,CNTXG,Xingang/Tianjin,1,1,"APL; CMA CGM; COSCO; Evergreen Line; OOCL",5,7,10340,714.285714285714,10100,10700,6,6,6,{6}
2017-03-26,CNSHK,Shekou,CNXMN,Xiamen,7,7,"ANL; CMA CGM; CNC Line-Cheng Lie Navigation Co. Ltd.; Evergreen Line; FESCO; Heung-A; Hyundai; IAL-Interasia Lines; K Line; Maersk Line; MCC; MSC; RCL; Safmarine; TS Lines; Wan Hai; Yang Ming",17,26,26844.696969697,2661.18181818182,1103,15908,0,1,2,"{1,1,0,1,2,1,1}"
2017-03-26,CNSHK,Shekou,CNYTN,Yantian,10,10,"APL; CMA CGM; COSCO; Evergreen Line; Hapag-Lloyd; IAL-Interasia Lines; K Line; Maersk Line; MCC; MOL; MSC; NYK; OOCL; Safmarine; Wan Hai; WEC Lines; Yang Ming",17,95,83311.3080808081,6225.32070707071,1702,15908,1,1,2,"{1,1,1,1,1,1,1,2,1,1}"
2017-03-26,CNSHK,Shekou,HKHKG,"Hong Kong",17,17,"Alianca; ANL; APL; CCNI; CMA CGM; CNC Line-Cheng Lie Navigation Co. Ltd.; COSCO; Evergreen Line; Hamburg Sud; Hapag-Lloyd; Hyundai; IAL-Interasia Lines; KMTC; Maersk Line; MCC; MOL; MSC; Namsung; OOCL; PIL; RCL; Safmarine; Samudera; SeaLand; SITC Shipping; Unimed Feeder Services-UFS; Wan Hai; Yang Ming",28,94,71561.4166666667,7194.82445887446,831,13092,0,1,1,"{0,1,1,0,1,1,1,0,0,1,1,1,0,1,1,1,0}"
2017-03-26,CNSHK,Shekou,IDJKT,"Jakarta, Java",1,1,"Wan Hai; Yang Ming",2,3,1512,170,1368,1800,6,6,6,{6}
2017-03-26,CNSHK,Shekou,IDSUB,"Surabaya, Java",1,1,"Evergreen Line",1,4,2085.5,332,1740,2824,5,5,5,{5}
2017-03-26,CNSHK,Shekou,JPTYO,Tokyo,1,1,"TS Lines",1,2,1049,180,1049,1049,5,5,5,{5}
2017-03-26,CNSHK,Shekou,JPUKB,Kobe,1,1,"Evergreen Line; Wan Hai",2,2,1618,213,1618,1618,4,4,4,{4}
2017-03-26,CNSHK,Shekou,KHKOS,Sihanoukville,1,1,"COSCO; RCL",2,3,1369.33333333333,169.333333333333,1228,1440,4,4,4,{4}
2017-03-26,CNSHK,Shekou,KRINC,Inchon,5,5,"ANL; CMA CGM; CNC Line-Cheng Lie Navigation Co. Ltd.; Dongjin Shipping; Heung-A; KMTC; MCC; Namsung; Sinokor; TS Lines",10,13,7013.75,852,650,2741,1,3,3,"{2,3,3,3,1}"
2017-03-26,CNSHK,Shekou,KRPUS,Busan,1,1,"ANL; CMA CGM; CNC Line-Cheng Lie Navigation Co. Ltd.; Heung-A; KMTC; TS Lines",6,4,2762.25,396.5,2741,2824,3,3,3,{3}
2017-03-26,CNSHK,Shekou,MMRGN,Yangon,1,1,RCL,1,4,1344,152.5,1228,1468,8,8,8,{8}
2017-03-26,CNSHK,Shekou,MYPGU,"Pasir Gudang, Johor",1,1,"ANL; CMA CGM; CNC Line-Cheng Lie Navigation Co. Ltd.; Evergreen Line; X-Press",5,4,2721,424.5,2700,2742,4,4,4,{4}
2017-03-26,CNSHK,Shekou,MYPKG,"Port Klang",5,5,"ANL; APL; CMA CGM; CNC Line-Cheng Lie Navigation Co. Ltd.; COSCO; Heung-A; IAL-Interasia Lines; KMTC; TS Lines; Wan Hai; Yang Ming",11,22,16996.7738095238,1812.54761904762,2646,5512,4,5,5,"{4,5,5,5,5}"
2017-03-26,CNSHK,Shekou,MYTPP,"Tanjung Pelepas",4,4,"Alianca; ANL; APL; CMA CGM; COSCO; Evergreen Line; Hamburg Sud; Maersk Line; MCC; OOCL; PIL; Safmarine",12,34,36978.3320707071,1959.10101010101,5652,14354,4,4,5,"{4,4,4,5}"
2017-03-26,CNSHK,Shekou,PHMNL,Manila,6,6,"APL; Evergreen Line; OOCL; SITC Shipping; Wan Hai; Yang Ming",6,13,9722.33333333333,1463.66666666667,831,2646,1,2,3,"{2,1,2,2,2,3}"
2017-03-26,CNSHK,Shekou,SGSIN,Singapore,26,26,"Alianca; ANL; APL; CMA CGM; COSCO; CULines-China United Lines; Emirates Shipping; Evergreen Line; Gold Star Line; Hamburg Sud; Hapag-Lloyd; Heung-A; Hyundai; K Line; KMTC; Maersk Line; MCC; MOL; MSC; NYK; OOCL; PIL; RCL; Safmarine; Simatech; Sinokor; SM Line; TS Lines; UASC; Wan Hai; X-Press; Yang Ming; ZIM",33,194,166231.919566545,13704.8607448107,1398,15908,3,4,5,"{4,4,4,4,4,4,4,4,3,4,3,5,3,4,4,4,3,3,5,4,3,4,4,4,3,4}"
2017-03-26,CNSHK,Shekou,THBKK,"Bangkok (Old Port)",2,2,"APL; CMA CGM; CNC Line-Cheng Lie Navigation Co. Ltd.; MCC; NYK; RCL; TS Lines",7,6,2716.75,316.5,818,1708,5,5,5,"{5,5}"
2017-03-26,CNSHK,Shekou,THLCH,"Laem Chabang",2,2,"ANL; CMA CGM; CNC Line-Cheng Lie Navigation Co. Ltd.; COSCO; OOCL; PIL; Wan Hai",7,9,3634.8,510.8,1088,2646,4,4.5,5,"{5,4}"
2017-03-26,CNSHK,Shekou,TWKEL,Keelung,2,2,"ANL; CMA CGM; CNC Line-Cheng Lie Navigation Co. Ltd.; Evergreen Line; KMTC; Sinokor; TS Lines; Yang Ming",8,6,3088,442.666666666667,1440,1702,1,1.5,2,"{1,2}"
2017-03-26,CNSHK,Shekou,TWKHH,Kaohsiung,5,5,"ANL; APL; COSCO; Evergreen Line; K Line; MOL; OOCL; PDL-Pacific Direct Line; PIL; Sinotrans; TS Lines; Yang Ming",12,24,19892.9880952381,2101.48214285714,1164,8452,1,2,3,"{3,1,2,2,2}"
2017-03-26,CNSHK,Shekou,TWTXG,Taichung,1,1,"APL; CMA CGM; CNC Line-Cheng Lie Navigation Co. Ltd.; MCC; TS Lines",5,4,1707.75,191.5,1707,1708,2,2,2,{2}
2017-03-26,CNSHK,Shekou,VNHPH,Haiphong,2,2,"Evergreen Line; Wan Hai",2,6,2905.33333333333,366.666666666667,1162,1858,1,1.5,2,"{2,1}"
2017-03-26,CNSHK,Shekou,VNSGN,"Ho Chi Minh (VICT/Cat Lai)",4,4,"ANL; CMA CGM; CNC Line-Cheng Lie Navigation Co. Ltd.; Evergreen Line; Heung-A; IAL-Interasia Lines; KMTC; OOCL; RCL; TS Lines; Wan Hai; Yang Ming",12,13,9067,1382.58333333333,1512,3100,2,3,4,"{3,3,2,4}"
2017-03-26,CNSHP,Qinhuangdao,CNTXG,Xingang/Tianjin,1,1,"K Line; SITC Shipping",2,3,1062.33333333333,161.666666666667,1037,1110,1,1,1,{1}
2017-03-26,CNSWA,Shantou,CNFQG,Fuqing,1,1,"ANL; CK Line; CMA CGM; CNC Line-Cheng Lie Navigation Co. Ltd.; KMTC",5,2,1054,80,1048,1060,1,1,1,{1}
2017-03-26,CNSWA,Shantou,CNNSA,Nansha,2,2,"ANL; CMA CGM; CNC Line-Cheng Lie Navigation Co. Ltd.; MOL; PIL",5,13,5338,717,1728,3534,1,1,1,"{1,1}"
2017-03-26,CNSWA,Shantou,CNXMN,Xiamen,1,1,"Dong Young; Heung-A; Namsung; Sinokor; SITC Shipping",5,2,1081,52,962,1200,1,1,1,{1}
2017-03-26,CNSWA,Shantou,HKHKG,"Hong Kong",2,2,"ANL; CMA CGM; CNC Line-Cheng Lie Navigation Co. Ltd.; MSC; Yang Ming",5,7,6096.6,859.5,2226,4258,1,1,1,"{1,1}"
2017-03-26,CNSWA,Shantou,KRINC,Inchon,1,1,"PanOcean; Sinokor",2,2,834,80,834,834,4,4,4,{4}
2017-03-26,CNTAC,Taicang,CNSHA,Shanghai,7,5,"Gold Star Line; HASCO; Jin Jiang; K Line; SITC Shipping; ZIM",6,15,7225.66666666667,1143.66666666667,831,1118,0,1,1,"{1,1,0,1,1,1,1}"
2017-03-26,CNTAC,Taicang,JPHKT,Hakata,2,2,"HASCO; Jin Jiang; Taicang Container Lines",3,2,1681,220,563,1118,2,2,2,"{2,2}"
2017-03-26,CNTAC,Taicang,JPNGO,Nagoya,1,1,"Taicang Container Lines",1,3,1043,180,1043,1043,2,2,2,{2}
2017-03-26,CNTAC,Taicang,JPOSA,Osaka,2,2,"Taicang Container Lines",1,2,1504,30,404,1100,1,1.5,2,"{1,2}"
2017-03-26,CNTAC,Taicang,JPTYO,Tokyo,1,1,"Taicang Container Lines",1,3,1043,180,1043,1043,4,4,4,{4}
2017-03-26,CNTAO,Qingdao,CNFOC,Fuzhou,1,1,"ANL; CMA CGM; CNC Line-Cheng Lie Navigation Co. Ltd.",3,4,3507,475,3426,3534,2,2,2,{2}
2017-03-26,CNTAO,Qingdao,CNLYG,Lianyungang,1,1,"ANL; CMA CGM; CNC Line-Cheng Lie Navigation Co. Ltd.; TS Lines",4,3,2903,466.666666666667,2742,3100,1,1,1,{1}
2017-03-26,CNTAO,Qingdao,CNNGB,Ningbo,10,10,"Alianca; ANL; APL; CCNI; CMA CGM; COSCO; Evergreen Line; Gold Star Line; Hamburg Sud; Hapag-Lloyd; Hyundai; K Line; Maersk Line; MCC; MELL; MOL; MSC; NYK; OOCL; UASC; Yang Ming; ZIM",22,86,65355.2215909091,5706.0696969697,1800,9326,2,2,3,"{2,3,2,2,2,2,2,2,2,3}"
2017-03-26,CNTAO,Qingdao,CNSHA,Shanghai,42,41,"Alianca; ANL; APL; Asean Seas Line; CMA CGM; CNC Line-Cheng Lie Navigation Co. Ltd.; COSCO; CULines-China United Lines; Evergreen Line; FESCO; Gold Star Line; Hamburg Sud; Hapag-Lloyd; Heung-A; Hyundai; Kambara Kisen Co., Ltd.; K Line; KMTC; Maersk Line; MCC; MOL; MSC; NewPac; NYK; OOCL; OPDR; PIL; Safmarine; SeaLand; Simatech; SITC Shipping; TS Lines; UASC; Wan Hai; Yang Ming; ZIM",36,271,234726.046731047,19048.7176351426,1020,20150,1,2,4,"{2,1,3,2,1,2,2,2,3,2,2,3,1,2,3,2,2,2,2,1,3,1,2,3,1,2,3,2,1,2,1,2,4,3,2,2,2,2,3,2,2,1}"
2017-03-26,CNTAO,Qingdao,CNSHK,Shekou,1,1,"Wan Hai",1,4,1403.5,85,1368,1510,5,5,5,{5}
2017-03-26,CNTAO,Qingdao,CNTXG,Xingang/Tianjin,6,6,"ANL; CMA CGM; COSCO; CULines-China United Lines; Gold Star Line; Hapag-Lloyd; HDASCO; Hyundai; K Line; Maersk Line; MCC; MOL; MSC; NileDutch; NYK; PIL; Safmarine; UASC; Yang Ming; ZIM",20,50,43648.2333333333,2794.1,2200,20150,1,2,3,"{3,2,2,1,2,2}"
2017-03-26,CNTAO,Qingdao,HKHKG,"Hong Kong",2,2,"APL; CMA CGM; COSCO; Evergreen Line; KMTC; OOCL; RCL; Yang Ming",8,10,8310,989.583333333333,2702,5652,3,3,3,"{3,3}"
2017-03-26,CNTAO,Qingdao,JPFKY,Fukuyama,1,1,"Kambara Kisen Co., Ltd.",1,3,915.333333333333,132,907,932,3,3,3,{3}
2017-03-26,CNTAO,Qingdao,JPNGO,Nagoya,1,1,"Centrans; Jin Jiang; StarOcean",3,1,698,120,698,698,3,3,3,{3}
2017-03-26,CNTAO,Qingdao,JPOSA,Osaka,5,5,"Asean Seas Line; COSCO; Jin Jiang; Sinotrans; SITC Shipping",5,7,4349,505,698,1100,2,2,3,"{3,2,2,2,2}"
2017-03-26,CNTAO,Qingdao,JPTYO,Tokyo,3,3,"COSCO; Jin Jiang; Sinokor; Sinotrans; SITC Shipping",5,8,3934.5,555,953,1858,3,3,3,"{3,3,3}"
2017-03-26,CNTAO,Qingdao,JPYOK,Yokohama,1,1,"Asean Seas Line",1,2,698,120,698,698,3,3,3,{3}
2017-03-26,CNTAO,Qingdao,KRINC,Inchon,3,2,"CK Line; PanOcean; PIL; SITC Shipping; TaiYoung Shipping",5,14,5430.75,300,932,3900,1,1,3,"{1,1,3}"
2017-03-26,CNTAO,Qingdao,KRKAN,Gwangyang,4,4,"ANL; APL; CK Line; CMA CGM; COSCO; Emirates Shipping; Gold Star Line; Heung-A; Hyundai; KMTC; Maersk Line; MCC; OOCL; RCL; Safmarine; Sinokor; TS Lines; X-Press; ZIM",19,18,17246.9404761905,1765.16666666667,1432,8819,1,1.5,2,"{2,1,1,2}"
2017-03-26,CNTAO,Qingdao,KRPTK,Pyongtaek,2,2,"Sinokor; SITC Shipping; TaiYoung Shipping",3,6,2008.5,200,928,1100,1,1.5,2,"{2,1}"
2017-03-26,CNTAO,Qingdao,KRPUS,Busan,15,15,"Alianca; ANL; APL; CMA CGM; CNC Line-Cheng Lie Navigation Co. Ltd.; COSCO; Dongjin Shipping; Dong Young; Easline Shipping; Evergreen Line; Hamburg Sud; Hapag-Lloyd; Heung-A; Hyundai; K Line; KMTC; Maersk Line; MCC; MOL; MSC; Namsung; NYK; OOCL; PanCon; PanOcean; Safmarine; Seago Line; Sinokor; TaiYoung Shipping; TS Lines; Yang Ming",31,105,106890.995959596,7064.29797979798,702,19272,1,2,3,"{3,2,2,2,3,2,2,2,2,1,2,2,1,1,2}"
2017-03-26,CNTAO,Qingdao,TWKHH,Kaohsiung,1,1,"Evergreen Line; Hapag-Lloyd; K Line; NYK; Simatech; TS Lines; Yang Ming",7,6,5664,500,5364,6039,3,3,3,{3}
2017-03-26,CNTXG,Xingang/Tianjin,CNDLC,Dalian,12,12,"ANL; APL; CMA CGM; CNC Line-Cheng Lie Navigation Co. Ltd.; COSCO; Dong Young; Evergreen Line; Gold Star Line; Hapag-Lloyd; HDASCO; Kambara Kisen Co., Ltd.; K Line; Maersk Line; MCC; MOL; Namsung; NYK; OOCL; RCL; Safmarine; Sinotrans; SITC Shipping; StarOcean; TS Lines; UASC; Yang Ming; ZIM",27,64,67857.395021645,5177.89935064935,706,20150,1,1,3,"{3,1,1,1,2,2,1,2,1,2,1,1}"
2017-03-26,CNTXG,Xingang/Tianjin,CNNGB,Ningbo,1,1,"COSCO; PIL",2,9,2078.88888888889,127.777777777778,1085,2800,3,3,3,{3}
2017-03-26,CNTXG,Xingang/Tianjin,CNSHA,Shanghai,2,2,"Maersk Line; MCC; MSC; Safmarine",4,22,14589.7333333333,1104.76666666667,4154,13092,2,3,4,"{2,4}"
2017-03-26,CNTXG,Xingang/Tianjin,CNTAO,Qingdao,16,16,"Alianca; ANL; APL; CMA CGM; CNC Line-Cheng Lie Navigation Co. Ltd.; COSCO; Evergreen Line; FESCO; Gold Star Line; Hamburg Sud; Hapag-Lloyd; Hyundai; K Line; KMTC; Maersk Line; MCC; MOL; MSC; NewPac; NYK; OOCL; PIL; RCL; Safmarine; Seago Line; Simatech; TS Lines; Wan Hai; Yang Ming; ZIM",30,106,93789.2401875902,6432.85245310245,1368,19272,1,2,3,"{2,3,2,2,3,2,1,1,3,3,3,2,1,2,3,2}"
2017-03-26,CNTXG,Xingang/Tianjin,CNWEI,Weihai,1,1,"Sinokor; SITC Shipping; TaiYoung Shipping",3,2,973,90,928,1018,1,1,1,{1}
2017-03-26,CNTXG,Xingang/Tianjin,CNYNT,Yantai,4,4,"COSCO; K Line; Sinokor; Sinotrans; SITC Shipping",5,11,5562.83333333333,871.666666666667,787,2664,1,1,1,"{1,1,1,1}"
2017-03-26,CNTXG,Xingang/Tianjin,KRPTK,Pyongtaek,1,1,"Sinokor; SITC Shipping; TaiYoung Shipping",3,2,973,90,928,1018,2,2,2,{2}
2017-03-26,CNTXG,Xingang/Tianjin,KRPUS,Busan,13,13,"Alianca; ANL; APL; CMA CGM; CNC Line-Cheng Lie Navigation Co. Ltd.; COSCO; CULines-China United Lines; Dongjin Shipping; Dong Young; Easline Shipping; Evergreen Line; FESCO; Gold Star Line; Hamburg Sud; Hapag-Lloyd; Heung-A; Hyundai; K Line; KMTC; Maersk Line; MCC; MOL; MSC; Namsung; NileDutch; NYK; OOCL; OPDR; PanOcean; PIL; Safmarine; Sinokor; Sinotrans; TaiYoung Shipping; WEC Lines; ZIM",36,61,61923.0757575758,5419.44848484848,958,17859,1,2,4,"{2,4,2,2,2,2,2,3,3,2,1,2,2}"
2017-03-26,CNWEI,Weihai,CNDLC,Dalian,1,1,StarOcean,1,1,679,106,679,679,1,1,1,{1}
2017-03-26,CNWEI,Weihai,CNTAO,Qingdao,1,1,"Asean Seas Line",1,2,698,120,698,698,1,1,1,{1}
2017-03-26,CNWEI,Weihai,CNYNT,Yantai,1,1,"COSCO; Sinotrans; SITC Shipping",3,1,542,200,542,542,1,1,1,{1}
2017-03-26,CNWEI,Weihai,KRPTK,Pyongtaek,1,1,"Sinokor; SITC Shipping; TaiYoung Shipping",3,2,973,90,928,1018,1,1,1,{1}
2017-03-26,CNXMN,Xiamen,CNDCB,"Da Chan Bay",1,1,"CMA CGM; HDASCO",2,6,4546.28571428571,442.857142857143,2724,5040,2,2,2,{2}
2017-03-26,CNXMN,Xiamen,CNNGB,Ningbo,4,4,"Alianca; ANL; APL; CCNI; CMA CGM; CNC Line-Cheng Lie Navigation Co. Ltd.; COSCO; Evergreen Line; FESCO; Hamburg Sud; Hapag-Lloyd; Hyundai; Maersk Line; Matson; MSC; OOCL; PIL",17,24,22913.4,2792.33333333333,2019,9953,2,2.5,3,"{2,2,3,3}"
2017-03-26,CNXMN,Xiamen,CNNSA,Nansha,3,3,"APL; CMA CGM; COSCO; Evergreen Line; Maersk Line; MCC; MSC; OOCL; PIL; Safmarine; Wan Hai",11,28,33890.2727272727,2257.57575757576,8200,15908,1,1,2,"{1,2,1}"
2017-03-26,CNXMN,Xiamen,CNSHA,Shanghai,3,3,"ANL; APL; CMA CGM; Hapag-Lloyd; K Line; Maersk Line; MCC; MOL; MSC; NYK; Safmarine",11,29,15013.5757575758,1190.37878787879,4496,8400,3,3,3,"{3,3,3}"
2017-03-26,CNXMN,Xiamen,CNSHK,Shekou,6,6,"Alianca; ANL; APL; CCNI; CMA CGM; COSCO; Evergreen Line; Gold Star Line; Hamburg Sud; Hapag-Lloyd; Hyundai; Maersk Line; MCC; MSC; OOCL; PIL; Safmarine; Yang Ming; ZIM",19,54,43004.7988095238,3178.20595238095,3889,15908,1,2,2,"{1,2,2,2,1,2}"
2017-03-26,CNXMN,Xiamen,CNTAO,Qingdao,3,3,"APL; CMA CGM; COSCO; Evergreen Line; K Line; Maersk Line; MCC; MSC; OOCL; Safmarine; SITC Shipping",11,26,27944.0227272727,2200.90909090909,2450,15908,3,4,4,"{4,4,3}"
2017-03-26,CNXMN,Xiamen,CNTXG,Xingang/Tianjin,2,2,"APL; CMA CGM; COSCO; Evergreen Line; FESCO; Gold Star Line; OOCL; OPDR; ZIM",9,21,19105.4166666667,1338.66666666667,4250,17859,3,3.5,4,"{4,3}"
2017-03-26,CNXMN,Xiamen,CNYTN,Yantian,4,4,"APL; CMA CGM; COSCO; Evergreen Line; Maersk Line; MCC; MSC; OOCL; Safmarine; Seago Line",10,42,40416.7505050505,2261.06666666667,3450,19154,1,1,2,"{2,1,1,1}"
2017-03-26,CNXMN,Xiamen,HKHKG,"Hong Kong",10,10,"Alianca; ANL; APL; CMA CGM; CNC Line-Cheng Lie Navigation Co. Ltd.; COSCO; Evergreen Line; Gold Star Line; Hamburg Sud; Hapag-Lloyd; K Line; KMTC; Maersk Line; MCC; MOL; NYK; OOCL; PIL; RCL; Safmarine; Sinotrans; SITC Shipping; TS Lines; UASC; Wan Hai; Yang Ming; ZIM",27,54,48459.0583333333,4711.08333333333,1042,10000,1,1,2,"{1,2,2,1,1,1,1,1,1,1}"
2017-03-26,CNXMN,Xiamen,JPNGO,Nagoya,1,1,"ANL; CMA CGM; CNC Line-Cheng Lie Navigation Co. Ltd.; Evergreen Line; TS Lines; Wan Hai; Yang Ming",7,2,3562,593,2824,4300,3,3,3,{3}
2017-03-26,CNXMN,Xiamen,JPOSA,Osaka,2,2,"ANL; APL; CMA CGM; CNC Line-Cheng Lie Navigation Co. Ltd.; Evergreen Line; OOCL; TS Lines; Yang Ming",8,6,6107,616,1440,4583,2,2.5,3,"{3,2}"
2017-03-26,CNXMN,Xiamen,JPTYO,Tokyo,2,2,"ANL; CMA CGM; CNC Line-Cheng Lie Navigation Co. Ltd.; COSCO; Evergreen Line; IAL-Interasia Lines; SITC Shipping; Wan Hai",8,6,3156.66666666667,396,1378,1728,4,4,4,"{4,4}"
2017-03-26,CNXMN,Xiamen,JPUKB,Kobe,1,1,"Evergreen Line; Wan Hai; Yang Ming",3,3,1650.66666666667,172,1496,1728,4,4,4,{4}
2017-03-26,CNXMN,Xiamen,KRINC,Inchon,5,5,"CK Line; Dong Young; Gold Star Line; Heung-A; Hyundai; KMTC; Namsung; Sinokor; SITC Shipping; SM Line; TS Lines; ZIM",12,12,7315.83333333333,936.333333333333,962,1800,2,3,3,"{3,3,2,2,3}"
2017-03-26,CNXMN,Xiamen,KRPUS,Busan,2,2,"Heung-A; RCL",2,4,2146,,1043,1103,3,3.5,4,"{3,4}"
2017-03-26,CNXMN,Xiamen,MYTPP,"Tanjung Pelepas",1,1,MCC,1,5,2546,501.6,2546,2546,5,5,5,{5}
2017-03-26,CNXMN,Xiamen,THLCH,"Laem Chabang",1,1,"Gold Star Line; Yang Ming; ZIM",3,3,1742.33333333333,187.333333333333,1708,1805,4,4,4,{4}
2017-03-26,CNXMN,Xiamen,TWKEL,Keelung,1,1,"K Line; TS Lines; Yang Ming",3,2,1512,225,1450,1574,1,1,1,{1}
2017-03-26,CNXMN,Xiamen,TWKHH,Kaohsiung,4,4,"APL; CMA CGM; COSCO; Evergreen Line; Hapag-Lloyd; Hyundai; K Line; Maersk Line; MCC; MOL; MSC; NYK; OOCL; Safmarine; UASC; Yang Ming",16,44,35064.1777777778,2707.35555555556,4500,14100,1,1.5,2,"{2,1,2,1}"
2017-03-26,CNXMN,Xiamen,USLAX,"Los Angeles CA",1,1,"APL; CMA CGM; COSCO; Evergreen Line; OOCL; PIL; Wan Hai",7,6,14171,200,13892,14414,14,14,14,{14}
2017-03-26,CNXMN,Xiamen,USLGB,"Long Beach CA",1,1,"Alianca; Hamburg Sud; Hyundai; Maersk Line; MCC; MSC; Safmarine; Seago Line",8,16,12582.875,775,13092,15550,13,13,13,{13}
2017-03-26,CNXMN,Xiamen,VNSGN,"Ho Chi Minh (VICT/Cat Lai)",2,2,"Gold Star Line; OOCL; RCL; Sinotrans; SITC Shipping; Yang Ming; ZIM",7,7,4436.41666666667,658,1805,2742,3,3,3,"{3,3}"
2017-03-26,CNYNT,Yantai,CNDLC,Dalian,3,3,"COSCO; Sinokor; Sinotrans; SITC Shipping",4,7,3260.5,340,787,1378,1,1,1,"{1,1,1}"
2017-03-26,CNYNT,Yantai,CNTXG,Xingang/Tianjin,1,1,"Easline Shipping; Heung-A; PanOcean; Sinotrans",4,1,1740,300,1740,1740,2,2,2,{2}
2017-03-26,CNYNT,Yantai,JPOSA,Osaka,1,1,"COSCO; Sinotrans; SITC Shipping",3,1,542,200,542,542,2,2,2,{2}
2017-03-26,CNYNT,Yantai,JPTYO,Tokyo,2,2,"COSCO; K Line; Sinotrans; SITC Shipping",4,5,3680.33333333333,661.666666666667,1037,2664,3,3.5,4,"{4,3}"
2017-03-26,CNYTN,Yantian,AUMEL,Melbourne,1,1,"Alianca; APL; Hamburg Sud; Hapag-Lloyd; Hyundai; Maersk Line; MSC",7,5,4980.2,376.4,4672,5466,12,12,12,{12}
2017-03-26,CNYTN,Yantian,CNNGB,Ningbo,5,5,"APL; CMA CGM; COSCO; Evergreen Line; Hapag-Lloyd; K Line; Maersk Line; MCC; MOL; MSC; NYK; OOCL; Yang Ming",13,45,40826.9943181818,2666.89393939394,4774,13208,1,2,3,"{3,2,1,2,2}"
2017-03-26,CNYTN,Yantian,CNSHA,Shanghai,3,3,"APL; CMA CGM; COSCO; Evergreen Line; Hapag-Lloyd; K Line; Maersk Line; MCC; MOL; MSC; NYK; OOCL; Safmarine; UASC; WEC Lines; Yang Ming",16,32,34159.2818181818,2516.18181818182,8063,19100,3,4,4,"{3,4,4}"
2017-03-26,CNYTN,Yantian,CNSHK,Shekou,2,2,"ANL; CMA CGM; CNC Line-Cheng Lie Navigation Co. Ltd.; COSCO; Evergreen Line; OOCL",6,12,11495.75,1047.625,3426,8452,1,1,1,"{1,1}"
2017-03-26,CNYTN,Yantian,CNTXG,Xingang/Tianjin,1,1,"Alianca; Hamburg Sud; Hyundai; Maersk Line; MCC; MSC; Safmarine; Seago Line",8,11,16665.2727272727,818.181818181818,15550,19224,4,4,4,{4}
2017-03-26,CNYTN,Yantian,CNXMN,Xiamen,5,5,"Alianca; ANL; APL; CCNI; CMA CGM; COSCO; Evergreen Line; Hamburg Sud; Hapag-Lloyd; Hyundai; Maersk Line; MCC; MSC; OOCL; PIL; Safmarine; Seago Line; Wan Hai",18,44,48559.475,3580,4532,15550,1,1,2,"{1,2,2,1,1}"
2017-03-26,CNYTN,Yantian,HKHKG,"Hong Kong",9,9,"Alianca; APL; CMA CGM; CNC Line-Cheng Lie Navigation Co. Ltd.; COSCO; CULines-China United Lines; Evergreen Line; Hamburg Sud; Hapag-Lloyd; Hyundai; K Line; Maersk Line; MCC; MOL; MSC; NYK; PIL; Safmarine; SITC Shipping; TS Lines; Wan Hai; Yang Ming",22,68,53190.4203463203,5041.18246753247,1016,9962,0,1,2,"{2,1,0,0,1,2,1,1,0}"
2017-03-26,CNYTN,Yantian,JPTYO,Tokyo,1,1,"Evergreen Line; IAL-Interasia Lines; Wan Hai",3,3,1736.66666666667,294,1702,1800,4,4,4,{4}
2017-03-26,CNYTN,Yantian,KRKAN,Gwangyang,1,1,"SM Line",1,3,1436,203.333333333333,1228,1550,3,3,3,{3}
2017-03-26,CNYTN,Yantian,KRPUS,Busan,2,2,"Hapag-Lloyd; K Line; Maersk Line; MCC; MOL; MSC; NYK; Yang Ming",8,21,18793.5181818182,1473.4,4250,14993,3,4,5,"{3,5}"
2017-03-26,CNYTN,Yantian,LKCMB,Colombo,1,1,"APL; CMA CGM; COSCO; Evergreen Line; OOCL",5,10,13860.8,720,13806,14354,7,7,7,{7}
2017-03-26,CNYTN,Yantian,MMRGN,Yangon,1,1,"MCC; SASCO",2,7,1085.71428571429,214,1022,1118,7,7,7,{7}
2017-03-26,CNYTN,Yantian,MYTPP,"Tanjung Pelepas",5,5,"Alianca; Hamburg Sud; Hyundai; Maersk Line; MCC; MSC; Safmarine; Seago Line",8,62,81592.7992424243,3325.90909090909,13092,20000,3,3,5,"{3,4,3,5,3}"
2017-03-26,CNYTN,Yantian,NLRTM,Rotterdam,1,1,"Hapag-Lloyd; K Line; MOL; NYK; UASC; Yang Ming",6,10,13470,910,8200,14100,23,23,23,{23}
2017-03-26,CNYTN,Yantian,PAONX,Colon,1,1,"APL; CMA CGM; COSCO; Evergreen Line; OOCL",5,10,8410.4,565.8,8000,8488,21,21,21,{21}
2017-03-26,CNYTN,Yantian,PHBTG,Batangas,1,1,"CNC Line-Cheng Lie Navigation Co. Ltd.; Evergreen Line; MCC",3,10,1541.9,298.7,1713,1714,2,2,2,{2}
2017-03-26,CNYTN,Yantian,SGSIN,Singapore,11,11,"APL; CMA CGM; COSCO; CULines-China United Lines; Evergreen Line; FESCO; Gold Star Line; Hapag-Lloyd; Hyundai; K Line; Maersk Line; MCC; MOL; MSC; NYK; OOCL; OPDR; Safmarine; Simatech; UASC; WEC Lines; X-Press; Yang Ming; ZIM",24,112,132629.948989899,7678.73535353535,4771,20150,3,4,5,"{3,3,3,4,4,3,4,4,5,4,4}"
2017-03-26,CNYTN,Yantian,TWKHH,Kaohsiung,5,5,"APL; CMA CGM; COSCO; Evergreen Line; Gold Star Line; Hapag-Lloyd; Hyundai; K Line; Maersk Line; MCC; MOL; MSC; NYK; OOCL; Yang Ming; ZIM",16,33,27641.2380952381,1626.34523809524,2824,6800,0,1,2,"{1,2,1,1,0}"
2017-03-26,CNYTN,Yantian,USHOU,"Houston TX",1,1,"CMA CGM; COSCO; Evergreen Line",3,9,4163.11111111111,384.666666666667,3450,4253,26,26,26,{26}
2017-03-26,CNYTN,Yantian,USLAX,"Los Angeles CA",2,2,"Evergreen Line; Hapag-Lloyd; K Line; MOL; NYK; Yang Ming",6,12,16481.1666666667,1466.83333333333,5652,10000,14,14,14,"{14,14}"
2017-03-26,CNYTN,Yantian,USLGB,"Long Beach CA",1,1,"CMA CGM; COSCO; PIL; Wan Hai",4,6,8489,466.666666666667,8200,8814,13,13,13,{13}
2017-03-26,CNYTN,Yantian,USTIW,"Tacoma WA",1,1,"Hapag-Lloyd; K Line; MOL; NYK; UASC; Yang Ming",6,7,6319.71428571429,355.142857142857,5704,6500,13,13,13,{13}
2017-03-26,CNYTN,Yantian,VNSGN,"Ho Chi Minh (VICT/Cat Lai)",1,1,MCC,1,3,1719,363,1713,1730,3,3,3,{3}
2017-03-26,CNYTN,Yantian,VNVUT,"Cai Mep (near Ho Chi Minh)",3,3,"APL; CMA CGM; COSCO; Evergreen Line; Hapag-Lloyd; K Line; Maersk Line; MCC; MOL; MSC; NYK; OOCL; Safmarine; UASC; Yang Ming",15,40,30820.095959596,1806.40404040404,8073,13880,2,3,3,"{2,3,3}"
2017-03-26,CNZHA,Zhanjiang,CNGON,Gaolan,1,1,"Wan Hai",1,3,1742,233.333333333333,1510,1858,0,0,0,{0}
2017-03-26,CNZHA,Zhanjiang,CNNSA,Nansha,1,1,PIL,1,4,1545.5,115,1398,1684,1,1,1,{1}
2017-03-26,CNZHA,Zhanjiang,HKHKG,"Hong Kong",1,1,"Evergreen Line",1,3,1163.33333333333,133.333333333333,1162,1164,2,2,2,{2}
2017-03-26,COADZ,"San Andres Island",USPEF,"Port Everglades FL",1,1,"King Ocean",1,2,233.5,20,205,262,8,8,8,{8}
2017-03-26,COBAQ,Barranquilla,AWBAR,Barcadera,1,1,"King Ocean",1,1,672,116,672,672,3,3,3,{3}
2017-03-26,COBAQ,Barranquilla,COCTG,Cartagena,4,4,"Alianca; Caribbean Feeder; Hamburg Sud; Hapag-Lloyd; King Ocean; Maersk Line; Seaboard Marine; SeaLand; ZIM",9,11,5578.75,953,957,1740,0,0.5,1,"{1,1,0,0}"
2017-03-26,COBAQ,Barranquilla,COSMR,"Santa Marta",3,3,"ANL; APL; CMA CGM; Evergreen Line; Hapag-Lloyd; King Ocean; Maersk Line; Melfi Marine; MOL; Seaboard Marine; SeaLand; X-Press; ZIM",13,10,3979.83333333333,775.083333333333,877,1708,0,1,1,"{0,1,1}"
2017-03-26,COBAQ,Barranquilla,COTRB,Turbo,1,1,"Alianca; Hamburg Sud",2,3,1673.33333333333,434.666666666667,1338,1841,2,2,2,{2}
2017-03-26,COBUN,Buenaventura,COCTG,Cartagena,1,1,"Alianca; CCNI; Hamburg Sud; Hapag-Lloyd",4,6,4155.83333333333,769.333333333333,4050,4256,2,2,2,{2}
2017-03-26,COBUN,Buenaventura,ECGYE,Guayaquil,4,4,"Alianca; APL; CCNI; CMA CGM; COSCO; Evergreen Line; Hamburg Sud; Hapag-Lloyd; Hyundai; K Line; Maersk Line; MSC; PIL; Safmarine; SeaLand; Wan Hai; Yang Ming",17,35,18219.7090909091,2705.63636363636,1180,9326,1,2,5,"{2,1,2,5}"
2017-03-26,COBUN,Buenaventura,HNSLO,"Puerto San Lorenzo",1,1,"Alianca; CCNI; Hamburg Sud",3,4,1819,467,1819,1819,2,2,2,{2}
2017-03-26,COBUN,Buenaventura,MXLZC,"Lazaro Cardenas",1,1,"Maersk Line; MCC; MSC; SeaLand",4,9,7816.55555555556,662,4250,9640,6,6,6,{6}
2017-03-26,COBUN,Buenaventura,PABLB,Balboa,2,2,"Evergreen Line; Maersk Line; MCC; MSC; Safmarine; SeaLand",6,15,5880.72727272727,1128.81818181818,1180,5466,1,1.5,2,"{2,1}"
2017-03-26,COBUN,Buenaventura,PAMIT,Manzanillo,2,2,"Alianca; ANL; APL; CCNI; CMA CGM; Hamburg Sud; Hapag-Lloyd",7,18,10637.3333333333,1580.44444444444,2530,10589,2,2,2,"{2,2}"
2017-03-26,COBUN,Buenaventura,PECLL,Callao,5,5,"Alianca; ANL; CCNI; CMA CGM; COSCO; Evergreen Line; Hamburg Sud; Hapag-Lloyd; Hyundai; Maersk Line; MCC; MSC; PIL; Safmarine; SeaLand; Wan Hai; Yang Ming",17,52,45284.7803030303,3387.46767676768,3752,13092,3,3,4,"{3,4,4,3,3}"
2017-03-26,COCTG,Cartagena,BRSUA,Suape,1,1,"Alianca; Hamburg Sud; Hapag-Lloyd; MSC; ZIM",5,7,5837.14285714286,1057.85714285714,5552,6750,8,8,8,{8}
2017-03-26,COCTG,Cartagena,COBAQ,Barranquilla,6,6,"Alianca; ANL; APL; Caribbean Feeder; CMA CGM; Evergreen Line; Hamburg Sud; Hapag-Lloyd; King Ocean; Maersk Line; Melfi Marine; MOL; Seaboard Marine; SeaLand; X-Press; ZIM",16,16,7427.16666666667,1545.75,672,1841,0,1,2,"{1,1,2,1,1,0}"
2017-03-26,COCTG,Cartagena,COSMR,"Santa Marta",2,2,"Hapag-Lloyd; Maersk Line; Seaboard Marine; SeaLand",4,5,3448,502,1708,1740,1,1,1,"{1,1}"
2017-03-26,COCTG,Cartagena,COTRB,Turbo,2,2,"APL; CMA CGM; Maersk Line; Seaboard Marine; SeaLand",5,6,5059.66666666667,948.666666666667,2442,2602,1,1.5,2,"{2,1}"
2017-03-26,COCTG,Cartagena,CRMOB,Moin,1,1,"Alianca; Hamburg Sud",2,3,1673.33333333333,434.666666666667,1338,1841,1,1,1,{1}
2017-03-26,COCTG,Cartagena,DOCAU,Caucedo,4,4,"ACL-Atlantic Container Line; Alianca; ANL; CMA CGM; Hamburg Sud; Hapag-Lloyd; Maersk Line; MOL; NYK; SeaLand; UASC; Yang Ming; ZIM",13,35,19998.6727272727,2065.51313131313,2468,10589,2,2,3,"{2,2,3,2}"
2017-03-26,COCTG,Cartagena,ECGYE,Guayaquil,3,3,"Alianca; APL; CCNI; CMA CGM; Hamburg Sud; Hapag-Lloyd",6,20,10284.5666666667,1980.35555555556,1732,4256,4,5,5,"{5,4,5}"
2017-03-26,COCTG,Cartagena,ESMPG,Marin,1,1,"Alianca; Hamburg Sud",2,6,2758.33333333333,685.666666666667,2506,2872,11,11,11,{11}
2017-03-26,COCTG,Cartagena,ESVLC,Valencia,1,1,"Alianca; CCNI; Hamburg Sud; Hapag-Lloyd",4,5,3508.4,664.8,1732,1819,14,14,14,{14}
2017-03-26,COCTG,Cartagena,JMKIN,Kingston,1,1,"Alianca; ANL; APL; CMA CGM; COSCO; Hamburg Sud; Hapag-Lloyd",7,11,8935.27272727273,681.818181818182,8189,9448,2,2,2,{2}
2017-03-26,COCTG,Cartagena,MXVER,Veracruz,1,1,"Alianca; Hamburg Sud; Hapag-Lloyd; Maersk Line; Melfi Marine; MSC; NYK; SeaLand; ZIM",9,8,5803.5,539,5527,6750,5,5,5,{5}
2017-03-26,COCTG,Cartagena,MXZLO,"Manzanillo, MEX",1,1,"Alianca; Hamburg Sud; Hapag-Lloyd; ZIM",4,11,4566.27272727273,369.090909090909,4250,4843,8,8,8,{8}
2017-03-26,COCTG,Cartagena,PABLB,Balboa,1,1,"Alianca; CMA CGM; Hamburg Sud; Hapag-Lloyd; Maersk Line; MSC; SeaLand",7,10,3510.4,741.1,3000,4250,1,1,1,{1}
2017-03-26,COCTG,Cartagena,PACTB,Cristobal,2,2,"Alianca; Hamburg Sud; Hapag-Lloyd; Maersk Line; MSC; Safmarine; SeaLand; ZIM",8,17,14937.0428571429,1277.15714285714,5552,9400,2,2,2,"{2,2}"
2017-03-26,COCTG,Cartagena,PAMIT,Manzanillo,8,8,"Alianca; ANL; APL; Caribbean Feeder; CMA CGM; Evergreen Line; Hamburg Sud; Hapag-Lloyd; King Ocean; Maersk Line; Marfret; Melfi Marine; MOL; Seaboard Marine; Seago Line; SeaLand; X-Press; ZIM",18,42,22485.2547619048,3617.94603174603,877,10589,1,1,4,"{1,1,1,4,1,2,2,1}"
2017-03-26,COCTG,Cartagena,PFPPT,"Papeete, Tahiti",1,1,"ANL; CMA CGM; Marfret",3,7,5720.85714285714,1162.28571428571,2797,3100,12,12,12,{12}
2017-03-26,COCTG,Cartagena,USLGB,"Long Beach CA",1,1,"ACL-Atlantic Container Line; CMA CGM; Hapag-Lloyd; MOL; NYK; UASC; Yang Ming",7,10,4909.8,275,4890,4922,8,8,8,{8}
2017-03-26,COCTG,Cartagena,USPEF,"Port Everglades FL",2,2,"Alianca; CCNI; Hamburg Sud; Hapag-Lloyd; King Ocean",5,10,5184.58333333333,1000.33333333333,957,4256,3,5.5,8,"{3,8}"
2017-03-26,COCTG,Cartagena,USPHL,"Philadelphia PA",1,1,"Alianca; CMA CGM; Hamburg Sud; Hapag-Lloyd; Maersk Line; MSC; SeaLand",7,10,3510.4,741.1,3000,4250,5,5,5,{5}
2017-03-26,COCTG,Cartagena,VELAG,"La Guaira",1,1,"Alianca; Hamburg Sud; Maersk Line; SeaLand",4,2,1774.5,321,1708,1841,2,2,2,{2}
2017-03-26,COCTG,Cartagena,VEPBL,"Puerto Cabello",1,1,"Alianca; Hamburg Sud; Maersk Line; MSC; SeaLand",5,2,2144.5,523.5,1819,2470,2,2,2,{2}
2017-03-26,COPBO,"Puerto Bolivar",DOHAI,"Rio Haina",1,1,"Seaboard Marine",1,2,1740,300,1740,1740,1,1,1,{1}
2017-03-26,COSMR,"Santa Marta",COCTG,Cartagena,1,1,"APL; CMA CGM; Evergreen Line; King Ocean; Melfi Marine; MOL; Seaboard Marine; X-Press; ZIM",9,3,957.333333333333,227.333333333333,877,1118,1,1,1,{1}
2017-03-26,COSMR,"Santa Marta",COPBO,"Puerto Bolivar",1,1,"Seaboard Marine",1,2,1740,300,1740,1740,1,1,1,{1}
2017-03-26,COSMR,"Santa Marta",CRMOB,Moin,1,1,Dole,1,2,2046,990,2046,2046,1,1,1,{1}
2017-03-26,COSMR,"Santa Marta",GBPME,Portsmouth,1,1,"Maersk Line",1,5,2550.8,600,2530,2556,12,12,12,{12}
2017-03-26,COSMR,"Santa Marta",JMKIN,Kingston,1,1,"ANL; CMA CGM",2,4,1314.5,345.75,1221,1347,1,1,1,{1}
2017-03-26,COSMR,"Santa Marta",PAMIT,Manzanillo,1,1,"Hapag-Lloyd; Maersk Line; Seaboard Marine; SeaLand",4,3,1708,202,1708,1708,2,2,2,{2}
2017-03-26,COSMR,"Santa Marta",TTPTS,"Point Lisas",1,1,"Hapag-Lloyd; Maersk Line; Seaboard Marine; SeaLand",4,3,1708,202,1708,1708,2,2,2,{2}
2017-03-26,COTRB,Turbo,COCTG,Cartagena,1,1,"Alianca; Hamburg Sud",2,3,1673.33333333333,434.666666666667,1338,1841,1,1,1,{1}
2017-03-26,COTRB,Turbo,COSMR,"Santa Marta",1,1,"Maersk Line",1,5,2550.8,600,2530,2556,1,1,1,{1}
2017-03-26,COTRB,Turbo,GPPTP,Pointe-a-Pitre,1,1,"CMA CGM; Marfret",2,6,2692,524.333333333333,2500,2790,3,3,3,{3}
2017-03-26,COTRB,Turbo,PAMIT,Manzanillo,2,2,"APL; CMA CGM; Maersk Line; Seaboard Marine; SeaLand",5,6,5059.66666666667,948.666666666667,2442,2602,1,2,3,"{3,1}"
2017-03-26,CRCAL,"Puerto Caldera",GTPRQ,"Puerto Quetzal",2,2,"Dole; Hapag-Lloyd; NYK",3,7,4169,1190.25,1540,2664,1,1.5,2,"{2,1}"
2017-03-26,CRCAL,"Puerto Caldera",MXZLO,"Manzanillo, MEX",1,1,"Alianca; CMA CGM; Evergreen Line; Hamburg Sud; Hapag-Lloyd; X-Press",6,2,1958.5,359.5,1795,2122,6,6,6,{6}
2017-03-26,CRLIO,"Puerto Limon",COTRB,Turbo,1,1,"CMA CGM; Marfret",2,6,2692,524.333333333333,2500,2790,1,1,1,{1}
2017-03-26,CRLIO,"Puerto Limon",DOHAI,"Rio Haina",1,1,"Seaboard Marine",1,3,1801.33333333333,333.333333333333,1550,2122,5,5,5,{5}
2017-03-26,CRLIO,"Puerto Limon",GTSTC,"Santo Tomas de Castilla",1,1,"Hapag-Lloyd; Maersk Line; MOL; SeaLand",4,5,2505.6,387.2,2468,2578,3,3,3,{3}
2017-03-26,CRLIO,"Puerto Limon",HNPCR,"Puerto Cortes",1,1,"Seaboard Marine",1,3,2512.33333333333,413.333333333333,2442,2566,2,2,2,{2}
2017-03-26,CRLIO,"Puerto Limon",JMKIN,Kingston,1,1,"CMA CGM; Hapag-Lloyd",2,6,2358.66666666667,566.666666666667,2260,2556,1,1,1,{1}
2017-03-26,CRLIO,"Puerto Limon",PACTB,Cristobal,1,1,"Great White Fleet; MSC",2,5,2545.6,496,2520,2572,1,1,1,{1}
2017-03-26,CRLIO,"Puerto Limon",PAMIT,Manzanillo,3,3,"APL; CMA CGM; Evergreen Line; Hapag-Lloyd; King Ocean; Maersk Line; Melfi Marine; MOL; Seaboard Marine; SeaLand; X-Press; ZIM",12,10,4758.93333333333,1004.53333333333,877,2578,1,1,2,"{1,1,2}"
2017-03-26,CRLIO,"Puerto Limon",PAONX,Colon,1,1,"Crowley; ZIM",2,2,1112,185,1102,1122,2,2,2,{2}
2017-03-26,CRLIO,"Puerto Limon",USILG,"Wilmington DE",1,1,"Great White Fleet",1,2,2490,566,2490,2490,5,5,5,{5}
2017-03-26,CRLIO,"Puerto Limon",USMIA,"Miami FL",1,1,"King Ocean; Seaboard Marine",2,2,1296,390,1296,1296,4,4,4,{4}
2017-03-26,CRLIO,"Puerto Limon",USPEF,"Port Everglades FL",1,1,"Crowley; ZIM",2,2,1112,185,1102,1122,4,4,4,{4}
2017-03-26,CRMOB,Moin,COCTG,Cartagena,1,1,"Alianca; Hamburg Sud",2,6,2758.33333333333,685.666666666667,2506,2872,1,1,1,{1}
2017-03-26,CRMOB,Moin,CUMAR,Mariel,1,1,"Alianca; Hamburg Sud",2,3,1673.33333333333,434.666666666667,1338,1841,3,3,3,{3}
2017-03-26,CRMOB,Moin,GTPBR,"Puerto Barrios",1,1,StreamLines,1,5,1479.2,415.6,1296,2122,2,2,2,{2}
2017-03-26,CRMOB,Moin,HNPCA,"Puerto Castilla",1,1,"Dole; King Ocean",2,2,900,445,890,910,1,1,1,{1}
2017-03-26,CRMOB,Moin,IEORK,Cork,1,1,"Maersk Line; Seago Line",2,6,2544.33333333333,600,2530,2556,13,13,13,{13}
2017-03-26,CRMOB,Moin,PAMIT,Manzanillo,1,1,"Evergreen Line; Maersk Line; Safmarine; SeaLand",4,4,1713,377,1713,1713,1,1,1,{1}
2017-03-26,CRMOB,Moin,USILG,"Wilmington DE",1,1,Dole,1,2,2046,990,2046,2046,5,5,5,{5}
2017-03-26,CRMOB,Moin,USPHL,"Philadelphia PA",1,1,"APL; CMA CGM; Maersk Line; SeaLand",4,3,2547.33333333333,535.333333333333,2490,2602,3,3,3,{3}
2017-03-26,CUMAR,Mariel,BZBGK,"Big Creek",1,1,"Maersk Line; Seago Line",2,6,2544.33333333333,600,2530,2556,1,1,1,{1}
2017-03-26,CUMAR,Mariel,CUSCU,"Santiago de Cuba",1,1,"Melfi Marine; ZIM",2,2,1709.5,338.5,1706,1713,3,3,3,{3}
2017-03-26,CUMAR,Mariel,GTPBR,"Puerto Barrios",1,1,"Alianca; Hamburg Sud",2,3,1673.33333333333,434.666666666667,1338,1841,2,2,2,{2}
2017-03-26,CUMAR,Mariel,GTSTC,"Santo Tomas de Castilla",1,1,Crowley,1,1,972,170,972,972,3,3,3,{3}
2017-03-26,CUMAR,Mariel,ITGOA,Genoa,1,1,"Melfi Marine",1,3,2730.61904761905,570.428571428571,1678,1795,14,14,14,{14}
2017-03-26,CUMAR,Mariel,JMKIN,Kingston,1,1,"CMA CGM; Melfi Marine; Seaboard Marine",3,3,1705,290,1669,1740,3,3,3,{3}
2017-03-26,CUMAR,Mariel,MXPGO,Progreso,1,1,"CMA CGM; Melfi Marine; Seaboard Marine",3,3,1705,290,1669,1740,2,2,2,{2}
2017-03-26,CUSCU,"Santiago de Cuba",COCTG,Cartagena,1,1,"Melfi Marine; ZIM",2,2,1709.5,338.5,1706,1713,2,2,2,{2}
2017-03-26,CVRAI,Praia,GWOXB,Bissau,2,2,"Maersk Line; Safmarine; Transinsular",3,4,6714.57142857143,645.428571428571,1129,1597,1,2,3,"{1,3}"
2017-03-26,CVVXE,"St Vincente",CVRAI,Praia,2,2,"Maersk Line; Safmarine; Transinsular",3,4,6714.57142857143,645.428571428571,1129,1597,1,1,1,"{1,1}"
2017-03-26,CWWIL,Willemstad,AWBAR,Barcadera,1,1,"Caribbean Feeder; Evergreen Line; Hapag-Lloyd; ZIM",4,2,1089.5,226,1061,1118,0,0,0,{0}
2017-03-26,CWWIL,Willemstad,BQKRA,Bonaire,1,1,"Alianca; Crowley; Hamburg Sud; King Ocean",4,3,1768,296,1714,1795,1,1,1,{1}
2017-03-26,CWWIL,Willemstad,COCTG,Cartagena,1,1,"ANL; CMA CGM",2,4,1314.5,345.75,1221,1347,2,2,2,{2}
2017-03-26,CYLMS,Limassol,EGALY,Alexandria,1,1,"MSC; WEC Lines; ZIM",3,5,6911.4,620,6673,7455,1,1,1,{1}
2017-03-26,CYLMS,Limassol,ILASH,Ashdod,2,2,"Alianca; Borchard Lines Ltd; Hamburg Sud; Hapag-Lloyd; Maersk Line; Safmarine; Seago Line; ZIM",8,9,5720,760,1216,4504,1,1,1,"{1,1}"
2017-03-26,DEBRV,Bremerhaven,BEANR,Antwerp,6,6,"ACL-Atlantic Container Line; Alianca; ANL; Borchard Lines Ltd; CMA CGM; COSCO; Hamburg Sud; Hapag-Lloyd; Hyundai; K Line; Maersk Line; MCC; MOL; MSC; NYK; Safmarine; Seago Line; Turkon; UASC; Yang Ming; ZIM",21,37,41173.4333333333,3678.91666666667,868,19272,1,1,2,"{1,2,1,2,1,1}"
2017-03-26,DEBRV,Bremerhaven,CUMAR,Mariel,1,1,"Maersk Line; Seago Line",2,6,2544.33333333333,600,2530,2556,16,16,16,{16}
2017-03-26,DEBRV,Bremerhaven,DEHAM,Hamburg,15,14,"Alianca; ANL; CMA CGM; COSCO; Evergreen Line; Hamburg Sud; Hapag-Lloyd; Hyundai; Maersk Line; Mann Lines; MCC; MSC; OOCL; Safmarine; Seago Line; SeaLand; Team Lines; Unifeeder; WEC Lines; X-Press; ZIM",21,47,44689.5666666667,3777.96666666667,648,19272,0,1,2,"{1,1,1,2,1,2,1,1,1,2,2,1,1,0,1}"
2017-03-26,DEBRV,Bremerhaven,DEWVN,Wilhelmshaven,1,1,"Maersk Line; Safmarine; Seago Line",3,8,9924.125,1275,9443,10100,1,1,1,{1}
2017-03-26,DEBRV,Bremerhaven,DKAAR,Aarhus,2,2,"Eimskip; Seago Line",2,3,2493,650,1036,1457,2,2,2,"{2,2}"
2017-03-26,DEBRV,Bremerhaven,DKCPH,Copenhagen,2,2,"CMA CGM; Evergreen Line; Hapag-Lloyd; Seago Line; Team Lines; Unifeeder",6,3,1736,450,868,868,1,1.5,2,"{2,1}"
2017-03-26,DEBRV,Bremerhaven,EETLL,"Tallinn Estonia",1,1,"Seago Line",1,3,1415.33333333333,327,1402,1440,3,3,3,{3}
2017-03-26,DEBRV,Bremerhaven,FIHEL,Helsinki,2,2,"MSC; Seago Line",2,5,2853.33333333333,392,1402,1440,3,3.5,4,"{4,3}"
2017-03-26,DEBRV,Bremerhaven,FIKEM,"Kemi Finland",1,1,X-Press,1,2,1036,250,1036,1036,4,4,4,{4}
2017-03-26,DEBRV,Bremerhaven,FIKTK,Kotka,1,1,MSC,1,2,1797,392.5,1719,1875,3,3,3,{3}
2017-03-26,DEBRV,Bremerhaven,FRLEH,"Le Havre",5,5,"Alianca; ANL; APL; CMA CGM; COSCO; Evergreen Line; Hamburg Sud; Hapag-Lloyd; Hyundai; Maersk Line; MOL; MSC; NYK; OOCL; Safmarine; Seago Line; SeaLand; Yang Ming",18,29,29989.6380952381,2370.81428571429,2808,8495,1,1,2,"{1,1,1,1,2}"
2017-03-26,DEBRV,Bremerhaven,GBFXT,Felixstowe,3,3,"Maersk Line; MCC; MSC; Safmarine; Seago Line",5,18,24782.9166666667,1405,1578,19154,1,1,1,"{1,1,1}"
2017-03-26,DEBRV,Bremerhaven,GBSOU,Southampton,1,1,"ACL-Atlantic Container Line; Hapag-Lloyd; NYK; Yang Ming",4,5,3141.8,469.2,2872,3237,1,1,1,{1}
2017-03-26,DEBRV,Bremerhaven,LTKLJ,"Klaipeda
",1,1,"Seago Line",1,2,868,150,868,868,3,3,3,{3}
2017-03-26,DEBRV,Bremerhaven,NLRTM,Rotterdam,6,6,"ACL-Atlantic Container Line; Alianca; CMA CGM; DAL-Deutsche Afrika Linien; Hamburg Sud; Hapag-Lloyd; Hyundai; Maersk Line; MCC; MOL; MSC; Safmarine; Seago Line; SeaLand",14,39,35119.4431818182,4426.22727272727,1440,20000,1,1,1,"{1,1,1,1,1,1}"
2017-03-26,DEBRV,Bremerhaven,NOEGE,Egersund,1,1,"Seago Line",1,1,862,204,862,862,1,1,1,{1}
2017-03-26,DEBRV,Bremerhaven,NOOSL,Oslo,1,1,"Seago Line",1,1,868,150,868,868,2,2,2,{2}
2017-03-26,DEBRV,Bremerhaven,PLGDN,Gdansk,1,1,"Maersk Line; MCC; MSC; Safmarine; Seago Line",5,12,18343.6666666667,550,18270,19154,3,3,3,{3}
2017-03-26,DEBRV,Bremerhaven,PLGDY,"Gdynia Poland",3,3,"CMA CGM; Evergreen Line; Hapag-Lloyd; MSC; OOCL; Team Lines; Unifeeder",7,7,7091.66666666667,1148.33333333333,1421,4250,1,2,4,"{4,1,2}"
2017-03-26,DEBRV,Bremerhaven,PLSZZ,Szczecin,1,1,"CMA CGM; Team Lines; Tschudi Express; Unifeeder",4,1,809,150,809,809,2,2,2,{2}
2017-03-26,DEBRV,Bremerhaven,RUKGD,Kaliningrad,1,1,"CMA CGM; Mann Lines",2,1,700,144,700,700,2,2,2,{2}
2017-03-26,DEBRV,Bremerhaven,RULED,"St Petersburg",2,2,"Maersk Line; MSC; Seago Line; SeaLand",4,10,5300.25,687.5,2226,3005,3,3,3,"{3,3}"
2017-03-26,DEBRV,Bremerhaven,SEHEL,Helsingborg,1,1,"Seago Line",1,1,862,204,862,862,2,2,2,{2}
2017-03-26,DEBRV,Bremerhaven,SESTO,Stockholm,1,1,X-Press,1,1,508,50,508,508,2,2,2,{2}
2017-03-26,DEBRV,Bremerhaven,USCHS,"Charleston SC",1,1,"APL; CMA CGM; COSCO; Evergreen Line; OOCL",5,6,5561.33333333333,569.333333333333,4043,6554,10,10,10,{10}
2017-03-26,DEBRV,Bremerhaven,USNYC,"New York NY/NJ",1,1,"ACL-Atlantic Container Line; Hapag-Lloyd; K Line; MOL; NYK; UASC; Yang Ming",7,4,4769,365,4255,5060,8,8,8,{8}
2017-03-26,DEBRV,Bremerhaven,USORF,"Norfolk VA",1,1,"Maersk Line; MSC; Safmarine",3,5,4666.8,420,4544,4824,9,9,9,{9}
2017-03-26,DEHAM,Hamburg,BEANR,Antwerp,16,16,"ACL-Atlantic Container Line; Alianca; ANL; APL; CMA CGM; COSCO; Evergreen Line; Hamburg Sud; Hapag-Lloyd; HDASCO; K Line; Maersk Line; MOL; MSC; NYK; OOCL; Safmarine; SCI-Shipping Corp. of India; SeaLand; UASC; WEC Lines; X-Press; Yang Ming; ZIM",24,125,132717.466414141,10823.9161616162,681,14993,1,2,3,"{1,1,2,1,2,2,1,3,1,2,2,1,2,2,2,1}"
2017-03-26,DEHAM,Hamburg,CAMTR,Montreal,1,1,"Hapag-Lloyd; OOCL",2,4,4312.25,400,4043,4402,9,9,9,{9}
2017-03-26,DEHAM,Hamburg,COTRB,Turbo,1,1,"Maersk Line",1,5,2550.8,600,2530,2556,15,15,15,{15}
2017-03-26,DEHAM,Hamburg,DEBRV,Bremerhaven,9,9,"Alianca; ANL; CMA CGM; Evergreen Line; Hamburg Sud; Hapag-Lloyd; Maersk Line; Mann Lines; MSC; OOCL; Safmarine; Seago Line; SeaLand; Team Lines; Tschudi Express; Unifeeder; X-Press",17,26,15263.0595238095,2585.40476190476,508,6402,1,1,1,"{1,1,1,1,1,1,1,1,1}"
2017-03-26,DEHAM,Hamburg,DKCPH,Copenhagen,1,1,Hapag-Lloyd,1,1,868,234,868,868,2,2,2,{2}
2017-03-26,DEHAM,Hamburg,DKFRC,Fredericia,2,2,"CMA CGM; COSCO; Evergreen Line; Hapag-Lloyd; Team Lines; Unifeeder",6,2,1986,454,868,1118,1,1,1,"{1,1}"
2017-03-26,DEHAM,Hamburg,FRLEH,"Le Havre",1,1,"Hapag-Lloyd; MSC; Stinnes",3,8,8446.125,768.75,7455,9200,0,0,0,{0}
2017-03-26,DEHAM,Hamburg,GBIMM,Immingham,1,1,"COSCO; Evergreen Line; Hapag-Lloyd; Tschudi Express; Unifeeder",5,2,890.5,160,809,972,2,2,2,{2}
2017-03-26,DEHAM,Hamburg,GBSOU,Southampton,1,1,"Hapag-Lloyd; K Line; MOL; NYK; UASC; Yang Ming",6,10,8933.6,480,8200,9040,1,1,1,{1}
2017-03-26,DEHAM,Hamburg,LTKLJ,"Klaipeda
",1,1,"CMA CGM; Evergreen Line; Hapag-Lloyd; OOCL; Team Lines; Unifeeder",6,3,995.666666666667,232.666666666667,877,1085,3,3,3,{3}
2017-03-26,DEHAM,Hamburg,LVRIX,Riga,1,1,"CMA CGM; COSCO; Evergreen Line; Team Lines; Unifeeder",5,1,1480,357.142857142857,1036,1036,3,3,3,{3}
2017-03-26,DEHAM,Hamburg,MAPTM,Tanger,2,2,"Alianca; Arkas Line; CMA CGM; Hamburg Sud; Hapag-Lloyd; Seago Line; UASC",7,10,7854.2,1590,1740,6552,5,5,5,"{5,5}"
2017-03-26,DEHAM,Hamburg,MXATM,Altamira,1,1,"Alianca; Hamburg Sud",2,6,2758.33333333333,685.666666666667,2506,2872,12,12,12,{12}
2017-03-26,DEHAM,Hamburg,NLRTM,Rotterdam,7,7,"ANL; APL; CMA CGM; COSCO; DAL-Deutsche Afrika Linien; Evergreen Line; FESCO; Hapag-Lloyd; K Line; MOL; NYK; OOCL; OPDR; UASC; Yang Ming",15,66,68743.7271561771,3546.46853146853,868,20150,1,1,2,"{2,1,1,1,1,1,1}"
2017-03-26,DEHAM,Hamburg,NOOSL,Oslo,1,1,Hapag-Lloyd,1,1,648,150,648,648,1,1,1,{1}
2017-03-26,DEHAM,Hamburg,PLGDN,Gdansk,1,1,"Seago Line",1,2,1126,225,1036,1216,2,2,2,{2}
2017-03-26,DEHAM,Hamburg,PLGDY,"Gdynia Poland",1,1,"COSCO; Yang Ming",2,1,1221,305,1221,1221,2,2,2,{2}
2017-03-26,DEHAM,Hamburg,RULED,"St Petersburg",5,4,"ANL; CMA CGM; COSCO; Evergreen Line; FESCO; Hapag-Lloyd; OOCL; Team Lines; Unifeeder; X-Press; Yang Ming",11,14,7682,1203.83333333333,1036,2400,3,4,5,"{4,3,4,5,3}"
2017-03-26,DEHAM,Hamburg,RUULU,"Ust Luga",3,3,"ANL; CMA CGM; COSCO; Evergreen Line; FESCO; Hapag-Lloyd; OOCL; Team Lines; Unifeeder; X-Press",10,7,4037.66666666667,735.166666666667,877,1730,1,3,4,"{4,3,1}"
2017-03-26,DEHAM,Hamburg,SEGOT,Gothenburg,1,1,"Alianca; Hamburg Sud; Hyundai; Maersk Line; MCC; MSC; Safmarine; Seago Line",8,12,17143.1666666667,600,18270,19272,2,2,2,{2}
2017-03-26,DEHAM,Hamburg,SEHAD,Halmstad,1,1,"ANL; CMA CGM; Team Lines; Unifeeder; ZIM",5,1,1036,250,1036,1036,3,3,3,{3}
2017-03-26,DEHAM,Hamburg,SENRK,Norrköping,1,1,"CMA CGM; Evergreen Line; Hapag-Lloyd; OOCL; Team Lines; Unifeeder",6,3,1565.66666666667,307.333333333333,1421,1638,3,3,3,{3}
2017-03-26,DEHAM,Hamburg,SESTO,Stockholm,1,1,"Hapag-Lloyd; Team Lines",2,1,658,102,658,658,2,2,2,{2}
2017-03-26,DEKEL,Kiel,NLRTM,Rotterdam,1,1,"ANL; CMA CGM; Evergreen Line; FESCO; Hapag-Lloyd; OOCL; Team Lines; Unifeeder; X-Press",9,3,1068.66666666667,245.333333333333,1036,1085,1,1,1,{1}
2017-03-26,DEKEL,Kiel,RULED,"St Petersburg",1,1,"ANL; CMA CGM; Evergreen Line; FESCO; Hapag-Lloyd; OOCL; Team Lines; Unifeeder; X-Press",9,3,1068.66666666667,245.333333333333,1036,1085,2,2,2,{2}
2017-03-26,DEWVN,Wilhelmshaven,DEBRV,Bremerhaven,3,3,"Alianca; Hamburg Sud; Hyundai; Maersk Line; MCC; MSC; Safmarine; Seago Line",8,16,19594.5,1177,1036,19272,1,1,1,"{1,1,1}"
2017-03-26,DEWVN,Wilhelmshaven,GBFXT,Felixstowe,1,1,"APL; CMA CGM; COSCO; Evergreen Line; OOCL",5,11,13171.2727272727,853,8063,19100,1,1,1,{1}
2017-03-26,DEWVN,Wilhelmshaven,NLRTM,Rotterdam,1,1,"Maersk Line; Safmarine; Seago Line",3,8,9924.125,1275,9443,10100,1,1,1,{1}
2017-03-26,DJJIB,Djibouti,EGSOK,Sokhna,1,1,"PIL; Unimed Feeder Services-UFS",2,5,2445,248,3000,3075,4,4,4,{4}
2017-03-26,DJJIB,Djibouti,INMUN,Mundra,1,1,"PIL; Unimed Feeder Services-UFS",2,5,2445,248,3000,3075,10,10,10,{10}
2017-03-26,DJJIB,Djibouti,MYPKG,"Port Klang",1,1,"APL; CMA CGM; COSCO; Evergreen Line; OOCL",5,8,5662.875,243.625,5094,8100,10,10,10,{10}
2017-03-26,DJJIB,Djibouti,OMSLL,Salalah,2,2,"APL; Maersk Line; Safmarine",3,18,12241.7662337662,1045.66233766234,6188,8110,1,1.5,2,"{2,1}"
2017-03-26,DJJIB,Djibouti,PKKHI,Karachi,1,1,"APL; CMA CGM; COSCO; MSC; UASC",5,8,8853.25,891.375,8400,9200,7,7,7,{7}
2017-03-26,DJJIB,Djibouti,SAJED,Jeddah,3,3,"ANL; APL; CMA CGM; COSCO; Evergreen Line; Maersk Line; OOCL; PIL; Safmarine",9,24,17740.621031746,891.30753968254,3560,8110,2,2,3,"{2,2,3}"
2017-03-26,DJJIB,Djibouti,SAKAC,"King Abdullah City",1,1,"DAL-Deutsche Afrika Linien; MSC",2,12,6109.08333333333,504.166666666667,4900,7455,2,2,2,{2}
2017-03-26,DJJIB,Djibouti,SGSIN,Singapore,1,1,"ANL; APL; CMA CGM; PIL",4,9,6222.88888888889,111.111111111111,3560,6606,10,10,10,{10}
2017-03-26,DJJIB,Djibouti,SOBBO,Berbera,1,1,"CMA CGM",1,1,3708,600,1854,1854,1,1,1,{1}
2017-03-26,DKAAL,Aalborg,DKAAR,Aarhus,1,1,"CMA CGM; Evergreen Line; Hapag-Lloyd; Team Lines; Unifeeder",5,1,868,234,868,868,0,0,0,{0}
2017-03-26,DKAAL,Aalborg,ISREY,Reykjavik,1,1,"Royal Arctic Line",1,1,2457.71428571429,314.285714285714,782,782,5,5,5,{5}
2017-03-26,DKAAL,Aalborg,SEGOT,Gothenburg,1,1,"Evergreen Line; OPDR; X-Press",3,1,698,128,698,698,1,1,1,{1}
2017-03-26,DKAAR,Aarhus,DEBRV,Bremerhaven,2,2,"CMA CGM; Evergreen Line; Hapag-Lloyd; Team Lines; Unifeeder",5,2,1736,468,868,868,1,2,3,"{3,1}"
2017-03-26,DKAAR,Aarhus,DEHAM,Hamburg,1,1,"CMA CGM; COSCO; Evergreen Line; Team Lines; Unifeeder",5,1,1118,220,1118,1118,2,2,2,{2}
2017-03-26,DKAAR,Aarhus,DEWVN,Wilhelmshaven,1,1,"Alianca; Hamburg Sud; Hyundai; Maersk Line; MCC; MSC; Safmarine; Seago Line",8,12,17143.1666666667,600,18270,19272,2,2,2,{2}
2017-03-26,DKAAR,Aarhus,DKCPH,Copenhagen,2,2,"CMA CGM; COSCO; Evergreen Line; MSC; Team Lines; Unifeeder",6,2,2556,280,1118,1438,1,1,1,"{1,1}"
2017-03-26,DKAAR,Aarhus,FOTHO,Thorshavn,1,1,Eimskip,1,2,1457,400,1457,1457,2,2,2,{2}
2017-03-26,DKAAR,Aarhus,ISREY,Reykjavik,1,1,Eimskip,1,2,698,120,698,698,5,5,5,{5}
2017-03-26,DKAAR,Aarhus,NLRTM,Rotterdam,2,2,"K Line; Sea Connect; Unifeeder",3,5,2135.5,350,660,822,2,2.5,3,"{2,3}"
2017-03-26,DKAAR,Aarhus,PLSZZ,Szczecin,1,1,Eimskip,1,2,698,120,698,698,1,1,1,{1}
2017-03-26,DKAAR,Aarhus,SEGOT,Gothenburg,1,1,"Seago Line",1,1,1036,250,1036,1036,1,1,1,{1}
2017-03-26,DKCPH,Copenhagen,BEANR,Antwerp,1,1,MSC,1,1,1438,60,1438,1438,2,2,2,{2}
2017-03-26,DKCPH,Copenhagen,LVRIX,Riga,1,1,"Seago Line",1,2,868,150,868,868,2,2,2,{2}
2017-03-26,DKCPH,Copenhagen,NOOSL,Oslo,1,1,"CMA CGM; Evergreen Line; Hapag-Lloyd; Team Lines; Unifeeder",5,1,868,300,868,868,1,1,1,{1}
2017-03-26,DKCPH,Copenhagen,SEHEL,Helsingborg,2,2,"CMA CGM; COSCO; Evergreen Line; Hapag-Lloyd; Team Lines; Unifeeder",6,2,1986,454,868,1118,0,0,0,"{0,0}"
2017-03-26,DKFRC,Fredericia,DKAAR,Aarhus,2,2,"CMA CGM; COSCO; Evergreen Line; MSC; Team Lines; Unifeeder",6,2,2556,280,1118,1438,0,0.5,1,"{1,0}"
2017-03-26,DKFRC,Fredericia,DKKAL,Kalundborg,1,1,"CMA CGM; Evergreen Line; Hapag-Lloyd; Team Lines; Unifeeder",5,1,868,234,868,868,0,0,0,{0}
2017-03-26,DKKAL,Kalundborg,DKAAL,Aalborg,1,1,"CMA CGM; Evergreen Line; Hapag-Lloyd; Team Lines; Unifeeder",5,1,868,234,868,868,1,1,1,{1}
2017-03-26,DMRSU,Roseau,BBBGI,Bridgetown,1,1,"King Ocean",1,4,1028.75,231,957,1118,1,1,1,{1}
2017-03-26,DMRSU,Roseau,GPPTP,Pointe-a-Pitre,1,1,"APL; CMA CGM",2,2,1116,220,1114,1118,1,1,1,{1}
2017-03-26,DOCAU,Caucedo,BRSSZ,Santos,1,1,"MSC; ZIM",2,8,6326.875,507.5,4549,6750,3,3,3,{3}
2017-03-26,DOCAU,Caucedo,BRSUA,Suape,1,1,"Alianca; Hamburg Sud; Hapag-Lloyd; Maersk Line; Melfi Marine; MSC; NYK; SeaLand; ZIM",9,8,5803.5,539,5527,6750,7,7,7,{7}
2017-03-26,DOCAU,Caucedo,COCTG,Cartagena,2,2,"Alianca; ANL; CMA CGM; Hamburg Sud; Hapag-Lloyd",5,12,9690.33333333333,1468.88888888889,1338,10589,2,2,2,"{2,2}"
2017-03-26,DOCAU,Caucedo,DOHAI,"Rio Haina",1,1,"APL; Evergreen Line; Maersk Line; MSC; SeaLand",5,2,3385,300,3380,3390,1,1,1,{1}
2017-03-26,DOCAU,Caucedo,JMKIN,Kingston,3,3,"Alianca; APL; CCNI; CMA CGM; Hamburg Sud; Hapag-Lloyd; MSC; ZIM",8,18,7889.66666666667,1440.88888888889,2260,3200,1,1,2,"{1,1,2}"
2017-03-26,DOCAU,Caucedo,NLRTM,Rotterdam,1,1,"Alianca; ANL; CMA CGM; Hamburg Sud; Hapag-Lloyd",5,9,8017,1034.22222222222,3752,10589,11,11,11,{11}
2017-03-26,DOCAU,Caucedo,PAMIT,Manzanillo,1,1,"Maersk Line; Safmarine; SeaLand",3,10,3069.9,761.8,3003,3078,3,3,3,{3}
2017-03-26,DOCAU,Caucedo,PAONX,Colon,1,1,"APL; Evergreen Line; Maersk Line; MSC; SeaLand",5,2,3385,300,3380,3390,2,2,2,{2}
2017-03-26,DOCAU,Caucedo,PRSJU,"San Juan PR",2,2,"Alianca; Caribbean Feeder; Hamburg Sud; Hapag-Lloyd; Maersk Line; MOL; Seaboard Marine; SeaLand; ZIM",9,7,3607.6,607.2,1102,2578,1,1,1,"{1,1}"
2017-03-26,DOCAU,Caucedo,PTLIS,Lisbon,1,1,"Alianca; Hamburg Sud; Hapag-Lloyd; ZIM",4,11,4566.27272727273,369.090909090909,4250,4843,9,9,9,{9}
2017-03-26,DOCAU,Caucedo,SGSIN,Singapore,1,1,"Alianca; ANL; APL; CMA CGM; COSCO; Hamburg Sud; Hapag-Lloyd",7,11,8935.27272727273,681.818181818182,8189,9448,30,30,30,{30}
2017-03-26,DOCAU,Caucedo,TTPOS,"Port of Spain",1,1,MSC,1,2,1933,275,1858,2008,2,2,2,{2}
2017-03-26,DOCAU,Caucedo,USSAV,"Savannah GA",1,1,"ACL-Atlantic Container Line; CMA CGM; Hapag-Lloyd; MOL; NYK; UASC; Yang Ming",7,10,4909.8,275,4890,4922,4,4,4,{4}
2017-03-26,DOCAU,Caucedo,VGRAD,Tortola,1,1,"Tropical Shipping",1,2,1118,220,1118,1118,0,0,0,{0}
2017-03-26,DOHAI,"Rio Haina",COBAQ,Barranquilla,1,1,"King Ocean",1,4,1028.75,231,957,1118,2,2,2,{2}
2017-03-26,DOHAI,"Rio Haina",DOCAU,Caucedo,2,2,"Alianca; Caribbean Feeder; Hamburg Sud; MSC; Seaboard Marine; ZIM",6,4,3035,495,1102,2008,0,0.5,1,"{0,1}"
2017-03-26,DOHAI,"Rio Haina",DOPOP,"Puerto Plata",1,1,"Seaboard Marine",1,1,1114,220,1114,1114,2,2,2,{2}
2017-03-26,DOHAI,"Rio Haina",HTLFF,"Port Lafito",1,1,"Seaboard Marine",1,2,1740,300,1740,1740,1,1,1,{1}
2017-03-26,DOHAI,"Rio Haina",HTPAP,Port-au-Prince,1,1,Crowley,1,1,972,170,972,972,2,2,2,{2}
2017-03-26,DOHAI,"Rio Haina",JMKIN,Kingston,2,2,"CMA CGM; Melfi Marine; Seaboard Marine",3,6,3506.33333333333,623.333333333333,1550,2122,1,1.5,2,"{2,1}"
2017-03-26,DOHAI,"Rio Haina",PRSJU,"San Juan PR",2,2,"APL; CMA CGM; Evergreen Line; Maersk Line; MSC; SeaLand",6,4,4501,520,1114,3390,0,0.5,1,"{1,0}"
2017-03-26,DOHAI,"Rio Haina",TTPTS,"Point Lisas",1,1,"Caribbean Feeder; Hapag-Lloyd; ZIM",3,3,699.333333333333,120,698,702,3,3,3,{3}
2017-03-26,DOHAI,"Rio Haina",USNYC,"New York NY/NJ",1,1,"Seaboard Marine",1,3,1801.33333333333,333.333333333333,1550,2122,6,6,6,{6}
2017-03-26,DOHAI,"Rio Haina",USPEF,"Port Everglades FL",2,2,"Crowley; King Ocean; Seaboard Marine",3,5,2000.75,401,957,1118,3,3.5,4,"{3,4}"
2017-03-26,DOPOP,"Puerto Plata",DOHAI,"Rio Haina",1,1,"Seaboard Marine",1,3,1801.33333333333,333.333333333333,1550,2122,1,1,1,{1}
2017-03-26,DOPOP,"Puerto Plata",USMIA,"Miami FL",2,2,"Seaboard Marine",1,3,2854,520,1114,1740,1,1.5,2,"{2,1}"
2017-03-26,ECESM,Esmeraldas,PEPAI,Paita,1,1,"APL; Maersk Line; MSC; SeaLand",4,6,2511.5,556.666666666667,2339,2546,5,5,5,{5}
2017-03-26,ECGYE,Guayaquil,CLARI,Arica,1,1,"Alianca; Hamburg Sud; Hapag-Lloyd",3,8,3485.125,493.875,3405,3600,5,5,5,{5}
2017-03-26,ECGYE,Guayaquil,COBUN,Buenaventura,2,2,"Alianca; APL; CCNI; CMA CGM; Evergreen Line; Hamburg Sud; Hapag-Lloyd; SeaLand",8,13,4075.33333333333,886.222222222222,1180,3091,2,2,2,"{2,2}"
2017-03-26,ECGYE,Guayaquil,CRCAL,"Puerto Caldera",1,1,Dole,1,3,1540,770,1540,1540,2,2,2,{2}
2017-03-26,ECGYE,Guayaquil,PABLB,Balboa,7,7,"ACL-Atlantic Container Line; Alianca; APL; CCNI; CMA CGM; COSCO; Hamburg Sud; Hapag-Lloyd; Hyundai; K Line; Maersk Line; MOL; MSC; Safmarine; Seago Line; SeaLand; X-Press",17,45,25100.5590909091,5550.60303030303,1341,9326,2,2,3,"{3,3,3,2,2,2,2}"
2017-03-26,ECGYE,Guayaquil,PAROD,Rodman,1,1,"Seaboard Marine",1,1,1296,390,1296,1296,4,4,4,{4}
2017-03-26,ECGYE,Guayaquil,PECLL,Callao,6,6,"Alianca; APL; CCNI; CMA CGM; COSCO; Evergreen Line; Hamburg Sud; Hapag-Lloyd; King Ocean; PIL; SeaLand; Wan Hai; Yang Ming",13,35,17359.4666666667,2942.55555555556,523,5512,2,2,3,"{2,3,2,2,2,3}"
2017-03-26,ECGYE,Guayaquil,USPEF,"Port Everglades FL",1,1,"King Ocean",1,1,1046,182,523,523,8,8,8,{8}
2017-03-26,EESLM,Sillamae,NLRTM,Rotterdam,1,1,"Seago Line",1,2,1797,392.5,1719,1875,2,2,2,{2}
2017-03-26,EETLL,"Tallinn Estonia",BEANR,Antwerp,1,1,MSC,1,2,1438,65,1438,1438,3,3,3,{3}
2017-03-26,EETLL,"Tallinn Estonia",FIKTK,Kotka,1,1,"Seago Line",1,3,1415.33333333333,327,1402,1440,1,1,1,{1}
2017-03-26,EETLL,"Tallinn Estonia",FIRAU,"Rauma Finland",2,2,"CMA CGM; Evergreen Line; Hapag-Lloyd; OOCL; Team Lines; Unifeeder",6,5,2435.66666666667,548.666666666667,877,1440,2,2,2,"{2,2}"
2017-03-26,EETLL,"Tallinn Estonia",LTKLJ,"Klaipeda
",1,1,"Seago Line",1,1,1730,200,1730,1730,1,1,1,{1}
2017-03-26,EETLL,"Tallinn Estonia",NLRTM,Rotterdam,1,1,"Evergreen Line; Hapag-Lloyd; OOCL; Unifeeder; X-Press",5,3,970.666666666667,212.666666666667,868,1036,3,3,3,{3}
2017-03-26,EGALY,Alexandria,GRPIR,Piraeus,1,1,"COSCO; Evergreen Line; OOCL",3,8,7988.75,572.625,7024,8452,1,1,1,{1}
2017-03-26,EGALY,Alexandria,ILASH,Ashdod,1,1,"Alianca; Borchard Lines Ltd; Hamburg Sud; Hapag-Lloyd; Maersk Line; Safmarine; Seago Line; ZIM",8,5,4504,560,4504,4504,2,2,2,{2}
2017-03-26,EGALY,Alexandria,LBBEY,Beirut,1,1,"Alianca; CMA CGM; Hamburg Sud; Hapag-Lloyd; Seago Line",5,5,5963.8,1236.8,5552,6552,2,2,2,{2}
2017-03-26,EGALY,Alexandria,TRMER,Mersin,3,3,"Gold Star Line; MSC; NileDutch; Turkon; WEC Lines; ZIM",6,19,13211.3047619048,1425.33333333333,1878,7455,1,3,3,"{3,1,3}"
2017-03-26,EGDAM,Damietta,DEHAM,Hamburg,1,1,HDASCO,1,3,4602,650,2478,2478,9,9,9,{9}
2017-03-26,EGDAM,Damietta,EGPSD,"Port Said",1,1,"Maersk Line; Safmarine",2,8,4968.75,557.5,5466,6802,1,1,1,{1}
2017-03-26,EGDAM,Damietta,ESBCN,Barcelona,1,1,"Hapag-Lloyd; K Line; MOL; NYK; UASC; Yang Ming",6,9,8272.77777777778,384.444444444444,8073,8749,6,6,6,{6}
2017-03-26,EGDAM,Damietta,GBFXT,Felixstowe,1,1,"Alianca; Borchard Lines Ltd; Hamburg Sud; Hapag-Lloyd; Maersk Line; Safmarine; Seago Line; ZIM",8,5,4504,560,4504,4504,7,7,7,{7}
2017-03-26,EGDAM,Damietta,MTMAR,"Malta (Marsaxlokk)",1,1,"ANL; CMA CGM; Hapag-Lloyd",3,13,5661.69230769231,461.923076923077,5250,5782,3,3,3,{3}
2017-03-26,EGDAM,Damietta,REPDG,"Reunion Island",1,1,"ANL; CMA CGM; Hapag-Lloyd",3,13,5661.69230769231,461.923076923077,5250,5782,11,11,11,{11}
2017-03-26,EGDAM,Damietta,SAJED,Jeddah,1,1,"APL; CMA CGM; COSCO; Evergreen Line; OOCL",5,10,6364.5,382,5618,7024,3,3,3,{3}
2017-03-26,EGDAM,Damietta,SGSIN,Singapore,1,1,"Hapag-Lloyd; K Line; MOL; NYK; UASC; Yang Ming",6,9,8272.77777777778,384.444444444444,8073,8749,13,13,13,{13}
2017-03-26,EGDAM,Damietta,TRMER,Mersin,1,1,"Maersk Line; Safmarine",2,8,4968.75,557.5,5466,6802,2,2,2,{2}
2017-03-26,EGDAM,Damietta,USNYC,"New York NY/NJ",1,1,"ANL; APL; CMA CGM; Hapag-Lloyd; NYK; OOCL; UASC",7,8,6410.375,748.25,5608,6589,12,12,12,{12}
2017-03-26,EGPSD,"Port Said",DJJIB,Djibouti,1,1,"APL; Maersk Line; Safmarine",3,11,6386.90909090909,509.090909090909,6188,6750,4,4,4,{4}
2017-03-26,EGPSD,"Port Said",EGDAM,Damietta,1,1,"Maersk Line; Safmarine",2,8,4968.75,557.5,5466,6802,1,1,1,{1}
2017-03-26,EGPSD,"Port Said",ILHFA,Haifa,1,1,"Maersk Line; MCC; MSC; Safmarine",4,15,9141.2,733.333333333333,9034,13102,1,1,1,{1}
2017-03-26,EGPSD,"Port Said",ITSAL,Salerno,1,1,"Alianca; CMA CGM; Hamburg Sud; Hapag-Lloyd; Seago Line",5,5,5963.8,1236.8,5552,6552,3,3,3,{3}
2017-03-26,EGPSD,"Port Said",LBBEY,Beirut,2,2,"APL; CMA CGM; COSCO; Evergreen Line; Maersk Line; MCC; MSC; OOCL; Safmarine; WEC Lines",10,21,21467.2090909091,1720.58181818182,8386,14000,1,1.5,2,"{2,1}"
2017-03-26,EGPSD,"Port Said",MTMAR,"Malta (Marsaxlokk)",3,3,"ANL; APL; CMA CGM; COSCO; Evergreen Line; Hapag-Lloyd; Maersk Line; Marguisa; OOCL; Safmarine; UASC",11,24,21949.5,1739.42857142857,5618,10000,2,3,4,"{4,2,3}"
2017-03-26,EGPSD,"Port Said",MYPKG,"Port Klang",1,1,"APL; CMA CGM; COSCO; Evergreen Line; OOCL",5,10,9126.3,902.4,8386,9443,15,15,15,{15}
2017-03-26,EGPSD,"Port Said",SAJED,Jeddah,5,5,"ANL; APL; CMA CGM; COSCO; Hapag-Lloyd; Maersk Line; Marguisa; NYK; OOCL; Safmarine; UASC",11,36,33299.125,3412.67857142857,5250,10000,1,3,5,"{1,3,5,2,3}"
2017-03-26,EGPSD,"Port Said",SAKAC,"King Abdullah City",2,2,"Maersk Line; MCC; MSC; Safmarine",4,26,22905.5636363636,1751.51515151515,9034,15908,2,2,2,"{2,2}"
2017-03-26,EGPSD,"Port Said",TRMER,Mersin,1,1,"ANL; CMA CGM; COSCO; Hapag-Lloyd; UASC",5,6,6335,749.5,5250,6921,2,2,2,{2}
2017-03-26,EGSOK,Sokhna,JOAQB,Aqaba,3,3,"ANL; APL; CMA CGM; COSCO; Evergreen Line; OOCL; PIL; UASC; Unimed Feeder Services-UFS",9,19,19243.5138888889,821.111111111111,3560,9661,1,2,3,"{1,3,2}"
2017-03-26,EGSOK,Sokhna,SAJED,Jeddah,1,1,"PIL; Unimed Feeder Services-UFS",2,5,2445,248,3000,3075,1,1,1,{1}
2017-03-26,EGSOK,Sokhna,SAKAC,"King Abdullah City",1,1,"CMA CGM; MSC; WEC Lines",3,4,3234.75,262.5,2480,3534,2,2,2,{2}
2017-03-26,ERMSW,Massawa,SAJED,Jeddah,1,1,"WEC Lines",1,1,728,,364,364,2,2,2,{2}
2017-03-26,ESACE,Arrecife,ESALC,Alicante,1,1,"Arkas Line; Nisa Maritima",2,2,946,210,942,950,3,3,3,{3}
2017-03-26,ESACE,Arrecife,ESCAR,"Cartagena, Spain",1,1,"WEC Lines",1,2,878.5,232.5,868,889,3,3,3,{3}
2017-03-26,ESACE,Arrecife,ESFUE,"Puerto del Rosario",1,1,"ANL; Boluda Lines; CMA CGM; Hapag-Lloyd",4,2,1637.5,210,1267,2008,1,1,1,{1}
2017-03-26,ESACE,Arrecife,ESLPA,"Las Palmas, Can Is",1,1,"Yaiza Shipping",1,1,1606,360,803,803,1,1,1,{1}
2017-03-26,ESACE,Arrecife,ESSCT,Tenerife,1,1,"Boluda Lines; CMA CGM; Hapag-Lloyd; OPDR",4,2,1730,350,1730,1730,4,4,4,{4}
2017-03-26,ESALC,Alicante,ESBCN,Barcelona,2,2,"Yaiza Shipping",1,2,3214,720,803,804,1,1,1,"{1,1}"
2017-03-26,ESALC,Alicante,ESLPA,"Las Palmas, Can Is",1,1,"Boluda Lines; OPDR",2,1,749,102,749,749,3,3,3,{3}
2017-03-26,ESALC,Alicante,ESMOT,Motril,1,1,"Yaiza Shipping",1,1,1608,360,804,804,1,1,1,{1}
2017-03-26,ESALC,Alicante,ESSAG,Sagunto,1,1,"Arkas Line; Nisa Maritima",2,2,946,210,942,950,1,1,1,{1}
2017-03-26,ESALC,Alicante,ESSCT,Tenerife,1,1,"Arkas Line; Nisa Maritima",2,2,946,210,942,950,3,3,3,{3}
2017-03-26,ESALC,Alicante,ESVLC,Valencia,1,1,"Boluda Lines; CMA CGM; Hapag-Lloyd; OPDR",4,2,1730,350,1730,1730,1,1,1,{1}
2017-03-26,ESALG,Algeciras,BEANR,Antwerp,1,1,"ANL; CMA CGM; NileDutch",3,8,3571.625,706.25,3400,3739,6,6,6,{6}
2017-03-26,ESALG,Algeciras,BJCOO,Cotonou,1,1,"CMA CGM; UASC",2,4,2473,371.5,2824,3534,9,9,9,{9}
2017-03-26,ESALG,Algeciras,BRSSA,Salvador,1,1,"Maersk Line; MSC; Safmarine",3,6,8668.5,800,6881,9403,12,12,12,{12}
2017-03-26,ESALG,Algeciras,BRSSZ,Santos,1,1,"Alianca; COSCO; Hamburg Sud; Maersk Line; MSC; Safmarine; Seago Line",7,8,7373,1456.25,7450,9034,10,10,10,{10}
2017-03-26,ESALG,Algeciras,CAHAL,Halifax,1,1,"COSCO; Hapag-Lloyd; NYK; Yang Ming; ZIM",5,7,4250.85714285714,380,4250,4253,8,8,8,{8}
2017-03-26,ESALG,Algeciras,CIABJ,Abidjan,1,1,"Maersk Line; Safmarine",2,5,1980.8,338,2474,2478,5,5,5,{5}
2017-03-26,ESALG,Algeciras,DOCAU,Caucedo,1,1,"Maersk Line; Safmarine; SeaLand",3,10,3069.9,761.8,3003,3078,13,13,13,{13}
2017-03-26,ESALG,Algeciras,EGALY,Alexandria,1,1,"NileDutch; Turkon",2,5,2414.57142857143,450,1878,1878,5,5,5,{5}
2017-03-26,ESALG,Algeciras,EGPSD,"Port Said",1,1,"APL; Maersk Line; Safmarine",3,11,6386.90909090909,509.090909090909,6188,6750,6,6,6,{6}
2017-03-26,ESALG,Algeciras,ESBCN,Barcelona,1,1,"Maersk Line; MSC; Safmarine; SeaLand",4,7,6178.71428571429,408.571428571429,4549,6750,2,2,2,{2}
2017-03-26,ESALG,Algeciras,ESMLN,Melilla,1,1,"Maersk Line; X-Press",2,2,838.5,225,809,868,2,2,2,{2}
2017-03-26,ESALG,Algeciras,ESMPG,Marin,1,1,"Maersk Line; Safmarine; Seago Line",3,7,2401.71428571429,336,2478,3586,4,4,4,{4}
2017-03-26,ESALG,Algeciras,ESSVQ,Seville,1,1,"CMA CGM; OPDR",2,3,698,120,698,698,1,1,1,{1}
2017-03-26,ESALG,Algeciras,ESVLC,Valencia,2,2,"Maersk Line; MSC; Safmarine",3,14,15033.2857142857,1351.42857142857,4549,10000,2,2,2,"{2,2}"
2017-03-26,ESALG,Algeciras,FRDKK,Dunkirk,1,1,"CMA CGM; COSCO; NileDutch; OPDR; UASC",5,6,3592.5,499.833333333333,3421,3650,4,4,4,{4}
2017-03-26,ESALG,Algeciras,GBFXT,Felixstowe,2,2,"Alianca; CMA CGM; Hamburg Sud; Hapag-Lloyd; Hyundai; Maersk Line; MCC; MSC; Safmarine; Seago Line",10,16,22629.0727272727,2054.98181818182,5552,19224,3,3,3,"{3,3}"
2017-03-26,ESALG,Algeciras,GBLIV,Liverpool,1,1,"Seago Line",1,2,1657,275,1574,1740,6,6,6,{6}
2017-03-26,ESALG,Algeciras,GBSOU,Southampton,1,1,"APL; CMA CGM; COSCO; Evergreen Line; FESCO; OOCL; OPDR",7,12,15220.0833333333,983.333333333333,13880,17859,3,3,3,{3}
2017-03-26,ESALG,Algeciras,GBTIL,Tilbury,1,1,"ANL; CMA CGM; Marfret; OPDR",4,6,1999.16666666667,163.333333333333,1678,2339,4,4,4,{4}
2017-03-26,ESALG,Algeciras,GNCKY,Conakry,3,3,"CMA CGM; Maersk Line; Safmarine; Seago Line",4,15,5998.46428571429,948.25,1180,3586,6,7,9,"{9,7,6}"
2017-03-26,ESALG,Algeciras,ITLIV,Leghorn,2,2,"CMA CGM; Marfret; Marguisa; UASC",4,14,5837.5,1030.58333333333,2500,3600,3,3,3,"{3,3}"
2017-03-26,ESALG,Algeciras,JOAQB,Aqaba,1,1,"Maersk Line; Safmarine; Seago Line",3,8,9924.125,1275,9443,10100,7,7,7,{7}
2017-03-26,ESALG,Algeciras,MAAGA,Agadir,1,1,"CMA CGM; OPDR",2,6,938.5,227.5,868,1036,1,1,1,{1}
2017-03-26,ESALG,Algeciras,MACAS,Casablanca,2,2,"Evergreen Line; Maersk Line; Marguisa; OPDR; X-Press",5,5,1545.5,375,707,868,1,1.5,2,"{1,2}"
2017-03-26,ESALG,Algeciras,MAPTM,Tanger,9,9,"Alianca; ANL; Arkas Line; CMA CGM; COSCO; Evergreen Line; Hamburg Sud; Hapag-Lloyd; Hyundai; Maersk Line; Marguisa; MCC; Messina; MSC; NileDutch; OPDR; Safmarine; Seago Line; SeaLand; UASC; X-Press; ZIM",22,63,32569.6619047619,4018.15714285714,707,15550,0,0,2,"{1,0,0,1,1,0,2,0,0}"
2017-03-26,ESALG,Algeciras,MRNKC,Nouakchott,1,1,"Maersk Line; Safmarine",2,4,1770.25,186,1732,1839,8,8,8,{8}
2017-03-26,ESALG,Algeciras,MTMAR,"Malta (Marsaxlokk)",2,2,"Alianca; APL; CCNI; CMA CGM; COSCO; Evergreen Line; Hamburg Sud; Hapag-Lloyd; OOCL",9,15,7402,948.222222222222,2530,5078,3,4,5,"{3,5}"
2017-03-26,ESALG,Algeciras,MYTPP,"Tanjung Pelepas",1,1,"Maersk Line; MCC; MSC; Safmarine; Seago Line",5,12,18343.6666666667,550,18270,19154,16,16,16,{16}
2017-03-26,ESALG,Algeciras,NGAPP,Apapa,1,1,"Maersk Line; Safmarine",2,5,2852.8,524.8,2478,3586,8,8,8,{8}
2017-03-26,ESALG,Algeciras,NLRTM,Rotterdam,2,2,"Alianca; COSCO; DAL-Deutsche Afrika Linien; Hamburg Sud; Maersk Line; MOL; MSC; Safmarine; Seago Line",9,16,14628.875,2643.75,6350,9443,3,3.5,4,"{3,4}"
2017-03-26,ESALG,Algeciras,PTLIS,Lisbon,1,1,"Melfi Marine",1,3,2730.61904761905,570.428571428571,1678,1795,2,2,2,{2}
2017-03-26,ESALG,Algeciras,PTSET,Setubal,1,1,"CMA CGM; MacAndrews; OPDR",3,2,892.5,178,868,917,1,1,1,{1}
2017-03-26,ESALG,Algeciras,PTSIE,Sines,2,2,"Maersk Line; MSC; Safmarine; SeaLand",4,14,12548,888.571428571429,4549,6750,0,1,2,"{0,2}"
2017-03-26,ESALG,Algeciras,SGSIN,Singapore,1,1,"Alianca; Hamburg Sud; Hyundai; Maersk Line; MCC; MSC; Safmarine; Seago Line",8,11,16665.2727272727,818.181818181818,15550,19224,17,17,17,{17}
2017-03-26,ESALG,Algeciras,SNDKR,Dakar,2,2,"CMA CGM; COSCO; Maersk Line; NileDutch; OPDR; Safmarine; UASC",7,10,7945,919.833333333333,3421,4382,5,5,5,"{5,5}"
2017-03-26,ESALG,Algeciras,USNYC,"New York NY/NJ",2,2,"APL; Maersk Line; NileDutch; Safmarine; Turkon",5,16,8801.48051948052,959.090909090909,1878,6750,8,9.5,11,"{11,8}"
2017-03-26,ESALG,Algeciras,ZACPT,"Cape Town",1,1,"DAL-Deutsche Afrika Linien; Maersk Line; MOL; Safmarine",4,8,7255.875,1187.5,6350,9443,12,12,12,{12}
2017-03-26,ESBCN,Barcelona,ESACE,Arrecife,1,1,"Boluda Lines; CMA CGM; Hapag-Lloyd; OPDR",4,2,1730,350,1730,1730,1,1,1,{1}
2017-03-26,ESBCN,Barcelona,ESALC,Alicante,1,1,"Arkas Line; Nisa Maritima",2,2,946,210,942,950,1,1,1,{1}
2017-03-26,ESBCN,Barcelona,ESLEI,Almeria,1,1,"Evergreen Line; Maersk Line; Marguisa; OPDR; X-Press",5,3,707,150,707,707,1,1,1,{1}
2017-03-26,ESBCN,Barcelona,ESTAR,Tarragona,2,2,"COSCO; Hapag-Lloyd; NYK; WEC Lines; Yang Ming; ZIM",6,9,5129.35714285714,612.5,868,4253,0,0,0,"{0,0}"
2017-03-26,ESBCN,Barcelona,ESVLC,Valencia,15,15,"Alianca; ANL; APL; CCNI; CMA CGM; COSCO; Evergreen Line; Hamburg Sud; Hapag-Lloyd; K Line; Maersk Line; Marfret; Marguisa; MCC; Melfi Marine; MOL; MSC; Niver Lines; NYK; OOCL; Safmarine; SeaLand; UASC; WEC Lines; Yang Ming; ZIM",26,118,94353.5208513708,8556.8974025974,1678,15908,0,1,2,"{1,0,1,1,1,1,2,2,1,1,1,2,1,1,2}"
2017-03-26,ESBCN,Barcelona,FRFOS,"Marseilles-Fos (Fos)",1,1,"APL; CMA CGM; COSCO; Evergreen Line; OOCL",5,11,11636.9090909091,772.727272727273,10960,13208,0,0,0,{0}
2017-03-26,ESBCN,Barcelona,ITGIT,"Gioia Tauro",1,1,"Maersk Line; MSC; Safmarine; SeaLand",4,7,6178.71428571429,408.571428571429,4549,6750,2,2,2,{2}
2017-03-26,ESBCN,Barcelona,ITGOA,Genoa,3,3,"Maersk Line; Safmarine; Yaiza Shipping",3,9,11878,1591.42857142857,803,10000,1,1,2,"{1,1,2}"
2017-03-26,ESBCN,Barcelona,ITSAL,Salerno,1,1,"Alianca; CCNI; Hamburg Sud; Hapag-Lloyd",4,5,3508.4,664.8,1732,1819,2,2,2,{2}
2017-03-26,ESBIO,Bilbao,ESGIJ,Gijon,2,2,"COSCO; Evergreen Line; MSC; OPDR; WEC Lines; X-Press",6,2,2813,470,1083,1730,1,1,1,"{1,1}"
2017-03-26,ESBIO,Bilbao,ESVGO,Vigo,1,1,"MSC; WEC Lines",2,1,877,231,877,877,1,1,1,{1}
2017-03-26,ESBIO,Bilbao,ESVIL,Vilagarcia,1,1,"ANL; Boluda Lines; CMA CGM; Hapag-Lloyd",4,2,1637.5,210,1267,2008,2,2,2,{2}
2017-03-26,ESBIO,Bilbao,GBLIV,Liverpool,2,2,"MacAndrews; OPDR",2,2,1553,370,750,803,2,2,2,"{2,2}"
2017-03-26,ESBIO,Bilbao,GBTIL,Tilbury,2,2,"MacAndrews; OPDR; Samskip; Team Lines",4,3,1559,295,750,809,2,2,2,"{2,2}"
2017-03-26,ESBIO,Bilbao,IEDUB,Dublin,1,1,"MacAndrews; OPDR",2,1,803,180,803,803,2,2,2,{2}
2017-03-26,ESBIO,Bilbao,NLRTM,Rotterdam,1,1,"ANL; CMA CGM; MacAndrews; OPDR",4,1,681,110,681,681,3,3,3,{3}
2017-03-26,ESCAD,Cadiz,PTSIE,Sines,1,1,"MSC; WEC Lines",2,3,1926.33333333333,366.666666666667,1835,2109,0,0,0,{0}
2017-03-26,ESCAR,"Cartagena, Spain",ESALG,Algeciras,1,1,"Maersk Line; X-Press",2,2,838.5,225,809,868,2,2,2,{2}
2017-03-26,ESCAR,"Cartagena, Spain",ESHUV,Huelva,1,1,"CMA CGM; OPDR",2,3,698,120,698,698,2,2,2,{2}
2017-03-26,ESCAR,"Cartagena, Spain",ESVLC,Valencia,1,1,"WEC Lines",1,2,878.5,232.5,868,889,1,1,1,{1}
2017-03-26,ESCAS,Castellon,ESVLC,Valencia,1,1,"Arkas Line; CMA CGM; COSCO; Hapag-Lloyd; Messina; ZIM",6,6,2527.66666666667,435.333333333333,2452,2702,2,2,2,{2}
2017-03-26,ESCAS,Castellon,ITSAL,Salerno,1,1,"Borchard Lines Ltd",1,4,1216,200,1216,1216,3,3,3,{3}
2017-03-26,ESCAS,Castellon,PTLEI,Leixoes,1,1,"Borchard Lines Ltd",1,4,1216,200,1216,1216,3,3,3,{3}
2017-03-26,ESFUE,"Puerto del Rosario",ESACE,Arrecife,1,1,"WEC Lines",1,2,878.5,232.5,868,889,0,0,0,{0}
2017-03-26,ESFUE,"Puerto del Rosario",ESBIO,Bilbao,1,1,"ANL; Boluda Lines; CMA CGM; Hapag-Lloyd",4,2,1637.5,210,1267,2008,5,5,5,{5}
2017-03-26,ESGIJ,Gijon,BEANR,Antwerp,1,1,"MSC; WEC Lines",2,1,1083,220,1083,1083,2,2,2,{2}
2017-03-26,ESGIJ,Gijon,FRLEH,"Le Havre",1,1,"COSCO; Evergreen Line; OPDR; X-Press",4,1,1730,250,1730,1730,2,2,2,{2}
2017-03-26,ESHUV,Huelva,GBTIL,Tilbury,1,1,"CMA CGM; OPDR",2,3,698,120,698,698,4,4,4,{4}
2017-03-26,ESLEI,Almeria,ESALG,Algeciras,1,1,"Evergreen Line; Maersk Line; Marguisa; OPDR; X-Press",5,3,707,150,707,707,1,1,1,{1}
2017-03-26,ESLEI,Almeria,ESVLC,Valencia,1,1,"Evergreen Line; Maersk Line; Marguisa; OPDR; X-Press",5,3,707,150,707,707,5,5,5,{5}
2017-03-26,ESLPA,"Las Palmas, Can Is",CVVXE,"St Vincente",1,1,Transinsular,1,2,2899.28571428571,368.571428571429,1129,1577,3,3,3,{3}
2017-03-26,ESLPA,"Las Palmas, Can Is",ESACE,Arrecife,2,2,"ANL; Boluda Lines; CMA CGM; Hapag-Lloyd; Yaiza Shipping",5,3,3243.5,570,803,2008,1,1,1,"{1,1}"
2017-03-26,ESLPA,"Las Palmas, Can Is",ESSCT,Tenerife,8,8,"Arkas Line; Boluda Lines; CMA CGM; Hapag-Lloyd; Nisa Maritima; OPDR; WEC Lines; Yaiza Shipping",8,13,8964.5,1836.5,698,1730,0,1,1,"{0,1,0,1,1,1,1,1}"
2017-03-26,ESLPA,"Las Palmas, Can Is",GBLGP,"London Gateway",1,1,"Hapag-Lloyd; MSC; Stinnes",3,8,8446.125,768.75,7455,9200,5,5,5,{5}
2017-03-26,ESLPA,"Las Palmas, Can Is",MAAGA,Agadir,3,3,"CMA CGM; DAL-Deutsche Afrika Linien; Maersk Line; MSC; OPDR; X-Press",6,10,4348.16666666667,595.833333333333,809,3424,1,1,2,"{2,1,1}"
2017-03-26,ESLPA,"Las Palmas, Can Is",MACAS,Casablanca,1,1,MSC,1,6,2932.66666666667,308.333333333333,2442,3424,1,1,1,{1}
2017-03-26,ESLPA,"Las Palmas, Can Is",MAPTM,Tanger,1,1,"Maersk Line; MSC; Safmarine",3,6,8668.5,800,6881,9403,2,2,2,{2}
2017-03-26,ESLPA,"Las Palmas, Can Is",SNDKR,Dakar,3,3,"CMA CGM; MSC",2,15,8146.83333333333,722,1107,4549,2,2,3,"{3,2,2}"
2017-03-26,ESLPA,"Las Palmas, Can Is",ZACPT,"Cape Town",1,1,"Hapag-Lloyd; MSC; Stinnes",3,8,8446.125,768.75,7455,9200,11,11,11,{11}
2017-03-26,ESMLN,Melilla,ESCAR,"Cartagena, Spain",1,1,"Maersk Line; X-Press",2,2,838.5,225,809,868,1,1,1,{1}
2017-03-26,ESMOT,Motril,ESALC,Alicante,1,1,"Yaiza Shipping",1,1,1606,360,803,803,1,1,1,{1}
2017-03-26,ESMOT,Motril,ESSCT,Tenerife,2,2,"Yaiza Shipping",1,2,3214,720,803,804,2,2,2,"{2,2}"
2017-03-26,ESMPG,Marin,BEANR,Antwerp,1,1,"Alianca; Hamburg Sud",2,6,2758.33333333333,685.666666666667,2506,2872,3,3,3,{3}
2017-03-26,ESMPG,Marin,PTLEI,Leixoes,1,1,"Maersk Line; Safmarine; Seago Line",3,7,2401.71428571429,336,2478,3586,2,2,2,{2}
2017-03-26,ESSAG,Sagunto,ESBCN,Barcelona,1,1,"Arkas Line; Nisa Maritima",2,2,946,210,942,950,2,2,2,{2}
2017-03-26,ESSAG,Sagunto,ESLPA,"Las Palmas, Can Is",1,1,"Nisa Maritima",1,1,749,102,749,749,3,3,3,{3}
2017-03-26,ESSCT,Tenerife,ESACE,Arrecife,1,1,"Arkas Line; Nisa Maritima",2,2,946,210,942,950,1,1,1,{1}
2017-03-26,ESSCT,Tenerife,ESALC,Alicante,2,2,"Boluda Lines; OPDR; Yaiza Shipping",3,2,2357,462,749,804,3,3.5,4,"{3,4}"
2017-03-26,ESSCT,Tenerife,ESFUE,"Puerto del Rosario",1,1,"WEC Lines",1,2,878.5,232.5,868,889,1,1,1,{1}
2017-03-26,ESSCT,Tenerife,ESLPA,"Las Palmas, Can Is",7,7,"ANL; Arkas Line; Boluda Lines; CMA CGM; DAL-Deutsche Afrika Linien; Hapag-Lloyd; Maersk Line; Nisa Maritima; OPDR; X-Press; Yaiza Shipping",11,12,9238.5,1947.5,803,2008,0,1,1,"{1,1,1,1,1,0,1}"
2017-03-26,ESSCT,Tenerife,ESMOT,Motril,1,1,"Yaiza Shipping",1,1,1606,360,803,803,2,2,2,{2}
2017-03-26,ESSCT,Tenerife,ESSAG,Sagunto,1,1,"Nisa Maritima",1,1,749,102,749,749,2,2,2,{2}
2017-03-26,ESSCT,Tenerife,ESSPC,"Santa Cruz de la Palma",1,1,"Boluda Lines; CMA CGM; Hapag-Lloyd; OPDR",4,2,1730,350,1730,1730,1,1,1,{1}
2017-03-26,ESSCT,Tenerife,ESSVQ,Seville,1,1,"CMA CGM; OPDR",2,3,698,120,698,698,2,2,2,{2}
2017-03-26,ESSPC,"Santa Cruz de la Palma",ESALC,Alicante,1,1,"Boluda Lines; CMA CGM; Hapag-Lloyd; OPDR",4,2,1730,350,1730,1730,3,3,3,{3}
2017-03-26,ESSVQ,Seville,ESCAR,"Cartagena, Spain",1,1,"CMA CGM; OPDR",2,3,698,120,698,698,2,2,2,{2}
2017-03-26,ESSVQ,Seville,ESLPA,"Las Palmas, Can Is",1,1,"CMA CGM; OPDR",2,3,698,120,698,698,3,3,3,{3}
2017-03-26,ESTAR,Tarragona,ESBCN,Barcelona,1,1,"WEC Lines",1,2,878.5,232.5,868,889,1,1,1,{1}
2017-03-26,ESTAR,Tarragona,ESCAS,Castellon,1,1,"Arkas Line; CMA CGM; COSCO; Hapag-Lloyd; Messina; ZIM",6,6,2527.66666666667,435.333333333333,2452,2702,1,1,1,{1}
2017-03-26,ESTAR,Tarragona,ESVLC,Valencia,2,2,"COSCO; Hapag-Lloyd; NYK; WEC Lines; Yang Ming; ZIM",6,9,5129.35714285714,612.5,868,4253,1,1.5,2,"{1,2}"
2017-03-26,ESTAR,Tarragona,TRMER,Mersin,1,1,"COSCO; Hapag-Lloyd; NYK; Yang Ming; ZIM",5,7,4250.85714285714,380,4250,4253,5,5,5,{5}
2017-03-26,ESVGO,Vigo,BEANR,Antwerp,1,1,"MSC; WEC Lines",2,3,1926.33333333333,366.666666666667,1835,2109,3,3,3,{3}
2017-03-26,ESVGO,Vigo,CAMTR,Montreal,1,1,Hapag-Lloyd,1,5,3225.2,272.2,2808,3832,7,7,7,{7}
2017-03-26,ESVGO,Vigo,FRLEH,"Le Havre",1,1,"ANL; CMA CGM; Evergreen Line; OPDR; Samskip; X-Press",6,3,803.333333333333,180,803,804,5,5,5,{5}
2017-03-26,ESVGO,Vigo,PTLEI,Leixoes,2,2,"MSC; WEC Lines",2,5,1876,356,868,1008,0,0.5,1,"{0,1}"
2017-03-26,ESVGO,Vigo,PTSIE,Sines,1,1,"MSC; WEC Lines",2,1,877,231,877,877,1,1,1,{1}
2017-03-26,ESVIL,Vilagarcia,PTLIS,Lisbon,1,1,"ANL; Boluda Lines; CMA CGM; Hapag-Lloyd",4,2,1637.5,210,1267,2008,1,1,1,{1}
2017-03-26,ESVLC,Valencia,BRSUA,Suape,1,1,"Alianca; ANL; CMA CGM; Hamburg Sud; Hapag-Lloyd; Maersk Line; MSC; Niver Lines; Safmarine; UASC; ZIM",11,8,5638.75,791.25,5550,5905,9,9,9,{9}
2017-03-26,ESVLC,Valencia,COCTG,Cartagena,1,1,"Alianca; CCNI; Hamburg Sud; Hapag-Lloyd",4,5,3508.4,664.8,1732,1819,13,13,13,{13}
2017-03-26,ESVLC,Valencia,CYLMS,Limassol,1,1,"MSC; WEC Lines; ZIM",3,5,6911.4,620,6673,7455,6,6,6,{6}
2017-03-26,ESVLC,Valencia,ESALG,Algeciras,7,7,"Arkas Line; CMA CGM; COSCO; Hapag-Lloyd; Maersk Line; Marguisa; Melfi Marine; Messina; MSC; NYK; Safmarine; SeaLand; UASC; Yang Ming; ZIM",15,44,33871.1428571429,3580.58333333333,1678,9403,1,1,3,"{1,3,1,1,2,1,3}"
2017-03-26,ESVLC,Valencia,ESBCN,Barcelona,5,5,"Alianca; APL; Boluda Lines; CCNI; CMA CGM; COSCO; Evergreen Line; Hamburg Sud; Hapag-Lloyd; Maersk Line; Marguisa; OOCL; OPDR; Safmarine; X-Press",15,28,26246.3090909091,2808.95584415584,707,13208,1,1,1,"{1,1,1,1,1}"
2017-03-26,ESVLC,Valencia,ESLPA,"Las Palmas, Can Is",1,1,"WEC Lines",1,2,878.5,232.5,868,889,4,4,4,{4}
2017-03-26,ESVLC,Valencia,ESTAR,Tarragona,2,2,"COSCO; Hapag-Lloyd; NYK; WEC Lines; Yang Ming; ZIM",6,9,5129.35714285714,612.5,868,4253,1,1,1,"{1,1}"
2017-03-26,ESVLC,Valencia,FRFOS,"Marseilles-Fos (Fos)",1,1,"Hapag-Lloyd; K Line; MOL; NYK; UASC; Yang Ming",6,9,8272.77777777778,384.444444444444,8073,8749,1,1,1,{1}
2017-03-26,ESVLC,Valencia,GBFXT,Felixstowe,2,2,"MSC; WEC Lines; ZIM",3,10,12004.4,1056,2682,7455,4,4.5,5,"{4,5}"
2017-03-26,ESVLC,Valencia,GBLGP,"London Gateway",1,1,"DAL-Deutsche Afrika Linien; MSC",2,12,6109.08333333333,504.166666666667,4900,7455,6,6,6,{6}
2017-03-26,ESVLC,Valencia,GRPIR,Piraeus,1,1,"APL; CMA CGM; COSCO; Evergreen Line; OOCL",5,10,11987,340,13092,14000,5,5,5,{5}
2017-03-26,ESVLC,Valencia,ITCAG,Cagliari,1,1,"Alianca; Hamburg Sud; Hapag-Lloyd; ZIM",4,11,4566.27272727273,369.090909090909,4250,4843,2,2,2,{2}
2017-03-26,ESVLC,Valencia,ITGIT,"Gioia Tauro",2,2,"Alianca; ANL; CMA CGM; Hamburg Sud; Hapag-Lloyd; Maersk Line; MSC; Niver Lines; Safmarine; UASC; ZIM",11,15,12008.0357142857,1271.25,4549,6732,3,4,5,"{5,3}"
2017-03-26,ESVLC,Valencia,ITSPE,"La Spezia",1,1,"Maersk Line; MCC; MSC; Safmarine",4,11,13764.3636363636,1018.18181818182,13000,15908,1,1,1,{1}
2017-03-26,ESVLC,Valencia,MAPTM,Tanger,5,5,"Alianca; ANL; APL; Borchard Lines Ltd; CCNI; CMA CGM; COSCO; Hamburg Sud; Hapag-Lloyd; Maersk Line; Marfret; Marguisa; Seago Line; Turkon; UASC; ZIM",16,38,23357.2060606061,2465.64646464646,2500,6921,1,2,2,"{1,2,2,1,2}"
2017-03-26,ESVLC,Valencia,MTMAR,"Malta (Marsaxlokk)",1,1,"Maersk Line; MCC; MSC; Safmarine; WEC Lines",5,11,12340.9090909091,818.181818181818,13050,14000,2,2,2,{2}
2017-03-26,ESVLC,Valencia,PTSIE,Sines,2,2,"MSC; WEC Lines",2,14,13820.55,914.9,4056,9400,2,2.5,3,"{2,3}"
2017-03-26,ESVLC,Valencia,SGSIN,Singapore,1,1,"Hapag-Lloyd; K Line; MOL; NYK; UASC; Yang Ming",6,10,12972.5,510,8004,14100,18,18,18,{18}
2017-03-26,ESVLC,Valencia,USNYC,"New York NY/NJ",2,2,"APL; CMA CGM; COSCO; Evergreen Line; MSC; OOCL",6,16,13713.4666666667,1002,4367,9200,9,9.5,10,"{10,9}"
2017-03-26,ESVLC,Valencia,USPEF,"Port Everglades FL",1,1,"Alianca; CCNI; Hamburg Sud; Hapag-Lloyd; ZIM",5,7,4219.71428571429,557.142857142857,4115,4250,11,11,11,{11}
2017-03-26,FIHEL,Helsinki,EETLL,"Tallinn Estonia",1,1,MSC,1,2,1438,65,1438,1438,1,1,1,{1}
2017-03-26,FIHEL,Helsinki,FIKTK,Kotka,3,2,"CMA CGM; Evergreen Line; Hapag-Lloyd; OOCL; Unifeeder",5,8,4316,636.833333333333,877,2400,0,1,1,"{0,1,1}"
2017-03-26,FIHEL,Helsinki,FIRAU,"Rauma Finland",1,1,"Seago Line",1,3,1415.33333333333,327,1402,1440,3,3,3,{3}
2017-03-26,FIHEL,Helsinki,NLRTM,Rotterdam,1,1,"COSCO; Unifeeder; X-Press",3,2,1312,302.5,1220,1404,8,8,8,{8}
2017-03-26,FIKEM,"Kemi Finland",FIOUL,"Oulu Finland",2,2,X-Press,1,4,1725.5,365,681,1036,1,1,1,"{1,1}"
2017-03-26,FIKOK,Kokkola,FIKEM,"Kemi Finland",1,1,X-Press,1,2,689.5,115,681,698,1,1,1,{1}
2017-03-26,FIKTK,Kotka,BEANR,Antwerp,1,1,"ANL; CMA CGM; FESCO",3,2,1440,316,1440,1440,4,4,4,{4}
2017-03-26,FIKTK,Kotka,DEBRV,Bremerhaven,1,1,"Seago Line",1,3,1415.33333333333,327,1402,1440,3,3,3,{3}
2017-03-26,FIKTK,Kotka,DEHAM,Hamburg,2,1,"COSCO; Yang Ming",2,6,2781.33333333333,505.333333333333,1368,1402,2,2.5,3,"{3,2}"
2017-03-26,FIKTK,Kotka,EESLM,Sillamae,1,1,"Seago Line",1,2,1797,392.5,1719,1875,1,1,1,{1}
2017-03-26,FIKTK,Kotka,FIHEL,Helsinki,1,1,"COSCO; Unifeeder; X-Press",3,2,1312,302.5,1220,1404,1,1,1,{1}
2017-03-26,FIKTK,Kotka,NLRTM,Rotterdam,2,1,"CMA CGM; Evergreen Line; Hapag-Lloyd; OOCL; Unifeeder",5,6,1966,487.333333333333,877,1036,4,4,4,"{4,4}"
2017-03-26,FIKTK,Kotka,PLGDY,"Gdynia Poland",1,1,Hapag-Lloyd,1,2,2350,149.5,2300,2400,2,2,2,{2}
2017-03-26,FIKTK,Kotka,SEGOT,Gothenburg,1,1,MSC,1,2,1797,392.5,1719,1875,3,3,3,{3}
2017-03-26,FIOUL,"Oulu Finland",DEHAM,Hamburg,1,1,X-Press,1,2,689.5,115,681,698,3,3,3,{3}
2017-03-26,FIOUL,"Oulu Finland",FITOR,"Tornio Finland",1,1,X-Press,1,2,1036,250,1036,1036,1,1,1,{1}
2017-03-26,FIRAU,"Rauma Finland",DEBRV,Bremerhaven,1,1,"CMA CGM; Evergreen Line; Hapag-Lloyd; OOCL; Team Lines; Unifeeder",6,3,995.666666666667,232.666666666667,877,1085,3,3,3,{3}
2017-03-26,FIRAU,"Rauma Finland",DEHAM,Hamburg,1,1,Hapag-Lloyd,1,2,1440,316,1440,1440,4,4,4,{4}
2017-03-26,FIRAU,"Rauma Finland",DEWVN,Wilhelmshaven,1,1,"Seago Line",1,3,1415.33333333333,327,1402,1440,4,4,4,{4}
2017-03-26,FITOR,"Tornio Finland",SEPIT,Pitea,1,1,X-Press,1,2,1036,250,1036,1036,1,1,1,{1}
2017-03-26,FJLTK,Lautoka,FJSUV,Suva,4,4,"NPL-Neptune Pacific Line; PDL-Pacific Direct Line; Sofrana ANL; Swire Shipping",4,6,21869.1428571429,3782.85714285714,734,2339,0,0,1,"{0,0,1,0}"
2017-03-26,FJLTK,Lautoka,NZTRG,Tauranga,1,1,"Maersk Line; NPL-Neptune Pacific Line; PDL-Pacific Direct Line; Sofrana ANL",4,2,1318.5,175,907,1730,5,5,5,{5}
2017-03-26,FJSUV,Suva,FJLTK,Lautoka,1,1,"Maersk Line; NPL-Neptune Pacific Line; PDL-Pacific Direct Line; Sofrana ANL",4,2,1318.5,175,907,1730,2,2,2,{2}
2017-03-26,FJSUV,Suva,NZAKL,Auckland,1,1,"Swire Shipping",1,1,7652.57142857143,885.714285714286,1728,1728,3,3,3,{3}
2017-03-26,FJSUV,Suva,NZMAP,"Marsden Point",1,1,"Swire Shipping",1,1,10692.5714285714,2285.71428571429,2339,2339,3,3,3,{3}
2017-03-26,FJSUV,Suva,USHNL,"Honolulu HI",1,1,"Alianca; ANL; CMA CGM; Hamburg Sud; Hapag-Lloyd",5,4,5262.5,840,2496,2742,6,6,6,{6}
2017-03-26,FJSUV,Suva,VUVLI,"Port Vila",1,1,"Swire Shipping",1,2,1840,411.428571428571,734,876,2,2,2,{2}
2017-03-26,FJSUV,Suva,WSAPW,"Apia, W. Samoa",1,1,"NPL-Neptune Pacific Line; PDL-Pacific Direct Line; Sofrana ANL",3,2,1684,200,777,907,2,2,2,{2}
2017-03-26,FMYAP,Yap,PWROR,Koror,1,1,MELL,1,4,1089.5,205,1080,1118,2,2,2,{2}
2017-03-26,FOTHO,Thorshavn,DKAAR,Aarhus,1,1,Eimskip,1,2,698,120,698,698,2,2,2,{2}
2017-03-26,FOTHO,Thorshavn,GBIMM,Immingham,1,1,Eimskip,1,2,875,230,875,875,2,2,2,{2}
2017-03-26,FOTHO,Thorshavn,ISREY,Reykjavik,1,1,Eimskip,1,2,1457,400,1457,1457,2,2,2,{2}
2017-03-26,FOTHO,Thorshavn,NLRTM,Rotterdam,1,1,Eimskip,1,2,1457,400,1457,1457,2,2,2,{2}
2017-03-26,FRBES,Brest,NLRTM,Rotterdam,1,1,"BG Freight Line; CMA CGM; Seago Line",3,1,822,200,822,822,2,2,2,{2}
2017-03-26,FRDKK,Dunkirk,BEANR,Antwerp,1,1,"CMA CGM; Maersk Line; Marfret; WEC Lines",4,4,2836,626,2824,2872,1,1,1,{1}
2017-03-26,FRDKK,Dunkirk,DEHAM,Hamburg,1,1,"APL; CMA CGM; COSCO; Evergreen Line; FESCO; OOCL; OPDR",7,12,15220.0833333333,983.333333333333,13880,17859,1,1,1,{1}
2017-03-26,FRDKK,Dunkirk,FRLEH,"Le Havre",3,3,"ANL; APL; CMA CGM; COSCO; Marfret; MSC; NileDutch; OPDR; UASC",9,21,18166.6071428571,2553.49404761905,2797,9200,0,0,1,"{0,1,0}"
2017-03-26,FRDKK,Dunkirk,FRMTX,Montoir,1,1,"BG Freight Line; CMA CGM; Seago Line",3,1,822,200,822,822,2,2,2,{2}
2017-03-26,FRDKK,Dunkirk,FRURO,Rouen,1,1,Seatrade,1,8,3397.32142857143,785.714285714286,2268,2602,1,1,1,{1}
2017-03-26,FRDKK,Dunkirk,GBTIL,Tilbury,1,1,"CMA CGM; COSCO; NileDutch; OPDR; UASC",5,6,3592.5,499.833333333333,3421,3650,1,1,1,{1}
2017-03-26,FRDKK,Dunkirk,NLRTM,Rotterdam,2,2,"ANL; CMA CGM; MacAndrews; OPDR",4,8,1636.5,347.5,698,1036,1,1,1,"{1,1}"
2017-03-26,FRFOS,"Marseilles-Fos (Fos)",CAHAL,Halifax,1,1,"Hapag-Lloyd; K Line; MOL; NYK; Yang Ming; ZIM",6,5,4520,180,4520,4520,9,9,9,{9}
2017-03-26,FRFOS,"Marseilles-Fos (Fos)",ESBCN,Barcelona,6,6,"Alianca; ANL; APL; CMA CGM; COSCO; Evergreen Line; Hamburg Sud; Hapag-Lloyd; Maersk Line; Marfret; Marguisa; MCC; MSC; Niver Lines; OOCL; Safmarine; UASC; WEC Lines; ZIM",19,49,36940.5984848485,3390.85606060606,2500,14000,0,1,2,"{1,1,2,1,1,0}"
2017-03-26,FRFOS,"Marseilles-Fos (Fos)",ESLPA,"Las Palmas, Can Is",1,1,MSC,1,6,4384,447,4056,4549,5,5,5,{5}
2017-03-26,FRFOS,"Marseilles-Fos (Fos)",ESVLC,Valencia,1,1,"APL; CMA CGM; COSCO; Evergreen Line; OOCL",5,10,11987,340,13092,14000,2,2,2,{2}
2017-03-26,FRFOS,"Marseilles-Fos (Fos)",ITGOA,Genoa,3,3,"ANL; APL; CMA CGM; COSCO; Evergreen Line; Hapag-Lloyd; K Line; MOL; NYK; OOCL; UASC; Yang Ming",12,33,25571.3791763792,1619.09479409479,5250,13208,1,1,1,"{1,1,1}"
2017-03-26,FRFOS,"Marseilles-Fos (Fos)",ITSPE,"La Spezia",1,1,"DAL-Deutsche Afrika Linien; MSC",2,12,6109.08333333333,504.166666666667,4900,7455,1,1,1,{1}
2017-03-26,FRLEH,"Le Havre",AEKLF,"Khor Fakkan",1,1,"APL; CMA CGM; COSCO; Evergreen Line; FESCO; OOCL; OPDR",7,12,15220.0833333333,983.333333333333,13880,17859,15,15,15,{15}
2017-03-26,FRLEH,"Le Havre",BEANR,Antwerp,4,4,"APL; CMA CGM; COSCO; Evergreen Line; Hapag-Lloyd; MSC; OOCL; Stinnes",8,18,19890.4583333333,2255.58333333333,1719,9200,1,1,2,"{1,1,1,2}"
2017-03-26,FRLEH,"Le Havre",BRSSZ,Santos,1,1,"Alianca; CMA CGM; Hamburg Sud; Hapag-Lloyd; Maersk Line; MSC; Safmarine; UASC",8,8,9669,1600,9669,9669,13,13,13,{13}
2017-03-26,FRLEH,"Le Havre",DOCAU,Caucedo,2,2,"Alianca; ANL; CMA CGM; Hamburg Sud; Hapag-Lloyd",5,15,10375.6666666667,1600.88888888889,2260,10589,10,10.5,11,"{11,10}"
2017-03-26,FRLEH,"Le Havre",ESLPA,"Las Palmas, Can Is",1,1,MSC,1,6,2637.16666666667,138.333333333333,3005,3424,4,4,4,{4}
2017-03-26,FRLEH,"Le Havre",FRFOS,"Marseilles-Fos (Fos)",2,2,"ANL; CMA CGM; DAL-Deutsche Afrika Linien; Hapag-Lloyd; MSC",5,25,11770.7756410256,966.089743589744,4900,7455,4,4.5,5,"{5,4}"
2017-03-26,FRLEH,"Le Havre",FRMTX,Montoir,2,2,"CMA CGM; COSCO; Maersk Line; Marfret; NileDutch; OPDR; UASC; WEC Lines",8,10,6428.5,1125.83333333333,2824,3650,1,1.5,2,"{2,1}"
2017-03-26,FRLEH,"Le Havre",GBFXT,Felixstowe,2,2,"Alianca; Hamburg Sud; Hapag-Lloyd; Hyundai; Maersk Line; MCC; MSC; Safmarine; Seago Line; WEC Lines",10,20,17906.375,1170,4392,15550,0,0.5,1,"{0,1}"
2017-03-26,FRLEH,"Le Havre",GBLIV,Liverpool,1,1,"Hapag-Lloyd; MSC; OOCL",3,4,3574,261.5,2808,4340,1,1,1,{1}
2017-03-26,FRLEH,"Le Havre",GBSOU,Southampton,2,2,"ANL; CMA CGM; Eucon; Hapag-Lloyd; OOCL; X-Press",6,2,1644,300,822,822,1,1,1,"{1,1}"
2017-03-26,FRLEH,"Le Havre",ILASH,Ashdod,1,1,"MSC; ZIM",2,5,5093,436,2682,5919,11,11,11,{11}
2017-03-26,FRLEH,"Le Havre",MACAS,Casablanca,1,1,"CMA CGM; OPDR",2,6,938.5,227.5,868,1036,5,5,5,{5}
2017-03-26,FRLEH,"Le Havre",MAPTM,Tanger,1,1,"Hapag-Lloyd; K Line; MOL; NYK; UASC; Yang Ming",6,12,17994.3333333333,666.666666666667,14500,20150,3,3,3,{3}
2017-03-26,FRLEH,"Le Havre",MTMAR,"Malta (Marsaxlokk)",1,1,"APL; CMA CGM; COSCO; Evergreen Line; OOCL",5,11,13437.0909090909,236.363636363636,12552,13880,6,6,6,{6}
2017-03-26,FRLEH,"Le Havre",MXVER,Veracruz,1,1,"Hapag-Lloyd; MOL; NYK; Yang Ming",4,6,4917.66666666667,284,4250,5595,12,12,12,{12}
2017-03-26,FRLEH,"Le Havre",NLRTM,Rotterdam,4,4,"ACL-Atlantic Container Line; ANL; APL; CMA CGM; COSCO; Evergreen Line; Hapag-Lloyd; K Line; MOL; NYK; OOCL; OPDR; Samskip; UASC; X-Press; Yang Ming",16,19,20739.4242424242,1031.36363636364,803,13880,0,1,1,"{1,0,1,1}"
2017-03-26,FRLEH,"Le Havre",PTLIS,Lisbon,2,2,"Alianca; ANL; CMA CGM; Hamburg Sud; Hapag-Lloyd; Maersk Line; MSC; NileDutch; Safmarine",9,15,9405.76785714286,1236.82142857143,3400,6402,2,2.5,3,"{3,2}"
2017-03-26,FRLEH,"Le Havre",PTSIE,Sines,2,2,"MSC; SCI-Shipping Corp. of India; WEC Lines",3,14,14643.4166666667,1197.08333333333,2442,13092,2,2.5,3,"{3,2}"
2017-03-26,FRLEH,"Le Havre",SAKAC,"King Abdullah City",1,1,"APL; CMA CGM; COSCO; MSC; UASC",5,8,8853.25,891.375,8400,9200,11,11,11,{11}
2017-03-26,FRLEH,"Le Havre",SGSIN,Singapore,1,1,"Hapag-Lloyd; K Line; MOL; NYK; UASC; Yang Ming",6,10,8933.6,480,8200,9040,20,20,20,{20}
2017-03-26,FRLEH,"Le Havre",SXSXM,"St Maarten",1,1,"ANL; CMA CGM; Marfret; OPDR",4,6,1999.16666666667,163.333333333333,1678,2339,8,8,8,{8}
2017-03-26,FRLEH,"Le Havre",USCHS,"Charleston SC",1,1,"Alianca; Hamburg Sud; Hyundai; Maersk Line; MSC; Safmarine; Seago Line; SeaLand",8,7,7352.42857142857,681.142857142857,6418,8034,9,9,9,{9}
2017-03-26,FRLEH,"Le Havre",USNYC,"New York NY/NJ",3,3,"ANL; APL; CMA CGM; COSCO; Evergreen Line; Maersk Line; Marfret; MSC; OOCL; Safmarine",10,16,18893.5071428571,2500.88571428571,2797,8495,5,8,9,"{5,8,9}"
2017-03-26,FRLEH,"Le Havre",USSAV,"Savannah GA",1,1,"ACL-Atlantic Container Line; CMA CGM; Hapag-Lloyd; MOL; NYK; UASC; Yang Ming",7,10,4909.8,275,4890,4922,7,7,7,{7}
2017-03-26,FRMRS,"Marseilles-Fos (Marseilles)",ESBCN,Barcelona,1,1,"CMA CGM; Marguisa; UASC",3,8,3145.5,506.25,2697,3600,1,1,1,{1}
2017-03-26,FRMTX,Montoir,FRBES,Brest,1,1,"BG Freight Line; CMA CGM; Seago Line",3,1,822,200,822,822,1,1,1,{1}
2017-03-26,FRMTX,Montoir,GPPTP,Pointe-a-Pitre,1,1,"CMA CGM; Maersk Line; Marfret; WEC Lines",4,4,2836,626,2824,2872,8,8,8,{8}
2017-03-26,FRMTX,Montoir,MAPTM,Tanger,1,1,"CMA CGM; COSCO; NileDutch; OPDR; UASC",5,6,3592.5,499.833333333333,3421,3650,3,3,3,{3}
2017-03-26,FRURO,Rouen,ESALG,Algeciras,1,1,"CMA CGM; OPDR",2,6,938.5,227.5,868,1036,5,5,5,{5}
2017-03-26,FRURO,Rouen,GPPTP,Pointe-a-Pitre,1,1,StreamLines,1,5,1479.2,415.6,1296,2122,10,10,10,{10}
2017-03-26,FRURO,Rouen,PFPPT,"Papeete, Tahiti",1,1,Seatrade,1,8,3397.32142857143,785.714285714286,2268,2602,24,24,24,{24}
2017-03-26,GALBV,Libreville,CISPY,"San Pedro, Ivory Coast",1,1,"Maersk Line; Safmarine",2,7,2024.14285714286,270,1835,2500,8,8,8,{8}
2017-03-26,GALBV,Libreville,CMDLA,Douala,1,1,"CMA CGM; Marguisa; UASC",3,8,3145.5,506.25,2697,3600,2,2,2,{2}
2017-03-26,GAPOG,"Port Gentil",GALBV,Libreville,1,1,"CMA CGM; Marguisa; UASC",3,8,3145.5,506.25,2697,3600,1,1,1,{1}
2017-03-26,GBBEL,Belfast,BEANR,Antwerp,1,1,"BG Freight Line; Eucon; Hapag-Lloyd",3,1,750,190,750,750,3,3,3,{3}
2017-03-26,GBBEL,Belfast,GBGRK,Greenock,1,1,"CMA CGM; Eucon; Hapag-Lloyd; X-Press",4,1,822,150,822,822,1,1,1,{1}
2017-03-26,GBBEL,Belfast,GBLIV,Liverpool,1,1,"BG Freight Line; Eucon; Hapag-Lloyd; X-Press",4,1,1480,357.142857142857,1036,1036,1,1,1,{1}
2017-03-26,GBBEL,Belfast,NLRTM,Rotterdam,1,1,"BG Freight Line; Eucon; Hapag-Lloyd",3,1,1480,357.142857142857,1036,1036,2,2,2,{2}
2017-03-26,GBBRS,Bristol,ESBIO,Bilbao,1,1,"MacAndrews; OPDR",2,1,750,190,750,750,3,3,3,{3}
2017-03-26,GBBRS,Bristol,PTLEI,Leixoes,1,1,"CMA CGM; MacAndrews; OPDR",3,2,892.5,178,868,917,4,4,4,{4}
2017-03-26,GBFXT,Felixstowe,BEANR,Antwerp,7,7,"Alianca; CMA CGM; Hamburg Sud; Hapag-Lloyd; Hyundai; Maersk Line; MCC; MSC; Safmarine; Seago Line; WEC Lines; ZIM",12,52,61570.7227272727,5919.98181818182,4043,19224,0,1,2,"{0,2,2,1,1,1,1}"
2017-03-26,GBFXT,Felixstowe,DEBRV,Bremerhaven,1,1,"Hapag-Lloyd; MSC; WEC Lines",3,4,5323.5,395,4392,5800,1,1,1,{1}
2017-03-26,GBFXT,Felixstowe,DEHAM,Hamburg,2,2,"APL; CMA CGM; COSCO; Evergreen Line; MSC; OOCL; SCI-Shipping Corp. of India; WEC Lines",8,18,25571.55,1608.75,8110,14354,1,2,3,"{1,3}"
2017-03-26,GBFXT,Felixstowe,ESALG,Algeciras,1,1,"Maersk Line; MCC; MSC; Safmarine; Seago Line",5,12,18343.6666666667,550,18270,19154,4,4,4,{4}
2017-03-26,GBFXT,Felixstowe,FIKTK,Kotka,1,1,"Seago Line",1,2,1797,392.5,1719,1875,4,4,4,{4}
2017-03-26,GBFXT,Felixstowe,FRDKK,Dunkirk,1,1,"APL; CMA CGM; COSCO; MSC; UASC",5,8,8853.25,891.375,8400,9200,1,1,1,{1}
2017-03-26,GBFXT,Felixstowe,FRLEH,"Le Havre",1,1,MSC,1,6,2637.16666666667,138.333333333333,3005,3424,1,1,1,{1}
2017-03-26,GBFXT,Felixstowe,GBNCL,"Newcastle UK",1,1,"BG Freight Line; Hapag-Lloyd; Seago Line",3,1,660,150,660,660,2,2,2,{2}
2017-03-26,GBFXT,Felixstowe,GBTEE,Teesport,2,2,"COSCO; Evergreen Line; Hapag-Lloyd; OOCL; Tschudi Express; Unifeeder",6,3,1398.5,210,508,972,1,1,1,"{1,1}"
2017-03-26,GBFXT,Felixstowe,GRPIR,Piraeus,1,1,"APL; CMA CGM; COSCO; Evergreen Line; OOCL",5,11,14195.8181818182,254.545454545455,13806,14354,9,9,9,{9}
2017-03-26,GBFXT,Felixstowe,NLMOE,Moerdijk,1,1,"MSC; WEC Lines",2,2,1008,150,1008,1008,0,0,0,{0}
2017-03-26,GBFXT,Felixstowe,NLRTM,Rotterdam,10,9,"Alianca; ANL; APL; Borchard Lines Ltd; CMA CGM; COSCO; Evergreen Line; Hamburg Sud; Hapag-Lloyd; Hyundai; K Line; Maersk Line; MCC; MSC; OOCL; Safmarine; Seago Line; SeaLand; Turkon; Unifeeder; ZIM",21,58,62877.8694805195,4562.12012987013,809,20000,0,1,1,"{1,1,1,1,1,1,1,1,0,1}"
2017-03-26,GBFXT,Felixstowe,SEGOT,Gothenburg,1,1,"Seago Line",1,2,1578,130,1578,1578,2,2,2,{2}
2017-03-26,GBFXT,Felixstowe,SGSIN,Singapore,1,1,"APL; CMA CGM; COSCO; Evergreen Line; OOCL",5,11,13171.2727272727,853,8063,19100,24,24,24,{24}
2017-03-26,GBGRG,Grangemouth,BEANR,Antwerp,2,2,"BG Freight Line; CMA CGM; Hapag-Lloyd; MSC; Seago Line",5,2,2602,370,902,1700,1,1,1,"{1,1}"
2017-03-26,GBGRG,Grangemouth,GBFXT,Felixstowe,1,1,"K Line; Unifeeder",2,4,815.5,150,809,822,3,3,3,{3}
2017-03-26,GBGRG,Grangemouth,NLRTM,Rotterdam,2,2,"BG Freight Line; Hapag-Lloyd; OOCL; Samskip; Tschudi Express; Unifeeder",6,2,848,90,340,508,1,1.5,2,"{2,1}"
2017-03-26,GBGRK,Greenock,BEANR,Antwerp,1,1,MSC,1,1,1658,302,1658,1658,2,2,2,{2}
2017-03-26,GBGRK,Greenock,ESBIO,Bilbao,1,1,"MacAndrews; OPDR",2,1,803,180,803,803,2,2,2,{2}
2017-03-26,GBGRK,Greenock,FRLEH,"Le Havre",2,2,"ANL; CMA CGM; Eucon; Hapag-Lloyd; OOCL; X-Press",6,2,1644,300,822,822,1,1.5,2,"{1,2}"
2017-03-26,GBIMM,Immingham,GBFXT,Felixstowe,1,1,"COSCO; Evergreen Line; Hapag-Lloyd; Tschudi Express; Unifeeder",5,2,890.5,160,809,972,1,1,1,{1}
2017-03-26,GBIMM,Immingham,GBGRG,Grangemouth,1,1,"K Line; Unifeeder",2,4,815.5,150,809,822,1,1,1,{1}
2017-03-26,GBIMM,Immingham,ISREY,Reykjavik,1,1,Eimskip,1,2,875,230,875,875,4,4,4,{4}
2017-03-26,GBIMM,Immingham,LTKLJ,"Klaipeda
",1,1,"COSCO; Evergreen Line; Hapag-Lloyd; Tschudi Express; Unifeeder",5,2,890.5,160,809,972,3,3,3,{3}
2017-03-26,GBIMM,Immingham,NLVLI,Flushing,1,1,Eimskip,1,2,875,230,875,875,1,1,1,{1}
2017-03-26,GBLGP,"London Gateway",BEANR,Antwerp,1,1,"DAL-Deutsche Afrika Linien; MSC",2,12,6109.08333333333,504.166666666667,4900,7455,2,2,2,{2}
2017-03-26,GBLGP,"London Gateway",DEBRV,Bremerhaven,3,3,"Alianca; COSCO; DAL-Deutsche Afrika Linien; Hamburg Sud; Hapag-Lloyd; Maersk Line; MOL; MSC; Safmarine; Seago Line; SeaLand",11,26,23728.775,2863.05,6350,9443,1,2,2,"{2,2,1}"
2017-03-26,GBLGP,"London Gateway",DEHAM,Hamburg,5,5,"Alianca; ANL; CMA CGM; Hamburg Sud; Hapag-Lloyd; Maersk Line; MSC; Safmarine; UASC",9,42,28464.6923076923,4348.47863247863,2260,10589,1,1,2,"{1,2,1,1,1}"
2017-03-26,GBLGP,"London Gateway",FRLEH,"Le Havre",1,1,"ACL-Atlantic Container Line; Hapag-Lloyd; K Line; MOL; NYK; UASC; Yang Ming",7,4,4769,365,4255,5060,1,1,1,{1}
2017-03-26,GBLGP,"London Gateway",GRPIR,Piraeus,1,1,"Hapag-Lloyd; K Line; MOL; NYK; UASC; Yang Ming",6,10,13470,910,8200,14100,7,7,7,{7}
2017-03-26,GBLGP,"London Gateway",MAPTM,Tanger,1,1,"Alianca; CMA CGM; COSCO; Hamburg Sud; Hapag-Lloyd; NYK; UASC",7,8,8590.875,1305.25,8004,9030,5,5,5,{5}
2017-03-26,GBLGP,"London Gateway",NLRTM,Rotterdam,1,1,"Hapag-Lloyd; MSC; Stinnes",3,8,8446.125,768.75,7455,9200,2,2,2,{2}
2017-03-26,GBLGP,"London Gateway",SAJED,Jeddah,1,1,"Hapag-Lloyd; K Line; MOL; NYK; UASC; Yang Ming",6,9,8516.11111111111,240,8200,8749,11,11,11,{11}
2017-03-26,GBLGP,"London Gateway",USORF,"Norfolk VA",1,1,"ACL-Atlantic Container Line; Hapag-Lloyd; K Line; MOL; NYK; UASC; Yang Ming",7,4,4662,300,4662,4662,8,8,8,{8}
2017-03-26,GBLIV,Liverpool,CAMTR,Montreal,1,1,"Hapag-Lloyd; MSC; OOCL",3,4,3574,261.5,2808,4340,10,10,10,{10}
2017-03-26,GBLIV,Liverpool,ESBIO,Bilbao,1,1,"MacAndrews; OPDR",2,1,803,180,803,803,3,3,3,{3}
2017-03-26,GBLIV,Liverpool,GBBRS,Bristol,1,1,"MacAndrews; OPDR",2,1,750,190,750,750,1,1,1,{1}
2017-03-26,GBLIV,Liverpool,GBGRK,Greenock,2,2,"ANL; CMA CGM; MacAndrews; OOCL; OPDR; X-Press",6,2,1625,330,803,822,1,1,1,"{1,1}"
2017-03-26,GBLIV,Liverpool,IEDUB,Dublin,4,4,"BG Freight Line; Borchard Lines Ltd; CMA CGM; Eucon; Hapag-Lloyd; MacAndrews; OPDR; Seago Line; X-Press",9,9,5245.5,1010.14285714286,868,1740,1,1,1,"{1,1,1,1}"
2017-03-26,GBLIV,Liverpool,PTSIE,Sines,1,1,"MSC; WEC Lines",2,3,868,206,868,868,3,3,3,{3}
2017-03-26,GBLIV,Liverpool,USCHT,"Chester PA",1,1,ICL,1,4,2465.5,478.5,1970,2800,10,10,10,{10}
2017-03-26,GBNCL,"Newcastle UK",NLRTM,Rotterdam,2,2,"BG Freight Line; Hapag-Lloyd; Seago Line",3,3,2379,550,660,1719,1,1.5,2,"{1,2}"
2017-03-26,GBPME,Portsmouth,BEANR,Antwerp,1,1,"Maersk Line",1,5,2550.8,600,2530,2556,1,1,1,{1}
2017-03-26,GBPME,Portsmouth,FRDKK,Dunkirk,1,1,"CMA CGM; OPDR",2,6,938.5,227.5,868,1036,1,1,1,{1}
2017-03-26,GBPME,Portsmouth,RULED,"St Petersburg",1,1,"Seago Line",1,3,868,234,868,868,4,4,4,{4}
2017-03-26,GBSOU,Southampton,BEANR,Antwerp,3,3,"APL; CMA CGM; COSCO; Evergreen Line; Hapag-Lloyd; MOL; NYK; OOCL; Yang Ming",9,15,17541.3166666667,1297.6,4043,8495,1,1,2,"{1,1,2}"
2017-03-26,GBSOU,Southampton,CNSHK,Shekou,1,1,"Hapag-Lloyd; K Line; MOL; NYK; Yang Ming",5,11,14054.8181818182,1000,13100,14993,25,25,25,{25}
2017-03-26,GBSOU,Southampton,DEBRV,Bremerhaven,1,1,"Alianca; Hamburg Sud; Hyundai; Maersk Line; MCC; MSC; Safmarine; Seago Line",8,11,16857.8181818182,582.727272727273,15550,20000,2,2,2,{2}
2017-03-26,GBSOU,Southampton,DEHAM,Hamburg,1,1,"Hapag-Lloyd; K Line; MOL; NYK; UASC; Yang Ming",6,12,17994.3333333333,666.666666666667,14500,20150,1,1,1,{1}
2017-03-26,GBSOU,Southampton,FRDKK,Dunkirk,1,1,"APL; CMA CGM; COSCO; Evergreen Line; FESCO; OOCL; OPDR",7,12,15220.0833333333,983.333333333333,13880,17859,1,1,1,{1}
2017-03-26,GBSOU,Southampton,FRLEH,"Le Havre",1,1,"Hapag-Lloyd; K Line; MOL; NYK; UASC; Yang Ming",6,10,8933.6,480,8200,9040,1,1,1,{1}
2017-03-26,GBSOU,Southampton,GBBEL,Belfast,1,1,"CMA CGM; Eucon; Hapag-Lloyd; X-Press",4,1,822,150,822,822,2,2,2,{2}
2017-03-26,GBSOU,Southampton,GBLIV,Liverpool,1,1,"ANL; CMA CGM; OOCL; X-Press",4,1,822,150,822,822,2,2,2,{2}
2017-03-26,GBSOU,Southampton,NLRTM,Rotterdam,4,4,"ACL-Atlantic Container Line; APL; BG Freight Line; CMA CGM; COSCO; Eucon; Evergreen Line; Hapag-Lloyd; MOL; MSC; NYK; OOCL; UASC; X-Press; Yang Ming",15,20,15499.05,1634.375,868,9200,1,1,1,"{1,1,1,1}"
2017-03-26,GBSOU,Southampton,USCHS,"Charleston SC",1,1,"ACL-Atlantic Container Line; Hapag-Lloyd; NYK; Yang Ming",4,5,3141.8,469.2,2872,3237,8,8,8,{8}
2017-03-26,GBTEE,Teesport,DEHAM,Hamburg,1,1,"COSCO; Evergreen Line; Hapag-Lloyd; Tschudi Express; Unifeeder",5,2,890.5,160,809,972,1,1,1,{1}
2017-03-26,GBTEE,Teesport,GBGRG,Grangemouth,2,2,"Hapag-Lloyd; MSC; OOCL; Tschudi Express; Unifeeder",5,2,2208,250,508,1700,1,1.5,2,"{2,1}"
2017-03-26,GBTEE,Teesport,PLGDY,"Gdynia Poland",2,2,"EuroAfrica Shipping Lines; MacAndrews; OPDR",3,2,1312,234,508,804,2,2,2,"{2,2}"
2017-03-26,GBTIL,Tilbury,BEANR,Antwerp,2,2,"CMA CGM; COSCO; MSC; NileDutch; OPDR; UASC; WEC Lines",7,9,4460.5,705.833333333333,868,3650,1,1,1,"{1,1}"
2017-03-26,GBTIL,Tilbury,ESBIO,Bilbao,1,1,"MacAndrews; OPDR; Samskip",3,2,750,145,750,750,2,2,2,{2}
2017-03-26,GBTIL,Tilbury,ESSCT,Tenerife,1,1,"CMA CGM; DAL-Deutsche Afrika Linien; OPDR",3,2,872.5,232.5,868,877,5,5,5,{5}
2017-03-26,GBTIL,Tilbury,FRDKK,Dunkirk,1,1,"ANL; CMA CGM; MacAndrews; OPDR",4,2,698,120,698,698,1,1,1,{1}
2017-03-26,GBTIL,Tilbury,GBLGP,"London Gateway",1,1,"Hapag-Lloyd; Maersk Line; MSC; Safmarine; SeaLand",5,10,9099.9,219.3,8772,9400,0,0,0,{0}
2017-03-26,GBTIL,Tilbury,NLRTM,Rotterdam,10,10,"ANL; BG Freight Line; CMA CGM; DAL-Deutsche Afrika Linien; MacAndrews; Maersk Line; Marfret; OPDR; Safmarine; Samskip; Seago Line; Seatrade; StreamLines; Team Lines",14,42,18794.0452380952,3892.1,340,3100,0,1,2,"{1,1,0,1,1,1,1,1,2,1}"
2017-03-26,GBTIL,Tilbury,SEHEL,Helsingborg,1,1,"MacAndrews; OPDR; Samskip",3,2,750,145,750,750,2,2,2,{2}
2017-03-26,GDSTG,"St George's",DOHAI,"Rio Haina",1,1,"King Ocean",1,4,1028.75,231,957,1118,2,2,2,{2}
2017-03-26,GDSTG,"St George's",TTPTS,"Point Lisas",1,1,"APL; CMA CGM",2,2,1116,220,1114,1118,1,1,1,{1}
2017-03-26,GDSTG,"St George's",USPAB,"Palm Beach FL",1,1,"Tropical Shipping",1,2,850,187,850,850,5,5,5,{5}
2017-03-26,GDSTG,"St George's",VCKTN,"Kingstown, St Vincent",1,1,"Crowley; ZIM",2,3,1296,390,1296,1296,1,1,1,{1}
2017-03-26,GFDDC,"Degrad des Cannes",BRVDC,"Vila do Conde (near Belem)",1,1,"ANL; CMA CGM; Marfret; OPDR",4,6,1999.16666666667,163.333333333333,1678,2339,2,2,2,{2}
2017-03-26,GFDDC,"Degrad des Cannes",SRPBM,Paramaribo,1,1,"CMA CGM",1,2,1109,220,1100,1118,0,0,0,{0}
2017-03-26,GHTEM,Tema,BJCOO,Cotonou,1,1,"Maersk Line; Safmarine",2,4,4352.5,420,4268,4382,1,1,1,{1}
2017-03-26,GHTEM,Tema,CIABJ,Abidjan,5,5,"ANL; Arkas Line; CMA CGM; COSCO; Gold Star Line; Hapag-Lloyd; Maersk Line; MCC; MSC; NileDutch; PIL; Safmarine; UASC; ZIM",14,43,16297.6083333333,1787.45,1740,5466,1,2,3,"{1,3,2,3,2}"
2017-03-26,GHTEM,Tema,GHTKD,Takoradi,1,1,"Arkas Line; CMA CGM; COSCO; Hapag-Lloyd; Messina; ZIM",6,6,2527.66666666667,435.333333333333,2452,2702,1,1,1,{1}
2017-03-26,GHTEM,Tema,MAPTM,Tanger,1,1,"CMA CGM; UASC",2,4,2473,371.5,2824,3534,10,10,10,{10}
2017-03-26,GHTEM,Tema,ZACPT,"Cape Town",1,1,"ANL; CMA CGM; PIL",3,10,3148.3,404.1,1697,4308,12,12,12,{12}
2017-03-26,GHTKD,Takoradi,CIABJ,Abidjan,1,1,"Arkas Line; CMA CGM; COSCO; Hapag-Lloyd; Messina; ZIM",6,6,2527.66666666667,435.333333333333,2452,2702,4,4,4,{4}
2017-03-26,GHTKD,Takoradi,MAPTM,Tanger,1,1,"Maersk Line; Safmarine",2,5,1980.8,338,2474,2478,13,13,13,{13}
2017-03-26,GIGIB,Gibraltar,PTSET,Setubal,1,1,"CMA CGM; DAL-Deutsche Afrika Linien; OPDR",3,2,872.5,232.5,868,877,1,1,1,{1}
2017-03-26,GLGOH,Nuuk,DKAAL,Aalborg,1,1,"Royal Arctic Line",1,1,2457.71428571429,314.285714285714,782,782,8,8,8,{8}
2017-03-26,GLGOH,Nuuk,GLJHS,Sisimiut,1,1,"Royal Arctic Line",1,1,2457.71428571429,314.285714285714,782,782,2,2,2,{2}
2017-03-26,GLJHS,Sisimiut,GLGOH,Nuuk,1,1,"Royal Arctic Line",1,1,2457.71428571429,314.285714285714,782,782,2,2,2,{2}
2017-03-26,GMBJL,Banjul,MAPTM,Tanger,2,2,"CMA CGM; Maersk Line; Safmarine",3,8,2879,398,1180,1839,9,9.5,10,"{10,9}"
2017-03-26,GNCKY,Conakry,AOLAD,Luanda,1,1,"Maersk Line; Safmarine; Seago Line",3,7,2401.71428571429,336,2478,3586,5,5,5,{5}
2017-03-26,GNCKY,Conakry,ESALG,Algeciras,1,1,"Maersk Line; Safmarine; Seago Line",3,7,2401.71428571429,336,2478,3586,5,5,5,{5}
2017-03-26,GNCKY,Conakry,LRMLW,Monrovia,1,1,"Maersk Line; Safmarine",2,4,2488,400.25,2472,2524,3,3,3,{3}
2017-03-26,GNCKY,Conakry,SLFNA,Freetown,1,1,"CMA CGM",1,4,1108.75,212,1180,1678,0,0,0,{0}
2017-03-26,GNCKY,Conakry,TGLFW,Lome,1,1,MSC,1,6,2932.66666666667,308.333333333333,2442,3424,3,3,3,{3}
2017-03-26,GPPTP,Pointe-a-Pitre,BBBGI,Bridgetown,1,1,"APL; CMA CGM",2,2,1116,220,1114,1118,1,1,1,{1}
2017-03-26,GPPTP,Pointe-a-Pitre,ESALG,Algeciras,1,1,"CMA CGM; Marfret",2,6,2692,524.333333333333,2500,2790,8,8,8,{8}
2017-03-26,GPPTP,Pointe-a-Pitre,FRDKK,Dunkirk,1,1,"CMA CGM; Maersk Line; Marfret; WEC Lines",4,4,2836,626,2824,2872,9,9,9,{9}
2017-03-26,GPPTP,Pointe-a-Pitre,GPSBH,"St Barthelemy",1,1,"CMA CGM",1,1,120,24,120,120,1,1,1,{1}
2017-03-26,GPPTP,Pointe-a-Pitre,MQFDF,Fort-de-France,4,4,"CMA CGM; Maersk Line; Marfret; StreamLines; WEC Lines",5,17,8116.2,1785.93333333333,1100,2872,1,1,1,"{1,1,1,1}"
2017-03-26,GPSBH,"St Barthelemy",LCSLU,"Castries, St Lucia",1,1,"Tropical Shipping",1,2,850,187,850,850,1,1,1,{1}
2017-03-26,GPSBH,"St Barthelemy",SXSXM,"St Maarten",1,1,"CMA CGM",1,1,120,24,120,120,0,0,0,{0}
2017-03-26,GQBSG,Bata,GQSSG,Malabo,1,1,"CMA CGM; Marguisa; UASC",3,8,3145.5,506.25,2697,3600,0,0,0,{0}
2017-03-26,GQSSG,Malabo,NGONN,Onne,1,1,"CMA CGM; Marguisa; UASC",3,8,3145.5,506.25,2697,3600,1,1,1,{1}
2017-03-26,GRPIR,Piraeus,BEANR,Antwerp,1,1,"APL; CMA CGM; COSCO; Evergreen Line; OOCL",5,11,14195.8181818182,254.545454545455,13806,14354,7,7,7,{7}
2017-03-26,GRPIR,Piraeus,CYLMS,Limassol,1,1,"Borchard Lines Ltd",1,4,1216,200,1216,1216,2,2,2,{2}
2017-03-26,GRPIR,Piraeus,GRSKG,Thessaloniki,1,1,"Hapag-Lloyd; MSC",2,4,4912.75,459.25,4158,6552,1,1,1,{1}
2017-03-26,GRPIR,Piraeus,ITGOA,Genoa,1,1,"COSCO; Hapag-Lloyd; NYK; Yang Ming; ZIM",5,7,4250.85714285714,380,4250,4253,1,1,1,{1}
2017-03-26,GRPIR,Piraeus,ITSPE,"La Spezia",1,1,"APL; CMA CGM; COSCO; Evergreen Line; OOCL",5,10,11987,340,13092,14000,3,3,3,{3}
2017-03-26,GRPIR,Piraeus,MYTPP,"Tanjung Pelepas",1,1,"APL; CMA CGM; COSCO; Evergreen Line; OOCL",5,11,14195.8181818182,254.545454545455,13806,14354,14,14,14,{14}
2017-03-26,GRPIR,Piraeus,NLRTM,Rotterdam,1,1,"APL; CMA CGM; COSCO; Evergreen Line; OOCL",5,11,13175.4545454545,952.363636363636,9580,14074,7,7,7,{7}
2017-03-26,GRPIR,Piraeus,PTSIE,Sines,1,1,"Hapag-Lloyd; MSC",2,4,4912.75,459.25,4158,6552,5,5,5,{5}
2017-03-26,GRPIR,Piraeus,SAJED,Jeddah,2,2,"APL; CMA CGM; COSCO; Evergreen Line; OOCL",5,18,19975.75,912.625,7024,14000,4,4.5,5,"{5,4}"
2017-03-26,GRPIR,Piraeus,SAKAC,"King Abdullah City",1,1,"Hapag-Lloyd; Maersk Line; MCC; MSC; Safmarine",5,10,12977.4,1020,13050,15908,4,4,4,{4}
2017-03-26,GRPIR,Piraeus,SGSIN,Singapore,1,1,"Hapag-Lloyd; K Line; MOL; NYK; UASC; Yang Ming",6,10,13470,910,8200,14100,15,15,15,{15}
2017-03-26,GRPIR,Piraeus,TRAMB,"Istanbul (Ambarli)",2,2,"Hapag-Lloyd; K Line; MOL; MSC; NYK; UASC; WEC Lines; Yang Ming",8,14,15620.7,1051.2,4392,14100,1,1.5,2,"{2,1}"
2017-03-26,GRPIR,Piraeus,TRGEB,"Istanbul (Gebze)",1,1,"Alianca; ANL; Borchard Lines Ltd; CMA CGM; Hamburg Sud; Maersk Line; Seago Line; Turkon",8,5,6557.6,540,6456,6612,1,1,1,{1}
2017-03-26,GRPIR,Piraeus,TRISK,Iskenderun,1,1,"APL; CMA CGM; COSCO; Evergreen Line; OOCL",5,10,9126.3,902.4,8386,9443,1,1,1,{1}
2017-03-26,GRSKG,Thessaloniki,TRIZM,Izmir,1,1,"Hapag-Lloyd; MSC",2,4,4912.75,459.25,4158,6552,1,1,1,{1}
2017-03-26,GTPBR,"Puerto Barrios",CRLIO,"Puerto Limon",1,1,"Great White Fleet; MSC",2,5,2545.6,496,2520,2572,2,2,2,{2}
2017-03-26,GTPBR,"Puerto Barrios",HNPCR,"Puerto Cortes",5,5,"Alianca; Dole; Great White Fleet; Hamburg Sud; StreamLines",5,12,10122.5333333333,2499.26666666667,890,2490,0,1,4,"{1,0,1,4,1}"
2017-03-26,GTPBR,"Puerto Barrios",USFPO,"Freeport TX",1,1,Dole,1,1,890,445,890,890,3,3,3,{3}
2017-03-26,GTPBR,"Puerto Barrios",USGPT,"Gulfport MS",1,1,"Great White Fleet; MSC",2,5,2545.6,496,2520,2572,4,4,4,{4}
2017-03-26,GTPBR,"Puerto Barrios",USPEF,"Port Everglades FL",1,1,"Great White Fleet; MSC",2,5,2545.6,496,2520,2572,3,3,3,{3}
2017-03-26,GTPRQ,"Puerto Quetzal",COBUN,Buenaventura,1,1,"COSCO; Evergreen Line; PIL; Wan Hai; Yang Ming",5,10,4573.9,440.2,4250,5512,4,4,4,{4}
2017-03-26,GTPRQ,"Puerto Quetzal",MXLZC,"Lazaro Cardenas",3,3,"Alianca; APL; CCNI; CMA CGM; COSCO; Evergreen Line; Hamburg Sud; Hapag-Lloyd; Maersk Line; MSC; SeaLand; X-Press",12,12,5975.5,1323.66666666667,1550,2546,2,3,4,"{2,3,4}"
2017-03-26,GTPRQ,"Puerto Quetzal",MXZLO,"Manzanillo, MEX",1,1,"Hapag-Lloyd; NYK",2,4,2629,420.25,2524,2664,2,2,2,{2}
2017-03-26,GTPRQ,"Puerto Quetzal",SVAQJ,Acajutla,4,4,"Alianca; APL; CCNI; CMA CGM; COSCO; Evergreen Line; Hamburg Sud; Hapag-Lloyd; Maersk Line; MSC; NYK; SeaLand; X-Press",13,16,8604.5,1743.91666666667,1550,2664,0,0.5,1,"{1,0,0,1}"
2017-03-26,GTPRQ,"Puerto Quetzal",USNTD,"Port Hueneme CA",1,1,"Great White Fleet",1,2,2122,400,2122,2122,8,8,8,{8}
2017-03-26,GTPRQ,"Puerto Quetzal",USSAN,"San Diego CA",1,1,Dole,1,3,1540,770,1540,1540,5,5,5,{5}
2017-03-26,GTSTC,"Santo Tomas de Castilla",BZBZE,"Belize City",1,1,"Caribbean Feeder; Hapag-Lloyd; ZIM",3,3,699.333333333333,120,698,702,1,1,1,{1}
2017-03-26,GTSTC,"Santo Tomas de Castilla",COCTG,Cartagena,1,1,"Seaboard Marine",1,3,2512.33333333333,413.333333333333,2442,2566,3,3,3,{3}
2017-03-26,GTSTC,"Santo Tomas de Castilla",HNPCR,"Puerto Cortes",8,7,"AFCO Shipping Line; CMA CGM; Crowley; Evergreen Line; Hapag-Lloyd; King Ocean; Maersk Line; MOL; Safmarine; SeaLand",10,24,12972.8666666667,2398.06666666667,972,2578,0,1,1,"{0,1,1,1,1,1,1,1}"
2017-03-26,GTSTC,"Santo Tomas de Castilla",USHOU,"Houston TX",1,1,"Seaboard Marine",1,3,2512.33333333333,413.333333333333,2442,2566,5,5,5,{5}
2017-03-26,GTSTC,"Santo Tomas de Castilla",USILM,"Wilmington NC",1,1,"Evergreen Line; Maersk Line; Safmarine; SeaLand",4,4,1713,377,1713,1713,5,5,5,{5}
2017-03-26,GTSTC,"Santo Tomas de Castilla",USMIA,"Miami FL",3,3,"Seaboard Marine",1,3,2905,592,957,974,3,4,5,"{4,5,3}"
2017-03-26,GTSTC,"Santo Tomas de Castilla",USPEF,"Port Everglades FL",1,1,Crowley,1,1,972,170,972,972,2,2,2,{2}
2017-03-26,GUGUM,Guam,CNXMN,Xiamen,1,1,"Maersk Line; Matson",2,5,2715.8,300,2019,2890,2,2,2,{2}
2017-03-26,GUGUM,Guam,MPSPN,Saipan,1,1,MELL,1,4,1089.5,205,1080,1118,1,1,1,{1}
2017-03-26,GWOXB,Bissau,ESALG,Algeciras,1,1,"Maersk Line; Safmarine",2,2,3815.28571428571,276.857142857143,1545,1597,15,15,15,{15}
2017-03-26,GWOXB,Bissau,PTLIS,Lisbon,1,1,Transinsular,1,2,2899.28571428571,368.571428571429,1129,1577,7,7,7,{7}
2017-03-26,GYGEO,"Georgetown, Guyana",GDSTG,"St George's",1,1,"Tropical Shipping",1,2,850,187,850,850,0,0,0,{0}
2017-03-26,GYGEO,"Georgetown, Guyana",GFDDC,"Degrad des Cannes",1,1,"CMA CGM",1,2,1109,220,1100,1118,1,1,1,{1}
2017-03-26,GYGEO,"Georgetown, Guyana",SRPBM,Paramaribo,3,3,"CMA CGM; Crowley; King Ocean; ZIM",4,6,2990,754,584,1296,1,1,2,"{1,2,1}"
2017-03-26,HKHKG,"Hong Kong",AUBNE,Brisbane,1,1,"Alianca; COSCO; Hamburg Sud; Hapag-Lloyd; MOL; NYK",6,6,4112.33333333333,626.333333333333,3765,4538,10,10,10,{10}
2017-03-26,HKHKG,"Hong Kong",AUSYD,Sydney,1,1,"ANL; COSCO; OOCL; PIL",4,5,5740,583.2,5618,5888,12,12,12,{12}
2017-03-26,HKHKG,"Hong Kong",CNDCB,"Da Chan Bay",1,1,"APL; Hapag-Lloyd; K Line; MOL; NYK",5,11,5752.90909090909,514.545454545455,6200,6882,1,1,1,{1}
2017-03-26,HKHKG,"Hong Kong",CNFOC,Fuzhou,1,1,MSC,1,2,2302,337.5,2226,2378,2,2,2,{2}
2017-03-26,HKHKG,"Hong Kong",CNGGZ,"Huangpu (Guangzhou)",2,2,"Heung-A; PanOcean; RCL; Sinokor",4,4,1937,80,834,1103,0,0.5,1,"{0,1}"
2017-03-26,HKHKG,"Hong Kong",CNHMN,"Humen Port",1,1,"Gold Star Line; MCC; ZIM",3,1,1114,220,1114,1114,1,1,1,{1}
2017-03-26,HKHKG,"Hong Kong",CNLYG,Lianyungang,1,1,"ANL; CMA CGM; CNC Line-Cheng Lie Navigation Co. Ltd.; Yang Ming",4,5,3794.6,522,3426,4258,5,5,5,{5}
2017-03-26,HKHKG,"Hong Kong",CNNGB,Ningbo,5,5,"ANL; APL; Asean Seas Line; CMA CGM; CNC Line-Cheng Lie Navigation Co. Ltd.; COSCO; Evergreen Line; Hyundai; KMTC; Maersk Line; MCC; MSC; OOCL; PIL; RCL; Safmarine; TS Lines; Wan Hai; Yang Ming",19,40,33626.1909090909,1956.76363636364,1108,14354,2,3,3,"{3,2,3,2,3}"
2017-03-26,HKHKG,"Hong Kong",CNNSA,Nansha,8,8,"APL; CMA CGM; CNC Line-Cheng Lie Navigation Co. Ltd.; COSCO; Evergreen Line; K Line; MELL; MOL; OOCL; PIL; SITC Shipping; Wan Hai",12,43,31657.2681818182,2278.37878787879,1080,14354,0,1,1,"{1,1,1,0,1,1,1,0}"
2017-03-26,HKHKG,"Hong Kong",CNSHA,Shanghai,13,13,"Alianca; ANL; APL; CMA CGM; CNC Line-Cheng Lie Navigation Co. Ltd.; COSCO; Evergreen Line; Gold Star Line; Hamburg Sud; Hapag-Lloyd; Heung-A; Hyundai; K Line; KMTC; Maersk Line; MCC; NYK; OOCL; PIL; RCL; Safmarine; SASCO; Sinokor; Sinotrans; SM Line; Wan Hai; X-Press; Yang Ming; ZIM",29,76,57206.5198412698,6539.02222222222,1022,9962,2,4,6,"{5,3,3,6,3,4,5,4,4,3,2,3,4}"
2017-03-26,HKHKG,"Hong Kong",CNSHK,Shekou,39,36,"Alianca; ANL; APL; CMA CGM; CNC Line-Cheng Lie Navigation Co. Ltd.; COSCO; Evergreen Line; FESCO; Hamburg Sud; Hapag-Lloyd; Heung-A; Hyundai; IAL-Interasia Lines; K Line; KMTC; Maersk Line; MCC; MOL; MSC; Namsung; OOCL; PIL; RCL; Safmarine; SeaLand; Sinokor; SITC Shipping; TS Lines; Wan Hai; X-Press; Yang Ming",31,155,113664.88510101,13139.9116161616,831,11294,0,1,2,"{0,1,0,1,1,1,0,1,2,1,0,1,0,0,1,1,0,0,1,0,0,1,0,1,1,0,2,1,1,1,0,0,1,1,0,2,0,1,0}"
2017-03-26,HKHKG,"Hong Kong",CNTAO,Qingdao,8,8,"ANL; APL; Asean Seas Line; CMA CGM; CNC Line-Cheng Lie Navigation Co. Ltd.; COSCO; CULines-China United Lines; Emirates Shipping; Evergreen Line; Hapag-Lloyd; Heung-A; Hyundai; K Line; KMTC; MOL; NYK; OOCL; TS Lines; UASC; Wan Hai; X-Press; Yang Ming",22,54,52352.6666666667,3447.16666666667,1108,20150,3,4,5,"{4,4,4,5,4,5,3,4}"
2017-03-26,HKHKG,"Hong Kong",CNTXG,Xingang/Tianjin,2,2,"ANL; CMA CGM; CNC Line-Cheng Lie Navigation Co. Ltd.; COSCO; Evergreen Line; TS Lines; Yang Ming",7,7,6092,742.166666666667,2742,4253,5,5.5,6,"{6,5}"
2017-03-26,HKHKG,"Hong Kong",CNXMN,Xiamen,6,6,"APL; CK Line; Gold Star Line; Hapag-Lloyd; Heung-A; Hyundai; K Line; KMTC; MOL; NYK; OOCL; Sinokor; TS Lines; UASC; Yang Ming; ZIM",16,23,24238.5,2033.33333333333,1043,14100,0,1,3,"{0,1,1,1,3,1}"
2017-03-26,HKHKG,"Hong Kong",CNYTN,Yantian,23,23,"Alianca; ANL; APL; CCNI; CMA CGM; CNC Line-Cheng Lie Navigation Co. Ltd.; COSCO; Evergreen Line; Gold Star Line; Hamburg Sud; Hapag-Lloyd; Hyundai; K Line; Maersk Line; MCC; MOL; MSC; NYK; OOCL; PIL; Safmarine; SASCO; Seago Line; UASC; Wan Hai; Yang Ming; ZIM",27,204,204323.839880952,13110.8664502165,1022,20150,0,1,2,"{1,0,0,2,0,0,2,1,2,2,2,1,1,1,0,1,1,0,2,1,1,1,1}"
2017-03-26,HKHKG,"Hong Kong",IDJKT,"Jakarta, Java",3,3,"ANL; CMA CGM; CNC Line-Cheng Lie Navigation Co. Ltd.; Evergreen Line; Hyundai; KMTC; RCL; TS Lines; Yang Ming",9,16,9162.74285714286,1383.78571428571,2450,4258,4,4,7,"{4,7,4}"
2017-03-26,HKHKG,"Hong Kong",JPOSA,Osaka,2,2,"IAL-Interasia Lines; MOL; OOCL; Samudera; Wan Hai",5,10,6468.85714285714,617.619047619048,1510,5117,3,3.5,4,"{4,3}"
2017-03-26,HKHKG,"Hong Kong",JPTYO,Tokyo,5,5,"Alianca; ANL; CMA CGM; CNC Line-Cheng Lie Navigation Co. Ltd.; Evergreen Line; Hamburg Sud; IAL-Interasia Lines; MCC; MOL; NYK; OOCL; TS Lines; Wan Hai",13,15,15184.5,2248.83333333333,1618,5605,3,4,5,"{4,4,3,5,3}"
2017-03-26,HKHKG,"Hong Kong",KRINC,Inchon,2,2,"CNC Line-Cheng Lie Navigation Co. Ltd.; Hyundai; KMTC; Namsung; OOCL; RCL; Yang Ming",7,7,4552.33333333333,754.583333333333,1675,2824,4,4.5,5,"{4,5}"
2017-03-26,HKHKG,"Hong Kong",KRKAN,Gwangyang,5,5,"CNC Line-Cheng Lie Navigation Co. Ltd.; Emirates Shipping; Gold Star Line; Hapag-Lloyd; Heung-A; Hyundai; K Line; KMTC; Namsung; RCL; Sinokor; TS Lines; Yang Ming; ZIM",14,25,23705.1726190476,1901.88095238095,1054,8600,2,3,5,"{3,4,3,2,5}"
2017-03-26,HKHKG,"Hong Kong",KRPUS,Busan,7,7,"Alianca; ANL; CCNI; CMA CGM; COSCO; Hamburg Sud; Hapag-Lloyd; Heung-A; Hyundai; K Line; KMTC; Maersk Line; MCC; MOL; MSC; Namsung; NYK; Safmarine; Sinokor; UASC; Yang Ming; ZIM",22,54,45731.5961538462,3628.87820512821,1005,14100,2,3,5,"{3,3,5,3,3,2,2}"
2017-03-26,HKHKG,"Hong Kong",NZTRG,Tauranga,1,1,"Maersk Line; MCC; MSC; Safmarine; SeaLand",5,11,4425.72727272727,788.818181818182,4045,5466,15,15,15,{15}
2017-03-26,HKHKG,"Hong Kong",PHMNL,Manila,1,1,"ANL; CMA CGM; CNC Line-Cheng Lie Navigation Co. Ltd.",3,4,3507,475,3426,3534,2,2,2,{2}
2017-03-26,HKHKG,"Hong Kong",SGSIN,Singapore,13,13,"Alianca; ANL; APL; CMA CGM; CNC Line-Cheng Lie Navigation Co. Ltd.; COSCO; Evergreen Line; Gold Star Line; Hamburg Sud; Hapag-Lloyd; Heung-A; Hyundai; IAL-Interasia Lines; K Line; KMTC; Maersk Line; MCC; MOL; MSC; NYK; OOCL; PIL; RCL; Safmarine; Samudera; SCI-Shipping Corp. of India; Simatech; Sinokor; SITC Shipping; TS Lines; UASC; Unimed Feeder Services-UFS; Wan Hai; Yang Ming; ZIM",35,83,74734.5690476191,6976.89285714286,2495,9962,3,4,5,"{5,5,3,4,4,3,3,3,4,4,5,4,3}"
2017-03-26,HKHKG,"Hong Kong",THBKK,"Bangkok (Old Port)",1,1,"Wan Hai",1,4,1368,80,1368,1368,5,5,5,{5}
2017-03-26,HKHKG,"Hong Kong",THLCH,"Laem Chabang",6,6,"ANL; APL; CMA CGM; CNC Line-Cheng Lie Navigation Co. Ltd.; Evergreen Line; Hyundai; KMTC; Maersk Line; MCC; MSC; OOCL; TS Lines; Yang Ming",13,24,18848.5714285714,1689.5119047619,1367,6800,4,4,4,"{4,4,4,4,4,4}"
2017-03-26,HKHKG,"Hong Kong",TWKEL,Keelung,1,1,"ANL; APL; COSCO; OOCL; PDL-Pacific Direct Line; PIL",6,7,3732.57142857143,396.857142857143,4132,4578,2,2,2,{2}
2017-03-26,HKHKG,"Hong Kong",TWKHH,Kaohsiung,13,13,"Alianca; ANL; APL; CMA CGM; CNC Line-Cheng Lie Navigation Co. Ltd.; COSCO; Evergreen Line; Hamburg Sud; Hapag-Lloyd; Heung-A; KMTC; MCC; MOL; OOCL; TS Lines; Wan Hai; Yang Ming",17,52,37584.1060606061,4281.23484848485,1084,9448,0,1,3,"{2,0,1,2,3,1,1,1,1,1,2,1,2}"
2017-03-26,HKHKG,"Hong Kong",TWTXG,Taichung,1,1,"IAL-Interasia Lines; Wan Hai",2,4,2570.5,360,2495,2646,1,1,1,{1}
2017-03-26,HKHKG,"Hong Kong",USLAX,"Los Angeles CA",1,1,"Hapag-Lloyd; K Line; MOL; NYK; UASC; Yang Ming",6,7,8695.71428571429,711.142857142857,8100,9100,14,14,14,{14}
2017-03-26,HKHKG,"Hong Kong",VNDAD,"Da Nang",1,1,"Wan Hai",1,4,1403.5,85,1368,1510,1,1,1,{1}
2017-03-26,HKHKG,"Hong Kong",VNHPH,Haiphong,22,21,"ANL; Asean Seas Line; Bien Dong; CK Line; CMA CGM; CNC Line-Cheng Lie Navigation Co. Ltd.; COSCO; CULines-China United Lines; Dongjin Shipping; Dong Young; Evergreen Line; Heung-A; Hyundai; KMTC; MOL; MSC; Namsung; OOCL; PanOcean; Sinokor; Sinotrans; SITC Shipping; SM Line; TS Lines; Yang Ming",25,50,26746.75,3026.41666666667,650,2378,1,2,4,"{1,1,1,2,2,2,2,1,2,2,1,2,1,2,1,2,2,1,2,2,4,3}"
2017-03-26,HKHKG,"Hong Kong",VNSGN,"Ho Chi Minh (VICT/Cat Lai)",10,10,"ANL; CK Line; CMA CGM; CNC Line-Cheng Lie Navigation Co. Ltd.; Dongjin Shipping; Evergreen Line; Heung-A; Hyundai; IAL-Interasia Lines; K Line; KMTC; MCC; MOL; Namsung; NYK; OOCL; Sinokor; SITC Shipping; TS Lines; Wan Hai; Yang Ming",21,32,18706.5,2504,1005,2741,2,3,4,"{3,3,3,3,2,2,4,2,3,4}"
2017-03-26,HKHKG,"Hong Kong",VNVUT,"Cai Mep (near Ho Chi Minh)",1,1,"APL; CMA CGM; COSCO; Evergreen Line; OOCL",5,17,8695.17647058824,627.882352941176,8465,9289,2,2,2,{2}
2017-03-26,HNPCA,"Puerto Castilla",USGPT,"Gulfport MS",1,1,Dole,1,1,890,445,890,890,2,2,2,{2}
2017-03-26,HNPCA,"Puerto Castilla",USPEF,"Port Everglades FL",1,1,"Dole; King Ocean",2,2,900,445,890,910,2,2,2,{2}
2017-03-26,HNPCR,"Puerto Cortes",CRLIO,"Puerto Limon",3,3,"CMA CGM; Great White Fleet; Hapag-Lloyd; Maersk Line; MOL; SeaLand",6,13,7354.26666666667,1519.86666666667,2260,2578,3,3,4,"{4,3,3}"
2017-03-26,HNPCR,"Puerto Cortes",CRMOB,Moin,1,1,"Evergreen Line; Maersk Line; Safmarine; SeaLand",4,4,1713,377,1713,1713,3,3,3,{3}
2017-03-26,HNPCR,"Puerto Cortes",DOCAU,Caucedo,1,1,"Alianca; Hamburg Sud",2,3,1673.33333333333,434.666666666667,1338,1841,4,4,4,{4}
2017-03-26,HNPCR,"Puerto Cortes",GTPBR,"Puerto Barrios",4,2,"Dole; Great White Fleet; MSC",3,16,8526.8,1933,890,2572,0,1,2,"{1,2,0,1}"
2017-03-26,HNPCR,"Puerto Cortes",GTSTC,"Santo Tomas de Castilla",7,6,"Caribbean Feeder; Evergreen Line; Hapag-Lloyd; Maersk Line; Safmarine; Seaboard Marine; SeaLand; ZIM",8,16,10342,1915.66666666667,698,2566,0,0,1,"{1,0,0,1,0,1,0}"
2017-03-26,HNPCR,"Puerto Cortes",HNPCA,"Puerto Castilla",1,1,Dole,1,1,890,445,890,890,1,1,1,{1}
2017-03-26,HNPCR,"Puerto Cortes",MXVER,Veracruz,1,1,SeaLand,1,3,1375.33333333333,247.333333333333,1122,1708,6,6,6,{6}
2017-03-26,HNPCR,"Puerto Cortes",USCPV,"Port Canaveral, FL",1,1,StreamLines,1,5,1479.2,415.6,1296,2122,2,2,2,{2}
2017-03-26,HNPCR,"Puerto Cortes",USGPT,"Gulfport MS",1,1,Crowley,1,1,972,170,972,972,3,3,3,{3}
2017-03-26,HNPCR,"Puerto Cortes",USHOU,"Houston TX",1,1,"Hapag-Lloyd; Maersk Line; MOL; SeaLand",4,5,2505.6,387.2,2468,2578,3,3,3,{3}
2017-03-26,HNPCR,"Puerto Cortes",USILG,"Wilmington DE",1,1,"Great White Fleet",1,1,3590,638,1795,1795,3,3,3,{3}
2017-03-26,HNPCR,"Puerto Cortes",USPEF,"Port Everglades FL",3,3,"AFCO Shipping Line; Crowley; King Ocean",3,3,2918,510,972,974,3,3,3,"{3,3,3}"
2017-03-26,HNRTB,Roatan,USPEF,"Port Everglades FL",1,1,"Crowley; Hyde Shipping Corp.; Seaboard Marine",3,2,352.5,20,340,365,6,6,6,{6}
2017-03-26,HNSLO,"Puerto San Lorenzo",GTPRQ,"Puerto Quetzal",1,1,"Alianca; CCNI; Hamburg Sud",3,4,1819,467,1819,1819,1,1,1,{1}
2017-03-26,HNSLO,"Puerto San Lorenzo",SVAQJ,Acajutla,1,1,"APL; CMA CGM; COSCO; Evergreen Line; Hapag-Lloyd; X-Press",6,2,1645,300,1550,1740,1,1,1,{1}
2017-03-26,HRRJK,Rijeka,ITGIT,"Gioia Tauro",1,1,"Maersk Line; MCC; MSC; Safmarine",4,15,9141.2,733.333333333333,9034,13102,2,2,2,{2}
2017-03-26,HRRJK,Rijeka,ITVCE,Venice,1,1,"APL; CMA CGM; COSCO; Evergreen Line; OOCL",5,10,6364.5,382,5618,7024,1,1,1,{1}
2017-03-26,HTCAP,Cap-Haitien,JMKIN,Kingston,1,1,"CMA CGM",1,1,670,120,670,670,1,1,1,{1}
2017-03-26,HTLFF,"Port Lafito",DOPOP,"Puerto Plata",1,1,"Seaboard Marine",1,2,1740,300,1740,1740,1,1,1,{1}
2017-03-26,HTLFF,"Port Lafito",JMKIN,Kingston,1,1,"Seaboard Marine",1,2,1740,300,1740,1740,0,0,0,{0}
2017-03-26,HTPAP,Port-au-Prince,HTCAP,Cap-Haitien,1,1,"CMA CGM",1,1,670,120,670,670,1,1,1,{1}
2017-03-26,HTPAP,Port-au-Prince,JMKIN,Kingston,1,1,"Caribbean Feeder; Evergreen Line; Hapag-Lloyd; ZIM",4,2,1089.5,226,1061,1118,1,1,1,{1}
2017-03-26,HTPAP,Port-au-Prince,PAMIT,Manzanillo,1,1,"APL; CMA CGM; Evergreen Line; King Ocean; Melfi Marine; MOL; Seaboard Marine; X-Press; ZIM",9,3,957.333333333333,227.333333333333,877,1118,4,4,4,{4}
2017-03-26,HTPAP,Port-au-Prince,USPEF,"Port Everglades FL",1,1,Crowley,1,1,972,170,972,972,2,2,2,{2}
2017-03-26,IDJKT,"Jakarta, Java",AUFRE,Fremantle,1,1,MSC,1,7,3175.71428571429,500,2650,3534,5,5,5,{5}
2017-03-26,IDJKT,"Jakarta, Java",IDSRG,"Semarang, Java",4,4,"Evergreen Line; K Line; NYK; SITC Shipping; Wan Hai; Yang Ming",6,17,9334.22619047619,1282.95238095238,1368,2742,1,1,1,"{1,1,1,1}"
2017-03-26,IDJKT,"Jakarta, Java",IDSUB,"Surabaya, Java",5,5,"ANL; CK Line; CMA CGM; CNC Line-Cheng Lie Navigation Co. Ltd.; Evergreen Line; Gold Star Line; Heung-A; Hyundai; KMTC; MCC; Sinokor; SITC Shipping; Yang Ming; ZIM",14,26,16419.85,2376.85,2546,5023,1,2,4,"{1,2,4,2,1}"
2017-03-26,IDJKT,"Jakarta, Java",KRPUS,Busan,1,1,"ANL; CMA CGM; CNC Line-Cheng Lie Navigation Co. Ltd.; Heung-A; Hyundai; KMTC; Sinokor",7,4,3905.75,339,2762,4308,8,8,8,{8}
2017-03-26,IDJKT,"Jakarta, Java",MYPKG,"Port Klang",2,2,"ANL; CMA CGM; COSCO; Hapag-Lloyd; K Line; OOCL; UASC",7,10,8700.2,742.8,4051,4771,3,3,3,"{3,3}"
2017-03-26,IDJKT,"Jakarta, Java",MYTPP,"Tanjung Pelepas",2,2,"Evergreen Line; Gold Star Line; MCC; Yang Ming; ZIM",5,15,5475.14285714286,787.535714285714,2450,3586,2,2.5,3,"{3,2}"
2017-03-26,IDJKT,"Jakarta, Java",PGLAE,Lae,1,1,"ANL; CMA CGM",2,1,6891.42857142857,1020,1608,1608,7,7,7,{7}
2017-03-26,IDJKT,"Jakarta, Java",PGMAG,Madang,1,1,"ANL; CMA CGM",2,1,7020,857.142857142857,1638,1638,8,8,8,{8}
2017-03-26,IDJKT,"Jakarta, Java",SGSIN,Singapore,4,4,"ANL; APL; CMA CGM; Evergreen Line; Hapag-Lloyd; K Line; MCC; MOL; NYK; OOCL; Wan Hai; Yang Ming",12,15,15503.4166666667,1677.83333333333,1740,4896,2,2.5,3,"{3,2,2,3}"
2017-03-26,IDJKT,"Jakarta, Java",THLCH,"Laem Chabang",1,1,"APL; CMA CGM; COSCO; Evergreen Line; OOCL",5,17,8695.17647058824,627.882352941176,8465,9289,3,3,3,{3}
2017-03-26,IDJKT,"Jakarta, Java",VNSGN,"Ho Chi Minh (VICT/Cat Lai)",2,2,"Hyundai; KMTC; MCC; RCL; Sinokor; TS Lines",6,8,5338.25,939.5,2401,2826,3,3,3,"{3,3}"
2017-03-26,IDMAK,Makassar,CNXMN,Xiamen,1,1,"K Line; SITC Shipping",2,4,2542.75,410,2450,2741,4,4,4,{4}
2017-03-26,IDSRG,"Semarang, Java",IDJKT,"Jakarta, Java",1,1,"Evergreen Line",1,4,2085.5,332,1740,2824,1,1,1,{1}
2017-03-26,IDSRG,"Semarang, Java",IDMAK,Makassar,1,1,"K Line; SITC Shipping",2,4,2542.75,410,2450,2741,2,2,2,{2}
2017-03-26,IDSRG,"Semarang, Java",IDSUB,"Surabaya, Java",3,3,"Evergreen Line; NYK; Wan Hai; Yang Ming",4,13,6791.47619047619,872.952380952381,1368,2742,1,1,1,"{1,1,1}"
2017-03-26,IDSUB,"Surabaya, Java",AUDRW,Darwin,1,1,MELL,1,3,3660,500,1800,1890,5,5,5,{5}
2017-03-26,IDSUB,"Surabaya, Java",HKHKG,"Hong Kong",1,1,"Heung-A; Hyundai; KMTC; Sinokor",4,4,4405.75,466.5,4050,5023,5,5,5,{5}
2017-03-26,IDSUB,"Surabaya, Java",IDJKT,"Jakarta, Java",2,2,"Evergreen Line; Gold Star Line; MCC; Yang Ming; ZIM",5,15,5475.14285714286,787.535714285714,2450,3586,1,2,3,"{1,3}"
2017-03-26,IDSUB,"Surabaya, Java",IDSRG,"Semarang, Java",1,1,"Evergreen Line",1,4,2085.5,332,1740,2824,1,1,1,{1}
2017-03-26,IDSUB,"Surabaya, Java",PHDVO,Davao,1,1,MCC,1,5,2546,501.6,2546,2546,8,8,8,{8}
2017-03-26,IDSUB,"Surabaya, Java",PHMNL,Manila,1,1,"ANL; CMA CGM; CNC Line-Cheng Lie Navigation Co. Ltd.; Yang Ming",4,5,3794.6,522,3426,4258,6,6,6,{6}
2017-03-26,IDSUB,"Surabaya, Java",TWKHH,Kaohsiung,2,2,"Evergreen Line; NYK; Wan Hai; Yang Ming",4,10,5279.47619047619,702.952380952381,2450,2742,1,3,5,"{1,5}"
2017-03-26,IDSUB,"Surabaya, Java",TWTPE,Taipei,1,1,"Wan Hai; Yang Ming",2,3,1512,170,1368,1800,7,7,7,{7}
2017-03-26,IDSUB,"Surabaya, Java",VNSGN,"Ho Chi Minh (VICT/Cat Lai)",1,1,"CK Line; Evergreen Line; Heung-A; Hyundai; KMTC; Sinokor; SITC Shipping",7,4,2762.5,421.5,2742,2824,3,3,3,{3}
2017-03-26,IEDUB,Dublin,BEANR,Antwerp,1,1,"BG Freight Line; Eucon; Hapag-Lloyd",3,1,803,180,803,803,2,2,2,{2}
2017-03-26,IEDUB,Dublin,ESALG,Algeciras,1,1,"Seago Line",1,2,1657,275,1574,1740,6,6,6,{6}
2017-03-26,IEDUB,Dublin,GBBEL,Belfast,2,2,"BG Freight Line; Eucon; Hapag-Lloyd; X-Press",4,2,2960,714.285714285714,1036,1036,1,1.5,2,"{2,1}"
2017-03-26,IEDUB,Dublin,GBBRS,Bristol,1,1,"CMA CGM; MacAndrews; OPDR",3,2,892.5,178,868,917,1,1,1,{1}
2017-03-26,IEDUB,Dublin,GBGRK,Greenock,1,1,MSC,1,1,1658,302,1658,1658,0,0,0,{0}
2017-03-26,IEDUB,Dublin,GBLIV,Liverpool,1,1,"MacAndrews; OPDR",2,1,803,180,803,803,1,1,1,{1}
2017-03-26,IEDUB,Dublin,GBSOU,Southampton,1,1,"COSCO; Evergreen Line; Hapag-Lloyd; OOCL; X-Press",5,1,868,234,868,868,1,1,1,{1}
2017-03-26,IEDUB,Dublin,IEORK,Cork,1,1,"BG Freight Line; Eucon; Hapag-Lloyd",3,1,972,170,972,972,1,1,1,{1}
2017-03-26,IEDUB,Dublin,IEWAT,"Waterford Eire",1,1,"BG Freight Line; Samskip",2,1,804,180,804,804,1,1,1,{1}
2017-03-26,IEDUB,Dublin,NLRTM,Rotterdam,4,4,"APL; BG Freight Line; COSCO; Eucon; Evergreen Line; Hapag-Lloyd; OOCL; Samskip; X-Press; Yang Ming",10,4,4292,847.142857142857,868,1036,2,2,3,"{2,2,3,2}"
2017-03-26,IEDUB,Dublin,PTLEI,Leixoes,1,1,"Borchard Lines Ltd",1,4,1216,200,1216,1216,4,4,4,{4}
2017-03-26,IEORK,Cork,BEANR,Antwerp,1,1,"BG Freight Line; Eucon; Hapag-Lloyd",3,1,972,170,972,972,2,2,2,{2}
2017-03-26,IEORK,Cork,GBSOU,Southampton,1,1,"BG Freight Line; CMA CGM; COSCO; Eucon; OOCL; X-Press",6,1,868,234,868,868,2,2,2,{2}
2017-03-26,IEORK,Cork,GBTIL,Tilbury,1,1,"Maersk Line; Seago Line",2,6,2544.33333333333,600,2530,2556,2,2,2,{2}
2017-03-26,IEORK,Cork,NLRTM,Rotterdam,1,1,"BG Freight Line; Samskip",2,1,804,180,804,804,2,2,2,{2}
2017-03-26,IEWAT,"Waterford Eire",IEORK,Cork,1,1,"BG Freight Line; Samskip",2,1,804,180,804,804,1,1,1,{1}
2017-03-26,ILASH,Ashdod,EGALY,Alexandria,2,2,"COSCO; Evergreen Line; Gold Star Line; OOCL; ZIM",5,17,11874.0833333333,927.958333333333,4250,8452,0,0.5,1,"{0,1}"
2017-03-26,ILASH,Ashdod,EGDAM,Damietta,1,1,"Alianca; Borchard Lines Ltd; Hamburg Sud; Hapag-Lloyd; Maersk Line; Safmarine; Seago Line; ZIM",8,5,4504,560,4504,4504,2,2,2,{2}
2017-03-26,ILASH,Ashdod,GRPIR,Piraeus,1,1,"Hapag-Lloyd; K Line; MOL; NYK; UASC; Yang Ming",6,10,10297.2,656.2,5041,14100,2,2,2,{2}
2017-03-26,ILASH,Ashdod,ILHFA,Haifa,4,4,"Alianca; Borchard Lines Ltd; COSCO; Hamburg Sud; Hapag-Lloyd; Maersk Line; MSC; NYK; Safmarine; Seago Line; Yang Ming; ZIM",12,21,15063.8571428571,1576,1216,5919,0,1,2,"{2,1,1,0}"
2017-03-26,ILASH,Ashdod,ITNAP,Naples,1,1,"MSC; ZIM",2,5,5093,436,2682,5919,5,5,5,{5}
2017-03-26,ILHFA,Haifa,EGALY,Alexandria,1,1,"Alianca; Borchard Lines Ltd; Hamburg Sud; Hapag-Lloyd; Maersk Line; Safmarine; Seago Line; ZIM",8,5,4504,560,4504,4504,3,3,3,{3}
2017-03-26,ILHFA,Haifa,ESVLC,Valencia,1,1,MSC,1,10,8931.8,600,8034,9200,4,4,4,{4}
2017-03-26,ILHFA,Haifa,ILASH,Ashdod,2,2,"Gold Star Line; MSC; ZIM",3,14,8978.33333333333,791.333333333333,2682,5919,1,1.5,2,"{1,2}"
2017-03-26,ILHFA,Haifa,SIKOP,Koper,1,1,"Maersk Line; MCC; MSC; Safmarine",4,15,9141.2,733.333333333333,9034,13102,4,4,4,{4}
2017-03-26,ILHFA,Haifa,TRIZM,Izmir,1,1,"COSCO; Hapag-Lloyd; NYK; Yang Ming; ZIM",5,7,4250.85714285714,380,4250,4253,1,1,1,{1}
2017-03-26,ILHFA,Haifa,TRMER,Mersin,1,1,"Borchard Lines Ltd",1,4,1216,200,1216,1216,1,1,1,{1}
2017-03-26,INCCU,Kolkata,MYPKG,"Port Klang",2,2,"ANL; BTL-Bengal Tiger Line; CMA CGM; K Line; Samudera; SOL; X-Press; Yang Ming",8,3,2675.28571428571,431.571428571429,750,1005,5,5,5,"{5,5}"
2017-03-26,INCCU,Kolkata,SGSIN,Singapore,3,3,"Advance Container Lines; BTL-Bengal Tiger Line; Gold Star Line; K Line; PIL; Samudera; X-Press; ZIM",8,9,2594.66666666667,501.904761904762,608,1155,5,7,9,"{9,7,5}"
2017-03-26,INCOK,Cochin,AEJEA,"Dubai, Jebel Ali",1,1,"Evergreen Line; Maersk Line; OOCL; Simatech",4,4,2728.5,514.5,2442,2824,5,5,5,{5}
2017-03-26,INCOK,Cochin,EGDAM,Damietta,1,1,"ANL; CMA CGM; Hapag-Lloyd",3,13,5661.69230769231,461.923076923077,5250,5782,8,8,8,{8}
2017-03-26,INCOK,Cochin,INNSA,"Mumbai (Nhava Sheva)",2,2,"Emirates Shipping; Gold Star Line; KMTC; RCL; ZIM",5,17,10241.4583333333,887.833333333333,4250,6882,2,2,2,"{2,2}"
2017-03-26,INCOK,Cochin,LKCMB,Colombo,1,1,"Evergreen Line; Maersk Line; OOCL; Simatech",4,4,2728.5,514.5,2442,2824,1,1,1,{1}
2017-03-26,INCOK,Cochin,MYPKG,"Port Klang",1,1,"Emirates Shipping; KMTC; RCL",3,8,6356.125,532.5,5527,6882,5,5,5,{5}
2017-03-26,INHZA,Hazira,INCOK,Cochin,1,1,"Emirates Shipping; KMTC; RCL",3,8,6356.125,532.5,5527,6882,2,2,2,{2}
2017-03-26,INHZA,Hazira,INMUN,Mundra,2,2,"APL; CMA CGM; COSCO; Gold Star Line; MSC; UASC; ZIM",7,17,12738.5833333333,1246.70833333333,4250,9200,1,1.5,2,"{2,1}"
2017-03-26,INHZA,Hazira,INNSA,"Mumbai (Nhava Sheva)",3,3,"ANL; CMA CGM; Maersk Line; MSC; Safmarine; SOL; X-Press",7,16,15574.0833333333,1537.5,3922,8204,1,1,2,"{1,1,2}"
2017-03-26,INHZA,Hazira,MYPKG,"Port Klang",1,1,"OOCL; Yang Ming",2,6,5035.16666666667,531.666666666667,4250,5512,6,6,6,{6}
2017-03-26,INKAT,Kattupalli,INKRI,Krishnapatnum,1,1,"CULines-China United Lines; Gold Star Line; Hyundai; Simatech; X-Press; ZIM",6,5,4972.6,676,4771,5023,0,0,0,{0}
2017-03-26,INKAT,Kattupalli,INMAA,Chennai/Madras,1,1,"BTL-Bengal Tiger Line; CMA CGM; COSCO; Hyundai; Maersk Line; MOL; NYK; Samudera; X-Press",9,3,3765.66666666667,370.666666666667,2664,4380,1,1,1,{1}
2017-03-26,INKAT,Kattupalli,LKCMB,Colombo,2,2,"Evergreen Line; Maersk Line; OOCL; Safmarine; Simatech",5,7,7847.83333333333,1174.5,2442,6350,2,2,2,"{2,2}"
2017-03-26,INKAT,Kattupalli,MYPKG,"Port Klang",1,1,"BTL-Bengal Tiger Line; Gold Star Line; MCC; Wan Hai; ZIM",5,2,3501,450,2750,4252,5,5,5,{5}
2017-03-26,INKRI,Krishnapatnum,INKAT,Kattupalli,2,2,"Evergreen Line; Maersk Line; OOCL; Safmarine; Simatech",5,7,7847.83333333333,1174.5,2442,6350,0,0.5,1,"{1,0}"
2017-03-26,INKRI,Krishnapatnum,INVTZ,Vishakhapatnam,1,1,"Maersk Line; MCC; Safmarine",3,6,4826,388.333333333333,4771,6800,2,2,2,{2}
2017-03-26,INKRI,Krishnapatnum,MYPKG,"Port Klang",1,1,"CULines-China United Lines; Gold Star Line; Hyundai; Simatech; X-Press; ZIM",6,5,4972.6,676,4771,5023,4,4,4,{4}
2017-03-26,INMAA,Chennai/Madras,INKAT,Kattupalli,2,2,"BTL-Bengal Tiger Line; CULines-China United Lines; Gold Star Line; Hyundai; MCC; Simatech; Wan Hai; X-Press; ZIM",9,7,8473.6,1126,2750,5023,0,0,0,"{0,0}"
2017-03-26,INMAA,Chennai/Madras,INKRI,Krishnapatnum,1,1,"Maersk Line; MCC; Safmarine",3,6,4826,388.333333333333,4771,6800,1,1,1,{1}
2017-03-26,INMAA,Chennai/Madras,INVTZ,Vishakhapatnam,2,2,"Evergreen Line; K Line; Maersk Line; MOL; NYK; OOCL; RCL; Simatech; X-Press",9,8,5326.25,979.5,2442,2824,1,1.5,2,"{1,2}"
2017-03-26,INMAA,Chennai/Madras,LKCMB,Colombo,1,1,"ANL; CMA CGM; Hapag-Lloyd",3,13,5661.69230769231,461.923076923077,5250,5782,2,2,2,{2}
2017-03-26,INMAA,Chennai/Madras,MYPKG,"Port Klang",2,2,"ANL; APL; BTL-Bengal Tiger Line; CMA CGM; COSCO; Hyundai; K Line; Maersk Line; MOL; NYK; Samudera; Simatech; TS Lines; X-Press; Yang Ming",15,8,8175.06666666667,793.066666666667,2664,4963,4,4,4,"{4,4}"
2017-03-26,INMUN,Mundra,AEJEA,"Dubai, Jebel Ali",1,1,"Emirates Shipping; KMTC; RCL",3,8,6356.125,532.5,5527,6882,3,3,3,{3}
2017-03-26,INMUN,Mundra,AEKLF,"Khor Fakkan",3,3,"CMA CGM; Emirates Shipping; X-Press",3,11,9004.45,1187.5,1708,4380,1,2,3,"{3,2,1}"
2017-03-26,INMUN,Mundra,CNSHA,Shanghai,1,1,MSC,1,7,7773.71428571429,478.571428571429,5059,9400,14,14,14,{14}
2017-03-26,INMUN,Mundra,EGDAM,Damietta,1,1,"ANL; APL; CMA CGM; Hapag-Lloyd; NYK; OOCL; UASC",7,8,6410.375,748.25,5608,6589,7,7,7,{7}
2017-03-26,INMUN,Mundra,ILHFA,Haifa,1,1,"Gold Star Line; ZIM",2,9,3885.33333333333,355.333333333333,4250,4644,9,9,9,{9}
2017-03-26,INMUN,Mundra,INHZA,Hazira,3,3,"ANL; CMA CGM; MSC; OOCL; SOL; X-Press; Yang Ming",7,14,15640.5,1511.66666666667,3922,8204,1,2,2,"{2,1,2}"
2017-03-26,INMUN,Mundra,INNSA,"Mumbai (Nhava Sheva)",6,6,"ANL; APL; CMA CGM; COSCO; DAL-Deutsche Afrika Linien; Hapag-Lloyd; HDASCO; Maersk Line; Marguisa; MSC; PIL; Safmarine; UAFL-United Africa Feeder Line; UASC",14,44,28819.3857142857,2819.27142857143,1118,9200,1,2,3,"{2,2,1,1,2,3}"
2017-03-26,INMUN,Mundra,LKCMB,Colombo,2,2,"COSCO; Evergreen Line; Hapag-Lloyd; K Line; NYK; PIL; Simatech; TS Lines; Wan Hai; Yang Ming",10,12,10014.1666666667,938,4228,6039,3,3.5,4,"{3,4}"
2017-03-26,INMUN,Mundra,MYPKG,"Port Klang",1,1,"COSCO; Evergreen Line; K Line; MOL; PIL; Wan Hai",6,5,3381.2,420,4043,4363,7,7,7,{7}
2017-03-26,INMUN,Mundra,OMSLL,Salalah,1,1,"Maersk Line; Safmarine; Seago Line",3,8,9924.125,1275,9443,10100,2,2,2,{2}
2017-03-26,INMUN,Mundra,OMSOH,Sohar,1,1,"ANL; CMA CGM; UASC; Unimed Feeder Services-UFS",4,4,3802,355,3802,3802,2,2,2,{2}
2017-03-26,INMUN,Mundra,PKKHI,Karachi,5,5,"ANL; APL; CMA CGM; COSCO; Emirates Shipping; Gold Star Line; Heung-A; Hyundai; K Line; KMTC; Maersk Line; MCC; OOCL; PIL; RCL; Safmarine; Sinokor; TS Lines; Unimed Feeder Services-UFS; X-Press; Yang Ming; ZIM",22,28,26184.5238095238,2657.83333333333,3000,8819,0,1,1,"{0,1,1,1,1}"
2017-03-26,INMUN,Mundra,SAJED,Jeddah,1,1,"Alianca; CMA CGM; COSCO; Hamburg Sud; Hapag-Lloyd; NYK; UASC",7,8,8590.875,1305.25,8004,9030,5,5,5,{5}
2017-03-26,INMUN,Mundra,SAKAC,"King Abdullah City",2,2,"APL; CMA CGM; COSCO; MSC; SCI-Shipping Corp. of India; UASC; WEC Lines",7,16,20564,1780.125,8110,13092,6,6,6,"{6,6}"
2017-03-26,INNSA,"Mumbai (Nhava Sheva)",AEAUH,"Abu Dhabi",1,1,"ANL; CMA CGM; SOL; X-Press",4,2,4255,430,4130,4380,4,4,4,{4}
2017-03-26,INNSA,"Mumbai (Nhava Sheva)",AEJEA,"Dubai, Jebel Ali",2,2,"Maersk Line; Milaha Maritime; Safmarine",3,10,6642.75,807.5,1608,6802,3,4,5,"{3,5}"
2017-03-26,INNSA,"Mumbai (Nhava Sheva)",ILHFA,Haifa,1,1,MSC,1,10,8931.8,600,8034,9200,10,10,10,{10}
2017-03-26,INNSA,"Mumbai (Nhava Sheva)",INHZA,Hazira,2,2,"APL; CMA CGM; COSCO; Gold Star Line; MSC; UASC; ZIM",7,17,12738.5833333333,1246.70833333333,4250,9200,0,0.5,1,"{0,1}"
2017-03-26,INNSA,"Mumbai (Nhava Sheva)",INMUN,Mundra,12,12,"Alianca; ANL; APL; CMA CGM; COSCO; Emirates Shipping; Evergreen Line; Gold Star Line; Hamburg Sud; Hapag-Lloyd; Heung-A; Hyundai; K Line; KMTC; Maersk Line; MCC; MSC; NYK; OOCL; RCL; Safmarine; SCI-Shipping Corp. of India; Seago Line; Simatech; Sinokor; TS Lines; UASC; WEC Lines; X-Press; Yang Ming; ZIM",31,75,79280.0238095238,8527.08333333333,2207,13092,1,1,5,"{2,1,2,3,1,2,1,5,1,1,1,1}"
2017-03-26,INNSA,"Mumbai (Nhava Sheva)",INPAV,Pipavav,4,4,"Alianca; ANL; APL; CMA CGM; CNC Line-Cheng Lie Navigation Co. Ltd.; COSCO; Evergreen Line; Gold Star Line; Hamburg Sud; Hapag-Lloyd; Hyundai; K Line; KMTC; Maersk Line; MCC; NYK; OOCL; PIL; RCL; Safmarine; SCI-Shipping Corp. of India; Simatech; SITC Shipping; SM Line; Wan Hai; X-Press; Yang Ming; ZIM",28,23,21571.8666666667,2182.5,4178,6881,0,0.5,1,"{0,1,0,1}"
2017-03-26,INNSA,"Mumbai (Nhava Sheva)",IRBND,"Bandar Abbas",1,1,HDASCO,1,2,3194.28571428571,628.571428571429,1118,1118,2,2,2,{2}
2017-03-26,INNSA,"Mumbai (Nhava Sheva)",LKCMB,Colombo,3,3,"DAL-Deutsche Afrika Linien; Maersk Line; MSC; NYK; Safmarine; UAFL-United Africa Feeder Line; X-Press",7,20,13992.5833333333,1427.6,2741,8204,2,2,3,"{3,2,2}"
2017-03-26,INNSA,"Mumbai (Nhava Sheva)",MYPEN,Penang,1,1,"COSCO; CULines-China United Lines; Wan Hai",3,6,3525.66666666667,400,4130,4268,9,9,9,{9}
2017-03-26,INNSA,"Mumbai (Nhava Sheva)",MYPKG,"Port Klang",1,1,"Evergreen Line; Hapag-Lloyd; Wan Hai; X-Press",4,4,4340.75,450,4250,4498,5,5,5,{5}
2017-03-26,INNSA,"Mumbai (Nhava Sheva)",OMSLL,Salalah,2,2,"APL; Maersk Line; MSC; Safmarine",4,16,8884.90909090909,682.090909090909,2073,6750,3,3.5,4,"{3,4}"
2017-03-26,INNSA,"Mumbai (Nhava Sheva)",PKKHI,Karachi,1,1,"IAL-Interasia Lines; MOL; OOCL; Samudera; Wan Hai",5,7,4726.85714285714,384.285714285714,4252,5117,1,1,1,{1}
2017-03-26,INNSA,"Mumbai (Nhava Sheva)",REPDG,"Reunion Island",1,1,"ANL; CMA CGM; PIL",3,10,3148.3,404.1,1697,4308,8,8,8,{8}
2017-03-26,INNSA,"Mumbai (Nhava Sheva)",SAJED,Jeddah,1,1,"ANL; APL; CMA CGM; COSCO; Hapag-Lloyd; Marguisa; UASC",7,7,6921,486,6921,6921,6,6,6,{6}
2017-03-26,INPAV,Pipavav,INHZA,Hazira,1,1,"Maersk Line; Safmarine",2,8,4968.75,557.5,5466,6802,1,1,1,{1}
2017-03-26,INPAV,Pipavav,INNSA,"Mumbai (Nhava Sheva)",1,1,"APL; Maersk Line; Safmarine",3,11,6386.90909090909,509.090909090909,6188,6750,1,1,1,{1}
2017-03-26,INPAV,Pipavav,LKCMB,Colombo,4,4,"ANL; APL; CMA CGM; COSCO; Evergreen Line; Gold Star Line; Hapag-Lloyd; Hyundai; IAL-Interasia Lines; K Line; Maersk Line; MCC; MOL; NYK; OOCL; PIL; RCL; Safmarine; Samudera; SCI-Shipping Corp. of India; Simatech; SITC Shipping; SM Line; Wan Hai; X-Press; Yang Ming; ZIM",27,24,20543.3904761905,2045.78571428571,4178,6589,3,4,4,"{4,3,4,4}"
2017-03-26,INPAV,Pipavav,MYPKG,"Port Klang",1,1,"Alianca; ANL; APL; CMA CGM; CNC Line-Cheng Lie Navigation Co. Ltd.; Gold Star Line; Hamburg Sud; KMTC; Maersk Line; MCC; OOCL; RCL; Safmarine; ZIM",14,6,5755.33333333333,521,4957,6881,8,8,8,{8}
2017-03-26,INPAV,Pipavav,PKKHI,Karachi,1,1,"NYK; X-Press",2,4,3516.25,350,2741,4538,1,1,1,{1}
2017-03-26,INVTZ,Vishakhapatnam,INKRI,Krishnapatnum,1,1,"Evergreen Line; Maersk Line; OOCL; Simatech",4,4,2728.5,514.5,2442,2824,2,2,2,{2}
2017-03-26,INVTZ,Vishakhapatnam,MYPEN,Penang,1,1,"K Line; MOL; NYK; RCL; X-Press",5,4,2597.75,465,2474,2700,4,4,4,{4}
2017-03-26,INVTZ,Vishakhapatnam,MYTPP,"Tanjung Pelepas",1,1,"Maersk Line; MCC; Safmarine",3,6,4826,388.333333333333,4771,6800,5,5,5,{5}
2017-03-26,IQUQR,"Umm Qasr",BHKBS,"Khalifa Bin Salman Port",1,1,"ANL; CMA CGM; UASC; Unimed Feeder Services-UFS",4,4,3802,355,3802,3802,2,2,2,{2}
2017-03-26,IQUQR,"Umm Qasr",IRBND,"Bandar Abbas",1,1,HDASCO,1,2,3194.28571428571,628.571428571429,1118,1118,4,4,4,{4}
2017-03-26,IQUQR,"Umm Qasr",SAJUB,Jubail,1,1,MSC,1,7,7773.71428571429,478.571428571429,5059,9400,1,1,1,{1}
2017-03-26,IRBKM,"Bandar Khomeini",INHZA,Hazira,1,1,"Emirates Shipping; KMTC; RCL",3,8,6356.125,532.5,5527,6882,6,6,6,{6}
2017-03-26,IRBND,"Bandar Abbas",AEJEA,"Dubai, Jebel Ali",2,2,"CMA CGM; HDASCO; PIL; Unimed Feeder Services-UFS",4,11,6991.28571428571,690.857142857143,2724,5040,1,2,3,"{1,3}"
2017-03-26,IRBND,"Bandar Abbas",CNTAO,Qingdao,1,1,"CMA CGM; HDASCO",2,6,6292.66666666667,500,5040,6572,9,9,9,{9}
2017-03-26,IRBND,"Bandar Abbas",EGDAM,Damietta,1,1,HDASCO,1,3,4602,650,2478,2478,11,11,11,{11}
2017-03-26,IRBND,"Bandar Abbas",HKHKG,"Hong Kong",1,1,"APL; Hyundai",2,6,4771.5,485.333333333333,4500,5301,15,15,15,{15}
2017-03-26,IRBND,"Bandar Abbas",IQUQR,"Umm Qasr",1,1,HDASCO,1,2,3194.28571428571,628.571428571429,1118,1118,5,5,5,{5}
2017-03-26,IRBND,"Bandar Abbas",IRBKM,"Bandar Khomeini",1,1,"Emirates Shipping; KMTC; RCL",3,8,6356.125,532.5,5527,6882,4,4,4,{4}
2017-03-26,IRBND,"Bandar Abbas",IRZBR,Chabahar,1,1,HDASCO,1,2,3194.28571428571,628.571428571429,1118,1118,3,3,3,{3}
2017-03-26,IRBND,"Bandar Abbas",MYPKG,"Port Klang",3,3,"APL; CMA CGM; COSCO; Evergreen Line; MOL; OOCL; PIL; Unimed Feeder Services-UFS; Wan Hai; Yang Ming",10,19,15483.1904761905,1114.04761904762,4532,8452,9,9,10,"{9,9,10}"
2017-03-26,IRBND,"Bandar Abbas",SADMM,Dammam,1,1,"Hapag-Lloyd; Hyundai; K Line; TS Lines",4,7,7501.71428571429,585.714285714286,6350,8600,1,1,1,{1}
2017-03-26,IRBND,"Bandar Abbas",SGSIN,Singapore,1,1,HDASCO,1,3,2188,66.6666666666667,2188,2188,14,14,14,{14}
2017-03-26,IRZBR,Chabahar,INMUN,Mundra,1,1,HDASCO,1,2,3194.28571428571,628.571428571429,1118,1118,4,4,4,{4}
2017-03-26,ISREY,Reykjavik,CANWP,Argentia,1,1,"Eimskip; Royal Arctic Line",2,2,1007.14285714286,157.142857142857,698,712,6,6,6,{6}
2017-03-26,ISREY,Reykjavik,FOTHO,Thorshavn,1,1,Eimskip,1,2,698,120,698,698,2,2,2,{2}
2017-03-26,ISREY,Reykjavik,GLGOH,Nuuk,1,1,"Royal Arctic Line",1,1,2457.71428571429,314.285714285714,782,782,4,4,4,{4}
2017-03-26,ISREY,Reykjavik,ISRFJ,"Reydarfjordur Iceland",1,1,Eimskip,1,2,1457,400,1457,1457,1,1,1,{1}
2017-03-26,ISREY,Reykjavik,ISVES,"Vestmannaeyjar Iceland",1,1,Eimskip,1,2,875,230,875,875,1,1,1,{1}
2017-03-26,ISRFJ,"Reydarfjordur Iceland",FOTHO,Thorshavn,1,1,Eimskip,1,2,1457,400,1457,1457,1,1,1,{1}
2017-03-26,ISVES,"Vestmannaeyjar Iceland",FOTHO,Thorshavn,1,1,Eimskip,1,2,875,230,875,875,1,1,1,{1}
2017-03-26,ITCAG,Cagliari,ITLIV,Leghorn,2,2,"Alianca; CCNI; Hamburg Sud; Hapag-Lloyd; ZIM",5,18,8785.98701298701,926.233766233766,4115,4843,1,2,3,"{3,1}"
2017-03-26,ITCAG,Cagliari,MAPTM,Tanger,1,1,"Alianca; CMA CGM; COSCO; Hamburg Sud; Hapag-Lloyd; NYK; UASC",7,8,8590.875,1305.25,8004,9030,2,2,2,{2}
2017-03-26,ITCAG,Cagliari,SAJED,Jeddah,1,1,"Alianca; CMA CGM; COSCO; Hamburg Sud; Hapag-Lloyd; NYK; UASC",7,8,8590.875,1305.25,8004,9030,5,5,5,{5}
2017-03-26,ITCVV,Civitavecchia,ITSPE,"La Spezia",1,1,MSC,1,10,9012.3,501.9,8800,9400,2,2,2,{2}
2017-03-26,ITGIT,"Gioia Tauro",EGPSD,"Port Said",2,2,"Maersk Line; MCC; MSC; Safmarine",4,26,22905.5636363636,1751.51515151515,9034,15908,3,3.5,4,"{4,3}"
2017-03-26,ITGIT,"Gioia Tauro",ITCVV,Civitavecchia,1,1,MSC,1,10,9012.3,501.9,8800,9400,2,2,2,{2}
2017-03-26,ITGIT,"Gioia Tauro",ITGOA,Genoa,1,1,"Alianca; ANL; CMA CGM; Hamburg Sud; Hapag-Lloyd; Maersk Line; MSC; Niver Lines; Safmarine; UASC; ZIM",11,8,5638.75,791.25,5550,5905,2,2,2,{2}
2017-03-26,ITGIT,"Gioia Tauro",ITLIV,Leghorn,1,1,MSC,1,4,4068.75,320.5,3424,4545,5,5,5,{5}
2017-03-26,ITGIT,"Gioia Tauro",ITNAP,Naples,2,2,"Maersk Line; MSC; Safmarine; SeaLand",4,14,12548,888.571428571429,4549,6750,1,1,1,"{1,1}"
2017-03-26,ITGIT,"Gioia Tauro",ITSPE,"La Spezia",1,1,"Maersk Line; MCC; MSC; Safmarine; WEC Lines",5,11,12340.9090909091,818.181818181818,13050,14000,1,1,1,{1}
2017-03-26,ITGIT,"Gioia Tauro",LKCMB,Colombo,1,1,"MSC; SCI-Shipping Corp. of India; WEC Lines",3,8,11710.75,888.75,8110,13092,13,13,13,{13}
2017-03-26,ITGIT,"Gioia Tauro",MAPTM,Tanger,1,1,"APL; CMA CGM; COSCO; MSC; UASC",5,8,8853.25,891.375,8400,9200,3,3,3,{3}
2017-03-26,ITGIT,"Gioia Tauro",REPDG,"Reunion Island",1,1,"DAL-Deutsche Afrika Linien; MSC",2,12,6109.08333333333,504.166666666667,4900,7455,13,13,13,{13}
2017-03-26,ITGOA,Genoa,CAMTR,Montreal,1,1,MSC,1,4,4068.75,320.5,3424,4545,11,11,11,{11}
2017-03-26,ITGOA,Genoa,EGDAM,Damietta,2,2,"ANL; CMA CGM; Hapag-Lloyd; K Line; MOL; NYK; UASC; Yang Ming",8,22,13934.4700854701,846.367521367521,5250,8749,4,4.5,5,"{4,5}"
2017-03-26,ITGOA,Genoa,EGPSD,"Port Said",1,1,"Maersk Line; Safmarine",2,7,8664,871.428571428571,8112,10000,5,5,5,{5}
2017-03-26,ITGOA,Genoa,ESALC,Alicante,1,1,"Yaiza Shipping",1,1,1608,360,804,804,3,3,3,{3}
2017-03-26,ITGOA,Genoa,ESBCN,Barcelona,5,5,"Alianca; APL; CCNI; CMA CGM; COSCO; Hamburg Sud; Hapag-Lloyd; Melfi Marine; NYK; Yang Ming; ZIM",11,31,17329.9238095238,2718.59365079365,1678,4253,1,2,3,"{2,2,2,1,3}"
2017-03-26,ITGOA,Genoa,ESMOT,Motril,1,1,"Yaiza Shipping",1,1,1606,360,803,803,4,4,4,{4}
2017-03-26,ITGOA,Genoa,ESTAR,Tarragona,1,1,"Arkas Line; CMA CGM; COSCO; Hapag-Lloyd; Messina; ZIM",6,6,2527.66666666667,435.333333333333,2452,2702,2,2,2,{2}
2017-03-26,ITGOA,Genoa,ESVLC,Valencia,1,1,"Maersk Line; MSC; Safmarine",3,7,6369.28571428571,480,4549,6732,2,2,2,{2}
2017-03-26,ITGOA,Genoa,FRFOS,"Marseilles-Fos (Fos)",8,8,"Alianca; ANL; APL; CMA CGM; COSCO; Evergreen Line; Hamburg Sud; Hapag-Lloyd; K Line; Maersk Line; Marfret; Marguisa; MCC; MOL; MSC; NYK; OOCL; Safmarine; UASC; WEC Lines; Yang Ming; ZIM",22,62,52192.8484848485,3566.60606060606,2500,14000,1,1.5,3,"{2,1,1,1,1,2,2,3}"
2017-03-26,ITGOA,Genoa,FRMRS,"Marseilles-Fos (Marseilles)",1,1,"CMA CGM; Marguisa; UASC",3,8,3145.5,506.25,2697,3600,1,1,1,{1}
2017-03-26,ITGOA,Genoa,ITLIV,Leghorn,1,1,"Alianca; ANL; CMA CGM; Hamburg Sud; Hapag-Lloyd; Maersk Line; MSC; Niver Lines; Safmarine; UASC; ZIM",11,8,5638.75,791.25,5550,5905,2,2,2,{2}
2017-03-26,ITGOA,Genoa,ITSPE,"La Spezia",1,1,"Hapag-Lloyd; K Line; MOL; NYK; UASC; Yang Ming",6,10,12972.5,510,8004,14100,0,0,0,{0}
2017-03-26,ITGOA,Genoa,MTMAR,"Malta (Marsaxlokk)",2,2,"ANL; APL; CMA CGM; COSCO; Evergreen Line; Hapag-Lloyd; Marguisa; OOCL; UASC",9,18,18557.9090909091,1258.72727272727,6921,13208,3,3,3,"{3,3}"
2017-03-26,ITGOA,Genoa,TRAMB,"Istanbul (Ambarli)",1,1,HDASCO,1,3,4602,650,2478,2478,4,4,4,{4}
2017-03-26,ITLIV,Leghorn,FRFOS,"Marseilles-Fos (Fos)",1,1,"Alianca; ANL; CMA CGM; Hamburg Sud; Hapag-Lloyd; Maersk Line; MSC; Niver Lines; Safmarine; UASC; ZIM",11,8,5638.75,791.25,5550,5905,1,1,1,{1}
2017-03-26,ITLIV,Leghorn,ITGOA,Genoa,9,9,"Alianca; APL; CCNI; CMA CGM; COSCO; Evergreen Line; Hamburg Sud; Hapag-Lloyd; Marfret; Marguisa; MSC; OOCL; UASC; ZIM",14,62,33986.637012987,4337.33932178932,1732,5078,1,1,2,"{1,2,1,2,1,1,2,1,1}"
2017-03-26,ITLIV,Leghorn,ITSPE,"La Spezia",2,2,"Hapag-Lloyd; K Line; Maersk Line; MOL; MSC; NYK; Safmarine; Yang Ming; ZIM",9,12,10889.2857142857,660,4520,6732,1,1,1,"{1,1}"
2017-03-26,ITNAP,Naples,ESVLC,Valencia,1,1,"MSC; ZIM",2,5,5093,436,2682,5919,3,3,3,{3}
2017-03-26,ITNAP,Naples,ITGIT,"Gioia Tauro",1,1,"DAL-Deutsche Afrika Linien; MSC",2,12,6109.08333333333,504.166666666667,4900,7455,0,0,0,{0}
2017-03-26,ITNAP,Naples,ITLIV,Leghorn,1,1,"Maersk Line; MSC; Safmarine",3,7,6369.28571428571,480,4549,6732,2,2,2,{2}
2017-03-26,ITNAP,Naples,ITSPE,"La Spezia",1,1,"Maersk Line; MSC; Safmarine; SeaLand",4,7,6178.71428571429,408.571428571429,4549,6750,2,2,2,{2}
2017-03-26,ITSAL,Salerno,ESALG,Algeciras,1,1,"Alianca; CMA CGM; Hamburg Sud; Hapag-Lloyd; Seago Line",5,5,5963.8,1236.8,5552,6552,3,3,3,{3}
2017-03-26,ITSAL,Salerno,ESCAS,Castellon,1,1,"Borchard Lines Ltd",1,4,1216,200,1216,1216,2,2,2,{2}
2017-03-26,ITSAL,Salerno,GBLGP,"London Gateway",1,1,"ANL; CMA CGM; Hapag-Lloyd",3,13,5661.69230769231,461.923076923077,5250,5782,7,7,7,{7}
2017-03-26,ITSAL,Salerno,GRPIR,Piraeus,1,1,"Borchard Lines Ltd",1,4,1216,200,1216,1216,2,2,2,{2}
2017-03-26,ITSAL,Salerno,ITLIV,Leghorn,4,4,"Alianca; APL; CCNI; CMA CGM; COSCO; Evergreen Line; Hamburg Sud; Hapag-Lloyd; K Line; MOL; NYK; OOCL; Yang Ming; ZIM",14,25,15430.4,1793.02222222222,1732,5078,2,2,2,"{2,2,2,2}"
2017-03-26,ITSPE,"La Spezia",ESBCN,Barcelona,2,2,"Hapag-Lloyd; K Line; Maersk Line; MOL; MSC; NYK; Safmarine; SeaLand; UASC; Yang Ming",10,17,19151.2142857143,918.571428571429,4549,14100,1,1,1,"{1,1}"
2017-03-26,ITSPE,"La Spezia",ESVLC,Valencia,2,2,"MSC; WEC Lines; ZIM",3,15,15923.7,1121.9,6673,9400,3,3,3,"{3,3}"
2017-03-26,ITSPE,"La Spezia",ITGIT,"Gioia Tauro",1,1,"Maersk Line; MCC; MSC; Safmarine",4,11,13764.3636363636,1018.18181818182,13000,15908,1,1,1,{1}
2017-03-26,ITSPE,"La Spezia",ITGOA,Genoa,6,6,"ANL; APL; Arkas Line; CMA CGM; COSCO; Evergreen Line; Hapag-Lloyd; K Line; Maersk Line; Marguisa; MCC; Messina; MOL; MSC; NYK; OOCL; Safmarine; UASC; WEC Lines; Yang Ming; ZIM",21,46,44665.8614718615,2739.51515151515,2452,14000,0,1.5,2,"{2,2,1,2,1,0}"
2017-03-26,ITSPE,"La Spezia",ITNAP,Naples,1,1,"DAL-Deutsche Afrika Linien; MSC",2,12,6109.08333333333,504.166666666667,4900,7455,1,1,1,{1}
2017-03-26,ITTRS,Trieste,HRRJK,Rijeka,2,2,"APL; CMA CGM; COSCO; Evergreen Line; Maersk Line; MCC; MSC; OOCL; Safmarine",9,25,15505.7,1115.33333333333,5618,13102,1,1,1,"{1,1}"
2017-03-26,ITVCE,Venice,SIKOP,Koper,1,1,"APL; CMA CGM; COSCO; Evergreen Line; OOCL",5,10,6364.5,382,5618,7024,2,2,2,{2}
2017-03-26,JMKIN,Kingston,COBAQ,Barranquilla,1,1,"Seaboard Marine",1,2,1740,300,1740,1740,1,1,1,{1}
2017-03-26,JMKIN,Kingston,COCTG,Cartagena,4,4,"Alianca; ANL; APL; Caribbean Feeder; CCNI; CMA CGM; Hamburg Sud; Hapag-Lloyd; Maersk Line; Marfret; Melfi Marine; MOL; Seaboard Marine; SeaLand; ZIM",15,25,12442.7619047619,2277.36507936508,1102,3398,1,1.5,3,"{2,3,1,1}"
2017-03-26,JMKIN,Kingston,CRLIO,"Puerto Limon",2,2,"Crowley; Seaboard Marine; ZIM",3,5,2913.33333333333,518.333333333333,1102,2122,1,2,3,"{3,1}"
2017-03-26,JMKIN,Kingston,CUMAR,Mariel,1,1,"CMA CGM; Melfi Marine; Seaboard Marine",3,3,1705,290,1669,1740,2,2,2,{2}
2017-03-26,JMKIN,Kingston,DOCAU,Caucedo,1,1,"Alianca; ANL; APL; CMA CGM; COSCO; Hamburg Sud; Hapag-Lloyd",7,11,8935.27272727273,681.818181818182,8189,9448,1,1,1,{1}
2017-03-26,JMKIN,Kingston,DOHAI,"Rio Haina",4,4,"Alianca; APL; Caribbean Feeder; CMA CGM; Hamburg Sud; Hapag-Lloyd; Melfi Marine; Seaboard Marine; ZIM",9,10,4622.33333333333,850,698,1740,1,1,1,"{1,1,1,1}"
2017-03-26,JMKIN,Kingston,GTSTC,"Santo Tomas de Castilla",1,1,"CMA CGM; Hapag-Lloyd",2,6,2358.66666666667,566.666666666667,2260,2556,2,2,2,{2}
2017-03-26,JMKIN,Kingston,GYGEO,"Georgetown, Guyana",1,1,"CMA CGM; ZIM",2,2,1110,220,1102,1118,4,4,4,{4}
2017-03-26,JMKIN,Kingston,HNPCR,"Puerto Cortes",1,1,"Caribbean Feeder; Hapag-Lloyd; ZIM",3,3,699.333333333333,120,698,702,2,2,2,{2}
2017-03-26,JMKIN,Kingston,HTPAP,Port-au-Prince,2,2,"APL; Caribbean Feeder; CMA CGM; Evergreen Line; Hapag-Lloyd; King Ocean; Melfi Marine; MOL; Seaboard Marine; X-Press; ZIM",11,5,2046.83333333333,453.333333333333,877,1118,1,1,1,"{1,1}"
2017-03-26,JMKIN,Kingston,JMMBJ,"Montego Bay",1,1,"CMA CGM",1,1,670,120,670,670,1,1,1,{1}
2017-03-26,JMKIN,Kingston,MXVER,Veracruz,1,1,"Alianca; CCNI; Hamburg Sud; Hapag-Lloyd; ZIM",5,7,4219.71428571429,557.142857142857,4115,4250,3,3,3,{3}
2017-03-26,JMKIN,Kingston,NLRTM,Rotterdam,1,1,"CMA CGM; Hapag-Lloyd",2,6,2358.66666666667,566.666666666667,2260,2556,12,12,12,{12}
2017-03-26,JMKIN,Kingston,PAMIT,Manzanillo,2,2,"Caribbean Feeder; Evergreen Line; Hapag-Lloyd; Maersk Line; ZIM",5,3,2513.5,538,712,1118,2,2.5,3,"{2,3}"
2017-03-26,JMKIN,Kingston,RUSKA,Slavyanka,1,1,"Alianca; Hamburg Sud; ZIM",3,11,4963,442.727272727273,4814,5117,28,28,28,{28}
2017-03-26,JMKIN,Kingston,TTPTS,"Point Lisas",1,1,"ANL; CMA CGM",2,4,1314.5,345.75,1221,1347,3,3,3,{3}
2017-03-26,JMKIN,Kingston,USMIA,"Miami FL",1,1,"Seaboard Marine",1,2,1116,220,1114,1118,3,3,3,{3}
2017-03-26,JMKIN,Kingston,USNYC,"New York NY/NJ",1,1,"ANL; CMA CGM",2,4,1314.5,345.75,1221,1347,5,5,5,{5}
2017-03-26,JMKIN,Kingston,USPEF,"Port Everglades FL",1,1,"Crowley; ZIM",2,3,1296,390,1296,1296,2,2,2,{2}
2017-03-26,JMKIN,Kingston,USSAV,"Savannah GA",1,1,"Alianca; Hamburg Sud; ZIM",3,11,4963,442.727272727273,4814,5117,3,3,3,{3}
2017-03-26,JMKIN,Kingston,USTPA,"Tampa FL",1,1,"MSC; ZIM",2,3,2910.66666666667,328,2742,3200,3,3,3,{3}
2017-03-26,JMKIN,Kingston,VEGUA,Guaranao,1,1,"Caribbean Feeder; Maersk Line; SeaLand; ZIM",4,1,2236,440,1118,1118,2,2,2,{2}
2017-03-26,JMKIN,Kingston,VELAG,"La Guaira",1,1,"Caribbean Feeder; CMA CGM; Hapag-Lloyd; Seaboard Marine; ZIM",5,1,2676,898,1338,1338,2,2,2,{2}
2017-03-26,JMMBJ,"Montego Bay",HTPAP,Port-au-Prince,1,1,"CMA CGM",1,1,670,120,670,670,1,1,1,{1}
2017-03-26,JOAQB,Aqaba,DJJIB,Djibouti,1,1,"ANL; APL; CMA CGM; PIL",4,9,6222.88888888889,111.111111111111,3560,6606,4,4,4,{4}
2017-03-26,JOAQB,Aqaba,EGPSD,"Port Said",1,1,"Maersk Line; Safmarine",2,7,8664,871.428571428571,8112,10000,1,1,1,{1}
2017-03-26,JOAQB,Aqaba,EGSOK,Sokhna,1,1,"CMA CGM; MSC; WEC Lines",3,4,3234.75,262.5,2480,3534,1,1,1,{1}
2017-03-26,JOAQB,Aqaba,SAJED,Jeddah,3,3,"APL; CMA CGM; COSCO; Evergreen Line; Maersk Line; OOCL; PIL; Safmarine; Seago Line; UASC; Unimed Feeder Services-UFS",11,18,22944.75,1985,3802,10100,1,2,4,"{1,2,4}"
2017-03-26,JOAQB,Aqaba,SDPZU,"Port Sudan",1,1,"APL; CMA CGM; COSCO; Evergreen Line; OOCL",5,8,5662.875,243.625,5094,8100,2,2,2,{2}
2017-03-26,JPCHB,Chiba,JPNGO,Nagoya,1,1,"IAL-Interasia Lines; Wan Hai",2,4,2659.5,369.5,2646,2700,1,1,1,{1}
2017-03-26,JPCHB,Chiba,JPYOK,Yokohama,1,1,"ANL; CMA CGM; CNC Line-Cheng Lie Navigation Co. Ltd.; Evergreen Line; TS Lines; Wan Hai; Yang Ming",7,2,3562,593,2824,4300,0,0,0,{0}
2017-03-26,JPFKY,Fukuyama,JPMIZ,Mizushima,3,2,"Kambara Kisen Co., Ltd.",1,7,2386.66666666667,364,556,932,0,0,0,"{0,0,0}"
2017-03-26,JPFKY,Fukuyama,JPUKB,Kobe,1,1,"Wan Hai",1,3,1742,233.333333333333,1510,1858,0,0,0,{0}
2017-03-26,JPHBK,Hibiki,JPMOJ,Moji,1,1,MOL,1,3,1304,149.333333333333,1032,1440,0,0,0,{0}
2017-03-26,JPHBK,Hibiki,KRPUS,Busan,1,1,"Dongjin Shipping; Namsung; TaiYoung Shipping",3,1,953,120,953,953,1,1,1,{1}
2017-03-26,JPHHE,Hachinohe,JPSDJ,"Sendai (Honshu)",1,1,"Dong Young; Namsung",2,3,706,116.666666666667,706,706,1,1,1,{1}
2017-03-26,JPHHE,Hachinohe,JPSKT,Sakata,1,1,"Dong Young; Namsung",2,5,985.2,144,953,1043,1,1,1,{1}
2017-03-26,JPHIC,Hitachinaka,CNSHA,Shanghai,1,1,"SITC Shipping",1,3,884.333333333333,102,831,915,3,3,3,{3}
2017-03-26,JPHIC,Hitachinaka,JPSDJ,"Sendai (Honshu)",1,1,"Dong Young; Namsung",2,5,985.2,144,953,1043,1,1,1,{1}
2017-03-26,JPHIJ,Hiroshima,JPHSM,Hososhima,1,1,"Kambara Kisen Co., Ltd.",1,3,915.333333333333,132,907,932,1,1,1,{1}
2017-03-26,JPHIJ,Hiroshima,JPIYM,"Iyomishima (Shikoku)",1,1,"Kambara Kisen Co., Ltd.",1,1,556,100,556,556,0,0,0,{0}
2017-03-26,JPHIJ,Hiroshima,JPMOJ,Moji,1,1,"Wan Hai",1,3,1742,233.333333333333,1510,1858,1,1,1,{1}
2017-03-26,JPHIJ,Hiroshima,JPMYJ,"Matsuyama (Shikoku)",1,1,NYK,1,2,576,100,550,602,0,0,0,{0}
2017-03-26,JPHIJ,Hiroshima,JPSBS,Shibushi,1,1,"Kambara Kisen Co., Ltd.",1,3,915.333333333333,132,907,932,1,1,1,{1}
2017-03-26,JPHKD,Hakodate,JPTMK,Tomakomai,1,1,"Dong Young; Namsung",2,5,985.2,144,953,1043,1,1,1,{1}
2017-03-26,JPHKT,Hakata,CNNGB,Ningbo,1,1,MSC,1,3,3229,281.333333333333,2800,3987,3,3,3,{3}
2017-03-26,JPHKT,Hakata,CNSHA,Shanghai,2,2,"COSCO; MCC; SASCO; Sinotrans; SITC Shipping",5,9,1932.71428571429,314,787,1118,2,2,2,"{2,2}"
2017-03-26,JPHKT,Hakata,JPHBK,Hibiki,1,1,"Dongjin Shipping; Namsung; TaiYoung Shipping",3,1,953,120,953,953,0,0,0,{0}
2017-03-26,JPHKT,Hakata,JPMIZ,Mizushima,1,1,"IAL-Interasia Lines; MOL; Wan Hai",3,3,1608,210,1368,1728,0,0,0,{0}
2017-03-26,JPHKT,Hakata,JPMOJ,Moji,5,5,"COSCO; HASCO; Jin Jiang; Sinotrans; SITC Shipping; StarOcean; Taicang Container Lines; Wan Hai",8,9,4295,496,563,1118,0,1,1,"{1,1,0,1,1}"
2017-03-26,JPHKT,Hakata,JPOSA,Osaka,2,2,"COSCO; Sinotrans; SITC Shipping; Westwood",4,7,5931.41666666667,1108.58333333333,1042,2546,1,1.5,2,"{2,1}"
2017-03-26,JPHKT,Hakata,KRPUS,Busan,3,3,"ANL; CMA CGM; CNC Line-Cheng Lie Navigation Co. Ltd.; Evergreen Line; K Line; MOL; TS Lines; X-Press; Yang Ming",9,9,5537,798.833333333333,1032,2742,1,1,1,"{1,1,1}"
2017-03-26,JPHKT,Hakata,TWTPE,Taipei,1,1,"Evergreen Line; Wan Hai; Yang Ming",3,2,1265,175,1162,1368,2,2,2,{2}
2017-03-26,JPHKT,Hakata,TWTXG,Taichung,1,1,"Evergreen Line; Wan Hai",2,2,1618,213,1618,1618,2,2,2,{2}
2017-03-26,JPHSM,Hososhima,JPSBS,Shibushi,1,1,"Kambara Kisen Co., Ltd.",1,3,915.333333333333,132,907,932,0,0,0,{0}
2017-03-26,JPHSM,Hososhima,KRPUS,Busan,1,1,"Dong Young; Namsung",2,5,985.2,144,953,1043,3,3,3,{3}
2017-03-26,JPIMI,Imari,JPFKY,Fukuyama,1,1,"Kambara Kisen Co., Ltd.",1,3,915.333333333333,132,907,932,1,1,1,{1}
2017-03-26,JPIMI,Imari,JPMOJ,Moji,1,1,"Heung-A; RCL",2,2,1103,,1103,1103,1,1,1,{1}
2017-03-26,JPISI,Ishikari,JPTMK,Tomakomai,2,2,"Heung-A; KMTC",2,4,2111.5,90,958,1103,1,1,1,"{1,1}"
2017-03-26,JPIWK,Iwakuni,JPMOJ,Moji,1,1,"Evergreen Line; Wan Hai",2,2,1618,213,1618,1618,1,1,1,{1}
2017-03-26,JPIYM,"Iyomishima (Shikoku)",JPOIT,Oita,1,1,"Kambara Kisen Co., Ltd.",1,1,556,100,556,556,1,1,1,{1}
2017-03-26,JPKIJ,"Niigata (N Coast)",JPHKD,Hakodate,1,1,"Dong Young; Namsung",2,5,985.2,144,953,1043,1,1,1,{1}
2017-03-26,JPKIJ,"Niigata (N Coast)",JPTMK,Tomakomai,1,1,"Dong Young; Namsung",2,3,706,116.666666666667,706,706,1,1,1,{1}
2017-03-26,JPKIJ,"Niigata (N Coast)",JPTOY,"Toyama (N Coast)",2,2,"Dongjin Shipping; Easline Shipping; Kambara Kisen Co., Ltd.; PanCon; Sinokor; TaiYoung Shipping",6,4,2029,212,1009,1020,1,1,1,"{1,1}"
2017-03-26,JPKNZ,"Kanazawa (N Coast)",CNSHA,Shanghai,1,1,"Kambara Kisen Co., Ltd.",1,1,585,50,585,585,3,3,3,{3}
2017-03-26,JPKNZ,"Kanazawa (N Coast)",JPTRG,Tsuruga,1,1,"Dongjin Shipping; Easline Shipping; PanCon; Sinokor; TaiYoung Shipping",5,2,1009,52,1009,1009,1,1,1,{1}
2017-03-26,JPKUH,Kushiro,JPHHE,Hachinohe,1,1,"Dong Young; Namsung",2,5,985.2,144,953,1043,1,1,1,{1}
2017-03-26,JPKUH,Kushiro,JPTMK,Tomakomai,1,1,"Dong Young; Namsung",2,3,706,116.666666666667,706,706,0,0,0,{0}
2017-03-26,JPKWS,Kawasaki,JPNGO,Nagoya,1,1,"SITC Shipping",1,2,1063,180,1024,1102,1,1,1,{1}
2017-03-26,JPKWS,Kawasaki,JPSMZ,Shimizu,1,1,"Sinokor; SITC Shipping",2,4,1035.5,110,953,1100,0,0,0,{0}
2017-03-26,JPKWS,Kawasaki,JPTYO,Tokyo,1,1,"Hapag-Lloyd; K Line; MCC; NYK",4,4,4601,512.5,4432,4896,0,0,0,{0}
2017-03-26,JPKWS,Kawasaki,JPYOK,Yokohama,1,1,"SITC Shipping",1,3,884.333333333333,102,831,915,0,0,0,{0}
2017-03-26,JPMAI,Maizuru,CNDLC,Dalian,1,1,"Kambara Kisen Co., Ltd.",1,2,1020,160,1020,1020,4,4,4,{4}
2017-03-26,JPMIZ,Mizushima,JPHIJ,Hiroshima,3,2,"Kambara Kisen Co., Ltd.",1,7,2386.66666666667,364,556,932,1,1,1,"{1,1,1}"
2017-03-26,JPMIZ,Mizushima,JPUKB,Kobe,1,1,"IAL-Interasia Lines; MOL; Wan Hai",3,3,1608,210,1368,1728,0,0,0,{0}
2017-03-26,JPMOJ,Moji,CNSHA,Shanghai,1,1,"HASCO; Jin Jiang; Taicang Container Lines",3,1,563,,563,563,4,4,4,{4}
2017-03-26,JPMOJ,Moji,CNTXG,Xingang/Tianjin,1,1,"COSCO; Sinotrans; SITC Shipping",3,2,847,100,787,907,3,3,3,{3}
2017-03-26,JPMOJ,Moji,CNWEI,Weihai,1,1,StarOcean,1,1,679,106,679,679,3,3,3,{3}
2017-03-26,JPMOJ,Moji,CNYTN,Yantian,1,1,"CNC Line-Cheng Lie Navigation Co. Ltd.; COSCO; Evergreen Line; SITC Shipping",4,3,1435.33333333333,168.666666666667,1378,1496,3,3,3,{3}
2017-03-26,JPMOJ,Moji,JPHIJ,Hiroshima,1,1,NYK,1,2,576,100,550,602,1,1,1,{1}
2017-03-26,JPMOJ,Moji,JPHKT,Hakata,5,5,"COSCO; Evergreen Line; K Line; MOL; Sinotrans; SITC Shipping; TS Lines; Wan Hai; Yang Ming",9,11,6546,862.333333333333,787,1618,1,1,1,"{1,1,1,1,1}"
2017-03-26,JPMOJ,Moji,JPTKY,Tokuyama,1,1,"Wan Hai",1,4,1088,70,1088,1088,0,0,0,{0}
2017-03-26,JPMOJ,Moji,KRKAN,Gwangyang,1,1,"Heung-A; RCL",2,2,1103,,1103,1103,1,1,1,{1}
2017-03-26,JPMOJ,Moji,KRPUS,Busan,3,3,"ANL; CMA CGM; CNC Line-Cheng Lie Navigation Co. Ltd.; COSCO; Evergreen Line; HASCO; Jin Jiang; Sinotrans; SITC Shipping; Taicang Container Lines; TS Lines; Yang Ming",12,8,3736.08333333333,587.25,1042,1702,1,1,1,"{1,1,1}"
2017-03-26,JPMOJ,Moji,KRUSN,Ulsan,1,1,"Wan Hai",1,3,1742,233.333333333333,1510,1858,1,1,1,{1}
2017-03-26,JPMYJ,"Matsuyama (Shikoku)",JPNAN,Nakanoseki,1,1,NYK,1,2,576,100,550,602,0,0,0,{0}
2017-03-26,JPNAH,"Naha (Okinawa Is)",CNTAO,Qingdao,1,1,"APL; Maersk Line",2,6,4944.33333333333,367.666666666667,4832,5506,1,1,1,{1}
2017-03-26,JPNAH,"Naha (Okinawa Is)",GUGUM,Guam,1,1,MELL,1,4,1089.5,205,1080,1118,4,4,4,{4}
2017-03-26,JPNAH,"Naha (Okinawa Is)",JPSBS,Shibushi,1,1,NYK,1,2,576,100,550,602,1,1,1,{1}
2017-03-26,JPNAN,Nakanoseki,TWKEL,Keelung,1,1,NYK,1,2,576,100,550,602,3,3,3,{3}
2017-03-26,JPNGO,Nagoya,CNDLC,Dalian,1,1,"Sinokor; SITC Shipping",2,4,1035.5,110,953,1100,2,2,2,{2}
2017-03-26,JPNGO,Nagoya,CNSHA,Shanghai,4,4,"Centrans; COSCO; K Line; Sinotrans; SITC Shipping; StarOcean; TS Lines; Wan Hai; Yang Ming",9,11,7704.16666666667,292.333333333333,1024,4738,3,3.5,8,"{4,3,8,3}"
2017-03-26,JPNGO,Nagoya,CNTAC,Taicang,2,2,"Gold Star Line; HASCO; Jin Jiang; K Line; SITC Shipping; ZIM",6,5,2122.83333333333,331.666666666667,1003,1118,2,3,4,"{4,2}"
2017-03-26,JPNGO,Nagoya,CNTAO,Qingdao,2,2,"APL; Centrans; CMA CGM; COSCO; Evergreen Line; Jin Jiang; OOCL; StarOcean",8,7,9293.33333333333,749,698,9200,3,3.5,4,"{4,3}"
2017-03-26,JPNGO,Nagoya,CNTXG,Xingang/Tianjin,3,3,"COSCO; Sinotrans; SITC Shipping; StarOcean",4,6,5421,1002.5,1024,2664,5,6,6,"{6,6,5}"
2017-03-26,JPNGO,Nagoya,HKHKG,"Hong Kong",1,1,"APL; OOCL",2,3,4579.66666666667,400,4578,4583,4,4,4,{4}
2017-03-26,JPNGO,Nagoya,JPMOJ,Moji,1,1,"CNC Line-Cheng Lie Navigation Co. Ltd.; COSCO; Evergreen Line; SITC Shipping",4,3,1435.33333333333,168.666666666667,1378,1496,2,2,2,{2}
2017-03-26,JPNGO,Nagoya,JPOSA,Osaka,1,1,"Taicang Container Lines",1,3,1043,180,1043,1043,1,1,1,{1}
2017-03-26,JPNGO,Nagoya,JPSMZ,Shimizu,6,6,"COSCO; Evergreen Line; Hapag-Lloyd; HASCO; Jin Jiang; K Line; MOL; NYK; TS Lines; UASC; Westwood; Yang Ming",12,28,22919.4095238095,2324.61904761905,1049,9040,0,1,1,"{1,0,1,1,1,1}"
2017-03-26,JPNGO,Nagoya,JPTHS,Toyohashi,1,1,"Sinokor; SITC Shipping",2,4,1035.5,110,953,1100,0,0,0,{0}
2017-03-26,JPNGO,Nagoya,JPTYO,Tokyo,7,7,"ANL; APL; CMA CGM; CNC Line-Cheng Lie Navigation Co. Ltd.; COSCO; Evergreen Line; Hapag-Lloyd; K Line; MOL; NBOSCO; NYK; OOCL; Sinotrans; SITC Shipping; Taicang Container Lines; TS Lines; Wan Hai; Yang Ming",18,24,20294.6166666667,1632,1037,8749,0,1,2,"{0,1,1,1,1,1,2}"
2017-03-26,JPNGO,Nagoya,JPUKB,Kobe,13,13,"Alianca; ANL; APL; CMA CGM; CNC Line-Cheng Lie Navigation Co. Ltd.; Evergreen Line; Hamburg Sud; Hapag-Lloyd; IAL-Interasia Lines; K Line; MCC; MOL; NYK; OOCL; SITC Shipping; TS Lines; Wan Hai; Yang Ming",18,47,39605.0333333333,4386.41666666667,1032,8749,1,1,2,"{1,1,1,1,1,1,1,2,1,1,1,1,1}"
2017-03-26,JPNGO,Nagoya,JPYKK,Yokkaichi,8,8,"CMA CGM; CNC Line-Cheng Lie Navigation Co. Ltd.; Evergreen Line; IAL-Interasia Lines; K Line; MCC; MOL; NYK; OOCL; SITC Shipping; Wan Hai; Yang Ming",12,27,16172.5,2068.66666666667,907,4583,0,0,1,"{0,1,1,0,0,0,0,0}"
2017-03-26,JPNGO,Nagoya,JPYOK,Yokohama,3,3,"Alianca; ANL; APL; CMA CGM; CNC Line-Cheng Lie Navigation Co. Ltd.; Hamburg Sud; Maersk Line; MCC; NYK; Safmarine; TS Lines",11,16,11329.6388888889,1305.05555555556,1707,7450,1,2,2,"{2,1,2}"
2017-03-26,JPNGO,Nagoya,KRKAN,Gwangyang,1,1,MSC,1,3,3229,281.333333333333,2800,3987,2,2,2,{2}
2017-03-26,JPNGO,Nagoya,KRPUS,Busan,1,1,"ANL; CMA CGM; CNC Line-Cheng Lie Navigation Co. Ltd.; MCC; MOL",5,3,2585.66666666667,462,2450,2824,1,1,1,{1}
2017-03-26,JPNGO,Nagoya,TWTXG,Taichung,1,1,"Evergreen Line",1,3,1618,198.666666666667,1618,1618,2,2,2,{2}
2017-03-26,JPOIT,Oita,CNSHA,Shanghai,1,1,"Kambara Kisen Co., Ltd.",1,1,556,100,556,556,2,2,2,{2}
2017-03-26,JPOMZ,Omaezaki,JPTHS,Toyohashi,1,1,"CMA CGM; CNC Line-Cheng Lie Navigation Co. Ltd.; SITC Shipping",3,3,1081.66666666667,173.333333333333,1024,1118,0,0,0,{0}
2017-03-26,JPOMZ,Omaezaki,JPTYO,Tokyo,1,1,MSC,1,3,3229,281.333333333333,2800,3987,1,1,1,{1}
2017-03-26,JPONA,Onahama,JPHSM,Hososhima,1,1,"Dong Young; Namsung",2,5,985.2,144,953,1043,2,2,2,{2}
2017-03-26,JPOSA,Osaka,CNNGB,Ningbo,1,1,"Taicang Container Lines",1,3,1043,180,1043,1043,3,3,3,{3}
2017-03-26,JPOSA,Osaka,CNTAO,Qingdao,1,1,"APL; CMA CGM; COSCO; Evergreen Line; OOCL",5,6,5556,468.333333333333,5364,5652,3,3,3,{3}
2017-03-26,JPOSA,Osaka,JPFKY,Fukuyama,1,1,"Wan Hai",1,3,1742,233.333333333333,1510,1858,1,1,1,{1}
2017-03-26,JPOSA,Osaka,JPIWK,Iwakuni,1,1,"Evergreen Line; Wan Hai",2,2,1618,213,1618,1618,1,1,1,{1}
2017-03-26,JPOSA,Osaka,JPNGO,Nagoya,6,6,"APL; CMA CGM; CNC Line-Cheng Lie Navigation Co. Ltd.; COSCO; K Line; MCC; NBOSCO; NYK; Sinokor; SITC Shipping; TS Lines; Westwood",12,18,11632.25,1704.16666666667,907,2546,0,1,1,"{1,1,1,1,1,0}"
2017-03-26,JPOSA,Osaka,JPSMZ,Shimizu,1,1,"Evergreen Line; Wan Hai; Yang Ming",3,3,1650.66666666667,172,1496,1728,1,1,1,{1}
2017-03-26,JPOSA,Osaka,JPTYO,Tokyo,1,1,"APL; OOCL",2,3,4579.66666666667,400,4578,4583,2,2,2,{2}
2017-03-26,JPOSA,Osaka,JPUKB,Kobe,30,29,"ANL; APL; Asean Seas Line; Centrans; CMA CGM; CNC Line-Cheng Lie Navigation Co. Ltd.; COSCO; Evergreen Line; Gold Star Line; HASCO; IAL-Interasia Lines; Jin Jiang; MOL; MSC; OOCL; Samudera; Sinotrans; SITC Shipping; StarOcean; Taicang Container Lines; TS Lines; Wan Hai; Yang Ming; ZIM",24,68,41502.2738095238,5129.11904761905,404,5117,0,0,1,"{1,1,0,0,0,0,1,0,1,0,0,0,0,0,1,0,1,1,1,1,0,1,0,0,0,0,1,0,1,1}"
2017-03-26,JPOSA,Osaka,JPYKK,Yokkaichi,1,1,"IAL-Interasia Lines; MOL; OOCL; Samudera; Wan Hai",5,7,4726.85714285714,384.285714285714,4252,5117,1,1,1,{1}
2017-03-26,JPOSA,Osaka,KRPUS,Busan,3,3,"Alianca; ANL; APL; COSCO; Evergreen Line; Hamburg Sud; Hapag-Lloyd; Hyundai; K Line; Maersk Line; MCC; MOL; MSC; OOCL; Safmarine; Yang Ming",16,24,14490.1666666667,1398,4250,6350,2,2,2,"{2,2,2}"
2017-03-26,JPOSA,Osaka,KRUSN,Ulsan,1,1,"IAL-Interasia Lines; MOL; Wan Hai",3,3,1608,210,1368,1728,1,1,1,{1}
2017-03-26,JPOSA,Osaka,THLCH,"Laem Chabang",1,1,"K Line; SITC Shipping",2,3,1708,202,1708,1708,6,6,6,{6}
2017-03-26,JPOSA,Osaka,TWKEL,Keelung,4,4,"ANL; CMA CGM; CNC Line-Cheng Lie Navigation Co. Ltd.; Evergreen Line; MCC; OOCL; TS Lines; Yang Ming",8,12,7176,1184.75,1049,2824,2,3,3,"{3,3,2,3}"
2017-03-26,JPOSA,Osaka,TWTPE,Taipei,1,1,"IAL-Interasia Lines; Wan Hai",2,4,2659.5,369.5,2646,2700,3,3,3,{3}
2017-03-26,JPOTR,Otaru,JPMAI,Maizuru,1,1,"Kambara Kisen Co., Ltd.",1,2,1020,160,1020,1020,2,2,2,{2}
2017-03-26,JPSBK,Sakaisenboku,CNSHA,Shanghai,1,1,"Centrans; StarOcean; TS Lines",3,2,698,120,698,698,4,4,4,{4}
2017-03-26,JPSBK,Sakaisenboku,CNTAO,Qingdao,1,1,"Sinotrans; SITC Shipping",2,1,698,120,698,698,3,3,3,{3}
2017-03-26,JPSBS,Shibushi,CNNGB,Ningbo,1,1,"Kambara Kisen Co., Ltd.",1,3,915.333333333333,132,907,932,2,2,2,{2}
2017-03-26,JPSBS,Shibushi,CNTXG,Xingang/Tianjin,1,1,"Kambara Kisen Co., Ltd.",1,3,915.333333333333,132,907,932,5,5,5,{5}
2017-03-26,JPSBS,Shibushi,JPMOJ,Moji,1,1,NYK,1,2,576,100,550,602,1,1,1,{1}
2017-03-26,JPSDJ,"Sendai (Honshu)",JPONA,Onahama,1,1,"Dong Young; Namsung",2,5,985.2,144,953,1043,1,1,1,{1}
2017-03-26,JPSDJ,"Sendai (Honshu)",KRPUS,Busan,1,1,"Dong Young; Namsung",2,3,706,116.666666666667,706,706,4,4,4,{4}
2017-03-26,JPSDJ,"Sendai (Honshu)",USLAX,"Los Angeles CA",1,1,"APL; CMA CGM; Evergreen Line; Hapag-Lloyd; K Line; MOL; NYK; OOCL",8,5,4928.2,120,4900,5041,9,9,9,{9}
2017-03-26,JPSKT,Sakata,KRPUS,Busan,1,1,"Dong Young; Namsung",2,5,985.2,144,953,1043,4,4,4,{4}
2017-03-26,JPSMN,"Sakaiminato (N Coast)",JPKNZ,"Kanazawa (N Coast)",1,1,"Kambara Kisen Co., Ltd.",1,1,585,50,585,585,1,1,1,{1}
2017-03-26,JPSMZ,Shimizu,CNLYG,Lianyungang,1,1,"Sinokor; SITC Shipping",2,4,1035.5,110,953,1100,3,3,3,{3}
2017-03-26,JPSMZ,Shimizu,CNSHA,Shanghai,1,1,"HASCO; Jin Jiang",2,1,1100,145,1100,1100,3,3,3,{3}
2017-03-26,JPSMZ,Shimizu,JPHIC,Hitachinaka,1,1,"Dong Young; Namsung",2,5,985.2,144,953,1043,1,1,1,{1}
2017-03-26,JPSMZ,Shimizu,JPNGO,Nagoya,4,4,"ANL; CMA CGM; CNC Line-Cheng Lie Navigation Co. Ltd.; Evergreen Line; IAL-Interasia Lines; K Line; MCC; NYK; OOCL; SITC Shipping; TS Lines; Wan Hai; Yang Ming",13,14,6407.25,941.666666666667,1032,2646,1,1,1,"{1,1,1,1}"
2017-03-26,JPSMZ,Shimizu,JPTYO,Tokyo,6,6,"COSCO; Hapag-Lloyd; K Line; MCC; MOL; NYK; SITC Shipping; UASC; Westwood; Yang Ming",10,27,24717.9333333333,2535.33333333333,1613,9040,0,1,2,"{1,1,1,1,2,0}"
2017-03-26,JPSMZ,Shimizu,JPUKB,Kobe,2,2,"Evergreen Line; TS Lines; Yang Ming",3,9,3613.14285714286,502.285714285714,1049,2742,1,1,1,"{1,1}"
2017-03-26,JPSMZ,Shimizu,JPYKK,Yokkaichi,2,2,"ANL; CMA CGM; CNC Line-Cheng Lie Navigation Co. Ltd.; Evergreen Line; MCC; MOL",6,6,4203.66666666667,660.666666666667,1618,2824,0,0.5,1,"{0,1}"
2017-03-26,JPSMZ,Shimizu,JPYOK,Yokohama,1,1,"Evergreen Line; Wan Hai; Yang Ming",3,3,1650.66666666667,172,1496,1728,1,1,1,{1}
2017-03-26,JPTHS,Toyohashi,JPTYO,Tokyo,2,2,"CMA CGM; CNC Line-Cheng Lie Navigation Co. Ltd.; Sinokor; SITC Shipping",4,7,2117.16666666667,283.333333333333,953,1118,1,1,1,"{1,1}"
2017-03-26,JPTKY,Tokuyama,CNSHA,Shanghai,1,1,"COSCO; Sinotrans",2,2,1033,162.5,1024,1042,2,2,2,{2}
2017-03-26,JPTKY,Tokuyama,TWTPE,Taipei,1,1,"Wan Hai",1,4,1088,70,1088,1088,3,3,3,{3}
2017-03-26,JPTMK,Tomakomai,JPHHE,Hachinohe,1,1,"Dong Young; Namsung",2,3,706,116.666666666667,706,706,2,2,2,{2}
2017-03-26,JPTMK,Tomakomai,JPKUH,Kushiro,1,1,"Dong Young; Namsung",2,5,985.2,144,953,1043,1,1,1,{1}
2017-03-26,JPTMK,Tomakomai,JPTOY,"Toyama (N Coast)",1,1,"Dong Young; Namsung",2,3,706,116.666666666667,706,706,0,0,0,{0}
2017-03-26,JPTMK,Tomakomai,KRKAN,Gwangyang,1,1,Westwood,1,3,4840.66666666667,957.333333333333,2169,2546,3,3,3,{3}
2017-03-26,JPTMK,Tomakomai,KRPUS,Busan,2,2,"Heung-A; KMTC",2,4,2111.5,90,958,1103,3,3,3,"{3,3}"
2017-03-26,JPTOY,"Toyama (N Coast)",JPKNZ,"Kanazawa (N Coast)",1,1,"Dongjin Shipping; Easline Shipping; PanCon; Sinokor; TaiYoung Shipping",5,2,1009,52,1009,1009,1,1,1,{1}
2017-03-26,JPTOY,"Toyama (N Coast)",JPKUH,Kushiro,1,1,"Dong Young; Namsung",2,3,706,116.666666666667,706,706,1,1,1,{1}
2017-03-26,JPTOY,"Toyama (N Coast)",JPOTR,Otaru,1,1,"Kambara Kisen Co., Ltd.",1,2,1020,160,1020,1020,1,1,1,{1}
2017-03-26,JPTRG,Tsuruga,KRUSN,Ulsan,1,1,"Dongjin Shipping; Easline Shipping; PanCon; Sinokor; TaiYoung Shipping",5,2,1009,52,1009,1009,1,1,1,{1}
2017-03-26,JPTYO,Tokyo,CNNGB,Ningbo,1,1,"COSCO; NBOSCO; SITC Shipping",3,1,1100,,1100,1100,3,3,3,{3}
2017-03-26,JPTYO,Tokyo,CNSHA,Shanghai,1,1,"COSCO; Sinotrans; SITC Shipping",3,2,1070,,1040,1100,3,3,3,{3}
2017-03-26,JPTYO,Tokyo,CNTAC,Taicang,1,1,"Gold Star Line; HASCO; SITC Shipping; ZIM",4,2,1020,160,1020,1020,3,3,3,{3}
2017-03-26,JPTYO,Tokyo,CNTAO,Qingdao,1,1,"Asean Seas Line",1,2,698,120,698,698,3,3,3,{3}
2017-03-26,JPTYO,Tokyo,HKHKG,"Hong Kong",1,1,"Hapag-Lloyd; K Line; MOL; NYK; UASC; Yang Ming",6,7,8695.71428571429,711.142857142857,8100,9100,4,4,4,{4}
2017-03-26,JPTYO,Tokyo,JPCHB,Chiba,1,1,"ANL; CMA CGM; CNC Line-Cheng Lie Navigation Co. Ltd.; Evergreen Line; TS Lines; Wan Hai; Yang Ming",7,2,3562,593,2824,4300,1,1,1,{1}
2017-03-26,JPTYO,Tokyo,JPKWS,Kawasaki,3,3,"Hapag-Lloyd; K Line; MCC; NYK; Sinokor; SITC Shipping",6,11,6520.83333333333,724.5,831,4896,0,0,1,"{1,0,0}"
2017-03-26,JPTYO,Tokyo,JPNGO,Nagoya,6,6,"APL; CMA CGM; COSCO; Evergreen Line; Hapag-Lloyd; K Line; MCC; MOL; NYK; OOCL; Yang Ming",11,31,30319.2595238095,2158.61904761905,2450,9200,0,1,1,"{1,1,0,1,1,1}"
2017-03-26,JPTYO,Tokyo,JPOSA,Osaka,1,1,"APL; CMA CGM; COSCO; Evergreen Line; OOCL",5,6,5556,468.333333333333,5364,5652,1,1,1,{1}
2017-03-26,JPTYO,Tokyo,JPSDJ,"Sendai (Honshu)",1,1,"APL; CMA CGM; Evergreen Line; Hapag-Lloyd; K Line; MOL; NYK; OOCL",8,5,4928.2,120,4900,5041,1,1,1,{1}
2017-03-26,JPTYO,Tokyo,JPSMZ,Shimizu,1,1,"K Line; SITC Shipping",2,3,1062.33333333333,161.666666666667,1037,1110,1,1,1,{1}
2017-03-26,JPTYO,Tokyo,JPUKB,Kobe,4,4,"Alianca; COSCO; Hamburg Sud; Hapag-Lloyd; K Line; MOL; NYK; UASC; Yang Ming",9,28,21584.2476190476,1721.47619047619,3765,6734,1,1,1,"{1,1,1,1}"
2017-03-26,JPTYO,Tokyo,JPYKK,Yokkaichi,1,1,"Hapag-Lloyd; K Line; MCC; NYK",4,4,4601,512.5,4432,4896,1,1,1,{1}
2017-03-26,JPTYO,Tokyo,JPYOK,Yokohama,45,44,"Alianca; ANL; APL; Centrans; CMA CGM; CNC Line-Cheng Lie Navigation Co. Ltd.; COSCO; Evergreen Line; Gold Star Line; Hamburg Sud; HASCO; IAL-Interasia Lines; Jin Jiang; K Line; MCC; MOL; MSC; NBOSCO; NYK; OOCL; Samudera; Sinokor; Sinotrans; SITC Shipping; StarOcean; Taicang Container Lines; TS Lines; Wan Hai; Yang Ming; ZIM",30,133,87633.3333333333,11282.4880952381,698,5605,0,0,1,"{0,0,1,1,1,1,0,0,0,0,1,1,0,0,0,0,0,0,0,1,0,0,0,0,1,0,0,0,0,1,0,0,0,0,1,0,1,1,0,0,1,1,0,1,0}"
2017-03-26,JPTYO,Tokyo,PAMIT,Manzanillo,1,1,"Hapag-Lloyd; K Line; MOL; NYK; Yang Ming",5,10,6720.2,500,6700,6734,17,17,17,{17}
2017-03-26,JPTYO,Tokyo,SGSIN,Singapore,1,1,"Hapag-Lloyd; K Line; MOL; NYK; UASC; Yang Ming",6,10,8933.6,480,8200,9040,6,6,6,{6}
2017-03-26,JPTYO,Tokyo,TWKEL,Keelung,2,2,"APL; CMA CGM; CNC Line-Cheng Lie Navigation Co. Ltd.; Hapag-Lloyd; K Line; MCC; MOL; NYK; TS Lines",9,15,7460.65909090909,706.045454545455,1707,6882,2,2.5,3,"{2,3}"
2017-03-26,JPTYO,Tokyo,TWTPE,Taipei,1,1,"Evergreen Line; Wan Hai; Yang Ming",3,3,1650.66666666667,172,1496,1728,3,3,3,{3}
2017-03-26,JPTYO,Tokyo,USLAX,"Los Angeles CA",1,1,"COSCO; K Line; MOL; NYK; Yang Ming",5,5,4432,240,4432,4432,11,11,11,{11}
2017-03-26,JPTYO,Tokyo,USPAE,"Everett WA",1,1,Westwood,1,3,4840.66666666667,957.333333333333,2169,2546,12,12,12,{12}
2017-03-26,JPTYO,Tokyo,USTIW,"Tacoma WA",1,1,"Hapag-Lloyd; K Line; MOL; NYK; Yang Ming",5,6,6793.33333333333,333.333333333333,5624,8749,9,9,9,{9}
2017-03-26,JPUKB,Kobe,CNDLC,Dalian,1,1,"K Line; SITC Shipping",2,3,1062.33333333333,161.666666666667,1037,1110,2,2,2,{2}
2017-03-26,JPUKB,Kobe,CNLYG,Lianyungang,2,2,"COSCO; Sinotrans; SITC Shipping",3,2,1853,120,831,1022,2,2,2,"{2,2}"
2017-03-26,JPUKB,Kobe,CNNGB,Ningbo,2,2,"Hapag-Lloyd; K Line; MOL; NYK; Taicang Container Lines; Yang Ming",6,11,7820.2,500,1100,6734,2,2,2,"{2,2}"
2017-03-26,JPUKB,Kobe,CNSHA,Shanghai,5,5,"Centrans; Jin Jiang; StarOcean; TS Lines",4,6,4184.5,640,668,1114,2,2,3,"{2,2,3,3,2}"
2017-03-26,JPUKB,Kobe,CNSHK,Shekou,1,1,APL,1,3,2468,400,2468,2468,4,4,4,{4}
2017-03-26,JPUKB,Kobe,CNTAC,Taicang,4,4,"Gold Star Line; HASCO; SITC Shipping; Taicang Container Lines; ZIM",5,7,3585,590,404,1118,2,3,4,"{4,3,3,2}"
2017-03-26,JPUKB,Kobe,CNTAO,Qingdao,2,2,"Hapag-Lloyd; Jin Jiang; K Line; MOL; NYK; Yang Ming",6,8,7893.33333333333,478.333333333333,1100,8749,2,4,6,"{6,2}"
2017-03-26,JPUKB,Kobe,CNTXG,Xingang/Tianjin,1,1,"COSCO; Sinotrans; SITC Shipping",3,4,1090.75,151.25,1042,1118,4,4,4,{4}
2017-03-26,JPUKB,Kobe,CNWEI,Weihai,2,2,"Asean Seas Line; COSCO; Sinotrans; SITC Shipping",4,3,1240,320,542,698,2,2,2,"{2,2}"
2017-03-26,JPUKB,Kobe,HKHKG,"Hong Kong",2,2,"Alianca; ANL; CMA CGM; CNC Line-Cheng Lie Navigation Co. Ltd.; Hamburg Sud; MCC; MOL; NYK; TS Lines; Wan Hai",10,6,8129,1162.66666666667,2546,5605,3,3,3,"{3,3}"
2017-03-26,JPUKB,Kobe,JPHBK,Hibiki,1,1,MOL,1,3,1304,149.333333333333,1032,1440,1,1,1,{1}
2017-03-26,JPUKB,Kobe,JPHIJ,Hiroshima,1,1,"Wan Hai",1,3,1742,233.333333333333,1510,1858,1,1,1,{1}
2017-03-26,JPUKB,Kobe,JPHKT,Hakata,1,1,"Wan Hai",1,4,1088,70,1088,1088,1,1,1,{1}
2017-03-26,JPUKB,Kobe,JPMOJ,Moji,3,3,"ANL; CMA CGM; CNC Line-Cheng Lie Navigation Co. Ltd.; COSCO; Evergreen Line; Sinotrans; SITC Shipping; TS Lines; Wan Hai; Yang Ming",10,9,3883.08333333333,542.25,1042,1702,1,1,1,"{1,1,1}"
2017-03-26,JPUKB,Kobe,JPNGO,Nagoya,4,4,"Alianca; ANL; APL; CMA CGM; COSCO; Evergreen Line; Hamburg Sud; Hapag-Lloyd; K Line; Maersk Line; MCC; MOL; NYK; OOCL; Safmarine; UASC; Yang Ming",17,29,25043.6888888889,1599.55555555556,4432,9040,1,1,1,"{1,1,1,1}"
2017-03-26,JPUKB,Kobe,JPOSA,Osaka,15,15,"ANL; APL; CMA CGM; CNC Line-Cheng Lie Navigation Co. Ltd.; COSCO; Evergreen Line; IAL-Interasia Lines; K Line; MCC; MOL; NBOSCO; OOCL; Samudera; SITC Shipping; Taicang Container Lines; TS Lines; Wan Hai; Yang Ming",18,48,30594.1071428571,3650.36904761905,907,5117,0,0,0,"{0,0,0,0,0,0,0,0,0,0,0,0,0,0,0}"
2017-03-26,JPUKB,Kobe,JPSBK,Sakaisenboku,2,2,"Centrans; Sinotrans; SITC Shipping; StarOcean; TS Lines",5,3,1396,240,698,698,0,0,0,"{0,0}"
2017-03-26,JPUKB,Kobe,JPSMZ,Shimizu,1,1,"MCC; NYK",2,3,2872,354,2858,2900,2,2,2,{2}
2017-03-26,JPUKB,Kobe,JPTKY,Tokuyama,1,1,"COSCO; Sinotrans",2,2,1033,162.5,1024,1042,1,1,1,{1}
2017-03-26,JPUKB,Kobe,JPTYO,Tokyo,2,2,"APL; StarOcean",2,5,4303.66666666667,689.166666666667,1740,2646,1,1,1,"{1,1}"
2017-03-26,JPUKB,Kobe,JPYKK,Yokkaichi,1,1,MSC,1,3,3229,281.333333333333,2800,3987,1,1,1,{1}
2017-03-26,JPUKB,Kobe,KRPUS,Busan,3,3,"Alianca; COSCO; Hamburg Sud; Hapag-Lloyd; K Line; MOL; NYK; OOCL; SITC Shipping; Yang Ming",10,13,7046.75,990.333333333333,1032,4538,1,2,2,"{2,2,1}"
2017-03-26,JPUKB,Kobe,SGSIN,Singapore,1,1,"Hapag-Lloyd; K Line; MCC; NYK",4,4,4601,512.5,4432,4896,7,7,7,{7}
2017-03-26,JPUKB,Kobe,TWKHH,Kaohsiung,3,3,"Hapag-Lloyd; K Line; MCC; MOL; NYK; OOCL; UASC; Yang Ming",8,14,12817.630952381,1057.14285714286,1613,6500,3,3,3,"{3,3,3}"
2017-03-26,JPUKB,Kobe,TWTPE,Taipei,1,1,"Evergreen Line; Yang Ming",2,7,2564.14285714286,322.285714285714,2450,2742,3,3,3,{3}
2017-03-26,JPYKK,Yokkaichi,JPNGO,Nagoya,3,3,"ANL; CMA CGM; CNC Line-Cheng Lie Navigation Co. Ltd.; Evergreen Line; MCC; MOL; MSC",7,9,7432.66666666667,942,1618,3987,0,2,2,"{2,2,0}"
2017-03-26,JPYKK,Yokkaichi,JPOMZ,Omaezaki,1,1,"CMA CGM; CNC Line-Cheng Lie Navigation Co. Ltd.; SITC Shipping",3,3,1081.66666666667,173.333333333333,1024,1118,1,1,1,{1}
2017-03-26,JPYKK,Yokkaichi,JPSMZ,Shimizu,1,1,"K Line; NYK",2,3,1931.66666666667,302,1613,2450,2,2,2,{2}
2017-03-26,JPYKK,Yokkaichi,JPTYO,Tokyo,2,2,"IAL-Interasia Lines; MOL; OOCL; Samudera; SITC Shipping; Wan Hai",6,9,5789.85714285714,564.285714285714,1024,5117,1,1.5,2,"{2,1}"
2017-03-26,JPYKK,Yokkaichi,JPUKB,Kobe,1,1,"MCC; MOL; OOCL",3,4,4566.25,400,4526,4583,1,1,1,{1}
2017-03-26,JPYKK,Yokkaichi,JPYOK,Yokohama,1,1,"Hapag-Lloyd; K Line; MCC; NYK",4,4,4601,512.5,4432,4896,0,0,0,{0}
2017-03-26,JPYKK,Yokkaichi,KRPUS,Busan,1,1,"SITC Shipping",1,3,1016.66666666667,143.333333333333,907,1100,1,1,1,{1}
2017-03-26,JPYKK,Yokkaichi,TWTPE,Taipei,2,2,"IAL-Interasia Lines; Wan Hai",2,8,3938.5,440,1368,2646,2,2.5,3,"{3,2}"
2017-03-26,JPYKK,Yokkaichi,TWTXG,Taichung,1,1,"Evergreen Line; Yang Ming",2,4,2574.75,430,2474,2741,2,2,2,{2}
2017-03-26,JPYOK,Yokohama,CNLYG,Lianyungang,1,1,"COSCO; Sinotrans",2,2,1799,300,1740,1858,7,7,7,{7}
2017-03-26,JPYOK,Yokohama,CNNGB,Ningbo,3,3,"Alianca; ANL; CMA CGM; COSCO; Hamburg Sud; Hyundai; Maersk Line; MCC; MSC; NBOSCO; Safmarine; Seago Line; Sinotrans; SITC Shipping",14,26,20432.7638888889,1534.55555555556,1100,15550,2,3,3,"{3,2,3}"
2017-03-26,JPYOK,Yokohama,CNSHA,Shanghai,9,9,"ANL; Centrans; CMA CGM; CNC Line-Cheng Lie Navigation Co. Ltd.; COSCO; Evergreen Line; IAL-Interasia Lines; Jin Jiang; Sinotrans; SITC Shipping; StarOcean; TS Lines; Wan Hai",13,18,11336.75,1372.83333333333,698,1808,2,3,4,"{3,3,4,3,2,3,2,2,2}"
2017-03-26,JPYOK,Yokohama,CNTAC,Taicang,1,1,"Gold Star Line; HASCO; Jin Jiang; SITC Shipping; ZIM",5,2,1060.5,170,1003,1118,3,3,3,{3}
2017-03-26,JPYOK,Yokohama,CNTAO,Qingdao,2,2,"APL; CMA CGM; COSCO; Evergreen Line; Jin Jiang; OOCL",6,18,9595.3125,757.5,1100,8530,3,3,3,"{3,3}"
2017-03-26,JPYOK,Yokohama,CNYTN,Yantian,1,1,"APL; CMA CGM; COSCO; Evergreen Line; OOCL; PIL",6,6,9549.66666666667,466.666666666667,9415,9953,6,6,6,{6}
2017-03-26,JPYOK,Yokohama,HKHKG,"Hong Kong",1,1,"IAL-Interasia Lines; MOL; OOCL; Samudera; Wan Hai",5,7,4726.85714285714,384.285714285714,4252,5117,4,4,4,{4}
2017-03-26,JPYOK,Yokohama,JPCHB,Chiba,1,1,"IAL-Interasia Lines; Wan Hai",2,4,2659.5,369.5,2646,2700,1,1,1,{1}
2017-03-26,JPYOK,Yokohama,JPHIC,Hitachinaka,1,1,"SITC Shipping",1,3,884.333333333333,102,831,915,1,1,1,{1}
2017-03-26,JPYOK,Yokohama,JPHKT,Hakata,1,1,MSC,1,3,3229,281.333333333333,2800,3987,2,2,2,{2}
2017-03-26,JPYOK,Yokohama,JPKWS,Kawasaki,1,1,"SITC Shipping",1,2,1063,180,1024,1102,1,1,1,{1}
2017-03-26,JPYOK,Yokohama,JPNGO,Nagoya,19,19,"Alianca; ANL; APL; Centrans; CMA CGM; CNC Line-Cheng Lie Navigation Co. Ltd.; COSCO; Evergreen Line; Hamburg Sud; Hapag-Lloyd; K Line; MCC; MOL; NYK; OOCL; Sinokor; Sinotrans; SITC Shipping; StarOcean; Taicang Container Lines; TS Lines; Wan Hai; Yang Ming",23,60,45427,5807.08333333333,953,5605,0,1,2,"{1,1,2,0,1,1,1,1,1,1,0,1,0,1,1,1,1,1,1}"
2017-03-26,JPYOK,Yokohama,JPOSA,Osaka,3,3,"Alianca; ANL; APL; COSCO; Evergreen Line; Hamburg Sud; Hapag-Lloyd; Hyundai; K Line; Maersk Line; MCC; MOL; MSC; OOCL; Safmarine; Yang Ming",16,24,14490.1666666667,1398,4250,6350,1,2,2,"{2,2,1}"
2017-03-26,JPYOK,Yokohama,JPSMZ,Shimizu,5,5,"ANL; CMA CGM; CNC Line-Cheng Lie Navigation Co. Ltd.; Evergreen Line; IAL-Interasia Lines; K Line; MCC; MOL; NYK; OOCL; TS Lines; Wan Hai; Yang Ming",13,17,9548.58333333333,1440.66666666667,1032,2824,1,1,1,"{1,1,1,1,1}"
2017-03-26,JPYOK,Yokohama,JPTYO,Tokyo,6,6,"APL; Asean Seas Line; CMA CGM; CNC Line-Cheng Lie Navigation Co. Ltd.; COSCO; Evergreen Line; Gold Star Line; HASCO; MCC; Sinotrans; SITC Shipping; TS Lines; Wan Hai; Yang Ming; ZIM",15,20,8710.55952380952,965.785714285714,698,2742,0,1,1,"{1,1,0,1,1,0}"
2017-03-26,JPYOK,Yokohama,JPUKB,Kobe,2,2,"K Line; NYK; Taicang Container Lines",3,6,2974.66666666667,482,1043,2450,1,1.5,2,"{1,2}"
2017-03-26,JPYOK,Yokohama,KRPUS,Busan,5,5,"Alianca; APL; CCNI; CMA CGM; CNC Line-Cheng Lie Navigation Co. Ltd.; COSCO; Hamburg Sud; Hapag-Lloyd; Hyundai; K Line; Maersk Line; MCC; MSC; Safmarine; SeaLand; SITC Shipping",16,37,24711.9696969697,3031.78787878788,1024,9326,2,3,5,"{2,3,5,3,2}"
2017-03-26,JPYOK,Yokohama,MXESE,Ensenada,1,1,"Alianca; APL; CCNI; CMA CGM; COSCO; Hamburg Sud; Hapag-Lloyd; Hyundai; K Line; MSC",10,11,9120.90909090909,1163.63636363636,8600,9326,11,11,11,{11}
2017-03-26,JPYOK,Yokohama,MXZLO,"Manzanillo, MEX",1,1,"Maersk Line; MCC; MSC; SeaLand",4,11,9324.36363636364,733.545454545455,8160,11294,14,14,14,{14}
2017-03-26,JPYOK,Yokohama,THLCH,"Laem Chabang",1,1,"MCC; NYK",2,3,2872,354,2858,2900,7,7,7,{7}
2017-03-26,JPYOK,Yokohama,TWKEL,Keelung,1,1,"ANL; CMA CGM; CNC Line-Cheng Lie Navigation Co. Ltd.; Evergreen Line; TS Lines; Wan Hai; Yang Ming",7,2,3562,593,2824,4300,3,3,3,{3}
2017-03-26,JPYOK,Yokohama,TWKHH,Kaohsiung,1,1,APL,1,3,2563.66666666667,366.666666666667,2468,2646,4,4,4,{4}
2017-03-26,JPYOK,Yokohama,USLGB,"Long Beach CA",1,1,"Maersk Line; MCC; MSC; Safmarine",4,15,9141.2,733.333333333333,9034,13102,10,10,10,{10}
2017-03-26,KEMBA,Mombasa,INNSA,"Mumbai (Nhava Sheva)",1,1,"Maersk Line; Safmarine",2,4,3548.5,587.5,3450,3649,10,10,10,{10}
2017-03-26,KEMBA,Mombasa,LKCMB,Colombo,1,1,"ANL; CMA CGM; COSCO; Emirates Shipping; Evergreen Line; NYK; OOCL; X-Press",8,5,3212,330.4,3388,4250,9,9,9,{9}
2017-03-26,KEMBA,Mombasa,OMSLL,Salalah,2,2,"CMA CGM; Maersk Line; MSC; Safmarine; WEC Lines",5,9,5667.15,617.3,2240,3534,4,4.5,5,"{4,5}"
2017-03-26,KEMBA,Mombasa,SGSIN,Singapore,1,1,"COSCO; PIL",2,7,2839.42857142857,314.285714285714,3560,4250,12,12,12,{12}
2017-03-26,KEMBA,Mombasa,SOMGQ,Mogadishu,1,1,"CMA CGM; Emirates Shipping",2,5,2120.2,320,1708,2272,0,0,0,{0}
2017-03-26,KEMBA,Mombasa,TZDAR,"Dar es Salaam",4,4,"CMA CGM; COSCO; Emirates Shipping; Maersk Line; MCC; MSC; PIL; Safmarine",8,25,9904.85317460317,1046.27777777778,1085,3674,0,1.5,3,"{3,2,0,1}"
2017-03-26,KHKOS,Sihanoukville,MYTPP,"Tanjung Pelepas",1,1,MCC,1,3,1719,363,1713,1730,3,3,3,{3}
2017-03-26,KHKOS,Sihanoukville,THBKK,"Bangkok (Old Port)",3,3,"ANL; CMA CGM; CNC Line-Cheng Lie Navigation Co. Ltd.; COSCO; Heung-A; KMTC; RCL; SITC Shipping; TS Lines",9,10,4848.41666666667,514,1228,1808,1,1,1,"{1,1,1}"
2017-03-26,KHKOS,Sihanoukville,THLCH,"Laem Chabang",1,1,"CNC Line-Cheng Lie Navigation Co. Ltd.; Evergreen Line; MCC",3,10,1541.9,298.7,1713,1714,3,3,3,{3}
2017-03-26,KMLOG,"Longoni Comoros Is",TZZNZ,Zanzibar,1,1,"CMA CGM; Emirates Shipping",2,5,2120.2,320,1708,2272,2,2,2,{2}
2017-03-26,KMMUT,Mutsamudu,KMYVA,"Moroni, Comoros Is",1,1,"UAFL-United Africa Feeder Line; WEC Lines",2,2,3410,420,1684,1726,6,6,6,{6}
2017-03-26,KMYVA,"Moroni, Comoros Is",PKKHI,Karachi,1,1,"UAFL-United Africa Feeder Line; WEC Lines",2,2,3410,420,1684,1726,1,1,1,{1}
2017-03-26,KNBAS,"Basseterre, St Kitts",AGSJO,"St John's, Antigua",1,1,"CMA CGM",1,1,120,24,120,120,0,0,0,{0}
2017-03-26,KNBAS,"Basseterre, St Kitts",LCSLU,"Castries, St Lucia",1,1,"King Ocean",1,4,1028.75,231,957,1118,1,1,1,{1}
2017-03-26,KRINC,Inchon,CNDLC,Dalian,2,2,"ANL; CMA CGM; CNC Line-Cheng Lie Navigation Co. Ltd.; Heung-A; Hyundai; KMTC; OOCL; RCL; Sinokor; Yang Ming",10,8,6659.75,860.25,2702,4308,1,1,1,"{1,1}"
2017-03-26,KRINC,Inchon,CNNGB,Ningbo,3,3,"CK Line; COSCO; Dongjin Shipping; Dong Young; Heung-A; KMTC; Namsung; NBOSCO; PanCon; Sinokor; TaiYoung Shipping",11,3,3109,224,1000,1100,2,2,2,"{2,2,2}"
2017-03-26,KRINC,Inchon,CNSHA,Shanghai,2,2,"Heung-A; Hyundai; KMTC; PIL",4,14,4642.75,253.5,1049,3900,1,2,3,"{3,1}"
2017-03-26,KRINC,Inchon,CNTAO,Qingdao,7,6,"ANL; CK Line; CMA CGM; CNC Line-Cheng Lie Navigation Co. Ltd.; CULines-China United Lines; Gold Star Line; Heung-A; Hyundai; KMTC; PanOcean; SITC Shipping; TaiYoung Shipping; TS Lines; ZIM",14,22,16499.4166666667,1603.5,932,6350,0,1,1,"{1,0,1,1,1,1,1}"
2017-03-26,KRINC,Inchon,HKHKG,"Hong Kong",2,2,"Dong Young; Heung-A; Namsung; Sinokor; SITC Shipping",5,4,2127.5,142,962,1200,1,2,3,"{3,1}"
2017-03-26,KRINC,Inchon,KRKAN,Gwangyang,5,5,"CNC Line-Cheng Lie Navigation Co. Ltd.; Evergreen Line; Hyundai; KMTC; Namsung; SM Line; Wan Hai; Yang Ming",8,15,8154.33333333333,976.833333333333,1060,2646,1,1,2,"{1,1,1,1,2}"
2017-03-26,KRINC,Inchon,KRPTK,Pyongtaek,2,2,"CK Line; Dongjin Shipping; Evergreen Line; Heung-A; Namsung; Sinokor",6,5,2799.16666666667,345,1050,1850,0,0.5,1,"{1,0}"
2017-03-26,KRINC,Inchon,KRPUS,Busan,8,8,"ANL; CK Line; CMA CGM; CNC Line-Cheng Lie Navigation Co. Ltd.; Dongjin Shipping; HDASCO; Heung-A; Hyundai; KMTC; MCC; Namsung; Sinokor; TS Lines",13,23,16053.9166666667,1653,650,6572,1,1.5,2,"{1,1,2,2,1,2,2,1}"
2017-03-26,KRINC,Inchon,KRTSN,Seosan,2,2,"Dong Young; KMTC; Namsung; PanOcean; Sinokor",5,3,1894,80,834,1060,1,1,1,"{1,1}"
2017-03-26,KRKAN,Gwangyang,CNDLC,Dalian,1,1,"K Line; MOL; NYK; Yang Ming",4,6,4251.66666666667,241.666666666667,4250,4253,2,2,2,{2}
2017-03-26,KRKAN,Gwangyang,CNLYG,Lianyungang,3,3,"CMA CGM; Easline Shipping; HDASCO; Heung-A; KMTC; Namsung; TaiYoung Shipping",7,9,8411.16666666667,686,1016,6572,1,1,3,"{1,1,3}"
2017-03-26,KRKAN,Gwangyang,CNNGB,Ningbo,8,8,"CK Line; COSCO; Dongjin Shipping; Dong Young; Easline Shipping; Heung-A; Maersk Line; MCC; MSC; Namsung; PanCon; PanOcean; Safmarine; Seago Line; Sinokor; Sinotrans; TaiYoung Shipping",17,26,27564.8666666667,1835.33333333333,706,19154,1,1,3,"{1,1,1,1,1,2,3,2}"
2017-03-26,KRKAN,Gwangyang,CNSHA,Shanghai,9,9,"ANL; CK Line; CMA CGM; CNC Line-Cheng Lie Navigation Co. Ltd.; COSCO; Dong Young; Evergreen Line; Heung-A; Hyundai; KMTC; Namsung; RCL; Sinokor; Sinotrans; SITC Shipping; TS Lines; X-Press",17,34,20937.2,3217.66666666667,907,4892,1,1,2,"{1,1,1,1,2,1,1,1,2}"
2017-03-26,KRKAN,Gwangyang,CNTAO,Qingdao,3,3,"CK Line; Easline Shipping; Gold Star Line; Heung-A; MCC; Namsung; PanCon; PanOcean; Sinokor; ZIM",10,10,5183,687.25,840,3586,1,2,3,"{3,1,2}"
2017-03-26,KRKAN,Gwangyang,CNTXG,Xingang/Tianjin,3,3,"Dongjin Shipping; Dong Young; Heung-A; KMTC; Namsung; Sinokor; TaiYoung Shipping",7,6,3323,316.666666666667,706,1608,2,2,2,"{2,2,2}"
2017-03-26,KRKAN,Gwangyang,CNYNT,Yantai,2,2,"COSCO; Easline Shipping; Heung-A; PanOcean; Sinotrans",5,2,3118,430,1378,1740,2,2,2,"{2,2}"
2017-03-26,KRKAN,Gwangyang,HKHKG,"Hong Kong",3,3,"Heung-A; PanOcean; Sinokor",3,7,2933.66666666667,182.666666666667,834,1060,3,3,3,"{3,3,3}"
2017-03-26,KRKAN,Gwangyang,JPYOK,Yokohama,1,1,"Maersk Line; MCC; MSC; SeaLand",4,11,9324.36363636364,733.545454545455,8160,11294,3,3,3,{3}
2017-03-26,KRKAN,Gwangyang,KRINC,Inchon,1,1,Hyundai,1,6,6216.83333333333,231.666666666667,5551,6350,1,1,1,{1}
2017-03-26,KRKAN,Gwangyang,KRKUV,Kunsan,1,1,"Dongjin Shipping; PanOcean",2,1,702,,702,702,1,1,1,{1}
2017-03-26,KRKAN,Gwangyang,KRPUS,Busan,19,19,"ANL; APL; CK Line; CMA CGM; CNC Line-Cheng Lie Navigation Co. Ltd.; COSCO; Dongjin Shipping; Emirates Shipping; Evergreen Line; Gold Star Line; Hapag-Lloyd; Heung-A; Hyundai; K Line; KMTC; Maersk Line; MCC; Namsung; OOCL; RCL; Safmarine; Sinokor; SM Line; TS Lines; Wan Hai; Westwood; X-Press; Yang Ming; ZIM",29,82,70951.3464285714,6888.46428571429,1054,8819,0,1,1,"{0,1,0,1,1,1,1,1,1,1,1,1,1,0,0,1,1,1,1}"
2017-03-26,KRKAN,Gwangyang,KRTSN,Seosan,1,1,"CNC Line-Cheng Lie Navigation Co. Ltd.; Hyundai; KMTC; Namsung; Yang Ming",5,3,1798.33333333333,233.333333333333,1675,1860,0,0,0,{0}
2017-03-26,KRKAN,Gwangyang,KRUSN,Ulsan,3,3,"Heung-A; Hyundai; KMTC; MOL; Sinokor; Wan Hai",6,11,6787.75,665.166666666667,1005,5023,0,1,2,"{1,2,0}"
2017-03-26,KRKAN,Gwangyang,TWKEL,Keelung,4,4,"ANL; CMA CGM; CNC Line-Cheng Lie Navigation Co. Ltd.; Evergreen Line; Heung-A; K Line; KMTC; NYK; OOCL; TS Lines; Yang Ming",11,10,5261.5,686,1032,1702,1,2,2,"{1,2,2,2}"
2017-03-26,KRKAN,Gwangyang,TWKHH,Kaohsiung,2,2,"APL; Evergreen Line",2,5,2520,402,1061,1440,2,2,2,"{2,2}"
2017-03-26,KRKAN,Gwangyang,VNSGN,"Ho Chi Minh (VICT/Cat Lai)",1,1,"Heung-A; KMTC; Sinokor",3,3,1713.66666666667,245.333333333333,1585,1800,5,5,5,{5}
2017-03-26,KRKPO,Pohang,KRUSN,Ulsan,1,1,"Heung-A; KMTC; Sinotrans",3,4,2812,586,2800,2824,1,1,1,{1}
2017-03-26,KRKUV,Kunsan,KRTSN,Seosan,1,1,"Dongjin Shipping; PanOcean",2,1,702,,702,702,1,1,1,{1}
2017-03-26,KRPTK,Pyongtaek,CNDLC,Dalian,1,1,MCC,1,5,2546,501.6,2546,2546,1,1,1,{1}
2017-03-26,KRPTK,Pyongtaek,CNTAO,Qingdao,2,2,"Sinokor; SITC Shipping; TaiYoung Shipping",3,6,2008.5,200,928,1100,2,2,2,"{2,2}"
2017-03-26,KRPTK,Pyongtaek,CNTXG,Xingang/Tianjin,2,1,"Sinokor; SITC Shipping; TaiYoung Shipping",3,4,1946,180,928,1018,1,1.5,2,"{1,2}"
2017-03-26,KRPTK,Pyongtaek,KRKAN,Gwangyang,1,1,"CK Line; Dongjin Shipping; Evergreen Line; Namsung; Sinokor",5,3,1709.66666666667,243,1570,1850,2,2,2,{2}
2017-03-26,KRPTK,Pyongtaek,KRPUS,Busan,1,1,"Dongjin Shipping; Heung-A; Sinokor",3,2,1089.5,102,1050,1129,1,1,1,{1}
2017-03-26,KRPUS,Busan,CAPRR,"Prince Rupert BC",1,1,"Maersk Line; MCC; MSC",3,6,5456.33333333333,450,6478,6763,10,10,10,{10}
2017-03-26,KRPUS,Busan,CAVAN,"Vancouver BC",2,2,"Hapag-Lloyd; K Line; Maersk Line; MCC; MOL; MSC; NYK; Safmarine; Yang Ming",9,12,16024.8333333333,1483.33333333333,4532,13169,10,10.5,11,"{11,10}"
2017-03-26,KRPUS,Busan,CNDLC,Dalian,2,2,"APL; Dongjin Shipping; Doowoo Shipping; Hapag-Lloyd; K Line; MCC; NYK; OOCL; X-Press",9,2,3246,596,700,2546,3,3,3,"{3,3}"
2017-03-26,KRPUS,Busan,CNNGB,Ningbo,10,10,"Alianca; ANL; APL; CMA CGM; COSCO; Emirates Shipping; Evergreen Line; Gold Star Line; Hamburg Sud; Hapag-Lloyd; Hyundai; K Line; KMTC; Maersk Line; MCC; MOL; MSC; NYK; OOCL; RCL; Safmarine; Seago Line; Sinotrans; SITC Shipping; TS Lines; UASC; WEC Lines; X-Press; Yang Ming; ZIM",30,84,100696.912337662,6681.99458874459,1042,19272,0,1.5,4,"{1,2,3,1,4,2,1,0,2,1}"
2017-03-26,KRPUS,Busan,CNNSA,Nansha,1,1,"Maersk Line; MCC; MSC",3,6,5456.33333333333,450,6478,6763,4,4,4,{4}
2017-03-26,KRPUS,Busan,CNSHA,Shanghai,24,24,"Alianca; ANL; APL; CCNI; CK Line; CMA CGM; CNC Line-Cheng Lie Navigation Co. Ltd.; COSCO; CULines-China United Lines; Emirates Shipping; Evergreen Line; Gold Star Line; Hamburg Sud; Hapag-Lloyd; HASCO; Heung-A; Hyundai; Jin Jiang; K Line; KMTC; Maersk Line; MCC; MOL; MSC; NileDutch; NYK; OOCL; PIL; RCL; Safmarine; Seago Line; SeaLand; Sinokor; SITC Shipping; SM Line; Taicang Container Lines; TS Lines; UASC; Yang Ming; ZIM",40,173,152072.217424242,12802.5296536797,1024,19224,1,1,3,"{2,1,2,1,1,2,3,1,2,1,2,1,1,1,1,1,2,2,2,2,1,1,1,2}"
2017-03-26,KRPUS,Busan,CNSHK,Shekou,1,1,"APL; CMA CGM; COSCO; Evergreen Line; OOCL",5,10,6364.5,382,5618,7024,3,3,3,{3}
2017-03-26,KRPUS,Busan,CNTAO,Qingdao,12,12,"Alianca; ANL; APL; CCNI; CMA CGM; COSCO; Evergreen Line; FESCO; Hamburg Sud; Hapag-Lloyd; Hyundai; K Line; Maersk Line; MCC; MOL; MSC; NYK; OOCL; OPDR; Safmarine; Simatech; TS Lines; UASC; Yang Ming; ZIM",25,108,86209.0814352314,7616.89314019314,4154,17859,1,2,3,"{1,2,1,2,2,2,1,1,1,2,3,2}"
2017-03-26,KRPUS,Busan,CNTXG,Xingang/Tianjin,4,4,"Alianca; APL; CNC Line-Cheng Lie Navigation Co. Ltd.; COSCO; Evergreen Line; Hamburg Sud; Hapag-Lloyd; Hyundai; K Line; MCC; MOL; NYK; OOCL",13,13,10287.9,1356.7,1304,4992,2,2,3,"{2,2,2,3}"
2017-03-26,KRPUS,Busan,CNXMN,Xiamen,1,1,MCC,1,5,2546,501.6,2546,2546,3,3,3,{3}
2017-03-26,KRPUS,Busan,HKHKG,"Hong Kong",10,10,"ANL; CK Line; CMA CGM; CNC Line-Cheng Lie Navigation Co. Ltd.; Dongjin Shipping; FESCO; Hapag-Lloyd; Heung-A; Hyundai; K Line; KMTC; MCC; MOL; Namsung; NYK; Sinokor; SM Line; Yang Ming",18,29,27221.25,2700.16666666667,650,13169,3,3,5,"{3,3,3,5,3,3,3,3,3,3}"
2017-03-26,KRPUS,Busan,JPHKT,Hakata,2,2,"MCC; SASCO; Westwood",3,10,5926.38095238095,1171.33333333333,1022,2546,1,1,1,"{1,1}"
2017-03-26,KRPUS,Busan,JPIMI,Imari,1,1,"Heung-A; RCL",2,2,1103,,1103,1103,1,1,1,{1}
2017-03-26,KRPUS,Busan,JPISI,Ishikari,2,2,"Heung-A; KMTC",2,4,2111.5,90,958,1103,3,3,3,"{3,3}"
2017-03-26,KRPUS,Busan,JPKIJ,"Niigata (N Coast)",3,3,"Dongjin Shipping; Dong Young; Easline Shipping; Namsung; PanCon; Sinokor; TaiYoung Shipping",7,10,2700.2,312.666666666667,706,1043,1,1,2,"{1,1,2}"
2017-03-26,KRPUS,Busan,JPNAH,"Naha (Okinawa Is)",1,1,"APL; Maersk Line",2,6,4944.33333333333,367.666666666667,4832,5506,1,1,1,{1}
2017-03-26,KRPUS,Busan,JPSMZ,Shimizu,1,1,"Dong Young; Namsung",2,5,985.2,144,953,1043,3,3,3,{3}
2017-03-26,KRPUS,Busan,JPTYO,Tokyo,1,1,"Hapag-Lloyd; K Line; MOL; NYK; Yang Ming",5,10,6720.2,500,6700,6734,2,2,2,{2}
2017-03-26,KRPUS,Busan,JPYOK,Yokohama,1,1,"Alianca; APL; CCNI; CMA CGM; COSCO; Hamburg Sud; Hapag-Lloyd; Hyundai; K Line; MSC",10,11,9120.90909090909,1163.63636363636,8600,9326,2,2,2,{2}
2017-03-26,KRPUS,Busan,KRINC,Inchon,5,5,"ANL; CMA CGM; CNC Line-Cheng Lie Navigation Co. Ltd.; CULines-China United Lines; Gold Star Line; Heung-A; Hyundai; KMTC; Namsung; Sinokor; TS Lines; ZIM",12,16,10990.5,1229,1043,4308,1,2,3,"{2,1,2,2,3}"
2017-03-26,KRPUS,Busan,KRKAN,Gwangyang,32,32,"ANL; APL; CK Line; CMA CGM; CNC Line-Cheng Lie Navigation Co. Ltd.; COSCO; Dongjin Shipping; Easline Shipping; Evergreen Line; Gold Star Line; HDASCO; Heung-A; Hyundai; K Line; KMTC; Maersk Line; MCC; MOL; MSC; Namsung; NYK; OOCL; PanCon; PanOcean; RCL; Safmarine; Seago Line; Sinokor; Sinotrans; SITC Shipping; TaiYoung Shipping; TS Lines; X-Press; Yang Ming; ZIM",35,102,79369.5,7556.25,702,19154,0,1,2,"{1,1,0,1,0,1,1,1,1,1,1,1,1,0,1,1,0,1,0,0,2,2,1,1,1,0,1,1,1,1,1,1}"
2017-03-26,KRPUS,Busan,KRUSN,Ulsan,13,12,"ANL; CK Line; CMA CGM; CNC Line-Cheng Lie Navigation Co. Ltd.; CULines-China United Lines; Dongjin Shipping; Dong Young; Gold Star Line; Heung-A; Hyundai; KMTC; MCC; Namsung; PanOcean; RCL; Simatech; Sinokor; TaiYoung Shipping; TS Lines; X-Press; ZIM",21,37,20339.5833333333,2674,706,5023,0,0,1,"{1,0,1,0,0,0,0,0,0,1,0,1,0}"
2017-03-26,KRPUS,Busan,MXESE,Ensenada,1,1,"Alianca; ANL; APL; CMA CGM; COSCO; Hamburg Sud; Hapag-Lloyd",7,11,8935.27272727273,681.818181818182,8189,9448,12,12,12,{12}
2017-03-26,KRPUS,Busan,MXZLO,"Manzanillo, MEX",4,4,"Alianca; ANL; APL; CCNI; CMA CGM; COSCO; Hamburg Sud; Hapag-Lloyd; Hyundai; K Line; Maersk Line; MCC; MOL; MSC; NYK; SeaLand",16,42,32472.9813131313,3673.04545454545,4250,13092,13,16.5,17,"{13,16,17,17}"
2017-03-26,KRPUS,Busan,PACTB,Cristobal,1,1,"Maersk Line; MCC; MSC",3,10,4738.7,473.4,4250,5085,19,19,19,{19}
2017-03-26,KRPUS,Busan,PAONX,Colon,1,1,"ANL; APL; CMA CGM; COSCO; Evergreen Line; OOCL",6,10,8446.2,800.6,8221,8533,18,18,18,{18}
2017-03-26,KRPUS,Busan,PAROD,Rodman,1,1,"Alianca; Hamburg Sud; ZIM",3,11,4963,442.727272727273,4814,5117,19,19,19,{19}
2017-03-26,KRPUS,Busan,PHMNL,Manila,2,2,"Heung-A; KMTC; MOL",3,5,2384.5,259.333333333333,1032,1440,4,4,4,"{4,4}"
2017-03-26,KRPUS,Busan,RUVVO,Vladivostok,3,3,"ANL; CMA CGM; CNC Line-Cheng Lie Navigation Co. Ltd.; Evergreen Line; FESCO; Hyundai; MCC; SASCO",8,20,6158.94761904762,938.366666666667,1022,4728,1,2,3,"{2,3,1}"
2017-03-26,KRPUS,Busan,RUVYP,Vostochniy,3,3,"CMA CGM; FESCO; Gold Star Line; Heung-A; Hyundai; MCC; PanOcean; Sinokor; ZIM",9,14,6616.66666666667,951.25,1050,3586,3,3,6,"{6,3,3}"
2017-03-26,KRPUS,Busan,SGSIN,Singapore,1,1,"ANL; CMA CGM; CNC Line-Cheng Lie Navigation Co. Ltd.; Heung-A; Hyundai; KMTC; Sinokor",7,4,3905.75,339,2762,4308,6,6,6,{6}
2017-03-26,KRPUS,Busan,THLCH,"Laem Chabang",1,1,"ANL; CMA CGM; CNC Line-Cheng Lie Navigation Co. Ltd.; MCC; MOL",5,3,2585.66666666667,462,2450,2824,5,5,5,{5}
2017-03-26,KRPUS,Busan,TWKEL,Keelung,1,1,"CNC Line-Cheng Lie Navigation Co. Ltd.; Hyundai; KMTC; Namsung; Yang Ming",5,3,1798.33333333333,233.333333333333,1675,1860,2,2,2,{2}
2017-03-26,KRPUS,Busan,TWKHH,Kaohsiung,4,4,"APL; CMA CGM; COSCO; Evergreen Line; Hapag-Lloyd; Hyundai; K Line; Maersk Line; MCC; MOL; MSC; NYK; OOCL; Safmarine; UASC; Yang Ming",16,29,26389.3380952381,1826.09523809524,4532,9040,2,2.5,4,"{2,2,4,3}"
2017-03-26,KRPUS,Busan,TWTPE,Taipei,3,3,"Evergreen Line; IAL-Interasia Lines; MOL; Wan Hai",4,11,5435,618.5,1368,2646,1,1,2,"{1,2,1}"
2017-03-26,KRPUS,Busan,USHOU,"Houston TX",1,1,"APL; CMA CGM; COSCO; Evergreen Line; OOCL",5,11,5659.09090909091,438.727272727273,4248,6969,22,22,22,{22}
2017-03-26,KRPUS,Busan,USLAX,"Los Angeles CA",4,4,"APL; Hyundai; K Line; Maersk Line; MCC; MOL; MSC; NYK; Yang Ming",9,24,22336.9714285714,1178.7619047619,4250,6800,10,10.5,11,"{10,11,10,11}"
2017-03-26,KRPUS,Busan,USLGB,"Long Beach CA",4,4,"APL; CMA CGM; COSCO; Evergreen Line; Hapag-Lloyd; Hyundai; K Line; Maersk Line; MCC; MOL; MSC; NYK; OOCL; Safmarine; Yang Ming",15,35,30992.4444444444,2219.22222222222,5551,8888,10,11,12,"{11,10,11,12}"
2017-03-26,KRPUS,Busan,USNYC,"New York NY/NJ",3,3,"APL; CMA CGM; COSCO; Evergreen Line; Hapag-Lloyd; K Line; Maersk Line; MCC; MOL; MSC; NYK; OOCL; Safmarine; UASC; Yang Ming",15,37,24975.1852272727,1729.11818181818,8120,9400,22,23,23,"{23,22,23}"
2017-03-26,KRPUS,Busan,USSAV,"Savannah GA",1,1,"Maersk Line; MCC; MSC; Safmarine",4,10,4553.9,408.1,4154,5085,24,24,24,{24}
2017-03-26,KRPUS,Busan,USSEA,"Seattle WA",1,1,"APL; CMA CGM; COSCO; Evergreen Line; OOCL; PIL",6,6,9549.66666666667,466.666666666667,9415,9953,11,11,11,{11}
2017-03-26,KRPUS,Busan,VNSGN,"Ho Chi Minh (VICT/Cat Lai)",1,1,"CK Line; Dongjin Shipping; Evergreen Line; Namsung; Sinokor",5,3,1709.66666666667,243,1570,1850,5,5,5,{5}
2017-03-26,KRTSN,Seosan,CNNGB,Ningbo,1,1,"Dong Young; KMTC; Namsung",3,1,1060,,1060,1060,1,1,1,{1}
2017-03-26,KRTSN,Seosan,CNTAO,Qingdao,1,1,"Dongjin Shipping; PanOcean",2,1,702,,702,702,1,1,1,{1}
2017-03-26,KRTSN,Seosan,KRPUS,Busan,2,2,"CNC Line-Cheng Lie Navigation Co. Ltd.; Hyundai; KMTC; Namsung; PanOcean; Sinokor; Yang Ming",7,5,2632.33333333333,313.333333333333,834,1860,2,2,2,"{2,2}"
2017-03-26,KRUSN,Ulsan,CNSHA,Shanghai,2,2,"CULines-China United Lines; Gold Star Line; Hyundai; KMTC; MCC; Simatech; Sinokor; TS Lines; X-Press; ZIM",10,9,7506.85,1076,2401,5023,1,1.5,2,"{1,2}"
2017-03-26,KRUSN,Ulsan,HKHKG,"Hong Kong",3,3,"ANL; CMA CGM; CNC Line-Cheng Lie Navigation Co. Ltd.; Heung-A; KMTC; Namsung; RCL; Sinokor",8,7,3720.66666666667,328.666666666667,1054,1585,2,3,3,"{3,3,2}"
2017-03-26,KRUSN,Ulsan,KRKAN,Gwangyang,8,7,"CK Line; Dongjin Shipping; Dong Young; Heung-A; Namsung; PanOcean; Sinokor; TaiYoung Shipping",8,21,9112.06666666667,1269.33333333333,706,1608,1,1,1,"{1,1,1,1,1,1,1,1}"
2017-03-26,KRUSN,Ulsan,KRPUS,Busan,7,7,"Dongjin Shipping; Easline Shipping; Heung-A; Hyundai; IAL-Interasia Lines; KMTC; MOL; PanCon; Sinokor; Sinotrans; TaiYoung Shipping; Wan Hai",12,23,13930.4166666667,1758.5,1005,5023,0,1,1,"{1,1,0,0,1,1,1}"
2017-03-26,KRUSN,Ulsan,TWTXG,Taichung,1,1,"Wan Hai",1,3,1742,233.333333333333,1510,1858,2,2,2,{2}
2017-03-26,KWKWI,Kuwait,IQUQR,"Umm Qasr",1,1,"ANL; CMA CGM; UASC; Unimed Feeder Services-UFS",4,4,3802,355,3802,3802,1,1,1,{1}
2017-03-26,KYGEC,Georgetown,BZBZE,"Belize City",1,1,"Crowley; Hyde Shipping Corp.; Seaboard Marine",3,2,352.5,20,340,365,2,2,2,{2}
2017-03-26,KYGEC,Georgetown,SRPBM,Paramaribo,1,1,"Hapag-Lloyd; Maersk Line; Seaboard Marine; SeaLand",4,3,1708,202,1708,1708,1,1,1,{1}
2017-03-26,LBBEY,Beirut,AEJEA,"Dubai, Jebel Ali",1,1,"APL; CMA CGM; COSCO; Evergreen Line; OOCL",5,11,11636.9090909091,772.727272727273,10960,13208,10,10,10,{10}
2017-03-26,LBBEY,Beirut,ITGIT,"Gioia Tauro",1,1,"Maersk Line; MCC; MSC; Safmarine; WEC Lines",5,11,12340.9090909091,818.181818181818,13050,14000,2,2,2,{2}
2017-03-26,LBBEY,Beirut,TRISK,Iskenderun,1,1,"Alianca; CMA CGM; Hamburg Sud; Hapag-Lloyd; Seago Line",5,5,5963.8,1236.8,5552,6552,1,1,1,{1}
2017-03-26,LBBEY,Beirut,TRIZT,Izmit,1,1,"APL; CMA CGM; COSCO; Evergreen Line; OOCL",5,10,9126.3,902.4,8386,9443,5,5,5,{5}
2017-03-26,LCSLU,"Castries, St Lucia",BBBGI,Bridgetown,1,1,"Seaboard Marine",1,2,1116,220,1114,1118,0,0,0,{0}
2017-03-26,LCSLU,"Castries, St Lucia",DMRSU,Roseau,1,1,"King Ocean",1,4,1028.75,231,957,1118,0,0,0,{0}
2017-03-26,LCSLU,"Castries, St Lucia",GDSTG,"St George's",1,1,"Crowley; ZIM",2,3,1296,390,1296,1296,0,0,0,{0}
2017-03-26,LCSLU,"Castries, St Lucia",LCVIF,"Vieux Fort",1,1,"Tropical Shipping",1,2,850,187,850,850,0,0,0,{0}
2017-03-26,LCSLU,"Castries, St Lucia",VCKTN,"Kingstown, St Vincent",1,1,"APL; CMA CGM",2,2,1116,220,1114,1118,0,0,0,{0}
2017-03-26,LCVIF,"Vieux Fort",VCKTN,"Kingstown, St Vincent",1,1,"Tropical Shipping",1,2,850,187,850,850,1,1,1,{1}
2017-03-26,LKCMB,Colombo,AEJEA,"Dubai, Jebel Ali",3,3,"APL; CMA CGM; COSCO; Evergreen Line; KMTC; MSC; OOCL; Simatech",8,18,18892.3142857143,1524.37142857143,4211,9400,5,6,6,"{5,6,6}"
2017-03-26,LKCMB,Colombo,CAHAL,Halifax,2,2,"APL; CMA CGM; COSCO; Evergreen Line; Hapag-Lloyd; K Line; MOL; NYK; OOCL; UASC; Yang Ming",11,28,15097.2673796791,1222.88235294118,5624,9289,19,19,19,"{19,19}"
2017-03-26,LKCMB,Colombo,GBFXT,Felixstowe,1,1,"Alianca; Hamburg Sud; Hyundai; Maersk Line; MCC; MSC; Safmarine; Seago Line",8,11,16857.8181818182,582.727272727273,15550,20000,15,15,15,{15}
2017-03-26,LKCMB,Colombo,INCOK,Cochin,3,3,"ANL; CMA CGM; Emirates Shipping; Evergreen Line; Hapag-Lloyd; KMTC; Maersk Line; OOCL; RCL; Simatech",10,25,14746.3173076923,1508.92307692308,2442,6882,1,1,1,"{1,1,1}"
2017-03-26,LKCMB,Colombo,INKRI,Krishnapatnum,1,1,"Maersk Line; Safmarine",2,3,5119.33333333333,660,4504,6350,2,2,2,{2}
2017-03-26,LKCMB,Colombo,INMAA,Chennai/Madras,1,1,"Evergreen Line; Maersk Line; OOCL; Simatech",4,4,2728.5,514.5,2442,2824,3,3,3,{3}
2017-03-26,LKCMB,Colombo,INNSA,"Mumbai (Nhava Sheva)",5,5,"Alianca; ANL; APL; CMA CGM; CNC Line-Cheng Lie Navigation Co. Ltd.; Evergreen Line; Gold Star Line; Hamburg Sud; Hapag-Lloyd; KMTC; Maersk Line; MCC; MSC; OOCL; RCL; Safmarine; SCI-Shipping Corp. of India; Wan Hai; WEC Lines; X-Press; ZIM",21,30,35777.8904761905,2997.75,4250,13092,2,3,4,"{4,3,4,2,2}"
2017-03-26,LKCMB,Colombo,KEMBA,Mombasa,2,2,"ANL; CMA CGM; COSCO; Emirates Shipping; Evergreen Line; NYK; OOCL; PIL; X-Press",9,14,5290.88888888889,458.177777777778,1085,4250,7,7.5,8,"{8,7}"
2017-03-26,LKCMB,Colombo,MUPLU,"Port Louis",1,1,MSC,1,6,6350.33333333333,550,3922,8204,5,5,5,{5}
2017-03-26,LKCMB,Colombo,MVMLE,Male,1,1,"CMA CGM; COSCO; Emirates Shipping; Evergreen Line; MOL; NYK; X-Press",7,7,2508,287.142857142857,2192,2711,5,5,5,{5}
2017-03-26,LKCMB,Colombo,MYPGU,"Pasir Gudang, Johor",1,1,"COSCO; PIL",2,9,2078.88888888889,127.777777777778,1085,2800,5,5,5,{5}
2017-03-26,LKCMB,Colombo,MYPKG,"Port Klang",10,10,"ANL; APL; CMA CGM; COSCO; Emirates Shipping; Evergreen Line; Gold Star Line; Hapag-Lloyd; Hyundai; IAL-Interasia Lines; K Line; KMTC; Maersk Line; MCC; MOL; NYK; OOCL; PIL; RCL; Safmarine; Samudera; SCI-Shipping Corp. of India; Simatech; SITC Shipping; SM Line; TS Lines; Wan Hai; X-Press; Yang Ming; ZIM",30,63,43678.9904761905,4213.29523809524,2192,6589,4,5,5,"{4,5,5,5,5,5,5,4,4,4}"
2017-03-26,LKCMB,Colombo,NLRTM,Rotterdam,2,2,"APL; CMA CGM; COSCO; Evergreen Line; Hapag-Lloyd; K Line; MOL; NYK; OOCL; UASC; Yang Ming",11,19,22376.9111111111,960,8200,14354,17,17,17,"{17,17}"
2017-03-26,LKCMB,Colombo,OMSLL,Salalah,2,2,"DAL-Deutsche Afrika Linien; Maersk Line; MSC; Safmarine",4,15,11228.4166666667,1164.16666666667,4504,7455,4,4.5,5,"{4,5}"
2017-03-26,LKCMB,Colombo,PKKHI,Karachi,1,1,"COSCO; Evergreen Line; K Line; MOL; PIL; Wan Hai",6,5,3381.2,420,4043,4363,4,4,4,{4}
2017-03-26,LKCMB,Colombo,SGSIN,Singapore,7,7,"Alianca; ANL; APL; CMA CGM; COSCO; Evergreen Line; Hamburg Sud; Hapag-Lloyd; Hyundai; K Line; Maersk Line; MCC; MOL; MSC; NYK; OOCL; PIL; Safmarine; Seago Line; UASC; Wan Hai; Yang Ming",22,65,57033.1186868687,2595.54545454545,4228,20000,4,4,6,"{4,5,4,4,5,6,4}"
2017-03-26,LKCMB,Colombo,TWKHH,Kaohsiung,1,1,"APL; CMA CGM; COSCO; Evergreen Line; OOCL",5,10,13860.8,720,13806,14354,6,6,6,{6}
2017-03-26,LKCMB,Colombo,ZADUR,Durban,1,1,"DAL-Deutsche Afrika Linien; Maersk Line; Safmarine; UAFL-United Africa Feeder Line",4,10,4126,527.6,3426,4644,10,10,10,{10}
2017-03-26,LRMLW,Monrovia,GMBJL,Banjul,1,1,"CMA CGM",1,4,1108.75,212,1180,1678,2,2,2,{2}
2017-03-26,LRMLW,Monrovia,SLFNA,Freetown,1,1,"Maersk Line; Safmarine",2,4,2488,400.25,2472,2524,6,6,6,{6}
2017-03-26,LTKLJ,"Klaipeda
",DEBRV,Bremerhaven,2,2,"CMA CGM; Evergreen Line; Hapag-Lloyd; OOCL; Seago Line; Team Lines; Unifeeder",7,5,1863.66666666667,382.666666666667,868,1085,2,2.5,3,"{2,3}"
2017-03-26,LTKLJ,"Klaipeda
",DEHAM,Hamburg,1,1,"COSCO; Yang Ming",2,1,1221,305,1221,1221,2,2,2,{2}
2017-03-26,LTKLJ,"Klaipeda
",FRLEH,"Le Havre",1,1,MSC,1,2,4086,525,3922,4250,2,2,2,{2}
2017-03-26,LTKLJ,"Klaipeda
",LVRIX,Riga,1,1,Hapag-Lloyd,1,2,1440,316,1440,1440,1,1,1,{1}
2017-03-26,LTKLJ,"Klaipeda
",PLGDN,Gdansk,1,1,"Seago Line",1,1,1730,200,1730,1730,1,1,1,{1}
2017-03-26,LTKLJ,"Klaipeda
",PLGDY,"Gdynia Poland",2,2,"COSCO; Evergreen Line; Hapag-Lloyd; OOCL; Tschudi Express; Unifeeder; X-Press",7,5,1861.16666666667,372.666666666667,809,1036,1,1.5,2,"{2,1}"
2017-03-26,LVRIX,Riga,DEBRV,Bremerhaven,1,1,"Seago Line",1,2,868,150,868,868,2,2,2,{2}
2017-03-26,LVRIX,Riga,DEHAM,Hamburg,1,1,"CMA CGM; COSCO; Evergreen Line; Team Lines; Unifeeder",5,1,1480,357.142857142857,1036,1036,2,2,2,{2}
2017-03-26,LVRIX,Riga,EETLL,"Tallinn Estonia",2,2,"Evergreen Line; Hapag-Lloyd; OOCL; Unifeeder; X-Press",5,5,2410.66666666667,528.666666666667,868,1440,2,2,2,"{2,2}"
2017-03-26,LVRIX,Riga,PLGDN,Gdansk,1,1,"Seago Line",1,2,1126,225,1036,1216,2,2,2,{2}
2017-03-26,MAAGA,Agadir,BEANR,Antwerp,1,1,MSC,1,6,2637.16666666667,138.333333333333,3005,3424,3,3,3,{3}
2017-03-26,MAAGA,Agadir,ESALG,Algeciras,1,1,"Maersk Line; X-Press",2,2,838.5,225,809,868,2,2,2,{2}
2017-03-26,MAAGA,Agadir,GBPME,Portsmouth,1,1,"Seago Line",1,3,868,234,868,868,4,4,4,{4}
2017-03-26,MAAGA,Agadir,GBTIL,Tilbury,1,1,"Maersk Line; Safmarine; Seago Line",3,3,933.666666666667,222.666666666667,868,1008,4,4,4,{4}
2017-03-26,MAAGA,Agadir,MACAS,Casablanca,2,2,"CMA CGM; DAL-Deutsche Afrika Linien; OPDR",3,8,1811,460,868,1036,1,2.5,4,"{4,1}"
2017-03-26,MAAGA,Agadir,NLRTM,Rotterdam,1,1,"CMA CGM; OPDR",2,6,938.5,227.5,868,1036,5,5,5,{5}
2017-03-26,MACAS,Casablanca,BEANR,Antwerp,1,1,MSC,1,6,2932.66666666667,308.333333333333,2442,3424,5,5,5,{5}
2017-03-26,MACAS,Casablanca,ESLEI,Almeria,1,1,"Evergreen Line; Maersk Line; Marguisa; OPDR; X-Press",5,3,707,150,707,707,2,2,2,{2}
2017-03-26,MACAS,Casablanca,ESLPA,"Las Palmas, Can Is",1,1,"CMA CGM",1,3,1125.66666666667,136.666666666667,1107,1152,2,2,2,{2}
2017-03-26,MACAS,Casablanca,ESSCT,Tenerife,1,1,"Maersk Line; X-Press",2,2,838.5,225,809,868,2,2,2,{2}
2017-03-26,MACAS,Casablanca,GBPME,Portsmouth,1,1,"CMA CGM; OPDR",2,6,938.5,227.5,868,1036,5,5,5,{5}
2017-03-26,MACAS,Casablanca,GIGIB,Gibraltar,1,1,"CMA CGM; DAL-Deutsche Afrika Linien; OPDR",3,2,872.5,232.5,868,877,1,1,1,{1}
2017-03-26,MACAS,Casablanca,GNCKY,Conakry,1,1,MSC,1,6,2932.66666666667,308.333333333333,2442,3424,6,6,6,{6}
2017-03-26,MACAS,Casablanca,MAAGA,Agadir,3,3,"CMA CGM; Maersk Line; OPDR; Safmarine; Seago Line",5,12,2740.16666666667,684.166666666667,868,1036,1,3,3,"{3,1,3}"
2017-03-26,MACAS,Casablanca,PTFDF,"Figueira da Foz",1,1,"MSC; WEC Lines",2,1,700,100,700,700,3,3,3,{3}
2017-03-26,MACAS,Casablanca,PTLEI,Leixoes,1,1,"Evergreen Line; Maersk Line; Marguisa; OPDR; X-Press",5,3,707,150,707,707,2,2,2,{2}
2017-03-26,MACAS,Casablanca,SNDKR,Dakar,1,1,"Arkas Line; Hapag-Lloyd; UASC",3,5,1890.4,353.2,1740,2492,4,4,4,{4}
2017-03-26,MAPTM,Tanger,AEJEA,"Dubai, Jebel Ali",1,1,"Hapag-Lloyd; K Line; MOL; NYK; UASC; Yang Ming",6,12,17994.3333333333,666.666666666667,14500,20150,12,12,12,{12}
2017-03-26,MAPTM,Tanger,BEANR,Antwerp,1,1,"Arkas Line; Hapag-Lloyd; UASC",3,5,1890.4,353.2,1740,2492,4,4,4,{4}
2017-03-26,MAPTM,Tanger,CGPNR,"Pointe Noire",2,2,"ANL; CMA CGM; Maersk Line; NileDutch; Safmarine",5,15,5595.76785714286,976.25,1835,3739,10,11,12,"{12,10}"
2017-03-26,MAPTM,Tanger,COCTG,Cartagena,1,1,"Alianca; Hamburg Sud; Hapag-Lloyd; ZIM",4,11,4566.27272727273,369.090909090909,4250,4843,8,8,8,{8}
2017-03-26,MAPTM,Tanger,DEBRV,Bremerhaven,1,1,"Alianca; Hamburg Sud; Hyundai; Maersk Line; MCC; MSC; Safmarine; Seago Line",8,12,17143.1666666667,600,18270,19272,4,4,4,{4}
2017-03-26,MAPTM,Tanger,DEHAM,Hamburg,1,1,"Alianca; CMA CGM; COSCO; Hamburg Sud; Hapag-Lloyd; NYK; UASC",7,8,8590.875,1305.25,8004,9030,5,5,5,{5}
2017-03-26,MAPTM,Tanger,DOCAU,Caucedo,1,1,"Alianca; APL; CCNI; CMA CGM; Hamburg Sud; Hapag-Lloyd",6,9,2620.33333333333,546.222222222222,2530,3091,10,10,10,{10}
2017-03-26,MAPTM,Tanger,ESALG,Algeciras,9,9,"CMA CGM; COSCO; Maersk Line; NileDutch; OPDR; Safmarine; UASC",7,43,29282.6,3823.8119047619,1180,10000,0,2,4,"{3,2,1,1,0,2,2,4,1}"
2017-03-26,MAPTM,Tanger,ESVGO,Vigo,1,1,Hapag-Lloyd,1,5,3225.2,272.2,2808,3832,2,2,2,{2}
2017-03-26,MAPTM,Tanger,ESVLC,Valencia,3,3,"Alianca; ANL; CMA CGM; Hamburg Sud; Hapag-Lloyd; Maersk Line; MSC; Niver Lines; Safmarine; UASC; ZIM",11,25,18873.5227272727,1960.34090909091,4250,9403,2,2,4,"{4,2,2}"
2017-03-26,MAPTM,Tanger,GBFXT,Felixstowe,2,2,"Alianca; ANL; Borchard Lines Ltd; CMA CGM; Hamburg Sud; Maersk Line; Safmarine; Seago Line; Turkon",9,13,16481.725,1815,6456,10100,3,3,3,"{3,3}"
2017-03-26,MAPTM,Tanger,GBSOU,Southampton,2,2,"APL; CMA CGM; COSCO; Hapag-Lloyd; K Line; MOL; MSC; NYK; UASC; Yang Ming",10,20,26847.5833333333,1558.04166666667,8400,20150,3,3.5,4,"{3,4}"
2017-03-26,MAPTM,Tanger,GPPTP,Pointe-a-Pitre,1,1,"CMA CGM; Marfret",2,6,2692,524.333333333333,2500,2790,9,9,9,{9}
2017-03-26,MAPTM,Tanger,ITCAG,Cagliari,1,1,"Alianca; CMA CGM; COSCO; Hamburg Sud; Hapag-Lloyd; NYK; UASC",7,8,8590.875,1305.25,8004,9030,2,2,2,{2}
2017-03-26,MAPTM,Tanger,ITGOA,Genoa,1,1,"ANL; APL; CMA CGM; COSCO; Hapag-Lloyd; Marguisa; UASC",7,7,6921,486,6921,6921,3,3,3,{3}
2017-03-26,MAPTM,Tanger,MACAS,Casablanca,3,3,"Arkas Line; CMA CGM; Evergreen Line; Hapag-Lloyd; Maersk Line; Marguisa; OPDR; UASC; X-Press",9,11,3723.06666666667,639.866666666667,707,2492,0,1,3,"{3,0,1}"
2017-03-26,MAPTM,Tanger,MTMAR,"Malta (Marsaxlokk)",2,2,"Alianca; CMA CGM; Hamburg Sud; Hapag-Lloyd; Maersk Line; Safmarine; Seago Line; SeaLand",8,15,9033.7,1998.6,3003,6552,2,3.5,5,"{5,2}"
2017-03-26,MAPTM,Tanger,NLRTM,Rotterdam,1,1,"Alianca; CMA CGM; Hamburg Sud; Hapag-Lloyd; Maersk Line; MSC; Safmarine; UASC",8,8,9669,1600,9669,9669,3,3,3,{3}
2017-03-26,MAPTM,Tanger,OMSLL,Salalah,1,1,"Alianca; Hamburg Sud; Hyundai; Maersk Line; MCC; MSC; Safmarine; Seago Line",8,11,16857.8181818182,582.727272727273,15550,20000,10,10,10,{10}
2017-03-26,MAPTM,Tanger,PTLIS,Lisbon,1,1,"Maersk Line; Safmarine",2,2,3815.28571428571,276.857142857143,1545,1597,2,2,2,{2}
2017-03-26,MAPTM,Tanger,SGSIN,Singapore,1,1,"Alianca; Hamburg Sud; Hyundai; Maersk Line; MCC; MSC; Safmarine; Seago Line",8,16,12582.875,775,13092,15550,21,21,21,{21}
2017-03-26,MAPTM,Tanger,SNDKR,Dakar,1,1,"Arkas Line; CMA CGM; COSCO; Hapag-Lloyd; Messina; ZIM",6,6,2527.66666666667,435.333333333333,2452,2702,4,4,4,{4}
2017-03-26,MAPTM,Tanger,TGLFW,Lome,1,1,"CMA CGM; Marguisa; UASC",3,8,3145.5,506.25,2697,3600,9,9,9,{9}
2017-03-26,MGTOA,Tamatave/Toamasina,MZMPM,Maputo,2,2,"ANL; CMA CGM; Maersk Line; MOL; PIL; Safmarine",6,17,3663.5,543.25,1728,2506,4,4.5,5,"{5,4}"
2017-03-26,MGTOA,Tamatave/Toamasina,SCPOV,"Seychelles Is., Port Victoria",1,1,"Maersk Line; Safmarine",2,3,2516,335.333333333333,2474,2578,4,4,4,{4}
2017-03-26,MMRGN,Yangon,SGSIN,Singapore,1,1,"MCC; SASCO",2,7,1085.71428571429,214,1022,1118,5,5,5,{5}
2017-03-26,MMRGN,Yangon,VNSGN,"Ho Chi Minh (VICT/Cat Lai)",1,1,RCL,1,4,1344,152.5,1228,1468,1,1,1,{1}
2017-03-26,MPSPN,Saipan,FMYAP,Yap,1,1,MELL,1,4,1089.5,205,1080,1118,3,3,3,{3}
2017-03-26,MQFDF,Fort-de-France,COCTG,Cartagena,1,1,"CMA CGM; Marfret",2,6,2692,524.333333333333,2500,2790,3,3,3,{3}
2017-03-26,MQFDF,Fort-de-France,DMRSU,Roseau,1,1,"APL; CMA CGM",2,2,1116,220,1114,1118,0,0,0,{0}
2017-03-26,MQFDF,Fort-de-France,GPPTP,Pointe-a-Pitre,1,1,"CMA CGM; Maersk Line; Marfret; WEC Lines",4,4,2836,626,2824,2872,1,1,1,{1}
2017-03-26,MQFDF,Fort-de-France,SXSXM,"St Maarten",1,1,StreamLines,1,5,1479.2,415.6,1296,2122,1,1,1,{1}
2017-03-26,MQFDF,Fort-de-France,TTPOS,"Port of Spain",1,1,"CMA CGM",1,2,1109,220,1100,1118,1,1,1,{1}
2017-03-26,MRNDB,Nouadhibou,ESALG,Algeciras,1,1,"CMA CGM",1,3,1125.66666666667,136.666666666667,1107,1152,7,7,7,{7}
2017-03-26,MRNKC,Nouakchott,GMBJL,Banjul,1,1,"Maersk Line; Safmarine",2,4,1770.25,186,1732,1839,2,2,2,{2}
2017-03-26,MRNKC,Nouakchott,MRNDB,Nouadhibou,1,1,"CMA CGM",1,3,1125.66666666667,136.666666666667,1107,1152,2,2,2,{2}
2017-03-26,MTMAR,"Malta (Marsaxlokk)",EGALY,Alexandria,1,1,"Alianca; CMA CGM; Hamburg Sud; Hapag-Lloyd; Seago Line",5,5,5963.8,1236.8,5552,6552,2,2,2,{2}
2017-03-26,MTMAR,"Malta (Marsaxlokk)",EGDAM,Damietta,1,1,"APL; CMA CGM; COSCO; Evergreen Line; OOCL",5,10,6364.5,382,5618,7024,3,3,3,{3}
2017-03-26,MTMAR,"Malta (Marsaxlokk)",EGPSD,"Port Said",1,1,"ANL; APL; CMA CGM; COSCO; Hapag-Lloyd; Marguisa; UASC",7,7,6921,486,6921,6921,3,3,3,{3}
2017-03-26,MTMAR,"Malta (Marsaxlokk)",ESBCN,Barcelona,1,1,"Maersk Line; MCC; MSC; Safmarine",4,11,13764.3636363636,1018.18181818182,13000,15908,2,2,2,{2}
2017-03-26,MTMAR,"Malta (Marsaxlokk)",ESVLC,Valencia,2,2,"Alianca; ANL; APL; Borchard Lines Ltd; CMA CGM; COSCO; Evergreen Line; Hamburg Sud; Maersk Line; OOCL; Seago Line; Turkon",12,16,18194.5090909091,1312.72727272727,6456,13208,2,3,4,"{2,4}"
2017-03-26,MTMAR,"Malta (Marsaxlokk)",GRPIR,Piraeus,1,1,"Alianca; ANL; Borchard Lines Ltd; CMA CGM; Hamburg Sud; Maersk Line; Seago Line; Turkon",8,5,6557.6,540,6456,6612,2,2,2,{2}
2017-03-26,MTMAR,"Malta (Marsaxlokk)",ITSAL,Salerno,3,3,"Alianca; ANL; APL; CCNI; CMA CGM; COSCO; Evergreen Line; Hamburg Sud; Hapag-Lloyd; OOCL",10,28,13063.6923076923,1410.1452991453,2530,5782,1,2,2,"{2,2,1}"
2017-03-26,MTMAR,"Malta (Marsaxlokk)",ITSPE,"La Spezia",1,1,"ANL; APL; CMA CGM; COSCO; Hapag-Lloyd; Marguisa; UASC",7,7,6921,486,6921,6921,1,1,1,{1}
2017-03-26,MTMAR,"Malta (Marsaxlokk)",LBBEY,Beirut,1,1,"APL; CMA CGM; COSCO; Evergreen Line; OOCL",5,11,11636.9090909091,772.727272727273,10960,13208,3,3,3,{3}
2017-03-26,MTMAR,"Malta (Marsaxlokk)",MAPTM,Tanger,1,1,"Maersk Line; Safmarine",2,7,8664,871.428571428571,8112,10000,3,3,3,{3}
2017-03-26,MTMAR,"Malta (Marsaxlokk)",OMSLL,Salalah,1,1,"Maersk Line; MCC; MSC; Safmarine; WEC Lines",5,11,12340.9090909091,818.181818181818,13050,14000,8,8,8,{8}
2017-03-26,MTMAR,"Malta (Marsaxlokk)",SAJED,Jeddah,1,1,"APL; CMA CGM; COSCO; Evergreen Line; OOCL",5,11,13437.0909090909,236.363636363636,12552,13880,6,6,6,{6}
2017-03-26,MTMAR,"Malta (Marsaxlokk)",SIKOP,Koper,1,1,"APL; CMA CGM; COSCO; Evergreen Line; OOCL",5,10,6364.5,382,5618,7024,5,5,5,{5}
2017-03-26,MTMAR,"Malta (Marsaxlokk)",TRIZT,Izmit,1,1,"Maersk Line; Safmarine; SeaLand",3,10,3069.9,761.8,3003,3078,3,3,3,{3}
2017-03-26,MUPLU,"Port Louis",AEJEA,"Dubai, Jebel Ali",1,1,"DAL-Deutsche Afrika Linien; Maersk Line; Safmarine; UAFL-United Africa Feeder Line",4,10,4126,527.6,3426,4644,7,7,7,{7}
2017-03-26,MUPLU,"Port Louis",AUSYD,Sydney,1,1,"DAL-Deutsche Afrika Linien; MSC",2,12,6109.08333333333,504.166666666667,4900,7455,13,13,13,{13}
2017-03-26,MUPLU,"Port Louis",MGTOA,Tamatave/Toamasina,1,1,"Maersk Line; Safmarine",2,3,2516,335.333333333333,2474,2578,3,3,3,{3}
2017-03-26,MUPLU,"Port Louis",REREU,Reunion,1,1,"MOL; PIL",2,9,1831,242,1728,2135,1,1,1,{1}
2017-03-26,MUPLU,"Port Louis",SGSIN,Singapore,2,2,"ANL; CMA CGM; Maersk Line; MSC; Safmarine",5,20,11868.3333333333,997.916666666667,2262,13092,11,12,13,"{13,11}"
2017-03-26,MUPLU,"Port Louis",ZADUR,Durban,3,3,"Alianca; ANL; CMA CGM; Hamburg Sud; Maersk Line; MCC; MSC; Safmarine",8,27,23136.0555555556,2006.22222222222,3922,13092,6,6,8,"{8,6,6}"
2017-03-26,MVMLE,Male,SCPOV,"Seychelles Is., Port Victoria",1,1,"CMA CGM; COSCO; Emirates Shipping; Evergreen Line; MOL; NYK; X-Press",7,7,2508,287.142857142857,2192,2711,1,1,1,{1}
2017-03-26,MXATM,Altamira,MXVER,Veracruz,4,4,"Alianca; CMA CGM; Hamburg Sud; Hapag-Lloyd; Maersk Line; Melfi Marine; MOL; MSC; Seaboard Marine; SeaLand",10,19,10501.7333333333,1636.86666666667,1669,4132,1,1,2,"{1,1,2,1}"
2017-03-26,MXATM,Altamira,USHOU,"Houston TX",6,6,"Alianca; APL; CCNI; CMA CGM; COSCO; Evergreen Line; Hamburg Sud; Hapag-Lloyd; Maersk Line; Melfi Marine; MOL; MSC; NYK; OOCL; Safmarine; SeaLand; Yang Ming; ZIM",18,41,32518.0714285714,3415.90476190476,4043,6750,2,2,2,"{2,2,2,2,2,2}"
2017-03-26,MXATM,Altamira,USMSY,"New Orleans LA",1,1,"Alianca; Hamburg Sud; Hyundai; Maersk Line; MSC; Safmarine; Seago Line; SeaLand",8,7,7352.42857142857,681.142857142857,6418,8034,3,3,3,{3}
2017-03-26,MXATM,Altamira,USPHL,"Philadelphia PA",1,1,SeaLand,1,3,1375.33333333333,247.333333333333,1122,1708,5,5,5,{5}
2017-03-26,MXESE,Ensenada,JPYOK,Yokohama,1,1,"Alianca; APL; CCNI; CMA CGM; COSCO; Hamburg Sud; Hapag-Lloyd; Hyundai; K Line; MSC",10,11,9120.90909090909,1163.63636363636,8600,9326,14,14,14,{14}
2017-03-26,MXESE,Ensenada,MXLZC,"Lazaro Cardenas",1,1,"APL; Maersk Line; MSC; SeaLand",4,6,2511.5,556.666666666667,2339,2546,4,4,4,{4}
2017-03-26,MXESE,Ensenada,MXZLO,"Manzanillo, MEX",2,2,"Alianca; ANL; APL; CCNI; CMA CGM; COSCO; Hamburg Sud; Hapag-Lloyd; Hyundai; K Line; MSC",11,22,18056.1818181818,1845.45454545455,8189,9448,3,3,3,"{3,3}"
2017-03-26,MXLZC,"Lazaro Cardenas",CNTAO,Qingdao,1,1,"Maersk Line; MCC; MSC; SeaLand",4,9,7816.55555555556,662,4250,9640,25,25,25,{25}
2017-03-26,MXLZC,"Lazaro Cardenas",GTPRQ,"Puerto Quetzal",4,4,"Alianca; APL; CCNI; COSCO; Evergreen Line; Hamburg Sud; Hapag-Lloyd; Maersk Line; MSC; NYK; PIL; SeaLand; Wan Hai; Yang Ming",14,24,11533.4,1884.11666666667,1819,5512,2,2,2,"{2,2,2,2}"
2017-03-26,MXLZC,"Lazaro Cardenas",MXZLO,"Manzanillo, MEX",3,3,"Alianca; ANL; APL; CCNI; CMA CGM; COSCO; Evergreen Line; Hamburg Sud; Hapag-Lloyd; Hyundai; Maersk Line; MCC; MSC; Safmarine; SeaLand; X-Press",16,25,17857.6439393939,1985.31818181818,1550,13092,0,1,2,"{0,2,1}"
2017-03-26,MXLZC,"Lazaro Cardenas",PABLB,Balboa,4,4,"Alianca; ANL; APL; CCNI; CMA CGM; COSCO; Hamburg Sud; Hapag-Lloyd; Hyundai; K Line; Maersk Line; MCC; MSC; SeaLand",14,43,38048.7449494949,3455.68181818182,4250,13092,3,4.5,5,"{5,5,4,3}"
2017-03-26,MXLZC,"Lazaro Cardenas",USLGB,"Long Beach CA",1,1,"Alianca; CCNI; Hamburg Sud",3,4,1819,467,1819,1819,4,4,4,{4}
2017-03-26,MXLZC,"Lazaro Cardenas",USNTD,"Port Hueneme CA",1,1,"APL; Maersk Line; MSC; SeaLand",4,6,2511.5,556.666666666667,2339,2546,4,4,4,{4}
2017-03-26,MXMZT,Mazatlan,MXZLO,"Manzanillo, MEX",1,1,"Hapag-Lloyd; NYK",2,4,2629,420.25,2524,2664,2,2,2,{2}
2017-03-26,MXPGO,Progreso,CRMOB,Moin,1,1,"Alianca; Hamburg Sud",2,6,2758.33333333333,685.666666666667,2506,2872,3,3,3,{3}
2017-03-26,MXPGO,Progreso,MXATM,Altamira,1,1,"CMA CGM; Melfi Marine; Seaboard Marine",3,3,1705,290,1669,1740,4,4,4,{4}
2017-03-26,MXPMD,"Puerto Chiapas",GTPRQ,"Puerto Quetzal",1,1,"Great White Fleet",1,2,2122,400,2122,2122,0,0,0,{0}
2017-03-26,MXPMS,"Puerto Morelos",USPEF,"Port Everglades FL",1,1,"Crowley; Hyde Shipping Corp.; Seaboard Marine",3,2,352.5,20,340,365,6,6,6,{6}
2017-03-26,MXVER,Veracruz,BSFPO,Freeport,1,1,MSC,1,5,3532.8,274,2680,4132,3,3,3,{3}
2017-03-26,MXVER,Veracruz,CUMAR,Mariel,1,1,"CMA CGM; Melfi Marine; Seaboard Marine",3,3,1705,290,1669,1740,3,3,3,{3}
2017-03-26,MXVER,Veracruz,GTSTC,"Santo Tomas de Castilla",1,1,"Hapag-Lloyd; Maersk Line; MOL; SeaLand",4,5,2505.6,387.2,2468,2578,3,3,3,{3}
2017-03-26,MXVER,Veracruz,MXATM,Altamira,8,8,"Alianca; APL; CCNI; CMA CGM; COSCO; Evergreen Line; Hamburg Sud; Hapag-Lloyd; Hyundai; Maersk Line; Melfi Marine; MOL; MSC; NYK; OOCL; Safmarine; Seago Line; SeaLand; Yang Ming; ZIM",20,51,41245.8333333333,4344.38095238095,1122,8034,0,1,2,"{2,1,1,0,1,1,2,1}"
2017-03-26,MXVER,Veracruz,MXPGO,Progreso,1,1,"Alianca; Hamburg Sud",2,6,2758.33333333333,685.666666666667,2506,2872,1,1,1,{1}
2017-03-26,MXVER,Veracruz,USPME,"Port Manatee FL",1,1,"World Direct Shipping-WDS",1,1,672,116,672,672,3,3,3,{3}
2017-03-26,MXZLO,"Manzanillo, MEX",COBUN,Buenaventura,1,1,"COSCO; Evergreen Line; PIL; Wan Hai; Yang Ming",5,10,7056.6,503.9,6046,9580,4,4,4,{4}
2017-03-26,MXZLO,"Manzanillo, MEX",GTPRQ,"Puerto Quetzal",1,1,"APL; CMA CGM; COSCO; Evergreen Line; Hapag-Lloyd; X-Press",6,2,1645,300,1550,1740,3,3,3,{3}
2017-03-26,MXZLO,"Manzanillo, MEX",JPTYO,Tokyo,1,1,"APL; Hapag-Lloyd; K Line; MOL; NYK",5,11,5752.90909090909,514.545454545455,6200,6882,15,15,15,{15}
2017-03-26,MXZLO,"Manzanillo, MEX",JPYOK,Yokohama,1,1,"Maersk Line; MCC; MSC; Safmarine; SeaLand",5,11,4425.72727272727,788.818181818182,4045,5466,15,15,15,{15}
2017-03-26,MXZLO,"Manzanillo, MEX",KRPUS,Busan,1,1,"Alianca; ANL; CCNI; CMA CGM; COSCO; Hamburg Sud; Hapag-Lloyd; Hyundai; MSC",9,12,11786.9166666667,896.5,9289,13092,16,16,16,{16}
2017-03-26,MXZLO,"Manzanillo, MEX",MXESE,Ensenada,1,1,"Alianca; APL; CCNI; CMA CGM; COSCO; Hamburg Sud; Hapag-Lloyd; Hyundai; K Line; MSC",10,11,9120.90909090909,1163.63636363636,8600,9326,2,2,2,{2}
2017-03-26,MXZLO,"Manzanillo, MEX",MXLZC,"Lazaro Cardenas",6,6,"Alianca; ANL; APL; CCNI; CMA CGM; COSCO; Evergreen Line; Hamburg Sud; Hapag-Lloyd; Hyundai; K Line; Maersk Line; MCC; MSC; NYK; PIL; SeaLand; Wan Hai; Yang Ming",19,57,45251.6449494949,4316.13181818182,2524,13092,0,0.5,1,"{0,0,1,0,1,1}"
2017-03-26,MXZLO,"Manzanillo, MEX",NICIO,Corinto,1,1,"Alianca; CMA CGM; Evergreen Line; Hamburg Sud; Hapag-Lloyd; X-Press",6,2,1958.5,359.5,1795,2122,4,4,4,{4}
2017-03-26,MXZLO,"Manzanillo, MEX",PAMIT,Manzanillo,2,2,"Alianca; ANL; APL; CMA CGM; COSCO; Hamburg Sud; Hapag-Lloyd; ZIM",8,22,13501.5454545455,1050.90909090909,4250,9448,5,5.5,6,"{5,6}"
2017-03-26,MXZLO,"Manzanillo, MEX",PECLL,Callao,2,2,"Alianca; ANL; APL; CCNI; CMA CGM; COSCO; Hamburg Sud; Hapag-Lloyd; Hyundai; K Line; MOL; MSC; NYK",13,21,12869.5090909091,2114.54545454545,6200,7154,5,5.5,6,"{5,6}"
2017-03-26,MXZLO,"Manzanillo, MEX",TWKHH,Kaohsiung,1,1,"COSCO; Evergreen Line; PIL; Wan Hai; Yang Ming",5,10,7056.6,503.9,6046,9580,19,19,19,{19}
2017-03-26,MXZLO,"Manzanillo, MEX",USLAX,"Los Angeles CA",2,2,"Alianca; Hamburg Sud; Hapag-Lloyd; NYK; ZIM",5,15,7195.27272727273,789.340909090909,2524,4843,3,3.5,4,"{4,3}"
2017-03-26,MXZLO,"Manzanillo, MEX",USLGB,"Long Beach CA",1,1,MSC,1,10,9012.3,501.9,8800,9400,4,4,4,{4}
2017-03-26,MYBKI,"Kota Kinabalu, Sabah",HKHKG,"Hong Kong",1,1,"SITC Shipping",1,2,843,135,831,855,4,4,4,{4}
2017-03-26,MYBKI,"Kota Kinabalu, Sabah",MYBTU,"Bintulu, Sarawak",1,1,"SITC Shipping",1,2,843,135,831,855,1,1,1,{1}
2017-03-26,MYBKI,"Kota Kinabalu, Sabah",TWKHH,Kaohsiung,1,1,"Evergreen Line",1,2,1714,362,1714,1714,3,3,3,{3}
2017-03-26,MYBTU,"Bintulu, Sarawak",BNMUA,"Muara Port",1,1,"Evergreen Line",1,2,1391,228,1164,1618,1,1,1,{1}
2017-03-26,MYBTU,"Bintulu, Sarawak",MYBKI,"Kota Kinabalu, Sabah",1,1,"SITC Shipping",1,2,843,135,831,855,1,1,1,{1}
2017-03-26,MYBTU,"Bintulu, Sarawak",TWKHH,Kaohsiung,1,1,"Evergreen Line; Yang Ming",2,7,2564.14285714286,322.285714285714,2450,2742,4,4,4,{4}
2017-03-26,MYKCH,"Kuching, Sarawak",MYTMP,"Tanjung Manis",1,1,"Evergreen Line",1,2,1391,228,1164,1618,0,0,0,{0}
2017-03-26,MYKUA,Kuantan,HKHKG,"Hong Kong",1,1,"Evergreen Line; Yang Ming",2,4,2574.75,430,2474,2741,4,4,4,{4}
2017-03-26,MYKUA,Kuantan,SGSIN,Singapore,1,1,"Evergreen Line",1,3,1163.33333333333,133.333333333333,1162,1164,1,1,1,{1}
2017-03-26,MYKUA,Kuantan,VNHPH,Haiphong,1,1,PIL,1,2,1728,250,1728,1728,5,5,5,{5}
2017-03-26,MYPEN,Penang,MYPGU,"Pasir Gudang, Johor",1,1,"ANL; CMA CGM; CNC Line-Cheng Lie Navigation Co. Ltd.; COSCO; Heung-A; KMTC; TS Lines",7,4,4417.5,427.5,4250,4892,2,2,2,{2}
2017-03-26,MYPEN,Penang,MYPKG,"Port Klang",5,5,"ANL; CMA CGM; COSCO; CULines-China United Lines; Evergreen Line; Hyundai; K Line; KMTC; MOL; NYK; RCL; Sinokor; Wan Hai; X-Press",14,20,12482.6666666667,1556,1642,4268,0,1,2,"{1,0,1,2,1}"
2017-03-26,MYPEN,Penang,MYTPP,"Tanjung Pelepas",1,1,"Evergreen Line; Yang Ming",2,4,2574.75,430,2474,2741,1,1,1,{1}
2017-03-26,MYPEN,Penang,SGSIN,Singapore,4,4,"COSCO; Evergreen Line; Heung-A; IAL-Interasia Lines; KMTC; PIL; Sinotrans; Wan Hai; Yang Ming",9,16,10117,1336.5,1398,4253,1,2,2,"{2,2,1,2}"
2017-03-26,MYPGU,"Pasir Gudang, Johor",HKHKG,"Hong Kong",1,1,"ANL; CMA CGM; CNC Line-Cheng Lie Navigation Co. Ltd.; COSCO; Heung-A; KMTC; TS Lines",7,4,4417.5,427.5,4250,4892,5,5,5,{5}
2017-03-26,MYPGU,"Pasir Gudang, Johor",MYPKG,"Port Klang",1,1,"ANL; CMA CGM; CNC Line-Cheng Lie Navigation Co. Ltd.; Evergreen Line; X-Press",5,4,2721,424.5,2700,2742,1,1,1,{1}
2017-03-26,MYPGU,"Pasir Gudang, Johor",SGSIN,Singapore,5,5,"COSCO; Evergreen Line; Hyundai; IAL-Interasia Lines; KMTC; PIL; RCL; Sinokor; Wan Hai",9,25,10755.6388888889,1280.77777777778,1085,2800,0,1,1,"{1,1,1,0,0}"
2017-03-26,MYPGU,"Pasir Gudang, Johor",VNHPH,Haiphong,1,1,RCL,1,4,1344,152.5,1228,1468,5,5,5,{5}
2017-03-26,MYPKG,"Port Klang",AEJEA,"Dubai, Jebel Ali",4,4,"Hapag-Lloyd; HDASCO; Hyundai; K Line; MOL; OOCL; PIL; TS Lines; Unimed Feeder Services-UFS; Wan Hai; Yang Ming",11,23,18358.9047619048,1171.42857142857,2188,8600,8,8,9,"{8,8,8,9}"
2017-03-26,MYPKG,"Port Klang",AUFRE,Fremantle,1,1,"ANL; APL; CMA CGM; COSCO; NYK; TS Lines",6,5,5253.4,496.4,5060,5506,7,7,7,{7}
2017-03-26,MYPKG,"Port Klang",BDCGP,Chittagong,9,9,"Advance Container Lines; ANL; APL; CMA CGM; COSCO; Gold Star Line; Hapag-Lloyd; K Line; MOL; NYK; OOCL; PIL; Samudera; SOL; Wan Hai; X-Press; Yang Ming",17,15,21397,2936,1577,2202,3,4,9,"{5,3,3,4,4,9,4,5,5}"
2017-03-26,MYPKG,"Port Klang",BRSPB,Sepetiba,1,1,"Alianca; ANL; CMA CGM; COSCO; Hamburg Sud; Hapag-Lloyd; Hyundai; NYK; UASC; ZIM",10,13,9256.84615384615,928.461538461538,8386,10500,20,20,20,{20}
2017-03-26,MYPKG,"Port Klang",CNFQG,Fuqing,1,1,"COSCO; Evergreen Line; K Line; MOL; PIL; Wan Hai",6,5,3381.2,420,4043,4363,6,6,6,{6}
2017-03-26,MYPKG,"Port Klang",CNSHA,Shanghai,1,1,"APL; CMA CGM; COSCO; Evergreen Line; OOCL",5,8,5662.875,243.625,5094,8100,7,7,7,{7}
2017-03-26,MYPKG,"Port Klang",CNSHK,Shekou,1,1,"APL; CMA CGM; COSCO; Evergreen Line; OOCL",5,10,6364.5,382,5618,7024,5,5,5,{5}
2017-03-26,MYPKG,"Port Klang",CNXMN,Xiamen,2,2,"APL; CMA CGM; COSCO; Evergreen Line; FESCO; OOCL; OPDR",7,23,26856.9924242424,1756.06060606061,10960,17859,5,5,5,"{5,5}"
2017-03-26,MYPKG,"Port Klang",GRPIR,Piraeus,1,1,"APL; CMA CGM; COSCO; Evergreen Line; OOCL",5,11,14195.8181818182,254.545454545455,13806,14354,13,13,13,{13}
2017-03-26,MYPKG,"Port Klang",HKHKG,"Hong Kong",4,4,"APL; CMA CGM; COSCO; CULines-China United Lines; Emirates Shipping; Evergreen Line; KMTC; OOCL; RCL; TS Lines; Wan Hai; X-Press",12,26,21848.625,2118.16666666667,4130,8452,4,5,5,"{4,5,5,5}"
2017-03-26,MYPKG,"Port Klang",INCCU,Kolkata,2,2,"Advance Container Lines; BTL-Bengal Tiger Line; Gold Star Line; K Line; PIL; Samudera; X-Press; ZIM",8,8,1677.66666666667,295.904761904762,608,1155,5,5.5,6,"{6,5}"
2017-03-26,MYPKG,"Port Klang",INCOK,Cochin,1,1,"Gold Star Line; ZIM",2,9,3885.33333333333,355.333333333333,4250,4644,5,5,5,{5}
2017-03-26,MYPKG,"Port Klang",INKAT,Kattupalli,1,1,"BTL-Bengal Tiger Line; CMA CGM; COSCO; Hyundai; Maersk Line; MOL; NYK; Samudera; X-Press",9,3,3765.66666666667,370.666666666667,2664,4380,5,5,5,{5}
2017-03-26,MYPKG,"Port Klang",INMAA,Chennai/Madras,5,5,"ANL; APL; BTL-Bengal Tiger Line; CMA CGM; COSCO; CULines-China United Lines; Gold Star Line; Hapag-Lloyd; Hyundai; K Line; MCC; MOL; NYK; RCL; Simatech; TS Lines; Wan Hai; X-Press; Yang Ming; ZIM",20,29,21142.4423076923,2475.32307692308,2474,5782,4,4,4,"{4,4,4,4,4}"
2017-03-26,MYPKG,"Port Klang",INNSA,"Mumbai (Nhava Sheva)",6,6,"APL; COSCO; CULines-China United Lines; Emirates Shipping; Evergreen Line; Gold Star Line; Hapag-Lloyd; Hyundai; IAL-Interasia Lines; K Line; KMTC; MOL; NYK; OOCL; PIL; Samudera; SCI-Shipping Corp. of India; Simatech; SITC Shipping; SM Line; TS Lines; Wan Hai; X-Press; Yang Ming; ZIM",25,37,29362.6904761905,3098.45238095238,4130,6589,5,6,8,"{5,8,6,6,6,6}"
2017-03-26,MYPKG,"Port Klang",KRPUS,Busan,1,1,"APL; CMA CGM; COSCO; Evergreen Line; OOCL",5,10,9126.3,902.4,8386,9443,9,9,9,{9}
2017-03-26,MYPKG,"Port Klang",LKCMB,Colombo,6,6,"APL; CMA CGM; COSCO; Emirates Shipping; Evergreen Line; Hapag-Lloyd; K Line; KMTC; MOL; NYK; OOCL; PIL; RCL; Simatech; Wan Hai; X-Press",16,46,29585.8514705882,2768.32521008403,2192,9289,3,4,4,"{3,4,4,3,4,4}"
2017-03-26,MYPKG,"Port Klang",MYPEN,Penang,6,6,"ANL; CMA CGM; CNC Line-Cheng Lie Navigation Co. Ltd.; COSCO; Evergreen Line; Heung-A; IAL-Interasia Lines; KMTC; Sinotrans; TS Lines; Wan Hai; Yang Ming",12,24,18022.75,2407.5,2200,4892,0,1,2,"{2,0,2,1,1,1}"
2017-03-26,MYPKG,"Port Klang",MYPGU,"Pasir Gudang, Johor",3,3,"Evergreen Line; Hyundai; IAL-Interasia Lines; KMTC; Sinokor; Wan Hai",6,12,7332.75,1000.5,2007,2700,1,1,2,"{1,1,2}"
2017-03-26,MYPKG,"Port Klang",MYTPP,"Tanjung Pelepas",2,2,"ANL; CMA CGM; CNC Line-Cheng Lie Navigation Co. Ltd.; COSCO; Emirates Shipping; Evergreen Line; NYK; OOCL; X-Press",9,9,5933,754.9,2700,4250,1,1.5,2,"{1,2}"
2017-03-26,MYPKG,"Port Klang",PGPOM,"Port Moresby",1,1,"Carpenters Shipping; Swire Shipping",2,2,5187,675,1728,1730,9,9,9,{9}
2017-03-26,MYPKG,"Port Klang",PKKHI,Karachi,2,2,"ANL; APL; CMA CGM; COSCO; Evergreen Line; K Line; PIL; Wan Hai",8,12,7319.5,698,4228,4832,6,6.5,7,"{6,7}"
2017-03-26,MYPKG,"Port Klang",SGSIN,Singapore,37,37,"Alianca; ANL; APL; BTL-Bengal Tiger Line; CMA CGM; CNC Line-Cheng Lie Navigation Co. Ltd.; COSCO; CULines-China United Lines; Emirates Shipping; Evergreen Line; Gold Star Line; Hamburg Sud; Hapag-Lloyd; Heung-A; Hyundai; IAL-Interasia Lines; K Line; KMTC; Maersk Line; MCC; MOL; NileDutch; NYK; OOCL; PIL; RCL; Safmarine; Samudera; SCI-Shipping Corp. of India; Simatech; Sinokor; SITC Shipping; SM Line; SOL; TS Lines; UASC; Unimed Feeder Services-UFS; Wan Hai; X-Press; Yang Ming; ZIM",41,216,186618.361910149,17849.8677009265,750,10700,0,1,3,"{1,1,2,1,1,0,1,1,1,2,1,0,1,2,0,0,2,0,2,2,1,1,1,2,2,0,0,2,1,1,1,1,0,1,3,1,2}"
2017-03-26,MYPKG,"Port Klang",TWKHH,Kaohsiung,1,1,"Yang Ming",1,7,2906.85714285714,185.714285714286,4662,5512,7,7,7,{7}
2017-03-26,MYPKG,"Port Klang",VNHPH,Haiphong,2,2,"APL; Wan Hai",2,5,2845,591.5,1061,1800,4,5,6,"{4,6}"
2017-03-26,MYPKG,"Port Klang",VNSGN,"Ho Chi Minh (VICT/Cat Lai)",1,1,"Wan Hai",1,4,1368,80,1368,1368,4,4,4,{4}
2017-03-26,MYPKG,"Port Klang",ZADUR,Durban,1,1,"Alianca; COSCO; Evergreen Line; Hamburg Sud; K Line; MOL; PIL",7,8,4773.625,460,4211,6350,13,13,13,{13}
2017-03-26,MYTMP,"Tanjung Manis",MYBTU,"Bintulu, Sarawak",1,1,"Evergreen Line",1,2,1391,228,1164,1618,0,0,0,{0}
2017-03-26,MYTPP,"Tanjung Pelepas",AEJEA,"Dubai, Jebel Ali",1,1,"Maersk Line; Safmarine",2,7,5854.85714285714,536.571428571429,6214,8110,9,9,9,{9}
2017-03-26,MYTPP,"Tanjung Pelepas",BDCGP,Chittagong,1,1,MCC,1,1,3512,700,1756,1756,4,4,4,{4}
2017-03-26,MYTPP,"Tanjung Pelepas",CNNGB,Ningbo,1,1,"Maersk Line; MCC; Safmarine",3,7,2767.71428571429,358,2546,3674,8,8,8,{8}
2017-03-26,MYTPP,"Tanjung Pelepas",CNSHA,Shanghai,2,2,"ANL; CMA CGM; Maersk Line; MCC; MSC; Safmarine; Seago Line",7,24,22611.3333333333,890.5,4496,19154,5,7.5,10,"{10,5}"
2017-03-26,MYTPP,"Tanjung Pelepas",CNSHK,Shekou,1,1,"COSCO; Evergreen Line; OOCL",3,8,7988.75,572.625,7024,8452,3,3,3,{3}
2017-03-26,MYTPP,"Tanjung Pelepas",CNTAO,Qingdao,1,1,"Maersk Line; MCC; Safmarine",3,6,4826,388.333333333333,4771,6800,8,8,8,{8}
2017-03-26,MYTPP,"Tanjung Pelepas",CNXMN,Xiamen,1,1,"ANL; CMA CGM; Maersk Line; MCC; Safmarine",5,12,4121.33333333333,137.5,4496,4496,8,8,8,{8}
2017-03-26,MYTPP,"Tanjung Pelepas",ESALG,Algeciras,1,1,"Alianca; Hamburg Sud; Hyundai; Maersk Line; MCC; MSC; Safmarine; Seago Line",8,11,16665.2727272727,818.181818181818,15550,19224,16,16,16,{16}
2017-03-26,MYTPP,"Tanjung Pelepas",HKHKG,"Hong Kong",1,1,"Alianca; ANL; CMA CGM; Hamburg Sud; Maersk Line; MCC; Safmarine",7,9,6749.88888888889,759.555555555556,6478,7450,4,4,4,{4}
2017-03-26,MYTPP,"Tanjung Pelepas",IDJKT,"Jakarta, Java",1,1,"Gold Star Line; MCC; ZIM",3,8,2911,465.25,2824,3586,4,4,4,{4}
2017-03-26,MYTPP,"Tanjung Pelepas",ILASH,Ashdod,1,1,"COSCO; Evergreen Line; OOCL",3,8,7988.75,572.625,7024,8452,12,12,12,{12}
2017-03-26,MYTPP,"Tanjung Pelepas",INMAA,Chennai/Madras,1,1,"Maersk Line; MCC; Safmarine",3,6,4826,388.333333333333,4771,6800,5,5,5,{5}
2017-03-26,MYTPP,"Tanjung Pelepas",LKCMB,Colombo,3,3,"Alianca; ANL; APL; CMA CGM; COSCO; Evergreen Line; Gold Star Line; Hamburg Sud; Hyundai; Maersk Line; MCC; MSC; OOCL; RCL; Safmarine; Seago Line; ZIM",17,24,32119.6753246753,1877.72727272727,5652,20000,3,4,5,"{4,5,3}"
2017-03-26,MYTPP,"Tanjung Pelepas",MAPTM,Tanger,1,1,"Alianca; Hamburg Sud; Hyundai; Maersk Line; MCC; MSC; Safmarine; Seago Line",8,12,17143.1666666667,600,18270,19272,15,15,15,{15}
2017-03-26,MYTPP,"Tanjung Pelepas",MUPLU,"Port Louis",1,1,"Alianca; ANL; CMA CGM; Hamburg Sud; Maersk Line; MCC; Safmarine",7,9,6749.88888888889,759.555555555556,6478,7450,8,8,8,{8}
2017-03-26,MYTPP,"Tanjung Pelepas",MYBTU,"Bintulu, Sarawak",1,1,"Evergreen Line; Yang Ming",2,7,2564.14285714286,322.285714285714,2450,2742,1,1,1,{1}
2017-03-26,MYTPP,"Tanjung Pelepas",MYKUA,Kuantan,1,1,"Evergreen Line; Yang Ming",2,4,2574.75,430,2474,2741,0,0,0,{0}
2017-03-26,MYTPP,"Tanjung Pelepas",MYPKG,"Port Klang",2,2,"APL; CMA CGM; COSCO; Emirates Shipping; Evergreen Line; MOL; NYK; OOCL; X-Press",9,18,16703.8181818182,541.688311688312,2192,14354,0,1,2,"{2,0}"
2017-03-26,MYTPP,"Tanjung Pelepas",NGAPP,Apapa,1,1,"ANL; CMA CGM; Maersk Line; MCC; Safmarine",5,12,4121.33333333333,137.5,4496,4496,22,22,22,{22}
2017-03-26,MYTPP,"Tanjung Pelepas",NLRTM,Rotterdam,1,1,"Maersk Line; MCC; MSC; Safmarine; Seago Line",5,12,18343.6666666667,550,18270,19154,18,18,18,{18}
2017-03-26,MYTPP,"Tanjung Pelepas",PGPOM,"Port Moresby",1,1,"Maersk Line",1,2,2874.85714285714,565.714285714286,1118,1118,13,13,13,{13}
2017-03-26,MYTPP,"Tanjung Pelepas",PTSIE,Sines,1,1,"Alianca; Hamburg Sud; Hyundai; Maersk Line; MCC; MSC; Safmarine; Seago Line",8,16,12582.875,775,13092,15550,17,17,17,{17}
2017-03-26,MYTPP,"Tanjung Pelepas",REPDG,"Reunion Island",1,1,"ANL; CMA CGM; Maersk Line; Safmarine",4,8,1832.5,301.25,2262,2506,9,9,9,{9}
2017-03-26,MYTPP,"Tanjung Pelepas",SGSIN,Singapore,15,14,"Alianca; ANL; APL; CMA CGM; CNC Line-Cheng Lie Navigation Co. Ltd.; COSCO; Emirates Shipping; Evergreen Line; Gold Star Line; Hamburg Sud; Hapag-Lloyd; Hyundai; Maersk Line; MCC; MOL; MSC; NileDutch; NYK; OOCL; PIL; Safmarine; X-Press; ZIM",23,115,72475.5408008658,7259.42878787879,1713,14354,0,1,1,"{0,1,1,1,1,1,1,1,0,0,0,1,1,1,1}"
2017-03-26,MYTPP,"Tanjung Pelepas",TGLFW,Lome,1,1,"ANL; CMA CGM; Maersk Line; MCC; Safmarine",5,12,4267.66666666667,340.5,4496,5466,22,22,22,{22}
2017-03-26,MYTPP,"Tanjung Pelepas",THLCH,"Laem Chabang",2,2,"CMA CGM; CNC Line-Cheng Lie Navigation Co. Ltd.; COSCO; Emirates Shipping; Evergreen Line; MOL; NYK; X-Press",8,10,6871,887.142857142857,2192,4363,3,4,5,"{5,3}"
2017-03-26,MYTPP,"Tanjung Pelepas",VNDAD,"Da Nang",1,1,"Evergreen Line",1,3,1163.33333333333,133.333333333333,1162,1164,3,3,3,{3}
2017-03-26,MYTPP,"Tanjung Pelepas",VNSGN,"Ho Chi Minh (VICT/Cat Lai)",1,1,"MCC; SASCO",2,7,1085.71428571429,214,1022,1118,4,4,4,{4}
2017-03-26,MYTPP,"Tanjung Pelepas",VNVUT,"Cai Mep (near Ho Chi Minh)",1,1,"Maersk Line; MCC; MSC; Safmarine",4,15,9141.2,733.333333333333,9034,13102,3,3,3,{3}
2017-03-26,MYTWU,"Tawau Sabah",MYBKI,"Kota Kinabalu, Sabah",1,1,"Evergreen Line",1,2,1714,362,1714,1714,2,2,2,{2}
2017-03-26,MZBEW,Beira,MZMNC,Nacala,2,2,"ANL; CMA CGM; Maersk Line; MOL; PIL; Safmarine",6,17,3663.5,543.25,1728,2506,2,5,8,"{2,8}"
2017-03-26,MZMNC,Nacala,MUPLU,"Port Louis",1,1,"ANL; CMA CGM; Maersk Line; Safmarine",4,8,1832.5,301.25,2262,2506,10,10,10,{10}
2017-03-26,MZMNC,Nacala,SGSIN,Singapore,1,1,"MOL; PIL",2,9,1831,242,1728,2135,13,13,13,{13}
2017-03-26,MZMPM,Maputo,MZBEW,Beira,2,2,"ANL; CMA CGM; Maersk Line; MOL; PIL; Safmarine",6,17,3663.5,543.25,1728,2506,2,3.5,5,"{2,5}"
2017-03-26,NAWVB,"Walvis Bay",BJCOO,Cotonou,1,1,"ANL; CMA CGM; Maersk Line; MCC; Safmarine",5,12,4317.41666666667,353,4253,4395,5,5,5,{5}
2017-03-26,NAWVB,"Walvis Bay",GNCKY,Conakry,1,1,"Maersk Line; Safmarine; Seago Line",3,7,2401.71428571429,336,2478,3586,9,9,9,{9}
2017-03-26,NAWVB,"Walvis Bay",MYTPP,"Tanjung Pelepas",1,1,"ANL; CMA CGM; Maersk Line; MCC; Safmarine",5,12,4267.66666666667,340.5,4496,5466,19,19,19,{19}
2017-03-26,NCNOU,Noumea,AUBNE,Brisbane,3,3,"ANL; CMA CGM; Maersk Line; Marfret; PDL-Pacific Direct Line; Sofrana ANL",6,9,14659.1428571429,2705.14285714286,844,3100,2,3,3,"{2,3,3}"
2017-03-26,NCNOU,Noumea,FJLTK,Lautoka,2,2,"Swire Shipping",1,2,18345.1428571429,3171.42857142857,1728,2339,1,1.5,2,"{1,2}"
2017-03-26,NCNOU,Noumea,HKHKG,"Hong Kong",1,1,"ANL; APL; COSCO; OOCL; PDL-Pacific Direct Line; PIL",6,7,3732.57142857143,396.857142857143,4132,4578,11,11,11,{11}
2017-03-26,NCNOU,Noumea,NCPNY,"Prony Bay",1,1,"Swire Shipping",1,2,1840,411.428571428571,734,876,1,1,1,{1}
2017-03-26,NCNOU,Noumea,NZAKL,Auckland,1,1,MSC,1,3,1116.66666666667,220,1114,1118,4,4,4,{4}
2017-03-26,NCNOU,Noumea,NZNSN,Nelson,1,1,Seatrade,1,8,3397.32142857143,785.714285714286,2268,2602,3,3,3,{3}
2017-03-26,NCNOU,Noumea,VUVLI,"Port Vila",1,1,"NPL-Neptune Pacific Line; PDL-Pacific Direct Line; Sofrana ANL",3,2,1684,200,777,907,2,2,2,{2}
2017-03-26,NCPNY,"Prony Bay",FJLTK,Lautoka,1,1,"Swire Shipping",1,2,1840,411.428571428571,734,876,2,2,2,{2}
2017-03-26,NGAPP,Apapa,BJCOO,Cotonou,1,1,"ANL; CMA CGM; PIL",3,10,3148.3,404.1,1697,4308,0,0,0,{0}
2017-03-26,NGAPP,Apapa,CMDLA,Douala,1,1,"ANL; CMA CGM; Maersk Line; MCC; Safmarine",5,12,4317.41666666667,353,4253,4395,2,2,2,{2}
2017-03-26,NGAPP,Apapa,MYTPP,"Tanjung Pelepas",1,1,"ANL; CMA CGM; Maersk Line; MCC; Safmarine",5,12,4121.33333333333,137.5,4496,4496,26,26,26,{26}
2017-03-26,NGAPP,Apapa,NGTIN,"Lagos, Tin Can",5,5,"ANL; CMA CGM; DAL-Deutsche Afrika Linien; Maersk Line; MCC; Safmarine; UAFL-United Africa Feeder Line; UASC",8,36,15553.9333333333,1899.4,2474,4644,0,1,3,"{3,1,0,1,2}"
2017-03-26,NGONN,Onne,GALBV,Libreville,1,1,"Maersk Line; Safmarine",2,7,2024.14285714286,270,1835,2500,5,5,5,{5}
2017-03-26,NGONN,Onne,GAPOG,"Port Gentil",1,1,"CMA CGM; Marguisa; UASC",3,8,3145.5,506.25,2697,3600,2,2,2,{2}
2017-03-26,NGONN,Onne,MYPKG,"Port Klang",1,1,PIL,1,12,3566.75,,3889,3900,19,19,19,{19}
2017-03-26,NGONN,Onne,NGAPP,Apapa,1,1,"ANL; CMA CGM; Maersk Line; MCC; Safmarine",5,12,4121.33333333333,137.5,4496,4496,3,3,3,{3}
2017-03-26,NGTIN,"Lagos, Tin Can",BJCOO,Cotonou,1,1,PIL,1,12,3566.75,,3889,3900,0,0,0,{0}
2017-03-26,NGTIN,"Lagos, Tin Can",CMDLA,Douala,1,1,"Maersk Line; Safmarine",2,5,2852.8,524.8,2478,3586,3,3,3,{3}
2017-03-26,NGTIN,"Lagos, Tin Can",GHTEM,Tema,4,4,"Arkas Line; CMA CGM; COSCO; Gold Star Line; Hapag-Lloyd; Messina; MSC; PIL; UASC; ZIM",10,28,11568.5833333333,1194.33333333333,2452,4506,1,1,3,"{1,1,3,1}"
2017-03-26,NGTIN,"Lagos, Tin Can",GHTKD,Takoradi,1,1,"Maersk Line; Safmarine",2,5,1980.8,338,2474,2478,2,2,2,{2}
2017-03-26,NGTIN,"Lagos, Tin Can",NGAPP,Apapa,1,1,"ANL; CMA CGM; PIL",3,10,3148.3,404.1,1697,4308,0,0,0,{0}
2017-03-26,NGTIN,"Lagos, Tin Can",NGONN,Onne,1,1,"ANL; CMA CGM; Maersk Line; MCC; Safmarine",5,12,4121.33333333333,137.5,4496,4496,1,1,1,{1}
2017-03-26,NGTIN,"Lagos, Tin Can",ZAPLZ,"Port Elizabeth",1,1,"DAL-Deutsche Afrika Linien; Maersk Line; Safmarine; UAFL-United Africa Feeder Line",4,10,4126,527.6,3426,4644,12,12,12,{12}
2017-03-26,NICIO,Corinto,COBUN,Buenaventura,1,1,"Alianca; CCNI; Hamburg Sud",3,4,1819,467,1819,1819,2,2,2,{2}
2017-03-26,NICIO,Corinto,CRCAL,"Puerto Caldera",2,2,"Alianca; CMA CGM; Evergreen Line; Hamburg Sud; Hapag-Lloyd; NYK; X-Press",7,6,4587.5,779.75,1795,2664,1,2,3,"{3,1}"
2017-03-26,NICIO,Corinto,PABLB,Balboa,1,1,"APL; Maersk Line; MSC; SeaLand",4,6,2511.5,556.666666666667,2339,2546,1,1,1,{1}
2017-03-26,NICIO,Corinto,SVAQJ,Acajutla,1,1,"APL; Maersk Line; MSC; SeaLand",4,6,2511.5,556.666666666667,2339,2546,1,1,1,{1}
2017-03-26,NLMOE,Moerdijk,NLRTM,Rotterdam,1,1,"MSC; WEC Lines",2,2,1008,150,1008,1008,0,0,0,{0}
2017-03-26,NLRTM,Rotterdam,BEANR,Antwerp,7,7,"ACL-Atlantic Container Line; APL; CMA CGM; COSCO; Evergreen Line; Hapag-Lloyd; Maersk Line; MSC; OOCL; OPDR; Seago Line; SeaLand; Team Lines; UASC; Unifeeder; X-Press",16,40,25752.25,4106.79166666667,868,9200,0,1,1,"{1,1,1,0,0,1,1}"
2017-03-26,NLRTM,Rotterdam,BEZEE,Zeebrugge,1,1,"APL; CMA CGM; COSCO; Evergreen Line; FESCO; OOCL; OPDR",7,12,15220.0833333333,983.333333333333,13880,17859,1,1,1,{1}
2017-03-26,NLRTM,Rotterdam,DEBRV,Bremerhaven,13,13,"ACL-Atlantic Container Line; Alianca; ANL; APL; Borchard Lines Ltd; CMA CGM; COSCO; Eimskip; Evergreen Line; Hamburg Sud; Hapag-Lloyd; Hyundai; K Line; Maersk Line; MCC; MOL; MSC; NYK; OOCL; Safmarine; Seago Line; SeaLand; Turkon; UASC; Unifeeder; X-Press; Yang Ming; ZIM",28,64,69111.2285714286,5974.24285714286,868,19154,0,1,2,"{1,1,1,1,1,2,1,2,0,1,1,1,2}"
2017-03-26,NLRTM,Rotterdam,DEHAM,Hamburg,13,13,"ACL-Atlantic Container Line; Alianca; ANL; APL; CMA CGM; COSCO; DAL-Deutsche Afrika Linien; Evergreen Line; FESCO; Hamburg Sud; Hapag-Lloyd; K Line; Maersk Line; MOL; MSC; NYK; OOCL; OPDR; Safmarine; Seago Line; SeaLand; Stinnes; UASC; Yang Ming; ZIM",25,104,100974.892604618,6799.0487012987,868,14993,0,1,3,"{2,1,0,1,1,2,3,1,1,1,1,2,1}"
2017-03-26,NLRTM,Rotterdam,DEKEL,Kiel,1,1,"ANL; CMA CGM; Evergreen Line; FESCO; Hapag-Lloyd; OOCL; Team Lines; Unifeeder; X-Press",9,3,1068.66666666667,245.333333333333,1036,1085,1,1,1,{1}
2017-03-26,NLRTM,Rotterdam,DKAAL,Aalborg,1,1,"Evergreen Line; OPDR; X-Press",3,1,698,128,698,698,3,3,3,{3}
2017-03-26,NLRTM,Rotterdam,ESALG,Algeciras,3,3,"Alianca; DAL-Deutsche Afrika Linien; Hamburg Sud; Hyundai; Maersk Line; MCC; MOL; MSC; Safmarine; Seago Line",10,27,33845.2727272727,3280.68181818182,6350,19224,2,4,4,"{2,4,4}"
2017-03-26,NLRTM,Rotterdam,ESBIO,Bilbao,3,3,"ANL; CMA CGM; COSCO; Evergreen Line; MacAndrews; OPDR; Samskip; Team Lines; X-Press",9,3,3220,510,681,1730,2,2,3,"{3,2,2}"
2017-03-26,NLRTM,Rotterdam,ESVGO,Vigo,1,1,"MSC; WEC Lines",2,2,1008,150,1008,1008,2,2,2,{2}
2017-03-26,NLRTM,Rotterdam,ESVLC,Valencia,1,1,"MSC; WEC Lines; ZIM",3,5,6911.4,620,6673,7455,5,5,5,{5}
2017-03-26,NLRTM,Rotterdam,FIHEL,Helsinki,2,1,"CMA CGM; Evergreen Line; Hapag-Lloyd; OOCL; Unifeeder",5,6,1966,487.333333333333,877,1036,4,4,4,"{4,4}"
2017-03-26,NLRTM,Rotterdam,FRDKK,Dunkirk,3,3,"ANL; BG Freight Line; CMA CGM; Marfret; Seago Line; Seatrade",6,16,9940.17857142857,2148,822,3100,1,1,1,"{1,1,1}"
2017-03-26,NLRTM,Rotterdam,FRLEH,"Le Havre",3,3,"ANL; CMA CGM; Hapag-Lloyd; K Line; Marfret; MOL; NYK; OPDR; UASC; Yang Ming",10,31,25655.1923076923,1291.92307692308,1678,20150,0,1,1,"{0,1,1}"
2017-03-26,NLRTM,Rotterdam,FRURO,Rouen,2,2,"CMA CGM; OPDR; StreamLines",3,11,2417.7,643.1,868,2122,1,1,1,"{1,1}"
2017-03-26,NLRTM,Rotterdam,GBFXT,Felixstowe,5,5,"APL; BG Freight Line; CMA CGM; COSCO; Evergreen Line; Hapag-Lloyd; OOCL; Seago Line; Tschudi Express; Unifeeder",10,25,31021.6181818182,1567.04545454545,508,14354,0,1,2,"{0,1,1,1,2}"
2017-03-26,NLRTM,Rotterdam,GBGRG,Grangemouth,2,2,"BG Freight Line; CMA CGM; Hapag-Lloyd; Samskip; Seago Line",5,2,1242,210,340,902,1,1.5,2,"{1,2}"
2017-03-26,NLRTM,Rotterdam,GBIMM,Immingham,2,2,"Eimskip; K Line; Unifeeder",3,6,1690.5,380,809,875,1,1.5,2,"{2,1}"
2017-03-26,NLRTM,Rotterdam,GBLGP,"London Gateway",5,5,"Alianca; ANL; CMA CGM; COSCO; DAL-Deutsche Afrika Linien; Hamburg Sud; Hapag-Lloyd; Maersk Line; MOL; MSC; Safmarine; Seago Line; UASC",13,39,34673.5416666667,5844.63888888889,2260,10589,1,1,2,"{2,1,1,1,1}"
2017-03-26,NLRTM,Rotterdam,GBSOU,Southampton,1,1,"Alianca; Hamburg Sud; Hyundai; Maersk Line; MCC; MSC; Safmarine; Seago Line",8,11,16857.8181818182,582.727272727273,15550,20000,1,1,1,{1}
2017-03-26,NLRTM,Rotterdam,GBTIL,Tilbury,4,4,"BG Freight Line; CMA CGM; DAL-Deutsche Afrika Linien; Hapag-Lloyd; Maersk Line; MSC; OPDR; Safmarine; Samskip; SeaLand; WEC Lines",11,16,11180.4,697.8,340,9400,0,1,2,"{1,0,2,1}"
2017-03-26,NLRTM,Rotterdam,IEDUB,Dublin,8,8,"APL; BG Freight Line; COSCO; Eucon; Evergreen Line; Hapag-Lloyd; OOCL; Samskip; X-Press; Yang Ming",10,8,8247,1798.28571428571,803,1036,1,2,3,"{2,3,2,1,2,1,2,2}"
2017-03-26,NLRTM,Rotterdam,IEORK,Cork,1,1,"BG Freight Line; CMA CGM; COSCO; Eucon; OOCL; X-Press",6,1,868,234,868,868,3,3,3,{3}
2017-03-26,NLRTM,Rotterdam,LKCMB,Colombo,1,1,"APL; CMA CGM; COSCO; Evergreen Line; OOCL",5,10,13860.8,720,13806,14354,19,19,19,{19}
2017-03-26,NLRTM,Rotterdam,LTKLJ,"Klaipeda
",1,1,"Evergreen Line; Hapag-Lloyd; OOCL; Unifeeder; X-Press",5,3,970.666666666667,212.666666666667,868,1036,3,3,3,{3}
2017-03-26,NLRTM,Rotterdam,LVRIX,Riga,1,1,"Evergreen Line; Hapag-Lloyd; OOCL; Unifeeder; X-Press",5,3,970.666666666667,212.666666666667,868,1036,3,3,3,{3}
2017-03-26,NLRTM,Rotterdam,MACAS,Casablanca,1,1,"Seago Line",1,3,868,234,868,868,4,4,4,{4}
2017-03-26,NLRTM,Rotterdam,MAPTM,Tanger,1,1,"Alianca; Hamburg Sud; Hyundai; Maersk Line; MCC; MSC; Safmarine; Seago Line",8,11,16857.8181818182,582.727272727273,15550,20000,4,4,4,{4}
2017-03-26,NLRTM,Rotterdam,NODRM,Drammen,1,1,"COSCO; Evergreen Line; Tschudi Express; Unifeeder",4,1,750,170,750,750,1,1,1,{1}
2017-03-26,NLRTM,Rotterdam,NOMSS,Moss,1,1,"ANL; CMA CGM; OPDR",3,1,822,150,822,822,4,4,4,{4}
2017-03-26,NLRTM,Rotterdam,NOOSL,Oslo,3,3,"CMA CGM; COSCO; Evergreen Line; Hapag-Lloyd; Samskip; Team Lines; Unifeeder; X-Press; Yang Ming",9,3,2730,594,750,1008,2,2,3,"{3,2,2}"
2017-03-26,NLRTM,Rotterdam,PLGDN,Gdansk,1,1,"APL; CMA CGM; COSCO; Evergreen Line; OOCL",5,11,13171.2727272727,853,8063,19100,2,2,2,{2}
2017-03-26,NLRTM,Rotterdam,PTLEI,Leixoes,3,2,"ANL; CMA CGM; Evergreen Line; MacAndrews; OPDR; Samskip; X-Press",7,8,2304.66666666667,480,698,804,3,3,5,"{5,3,3}"
2017-03-26,NLRTM,Rotterdam,PTLIS,Lisbon,1,1,"K Line; Unifeeder",2,4,815.5,150,809,822,4,4,4,{4}
2017-03-26,NLRTM,Rotterdam,PTSET,Setubal,1,1,"CMA CGM; OPDR",2,3,698,120,698,698,4,4,4,{4}
2017-03-26,NLRTM,Rotterdam,RULED,"St Petersburg",6,6,"ANL; CMA CGM; FESCO; OPDR; SCA Logistics; Sea Connect; Seago Line; StreamLines",8,15,7008.21428571429,1478.21428571429,660,1719,4,4,6,"{5,4,4,4,6,4}"
2017-03-26,NLRTM,Rotterdam,SEGOT,Gothenburg,1,1,"COSCO; Evergreen Line; Hapag-Lloyd; Samskip; Unifeeder",5,1,809,150,809,809,2,2,2,{2}
2017-03-26,NLRTM,Rotterdam,SEHEL,Helsingborg,2,2,"K Line; MSC; Unifeeder",3,5,2255.5,581,809,1440,2,2,2,"{2,2}"
2017-03-26,NLRTM,Rotterdam,SGSIN,Singapore,1,1,"Alianca; Hamburg Sud; Hyundai; Maersk Line; MCC; MSC; Safmarine; Seago Line",8,12,17143.1666666667,600,18270,19272,22,22,22,{22}
2017-03-26,NLRTM,Rotterdam,USBOS,"Boston MA",1,1,"ACL-Atlantic Container Line; Hapag-Lloyd; Maersk Line; MSC",4,7,4112,1300,4112,4112,7,7,7,{7}
2017-03-26,NLVLI,Flushing,FRDKK,Dunkirk,1,1,"CMA CGM; COSCO; NileDutch; OPDR; UASC",5,6,3592.5,499.833333333333,3421,3650,0,0,0,{0}
2017-03-26,NLVLI,Flushing,NLRTM,Rotterdam,1,1,Eimskip,1,2,875,230,875,875,2,2,2,{2}
2017-03-26,NOAES,Aalesund,NOMAY,Maaloey,1,1,"Seago Line",1,1,862,204,862,862,0,0,0,{0}
2017-03-26,NOBGO,Bergen,NOFRO,Floroe,1,1,"Seago Line",1,1,862,204,862,862,0,0,0,{0}
2017-03-26,NOBVK,Brevik,NLRTM,Rotterdam,1,1,"ANL; CMA CGM; OPDR",3,1,822,150,822,822,0,0,0,{0}
2017-03-26,NOBVK,Brevik,NOFRK,Fredrikstad,1,1,"COSCO; Evergreen Line; Hapag-Lloyd; Samskip; Team Lines; Unifeeder",6,1,750,190,750,750,1,1,1,{1}
2017-03-26,NODRM,Drammen,DEHAM,Hamburg,1,1,"CMA CGM; Team Lines; Tschudi Express; Unifeeder",4,1,809,150,809,809,2,2,2,{2}
2017-03-26,NODRM,Drammen,NOKRS,Kristiansand,1,1,"Seago Line",1,1,862,204,862,862,1,1,1,{1}
2017-03-26,NODRM,Drammen,NOLAR,"Larvik ",1,1,"COSCO; Evergreen Line; Tschudi Express; Unifeeder",4,1,750,170,750,750,2,2,2,{2}
2017-03-26,NOEGE,Egersund,NOFUS,Fusa,1,1,"Seago Line",1,1,862,204,862,862,0,0,0,{0}
2017-03-26,NOFRK,Fredrikstad,NLRTM,Rotterdam,1,1,"COSCO; Evergreen Line; Hapag-Lloyd; Samskip; Team Lines; Unifeeder",6,1,750,190,750,750,2,2,2,{2}
2017-03-26,NOFRK,Fredrikstad,NOLAR,"Larvik ",1,1,"CMA CGM; Evergreen Line; Hapag-Lloyd; Team Lines; Unifeeder",5,1,868,300,868,868,0,0,0,{0}
2017-03-26,NOFRK,Fredrikstad,NOMSS,Moss,1,1,"Seago Line",1,1,868,150,868,868,1,1,1,{1}
2017-03-26,NOFRK,Fredrikstad,SEHAD,Halmstad,1,1,Eimskip,1,2,698,120,698,698,1,1,1,{1}
2017-03-26,NOFRO,Floroe,NOFUS,Fusa,1,1,"Seago Line",1,1,862,204,862,862,0,0,0,{0}
2017-03-26,NOFUS,Fusa,NOAES,Aalesund,1,1,"Seago Line",1,1,862,204,862,862,1,1,1,{1}
2017-03-26,NOFUS,Fusa,NOSVG,Stavanger,1,1,"Seago Line",1,1,862,204,862,862,0,0,0,{0}
2017-03-26,NOKRS,Kristiansand,BEANR,Antwerp,1,1,MSC,1,1,1304,258,1304,1304,2,2,2,{2}
2017-03-26,NOKRS,Kristiansand,DEBRV,Bremerhaven,1,1,"Seago Line",1,1,862,204,862,862,1,1,1,{1}
2017-03-26,NOKRS,Kristiansand,DEHAM,Hamburg,1,1,"CMA CGM; Evergreen Line; Hapag-Lloyd; Team Lines; Unifeeder",5,1,868,300,868,868,1,1,1,{1}
2017-03-26,NOKRS,Kristiansand,NLRTM,Rotterdam,2,2,"CMA CGM; COSCO; Evergreen Line; Hapag-Lloyd; Samskip; Team Lines; Unifeeder",7,2,1781,320,809,972,2,2,2,"{2,2}"
2017-03-26,NOLAR,"Larvik ",DEBRV,Bremerhaven,1,1,"Seago Line",1,1,868,150,868,868,1,1,1,{1}
2017-03-26,NOLAR,"Larvik ",NOKRS,Kristiansand,3,3,"CMA CGM; COSCO; Evergreen Line; Hapag-Lloyd; MSC; Samskip; Team Lines; Unifeeder",8,3,3144,728,868,1304,1,1,1,"{1,1,1}"
2017-03-26,NOLAR,"Larvik ",NOMSS,Moss,1,1,"COSCO; Evergreen Line; Tschudi Express; Unifeeder",4,1,750,170,750,750,0,0,0,{0}
2017-03-26,NOMAY,Maaloey,DEBRV,Bremerhaven,1,1,"Seago Line",1,1,862,204,862,862,4,4,4,{4}
2017-03-26,NOMSS,Moss,NOBVK,Brevik,1,1,"ANL; CMA CGM; OPDR",3,1,822,150,822,822,0,0,0,{0}
2017-03-26,NOMSS,Moss,NOLAR,"Larvik ",1,1,"Seago Line",1,1,868,150,868,868,1,1,1,{1}
2017-03-26,NOMSS,Moss,NOOSL,Oslo,1,1,"ANL; CMA CGM; OPDR",3,1,822,150,822,822,0,0,0,{0}
2017-03-26,NOMSS,Moss,SEGOT,Gothenburg,1,1,"COSCO; Evergreen Line; Tschudi Express; Unifeeder",4,1,750,170,750,750,1,1,1,{1}
2017-03-26,NOOSL,Oslo,NOBVK,Brevik,1,1,"COSCO; Evergreen Line; Hapag-Lloyd; Samskip; Team Lines; Unifeeder",6,1,750,190,750,750,1,1,1,{1}
2017-03-26,NOOSL,Oslo,NOFRK,Fredrikstad,2,2,"CMA CGM; Evergreen Line; Hapag-Lloyd; Seago Line; Team Lines; Unifeeder",6,2,1736,450,868,868,0,0.5,1,"{1,0}"
2017-03-26,NOOSL,Oslo,NOLAR,"Larvik ",1,1,"CMA CGM; COSCO; Evergreen Line; Hapag-Lloyd; Samskip; Team Lines; Unifeeder",7,1,972,170,972,972,1,1,1,{1}
2017-03-26,NOOSL,Oslo,NOMSS,Moss,1,1,"ANL; CMA CGM; OPDR",3,1,822,150,822,822,1,1,1,{1}
2017-03-26,NOOSL,Oslo,SEGOT,Gothenburg,1,1,"COSCO; Evergreen Line; X-Press; Yang Ming",4,1,1008,234,1008,1008,1,1,1,{1}
2017-03-26,NOOSL,Oslo,SEVAG,Varberg,1,1,Hapag-Lloyd,1,1,648,150,648,648,1,1,1,{1}
2017-03-26,NOSVG,Stavanger,NOBGO,Bergen,1,1,"Seago Line",1,1,862,204,862,862,1,1,1,{1}
2017-03-26,NZAKL,Auckland,AUBNE,Brisbane,1,1,MSC,1,7,3175.71428571429,500,2650,3534,4,4,4,{4}
2017-03-26,NZAKL,Auckland,AUMEL,Melbourne,1,1,"Alianca; ANL; CMA CGM; Hamburg Sud; Hapag-Lloyd; MSC; PDL-Pacific Direct Line; PIL",8,7,3689.71428571429,496.285714285714,3534,3884,5,5,5,{5}
2017-03-26,NZAKL,Auckland,AUSYD,Sydney,1,1,"Alianca; CMA CGM; Hamburg Sud; Hapag-Lloyd; Maersk Line; MSC; SeaLand",7,10,3510.4,741.1,3000,4250,3,3,3,{3}
2017-03-26,NZAKL,Auckland,FJSUV,Suva,2,2,"Alianca; ANL; CMA CGM; Hamburg Sud; Hapag-Lloyd; Maersk Line; NPL-Neptune Pacific Line; PDL-Pacific Direct Line; Sofrana ANL",9,6,6581,1015,907,2742,4,4.5,5,"{4,5}"
2017-03-26,NZAKL,Auckland,MYTPP,"Tanjung Pelepas",1,1,"Hapag-Lloyd; Maersk Line",2,6,2913.83333333333,493,2824,3003,13,13,13,{13}
2017-03-26,NZAKL,Auckland,NCNOU,Noumea,2,2,"Maersk Line; PDL-Pacific Direct Line; Sofrana ANL",3,2,8938.28571428571,1542.85714285714,844,894,4,4.5,5,"{5,4}"
2017-03-26,NZAKL,Auckland,NZLYT,Lyttelton,2,2,"Alianca; ANL; APL; CMA CGM; COSCO; Hamburg Sud; Hapag-Lloyd; MOL; NYK; OOCL; PIL",11,12,8771.16666666667,994.666666666667,3765,5042,2,2,2,"{2,2}"
2017-03-26,NZAKL,Auckland,NZPOE,"Port Chalmers",1,1,"ANL; APL; COSCO; OOCL; PDL-Pacific Direct Line; PIL",6,7,3732.57142857143,396.857142857143,4132,4578,4,4,4,{4}
2017-03-26,NZAKL,Auckland,NZTRG,Tauranga,3,3,"MSC; Swire Shipping",2,5,19461.8095238095,3391.42857142857,1114,2339,0,0,0,"{0,0,0}"
2017-03-26,NZAKL,Auckland,NZWLG,Wellington,1,1,"ANL; CMA CGM",2,3,1740,298.666666666667,1740,1740,2,2,2,{2}
2017-03-26,NZAKL,Auckland,PAMIT,Manzanillo,1,1,"Alianca; CMA CGM; Hamburg Sud; Hapag-Lloyd; Maersk Line; MSC; SeaLand",7,10,3510.4,741.1,3000,4250,16,16,16,{16}
2017-03-26,NZAKL,Auckland,PFPPT,"Papeete, Tahiti",1,1,"PDL-Pacific Direct Line; Swire Shipping",2,1,1776,228.571428571429,777,777,6,6,6,{6}
2017-03-26,NZAKL,Auckland,TOTBU,Nuku'alofa,1,1,"PDL-Pacific Direct Line; PIL; Sofrana ANL",3,1,1876,200,938,938,3,3,3,{3}
2017-03-26,NZBLU,Bluff,NZPOE,"Port Chalmers",1,1,MSC,1,7,3175.71428571429,500,2650,3534,1,1,1,{1}
2017-03-26,NZLYT,Lyttelton,NZNPE,Napier,2,2,"Alianca; ANL; APL; COSCO; Hamburg Sud; Hapag-Lloyd; MOL; NYK; OOCL; PDL-Pacific Direct Line; PIL",11,13,7844.90476190476,1023.19047619048,3765,4578,1,1,1,"{1,1}"
2017-03-26,NZLYT,Lyttelton,NZNSN,Nelson,2,2,"ANL; CMA CGM; MSC",3,10,4915.71428571429,798.666666666667,1740,3534,1,1,1,"{1,1}"
2017-03-26,NZLYT,Lyttelton,NZPOE,"Port Chalmers",1,1,"Hapag-Lloyd; Maersk Line; MOL",3,5,4258,1101.8,4258,4258,2,2,2,{2}
2017-03-26,NZLYT,Lyttelton,NZTIU,Timaru,1,1,"Maersk Line",1,3,1242,245.333333333333,1118,1304,0,0,0,{0}
2017-03-26,NZLYT,Lyttelton,NZWLG,Wellington,1,1,"ANL; APL; CMA CGM; COSCO; OOCL; PIL",6,6,4658.83333333333,368.333333333333,4255,5042,1,1,1,{1}
2017-03-26,NZLYT,Lyttelton,PAMIT,Manzanillo,1,1,"ANL; CMA CGM; Marfret",3,7,5720.85714285714,1162.28571428571,2797,3100,16,16,16,{16}
2017-03-26,NZMAP,"Marsden Point",NZAKL,Auckland,1,1,"Swire Shipping",1,1,10692.5714285714,2285.71428571429,2339,2339,0,0,0,{0}
2017-03-26,NZNPE,Napier,NZLYT,Lyttelton,1,1,"ANL; CMA CGM; Marfret",3,7,5720.85714285714,1162.28571428571,2797,3100,1,1,1,{1}
2017-03-26,NZNPE,Napier,NZTRG,Tauranga,7,7,"Alianca; ANL; APL; CMA CGM; COSCO; Hamburg Sud; Hapag-Lloyd; Maersk Line; MOL; MSC; NYK; OOCL; PDL-Pacific Direct Line; PIL; SeaLand; Seatrade",16,50,25501.0071428571,3911.3380952381,2268,5042,0,1,2,"{1,2,0,2,0,1,0}"
2017-03-26,NZNSN,Nelson,NZNPE,Napier,1,1,Seatrade,1,8,3397.32142857143,785.714285714286,2268,2602,2,2,2,{2}
2017-03-26,NZNSN,Nelson,NZTIU,Timaru,1,1,"Hapag-Lloyd; Maersk Line",2,6,2913.83333333333,493,2824,3003,2,2,2,{2}
2017-03-26,NZNSN,Nelson,NZTRG,Tauranga,1,1,"ANL; CMA CGM",2,3,1740,298.666666666667,1740,1740,2,2,2,{2}
2017-03-26,NZNSN,Nelson,NZWLG,Wellington,1,1,MSC,1,7,3175.71428571429,500,2650,3534,1,1,1,{1}
2017-03-26,NZPOE,"Port Chalmers",MYTPP,"Tanjung Pelepas",1,1,"Hapag-Lloyd; Maersk Line; MOL",3,5,4258,1101.8,4258,4258,13,13,13,{13}
2017-03-26,NZPOE,"Port Chalmers",NZLYT,Lyttelton,1,1,"ANL; APL; COSCO; OOCL; PDL-Pacific Direct Line; PIL",6,7,3732.57142857143,396.857142857143,4132,4578,1,1,1,{1}
2017-03-26,NZPOE,"Port Chalmers",NZNPE,Napier,1,1,"Alianca; CMA CGM; Hamburg Sud; Hapag-Lloyd; Maersk Line; MSC; SeaLand",7,10,3510.4,741.1,3000,4250,2,2,2,{2}
2017-03-26,NZPOE,"Port Chalmers",NZTIU,Timaru,1,1,MSC,1,7,3175.71428571429,500,2650,3534,1,1,1,{1}
2017-03-26,NZTIU,Timaru,NZLYT,Lyttelton,1,1,MSC,1,7,3175.71428571429,500,2650,3534,1,1,1,{1}
2017-03-26,NZTIU,Timaru,NZNPE,Napier,1,1,"Hapag-Lloyd; Maersk Line",2,6,2913.83333333333,493,2824,3003,1,1,1,{1}
2017-03-26,NZTIU,Timaru,NZTRG,Tauranga,1,1,"Maersk Line",1,3,1242,245.333333333333,1118,1304,2,2,2,{2}
2017-03-26,NZTRG,Tauranga,AUBNE,Brisbane,2,2,"ANL; APL; CMA CGM; COSCO; OOCL; PIL; Swire Shipping",7,7,15351.4047619048,2654.04761904762,2339,5042,5,5,5,"{5,5}"
2017-03-26,NZTRG,Tauranga,AUMEL,Melbourne,1,1,MSC,1,3,1116.66666666667,220,1114,1118,6,6,6,{6}
2017-03-26,NZTRG,Tauranga,AUSYD,Sydney,3,3,"Alianca; ANL; CMA CGM; Hamburg Sud; Hapag-Lloyd; Maersk Line",6,10,8244.5,1384,1118,2742,3,4,4,"{4,4,3}"
2017-03-26,NZTRG,Tauranga,CLVAP,Valparaiso,1,1,"Maersk Line; MCC; MSC; Safmarine; SeaLand",5,11,4425.72727272727,788.818181818182,4045,5466,12,12,12,{12}
2017-03-26,NZTRG,Tauranga,JPTYO,Tokyo,1,1,"Alianca; COSCO; Hamburg Sud; Hapag-Lloyd; MOL; NYK",6,6,4112.33333333333,626.333333333333,3765,4538,11,11,11,{11}
2017-03-26,NZTRG,Tauranga,NCNOU,Noumea,1,1,"ANL; APL; COSCO; OOCL; PDL-Pacific Direct Line; PIL",6,7,3732.57142857143,396.857142857143,4132,4578,3,3,3,{3}
2017-03-26,NZTRG,Tauranga,NZAKL,Auckland,6,6,"Alianca; CMA CGM; Hamburg Sud; Hapag-Lloyd; Maersk Line; MSC; NPL-Neptune Pacific Line; PDL-Pacific Direct Line; SeaLand; Sofrana ANL",10,27,19856.7333333333,3451.95714285714,844,4250,0,1,3,"{1,3,1,2,0,1}"
2017-03-26,NZTRG,Tauranga,NZLYT,Lyttelton,2,2,"Hapag-Lloyd; Maersk Line; MOL",3,8,5500,1347.13333333333,1118,4258,1,2,3,"{1,3}"
2017-03-26,NZTRG,Tauranga,NZNPE,Napier,1,1,"ANL; CMA CGM; Marfret",3,7,5720.85714285714,1162.28571428571,2797,3100,1,1,1,{1}
2017-03-26,NZTRG,Tauranga,PEPAI,Paita,1,1,Seatrade,1,8,3397.32142857143,785.714285714286,2268,2602,16,16,16,{16}
2017-03-26,NZTRG,Tauranga,PFPPT,"Papeete, Tahiti",1,1,"Alianca; ANL; CMA CGM; Hamburg Sud; Hapag-Lloyd; MSC; PDL-Pacific Direct Line; PIL",8,7,3689.71428571429,496.285714285714,3534,3884,5,5,5,{5}
2017-03-26,NZTRG,Tauranga,PGPOM,"Port Moresby",1,1,"Swire Shipping",1,1,7652.57142857143,885.714285714286,1728,1728,9,9,9,{9}
2017-03-26,NZTRG,Tauranga,TWKEL,Keelung,1,1,"Alianca; ANL; CCNI; CMA CGM; COSCO; Hamburg Sud; Hapag-Lloyd; Hyundai; MSC",9,10,7116.6,1600,7090,7154,11,11,11,{11}
2017-03-26,NZTRG,Tauranga,TWKHH,Kaohsiung,1,1,"Maersk Line; MCC; MSC; SeaLand",4,11,9324.36363636364,733.545454545455,8160,11294,15,15,15,{15}
2017-03-26,NZWLG,Wellington,NZLYT,Lyttelton,1,1,"ANL; CMA CGM",2,3,1740,298.666666666667,1740,1740,0,0,0,{0}
2017-03-26,NZWLG,Wellington,NZNPE,Napier,2,2,"ANL; APL; CMA CGM; COSCO; MSC; OOCL; PIL",7,13,7834.54761904762,868.333333333333,2650,5042,1,1,1,"{1,1}"
2017-03-26,OMSLL,Salalah,AEJEA,"Dubai, Jebel Ali",3,3,"APL; Maersk Line; Safmarine",3,26,20019.6590909091,1938.01948051948,5466,10000,2,3,6,"{3,2,6}"
2017-03-26,OMSLL,Salalah,DJJIB,Djibouti,1,1,"DAL-Deutsche Afrika Linien; MSC",2,12,6109.08333333333,504.166666666667,4900,7455,3,3,3,{3}
2017-03-26,OMSLL,Salalah,EGPSD,"Port Said",1,1,"Maersk Line; Safmarine",2,8,4968.75,557.5,5466,6802,5,5,5,{5}
2017-03-26,OMSLL,Salalah,ESALG,Algeciras,1,1,"APL; Maersk Line; Safmarine",3,11,6386.90909090909,509.090909090909,6188,6750,10,10,10,{10}
2017-03-26,OMSLL,Salalah,KEMBA,Mombasa,2,2,"Maersk Line; MSC; Safmarine",3,9,6046.5,760.5,2073,3649,5,5,5,"{5,5}"
2017-03-26,OMSLL,Salalah,LKCMB,Colombo,3,3,"Alianca; Hamburg Sud; Hyundai; Maersk Line; MCC; MSC; Safmarine; Seago Line",8,25,30012.4242424242,1624.54545454545,4504,20000,4,5,5,"{5,4,5}"
2017-03-26,OMSLL,Salalah,MYTPP,"Tanjung Pelepas",1,1,"Maersk Line; MCC; MSC; Safmarine",4,15,9141.2,733.333333333333,9034,13102,8,8,8,{8}
2017-03-26,OMSLL,Salalah,PKKHI,Karachi,1,1,"Maersk Line; Safmarine",2,5,2432.4,354.8,2240,2492,5,5,5,{5}
2017-03-26,OMSLL,Salalah,REREU,Reunion,1,1,"Maersk Line; Safmarine",2,3,2516,335.333333333333,2474,2578,6,6,6,{6}
2017-03-26,OMSLL,Salalah,SAJED,Jeddah,2,2,"Maersk Line; Safmarine; Seago Line",3,15,18588.125,2146.42857142857,8112,10100,3,3,3,"{3,3}"
2017-03-26,OMSLL,Salalah,SAKAC,"King Abdullah City",1,1,"CMA CGM; MSC; WEC Lines",3,4,3234.75,262.5,2480,3534,3,3,3,{3}
2017-03-26,OMSLL,Salalah,SGSIN,Singapore,1,1,"Maersk Line; MCC; MSC; Safmarine; WEC Lines",5,11,12340.9090909091,818.181818181818,13050,14000,9,9,9,{9}
2017-03-26,OMSLL,Salalah,THLCH,"Laem Chabang",1,1,"Maersk Line; Safmarine",2,7,5854.85714285714,536.571428571429,6214,8110,5,5,5,{5}
2017-03-26,OMSLL,Salalah,TZDAR,"Dar es Salaam",1,1,"Maersk Line; Safmarine",2,5,2432.4,354.8,2240,2492,7,7,7,{7}
2017-03-26,OMSLL,Salalah,USNYC,"New York NY/NJ",1,1,"Maersk Line; MCC; MSC; Safmarine",4,18,8412.27777777778,746.222222222222,8272,8650,16,16,16,{16}
2017-03-26,OMSOH,Sohar,AEKLF,"Khor Fakkan",1,1,"ANL; CMA CGM; UASC; Unimed Feeder Services-UFS",4,4,3802,355,3802,3802,2,2,2,{2}
2017-03-26,OMSOH,Sohar,INCOK,Cochin,1,1,"Evergreen Line; Maersk Line; OOCL; Simatech",4,4,2728.5,514.5,2442,2824,5,5,5,{5}
2017-03-26,OMSOH,Sohar,INNSA,"Mumbai (Nhava Sheva)",1,1,X-Press,1,2,4324,480,4268,4380,1,1,1,{1}
2017-03-26,OMSOH,Sohar,MYPKG,"Port Klang",1,1,"APL; CMA CGM; COSCO; Evergreen Line; OOCL",5,7,10340,714.285714285714,10100,10700,9,9,9,{9}
2017-03-26,OMSOH,Sohar,PKKHI,Karachi,1,1,"ANL; CMA CGM; UASC; Unimed Feeder Services-UFS",4,4,3802,355,3802,3802,4,4,4,{4}
2017-03-26,PABLB,Balboa,BSFPO,Freeport,1,1,"Hapag-Lloyd; Maersk Line; MSC; Safmarine; SeaLand",5,10,9099.9,219.3,8772,9400,3,3,3,{3}
2017-03-26,PABLB,Balboa,CLARI,Arica,1,1,"Maersk Line; SeaLand",2,3,2469.33333333333,505.666666666667,2339,2545,6,6,6,{6}
2017-03-26,PABLB,Balboa,COBUN,Buenaventura,6,6,"Alianca; ANL; APL; CCNI; CMA CGM; COSCO; Evergreen Line; Hamburg Sud; Hapag-Lloyd; Hyundai; K Line; Maersk Line; MCC; MSC; Safmarine; SeaLand",16,57,48603.6449494949,4014.98181818182,1180,13092,1,2,3,"{2,2,3,1,1,2}"
2017-03-26,PABLB,Balboa,COCTG,Cartagena,1,1,"ACL-Atlantic Container Line; CMA CGM; Hapag-Lloyd; MOL; NYK; UASC; Yang Ming",7,10,4909.8,275,4890,4922,2,2,2,{2}
2017-03-26,PABLB,Balboa,ECESM,Esmeraldas,1,1,"APL; Maersk Line; MSC; SeaLand",4,6,2511.5,556.666666666667,2339,2546,2,2,2,{2}
2017-03-26,PABLB,Balboa,ECGYE,Guayaquil,3,3,"ACL-Atlantic Container Line; Hapag-Lloyd; Maersk Line; MSC; Seago Line; SeaLand",6,16,9054.25,2637.5,2226,4112,2,2,3,"{2,3,2}"
2017-03-26,PABLB,Balboa,KRPUS,Busan,2,2,"Hapag-Lloyd; K Line; Maersk Line; MCC; MOL; MSC; NYK; UASC; Yang Ming",9,20,13385.8,1318.4,4250,9040,19,20,21,"{21,19}"
2017-03-26,PABLB,Balboa,MXLZC,"Lazaro Cardenas",1,1,"Maersk Line; MCC; MSC; Safmarine; SeaLand",5,11,4425.72727272727,788.818181818182,4045,5466,5,5,5,{5}
2017-03-26,PABLB,Balboa,MXZLO,"Manzanillo, MEX",2,2,"Alianca; APL; CCNI; CMA CGM; COSCO; Hamburg Sud; Hapag-Lloyd; Hyundai; K Line; MSC",10,21,18133.2090909091,1665.53636363636,8600,9400,4,4.5,5,"{4,5}"
2017-03-26,PABLB,Balboa,NICIO,Corinto,1,1,"APL; Maersk Line; MSC; SeaLand",4,6,2511.5,556.666666666667,2339,2546,2,2,2,{2}
2017-03-26,PABLB,Balboa,NZAKL,Auckland,1,1,"Alianca; CMA CGM; Hamburg Sud; Hapag-Lloyd; Maersk Line; MSC; SeaLand",7,10,3510.4,741.1,3000,4250,17,17,17,{17}
2017-03-26,PABLB,Balboa,PACTB,Cristobal,2,2,"ACL-Atlantic Container Line; Hapag-Lloyd; Maersk Line; MSC",4,17,13124.3,1801.9,4112,9400,0,0.5,1,"{0,1}"
2017-03-26,PABLB,Balboa,PAMIT,Manzanillo,2,2,"Maersk Line; Safmarine; Seago Line; SeaLand",4,18,5572.15,1299.3,2226,3078,1,1,1,"{1,1}"
2017-03-26,PABLB,Balboa,PECLL,Callao,1,1,"APL; K Line; MOL; X-Press",4,2,1344,431,1341,1347,8,8,8,{8}
2017-03-26,PABLB,Balboa,USLAX,"Los Angeles CA",1,1,"Hapag-Lloyd; K Line; MOL; NYK; Yang Ming",5,10,6720.2,500,6700,6734,7,7,7,{7}
2017-03-26,PACTB,Cristobal,COCTG,Cartagena,3,3,"Alianca; CMA CGM; Hamburg Sud; Hapag-Lloyd; Maersk Line; MSC; SeaLand; ZIM",8,19,11492.0428571429,2322.45714285714,1819,6750,1,1,1,"{1,1,1}"
2017-03-26,PACTB,Cristobal,CRLIO,"Puerto Limon",1,1,"King Ocean; Seaboard Marine",2,2,1296,390,1296,1296,1,1,1,{1}
2017-03-26,PACTB,Cristobal,HNPCR,"Puerto Cortes",1,1,"Great White Fleet; MSC",2,5,2545.6,496,2520,2572,5,5,5,{5}
2017-03-26,PACTB,Cristobal,ITGIT,"Gioia Tauro",1,1,MSC,1,10,9012.3,501.9,8800,9400,13,13,13,{13}
2017-03-26,PACTB,Cristobal,MXVER,Veracruz,1,1,"Alianca; Hamburg Sud; Hapag-Lloyd; MSC; ZIM",5,7,5837.14285714286,1057.85714285714,5552,6750,3,3,3,{3}
2017-03-26,PACTB,Cristobal,NLRTM,Rotterdam,1,1,"ACL-Atlantic Container Line; Hapag-Lloyd; Maersk Line; MSC",4,7,4112,1300,4112,4112,11,11,11,{11}
2017-03-26,PACTB,Cristobal,PABLB,Balboa,2,2,"Hapag-Lloyd; Maersk Line; MSC; Safmarine; SeaLand",5,20,18112.2,721.2,8772,9400,1,1,1,"{1,1}"
2017-03-26,PACTB,Cristobal,PAMIT,Manzanillo,1,1,"Alianca; Hamburg Sud; Maersk Line; SeaLand",4,2,1774.5,321,1708,1841,0,0,0,{0}
2017-03-26,PACTB,Cristobal,USHOU,"Houston TX",1,1,"Maersk Line; MCC; MSC",3,10,4738.7,473.4,4250,5085,4,4,4,{4}
2017-03-26,PACTB,Cristobal,USPEF,"Port Everglades FL",1,1,"MSC; ZIM",2,8,6326.875,507.5,4549,6750,3,3,3,{3}
2017-03-26,PAMIT,Manzanillo,BRMAO,Manaus,2,2,"Alianca; ANL; CMA CGM; Hamburg Sud; Maersk Line; Melfi Marine; MOL; MSC; SeaLand",9,11,5224.57142857143,567.607142857143,1118,3398,8,10.5,13,"{8,13}"
2017-03-26,PAMIT,Manzanillo,COBAQ,Barranquilla,1,1,"Hapag-Lloyd; Maersk Line; Seaboard Marine; SeaLand",4,3,1708,202,1708,1708,1,1,1,{1}
2017-03-26,PAMIT,Manzanillo,COBUN,Buenaventura,2,2,"Alianca; ANL; CMA CGM; Hamburg Sud; Hapag-Lloyd; Maersk Line; Safmarine; SeaLand",8,19,11086.9,1796.02222222222,3003,10589,2,2.5,3,"{3,2}"
2017-03-26,PAMIT,Manzanillo,COCTG,Cartagena,6,6,"Alianca; ANL; APL; CMA CGM; COSCO; Evergreen Line; Hamburg Sud; Hapag-Lloyd; King Ocean; Maersk Line; Melfi Marine; MOL; Seaboard Marine; SeaLand; X-Press; ZIM",16,41,26755.9787878788,3020.66464646465,877,10589,1,1,1,"{1,1,1,1,1,1}"
2017-03-26,PAMIT,Manzanillo,CRLIO,"Puerto Limon",4,4,"APL; CMA CGM; Evergreen Line; Hapag-Lloyd; King Ocean; Maersk Line; Marfret; Melfi Marine; MOL; Seaboard Marine; SeaLand; X-Press; ZIM",13,17,8667.26666666667,1552.2,877,2790,0,1,2,"{2,1,0,1}"
2017-03-26,PAMIT,Manzanillo,CRMOB,Moin,2,2,"APL; CMA CGM; Maersk Line; Seago Line; SeaLand",5,9,5091.66666666667,1135.33333333333,2490,2602,1,1,1,"{1,1}"
2017-03-26,PAMIT,Manzanillo,CUMAR,Mariel,1,1,"Melfi Marine; ZIM",2,2,1709.5,338.5,1706,1713,4,4,4,{4}
2017-03-26,PAMIT,Manzanillo,DOCAU,Caucedo,1,1,"APL; Evergreen Line; Maersk Line; MSC; SeaLand",5,2,3385,300,3380,3390,3,3,3,{3}
2017-03-26,PAMIT,Manzanillo,ESALG,Algeciras,2,2,"Alianca; APL; CCNI; CMA CGM; Hamburg Sud; Hapag-Lloyd; Maersk Line; Safmarine; SeaLand",9,19,5690.23333333333,1308.02222222222,2530,3091,10,10.5,11,"{10,11}"
2017-03-26,PAMIT,Manzanillo,JMKIN,Kingston,3,3,"Alianca; APL; Caribbean Feeder; CMA CGM; Evergreen Line; Hamburg Sud; King Ocean; Maersk Line; Melfi Marine; MOL; Seaboard Marine; SeaLand; X-Press; ZIM",14,6,4295.33333333333,887.333333333333,877,1118,1,1,2,"{1,1,2}"
2017-03-26,PAMIT,Manzanillo,NLRTM,Rotterdam,1,1,"Maersk Line; Seago Line; SeaLand",3,8,2502.25,537.5,2226,2592,12,12,12,{12}
2017-03-26,PAMIT,Manzanillo,PABLB,Balboa,2,2,"Hapag-Lloyd; K Line; Maersk Line; MOL; NYK; Seago Line; SeaLand; Yang Ming",8,18,9222.45,1037.5,2226,6734,1,1,1,"{1,1}"
2017-03-26,PAMIT,Manzanillo,PACTB,Cristobal,4,4,"Alianca; CMA CGM; Hamburg Sud; Hapag-Lloyd; King Ocean; Maersk Line; MSC; Seaboard Marine; SeaLand",9,16,8725.4,1975.6,1296,4250,0,1,1,"{1,1,1,0}"
2017-03-26,PAMIT,Manzanillo,PAONX,Colon,2,2,"Caribbean Feeder; Evergreen Line; Hapag-Lloyd; Maersk Line; Safmarine; SeaLand; ZIM",7,6,2802.5,603,1061,1713,0,0,0,"{0,0}"
2017-03-26,PAMIT,Manzanillo,USSAV,"Savannah GA",2,2,"ANL; CMA CGM; Hapag-Lloyd; K Line; Marfret; MOL; NYK; Yang Ming",8,17,12441.0571428571,1662.28571428571,2797,6734,4,4,4,"{4,4}"
2017-03-26,PAMIT,Manzanillo,VEGUT,Guanta,1,1,"Caribbean Feeder; Hapag-Lloyd; Maersk Line; ZIM",4,1,1424,312,712,712,5,5,5,{5}
2017-03-26,PAONX,Colon,CNTAO,Qingdao,1,1,"ANL; APL; CMA CGM; COSCO; Evergreen Line; OOCL",6,10,8446.2,800.6,8221,8533,26,26,26,{26}
2017-03-26,PAONX,Colon,CRLIO,"Puerto Limon",1,1,"Crowley; ZIM",2,2,1112,185,1102,1122,1,1,1,{1}
2017-03-26,PAONX,Colon,CWWIL,Willemstad,1,1,"Caribbean Feeder; Evergreen Line; Hapag-Lloyd; ZIM",4,2,1089.5,226,1061,1118,2,2,2,{2}
2017-03-26,PAONX,Colon,HNPCR,"Puerto Cortes",1,1,"Evergreen Line; Maersk Line; Safmarine; SeaLand",4,4,1713,377,1713,1713,3,3,3,{3}
2017-03-26,PAONX,Colon,PAMIT,Manzanillo,1,1,"APL; Evergreen Line; Maersk Line; MSC; SeaLand",5,2,3385,300,3380,3390,1,1,1,{1}
2017-03-26,PAONX,Colon,USNYC,"New York NY/NJ",1,1,"APL; CMA CGM; COSCO; Evergreen Line; OOCL",5,10,8410.4,565.8,8000,8488,6,6,6,{6}
2017-03-26,PAONX,Colon,USORF,"Norfolk VA",1,1,"APL; CMA CGM; COSCO; Evergreen Line; OOCL",5,11,11912.1818181818,495.727272727273,11010,13208,5,5,5,{5}
2017-03-26,PAONX,Colon,USSAV,"Savannah GA",1,1,"ANL; APL; CMA CGM; COSCO; Evergreen Line; OOCL",6,10,8446.2,800.6,8221,8533,4,4,4,{4}
2017-03-26,PAROD,Rodman,ECGYE,Guayaquil,1,1,"Seaboard Marine",1,1,1296,390,1296,1296,3,3,3,{3}
2017-03-26,PAROD,Rodman,JMKIN,Kingston,1,1,"Alianca; Hamburg Sud; ZIM",3,11,4963,442.727272727273,4814,5117,1,1,1,{1}
2017-03-26,PECLL,Callao,CLCNL,Coronel,1,1,"Hapag-Lloyd; Maersk Line; MSC; Safmarine; SeaLand",5,10,9099.9,219.3,8772,9400,5,5,5,{5}
2017-03-26,PECLL,Callao,CLIQQ,Iquique,3,3,"Alianca; ANL; APL; CCNI; CMA CGM; COSCO; Hamburg Sud; Hapag-Lloyd; Hyundai; K Line; MOL; MSC; NYK",13,26,16377.9090909091,2779.34545454545,1732,7154,1,2,3,"{2,1,3}"
2017-03-26,PECLL,Callao,CLMJS,Mejillones,1,1,"Alianca; ANL; CMA CGM; Hamburg Sud; Hapag-Lloyd",5,9,8017,1034.22222222222,3752,10589,2,2,2,{2}
2017-03-26,PECLL,Callao,CLSAI,"San Antonio",5,5,"Alianca; ANL; APL; CCNI; CMA CGM; COSCO; Evergreen Line; Hamburg Sud; Hapag-Lloyd; Hyundai; Maersk Line; MCC; MSC; PIL; SeaLand; Wan Hai; Yang Ming",17,48,34944.046969697,3449.50101010101,2530,13092,3,3,5,"{3,3,3,4,5}"
2017-03-26,PECLL,Callao,COBUN,Buenaventura,3,3,"Alianca; ANL; CCNI; CMA CGM; Hamburg Sud; Hapag-Lloyd; Maersk Line; MCC; MSC; Safmarine; SeaLand",11,26,16598.5606060606,2592.37373737374,3752,10589,3,4,4,"{4,4,3}"
2017-03-26,PECLL,Callao,COCTG,Cartagena,1,1,"Alianca; CCNI; Hamburg Sud; Hapag-Lloyd",4,5,3508.4,664.8,1732,1819,7,7,7,{7}
2017-03-26,PECLL,Callao,ECGYE,Guayaquil,2,2,"Alianca; Evergreen Line; Hamburg Sud; Hapag-Lloyd; SeaLand",5,12,4940.125,833.875,1180,3600,2,2.5,3,"{3,2}"
2017-03-26,PECLL,Callao,MXLZC,"Lazaro Cardenas",1,1,"Alianca; ANL; CCNI; CMA CGM; COSCO; Hamburg Sud; Hapag-Lloyd; Hyundai; MSC",9,12,11786.9166666667,896.5,9289,13092,5,5,5,{5}
2017-03-26,PECLL,Callao,MXZLO,"Manzanillo, MEX",2,2,"APL; COSCO; Evergreen Line; Hapag-Lloyd; K Line; MOL; NYK; PIL; Wan Hai; Yang Ming",10,21,12809.5090909091,1018.44545454545,6046,9580,6,7,8,"{8,6}"
2017-03-26,PECLL,Callao,PABLB,Balboa,1,1,"Hapag-Lloyd; Maersk Line; MSC; Safmarine; SeaLand",5,10,9099.9,219.3,8772,9400,3,3,3,{3}
2017-03-26,PECLL,Callao,PEMRI,Matarani,1,1,"Evergreen Line; SeaLand",2,4,1455,340,1180,1740,1,1,1,{1}
2017-03-26,PECLL,Callao,PEPAI,Paita,3,3,"APL; COSCO; Evergreen Line; King Ocean; K Line; MOL; PIL; Wan Hai; X-Press; Yang Ming",10,13,6963.9,1053.2,523,5512,2,2,3,"{2,3,2}"
2017-03-26,PEILQ,Ilo,ECGYE,Guayaquil,1,1,"Alianca; APL; CCNI; CMA CGM; Hamburg Sud; Hapag-Lloyd",6,9,2620.33333333333,546.222222222222,2530,3091,3,3,3,{3}
2017-03-26,PEILQ,Ilo,PECLL,Callao,1,1,"Alianca; CCNI; Hamburg Sud; Hapag-Lloyd",4,5,3508.4,664.8,1732,1819,3,3,3,{3}
2017-03-26,PEMRI,Matarani,CLSAI,"San Antonio",1,1,"Evergreen Line; SeaLand",2,4,1455,340,1180,1740,3,3,3,{3}
2017-03-26,PEPAI,Paita,ECGYE,Guayaquil,3,3,"APL; King Ocean; K Line; Maersk Line; MOL; MSC; SeaLand; X-Press",8,9,4901.5,1169.66666666667,523,2546,0,1,1,"{0,1,1}"
2017-03-26,PEPAI,Paita,MXZLO,"Manzanillo, MEX",1,1,"COSCO; Evergreen Line; PIL; Wan Hai; Yang Ming",5,10,4573.9,440.2,4250,5512,3,3,3,{3}
2017-03-26,PEPAI,Paita,USPHL,"Philadelphia PA",1,1,Seatrade,1,8,3397.32142857143,785.714285714286,2268,2602,8,8,8,{8}
2017-03-26,PFPPT,"Papeete, Tahiti",NCNOU,Noumea,2,2,"ANL; CMA CGM; Marfret; Seatrade",4,15,9118.17857142857,1948,2268,3100,7,8,9,"{9,7}"
2017-03-26,PFPPT,"Papeete, Tahiti",NZAKL,Auckland,1,1,"PDL-Pacific Direct Line; Swire Shipping",2,1,1776,228.571428571429,777,777,9,9,9,{9}
2017-03-26,PFPPT,"Papeete, Tahiti",TOTBU,Nuku'alofa,1,1,"Alianca; Hamburg Sud; Polynesia Line",3,2,2623.92857142857,716.785714285714,1102,1347,5,5,5,{5}
2017-03-26,PFPPT,"Papeete, Tahiti",USOAK,"Oakland CA",1,1,"Alianca; ANL; CMA CGM; Hamburg Sud; Hapag-Lloyd; MSC; PDL-Pacific Direct Line; PIL",8,7,3689.71428571429,496.285714285714,3534,3884,12,12,12,{12}
2017-03-26,PGGUR,Alotau,PGLAE,Lae,1,1,"Carpenters Shipping; Swire Shipping",2,2,5187,675,1728,1730,2,2,2,{2}
2017-03-26,PGKIM,Kimbe,PGRAB,Rabaul,1,1,"ANL; CMA CGM",2,1,6891.42857142857,1020,1608,1608,1,1,1,{1}
2017-03-26,PGLAE,Lae,PGKIM,Kimbe,1,1,"ANL; CMA CGM",2,1,6891.42857142857,1020,1608,1608,1,1,1,{1}
2017-03-26,PGLAE,Lae,PGLNV,"Lihir Island",1,1,"Maersk Line; PDL-Pacific Direct Line; Sofrana ANL",3,1,4340.57142857143,514.285714285714,844,844,5,5,5,{5}
2017-03-26,PGLAE,Lae,PGMAG,Madang,1,1,"Maersk Line",1,2,2874.85714285714,565.714285714286,1118,1118,1,1,1,{1}
2017-03-26,PGLAE,Lae,PGPOM,"Port Moresby",2,2,"ANL; CMA CGM; NewPac",3,3,11991.4285714286,1714.28571428571,1638,1740,2,3,4,"{4,2}"
2017-03-26,PGLAE,Lae,PGRAB,Rabaul,2,2,"Carpenters Shipping; Maersk Line; PDL-Pacific Direct Line; Sofrana ANL; Swire Shipping",5,3,9784.71428571429,1703.57142857143,894,1730,2,3,4,"{4,2}"
2017-03-26,PGLAE,Lae,PHDVO,Davao,1,1,"Swire Shipping",1,1,7652.57142857143,885.714285714286,1728,1728,6,6,6,{6}
2017-03-26,PGLAE,Lae,PHSFS,"Subic Bay",1,1,"Swire Shipping",1,1,10692.5714285714,2285.71428571429,2339,2339,11,11,11,{11}
2017-03-26,PGLNV,"Lihir Island",SBHIR,Honiara,2,2,"Maersk Line; PDL-Pacific Direct Line; Sofrana ANL",3,2,8938.28571428571,1542.85714285714,844,894,4,4,4,"{4,4}"
2017-03-26,PGMAG,Madang,PGLAE,Lae,1,1,"ANL; CMA CGM",2,1,7020,857.142857142857,1638,1638,1,1,1,{1}
2017-03-26,PGMAG,Madang,PGWWK,Wewak,1,1,"Maersk Line",1,2,2874.85714285714,565.714285714286,1118,1118,1,1,1,{1}
2017-03-26,PGMAG,Madang,SGSIN,Singapore,1,1,"Carpenters Shipping; Swire Shipping",2,2,5187,675,1728,1730,9,9,9,{9}
2017-03-26,PGPOM,"Port Moresby",AUTSV,Townsville,1,1,MELL,1,3,3660,500,1800,1890,4,4,4,{4}
2017-03-26,PGPOM,"Port Moresby",MYPKG,"Port Klang",2,2,"ANL; CMA CGM",2,2,13911.4285714286,1877.14285714286,1608,1638,8,8.5,9,"{9,8}"
2017-03-26,PGPOM,"Port Moresby",PGGUR,Alotau,1,1,"Carpenters Shipping; Swire Shipping",2,2,5187,675,1728,1730,1,1,1,{1}
2017-03-26,PGPOM,"Port Moresby",PGLAE,Lae,4,4,"Maersk Line; PDL-Pacific Direct Line; Sofrana ANL; Swire Shipping",4,4,27283.4285714286,4714.28571428571,844,2339,2,3.5,4,"{4,3,4,2}"
2017-03-26,PGPOM,"Port Moresby",PGRAB,Rabaul,1,1,NewPac,1,2,4971.42857142857,857.142857142857,1740,1740,4,4,4,{4}
2017-03-26,PGPOM,"Port Moresby",SBNOR,Noro,1,1,"Maersk Line",1,2,2874.85714285714,565.714285714286,1118,1118,3,3,3,{3}
2017-03-26,PGRAB,Rabaul,PGLNV,"Lihir Island",1,1,"Maersk Line; PDL-Pacific Direct Line; Sofrana ANL",3,1,4597.71428571429,1028.57142857143,894,894,1,1,1,{1}
2017-03-26,PGRAB,Rabaul,PGMAG,Madang,1,1,"Carpenters Shipping; Swire Shipping",2,2,5187,675,1728,1730,2,2,2,{2}
2017-03-26,PGRAB,Rabaul,PGPOM,"Port Moresby",1,1,"ANL; CMA CGM",2,1,6891.42857142857,1020,1608,1608,2,2,2,{2}
2017-03-26,PGRAB,Rabaul,SBHIR,Honiara,1,1,NewPac,1,2,4971.42857142857,857.142857142857,1740,1740,3,3,3,{3}
2017-03-26,PGWWK,Wewak,MYTPP,"Tanjung Pelepas",1,1,"Maersk Line",1,2,2874.85714285714,565.714285714286,1118,1118,10,10,10,{10}
2017-03-26,PHBTG,Batangas,PHCGY,"Cagayan de Oro",1,1,"CNC Line-Cheng Lie Navigation Co. Ltd.; Evergreen Line; MCC",3,10,1541.9,298.7,1713,1714,1,1,1,{1}
2017-03-26,PHBTG,Batangas,PHMNL,Manila,3,3,"CNC Line-Cheng Lie Navigation Co. Ltd.; Evergreen Line; Gold Star Line; MCC; ZIM",5,20,5892.9,937.95,1440,3586,1,1,2,"{1,1,2}"
2017-03-26,PHCEB,Cebu,HKHKG,"Hong Kong",1,1,"CNC Line-Cheng Lie Navigation Co. Ltd.; Evergreen Line; MCC",3,10,1541.9,298.7,1713,1714,4,4,4,{4}
2017-03-26,PHCEB,Cebu,MYBKI,"Kota Kinabalu, Sabah",1,1,"SITC Shipping",1,2,843,135,831,855,1,1,1,{1}
2017-03-26,PHCEB,Cebu,PHGES,"General Santos",3,3,"Evergreen Line; MELL; Wan Hai",3,8,4241.5,693.5,1080,1708,2,3,4,"{2,4,3}"
2017-03-26,PHCEB,Cebu,TWKHH,Kaohsiung,2,2,"APL; BTL-Bengal Tiger Line; Evergreen Line; Hapag-Lloyd; K Line; NYK; OOCL; Wan Hai; X-Press; Yang Ming",10,2,2204,345,1042,1162,2,2,2,"{2,2}"
2017-03-26,PHCGY,"Cagayan de Oro",CNSHA,Shanghai,1,1,"CNC Line-Cheng Lie Navigation Co. Ltd.; Evergreen Line; MCC",3,10,1541.9,298.7,1713,1714,4,4,4,{4}
2017-03-26,PHCGY,"Cagayan de Oro",PHCEB,Cebu,1,1,"CNC Line-Cheng Lie Navigation Co. Ltd.; Evergreen Line; MCC",3,10,1541.9,298.7,1713,1714,0,0,0,{0}
2017-03-26,PHCGY,"Cagayan de Oro",PHGES,"General Santos",1,1,"CNC Line-Cheng Lie Navigation Co. Ltd.; Evergreen Line; MCC",3,10,1541.9,298.7,1713,1714,2,2,2,{2}
2017-03-26,PHCGY,"Cagayan de Oro",TWKHH,Kaohsiung,1,1,APL,1,2,1496,276,1496,1496,2,2,2,{2}
2017-03-26,PHDVO,Davao,CNSHA,Shanghai,2,2,"ANL; CMA CGM; CNC Line-Cheng Lie Navigation Co. Ltd.; COSCO; PIL",5,13,5585.88888888889,602.777777777778,1085,3534,4,4.5,5,"{4,5}"
2017-03-26,PHDVO,Davao,HKHKG,"Hong Kong",2,2,"MELL; Wan Hai",2,6,2750,409,1080,1708,4,4.5,5,"{5,4}"
2017-03-26,PHDVO,Davao,KRPTK,Pyongtaek,1,1,MCC,1,5,2546,501.6,2546,2546,6,6,6,{6}
2017-03-26,PHDVO,Davao,PHCGY,"Cagayan de Oro",1,1,"CNC Line-Cheng Lie Navigation Co. Ltd.; Evergreen Line; MCC",3,10,1541.9,298.7,1713,1714,2,2,2,{2}
2017-03-26,PHDVO,Davao,PHGES,"General Santos",1,1,"Gold Star Line; SITC Shipping; ZIM",3,3,2244.66666666667,347.333333333333,1700,2524,1,1,1,{1}
2017-03-26,PHDVO,Davao,THSRI,Sriracha,1,1,"Swire Shipping",1,1,7652.57142857143,885.714285714286,1728,1728,9,9,9,{9}
2017-03-26,PHDVO,Davao,TWKHH,Kaohsiung,1,1,"Evergreen Line",1,2,1491.5,284.5,1338,1645,4,4,4,{4}
2017-03-26,PHGES,"General Santos",CNSHA,Shanghai,1,1,"Gold Star Line; SITC Shipping; ZIM",3,3,2244.66666666667,347.333333333333,1700,2524,4,4,4,{4}
2017-03-26,PHGES,"General Santos",PHDVO,Davao,4,4,"CNC Line-Cheng Lie Navigation Co. Ltd.; Evergreen Line; MCC; MELL; Wan Hai",5,18,5783.4,992.2,1080,1714,2,2,2,"{2,2,2,2}"
2017-03-26,PHMNL,Manila,CNSHA,Shanghai,3,3,"CNC Line-Cheng Lie Navigation Co. Ltd.; CULines-China United Lines; Evergreen Line; K Line; MCC; Sinotrans; SITC Shipping; Yang Ming",8,15,5856.23333333333,923.7,1264,2742,3,5,7,"{5,7,3}"
2017-03-26,PHMNL,Manila,CNSHK,Shekou,1,1,"Evergreen Line; Wan Hai; Yang Ming",3,3,1650.66666666667,172,1496,1728,2,2,2,{2}
2017-03-26,PHMNL,Manila,CNTAO,Qingdao,1,1,"CNC Line-Cheng Lie Navigation Co. Ltd.; COSCO",2,2,2553,400,2553,2553,4,4,4,{4}
2017-03-26,PHMNL,Manila,CNTXG,Xingang/Tianjin,1,1,"APL; CNC Line-Cheng Lie Navigation Co. Ltd.; Hyundai; TS Lines",4,3,4320.66666666667,385.333333333333,3534,4728,7,7,7,{7}
2017-03-26,PHMNL,Manila,HKHKG,"Hong Kong",2,2,"ANL; CMA CGM; CNC Line-Cheng Lie Navigation Co. Ltd.; OOCL; Yang Ming",5,6,5354.6,722,1560,4258,2,2,2,"{2,2}"
2017-03-26,PHMNL,Manila,JPTYO,Tokyo,1,1,"ANL; CMA CGM; CNC Line-Cheng Lie Navigation Co. Ltd.; MCC; MOL",5,3,2585.66666666667,462,2450,2824,4,4,4,{4}
2017-03-26,PHMNL,Manila,KRPUS,Busan,3,3,"ANL; APL; CMA CGM; COSCO; CULines-China United Lines; Gold Star Line; Heung-A; Hyundai; K Line; KMTC; Simatech; TS Lines; Yang Ming; ZIM",14,11,7689.9,682.4,1043,4963,4,4,7,"{4,7,4}"
2017-03-26,PHMNL,Manila,MYKCH,"Kuching, Sarawak",1,1,"Evergreen Line",1,2,1391,228,1164,1618,3,3,3,{3}
2017-03-26,PHMNL,Manila,MYTWU,"Tawau Sabah",1,1,"Evergreen Line",1,2,1714,362,1714,1714,2,2,2,{2}
2017-03-26,PHMNL,Manila,PHCEB,Cebu,1,1,"SITC Shipping",1,2,843,135,831,855,1,1,1,{1}
2017-03-26,PHMNL,Manila,PHCGY,"Cagayan de Oro",1,1,"CNC Line-Cheng Lie Navigation Co. Ltd.; Evergreen Line; MCC",3,10,1541.9,298.7,1713,1714,3,3,3,{3}
2017-03-26,PHMNL,Manila,PHDVO,Davao,2,2,"ANL; CMA CGM; CNC Line-Cheng Lie Navigation Co. Ltd.; Gold Star Line; SITC Shipping; ZIM",6,7,5751.66666666667,822.333333333333,1700,3534,3,5.5,8,"{8,3}"
2017-03-26,PHMNL,Manila,PHSFS,"Subic Bay",3,3,"CMA CGM; CNC Line-Cheng Lie Navigation Co. Ltd.; Gold Star Line; MCC; SITC Shipping; Wan Hai; ZIM",7,13,5862.66666666667,888.583333333333,1024,3586,1,1,2,"{2,1,1}"
2017-03-26,PHMNL,Manila,THLCH,"Laem Chabang",2,2,"CMA CGM; CNC Line-Cheng Lie Navigation Co. Ltd.; Evergreen Line; MOL; X-Press",5,6,5667,749.333333333333,1032,4363,3,3,3,"{3,3}"
2017-03-26,PHMNL,Manila,TWKHH,Kaohsiung,6,6,"ANL; APL; CMA CGM; CNC Line-Cheng Lie Navigation Co. Ltd.; Evergreen Line; K Line; NYK; OOCL; X-Press; Yang Ming",10,15,12056.3333333333,1953.16666666667,550,2824,1,1.5,2,"{1,2,2,1,1,2}"
2017-03-26,PHMNL,Manila,VNSGN,"Ho Chi Minh (VICT/Cat Lai)",2,2,"ANL; CMA CGM; CNC Line-Cheng Lie Navigation Co. Ltd.; Heung-A; Hyundai; KMTC; Namsung; Yang Ming",8,6,3538.33333333333,533.333333333333,1675,1860,3,3,3,"{3,3}"
2017-03-26,PHSFS,"Subic Bay",CNNGB,Ningbo,1,1,"Wan Hai",1,2,1870,250,1740,2000,5,5,5,{5}
2017-03-26,PHSFS,"Subic Bay",CNSHA,Shanghai,1,1,"CMA CGM; CNC Line-Cheng Lie Navigation Co. Ltd.; SITC Shipping",3,3,1081.66666666667,173.333333333333,1024,1118,4,4,4,{4}
2017-03-26,PHSFS,"Subic Bay",HKHKG,"Hong Kong",1,1,"Gold Star Line; MCC; ZIM",3,8,2911,465.25,2824,3586,1,1,1,{1}
2017-03-26,PHSFS,"Subic Bay",PHCGY,"Cagayan de Oro",1,1,APL,1,2,1496,276,1496,1496,2,2,2,{2}
2017-03-26,PHSFS,"Subic Bay",SGSIN,Singapore,1,1,"Swire Shipping",1,1,10692.5714285714,2285.71428571429,2339,2339,7,7,7,{7}
2017-03-26,PKKHI,Karachi,AEJEA,"Dubai, Jebel Ali",3,3,"Maersk Line; Milaha Maritime; Safmarine; UAFL-United Africa Feeder Line; Wan Hai; WEC Lines; X-Press",7,9,8990.4,1174.8,1684,3534,2,2,4,"{4,2,2}"
2017-03-26,PKKHI,Karachi,INMUN,Mundra,7,7,"ANL; APL; CMA CGM; COSCO; Evergreen Line; Hapag-Lloyd; K Line; Marguisa; MOL; MSC; OOCL; PIL; UASC; Unimed Feeder Services-UFS; Wan Hai; Yang Ming",16,39,32337.8666666667,2953.66666666667,2073,8204,1,1,2,"{1,1,1,1,1,1,2}"
2017-03-26,PKKHI,Karachi,INNSA,"Mumbai (Nhava Sheva)",4,4,"Alianca; ANL; APL; CMA CGM; COSCO; Hamburg Sud; Hapag-Lloyd; MSC; NYK; OOCL; UASC; X-Press",12,28,27370.75,3294.875,2741,9200,2,2,3,"{3,2,2,2}"
2017-03-26,PKKHI,Karachi,INPAV,Pipavav,2,2,"APL; IAL-Interasia Lines; Maersk Line; MOL; OOCL; Safmarine; Samudera; Wan Hai",8,18,11113.7662337662,893.376623376623,4252,6750,1,1,1,"{1,1}"
2017-03-26,PKKHI,Karachi,IRBND,"Bandar Abbas",1,1,"PIL; Unimed Feeder Services-UFS",2,5,2445,248,3000,3075,2,2,2,{2}
2017-03-26,PKKHI,Karachi,LKCMB,Colombo,2,2,"ANL; APL; CMA CGM; COSCO; Evergreen Line; KMTC; Simatech",7,11,7273.93333333333,710.8,4211,4832,5,6,7,"{7,5}"
2017-03-26,PKKHI,Karachi,MYPKG,"Port Klang",2,2,"COSCO; Emirates Shipping; Gold Star Line; Heung-A; Hyundai; K Line; KMTC; Sinokor; TS Lines; X-Press; Yang Ming; ZIM",12,12,11743.1666666667,1122.33333333333,4800,8566,7,7.5,8,"{8,7}"
2017-03-26,PKKHI,Karachi,OMSLL,Salalah,1,1,"Maersk Line; Safmarine",2,4,3548.5,587.5,3450,3649,2,2,2,{2}
2017-03-26,PKKHI,Karachi,SGSIN,Singapore,1,1,"ANL; APL; CMA CGM; Gold Star Line; Maersk Line; MCC; OOCL; RCL; Safmarine; ZIM",10,7,8447.85714285714,700,8379,8819,8,8,8,{8}
2017-03-26,PLGDN,Gdansk,DEBRV,Bremerhaven,2,2,"Maersk Line; MCC; MSC; Safmarine; Seago Line",5,14,19469.6666666667,775,1036,19154,3,4,5,"{5,3}"
2017-03-26,PLGDN,Gdansk,DEWVN,Wilhelmshaven,1,1,"APL; CMA CGM; COSCO; Evergreen Line; OOCL",5,11,13171.2727272727,853,8063,19100,2,2,2,{2}
2017-03-26,PLGDN,Gdansk,EETLL,"Tallinn Estonia",1,1,"Seago Line",1,1,1730,200,1730,1730,1,1,1,{1}
2017-03-26,PLGDN,Gdansk,RUKGD,Kaliningrad,1,1,"Seago Line",1,2,1126,225,1036,1216,0,0,0,{0}
2017-03-26,PLGDN,Gdansk,RUULU,"Ust Luga",1,1,"Seago Line",1,1,1578,130,1578,1578,2,2,2,{2}
2017-03-26,PLGDN,Gdansk,SEGVX,Gavle,1,1,"Seago Line",1,2,1578,130,1578,1578,2,2,2,{2}
2017-03-26,PLGDY,"Gdynia Poland",DEBRV,Bremerhaven,2,2,"CMA CGM; Evergreen Line; Hapag-Lloyd; OOCL; Team Lines; Unifeeder",6,5,3915.66666666667,456.833333333333,1421,2400,3,3.5,4,"{3,4}"
2017-03-26,PLGDY,"Gdynia Poland",GBTEE,Teesport,2,2,"EuroAfrica Shipping Lines; MacAndrews; OPDR",3,2,1312,234,508,804,3,3,3,"{3,3}"
2017-03-26,PLGDY,"Gdynia Poland",GBTIL,Tilbury,1,1,"MacAndrews; OPDR; Samskip",3,2,750,145,750,750,3,3,3,{3}
2017-03-26,PLGDY,"Gdynia Poland",LTKLJ,"Klaipeda
",3,3,"COSCO; Hapag-Lloyd; MSC; Yang Ming",4,5,6747,1146,1221,4250,0,0,1,"{1,0,0}"
2017-03-26,PLGDY,"Gdynia Poland",NLRTM,Rotterdam,1,1,"Evergreen Line; Hapag-Lloyd; OOCL; Unifeeder; X-Press",5,3,970.666666666667,212.666666666667,868,1036,2,2,2,{2}
2017-03-26,PLGDY,"Gdynia Poland",PLSZZ,Szczecin,1,1,"COSCO; Evergreen Line; Hapag-Lloyd; Tschudi Express; Unifeeder",5,2,890.5,160,809,972,1,1,1,{1}
2017-03-26,PLSZZ,Szczecin,GBIMM,Immingham,1,1,"COSCO; Evergreen Line; Hapag-Lloyd; Tschudi Express; Unifeeder",5,2,890.5,160,809,972,2,2,2,{2}
2017-03-26,PLSZZ,Szczecin,NODRM,Drammen,1,1,"CMA CGM; Team Lines; Tschudi Express; Unifeeder",4,1,809,150,809,809,1,1,1,{1}
2017-03-26,PLSZZ,Szczecin,NOFRK,Fredrikstad,1,1,Eimskip,1,2,698,120,698,698,1,1,1,{1}
2017-03-26,PRSJU,"San Juan PR",COCTG,Cartagena,1,1,"Hapag-Lloyd; Maersk Line; MOL; SeaLand",4,5,2505.6,387.2,2468,2578,2,2,2,{2}
2017-03-26,PRSJU,"San Juan PR",DOCAU,Caucedo,1,1,"APL; Evergreen Line; Maersk Line; MSC; SeaLand",5,2,3385,300,3380,3390,1,1,1,{1}
2017-03-26,PRSJU,"San Juan PR",JMKIN,Kingston,1,1,"Alianca; Caribbean Feeder; Hamburg Sud; Seaboard Marine; ZIM",5,2,1102,220,1102,1102,2,2,2,{2}
2017-03-26,PRSJU,"San Juan PR",SXSXM,"St Maarten",1,1,"APL; CMA CGM",2,2,1116,220,1114,1118,1,1,1,{1}
2017-03-26,PRSJU,"San Juan PR",USJAX,"Jacksonville FL",2,2,"TOTE Maritime",1,2,6200,,3100,3100,2,2,2,"{2,2}"
2017-03-26,PRSJU,"San Juan PR",VICTD,"St Croix VI",1,1,"CMA CGM",1,1,120,24,120,120,1,1,1,{1}
2017-03-26,PRSJU,"San Juan PR",VISTT,"St Thomas VI",1,1,"Tropical Shipping",1,2,1118,220,1118,1118,1,1,1,{1}
2017-03-26,PTFDF,"Figueira da Foz",PTLEI,Leixoes,1,1,"MSC; WEC Lines",2,1,700,100,700,700,1,1,1,{1}
2017-03-26,PTLEI,Leixoes,ESALG,Algeciras,1,1,"CMA CGM; MacAndrews; OPDR",3,2,892.5,178,868,917,1,1,1,{1}
2017-03-26,PTLEI,Leixoes,ESCAS,Castellon,1,1,"Borchard Lines Ltd",1,4,1216,200,1216,1216,4,4,4,{4}
2017-03-26,PTLEI,Leixoes,ESLPA,"Las Palmas, Can Is",1,1,Transinsular,1,2,2899.28571428571,368.571428571429,1129,1577,5,5,5,{5}
2017-03-26,PTLEI,Leixoes,ESVGO,Vigo,2,2,"ANL; CMA CGM; Evergreen Line; MSC; OPDR; Samskip; WEC Lines; X-Press",8,6,2729.66666666667,546.666666666667,803,2109,0,0,0,"{0,0}"
2017-03-26,PTLEI,Leixoes,GBFXT,Felixstowe,2,2,"K Line; MSC; Unifeeder; WEC Lines",4,6,1823.5,300,809,1008,2,2.5,3,"{3,2}"
2017-03-26,PTLEI,Leixoes,GBLIV,Liverpool,2,2,"Borchard Lines Ltd; CMA CGM; MacAndrews; OPDR",4,6,2108.5,378,868,1216,3,3,3,"{3,3}"
2017-03-26,PTLEI,Leixoes,GBTIL,Tilbury,1,1,"ANL; CMA CGM; MacAndrews; OPDR",4,2,698,120,698,698,3,3,3,{3}
2017-03-26,PTLEI,Leixoes,NLRTM,Rotterdam,1,1,"MSC; WEC Lines",2,3,868,206,868,868,3,3,3,{3}
2017-03-26,PTLEI,Leixoes,PTLIS,Lisbon,6,6,"ANL; CMA CGM; Evergreen Line; Maersk Line; Marguisa; MSC; OPDR; PSL; Safmarine; Samskip; Seago Line; WEC Lines; X-Press",13,17,12746.7619047619,2296,700,3586,0,1,3,"{1,1,1,3,1,0}"
2017-03-26,PTLEI,Leixoes,PTSET,Setubal,1,1,"ANL; CMA CGM; MacAndrews; OPDR",4,2,698,120,698,698,3,3,3,{3}
2017-03-26,PTLEI,Leixoes,PTSIE,Sines,1,1,"MSC; WEC Lines",2,3,868,206,868,868,0,0,0,{0}
2017-03-26,PTLIS,Lisbon,CAHAL,Halifax,1,1,"Melfi Marine",1,3,2730.61904761905,570.428571428571,1678,1795,8,8,8,{8}
2017-03-26,PTLIS,Lisbon,CVVXE,"St Vincente",1,1,"Maersk Line; Safmarine",2,2,3815.28571428571,276.857142857143,1545,1597,4,4,4,{4}
2017-03-26,PTLIS,Lisbon,ESALG,Algeciras,3,3,"ANL; CMA CGM; Evergreen Line; Maersk Line; Marguisa; NileDutch; OPDR; Safmarine; Seago Line; X-Press",10,18,6680.33928571429,1192.25,707,3739,1,2,4,"{1,2,4}"
2017-03-26,PTLIS,Lisbon,ESSCT,Tenerife,1,1,"ANL; Boluda Lines; CMA CGM; Hapag-Lloyd",4,2,1637.5,210,1267,2008,3,3,3,{3}
2017-03-26,PTLIS,Lisbon,MAPTM,Tanger,1,1,"Alianca; Hamburg Sud; Hapag-Lloyd; ZIM",4,11,4566.27272727273,369.090909090909,4250,4843,1,1,1,{1}
2017-03-26,PTLIS,Lisbon,NLRTM,Rotterdam,1,1,"ANL; CMA CGM; Evergreen Line; OPDR; Samskip; X-Press",6,3,803.333333333333,180,803,804,4,4,4,{4}
2017-03-26,PTLIS,Lisbon,PTLEI,Leixoes,2,2,"K Line; Transinsular; Unifeeder",3,6,3714.78571428571,518.571428571429,809,1577,1,1.5,2,"{2,1}"
2017-03-26,PTLIS,Lisbon,PTSET,Setubal,1,1,"MSC; WEC Lines",2,2,1008,150,1008,1008,0,0,0,{0}
2017-03-26,PTLIS,Lisbon,PTSIE,Sines,2,2,"Alianca; ANL; CMA CGM; Hamburg Sud; Hapag-Lloyd; Maersk Line; MSC; Safmarine; WEC Lines",9,8,6534.14285714286,630.571428571429,700,6402,0,0,0,"{0,0}"
2017-03-26,PTLIS,Lisbon,STTMS,"Sao Tome",1,1,PSL,1,1,7126.71428571429,1380,2169,2169,13,13,13,{13}
2017-03-26,PTSET,Setubal,ESALG,Algeciras,1,1,"CMA CGM; OPDR",2,3,698,120,698,698,1,1,1,{1}
2017-03-26,PTSET,Setubal,GBLIV,Liverpool,1,1,"MSC; WEC Lines",2,3,868,206,868,868,3,3,3,{3}
2017-03-26,PTSET,Setubal,GBTIL,Tilbury,1,1,"CMA CGM; DAL-Deutsche Afrika Linien; OPDR",3,2,872.5,232.5,868,877,3,3,3,{3}
2017-03-26,PTSET,Setubal,PTLEI,Leixoes,3,3,"ANL; CMA CGM; MacAndrews; MSC; OPDR; WEC Lines",6,6,2598.5,448,698,1008,1,1,2,"{1,2,1}"
2017-03-26,PTSIE,Sines,BEANR,Antwerp,1,1,"Alianca; Hamburg Sud; Hyundai; Maersk Line; MCC; MSC; Safmarine; Seago Line",8,16,12582.875,775,13092,15550,2,2,2,{2}
2017-03-26,PTSIE,Sines,BRRIO,"Rio de Janeiro",1,1,"Alianca; ANL; CMA CGM; Hamburg Sud; Hapag-Lloyd; Maersk Line; MSC; Safmarine",8,7,5834.14285714286,530.571428571429,5551,6402,10,10,10,{10}
2017-03-26,PTSIE,Sines,BSFPO,Freeport,2,2,"Hapag-Lloyd; Maersk Line; MSC; Safmarine; SeaLand",5,17,15278.6142857143,627.871428571429,4549,9400,7,7.5,8,"{8,7}"
2017-03-26,PTSIE,Sines,CAMTR,Montreal,1,1,"MSC; WEC Lines",2,4,4808.25,413,4056,5059,7,7,7,{7}
2017-03-26,PTSIE,Sines,ESALG,Algeciras,1,1,"Maersk Line; MSC; Safmarine; SeaLand",4,7,6178.71428571429,408.571428571429,4549,6750,0,0,0,{0}
2017-03-26,PTSIE,Sines,ESBIO,Bilbao,1,1,"MSC; WEC Lines",2,1,877,231,877,877,2,2,2,{2}
2017-03-26,PTSIE,Sines,FRLEH,"Le Havre",1,1,"Hapag-Lloyd; MSC; WEC Lines",3,4,5323.5,395,4392,5800,1,1,1,{1}
2017-03-26,PTSIE,Sines,GBFXT,Felixstowe,1,1,"Hapag-Lloyd; MSC",2,4,4912.75,459.25,4158,6552,3,3,3,{3}
2017-03-26,PTSIE,Sines,GRPIR,Piraeus,1,1,"Hapag-Lloyd; MSC; WEC Lines",3,4,5323.5,395,4392,5800,3,3,3,{3}
2017-03-26,PTSIE,Sines,ITGIT,"Gioia Tauro",1,1,"MSC; SCI-Shipping Corp. of India; WEC Lines",3,8,11710.75,888.75,8110,13092,3,3,3,{3}
2017-03-26,PTSIE,Sines,MACAS,Casablanca,2,2,"MSC; WEC Lines",2,7,3632.66666666667,408.333333333333,700,3424,1,1,1,"{1,1}"
2017-03-26,PTSIE,Sines,PACTB,Cristobal,1,1,MSC,1,10,9012.3,501.9,8800,9400,9,9,9,{9}
2017-03-26,PTSIE,Sines,PTLEI,Leixoes,2,2,"MSC; WEC Lines",2,6,2794.33333333333,572.666666666667,868,2109,0,0.5,1,"{0,1}"
2017-03-26,PTSIE,Sines,PTSET,Setubal,1,1,"MSC; WEC Lines",2,3,868,206,868,868,0,0,0,{0}
2017-03-26,PTSIE,Sines,USNYC,"New York NY/NJ",1,1,"Maersk Line; MSC; Safmarine",3,7,6369.28571428571,480,4549,6732,8,8,8,{8}
2017-03-26,PWROR,Koror,PHCEB,Cebu,1,1,MELL,1,4,1089.5,205,1080,1118,3,3,3,{3}
2017-03-26,QAHMD,Hamad,AEJEA,"Dubai, Jebel Ali",1,1,"Milaha Maritime",1,2,1674,250,1608,1740,4,4,4,{4}
2017-03-26,QAHMD,Hamad,SADMM,Dammam,2,2,"APL; CMA CGM; COSCO; Evergreen Line; MSC; OOCL",6,14,17910.7142857143,1121.42857142857,5059,11388,0,0.5,1,"{1,0}"
2017-03-26,REPDG,"Reunion Island",AEKLF,"Khor Fakkan",1,1,"ANL; CMA CGM; PIL",3,10,3148.3,404.1,1697,4308,9,9,9,{9}
2017-03-26,REPDG,"Reunion Island",AUFRE,Fremantle,1,1,"ANL; CMA CGM; Hapag-Lloyd",3,13,5661.69230769231,461.923076923077,5250,5782,9,9,9,{9}
2017-03-26,REPDG,"Reunion Island",MGTOA,Tamatave/Toamasina,1,1,"ANL; CMA CGM; Maersk Line; Safmarine",4,8,1832.5,301.25,2262,2506,3,3,3,{3}
2017-03-26,REPDG,"Reunion Island",MUPLU,"Port Louis",1,1,"DAL-Deutsche Afrika Linien; MSC",2,12,6109.08333333333,504.166666666667,4900,7455,0,0,0,{0}
2017-03-26,REPDG,"Reunion Island",ZACPT,"Cape Town",1,1,"ANL; CMA CGM; COSCO; Maersk Line; NileDutch; PIL; Safmarine",7,12,7781.33333333333,681,5071,10622,8,8,8,{8}
2017-03-26,REPDG,"Reunion Island",ZADUR,Durban,1,1,"ANL; CMA CGM; PIL",3,10,3148.3,404.1,1697,4308,5,5,5,{5}
2017-03-26,REREU,Reunion,MGTOA,Tamatave/Toamasina,1,1,"MOL; PIL",2,9,1831,242,1728,2135,2,2,2,{2}
2017-03-26,REREU,Reunion,MUPLU,"Port Louis",1,1,"Maersk Line; Safmarine",2,3,2516,335.333333333333,2474,2578,1,1,1,{1}
2017-03-26,ROCND,Constanta,UAODS,Odessa,1,1,"APL; CMA CGM; COSCO; Evergreen Line; OOCL",5,10,9126.3,902.4,8386,9443,2,2,2,{2}
2017-03-26,RUKGD,Kaliningrad,DEBRV,Bremerhaven,1,1,"CMA CGM; Mann Lines",2,1,700,144,700,700,4,4,4,{4}
2017-03-26,RUKGD,Kaliningrad,LVRIX,Riga,1,1,"Seago Line",1,2,1126,225,1036,1216,2,2,2,{2}
2017-03-26,RULED,"St Petersburg",DEBRV,Bremerhaven,1,1,"Maersk Line; Seago Line; SeaLand",3,8,2502.25,537.5,2226,2592,5,5,5,{5}
2017-03-26,RULED,"St Petersburg",DEHAM,Hamburg,3,3,"ANL; CMA CGM; Evergreen Line; FESCO; Hapag-Lloyd; OOCL; OPDR; Team Lines; Unifeeder; X-Press",10,12,3489.16666666667,776.5,868,1638,3,3,3,"{3,3,3}"
2017-03-26,RULED,"St Petersburg",DEKEL,Kiel,1,1,"ANL; CMA CGM; Evergreen Line; FESCO; Hapag-Lloyd; OOCL; Team Lines; Unifeeder; X-Press",9,3,1068.66666666667,245.333333333333,1036,1085,3,3,3,{3}
2017-03-26,RULED,"St Petersburg",DKAAR,Aarhus,1,1,"Sea Connect",1,1,1320,200,660,660,4,4,4,{4}
2017-03-26,RULED,"St Petersburg",FIHEL,Helsinki,1,1,Hapag-Lloyd,1,2,2350,149.5,2300,2400,2,2,2,{2}
2017-03-26,RULED,"St Petersburg",FIKTK,Kotka,3,2,"ANL; CMA CGM; COSCO; FESCO; Yang Ming",5,8,4221.33333333333,821.333333333333,1368,1440,1,1,2,"{2,1,1}"
2017-03-26,RULED,"St Petersburg",GBFXT,Felixstowe,1,1,MSC,1,2,2798,150,2591,3005,7,7,7,{7}
2017-03-26,RULED,"St Petersburg",GBNCL,"Newcastle UK",1,1,"Seago Line",1,2,1719,400,1719,1719,4,4,4,{4}
2017-03-26,RULED,"St Petersburg",NLRTM,Rotterdam,4,4,"ANL; CMA CGM; Evergreen Line; FESCO; OOCL; Sea Connect; Seago Line; StreamLines; Team Lines; Unifeeder; X-Press",11,10,4645.71428571429,823.380952380952,660,1730,3,4,5,"{3,5,4,4}"
2017-03-26,RULED,"St Petersburg",PLGDN,Gdansk,1,1,"Seago Line",1,1,1578,130,1578,1578,3,3,3,{3}
2017-03-26,RULED,"St Petersburg",SEUME,Umea,1,1,"SCA Logistics",1,2,1025,249,1025,1025,2,2,2,{2}
2017-03-26,RUNVS,Novorossiysk,TRAMB,"Istanbul (Ambarli)",1,1,"Maersk Line; Safmarine; SeaLand",3,10,3069.9,761.8,3003,3078,4,4,4,{4}
2017-03-26,RUNVS,Novorossiysk,TRIZT,Izmit,1,1,"Maersk Line; Safmarine",2,8,4968.75,557.5,5466,6802,3,3,3,{3}
2017-03-26,RUSKA,Slavyanka,CNNGB,Ningbo,1,1,"Alianca; Hamburg Sud; ZIM",3,11,4963,442.727272727273,4814,5117,3,3,3,{3}
2017-03-26,RUULU,"Ust Luga",EETLL,"Tallinn Estonia",1,1,"CMA CGM; Evergreen Line; Hapag-Lloyd; OOCL; Team Lines; Unifeeder",6,3,995.666666666667,232.666666666667,877,1085,2,2,2,{2}
2017-03-26,RUULU,"Ust Luga",FIKTK,Kotka,1,1,"COSCO; Unifeeder; X-Press",3,2,1312,302.5,1220,1404,1,1,1,{1}
2017-03-26,RUULU,"Ust Luga",RULED,"St Petersburg",2,2,"ANL; CMA CGM; FESCO; Seago Line",4,3,3308,330,1578,1730,1,1,1,"{1,1}"
2017-03-26,RUVVO,Vladivostok,CNTXG,Xingang/Tianjin,1,1,"CMA CGM; FESCO; Hyundai",3,3,2649,383.333333333333,1748,3108,3,3,3,{3}
2017-03-26,RUVVO,Vladivostok,KRPUS,Busan,2,2,"CNC Line-Cheng Lie Navigation Co. Ltd.; Evergreen Line; MCC; SASCO",4,17,2627.61428571429,512.7,1022,1714,2,2.5,3,"{3,2}"
2017-03-26,RUVVO,Vladivostok,RUVYP,Vostochniy,1,1,"ANL; CMA CGM; CNC Line-Cheng Lie Navigation Co. Ltd.; FESCO; Hyundai",5,3,3531.33333333333,425.666666666667,2758,4728,3,3,3,{3}
2017-03-26,RUVYP,Vostochniy,CNSHA,Shanghai,1,1,"Maersk Line; MCC; MSC; Safmarine",4,18,8412.27777777778,746.222222222222,8272,8650,3,3,3,{3}
2017-03-26,RUVYP,Vostochniy,KRPUS,Busan,5,5,"ANL; CMA CGM; CNC Line-Cheng Lie Navigation Co. Ltd.; FESCO; Gold Star Line; Heung-A; Hyundai; Maersk Line; MCC; MSC; PanOcean; Safmarine; Sinokor; ZIM",14,39,21194.1,2135.01666666667,1050,13102,1,2,5,"{5,2,2,1,3}"
2017-03-26,RUVYP,Vostochniy,RUVVO,Vladivostok,1,1,"CMA CGM; FESCO; Hyundai",3,3,2649,383.333333333333,1748,3108,2,2,2,{2}
2017-03-26,SADMM,Dammam,IQUQR,"Umm Qasr",1,1,MSC,1,7,7773.71428571429,478.571428571429,5059,9400,1,1,1,{1}
2017-03-26,SADMM,Dammam,IRBND,"Bandar Abbas",1,1,"APL; Hyundai",2,6,4771.5,485.333333333333,4500,5301,1,1,1,{1}
2017-03-26,SADMM,Dammam,SAJUB,Jubail,5,5,"ANL; APL; CMA CGM; COSCO; Evergreen Line; Hapag-Lloyd; K Line; Maersk Line; Milaha Maritime; MOL; NYK; OOCL; Safmarine; UASC; Wan Hai; X-Press; Yang Ming",17,29,36123.1428571429,3235.21428571429,2762,11388,0,1,3,"{1,0,1,3,1}"
2017-03-26,SADMM,Dammam,SGSIN,Singapore,2,2,"APL; CMA CGM; COSCO; Evergreen Line; Hapag-Lloyd; Hyundai; K Line; OOCL; TS Lines",9,13,17510.0476190476,835.714285714286,6350,10050,12,12,12,"{12,12}"
2017-03-26,SAJED,Jeddah,AEJEA,"Dubai, Jebel Ali",1,1,"Maersk Line; Safmarine; Seago Line",3,8,9924.125,1275,9443,10100,5,5,5,{5}
2017-03-26,SAJED,Jeddah,AEKLF,"Khor Fakkan",3,3,"Alianca; ANL; APL; CMA CGM; COSCO; Hamburg Sud; Hapag-Lloyd; Marguisa; NYK; UASC",10,21,21846.875,2540.75,5250,9030,4,5,6,"{6,4,5}"
2017-03-26,SAJED,Jeddah,CNNSA,Nansha,1,1,"APL; CMA CGM; COSCO; Evergreen Line; OOCL",5,11,13437.0909090909,236.363636363636,12552,13880,17,17,17,{17}
2017-03-26,SAJED,Jeddah,DJJIB,Djibouti,1,1,"CMA CGM",1,1,3708,600,1854,1854,3,3,3,{3}
2017-03-26,SAJED,Jeddah,EGPSD,"Port Said",1,1,"ANL; APL; CMA CGM; COSCO; Hapag-Lloyd; Marguisa; UASC",7,7,6921,486,6921,6921,3,3,3,{3}
2017-03-26,SAJED,Jeddah,EGSOK,Sokhna,3,3,"ANL; APL; CMA CGM; COSCO; Evergreen Line; OOCL; PIL; UASC; Unimed Feeder Services-UFS",9,19,19243.5138888889,821.111111111111,3560,9661,1,3,3,"{3,1,3}"
2017-03-26,SAJED,Jeddah,ERMSW,Massawa,1,1,"WEC Lines",1,1,728,,364,364,2,2,2,{2}
2017-03-26,SAJED,Jeddah,ILASH,Ashdod,1,1,"Hapag-Lloyd; K Line; MOL; NYK; UASC; Yang Ming",6,10,10297.2,656.2,5041,14100,3,3,3,{3}
2017-03-26,SAJED,Jeddah,ITCAG,Cagliari,1,1,"Alianca; CMA CGM; COSCO; Hamburg Sud; Hapag-Lloyd; NYK; UASC",7,8,8590.875,1305.25,8004,9030,6,6,6,{6}
2017-03-26,SAJED,Jeddah,ITGOA,Genoa,1,1,"Hapag-Lloyd; K Line; MOL; NYK; UASC; Yang Ming",6,10,12972.5,510,8004,14100,6,6,6,{6}
2017-03-26,SAJED,Jeddah,JOAQB,Aqaba,2,2,"APL; CMA CGM; COSCO; Evergreen Line; Maersk Line; OOCL; Safmarine",7,15,14326.875,1115.05357142857,5094,10000,2,2,2,"{2,2}"
2017-03-26,SAJED,Jeddah,LKCMB,Colombo,2,2,"APL; CMA CGM; COSCO; Evergreen Line; Hapag-Lloyd; K Line; MOL; NYK; OOCL; UASC; Yang Ming",11,19,20503.1111111111,580,8200,14000,7,7.5,8,"{7,8}"
2017-03-26,SAJED,Jeddah,MAPTM,Tanger,1,1,"Maersk Line; Safmarine; Seago Line",3,8,9924.125,1275,9443,10100,7,7,7,{7}
2017-03-26,SAJED,Jeddah,MYPKG,"Port Klang",1,1,"APL; CMA CGM; COSCO; Evergreen Line; OOCL",5,10,6364.5,382,5618,7024,12,12,12,{12}
2017-03-26,SAJED,Jeddah,MYTPP,"Tanjung Pelepas",1,1,"COSCO; Evergreen Line; OOCL",3,8,7988.75,572.625,7024,8452,10,10,10,{10}
2017-03-26,SAJED,Jeddah,NLRTM,Rotterdam,1,1,"Hapag-Lloyd; K Line; MOL; NYK; UASC; Yang Ming",6,10,8933.6,480,8200,9040,10,10,10,{10}
2017-03-26,SAJED,Jeddah,OMSLL,Salalah,2,2,"Maersk Line; Safmarine",2,15,13632.75,1428.92857142857,5466,10000,4,4,4,"{4,4}"
2017-03-26,SAJED,Jeddah,PKKHI,Karachi,1,1,"ANL; APL; CMA CGM; Hapag-Lloyd; NYK; OOCL; UASC",7,8,6410.375,748.25,5608,6589,5,5,5,{5}
2017-03-26,SAJED,Jeddah,SAYNB,Yanbu,1,1,"ANL; CMA CGM; COSCO; Hapag-Lloyd; UASC",5,6,6335,749.5,5250,6921,2,2,2,{2}
2017-03-26,SAJED,Jeddah,SDPZU,"Port Sudan",5,5,"CMA CGM; Evergreen Line; Maersk Line; PIL; Safmarine; UASC; Unimed Feeder Services-UFS; X-Press",8,16,17539.8571428571,1994.57142857143,1730,8110,1,1,2,"{1,1,1,1,2}"
2017-03-26,SAJED,Jeddah,SGSIN,Singapore,2,2,"APL; CMA CGM; COSCO; Evergreen Line; Hapag-Lloyd; K Line; MOL; NYK; OOCL; PIL; UASC; Yang Ming",12,18,19515.825,1006.2,5041,14100,13,14,15,"{13,15}"
2017-03-26,SAJUB,Jubail,AEAUH,"Abu Dhabi",2,2,"Hapag-Lloyd; K Line; Maersk Line; MOL; NYK; Safmarine; UASC; Yang Ming",8,14,16503.1428571429,1442.85714285714,5762,10000,1,1,1,"{1,1}"
2017-03-26,SAJUB,Jubail,AEJEA,"Dubai, Jebel Ali",2,2,"ANL; CMA CGM; COSCO; Hapag-Lloyd; Milaha Maritime; UASC; Wan Hai; X-Press",8,8,9483,1149.5,2762,6921,1,1.5,2,"{2,1}"
2017-03-26,SAJUB,Jubail,INMUN,Mundra,1,1,MSC,1,7,7773.71428571429,478.571428571429,5059,9400,3,3,3,{3}
2017-03-26,SAJUB,Jubail,SGSIN,Singapore,1,1,"APL; CMA CGM; COSCO; Evergreen Line; OOCL",5,7,10137,642.857142857143,9162,11388,12,12,12,{12}
2017-03-26,SAKAC,"King Abdullah City",AEJEA,"Dubai, Jebel Ali",3,3,"Hapag-Lloyd; Maersk Line; MCC; MSC; Safmarine",5,31,35673.5636363636,2638.18181818182,8034,15908,5,6,7,"{6,5,7}"
2017-03-26,SAKAC,"King Abdullah City",DJJIB,Djibouti,1,1,"APL; CMA CGM; COSCO; MSC; UASC",5,8,8853.25,891.375,8400,9200,2,2,2,{2}
2017-03-26,SAKAC,"King Abdullah City",ESVLC,Valencia,1,1,"DAL-Deutsche Afrika Linien; MSC",2,12,6109.08333333333,504.166666666667,4900,7455,5,5,5,{5}
2017-03-26,SAKAC,"King Abdullah City",GBFXT,Felixstowe,1,1,"MSC; SCI-Shipping Corp. of India; WEC Lines",3,8,11710.75,888.75,8110,13092,12,12,12,{12}
2017-03-26,SAKAC,"King Abdullah City",ITGIT,"Gioia Tauro",1,1,"APL; CMA CGM; COSCO; MSC; UASC",5,8,8853.25,891.375,8400,9200,5,5,5,{5}
2017-03-26,SAKAC,"King Abdullah City",JOAQB,Aqaba,1,1,"CMA CGM; MSC; WEC Lines",3,4,3234.75,262.5,2480,3534,2,2,2,{2}
2017-03-26,SAKAC,"King Abdullah City",OMSLL,Salalah,1,1,"Maersk Line; MCC; MSC; Safmarine",4,15,9141.2,733.333333333333,9034,13102,4,4,4,{4}
2017-03-26,SAKAC,"King Abdullah City",SAJED,Jeddah,1,1,"CMA CGM; Evergreen Line; X-Press",3,1,1730,250,1730,1730,1,1,1,{1}
2017-03-26,SAKAC,"King Abdullah City",TRIZT,Izmit,1,1,"Hapag-Lloyd; Maersk Line; MCC; MSC; Safmarine",5,10,12977.4,1020,13050,15908,5,5,5,{5}
2017-03-26,SAKAC,"King Abdullah City",TZDAR,"Dar es Salaam",1,1,"CMA CGM; MSC; WEC Lines",3,4,3234.75,262.5,2480,3534,6,6,6,{6}
2017-03-26,SAYNB,Yanbu,EGPSD,"Port Said",1,1,"ANL; CMA CGM; COSCO; Hapag-Lloyd; UASC",5,6,6335,749.5,5250,6921,4,4,4,{4}
2017-03-26,SBHIR,Honiara,CNTXG,Xingang/Tianjin,1,1,NewPac,1,2,4971.42857142857,857.142857142857,1740,1740,10,10,10,{10}
2017-03-26,SBHIR,Honiara,NZTRG,Tauranga,2,2,"Maersk Line; PDL-Pacific Direct Line; Sofrana ANL",3,2,8938.28571428571,1542.85714285714,844,894,6,6.5,7,"{6,7}"
2017-03-26,SBNOR,Noro,PGLAE,Lae,1,1,"Maersk Line",1,2,2874.85714285714,565.714285714286,1118,1118,3,3,3,{3}
2017-03-26,SCPOV,"Seychelles Is., Port Victoria",INMUN,Mundra,1,1,"CMA CGM; Emirates Shipping",2,5,2120.2,320,1708,2272,5,5,5,{5}
2017-03-26,SCPOV,"Seychelles Is., Port Victoria",KMMUT,Mutsamudu,1,1,"UAFL-United Africa Feeder Line; WEC Lines",2,2,3410,420,1684,1726,7,7,7,{7}
2017-03-26,SCPOV,"Seychelles Is., Port Victoria",OMSLL,Salalah,1,1,"Maersk Line; Safmarine",2,3,2516,335.333333333333,2474,2578,3,3,3,{3}
2017-03-26,SCPOV,"Seychelles Is., Port Victoria",TZDAR,"Dar es Salaam",1,1,"CMA CGM; COSCO; Emirates Shipping; Evergreen Line; MOL; NYK; X-Press",7,7,2508,287.142857142857,2192,2711,6,6,6,{6}
2017-03-26,SDPZU,"Port Sudan",DJJIB,Djibouti,3,3,"APL; CMA CGM; COSCO; Evergreen Line; Maersk Line; OOCL; PIL; Safmarine; Unimed Feeder Services-UFS",9,20,13962.7321428571,1028.19642857143,3000,8110,2,5,7,"{2,5,7}"
2017-03-26,SDPZU,"Port Sudan",SAJED,Jeddah,2,2,"CMA CGM; UASC; Unimed Feeder Services-UFS",3,3,7510,960,1854,3802,0,0.5,1,"{1,0}"
2017-03-26,SDPZU,"Port Sudan",SAKAC,"King Abdullah City",1,1,"CMA CGM; Evergreen Line; X-Press",3,1,1730,250,1730,1730,3,3,3,{3}
2017-03-26,SEAHU,Ahus,DEBRV,Bremerhaven,1,1,"Hapag-Lloyd; Team Lines",2,1,658,102,658,658,1,1,1,{1}
2017-03-26,SEAHU,Ahus,DEHAM,Hamburg,1,1,X-Press,1,1,508,50,508,508,1,1,1,{1}
2017-03-26,SEGOT,Gothenburg,DEBRV,Bremerhaven,2,2,"ANL; CMA CGM; MSC; Team Lines; Unifeeder; ZIM",6,2,2476,681,1036,1440,1,1.5,2,"{1,2}"
2017-03-26,SEGOT,Gothenburg,DEWVN,Wilhelmshaven,1,1,"Seago Line",1,1,1036,250,1036,1036,1,1,1,{1}
2017-03-26,SEGOT,Gothenburg,DKAAR,Aarhus,3,3,"Alianca; Hamburg Sud; Hapag-Lloyd; Hyundai; K Line; Maersk Line; MCC; MSC; Safmarine; Seago Line; Unifeeder",11,17,18826.6666666667,984,809,19272,1,1,1,"{1,1,1}"
2017-03-26,SEGOT,Gothenburg,FRLEH,"Le Havre",1,1,MSC,1,2,1797,392.5,1719,1875,3,3,3,{3}
2017-03-26,SEGOT,Gothenburg,NLRTM,Rotterdam,3,3,"COSCO; Evergreen Line; OPDR; Tschudi Express; Unifeeder; X-Press; Yang Ming",7,3,2456,532,698,1008,2,2,2,"{2,2,2}"
2017-03-26,SEGOT,Gothenburg,PLGDN,Gdansk,1,1,"Seago Line",1,2,1578,130,1578,1578,2,2,2,{2}
2017-03-26,SEGOT,Gothenburg,SEHEL,Helsingborg,1,1,"COSCO; Evergreen Line; Hapag-Lloyd; Samskip; Unifeeder",5,1,809,150,809,809,1,1,1,{1}
2017-03-26,SEGVX,Gavle,BEANR,Antwerp,1,1,MSC,1,2,1309,225,1216,1402,4,4,4,{4}
2017-03-26,SEGVX,Gavle,DEHAM,Hamburg,1,1,"CMA CGM; Evergreen Line; Hapag-Lloyd; OOCL; Team Lines; Unifeeder",6,3,1565.66666666667,307.333333333333,1421,1638,3,3,3,{3}
2017-03-26,SEGVX,Gavle,SENRK,Norrköping,1,1,"Seago Line",1,2,1578,130,1578,1578,1,1,1,{1}
2017-03-26,SEHAD,Halmstad,DKAAR,Aarhus,1,1,Eimskip,1,2,698,120,698,698,1,1,1,{1}
2017-03-26,SEHAD,Halmstad,SEGOT,Gothenburg,1,1,"ANL; CMA CGM; Team Lines; Unifeeder; ZIM",5,1,1036,250,1036,1036,1,1,1,{1}
2017-03-26,SEHEL,Helsingborg,DEBRV,Bremerhaven,1,1,Hapag-Lloyd,1,1,648,150,648,648,1,1,1,{1}
2017-03-26,SEHEL,Helsingborg,DKAAR,Aarhus,1,1,"CMA CGM; COSCO; Evergreen Line; Team Lines; Unifeeder",5,1,1118,220,1118,1118,1,1,1,{1}
2017-03-26,SEHEL,Helsingborg,NODRM,Drammen,1,1,"Seago Line",1,1,862,204,862,862,1,1,1,{1}
2017-03-26,SEHEL,Helsingborg,NOKRS,Kristiansand,1,1,"COSCO; Evergreen Line; Hapag-Lloyd; Samskip; Unifeeder",5,1,809,150,809,809,1,1,1,{1}
2017-03-26,SEHEL,Helsingborg,PLGDY,"Gdynia Poland",1,1,"MacAndrews; OPDR; Samskip",3,2,750,145,750,750,1,1,1,{1}
2017-03-26,SEHEL,Helsingborg,SEGOT,Gothenburg,3,3,"Hapag-Lloyd; K Line; MSC; Unifeeder",4,6,3123.5,815,809,1440,1,1,2,"{1,1,2}"
2017-03-26,SENRK,Norrköping,DEBRV,Bremerhaven,1,1,"Seago Line",1,2,1578,130,1578,1578,3,3,3,{3}
2017-03-26,SENRK,Norrköping,SEAHU,Ahus,1,1,"Hapag-Lloyd; Team Lines",2,1,658,102,658,658,1,1,1,{1}
2017-03-26,SENRK,Norrköping,SESTO,Stockholm,2,2,"CMA CGM; Evergreen Line; Hapag-Lloyd; MSC; OOCL; Team Lines; Unifeeder",7,5,2874.66666666667,532.333333333333,1216,1638,1,1,1,"{1,1}"
2017-03-26,SEPIT,Pitea,DEHAM,Hamburg,1,1,X-Press,1,2,1036,250,1036,1036,4,4,4,{4}
2017-03-26,SESDL,Sundsvall,NLRTM,Rotterdam,1,1,"SCA Logistics",1,2,1025,249,1025,1025,3,3,3,{3}
2017-03-26,SESOE,Sodertalje,SEAHU,Ahus,1,1,X-Press,1,1,508,50,508,508,1,1,1,{1}
2017-03-26,SESTO,Stockholm,SEGVX,Gavle,2,2,"CMA CGM; Evergreen Line; Hapag-Lloyd; MSC; OOCL; Team Lines; Unifeeder",7,5,2874.66666666667,532.333333333333,1216,1638,0,0.5,1,"{1,0}"
2017-03-26,SESTO,Stockholm,SENRK,Norrköping,1,1,"Hapag-Lloyd; Team Lines",2,1,658,102,658,658,1,1,1,{1}
2017-03-26,SESTO,Stockholm,SESOE,Sodertalje,1,1,X-Press,1,1,508,50,508,508,1,1,1,{1}
2017-03-26,SEUME,Umea,SESDL,Sundsvall,1,1,"SCA Logistics",1,2,1025,249,1025,1025,1,1,1,{1}
2017-03-26,SEVAG,Varberg,SEHEL,Helsingborg,1,1,Hapag-Lloyd,1,1,648,150,648,648,2,2,2,{2}
2017-03-26,SGSIN,Singapore,AEJEA,"Dubai, Jebel Ali",3,3,"APL; CMA CGM; COSCO; Evergreen Line; Hapag-Lloyd; K Line; MOL; NYK; OOCL; UASC; Yang Ming",11,20,27984.4761904762,1464.28571428571,5762,11388,9,9,9,"{9,9,9}"
2017-03-26,SGSIN,Singapore,AEKLF,"Khor Fakkan",1,1,"APL; CMA CGM; COSCO; Evergreen Line; OOCL",5,7,10340,714.285714285714,10100,10700,8,8,8,{8}
2017-03-26,SGSIN,Singapore,AUBNE,Brisbane,4,4,"ANL; APL; CMA CGM; COSCO; Hapag-Lloyd; K Line; Maersk Line; MOL; OOCL; PIL; UASC; Yang Ming",12,21,17954.2333333333,2298.13333333333,4250,5087,8,9.5,11,"{8,11,9,10}"
2017-03-26,SGSIN,Singapore,AUDRW,Darwin,1,1,"Swire Shipping",1,1,10692.5714285714,2285.71428571429,2339,2339,6,6,6,{6}
2017-03-26,SGSIN,Singapore,AUFRE,Fremantle,3,3,"Alianca; APL; COSCO; Hamburg Sud; Hapag-Lloyd; Hyundai; K Line; Maersk Line; MCC; MOL; MSC; OOCL; PIL; Safmarine",14,18,11858,1115.16666666667,1708,6350,5,6,6,"{5,6,6}"
2017-03-26,SGSIN,Singapore,AUSYD,Sydney,1,1,"Hapag-Lloyd; Maersk Line",2,6,2913.83333333333,493,2824,3003,14,14,14,{14}
2017-03-26,SGSIN,Singapore,BDCGP,Chittagong,4,4,"Advance Container Lines; APL; Gold Star Line; Hapag-Lloyd; MCC; MOL; OOCL; PIL; X-Press",9,12,8173.37142857143,1366.14285714286,1080,2754,5,5,5,"{5,5,5,5}"
2017-03-26,SGSIN,Singapore,BRSPB,Sepetiba,1,1,"Alianca; CMA CGM; COSCO; Evergreen Line; Hamburg Sud; Hapag-Lloyd; Maersk Line; MCC; NYK; PIL; Safmarine; Yang Ming",12,12,8183,989.833333333333,8004,9962,22,22,22,{22}
2017-03-26,SGSIN,Singapore,BRSSZ,Santos,1,1,"Maersk Line; MCC; MOL; MSC; Safmarine",5,12,8578.83333333333,831.75,7450,9962,21,21,21,{21}
2017-03-26,SGSIN,Singapore,CNDLC,Dalian,1,1,PIL,1,12,3566.75,,3889,3900,7,7,7,{7}
2017-03-26,SGSIN,Singapore,CNGGZ,"Huangpu (Guangzhou)",1,1,"MOL; PIL",2,9,1831,242,1728,2135,4,4,4,{4}
2017-03-26,SGSIN,Singapore,CNNGB,Ningbo,3,3,"Alianca; ANL; APL; CMA CGM; Hamburg Sud; Hapag-Lloyd; Hyundai; K Line; Maersk Line; MCC; MOL; MSC; NYK; PIL; Safmarine; Seago Line; UASC; Yang Ming",18,27,30919.8499278499,1265.26695526696,3560,20000,6,6,7,"{6,7,6}"
2017-03-26,SGSIN,Singapore,CNNSA,Nansha,3,3,"Alianca; APL; CMA CGM; COSCO; Evergreen Line; Hamburg Sud; Hyundai; Maersk Line; MCC; MSC; OOCL; PIL; Safmarine; Seago Line",14,29,25430.6369047619,1339.28571428571,3560,15550,3,3,5,"{3,5,3}"
2017-03-26,SGSIN,Singapore,CNSHA,Shanghai,8,8,"Alianca; ANL; APL; CMA CGM; COSCO; Evergreen Line; Gold Star Line; Hamburg Sud; Hyundai; K Line; KMTC; Maersk Line; MCC; MOL; MSC; OOCL; PIL; Safmarine; SCI-Shipping Corp. of India; Seago Line; Simatech; Sinokor; SITC Shipping; Wan Hai; ZIM",25,79,53470.8194444445,3459.86507936508,2007,19272,5,7,9,"{8,9,8,6,5,7,7,5}"
2017-03-26,SGSIN,Singapore,CNSHK,Shekou,8,8,"Alianca; ANL; APL; CMA CGM; COSCO; Evergreen Line; Gold Star Line; Hamburg Sud; Hapag-Lloyd; K Line; Maersk Line; MCC; MOL; MSC; NYK; OOCL; PIL; RCL; Safmarine; UASC; Unimed Feeder Services-UFS; Wan Hai; Yang Ming; ZIM",24,70,73610.6202020202,4971.88167388167,4532,15908,3,4,4,"{4,3,4,4,4,3,4,4}"
2017-03-26,SGSIN,Singapore,CNTAO,Qingdao,3,3,"ANL; APL; CMA CGM; COSCO; Evergreen Line; K Line; Maersk Line; NileDutch; OOCL; PIL; Safmarine; Wan Hai",12,25,22268.5,1761.85714285714,4228,11388,8,9,10,"{9,8,10}"
2017-03-26,SGSIN,Singapore,CNTXG,Xingang/Tianjin,3,3,"ANL; APL; CMA CGM; Evergreen Line; Gold Star Line; Hapag-Lloyd; K Line; Maersk Line; MCC; MSC; NYK; OOCL; RCL; Safmarine; Simatech; TS Lines; Yang Ming; ZIM",18,25,24147.6904761905,1896.66666666667,5364,13092,8,8,12,"{8,8,12}"
2017-03-26,SGSIN,Singapore,CNYTN,Yantian,2,2,"APL; CMA CGM; COSCO; Evergreen Line; Maersk Line; MCC; MSC; OOCL; Safmarine; WEC Lines",10,22,25512.1818181818,1671.18181818182,8063,19100,4,4,4,"{4,4}"
2017-03-26,SGSIN,Singapore,CNZHA,Zhanjiang,1,1,PIL,1,4,1545.5,115,1398,1684,4,4,4,{4}
2017-03-26,SGSIN,Singapore,DJJIB,Djibouti,2,2,"ANL; APL; CMA CGM; COSCO; Evergreen Line; OOCL; PIL",7,17,11885.7638888889,354.736111111111,3560,8100,9,9.5,10,"{9,10}"
2017-03-26,SGSIN,Singapore,EGDAM,Damietta,1,1,"Hapag-Lloyd; K Line; MOL; NYK; UASC; Yang Ming",6,9,8272.77777777778,384.444444444444,8073,8749,12,12,12,{12}
2017-03-26,SGSIN,Singapore,EGPSD,"Port Said",4,4,"APL; CMA CGM; COSCO; Evergreen Line; Maersk Line; MCC; MSC; OOCL; Safmarine; WEC Lines",10,46,36972.9090909091,2835.91515151515,5618,14000,12,12,13,"{12,12,12,13}"
2017-03-26,SGSIN,Singapore,ESALG,Algeciras,1,1,"APL; CMA CGM; COSCO; Evergreen Line; FESCO; OOCL; OPDR",7,12,15220.0833333333,983.333333333333,13880,17859,17,17,17,{17}
2017-03-26,SGSIN,Singapore,FRLEH,"Le Havre",1,1,"APL; CMA CGM; COSCO; Evergreen Line; OOCL",5,11,13437.0909090909,236.363636363636,12552,13880,14,14,14,{14}
2017-03-26,SGSIN,Singapore,GBFXT,Felixstowe,1,1,"APL; CMA CGM; COSCO; Evergreen Line; OOCL",5,11,13171.2727272727,853,8063,19100,19,19,19,{19}
2017-03-26,SGSIN,Singapore,GRPIR,Piraeus,2,2,"APL; CMA CGM; COSCO; Evergreen Line; OOCL",5,21,25162.4545454545,1292.36363636364,9580,14074,13,14,15,"{13,15}"
2017-03-26,SGSIN,Singapore,HKHKG,"Hong Kong",22,22,"Alianca; ANL; APL; CMA CGM; CNC Line-Cheng Lie Navigation Co. Ltd.; COSCO; Evergreen Line; Gold Star Line; Hamburg Sud; Hapag-Lloyd; Heung-A; Hyundai; IAL-Interasia Lines; K Line; KMTC; Maersk Line; MCC; MOL; MSC; NYK; OOCL; PIL; RCL; Safmarine; Seago Line; Sinokor; Sinotrans; TS Lines; UASC; Wan Hai; Yang Ming; ZIM",32,162,155421.742257742,11767.547036297,2200,19224,3,4,6,"{4,4,5,4,3,4,4,3,4,4,4,4,4,3,3,4,4,6,6,5,3,4}"
2017-03-26,SGSIN,Singapore,IDJKT,"Jakarta, Java",10,10,"ANL; APL; CMA CGM; CNC Line-Cheng Lie Navigation Co. Ltd.; COSCO; Evergreen Line; Hapag-Lloyd; Heung-A; Hyundai; K Line; KMTC; MCC; MOL; MSC; NYK; OOCL; Sinokor; Wan Hai; Yang Ming",19,50,50057.7359943978,5657.95854341737,1608,9289,1,2,3,"{2,1,2,2,2,3,1,2,3,2}"
2017-03-26,SGSIN,Singapore,INCCU,Kolkata,3,3,"ANL; BTL-Bengal Tiger Line; CMA CGM; K Line; Samudera; SOL; X-Press; Yang Ming",8,4,3592.28571428571,637.571428571429,750,1005,4,5,7,"{4,7,5}"
2017-03-26,SGSIN,Singapore,INNSA,"Mumbai (Nhava Sheva)",1,1,"Gold Star Line; Heung-A; Hyundai; K Line; Sinokor; TS Lines; Yang Ming; ZIM",8,6,6590.33333333333,531.666666666667,5551,8566,7,7,7,{7}
2017-03-26,SGSIN,Singapore,INPAV,Pipavav,1,1,"NYK; X-Press",2,4,3516.25,350,2741,4538,7,7,7,{7}
2017-03-26,SGSIN,Singapore,JPUKB,Kobe,1,1,"Hapag-Lloyd; K Line; MOL; NYK; UASC; Yang Ming",6,10,8933.6,480,8200,9040,8,8,8,{8}
2017-03-26,SGSIN,Singapore,KEMBA,Mombasa,2,2,"COSCO; Maersk Line; MCC; PIL; Safmarine",5,14,5607.14285714286,672.285714285714,2546,4250,11,11.5,12,"{11,12}"
2017-03-26,SGSIN,Singapore,KRPUS,Busan,1,1,"CULines-China United Lines; Gold Star Line; Hyundai; Simatech; X-Press; ZIM",6,5,4972.6,676,4771,5023,8,8,8,{8}
2017-03-26,SGSIN,Singapore,LKCMB,Colombo,8,8,"Alianca; ANL; APL; CMA CGM; CNC Line-Cheng Lie Navigation Co. Ltd.; COSCO; DAL-Deutsche Afrika Linien; Emirates Shipping; Evergreen Line; Gold Star Line; Hamburg Sud; Hapag-Lloyd; K Line; KMTC; Maersk Line; MCC; MOL; MSC; NYK; OOCL; PIL; RCL; Safmarine; UASC; X-Press; Yang Ming; ZIM",27,64,45370.4218614719,3234.91587301587,1085,9400,4,4.5,6,"{4,5,5,4,4,6,4,5}"
2017-03-26,SGSIN,Singapore,MAPTM,Tanger,1,1,"Hapag-Lloyd; K Line; MOL; NYK; UASC; Yang Ming",6,12,17994.3333333333,666.666666666667,14500,20150,17,17,17,{17}
2017-03-26,SGSIN,Singapore,MTMAR,"Malta (Marsaxlokk)",2,2,"APL; CMA CGM; COSCO; Evergreen Line; Maersk Line; MCC; MSC; OOCL; Safmarine",9,22,25401.2727272727,1790.90909090909,10960,15908,14,14.5,15,"{14,15}"
2017-03-26,SGSIN,Singapore,MUPLU,"Port Louis",2,2,"MOL; MSC; PIL",3,21,11866.8333333333,938.666666666667,1728,13092,10,10,10,"{10,10}"
2017-03-26,SGSIN,Singapore,MYKUA,Kuantan,1,1,PIL,1,2,1728,250,1728,1728,2,2,2,{2}
2017-03-26,SGSIN,Singapore,MYPEN,Penang,1,1,"Hyundai; KMTC; Sinokor",3,4,2214.25,302.5,2007,2450,2,2,2,{2}
2017-03-26,SGSIN,Singapore,MYPGU,"Pasir Gudang, Johor",1,1,RCL,1,4,1344,152.5,1228,1468,1,1,1,{1}
2017-03-26,SGSIN,Singapore,MYPKG,"Port Klang",43,43,"Advance Container Lines; Alianca; ANL; APL; BTL-Bengal Tiger Line; Carpenters Shipping; CMA CGM; COSCO; CULines-China United Lines; Emirates Shipping; Evergreen Line; Gold Star Line; Hamburg Sud; Hapag-Lloyd; HDASCO; Heung-A; Hyundai; IAL-Interasia Lines; K Line; KMTC; Maersk Line; MCC; MOL; NYK; OOCL; PIL; RCL; Samudera; SCI-Shipping Corp. of India; Simatech; Sinotrans; SITC Shipping; SM Line; SOL; Swire Shipping; TS Lines; UASC; Unimed Feeder Services-UFS; Wan Hai; X-Press; Yang Ming; ZIM",42,213,169564.986360698,18329.1050635639,608,10500,0,1,3,"{1,1,1,1,2,1,3,1,1,0,2,2,1,1,2,0,3,2,1,0,1,1,1,1,1,2,3,3,1,1,2,1,1,1,1,2,1,1,1,1,1,1,1}"
2017-03-26,SGSIN,Singapore,MYTPP,"Tanjung Pelepas",11,10,"ANL; APL; CMA CGM; CNC Line-Cheng Lie Navigation Co. Ltd.; COSCO; Emirates Shipping; Evergreen Line; Gold Star Line; Maersk Line; MCC; MOL; NYK; OOCL; RCL; Safmarine; SASCO; X-Press; ZIM",18,81,44141.0119047619,4110.06547619048,1022,8819,0,1,2,"{0,1,1,0,0,1,1,2,0,1,1}"
2017-03-26,SGSIN,Singapore,NAWVB,"Walvis Bay",1,1,"ANL; CMA CGM; Maersk Line; MCC; Safmarine",5,12,4317.41666666667,353,4253,4395,17,17,17,{17}
2017-03-26,SGSIN,Singapore,NCNOU,Noumea,1,1,"Swire Shipping",1,1,7652.57142857143,885.714285714286,1728,1728,13,13,13,{13}
2017-03-26,SGSIN,Singapore,OMSLL,Salalah,1,1,"Maersk Line; MCC; MSC; Safmarine",4,18,8412.27777777778,746.222222222222,8272,8650,7,7,7,{7}
2017-03-26,SGSIN,Singapore,PHBTG,Batangas,1,1,"Gold Star Line; MCC; ZIM",3,8,2911,465.25,2824,3586,6,6,6,{6}
2017-03-26,SGSIN,Singapore,PHDVO,Davao,1,1,"COSCO; PIL",2,9,2078.88888888889,127.777777777778,1085,2800,4,4,4,{4}
2017-03-26,SGSIN,Singapore,PHMNL,Manila,2,2,"ANL; APL; CMA CGM; CNC Line-Cheng Lie Navigation Co. Ltd.; COSCO; Evergreen Line; K Line; Simatech; TS Lines; X-Press; Yang Ming",11,9,7130.4,846.9,2700,4963,4,4,4,"{4,4}"
2017-03-26,SGSIN,Singapore,PKKHI,Karachi,1,1,"OOCL; Yang Ming",2,6,5035.16666666667,531.666666666667,4250,5512,8,8,8,{8}
2017-03-26,SGSIN,Singapore,REPDG,"Reunion Island",1,1,"ANL; CMA CGM; COSCO; Maersk Line; NileDutch; PIL; Safmarine",7,12,7781.33333333333,681,5071,10622,9,9,9,{9}
2017-03-26,SGSIN,Singapore,SAJED,Jeddah,4,4,"APL; CMA CGM; COSCO; Evergreen Line; Hapag-Lloyd; K Line; MOL; NYK; OOCL; PIL; UASC; Yang Ming",12,38,41421.925,1996.2,5041,14100,10,10,12,"{10,12,10,10}"
2017-03-26,SGSIN,Singapore,SAKAC,"King Abdullah City",1,1,"Hapag-Lloyd; Maersk Line; MCC; MSC; Safmarine",5,10,12977.4,1020,13050,15908,10,10,10,{10}
2017-03-26,SGSIN,Singapore,TGLFW,Lome,1,1,"COSCO; Gold Star Line; PIL; ZIM",4,12,3930.75,249.166666666667,3889,4506,25,25,25,{25}
2017-03-26,SGSIN,Singapore,THLCH,"Laem Chabang",12,12,"Alianca; APL; BTL-Bengal Tiger Line; CMA CGM; COSCO; Evergreen Line; Hamburg Sud; Hapag-Lloyd; Hyundai; K Line; KMTC; Maersk Line; MCC; MOL; MSC; NYK; OOCL; PIL; RCL; Safmarine; Samudera; Simatech; UASC; X-Press; Yang Ming",25,76,60488.0972582973,5087.21904761905,1740,9100,2,3,5,"{5,2,3,2,3,3,4,3,3,2,3,5}"
2017-03-26,SGSIN,Singapore,TWKEL,Keelung,1,1,"MCC; OOCL",2,5,2458.8,380,2190,2754,5,5,5,{5}
2017-03-26,SGSIN,Singapore,TWKHH,Kaohsiung,5,5,"Alianca; ANL; APL; CMA CGM; COSCO; Evergreen Line; Hamburg Sud; Hapag-Lloyd; K Line; MOL; NYK; PIL; UASC; Wan Hai; X-Press; Yang Ming",16,36,32632.9689393939,2823.35151515152,4211,14100,4,4,6,"{4,4,4,4,6}"
2017-03-26,SGSIN,Singapore,USNYC,"New York NY/NJ",1,1,"Hapag-Lloyd; K Line; MOL; NYK; UASC; Yang Ming",6,11,8970.72727272727,823.818181818182,8073,10500,23,23,23,{23}
2017-03-26,SGSIN,Singapore,VNUIH,"Qui Nhon",1,1,MCC,1,3,1719,363,1713,1730,2,2,2,{2}
2017-03-26,SGSIN,Singapore,VNVUT,"Cai Mep (near Ho Chi Minh)",4,4,"APL; CMA CGM; COSCO; Evergreen Line; Gold Star Line; Hapag-Lloyd; Hyundai; IAL-Interasia Lines; K Line; MCC; MOL; NYK; OOCL; Samudera; SM Line; Wan Hai; X-Press; Yang Ming; ZIM",19,33,23857.1696428571,2252.95238095238,4252,8530,1,2,2,"{2,2,2,1}"
2017-03-26,SGSIN,Singapore,ZACPT,"Cape Town",1,1,PIL,1,12,3566.75,,3889,3900,16,16,16,{16}
2017-03-26,SGSIN,Singapore,ZADUR,Durban,1,1,"COSCO; Evergreen Line; K Line; MOL; PIL",5,7,3975,379.142857142857,4211,5087,13,13,13,{13}
2017-03-26,SIKOP,Koper,ITTRS,Trieste,2,2,"APL; CMA CGM; COSCO; Evergreen Line; Maersk Line; MCC; MSC; OOCL; Safmarine",9,25,15505.7,1115.33333333333,5618,13102,0,0,0,"{0,0}"
2017-03-26,SIKOP,Koper,MTMAR,"Malta (Marsaxlokk)",1,1,"APL; CMA CGM; COSCO; Evergreen Line; OOCL",5,10,6364.5,382,5618,7024,3,3,3,{3}
2017-03-26,SLFNA,Freetown,LRMLW,Monrovia,1,1,"CMA CGM",1,4,1108.75,212,1180,1678,2,2,2,{2}
2017-03-26,SLFNA,Freetown,MAPTM,Tanger,1,1,"Maersk Line; Safmarine",2,4,2488,400.25,2472,2524,5,5,5,{5}
2017-03-26,SNDKR,Dakar,CIABJ,Abidjan,1,1,"Arkas Line; CMA CGM; COSCO; Hapag-Lloyd; Messina; ZIM",6,6,2527.66666666667,435.333333333333,2452,2702,3,3,3,{3}
2017-03-26,SNDKR,Dakar,CISPY,"San Pedro, Ivory Coast",1,1,"CMA CGM; COSCO; NileDutch; OPDR; UASC",5,6,3592.5,499.833333333333,3421,3650,3,3,3,{3}
2017-03-26,SNDKR,Dakar,ESALG,Algeciras,1,1,"CMA CGM; COSCO; NileDutch; OPDR; UASC",5,6,3592.5,499.833333333333,3421,3650,5,5,5,{5}
2017-03-26,SNDKR,Dakar,ESLPA,"Las Palmas, Can Is",1,1,MSC,1,6,2932.66666666667,308.333333333333,2442,3424,4,4,4,{4}
2017-03-26,SNDKR,Dakar,GHTEM,Tema,2,2,"Arkas Line; Hapag-Lloyd; Maersk Line; Safmarine; UASC",5,9,6242.9,773.2,1740,4382,4,4.5,5,"{5,4}"
2017-03-26,SNDKR,Dakar,ITLIV,Leghorn,1,1,MSC,1,6,4384,447,4056,4549,29,29,29,{29}
2017-03-26,SNDKR,Dakar,MAPTM,Tanger,1,1,"Maersk Line; Safmarine",2,4,4352.5,420,4268,4382,4,4,4,{4}
2017-03-26,SNDKR,Dakar,MRNKC,Nouakchott,1,1,"CMA CGM",1,3,1125.66666666667,136.666666666667,1107,1152,1,1,1,{1}
2017-03-26,SNDKR,Dakar,NGTIN,"Lagos, Tin Can",1,1,MSC,1,6,2637.16666666667,138.333333333333,3005,3424,4,4,4,{4}
2017-03-26,SOBBO,Berbera,SAJED,Jeddah,1,1,"CMA CGM",1,1,3708,600,1854,1854,2,2,2,{2}
2017-03-26,SOKMU,"Kismayu
",AEJEA,"Dubai, Jebel Ali",1,1,MSC,1,5,2498,173,2073,2825,6,6,6,{6}
2017-03-26,SOMGQ,Mogadishu,KMLOG,"Longoni Comoros Is",1,1,"CMA CGM; Emirates Shipping",2,5,2120.2,320,1708,2272,3,3,3,{3}
2017-03-26,SOMGQ,Mogadishu,SOKMU,"Kismayu
",1,1,MSC,1,5,2498,173,2073,2825,1,1,1,{1}
2017-03-26,SRPBM,Paramaribo,BBBGI,Bridgetown,1,1,"King Ocean",1,1,584,144,584,584,3,3,3,{3}
2017-03-26,SRPBM,Paramaribo,GPPTP,Pointe-a-Pitre,1,1,"CMA CGM",1,2,1109,220,1100,1118,2,2,2,{2}
2017-03-26,SRPBM,Paramaribo,GYGEO,"Georgetown, Guyana",1,1,"CMA CGM",1,2,1109,220,1100,1118,1,1,1,{1}
2017-03-26,SRPBM,Paramaribo,JMKIN,Kingston,1,1,"CMA CGM; ZIM",2,2,1110,220,1102,1118,5,5,5,{5}
2017-03-26,SRPBM,Paramaribo,TTPTS,"Point Lisas",2,2,"Crowley; Hapag-Lloyd; Maersk Line; Seaboard Marine; SeaLand; ZIM",6,6,3004,592,1296,1708,1,2,3,"{3,1}"
2017-03-26,STTMS,"Sao Tome",AOLAD,Luanda,1,1,PSL,1,1,7126.71428571429,1380,2169,2169,4,4,4,{4}
2017-03-26,SVAQJ,Acajutla,GTPRQ,"Puerto Quetzal",2,2,"APL; CMA CGM; COSCO; Evergreen Line; Hapag-Lloyd; Maersk Line; MSC; SeaLand; X-Press",9,8,4156.5,856.666666666667,1550,2546,1,1,1,"{1,1}"
2017-03-26,SVAQJ,Acajutla,HNSLO,"Puerto San Lorenzo",1,1,"APL; CMA CGM; COSCO; Evergreen Line; Hapag-Lloyd; X-Press",6,2,1645,300,1550,1740,1,1,1,{1}
2017-03-26,SVAQJ,Acajutla,NICIO,Corinto,3,3,"Alianca; APL; CCNI; Hamburg Sud; Hapag-Lloyd; Maersk Line; MSC; NYK; SeaLand",9,14,6959.5,1443.91666666667,1819,2664,1,1,1,"{1,1,1}"
2017-03-26,SXSXM,"St Maarten",CRMOB,Moin,1,1,StreamLines,1,5,1479.2,415.6,1296,2122,4,4,4,{4}
2017-03-26,SXSXM,"St Maarten",DOCAU,Caucedo,1,1,"Tropical Shipping",1,2,1118,220,1118,1118,1,1,1,{1}
2017-03-26,SXSXM,"St Maarten",GPPTP,Pointe-a-Pitre,1,1,"CMA CGM",1,1,120,24,120,120,1,1,1,{1}
2017-03-26,SXSXM,"St Maarten",KNBAS,"Basseterre, St Kitts",1,1,"King Ocean",1,4,1028.75,231,957,1118,1,1,1,{1}
2017-03-26,SXSXM,"St Maarten",LCSLU,"Castries, St Lucia",1,1,"Seaboard Marine",1,2,1116,220,1114,1118,1,1,1,{1}
2017-03-26,SXSXM,"St Maarten",MQFDF,Fort-de-France,1,1,"APL; CMA CGM",2,2,1116,220,1114,1118,1,1,1,{1}
2017-03-26,SXSXM,"St Maarten",TTPOS,"Port of Spain",1,1,"ANL; CMA CGM; Marfret; OPDR",4,6,1999.16666666667,163.333333333333,1678,2339,1,1,1,{1}
2017-03-26,SXSXM,"St Maarten",VGRAD,Tortola,1,1,"CMA CGM",1,1,120,24,120,120,1,1,1,{1}
2017-03-26,SXSXM,"St Maarten",VISTT,"St Thomas VI",1,1,"CMA CGM",1,1,120,24,120,120,0,0,0,{0}
2017-03-26,TGLFW,Lome,AOLAD,Luanda,1,1,MSC,1,6,2932.66666666667,308.333333333333,2442,3424,4,4,4,{4}
2017-03-26,TGLFW,Lome,BJCOO,Cotonou,1,1,"Maersk Line; Safmarine",2,5,1980.8,338,2474,2478,1,1,1,{1}
2017-03-26,TGLFW,Lome,ESALG,Algeciras,1,1,"CMA CGM; Marguisa; UASC",3,8,3145.5,506.25,2697,3600,15,15,15,{15}
2017-03-26,TGLFW,Lome,GHTEM,Tema,1,1,"ANL; CMA CGM; Maersk Line; MCC; Safmarine",5,12,4267.66666666667,340.5,4496,5466,3,3,3,{3}
2017-03-26,TGLFW,Lome,GQBSG,Bata,1,1,"CMA CGM; Marguisa; UASC",3,8,3145.5,506.25,2697,3600,3,3,3,{3}
2017-03-26,TGLFW,Lome,NGONN,Onne,1,1,PIL,1,12,3566.75,,3889,3900,5,5,5,{5}
2017-03-26,TGLFW,Lome,NGTIN,"Lagos, Tin Can",1,1,"COSCO; Gold Star Line; PIL; ZIM",4,12,3930.75,249.166666666667,3889,4506,1,1,1,{1}
2017-03-26,TGLFW,Lome,ZADUR,Durban,1,1,MSC,1,12,10035.8333333333,696.666666666667,9200,13092,10,10,10,{10}
2017-03-26,THBKK,"Bangkok (Old Port)",JPOSA,Osaka,1,1,MOL,1,3,1304,149.333333333333,1032,1440,8,8,8,{8}
2017-03-26,THBKK,"Bangkok (Old Port)",THLCH,"Laem Chabang",22,22,"ANL; APL; CK Line; CMA CGM; CNC Line-Cheng Lie Navigation Co. Ltd.; COSCO; CULines-China United Lines; Dongjin Shipping; Evergreen Line; Gold Star Line; Heung-A; Hyundai; K Line; KMTC; MCC; MOL; Namsung; NYK; RCL; Sinokor; Sinotrans; SITC Shipping; SM Line; TS Lines; Wan Hai; Yang Ming; ZIM",27,70,35107.9166666667,4461.91666666667,818,1900,0,1,4,"{4,1,0,1,1,1,0,1,1,0,1,0,1,1,1,1,1,0,0,2,1,1}"
2017-03-26,THBKK,"Bangkok (Old Port)",VNSGN,"Ho Chi Minh (VICT/Cat Lai)",2,2,"Gold Star Line; K Line; SITC Shipping; Yang Ming; ZIM",5,6,3450.33333333333,389.333333333333,1708,1805,2,2.5,3,"{2,3}"
2017-03-26,THLCH,"Laem Chabang",CNNGB,Ningbo,1,1,"COSCO; RCL",2,3,1369.33333333333,169.333333333333,1228,1440,8,8,8,{8}
2017-03-26,THLCH,"Laem Chabang",CNNSA,Nansha,1,1,"ANL; CMA CGM; CNC Line-Cheng Lie Navigation Co. Ltd.; COSCO; OOCL; PIL",6,5,2546.8,440.8,2450,2646,4,4,4,{4}
2017-03-26,THLCH,"Laem Chabang",CNSHA,Shanghai,1,1,"ANL; CMA CGM; CNC Line-Cheng Lie Navigation Co. Ltd.; Heung-A; KMTC; TS Lines",6,3,1673.33333333333,100.666666666667,1512,1800,6,6,6,{6}
2017-03-26,THLCH,"Laem Chabang",CNSHK,Shekou,3,3,"APL; Evergreen Line; KMTC; OOCL; RCL; Yang Ming",6,8,9661.66666666667,1321.25,1164,4583,2,4,5,"{2,4,5}"
2017-03-26,THLCH,"Laem Chabang",HKHKG,"Hong Kong",12,12,"ANL; APL; CMA CGM; CNC Line-Cheng Lie Navigation Co. Ltd.; COSCO; Evergreen Line; Gold Star Line; Heung-A; KMTC; MCC; MOL; NYK; OOCL; RCL; Sinokor; TS Lines; Wan Hai; Yang Ming; ZIM",19,43,23350.1666666667,3126.63333333333,1005,4253,2,4,5,"{4,4,5,4,4,4,3,4,3,3,4,2}"
2017-03-26,THLCH,"Laem Chabang",IDJKT,"Jakarta, Java",1,1,"KMTC; MCC; Sinokor; TS Lines",4,4,2534.25,400,2401,2741,3,3,3,{3}
2017-03-26,THLCH,"Laem Chabang",MYTPP,"Tanjung Pelepas",1,1,"Alianca; APL; Hamburg Sud; Hapag-Lloyd; Hyundai; Maersk Line; MCC; MSC; Safmarine",9,12,5523.5,530.666666666667,4545,6350,4,4,4,{4}
2017-03-26,THLCH,"Laem Chabang",PHBTG,Batangas,1,1,"CNC Line-Cheng Lie Navigation Co. Ltd.; Evergreen Line; MCC",3,10,1541.9,298.7,1713,1714,4,4,4,{4}
2017-03-26,THLCH,"Laem Chabang",PHMNL,Manila,1,1,"CULines-China United Lines; K Line; SITC Shipping",3,3,1593.33333333333,197,1264,1808,4,4,4,{4}
2017-03-26,THLCH,"Laem Chabang",SGSIN,Singapore,8,8,"BTL-Bengal Tiger Line; CMA CGM; CNC Line-Cheng Lie Navigation Co. Ltd.; COSCO; Emirates Shipping; Evergreen Line; Hyundai; K Line; KMTC; Maersk Line; MOL; NYK; OOCL; PIL; RCL; Safmarine; Samudera; Simatech; X-Press; Yang Ming",20,38,31459.3238095238,3446.18095238095,2192,8110,3,3.5,4,"{4,3,3,4,4,3,3,4}"
2017-03-26,THLCH,"Laem Chabang",THBKK,"Bangkok (Old Port)",15,15,"ANL; CK Line; CMA CGM; CNC Line-Cheng Lie Navigation Co. Ltd.; Dongjin Shipping; Evergreen Line; Gold Star Line; Heung-A; Hyundai; K Line; KMTC; MCC; MOL; Namsung; RCL; Sinokor; SITC Shipping; TS Lines; Wan Hai; Yang Ming; ZIM",21,46,25080,3327.08333333333,1032,1900,0,1,2,"{1,1,1,0,1,0,1,0,2,1,1,1,1,1,1}"
2017-03-26,THLCH,"Laem Chabang",TWKHH,Kaohsiung,2,2,"CMA CGM; CNC Line-Cheng Lie Navigation Co. Ltd.; Evergreen Line; Wan Hai; X-Press",5,7,5731,680,1368,4363,4,4,4,"{4,4}"
2017-03-26,THLCH,"Laem Chabang",VNHPH,Haiphong,1,1,"NYK; RCL",2,2,1009,125,818,1200,4,4,4,{4}
2017-03-26,THLCH,"Laem Chabang",VNHPP,"Tan cang Hiep Phuoc",1,1,"CULines-China United Lines; Gold Star Line; Hyundai; ZIM",4,4,2200,150,2200,2200,2,2,2,{2}
2017-03-26,THLCH,"Laem Chabang",VNSGN,"Ho Chi Minh (VICT/Cat Lai)",10,10,"ANL; CK Line; CMA CGM; CNC Line-Cheng Lie Navigation Co. Ltd.; Dongjin Shipping; Evergreen Line; Hapag-Lloyd; Heung-A; Hyundai; K Line; KMTC; MCC; MOL; Namsung; NYK; RCL; Sinokor; Sinotrans; SITC Shipping; SM Line; UASC; Yang Ming",22,37,21614.130952381,2312.89285714286,1228,6500,2,2,3,"{3,3,2,2,2,3,2,2,2,3}"
2017-03-26,THLCH,"Laem Chabang",VNVUT,"Cai Mep (near Ho Chi Minh)",8,8,"ANL; APL; CMA CGM; CNC Line-Cheng Lie Navigation Co. Ltd.; COSCO; Evergreen Line; Hapag-Lloyd; Hyundai; K Line; Maersk Line; MCC; MOL; MSC; NYK; OOCL; UASC; Yang Ming",17,60,47008.3308717426,3561.45378151261,2450,9289,2,2,3,"{3,3,2,2,2,2,2,2}"
2017-03-26,THSRI,Sriracha,SGSIN,Singapore,1,1,"Swire Shipping",1,1,7652.57142857143,885.714285714286,1728,1728,5,5,5,{5}
2017-03-26,TOTBU,Nuku'alofa,AUMEL,Melbourne,1,1,"NPL-Neptune Pacific Line; PDL-Pacific Direct Line; Sofrana ANL",3,2,1684,200,777,907,7,7,7,{7}
2017-03-26,TOTBU,Nuku'alofa,WSAPW,"Apia, W. Samoa",2,2,"Alianca; Hamburg Sud; PDL-Pacific Direct Line; PIL; Polynesia Line; Sofrana ANL",6,3,4499.92857142857,916.785714285714,938,1347,2,2,2,"{2,2}"
2017-03-26,TRALI,Aliaga,GRPIR,Piraeus,1,1,"COSCO; Hapag-Lloyd; NYK; Yang Ming; ZIM",5,7,4250.85714285714,380,4250,4253,1,1,1,{1}
2017-03-26,TRALI,Aliaga,PTSIE,Sines,1,1,"Hapag-Lloyd; MSC; WEC Lines",3,4,5323.5,395,4392,5800,5,5,5,{5}
2017-03-26,TRALI,Aliaga,TRISK,Iskenderun,1,1,"ANL; CMA CGM; COSCO; Hapag-Lloyd; UASC",5,6,6335,749.5,5250,6921,2,2,2,{2}
2017-03-26,TRAMB,"Istanbul (Ambarli)",GRPIR,Piraeus,1,1,"APL; CMA CGM; COSCO; Evergreen Line; OOCL",5,10,9126.3,902.4,8386,9443,1,1,1,{1}
2017-03-26,TRAMB,"Istanbul (Ambarli)",IRBND,"Bandar Abbas",1,1,HDASCO,1,3,4602,650,2478,2478,11,11,11,{11}
2017-03-26,TRAMB,"Istanbul (Ambarli)",RUNVS,Novorossiysk,1,1,"Maersk Line; Safmarine",2,8,4968.75,557.5,5466,6802,2,2,2,{2}
2017-03-26,TRAMB,"Istanbul (Ambarli)",TRALI,Aliaga,1,1,"ANL; CMA CGM; COSCO; Hapag-Lloyd; UASC",5,6,6335,749.5,5250,6921,1,1,1,{1}
2017-03-26,TRAMB,"Istanbul (Ambarli)",TRGEM,"Istanbul (Gemlik)",3,3,"Alianca; ANL; Borchard Lines Ltd; CMA CGM; Hamburg Sud; Hapag-Lloyd; Maersk Line; MSC; Seago Line; Turkon; WEC Lines",11,12,16543.1,1405,4392,6612,0,0,1,"{0,1,0}"
2017-03-26,TRAMB,"Istanbul (Ambarli)",TRISK,Iskenderun,1,1,"Maersk Line; Safmarine",2,8,4968.75,557.5,5466,6802,5,5,5,{5}
2017-03-26,TRAMB,"Istanbul (Ambarli)",TRIZM,Izmir,1,1,"Hapag-Lloyd; K Line; MOL; NYK; UASC; Yang Ming",6,10,10297.2,656.2,5041,14100,1,1,1,{1}
2017-03-26,TRAMB,"Istanbul (Ambarli)",TRIZT,Izmit,2,2,"Maersk Line; NileDutch; Safmarine; SeaLand; Turkon",5,15,5484.47142857143,1211.8,1878,3078,1,1,1,"{1,1}"
2017-03-26,TRAMB,"Istanbul (Ambarli)",TRTEK,Tekirdag,1,1,"Hapag-Lloyd; Maersk Line; MCC; MSC; Safmarine",5,10,12977.4,1020,13050,15908,1,1,1,{1}
2017-03-26,TRAMB,"Istanbul (Ambarli)",UAODS,Odessa,1,1,"Maersk Line; Safmarine; SeaLand",3,10,3069.9,761.8,3003,3078,3,3,3,{3}
2017-03-26,TRGEB,"Istanbul (Gebze)",TRAMB,"Istanbul (Ambarli)",2,2,"Alianca; ANL; Borchard Lines Ltd; CMA CGM; Hamburg Sud; Maersk Line; MSC; Seago Line; Turkon",9,8,11219.6,1010,4395,6612,0,0.5,1,"{0,1}"
2017-03-26,TRGEM,"Istanbul (Gemlik)",GBFXT,Felixstowe,1,1,MSC,1,3,4662,470,4395,5042,9,9,9,{9}
2017-03-26,TRGEM,"Istanbul (Gemlik)",TRIZM,Izmir,2,2,"Alianca; ANL; Borchard Lines Ltd; CMA CGM; Hamburg Sud; Maersk Line; NileDutch; Seago Line; Turkon",9,10,8972.17142857143,990,1878,6612,1,1,1,"{1,1}"
2017-03-26,TRGEM,"Istanbul (Gemlik)",TRTEK,Tekirdag,1,1,"Hapag-Lloyd; MSC; WEC Lines",3,4,5323.5,395,4392,5800,1,1,1,{1}
2017-03-26,TRISK,Iskenderun,EGDAM,Damietta,1,1,"Maersk Line; Safmarine",2,8,4968.75,557.5,5466,6802,1,1,1,{1}
2017-03-26,TRISK,Iskenderun,EGPSD,"Port Said",2,2,"ANL; APL; CMA CGM; COSCO; Evergreen Line; Hapag-Lloyd; OOCL; UASC",8,16,15461.3,1651.9,5250,9443,2,2,2,"{2,2}"
2017-03-26,TRISK,Iskenderun,ITSPE,"La Spezia",1,1,"MSC; WEC Lines; ZIM",3,5,6911.4,620,6673,7455,3,3,3,{3}
2017-03-26,TRISK,Iskenderun,TRMER,Mersin,1,1,"Alianca; CMA CGM; Hamburg Sud; Hapag-Lloyd; Seago Line",5,5,5963.8,1236.8,5552,6552,1,1,1,{1}
2017-03-26,TRIZM,Izmir,ESALG,Algeciras,2,2,"Maersk Line; NileDutch; Safmarine; SeaLand; Turkon",5,15,5484.47142857143,1211.8,1878,3078,5,5.5,6,"{5,6}"
2017-03-26,TRIZM,Izmir,GRPIR,Piraeus,1,1,"Hapag-Lloyd; MSC",2,4,4912.75,459.25,4158,6552,1,1,1,{1}
2017-03-26,TRIZM,Izmir,MTMAR,"Malta (Marsaxlokk)",1,1,"Alianca; ANL; Borchard Lines Ltd; CMA CGM; Hamburg Sud; Maersk Line; Seago Line; Turkon",8,5,6557.6,540,6456,6612,2,2,2,{2}
2017-03-26,TRIZM,Izmir,TRALI,Aliaga,1,1,"COSCO; Hapag-Lloyd; NYK; Yang Ming; ZIM",5,7,4250.85714285714,380,4250,4253,2,2,2,{2}
2017-03-26,TRIZM,Izmir,TRMER,Mersin,1,1,"Hapag-Lloyd; K Line; MOL; NYK; UASC; Yang Ming",6,10,10297.2,656.2,5041,14100,2,2,2,{2}
2017-03-26,TRIZT,Izmit,ROCND,Constanta,1,1,"APL; CMA CGM; COSCO; Evergreen Line; OOCL",5,10,9126.3,902.4,8386,9443,3,3,3,{3}
2017-03-26,TRIZT,Izmit,TRAMB,"Istanbul (Ambarli)",5,4,"ANL; CMA CGM; COSCO; Hapag-Lloyd; Maersk Line; MCC; MSC; Safmarine; SeaLand; UASC",10,42,32319.8,3646.3,3003,15908,0,1,3,"{1,1,1,0,3}"
2017-03-26,TRIZT,Izmit,TRGEM,"Istanbul (Gemlik)",1,1,"NileDutch; Turkon",2,5,2414.57142857143,450,1878,1878,1,1,1,{1}
2017-03-26,TRIZT,Izmit,TRIZM,Izmir,1,1,"Maersk Line; Safmarine; SeaLand",3,10,3069.9,761.8,3003,3078,2,2,2,{2}
2017-03-26,TRMER,Mersin,CNXMN,Xiamen,1,1,"Gold Star Line; ZIM",2,9,3885.33333333333,355.333333333333,4250,4644,20,20,20,{20}
2017-03-26,TRMER,Mersin,EGPSD,"Port Said",1,1,"Alianca; CMA CGM; Hamburg Sud; Hapag-Lloyd; Seago Line",5,5,5963.8,1236.8,5552,6552,1,1,1,{1}
2017-03-26,TRMER,Mersin,ILASH,Ashdod,1,1,"COSCO; Hapag-Lloyd; NYK; Yang Ming; ZIM",5,7,4250.85714285714,380,4250,4253,2,2,2,{2}
2017-03-26,TRMER,Mersin,ITSAL,Salerno,1,1,"Borchard Lines Ltd",1,4,1216,200,1216,1216,1,1,1,{1}
2017-03-26,TRMER,Mersin,SAJED,Jeddah,1,1,"Hapag-Lloyd; K Line; MOL; NYK; UASC; Yang Ming",6,10,10297.2,656.2,5041,14100,5,5,5,{5}
2017-03-26,TRMER,Mersin,TRAMB,"Istanbul (Ambarli)",1,1,"NileDutch; Turkon",2,5,2414.57142857143,450,1878,1878,2,2,2,{2}
2017-03-26,TRMER,Mersin,TRISK,Iskenderun,1,1,"MSC; WEC Lines; ZIM",3,5,6911.4,620,6673,7455,1,1,1,{1}
2017-03-26,TRMER,Mersin,TRIZT,Izmit,2,2,"ANL; CMA CGM; COSCO; Hapag-Lloyd; Maersk Line; Safmarine; UASC",7,14,11303.75,1307,5250,6921,3,3,3,"{3,3}"
2017-03-26,TRTEK,Tekirdag,GRPIR,Piraeus,1,1,"Hapag-Lloyd; Maersk Line; MCC; MSC; Safmarine",5,10,12977.4,1020,13050,15908,1,1,1,{1}
2017-03-26,TRTEK,Tekirdag,TRALI,Aliaga,1,1,"Hapag-Lloyd; MSC; WEC Lines",3,4,5323.5,395,4392,5800,1,1,1,{1}
2017-03-26,TTPOS,"Port of Spain",AWBAR,Barcadera,1,1,"ANL; CMA CGM",2,4,1314.5,345.75,1221,1347,2,2,2,{2}
2017-03-26,TTPOS,"Port of Spain",BBBGI,Bridgetown,1,1,"Caribbean Feeder; Hapag-Lloyd; ZIM",3,3,699.333333333333,120,698,702,1,1,1,{1}
2017-03-26,TTPOS,"Port of Spain",GFDDC,"Degrad des Cannes",1,1,"ANL; CMA CGM; Marfret; OPDR",4,6,1999.16666666667,163.333333333333,1678,2339,2,2,2,{2}
2017-03-26,TTPOS,"Port of Spain",SRPBM,Paramaribo,1,1,"CMA CGM",1,2,1109,220,1100,1118,2,2,2,{2}
2017-03-26,TTPOS,"Port of Spain",USPEF,"Port Everglades FL",1,1,MSC,1,2,1933,275,1858,2008,5,5,5,{5}
2017-03-26,TTPOS,"Port of Spain",VCKTN,"Kingstown, St Vincent",1,1,"King Ocean",1,4,1028.75,231,957,1118,1,1,1,{1}
2017-03-26,TTPTS,"Point Lisas",BBBGI,Bridgetown,1,1,"Crowley; ZIM",2,3,1296,390,1296,1296,1,1,1,{1}
2017-03-26,TTPTS,"Point Lisas",COCTG,Cartagena,1,1,"Hapag-Lloyd; Maersk Line; Seaboard Marine; SeaLand",4,3,1708,202,1708,1708,4,4,4,{4}
2017-03-26,TTPTS,"Point Lisas",GYGEO,"Georgetown, Guyana",2,2,"King Ocean; Tropical Shipping",2,3,1434,331,584,850,2,2,2,"{2,2}"
2017-03-26,TTPTS,"Point Lisas",JMKIN,Kingston,2,2,"APL; CMA CGM; Seaboard Marine",3,4,2232,440,1114,1118,3,3,3,"{3,3}"
2017-03-26,TTPTS,"Point Lisas",KYGEC,Georgetown,1,1,"Hapag-Lloyd; Maersk Line; Seaboard Marine; SeaLand",4,3,1708,202,1708,1708,1,1,1,{1}
2017-03-26,TTPTS,"Point Lisas",LCSLU,"Castries, St Lucia",1,1,"Crowley; ZIM",2,3,1296,390,1296,1296,1,1,1,{1}
2017-03-26,TTPTS,"Point Lisas",TTPOS,"Port of Spain",2,2,"ANL; Caribbean Feeder; CMA CGM; Hapag-Lloyd; ZIM",5,7,2013.83333333333,465.75,698,1347,0,0,0,"{0,0}"
2017-03-26,TWKEL,Keelung,CNNGB,Ningbo,1,1,"MCC; OOCL",2,5,2458.8,380,2190,2754,2,2,2,{2}
2017-03-26,TWKEL,Keelung,CNSHA,Shanghai,1,1,"ANL; APL; COSCO; OOCL; PDL-Pacific Direct Line; PIL",6,7,3732.57142857143,396.857142857143,4132,4578,2,2,2,{2}
2017-03-26,TWKEL,Keelung,CNXMN,Xiamen,1,1,"ANL; CMA CGM; CNC Line-Cheng Lie Navigation Co. Ltd.; Evergreen Line; TS Lines; Yang Ming",6,3,1527.33333333333,216,1440,1702,0,0,0,{0}
2017-03-26,TWKEL,Keelung,HKHKG,"Hong Kong",3,3,"Alianca; ANL; APL; CCNI; CMA CGM; COSCO; Evergreen Line; Hamburg Sud; Hapag-Lloyd; Hyundai; K Line; MOL; MSC; NYK; OOCL; Yang Ming",16,24,15373.5090909091,2181.21212121212,2442,7154,1,2,2,"{1,2,2}"
2017-03-26,TWKEL,Keelung,JPMOJ,Moji,1,1,"K Line; TS Lines; Yang Ming",3,2,1512,225,1450,1574,2,2,2,{2}
2017-03-26,TWKEL,Keelung,JPNAH,"Naha (Okinawa Is)",1,1,NYK,1,2,576,100,550,602,1,1,1,{1}
2017-03-26,TWKEL,Keelung,JPTYO,Tokyo,3,3,"ANL; CMA CGM; CNC Line-Cheng Lie Navigation Co. Ltd.; Evergreen Line; K Line; MCC; NYK; OOCL; TS Lines; Yang Ming",10,11,4477.66666666667,606.75,1032,1805,1,3,3,"{1,3,3}"
2017-03-26,TWKEL,Keelung,KRPUS,Busan,1,1,"ANL; CMA CGM; CNC Line-Cheng Lie Navigation Co. Ltd.; KMTC; Sinokor",5,3,1560.66666666667,226.666666666667,1512,1585,2,2,2,{2}
2017-03-26,TWKEL,Keelung,PHMNL,Manila,1,1,"CNC Line-Cheng Lie Navigation Co. Ltd.; Hyundai; KMTC; Namsung; Yang Ming",5,3,1798.33333333333,233.333333333333,1675,1860,2,2,2,{2}
2017-03-26,TWKEL,Keelung,SGSIN,Singapore,1,1,"COSCO; Evergreen Line; K Line; MOL; PIL",5,7,3975,379.142857142857,4211,5087,6,6,6,{6}
2017-03-26,TWKEL,Keelung,TWKHH,Kaohsiung,6,6,"ANL; CMA CGM; CNC Line-Cheng Lie Navigation Co. Ltd.; Evergreen Line; Hapag-Lloyd; K Line; MOL; NYK; OOCL; TS Lines; Wan Hai; Yang Ming",12,19,16319.25,1767.75,550,6589,1,1,1,"{1,1,1,1,1,1}"
2017-03-26,TWKEL,Keelung,TWTXG,Taichung,7,6,"ANL; APL; CMA CGM; CNC Line-Cheng Lie Navigation Co. Ltd.; Evergreen Line; Heung-A; K Line; KMTC; MCC; TS Lines; Yang Ming",11,19,9628.83333333333,1362.5,1049,1756,0,1,1,"{1,1,1,1,1,0,0}"
2017-03-26,TWKEL,Keelung,USLAX,"Los Angeles CA",1,1,"Hapag-Lloyd; K Line; MOL; NYK; Yang Ming",5,6,6571.33333333333,250,6500,6589,19,19,19,{19}
2017-03-26,TWKHH,Kaohsiung,AUBNE,Brisbane,1,1,"ANL; APL; COSCO; OOCL; PDL-Pacific Direct Line; PIL",6,7,3732.57142857143,396.857142857143,4132,4578,11,11,11,{11}
2017-03-26,TWKHH,Kaohsiung,AUMEL,Melbourne,1,1,"ANL; COSCO; OOCL",3,6,4363.83333333333,446,4250,4600,12,12,12,{12}
2017-03-26,TWKHH,Kaohsiung,AUSYD,Sydney,1,1,"APL; Evergreen Line; K Line; MOL; PIL; Sinotrans; TS Lines; Yang Ming",8,6,4347.66666666667,456,4211,4498,12,12,12,{12}
2017-03-26,TWKHH,Kaohsiung,CAVAN,"Vancouver BC",1,1,"APL; CMA CGM; COSCO; Evergreen Line; OOCL",5,6,5829.33333333333,271.333333333333,5500,6350,12,12,12,{12}
2017-03-26,TWKHH,Kaohsiung,CNDCB,"Da Chan Bay",1,1,"Hapag-Lloyd; K Line; MOL; NYK; Yang Ming",5,6,6571.33333333333,250,6500,6589,2,2,2,{2}
2017-03-26,TWKHH,Kaohsiung,CNNGB,Ningbo,4,4,"Alianca; ANL; APL; CMA CGM; COSCO; Evergreen Line; Gold Star Line; Hamburg Sud; Hapag-Lloyd; K Line; MCC; MOL; OOCL; PIL; Sinotrans; TS Lines; Yang Ming; ZIM",18,35,30054.7393939394,2323.06818181818,2824,14354,1,2,3,"{1,2,3,2}"
2017-03-26,TWKHH,Kaohsiung,CNNSA,Nansha,2,2,"Evergreen Line; Maersk Line; MCC; MSC; SeaLand; Wan Hai",6,13,10942.3636363636,946.545454545455,1618,11294,1,1.5,2,"{1,2}"
2017-03-26,TWKHH,Kaohsiung,CNSHA,Shanghai,4,4,"APL; CMA CGM; COSCO; Evergreen Line; HDASCO; MELL; NYK; OOCL; Wan Hai; Yang Ming",10,18,16477.619047619,1791.85714285714,1800,5652,2,3,3,"{2,3,3,3}"
2017-03-26,TWKHH,Kaohsiung,CNSHK,Shekou,11,11,"ANL; APL; CMA CGM; CNC Line-Cheng Lie Navigation Co. Ltd.; COSCO; Evergreen Line; Hyundai; Maersk Line; MCC; MOL; MSC; OOCL; PIL; Safmarine; SeaLand; Unimed Feeder Services-UFS; Wan Hai; X-Press; Yang Ming",19,76,50563.6145743146,5482.72611832612,1714,9443,1,1,2,"{1,1,1,1,1,1,1,1,1,2,2}"
2017-03-26,TWKHH,Kaohsiung,CNTAO,Qingdao,2,2,"COSCO; Evergreen Line; OOCL; Yang Ming",4,15,10895.6071428571,758.339285714286,4662,8452,2,3.5,5,"{5,2}"
2017-03-26,TWKHH,Kaohsiung,CNXMN,Xiamen,7,7,"Alianca; ANL; APL; CMA CGM; CNC Line-Cheng Lie Navigation Co. Ltd.; COSCO; Evergreen Line; Hamburg Sud; Hapag-Lloyd; K Line; MCC; MOL; NYK; OOCL; PIL; TS Lines; UASC; Wan Hai; Yang Ming",19,40,30589.6654761905,3065.41428571429,1707,9040,1,1,1,"{1,1,1,1,1,1,1}"
2017-03-26,TWKHH,Kaohsiung,CNYTN,Yantian,6,6,"APL; CMA CGM; COSCO; Evergreen Line; Hapag-Lloyd; K Line; Maersk Line; MCC; MOL; MSC; NYK; PIL; Safmarine; UASC; Wan Hai; Yang Ming",16,49,52229.480952381,3674.54285714286,4532,14100,1,2,3,"{1,2,2,1,2,3}"
2017-03-26,TWKHH,Kaohsiung,HKHKG,"Hong Kong",22,22,"Alianca; ANL; APL; CMA CGM; CNC Line-Cheng Lie Navigation Co. Ltd.; COSCO; Evergreen Line; Hamburg Sud; Hapag-Lloyd; Heung-A; Hyundai; IAL-Interasia Lines; K Line; KMTC; Maersk Line; MCC; MOL; MSC; NYK; OOCL; Safmarine; TS Lines; UASC; Wan Hai; X-Press; Yang Ming",26,101,80341.2875901876,7044.75230880231,1049,14000,1,1,2,"{2,1,2,1,1,1,2,1,2,1,1,1,1,1,1,2,1,1,1,1,1,1}"
2017-03-26,TWKHH,Kaohsiung,IDJKT,"Jakarta, Java",1,1,"NYK; Wan Hai; Yang Ming",3,3,2715.33333333333,380.666666666667,2702,2742,5,5,5,{5}
2017-03-26,TWKHH,Kaohsiung,IDSUB,"Surabaya, Java",1,1,"Evergreen Line; Yang Ming",2,7,2564.14285714286,322.285714285714,2450,2742,6,6,6,{6}
2017-03-26,TWKHH,Kaohsiung,JPHKT,Hakata,1,1,"ANL; CMA CGM; CNC Line-Cheng Lie Navigation Co. Ltd.; Evergreen Line; X-Press",5,4,2721,424.5,2700,2742,2,2,2,{2}
2017-03-26,TWKHH,Kaohsiung,JPNAH,"Naha (Okinawa Is)",1,1,MELL,1,4,1089.5,205,1080,1118,2,2,2,{2}
2017-03-26,TWKHH,Kaohsiung,JPOSA,Osaka,2,2,"APL; K Line; NYK",3,6,4495.33333333333,668.666666666667,1613,2646,3,3.5,4,"{4,3}"
2017-03-26,TWKHH,Kaohsiung,JPTYO,Tokyo,2,2,"APL; MCC; MOL; OOCL",4,7,7034.25,800,2468,4583,3,3,3,"{3,3}"
2017-03-26,TWKHH,Kaohsiung,KRINC,Inchon,1,1,"Evergreen Line",1,2,1440,174,1440,1440,3,3,3,{3}
2017-03-26,TWKHH,Kaohsiung,KRPUS,Busan,3,3,"APL; Hapag-Lloyd; Hyundai; K Line; Maersk Line; MCC; MOL; MSC; NYK; UASC; Yang Ming",11,20,18150.7714285714,1055.62857142857,1061,14100,2,2,3,"{2,2,3}"
2017-03-26,TWKHH,Kaohsiung,PHBTG,Batangas,1,1,"Evergreen Line",1,2,1440,174,1440,1440,2,2,2,{2}
2017-03-26,TWKHH,Kaohsiung,PHCEB,Cebu,4,4,"APL; BTL-Bengal Tiger Line; Evergreen Line; Hapag-Lloyd; K Line; NYK; OOCL; Wan Hai; X-Press; Yang Ming",10,6,5356,833.5,1042,1708,3,3,3,"{3,3,3,3}"
2017-03-26,TWKHH,Kaohsiung,PHMNL,Manila,6,6,"APL; CMA CGM; CNC Line-Cheng Lie Navigation Co. Ltd.; Evergreen Line; Hyundai; K Line; MCC; NYK; OOCL; TS Lines; X-Press; Yang Ming",12,22,15557.2333333333,2272.03333333333,550,4728,1,2,2,"{2,2,1,2,2,2}"
2017-03-26,TWKHH,Kaohsiung,PHSFS,"Subic Bay",1,1,APL,1,2,1496,276,1496,1496,1,1,1,{1}
2017-03-26,TWKHH,Kaohsiung,SGSIN,Singapore,4,4,"Evergreen Line; Hapag-Lloyd; K Line; MCC; MOL; NYK; OOCL; Simatech; TS Lines; UASC; Yang Ming",11,22,17017.2642857143,1665.14285714286,2190,6500,4,4.5,6,"{5,4,6,4}"
2017-03-26,TWKHH,Kaohsiung,THLCH,"Laem Chabang",1,1,"Evergreen Line",1,1,2328,400,1164,1164,5,5,5,{5}
2017-03-26,TWKHH,Kaohsiung,TWKEL,Keelung,5,5,"Evergreen Line; Hapag-Lloyd; Heung-A; K Line; KMTC; MOL; NYK; OOCL; TS Lines; Yang Ming",10,16,11873.5,661.666666666667,550,6589,0,1,2,"{1,1,0,2,0}"
2017-03-26,TWKHH,Kaohsiung,TWTPE,Taipei,3,3,"APL; CMA CGM; COSCO; Evergreen Line; Wan Hai; Yang Ming",6,17,12294.4761904762,1507.95238095238,2200,8508,1,1,1,"{1,1,1}"
2017-03-26,TWKHH,Kaohsiung,TWTXG,Taichung,11,11,"ANL; CMA CGM; CNC Line-Cheng Lie Navigation Co. Ltd.; Evergreen Line; IAL-Interasia Lines; MCC; MOL; OOCL; TS Lines; Wan Hai; Yang Ming",11,37,18446.25,2121.41666666667,1088,2741,0,0,3,"{0,0,3,1,0,0,0,0,1,0,0}"
2017-03-26,TWKHH,Kaohsiung,VNDAD,"Da Nang",1,1,"IAL-Interasia Lines; MOL; Wan Hai",3,3,1608,210,1368,1728,2,2,2,{2}
2017-03-26,TWKHH,Kaohsiung,VNHPH,Haiphong,5,5,"Evergreen Line; K Line; NYK; OOCL; Wan Hai; Yang Ming",6,7,5545.66666666667,736,699,1708,2,2,3,"{3,2,2,3,2}"
2017-03-26,TWKHH,Kaohsiung,VNHPP,"Tan cang Hiep Phuoc",1,1,APL,1,3,1080,228,1061,1118,3,3,3,{3}
2017-03-26,TWTPE,Taipei,CNSHK,Shekou,1,1,"APL; CMA CGM; COSCO; Evergreen Line; OOCL; PIL",6,8,9218.625,350,8495,9661,2,2,2,{2}
2017-03-26,TWTPE,Taipei,CNXMN,Xiamen,1,1,"Evergreen Line",1,6,6481.16666666667,700.166666666667,5652,8073,2,2,2,{2}
2017-03-26,TWTPE,Taipei,CNYTN,Yantian,2,2,"APL; CMA CGM; COSCO; Evergreen Line; OOCL",5,18,21849.55,1292.625,7024,14354,2,2.5,3,"{3,2}"
2017-03-26,TWTPE,Taipei,HKHKG,"Hong Kong",2,2,"APL; CMA CGM; COSCO; Evergreen Line; IAL-Interasia Lines; OOCL; Wan Hai",7,10,9473.5,964.5,2646,8452,1,1.5,2,"{2,1}"
2017-03-26,TWTPE,Taipei,JPHKT,Hakata,1,1,"IAL-Interasia Lines; MOL; Wan Hai",3,3,1608,210,1368,1728,2,2,2,{2}
2017-03-26,TWTPE,Taipei,JPOSA,Osaka,2,2,"Evergreen Line; Wan Hai; Yang Ming",3,6,2353,245,1088,1368,2,2.5,3,"{3,2}"
2017-03-26,TWTPE,Taipei,JPTYO,Tokyo,4,4,"Evergreen Line; IAL-Interasia Lines; Wan Hai; Yang Ming",4,19,9077.39285714286,1192.28571428571,1368,2742,3,3.5,4,"{4,3,3,4}"
2017-03-26,TWTPE,Taipei,KRINC,Inchon,2,2,"Evergreen Line; Wan Hai",2,8,3827,408.5,1368,2646,1,2,3,"{1,3}"
2017-03-26,TWTPE,Taipei,TWKHH,Kaohsiung,4,4,"ANL; CMA CGM; CNC Line-Cheng Lie Navigation Co. Ltd.; Evergreen Line; Wan Hai; X-Press; Yang Ming",7,19,8832.14285714286,1145.28571428571,1088,2742,0,0.5,1,"{0,1,0,1}"
2017-03-26,TWTPE,Taipei,TWTXG,Taichung,10,10,"Evergreen Line; IAL-Interasia Lines; MOL; Wan Hai; Yang Ming",5,32,17152.9166666667,2088.66666666667,1162,2741,0,1,1,"{1,1,1,0,1,1,1,0,0,1}"
2017-03-26,TWTPE,Taipei,USLAX,"Los Angeles CA",1,1,"APL; CMA CGM; COSCO; Evergreen Line",4,6,7271.33333333333,857.166666666667,7024,8508,13,13,13,{13}
2017-03-26,TWTXG,Taichung,CNNSA,Nansha,1,1,"Gold Star Line; MCC; ZIM",3,8,2911,465.25,2824,3586,1,1,1,{1}
2017-03-26,TWTXG,Taichung,HKHKG,"Hong Kong",4,4,"ANL; CMA CGM; CNC Line-Cheng Lie Navigation Co. Ltd.; Evergreen Line; MCC; TS Lines; Wan Hai; Yang Ming",8,11,6162,926,1162,1730,1,2,2,"{2,2,2,1}"
2017-03-26,TWTXG,Taichung,JPUKB,Kobe,1,1,"APL; CMA CGM; CNC Line-Cheng Lie Navigation Co. Ltd.; MCC; TS Lines",5,4,1707.75,191.5,1707,1708,2,2,2,{2}
2017-03-26,TWTXG,Taichung,KRINC,Inchon,1,1,"Heung-A; KMTC; TS Lines",3,2,1093.5,125,1084,1103,3,3,3,{3}
2017-03-26,TWTXG,Taichung,TWKEL,Keelung,2,2,"ANL; CMA CGM; CNC Line-Cheng Lie Navigation Co. Ltd.; Evergreen Line; MCC; TS Lines; Yang Ming",7,8,3349,486.75,1367,1805,0,0,0,"{0,0}"
2017-03-26,TWTXG,Taichung,TWKHH,Kaohsiung,14,14,"ANL; APL; CMA CGM; CNC Line-Cheng Lie Navigation Co. Ltd.; Evergreen Line; Heung-A; IAL-Interasia Lines; K Line; KMTC; MCC; MOL; TS Lines; Wan Hai; Yang Ming",14,42,23221.75,3076.5,1049,2741,0,1,1,"{1,0,1,1,1,1,0,1,1,0,0,0,0,1}"
2017-03-26,TWTXG,Taichung,TWTPE,Taipei,10,9,"Evergreen Line; IAL-Interasia Lines; MOL; Wan Hai; Yang Ming",5,34,17653,2246.66666666667,1088,2741,0,0,1,"{1,1,0,0,0,0,1,0,0,0}"
2017-03-26,TWTXG,Taichung,VNSGN,"Ho Chi Minh (VICT/Cat Lai)",2,2,"Evergreen Line; OOCL; Wan Hai; Yang Ming",4,7,3872,146.666666666667,1368,2535,3,3.5,4,"{4,3}"
2017-03-26,TZDAR,"Dar es Salaam",INNSA,"Mumbai (Nhava Sheva)",1,1,"CMA CGM; Emirates Shipping",2,4,2560.25,387.5,2207,3091,6,6,6,{6}
2017-03-26,TZDAR,"Dar es Salaam",KEMBA,Mombasa,2,2,"CMA CGM; Maersk Line; MSC; Safmarine; WEC Lines",5,9,5667.15,617.3,2240,3534,3,3.5,4,"{3,4}"
2017-03-26,TZDAR,"Dar es Salaam",LKCMB,Colombo,2,2,"CMA CGM; COSCO; Emirates Shipping; Evergreen Line; MOL; NYK; PIL; X-Press",8,16,4586.88888888889,414.920634920635,1085,2800,8,8.5,9,"{9,8}"
2017-03-26,TZDAR,"Dar es Salaam",MYTPP,"Tanjung Pelepas",1,1,"Maersk Line; MCC; Safmarine",3,7,2767.71428571429,358,2546,3674,13,13,13,{13}
2017-03-26,TZDAR,"Dar es Salaam",SOMGQ,Mogadishu,1,1,MSC,1,5,2498,173,2073,2825,3,3,3,{3}
2017-03-26,TZZNZ,Zanzibar,SCPOV,"Seychelles Is., Port Victoria",1,1,"CMA CGM; Emirates Shipping",2,5,2120.2,320,1708,2272,7,7,7,{7}
2017-03-26,UAODS,Odessa,RUNVS,Novorossiysk,1,1,"Maersk Line; Safmarine; SeaLand",3,10,3069.9,761.8,3003,3078,2,2,2,{2}
2017-03-26,UAODS,Odessa,TRAMB,"Istanbul (Ambarli)",1,1,"APL; CMA CGM; COSCO; Evergreen Line; OOCL",5,10,9126.3,902.4,8386,9443,3,3,3,{3}
2017-03-26,USBAL,"Baltimore MD",USCHS,"Charleston SC",2,2,"Alianca; CCNI; Hamburg Sud; Hapag-Lloyd; MSC; ZIM",6,14,10482.7083333333,1276.83333333333,4050,6750,2,2.5,3,"{2,3}"
2017-03-26,USBAL,"Baltimore MD",USNYC,"New York NY/NJ",1,1,"Maersk Line; MCC; MSC; Safmarine",4,11,8035.27272727273,381.818181818182,8300,9400,3,3,3,{3}
2017-03-26,USBAL,"Baltimore MD",USORF,"Norfolk VA",4,4,"APL; CMA CGM; COSCO; Evergreen Line; Maersk Line; MSC; OOCL; Safmarine",8,29,22064.9357142857,2050.175,1798,8488,0,1,1,"{1,1,1,0}"
2017-03-26,USBOS,"Boston MA",USBAL,"Baltimore MD",1,1,"Maersk Line; MSC; Safmarine",3,7,6369.28571428571,480,4549,6732,2,2,2,{2}
2017-03-26,USBOS,"Boston MA",USILM,"Wilmington NC",1,1,"Hapag-Lloyd; K Line; MOL; NYK; UASC; Yang Ming",6,10,8444.6,734.8,8120,8930,2,2,2,{2}
2017-03-26,USBOS,"Boston MA",USNYC,"New York NY/NJ",1,1,"ACL-Atlantic Container Line; Hapag-Lloyd; Maersk Line; MSC",4,7,4112,1300,4112,4112,3,3,3,{3}
2017-03-26,USBOS,"Boston MA",USORF,"Norfolk VA",1,1,"APL; CMA CGM; COSCO; Evergreen Line; OOCL",5,16,8495.3125,612.5,8468,8530,1,1,1,{1}
2017-03-26,USCHS,"Charleston SC",BEANR,Antwerp,1,1,"Alianca; Hamburg Sud; Hyundai; Maersk Line; MSC; Safmarine; Seago Line; SeaLand",8,7,7352.42857142857,681.142857142857,6418,8034,10,10,10,{10}
2017-03-26,USCHS,"Charleston SC",BSFPO,Freeport,2,2,"Maersk Line; MSC; Safmarine",3,18,11355.8,879.375,1798,9200,1,1,1,"{1,1}"
2017-03-26,USCHS,"Charleston SC",COCTG,Cartagena,1,1,"Alianca; CMA CGM; Hamburg Sud; Hapag-Lloyd; Maersk Line; MSC; SeaLand",7,10,3510.4,741.1,3000,4250,4,4,4,{4}
2017-03-26,USCHS,"Charleston SC",EGPSD,"Port Said",1,1,"ANL; APL; CMA CGM; Hapag-Lloyd; NYK; OOCL; UASC",7,8,6410.375,748.25,5608,6589,16,16,16,{16}
2017-03-26,USCHS,"Charleston SC",ESALG,Algeciras,1,1,"Maersk Line; MSC; Safmarine",3,7,6369.28571428571,480,4549,6732,11,11,11,{11}
2017-03-26,USCHS,"Charleston SC",GBLGP,"London Gateway",1,1,"ACL-Atlantic Container Line; Hapag-Lloyd; K Line; MOL; NYK; UASC; Yang Ming",7,4,4769,365,4255,5060,10,10,10,{10}
2017-03-26,USCHS,"Charleston SC",GBSOU,Southampton,1,1,"APL; CMA CGM; COSCO; Evergreen Line; OOCL",5,5,8311.4,613.6,8063,8495,12,12,12,{12}
2017-03-26,USCHS,"Charleston SC",HKHKG,"Hong Kong",1,1,"APL; CMA CGM; COSCO; Evergreen Line; OOCL",5,11,11912.1818181818,495.727272727273,11010,13208,41,41,41,{41}
2017-03-26,USCHS,"Charleston SC",SGSIN,Singapore,1,1,"Hapag-Lloyd; K Line; MOL; NYK; UASC; Yang Ming",6,11,8970.72727272727,823.818181818182,8073,10500,28,28,28,{28}
2017-03-26,USCHS,"Charleston SC",USILM,"Wilmington NC",1,1,"Maersk Line; MCC; MSC; Safmarine",4,10,4553.9,408.1,4154,5085,1,1,1,{1}
2017-03-26,USCHS,"Charleston SC",USJAX,"Jacksonville FL",1,1,"Alianca; Hamburg Sud; Hapag-Lloyd",3,7,5563.57142857143,988.571428571429,4600,6612,1,1,1,{1}
2017-03-26,USCHS,"Charleston SC",USMIA,"Miami FL",1,1,"Maersk Line; MSC; Safmarine",3,5,4666.8,420,4544,4824,2,2,2,{2}
2017-03-26,USCHS,"Charleston SC",USNYC,"New York NY/NJ",1,1,"ANL; APL; CMA CGM; COSCO; Evergreen Line; OOCL",6,10,8446.2,800.6,8221,8533,4,4,4,{4}
2017-03-26,USCHS,"Charleston SC",USORF,"Norfolk VA",1,1,"Hapag-Lloyd; K Line; MOL; NYK; Yang Ming",5,10,6720.2,500,6700,6734,2,2,2,{2}
2017-03-26,USCHS,"Charleston SC",USPEF,"Port Everglades FL",1,1,"Alianca; CCNI; Hamburg Sud; Hapag-Lloyd",4,6,4155.83333333333,769.333333333333,4050,4256,2,2,2,{2}
2017-03-26,USCHS,"Charleston SC",USSAV,"Savannah GA",6,6,"ACL-Atlantic Container Line; Alianca; APL; CMA CGM; COSCO; Evergreen Line; Hamburg Sud; Hapag-Lloyd; Hyundai; Maersk Line; MCC; MSC; NYK; OOCL; Safmarine; Seago Line; SeaLand; Yang Ming; ZIM",19,55,37181.6237734488,3482.48932178932,2872,8650,0,1,2,"{1,1,0,2,1,1}"
2017-03-26,USCHT,"Chester PA",USILM,"Wilmington NC",1,1,ICL,1,4,2465.5,478.5,1970,2800,2,2,2,{2}
2017-03-26,USCPV,"Port Canaveral, FL",GBTIL,Tilbury,1,1,StreamLines,1,5,1479.2,415.6,1296,2122,11,11,11,{11}
2017-03-26,USDUT,"Dutch Harbor AK",JPYOK,Yokohama,1,1,"APL; Maersk Line",2,6,4944.33333333333,367.666666666667,4832,5506,7,7,7,{7}
2017-03-26,USFPO,"Freeport TX",HNPCR,"Puerto Cortes",2,2,"Dole; Great White Fleet; MSC",3,6,3435.6,941,890,2572,2,2.5,3,"{3,2}"
2017-03-26,USGPT,"Gulfport MS",GTPBR,"Puerto Barrios",1,1,Dole,1,1,890,445,890,890,2,2,2,{2}
2017-03-26,USGPT,"Gulfport MS",GTSTC,"Santo Tomas de Castilla",1,1,Crowley,1,1,972,170,972,972,3,3,3,{3}
2017-03-26,USGPT,"Gulfport MS",USMSY,"New Orleans LA",1,1,"Great White Fleet; MSC",2,5,2545.6,496,2520,2572,1,1,1,{1}
2017-03-26,USHNL,"Honolulu HI",CAVAN,"Vancouver BC",1,1,"Alianca; ANL; CMA CGM; Hamburg Sud; Hapag-Lloyd",5,4,5262.5,840,2496,2742,7,7,7,{7}
2017-03-26,USHNL,"Honolulu HI",GUGUM,Guam,1,1,"Maersk Line; Matson",2,5,2715.8,300,2019,2890,10,10,10,{10}
2017-03-26,USHNL,"Honolulu HI",USLAX,"Los Angeles CA",1,1,"Pasha Hawaii",1,1,2653,200,2653,2653,6,6,6,{6}
2017-03-26,USHNL,"Honolulu HI",USOAK,"Oakland CA",1,1,"Pasha Hawaii",1,2,2331.5,200,2302,2361,5,5,5,{5}
2017-03-26,USHNL,"Honolulu HI",USSEA,"Seattle WA",1,1,"Maersk Line; Matson",2,2,2331,353,1635,3027,5,5,5,{5}
2017-03-26,USHOU,"Houston TX",DOCAU,Caucedo,1,1,"MSC; ZIM",2,3,2910.66666666667,328,2742,3200,6,6,6,{6}
2017-03-26,USHOU,"Houston TX",MXATM,Altamira,2,2,"Hapag-Lloyd; Maersk Line; MOL; MSC; SeaLand",5,10,6038.4,661.2,2468,4132,1,1,1,"{1,1}"
2017-03-26,USHOU,"Houston TX",PACTB,Cristobal,1,1,"Alianca; Hamburg Sud; Hapag-Lloyd; MSC; ZIM",5,7,5837.14285714286,1057.85714285714,5552,6750,5,5,5,{5}
2017-03-26,USHOU,"Houston TX",USMOB,"Mobile AL",3,3,"APL; CMA CGM; COSCO; Evergreen Line; Maersk Line; MCC; MSC; OOCL",8,30,14560.902020202,1296.79393939394,3450,6969,2,2,2,"{2,2,2}"
2017-03-26,USHOU,"Houston TX",USMSY,"New Orleans LA",6,6,"Alianca; APL; CCNI; CMA CGM; COSCO; Evergreen Line; Hamburg Sud; Hapag-Lloyd; Maersk Line; Melfi Marine; MOL; MSC; NYK; OOCL; Safmarine; Seaboard Marine; SeaLand; Yang Ming; ZIM",19,37,29193.2619047619,2771.38095238095,2442,6750,1,1.5,3,"{1,2,1,2,3,1}"
2017-03-26,USHOU,"Houston TX",USORF,"Norfolk VA",1,1,"Maersk Line; MSC; Safmarine",3,5,4666.8,420,4544,4824,5,5,5,{5}
2017-03-26,USHOU,"Houston TX",USSAV,"Savannah GA",2,2,"ACL-Atlantic Container Line; APL; Hapag-Lloyd; Maersk Line; NYK; Safmarine; Yang Ming",7,16,9528.70909090909,978.290909090909,2872,6750,3,3.5,4,"{4,3}"
2017-03-26,USILG,"Wilmington DE",COSMR,"Santa Marta",1,1,Dole,1,2,2046,990,2046,2046,4,4,4,{4}
2017-03-26,USILG,"Wilmington DE",CRMOB,Moin,1,1,"Dole; King Ocean",2,2,900,445,890,910,5,5,5,{5}
2017-03-26,USILG,"Wilmington DE",GTPBR,"Puerto Barrios",2,2,"Great White Fleet",1,3,6080,1204,1795,2490,5,6,7,"{5,7}"
2017-03-26,USILM,"Wilmington NC",BEANR,Antwerp,1,1,ICL,1,4,2465.5,478.5,1970,2800,11,11,11,{11}
2017-03-26,USILM,"Wilmington NC",HNPCR,"Puerto Cortes",1,1,SeaLand,1,3,1375.33333333333,247.333333333333,1122,1708,4,4,4,{4}
2017-03-26,USILM,"Wilmington NC",USJAX,"Jacksonville FL",1,1,"Maersk Line; MCC; MSC; Safmarine",4,10,4553.9,408.1,4154,5085,2,2,2,{2}
2017-03-26,USILM,"Wilmington NC",USORF,"Norfolk VA",1,1,"Evergreen Line; Maersk Line; Safmarine; SeaLand",4,4,1713,377,1713,1713,2,2,2,{2}
2017-03-26,USILM,"Wilmington NC",USSAV,"Savannah GA",2,2,"Evergreen Line; Hapag-Lloyd; K Line; Maersk Line; MOL; NYK; Safmarine; SeaLand; UASC; Yang Ming",10,14,10157.6,1111.8,1713,8930,1,2,3,"{1,3}"
2017-03-26,USJAX,"Jacksonville FL",BSNAS,Nassau,1,1,MSC,1,1,1730,200,1730,1730,3,3,3,{3}
2017-03-26,USJAX,"Jacksonville FL",PRSJU,"San Juan PR",2,2,"TOTE Maritime",1,2,6200,,3100,3100,3,3,3,"{3,3}"
2017-03-26,USJAX,"Jacksonville FL",RUVYP,Vostochniy,1,1,"Maersk Line; MCC; MSC; Safmarine",4,10,4553.9,408.1,4154,5085,26,26,26,{26}
2017-03-26,USJAX,"Jacksonville FL",SGSIN,Singapore,1,1,"APL; CMA CGM; COSCO; Evergreen Line; OOCL",5,11,5659.09090909091,438.727272727273,4248,6969,33,33,33,{33}
2017-03-26,USJAX,"Jacksonville FL",USCHS,"Charleston SC",2,2,"Hapag-Lloyd; K Line; MOL; NYK; UASC; Yang Ming",6,21,15690.9272727273,1323.81818181818,6700,10500,0,1,2,"{0,2}"
2017-03-26,USJAX,"Jacksonville FL",USPEF,"Port Everglades FL",3,3,"Alianca; Crowley; Hamburg Sud; Hapag-Lloyd; King Ocean; ZIM",6,12,8443.57142857143,1469.57142857143,1102,6612,1,2,2,"{2,1,2}"
2017-03-26,USLAX,"Los Angeles CA",CNSHA,Shanghai,1,1,Hyundai,1,5,6367.4,398,5711,6763,20,20,20,{20}
2017-03-26,USLAX,"Los Angeles CA",CNXMN,Xiamen,1,1,"Hapag-Lloyd; K Line; MOL; NYK; Yang Ming",5,6,10000,766.666666666667,10000,10000,21,21,21,{21}
2017-03-26,USLAX,"Los Angeles CA",MXESE,Ensenada,1,1,"APL; Maersk Line; MSC; SeaLand",4,6,2511.5,556.666666666667,2339,2546,1,1,1,{1}
2017-03-26,USLAX,"Los Angeles CA",MXMZT,Mazatlan,1,1,"Hapag-Lloyd; NYK",2,4,2629,420.25,2524,2664,3,3,3,{3}
2017-03-26,USLAX,"Los Angeles CA",MXZLO,"Manzanillo, MEX",1,1,"Alianca; Hamburg Sud; Hapag-Lloyd; ZIM",4,11,4566.27272727273,369.090909090909,4250,4843,3,3,3,{3}
2017-03-26,USLAX,"Los Angeles CA",USHNL,"Honolulu HI",2,2,"Pasha Hawaii",1,3,4984.5,400,2302,2653,4,4.5,5,"{5,4}"
2017-03-26,USLAX,"Los Angeles CA",USOAK,"Oakland CA",16,16,"Alianca; APL; CMA CGM; COSCO; Evergreen Line; Hamburg Sud; Hapag-Lloyd; Hyundai; K Line; Maersk Line; MCC; MOL; MSC; NYK; OOCL; PIL; UASC; Wan Hai; Yang Ming; ZIM",20,115,110594.901578813,6845.01135727018,4250,14414,1,1,4,"{4,1,1,1,2,1,1,1,1,1,2,1,1,2,2,1}"
2017-03-26,USLGB,"Long Beach CA",CNNSA,Nansha,1,1,"Maersk Line; MSC",2,6,4077.66666666667,163.666666666667,4774,5085,22,22,22,{22}
2017-03-26,USLGB,"Long Beach CA",CNXMN,Xiamen,1,1,"CMA CGM; COSCO; PIL; Wan Hai",4,6,8489,466.666666666667,8200,8814,20,20,20,{20}
2017-03-26,USLGB,"Long Beach CA",JPYOK,Yokohama,1,1,"Alianca; Hamburg Sud; Hyundai; Maersk Line; MCC; MSC; Safmarine; Seago Line",8,16,12582.875,775,13092,15550,16,16,16,{16}
2017-03-26,USLGB,"Long Beach CA",KRPUS,Busan,2,2,"APL; CMA CGM; COSCO; Evergreen Line; Hyundai; OOCL",6,11,14444.8333333333,939.666666666667,5551,8888,13,14,15,"{13,15}"
2017-03-26,USLGB,"Long Beach CA",MXLZC,"Lazaro Cardenas",1,1,"Alianca; CCNI; Hamburg Sud",3,4,1819,467,1819,1819,4,4,4,{4}
2017-03-26,USLGB,"Long Beach CA",NZAKL,Auckland,1,1,"Alianca; ANL; CMA CGM; Hamburg Sud; Hapag-Lloyd; MSC; PDL-Pacific Direct Line; PIL",8,7,3689.71428571429,496.285714285714,3534,3884,15,15,15,{15}
2017-03-26,USLGB,"Long Beach CA",PABLB,Balboa,2,2,"ACL-Atlantic Container Line; CMA CGM; Hapag-Lloyd; MOL; MSC; NYK; UASC; Yang Ming",8,20,13922.1,776.9,4890,9400,8,9,10,"{10,8}"
2017-03-26,USLGB,"Long Beach CA",RUVYP,Vostochniy,1,1,"Maersk Line; MCC; MSC; Safmarine",4,18,8412.27777777778,746.222222222222,8272,8650,17,17,17,{17}
2017-03-26,USLGB,"Long Beach CA",USHNL,"Honolulu HI",1,1,"Maersk Line; Matson",2,5,2715.8,300,2019,2890,4,4,4,{4}
2017-03-26,USLGB,"Long Beach CA",USOAK,"Oakland CA",8,8,"ACL-Atlantic Container Line; Alianca; APL; CCNI; CMA CGM; COSCO; Evergreen Line; Hamburg Sud; Hapag-Lloyd; K Line; Maersk Line; MCC; MOL; MSC; NYK; OOCL; PIL; Polynesia Line; Safmarine; UASC; Wan Hai; Yang Ming",22,59,51169.8952380952,3839.68571428571,1102,13102,1,2,3,"{3,2,2,2,1,2,2,2}"
2017-03-26,USLGB,"Long Beach CA",USSEA,"Seattle WA",1,1,"APL; CMA CGM; COSCO; Evergreen Line; OOCL; PIL",6,6,10031.6666666667,666.666666666667,10000,10050,4,4,4,{4}
2017-03-26,USMIA,"Miami FL",AGSJO,"St John's, Antigua",1,1,"Seaboard Marine",1,2,1116,220,1114,1118,3,3,3,{3}
2017-03-26,USMIA,"Miami FL",BSFPO,Freeport,3,3,"Maersk Line; MCC; MSC; Safmarine; SeaLand",5,35,19329.6920634921,1628.19365079365,4250,8650,0,0,1,"{0,1,0}"
2017-03-26,USMIA,"Miami FL",DOHAI,"Rio Haina",1,1,"Seaboard Marine",1,1,1114,220,1114,1114,3,3,3,{3}
2017-03-26,USMIA,"Miami FL",ESALG,Algeciras,1,1,"APL; CMA CGM; COSCO; Evergreen Line; OOCL",5,6,4781.66666666667,402,4367,5078,11,11,11,{11}
2017-03-26,USMIA,"Miami FL",FRLEH,"Le Havre",1,1,"APL; CMA CGM; COSCO; Evergreen Line; OOCL",5,6,5561.33333333333,569.333333333333,4043,6554,10,10,10,{10}
2017-03-26,USMIA,"Miami FL",HNPCR,"Puerto Cortes",3,3,"Seaboard Marine",1,3,2905,592,957,974,2,2,3,"{2,3,2}"
2017-03-26,USMIA,"Miami FL",HTLFF,"Port Lafito",1,1,"Seaboard Marine",1,2,1740,300,1740,1740,2,2,2,{2}
2017-03-26,USMIA,"Miami FL",JMKIN,Kingston,1,1,"ANL; CMA CGM",2,4,1314.5,345.75,1221,1347,3,3,3,{3}
2017-03-26,USMIA,"Miami FL",MXVER,Veracruz,1,1,"APL; CMA CGM; COSCO; Evergreen Line; OOCL",5,6,5561.33333333333,569.333333333333,4043,6554,3,3,3,{3}
2017-03-26,USMIA,"Miami FL",USHOU,"Houston TX",1,1,"Maersk Line; MSC; Safmarine",3,5,4666.8,420,4544,4824,2,2,2,{2}
2017-03-26,USMIA,"Miami FL",USJAX,"Jacksonville FL",1,1,"APL; CMA CGM; COSCO; Evergreen Line; OOCL",5,11,5659.09090909091,438.727272727273,4248,6969,1,1,1,{1}
2017-03-26,USMIA,"Miami FL",USPEF,"Port Everglades FL",1,1,"King Ocean; Seaboard Marine",2,2,1296,390,1296,1296,1,1,1,{1}
2017-03-26,USMOB,"Mobile AL",BSFPO,Freeport,1,1,"Alianca; Hamburg Sud; Hyundai; Maersk Line; MSC; Safmarine; Seago Line; SeaLand",8,7,7352.42857142857,681.142857142857,6418,8034,3,3,3,{3}
2017-03-26,USMOB,"Mobile AL",CNSHA,Shanghai,1,1,"CMA CGM; COSCO; Evergreen Line",3,9,4163.11111111111,384.666666666667,3450,4253,29,29,29,{29}
2017-03-26,USMOB,"Mobile AL",GBSOU,Southampton,1,1,"Hapag-Lloyd; MOL; NYK; Yang Ming",4,6,4917.66666666667,284,4250,5595,14,14,14,{14}
2017-03-26,USMOB,"Mobile AL",USMIA,"Miami FL",1,1,"Maersk Line; MCC; MSC",3,10,4738.7,473.4,4250,5085,3,3,3,{3}
2017-03-26,USMOB,"Mobile AL",USMSY,"New Orleans LA",2,2,"APL; CMA CGM; COSCO; Evergreen Line; MSC; OOCL; ZIM",7,14,8569.75757575758,766.727272727273,2742,6969,1,1.5,2,"{2,1}"
2017-03-26,USMSY,"New Orleans LA",DOCAU,Caucedo,1,1,"Alianca; Hamburg Sud; Hapag-Lloyd; Maersk Line; Melfi Marine; MSC; NYK; SeaLand; ZIM",9,8,5803.5,539,5527,6750,5,5,5,{5}
2017-03-26,USMSY,"New Orleans LA",HNPCR,"Puerto Cortes",1,1,"Seaboard Marine",1,3,2512.33333333333,413.333333333333,2442,2566,2,2,2,{2}
2017-03-26,USMSY,"New Orleans LA",ITCAG,Cagliari,1,1,"Alianca; CCNI; Hamburg Sud; Hapag-Lloyd; ZIM",5,7,4219.71428571429,557.142857142857,4115,4250,17,17,17,{17}
2017-03-26,USMSY,"New Orleans LA",USFPO,"Freeport TX",1,1,"Great White Fleet; MSC",2,5,2545.6,496,2520,2572,2,2,2,{2}
2017-03-26,USMSY,"New Orleans LA",USHOU,"Houston TX",1,1,"MSC; ZIM",2,3,2910.66666666667,328,2742,3200,1,1,1,{1}
2017-03-26,USMSY,"New Orleans LA",USMIA,"Miami FL",3,3,"APL; CMA CGM; COSCO; Evergreen Line; Maersk Line; MSC; OOCL; Safmarine; SeaLand",9,24,17399.1385281385,1416.63203463203,4043,6969,2,2,4,"{2,2,4}"
2017-03-26,USMSY,"New Orleans LA",USMOB,"Mobile AL",2,2,"Alianca; Hamburg Sud; Hapag-Lloyd; Hyundai; Maersk Line; MOL; MSC; NYK; Safmarine; Seago Line; SeaLand; Yang Ming",12,13,12270.0952380952,965.142857142857,4250,8034,1,1.5,2,"{2,1}"
2017-03-26,USNTD,"Port Hueneme CA",MXPMD,"Puerto Chiapas",1,1,"Great White Fleet",1,2,2122,400,2122,2122,6,6,6,{6}
2017-03-26,USNTD,"Port Hueneme CA",USLAX,"Los Angeles CA",1,1,"APL; Maersk Line; MSC; SeaLand",4,6,2511.5,556.666666666667,2339,2546,2,2,2,{2}
2017-03-26,USNYC,"New York NY/NJ",CAHAL,Halifax,2,2,"ACL-Atlantic Container Line; Alianca; Hamburg Sud; Hapag-Lloyd; K Line; MOL; NYK; UASC; Yang Ming; ZIM",10,15,9625,742.727272727273,4662,5117,2,2.5,3,"{3,2}"
2017-03-26,USNYC,"New York NY/NJ",DEBRV,Bremerhaven,1,1,"Maersk Line; MSC; Safmarine",3,4,4861.25,725,4043,5301,12,12,12,{12}
2017-03-26,USNYC,"New York NY/NJ",DOPOP,"Puerto Plata",1,1,"Seaboard Marine",1,3,1801.33333333333,333.333333333333,1550,2122,4,4,4,{4}
2017-03-26,USNYC,"New York NY/NJ",ESALG,Algeciras,1,1,"APL; Maersk Line; Safmarine",3,11,6386.90909090909,509.090909090909,6188,6750,9,9,9,{9}
2017-03-26,USNYC,"New York NY/NJ",OMSLL,Salalah,1,1,"Maersk Line; MCC; MSC; Safmarine",4,11,8035.27272727273,381.818181818182,8300,9400,20,20,20,{20}
2017-03-26,USNYC,"New York NY/NJ",PAONX,Colon,1,1,"ANL; APL; CMA CGM; COSCO; Evergreen Line; OOCL",6,10,8446.2,800.6,8221,8533,5,5,5,{5}
2017-03-26,USNYC,"New York NY/NJ",USBAL,"Baltimore MD",5,5,"Alianca; APL; CCNI; CMA CGM; COSCO; Evergreen Line; Hamburg Sud; Hapag-Lloyd; Maersk Line; MSC; OOCL; Safmarine; ZIM",13,36,26178.3583333333,2847.00833333333,1798,8488,1,2,2,"{2,2,1,2,2}"
2017-03-26,USNYC,"New York NY/NJ",USBOS,"Boston MA",3,3,"APL; CMA CGM; COSCO; Evergreen Line; Hapag-Lloyd; K Line; Maersk Line; MOL; MSC; NYK; OOCL; Safmarine; UASC; Yang Ming",14,33,23309.1982142857,1827.3,4549,8930,1,2,5,"{2,5,1}"
2017-03-26,USNYC,"New York NY/NJ",USCHS,"Charleston SC",2,2,"ACL-Atlantic Container Line; APL; Hapag-Lloyd; K Line; Maersk Line; MOL; NYK; Safmarine; UASC; Yang Ming",10,15,11155.9090909091,874.090909090909,4255,6750,2,2.5,3,"{2,3}"
2017-03-26,USNYC,"New York NY/NJ",USILM,"Wilmington NC",1,1,SeaLand,1,3,1375.33333333333,247.333333333333,1122,1708,2,2,2,{2}
2017-03-26,USNYC,"New York NY/NJ",USORF,"Norfolk VA",10,10,"ANL; APL; CMA CGM; COSCO; Evergreen Line; Hapag-Lloyd; K Line; Maersk Line; MCC; MOL; MSC; NileDutch; NYK; OOCL; Safmarine; Turkon; UASC; Yang Ming; ZIM",19,93,64802.3244864613,5353.59093879976,1878,10500,1,1,3,"{1,3,1,1,2,1,1,1,1,1}"
2017-03-26,USNYC,"New York NY/NJ",USPHL,"Philadelphia PA",2,2,"ACL-Atlantic Container Line; Alianca; Hamburg Sud; Hapag-Lloyd; Maersk Line; MSC",6,14,9675.57142857143,2288.57142857143,4112,6612,1,1.5,2,"{1,2}"
2017-03-26,USNYC,"New York NY/NJ",USSAV,"Savannah GA",5,5,"ANL; APL; CMA CGM; Hapag-Lloyd; K Line; Maersk Line; Marfret; MOL; MSC; NYK; SeaLand; UASC; Yang Ming",13,35,24916.5813852814,3238.36904761905,1221,9200,2,3,3,"{3,3,2,3,2}"
2017-03-26,USOAK,"Oakland CA",CAVAN,"Vancouver BC",1,1,MSC,1,10,9012.3,501.9,8800,9400,4,4,4,{4}
2017-03-26,USOAK,"Oakland CA",CNFOC,Fuzhou,1,1,"APL; CMA CGM; COSCO; Evergreen Line; OOCL; PIL; Wan Hai",7,6,14171,200,13892,14414,16,16,16,{16}
2017-03-26,USOAK,"Oakland CA",CNSHA,Shanghai,1,1,"Hapag-Lloyd; K Line; MOL; NYK; Yang Ming",5,5,6572.6,559.8,6200,7179,15,15,15,{15}
2017-03-26,USOAK,"Oakland CA",CNTAO,Qingdao,1,1,"COSCO; PIL; Wan Hai",3,6,6925,300,5527,7943,19,19,19,{19}
2017-03-26,USOAK,"Oakland CA",CNTXG,Xingang/Tianjin,1,1,"APL; CMA CGM; COSCO; Evergreen Line; OOCL; PIL",6,6,11030.6666666667,500,10000,13092,15,15,15,{15}
2017-03-26,USOAK,"Oakland CA",HKHKG,"Hong Kong",1,1,"APL; CMA CGM; COSCO; Evergreen Line; OOCL",5,17,8695.17647058824,627.882352941176,8465,9289,16,16,16,{16}
2017-03-26,USOAK,"Oakland CA",JPTYO,Tokyo,6,6,"APL; CMA CGM; COSCO; Evergreen Line; Hapag-Lloyd; K Line; MOL; NYK; OOCL; UASC; Wan Hai; Yang Ming",12,39,37869.1142857143,2312.47619047619,4432,9200,11,12,14,"{14,11,12,12,14,12}"
2017-03-26,USOAK,"Oakland CA",KRPUS,Busan,3,3,"Hapag-Lloyd; Hyundai; K Line; Maersk Line; MCC; MOL; MSC; NYK; Yang Ming",9,19,19160.5714285714,946.428571428571,4250,8212,12,14,16,"{16,14,12}"
2017-03-26,USOAK,"Oakland CA",NZTRG,Tauranga,1,1,"Alianca; ANL; CMA CGM; Hamburg Sud; Hapag-Lloyd",5,4,5262.5,840,2496,2742,18,18,18,{18}
2017-03-26,USOAK,"Oakland CA",PFPPT,"Papeete, Tahiti",1,1,"Alianca; Hamburg Sud; Polynesia Line",3,2,2623.92857142857,716.785714285714,1102,1347,9,9,9,{9}
2017-03-26,USOAK,"Oakland CA",RUVYP,Vostochniy,1,1,"Maersk Line; MCC; MSC; Safmarine",4,15,9141.2,733.333333333333,9034,13102,12,12,12,{12}
2017-03-26,USOAK,"Oakland CA",TWKEL,Keelung,1,1,"Hapag-Lloyd; K Line; MOL; NYK; Yang Ming",5,6,6571.33333333333,250,6500,6589,10,10,10,{10}
2017-03-26,USOAK,"Oakland CA",TWTPE,Taipei,1,1,"Evergreen Line",1,6,6481.16666666667,700.166666666667,5652,8073,17,17,17,{17}
2017-03-26,USOAK,"Oakland CA",USDUT,"Dutch Harbor AK",1,1,"APL; Maersk Line",2,6,4944.33333333333,367.666666666667,4832,5506,6,6,6,{6}
2017-03-26,USOAK,"Oakland CA",USHNL,"Honolulu HI",1,1,"Maersk Line; Matson",2,2,2331,353,1635,3027,4,4,4,{4}
2017-03-26,USOAK,"Oakland CA",USLAX,"Los Angeles CA",2,2,"Alianca; Hamburg Sud; Hapag-Lloyd; Pasha Hawaii; ZIM",5,13,6897.77272727273,569.090909090909,2302,4843,2,2.5,3,"{3,2}"
2017-03-26,USOAK,"Oakland CA",USLGB,"Long Beach CA",4,4,"ACL-Atlantic Container Line; Alianca; ANL; CCNI; CMA CGM; Hamburg Sud; Hapag-Lloyd; MOL; MSC; NYK; PDL-Pacific Direct Line; PIL; UASC; Yang Ming",14,31,19430.8142857143,1740.18571428571,1819,9400,1,1.5,3,"{3,2,1,1}"
2017-03-26,USOAK,"Oakland CA",USSEA,"Seattle WA",1,1,"Alianca; Hamburg Sud; Hapag-Lloyd; ZIM",4,11,4566.27272727273,369.090909090909,4250,4843,4,4,4,{4}
2017-03-26,USOAK,"Oakland CA",USTIW,"Tacoma WA",2,2,"ACL-Atlantic Container Line; APL; CMA CGM; COSCO; Evergreen Line; Hapag-Lloyd; MOL; NYK; UASC; Yang Ming",10,16,12181.1333333333,1132.16666666667,4890,8508,2,2,2,"{2,2}"
2017-03-26,USORF,"Norfolk VA",BEANR,Antwerp,2,2,"ACL-Atlantic Container Line; Hapag-Lloyd; Maersk Line; MSC; NYK; Safmarine; Yang Ming",7,10,7808.6,889.2,2872,4824,9,9,9,"{9,9}"
2017-03-26,USORF,"Norfolk VA",CAHAL,Halifax,1,1,"Hapag-Lloyd; K Line; MOL; NYK; UASC; Yang Ming",6,11,6402.09090909091,595,5624,7179,3,3,3,{3}
2017-03-26,USORF,"Norfolk VA",CNXMN,Xiamen,1,1,"APL; CMA CGM; COSCO; Evergreen Line; OOCL",5,10,8410.4,565.8,8000,8488,29,29,29,{29}
2017-03-26,USORF,"Norfolk VA",PABLB,Balboa,1,1,"Hapag-Lloyd; K Line; MOL; NYK; UASC; Yang Ming",6,10,8647.1,845,8208,9040,8,8,8,{8}
2017-03-26,USORF,"Norfolk VA",PAMIT,Manzanillo,1,1,"Hapag-Lloyd; K Line; MOL; NYK; Yang Ming",5,10,6720.2,500,6700,6734,5,5,5,{5}
2017-03-26,USORF,"Norfolk VA",SAKAC,"King Abdullah City",1,1,MSC,1,10,8931.8,600,8034,9200,16,16,16,{16}
2017-03-26,USORF,"Norfolk VA",SGSIN,Singapore,1,1,"APL; CMA CGM; COSCO; Evergreen Line; OOCL",5,16,8495.3125,612.5,8468,8530,29,29,29,{29}
2017-03-26,USORF,"Norfolk VA",USBAL,"Baltimore MD",1,1,"Maersk Line; MCC; MSC; Safmarine",4,11,8035.27272727273,381.818181818182,8300,9400,2,2,2,{2}
2017-03-26,USORF,"Norfolk VA",USCHS,"Charleston SC",4,4,"Alianca; Hamburg Sud; Hapag-Lloyd; Maersk Line; MCC; MSC; Safmarine",7,38,21066.6492063492,2434.16865079365,1798,8650,2,2.5,3,"{2,3,3,2}"
2017-03-26,USORF,"Norfolk VA",USNYC,"New York NY/NJ",4,4,"Alianca; APL; Hamburg Sud; Maersk Line; MSC; Safmarine; ZIM",7,34,22538.0340909091,2184.31818181818,4043,6750,1,3,3,"{3,1,3,3}"
2017-03-26,USORF,"Norfolk VA",USPHL,"Philadelphia PA",2,2,"ACL-Atlantic Container Line; Evergreen Line; Hapag-Lloyd; K Line; Maersk Line; MOL; NYK; Safmarine; SeaLand; UASC; Yang Ming",11,8,6375,677,1713,4662,2,2,2,"{2,2}"
2017-03-26,USORF,"Norfolk VA",USSAV,"Savannah GA",10,10,"ANL; APL; CMA CGM; COSCO; Evergreen Line; Hapag-Lloyd; K Line; Maersk Line; MOL; MSC; NileDutch; NYK; OOCL; Safmarine; Turkon; UASC; Yang Ming; ZIM",18,82,66636.2415138783,5201.27780748663,1878,13208,1,1.5,2,"{1,2,1,2,1,2,2,1,1,2}"
2017-03-26,USPAB,"Palm Beach FL",BSNAS,Nassau,3,1,"Tropical Shipping",1,3,1524,150,508,508,1,1,2,"{2,1,1}"
2017-03-26,USPAB,"Palm Beach FL",PRSJU,"San Juan PR",1,1,"Tropical Shipping",1,2,1118,220,1118,1118,3,3,3,{3}
2017-03-26,USPAB,"Palm Beach FL",VICTD,"St Croix VI",1,1,"Tropical Shipping",1,2,850,187,850,850,3,3,3,{3}
2017-03-26,USPAE,"Everett WA",USTIW,"Tacoma WA",1,1,Westwood,1,3,4840.66666666667,957.333333333333,2169,2546,1,1,1,{1}
2017-03-26,USPEF,"Port Everglades FL",AWBAR,Barcadera,1,1,"Alianca; Crowley; Hamburg Sud; King Ocean",4,3,1768,296,1714,1795,3,3,3,{3}
2017-03-26,USPEF,"Port Everglades FL",BRSSZ,Santos,1,1,"Alianca; Hamburg Sud; Hapag-Lloyd",3,7,5563.57142857143,988.571428571429,4600,6612,12,12,12,{12}
2017-03-26,USPEF,"Port Everglades FL",BSFPO,Freeport,1,1,"Great White Fleet; MSC",2,5,2545.6,496,2520,2572,1,1,1,{1}
2017-03-26,USPEF,"Port Everglades FL",BSNAS,Nassau,3,1,MSC,1,3,1098,138,366,366,1,1,1,"{1,1,1}"
2017-03-26,USPEF,"Port Everglades FL",BZBZE,"Belize City",1,1,"Crowley; Hyde Shipping Corp.; Seaboard Marine",3,2,352.5,20,340,365,4,4,4,{4}
2017-03-26,USPEF,"Port Everglades FL",COADZ,"San Andres Island",1,1,"King Ocean",1,2,233.5,20,205,262,4,4,4,{4}
2017-03-26,USPEF,"Port Everglades FL",COCTG,Cartagena,2,2,"Alianca; APL; CCNI; CMA CGM; Hamburg Sud; Hapag-Lloyd; Maersk Line; SeaLand",8,9,6703.16666666667,1304.66666666667,2490,4256,3,3.5,4,"{4,3}"
2017-03-26,USPEF,"Port Everglades FL",CRLIO,"Puerto Limon",1,1,"King Ocean; Seaboard Marine",2,2,1296,390,1296,1296,3,3,3,{3}
2017-03-26,USPEF,"Port Everglades FL",CUMAR,Mariel,1,1,Crowley,1,1,972,170,972,972,1,1,1,{1}
2017-03-26,USPEF,"Port Everglades FL",DOHAI,"Rio Haina",4,4,"Crowley; King Ocean; MSC; Seaboard Marine",4,8,4905.75,846,957,2008,3,3,3,"{3,3,3,3}"
2017-03-26,USPEF,"Port Everglades FL",ECGYE,Guayaquil,1,1,"King Ocean",1,1,1046,182,523,523,8,8,8,{8}
2017-03-26,USPEF,"Port Everglades FL",GTSTC,"Santo Tomas de Castilla",3,3,"AFCO Shipping Line; Crowley; King Ocean",3,3,2918,510,972,974,3,3,3,"{3,3,3}"
2017-03-26,USPEF,"Port Everglades FL",JMKIN,Kingston,2,2,"Alianca; CCNI; Crowley; Hamburg Sud; Hapag-Lloyd; ZIM",6,9,5331.71428571429,742.142857142857,1102,4250,2,2.5,3,"{3,2}"
2017-03-26,USPEF,"Port Everglades FL",KYGEC,Georgetown,1,1,"Crowley; Hyde Shipping Corp.; Seaboard Marine",3,2,352.5,20,340,365,2,2,2,{2}
2017-03-26,USPEF,"Port Everglades FL",MXVER,Veracruz,1,1,"Maersk Line; MSC; Safmarine; SeaLand",4,7,6178.71428571429,408.571428571429,4549,6750,3,3,3,{3}
2017-03-26,USPEF,"Port Everglades FL",SXSXM,"St Maarten",1,1,"King Ocean",1,4,1028.75,231,957,1118,3,3,3,{3}
2017-03-26,USPEF,"Port Everglades FL",USHOU,"Houston TX",1,1,"ACL-Atlantic Container Line; Hapag-Lloyd; NYK; Yang Ming",4,5,3141.8,469.2,2872,3237,2,2,2,{2}
2017-03-26,USPEF,"Port Everglades FL",USILG,"Wilmington DE",1,1,"Dole; King Ocean",2,2,900,445,890,910,3,3,3,{3}
2017-03-26,USPEF,"Port Everglades FL",USJAX,"Jacksonville FL",2,2,"Alianca; Crowley; Hamburg Sud; King Ocean; ZIM",5,5,2880,481,1102,1795,1,1.5,2,"{1,2}"
2017-03-26,USPEF,"Port Everglades FL",USNYC,"New York NY/NJ",1,1,"Alianca; CCNI; Hamburg Sud; Hapag-Lloyd",4,6,4155.83333333333,769.333333333333,4050,4256,3,3,3,{3}
2017-03-26,USPEF,"Port Everglades FL",USORF,"Norfolk VA",1,1,"MSC; ZIM",2,8,6326.875,507.5,4549,6750,2,2,2,{2}
2017-03-26,USPEF,"Port Everglades FL",VISTT,"St Thomas VI",1,1,"Crowley; ZIM",2,3,1296,390,1296,1296,3,3,3,{3}
2017-03-26,USPHL,"Philadelphia PA",BEZEE,Zeebrugge,1,1,Seatrade,1,8,3397.32142857143,785.714285714286,2268,2602,9,9,9,{9}
2017-03-26,USPHL,"Philadelphia PA",BSFPO,Freeport,1,1,"ACL-Atlantic Container Line; Hapag-Lloyd; Maersk Line; MSC",4,7,4112,1300,4112,4112,3,3,3,{3}
2017-03-26,USPHL,"Philadelphia PA",CAMTR,Montreal,1,1,MSC,1,5,3532.8,274,2680,4132,6,6,6,{6}
2017-03-26,USPHL,"Philadelphia PA",GBTIL,Tilbury,1,1,"ANL; CMA CGM; Marfret",3,7,5720.85714285714,1162.28571428571,2797,3100,12,12,12,{12}
2017-03-26,USPHL,"Philadelphia PA",NLRTM,Rotterdam,1,1,"Hapag-Lloyd; Maersk Line; MSC; Safmarine; SeaLand",5,10,9099.9,219.3,8772,9400,9,9,9,{9}
2017-03-26,USPHL,"Philadelphia PA",USCHS,"Charleston SC",1,1,"Alianca; CMA CGM; Hamburg Sud; Hapag-Lloyd; Maersk Line; MSC; SeaLand",7,10,3510.4,741.1,3000,4250,3,3,3,{3}
2017-03-26,USPHL,"Philadelphia PA",USILM,"Wilmington NC",1,1,"Evergreen Line; Maersk Line; Safmarine; SeaLand",4,4,1713,377,1713,1713,2,2,2,{2}
2017-03-26,USPHL,"Philadelphia PA",USNYC,"New York NY/NJ",3,3,"ACL-Atlantic Container Line; APL; CMA CGM; Hapag-Lloyd; K Line; Maersk Line; MOL; NYK; SeaLand; UASC; Yang Ming",11,10,8584.66666666667,1082.66666666667,1122,4662,1,2,2,"{2,2,1}"
2017-03-26,USPHL,"Philadelphia PA",USORF,"Norfolk VA",1,1,"Alianca; Hamburg Sud; Hapag-Lloyd",3,7,5563.57142857143,988.571428571429,4600,6612,1,1,1,{1}
2017-03-26,USPME,"Port Manatee FL",MXVER,Veracruz,1,1,"World Direct Shipping-WDS",1,1,672,116,672,672,3,3,3,{3}
2017-03-26,USPWM,"Portland, ME",CANWP,Argentia,1,1,"Eimskip; Royal Arctic Line",2,2,1007.14285714286,157.142857142857,698,712,4,4,4,{4}
2017-03-26,USSAN,"San Diego CA",ECGYE,Guayaquil,1,1,Dole,1,3,1540,770,1540,1540,8,8,8,{8}
2017-03-26,USSAV,"Savannah GA",BSFPO,Freeport,1,1,"Alianca; Hamburg Sud; Hyundai; Maersk Line; MSC; Safmarine; Seago Line; SeaLand",8,7,7352.42857142857,681.142857142857,6418,8034,2,2,2,{2}
2017-03-26,USSAV,"Savannah GA",COCTG,Cartagena,1,1,"ACL-Atlantic Container Line; CMA CGM; Hapag-Lloyd; MOL; NYK; UASC; Yang Ming",7,10,4909.8,275,4890,4922,5,5,5,{5}
2017-03-26,USSAV,"Savannah GA",DOCAU,Caucedo,1,1,"MSC; ZIM",2,8,6326.875,507.5,4549,6750,12,12,12,{12}
2017-03-26,USSAV,"Savannah GA",ESALG,Algeciras,1,1,"NileDutch; Turkon",2,5,2414.57142857143,450,1878,1878,10,10,10,{10}
2017-03-26,USSAV,"Savannah GA",ESVLC,Valencia,1,1,"COSCO; Hapag-Lloyd; NYK; Yang Ming; ZIM",5,7,4250.85714285714,380,4250,4253,12,12,12,{12}
2017-03-26,USSAV,"Savannah GA",GBSOU,Southampton,1,1,"ACL-Atlantic Container Line; CMA CGM; Hapag-Lloyd; MOL; NYK; UASC; Yang Ming",7,10,4909.8,275,4890,4922,12,12,12,{12}
2017-03-26,USSAV,"Savannah GA",GTSTC,"Santo Tomas de Castilla",1,1,"Evergreen Line; Maersk Line; Safmarine; SeaLand",4,4,1713,377,1713,1713,3,3,3,{3}
2017-03-26,USSAV,"Savannah GA",ITSAL,Salerno,1,1,"Hapag-Lloyd; K Line; MOL; NYK; Yang Ming; ZIM",6,5,4520,180,4520,4520,13,13,13,{13}
2017-03-26,USSAV,"Savannah GA",JMKIN,Kingston,1,1,"ANL; CMA CGM; Marfret",3,7,5720.85714285714,1162.28571428571,2797,3100,3,3,3,{3}
2017-03-26,USSAV,"Savannah GA",KRPUS,Busan,1,1,"Hapag-Lloyd; K Line; MOL; NYK; UASC; Yang Ming",6,10,8444.6,734.8,8120,8930,28,28,28,{28}
2017-03-26,USSAV,"Savannah GA",MYPKG,"Port Klang",1,1,"APL; CMA CGM; COSCO; Evergreen Line; OOCL",5,17,8695.17647058824,627.882352941176,8465,9289,31,31,31,{31}
2017-03-26,USSAV,"Savannah GA",USCHS,"Charleston SC",8,8,"Alianca; ANL; APL; CMA CGM; COSCO; Evergreen Line; Hamburg Sud; Hapag-Lloyd; Hyundai; Maersk Line; MCC; MSC; NYK; OOCL; Safmarine; Seago Line; SeaLand; UASC",18,68,62287.5711038961,4827.42012987013,4154,13208,0,1,1,"{1,1,1,1,0,1,1,1}"
2017-03-26,USSAV,"Savannah GA",USHOU,"Houston TX",1,1,"APL; Maersk Line; Safmarine",3,11,6386.90909090909,509.090909090909,6188,6750,5,5,5,{5}
2017-03-26,USSAV,"Savannah GA",USJAX,"Jacksonville FL",2,2,"Hapag-Lloyd; K Line; MOL; NYK; UASC; Yang Ming",6,21,15690.9272727273,1323.81818181818,6700,10500,1,1,1,"{1,1}"
2017-03-26,USSAV,"Savannah GA",USMIA,"Miami FL",4,4,"ANL; APL; CMA CGM; COSCO; Evergreen Line; Maersk Line; MCC; MSC; OOCL; Safmarine",10,34,20069.7777777778,2063.30555555556,1221,8650,1,2,2,"{2,2,1,2}"
2017-03-26,USSAV,"Savannah GA",USORF,"Norfolk VA",5,5,"ACL-Atlantic Container Line; Alianca; APL; Hamburg Sud; Hapag-Lloyd; K Line; Maersk Line; MOL; NYK; Safmarine; UASC; Yang Ming; ZIM",13,48,29540.9,2861.01818181818,2872,9040,2,2,2,"{2,2,2,2,2}"
2017-03-26,USSAV,"Savannah GA",USPEF,"Port Everglades FL",2,2,"ACL-Atlantic Container Line; APL; CMA CGM; Hapag-Lloyd; Maersk Line; NYK; SeaLand; Yang Ming",8,8,5689.13333333333,1004.53333333333,2490,3237,1,1,1,"{1,1}"
2017-03-26,USSAV,"Savannah GA",USPHL,"Philadelphia PA",1,1,"ANL; CMA CGM; Marfret",3,7,5720.85714285714,1162.28571428571,2797,3100,2,2,2,{2}
2017-03-26,USSEA,"Seattle WA",CAVAN,"Vancouver BC",2,2,"Alianca; APL; CMA CGM; COSCO; Evergreen Line; Hamburg Sud; Hapag-Lloyd; OOCL; PIL; ZIM",10,17,14115.9393939394,835.757575757576,4250,9953,1,1,1,"{1,1}"
2017-03-26,USSEA,"Seattle WA",CNDLC,Dalian,1,1,"APL; CMA CGM; COSCO; Evergreen Line; OOCL; PIL",6,6,10031.6666666667,666.666666666667,10000,10050,13,13,13,{13}
2017-03-26,USSEA,"Seattle WA",JPYOK,Yokohama,1,1,"Maersk Line; MCC; MSC; Safmarine",4,6,5139.33333333333,538.333333333333,4532,8400,11,11,11,{11}
2017-03-26,USSEA,"Seattle WA",KRPUS,Busan,2,2,"APL; CMA CGM; COSCO; Evergreen Line; Hapag-Lloyd; K Line; MOL; NYK; OOCL; Yang Ming",10,12,16714.8333333333,1216.33333333333,5500,13169,12,14.5,17,"{17,12}"
2017-03-26,USSEA,"Seattle WA",USOAK,"Oakland CA",3,3,"Alianca; ANL; CMA CGM; Hamburg Sud; Hapag-Lloyd; Maersk Line; Matson; MSC",8,16,16605.8,1694.9,1635,9400,2,3,3,"{3,2,3}"
2017-03-26,USTIW,"Tacoma WA",CAVAN,"Vancouver BC",5,5,"ACL-Atlantic Container Line; APL; CMA CGM; COSCO; Evergreen Line; Hapag-Lloyd; K Line; MOL; NYK; OOCL; UASC; Westwood; Yang Ming",13,32,28419.5142857143,2389.14285714286,2169,8749,0,0,2,"{0,0,1,0,2}"
2017-03-26,USTIW,"Tacoma WA",JPTMK,Tomakomai,1,1,Westwood,1,3,4840.66666666667,957.333333333333,2169,2546,12,12,12,{12}
2017-03-26,USTIW,"Tacoma WA",TWKHH,Kaohsiung,1,1,"APL; CMA CGM; COSCO; Evergreen Line",4,6,7271.33333333333,857.166666666667,7024,8508,14,14,14,{14}
2017-03-26,USTPA,"Tampa FL",USMOB,"Mobile AL",1,1,"MSC; ZIM",2,3,2910.66666666667,328,2742,3200,1,1,1,{1}
2017-03-26,UYMVD,Montevideo,ARBUE,"Buenos Aires",1,1,"Alianca; CMA CGM; COSCO; Evergreen Line; Hamburg Sud; Hapag-Lloyd; Maersk Line; MCC; NYK; PIL; Safmarine; Yang Ming",12,12,8183,989.833333333333,8004,9962,1,1,1,{1}
2017-03-26,UYMVD,Montevideo,BRRIG,"Rio Grande",7,7,"Alianca; ANL; CMA CGM; COSCO; Hamburg Sud; Hapag-Lloyd; Hyundai; Maersk Line; MCC; Melfi Marine; MOL; MSC; Niver Lines; NYK; Safmarine; Seago Line; SeaLand; UASC; ZIM",19,65,52646.8044871795,6654.21153846154,4549,10500,1,1,4,"{1,1,1,3,1,1,4}"
2017-03-26,VCKTN,"Kingstown, St Vincent",GDSTG,"St George's",2,2,"APL; CMA CGM; King Ocean",3,6,2144.75,451,957,1118,0,0,0,"{0,0}"
2017-03-26,VCKTN,"Kingstown, St Vincent",GYGEO,"Georgetown, Guyana",1,1,"Crowley; ZIM",2,3,1296,390,1296,1296,1,1,1,{1}
2017-03-26,VCKTN,"Kingstown, St Vincent",TTPTS,"Point Lisas",1,1,"Tropical Shipping",1,2,850,187,850,850,0,0,0,{0}
2017-03-26,VEGUA,Guaranao,VEMAR,Maracaibo,1,1,"Caribbean Feeder; Maersk Line; SeaLand; ZIM",4,1,2236,440,1118,1118,0,0,0,{0}
2017-03-26,VEGUT,Guanta,JMKIN,Kingston,1,1,"Caribbean Feeder; Hapag-Lloyd; Maersk Line; ZIM",4,1,1424,312,712,712,3,3,3,{3}
2017-03-26,VELAG,"La Guaira",PAMIT,Manzanillo,1,1,"Alianca; Hamburg Sud; Maersk Line; SeaLand",4,2,1774.5,321,1708,1841,3,3,3,{3}
2017-03-26,VELAG,"La Guaira",VEPBL,"Puerto Cabello",2,2,"Alianca; Caribbean Feeder; CMA CGM; Crowley; Hamburg Sud; Hapag-Lloyd; King Ocean; Seaboard Marine; ZIM",9,4,4444,1194,1338,1795,1,1,1,"{1,1}"
2017-03-26,VEMAR,Maracaibo,COCTG,Cartagena,1,1,"King Ocean",1,1,672,116,672,672,2,2,2,{2}
2017-03-26,VEMAR,Maracaibo,PAMIT,Manzanillo,1,1,"Caribbean Feeder; Maersk Line; SeaLand; ZIM",4,1,2236,440,1118,1118,2,2,2,{2}
2017-03-26,VEPBL,"Puerto Cabello",JMKIN,Kingston,1,1,"Caribbean Feeder; CMA CGM; Hapag-Lloyd; Seaboard Marine; ZIM",5,1,2676,898,1338,1338,1,1,1,{1}
2017-03-26,VEPBL,"Puerto Cabello",PAMIT,Manzanillo,1,1,"Alianca; Hamburg Sud; Maersk Line; MSC; SeaLand",5,2,2144.5,523.5,1819,2470,2,2,2,{2}
2017-03-26,VEPBL,"Puerto Cabello",USPEF,"Port Everglades FL",1,1,"Alianca; Crowley; Hamburg Sud; King Ocean",4,3,1768,296,1714,1795,9,9,9,{9}
2017-03-26,VGRAD,Tortola,PRSJU,"San Juan PR",1,1,"CMA CGM",1,1,120,24,120,120,1,1,1,{1}
2017-03-26,VGRAD,Tortola,VGVIJ,"Virgin Gorda",1,1,"Tropical Shipping",1,2,1118,220,1118,1118,0,0,0,{0}
2017-03-26,VGVIJ,"Virgin Gorda",CAHAL,Halifax,1,1,"Tropical Shipping",1,2,1118,220,1118,1118,3,3,3,{3}
2017-03-26,VICTD,"St Croix VI",AIRBY,Anguilla,1,1,"Tropical Shipping",1,2,850,187,850,850,1,1,1,{1}
2017-03-26,VICTD,"St Croix VI",SXSXM,"St Maarten",1,1,"CMA CGM",1,1,120,24,120,120,0,0,0,{0}
2017-03-26,VICTD,"St Croix VI",TTPTS,"Point Lisas",1,1,"Crowley; ZIM",2,3,1296,390,1296,1296,2,2,2,{2}
2017-03-26,VICZB,"St John VI",SXSXM,"St Maarten",1,1,"Tropical Shipping",1,2,1118,220,1118,1118,1,1,1,{1}
2017-03-26,VISTT,"St Thomas VI",JMKIN,Kingston,1,1,"Crowley; ZIM",2,3,1296,390,1296,1296,2,2,2,{2}
2017-03-26,VISTT,"St Thomas VI",KNBAS,"Basseterre, St Kitts",1,1,"CMA CGM",1,1,120,24,120,120,1,1,1,{1}
2017-03-26,VISTT,"St Thomas VI",VICTD,"St Croix VI",1,1,"Crowley; ZIM",2,3,1296,390,1296,1296,1,1,1,{1}
2017-03-26,VISTT,"St Thomas VI",VICZB,"St John VI",1,1,"Tropical Shipping",1,2,1118,220,1118,1118,1,1,1,{1}
2017-03-26,VNDAD,"Da Nang",HKHKG,"Hong Kong",5,5,"ANL; CMA CGM; CNC Line-Cheng Lie Navigation Co. Ltd.; Evergreen Line; Hyundai; IAL-Interasia Lines; MCC; Wan Hai; Yang Ming",9,13,8979.5,1194.33333333333,1560,2200,1,1,2,"{1,2,1,1,2}"
2017-03-26,VNDAD,"Da Nang",VNHPH,Haiphong,1,1,"Evergreen Line",1,3,1163.33333333333,133.333333333333,1162,1164,2,2,2,{2}
2017-03-26,VNDAD,"Da Nang",VNSGN,"Ho Chi Minh (VICT/Cat Lai)",2,2,"IAL-Interasia Lines; MOL; Wan Hai",3,7,3011.5,295,1368,1728,1,2,3,"{1,3}"
2017-03-26,VNDAD,"Da Nang",VNUIH,"Qui Nhon",1,1,PIL,1,2,1728,250,1728,1728,1,1,1,{1}
2017-03-26,VNHPH,Haiphong,CNDCB,"Da Chan Bay",1,1,"Gold Star Line; MCC; ZIM",3,1,1114,220,1114,1114,2,2,2,{2}
2017-03-26,VNHPH,Haiphong,CNNGB,Ningbo,1,1,"Heung-A; PanOcean; Sinokor",3,3,1056.66666666667,102.666666666667,1050,1060,4,4,4,{4}
2017-03-26,VNHPH,Haiphong,CNQZH,Qinzhou,5,5,"Evergreen Line; OOCL; PIL; RCL; Wan Hai",5,12,7496.33333333333,1175.33333333333,1162,1800,1,1,1,"{1,1,1,1,1}"
2017-03-26,VNHPH,Haiphong,CNSHA,Shanghai,1,1,"SITC Shipping",1,3,1016.66666666667,143.333333333333,907,1100,4,4,4,{4}
2017-03-26,VNHPH,Haiphong,CNSHK,Shekou,7,7,"COSCO; Dongjin Shipping; Dong Young; Heung-A; KMTC; Namsung; NYK; RCL; Sinokor; Sinotrans; SITC Shipping",11,17,6804.58333333333,582.25,650,1200,1,2,3,"{1,2,2,2,3,2,2}"
2017-03-26,VNHPH,Haiphong,CNSWA,Shantou,1,1,"ANL; CK Line; CMA CGM; CNC Line-Cheng Lie Navigation Co. Ltd.; KMTC",5,2,1054,80,1048,1060,2,2,2,{2}
2017-03-26,VNHPH,Haiphong,CNXMN,Xiamen,1,1,"SM Line",1,2,1089,161,1060,1118,2,2,2,{2}
2017-03-26,VNHPH,Haiphong,CNYTN,Yantian,1,1,"CULines-China United Lines; Hyundai",2,1,1016,96,1016,1016,2,2,2,{2}
2017-03-26,VNHPH,Haiphong,CNZHA,Zhanjiang,1,1,"Wan Hai",1,3,1742,233.333333333333,1510,1858,1,1,1,{1}
2017-03-26,VNHPH,Haiphong,HKHKG,"Hong Kong",11,10,"ANL; Asean Seas Line; Bien Dong; CK Line; CMA CGM; CNC Line-Cheng Lie Navigation Co. Ltd.; COSCO; Evergreen Line; Heung-A; Hyundai; KMTC; MOL; MSC; Namsung; Sinokor; SITC Shipping; TS Lines",17,25,14750.3333333333,1883.66666666667,1016,2378,1,2,5,"{4,2,5,1,3,2,1,2,2,4,1}"
2017-03-26,VNHPH,Haiphong,MYKUA,Kuantan,1,1,"Evergreen Line",1,3,1163.33333333333,133.333333333333,1162,1164,4,4,4,{4}
2017-03-26,VNHPH,Haiphong,TWKHH,Kaohsiung,6,6,"APL; Evergreen Line; K Line; NYK; OOCL; Wan Hai; Yang Ming",7,10,6625.66666666667,964,699,1708,2,2.5,3,"{2,3,2,3,2,3}"
2017-03-26,VNHPH,Haiphong,VNDAD,"Da Nang",2,2,"ANL; CMA CGM; CNC Line-Cheng Lie Navigation Co. Ltd.; Hyundai; Yang Ming",5,4,3802.5,310,1560,2200,1,1,1,"{1,1}"
2017-03-26,VNHPP,"Tan cang Hiep Phuoc",PHMNL,Manila,1,1,"CULines-China United Lines; Gold Star Line; Hyundai; ZIM",4,4,2200,150,2200,2200,2,2,2,{2}
2017-03-26,VNHPP,"Tan cang Hiep Phuoc",SGSIN,Singapore,1,1,APL,1,3,1080,228,1061,1118,2,2,2,{2}
2017-03-26,VNSGN,"Ho Chi Minh (VICT/Cat Lai)",CNDCB,"Da Chan Bay",1,1,"Gold Star Line; Yang Ming; ZIM",3,3,1742.33333333333,187.333333333333,1708,1805,2,2,2,{2}
2017-03-26,VNSGN,"Ho Chi Minh (VICT/Cat Lai)",CNNGB,Ningbo,3,3,"CMA CGM; CNC Line-Cheng Lie Navigation Co. Ltd.; RCL; Sinotrans; SITC Shipping",5,11,5186.83333333333,614.666666666667,1498,1808,2,4,6,"{6,4,2}"
2017-03-26,VNSGN,"Ho Chi Minh (VICT/Cat Lai)",CNSHA,Shanghai,1,1,"CK Line; Evergreen Line; Heung-A; Hyundai; KMTC; Sinokor; SITC Shipping",7,4,2762.5,421.5,2742,2824,6,6,6,{6}
2017-03-26,VNSGN,"Ho Chi Minh (VICT/Cat Lai)",CNSHK,Shekou,2,2,"CNC Line-Cheng Lie Navigation Co. Ltd.; Evergreen Line; Hyundai; KMTC; Namsung; Yang Ming",6,6,3416.33333333333,432,1618,1860,3,3,3,"{3,3}"
2017-03-26,VNSGN,"Ho Chi Minh (VICT/Cat Lai)",CNTAO,Qingdao,1,1,"ANL; CMA CGM; CNC Line-Cheng Lie Navigation Co. Ltd.; COSCO; OOCL; PIL",6,5,2546.8,440.8,2450,2646,7,7,7,{7}
2017-03-26,VNSGN,"Ho Chi Minh (VICT/Cat Lai)",CNYTN,Yantian,1,1,"SM Line",1,3,1436,203.333333333333,1228,1550,2,2,2,{2}
2017-03-26,VNSGN,"Ho Chi Minh (VICT/Cat Lai)",HKHKG,"Hong Kong",7,7,"ANL; CMA CGM; CNC Line-Cheng Lie Navigation Co. Ltd.; Evergreen Line; Heung-A; Hyundai; KMTC; MCC; Namsung; RCL; SASCO; Sinokor; TS Lines; Yang Ming",14,28,14297.5476190476,2322.91666666667,1022,3100,2,3,4,"{3,2,4,3,3,3,2}"
2017-03-26,VNSGN,"Ho Chi Minh (VICT/Cat Lai)",IDJKT,"Jakarta, Java",1,1,"K Line; SITC Shipping",2,4,2542.75,410,2450,2741,4,4,4,{4}
2017-03-26,VNSGN,"Ho Chi Minh (VICT/Cat Lai)",JPSMZ,Shimizu,1,1,"K Line; SITC Shipping",2,3,1708,202,1708,1708,6,6,6,{6}
2017-03-26,VNSGN,"Ho Chi Minh (VICT/Cat Lai)",KHKOS,Sihanoukville,4,4,"ANL; CMA CGM; CNC Line-Cheng Lie Navigation Co. Ltd.; Evergreen Line; Heung-A; KMTC; MCC; SITC Shipping; TS Lines",9,20,6739.98333333333,1006.36666666667,1512,1808,1,2.5,3,"{1,3,3,2}"
2017-03-26,VNSGN,"Ho Chi Minh (VICT/Cat Lai)",KRINC,Inchon,1,1,"CK Line; Dongjin Shipping; Evergreen Line; Namsung; Sinokor",5,3,1709.66666666667,243,1570,1850,6,6,6,{6}
2017-03-26,VNSGN,"Ho Chi Minh (VICT/Cat Lai)",KRKAN,Gwangyang,1,1,"ANL; CK Line; CMA CGM; CNC Line-Cheng Lie Navigation Co. Ltd.; Dongjin Shipping; Hyundai; MCC; Namsung",8,3,1866.66666666667,233.333333333333,1850,1900,6,6,6,{6}
2017-03-26,VNSGN,"Ho Chi Minh (VICT/Cat Lai)",KRPUS,Busan,1,1,"Hyundai; KMTC",2,3,1678.33333333333,231.333333333333,1626,1730,5,5,5,{5}
2017-03-26,VNSGN,"Ho Chi Minh (VICT/Cat Lai)",KRUSN,Ulsan,1,1,"Heung-A; KMTC; Sinokor",3,3,1713.66666666667,245.333333333333,1585,1800,6,6,6,{6}
2017-03-26,VNSGN,"Ho Chi Minh (VICT/Cat Lai)",MYPGU,"Pasir Gudang, Johor",1,1,RCL,1,4,1344,152.5,1228,1468,6,6,6,{6}
2017-03-26,VNSGN,"Ho Chi Minh (VICT/Cat Lai)",SGSIN,Singapore,2,2,"Hyundai; KMTC; Sinokor; Wan Hai",4,8,3582.25,382.5,1368,2450,2,3,4,"{4,2}"
2017-03-26,VNSGN,"Ho Chi Minh (VICT/Cat Lai)",THBKK,"Bangkok (Old Port)",4,4,"CULines-China United Lines; Heung-A; K Line; MOL; Sinotrans; SITC Shipping; SM Line",7,13,5849.08333333333,763,1005,1808,2,3,3,"{3,2,3,3}"
2017-03-26,VNSGN,"Ho Chi Minh (VICT/Cat Lai)",THLCH,"Laem Chabang",10,10,"ANL; CK Line; CMA CGM; CNC Line-Cheng Lie Navigation Co. Ltd.; CULines-China United Lines; Dongjin Shipping; Evergreen Line; Gold Star Line; Heung-A; Hyundai; KMTC; MCC; Namsung; NYK; OOCL; RCL; Sinokor; TS Lines; Wan Hai; Yang Ming; ZIM",21,34,20919.0833333333,3081.25,1368,2824,1,2,4,"{2,2,2,2,2,3,1,2,2,4}"
2017-03-26,VNSGN,"Ho Chi Minh (VICT/Cat Lai)",TWKHH,Kaohsiung,5,4,"Evergreen Line; Hapag-Lloyd; IAL-Interasia Lines; K Line; MOL; NYK; OOCL; UASC; Wan Hai; Yang Ming",10,20,14303.7142857143,778.47619047619,1368,6500,2,3,4,"{2,3,3,4,3}"
2017-03-26,VNSGN,"Ho Chi Minh (VICT/Cat Lai)",VNDAD,"Da Nang",2,2,"ANL; CMA CGM; CNC Line-Cheng Lie Navigation Co. Ltd.; Evergreen Line; IAL-Interasia Lines; Wan Hai",6,6,3458,521.333333333333,1702,1800,1,1,1,"{1,1}"
2017-03-26,VNUIH,"Qui Nhon",SGSIN,Singapore,1,1,PIL,1,2,1728,250,1728,1728,3,3,3,{3}
2017-03-26,VNUIH,"Qui Nhon",VNDAD,"Da Nang",1,1,MCC,1,3,1719,363,1713,1730,1,1,1,{1}
2017-03-26,VNVUT,"Cai Mep (near Ho Chi Minh)",CNSHK,Shekou,2,2,"IAL-Interasia Lines; Maersk Line; MCC; MOL; MSC; OOCL; Safmarine; Samudera; Wan Hai",9,22,13868.0571428571,1117.61904761905,4252,13102,3,3,3,"{3,3}"
2017-03-26,VNVUT,"Cai Mep (near Ho Chi Minh)",HKHKG,"Hong Kong",4,4,"APL; CMA CGM; COSCO; Evergreen Line; Gold Star Line; Hapag-Lloyd; Hyundai; K Line; Maersk Line; MCC; MOL; MSC; NYK; OOCL; SM Line; UASC; X-Press; Yang Ming; ZIM",19,36,29998.5982142857,2238.7380952381,5506,9100,2,2.5,3,"{3,2,3,2}"
2017-03-26,VNVUT,"Cai Mep (near Ho Chi Minh)",JPTYO,Tokyo,1,1,"Hapag-Lloyd; K Line; MCC; NYK",4,4,4601,512.5,4432,4896,6,6,6,{6}
2017-03-26,VNVUT,"Cai Mep (near Ho Chi Minh)",JPUKB,Kobe,1,1,"MCC; NYK",2,3,2872,354,2858,2900,5,5,5,{5}
2017-03-26,VNVUT,"Cai Mep (near Ho Chi Minh)",PHMNL,Manila,1,1,"ANL; CMA CGM; CNC Line-Cheng Lie Navigation Co. Ltd.; MCC; MOL",5,3,2585.66666666667,462,2450,2824,2,2,2,{2}
2017-03-26,VNVUT,"Cai Mep (near Ho Chi Minh)",SGSIN,Singapore,6,6,"APL; CMA CGM; COSCO; Evergreen Line; Hapag-Lloyd; K Line; Maersk Line; MCC; MOL; MSC; NYK; OOCL; Safmarine; UASC; Yang Ming",15,77,54433.4744503862,3269.28639334522,5624,13880,2,2,3,"{2,2,3,2,2,2}"
2017-03-26,VNVUT,"Cai Mep (near Ho Chi Minh)",TWKHH,Kaohsiung,1,1,APL,1,3,2468,400,2468,2468,3,3,3,{3}
2017-03-26,VNVUT,"Cai Mep (near Ho Chi Minh)",USLAX,"Los Angeles CA",1,1,"APL; CMA CGM; COSCO; Evergreen Line; OOCL",5,17,8695.17647058824,627.882352941176,8465,9289,16,16,16,{16}
2017-03-26,VUSAN,Santo,AUMEL,Melbourne,1,1,"Swire Shipping",1,2,1840,411.428571428571,734,876,10,10,10,{10}
2017-03-26,VUVLI,"Port Vila",FJLTK,Lautoka,1,1,"NPL-Neptune Pacific Line; PDL-Pacific Direct Line; Sofrana ANL",3,2,1684,200,777,907,1,1,1,{1}
2017-03-26,VUVLI,"Port Vila",VUSAN,Santo,1,1,"Swire Shipping",1,2,1840,411.428571428571,734,876,1,1,1,{1}
2017-03-26,WSAPW,"Apia, W. Samoa",ASPPG,"Pago Pago",3,3,"Alianca; Hamburg Sud; NPL-Neptune Pacific Line; PDL-Pacific Direct Line; PIL; Polynesia Line; Sofrana ANL",7,5,6183.92857142857,1116.78571428571,777,1347,0,1,1,"{1,1,0}"
2017-03-26,ZACPT,"Cape Town",AOLAD,Luanda,1,1,"Alianca; CMA CGM; Hamburg Sud; Hapag-Lloyd; Maersk Line; NileDutch; Safmarine",7,6,3414,506.5,3091,3820,5,5,5,{5}
2017-03-26,ZACPT,"Cape Town",CGPNR,"Pointe Noire",1,1,"ANL; CMA CGM; COSCO; Maersk Line; NileDutch; PIL; Safmarine",7,12,7781.33333333333,681,5071,10622,8,8,8,{8}
2017-03-26,ZACPT,"Cape Town",ESALG,Algeciras,1,1,"DAL-Deutsche Afrika Linien; Maersk Line; MOL; Safmarine",4,8,7255.875,1187.5,6350,9443,12,12,12,{12}
2017-03-26,ZACPT,"Cape Town",ESLPA,"Las Palmas, Can Is",1,1,"Hapag-Lloyd; MSC; Stinnes",3,8,8446.125,768.75,7455,9200,10,10,10,{10}
2017-03-26,ZACPT,"Cape Town",MYPKG,"Port Klang",2,2,"Alianca; ANL; CMA CGM; COSCO; Evergreen Line; Hamburg Sud; K Line; Maersk Line; MOL; NileDutch; PIL; Safmarine",12,20,12554.9583333333,1141,4211,10622,16,17,18,"{18,16}"
2017-03-26,ZACPT,"Cape Town",NGTIN,"Lagos, Tin Can",1,1,PIL,1,12,3566.75,,3889,3900,4,4,4,{4}
2017-03-26,ZACPT,"Cape Town",TGLFW,Lome,1,1,MSC,1,12,10035.8333333333,696.666666666667,9200,13092,7,7,7,{7}
2017-03-26,ZACPT,"Cape Town",USNYC,"New York NY/NJ",1,1,"Maersk Line; MSC; Safmarine",3,8,2424,279.375,1798,3500,18,18,18,{18}
2017-03-26,ZACPT,"Cape Town",ZADUR,Durban,1,1,"ANL; CMA CGM; PIL",3,10,3148.3,404.1,1697,4308,4,4,4,{4}
2017-03-26,ZACPT,"Cape Town",ZAZBA,"Ngqura (Coega)",2,2,"DAL-Deutsche Afrika Linien; Hapag-Lloyd; Maersk Line; MOL; MSC; Safmarine; Stinnes",7,16,15702,1956.25,6350,9443,2,2.5,3,"{3,2}"
2017-03-26,ZADUR,Durban,CGPNR,"Pointe Noire",2,2,"ANL; CMA CGM; DAL-Deutsche Afrika Linien; Maersk Line; PIL; Safmarine; UAFL-United Africa Feeder Line",7,20,7274.3,931.7,1697,4644,9,9.5,10,"{10,9}"
2017-03-26,ZADUR,Durban,MUPLU,"Port Louis",2,2,"DAL-Deutsche Afrika Linien; Maersk Line; MSC; Safmarine; UAFL-United Africa Feeder Line",5,22,14161.8333333333,1224.26666666667,3426,13092,5,5.5,6,"{5,6}"
2017-03-26,ZADUR,Durban,REPDG,"Reunion Island",1,1,"ANL; CMA CGM; PIL",3,10,3148.3,404.1,1697,4308,4,4,4,{4}
2017-03-26,ZADUR,Durban,SGSIN,Singapore,1,1,"COSCO; Evergreen Line; K Line; MOL; PIL",5,7,3975,379.142857142857,4211,5087,15,15,15,{15}
2017-03-26,ZADUR,Durban,ZACPT,"Cape Town",3,3,"Alianca; COSCO; Evergreen Line; Hamburg Sud; K Line; Maersk Line; MOL; MSC; PIL; Safmarine",10,28,17233.4583333333,1436.04166666667,1798,13092,2,3,4,"{2,3,4}"
2017-03-26,ZADUR,Durban,ZAPLZ,"Port Elizabeth",2,2,"Alianca; CMA CGM; DAL-Deutsche Afrika Linien; Hamburg Sud; Hapag-Lloyd; Maersk Line; MOL; NileDutch; Safmarine",9,14,10669.875,1694,3091,9443,2,2.5,3,"{2,3}"
2017-03-26,ZADUR,Durban,ZAZBA,"Ngqura (Coega)",3,3,"Alianca; ANL; CMA CGM; Hamburg Sud; Hapag-Lloyd; Maersk Line; MCC; MSC; Safmarine; Stinnes",10,23,21546.3472222222,2078.30555555556,3922,9200,1,2,3,"{3,1,2}"
2017-03-26,ZAPLZ,"Port Elizabeth",ZACPT,"Cape Town",2,2,"Alianca; CMA CGM; DAL-Deutsche Afrika Linien; Hamburg Sud; Hapag-Lloyd; Maersk Line; MOL; NileDutch; Safmarine",9,14,10669.875,1694,3091,9443,2,3,4,"{4,2}"
2017-03-26,ZAPLZ,"Port Elizabeth",ZADUR,Durban,2,2,"DAL-Deutsche Afrika Linien; Maersk Line; MSC; Safmarine; UAFL-United Africa Feeder Line",5,18,6550,806.975,1798,4644,3,3.5,4,"{4,3}"
2017-03-26,ZAZBA,"Ngqura (Coega)",AEJEA,"Dubai, Jebel Ali",1,1,MSC,1,6,6350.33333333333,550,3922,8204,11,11,11,{11}
2017-03-26,ZAZBA,"Ngqura (Coega)",MYTPP,"Tanjung Pelepas",1,1,"Alianca; ANL; CMA CGM; Hamburg Sud; Maersk Line; MCC; Safmarine",7,9,6749.88888888889,759.555555555556,6478,7450,14,14,14,{14}
2017-03-26,ZAZBA,"Ngqura (Coega)",SGSIN,Singapore,1,1,"Maersk Line; MCC; MOL; MSC; Safmarine",5,12,8578.83333333333,831.75,7450,9962,13,13,13,{13}
2017-03-26,ZAZBA,"Ngqura (Coega)",ZACPT,"Cape Town",1,1,"Hapag-Lloyd; MSC; Stinnes",3,8,8446.125,768.75,7455,9200,4,4,4,{4}
2017-03-26,ZAZBA,"Ngqura (Coega)",ZADUR,Durban,2,2,"DAL-Deutsche Afrika Linien; Hapag-Lloyd; Maersk Line; MOL; MSC; Safmarine; Stinnes",7,16,15702,1956.25,6350,9443,2,2.5,3,"{2,3}"
