period,origin,namea,destination,nameb,connections,distinct_services,companies,num_companies,num_vessels,weekly_teu,weekly_rplugs,min_vessel,max_vessel,min_days,median_days,max_days,available_transit_times
2021-03-28,AEAUH,"Abu Dhabi",AEJEA,"Dubai, Jebel Ali",3,3,"Alianca; Hamburg Sud; Maersk Line; MSC; SeaLand; ZIM",6,35,47240.8487179487,3401.24358974359,8063,23756,0,0,1,"{1,0,0}"
2021-03-28,AEAUH,"Abu Dhabi",AESHJ,Sharjah,1,1,Hapag-Lloyd,1,4,3547,500,3534,3586,0,0,0,{0}
2021-03-28,AEAUH,"Abu Dhabi",INHZA,Hazira,1,1,"APL; CMA CGM; COSCO; Evergreen Line; GFS; ONE; OOCL; X-Press",8,2,4301.5,450,4253,4350,3,3,3,{3}
2021-03-28,AEAUH,"Abu Dhabi",MYPKG,"Port Klang",1,1,"APL; CMA CGM; CNC Line-Cheng Lie Navigation Co. Ltd.; COSCO; Evergreen Line; OOCL; PIL; Wan Hai",8,7,18210.5714285714,999.142857142857,14074,20988,9,9,9,{9}
2021-03-28,AEAUH,"Abu Dhabi",OMSOH,Sohar,1,1,"Evergreen Line; Hapag-Lloyd; Hyundai; Yang Ming",4,8,11881.125,850,13169,14000,2,2,2,{2}
2021-03-28,AEAUH,"Abu Dhabi",PKBQM,"Port Qasim",1,1,"CMA CGM; COSCO; Hapag-Lloyd; ONE; OOCL",5,8,9088.125,738.75,5688,13556,2,2,2,{2}
2021-03-28,AEAUH,"Abu Dhabi",PKKHI,Karachi,1,1,"APL; CMA CGM; COSCO; Hapag-Lloyd; ONE; OOCL",6,8,11078.75,838.25,6921,13386,1,1,1,{1}
2021-03-28,AEAUH,"Abu Dhabi",QAHMD,Hamad,1,1,MSC,1,7,8227.42857142857,450,7943,13092,1,1,1,{1}
2021-03-28,AEAUH,"Abu Dhabi",SADMM,Dammam,2,1,"APL; CMA CGM; CNC Line-Cheng Lie Navigation Co. Ltd.; COSCO; Evergreen Line; OOCL; PIL; Wan Hai",8,14,36421.1428571429,1998.28571428571,14074,20988,2,2.5,3,"{2,3}"
2021-03-28,AEAUH,"Abu Dhabi",SGSIN,Singapore,1,1,"APL; CMA CGM; CNC Line-Cheng Lie Navigation Co. Ltd.; COSCO; Evergreen Line; ONE; OOCL",7,7,9197.14285714286,449.142857142857,8452,17292,9,9,9,{9}
2021-03-28,AEJEA,"Dubai, Jebel Ali",AEAUH,"Abu Dhabi",6,6,"APL; CMA CGM; CNC Line-Cheng Lie Navigation Co. Ltd.; COSCO; Evergreen Line; GFS; Hapag-Lloyd; MSC; ONE; OOCL; PIL; Wan Hai; X-Press",13,36,54453.375,3976.14285714286,3534,20988,0,1,1,"{0,1,0,1,1,1}"
2021-03-28,AEJEA,"Dubai, Jebel Ali",AEKLF,"Khor Fakkan",1,1,PIL,1,4,1848.5,298,1808,1970,1,1,1,{1}
2021-03-28,AEJEA,"Dubai, Jebel Ali",BHKBS,"Khalifa Bin Salman Port",2,2,"APL; CMA CGM; COSCO; Evergreen Line; Hapag-Lloyd; OOCL",6,11,11356.5714285714,1014.28571428571,3534,9448,1,1,1,"{1,1}"
2021-03-28,AEJEA,"Dubai, Jebel Ali",CNNGB,Ningbo,1,1,"Alianca; Hamburg Sud; Maersk Line; MSC; SeaLand",5,12,16216.3333333333,956.166666666667,13800,20568,14,14,14,{14}
2021-03-28,AEJEA,"Dubai, Jebel Ali",INCOK,Cochin,1,1,"Evergreen Line; GFS; OOCL",3,4,3515.75,362.5,2442,4132,5,5,5,{5}
2021-03-28,AEJEA,"Dubai, Jebel Ali",INMUN,Mundra,8,8,"APL; CMA CGM; DAL-Deutsche Afrika Linien; GFS; Hamburg Sud; Hapag-Lloyd; Maersk Line; Milaha Maritime; MSC; ONE; SeaLand; UAFL-United Africa Feeder Line; X-Press; ZIM",14,63,37609.341025641,3509.26227106227,2456,13800,2,3,5,"{3,5,2,3,2,3,3,5}"
2021-03-28,AEJEA,"Dubai, Jebel Ali",IQUQR,"Umm Qasr",1,1,"APL; CMA CGM; COSCO; Evergreen Line; OOCL",5,12,7320.33333333333,699.833333333333,5652,8508,1,1,1,{1}
2021-03-28,AEJEA,"Dubai, Jebel Ali",KEMBA,Mombasa,1,1,"APL; CMA CGM; Emirates Shipping; Hapag-Lloyd",4,5,3830.6,469.6,2764,4620,7,7,7,{7}
2021-03-28,AEJEA,"Dubai, Jebel Ali",MYPKG,"Port Klang",3,3,"APL; CMA CGM; CNC Line-Cheng Lie Navigation Co. Ltd.; COSCO; Evergreen Line; OOCL",6,35,35862.9621212121,2824.10606060606,5652,17859,8,9,10,"{10,9,8}"
2021-03-28,AEJEA,"Dubai, Jebel Ali",OMSLL,Salalah,3,3,"Alianca; GFS; Hamburg Sud; Maersk Line; SeaLand",5,16,9030.43333333333,1169.9,2474,4447,3,4,4,"{4,4,3}"
2021-03-28,AEJEA,"Dubai, Jebel Ali",OMSOH,Sohar,2,2,"Emirates Shipping; Evergreen Line; GFS; Gold Star Line; Hapag-Lloyd; KMTC; Maersk Line; ONE; RCL; SM Line; SOL; X-Press; ZIM",13,8,12467.2857142857,1470.28571428571,2742,8110,1,1.5,2,"{1,2}"
2021-03-28,AEJEA,"Dubai, Jebel Ali",PKBQM,"Port Qasim",3,3,"APL; COSCO; Maersk Line; MSC; SeaLand; X-Press; ZIM",7,23,16506.1272727273,1376.5,1725,8800,2,2,2,"{2,2,2}"
2021-03-28,AEJEA,"Dubai, Jebel Ali",PKKHI,Karachi,4,4,"APL; CMA CGM; COSCO; Evergreen Line; Feedertech; GFS; Hapag-Lloyd; Maersk Line; OOCL; Wan Hai",10,17,16621.625,2043.08333333333,1795,8465,2,2.5,3,"{2,3,3,2}"
2021-03-28,AEJEA,"Dubai, Jebel Ali",QADOH,Doha,1,1,"Maersk Line; X-Press",2,4,2741.5,221.5,2700,2824,0,0,0,{0}
2021-03-28,AEJEA,"Dubai, Jebel Ali",QAHMD,Hamad,4,4,"ANL; APL; CMA CGM; CNC Line-Cheng Lie Navigation Co. Ltd.; COSCO; Evergreen Line; Hapag-Lloyd; Hyundai; Maersk Line; ONE; OOCL; Wan Hai; Yang Ming",13,23,27345.8571428571,2721.85714285714,2546,17292,0,1,1,"{1,1,0,1}"
2021-03-28,AEJEA,"Dubai, Jebel Ali",SADMM,Dammam,1,1,"Evergreen Line; Hapag-Lloyd; Hyundai; Yang Ming",4,8,11881.125,850,13169,14000,1,1,1,{1}
2021-03-28,AEJEA,"Dubai, Jebel Ali",SAJED,Jeddah,1,1,"ANL; APL; CMA CGM; COSCO; Hapag-Lloyd",5,7,9004.57142857143,1217.14285714286,8004,9962,7,7,7,{7}
2021-03-28,AEJEA,"Dubai, Jebel Ali",SCPOV,"Seychelles Is., Port Victoria",1,1,"Emirates Shipping; UAFL-United Africa Feeder Line; WEC Lines",3,3,3579.42857142857,800,1728,2268,7,7,7,{7}
2021-03-28,AEJEA,"Dubai, Jebel Ali",SGSIN,Singapore,5,5,"COSCO; Hamburg Sud; Hapag-Lloyd; Hyundai; Maersk Line; MSC; ONE; SeaLand; Yang Ming; ZIM",10,55,73339.5694305694,5598.57842157842,5512,23964,8,10,12,"{9,10,12,8,10}"
2021-03-28,AEJEA,"Dubai, Jebel Ali",SOMGQ,Mogadishu,1,1,"APL; CMA CGM; UAFL-United Africa Feeder Line",3,6,2315.16666666667,408.333333333333,1740,2520,6,6,6,{6}
2021-03-28,AEKLF,"Khor Fakkan",AEJEA,"Dubai, Jebel Ali",1,1,"Emirates Shipping; GFS; Gold Star Line; KMTC; RCL; SM Line; ZIM",7,7,6983.28571428571,670.285714285714,6589,8110,2,2,2,{2}
2021-03-28,AEKLF,"Khor Fakkan",DJJIB,Djibouti,1,1,PIL,1,4,1848.5,298,1808,1970,6,6,6,{6}
2021-03-28,AESHJ,Sharjah,OMSOH,Sohar,1,1,Hapag-Lloyd,1,4,3547,500,3534,3586,4,4,4,{4}
2021-03-28,AGSJO,"St John's, Antigua",KNBAS,"Basseterre, St Kitts",1,1,"Tropical Shipping",1,2,911.5,187,850,973,1,1,1,{1}
2021-03-28,AGSJO,"St John's, Antigua",TTPTS,"Point Lisas",1,1,"King Ocean; Seaboard Marine",2,2,1339.5,351.5,966,1713,1,1,1,{1}
2021-03-28,AIRBY,Anguilla,GPSBH,"St Barthelemy",1,1,"Tropical Shipping",1,2,1148,260,1148,1148,0,0,0,{0}
2021-03-28,ALDRZ,Durres,GRPIR,Piraeus,1,1,"APL; CMA CGM; COSCO; Evergreen Line; Hapag-Lloyd; Maersk Line; SeaLand; X-Press",8,3,766,136.666666666667,724,822,3,3,3,{3}
2021-03-28,ALDRZ,Durres,HRRJK,Rijeka,1,1,"APL; CMA CGM; COSCO; Evergreen Line; Hapag-Lloyd; Maersk Line; SeaLand; X-Press",8,3,766,136.666666666667,724,822,2,2,2,{2}
2021-03-28,AOLAD,Luanda,GALBV,Libreville,1,1,"APL; CMA CGM; NileDutch",3,7,3851,412.857142857143,3508,4250,4,4,4,{4}
2021-03-28,AOLAD,Luanda,GHTEM,Tema,1,1,"Alianca; APL; CMA CGM; Hamburg Sud; Hapag-Lloyd; NileDutch",6,7,3201.71428571429,441.285714285714,2415,3534,7,7,7,{7}
2021-03-28,AOLAD,Luanda,MAPTM,Tanger,1,1,"Maersk Line",1,5,4000.4,461.6,3388,4496,16,16,16,{16}
2021-03-28,AOLAD,Luanda,ZACPT,"Cape Town",1,1,"APL; CMA CGM; CNC Line-Cheng Lie Navigation Co. Ltd.; COSCO; Maersk Line; NileDutch",6,12,7715.75,741.666666666667,7090,9200,10,10,10,{10}
2021-03-28,ARBHI,"Bahia Blanca",BRIOA,"Porto Itapoa",1,1,"Alianca; Hamburg Sud; Hapag-Lloyd",3,8,4165,572.375,3400,5041,5,5,5,{5}
2021-03-28,ARBUE,"Buenos Aires",BRIOA,"Porto Itapoa",1,1,"Alianca; CMA CGM; COSCO; Hamburg Sud; Hapag-Lloyd; Maersk Line",6,8,9669,1600,9669,9669,2,2,2,{2}
2021-03-28,ARBUE,"Buenos Aires",BRRIG,"Rio Grande",3,3,"Alianca; CMA CGM; COSCO; Evergreen Line; Hamburg Sud; Hapag-Lloyd; Maersk Line; MSC; ONE; OOCL; PIL; Yang Ming",12,33,25026.0357142857,3152.19047619048,6589,11923,2,2,2,"{2,2,2}"
2021-03-28,ARBUE,"Buenos Aires",UYMVD,Montevideo,4,4,"Alianca; Hamburg Sud; Hapag-Lloyd; Hyundai; Maersk Line; MSC; ONE; SeaLand; ZIM",9,39,31395.8290598291,4650.02564102564,5550,9400,1,1,2,"{1,2,1,1}"
2021-03-28,ARPMY,"Puerto Madryn",ARBHI,"Bahia Blanca",1,1,"Alianca; Hamburg Sud; Hapag-Lloyd",3,8,4165,572.375,3400,5041,4,4,4,{4}
2021-03-28,ASPPG,"Pago Pago",TOTBU,Nuku'alofa,2,2,"ANL; NPL-Neptune Pacific Line; PDL-Pacific Direct Line; PIL; Swire Shipping",5,3,4425.42857142857,617.142857142857,777,981,3,3,3,"{3,3}"
2021-03-28,ASPPG,"Pago Pago",USLGB,"Long Beach CA",1,1,"Hamburg Sud; Matson; Swire Shipping",3,2,3366.42857142857,589.285714285714,1402,1740,12,12,12,{12}
2021-03-28,AUADL,Adelaide,AUEPR,Esperance,1,1,"ANL; APL; Hapag-Lloyd; Maersk Line; ONE",5,6,5902,481,5527,6921,1,1,1,{1}
2021-03-28,AUADL,Adelaide,AUFRE,Fremantle,2,2,"ANL; APL; CMA CGM; COSCO; MSC; OOCL; PIL; Yang Ming",8,19,14097.3428571429,1353.97142857143,4578,9572,4,5.5,7,"{7,4}"
2021-03-28,AUADL,Adelaide,AUMEL,Melbourne,2,2,"Alianca; ANL; APL; CMA CGM; Hamburg Sud; Hapag-Lloyd; Maersk Line; MSC; ONE; Safmarine",10,12,12005.1666666667,1441.33333333333,2572,10622,1,2.5,4,"{4,1}"
2021-03-28,AUADL,Adelaide,IDJKT,"Jakarta, Java",1,1,"COSCO; Hapag-Lloyd; OOCL; PIL",4,5,4368,495.8,4178,4578,9,9,9,{9}
2021-03-28,AUADL,Adelaide,NZTRG,Tauranga,1,1,"Alianca; ANL; APL; Hamburg Sud; Hapag-Lloyd; Maersk Line; MSC; NPDL",8,9,4197.33333333333,459.333333333333,3884,4612,7,7,7,{7}
2021-03-28,AUBNE,Brisbane,AUSYD,Sydney,7,7,"ANL; APL; CMA CGM; COSCO; Delmas; Hamburg Sud; Hapag-Lloyd; Maersk Line; Marfret; MSC; ONE; OOCL; PIL; Seatrade; USL-US Lines",15,37,29934.6952380952,4697.60816326531,1114,6921,1,1,2,"{2,1,2,1,1,2,1}"
2021-03-28,AUBNE,Brisbane,AUTSV,Townsville,1,1,"ANL; APL",2,1,4740.57142857143,822.857142857143,1037,1037,3,3,3,{3}
2021-03-28,AUBNE,Brisbane,CNXMN,Xiamen,2,2,"ANL; APL; CMA CGM; COSCO; Gold Star Line; OOCL; PIL; ZIM",8,11,8595.3,1059.46666666667,2742,5888,10,13,16,"{16,10}"
2021-03-28,AUBNE,Brisbane,HKHKG,"Hong Kong",1,1,"Alianca; Hamburg Sud; Maersk Line; MSC; ONE",5,7,6674.85714285714,559.714285714286,5248,8300,11,11,11,{11}
2021-03-28,AUBNE,Brisbane,JPYOK,Yokohama,1,1,"ANL; APL; CMA CGM; CNC Line-Cheng Lie Navigation Co. Ltd.; COSCO; OOCL",6,6,5696.66666666667,596.333333333333,5506,5770,11,11,11,{11}
2021-03-28,AUBNE,Brisbane,KRPUS,Busan,1,1,"Evergreen Line; Hapag-Lloyd; Hyundai; ONE",4,6,5611.16666666667,581.333333333333,5023,6250,13,13,13,{13}
2021-03-28,AUBNE,Brisbane,MYPKG,"Port Klang",1,1,"ANL; APL; CMA CGM; COSCO; OOCL; PIL",6,6,4891.5,536.666666666667,4335,5067,15,15,15,{15}
2021-03-28,AUBNE,Brisbane,MYTPP,"Tanjung Pelepas",3,3,"Alianca; ANL; APL; CMA CGM; Hamburg Sud; Hapag-Lloyd; Maersk Line; MSC; ONE; Safmarine",10,18,15830.6666666667,1905.33333333333,2572,10622,10,10,10,"{10,10,10}"
2021-03-28,AUBNE,Brisbane,NCNOU,Noumea,1,1,"ANL; NPL-Neptune Pacific Line; PDL-Pacific Direct Line; Swire Shipping",4,2,2427.42857142857,360,907,981,2,2,2,{2}
2021-03-28,AUBNE,Brisbane,NZAKL,Auckland,2,2,"Alianca; ANL; APL; CMA CGM; COSCO; Hamburg Sud; Hapag-Lloyd; Maersk Line; Matson; ONE; OOCL; PIL; SeaLand",13,14,8251.28571428571,969.285714285714,4178,5117,3,3.5,4,"{3,4}"
2021-03-28,AUBNE,Brisbane,NZTRG,Tauranga,1,1,"ANL; APL",2,1,4740.57142857143,822.857142857143,1037,1037,5,5,5,{5}
2021-03-28,AUBNE,Brisbane,PGPOM,"Port Moresby",1,1,"ANL; APL",2,1,4740.57142857143,822.857142857143,1037,1037,4,4,4,{4}
2021-03-28,AUBNE,Brisbane,SGSIN,Singapore,1,1,"COSCO; OOCL; PIL; Yang Ming",4,5,4439,398.8,4211,4578,12,12,12,{12}
2021-03-28,AUBNE,Brisbane,TWKHH,Kaohsiung,2,2,"ANL; APL; COSCO; Evergreen Line; Hapag-Lloyd; OOCL; PIL; Sinotrans; TS Lines; Yang Ming",10,12,13957.3333333333,1148.66666666667,5042,8888,12,13,14,"{14,12}"
2021-03-28,AUDRW,Darwin,PGPOM,"Port Moresby",1,1,MELL,1,3,2160,400,1080,1080,5,5,5,{5}
2021-03-28,AUEPR,Esperance,AUFRE,Fremantle,1,1,"ANL; APL; Hapag-Lloyd; Maersk Line; ONE",5,6,5902,481,5527,6921,1,1,1,{1}
2021-03-28,AUFRE,Fremantle,AUADL,Adelaide,2,2,"Alianca; ANL; APL; CMA CGM; Hamburg Sud; Hapag-Lloyd; Maersk Line; MSC; ONE; Safmarine",10,12,12005.1666666667,1441.33333333333,2572,10622,3,4,5,"{5,3}"
2021-03-28,AUFRE,Fremantle,AUSYD,Sydney,1,1,"COSCO; OOCL; PIL; Yang Ming",4,5,5153.2,490.4,4578,5888,5,5,5,{5}
2021-03-28,AUFRE,Fremantle,IDJKT,"Jakarta, Java",1,1,"ANL; APL; Hapag-Lloyd; Maersk Line; ONE",5,6,5902,481,5527,6921,7,7,7,{7}
2021-03-28,AUFRE,Fremantle,SGSIN,Singapore,3,3,"ANL; APL; CMA CGM; COSCO; MSC; ONE; OOCL; PIL; Yang Ming",9,21,15805.3428571429,1555.97142857143,1708,9572,6,6,6,"{6,6,6}"
2021-03-28,AUMEL,Melbourne,AUADL,Adelaide,5,5,"Alianca; ANL; APL; CMA CGM; COSCO; Hamburg Sud; Hapag-Lloyd; Maersk Line; MSC; NPDL; ONE; OOCL; PIL; Yang Ming",14,39,28564.6761904762,2790.10476190476,3884,9572,1,2,2,"{1,1,2,2,2}"
2021-03-28,AUMEL,Melbourne,AUBNE,Brisbane,5,5,"Alianca; ANL; APL; CMA CGM; COSCO; Evergreen Line; Gold Star Line; Hamburg Sud; Hapag-Lloyd; Hyundai; Maersk Line; MSC; ONE; OOCL; PIL; ZIM",16,30,29386.1571428571,2868.84761904762,2742,8888,2,3,4,"{3,4,2,3,2}"
2021-03-28,AUMEL,Melbourne,AUSYD,Sydney,6,6,"Alianca; ANL; APL; CMA CGM; CNC Line-Cheng Lie Navigation Co. Ltd.; COSCO; Evergreen Line; Hamburg Sud; Hapag-Lloyd; Maersk Line; MSC; NPL-Neptune Pacific Line; ONE; OOCL; PDL-Pacific Direct Line; PIL; Safmarine; SeaLand; Sinotrans; Swire Shipping; TS Lines; Yang Ming",22,36,30486.5194805195,3607.19393939394,907,10622,2,2,4,"{2,2,3,4,2,2}"
2021-03-28,AUMEL,Melbourne,CNNGB,Ningbo,1,1,MSC,1,5,4688.6,463.4,4363,5060,12,12,12,{12}
2021-03-28,AUMEL,Melbourne,NZAKL,Auckland,1,1,"ANL; APL; CMA CGM",3,3,1758.33333333333,306.333333333333,1740,1795,4,4,4,{4}
2021-03-28,AUMEL,Melbourne,NZBLU,Bluff,1,1,MSC,1,6,3015.33333333333,450.333333333333,2572,3674,4,4,4,{4}
2021-03-28,AUMEL,Melbourne,NZTRG,Tauranga,1,1,"ANL; APL; CMA CGM; Delmas; Marfret; Seatrade; USL-US Lines",7,7,3999.42857142857,1180.40816326531,2256,2506,5,5,5,{5}
2021-03-28,AUSYD,Sydney,AUBNE,Brisbane,5,5,"Alianca; ANL; APL; CMA CGM; CNC Line-Cheng Lie Navigation Co. Ltd.; COSCO; Evergreen Line; Hamburg Sud; Hapag-Lloyd; Maersk Line; NPL-Neptune Pacific Line; ONE; OOCL; PDL-Pacific Direct Line; PIL; Safmarine; Sinotrans; Swire Shipping; TS Lines; Yang Ming",20,25,27005.4285714286,2826.46666666667,907,10622,1,2,6,"{1,3,6,1,2}"
2021-03-28,AUSYD,Sydney,AUMEL,Melbourne,13,13,"Alianca; ANL; APL; CMA CGM; COSCO; Delmas; Evergreen Line; Gold Star Line; Hamburg Sud; Hapag-Lloyd; Hyundai; Maersk Line; Marfret; MSC; NPDL; ONE; OOCL; PIL; Seatrade; USL-US Lines; Yang Ming; ZIM",22,84,68397.1952380952,7609.09387755102,1740,9572,1,2,3,"{1,2,1,2,2,1,2,1,2,1,2,2,3}"
2021-03-28,AUSYD,Sydney,NCNOU,Noumea,1,1,MSC,1,2,1305,248,1114,1496,3,3,3,{3}
2021-03-28,AUSYD,Sydney,NZAKL,Auckland,1,1,MSC,1,6,3825.5,464,3200,4957,3,3,3,{3}
2021-03-28,AUSYD,Sydney,NZPOE,"Port Chalmers",1,1,"Alianca; Hamburg Sud; Hapag-Lloyd; Maersk Line; MSC; SeaLand",6,11,3481.09090909091,780.727272727273,3000,3752,2,2,2,{2}
2021-03-28,AUSYD,Sydney,NZTRG,Tauranga,1,1,"Hamburg Sud; Maersk Line; ONE",3,6,5846.16666666667,1365,5552,5905,4,4,4,{4}
2021-03-28,AUTSV,Townsville,CNSHA,Shanghai,1,1,"Swire Shipping",1,3,5500,568,2750,2750,14,14,14,{14}
2021-03-28,AUTSV,Townsville,MYPKG,"Port Klang",2,2,ANL,1,2,15442.2857142857,2285.71428571429,1638,1740,9,9,9,"{9,9}"
2021-03-28,AUTSV,Townsville,PGPOM,"Port Moresby",1,1,"ANL; APL",2,1,4740.57142857143,822.857142857143,1037,1037,2,2,2,{2}
2021-03-28,AUTSV,Townsville,TWKHH,Kaohsiung,1,1,MELL,1,3,2160,400,1080,1080,13,13,13,{13}
2021-03-28,AWBAR,Barcadera,COSMR,"Santa Marta",1,1,"Caribbean Feeder; COSCO; Hapag-Lloyd; Seaboard Marine; X-Press; ZIM",6,4,997.5,225.5,877,1118,1,1,1,{1}
2021-03-28,AWBAR,Barcadera,CWWIL,Willemstad,3,3,"Alianca; CMA CGM; Hamburg Sud; King Ocean; ZIM",5,4,6648.5,1902.5,966,1795,0,0,1,"{1,0,0}"
2021-03-28,AWORJ,Aruba,COSMR,"Santa Marta",1,1,Hapag-Lloyd,1,6,2603.66666666667,513.666666666667,2546,2872,5,5,5,{5}
2021-03-28,BBBGI,Bridgetown,BQSAB,Saba,1,1,"King Ocean; Seaboard Marine",2,4,1394.5,335,957,2546,0,0,0,{0}
2021-03-28,BBBGI,Bridgetown,JMKIN,Kingston,1,1,"Caribbean Feeder; Hapag-Lloyd; ZIM",3,3,1236.66666666667,333.333333333333,1118,1296,4,4,4,{4}
2021-03-28,BBBGI,Bridgetown,LCSLU,"Castries, St Lucia",2,2,"CMA CGM; Tropical Shipping",2,5,1834,378.666666666667,677,1148,0,0,0,"{0,0}"
2021-03-28,BBBGI,Bridgetown,TTPTS,"Point Lisas",2,2,"Caribbean Feeder; Hapag-Lloyd; King Ocean; Seaboard Marine; ZIM",5,5,2576.16666666667,684.833333333333,966,1713,1,1,1,"{1,1}"
2021-03-28,BDCGP,Chittagong,BDMGL,Mongla,1,1,"Advance Container Lines; PIL",2,1,2412,257.142857142857,938,938,1,1,1,{1}
2021-03-28,BDCGP,Chittagong,MYPKG,"Port Klang",5,5,"APL; CMA CGM; Gold Star Line; Hamburg Sud; Maersk Line; OOCL; SeaLand; X-Press; Yang Ming; ZIM",10,15,14224.4,2244.11428571429,917,2806,4,4,5,"{4,4,4,4,5}"
2021-03-28,BDCGP,Chittagong,SGSIN,Singapore,10,10,"Advance Container Lines; ANL; APL; CMA CGM; CNC Line-Cheng Lie Navigation Co. Ltd.; COSCO; Gold Star Line; Hapag-Lloyd; Hyundai; Maersk Line; ONE; OOCL; PIL; Samudera; Sinokor; SOL; Wan Hai; X-Press; Yang Ming",19,16,30330.4857142857,4374.65714285714,1398,2202,3,5,6,"{4,6,5,3,5,4,6,5,5,5}"
2021-03-28,BDMGL,Mongla,SGSIN,Singapore,1,1,"Advance Container Lines; PIL",2,1,2412,257.142857142857,938,938,5,5,5,{5}
2021-03-28,BEANR,Antwerp,BEZEE,Zeebrugge,1,1,"CMA CGM; COSCO; Evergreen Line; X-Press",4,1,868,150,868,868,2,2,2,{2}
2021-03-28,BEANR,Antwerp,CAMTR,Montreal,1,1,"APL; CMA CGM; Maersk Line",3,4,2948.5,387.5,2890,3100,10,10,10,{10}
2021-03-28,BEANR,Antwerp,CNSHA,Shanghai,1,1,"APL; CMA CGM; COSCO; Evergreen Line; OOCL",5,11,19870.5454545455,995.090909090909,19150,20988,27,27,27,{27}
2021-03-28,BEANR,Antwerp,CYLMS,Limassol,1,1,"Alianca; Borchard Lines Ltd; Hamburg Sud; Maersk Line; SeaLand",5,5,5770.4,1192,5552,6644,10,10,10,{10}
2021-03-28,BEANR,Antwerp,DEBRV,Bremerhaven,3,3,"Alianca; COSCO; Hamburg Sud; Hapag-Lloyd; Maersk Line; MSC; OOCL; SeaLand",8,12,8734.75,1404.5,1719,5059,1,1,1,"{1,1,1}"
2021-03-28,BEANR,Antwerp,DEHAM,Hamburg,6,6,"ACL-Atlantic Container Line; APL; Arkas Line; CMA CGM; CNC Line-Cheng Lie Navigation Co. Ltd.; COSCO; Evergreen Line; Hamburg Sud; Hapag-Lloyd; Maersk Line; Marguisa; ONE; OOCL; SeaLand; Yang Ming",15,40,31669.394047619,3289.02857142857,2478,20150,1,1.5,2,"{2,2,1,1,1,2}"
2021-03-28,BEANR,Antwerp,DKCPH,Copenhagen,1,1,MSC,1,1,1438,70,1438,1438,2,2,2,{2}
2021-03-28,BEANR,Antwerp,DOCAU,Caucedo,1,1,MSC,1,9,11065.1111111111,1601.55555555556,8800,13000,15,15,15,{15}
2021-03-28,BEANR,Antwerp,ESBIO,Bilbao,1,1,"MSC; WEC Lines",2,3,1818.66666666667,263.333333333333,1728,1893,3,3,3,{3}
2021-03-28,BEANR,Antwerp,ESVGO,Vigo,1,1,"APL; CMA CGM",2,7,967.857142857143,254.285714285714,862,1221,4,4,4,{4}
2021-03-28,BEANR,Antwerp,ESVLC,Valencia,1,1,"MSC; WEC Lines",2,5,7321,660,6494,8762,4,4,4,{4}
2021-03-28,BEANR,Antwerp,FIHEL,Helsinki,1,1,MSC,1,2,1656.5,222.5,1438,1875,5,5,5,{5}
2021-03-28,BEANR,Antwerp,FRDKK,Dunkirk,1,1,"Hapag-Lloyd; ONE",2,2,3480,645,1740,1740,1,1,1,{1}
2021-03-28,BEANR,Antwerp,FRLEH,"Le Havre",16,16,"Alianca; ANL; APL; CMA CGM; CNC Line-Cheng Lie Navigation Co. Ltd.; COSCO; Evergreen Line; Hamburg Sud; Hapag-Lloyd; Maersk Line; MSC; NileDutch; ONE; OOCL; SeaLand; Stinnes; X-Press; Yang Ming; ZIM",19,132,128289.01547619,13058.9777777778,862,20568,0,1,3,"{1,0,1,1,0,1,0,1,1,1,0,1,3,3,1,1}"
2021-03-28,BEANR,Antwerp,GBBEL,Belfast,1,1,"BG Freight Line; Eucon; Hapag-Lloyd",3,1,972,170,972,972,2,2,2,{2}
2021-03-28,BEANR,Antwerp,GBFXT,Felixstowe,1,1,"Alianca; Hamburg Sud; Maersk Line; MSC",4,11,15052.7272727273,1018.54545454545,13200,19630,1,1,1,{1}
2021-03-28,BEANR,Antwerp,GBLGP,"London Gateway",5,5,"ACL-Atlantic Container Line; Alianca; Hamburg Sud; Hapag-Lloyd; Hyundai; Maersk Line; MSC; ONE; SeaLand; Yang Ming",10,43,54978.9967948718,3569.70128205128,4520,23964,0,1,1,"{0,1,1,1,1}"
2021-03-28,BEANR,Antwerp,GBSOU,Southampton,3,3,"Hapag-Lloyd; Hyundai; ICL; ONE; Yang Ming",5,34,28130.4444444444,2151.5,2546,16010,1,1,2,"{1,1,2}"
2021-03-28,BEANR,Antwerp,GBTIL,Tilbury,1,1,MSC,1,1,1036,250,1036,1036,1,1,1,{1}
2021-03-28,BEANR,Antwerp,GRPIR,Piraeus,3,3,"Alianca; Borchard Lines Ltd; COSCO; Evergreen Line; Hamburg Sud; Hapag-Lloyd; Maersk Line; MSC; OOCL; SeaLand; Turkon; Yang Ming; ZIM",13,14,15047.95,1327.4,4250,8495,8,8,9,"{8,8,9}"
2021-03-28,BEANR,Antwerp,IEDUB,Dublin,2,2,"BG Freight Line; Eucon; Hapag-Lloyd; MSC",4,2,2032,414,1008,1024,2,2.5,3,"{3,2}"
2021-03-28,BEANR,Antwerp,LVRIX,Riga,2,2,"MSC; X-Press",2,4,3548,710,1036,2556,3,4.5,6,"{6,3}"
2021-03-28,BEANR,Antwerp,MTMAR,"Malta (Marsaxlokk)",1,1,"APL; CMA CGM; ONE",3,4,3677.5,600,3426,4268,6,6,6,{6}
2021-03-28,BEANR,Antwerp,NLRTM,Rotterdam,13,12,"APL; BG Freight Line; CMA CGM; COSCO; Eucon; Evergreen Line; FESCO; Hamburg Sud; Hapag-Lloyd; Maersk Line; MSC; ONE; OOCL; SCI-Shipping Corp. of India; SeaLand; Unifeeder",16,63,56890.546031746,6775.38809523809,902,14000,0,1,3,"{0,2,1,0,3,0,1,1,2,1,1,1,1}"
2021-03-28,BEANR,Antwerp,NLVLI,Flushing,1,1,"APL; CMA CGM; COSCO; NileDutch; OOCL",5,6,4387.5,493.333333333333,3765,4957,0,0,0,{0}
2021-03-28,BEANR,Antwerp,NOOSL,Oslo,1,1,"MSC; WEC Lines",2,1,1118,220,1118,1118,2,2,2,{2}
2021-03-28,BEANR,Antwerp,PLGDY,"Gdynia Poland",1,1,MSC,1,2,4428.5,597.5,4043,4814,4,4,4,{4}
2021-03-28,BEANR,Antwerp,PTLEI,Leixoes,1,1,"MSC; WEC Lines",2,2,868,150,868,868,3,3,3,{3}
2021-03-28,BEANR,Antwerp,PTSIE,Sines,1,1,"MSC; WEC Lines",2,4,5922,525,5550,6178,3,3,3,{3}
2021-03-28,BEANR,Antwerp,RULED,"St Petersburg",3,3,"COSCO; Maersk Line; MSC; OOCL; Unifeeder; X-Press; Yang Ming",7,11,5368.85714285714,651.785714285714,1036,3430,1,3,4,"{3,4,1}"
2021-03-28,BEANR,Antwerp,SEHEL,Helsingborg,1,1,MSC,1,1,1304,258,1304,1304,2,2,2,{2}
2021-03-28,BEANR,Antwerp,SESTO,Stockholm,1,1,MSC,1,2,1767,392.5,1678,1856,5,5,5,{5}
2021-03-28,BEANR,Antwerp,TRGEB,"Istanbul (Gebze)",1,1,MSC,1,3,5162.66666666667,501.333333333333,4250,6178,7,7,7,{7}
2021-03-28,BEANR,Antwerp,USORF,"Norfolk VA",1,1,Hapag-Lloyd,1,6,2603.66666666667,513.666666666667,2546,2872,10,10,10,{10}
2021-03-28,BEANR,Antwerp,USSAV,"Savannah GA",1,1,"APL; CMA CGM; Hapag-Lloyd; ONE; Yang Ming",5,12,4516.58333333333,302.5,4882,5087,9,9,9,{9}
2021-03-28,BEZEE,Zeebrugge,FRLEH,"Le Havre",1,1,"CMA CGM; Maersk Line",2,6,3706.5,829.833333333333,3504,4178,1,1,1,{1}
2021-03-28,BEZEE,Zeebrugge,GBFXT,Felixstowe,1,1,"APL; CMA CGM; CNC Line-Cheng Lie Navigation Co. Ltd.; COSCO; Evergreen Line; OOCL",6,10,12987.4,846,13092,19100,0,0,0,{0}
2021-03-28,BEZEE,Zeebrugge,IEDUB,Dublin,1,1,"CMA CGM; COSCO; Evergreen Line; X-Press",4,1,868,150,868,868,2,2,2,{2}
2021-03-28,BEZEE,Zeebrugge,NLRTM,Rotterdam,2,2,"ANL; APL; CMA CGM; COSCO; Delmas; Marfret; Seatrade; USL-US Lines; X-Press",9,8,5035.42857142857,1430.40816326531,1036,2506,1,1,1,"{1,1}"
2021-03-28,BEZEE,Zeebrugge,PLGDN,Gdansk,1,1,"APL; CMA CGM; CNC Line-Cheng Lie Navigation Co. Ltd.; COSCO; Evergreen Line; OOCL",6,12,18983.6666666667,916.166666666667,19100,21413,2,2,2,{2}
2021-03-28,BGBOJ,Burgas,BGVAR,Varna,1,1,"Arkas Line; CMA CGM; Hapag-Lloyd; Maersk Line; ZIM",5,1,1445,120,1445,1445,0,0,0,{0}
2021-03-28,BGBOJ,Burgas,ROCND,Constanta,1,1,"APL; Arkas Line; CMA CGM; Hapag-Lloyd",4,4,2663,486,2478,2872,1,1,1,{1}
2021-03-28,BGBOJ,Burgas,UAODS,Odessa,1,1,MSC,1,3,2032.33333333333,397.333333333333,2007,2082,1,1,1,{1}
2021-03-28,BGVAR,Varna,TRAMB,"Istanbul (Ambarli)",2,2,"Arkas Line; CMA CGM; Evergreen Line; Hapag-Lloyd; Maersk Line; ZIM",6,3,2749.5,280,1164,1445,2,2.5,3,"{3,2}"
2021-03-28,BHKBS,"Khalifa Bin Salman Port",AEJEA,"Dubai, Jebel Ali",1,1,Hapag-Lloyd,1,4,3547,500,3534,3586,1,1,1,{1}
2021-03-28,BHKBS,"Khalifa Bin Salman Port",KWKWI,Kuwait,1,1,Hapag-Lloyd,1,4,3547,500,3534,3586,1,1,1,{1}
2021-03-28,BHKBS,"Khalifa Bin Salman Port",SADMM,Dammam,1,1,"APL; CMA CGM; COSCO; Evergreen Line; OOCL",5,7,7809.57142857143,514.285714285714,8586,9448,0,0,0,{0}
2021-03-28,BJCOO,Cotonou,CIABJ,Abidjan,2,2,"APL; CMA CGM; CNC Line-Cheng Lie Navigation Co. Ltd.; Maersk Line; MSC",5,18,10095.2923076923,894.092307692308,3534,6730,1,1.5,2,"{2,1}"
2021-03-28,BJCOO,Cotonou,GHTEM,Tema,1,1,"APL; Arkas Line; CMA CGM; Hapag-Lloyd; ONE",5,8,3441.25,378.25,2452,4308,1,1,1,{1}
2021-03-28,BJCOO,Cotonou,GQBSG,Bata,1,1,"APL; CMA CGM; Marguisa",3,6,3325.5,433.166666666667,3091,3600,2,2,2,{2}
2021-03-28,BJCOO,Cotonou,NAWVB,"Walvis Bay",1,1,"APL; CMA CGM; CNC Line-Cheng Lie Navigation Co. Ltd.; Hamburg Sud; Maersk Line; SeaLand",6,13,4749.30769230769,376,4335,5466,9,9,9,{9}
2021-03-28,BJCOO,Cotonou,NGONN,Onne,2,2,"APL; CMA CGM; COSCO; Gold Star Line; Maersk Line; ONE; OOCL; PIL; ZIM",9,17,7508.17748917749,680.917748917749,2474,4506,1,4.5,8,"{8,1}"
2021-03-28,BJCOO,Cotonou,NGTIN,"Lagos, Tin Can",2,2,"Alianca; Hamburg Sud; Maersk Line; MSC",4,13,10545.4285714286,901,4132,5711,1,1.5,2,"{2,1}"
2021-03-28,BJCOO,Cotonou,ZACPT,"Cape Town",1,1,"APL; CMA CGM; Maersk Line",3,10,4659.4,551.2,4250,5466,14,14,14,{14}
2021-03-28,BMBDA,Hamilton,USFEB,"Fernandina Beach FL",1,1,"Somers Isles",1,1,573.571428571429,,365,365,3,3,3,{3}
2021-03-28,BNMUA,"Muara Port",MYBKI,"Kota Kinabalu, Sabah",1,1,"Hamburg Sud; Maersk Line; SeaLand",3,4,1741.75,366.25,1713,1774,2,2,2,{2}
2021-03-28,BNMUA,"Muara Port",MYBTU,"Bintulu, Sarawak",1,1,"Evergreen Line",1,2,1676.5,253,1613,1740,1,1,1,{1}
2021-03-28,BQKRA,Bonaire,VELAG,"La Guaira",1,1,"Alianca; Hamburg Sud; King Ocean",3,2,1380.5,322.5,966,1795,1,1,1,{1}
2021-03-28,BQSAB,Saba,GDSTG,"St George's",1,1,"King Ocean; Seaboard Marine",2,4,1394.5,335,957,2546,1,1,1,{1}
2021-03-28,BRFOR,Fortaleza,BRNAT,Natal,1,1,"APL; CMA CGM",2,6,2150,565,2100,2200,1,1,1,{1}
2021-03-28,BRFOR,Fortaleza,BRSSZ,Santos,1,1,"CMA CGM",1,5,2312.8,502,2190,2506,5,5,5,{5}
2021-03-28,BRIOA,"Porto Itapoa",BRITJ,Itajai,2,2,"Alianca; CMA CGM; Hamburg Sud; Hapag-Lloyd; Hyundai; Maersk Line; Marguisa; ONE; ZIM",9,19,17998.7179487179,3199.35897435897,8714,10034,1,1,1,"{1,1}"
2021-03-28,BRIOA,"Porto Itapoa",BRNVT,Navegantes,1,1,"CMA CGM; COSCO; Evergreen Line; OOCL; PIL",5,12,5804.66666666667,533.833333333333,4800,7403,0,0,0,{0}
2021-03-28,BRIOA,"Porto Itapoa",BRPNG,Paranagua,2,2,"Alianca; CMA CGM; COSCO; Hamburg Sud; Hapag-Lloyd; Maersk Line; MSC; SeaLand; ZIM",9,15,15544.4285714286,2275.71428571429,5550,9669,1,2,3,"{1,3}"
2021-03-28,BRIOA,"Porto Itapoa",BRRIO,"Rio de Janeiro",1,1,"Alianca; Hamburg Sud; Hapag-Lloyd",3,8,4165,572.375,3400,5041,2,2,2,{2}
2021-03-28,BRIOA,"Porto Itapoa",BRSSZ,Santos,1,1,"Alianca; Hamburg Sud; Hapag-Lloyd; Maersk Line",4,7,5731.14285714286,668.857142857143,6589,6750,2,2,2,{2}
2021-03-28,BRIOA,"Porto Itapoa",UYMVD,Montevideo,1,1,"Hapag-Lloyd; MSC; ZIM",3,8,8930,1107,8704,9403,3,3,3,{3}
2021-03-28,BRITJ,Itajai,ARBUE,"Buenos Aires",1,1,"Alianca; Hamburg Sud; Hapag-Lloyd; Hyundai; Maersk Line; ONE; ZIM",7,13,8853.38461538462,1637.69230769231,8714,9030,1,1,1,{1}
2021-03-28,BRITJ,Itajai,BRPNG,Paranagua,2,2,"Alianca; APL; CMA CGM; COSCO; Hamburg Sud; Hapag-Lloyd; Hyundai; Maersk Line; ONE; SeaLand; ZIM",11,22,12243.8290598291,2126.5811965812,3091,9030,0,0.5,1,"{0,1}"
2021-03-28,BRITJ,Itajai,BRSSZ,Santos,4,4,"Alianca; APL; CMA CGM; COSCO; Evergreen Line; Hamburg Sud; Hapag-Lloyd; Hyundai; Maersk Line; Marguisa; NileDutch; ONE; OOCL; PIL; ZIM",15,38,27005.0989010989,4174.47802197802,2415,10034,0,1.5,3,"{1,2,3,0}"
2021-03-28,BRMAO,Manaus,BRMCP,Macapa,1,1,"MSC; ONE",2,4,2862,559.5,2542,3534,2,2,2,{2}
2021-03-28,BRMAO,Manaus,BRVIX,Vitoria,1,1,"Alianca; APL; CMA CGM; COSCO; Hamburg Sud; Maersk Line; SeaLand",7,9,3390.44444444444,488.888888888889,3091,3534,8,8,8,{8}
2021-03-28,BRMCP,Macapa,BRMAO,Manaus,1,1,"MSC; ONE",2,4,2862,559.5,2542,3534,2,2,2,{2}
2021-03-28,BRMCP,Macapa,BRVDC,"Vila do Conde (near Belem)",1,1,"MSC; ONE",2,4,2862,559.5,2542,3534,2,2,2,{2}
2021-03-28,BRNAT,Natal,ESALG,Algeciras,1,1,"APL; CMA CGM",2,6,2150,565,2100,2200,8,8,8,{8}
2021-03-28,BRNVT,Navegantes,ARBUE,"Buenos Aires",1,1,"Alianca; Hamburg Sud; Hapag-Lloyd; MSC",4,9,8886,1200.22222222222,8386,9400,4,4,4,{4}
2021-03-28,BRNVT,Navegantes,BRIOA,"Porto Itapoa",1,1,"Alianca; Hamburg Sud; Hapag-Lloyd; Maersk Line; MSC; SeaLand; ZIM",7,7,5875.42857142857,675.714285714286,5550,6724,1,1,1,{1}
2021-03-28,BRNVT,Navegantes,BRITJ,Itajai,1,1,"CMA CGM; COSCO; Evergreen Line; OOCL; PIL",5,12,5804.66666666667,533.833333333333,4800,7403,0,0,0,{0}
2021-03-28,BRNVT,Navegantes,BRPNG,Paranagua,3,3,"Alianca; CMA CGM; COSCO; Evergreen Line; Hamburg Sud; Hapag-Lloyd; MSC; OOCL; PIL; Yang Ming; ZIM",11,30,24089.1944444444,2944.16666666667,5550,9452,0,1,1,"{0,1,1}"
2021-03-28,BRNVT,Navegantes,BRSSZ,Santos,3,3,"Alianca; Hamburg Sud; Hapag-Lloyd; Maersk Line; MSC; ONE; SeaLand; ZIM",8,30,26678.1428571429,3658.5,5550,11923,1,2,3,"{2,3,1}"
2021-03-28,BRNVT,Navegantes,BRVDC,"Vila do Conde (near Belem)",1,1,"CMA CGM",1,5,2312.8,502,2190,2506,9,9,9,{9}
2021-03-28,BRNVT,Navegantes,UYMVD,Montevideo,2,2,"Alianca; CMA CGM; COSCO; Evergreen Line; Hamburg Sud; Hapag-Lloyd; Maersk Line; MSC; ONE; OOCL; PIL; Yang Ming",12,26,19294.8928571429,2483.33333333333,8452,11923,3,3,3,"{3,3}"
2021-03-28,BRPEC,"Pecem (near Fortaleza)",USNYC,"New York NY/NJ",1,1,"Alianca; Hamburg Sud; Hapag-Lloyd; Maersk Line",4,7,5731.14285714286,668.857142857143,6589,6750,9,9,9,{9}
2021-03-28,BRPNG,Paranagua,BRIOA,"Porto Itapoa",2,2,"CMA CGM; COSCO; Evergreen Line; Hapag-Lloyd; MSC; OOCL; PIL; ZIM",8,20,14734.6666666667,1640.83333333333,4800,9403,0,0,0,"{0,0}"
2021-03-28,BRPNG,Paranagua,BRITJ,Itajai,1,1,"Alianca; APL; CMA CGM; Hamburg Sud; Hapag-Lloyd; NileDutch",6,7,3201.71428571429,441.285714285714,2415,3534,1,1,1,{1}
2021-03-28,BRPNG,Paranagua,BRNVT,Navegantes,3,2,"Alianca; CMA CGM; COSCO; Evergreen Line; Hamburg Sud; Hapag-Lloyd; Maersk Line; MSC; ONE; OOCL; PIL; Yang Ming",12,40,29578.0357142857,3755.83333333333,8452,11923,1,2,3,"{1,3,2}"
2021-03-28,BRPNG,Paranagua,BRRIG,"Rio Grande",1,1,"Alianca; CMA CGM; Hamburg Sud; Maersk Line; Marguisa",5,6,9145.33333333333,1561.66666666667,8850,10034,1,1,1,{1}
2021-03-28,BRPNG,Paranagua,BRSSZ,Santos,7,7,"Alianca; APL; CMA CGM; COSCO; Evergreen Line; Hamburg Sud; Hapag-Lloyd; Hyundai; Maersk Line; MSC; ONE; OOCL; PIL; SeaLand; Yang Ming; ZIM",16,67,51877.4520757021,7346.46214896215,3091,9669,0,2,3,"{2,2,3,2,2,0,1}"
2021-03-28,BRPNG,Paranagua,UYMVD,Montevideo,1,1,"Alianca; CMA CGM; COSCO; Hamburg Sud; Hapag-Lloyd; Maersk Line",6,8,9669,1600,9669,9669,3,3,3,{3}
2021-03-28,BRRIG,"Rio Grande",BRIOA,"Porto Itapoa",2,2,"Alianca; CMA CGM; Hamburg Sud; Hapag-Lloyd; Maersk Line; Marguisa",6,13,14876.4761904762,2230.52380952381,6589,10034,1,1.5,2,"{1,2}"
2021-03-28,BRRIG,"Rio Grande",BRNVT,Navegantes,4,4,"Alianca; CMA CGM; COSCO; Evergreen Line; Hamburg Sud; Hapag-Lloyd; Maersk Line; MSC; ONE; OOCL; PIL; SeaLand; Yang Ming; ZIM",14,38,31554.1944444444,4223.16666666667,5550,9452,1,2,3,"{2,1,2,3}"
2021-03-28,BRRIG,"Rio Grande",BRPNG,Paranagua,1,1,"Alianca; Hamburg Sud; Hapag-Lloyd; Maersk Line; MSC; ONE",6,14,10283.1428571429,1272.5,8772,11923,3,3,3,{3}
2021-03-28,BRRIG,"Rio Grande",CLSAI,"San Antonio",1,1,"Alianca; Hamburg Sud; Hapag-Lloyd",3,8,4165,572.375,3400,5041,8,8,8,{8}
2021-03-28,BRRIO,"Rio de Janeiro",BRSSA,Salvador,3,3,"Alianca; Hamburg Sud; Hapag-Lloyd; Maersk Line; MSC; ZIM",6,25,20808.5873015873,2402.19047619048,5550,9400,3,3,4,"{4,3,3}"
2021-03-28,BRRIO,"Rio de Janeiro",BRSSZ,Santos,4,4,"Alianca; CMA CGM; COSCO; Evergreen Line; Hamburg Sud; Hapag-Lloyd; MSC; OOCL; PIL; Yang Ming; ZIM",11,37,30992.75,4090.43055555556,3400,9452,1,2,3,"{3,1,2,2}"
2021-03-28,BRRIO,"Rio de Janeiro",COCTG,Cartagena,2,2,"Alianca; Hamburg Sud; Hapag-Lloyd; Maersk Line; MSC; ONE; SeaLand; ZIM",8,15,13340.4285714286,1954.71428571429,5550,8073,10,11,12,"{12,10}"
2021-03-28,BRRIO,"Rio de Janeiro",ESVLC,Valencia,1,1,"Hapag-Lloyd; MSC; ZIM",3,8,8930,1107,8704,9403,13,13,13,{13}
2021-03-28,BRSPB,Sepetiba,BRSSA,Salvador,1,1,"Alianca; APL; CMA CGM; COSCO; Hamburg Sud; Maersk Line; SeaLand",7,9,3390.44444444444,488.888888888889,3091,3534,3,3,3,{3}
2021-03-28,BRSPB,Sepetiba,BRSSZ,Santos,1,1,"CMA CGM; COSCO; Evergreen Line; OOCL; PIL",5,12,5804.66666666667,533.833333333333,4800,7403,0,0,0,{0}
2021-03-28,BRSPB,Sepetiba,ESALG,Algeciras,1,1,"Alianca; CMA CGM; Hamburg Sud; Maersk Line; Marguisa",5,6,9145.33333333333,1561.66666666667,8850,10034,13,13,13,{13}
2021-03-28,BRSSA,Salvador,BRPEC,"Pecem (near Fortaleza)",1,1,"Alianca; Hamburg Sud; Hapag-Lloyd; Maersk Line",4,7,5731.14285714286,668.857142857143,6589,6750,2,2,2,{2}
2021-03-28,BRSSA,Salvador,BRRIO,"Rio de Janeiro",1,1,"Hapag-Lloyd; MSC; ZIM",3,8,8930,1107,8704,9403,2,2,2,{2}
2021-03-28,BRSSA,Salvador,BRSSZ,Santos,1,1,"Alianca; CMA CGM; Hamburg Sud; Maersk Line; Marguisa",5,6,9145.33333333333,1561.66666666667,8850,10034,3,3,3,{3}
2021-03-28,BRSSA,Salvador,BRSUA,Suape,1,1,"MSC; ZIM",2,9,6191.44444444444,533.111111111111,5550,6969,2,2,2,{2}
2021-03-28,BRSSA,Salvador,COCTG,Cartagena,1,1,"Alianca; APL; CMA CGM; COSCO; Hamburg Sud; Maersk Line; SeaLand",7,9,3390.44444444444,488.888888888889,3091,3534,10,10,10,{10}
2021-03-28,BRSSA,Salvador,MAPTM,Tanger,1,1,"Alianca; Hamburg Sud; Hapag-Lloyd; MSC",4,9,8886,1200.22222222222,8386,9400,10,10,10,{10}
2021-03-28,BRSSZ,Santos,ARBUE,"Buenos Aires",3,3,"Alianca; Hamburg Sud; Hapag-Lloyd; Maersk Line; MSC; ONE; SeaLand; ZIM",8,24,19387.5873015873,2480.96825396825,5550,8073,3,4,4,"{3,4,4}"
2021-03-28,BRSSZ,Santos,BRIOA,"Porto Itapoa",1,1,"Alianca; Hamburg Sud; Hapag-Lloyd; Hyundai; Maersk Line; ONE; ZIM",7,13,8853.38461538462,1637.69230769231,8714,9030,2,2,2,{2}
2021-03-28,BRSSZ,Santos,BRITJ,Itajai,1,1,"Alianca; APL; CMA CGM; COSCO; Hamburg Sud; Maersk Line; SeaLand",7,9,3390.44444444444,488.888888888889,3091,3534,1,1,1,{1}
2021-03-28,BRSSZ,Santos,BRNVT,Navegantes,3,3,"Alianca; CMA CGM; Hamburg Sud; Hapag-Lloyd; Maersk Line; MSC; SeaLand; ZIM",8,21,17074.2285714286,2377.93650793651,2190,9400,1,2,2,"{2,2,1}"
2021-03-28,BRSSZ,Santos,BRPNG,Paranagua,6,6,"Alianca; CMA CGM; COSCO; Evergreen Line; Hamburg Sud; Hapag-Lloyd; Maersk Line; Marguisa; MSC; ONE; OOCL; PIL; Yang Ming; ZIM",14,60,52843.8928571429,7285.83333333333,4800,11923,1,2,2,"{1,2,2,2,1,2}"
2021-03-28,BRSSZ,Santos,BRRIG,"Rio Grande",1,1,"Alianca; Hamburg Sud; Hapag-Lloyd",3,8,4165,572.375,3400,5041,2,2,2,{2}
2021-03-28,BRSSZ,Santos,BRRIO,"Rio de Janeiro",6,6,"Alianca; Hamburg Sud; Hapag-Lloyd; Maersk Line; MSC; ONE; SeaLand; ZIM",8,48,43079.0158730159,5463.90476190476,5550,9403,1,1,2,"{1,1,2,1,1,1}"
2021-03-28,BRSSZ,Santos,BRSPB,Sepetiba,2,2,"Alianca; APL; CMA CGM; COSCO; Hamburg Sud; Maersk Line; Marguisa; SeaLand",8,15,12535.7777777778,2050.55555555556,3091,10034,0,0.5,1,"{1,0}"
2021-03-28,BRSSZ,Santos,MAPTM,Tanger,1,1,"Alianca; CMA CGM; COSCO; Hamburg Sud; Hapag-Lloyd; Maersk Line",6,8,9669,1600,9669,9669,11,11,11,{11}
2021-03-28,BRSSZ,Santos,SGSIN,Singapore,3,3,"Alianca; CMA CGM; COSCO; Evergreen Line; Hamburg Sud; Hapag-Lloyd; Hyundai; Maersk Line; ONE; OOCL; PIL; Yang Ming; ZIM",13,37,23669.8012820513,3382.35897435897,4800,9452,24,25,32,"{24,25,32}"
2021-03-28,BRSSZ,Santos,ZADUR,Durban,1,1,"Alianca; APL; CMA CGM; Hamburg Sud; Hapag-Lloyd; NileDutch",6,7,3201.71428571429,441.285714285714,2415,3534,12,12,12,{12}
2021-03-28,BRSSZ,Santos,ZAZBA,"Ngqura (Coega)",1,1,"Alianca; Hamburg Sud; Hapag-Lloyd; Maersk Line; MSC; ONE",6,14,10283.1428571429,1272.5,8772,11923,11,11,11,{11}
2021-03-28,BRSUA,Suape,BRSSA,Salvador,1,1,"Hapag-Lloyd; MSC; ZIM",3,8,8930,1107,8704,9403,2,2,2,{2}
2021-03-28,BRSUA,Suape,BRSSZ,Santos,2,2,"Alianca; Hamburg Sud; Hapag-Lloyd; Maersk Line; MSC; ONE; SeaLand; ZIM",8,15,13340.4285714286,1954.71428571429,5550,8073,3,3.5,4,"{3,4}"
2021-03-28,BRSUA,Suape,DOCAU,Caucedo,1,1,"MSC; ZIM",2,9,6191.44444444444,533.111111111111,5550,6969,10,10,10,{10}
2021-03-28,BRVDC,"Vila do Conde (near Belem)",BRFOR,Fortaleza,1,1,"APL; CMA CGM",2,6,2150,565,2100,2200,2,2,2,{2}
2021-03-28,BRVDC,"Vila do Conde (near Belem)",DOCAU,Caucedo,1,1,"CMA CGM",1,5,2312.8,502,2190,2506,5,5,5,{5}
2021-03-28,BRVDC,"Vila do Conde (near Belem)",PACTB,Cristobal,1,1,"MSC; ONE",2,4,2862,559.5,2542,3534,7,7,7,{7}
2021-03-28,BRVIX,Vitoria,BRSSZ,Santos,1,1,"Alianca; APL; CMA CGM; COSCO; Hamburg Sud; Maersk Line; SeaLand",7,9,3390.44444444444,488.888888888889,3091,3534,1,1,1,{1}
2021-03-28,BSFPO,Freeport,CAMTR,Montreal,1,1,MSC,1,5,2653.6,379,2480,2800,9,9,9,{9}
2021-03-28,BSFPO,Freeport,ECGYE,Guayaquil,1,1,MSC,1,7,4229,1278.57142857143,4112,4931,6,6,6,{6}
2021-03-28,BSFPO,Freeport,MXVER,Veracruz,1,1,MSC,1,5,2653.6,379,2480,2800,3,3,3,{3}
2021-03-28,BSFPO,Freeport,MYTPP,"Tanjung Pelepas",1,1,"Hamburg Sud; Maersk Line; MSC; SeaLand; ZIM",5,11,9153.45454545455,805.727272727273,8112,11294,27,27,27,{27}
2021-03-28,BSFPO,Freeport,PAROD,Rodman,1,1,"Hamburg Sud; Maersk Line; MSC; ZIM",4,10,6773.9,568.3,6400,8189,4,4,4,{4}
2021-03-28,BSFPO,Freeport,PTSIE,Sines,1,1,"Hamburg Sud; Maersk Line; MSC; SeaLand",4,8,7647.25,637.875,6478,8762,9,9,9,{9}
2021-03-28,BSFPO,Freeport,SAKAC,"King Abdullah City",1,1,"MSC; ZIM",2,10,8355.9,654,8063,8800,17,17,17,{17}
2021-03-28,BSFPO,Freeport,USCHS,"Charleston SC",1,1,"Hamburg Sud; Maersk Line; MSC; SeaLand",4,6,7210,483.333333333333,5550,8800,1,1,1,{1}
2021-03-28,BSFPO,Freeport,USHOU,"Houston TX",1,1,"MSC; ZIM",2,10,8355.9,654,8063,8800,4,4,4,{4}
2021-03-28,BSFPO,Freeport,USJAX,"Jacksonville FL",1,1,MSC,1,1,957,252,957,957,3,3,3,{3}
2021-03-28,BSFPO,Freeport,USMIA,"Miami FL",1,1,"Hamburg Sud; Maersk Line; MSC; SeaLand",4,8,7647.25,637.875,6478,8762,1,1,1,{1}
2021-03-28,BSFPO,Freeport,ZAPLZ,"Port Elizabeth",1,1,"Hamburg Sud; Maersk Line; MSC",3,9,2572.55555555556,340.111111111111,1798,3649,23,23,23,{23}
2021-03-28,BSNAS,Nassau,BSFPO,Freeport,1,1,MSC,1,1,957,252,957,957,2,2,2,{2}
2021-03-28,BSNAS,Nassau,USMIA,"Miami FL",1,1,"CMA CGM",1,3,686,118.666666666667,677,704,2,2,2,{2}
2021-03-28,BSNAS,Nassau,USPEF,"Port Everglades FL",2,1,MSC,1,2,1914,504,957,957,1,1,1,"{1,1}"
2021-03-28,BSNAS,Nassau,VICTD,"St Croix VI",1,1,"CMA CGM",1,2,690.5,,677,704,2,2,2,{2}
2021-03-28,BZBGK,"Big Creek",PAMIT,Manzanillo,1,1,"Alianca; Hamburg Sud; Maersk Line; SeaLand",4,6,2573,600,2550,2592,3,3,3,{3}
2021-03-28,BZBZE,"Belize City",HNPCR,"Puerto Cortes",1,1,"APL; CMA CGM",2,2,1110,220,1102,1118,0,0,0,{0}
2021-03-28,BZBZE,"Belize City",JMKIN,Kingston,1,1,"Caribbean Feeder; Hapag-Lloyd; Seaboard Marine; ZIM",4,1,365,,365,365,2,2,2,{2}
2021-03-28,BZBZE,"Belize City",MXPMS,"Puerto Morelos",1,1,"Hyde Shipping Corp.; Seaboard Marine",2,2,301,40,262,340,1,1,1,{1}
2021-03-28,CAHAL,Halifax,AEJEA,"Dubai, Jebel Ali",1,1,"Hapag-Lloyd; Hyundai; ONE; Yang Ming",4,11,5525.81818181818,445.454545454545,6258,7179,20,20,20,{20}
2021-03-28,CAHAL,Halifax,CAMTR,Montreal,1,1,MSC,1,5,4557.2,520,4132,5059,3,3,3,{3}
2021-03-28,CAHAL,Halifax,DEBRV,Bremerhaven,1,1,"APL; CMA CGM; Maersk Line",3,4,2948.5,387.5,2890,3100,9,9,9,{9}
2021-03-28,CAHAL,Halifax,ESBCN,Barcelona,1,1,MSC,1,5,4557.2,520,4132,5059,11,11,11,{11}
2021-03-28,CAHAL,Halifax,JMKIN,Kingston,1,1,ZIM,1,2,1110,220,1102,1118,6,6,6,{6}
2021-03-28,CAHAL,Halifax,NLRTM,Rotterdam,1,1,"ACL-Atlantic Container Line; Hapag-Lloyd; ONE; Yang Ming",4,5,3859.4,320,4520,5595,9,9,9,{9}
2021-03-28,CAHAL,Halifax,USNYC,"New York NY/NJ",3,3,"ANL; APL; CMA CGM; CNC Line-Cheng Lie Navigation Co. Ltd.; COSCO; Evergreen Line; Hapag-Lloyd; Hyundai; ONE; OOCL; Yang Ming; ZIM",12,38,22563.5155502392,1817.42822966507,4250,15072,1,2,2,"{2,1,2}"
2021-03-28,CAHAL,Halifax,USPAB,"Palm Beach FL",1,1,"Tropical Shipping",1,1,2296,520,1148,1148,4,4,4,{4}
2021-03-28,CAHAL,Halifax,USPWM,"Portland, ME",1,1,Eimskip,1,3,832.666666666667,183.333333333333,698,925,1,1,1,{1}
2021-03-28,CAMTR,Montreal,BEANR,Antwerp,1,1,"COSCO; Hapag-Lloyd; MSC; OOCL",4,4,4364.75,412,2808,5059,9,9,9,{9}
2021-03-28,CAMTR,Montreal,CAHAL,Halifax,2,2,"APL; CMA CGM; Maersk Line; MSC",4,9,7505.7,907.5,2890,5059,3,4,5,"{5,3}"
2021-03-28,CAMTR,Montreal,CASJB,"Saint John, New Brunswick",1,1,MSC,1,5,2653.6,379,2480,2800,8,8,8,{8}
2021-03-28,CAMTR,Montreal,GBSOU,Southampton,1,1,"Hapag-Lloyd; OOCL",2,4,4312.25,400,4043,4402,14,14,14,{14}
2021-03-28,CAMTR,Montreal,MAPTM,Tanger,1,1,"Arkas Line; CMA CGM; Hapag-Lloyd",3,6,3926.33333333333,933.333333333333,3832,4115,15,15,15,{15}
2021-03-28,CAMTR,Montreal,MTMAR,"Malta (Marsaxlokk)",1,1,MSC,1,5,4363,361,3987,4814,13,13,13,{13}
2021-03-28,CANWP,Argentia,ISREY,Reykjavik,1,1,Eimskip,1,3,832.666666666667,183.333333333333,698,925,7,7,7,{7}
2021-03-28,CAPRR,"Prince Rupert BC",CAVAN,"Vancouver BC",2,2,"ANL; APL; CMA CGM; COSCO; Evergreen Line; Hamburg Sud; Maersk Line; MSC; OOCL; ZIM",10,12,14997.1666666667,1393.33333333333,4051,11660,2,2,2,"{2,2}"
2021-03-28,CAPRR,"Prince Rupert BC",USLGB,"Long Beach CA",1,1,"ANL; APL; CMA CGM; COSCO; Evergreen Line; OOCL; Yang Ming",7,6,10006,700,10000,10036,4,4,4,{4}
2021-03-28,CAPRR,"Prince Rupert BC",USTIW,"Tacoma WA",1,1,"Hapag-Lloyd; Hyundai; ONE; Yang Ming",4,8,7131.5,586.25,6350,9040,2,2,2,{2}
2021-03-28,CASJB,"Saint John, New Brunswick",BSFPO,Freeport,1,1,MSC,1,5,2653.6,379,2480,2800,4,4,4,{4}
2021-03-28,CASJB,"Saint John, New Brunswick",USNYC,"New York NY/NJ",1,1,"APL; CMA CGM",2,3,1287.33333333333,310.666666666667,1221,1345,3,3,3,{3}
2021-03-28,CAVAN,"Vancouver BC",CNNSA,Nansha,1,1,"Hamburg Sud; Maersk Line; MSC; ZIM",4,6,8461.33333333333,843.333333333333,6541,11660,18,18,18,{18}
2021-03-28,CAVAN,"Vancouver BC",CNSHA,Shanghai,1,1,"ANL; APL; CMA CGM; COSCO; Evergreen Line; OOCL",6,6,6535.83333333333,550,4051,8888,11,11,11,{11}
2021-03-28,CAVAN,"Vancouver BC",CNYTN,Yantian,1,1,MSC,1,5,8787.6,783.2,6869,11800,11,11,11,{11}
2021-03-28,CAVAN,"Vancouver BC",JPTMK,Tomakomai,1,1,Westwood,1,3,5096,1114.66666666667,2542,2556,17,17,17,{17}
2021-03-28,CAVAN,"Vancouver BC",JPTYO,Tokyo,3,3,"ANL; APL; CMA CGM; COSCO; Evergreen Line; Hapag-Lloyd; Hyundai; ONE; OOCL; Yang Ming",10,20,22116.8333333333,1890.33333333333,5576,12690,10,11,12,"{12,11,10}"
2021-03-28,CAVAN,"Vancouver BC",KRKAN,Gwangyang,1,1,"ANL; APL; CMA CGM; COSCO; OOCL",5,6,10105.6666666667,976.333333333333,9415,11388,13,13,13,{13}
2021-03-28,CAVAN,"Vancouver BC",KRPUS,Busan,1,1,"Hapag-Lloyd; Hyundai; ONE; Yang Ming",4,8,7131.5,586.25,6350,9040,12,12,12,{12}
2021-03-28,CAVAN,"Vancouver BC",USLGB,"Long Beach CA",1,1,"Alianca; ANL; APL; Hamburg Sud; Hapag-Lloyd; Maersk Line; MSC; NPDL",8,9,4197.33333333333,459.333333333333,3884,4612,5,5,5,{5}
2021-03-28,CAVAN,"Vancouver BC",USOAK,"Oakland CA",2,2,"Alianca; APL; CMA CGM; Hamburg Sud; Hapag-Lloyd; Maersk Line; ONE; Yang Ming; ZIM",9,24,8799.66666666667,664.333333333333,4253,5087,2,3.5,5,"{5,2}"
2021-03-28,CAVAN,"Vancouver BC",USSEA,"Seattle WA",5,5,"Alianca; ANL; APL; CMA CGM; COSCO; Evergreen Line; Hamburg Sud; Hapag-Lloyd; Hyundai; Maersk Line; MSC; ONE; OOCL; SeaLand; SM Line; Yang Ming; ZIM",17,37,38509.132034632,3907.36363636364,4253,12690,0,1,3,"{1,3,2,1,0}"
2021-03-28,CGPNR,"Pointe Noire",AOLAD,Luanda,3,3,"APL; CMA CGM; CNC Line-Cheng Lie Navigation Co. Ltd.; COSCO; Maersk Line; NileDutch",6,24,15567.15,1616.12380952381,3388,9200,1,2,3,"{2,1,3}"
2021-03-28,CGPNR,"Pointe Noire",GHTEM,Tema,1,1,"APL; CMA CGM; Maersk Line",3,10,4659.4,551.2,4250,5466,1,1,1,{1}
2021-03-28,CGPNR,"Pointe Noire",MYTPP,"Tanjung Pelepas",1,1,"APL; CMA CGM; CNC Line-Cheng Lie Navigation Co. Ltd.; Maersk Line; SeaLand",5,13,4587.23076923077,288.769230769231,4380,5466,24,24,24,{24}
2021-03-28,CIABJ,Abidjan,BEANR,Antwerp,1,1,MSC,1,5,6002.6,484.4,5711,6730,11,11,11,{11}
2021-03-28,CIABJ,Abidjan,ESALG,Algeciras,1,1,"APL; CMA CGM",2,5,2558.2,364,2474,2755,13,13,13,{13}
2021-03-28,CIABJ,Abidjan,ITGOA,Genoa,1,1,"COSCO; Messina; MSC; OOCL",4,3,5115.33333333333,990.666666666667,2303,2824,9,9,9,{9}
2021-03-28,CIABJ,Abidjan,MAPTM,Tanger,1,1,"Arkas Line; Hapag-Lloyd; Marguisa; ONE",4,5,2749.6,511.6,2478,2824,7,7,7,{7}
2021-03-28,CIABJ,Abidjan,MYPKG,"Port Klang",1,1,"COSCO; Gold Star Line; ONE; PIL; ZIM",5,12,3909.41666666667,470.5,4250,5466,25,25,25,{25}
2021-03-28,CIABJ,Abidjan,NGTIN,"Lagos, Tin Can",1,1,"APL; CMA CGM; CNC Line-Cheng Lie Navigation Co. Ltd.; Maersk Line",4,13,4092.69230769231,409.692307692308,3534,5700,7,7,7,{7}
2021-03-28,CIABJ,Abidjan,SNDKR,Dakar,1,1,"APL; CMA CGM; COSCO; NileDutch; OOCL",5,6,4387.5,493.333333333333,3765,4957,4,4,4,{4}
2021-03-28,CIABJ,Abidjan,TGLFW,Lome,1,1,"Maersk Line",1,5,3876.8,404,3500,4380,3,3,3,{3}
2021-03-28,CISPY,"San Pedro, Ivory Coast",CIABJ,Abidjan,1,1,"APL; CMA CGM",2,5,2558.2,364,2474,2755,1,1,1,{1}
2021-03-28,CISPY,"San Pedro, Ivory Coast",ESLPA,"Las Palmas, Can Is",1,1,MSC,1,7,2690.85714285714,214.285714285714,3005,3430,7,7,7,{7}
2021-03-28,CISPY,"San Pedro, Ivory Coast",MAPTM,Tanger,1,1,"Hamburg Sud; Maersk Line",2,4,2494,434,2474,2546,11,11,11,{11}
2021-03-28,CISPY,"San Pedro, Ivory Coast",TGLFW,Lome,2,2,MSC,1,14,7586.42857142857,730,3005,5711,2,3,4,"{2,4}"
2021-03-28,CLANF,Antofagasta,CLMJS,Mejillones,1,1,"Alianca; Hamburg Sud; Maersk Line; SeaLand",4,19,9434.78947368421,886.631578947368,8379,9962,1,1,1,{1}
2021-03-28,CLANF,Antofagasta,CLSAI,"San Antonio",1,1,"Alianca; Hamburg Sud; Hapag-Lloyd",3,8,4165,572.375,3400,5041,2,2,2,{2}
2021-03-28,CLANF,Antofagasta,CLVAP,Valparaiso,2,2,"Hapag-Lloyd; Hyundai; MSC; ONE",4,13,11353.1818181818,1545.72727272727,1620,11010,1,1,1,"{1,1}"
2021-03-28,CLARI,Arica,CLANF,Antofagasta,1,1,"Alianca; Hamburg Sud; Hapag-Lloyd",3,8,4165,572.375,3400,5041,1,1,1,{1}
2021-03-28,CLARI,Arica,CLIQQ,Iquique,1,1,"APL; CMA CGM; COSCO",3,1,2694,898,1347,1347,6,6,6,{6}
2021-03-28,CLARI,Arica,CLSAI,"San Antonio",1,1,"Hamburg Sud; Maersk Line; SeaLand",3,4,4567.25,508.75,4154,4771,3,3,3,{3}
2021-03-28,CLCNL,Coronel,CLLQN,Lirquen,1,1,"Hapag-Lloyd; Hyundai; MSC; ONE",4,12,12543.1666666667,883.333333333333,10100,14272,1,1,1,{1}
2021-03-28,CLCNL,Coronel,CLVAP,Valparaiso,2,2,"Hapag-Lloyd; Hyundai; MSC; ONE",4,20,20755.2929292929,2897.28282828283,8800,13000,1,1.5,2,"{2,1}"
2021-03-28,CLIQQ,Iquique,CLANF,Antofagasta,1,1,"Hapag-Lloyd; Hyundai; MSC; ONE",4,11,9690.18181818182,1295.72727272727,9326,11010,1,1,1,{1}
2021-03-28,CLIQQ,Iquique,CLARI,Arica,1,1,"Hamburg Sud; Maersk Line; SeaLand",3,4,4567.25,508.75,4154,4771,1,1,1,{1}
2021-03-28,CLIQQ,Iquique,PECLL,Callao,1,1,"APL; CMA CGM; COSCO",3,1,2694,898,1347,1347,3,3,3,{3}
2021-03-28,CLIQQ,Iquique,PEMRI,Matarani,1,1,"APL; ONE; X-Press",3,3,1345,437,1341,1347,1,1,1,{1}
2021-03-28,CLLQN,Lirquen,CLSAI,"San Antonio",2,2,"ANL; APL; CMA CGM; COSCO; Evergreen Line; Hapag-Lloyd; Hyundai; MSC; ONE; Wan Hai",10,23,20195.4393939394,1528.42424242424,5050,14272,1,1.5,2,"{2,1}"
2021-03-28,CLMJS,Mejillones,CLSAI,"San Antonio",2,2,"Alianca; APL; CMA CGM; COSCO; Hamburg Sud; Hapag-Lloyd; Maersk Line; OOCL; SeaLand",9,28,20158.6783625731,2668.85380116959,8379,11519,1,1.5,2,"{1,2}"
2021-03-28,CLMJS,Mejillones,PECLL,Callao,1,1,"Hapag-Lloyd; Hyundai; MSC; ONE",4,12,12543.1666666667,883.333333333333,10100,14272,3,3,3,{3}
2021-03-28,CLSAI,"San Antonio",CLCNL,Coronel,1,1,"Hapag-Lloyd; Hyundai; MSC; ONE",4,12,12543.1666666667,883.333333333333,10100,14272,2,2,2,{2}
2021-03-28,CLSAI,"San Antonio",CLMJS,Mejillones,1,1,"Hapag-Lloyd; Hyundai; MSC; ONE",4,12,12543.1666666667,883.333333333333,10100,14272,3,3,3,{3}
2021-03-28,CLSAI,"San Antonio",CLSVE,"San Vicente",2,2,"Alianca; Hamburg Sud; Hapag-Lloyd; Maersk Line; SeaLand",5,12,8732.25,1081.125,3400,5041,3,3.5,4,"{3,4}"
2021-03-28,CLSAI,"San Antonio",CNSHA,Shanghai,1,1,"ANL; APL; CMA CGM; COSCO; Evergreen Line; Wan Hai",6,11,7652.27272727273,645.090909090909,5050,8530,31,31,31,{31}
2021-03-28,CLSAI,"San Antonio",HKHKG,"Hong Kong",1,1,"ANL; APL; CMA CGM; COSCO; Evergreen Line; OOCL; PIL; Wan Hai; Yang Ming",9,10,7154.3,707.7,5364,8530,25,25,25,{25}
2021-03-28,CLSAI,"San Antonio",NZTRG,Tauranga,1,1,"Alianca; Hamburg Sud; Maersk Line; SeaLand",4,19,9434.78947368421,886.631578947368,8379,9962,14,14,14,{14}
2021-03-28,CLSAI,"San Antonio",PABLB,Balboa,1,1,"Hamburg Sud; Maersk Line; SeaLand",3,8,3947,983.75,3947,3947,9,9,9,{9}
2021-03-28,CLSAI,"San Antonio",PECLL,Callao,2,2,"Alianca; APL; CMA CGM; COSCO; Hamburg Sud; Hapag-Lloyd; Maersk Line; OOCL",8,17,14888.8888888889,2354.59722222222,3400,11519,3,4.5,6,"{3,6}"
2021-03-28,CLSVE,"San Vicente",ARPMY,"Puerto Madryn",1,1,"Alianca; Hamburg Sud; Hapag-Lloyd",3,8,4165,572.375,3400,5041,6,6,6,{6}
2021-03-28,CLSVE,"San Vicente",PECLL,Callao,2,2,"Hamburg Sud; Hapag-Lloyd; Maersk Line; SeaLand",4,6,6230.25,758.75,1620,4771,4,4.5,5,"{4,5}"
2021-03-28,CLVAP,Valparaiso,CLCNL,Coronel,2,2,"Hapag-Lloyd; Hyundai; MSC; ONE",4,20,20755.2929292929,2897.28282828283,8800,13000,2,2,2,"{2,2}"
2021-03-28,CLVAP,Valparaiso,CLSVE,"San Vicente",1,1,Hapag-Lloyd,1,2,1663,250,1620,1706,2,2,2,{2}
2021-03-28,CLVAP,Valparaiso,PECLL,Callao,1,1,MSC,1,9,11065.1111111111,1601.55555555556,8800,13000,3,3,3,{3}
2021-03-28,CLVAP,Valparaiso,TWKEL,Keelung,1,1,"Hapag-Lloyd; Hyundai; MSC; ONE",4,11,9690.18181818182,1295.72727272727,9326,11010,27,27,27,{27}
2021-03-28,CMDLA,Douala,ESVLC,Valencia,1,1,"APL; CMA CGM; Marguisa",3,6,3325.5,433.166666666667,3091,3600,15,15,15,{15}
2021-03-28,CMKBI,Kribi,BEANR,Antwerp,1,1,"APL; CMA CGM; NileDutch",3,7,3851,412.857142857143,3508,4250,15,15,15,{15}
2021-03-28,CMKBI,Kribi,BJCOO,Cotonou,1,1,"APL; CMA CGM; CNC Line-Cheng Lie Navigation Co. Ltd.; Maersk Line",4,13,4092.69230769231,409.692307692308,3534,5700,2,2,2,{2}
2021-03-28,CMKBI,Kribi,CMDLA,Douala,1,1,"APL; CMA CGM; Marguisa",3,6,3325.5,433.166666666667,3091,3600,0,0,0,{0}
2021-03-28,CMKBI,Kribi,NGAPP,Apapa,1,1,"APL; CMA CGM; CNC Line-Cheng Lie Navigation Co. Ltd.; Maersk Line; SeaLand",5,13,4587.23076923077,288.769230769231,4380,5466,2,2,2,{2}
2021-03-28,CNDCB,"Da Chan Bay",CNYTN,Yantian,1,1,ZIM,1,5,4368.6,474,4250,4839,2,2,2,{2}
2021-03-28,CNDCB,"Da Chan Bay",HKHKG,"Hong Kong",1,1,OOCL,1,4,4579.25,400,4578,4583,0,0,0,{0}
2021-03-28,CNDCB,"Da Chan Bay",MYPKG,"Port Klang",2,2,"Emirates Shipping; Evergreen Line; GFS; Gold Star Line; KMTC; RCL; SM Line; ZIM",8,14,12736.8571428571,1217.71428571429,5248,8110,6,6,6,"{6,6}"
2021-03-28,CNDCB,"Da Chan Bay",TWKHH,Kaohsiung,1,1,"Hyundai; Sinokor; TS Lines",3,7,5667.57142857143,648.285714285714,4728,6763,1,1,1,{1}
2021-03-28,CNDCB,"Da Chan Bay",VNC8Q,"Chu Lai",1,1,"Gold Star Line; ZIM",2,2,1108,232,1061,1155,2,2,2,{2}
2021-03-28,CNDFG,Dafeng,CNSHA,Shanghai,1,1,COSCO,1,1,1816,500,908,908,1,1,1,{1}
2021-03-28,CNDLC,Dalian,CNSHA,Shanghai,1,1,"Feedertech; Sinokor; Wan Hai; Yang Ming",4,6,4363.33333333333,404.833333333333,4178,4730,3,3,3,{3}
2021-03-28,CNDLC,Dalian,CNSHD,Shidao,1,1,"COSCO; Sinotrans; SITC Shipping",3,4,1058.75,75,1011,1100,1,1,1,{1}
2021-03-28,CNDLC,Dalian,CNSHP,Qinhuangdao,1,1,"SITC Shipping",1,2,1032,170,1024,1040,1,1,1,{1}
2021-03-28,CNDLC,Dalian,CNTAO,Qingdao,11,11,"APL; CMA CGM; CNC Line-Cheng Lie Navigation Co. Ltd.; COSCO; Dong Young; Evergreen Line; Hamburg Sud; Kambara Kisen Co., Ltd.; KMTC; Mingsheng; Namsung; OOCL; PIL; SeaLand; SITC Shipping; TS Lines",16,43,41865.1406926407,3665.5670995671,650,20988,1,1,3,"{1,2,1,2,3,1,2,1,2,1,1}"
2021-03-28,CNDLC,Dalian,CNTXG,Xingang/Tianjin,14,14,"Alianca; ANL; APL; CMA CGM; CNC Line-Cheng Lie Navigation Co. Ltd.; COSCO; Evergreen Line; Gold Star Line; Hamburg Sud; Hapag-Lloyd; Heung-A; Hyundai; IAL-Interasia Lines; KMTC; Maersk Line; MSC; ONE; OOCL; RCL; SeaLand; Sinokor; SITC Shipping; TS Lines; Wan Hai; X-Press; Yang Ming; ZIM",27,73,61216.543956044,4979.53937728938,1011,20568,0,1,2,"{1,0,1,2,1,1,2,2,1,2,1,1,2,1}"
2021-03-28,CNDLC,Dalian,CNYNT,Yantai,2,2,"COSCO; OOCL; Sinotrans; SITC Shipping",4,6,5071.5,499,831,4253,0,0,0,"{0,0}"
2021-03-28,CNDLC,Dalian,JPHKT,Hakata,1,1,StarOcean,1,1,602,100,602,602,2,2,2,{2}
2021-03-28,CNDLC,Dalian,JPNGO,Nagoya,1,1,"SITC Shipping",1,2,1032,170,1024,1040,4,4,4,{4}
2021-03-28,CNDLC,Dalian,JPOSA,Osaka,1,1,StarOcean,1,2,1799,300,1740,1858,3,3,3,{3}
2021-03-28,CNDLC,Dalian,JPTYO,Tokyo,2,2,COSCO,1,2,6711.42857142857,1157.14285714286,1740,1740,3,3,3,"{3,3}"
2021-03-28,CNDLC,Dalian,KRINC,Inchon,1,1,"ANL; APL; CMA CGM; CNC Line-Cheng Lie Navigation Co. Ltd.; Hyundai",5,6,1820,307,1730,1952,1,1,1,{1}
2021-03-28,CNDLC,Dalian,KRPUS,Busan,6,6,"Alianca; APL; CMA CGM; CNC Line-Cheng Lie Navigation Co. Ltd.; COSCO; Dongjin Shipping; Doowoo Shipping; Evergreen Line; Hamburg Sud; Heung-A; KMTC; Maersk Line; MSC; SeaLand; X-Press; ZIM",16,19,20283.3181818182,1690.66666666667,650,15226,1,2,2,"{2,2,2,1,2,2}"
2021-03-28,CNFOC,Fuzhou,CNNSA,Nansha,1,1,"ANL; APL; CMA CGM; COSCO; Evergreen Line; OOCL",6,6,12757,940,9452,16020,2,2,2,{2}
2021-03-28,CNFOC,Fuzhou,CNQZL,Quanzhou,1,1,"COSCO; OOCL; Wan Hai",3,2,1608.5,231,1510,1707,1,1,1,{1}
2021-03-28,CNFOC,Fuzhou,CNSWA,Shantou,1,1,MSC,1,4,3071.75,273.75,2578,3501,2,2,2,{2}
2021-03-28,CNFOC,Fuzhou,CNXMN,Xiamen,1,1,"Hamburg Sud; Maersk Line; OOCL; SeaLand; TS Lines",5,5,4236.4,611.2,4132,4300,1,1,1,{1}
2021-03-28,CNFOC,Fuzhou,JPMIZ,Mizushima,1,1,"Ji Zhou",1,2,585,50,585,585,3,3,3,{3}
2021-03-28,CNFOC,Fuzhou,KRINC,Inchon,1,1,"COSCO; Evergreen Line; IAL-Interasia Lines; Wan Hai",4,3,2151.66666666667,350,1702,2553,2,2,2,{2}
2021-03-28,CNFOC,Fuzhou,MYTPP,"Tanjung Pelepas",1,1,"Maersk Line; SeaLand",2,5,1978.05714285714,408.457142857143,1714,1756,4,4,4,{4}
2021-03-28,CNFOC,Fuzhou,PHMNS,"Manila South Harbor",1,1,"Sinotrans; Wan Hai",2,2,1535,267,1520,1550,2,2,2,{2}
2021-03-28,CNFOC,Fuzhou,TWTXG,Taichung,1,1,"Hamburg Sud; Maersk Line; OOCL; SeaLand; TS Lines",5,5,4236.4,611.2,4132,4300,0,0,0,{0}
2021-03-28,CNFQG,Fuqing,CNSHK,Shekou,1,1,"COSCO; Evergreen Line; ONE; OOCL; Wan Hai",5,6,5560.66666666667,528.833333333333,5250,5652,2,2,2,{2}
2021-03-28,CNFQG,Fuqing,HKHKG,"Hong Kong",1,1,"Evergreen Line",1,4,2717.5,396.5,2602,2824,2,2,2,{2}
2021-03-28,CNFQG,Fuqing,KRPUS,Busan,1,1,"CK Line; KMTC",2,2,1030,,1000,1060,3,3,3,{3}
2021-03-28,CNGGZ,"Huangpu (Guangzhou)",CNSHK,Shekou,2,2,"Heung-A; PanOcean; Sinokor",3,4,1980,161,1043,1118,0,0,0,"{0,0}"
2021-03-28,CNGGZ,"Huangpu (Guangzhou)",CNXNA,"Xinsha (Guangzhou)",1,1,"Heung-A; Sinokor",2,2,894,,1043,1043,0,0,0,{0}
2021-03-28,CNJIA,Jiangyin,CNFOC,Fuzhou,1,1,"Ji Zhou",1,2,585,50,585,585,1,1,1,{1}
2021-03-28,CNLYG,Lianyungang,CNSHA,Shanghai,2,2,"ANL; APL; CMA CGM; CNC Line-Cheng Lie Navigation Co. Ltd.; COSCO; Evergreen Line; Gold Star Line; OOCL; SITC Shipping; ZIM",10,15,11201,981.5,1805,10050,1,1,1,"{1,1}"
2021-03-28,CNLYG,Lianyungang,CNTAO,Qingdao,6,6,"ANL; APL; CMA CGM; CNC Line-Cheng Lie Navigation Co. Ltd.; COSCO; Easline Shipping; Evergreen Line; Heung-A; Hyundai; KMTC; Namsung; ONE; OOCL; Sinotrans",14,23,23089.0952380952,1953.04761904762,728,17292,1,2,2,"{1,2,2,2,1,2}"
2021-03-28,CNLYG,Lianyungang,HKHKG,"Hong Kong",1,1,"APL; CMA CGM; CNC Line-Cheng Lie Navigation Co. Ltd.; TS Lines",4,3,2634,466.666666666667,2468,2732,4,4,4,{4}
2021-03-28,CNLYG,Lianyungang,KRPUS,Busan,1,1,COSCO,1,1,1378,130,1378,1378,3,3,3,{3}
2021-03-28,CNLYG,Lianyungang,MYTPP,"Tanjung Pelepas",1,1,"Hamburg Sud; Maersk Line; SeaLand; TS Lines",4,6,5718,514.666666666667,5576,5908,8,8,8,{8}
2021-03-28,CNNGB,Ningbo,AUSYD,Sydney,1,1,"ANL; APL; COSCO; OOCL; PIL",5,6,8504.83333333333,668.333333333333,8063,8888,9,9,9,{9}
2021-03-28,CNNGB,Ningbo,CNDCB,"Da Chan Bay",1,1,"Emirates Shipping; Evergreen Line; Gold Star Line; KMTC; ZIM",5,7,5753.57142857143,547.428571428571,5248,6046,3,3,3,{3}
2021-03-28,CNNGB,Ningbo,CNFOC,Fuzhou,2,2,"Maersk Line; SeaLand; Sinotrans; Wan Hai",4,7,3513.05714285714,675.457142857143,1520,1756,2,2,2,"{2,2}"
2021-03-28,CNNGB,Ningbo,CNFQG,Fuqing,2,2,"COSCO; Evergreen Line; ONE; OOCL; Wan Hai",5,10,8278.16666666667,925.333333333333,2602,5652,2,2,2,"{2,2}"
2021-03-28,CNNGB,Ningbo,CNNSA,Nansha,12,12,"APL; CMA CGM; CNC Line-Cheng Lie Navigation Co. Ltd.; COSCO; Evergreen Line; Gold Star Line; Maersk Line; NileDutch; ONE; OOCL; PIL; RCL; SeaLand; Swire Shipping; Wan Hai; ZIM",16,101,87209.3873348873,6385.2244977245,2750,20988,2,3,5,"{3,4,3,3,2,3,3,3,4,4,2,5}"
2021-03-28,CNNGB,Ningbo,CNSHA,Shanghai,66,65,"Alianca; ANL; APL; Asean Seas Line; CK Line; CMA CGM; CNC Line-Cheng Lie Navigation Co. Ltd.; COSCO; Dongjin Shipping; Dong Young; Evergreen Line; FESCO; Gold Star Line; Hamburg Sud; Hapag-Lloyd; Heung-A; Hyundai; IAL-Interasia Lines; Kambara Kisen Co., Ltd.; KMTC; Maersk Line; Matson; MSC; Namsung; NBOSCO; ONE; OOCL; PanCon; PIL; RCL; SeaLand; Sinokor; Sinotrans; SITC Shipping; SM Line; TaiYoung Shipping; TS Lines; Wan Hai; Yang Ming; ZIM",40,459,440680.454815944,37056.0147618463,907,23756,0,1,4,"{3,0,0,1,1,2,2,2,1,1,1,1,4,1,2,1,1,1,1,2,2,2,2,0,2,1,2,0,2,2,1,4,3,2,2,2,2,2,0,1,1,2,1,1,1,2,1,1,1,2,0,1,1,1,2,1,0,2,1,1,1,0,2,1,1,1}"
2021-03-28,CNNGB,Ningbo,CNSHK,Shekou,18,18,"Alianca; ANL; APL; CMA CGM; CNC Line-Cheng Lie Navigation Co. Ltd.; COSCO; Emirates Shipping; Evergreen Line; Gold Star Line; Hamburg Sud; Hapag-Lloyd; Hyundai; KMTC; Maersk Line; MSC; ONE; OOCL; PIL; SeaLand; Sinokor; TS Lines; Wan Hai; X-Press; Yang Ming; ZIM",25,160,128904.427372627,11239.9163336663,3500,19224,2,3,4,"{3,4,3,4,3,2,3,2,2,3,2,2,2,3,4,4,2,2}"
2021-03-28,CNNGB,Ningbo,CNSWA,Shantou,1,1,"ONE; Wan Hai",2,6,3134,390.333333333333,2702,4253,2,2,2,{2}
2021-03-28,CNNGB,Ningbo,CNTXG,Xingang/Tianjin,1,1,"APL; CMA CGM; CNC Line-Cheng Lie Navigation Co. Ltd.; COSCO; Evergreen Line; OOCL; PIL",7,9,10698.7777777778,633.333333333333,11923,14500,4,4,4,{4}
2021-03-28,CNNGB,Ningbo,CNWZO,"Wenzhou CN",1,1,"KMTC; SITC Shipping",2,4,1756.5,223,1708,1805,0,0,0,{0}
2021-03-28,CNNGB,Ningbo,CNXMN,Xiamen,16,16,"ANL; APL; CMA CGM; CNC Line-Cheng Lie Navigation Co. Ltd.; COSCO; Emirates Shipping; Evergreen Line; GFS; Gold Star Line; Hapag-Lloyd; Hyundai; IAL-Interasia Lines; Jin Jiang; KMTC; MSC; ONE; OOCL; PIL; RCL; SeaLand; Sinotrans; SITC Shipping; SM Line; TS Lines; Turkon; Wan Hai; Yang Ming; ZIM",28,103,91325.1611888112,7964.92617382617,1011,23964,1,2,3,"{2,1,2,2,3,3,2,2,2,1,2,3,1,3,3,2}"
2021-03-28,CNNGB,Ningbo,CNYTN,Yantian,5,5,"Alianca; CMA CGM; COSCO; Evergreen Line; Hamburg Sud; Hapag-Lloyd; Hyundai; Maersk Line; MSC; ONE; OOCL; PIL; SeaLand; Yang Ming",14,58,66337.2900932401,4857.40699300699,5023,23964,2,3,3,"{3,3,3,2,3}"
2021-03-28,CNNGB,Ningbo,HKHKG,"Hong Kong",5,5,"Alianca; COSCO; Feedertech; Hamburg Sud; Hapag-Lloyd; Hyundai; IAL-Interasia Lines; Maersk Line; MELL; MSC; ONE; OOCL; Sinokor; Wan Hai; Yang Ming; ZIM",16,34,26420.7750915751,3392.63992673993,1080,9030,2,3,4,"{2,3,2,3,4}"
2021-03-28,CNNGB,Ningbo,IDJKT,"Jakarta, Java",1,1,"COSCO; KMTC; ONE; RCL",4,4,2611,371.5,2540,2824,7,7,7,{7}
2021-03-28,CNNGB,Ningbo,JPHKT,Hakata,1,1,"COSCO; Sinotrans; SITC Shipping",3,4,1058.75,75,1011,1100,1,1,1,{1}
2021-03-28,CNNGB,Ningbo,JPNGO,Nagoya,2,2,"COSCO; Hapag-Lloyd; Hyundai; NBOSCO; ONE; Yang Ming",6,9,7578.16666666667,595,1100,6969,2,2.5,3,"{3,2}"
2021-03-28,CNNGB,Ningbo,JPTYO,Tokyo,1,1,"COSCO; NBOSCO; Sinotrans; SITC Shipping",4,1,1049,180,1049,1049,2,2,2,{2}
2021-03-28,CNNGB,Ningbo,JPUKB,Kobe,1,1,"COSCO; NBOSCO",2,3,1100,80,1100,1100,3,3,3,{3}
2021-03-28,CNNGB,Ningbo,KRKUV,Kunsan,1,1,"Evergreen Line",1,2,4211,476,4211,4211,6,6,6,{6}
2021-03-28,CNNGB,Ningbo,KRPUS,Busan,9,9,"Alianca; APL; CK Line; CMA CGM; CNC Line-Cheng Lie Navigation Co. Ltd.; COSCO; Dong Young; Easline Shipping; Evergreen Line; Hamburg Sud; Hapag-Lloyd; Hyundai; KMTC; Maersk Line; MSC; Namsung; ONE; OOCL; PanOcean; SeaLand; SM Line; Yang Ming",22,58,58838.1199134199,5225.20108225108,650,14272,1,2,2,"{1,1,2,2,2,2,2,1,2}"
2021-03-28,CNNGB,Ningbo,MXZLO,"Manzanillo, MEX",1,1,"ANL; APL; CMA CGM; COSCO; Evergreen Line; OOCL; PIL; Wan Hai; Yang Ming",9,10,7154.3,707.7,5364,8530,18,18,18,{18}
2021-03-28,CNNGB,Ningbo,MYTPP,"Tanjung Pelepas",1,1,"Hamburg Sud; Maersk Line; SeaLand",3,7,4322.42857142857,584.857142857143,4250,4447,6,6,6,{6}
2021-03-28,CNNGB,Ningbo,PHMNN,"Manila North Harbor",2,2,"COSCO; Sinotrans; SITC Shipping",3,4,5389,676,2442,3081,2,2.5,3,"{3,2}"
2021-03-28,CNNGB,Ningbo,PHMNS,"Manila South Harbor",1,1,"SITC Shipping",1,4,2400,,2400,2400,4,4,4,{4}
2021-03-28,CNNGB,Ningbo,RUVVO,Vladivostok,2,2,"APL; CMA CGM; FESCO; Hyundai; MSC",5,5,5168.5,625,2339,2825,2,3,4,"{2,4}"
2021-03-28,CNNGB,Ningbo,SGSIN,Singapore,5,5,"APL; CMA CGM; CNC Line-Cheng Lie Navigation Co. Ltd.; COSCO; Evergreen Line; Gold Star Line; Hamburg Sud; Hapag-Lloyd; Maersk Line; ONE; OOCL; SeaLand; X-Press; Yang Ming; ZIM",15,34,33766.6883116883,2121.59090909091,1740,20988,5,6,8,"{6,8,7,6,5}"
2021-03-28,CNNGB,Ningbo,THLCH,"Laem Chabang",1,1,"Evergreen Line",1,4,1852.75,157.5,1809,1984,4,4,4,{4}
2021-03-28,CNNGB,Ningbo,TWKHH,Kaohsiung,6,6,"ANL; APL; CMA CGM; CNC Line-Cheng Lie Navigation Co. Ltd.; COSCO; Evergreen Line; Gold Star Line; Hamburg Sud; Hapag-Lloyd; Hyundai; Maersk Line; ONE; OOCL; SeaLand; Yang Ming; ZIM",16,56,53460.5220862471,3986.53787878788,2546,14993,1,2,3,"{3,2,3,2,1,2}"
2021-03-28,CNNGB,Ningbo,TWTPE,Taipei,2,2,"APL; CMA CGM; CNC Line-Cheng Lie Navigation Co. Ltd.; COSCO; Evergreen Line; OOCL; PIL",7,19,30399.375,1525,10086,20150,1,1.5,2,"{2,1}"
2021-03-28,CNNGB,Ningbo,USLAX,"Los Angeles CA",3,3,"APL; CMA CGM; COSCO; Evergreen Line; Hapag-Lloyd; Hyundai; ONE; Wan Hai; Yang Ming",9,18,19171.7619047619,1887.28571428571,4532,9466,12,12,13,"{12,13,12}"
2021-03-28,CNNGB,Ningbo,USLGB,"Long Beach CA",1,1,"ANL; APL; CMA CGM; CNC Line-Cheng Lie Navigation Co. Ltd.; COSCO; Evergreen Line; Gold Star Line; OOCL; ZIM",9,12,9396,737.5,5089,10050,13,13,13,{13}
2021-03-28,CNNGB,Ningbo,USSEA,"Seattle WA",1,1,"Wan Hai",1,6,2731,452.333333333333,2553,2824,11,11,11,{11}
2021-03-28,CNNGB,Ningbo,VNSGN,"Ho Chi Minh (VICT/Cat Lai)",3,3,"APL; CMA CGM; CNC Line-Cheng Lie Navigation Co. Ltd.; COSCO; Evergreen Line; Hamburg Sud; OOCL; SeaLand",8,12,7019.2,1065.33333333333,1732,2806,4,5,6,"{4,5,6}"
2021-03-28,CNNJI,Nanjing,CNTAC,Taicang,1,1,"Taicang Container Lines",1,3,1062.33333333333,168.333333333333,1042,1102,1,1,1,{1}
2021-03-28,CNNSA,Nansha,CNDLC,Dalian,2,2,"APL; CMA CGM; CNC Line-Cheng Lie Navigation Co. Ltd.; COSCO; OOCL; PIL; Yang Ming",7,12,7127.42857142857,492.642857142857,2800,5576,6,6,6,"{6,6}"
2021-03-28,CNNSA,Nansha,CNLYG,Lianyungang,1,1,"APL; CMA CGM; CNC Line-Cheng Lie Navigation Co. Ltd.; COSCO; Evergreen Line; ONE; OOCL",7,7,9197.14285714286,449.142857142857,8452,17292,4,4,4,{4}
2021-03-28,CNNSA,Nansha,CNSHA,Shanghai,1,1,"COSCO; OOCL; Yang Ming",3,4,3188.75,275.5,4250,4253,4,4,4,{4}
2021-03-28,CNNSA,Nansha,CNSHK,Shekou,9,9,"APL; CMA CGM; CNC Line-Cheng Lie Navigation Co. Ltd.; COSCO; Evergreen Line; Gold Star Line; Hapag-Lloyd; KMTC; MELL; MSC; ONE; OOCL; PDL-Pacific Direct Line; PIL; RCL; SITC Shipping; Wan Hai; ZIM",18,47,37115.7777777778,2510.55555555556,907,14952,0,0,2,"{0,0,2,0,0,1,0,1,1}"
2021-03-28,CNNSA,Nansha,CNXMN,Xiamen,1,1,"APL; CMA CGM; CNC Line-Cheng Lie Navigation Co. Ltd.; COSCO; Evergreen Line; OOCL; Yang Ming",7,3,1416.66666666667,134.666666666667,1378,1440,2,2,2,{2}
2021-03-28,CNNSA,Nansha,CNYTN,Yantian,8,8,"Alianca; ANL; APL; CMA CGM; CNC Line-Cheng Lie Navigation Co. Ltd.; COSCO; Evergreen Line; Hamburg Sud; Maersk Line; MSC; OOCL; SeaLand; SM Line; ZIM",14,71,97060.8376068376,7655.13247863248,2806,23756,0,1,2,"{2,1,1,0,1,1,2,1}"
2021-03-28,CNNSA,Nansha,HKHKG,"Hong Kong",6,6,"ANL; APL; CMA CGM; CNC Line-Cheng Lie Navigation Co. Ltd.; COSCO; Evergreen Line; Gold Star Line; MELL; ONE; OOCL; PDL-Pacific Direct Line; PIL; RCL; SeaLand; TS Lines; Wan Hai; Yang Ming",17,31,34552.1023809524,2744.88095238095,1080,19100,0,1,1,"{1,1,1,1,0,1}"
2021-03-28,CNNSA,Nansha,IDJKT,"Jakarta, Java",2,2,"ANL; APL; CMA CGM; CNC Line-Cheng Lie Navigation Co. Ltd.; COSCO; OOCL",6,11,8478.78571428571,904.571428571429,4051,4431,5,5.5,6,"{6,5}"
2021-03-28,CNNSA,Nansha,MYPKG,"Port Klang",2,2,"APL; CMA CGM; CNC Line-Cheng Lie Navigation Co. Ltd.; COSCO; Gold Star Line; RCL; SeaLand; TS Lines; Wan Hai; Yang Ming",10,6,4235.5,694.5,1708,4367,5,5,5,"{5,5}"
2021-03-28,CNNSA,Nansha,MYTPP,"Tanjung Pelepas",3,3,"APL; CMA CGM; CNC Line-Cheng Lie Navigation Co. Ltd.; COSCO; Hamburg Sud; Maersk Line; NileDutch; OOCL; SeaLand; TS Lines",10,30,16044.8423076923,1762.55897435897,3534,9200,4,4,4,"{4,4,4}"
2021-03-28,CNNSA,Nansha,PHMNN,"Manila North Harbor",1,1,"ANL; APL; CMA CGM; CNC Line-Cheng Lie Navigation Co. Ltd.",4,7,4276.28571428571,540.571428571429,4250,4431,3,3,3,{3}
2021-03-28,CNNSA,Nansha,SGSIN,Singapore,12,12,"ANL; APL; CMA CGM; CNC Line-Cheng Lie Navigation Co. Ltd.; COSCO; Evergreen Line; Gold Star Line; Hamburg Sud; IAL-Interasia Lines; Maersk Line; ONE; OOCL; PIL; RCL; SeaLand; Wan Hai; Yang Ming; ZIM",18,106,72255.7159507159,5469.53618603619,2546,20988,3,4,7,"{4,5,3,3,4,3,4,7,4,4,4,4}"
2021-03-28,CNNSA,Nansha,TWKHH,Kaohsiung,1,1,"Swire Shipping",1,3,5500,568,2750,2750,1,1,1,{1}
2021-03-28,CNNSA,Nansha,VNSGN,"Ho Chi Minh (VICT/Cat Lai)",3,3,"CNC Line-Cheng Lie Navigation Co. Ltd.; COSCO; Hamburg Sud; Maersk Line; OOCL; SeaLand; TS Lines; Wan Hai",8,9,5113.25,897.25,1510,1809,2,3,4,"{2,3,4}"
2021-03-28,CNQZH,Qinzhou,CNNGB,Ningbo,1,1,"SeaLand; Wan Hai; Yang Ming",3,3,1778.33333333333,314.666666666667,1730,1805,5,5,5,{5}
2021-03-28,CNQZH,Qinzhou,CNXMN,Xiamen,1,1,"CK Line; Hyundai; KMTC; Namsung",4,2,1485.5,252,1162,1809,2,2,2,{2}
2021-03-28,CNQZH,Qinzhou,CNZHA,Zhanjiang,1,1,"Evergreen Line",1,3,1984,,1984,1984,1,1,1,{1}
2021-03-28,CNQZH,Qinzhou,CNZJG,Zhangjiagang,1,1,"Advance Container Lines; PIL",2,2,1808,250,1808,1808,1,1,1,{1}
2021-03-28,CNQZH,Qinzhou,HKHKG,"Hong Kong",2,2,"APL; CMA CGM; CNC Line-Cheng Lie Navigation Co. Ltd.; IAL-Interasia Lines; MSC; Wan Hai",6,7,4439.75,353.75,1368,3501,1,1,1,"{1,1}"
2021-03-28,CNQZH,Qinzhou,JPTYO,Tokyo,1,1,"TS Lines",1,3,1096.66666666667,200,1096,1098,6,6,6,{6}
2021-03-28,CNQZH,Qinzhou,VNHPH,Haiphong,1,1,COSCO,1,2,1440,174,1440,1440,0,0,0,{0}
2021-03-28,CNQZL,Quanzhou,CNSWA,Shantou,1,1,"COSCO; OOCL; Wan Hai",3,2,1608.5,231,1510,1707,2,2,2,{2}
2021-03-28,CNQZL,Quanzhou,CNXMN,Xiamen,1,1,"Ji Zhou",1,2,585,50,585,585,1,1,1,{1}
2021-03-28,CNRZH,Rizhao,CNNGB,Ningbo,1,1,"APL; CMA CGM; CNC Line-Cheng Lie Navigation Co. Ltd.; COSCO; Evergreen Line; OOCL",6,5,2585.2,480,2546,2742,2,2,2,{2}
2021-03-28,CNSHA,Shanghai,AUSYD,Sydney,1,1,"Gold Star Line; ZIM",2,6,3016.5,502.666666666667,2742,4253,12,12,12,{12}
2021-03-28,CNSHA,Shanghai,BDCGP,Chittagong,1,1,"CMA CGM; Hyundai; Sinokor",3,5,1841.2,324.8,1707,2202,9,9,9,{9}
2021-03-28,CNSHA,Shanghai,CAPRR,"Prince Rupert BC",2,2,"ANL; APL; CMA CGM; COSCO; Evergreen Line; OOCL; Yang Ming",7,12,16541.8333333333,1250,4051,10036,10,11,12,"{12,10}"
2021-03-28,CNSHA,Shanghai,CNDCB,"Da Chan Bay",1,1,"Gold Star Line; ZIM",2,2,1108,232,1061,1155,3,3,3,{3}
2021-03-28,CNSHA,Shanghai,CNDLC,Dalian,3,3,"Alianca; ANL; APL; CMA CGM; CNC Line-Cheng Lie Navigation Co. Ltd.; Hamburg Sud; Hapag-Lloyd; Maersk Line; MSC; SeaLand; SITC Shipping",11,24,26074.9010989011,1393.95604395604,2400,20568,2,3,3,"{3,3,2}"
2021-03-28,CNSHA,Shanghai,CNNGB,Ningbo,88,86,"Alianca; ANL; APL; CK Line; CMA CGM; CNC Line-Cheng Lie Navigation Co. Ltd.; COSCO; Dong Young; Easline Shipping; Emirates Shipping; Evergreen Line; Feedertech; FESCO; GFS; Gold Star Line; Hamburg Sud; Hapag-Lloyd; Hyundai; IAL-Interasia Lines; Jin Jiang; KMTC; Maersk Line; MELL; MSC; Namsung; NileDutch; ONE; OOCL; PanOcean; PIL; RCL; SeaLand; Sinokor; Sinotrans; SITC Shipping; SM Line; Swire Shipping; TS Lines; Turkon; Wan Hai; X-Press; Yang Ming; ZIM",43,661,590755.418614719,50452.31998557,650,23964,0,1,3,"{2,1,2,1,1,2,1,1,2,1,0,2,1,2,2,2,1,3,1,2,2,2,1,2,0,1,2,2,1,1,1,1,2,2,1,2,2,1,1,2,2,2,3,1,0,1,1,2,1,2,0,0,1,2,1,1,2,1,1,1,0,0,2,1,1,1,2,1,1,1,2,2,0,1,1,1,1,2,2,2,1,1,2,1,2,1,1,1}"
2021-03-28,CNSHA,Shanghai,CNNSA,Nansha,2,2,"Alianca; Hamburg Sud; Maersk Line; MSC; SeaLand",5,24,28317.5833333333,1457.83333333333,8063,20568,2,3,4,"{4,2}"
2021-03-28,CNSHA,Shanghai,CNSHK,Shekou,12,12,"Alianca; APL; CMA CGM; CNC Line-Cheng Lie Navigation Co. Ltd.; COSCO; Evergreen Line; Feedertech; Gold Star Line; Hamburg Sud; Hapag-Lloyd; Hyundai; IAL-Interasia Lines; KMTC; Maersk Line; MSC; ONE; OOCL; PIL; RCL; SeaLand; Sinotrans; SITC Shipping; TS Lines; Wan Hai; Yang Ming; ZIM",26,71,62681.8106060606,5562.81818181818,915,15226,0,3,5,"{3,3,3,4,3,4,2,2,2,5,0,2}"
2021-03-28,CNSHA,Shanghai,CNTAC,Taicang,4,4,"HASCO; Jin Jiang; SITC Shipping; Taicang Container Lines",4,6,3862,520,720,1102,0,0,6,"{0,0,0,6}"
2021-03-28,CNSHA,Shanghai,CNTAO,Qingdao,7,7,"Alianca; ANL; APL; CMA CGM; CNC Line-Cheng Lie Navigation Co. Ltd.; COSCO; Evergreen Line; Gold Star Line; Hamburg Sud; Hapag-Lloyd; Hyundai; Maersk Line; MSC; ONE; OOCL; SeaLand; SITC Shipping; Wan Hai; ZIM",19,67,45037.8046251994,4173.20733652313,2442,10960,1,2,4,"{4,3,1,2,2,2,2}"
2021-03-28,CNSHA,Shanghai,CNTXG,Xingang/Tianjin,2,2,"Alianca; APL; CMA CGM; COSCO; Evergreen Line; Hamburg Sud; Hapag-Lloyd; Maersk Line; MSC; OOCL; SeaLand",11,24,38494.0839160839,1657.24475524476,18270,20988,3,3.5,4,"{3,4}"
2021-03-28,CNSHA,Shanghai,CNXMN,Xiamen,9,9,"ANL; APL; Asean Seas Line; CMA CGM; CNC Line-Cheng Lie Navigation Co. Ltd.; COSCO; Evergreen Line; Gold Star Line; Hamburg Sud; Hapag-Lloyd; Hyundai; KMTC; Maersk Line; MSC; ONE; OOCL; RCL; SeaLand; SITC Shipping; TS Lines; Wan Hai; Yang Ming; ZIM",23,68,75087.0417915418,6045.20895770896,1221,23756,2,2,3,"{2,2,3,3,2,2,2,2,3}"
2021-03-28,CNSHA,Shanghai,CNYTN,Yantian,8,8,"Alianca; ANL; APL; CMA CGM; CNC Line-Cheng Lie Navigation Co. Ltd.; COSCO; Evergreen Line; Hamburg Sud; Hapag-Lloyd; Hyundai; Maersk Line; Matson; MSC; ONE; OOCL; SeaLand",16,78,98278.6498778999,7868.53052503052,3650,23112,2,3,4,"{3,2,3,2,3,4,3,3}"
2021-03-28,CNSHA,Shanghai,HKHKG,"Hong Kong",11,10,"ANL; APL; Asean Seas Line; CMA CGM; CNC Line-Cheng Lie Navigation Co. Ltd.; COSCO; Evergreen Line; Hamburg Sud; Heung-A; Hyundai; IAL-Interasia Lines; KMTC; MSC; ONE; OOCL; SeaLand; SITC Shipping; TS Lines; Wan Hai; Yang Ming",20,45,35800.6595238095,3297.62619047619,953,17292,2,3,4,"{3,3,2,3,3,2,3,2,3,3,4}"
2021-03-28,CNSHA,Shanghai,IDJKT,"Jakarta, Java",1,1,"CK Line; Evergreen Line; Heung-A; Hyundai; KMTC; Sinokor; SITC Shipping",7,4,2741.5,400,2741,2742,8,8,8,{8}
2021-03-28,CNSHA,Shanghai,JPFKY,Fukuyama,2,2,"Kambara Kisen Co., Ltd.; Mingsheng",2,2,1260,216,556,704,3,3,3,"{3,3}"
2021-03-28,CNSHA,Shanghai,JPHKT,Hakata,2,2,"COSCO; Dongjin Shipping; Namsung; Sinokor; Sinotrans; SITC Shipping",6,3,1822,255,831,953,2,2,2,"{2,2}"
2021-03-28,CNSHA,Shanghai,JPIMI,Imari,1,1,"Kambara Kisen Co., Ltd.",1,3,1020,160,1020,1020,2,2,2,{2}
2021-03-28,CNSHA,Shanghai,JPKIJ,"Niigata (N Coast)",1,1,"Kambara Kisen Co., Ltd.",1,2,1020,160,1020,1020,3,3,3,{3}
2021-03-28,CNSHA,Shanghai,JPMOJ,Moji,1,1,"Centrans; StarOcean; TS Lines",3,1,704,116,704,704,2,2,2,{2}
2021-03-28,CNSHA,Shanghai,JPNGO,Nagoya,5,5,"COSCO; HASCO; Jin Jiang; Sinotrans; SITC Shipping",5,10,5663,577.5,668,1808,2,2,3,"{3,2,3,2,2}"
2021-03-28,CNSHA,Shanghai,JPOSA,Osaka,9,9,"Centrans; COSCO; HASCO; Jin Jiang; Sinotrans; SITC Shipping; StarOcean; TS Lines",8,13,7888.5,1157,668,1108,2,2,4,"{2,4,3,3,2,2,2,2,2}"
2021-03-28,CNSHA,Shanghai,JPSBK,Sakaisenboku,1,1,"SITC Shipping",1,4,1701.75,206.25,1577,1805,2,2,2,{2}
2021-03-28,CNSHA,Shanghai,JPSMN,"Sakaiminato (N Coast)",1,1,"Kambara Kisen Co., Ltd.",1,1,698,120,698,698,3,3,3,{3}
2021-03-28,CNSHA,Shanghai,JPTYO,Tokyo,7,7,"COSCO; HASCO; Jin Jiang; Sinotrans; SITC Shipping",5,11,7524,906,1020,1106,2,3,3,"{3,3,3,3,3,2,3}"
2021-03-28,CNSHA,Shanghai,JPYOK,Yokohama,4,4,"Centrans; COSCO; Sinotrans; SITC Shipping; StarOcean; TS Lines",6,9,3693.66666666667,503,698,1108,3,3,3,"{3,3,3,3}"
2021-03-28,CNSHA,Shanghai,KHKOS,Sihanoukville,1,1,"SeaLand; Wan Hai; Yang Ming",3,3,1778.33333333333,314.666666666667,1730,1805,6,6,6,{6}
2021-03-28,CNSHA,Shanghai,KRINC,Inchon,8,7,"CK Line; COSCO; Dongjin Shipping; Dong Young; Hamburg Sud; Heung-A; KMTC; Namsung; NBOSCO; PanCon; SeaLand; Sinokor; TaiYoung Shipping",13,11,10597,1728,908,1740,2,2,2,"{2,2,2,2,2,2,2,2}"
2021-03-28,CNSHA,Shanghai,KRKAN,Gwangyang,1,1,"Hapag-Lloyd; Hyundai; ONE; Yang Ming",4,6,10081,900,10081,10081,1,1,1,{1}
2021-03-28,CNSHA,Shanghai,KRPUS,Busan,28,28,"Alianca; ANL; APL; CK Line; CMA CGM; CNC Line-Cheng Lie Navigation Co. Ltd.; COSCO; Dong Young; Evergreen Line; Hamburg Sud; Hapag-Lloyd; Heung-A; Hyundai; KMTC; Maersk Line; MSC; Namsung; ONE; OOCL; PanCon; RCL; SeaLand; Sinokor; Sinotrans; SITC Shipping; SM Line; Yang Ming; ZIM",28,205,197986.41969697,18108.8995670996,907,16010,1,1,3,"{2,2,2,1,2,1,1,2,1,2,1,1,1,3,2,1,1,1,1,2,1,2,2,1,1,1,3,1}"
2021-03-28,CNSHA,Shanghai,MXZLO,"Manzanillo, MEX",1,1,"COSCO; Evergreen Line; PIL; Wan Hai; Yang Ming",5,10,6188.6,540,5527,6969,17,17,17,{17}
2021-03-28,CNSHA,Shanghai,MYTPP,"Tanjung Pelepas",2,2,"Hamburg Sud; Maersk Line; SeaLand",3,10,5548.4,658.4,2586,2806,5,5.5,6,"{6,5}"
2021-03-28,CNSHA,Shanghai,PABLB,Balboa,1,1,"Alianca; Hamburg Sud; Maersk Line; SeaLand",4,19,9434.78947368421,886.631578947368,8379,9962,22,22,22,{22}
2021-03-28,CNSHA,Shanghai,PAONX,Colon,1,1,"ANL; APL; CMA CGM; COSCO; Evergreen Line; OOCL",6,11,13266.5454545455,854.545454545455,13092,13500,20,20,20,{20}
2021-03-28,CNSHA,Shanghai,RUVVO,Vladivostok,1,1,"CMA CGM; CNC Line-Cheng Lie Navigation Co. Ltd.; FESCO",3,3,2977,466.666666666667,2732,3108,5,5,5,{5}
2021-03-28,CNSHA,Shanghai,SGSIN,Singapore,1,1,"Heung-A; KMTC; Sinotrans",3,4,2676,468,2278,2824,6,6,6,{6}
2021-03-28,CNSHA,Shanghai,THLCH,"Laem Chabang",5,5,"ANL; APL; CMA CGM; CNC Line-Cheng Lie Navigation Co. Ltd.; Heung-A; Hyundai; IAL-Interasia Lines; KMTC; RCL; SeaLand; TS Lines; Wan Hai",12,20,8185,1234.25,1228,1952,6,7,8,"{6,7,8,6,7}"
2021-03-28,CNSHA,Shanghai,TWKHH,Kaohsiung,4,4,"ANL; APL; CMA CGM; CNC Line-Cheng Lie Navigation Co. Ltd.; COSCO; Evergreen Line; Hyundai; OOCL; Yang Ming",9,22,25969.4666666667,1828.33333333333,1618,20150,2,2,4,"{2,2,2,4}"
2021-03-28,CNSHA,Shanghai,TWTPE,Taipei,1,1,"Evergreen Line; ONE",2,4,2914,344,2910,2926,2,2,2,{2}
2021-03-28,CNSHA,Shanghai,USLAX,"Los Angeles CA",1,1,"ANL; APL; CMA CGM; CNC Line-Cheng Lie Navigation Co. Ltd.",4,6,5077.83333333333,366.666666666667,4992,5095,11,11,11,{11}
2021-03-28,CNSHA,Shanghai,USLGB,"Long Beach CA",3,3,"Maersk Line; Matson; MSC; SM Line",4,16,20980.9333333333,1748.26666666667,2824,14952,10,10,12,"{10,12,10}"
2021-03-28,CNSHA,Shanghai,USOAK,"Oakland CA",1,1,MSC,1,7,12234.2857142857,785.714285714286,8463,14952,15,15,15,{15}
2021-03-28,CNSHA,Shanghai,VNHPH,Haiphong,2,2,"CK Line; KMTC; SITC Shipping",3,5,2835,244,1000,1805,1,2.5,4,"{4,1}"
2021-03-28,CNSHA,Shanghai,VNSGN,"Ho Chi Minh (VICT/Cat Lai)",4,4,"APL; CMA CGM; CNC Line-Cheng Lie Navigation Co. Ltd.; COSCO; Evergreen Line; Hamburg Sud; KMTC; Namsung; OOCL; PanOcean; SeaLand; Sinokor; SM Line; TS Lines",14,17,8581.36666666667,1270.06666666667,1679,2806,4,5,5,"{5,5,4,5}"
2021-03-28,CNSHD,Shidao,JPOSA,Osaka,1,1,"COSCO; Sinotrans; SITC Shipping",3,4,1058.75,75,1011,1100,2,2,2,{2}
2021-03-28,CNSHK,Shekou,CNDLC,Dalian,2,2,"ANL; APL; CMA CGM; CNC Line-Cheng Lie Navigation Co. Ltd.; Feedertech; Hyundai; Sinokor; Wan Hai; Yang Ming",9,12,6183.33333333333,711.833333333333,1730,4730,3,3.5,4,"{3,4}"
2021-03-28,CNSHK,Shekou,CNNGB,Ningbo,2,2,"ANL; APL; CMA CGM; CNC Line-Cheng Lie Navigation Co. Ltd.; COSCO; Evergreen Line; OOCL; TS Lines",8,15,10141.25,1046.5,1740,9289,3,4,5,"{5,3}"
2021-03-28,CNSHK,Shekou,CNNSA,Nansha,7,7,"ANL; APL; CMA CGM; CNC Line-Cheng Lie Navigation Co. Ltd.; COSCO; Evergreen Line; Gold Star Line; Hamburg Sud; Maersk Line; ONE; OOCL; PIL; SeaLand; Wan Hai; Yang Ming; ZIM",16,53,29322.8221778222,3038.09815184815,1510,10050,0,1,1,"{1,1,1,0,1,1,1}"
2021-03-28,CNSHK,Shekou,CNSHA,Shanghai,1,1,"APL; CMA CGM; CNC Line-Cheng Lie Navigation Co. Ltd.; COSCO; Evergreen Line; OOCL",6,10,6798.7,624.7,5551,9289,4,4,4,{4}
2021-03-28,CNSHK,Shekou,CNSWA,Shantou,1,1,"PanOcean; Sinokor",2,2,1086,161,1054,1118,0,0,0,{0}
2021-03-28,CNSHK,Shekou,CNTAO,Qingdao,1,1,"APL; CMA CGM; CNC Line-Cheng Lie Navigation Co. Ltd.; COSCO; Hyundai; KMTC; TS Lines; Yang Ming",8,4,4279.75,432.5,4250,4363,3,3,3,{3}
2021-03-28,CNSHK,Shekou,CNXMN,Xiamen,10,10,"APL; CMA CGM; CNC Line-Cheng Lie Navigation Co. Ltd.; Dong Young; Evergreen Line; Heung-A; IAL-Interasia Lines; KMTC; Namsung; ONE; OOCL; Sinokor; SITC Shipping; TS Lines; Wan Hai; Yang Ming; ZIM",17,28,15990,1632.75,953,2940,1,1,2,"{1,1,1,2,1,1,1,1,1,2}"
2021-03-28,CNSHK,Shekou,CNYTN,Yantian,3,3,"Alianca; ANL; APL; CMA CGM; CNC Line-Cheng Lie Navigation Co. Ltd.; COSCO; Evergreen Line; FESCO; Hamburg Sud; Hapag-Lloyd; Maersk Line; MSC; ONE; OOCL",14,23,19086.1428571429,2274.83333333333,2732,11923,0,1,2,"{0,2,1}"
2021-03-28,CNSHK,Shekou,HKHKG,"Hong Kong",13,13,"Alianca; ANL; APL; CMA CGM; CNC Line-Cheng Lie Navigation Co. Ltd.; COSCO; Evergreen Line; Hamburg Sud; Hapag-Lloyd; Hyundai; IAL-Interasia Lines; Maersk Line; MSC; ONE; OOCL; PIL; SeaLand; TS Lines; Wan Hai; Yang Ming",20,90,75994.3204260652,7142.66967418546,1613,14272,0,1,2,"{0,1,1,1,2,1,1,1,1,1,1,1,1}"
2021-03-28,CNSHK,Shekou,IDJKT,"Jakarta, Java",3,3,"COSCO; Evergreen Line; Gold Star Line; Hyundai; SeaLand; Wan Hai; Yang Ming; ZIM",8,14,9013.77380952381,892.166666666667,1368,4728,4,5,6,"{4,5,6}"
2021-03-28,CNSHK,Shekou,IDSUB,"Surabaya, Java",1,1,"Evergreen Line",1,4,1985,200,1740,2200,1,1,1,{1}
2021-03-28,CNSHK,Shekou,JPKWS,Kawasaki,1,1,"ONE; OOCL; Wan Hai",3,4,4984.5,330,4882,5087,2,2,2,{2}
2021-03-28,CNSHK,Shekou,JPNGO,Nagoya,1,1,"KMTC; SITC Shipping",2,4,1756.5,223,1708,1805,3,3,3,{3}
2021-03-28,CNSHK,Shekou,JPOSA,Osaka,2,2,"Alianca; APL; CMA CGM; CNC Line-Cheng Lie Navigation Co. Ltd.; Evergreen Line; Hamburg Sud; ONE; SeaLand; TS Lines; Wan Hai",10,8,3610.25,393.5,1708,1984,3,3.5,4,"{3,4}"
2021-03-28,CNSHK,Shekou,JPTYO,Tokyo,3,3,"Evergreen Line; IAL-Interasia Lines; TS Lines; Wan Hai",4,9,4893,543,1024,2200,4,4,4,"{4,4,4}"
2021-03-28,CNSHK,Shekou,KHKOS,Sihanoukville,3,3,"CMA CGM; CNC Line-Cheng Lie Navigation Co. Ltd.; COSCO; Gold Star Line; RCL; TS Lines; Wan Hai",7,8,4337.16666666667,464.666666666667,907,1946,3,4,4,"{3,4,4}"
2021-03-28,CNSHK,Shekou,KRINC,Inchon,6,6,"APL; CMA CGM; CNC Line-Cheng Lie Navigation Co. Ltd.; Dongjin Shipping; Heung-A; Hyundai; KMTC; ONE; OOCL; RCL; Sinokor; SITC Shipping; TS Lines; X-Press; Yang Ming",15,18,12346.0833333333,1467,1050,2940,3,3.5,5,"{3,4,4,3,5,3}"
2021-03-28,CNSHK,Shekou,KRPUS,Busan,1,1,"Maersk Line; MSC; SeaLand; ZIM",4,11,18905.4545454545,1649.09090909091,15908,19224,4,4,4,{4}
2021-03-28,CNSHK,Shekou,MYPGU,"Pasir Gudang, Johor",2,2,"Evergreen Line; ONE",2,8,5631.5,740.5,2602,2926,3,3.5,4,"{3,4}"
2021-03-28,CNSHK,Shekou,MYPKG,"Port Klang",7,7,"APL; CMA CGM; CNC Line-Cheng Lie Navigation Co. Ltd.; COSCO; Evergreen Line; Hapag-Lloyd; Hyundai; IAL-Interasia Lines; KMTC; ONE; OOCL; TS Lines; Wan Hai; Yang Ming; ZIM",15,38,30081.9761904762,3014.32142857143,1708,8508,3,5,5,"{5,3,5,5,4,5,3}"
2021-03-28,CNSHK,Shekou,PGLAE,Lae,1,1,"MELL; PDL-Pacific Direct Line; PIL",3,3,2160,400,1080,1080,10,10,10,{10}
2021-03-28,CNSHK,Shekou,PHBTG,Batangas,1,1,"ANL; APL; CMA CGM; CNC Line-Cheng Lie Navigation Co. Ltd.; Hyundai",5,6,1820,307,1730,1952,2,2,2,{2}
2021-03-28,CNSHK,Shekou,PHMNS,"Manila South Harbor",1,1,"Wan Hai",1,2,1368,80,1368,1368,2,2,2,{2}
2021-03-28,CNSHK,Shekou,SGSIN,Singapore,31,31,"Alianca; APL; CMA CGM; CNC Line-Cheng Lie Navigation Co. Ltd.; COSCO; Emirates Shipping; Evergreen Line; Feedertech; Gold Star Line; Hamburg Sud; Hapag-Lloyd; Hyundai; IAL-Interasia Lines; KMTC; Maersk Line; MSC; ONE; OOCL; PIL; RCL; SeaLand; Sinokor; TS Lines; Turkon; Wan Hai; X-Press; Yang Ming; ZIM",28,255,245834.227128427,18963.6094516595,2702,19224,3,4,6,"{4,5,4,4,4,5,4,4,4,4,3,4,4,5,6,4,5,4,4,5,4,5,5,4,4,4,4,3,4,4,3}"
2021-03-28,CNSHK,Shekou,THBKK,"Bangkok (Old Port)",2,2,"APL; CMA CGM; CNC Line-Cheng Lie Navigation Co. Ltd.; IAL-Interasia Lines; ONE; RCL; Wan Hai",7,6,3314,440.75,1498,1800,4,4.5,5,"{4,5}"
2021-03-28,CNSHK,Shekou,THLCH,"Laem Chabang",3,3,"Alianca; APL; CMA CGM; CNC Line-Cheng Lie Navigation Co. Ltd.; COSCO; Evergreen Line; Hamburg Sud; OOCL; SeaLand; TS Lines; Wan Hai; Yang Ming",12,10,8247.25,943,1096,5344,4,4,5,"{4,4,5}"
2021-03-28,CNSHK,Shekou,TWKHH,Kaohsiung,7,7,"ANL; APL; CMA CGM; CNC Line-Cheng Lie Navigation Co. Ltd.; COSCO; Evergreen Line; Gold Star Line; Hapag-Lloyd; Hyundai; IAL-Interasia Lines; KMTC; ONE; OOCL; PIL; Sinokor; Sinotrans; TS Lines; Wan Hai; Yang Ming; ZIM",20,36,27083.9285714286,2857.04761904762,1618,6763,1,1,9,"{1,1,2,1,1,2,9}"
2021-03-28,CNSHK,Shekou,TWTXG,Taichung,1,1,"IAL-Interasia Lines; Wan Hai",2,4,2621,392,2546,2646,1,1,1,{1}
2021-03-28,CNSHK,Shekou,VNDAD,"Da Nang",1,1,"COSCO; Evergreen Line; IAL-Interasia Lines; Wan Hai",4,3,2151.66666666667,350,1702,2553,2,2,2,{2}
2021-03-28,CNSHK,Shekou,VNHPH,Haiphong,7,7,"APL; Asean Seas Line; CMA CGM; CNC Line-Cheng Lie Navigation Co. Ltd.; Evergreen Line; Hyundai; MSC; ONE; OOCL; SITC Shipping; TS Lines; Wan Hai",12,25,15387.5357142857,1503.75,915,6540,1,1,3,"{2,1,2,1,1,3,1}"
2021-03-28,CNSHK,Shekou,VNSGN,"Ho Chi Minh (VICT/Cat Lai)",5,5,"APL; CMA CGM; CNC Line-Cheng Lie Navigation Co. Ltd.; Evergreen Line; KMTC; OOCL; RCL; SITC Shipping; TS Lines; Yang Ming",10,16,12501.9166666667,1574,1984,2940,3,3,4,"{3,4,3,3,3}"
2021-03-28,CNSHK,Shekou,VNUIH,"Qui Nhon",1,1,MSC,1,1,1162,294,1162,1162,2,2,2,{2}
2021-03-28,CNSHP,Qinhuangdao,CNTXG,Xingang/Tianjin,1,1,"SITC Shipping",1,2,1032,170,1024,1040,2,2,2,{2}
2021-03-28,CNSWA,Shantou,CNFQG,Fuqing,1,1,"CK Line; KMTC",2,2,1030,,1000,1060,1,1,1,{1}
2021-03-28,CNSWA,Shantou,CNSHK,Shekou,2,2,"COSCO; MSC; OOCL; Wan Hai",4,6,4680.25,504.75,1510,3501,1,2,3,"{3,1}"
2021-03-28,CNSWA,Shantou,HKHKG,"Hong Kong",4,4,"ANL; APL; CMA CGM; CNC Line-Cheng Lie Navigation Co. Ltd.; Evergreen Line; Hamburg Sud; Maersk Line; ONE; SeaLand; Wan Hai",10,21,10954.2857142857,1450.65476190476,1708,4431,1,1,2,"{1,2,1,1}"
2021-03-28,CNSWA,Shantou,KRINC,Inchon,1,1,"PanOcean; Sinokor",2,2,1086,161,1054,1118,4,4,4,{4}
2021-03-28,CNTAC,Taicang,CNNJI,Nanjing,1,1,"Taicang Container Lines",1,3,1062.33333333333,168.333333333333,1042,1102,1,1,1,{1}
2021-03-28,CNTAC,Taicang,CNSHA,Shanghai,6,4,"HASCO; Jin Jiang; SITC Shipping; Taicang Container Lines",4,12,6203.66666666667,980,1011,1102,1,1,1,"{1,1,1,1,1,1}"
2021-03-28,CNTAC,Taicang,JPHKT,Hakata,2,2,"HASCO; Jin Jiang; Taicang Container Lines",3,2,1822,200,720,1102,2,2,2,"{2,2}"
2021-03-28,CNTAC,Taicang,JPNGO,Nagoya,1,1,"Taicang Container Lines",1,3,1062.33333333333,168.333333333333,1042,1102,2,2,2,{2}
2021-03-28,CNTAC,Taicang,JPOSA,Osaka,1,1,"Taicang Container Lines",1,1,907,120,907,907,2,2,2,{2}
2021-03-28,CNTAC,Taicang,JPTYO,Tokyo,1,1,"Taicang Container Lines",1,3,1062.33333333333,168.333333333333,1042,1102,4,4,4,{4}
2021-03-28,CNTAO,Qingdao,CNDLC,Dalian,3,3,"Heung-A; IAL-Interasia Lines; KMTC; MSC; Wan Hai; Yang Ming",6,8,5519.5,583.666666666667,1048,2825,1,1,1,"{1,1,1}"
2021-03-28,CNTAO,Qingdao,CNFOC,Fuzhou,1,1,MSC,1,4,3071.75,273.75,2578,3501,3,3,3,{3}
2021-03-28,CNTAO,Qingdao,CNLYG,Lianyungang,4,4,"APL; CMA CGM; CNC Line-Cheng Lie Navigation Co. Ltd.; COSCO; Hamburg Sud; Maersk Line; SeaLand; SITC Shipping; TS Lines",9,13,11535,1355.33333333333,1378,5908,1,1,1,"{1,1,1,1}"
2021-03-28,CNTAO,Qingdao,CNNGB,Ningbo,15,15,"Alianca; ANL; APL; CMA CGM; CNC Line-Cheng Lie Navigation Co. Ltd.; COSCO; Evergreen Line; Hamburg Sud; Hapag-Lloyd; Hyundai; Maersk Line; MSC; ONE; OOCL; PIL; SeaLand; X-Press; Yang Ming; ZIM",19,106,113560.288600289,9443.78874458874,2442,17859,1,2,4,"{2,1,2,2,2,1,2,4,3,1,3,3,2,2,1}"
2021-03-28,CNTAO,Qingdao,CNNSA,Nansha,1,1,"ANL; APL; CMA CGM; CNC Line-Cheng Lie Navigation Co. Ltd.",4,7,4276.28571428571,540.571428571429,4250,4431,4,4,4,{4}
2021-03-28,CNTAO,Qingdao,CNRZH,Rizhao,1,1,"APL; CMA CGM; CNC Line-Cheng Lie Navigation Co. Ltd.; COSCO; Evergreen Line; OOCL",6,5,2585.2,480,2546,2742,0,0,0,{0}
2021-03-28,CNTAO,Qingdao,CNSHA,Shanghai,41,41,"Alianca; ANL; APL; Asean Seas Line; CMA CGM; CNC Line-Cheng Lie Navigation Co. Ltd.; COSCO; Emirates Shipping; Evergreen Line; Feedertech; FESCO; Gold Star Line; Hamburg Sud; Hapag-Lloyd; Heung-A; Hyundai; IAL-Interasia Lines; Kambara Kisen Co., Ltd.; KMTC; Maersk Line; MELL; MSC; NileDutch; ONE; OOCL; PIL; RCL; SeaLand; SITC Shipping; SM Line; TS Lines; Wan Hai; Yang Ming; ZIM",34,259,255996.346753247,20839.7906926407,1020,20988,1,2,4,"{2,3,2,2,1,1,2,2,1,2,2,3,2,2,2,4,2,3,3,2,2,1,2,1,3,1,2,2,2,2,4,1,1,2,1,3,2,1,2,1,3}"
2021-03-28,CNTAO,Qingdao,CNXMN,Xiamen,2,2,"ANL; APL; CMA CGM; CNC Line-Cheng Lie Navigation Co. Ltd.; SITC Shipping",5,11,6888.28571428571,760.571428571429,2524,4431,1,2,3,"{3,1}"
2021-03-28,CNTAO,Qingdao,HKHKG,"Hong Kong",2,2,"APL; CMA CGM; CNC Line-Cheng Lie Navigation Co. Ltd.; COSCO; Evergreen Line; KMTC; OOCL; RCL; Wan Hai; Yang Ming",10,7,7725.08333333333,864,2378,5344,3,3,3,"{3,3}"
2021-03-28,CNTAO,Qingdao,JPFKY,Fukuyama,1,1,"Kambara Kisen Co., Ltd.",1,3,1020,160,1020,1020,3,3,3,{3}
2021-03-28,CNTAO,Qingdao,JPIMI,Imari,1,1,Mingsheng,1,2,651.5,108,650,653,1,1,1,{1}
2021-03-28,CNTAO,Qingdao,JPNGO,Nagoya,1,1,"Centrans; Jin Jiang; StarOcean",3,1,698,120,698,698,3,3,3,{3}
2021-03-28,CNTAO,Qingdao,JPOSA,Osaka,4,4,"CNC Line-Cheng Lie Navigation Co. Ltd.; COSCO; Evergreen Line; Hamburg Sud; Jin Jiang; SeaLand; Sinotrans; SITC Shipping",8,9,4901,719.4,915,2200,2,2,3,"{2,2,2,3}"
2021-03-28,CNTAO,Qingdao,JPTYO,Tokyo,3,3,"Asean Seas Line; COSCO; Easline Shipping; Jin Jiang; Sinotrans",5,6,4322,603,834,2546,3,3,4,"{4,3,3}"
2021-03-28,CNTAO,Qingdao,KRINC,Inchon,3,2,"CK Line; COSCO; PanOcean; PIL; SITC Shipping; TaiYoung Shipping",6,11,5627.33333333333,334.444444444444,932,3889,1,1,1,"{1,1,1}"
2021-03-28,CNTAO,Qingdao,KRKAN,Gwangyang,2,2,"Alianca; COSCO; Emirates Shipping; Hamburg Sud; Hapag-Lloyd; KMTC; Maersk Line; MSC; SeaLand; TS Lines",10,20,24546.1098901099,1368.15384615385,5466,20568,2,2,2,"{2,2}"
2021-03-28,CNTAO,Qingdao,KRKUV,Kunsan,2,2,"Dongjin Shipping; Evergreen Line; PanOcean",3,3,5235,656,1024,4211,0,0.5,1,"{0,1}"
2021-03-28,CNTAO,Qingdao,KRPTK,Pyongtaek,1,1,"Sinokor; SITC Shipping; TaiYoung Shipping",3,2,1071,200,1024,1118,5,5,5,{5}
2021-03-28,CNTAO,Qingdao,KRPUS,Busan,19,19,"Alianca; ANL; APL; CK Line; CMA CGM; CNC Line-Cheng Lie Navigation Co. Ltd.; COSCO; Dong Young; Easline Shipping; Emirates Shipping; Evergreen Line; GFS; Gold Star Line; Hamburg Sud; Hapag-Lloyd; Heung-A; Hyundai; IAL-Interasia Lines; KMTC; Maersk Line; MSC; Namsung; ONE; OOCL; PanCon; PanOcean; RCL; SeaLand; Sinokor; SM Line; TaiYoung Shipping; TS Lines; Wan Hai; Yang Ming; ZIM",35,145,139672.774280544,11415.2284820443,728,23964,1,2,3,"{2,2,1,2,3,3,3,2,2,2,2,2,1,2,2,1,1,1,2}"
2021-03-28,CNTAO,Qingdao,TWKHH,Kaohsiung,1,1,"Evergreen Line; Feedertech; Hapag-Lloyd; Hyundai; ONE; PIL; TS Lines",7,7,5357.14285714286,767.428571428571,4957,5652,4,4,4,{4}
2021-03-28,CNTXG,Xingang/Tianjin,CNDLC,Dalian,12,12,"Alianca; APL; CMA CGM; CNC Line-Cheng Lie Navigation Co. Ltd.; COSCO; Evergreen Line; Hamburg Sud; Kambara Kisen Co., Ltd.; Maersk Line; Mingsheng; MSC; OOCL; SeaLand; Sinotrans; SITC Shipping; StarOcean; TS Lines; ZIM",18,49,55040.446969697,4683.09090909091,650,20988,1,1,2,"{1,2,1,1,1,1,1,1,2,2,1,1}"
2021-03-28,CNTXG,Xingang/Tianjin,CNNGB,Ningbo,1,1,"IAL-Interasia Lines; Wan Hai; Yang Ming",3,3,1768,280.666666666667,1756,1774,2,2,2,{2}
2021-03-28,CNTXG,Xingang/Tianjin,CNTAO,Qingdao,16,16,"Alianca; ANL; APL; Asean Seas Line; CMA CGM; CNC Line-Cheng Lie Navigation Co. Ltd.; COSCO; Easline Shipping; Evergreen Line; Feedertech; Gold Star Line; Hamburg Sud; Hapag-Lloyd; Hyundai; KMTC; Maersk Line; MSC; ONE; OOCL; PIL; RCL; SeaLand; SITC Shipping; TS Lines; Wan Hai; X-Press; Yang Ming; ZIM",28,98,83855.0043345543,6508.84829059829,834,20568,1,2,3,"{2,3,1,2,3,2,2,3,2,2,2,2,1,1,3,3}"
2021-03-28,CNTXG,Xingang/Tianjin,CNWEI,Weihai,1,1,"Sinokor; SITC Shipping; TaiYoung Shipping",3,2,1071,200,1024,1118,2,2,2,{2}
2021-03-28,CNTXG,Xingang/Tianjin,CNYNT,Yantai,2,2,"COSCO; Sinotrans; SITC Shipping",3,5,2948.66666666667,265,1011,1946,1,1,1,"{1,1}"
2021-03-28,CNTXG,Xingang/Tianjin,KRINC,Inchon,2,2,"Dongjin Shipping; MSC; Namsung",3,4,3392,273,716,2825,1,2,3,"{1,3}"
2021-03-28,CNTXG,Xingang/Tianjin,KRPUS,Busan,10,10,"Alianca; APL; CMA CGM; CNC Line-Cheng Lie Navigation Co. Ltd.; COSCO; Dongjin Shipping; Dong Young; Easline Shipping; Evergreen Line; Gold Star Line; Hamburg Sud; Hapag-Lloyd; Heung-A; Hyundai; KMTC; Maersk Line; MSC; Namsung; ONE; OOCL; PanOcean; RCL; SeaLand; Sinokor; Sinotrans; TaiYoung Shipping; Yang Ming; ZIM",28,53,79212.3296703297,5990.12271062271,1675,23112,1,2,3,"{2,2,2,2,3,1,2,2,1,2}"
2021-03-28,CNWEI,Weihai,CNDLC,Dalian,3,3,"COSCO; StarOcean",2,3,7313.42857142857,1257.14285714286,602,1740,1,2,2,"{2,1,2}"
2021-03-28,CNWEI,Weihai,CNYNT,Yantai,1,1,"COSCO; Sinotrans; SITC Shipping",3,1,542,200,542,542,1,1,1,{1}
2021-03-28,CNWEI,Weihai,KRPTK,Pyongtaek,1,1,"Sinokor; SITC Shipping; TaiYoung Shipping",3,2,1071,200,1024,1118,1,1,1,{1}
2021-03-28,CNWZO,"Wenzhou CN",VNSGN,"Ho Chi Minh (VICT/Cat Lai)",1,1,"KMTC; SITC Shipping",2,4,1756.5,223,1708,1805,3,3,3,{3}
2021-03-28,CNXMN,Xiamen,CNDCB,"Da Chan Bay",1,1,"Emirates Shipping; GFS; Gold Star Line; KMTC; RCL; SM Line; ZIM",7,7,6983.28571428571,670.285714285714,6589,8110,1,1,1,{1}
2021-03-28,CNXMN,Xiamen,CNJIA,Jiangyin,1,1,"Ji Zhou",1,2,585,50,585,585,1,1,1,{1}
2021-03-28,CNXMN,Xiamen,CNNGB,Ningbo,4,4,"Alianca; ANL; APL; CMA CGM; CNC Line-Cheng Lie Navigation Co. Ltd.; COSCO; FESCO; Gold Star Line; Hamburg Sud; Maersk Line; MSC; OOCL; SeaLand; ZIM",14,26,27134.9848484848,2745.66666666667,2732,13630,1,2.5,3,"{3,3,1,2}"
2021-03-28,CNXMN,Xiamen,CNNSA,Nansha,4,4,"APL; CMA CGM; CNC Line-Cheng Lie Navigation Co. Ltd.; COSCO; Evergreen Line; Gold Star Line; Hamburg Sud; KMTC; Maersk Line; MSC; OOCL; RCL; SeaLand; SITC Shipping; TS Lines; Yang Ming",16,31,40773.7653846154,3283.07692307692,2400,23756,1,2,2,"{2,2,1,2}"
2021-03-28,CNXMN,Xiamen,CNSHA,Shanghai,5,5,"ANL; APL; CMA CGM; CNC Line-Cheng Lie Navigation Co. Ltd.; COSCO; Evergreen Line; Maersk Line; OOCL; PIL; SeaLand; SITC Shipping; Wan Hai",12,45,35712.6322843823,2662.98892773893,1577,13500,2,2,3,"{2,2,2,2,3}"
2021-03-28,CNXMN,Xiamen,CNSHK,Shekou,8,8,"ANL; APL; CMA CGM; CNC Line-Cheng Lie Navigation Co. Ltd.; COSCO; Evergreen Line; Gold Star Line; Hapag-Lloyd; Hyundai; MSC; ONE; OOCL; PIL; Turkon; Yang Ming; ZIM",16,61,54648.1786796537,4781.38917748918,1740,14272,1,2,2,"{1,2,2,1,2,1,2,2}"
2021-03-28,CNXMN,Xiamen,CNSWA,Shantou,1,1,"ANL; APL; CMA CGM; CNC Line-Cheng Lie Navigation Co. Ltd.",4,7,4276.28571428571,540.571428571429,4250,4431,2,2,2,{2}
2021-03-28,CNXMN,Xiamen,CNTAO,Qingdao,2,2,"APL; CMA CGM; CNC Line-Cheng Lie Navigation Co. Ltd.; COSCO; Evergreen Line; Hamburg Sud; OOCL; SeaLand",8,16,13672.5454545455,1105.67272727273,1730,14812,2,2,2,"{2,2}"
2021-03-28,CNXMN,Xiamen,CNYTN,Yantian,7,7,"Alianca; ANL; APL; CMA CGM; CNC Line-Cheng Lie Navigation Co. Ltd.; COSCO; Evergreen Line; Hamburg Sud; Hapag-Lloyd; Hyundai; Maersk Line; MSC; ONE; OOCL; SeaLand; TS Lines; Yang Ming; ZIM",18,59,58606.4634199134,4705.54220779221,3534,21413,1,2,2,"{1,2,2,2,2,2,1}"
2021-03-28,CNXMN,Xiamen,HKHKG,"Hong Kong",6,6,"ANL; APL; Asean Seas Line; CMA CGM; CNC Line-Cheng Lie Navigation Co. Ltd.; COSCO; Evergreen Line; Gold Star Line; Hapag-Lloyd; Hyundai; ONE; OOCL; PIL; RCL; SeaLand; Sinotrans; SITC Shipping; Wan Hai; ZIM",19,31,28487.630952381,2585.12698412698,1011,12118,1,1,2,"{1,1,1,2,1,2}"
2021-03-28,CNXMN,Xiamen,JPMOJ,Moji,1,1,"APL; CMA CGM; CNC Line-Cheng Lie Navigation Co. Ltd.; IAL-Interasia Lines; Wan Hai",5,3,1368,80,1368,1368,3,3,3,{3}
2021-03-28,CNXMN,Xiamen,JPNGO,Nagoya,1,1,"APL; CMA CGM; CNC Line-Cheng Lie Navigation Co. Ltd.; Evergreen Line; ONE; TS Lines; Yang Ming; ZIM",8,4,2940,272.25,2940,2940,3,3,3,{3}
2021-03-28,CNXMN,Xiamen,JPOSA,Osaka,1,1,"Evergreen Line; Wan Hai",2,3,1691.33333333333,216.666666666667,1618,1728,3,3,3,{3}
2021-03-28,CNXMN,Xiamen,JPTYO,Tokyo,5,5,"APL; CMA CGM; CNC Line-Cheng Lie Navigation Co. Ltd.; COSCO; Evergreen Line; IAL-Interasia Lines; MSC; ONE; OOCL; SITC Shipping; Wan Hai; Yang Ming",12,17,9868.83333333333,1090,953,3424,3,4,6,"{4,6,4,3,3}"
2021-03-28,CNXMN,Xiamen,KRINC,Inchon,6,6,"CK Line; COSCO; Dong Young; Evergreen Line; Heung-A; Hyundai; KMTC; Namsung; OOCL; SM Line; TS Lines; Wan Hai; Yang Ming",13,18,11760.25,1448.25,1000,5344,3,3,6,"{3,3,3,3,6,3}"
2021-03-28,CNXMN,Xiamen,KRPUS,Busan,2,2,"Heung-A; Sinokor",2,4,1988.5,102,1043,1129,2,2.5,3,"{2,3}"
2021-03-28,CNXMN,Xiamen,MYTPP,"Tanjung Pelepas",1,1,"Hapag-Lloyd; Maersk Line; MSC; SeaLand",4,11,14941.2727272727,963.636363636364,13092,23656,4,4,4,{4}
2021-03-28,CNXMN,Xiamen,PHSFS,"Subic Bay",1,1,"SITC Shipping",1,4,2612,220,2524,2700,2,2,2,{2}
2021-03-28,CNXMN,Xiamen,SGSIN,Singapore,1,1,MSC,1,3,4533.33333333333,659.666666666667,4178,5059,4,4,4,{4}
2021-03-28,CNXMN,Xiamen,THLCH,"Laem Chabang",2,2,"Gold Star Line; Jin Jiang; KMTC; ONE; TS Lines; Yang Ming; ZIM",7,6,3535.33333333333,479.333333333333,1668,1809,5,5.5,6,"{5,6}"
2021-03-28,CNXMN,Xiamen,TWKEL,Keelung,2,2,"CNC Line-Cheng Lie Navigation Co. Ltd.; TS Lines; Yang Ming",3,4,2777,366,1022,1800,1,1,1,"{1,1}"
2021-03-28,CNXMN,Xiamen,TWKHH,Kaohsiung,4,4,"ANL; APL; CMA CGM; COSCO; Evergreen Line; Hapag-Lloyd; Hyundai; ONE; OOCL; Yang Ming",10,40,46430.2324009324,3232.09370629371,6350,23964,1,1,2,"{1,2,1,1}"
2021-03-28,CNXMN,Xiamen,TWTXG,Taichung,2,2,"Hamburg Sud; Maersk Line; SeaLand",3,6,2829,492.333333333333,1022,1740,0,0.5,1,"{1,0}"
2021-03-28,CNXMN,Xiamen,USLAX,"Los Angeles CA",2,2,"ANL; APL; CMA CGM; COSCO; Evergreen Line; Hamburg Sud; Maersk Line; MSC; OOCL",9,15,26334.3333333333,1911.33333333333,9452,16020,14,21,28,"{28,14}"
2021-03-28,CNXMN,Xiamen,USLGB,"Long Beach CA",1,1,"Wan Hai",1,7,6009.28571428571,420,5527,6540,14,14,14,{14}
2021-03-28,CNXMN,Xiamen,VNSGN,"Ho Chi Minh (VICT/Cat Lai)",4,4,"Gold Star Line; IAL-Interasia Lines; OOCL; SeaLand; Sinotrans; SITC Shipping; Wan Hai; Yang Ming; ZIM",9,18,8957.41666666667,1233.58333333333,1708,2940,3,3,4,"{3,4,3,3}"
2021-03-28,CNXMN,Xiamen,VNVUT,"Cai Mep (near Ho Chi Minh)",1,1,"Hamburg Sud; Maersk Line; MSC",3,9,13577.3333333333,971.333333333333,11078,15908,3,3,3,{3}
2021-03-28,CNXNA,"Xinsha (Guangzhou)",HKHKG,"Hong Kong",1,1,"Heung-A; Sinokor",2,2,894,,1043,1043,1,1,1,{1}
2021-03-28,CNYNT,Yantai,CNDLC,Dalian,1,1,COSCO,1,1,1702,200,1702,1702,1,1,1,{1}
2021-03-28,CNYNT,Yantai,CNTAO,Qingdao,2,2,"COSCO; Namsung; OOCL; PanCon; PanOcean; Sinokor",6,5,5211.5,468,1009,4253,0,1,2,"{2,0}"
2021-03-28,CNYNT,Yantai,CNTXG,Xingang/Tianjin,1,1,"Easline Shipping; PanOcean; Sinotrans",3,1,1675,100,1675,1675,1,1,1,{1}
2021-03-28,CNYNT,Yantai,JPHKT,Hakata,1,1,"COSCO; Sinotrans; SITC Shipping",3,2,869,135,831,907,2,2,2,{2}
2021-03-28,CNYNT,Yantai,JPOSA,Osaka,1,1,"COSCO; Sinotrans; SITC Shipping",3,1,542,200,542,542,3,3,3,{3}
2021-03-28,CNYNT,Yantai,JPTYO,Tokyo,2,2,"COSCO; Sinotrans; SITC Shipping",3,5,2948.66666666667,265,1011,1946,3,3.5,4,"{4,3}"
2021-03-28,CNYTN,Yantian,AUBNE,Brisbane,1,1,MSC,1,5,4688.6,463.4,4363,5060,10,10,10,{10}
2021-03-28,CNYTN,Yantian,AUSYD,Sydney,1,1,"Evergreen Line; Hapag-Lloyd; Hyundai; ONE",4,6,5611.16666666667,581.333333333333,5023,6250,11,11,11,{11}
2021-03-28,CNYTN,Yantian,CNNGB,Ningbo,3,3,"Alianca; Hamburg Sud; Maersk Line; MSC; SeaLand; ZIM",6,36,31890.0180451128,2549.46015037594,8200,20568,1,2,2,"{1,2,2}"
2021-03-28,CNYTN,Yantian,CNNSA,Nansha,3,3,"APL; CMA CGM; CNC Line-Cheng Lie Navigation Co. Ltd.; COSCO; Evergreen Line; Hamburg Sud; Maersk Line; MSC; OOCL; SeaLand; SM Line; TS Lines; Yang Ming",13,17,18840.6222222222,1841.42222222222,1378,19224,0,1,2,"{0,1,2}"
2021-03-28,CNYTN,Yantian,CNSHA,Shanghai,8,8,"Alianca; Gold Star Line; Hamburg Sud; Hapag-Lloyd; Hyundai; Maersk Line; MSC; ONE; SeaLand; Wan Hai; Yang Ming; ZIM",12,55,60836.9073593074,5665.42510822511,1061,14952,2,3,4,"{3,3,2,3,3,4,2,4}"
2021-03-28,CNYTN,Yantian,CNSHK,Shekou,1,1,"ANL; APL; CMA CGM; CNC Line-Cheng Lie Navigation Co. Ltd.",4,7,4276.28571428571,540.571428571429,4250,4431,1,1,1,{1}
2021-03-28,CNYTN,Yantian,CNTAO,Qingdao,2,2,"Hamburg Sud; Maersk Line; MSC; SeaLand",4,17,25740.3653846154,2064.82692307692,2578,23756,4,4.5,5,"{5,4}"
2021-03-28,CNYTN,Yantian,CNXMN,Xiamen,7,7,"Alianca; ANL; APL; CMA CGM; CNC Line-Cheng Lie Navigation Co. Ltd.; COSCO; Evergreen Line; FESCO; Hamburg Sud; Maersk Line; MSC; OOCL; SeaLand; Wan Hai; ZIM",15,53,69728.6493506494,5428.87878787879,2732,16020,1,1,2,"{2,1,1,2,1,2,1}"
2021-03-28,CNYTN,Yantian,HKHKG,"Hong Kong",14,14,"Alianca; ANL; APL; CMA CGM; CNC Line-Cheng Lie Navigation Co. Ltd.; COSCO; Evergreen Line; Gold Star Line; Hamburg Sud; Hapag-Lloyd; Hyundai; Maersk Line; Matson; MSC; ONE; OOCL; PIL; SeaLand; Yang Ming; ZIM",20,109,92688.3710733711,9885.71109446109,1022,23964,0,1,2,"{1,1,1,1,2,0,1,0,2,2,0,0,0,0}"
2021-03-28,CNYTN,Yantian,KRKAN,Gwangyang,1,1,"APL; CMA CGM; CNC Line-Cheng Lie Navigation Co. Ltd.; COSCO; Evergreen Line; OOCL",6,12,18983.6666666667,916.166666666667,19100,21413,4,4,4,{4}
2021-03-28,CNYTN,Yantian,KRPUS,Busan,1,1,"Maersk Line; MSC; ZIM",3,10,6485.4,543.3,4250,8112,3,3,3,{3}
2021-03-28,CNYTN,Yantian,MYTPP,"Tanjung Pelepas",5,5,"Alianca; APL; CMA CGM; CNC Line-Cheng Lie Navigation Co. Ltd.; COSCO; Evergreen Line; Hamburg Sud; Hapag-Lloyd; Maersk Line; MSC; OOCL; SeaLand",12,59,88396.2871794872,4072.10512820513,12400,20568,3,3,4,"{3,3,3,4,4}"
2021-03-28,CNYTN,Yantian,NLRTM,Rotterdam,1,1,"Hapag-Lloyd; Hyundai; ONE; Yang Ming",4,13,19922.5384615385,1215.38461538462,14026,23964,24,24,24,{24}
2021-03-28,CNYTN,Yantian,PAONX,Colon,1,1,"ANL; APL; CMA CGM; COSCO; Evergreen Line; OOCL",6,10,11583.8,794.8,8508,14424,21,21,21,{21}
2021-03-28,CNYTN,Yantian,SGSIN,Singapore,11,11,"Alianca; APL; CMA CGM; CNC Line-Cheng Lie Navigation Co. Ltd.; COSCO; Evergreen Line; Hamburg Sud; Hapag-Lloyd; Hyundai; Maersk Line; MSC; ONE; OOCL; SeaLand; Yang Ming; ZIM",16,129,170905.735547786,12797.8822843823,5023,23964,3,4,5,"{3,4,4,4,4,4,4,5,3,4,3}"
2021-03-28,CNYTN,Yantian,TWKHH,Kaohsiung,6,6,"ANL; APL; CMA CGM; COSCO; Evergreen Line; Hapag-Lloyd; Hyundai; MSC; ONE; OOCL; PIL; Wan Hai; Yang Ming",13,38,40953.9857142857,3460.91428571429,2470,14500,1,1,2,"{1,1,1,1,2,1}"
2021-03-28,CNYTN,Yantian,USHOU,"Houston TX",1,1,"ANL; APL; CMA CGM; COSCO; Evergreen Line; OOCL",6,8,4262.75,374.75,3534,5050,26,26,26,{26}
2021-03-28,CNYTN,Yantian,USLAX,"Los Angeles CA",4,4,"ANL; APL; CMA CGM; CNC Line-Cheng Lie Navigation Co. Ltd.; COSCO; Evergreen Line; OOCL; ZIM",8,37,31878.4521303258,2900.80701754386,4248,15072,12,12.5,14,"{12,13,14,12}"
2021-03-28,CNYTN,Yantian,USLGB,"Long Beach CA",3,3,"Hapag-Lloyd; Hyundai; Maersk Line; MSC; ONE; SeaLand; SM Line; Wan Hai; Yang Ming",9,32,31105.7333333333,2238.88888888889,2553,19224,14,14,23,"{14,23,14}"
2021-03-28,CNYTN,Yantian,USOAK,"Oakland CA",1,1,"ANL; CMA CGM; CNC Line-Cheng Lie Navigation Co. Ltd.",3,6,4593.66666666667,1252,3650,6350,13,13,13,{13}
2021-03-28,CNYTN,Yantian,USTIW,"Tacoma WA",2,2,"ANL; APL; CMA CGM; COSCO; Evergreen Line; Hapag-Lloyd; Hyundai; ONE; OOCL; Yang Ming",10,14,15638.6666666667,1375.33333333333,5576,12690,13,13.5,14,"{13,14}"
2021-03-28,CNYTN,Yantian,VNVUT,"Cai Mep (near Ho Chi Minh)",4,4,"ANL; APL; CMA CGM; CNC Line-Cheng Lie Navigation Co. Ltd.; COSCO; Evergreen Line; Hamburg Sud; Hapag-Lloyd; Hyundai; Maersk Line; MSC; ONE; OOCL; SeaLand; Yang Ming; ZIM",16,52,48529.4685805423,3474.53429027113,8112,19100,2,3,3,"{3,2,3,3}"
2021-03-28,CNZHA,Zhanjiang,CNNSA,Nansha,1,1,"Wan Hai",1,2,1754,369.5,1708,1800,2,2,2,{2}
2021-03-28,CNZHA,Zhanjiang,HKHKG,"Hong Kong",1,1,"Evergreen Line",1,3,1984,,1984,1984,1,1,1,{1}
2021-03-28,CNZJG,Zhangjiagang,VNUIH,"Qui Nhon",1,1,"Advance Container Lines; PIL",2,2,1808,250,1808,1808,2,2,2,{2}
2021-03-28,CNZPU,"Zhapu Pt",CNNGB,Ningbo,2,1,"COSCO; NBOSCO",2,6,2200,160,1100,1100,1,1,1,"{1,1}"
2021-03-28,COBAQ,Barranquilla,AWBAR,Barcadera,1,1,"Caribbean Feeder; COSCO; Hapag-Lloyd; Seaboard Marine; X-Press; ZIM",6,4,997.5,225.5,877,1118,1,1,1,{1}
2021-03-28,COBAQ,Barranquilla,COCTG,Cartagena,3,3,"Evergreen Line; Hamburg Sud; King Ocean; Maersk Line; Seaboard Marine; SeaLand",6,9,4815.5,914,957,2546,0,0,1,"{1,0,0}"
2021-03-28,COBAQ,Barranquilla,COSMR,"Santa Marta",1,1,"Evergreen Line; Hamburg Sud; Maersk Line; SeaLand",4,3,1708,202,1708,1708,1,1,1,{1}
2021-03-28,COBAQ,Barranquilla,PAONX,Colon,1,1,"Caribbean Feeder; COSCO; Hapag-Lloyd; Seaboard Marine; X-Press; ZIM",6,4,997.5,225.5,877,1118,1,1,1,{1}
2021-03-28,COBUN,Buenaventura,COCTG,Cartagena,1,1,"APL; CMA CGM; COSCO; Hapag-Lloyd",4,2,4047.5,700,4045,4050,3,3,3,{3}
2021-03-28,COBUN,Buenaventura,ECGYE,Guayaquil,1,1,"Alianca; Hamburg Sud; Maersk Line; SeaLand",4,19,9434.78947368421,886.631578947368,8379,9962,2,2,2,{2}
2021-03-28,COBUN,Buenaventura,ECMEC,Manta,1,1,"APL; ONE; X-Press",3,3,1345,437,1341,1347,1,1,1,{1}
2021-03-28,COBUN,Buenaventura,ECPBO,"Puerto Bolivar EC",1,1,"Maersk Line; SeaLand",2,10,4194.1,1103.6,4045,4258,2,2,2,{2}
2021-03-28,COBUN,Buenaventura,ECPSJ,"Puerto de Posorja",1,1,"APL; CMA CGM; COSCO; Hamburg Sud; Hapag-Lloyd; Maersk Line; OOCL",7,9,10723.8888888889,1782.22222222222,9400,11519,2,2,2,{2}
2021-03-28,COBUN,Buenaventura,PAROD,Rodman,1,1,"Hapag-Lloyd; Hyundai; MSC; ONE",4,11,8640.90909090909,1131.81818181818,6350,10100,1,1,1,{1}
2021-03-28,COBUN,Buenaventura,PECLL,Callao,6,6,"Alianca; ANL; APL; CMA CGM; COSCO; Evergreen Line; Hamburg Sud; Hapag-Lloyd; Hyundai; Maersk Line; MSC; ONE; OOCL; PIL; SeaLand; Wan Hai; Yang Ming",17,71,59102.7763423711,6153.03864965444,4367,14272,2,3,4,"{2,3,3,2,4,3}"
2021-03-28,COCTG,Cartagena,BRSUA,Suape,2,2,"Alianca; Hamburg Sud; Hapag-Lloyd; Maersk Line; MSC; ONE; SeaLand; ZIM",8,15,13340.4285714286,1954.71428571429,5550,8073,8,8,8,"{8,8}"
2021-03-28,COCTG,Cartagena,COBAQ,Barranquilla,3,2,"Caribbean Feeder; COSCO; Evergreen Line; Hamburg Sud; Hapag-Lloyd; Maersk Line; Seaboard Marine; SeaLand; X-Press; ZIM",10,11,3703,653,877,1708,1,1,1,"{1,1,1}"
2021-03-28,COCTG,Cartagena,COSMR,"Santa Marta",2,2,"CMA CGM; Maersk Line; Seaboard Marine",3,8,5419.5,1206.83333333333,1713,4178,1,1,1,"{1,1}"
2021-03-28,COCTG,Cartagena,COTRB,Turbo,1,1,"Alianca; Hamburg Sud; Maersk Line; SeaLand",4,3,2548,576.666666666667,2506,2592,2,2,2,{2}
2021-03-28,COCTG,Cartagena,CUMAR,Mariel,1,1,"Hamburg Sud; Hapag-Lloyd; Maersk Line; X-Press; ZIM",5,1,5058,800,2529,2529,3,3,3,{3}
2021-03-28,COCTG,Cartagena,DOCAU,Caucedo,4,4,"APL; CMA CGM; COSCO; Evergreen Line; Hamburg Sud; Hapag-Lloyd; Maersk Line; MSC; ONE; OOCL; SeaLand; Yang Ming",12,29,21253.9722222222,3077.22222222222,2339,11519,1,2,3,"{2,3,1,2}"
2021-03-28,COCTG,Cartagena,ESALG,Algeciras,1,1,"CMA CGM; Marfret; Marguisa; X-Press",4,8,6756.75,1100,6673,6881,11,11,11,{11}
2021-03-28,COCTG,Cartagena,GTPRQ,"Puerto Quetzal",1,1,"Alianca; Hamburg Sud; Hapag-Lloyd; Maersk Line; ZIM",5,12,4283.08333333333,361.833333333333,4253,5085,5,5,5,{5}
2021-03-28,COCTG,Cartagena,JMKIN,Kingston,7,7,"Alianca; ANL; APL; CMA CGM; CNC Line-Cheng Lie Navigation Co. Ltd.; COSCO; Hamburg Sud; Hapag-Lloyd; Maersk Line; Marfret; Marguisa; OOCL; SeaLand; X-Press; ZIM",15,41,30387.7777777778,4463.05555555556,1102,10960,1,2,3,"{2,2,2,2,2,1,3}"
2021-03-28,COCTG,Cartagena,KRPUS,Busan,1,1,"Hapag-Lloyd; Hyundai; ONE; Yang Ming",4,11,13176.2727272727,872.727272727273,13100,13870,24,24,24,{24}
2021-03-28,COCTG,Cartagena,MAPTM,Tanger,1,1,"Alianca; Hamburg Sud; Hapag-Lloyd; Maersk Line; ZIM",5,12,4283.08333333333,361.833333333333,4253,5085,10,10,10,{10}
2021-03-28,COCTG,Cartagena,MXVER,Veracruz,1,1,"Alianca; Hamburg Sud; Hapag-Lloyd; Maersk Line; MSC; ONE; SeaLand; ZIM",8,8,7465,1279,5550,8073,4,4,4,{4}
2021-03-28,COCTG,Cartagena,PABLB,Balboa,1,1,"Alianca; Hamburg Sud; Hapag-Lloyd; Maersk Line; MSC; SeaLand",6,11,3481.09090909091,780.727272727273,3000,3752,2,2,2,{2}
2021-03-28,COCTG,Cartagena,PACTB,Cristobal,2,2,"Alianca; Hamburg Sud; Hapag-Lloyd; Maersk Line; MSC; SeaLand; ZIM",7,16,16940.5396825397,2277.26984126984,5550,13000,1,1.5,2,"{2,1}"
2021-03-28,COCTG,Cartagena,PAMIT,Manzanillo,7,7,"Alianca; APL; CMA CGM; COSCO; Hamburg Sud; Hapag-Lloyd; Maersk Line; MSC; ONE; OOCL; Seaboard Marine; SeaLand; X-Press",13,41,29859,5423.19444444444,2339,11519,1,1,2,"{2,1,1,1,1,1,1}"
2021-03-28,COCTG,Cartagena,PAROD,Rodman,2,2,"APL; CMA CGM; Hapag-Lloyd; Hyundai; ONE; Yang Ming",6,22,9019.68333333333,535.5,4882,8463,2,2.5,3,"{2,3}"
2021-03-28,COCTG,Cartagena,PEPAI,Paita,1,1,"APL; CMA CGM; COSCO; Hapag-Lloyd",4,2,4047.5,700,4045,4050,5,5,5,{5}
2021-03-28,COCTG,Cartagena,PFPPT,"Papeete, Tahiti",1,1,"ANL; APL; CMA CGM; Delmas; Marfret; Seatrade; USL-US Lines",7,7,3999.42857142857,1180.40816326531,2256,2506,12,12,12,{12}
2021-03-28,COCTG,Cartagena,TTPTS,"Point Lisas",1,1,"Evergreen Line; Hamburg Sud; Maersk Line; SeaLand",4,3,1708,202,1708,1708,3,3,3,{3}
2021-03-28,COCTG,Cartagena,USNYC,"New York NY/NJ",1,1,"Hapag-Lloyd; Hyundai; ONE; Yang Ming",4,11,13176.2727272727,872.727272727273,13100,13870,5,5,5,{5}
2021-03-28,COCTG,Cartagena,USPEF,"Port Everglades FL",1,1,"King Ocean; Seaboard Marine",2,4,1394.5,335,957,2546,8,8,8,{8}
2021-03-28,COCTG,Cartagena,USPHL,"Philadelphia PA",1,1,"Alianca; Hamburg Sud; Hapag-Lloyd; Maersk Line; MSC; SeaLand",6,11,3481.09090909091,780.727272727273,3000,3752,5,5,5,{5}
2021-03-28,COCTG,Cartagena,USSAV,"Savannah GA",1,1,"Hapag-Lloyd; Hyundai; ONE; Yang Ming",4,10,4503.1,233,6724,8463,3,3,3,{3}
2021-03-28,COCTG,Cartagena,VELAG,"La Guaira",1,1,"Alianca; Hamburg Sud; Maersk Line; SeaLand",4,2,1931,372.5,1740,2122,2,2,2,{2}
2021-03-28,COCTG,Cartagena,VEPBL,"Puerto Cabello",1,1,"Alianca; Hamburg Sud; Maersk Line; MSC; SeaLand",5,1,5048,800,2524,2524,2,2,2,{2}
2021-03-28,COSMR,"Santa Marta",CRLIO,"Puerto Limon",1,1,Hapag-Lloyd,1,6,2603.66666666667,513.666666666667,2546,2872,2,2,2,{2}
2021-03-28,COSMR,"Santa Marta",CRMOB,Moin,1,1,Dole,1,2,2046,990,2046,2046,1,1,1,{1}
2021-03-28,COSMR,"Santa Marta",CWWIL,Willemstad,1,1,"Caribbean Feeder; COSCO; Hapag-Lloyd; Seaboard Marine; X-Press; ZIM",6,4,997.5,225.5,877,1118,0,0,0,{0}
2021-03-28,COSMR,"Santa Marta",DOHAI,"Rio Haina",1,1,"Seaboard Marine",1,2,1713,377,1713,1713,2,2,2,{2}
2021-03-28,COSMR,"Santa Marta",GBSOU,Southampton,1,1,"Hamburg Sud; Maersk Line; SeaLand",3,8,3077.625,802,3075,3078,11,11,11,{11}
2021-03-28,COSMR,"Santa Marta",MQFDF,Fort-de-France,1,1,"CMA CGM; Maersk Line",2,6,3706.5,829.833333333333,3504,4178,3,3,3,{3}
2021-03-28,COSMR,"Santa Marta",PAMIT,Manzanillo,1,1,"Evergreen Line; Hamburg Sud; Maersk Line; SeaLand",4,3,1708,202,1708,1708,1,1,1,{1}
2021-03-28,COTRB,Turbo,COCTG,Cartagena,1,1,"Seaboard Marine; X-Press",2,3,2536,394,2478,2566,1,1,1,{1}
2021-03-28,COTRB,Turbo,PAMIT,Manzanillo,1,1,"Alianca; Hamburg Sud; Maersk Line; SeaLand",4,3,2548,576.666666666667,2506,2592,1,1,1,{1}
2021-03-28,CRCAL,"Puerto Caldera",GTPRQ,"Puerto Quetzal",3,3,"Alianca; APL; CMA CGM; Dole; Hamburg Sud; Hapag-Lloyd; Maersk Line; ONE; SeaLand",9,12,6733.1,1804,1540,2664,1,1,2,"{1,1,2}"
2021-03-28,CRCAL,"Puerto Caldera",NICIO,Corinto,1,1,"COSCO; Evergreen Line; OOCL; X-Press",4,4,1948.5,374,1713,2546,1,1,1,{1}
2021-03-28,CRCAL,"Puerto Caldera",PABLB,Balboa,1,1,"COSCO; Evergreen Line; OOCL; X-Press",4,4,1948.5,374,1713,2546,2,2,2,{2}
2021-03-28,CRLIO,"Puerto Limon",DOCAU,Caucedo,1,1,Hapag-Lloyd,1,6,2603.66666666667,513.666666666667,2546,2872,2,2,2,{2}
2021-03-28,CRMOB,Moin,COCTG,Cartagena,2,2,"CMA CGM; Maersk Line; Marfret; Marguisa; X-Press",5,14,10463.25,1929.83333333333,3504,6881,1,1.5,2,"{1,2}"
2021-03-28,CRMOB,Moin,GTSTC,"Santo Tomas de Castilla",1,1,"Hapag-Lloyd; ONE",2,6,2536,493,2339,2785,2,2,2,{2}
2021-03-28,CRMOB,Moin,HNPCA,"Puerto Castilla",1,1,Dole,1,1,1780,890,890,890,1,1,1,{1}
2021-03-28,CRMOB,Moin,HNPCR,"Puerto Cortes",1,1,"Seaboard Marine; X-Press",2,3,2536,394,2478,2566,2,2,2,{2}
2021-03-28,CRMOB,Moin,IEORK,Cork,1,1,"Alianca; Hamburg Sud; Maersk Line; SeaLand",4,6,2573,600,2550,2592,11,11,11,{11}
2021-03-28,CRMOB,Moin,PAMIT,Manzanillo,6,6,"Crowley; Great White Fleet; Hamburg Sud; Hapag-Lloyd; King Ocean; Maersk Line; ONE; Seaboard Marine; SeaLand",9,25,13067.625,3238,1284,3078,0,1,2,"{1,2,0,1,2,1}"
2021-03-28,CRMOB,Moin,PAONX,Colon,1,1,"APL; CMA CGM; COSCO; Evergreen Line; X-Press; ZIM",6,1,960,252,960,960,2,2,2,{2}
2021-03-28,CRMOB,Moin,USILG,"Wilmington DE",1,1,Dole,1,2,2046,990,2046,2046,5,5,5,{5}
2021-03-28,CRMOB,Moin,USPEF,"Port Everglades FL",2,2,"APL; CMA CGM; Crowley; Hamburg Sud; Hapag-Lloyd; King Ocean; Maersk Line; SeaLand",8,5,5427,1238,1284,4544,3,3.5,4,"{3,4}"
2021-03-28,CRMOB,Moin,USPHL,"Philadelphia PA",1,1,"Alianca; Hamburg Sud; Maersk Line; SeaLand",4,3,2548,576.666666666667,2506,2592,5,5,5,{5}
2021-03-28,CUMAR,Mariel,CUSCU,"Santiago de Cuba",1,1,"COSCO; X-Press; ZIM",3,1,1754,462,877,877,3,3,3,{3}
2021-03-28,CUMAR,Mariel,MXPGO,Progreso,1,1,"CMA CGM",1,2,1218.5,324.5,1096,1341,2,2,2,{2}
2021-03-28,CUMAR,Mariel,PAONX,Colon,1,1,"Hamburg Sud; Hapag-Lloyd; Maersk Line; X-Press; ZIM",5,1,5058,800,2529,2529,4,4,4,{4}
2021-03-28,CUSCU,"Santiago de Cuba",JMKIN,Kingston,1,1,"CMA CGM",1,2,1218.5,324.5,1096,1341,1,1,1,{1}
2021-03-28,CUSCU,"Santiago de Cuba",MXPGO,Progreso,1,1,"COSCO; X-Press; ZIM",3,1,1754,462,877,877,2,2,2,{2}
2021-03-28,CVRAI,Praia,CVVXE,"St Vincente",1,1,"GS Lines; Maersk Line",2,1,2214.85714285714,617.142857142857,969,969,1,1,1,{1}
2021-03-28,CVVXE,"St Vincente",ESALG,Algeciras,1,1,"GS Lines; Maersk Line",2,1,2214.85714285714,617.142857142857,969,969,5,5,5,{5}
2021-03-28,CWWIL,Willemstad,AWORJ,Aruba,1,1,Hapag-Lloyd,1,6,2603.66666666667,513.666666666667,2546,2872,1,1,1,{1}
2021-03-28,CWWIL,Willemstad,BQKRA,Bonaire,1,1,"Alianca; Hamburg Sud; King Ocean",3,2,1380.5,322.5,966,1795,1,1,1,{1}
2021-03-28,CWWIL,Willemstad,COCTG,Cartagena,1,1,"Caribbean Feeder; COSCO; Hapag-Lloyd; Seaboard Marine; X-Press; ZIM",6,4,997.5,225.5,877,1118,2,2,2,{2}
2021-03-28,CWWIL,Willemstad,VEEGU,"El Guamache",1,1,"CMA CGM; ZIM",2,1,2592,780,1296,1296,1,1,1,{1}
2021-03-28,CWWIL,Willemstad,VEGUT,Guanta,1,1,"CMA CGM; ZIM",2,1,2676,800,1338,1338,1,1,1,{1}
2021-03-28,CYLMS,Limassol,EGALY,Alexandria,2,2,"APL; Borchard Lines Ltd; CMA CGM; COSCO; Evergreen Line; Hapag-Lloyd; OOCL; Tarros; Unimed Feeder Services-UFS",9,6,3478.5,573.25,660,2926,1,1,1,"{1,1}"
2021-03-28,CYLMS,Limassol,GRPIR,Piraeus,1,1,"Blue Ice Lines; ZIM",2,1,700,100,700,700,2,2,2,{2}
2021-03-28,CYLMS,Limassol,ILASH,Ashdod,4,4,"Alianca; Borchard Lines Ltd; Hamburg Sud; Maersk Line; MSC; OOCL; Salamis; SeaLand; ZIM",9,14,13238,2268.4,700,6730,1,1,2,"{2,1,1,1}"
2021-03-28,CYLMS,Limassol,ILHFA,Haifa,1,1,"Borchard Lines Ltd",1,4,868,171,868,868,1,1,1,{1}
2021-03-28,CYLMS,Limassol,ITGIT,"Gioia Tauro",1,1,MSC,1,4,2458.5,336,2394,2550,3,3,3,{3}
2021-03-28,CYLMS,Limassol,ITRAN,Ravenna,1,1,"Borchard Lines Ltd",1,2,666,116,660,672,4,4,4,{4}
2021-03-28,CYLMS,Limassol,LBBEY,Beirut,1,1,"MSC; SeaLand",2,3,2229.66666666667,384,2078,2442,0,0,0,{0}
2021-03-28,CYLMS,Limassol,SYLTK,Lattakia,1,1,"Hapag-Lloyd; Maersk Line; MCL; SeaLand; Unimed Feeder Services-UFS",5,1,1290.28571428571,173.714285714286,1129,1129,1,1,1,{1}
2021-03-28,DEBRV,Bremerhaven,BEANR,Antwerp,4,4,"Alianca; Borchard Lines Ltd; COSCO; Hamburg Sud; Hapag-Lloyd; Maersk Line; MSC; OOCL; SeaLand; Turkon; Unifeeder",11,17,21102.4,2669.4,1036,8827,1,1.5,2,"{1,1,2,2}"
2021-03-28,DEBRV,Bremerhaven,BZBGK,"Big Creek",1,1,"Alianca; Hamburg Sud; Maersk Line; SeaLand",4,6,2573,600,2550,2592,16,16,16,{16}
2021-03-28,DEBRV,Bremerhaven,DEHAM,Hamburg,11,9,"Alianca; APL; CMA CGM; COSCO; Evergreen Line; Hamburg Sud; Hapag-Lloyd; MSC; OOCL; SeaLand; Unifeeder; WEC Lines; X-Press",13,32,24802,3485.55555555556,698,9400,0,1,2,"{0,0,2,1,2,2,1,2,2,1,1}"
2021-03-28,DEBRV,Bremerhaven,DELBC,Lubeck,1,1,"CMA CGM; Unifeeder",2,1,809,150,809,809,1,1,1,{1}
2021-03-28,DEBRV,Bremerhaven,DEWVN,Wilhelmshaven,1,1,"Alianca; Hamburg Sud; Hapag-Lloyd; Maersk Line; MSC; SeaLand",6,13,19398.6153846154,853.384615384615,18270,20568,0,0,0,{0}
2021-03-28,DEBRV,Bremerhaven,FRLEH,"Le Havre",2,2,"APL; CMA CGM; COSCO; Evergreen Line; Hapag-Lloyd; MSC; OOCL",7,9,11056.35,1022.4,2808,8495,1,1,1,"{1,1}"
2021-03-28,DEBRV,Bremerhaven,GBFXT,Felixstowe,1,1,SeaLand,1,5,3596,600,3596,3596,1,1,1,{1}
2021-03-28,DEBRV,Bremerhaven,LTKLJ,"Klaipeda
",1,1,X-Press,1,1,1700,200,1700,1700,2,2,2,{2}
2021-03-28,DEBRV,Bremerhaven,LVRIX,Riga,1,1,"APL; CMA CGM; Evergreen Line; Hapag-Lloyd; OOCL; Unifeeder",6,3,1472.66666666667,288.666666666667,1404,1574,2,2,2,{2}
2021-03-28,DEBRV,Bremerhaven,MAPTM,Tanger,1,1,"Hapag-Lloyd; Maersk Line; MSC; SeaLand",4,11,14941.2727272727,963.636363636364,13092,23656,4,4,4,{4}
2021-03-28,DEBRV,Bremerhaven,MXVER,Veracruz,1,1,"Hamburg Sud; Maersk Line; SeaLand",3,8,3077.625,802,3075,3078,14,14,14,{14}
2021-03-28,DEBRV,Bremerhaven,NLRTM,Rotterdam,7,7,"Alianca; APL; CMA CGM; COSCO; DAL-Deutsche Afrika Linien; Eimskip; Evergreen Line; Hamburg Sud; Hapag-Lloyd; Maersk Line; Marguisa; MSC; ONE; OOCL; SeaLand; Unifeeder",16,43,44162.9523504274,3965.17051282051,1025,20568,0,1,2,"{1,2,0,2,1,1,1}"
2021-03-28,DEBRV,Bremerhaven,NOEGE,Egersund,1,1,"Maersk Line; SeaLand",2,1,957,252,957,957,1,1,1,{1}
2021-03-28,DEBRV,Bremerhaven,NOMSS,Moss,1,1,"Maersk Line; OOCL; SeaLand; Unifeeder",4,1,1036,250,1036,1036,2,2,2,{2}
2021-03-28,DEBRV,Bremerhaven,PLGDN,Gdansk,3,3,"Alianca; Hamburg Sud; Hapag-Lloyd; Maersk Line; MSC; SeaLand",6,20,23797.5384615385,1392.15384615385,1578,20568,2,2,3,"{2,2,3}"
2021-03-28,DEBRV,Bremerhaven,RUKGD,Kaliningrad,1,1,MSC,1,2,1797,392.5,1719,1875,2,2,2,{2}
2021-03-28,DEBRV,Bremerhaven,SEGOT,Gothenburg,1,1,"Alianca; Hamburg Sud; Hapag-Lloyd; Maersk Line; MSC; SeaLand",6,13,19398.6153846154,853.384615384615,18270,20568,6,6,6,{6}
2021-03-28,DEBRV,Bremerhaven,SEHEL,Helsingborg,1,1,SeaLand,1,1,868,300,868,868,1,1,1,{1}
2021-03-28,DEBRV,Bremerhaven,USBOS,"Boston MA",1,1,MSC,1,7,4229,1278.57142857143,4112,4931,9,9,9,{9}
2021-03-28,DEBRV,Bremerhaven,USCHS,"Charleston SC",1,1,"APL; CMA CGM; COSCO; Evergreen Line; OOCL",5,7,6350.85714285714,500,5618,6574,10,10,10,{10}
2021-03-28,DEBRV,Bremerhaven,USNYC,"New York NY/NJ",1,1,"Hamburg Sud; Maersk Line; MSC; SeaLand",4,6,7210,483.333333333333,5550,8800,8,8,8,{8}
2021-03-28,DEBRV,Bremerhaven,USORF,"Norfolk VA",1,1,"Maersk Line; MSC",2,5,4841.2,535,4154,6200,9,9,9,{9}
2021-03-28,DEHAM,Hamburg,BEANR,Antwerp,19,19,"ACL-Atlantic Container Line; Alianca; ANL; APL; CMA CGM; COSCO; Evergreen Line; Hamburg Sud; Hapag-Lloyd; Hyundai; Maersk Line; MSC; ONE; OOCL; SCI-Shipping Corp. of India; SeaLand; Stinnes; WEC Lines; X-Press; Yang Ming",20,175,173178.067249417,15009.0104451104,862,23964,1,1,2,"{1,1,1,1,1,1,1,1,1,2,1,2,2,1,1,2,1,2,2}"
2021-03-28,DEHAM,Hamburg,CAMTR,Montreal,1,1,"Hapag-Lloyd; OOCL",2,4,4312.25,400,4043,4402,10,10,10,{10}
2021-03-28,DEHAM,Hamburg,COCTG,Cartagena,1,1,"Hamburg Sud; Maersk Line; SeaLand",3,8,3947,983.75,3947,3947,13,13,13,{13}
2021-03-28,DEHAM,Hamburg,DEBRV,Bremerhaven,5,5,"Alianca; APL; Borchard Lines Ltd; CMA CGM; COSCO; Evergreen Line; Hamburg Sud; Hapag-Lloyd; Maersk Line; OOCL; SeaLand; Turkon; Unifeeder",13,18,13414.2916666667,2239.06666666667,868,8495,0,1,1,"{1,0,1,1,1}"
2021-03-28,DEHAM,Hamburg,DKAAR,Aarhus,1,1,"APL; CMA CGM; COSCO; Evergreen Line; Hapag-Lloyd; OOCL; Unifeeder",7,1,877,231,877,877,2,2,2,{2}
2021-03-28,DEHAM,Hamburg,DKFRC,Fredericia,3,3,"APL; CMA CGM; COSCO; Evergreen Line; OOCL; Unifeeder; X-Press",7,3,2852,590,698,1118,1,1,1,"{1,1,1}"
2021-03-28,DEHAM,Hamburg,FRLEH,"Le Havre",2,2,"APL; CMA CGM; COSCO; Evergreen Line; Hapag-Lloyd; Hyundai; ONE; Yang Ming",8,22,13057.219047619,1192.89523809524,4662,9592,1,1,1,"{1,1}"
2021-03-28,DEHAM,Hamburg,GBIMM,Immingham,1,1,"Hapag-Lloyd; OOCL; Unifeeder",3,2,914,214.5,803,1025,2,2,2,{2}
2021-03-28,DEHAM,Hamburg,GBLGP,"London Gateway",2,2,"ACL-Atlantic Container Line; APL; CMA CGM; COSCO; Hapag-Lloyd; ONE; OOCL; Yang Ming",8,14,14459.5833333333,1238.25,3200,13386,1,1.5,2,"{1,2}"
2021-03-28,DEHAM,Hamburg,LTKLJ,"Klaipeda
",2,2,"APL; CMA CGM; Evergreen Line; Hapag-Lloyd; OOCL; Unifeeder",6,6,2564.66666666667,366.333333333333,1025,1421,2,2,2,"{2,2}"
2021-03-28,DEHAM,Hamburg,MACAS,Casablanca,1,1,"Arkas Line; Hapag-Lloyd; Marguisa; ONE",4,5,2749.6,511.6,2478,2824,4,4,4,{4}
2021-03-28,DEHAM,Hamburg,NLRTM,Rotterdam,8,8,"APL; CMA CGM; CNC Line-Cheng Lie Navigation Co. Ltd.; Containerships; COSCO; DAL-Deutsche Afrika Linien; Evergreen Line; Hapag-Lloyd; Hyundai; MSC; ONE; OOCL; Unifeeder; Yang Ming; ZIM",15,65,92257.1461538462,6483.36153846154,868,23964,1,1,1,"{1,1,1,1,1,1,1,1}"
2021-03-28,DEHAM,Hamburg,NODRM,Drammen,1,1,"APL; CMA CGM; Evergreen Line; Hapag-Lloyd; SeaLand; Unifeeder",6,1,1008,238,1008,1008,1,1,1,{1}
2021-03-28,DEHAM,Hamburg,PLGDY,"Gdynia Poland",3,3,"COSCO; Hapag-Lloyd; ONE; X-Press; Yang Ming",5,4,3545,856,809,1440,2,2,2,"{2,2,2}"
2021-03-28,DEHAM,Hamburg,PLSZZ,Szczecin,2,2,"APL; CMA CGM; Evergreen Line; Hapag-Lloyd; OOCL; Unifeeder",6,4,2117.66666666667,486.333333333333,957,1421,1,1,1,"{1,1}"
2021-03-28,DEHAM,Hamburg,RUBNK,"Bronka Port",1,1,"CMA CGM; Evergreen Line; FESCO; Hapag-Lloyd; OOCL; Unifeeder",6,2,2487,710,2487,2487,4,4,4,{4}
2021-03-28,DEHAM,Hamburg,RUKGD,Kaliningrad,2,2,"APL; CMA CGM; Hapag-Lloyd; Mann Lines; Unifeeder",5,2,1736,384,868,868,2,2,2,"{2,2}"
2021-03-28,DEHAM,Hamburg,RULED,"St Petersburg",1,1,"Sea Connect",1,1,942.857142857143,142.857142857143,660,660,3,3,3,{3}
2021-03-28,DEHAM,Hamburg,RUULU,"Ust Luga",1,1,"APL; CMA CGM; Evergreen Line; OOCL; Unifeeder",5,3,1404,100,1404,1404,4,4,4,{4}
2021-03-28,DEHAM,Hamburg,SESTO,Stockholm,1,1,"APL; CMA CGM; Evergreen Line; Hapag-Lloyd; OOCL; Unifeeder",6,3,1472.66666666667,288.666666666667,1404,1574,3,3,3,{3}
2021-03-28,DEHAM,Hamburg,USNYC,"New York NY/NJ",1,1,"ACL-Atlantic Container Line; Hapag-Lloyd; ONE; Yang Ming",4,5,5306,417.2,6350,6921,11,11,11,{11}
2021-03-28,DEKEL,Kiel,SEGVX,Gavle,1,1,"APL; CMA CGM; Evergreen Line; Hapag-Lloyd; OOCL; Unifeeder",6,3,1472.66666666667,288.666666666667,1404,1574,1,1,1,{1}
2021-03-28,DELBC,Lubeck,PLSZZ,Szczecin,1,1,"CMA CGM; Unifeeder",2,1,809,150,809,809,1,1,1,{1}
2021-03-28,DEWVN,Wilhelmshaven,DEBRV,Bremerhaven,2,2,"Maersk Line; SeaLand",2,7,5174,730,1578,3596,1,1,1,"{1,1}"
2021-03-28,DEWVN,Wilhelmshaven,DEHAM,Hamburg,1,1,"CMA CGM; Evergreen Line; FESCO; Hapag-Lloyd; OOCL; Unifeeder",6,2,2487,710,2487,2487,2,2,2,{2}
2021-03-28,DEWVN,Wilhelmshaven,GRPIR,Piraeus,1,1,"APL; CMA CGM; CNC Line-Cheng Lie Navigation Co. Ltd.; COSCO; Evergreen Line; OOCL",6,12,18983.6666666667,916.166666666667,19100,21413,10,10,10,{10}
2021-03-28,DEWVN,Wilhelmshaven,MAPTM,Tanger,1,1,"Alianca; Hamburg Sud; Hapag-Lloyd; Maersk Line; MSC; SeaLand",6,13,19398.6153846154,853.384615384615,18270,20568,4,4,4,{4}
2021-03-28,DJJIB,Djibouti,AEJEA,"Dubai, Jebel Ali",1,1,"Maersk Line; SeaLand",2,5,3629.4,482,3398,4447,6,6,6,{6}
2021-03-28,DJJIB,Djibouti,OMSLL,Salalah,1,1,"APL; Maersk Line; SeaLand",3,11,6362.72727272727,500,6188,6696,3,3,3,{3}
2021-03-28,DJJIB,Djibouti,PKBQM,"Port Qasim",1,1,MSC,1,8,8978.125,593.75,8034,9572,7,7,7,{7}
2021-03-28,DJJIB,Djibouti,SAJED,Jeddah,2,2,"APL; CMA CGM; CNC Line-Cheng Lie Navigation Co. Ltd.; COSCO; Evergreen Line; OOCL; PIL",7,12,12097.875,1023,1808,13208,2,2.5,3,"{2,3}"
2021-03-28,DJJIB,Djibouti,SAKAC,"King Abdullah City",1,1,"Maersk Line; SeaLand",2,5,3629.4,482,3398,4447,3,3,3,{3}
2021-03-28,DJJIB,Djibouti,SGSIN,Singapore,1,1,"APL; CMA CGM; CNC Line-Cheng Lie Navigation Co. Ltd.; COSCO; Evergreen Line; OOCL; PIL",7,8,10249.375,725,10086,13208,11,11,11,{11}
2021-03-28,DKAAL,Aalborg,NOFRK,Fredrikstad,1,1,"Eimskip; Royal Arctic Line",2,3,2148,500,2148,2148,1,1,1,{1}
2021-03-28,DKAAR,Aarhus,DEBRV,Bremerhaven,1,1,"Alianca; Hamburg Sud; Hapag-Lloyd; Maersk Line; MSC; SeaLand",6,13,19398.6153846154,853.384615384615,18270,20568,1,1,1,{1}
2021-03-28,DKAAR,Aarhus,DEHAM,Hamburg,1,1,"APL; CMA CGM; COSCO; OOCL; Unifeeder",5,1,868,234,868,868,1,1,1,{1}
2021-03-28,DKAAR,Aarhus,DKAAL,Aalborg,1,1,"Eimskip; Royal Arctic Line",2,3,2148,500,2148,2148,1,1,1,{1}
2021-03-28,DKAAR,Aarhus,DKFRC,Fredericia,2,2,"APL; CMA CGM; COSCO; Evergreen Line; Hapag-Lloyd; MSC; OOCL; Unifeeder",8,2,2315,301,877,1438,0,0.5,1,"{1,0}"
2021-03-28,DKAAR,Aarhus,FOTHO,Thorshavn,1,1,"Eimskip; Royal Arctic Line",2,3,2148,500,2148,2148,2,2,2,{2}
2021-03-28,DKAAR,Aarhus,LTKLJ,"Klaipeda
",1,1,Containerships,1,1,803,180,803,803,2,2,2,{2}
2021-03-28,DKAAR,Aarhus,SEGOT,Gothenburg,1,1,"APL; CMA CGM; COSCO; Evergreen Line; OOCL; Unifeeder",6,1,1118,220,1118,1118,1,1,1,{1}
2021-03-28,DKCPH,Copenhagen,DKAAR,Aarhus,1,1,MSC,1,1,1438,70,1438,1438,1,1,1,{1}
2021-03-28,DKCPH,Copenhagen,SEHAD,Halmstad,1,1,SeaLand,1,1,868,300,868,868,1,1,1,{1}
2021-03-28,DKCPH,Copenhagen,SEHEL,Helsingborg,1,1,X-Press,1,1,698,120,698,698,1,1,1,{1}
2021-03-28,DKFRC,Fredericia,BEANR,Antwerp,1,1,MSC,1,1,1438,70,1438,1438,2,2,2,{2}
2021-03-28,DKFRC,Fredericia,DKAAR,Aarhus,1,1,"APL; CMA CGM; COSCO; Evergreen Line; OOCL; Unifeeder",6,1,1118,220,1118,1118,1,1,1,{1}
2021-03-28,DKFRC,Fredericia,DKCPH,Copenhagen,1,1,X-Press,1,1,698,120,698,698,1,1,1,{1}
2021-03-28,DKFRC,Fredericia,SEHEL,Helsingborg,2,2,"APL; CMA CGM; COSCO; Evergreen Line; Hapag-Lloyd; OOCL; Unifeeder",7,2,1913,481,877,1036,0,0.5,1,"{1,0}"
2021-03-28,DKKAL,Kalundborg,DEBRV,Bremerhaven,1,1,"APL; CMA CGM; COSCO; Evergreen Line; Hapag-Lloyd; OOCL; Unifeeder",7,1,877,231,877,877,1,1,1,{1}
2021-03-28,DMRSU,Roseau,BBBGI,Bridgetown,1,1,"King Ocean; Seaboard Marine",2,4,1394.5,335,957,2546,1,1,1,{1}
2021-03-28,DOCAU,Caucedo,BRSSZ,Santos,1,1,"MSC; ZIM",2,9,6191.44444444444,533.111111111111,5550,6969,10,10,10,{10}
2021-03-28,DOCAU,Caucedo,CAHAL,Halifax,1,1,"Tropical Shipping",1,1,2296,520,1148,1148,2,2,2,{2}
2021-03-28,DOCAU,Caucedo,COCTG,Cartagena,3,3,"APL; CMA CGM; COSCO; Hamburg Sud; Hapag-Lloyd; Maersk Line; Marfret; Marguisa; MSC; OOCL; X-Press",11,26,28545.75,4483.77777777778,6673,13000,1,2,2,"{2,2,1}"
2021-03-28,DOCAU,Caucedo,DOHAI,"Rio Haina",3,3,"Caribbean Feeder; COSCO; Evergreen Line; Hapag-Lloyd; Maersk Line; MSC; Seaboard Marine; SeaLand; ZIM",9,7,6523.16666666667,1132.83333333333,1118,3534,0,0,1,"{1,0,0}"
2021-03-28,DOCAU,Caucedo,ESAGP,Malaga,1,1,"Hapag-Lloyd; ZIM",2,8,4692,382.5,4253,6712,10,10,10,{10}
2021-03-28,DOCAU,Caucedo,GBLGP,"London Gateway",1,1,Hapag-Lloyd,1,6,2603.66666666667,513.666666666667,2546,2872,10,10,10,{10}
2021-03-28,DOCAU,Caucedo,HTPAP,Port-au-Prince,1,1,MSC,1,3,2008.66666666667,355.333333333333,2492,3534,1,1,1,{1}
2021-03-28,DOCAU,Caucedo,JMKIN,Kingston,2,2,"Caribbean Feeder; CMA CGM; COSCO; Hapag-Lloyd; Seaboard Marine; SeaLand",6,7,4121.8,802,1809,2506,2,2.5,3,"{2,3}"
2021-03-28,DOCAU,Caucedo,NLRTM,Rotterdam,1,1,"APL; CMA CGM; COSCO; Hamburg Sud; Hapag-Lloyd; Maersk Line; OOCL",7,9,10723.8888888889,1782.22222222222,9400,11519,10,10,10,{10}
2021-03-28,DOCAU,Caucedo,PAONX,Colon,1,1,"Evergreen Line; Maersk Line; MSC; SeaLand",4,2,3477.5,499.5,3421,3534,2,2,2,{2}
2021-03-28,DOCAU,Caucedo,PRSJU,"San Juan PR",1,1,"Hapag-Lloyd; ONE",2,6,2536,493,2339,2785,2,2,2,{2}
2021-03-28,DOCAU,Caucedo,SGSIN,Singapore,1,1,"Alianca; ANL; APL; CMA CGM; CNC Line-Cheng Lie Navigation Co. Ltd.; COSCO; Hamburg Sud; Hapag-Lloyd; Maersk Line; OOCL; SeaLand",11,12,9170.58333333333,691.666666666667,8704,10960,35,35,35,{35}
2021-03-28,DOCAU,Caucedo,TTPOS,"Port of Spain",1,1,"CMA CGM; COSCO",2,3,1174.66666666667,276.666666666667,1114,1296,3,3,3,{3}
2021-03-28,DOCAU,Caucedo,TTPTS,"Point Lisas",1,1,"Caribbean Feeder; Crowley; Hapag-Lloyd; ZIM",4,2,1061,232,1061,1061,1,1,1,{1}
2021-03-28,DOCAU,Caucedo,USGPT,"Gulfport MS",1,1,Crowley,1,1,972,170,972,972,3,3,3,{3}
2021-03-28,DOCAU,Caucedo,USNYC,"New York NY/NJ",1,1,"MSC; ZIM",2,9,6191.44444444444,533.111111111111,5550,6969,9,9,9,{9}
2021-03-28,DOCAU,Caucedo,USPAB,"Palm Beach FL",1,1,"Tropical Shipping",1,2,911.5,187,850,973,5,5,5,{5}
2021-03-28,DOCAU,Caucedo,USSAV,"Savannah GA",1,1,"APL; CMA CGM; Hapag-Lloyd; ONE; Yang Ming",5,12,4516.58333333333,302.5,4882,5087,4,4,4,{4}
2021-03-28,DOHAI,"Rio Haina",BBBGI,Bridgetown,1,1,"Caribbean Feeder; Hapag-Lloyd; ZIM",3,3,1236.66666666667,333.333333333333,1118,1296,2,2,2,{2}
2021-03-28,DOHAI,"Rio Haina",COBAQ,Barranquilla,1,1,"King Ocean; Seaboard Marine",2,4,1394.5,335,957,2546,2,2,2,{2}
2021-03-28,DOHAI,"Rio Haina",CRMOB,Moin,1,1,"Seaboard Marine",1,3,2552.66666666667,578.666666666667,2546,2556,1,1,1,{1}
2021-03-28,DOHAI,"Rio Haina",DOCAU,Caucedo,2,2,"Caribbean Feeder; COSCO; Hapag-Lloyd; MSC; Seaboard Marine; SeaLand",6,5,3817.66666666667,655.333333333333,1809,3534,0,0.5,1,"{1,0}"
2021-03-28,DOHAI,"Rio Haina",HTPAP,Port-au-Prince,1,1,"Crowley; SeaLand",2,1,972,170,972,972,1,1,1,{1}
2021-03-28,DOHAI,"Rio Haina",PRSJU,"San Juan PR",2,2,"CMA CGM; COSCO; Evergreen Line; Maersk Line; MSC; Seaboard Marine; SeaLand; X-Press; ZIM",9,5,4654.83333333333,776.166666666667,1118,3534,1,1,1,"{1,1}"
2021-03-28,DOHAI,"Rio Haina",SXSXM,"St Maarten",1,1,"APL; CMA CGM",2,3,1287.33333333333,310.666666666667,1221,1345,2,2,2,{2}
2021-03-28,DOHAI,"Rio Haina",USMIA,"Miami FL",1,1,"Seaboard Marine",1,2,1713,377,1713,1713,1,1,1,{1}
2021-03-28,DOHAI,"Rio Haina",USPEF,"Port Everglades FL",1,1,"King Ocean; Seaboard Marine",2,4,1394.5,335,957,2546,3,3,3,{3}
2021-03-28,DOHAI,"Rio Haina",USPHL,"Philadelphia PA",1,1,"Seaboard Marine",1,3,2552.66666666667,578.666666666667,2546,2556,4,4,4,{4}
2021-03-28,DOPOP,"Puerto Plata",USMIA,"Miami FL",1,1,"Seaboard Marine",1,1,1591.42857142857,314.285714285714,1114,1114,4,4,4,{4}
2021-03-28,DZAAE,Annaba,DZSKI,Skikda,1,1,"Arkas Line; Hapag-Lloyd",2,3,1186.33333333333,239,1157,1201,0,0,0,{0}
2021-03-28,DZAAE,Annaba,ESBCN,Barcelona,1,1,MSC,1,1,2236,440,1118,1118,2,2,2,{2}
2021-03-28,DZAAE,Annaba,TNSFA,Sfax,1,1,"Maersk Line; SeaLand",2,1,3194.28571428571,628.571428571429,1118,1118,3,3,3,{3}
2021-03-28,DZAAE,Annaba,TRGEM,"Istanbul (Gemlik)",1,1,"APL; CMA CGM",2,3,1003.66666666667,150.333333333333,889,1118,4,4,4,{4}
2021-03-28,DZALG,Algiers,DZAAE,Annaba,1,1,"Maersk Line; SeaLand",2,1,3194.28571428571,628.571428571429,1118,1118,2,2,2,{2}
2021-03-28,DZALG,Algiers,DZSKI,Skikda,1,1,"APL; CMA CGM",2,3,1003.66666666667,150.333333333333,889,1118,2,2,2,{2}
2021-03-28,DZALG,Algiers,ESVLC,Valencia,1,1,"Maersk Line; SeaLand",2,2,865,252,862,868,2,2,2,{2}
2021-03-28,DZALG,Algiers,GRPIR,Piraeus,1,1,"Arkas Line; Hapag-Lloyd",2,1,2740.57142857143,406.857142857143,1199,1199,6,6,6,{6}
2021-03-28,DZALG,Algiers,ITMDC,"Marina di Carrara",1,1,"Arkas Line; CNAN-MED; Hapag-Lloyd",3,2,1680,264,1604,1756,2,2,2,{2}
2021-03-28,DZALG,Algiers,ITSPE,"La Spezia",2,2,"Messina; MSC; Tarros",3,3,2543.28571428571,471.428571428571,907,1118,2,2.5,3,"{2,3}"
2021-03-28,DZALG,Algiers,MTMAR,"Malta (Marsaxlokk)",1,1,"APL; CMA CGM",2,4,2245,500,2200,2260,3,3,3,{3}
2021-03-28,DZALG,Algiers,TRIZM,Izmir,1,1,"Arkas Line; Hapag-Lloyd",2,3,1186.33333333333,239,1157,1201,4,4,4,{4}
2021-03-28,DZBJA,Bejaia,ESVLC,Valencia,1,1,MSC,1,3,632.380952380952,112.380952380952,1080,1122,2,2,2,{2}
2021-03-28,DZBJA,Bejaia,MTMAR,"Malta (Marsaxlokk)",1,1,"CMA CGM; Hapag-Lloyd; X-Press",3,3,1317.66666666667,337,1267,1345,4,4,4,{4}
2021-03-28,DZGHZ,Ghazaouet,FRMRS,"Marseilles-Fos (Marseilles)",1,1,"Arkas Line; CMA CGM",2,2,1102,245,1073,1131,3,3,3,{3}
2021-03-28,DZORN,Oran,ESVLC,Valencia,1,1,MSC,1,2,1109,220,1100,1118,1,1,1,{1}
2021-03-28,DZORN,Oran,MAPTM,Tanger,1,1,"Maersk Line; SeaLand",2,1,2228,440,1114,1114,2,2,2,{2}
2021-03-28,DZSKI,Skikda,DZAAE,Annaba,1,1,"APL; CMA CGM",2,3,1003.66666666667,150.333333333333,889,1118,2,2,2,{2}
2021-03-28,DZSKI,Skikda,DZALG,Algiers,1,1,"Arkas Line; Hapag-Lloyd",2,3,1186.33333333333,239,1157,1201,1,1,1,{1}
2021-03-28,DZSKI,Skikda,ESVLC,Valencia,1,1,MSC,1,1,1104,150,1104,1104,2,2,2,{2}
2021-03-28,ECGYE,Guayaquil,CLARI,Arica,1,1,"Alianca; Hamburg Sud; Hapag-Lloyd",3,8,4165,572.375,3400,5041,4,4,4,{4}
2021-03-28,ECGYE,Guayaquil,COBUN,Buenaventura,2,2,"APL; CMA CGM; COSCO; Hapag-Lloyd; Hyundai; MSC; ONE",7,13,12688.4090909091,1831.81818181818,4045,10100,2,2,2,"{2,2}"
2021-03-28,ECGYE,Guayaquil,CRCAL,"Puerto Caldera",1,1,Dole,1,3,1540,770,1540,1540,2,2,2,{2}
2021-03-28,ECGYE,Guayaquil,ECPBO,"Puerto Bolivar EC",3,3,"Alianca; APL; CMA CGM; Hamburg Sud; Maersk Line; MSC; SeaLand",7,22,10982.7,2982.17142857143,2550,4931,1,1,2,"{1,2,1}"
2021-03-28,ECGYE,Guayaquil,MXLZC,"Lazaro Cardenas",1,1,"ANL; APL; CMA CGM; COSCO; Evergreen Line; OOCL",6,10,10264.5,942,4367,13892,6,6,6,{6}
2021-03-28,ECGYE,Guayaquil,MXZLO,"Manzanillo, MEX",1,1,"COSCO; Evergreen Line; PIL; Wan Hai; Yang Ming",5,10,6188.6,540,5527,6969,7,7,7,{7}
2021-03-28,ECGYE,Guayaquil,PABLB,Balboa,2,2,"Alianca; APL; Hamburg Sud; Maersk Line; ONE; SeaLand; X-Press",7,22,10779.7894736842,1323.63157894737,1341,9962,2,2,2,"{2,2}"
2021-03-28,ECGYE,Guayaquil,PAMIT,Manzanillo,2,2,"Hamburg Sud; Maersk Line; Seaboard Marine; SeaLand",4,11,4862.625,1314.33333333333,1740,3078,3,3,3,"{3,3}"
2021-03-28,ECGYE,Guayaquil,PECLL,Callao,3,3,"APL; Hapag-Lloyd; ONE; Seaboard Marine; X-Press",5,7,6594,1549.33333333333,1341,1875,2,2,2,"{2,2,2}"
2021-03-28,ECGYE,Guayaquil,PEPAI,Paita,1,1,MSC,1,7,4229,1278.57142857143,4112,4931,1,1,1,{1}
2021-03-28,ECGYE,Guayaquil,USPEF,"Port Everglades FL",1,1,"King Ocean",1,1,1396,240,698,698,9,9,9,{9}
2021-03-28,ECMEC,Manta,ECGYE,Guayaquil,1,1,"APL; ONE; X-Press",3,3,1345,437,1341,1347,1,1,1,{1}
2021-03-28,ECPBO,"Puerto Bolivar EC",ECGYE,Guayaquil,2,2,"Maersk Line; MSC; SeaLand",3,17,8423.1,2382.17142857143,4045,4931,1,1,1,"{1,1}"
2021-03-28,ECPBO,"Puerto Bolivar EC",PABLB,Balboa,2,2,"Alianca; APL; CMA CGM; Hamburg Sud; Maersk Line; SeaLand",6,15,6753.7,1703.6,2550,4258,1,1.5,2,"{1,2}"
2021-03-28,ECPSJ,"Puerto de Posorja",ECGYE,Guayaquil,1,1,"APL; CMA CGM; COSCO; Hapag-Lloyd",4,2,4047.5,700,4045,4050,1,1,1,{1}
2021-03-28,ECPSJ,"Puerto de Posorja",PAMIT,Manzanillo,1,1,"APL; CMA CGM; COSCO; Hamburg Sud; Hapag-Lloyd; Maersk Line; OOCL",7,9,10723.8888888889,1782.22222222222,9400,11519,3,3,3,{3}
2021-03-28,ECPSJ,"Puerto de Posorja",PECLL,Callao,1,1,"APL; CMA CGM; COSCO; Hamburg Sud; Hapag-Lloyd; Maersk Line; OOCL",7,9,10723.8888888889,1782.22222222222,9400,11519,2,2,2,{2}
2021-03-28,EETLL,"Tallinn Estonia",FIRAU,"Rauma Finland",1,1,"Hapag-Lloyd; ONE",2,2,1440,316,1440,1440,1,1,1,{1}
2021-03-28,EETLL,"Tallinn Estonia",LVRIX,Riga,2,2,"APL; CMA CGM; Containerships; Evergreen Line; Hapag-Lloyd; OOCL; Unifeeder",7,8,1954.4,325.266666666667,850,1036,1,1.5,2,"{1,2}"
2021-03-28,EETLL,"Tallinn Estonia",SEGVX,Gavle,1,1,"Maersk Line; SeaLand",2,2,1578,130,1578,1578,2,2,2,{2}
2021-03-28,EGALY,Alexandria,EGDAM,Damietta,2,2,"APL; CMA CGM; Hapag-Lloyd; ONE; OOCL; Unimed Feeder Services-UFS",6,9,7776.8,870.9,2790,5095,0,0.5,1,"{1,0}"
2021-03-28,EGALY,Alexandria,EGPSD,"Port Said",1,1,"Admiral; APL; Arkas Line; CMA CGM; Hapag-Lloyd; OOCL; Tarros; Turkon",8,3,3642,722.571428571429,2824,2837,1,1,1,{1}
2021-03-28,EGALY,Alexandria,ILASH,Ashdod,1,1,"Borchard Lines Ltd",1,2,666,116,660,672,2,2,2,{2}
2021-03-28,EGALY,Alexandria,ILHFA,Haifa,1,1,"Alianca; Borchard Lines Ltd; Hamburg Sud; Maersk Line; SeaLand",5,5,5770.4,1192,5552,6644,0,0,0,{0}
2021-03-28,EGALY,Alexandria,ITSAL,Salerno,1,1,"APL; Arkas Line; CMA CGM; Messina; Tarros",5,4,2054.89285714286,304.714285714286,1445,1740,3,3,3,{3}
2021-03-28,EGALY,Alexandria,LBBEY,Beirut,4,4,"Alianca; APL; Arkas Line; CMA CGM; COSCO; Evergreen Line; Hamburg Sud; Hapag-Lloyd; Maersk Line; Messina; MSC; OOCL; Tarros; Unimed Feeder Services-UFS",14,12,12055.8214285714,1575.63095238095,1064,2926,1,1,3,"{1,1,1,3}"
2021-03-28,EGALY,Alexandria,MTMAR,"Malta (Marsaxlokk)",1,1,"APL; CMA CGM",2,4,2245,500,2200,2260,3,3,3,{3}
2021-03-28,EGALY,Alexandria,ROCND,Constanta,1,1,MSC,1,5,2520,166,2480,2680,3,3,3,{3}
2021-03-28,EGALY,Alexandria,TRIZM,Izmir,1,1,"Borchard Lines Ltd",1,3,1216,200,1216,1216,3,3,3,{3}
2021-03-28,EGALY,Alexandria,TRMER,Mersin,5,5,"Arkas Line; COSCO; Hapag-Lloyd; Maersk Line; Marguisa; Medkon; ONE; OOCL; SeaLand; Turkon; X-Press; Yang Ming; ZIM",13,19,10942.5404761905,1717.69047619048,672,4892,1,1,2,"{2,1,1,1,2}"
2021-03-28,EGDAM,Damietta,EGALY,Alexandria,2,2,"APL; CMA CGM; MSC",3,7,3353,626.666666666667,1064,2260,1,1,1,"{1,1}"
2021-03-28,EGDAM,Damietta,EGPSD,"Port Said",1,1,"APL; CMA CGM",2,3,1313.66666666667,369,1201,1402,1,1,1,{1}
2021-03-28,EGDAM,Damietta,ESBCN,Barcelona,1,1,"Hapag-Lloyd; Hyundai; ONE; Yang Ming",4,11,11047.9090909091,709.090909090909,13169,13870,3,3,3,{3}
2021-03-28,EGDAM,Damietta,GRPIR,Piraeus,1,1,"COSCO; Hapag-Lloyd; ONE; OOCL; X-Press; Yang Ming",6,9,6232.33333333333,449.555555555556,5500,6921,2,2,2,{2}
2021-03-28,EGDAM,Damietta,ITGIT,"Gioia Tauro",1,1,MSC,1,2,1671.5,302,1658,1685,5,5,5,{5}
2021-03-28,EGDAM,Damietta,JOAQB,Aqaba,1,1,"APL; CMA CGM; COSCO; Hapag-Lloyd; OOCL",5,8,7214.625,615.75,5618,8465,2,2,2,{2}
2021-03-28,EGDAM,Damietta,LBBEY,Beirut,2,2,"APL; CMA CGM; Hapag-Lloyd; ONE; OOCL; Unimed Feeder Services-UFS",6,9,7776.8,870.9,2790,5095,1,1.5,2,"{2,1}"
2021-03-28,EGDAM,Damietta,RUNVS,Novorossiysk,1,1,"APL; CMA CGM",2,2,912.5,243,868,957,4,4,4,{4}
2021-03-28,EGDAM,Damietta,SAJED,Jeddah,3,3,"ANL; APL; CMA CGM; COSCO; Hapag-Lloyd; Hyundai; ONE; OOCL; X-Press; Yang Ming",10,27,26284.8138528139,2375.78932178932,5500,13870,3,3,5,"{5,3,3}"
2021-03-28,EGDAM,Damietta,SIKOP,Koper,1,1,"Hapag-Lloyd; ONE",2,3,1731,325.666666666667,1713,1740,3,3,3,{3}
2021-03-28,EGDAM,Damietta,SYLTK,Lattakia,1,1,"Maersk Line; SeaLand; Unimed Feeder Services-UFS",3,1,1128,200,1128,1128,2,2,2,{2}
2021-03-28,EGDAM,Damietta,USNYC,"New York NY/NJ",1,1,"ANL; APL; CMA CGM; Hapag-Lloyd; ONE; OOCL",6,9,9476.88888888889,737.777777777778,8063,10114,13,13,13,{13}
2021-03-28,EGEDK,"El Dekheila",ITRAN,Ravenna,1,1,"MSC; SeaLand",2,3,2229.66666666667,384,2078,2442,4,4,4,{4}
2021-03-28,EGEDK,"El Dekheila",LBBEY,Beirut,1,1,MSC,1,4,2458.5,336,2394,2550,4,4,4,{4}
2021-03-28,EGEDK,"El Dekheila",TRISK,Iskenderun,1,1,"COSCO; Evergreen Line; OOCL; Yang Ming",4,5,3401.2,328,4250,4253,1,1,1,{1}
2021-03-28,EGEDK,"El Dekheila",TRMER,Mersin,1,1,"MSC; WEC Lines",2,5,7321,660,6494,8762,1,1,1,{1}
2021-03-28,EGPSD,"Port Said",DJJIB,Djibouti,1,1,"APL; Maersk Line; SeaLand",3,11,6362.72727272727,500,6188,6696,4,4,4,{4}
2021-03-28,EGPSD,"Port Said",EGALY,Alexandria,2,2,"MSC; ZIM",2,8,3657.66666666667,379.333333333333,1083,2680,0,0.5,1,"{1,0}"
2021-03-28,EGPSD,"Port Said",EGDAM,Damietta,2,2,"APL; CMA CGM; Maersk Line; SeaLand; Unimed Feeder Services-UFS",5,3,2040.5,443,868,1128,0,0.5,1,"{0,1}"
2021-03-28,EGPSD,"Port Said",GBFXT,Felixstowe,1,1,"Alianca; Borchard Lines Ltd; Hamburg Sud; Maersk Line; SeaLand",5,5,5770.4,1192,5552,6644,11,11,11,{11}
2021-03-28,EGPSD,"Port Said",GRPIR,Piraeus,1,1,"Maersk Line; MSC; SeaLand; ZIM",4,11,18905.4545454545,1649.09090909091,15908,19224,2,2,2,{2}
2021-03-28,EGPSD,"Port Said",ILASH,Ashdod,1,1,ZIM,1,1,1496,276,1496,1496,1,1,1,{1}
2021-03-28,EGPSD,"Port Said",ILHFA,Haifa,1,1,"Alianca; Hamburg Sud; Maersk Line; MSC; SeaLand; ZIM",6,11,15117.8181818182,1000,14036,15226,0,0,0,{0}
2021-03-28,EGPSD,"Port Said",LBBEY,Beirut,3,3,"Admiral; APL; Arkas Line; CMA CGM; CNC Line-Cheng Lie Navigation Co. Ltd.; COSCO; Evergreen Line; Hapag-Lloyd; OOCL; Tarros; Turkon",11,14,14360.1,2104.17142857143,951,11388,0,2,3,"{3,0,2}"
2021-03-28,EGPSD,"Port Said",LBKYE,"Tripoli Lebanon",1,1,"ANL; APL; CMA CGM; COSCO; Hapag-Lloyd",5,7,9004.57142857143,1217.14285714286,8004,9962,1,1,1,{1}
2021-03-28,EGPSD,"Port Said",LYBEN,Bingazi,1,1,"Maersk Line; SeaLand; Unimed Feeder Services-UFS",3,1,1724,408,862,862,3,3,3,{3}
2021-03-28,EGPSD,"Port Said",LYMRA,Misurata,1,1,"APL; CMA CGM",2,3,1313.66666666667,369,1201,1402,3,3,3,{3}
2021-03-28,EGPSD,"Port Said",MTMAR,"Malta (Marsaxlokk)",2,2,"Hamburg Sud; Maersk Line; MSC; SeaLand; Unimed Feeder Services-UFS",5,16,23723.9487179487,2092.74358974359,862,23756,3,3.5,4,"{4,3}"
2021-03-28,EGPSD,"Port Said",NLRTM,Rotterdam,1,1,"Alianca; Hamburg Sud; Maersk Line; MSC",4,11,15052.7272727273,1018.54545454545,13200,19630,8,8,8,{8}
2021-03-28,EGPSD,"Port Said",SAJED,Jeddah,4,4,"ANL; APL; CMA CGM; CNC Line-Cheng Lie Navigation Co. Ltd.; COSCO; Evergreen Line; Hamburg Sud; Hapag-Lloyd; Maersk Line; ONE; OOCL; SeaLand; Turkon",13,37,32846.6888888889,3348.57777777778,5551,11388,2,3,3,"{3,3,2,3}"
2021-03-28,EGPSD,"Port Said",SAKAC,"King Abdullah City",2,2,"Alianca; Hamburg Sud; Maersk Line; MSC; SeaLand; ZIM",6,24,37786.4335664336,2791.07692307692,14036,23756,1,2,3,"{1,3}"
2021-03-28,EGPSD,"Port Said",TRAMB,"Istanbul (Ambarli)",1,1,"Hamburg Sud; Maersk Line; SeaLand",3,8,6804,820.5,6690,7154,3,3,3,{3}
2021-03-28,EGPSD,"Port Said",TRISK,Iskenderun,1,1,"Maersk Line; SeaLand",2,1,2478,400,2478,2478,2,2,2,{2}
2021-03-28,EGSOK,Sokhna,JOAQB,Aqaba,2,2,"APL; CMA CGM; CNC Line-Cheng Lie Navigation Co. Ltd.; COSCO; Evergreen Line; OOCL; PIL",7,17,20948.1527777778,1358.33333333333,10086,14500,1,1,1,"{1,1}"
2021-03-28,EGSOK,Sokhna,SAJED,Jeddah,2,2,"Alianca; GFS; Hamburg Sud; Hapag-Lloyd; Maersk Line; ONE; Wan Hai; Yang Ming",8,13,7729.45,703.15,2732,6258,1,2.5,4,"{1,4}"
2021-03-28,ERMSW,Massawa,SAJED,Jeddah,1,1,"CMA CGM",1,1,2643.42857142857,339.428571428571,1542,1542,2,2,2,{2}
2021-03-28,ESACE,Arrecife,ESBCN,Barcelona,1,1,"Arkas Line; Nisa Maritima",2,2,946,210,942,950,5,5,5,{5}
2021-03-28,ESACE,Arrecife,ESFUE,"Puerto del Rosario",1,1,"WEC Lines",1,2,868,234,868,868,0,0,0,{0}
2021-03-28,ESAGP,Malaga,ESVLC,Valencia,1,1,"Hapag-Lloyd; ZIM",2,8,4692,382.5,4253,6712,2,2,2,{2}
2021-03-28,ESALC,Alicante,ESBCN,Barcelona,1,1,"Arkas Line; Boluda Lines; CMA CGM",3,2,1730,350,1730,1730,3,3,3,{3}
2021-03-28,ESALG,Algeciras,BJCOO,Cotonou,2,2,"APL; Arkas Line; CMA CGM; Hapag-Lloyd; Maersk Line; ONE",6,14,5930.58333333333,581.583333333333,2452,4308,9,9.5,10,"{10,9}"
2021-03-28,ESALG,Algeciras,BRSSZ,Santos,1,1,"Alianca; CMA CGM; COSCO; Hamburg Sud; Hapag-Lloyd; Maersk Line",6,8,9669,1600,9669,9669,11,11,11,{11}
2021-03-28,ESALG,Algeciras,CGPNR,"Pointe Noire",1,1,"APL; CMA CGM; NileDutch",3,7,3851,412.857142857143,3508,4250,13,13,13,{13}
2021-03-28,ESALG,Algeciras,DEBRV,Bremerhaven,1,1,"Alianca; Hamburg Sud; Hapag-Lloyd; Maersk Line; MSC; SeaLand",6,13,18623.5384615385,662.153846153846,18270,20568,4,4,4,{4}
2021-03-28,ESALG,Algeciras,DZALG,Algiers,1,1,"Maersk Line; SeaLand",2,1,3194.28571428571,628.571428571429,1118,1118,1,1,1,{1}
2021-03-28,ESALG,Algeciras,DZGHZ,Ghazaouet,1,1,"Arkas Line; CMA CGM",2,2,1102,245,1073,1131,1,1,1,{1}
2021-03-28,ESALG,Algeciras,DZORN,Oran,1,1,"Maersk Line; SeaLand",2,1,2228,440,1114,1114,2,2,2,{2}
2021-03-28,ESALG,Algeciras,EGALY,Alexandria,1,1,"Arkas Line; Hapag-Lloyd; Maersk Line; Marguisa; ONE; SeaLand",6,4,1954.75,415.5,1604,2474,6,6,6,{6}
2021-03-28,ESALG,Algeciras,EGPSD,"Port Said",1,1,"APL; Maersk Line; SeaLand",3,11,6362.72727272727,500,6188,6696,6,6,6,{6}
2021-03-28,ESALG,Algeciras,ESBCN,Barcelona,1,1,"Hamburg Sud; Maersk Line; MSC; SeaLand",4,8,7647.25,637.875,6478,8762,2,2,2,{2}
2021-03-28,ESALG,Algeciras,ESGIJ,Gijon,1,1,"Hapag-Lloyd; Maersk Line; Marguisa; X-Press",4,3,866,224,862,868,3,3,3,{3}
2021-03-28,ESALG,Algeciras,ESSCT,Tenerife,2,2,"Alianca; Hamburg Sud; Hapag-Lloyd; Maersk Line; Marguisa; X-Press",6,9,6515.85714285714,609.285714285714,862,4496,0,1.5,3,"{3,0}"
2021-03-28,ESALG,Algeciras,ESVGO,Vigo,2,2,"CMA CGM; Containerships; X-Press",3,2,1898,484,862,1036,2,2,2,"{2,2}"
2021-03-28,ESALG,Algeciras,ESVLC,Valencia,3,3,"Alianca; APL; Arkas Line; CMA CGM; Hamburg Sud; Hapag-Lloyd; Maersk Line; Marguisa; OOCL; SeaLand; X-Press",11,13,7561.08333333333,915.166666666667,707,5078,1,2,2,"{2,1,2}"
2021-03-28,ESALG,Algeciras,FRDKK,Dunkirk,1,1,"APL; CMA CGM; COSCO; NileDutch; OOCL",5,6,4387.5,493.333333333333,3765,4957,4,4,4,{4}
2021-03-28,ESALG,Algeciras,FRFOS,"Marseilles-Fos (Fos)",1,1,"APL; CMA CGM; COSCO; Hapag-Lloyd; ONE; OOCL; Yang Ming; ZIM",8,6,7129.16666666667,600,8063,8749,2,2,2,{2}
2021-03-28,ESALG,Algeciras,GBLGP,"London Gateway",1,1,"APL; CMA CGM",2,6,2150,565,2100,2200,4,4,4,{4}
2021-03-28,ESALG,Algeciras,GBSOU,Southampton,1,1,"APL; CMA CGM; ONE",3,5,4791.8,346.4,4308,5095,5,5,5,{5}
2021-03-28,ESALG,Algeciras,GHTEM,Tema,1,1,"Maersk Line",1,5,4000.4,461.6,3388,4496,7,7,7,{7}
2021-03-28,ESALG,Algeciras,GNCKY,Conakry,1,1,"Hamburg Sud; Maersk Line",2,4,2494,434,2474,2546,6,6,6,{6}
2021-03-28,ESALG,Algeciras,GRPIR,Piraeus,1,1,"Maersk Line; SeaLand",2,10,4194.1,1103.6,4045,4258,5,5,5,{5}
2021-03-28,ESALG,Algeciras,ILHFA,Haifa,1,1,"COSCO; ONE; OOCL; Yang Ming",4,6,4470.66666666667,420,4250,4892,6,6,6,{6}
2021-03-28,ESALG,Algeciras,MACAS,Casablanca,2,2,"APL; Arkas Line; CMA CGM; COSCO; Messina; NileDutch; Tarros",7,9,5452.29285714286,793.114285714286,1445,4363,1,1,1,"{1,1}"
2021-03-28,ESALG,Algeciras,MAPTM,Tanger,9,8,"Alianca; APL; Arkas Line; CMA CGM; Hamburg Sud; Hapag-Lloyd; Maersk Line; Marguisa; SeaLand; X-Press",10,47,32408.6380952381,5510.90952380952,707,10034,0,1,2,"{1,2,2,1,0,2,1,1,1}"
2021-03-28,ESALG,Algeciras,MTMAR,"Malta (Marsaxlokk)",1,1,"CMA CGM; Marfret; Marguisa; X-Press",4,8,6756.75,1100,6673,6881,2,2,2,{2}
2021-03-28,ESALG,Algeciras,NLRTM,Rotterdam,1,1,"DAL-Deutsche Afrika Linien; Hamburg Sud; Maersk Line; Marguisa; ONE; SeaLand",6,9,7689.88888888889,1484.66666666667,6589,9162,9,9,9,{9}
2021-03-28,ESALG,Algeciras,PTLEI,Leixoes,1,1,"GS Lines; Maersk Line",2,1,2214.85714285714,617.142857142857,969,969,2,2,2,{2}
2021-03-28,ESALG,Algeciras,PTSIE,Sines,2,2,"Hamburg Sud; Maersk Line; MSC; SeaLand",4,15,16141.3928571429,1409.30357142857,6478,9200,1,1,1,"{1,1}"
2021-03-28,ESALG,Algeciras,SAJED,Jeddah,1,1,"CMA CGM; COSCO; Hapag-Lloyd; ONE; OOCL",5,8,9088.125,738.75,5688,13556,9,9,9,{9}
2021-03-28,ESALG,Algeciras,SGSIN,Singapore,1,1,"Maersk Line; MSC; SeaLand",3,10,14007.8,800.4,12400,20568,18,18,18,{18}
2021-03-28,ESALG,Algeciras,SLFNA,Freetown,1,1,"APL; CMA CGM",2,5,2128.6,238,1691,2285,7,7,7,{7}
2021-03-28,ESALG,Algeciras,SNDKR,Dakar,2,2,"APL; CMA CGM; COSCO; Messina; MSC; NileDutch; OOCL",7,9,9502.83333333333,1484,2303,4957,4,6,8,"{8,4}"
2021-03-28,ESALG,Algeciras,TNTUN,Tunis,1,1,"CMA CGM; Maersk Line; SeaLand; X-Press",4,1,1736,468,868,868,2,2,2,{2}
2021-03-28,ESALG,Algeciras,USNYC,"New York NY/NJ",3,3,"APL; COSCO; Hapag-Lloyd; Maersk Line; ONE; OOCL; SeaLand; Turkon; X-Press; Yang Ming",10,22,13540.8510822511,1472.85714285714,1878,6696,7,9,10,"{9,7,10}"
2021-03-28,ESALG,Algeciras,ZACPT,"Cape Town",1,1,"DAL-Deutsche Afrika Linien; Hamburg Sud; Maersk Line; Marguisa; ONE; SeaLand",6,9,7689.88888888889,1484.66666666667,6589,9162,13,13,13,{13}
2021-03-28,ESBCN,Barcelona,DZALG,Algiers,1,1,"Maersk Line; SeaLand",2,2,865,252,862,868,1,1,1,{1}
2021-03-28,ESBCN,Barcelona,DZBJA,Bejaia,1,1,MSC,1,3,632.380952380952,112.380952380952,1080,1122,1,1,1,{1}
2021-03-28,ESBCN,Barcelona,DZORN,Oran,1,1,MSC,1,2,1109,220,1100,1118,1,1,1,{1}
2021-03-28,ESBCN,Barcelona,ESALG,Algeciras,1,1,"APL; Arkas Line; CMA CGM; Marguisa; X-Press",5,3,707,150,707,707,2,2,2,{2}
2021-03-28,ESBCN,Barcelona,ESCAS,Castellon,2,2,"Arkas Line; Borchard Lines Ltd; CNAN-MED; Hapag-Lloyd",4,5,2896,464,1216,1756,1,1,1,"{1,1}"
2021-03-28,ESBCN,Barcelona,ESSAG,Sagunto,1,1,"Arkas Line; Nisa Maritima",2,2,946,210,942,950,1,1,1,{1}
2021-03-28,ESBCN,Barcelona,ESVLC,Valencia,16,16,"Alianca; APL; Arkas Line; Boluda Lines; CMA CGM; COSCO; Hamburg Sud; Hapag-Lloyd; Hyundai; Maersk Line; Marfret; Marguisa; MSC; ONE; OOCL; SeaLand; WEC Lines; X-Press; Yang Ming; ZIM",20,93,83974.4744755245,8670.37616550117,868,23756,0,1,4,"{2,2,2,0,2,1,1,0,0,1,0,1,2,4,1,0}"
2021-03-28,ESBCN,Barcelona,FRFOS,"Marseilles-Fos (Fos)",2,2,"APL; CMA CGM; CNC Line-Cheng Lie Navigation Co. Ltd.; COSCO; Evergreen Line; Hapag-Lloyd; OOCL",7,19,19025.1704545455,1483.02272727273,5618,14812,0,0.5,1,"{0,1}"
2021-03-28,ESBCN,Barcelona,GRPIR,Piraeus,2,2,"APL; Arkas Line; CMA CGM; Hapag-Lloyd; Maersk Line; ZIM",6,7,5143.66666666667,975.333333333333,2474,2872,3,3,3,"{3,3}"
2021-03-28,ESBCN,Barcelona,ITGIT,"Gioia Tauro",1,1,MSC,1,3,4340.33333333333,403.333333333333,4132,4549,2,2,2,{2}
2021-03-28,ESBCN,Barcelona,ITGOA,Genoa,2,2,"Alianca; APL; Arkas Line; CMA CGM; Hamburg Sud; Hapag-Lloyd; Maersk Line; MSC; OOCL; ZIM",10,12,11140.75,1413,1445,9403,1,1,1,"{1,1}"
2021-03-28,ESBCN,Barcelona,MTMAR,"Malta (Marsaxlokk)",1,1,"Hamburg Sud; Maersk Line; MSC; SeaLand",4,8,7647.25,637.875,6478,8762,2,2,2,{2}
2021-03-28,ESBCN,Barcelona,PTSIE,Sines,1,1,"MSC; SCI-Shipping Corp. of India",2,9,12649.2222222222,833.333333333333,7455,14000,2,2,2,{2}
2021-03-28,ESBIO,Bilbao,BEANR,Antwerp,1,1,"MSC; WEC Lines",2,3,1818.66666666667,263.333333333333,1728,1893,4,4,4,{4}
2021-03-28,ESBIO,Bilbao,ESALG,Algeciras,1,1,"Hapag-Lloyd; Maersk Line; Marguisa; X-Press",4,3,866,224,862,868,3,3,3,{3}
2021-03-28,ESBIO,Bilbao,ESGIJ,Gijon,3,3,"CMA CGM; COSCO; MSC; WEC Lines; X-Press",5,6,3670.16666666667,663.333333333333,809,1893,0,1,1,"{1,0,1}"
2021-03-28,ESBIO,Bilbao,ESVGO,Vigo,1,1,"MSC; WEC Lines",2,2,815.5,150,809,822,2,2,2,{2}
2021-03-28,ESCAD,Cadiz,ESHUV,Huelva,1,1,"APL; CMA CGM; Containerships; DAL-Deutsche Afrika Linien",4,3,871,236,868,877,1,1,1,{1}
2021-03-28,ESCAD,Cadiz,ESVIL,Vilagarcia,1,1,"ANL; Boluda Lines; CMA CGM",3,1,2016,,1008,1008,2,2,2,{2}
2021-03-28,ESCAD,Cadiz,ESVLC,Valencia,1,1,"WEC Lines",1,2,868,234,868,868,3,3,3,{3}
2021-03-28,ESCAS,Castellon,ESBCN,Barcelona,1,1,"APL; Arkas Line; CMA CGM; Hapag-Lloyd; Maersk Line; ZIM",6,3,2480.66666666667,489.333333333333,2474,2490,1,1,1,{1}
2021-03-28,ESCAS,Castellon,ESVLC,Valencia,2,2,"Arkas Line; CNAN-MED; COSCO; Hapag-Lloyd; Messina; MSC; OOCL",7,5,6795.33333333333,1254.66666666667,1604,2824,0,0.5,1,"{0,1}"
2021-03-28,ESCAS,Castellon,ITGOA,Genoa,1,1,"Borchard Lines Ltd",1,3,1216,200,1216,1216,2,2,2,{2}
2021-03-28,ESCAS,Castellon,ITSAL,Salerno,1,1,"Borchard Lines Ltd",1,4,868,171,868,868,2,2,2,{2}
2021-03-28,ESCAS,Castellon,PTLEI,Leixoes,1,1,"Borchard Lines Ltd",1,4,868,171,868,868,5,5,5,{5}
2021-03-28,ESFRO,Ferrol,ESLPA,"Las Palmas, Can Is",1,1,"APL; CMA CGM; Containerships; DAL-Deutsche Afrika Linien",4,3,871,236,868,877,3,3,3,{3}
2021-03-28,ESFUE,"Puerto del Rosario",ESCAD,Cadiz,1,1,"WEC Lines",1,2,868,234,868,868,2,2,2,{2}
2021-03-28,ESGIJ,Gijon,BEZEE,Zeebrugge,1,1,"CMA CGM; COSCO; X-Press",3,1,1036,250,1036,1036,3,3,3,{3}
2021-03-28,ESGIJ,Gijon,ESBIO,Bilbao,3,3,"Hapag-Lloyd; Maersk Line; Marguisa; MSC; WEC Lines; X-Press",6,8,3500.16666666667,637.333333333333,809,1893,0,1,1,"{1,1,0}"
2021-03-28,ESGIJ,Gijon,ESVGO,Vigo,1,1,"MSC; WEC Lines",2,3,1818.66666666667,263.333333333333,1728,1893,1,1,1,{1}
2021-03-28,ESHUV,Huelva,GBTIL,Tilbury,1,1,"APL; CMA CGM; Containerships; DAL-Deutsche Afrika Linien",4,3,871,236,868,877,4,4,4,{4}
2021-03-28,ESLPA,"Las Palmas, Can Is",ESSCT,Tenerife,6,6,"ANL; APL; Arkas Line; Boluda Lines; CMA CGM; Containerships; DAL-Deutsche Afrika Linien; MSC; Nisa Maritima; WEC Lines",10,12,7246.5,1180,809,1730,0,1,1,"{0,1,1,0,1,1}"
2021-03-28,ESLPA,"Las Palmas, Can Is",GBLGP,"London Gateway",1,1,"Hapag-Lloyd; MSC; Stinnes",3,9,7760.77777777778,814.777777777778,5962,9400,4,4,4,{4}
2021-03-28,ESLPA,"Las Palmas, Can Is",MAAGA,Agadir,2,2,"Hapag-Lloyd; Maersk Line; Marguisa; MSC; X-Press",5,10,3556.85714285714,438.285714285714,862,3430,1,1,1,"{1,1}"
2021-03-28,ESLPA,"Las Palmas, Can Is",SNDKR,Dakar,2,2,MSC,1,14,7586.42857142857,730,3005,5711,2,2.5,3,"{2,3}"
2021-03-28,ESLPA,"Las Palmas, Can Is",ZACPT,"Cape Town",1,1,"Hapag-Lloyd; MSC; Stinnes",3,9,7760.77777777778,814.777777777778,5962,9400,13,13,13,{13}
2021-03-28,ESMPG,Marin,ESALG,Algeciras,1,1,X-Press,1,1,862,234,862,862,1,1,1,{1}
2021-03-28,ESSAG,Sagunto,ESSCT,Tenerife,1,1,"Arkas Line; Nisa Maritima",2,2,946,210,942,950,3,3,3,{3}
2021-03-28,ESSAG,Sagunto,ITSAL,Salerno,1,1,"Arkas Line; CMA CGM; Hapag-Lloyd",3,6,3926.33333333333,933.333333333333,3832,4115,3,3,3,{3}
2021-03-28,ESSCT,Tenerife,ESACE,Arrecife,2,2,"Arkas Line; Nisa Maritima; WEC Lines",3,4,1814,444,868,950,1,1,1,"{1,1}"
2021-03-28,ESSCT,Tenerife,ESLPA,"Las Palmas, Can Is",2,2,"Arkas Line; Hapag-Lloyd; Maersk Line; Marguisa; Nisa Maritima; X-Press",6,5,1812,434,862,950,1,1,1,"{1,1}"
2021-03-28,ESSCT,Tenerife,ESSPC,"Santa Cruz de la Palma",2,2,"ANL; Arkas Line; Boluda Lines; CMA CGM",4,3,3746,350,1008,1730,1,1,1,"{1,1}"
2021-03-28,ESSCT,Tenerife,MACAS,Casablanca,1,1,"APL; CMA CGM; Containerships; DAL-Deutsche Afrika Linien",4,3,871,236,868,877,2,2,2,{2}
2021-03-28,ESSCT,Tenerife,NGTIN,"Lagos, Tin Can",1,1,"Alianca; Hamburg Sud; Maersk Line",3,6,5649.85714285714,385.285714285714,4132,4496,5,5,5,{5}
2021-03-28,ESSCT,Tenerife,PTSIE,Sines,1,1,"MSC; WEC Lines",2,2,815.5,150,809,822,1,1,1,{1}
2021-03-28,ESSPC,"Santa Cruz de la Palma",ESALC,Alicante,1,1,"Arkas Line; Boluda Lines; CMA CGM",3,2,1730,350,1730,1730,4,4,4,{4}
2021-03-28,ESSPC,"Santa Cruz de la Palma",ESCAD,Cadiz,1,1,"ANL; Boluda Lines; CMA CGM",3,1,2016,,1008,1008,2,2,2,{2}
2021-03-28,ESTAR,Tarragona,ESBCN,Barcelona,1,1,"WEC Lines",1,2,868,234,868,868,1,1,1,{1}
2021-03-28,ESTAR,Tarragona,TRMER,Mersin,1,1,"Hapag-Lloyd; Yang Ming; ZIM",3,8,4250.75,382.5,4250,4253,5,5,5,{5}
2021-03-28,ESVGO,Vigo,CAMTR,Montreal,1,1,"Arkas Line; CMA CGM; Hapag-Lloyd",3,6,3926.33333333333,933.333333333333,3832,4115,7,7,7,{7}
2021-03-28,ESVGO,Vigo,ESBIO,Bilbao,1,1,"MSC; WEC Lines",2,2,815.5,150,809,822,2,2,2,{2}
2021-03-28,ESVGO,Vigo,ESMPG,Marin,1,1,X-Press,1,1,862,234,862,862,0,0,0,{0}
2021-03-28,ESVGO,Vigo,MAPTM,Tanger,1,1,"APL; CMA CGM",2,7,967.857142857143,254.285714285714,862,1221,2,2,2,{2}
2021-03-28,ESVGO,Vigo,NLRTM,Rotterdam,1,1,"MSC; WEC Lines",2,2,868,150,868,868,3,3,3,{3}
2021-03-28,ESVGO,Vigo,PTLEI,Leixoes,2,2,"APL; Arkas Line; CMA CGM; Containerships; Marguisa; X-Press",6,4,1743,400,707,1036,0,0.5,1,"{1,0}"
2021-03-28,ESVGO,Vigo,PTLIS,Lisbon,2,2,"APL; CMA CGM; Hapag-Lloyd; MSC; OOCL; Samskip; WEC Lines; X-Press",8,4,2517,433,1008,1578,2,2,2,"{2,2}"
2021-03-28,ESVGO,Vigo,PTSIE,Sines,2,2,"MSC; WEC Lines",2,5,2634.16666666667,413.333333333333,809,1893,1,1,1,"{1,1}"
2021-03-28,ESVIL,Vilagarcia,PTLEI,Leixoes,1,1,"ANL; Boluda Lines; CMA CGM",3,1,2016,,1008,1008,1,1,1,{1}
2021-03-28,ESVLC,Valencia,BRSUA,Suape,1,1,"Hapag-Lloyd; MSC; ZIM",3,8,8930,1107,8704,9403,12,12,12,{12}
2021-03-28,ESVLC,Valencia,CAHAL,Halifax,2,2,"Hapag-Lloyd; MSC; Yang Ming; ZIM",4,13,8807.95,902.5,4132,5059,9,9,9,"{9,9}"
2021-03-28,ESVLC,Valencia,COCTG,Cartagena,2,2,"Alianca; Hamburg Sud; Hapag-Lloyd; Maersk Line; ZIM",5,20,8975.08333333333,744.333333333333,4253,6712,12,13,14,"{12,14}"
2021-03-28,ESVLC,Valencia,DZAAE,Annaba,1,1,MSC,1,1,2236,440,1118,1118,2,2,2,{2}
2021-03-28,ESVLC,Valencia,DZALG,Algiers,1,1,"Arkas Line; CNAN-MED; Hapag-Lloyd",3,2,1680,264,1604,1756,2,2,2,{2}
2021-03-28,ESVLC,Valencia,DZSKI,Skikda,1,1,MSC,1,1,1104,150,1104,1104,1,1,1,{1}
2021-03-28,ESVLC,Valencia,EGEDK,"El Dekheila",1,1,"MSC; WEC Lines",2,5,7321,660,6494,8762,6,6,6,{6}
2021-03-28,ESVLC,Valencia,ESALG,Algeciras,5,5,"APL; CMA CGM; COSCO; Hamburg Sud; Maersk Line; Marguisa; Messina; MSC; NileDutch; OOCL; SeaLand",11,29,27979.6261904762,3321.5369047619,1970,9200,1,1,2,"{2,1,2,1,1}"
2021-03-28,ESVLC,Valencia,ESBCN,Barcelona,9,9,"Alianca; APL; Arkas Line; CMA CGM; CNC Line-Cheng Lie Navigation Co. Ltd.; COSCO; Evergreen Line; Hamburg Sud; Hapag-Lloyd; Maersk Line; Marguisa; MSC; OOCL; X-Press; ZIM",15,43,38058.6347402597,3931.73701298701,707,14812,0,1,2,"{0,1,1,0,1,1,1,2,1}"
2021-03-28,ESVLC,Valencia,ESCAS,Castellon,1,1,"APL; Arkas Line; CMA CGM; Hapag-Lloyd; Maersk Line; ZIM",6,3,2480.66666666667,489.333333333333,2474,2490,1,1,1,{1}
2021-03-28,ESVLC,Valencia,ESLPA,"Las Palmas, Can Is",3,3,"Arkas Line; Boluda Lines; CMA CGM; MSC; WEC Lines",5,11,7493.57142857143,1099.71428571429,868,5711,3,3,3,"{3,3,3}"
2021-03-28,ESVLC,Valencia,ESTAR,Tarragona,2,2,"Hapag-Lloyd; WEC Lines; Yang Ming; ZIM",4,10,5118.75,616.5,868,4253,1,1,1,"{1,1}"
2021-03-28,ESVLC,Valencia,FRFOS,"Marseilles-Fos (Fos)",1,1,"Hamburg Sud; Maersk Line; SeaLand",3,6,4643.33333333333,459.166666666667,4154,5078,1,1,1,{1}
2021-03-28,ESVLC,Valencia,GBFXT,Felixstowe,2,2,"Alianca; Borchard Lines Ltd; COSCO; Hamburg Sud; Hapag-Lloyd; Maersk Line; MSC; OOCL; SeaLand; Turkon; ZIM",11,10,12511.6,1330.8,2682,8495,4,4.5,5,"{5,4}"
2021-03-28,ESVLC,Valencia,GBLGP,"London Gateway",1,1,"ANL; APL; CMA CGM; MSC",4,14,8944.14285714286,863.571428571429,8189,9572,4,4,4,{4}
2021-03-28,ESVLC,Valencia,GPPTP,Pointe-a-Pitre,1,1,"CMA CGM; Marfret; Marguisa; X-Press",4,8,6756.75,1100,6673,6881,9,9,9,{9}
2021-03-28,ESVLC,Valencia,GRPIR,Piraeus,1,1,"APL; CMA CGM; CNC Line-Cheng Lie Navigation Co. Ltd.; COSCO; Evergreen Line; OOCL",6,10,13815.4,886,13092,14500,4,4,4,{4}
2021-03-28,ESVLC,Valencia,ITGIT,"Gioia Tauro",4,4,"Hamburg Sud; Maersk Line; MSC; SeaLand",4,38,45183.0569430569,4140.58341658342,4549,23756,2,2,3,"{2,3,2,2}"
2021-03-28,ESVLC,Valencia,ITLIV,Leghorn,2,2,"Alianca; Hamburg Sud; Hapag-Lloyd; Maersk Line; ZIM",5,20,8975.08333333333,744.333333333333,4253,6712,3,4.5,6,"{6,3}"
2021-03-28,ESVLC,Valencia,ITSPE,"La Spezia",1,1,"Maersk Line; SeaLand",2,2,865,252,862,868,2,2,2,{2}
2021-03-28,ESVLC,Valencia,MACAS,Casablanca,3,3,"Arkas Line; CMA CGM; Hapag-Lloyd; Maersk Line; Marguisa; MSC; ONE; SeaLand; WEC Lines",9,8,5003.75,1011.5,1073,2510,2,2,3,"{2,2,3}"
2021-03-28,ESVLC,Valencia,MAPTM,Tanger,2,2,"Arkas Line; Hapag-Lloyd; Hyundai; ONE; Yang Ming",5,12,11954.9090909091,836.090909090909,907,13870,1,1.5,2,"{1,2}"
2021-03-28,ESVLC,Valencia,PTSIE,Sines,1,1,MSC,1,11,9124.72727272727,1062.36363636364,8772,9400,2,2,2,{2}
2021-03-28,ESVLC,Valencia,TNTUN,Tunis,1,1,"Arkas Line; Hapag-Lloyd",2,1,3212,986.857142857143,1022,1022,2,2,2,{2}
2021-03-28,ESVLC,Valencia,USNYC,"New York NY/NJ",3,3,"APL; CMA CGM; COSCO; Hapag-Lloyd; MSC; ONE; OOCL; Yang Ming; ZIM",9,26,25021.5666666667,1975,8063,14952,6,9,10,"{6,9,10}"
2021-03-28,FIHEL,Helsinki,BEANR,Antwerp,1,1,"Hapag-Lloyd; ONE",2,4,2495.75,174,2300,2808,4,4,4,{4}
2021-03-28,FIHEL,Helsinki,DEBRV,Bremerhaven,1,1,"APL; CMA CGM; Evergreen Line; Hapag-Lloyd; OOCL; Unifeeder",6,3,1160.66666666667,266.333333333333,1025,1421,6,6,6,{6}
2021-03-28,FIHEL,Helsinki,EETLL,"Tallinn Estonia",2,2,"APL; CMA CGM; Containerships; Evergreen Line; Hapag-Lloyd; OOCL; Unifeeder",7,8,1954.4,325.266666666667,850,1036,1,1,1,"{1,1}"
2021-03-28,FIHEL,Helsinki,FIKTK,Kotka,3,3,"APL; CMA CGM; COSCO; Evergreen Line; Hapag-Lloyd; ONE; OOCL; Unifeeder",8,11,4966.15,804.6,1025,2808,0,1,1,"{0,1,1}"
2021-03-28,FIHEL,Helsinki,FIRAU,"Rauma Finland",1,1,MSC,1,2,1656.5,222.5,1438,1875,1,1,1,{1}
2021-03-28,FIHEL,Helsinki,LTKLJ,"Klaipeda
",1,1,"CMA CGM; Containerships",2,3,924,125.666666666667,850,966,1,1,1,{1}
2021-03-28,FIHEL,Helsinki,NLRTM,Rotterdam,1,1,"COSCO; OOCL",2,2,1414.5,300,1404,1425,4,4,4,{4}
2021-03-28,FIKTK,Kotka,BEANR,Antwerp,2,2,"Hapag-Lloyd; MSC; ONE",3,6,4292.75,566.5,1719,2808,3,4,5,"{5,3}"
2021-03-28,FIKTK,Kotka,DEBRV,Bremerhaven,1,1,"APL; CMA CGM; Evergreen Line; OOCL; Unifeeder",5,3,1404,100,1404,1404,3,3,3,{3}
2021-03-28,FIKTK,Kotka,DEWVN,Wilhelmshaven,1,1,SeaLand,1,5,3596,600,3596,3596,6,6,6,{6}
2021-03-28,FIKTK,Kotka,NLRTM,Rotterdam,2,2,"APL; CMA CGM; COSCO; Evergreen Line; Hapag-Lloyd; OOCL; Unifeeder",7,7,2470.4,630.6,1025,1440,5,5.5,6,"{6,5}"
2021-03-28,FIRAU,"Rauma Finland",BEANR,Antwerp,1,1,MSC,1,2,1656.5,222.5,1438,1875,5,5,5,{5}
2021-03-28,FIRAU,"Rauma Finland",DEHAM,Hamburg,1,1,"Hapag-Lloyd; ONE",2,2,1440,316,1440,1440,5,5,5,{5}
2021-03-28,FJLTK,Lautoka,FJSUV,Suva,1,1,"ANL; NPL-Neptune Pacific Line; PDL-Pacific Direct Line; Swire Shipping",4,2,2427.42857142857,360,907,981,1,1,1,{1}
2021-03-28,FJLTK,Lautoka,MHMAJ,Majuro,1,1,"MELL; PDL-Pacific Direct Line; PIL",3,3,2160,400,1080,1080,4,4,4,{4}
2021-03-28,FJLTK,Lautoka,NZTRG,Tauranga,2,2,"ANL; NPDL; NPL-Neptune Pacific Line; PDL-Pacific Direct Line",4,2,6672.85714285714,871.428571428571,1730,1730,4,5,6,"{6,4}"
2021-03-28,FJSUV,Suva,FJLTK,Lautoka,3,3,"ANL; MELL; NPDL; NPL-Neptune Pacific Line; PDL-Pacific Direct Line; PIL",6,5,8832.85714285714,1271.42857142857,1080,1730,0,0,1,"{0,1,0}"
2021-03-28,FJSUV,Suva,WSAPW,"Apia, W. Samoa",1,1,"ANL; NPL-Neptune Pacific Line; PDL-Pacific Direct Line; Swire Shipping",4,2,2427.42857142857,360,907,981,3,3,3,{3}
2021-03-28,FMKSA,Kosrae,FMPNI,Pohnpei,1,1,"MELL; PDL-Pacific Direct Line; PIL",3,3,2160,400,1080,1080,2,2,2,{2}
2021-03-28,FMPNI,Pohnpei,CNNSA,Nansha,1,1,"MELL; PDL-Pacific Direct Line; PIL",3,3,2160,400,1080,1080,10,10,10,{10}
2021-03-28,FMYAP,Yap,PWROR,Koror,1,1,MELL,1,2,1554,200,777,777,4,4,4,{4}
2021-03-28,FOTHO,Thorshavn,DKAAR,Aarhus,1,1,"Eimskip; Royal Arctic Line",2,3,2148,500,2148,2148,3,3,3,{3}
2021-03-28,FOTHO,Thorshavn,GBIMM,Immingham,2,2,Eimskip,1,2,2792,480,698,698,2,2,2,"{2,2}"
2021-03-28,FOTHO,Thorshavn,ISREY,Reykjavik,1,1,"Eimskip; Royal Arctic Line",2,3,2148,500,2148,2148,2,2,2,{2}
2021-03-28,FRDKK,Dunkirk,DEHAM,Hamburg,1,1,"APL; CMA CGM; CNC Line-Cheng Lie Navigation Co. Ltd.; COSCO; Evergreen Line; OOCL",6,12,20949.5,1816.5,16020,23112,2,2,2,{2}
2021-03-28,FRDKK,Dunkirk,ESBIO,Bilbao,1,1,"CMA CGM; COSCO; X-Press",3,1,1036,250,1036,1036,3,3,3,{3}
2021-03-28,FRDKK,Dunkirk,FRLEH,"Le Havre",2,2,"ANL; APL; CMA CGM; COSCO; Delmas; Marfret; NileDutch; OOCL; Seatrade; USL-US Lines",10,13,8386.92857142857,1673.74149659864,2256,4957,1,1,1,"{1,1}"
2021-03-28,FRDKK,Dunkirk,GBLGP,"London Gateway",1,1,"CMA CGM; Maersk Line",2,6,3706.5,829.833333333333,3504,4178,0,0,0,{0}
2021-03-28,FRDKK,Dunkirk,GBTIL,Tilbury,1,1,"APL; CMA CGM; COSCO; NileDutch; OOCL",5,6,4387.5,493.333333333333,3765,4957,2,2,2,{2}
2021-03-28,FRDKK,Dunkirk,PTLEI,Leixoes,1,1,"Hapag-Lloyd; ONE",2,2,3480,645,1740,1740,2,2,2,{2}
2021-03-28,FRFOS,"Marseilles-Fos (Fos)",DZALG,Algiers,1,1,MSC,1,2,1118,220,1118,1118,4,4,4,{4}
2021-03-28,FRFOS,"Marseilles-Fos (Fos)",ESALG,Algeciras,1,1,"Arkas Line; CMA CGM; Hapag-Lloyd",3,6,3926.33333333333,933.333333333333,3832,4115,1,1,1,{1}
2021-03-28,FRFOS,"Marseilles-Fos (Fos)",ESBCN,Barcelona,4,4,"Alianca; Arkas Line; CNAN-MED; Hamburg Sud; Hapag-Lloyd; Maersk Line; Marguisa; ONE; SeaLand; ZIM",10,20,8782.83333333333,1293.33333333333,862,5085,1,1,2,"{1,1,1,2}"
2021-03-28,FRFOS,"Marseilles-Fos (Fos)",ESVLC,Valencia,3,3,"APL; Arkas Line; CMA CGM; CNC Line-Cheng Lie Navigation Co. Ltd.; COSCO; Evergreen Line; Hapag-Lloyd; Maersk Line; MSC; OOCL; ZIM",11,20,21191.6380952381,1891.04761904762,2474,14500,1,1,2,"{1,1,2}"
2021-03-28,FRFOS,"Marseilles-Fos (Fos)",ITGOA,Genoa,5,5,"APL; CMA CGM; CNC Line-Cheng Lie Navigation Co. Ltd.; COSCO; Evergreen Line; Hapag-Lloyd; Hyundai; ONE; OOCL; Yang Ming; ZIM",11,38,41348.1098484848,3261.47727272727,868,14993,1,1,3,"{1,1,1,1,3}"
2021-03-28,FRFOS,"Marseilles-Fos (Fos)",ITSPE,"La Spezia",1,1,"ANL; APL; CMA CGM; MSC",4,14,8944.14285714286,863.571428571429,8189,9572,1,1,1,{1}
2021-03-28,FRFOS,"Marseilles-Fos (Fos)",ITVDL,"Vado Ligure",1,1,"Hamburg Sud; Maersk Line; SeaLand",3,6,4643.33333333333,459.166666666667,4154,5078,1,1,1,{1}
2021-03-28,FRLEH,"Le Havre",BEANR,Antwerp,2,2,"APL; CMA CGM; COSCO; Evergreen Line; MSC; OOCL",6,9,10779.3571428571,1097.5,4043,6574,1,1,1,"{1,1}"
2021-03-28,FRLEH,"Le Havre",CYLMS,Limassol,1,1,"MSC; ZIM",2,5,5551.6,732.4,2682,6730,10,10,10,{10}
2021-03-28,FRLEH,"Le Havre",DEHAM,Hamburg,1,1,"Hapag-Lloyd; Hyundai; ONE; Yang Ming",4,13,17104.8461538462,1038.46153846154,14993,23964,1,1,1,{1}
2021-03-28,FRLEH,"Le Havre",DOCAU,Caucedo,1,1,"APL; CMA CGM; COSCO; Hamburg Sud; Hapag-Lloyd; Maersk Line; OOCL",7,9,10723.8888888889,1782.22222222222,9400,11519,10,10,10,{10}
2021-03-28,FRLEH,"Le Havre",EGDAM,Damietta,1,1,"COSCO; Hapag-Lloyd; ONE; OOCL; X-Press; Yang Ming",6,9,6232.33333333333,449.555555555556,5500,6921,10,10,10,{10}
2021-03-28,FRLEH,"Le Havre",ESALG,Algeciras,2,2,"Alianca; CMA CGM; COSCO; Hamburg Sud; Hapag-Lloyd; Maersk Line; ONE; OOCL",8,16,18757.125,2338.75,5688,13556,3,3.5,4,"{4,3}"
2021-03-28,FRLEH,"Le Havre",ESLPA,"Las Palmas, Can Is",1,1,"Hapag-Lloyd; MSC; Stinnes",3,9,7760.77777777778,814.777777777778,5962,9400,5,5,5,{5}
2021-03-28,FRLEH,"Le Havre",FRDKK,Dunkirk,1,1,"APL; CMA CGM; CNC Line-Cheng Lie Navigation Co. Ltd.; COSCO; Evergreen Line; OOCL",6,12,20949.5,1816.5,16020,23112,1,1,1,{1}
2021-03-28,FRLEH,"Le Havre",FRFOS,"Marseilles-Fos (Fos)",1,1,"ANL; APL; CMA CGM; MSC",4,14,8944.14285714286,863.571428571429,8189,9572,5,5,5,{5}
2021-03-28,FRLEH,"Le Havre",FRMTX,Montoir,2,2,"APL; CMA CGM; COSCO; Maersk Line; NileDutch; OOCL",6,12,8094,1323.16666666667,3504,4957,1,1.5,2,"{2,1}"
2021-03-28,FRLEH,"Le Havre",GBFXT,Felixstowe,2,2,"Maersk Line; MSC; SeaLand; WEC Lines",4,14,19929.8,1325.4,5550,20568,1,1,1,"{1,1}"
2021-03-28,FRLEH,"Le Havre",GBLGP,"London Gateway",1,1,"ACL-Atlantic Container Line; Hapag-Lloyd; ONE; Yang Ming",4,5,5306,417.2,6350,6921,1,1,1,{1}
2021-03-28,FRLEH,"Le Havre",GBLIV,Liverpool,2,2,"Alianca; COSCO; Hamburg Sud; Hapag-Lloyd; Maersk Line; MSC; OOCL",7,9,11677.75,1166,2808,8827,1,1,1,"{1,1}"
2021-03-28,FRLEH,"Le Havre",GBSOU,Southampton,1,1,"APL; CMA CGM; X-Press",3,1,822,150,822,822,1,1,1,{1}
2021-03-28,FRLEH,"Le Havre",GHTEM,Tema,1,1,MSC,1,5,6002.6,484.4,5711,6730,10,10,10,{10}
2021-03-28,FRLEH,"Le Havre",MACAS,Casablanca,2,2,"APL; CMA CGM; MSC",3,14,3658.71428571429,468.571428571429,862,3430,3,3.5,4,"{3,4}"
2021-03-28,FRLEH,"Le Havre",MAPTM,Tanger,3,3,"Alianca; APL; CMA CGM; CNC Line-Cheng Lie Navigation Co. Ltd.; COSCO; Evergreen Line; Hamburg Sud; Hapag-Lloyd; Maersk Line; MSC; ONE; OOCL; SeaLand",13,32,44027.1666666667,3051.41666666667,6921,20568,2,4,5,"{5,4,2}"
2021-03-28,FRLEH,"Le Havre",MTMAR,"Malta (Marsaxlokk)",1,1,"APL; CMA CGM; ONE",3,5,4791.8,346.4,4308,5095,8,8,8,{8}
2021-03-28,FRLEH,"Le Havre",MXVER,Veracruz,1,1,"Hapag-Lloyd; ONE; Yang Ming",3,7,4374.28571428571,395.428571428571,4662,5595,14,14,14,{14}
2021-03-28,FRLEH,"Le Havre",NLRTM,Rotterdam,1,1,"APL; CMA CGM; Hapag-Lloyd; ONE; Yang Ming",5,12,4516.58333333333,302.5,4882,5087,1,1,1,{1}
2021-03-28,FRLEH,"Le Havre",PTLIS,Lisbon,1,1,"APL; CMA CGM; NileDutch",3,7,3851,412.857142857143,3508,4250,1,1,1,{1}
2021-03-28,FRLEH,"Le Havre",PTSIE,Sines,1,1,"Alianca; Hamburg Sud; Hapag-Lloyd; MSC",4,9,8886,1200.22222222222,8386,9400,3,3,3,{3}
2021-03-28,FRLEH,"Le Havre",RULED,"St Petersburg",1,1,"COSCO; OOCL",2,2,1414.5,300,1404,1425,4,4,4,{4}
2021-03-28,FRLEH,"Le Havre",SAKAC,"King Abdullah City",1,1,MSC,1,8,8978.125,593.75,8034,9572,11,11,11,{11}
2021-03-28,FRLEH,"Le Havre",SGSIN,Singapore,1,1,"APL; CMA CGM; COSCO; Evergreen Line; Hapag-Lloyd; Hyundai; ONE; Yang Ming",8,15,8682.93333333333,797.466666666667,8212,9592,21,21,21,{21}
2021-03-28,FRLEH,"Le Havre",SXSXM,"St Maarten",1,1,"APL; CMA CGM",2,6,2150,565,2100,2200,8,8,8,{8}
2021-03-28,FRLEH,"Le Havre",USNYC,"New York NY/NJ",2,2,"ANL; APL; CMA CGM; COSCO; Delmas; Evergreen Line; Marfret; OOCL; Seatrade; USL-US Lines",10,12,10691.0285714286,1790.80816326531,2256,8495,8,8,8,"{8,8}"
2021-03-28,FRMRS,"Marseilles-Fos (Marseilles)",DZALG,Algiers,1,1,"APL; CMA CGM",2,3,1003.66666666667,150.333333333333,889,1118,3,3,3,{3}
2021-03-28,FRMRS,"Marseilles-Fos (Marseilles)",ESBCN,Barcelona,3,3,"Arkas Line; Borchard Lines Ltd; CMA CGM; Marfret; Marguisa; X-Press",6,13,9074.75,1545,1073,6881,0,1,1,"{0,1,1}"
2021-03-28,FRMRS,"Marseilles-Fos (Marseilles)",ITGOA,Genoa,1,1,"APL; Arkas Line; CMA CGM; Messina; Tarros",5,4,2054.89285714286,304.714285714286,1445,1740,1,1,1,{1}
2021-03-28,FRMTX,Montoir,GPPTP,Pointe-a-Pitre,1,1,"CMA CGM; Maersk Line",2,6,3706.5,829.833333333333,3504,4178,8,8,8,{8}
2021-03-28,FRMTX,Montoir,MAPTM,Tanger,1,1,"APL; CMA CGM; COSCO; NileDutch; OOCL",5,6,4387.5,493.333333333333,3765,4957,3,3,3,{3}
2021-03-28,GALBV,Libreville,CMKBI,Kribi,1,1,"APL; CMA CGM; NileDutch",3,7,3851,412.857142857143,3508,4250,2,2,2,{2}
2021-03-28,GBBEL,Belfast,BEANR,Antwerp,1,1,"BG Freight Line; Eucon; Hapag-Lloyd",3,1,972,170,972,972,3,3,3,{3}
2021-03-28,GBFXT,Felixstowe,BEANR,Antwerp,1,1,MSC,1,3,5162.66666666667,501.333333333333,4250,6178,0,0,0,{0}
2021-03-28,GBFXT,Felixstowe,BEZEE,Zeebrugge,1,1,"APL; CMA CGM; CNC Line-Cheng Lie Navigation Co. Ltd.; COSCO; Evergreen Line; OOCL",6,12,18983.6666666667,916.166666666667,19100,21413,1,1,1,{1}
2021-03-28,GBFXT,Felixstowe,DEBRV,Bremerhaven,1,1,"MSC; WEC Lines",2,4,5922,525,5550,6178,1,1,1,{1}
2021-03-28,GBFXT,Felixstowe,DEHAM,Hamburg,4,4,"Alianca; APL; Borchard Lines Ltd; CMA CGM; CNC Line-Cheng Lie Navigation Co. Ltd.; COSCO; Evergreen Line; Hamburg Sud; Hapag-Lloyd; Maersk Line; MSC; OOCL; SeaLand; Turkon; ZIM",15,33,48877.9333333333,3086.96666666667,2682,20568,1,2,2,"{1,2,2,2}"
2021-03-28,GBFXT,Felixstowe,ESALG,Algeciras,1,1,"Maersk Line; MSC; SeaLand",3,10,14007.8,800.4,12400,20568,4,4,4,{4}
2021-03-28,GBFXT,Felixstowe,FIKTK,Kotka,1,1,SeaLand,1,5,3596,600,3596,3596,5,5,5,{5}
2021-03-28,GBFXT,Felixstowe,GBIMM,Immingham,1,1,"APL; CMA CGM; Hapag-Lloyd; OOCL; Unifeeder",5,1,508,54,508,508,0,0,0,{0}
2021-03-28,GBFXT,Felixstowe,GBNCL,"Newcastle UK",1,1,"BG Freight Line; Hapag-Lloyd; SeaLand",3,3,948.666666666667,170,902,972,1,1,1,{1}
2021-03-28,GBFXT,Felixstowe,NLRTM,Rotterdam,5,5,"Alianca; Borchard Lines Ltd; COSCO; Evergreen Line; Hamburg Sud; Hapag-Lloyd; Maersk Line; MSC; OOCL; SCI-Shipping Corp. of India; SeaLand; Yang Ming",12,41,51814.8222222222,4335.51515151515,4250,23656,0,1,1,"{1,1,0,0,1}"
2021-03-28,GBFXT,Felixstowe,SGSIN,Singapore,1,1,"APL; CMA CGM; CNC Line-Cheng Lie Navigation Co. Ltd.; COSCO; Evergreen Line; OOCL",6,10,12987.4,846,13092,19100,21,21,21,{21}
2021-03-28,GBGRG,Grangemouth,BEANR,Antwerp,2,2,"BG Freight Line; Hapag-Lloyd; MSC; SeaLand",4,4,1984.66666666667,420,902,1036,1,1.5,2,"{1,2}"
2021-03-28,GBGRG,Grangemouth,NLRTM,Rotterdam,2,2,"APL; BG Freight Line; CMA CGM; Hapag-Lloyd; OOCL; SeaLand; Unifeeder",7,4,1456.66666666667,224,508,972,2,2.5,3,"{2,3}"
2021-03-28,GBIMM,Immingham,DEHAM,Hamburg,1,1,"Hapag-Lloyd; OOCL; Unifeeder",3,2,914,214.5,803,1025,1,1,1,{1}
2021-03-28,GBIMM,Immingham,GBTEE,Teesport,1,1,"APL; CMA CGM; Hapag-Lloyd; OOCL; Unifeeder",5,1,508,54,508,508,0,0,0,{0}
2021-03-28,GBIMM,Immingham,NLRTM,Rotterdam,2,2,Eimskip,1,2,2792,480,698,698,1,1,1,"{1,1}"
2021-03-28,GBIMM,Immingham,PLSZZ,Szczecin,1,1,"Hapag-Lloyd; OOCL; Unifeeder",3,2,914,214.5,803,1025,2,2,2,{2}
2021-03-28,GBLGP,"London Gateway",AEJEA,"Dubai, Jebel Ali",1,1,"Hapag-Lloyd; Hyundai; ONE; Yang Ming",4,13,19922.5384615385,1215.38461538462,14026,23964,16,16,16,{16}
2021-03-28,GBLGP,"London Gateway",BEANR,Antwerp,2,2,"APL; CMA CGM; COSCO; Hapag-Lloyd; ONE; OOCL; Yang Ming",7,15,15453.0357142857,1233.67857142857,4662,13386,1,1.5,2,"{1,2}"
2021-03-28,GBLGP,"London Gateway",BEZEE,Zeebrugge,1,1,"CMA CGM; Maersk Line",2,6,3706.5,829.833333333333,3504,4178,0,0,0,{0}
2021-03-28,GBLGP,"London Gateway",DEBRV,Bremerhaven,2,2,"Alianca; DAL-Deutsche Afrika Linien; Hamburg Sud; Hapag-Lloyd; Maersk Line; Marguisa; MSC; ONE; SeaLand",9,18,16575.8888888889,2684.88888888889,6589,9400,1,2,3,"{3,1}"
2021-03-28,GBLGP,"London Gateway",DEHAM,Hamburg,4,4,"Alianca; APL; CMA CGM; COSCO; Hamburg Sud; Hapag-Lloyd; Maersk Line; ONE; OOCL; SeaLand; X-Press; Yang Ming",12,34,30572.2222222222,4815.52777777778,3947,11519,1,1,2,"{1,1,1,2}"
2021-03-28,GBLGP,"London Gateway",FRDKK,Dunkirk,1,1,"ANL; APL; CMA CGM; Delmas; Marfret; Seatrade; USL-US Lines",7,7,3999.42857142857,1180.40816326531,2256,2506,0,0,0,{0}
2021-03-28,GBLGP,"London Gateway",FRLEH,"Le Havre",3,3,"Alianca; Hamburg Sud; Maersk Line; MSC; SeaLand",5,25,31197.0583333333,2034.31666666667,5711,20568,0,1,1,"{1,0,1}"
2021-03-28,GBLGP,"London Gateway",NLRTM,Rotterdam,7,7,"ACL-Atlantic Container Line; ANL; APL; CMA CGM; Hapag-Lloyd; MSC; ONE; Stinnes; WEC Lines; Yang Ming; ZIM",11,49,38772.3373015873,4235.21587301587,2100,9572,0,1,1,"{0,1,1,1,1,1,0}"
2021-03-28,GBLGP,"London Gateway",USCHS,"Charleston SC",1,1,"ACL-Atlantic Container Line; Hapag-Lloyd; ONE; Yang Ming",4,6,3380.83333333333,400,3200,4248,10,10,10,{10}
2021-03-28,GBLGP,"London Gateway",USORF,"Norfolk VA",1,1,"ACL-Atlantic Container Line; Hapag-Lloyd; ONE; Yang Ming",4,5,3859.4,320,4520,5595,10,10,10,{10}
2021-03-28,GBLIV,Liverpool,CAMTR,Montreal,1,1,"COSCO; Hapag-Lloyd; MSC; OOCL",4,4,4364.75,412,2808,5059,9,9,9,{9}
2021-03-28,GBLIV,Liverpool,IEWAT,"Waterford Eire",1,1,"BG Freight Line; Eucon; Hapag-Lloyd",3,4,1004,253,1004,1004,1,1,1,{1}
2021-03-28,GBLIV,Liverpool,PTLEI,Leixoes,1,1,"Borchard Lines Ltd",1,4,868,171,868,868,3,3,3,{3}
2021-03-28,GBLIV,Liverpool,USBAL,"Baltimore MD",1,1,"Alianca; Hamburg Sud; Maersk Line; MSC",4,5,7313,754,6478,8827,8,8,8,{8}
2021-03-28,GBNCL,"Newcastle UK",GBTEE,Teesport,1,1,"BG Freight Line; Hapag-Lloyd; SeaLand",3,3,948.666666666667,170,902,972,0,0,0,{0}
2021-03-28,GBSHS,Sheerness,NLRTM,Rotterdam,1,1,Samskip,1,1,803,180,803,803,1,1,1,{1}
2021-03-28,GBSOU,Southampton,BEANR,Antwerp,3,3,"APL; CMA CGM; COSCO; Evergreen Line; Hamburg Sud; Hapag-Lloyd; Maersk Line; OOCL; SeaLand",9,17,14081.475,1812.4,3075,8495,0,1,1,"{0,1,1}"
2021-03-28,GBSOU,Southampton,CNYTN,Yantian,1,1,"Hapag-Lloyd; Hyundai; ONE; Yang Ming",4,12,11160.1666666667,789.166666666667,5023,16010,30,30,30,{30}
2021-03-28,GBSOU,Southampton,DEBRV,Bremerhaven,1,1,"CMA CGM; COSCO; Hapag-Lloyd; ONE; OOCL",5,8,9088.125,738.75,5688,13556,2,2,2,{2}
2021-03-28,GBSOU,Southampton,DEHAM,Hamburg,1,1,"APL; CMA CGM; ONE",3,4,3677.5,600,3426,4268,3,3,3,{3}
2021-03-28,GBSOU,Southampton,FRLEH,"Le Havre",2,2,"APL; CMA CGM; Hapag-Lloyd; Hyundai; ONE; Yang Ming",6,25,21621.4294871795,1340.96153846154,4882,23964,2,2.5,3,"{3,2}"
2021-03-28,GBSOU,Southampton,IEDUB,Dublin,1,1,"APL; CMA CGM; X-Press",3,1,822,150,822,822,1,1,1,{1}
2021-03-28,GBSOU,Southampton,IEORK,Cork,1,1,ICL,1,4,2963.5,529,2546,3108,1,1,1,{1}
2021-03-28,GBSOU,Southampton,NLRTM,Rotterdam,3,3,"APL; CMA CGM; CNC Line-Cheng Lie Navigation Co. Ltd.; COSCO; Evergreen Line; MSC; ONE; OOCL",8,25,30502.0083333333,2197.15,4308,17859,1,1,1,"{1,1,1}"
2021-03-28,GBSOU,Southampton,SAJED,Jeddah,1,1,"Hapag-Lloyd; Hyundai; ONE; Yang Ming",4,18,14006.7777777778,833.333333333333,13870,14100,10,10,10,{10}
2021-03-28,GBTEE,Teesport,GBGRG,Grangemouth,3,2,"APL; BG Freight Line; CMA CGM; Hapag-Lloyd; OOCL; SeaLand; Unifeeder",7,7,2405.33333333333,394,508,972,0,0,1,"{0,0,1}"
2021-03-28,GBTEE,Teesport,NLRTM,Rotterdam,3,2,"CMA CGM; Containerships",2,8,3248,623.333333333333,850,1400,1,1,3,"{3,1,1}"
2021-03-28,GBTIL,Tilbury,BEANR,Antwerp,3,3,"Alianca; APL; CMA CGM; COSCO; Hamburg Sud; Maersk Line; NileDutch; OOCL; SeaLand",9,19,7928.35714285714,1347.61904761905,862,4957,1,2,2,"{2,2,1}"
2021-03-28,GBTIL,Tilbury,DEHAM,Hamburg,1,1,"APL; CMA CGM; Containerships; DAL-Deutsche Afrika Linien",4,3,871,236,868,877,1,1,1,{1}
2021-03-28,GBTIL,Tilbury,ESFRO,Ferrol,1,1,"APL; CMA CGM; Containerships; DAL-Deutsche Afrika Linien",4,3,871,236,868,877,2,2,2,{2}
2021-03-28,GBTIL,Tilbury,GBGRG,Grangemouth,1,1,MSC,1,1,1036,250,1036,1036,1,1,1,{1}
2021-03-28,GBTIL,Tilbury,GBSHS,Sheerness,1,1,Samskip,1,1,803,180,803,803,1,1,1,{1}
2021-03-28,GBTIL,Tilbury,NLMOE,Moerdijk,1,1,"Hapag-Lloyd; MSC; WEC Lines",3,2,1008,152.5,1008,1008,0,0,0,{0}
2021-03-28,GBTIL,Tilbury,NLRTM,Rotterdam,2,1,Samskip,1,2,1606,360,803,803,1,1,1,"{1,1}"
2021-03-28,GDSTG,"St George's",MQFDF,Fort-de-France,1,1,"CMA CGM",1,3,686,118.666666666667,677,704,1,1,1,{1}
2021-03-28,GDSTG,"St George's",TTPOS,"Port of Spain",1,1,"King Ocean; Seaboard Marine",2,4,1394.5,335,957,2546,1,1,1,{1}
2021-03-28,GDSTG,"St George's",USPAB,"Palm Beach FL",1,1,"Tropical Shipping",1,2,1148,260,1148,1148,5,5,5,{5}
2021-03-28,GEBUS,Batumi,TRTEK,Tekirdag,1,1,MSC,1,3,2032.33333333333,397.333333333333,2007,2082,3,3,3,{3}
2021-03-28,GEPTI,Poti,ROCND,Constanta,1,1,"APL; Arkas Line; CMA CGM; Evergreen Line; Hapag-Lloyd; Maersk Line; Milaha Maritime; SeaLand; Turkon; ZIM",10,2,1208,178,1208,1208,2,2,2,{2}
2021-03-28,GEPTI,Poti,RUNVS,Novorossiysk,1,1,"Evergreen Line; OOCL; Unimed Feeder Services-UFS",3,2,1164,200,1164,1164,0,0,0,{0}
2021-03-28,GEPTI,Poti,TRSZF,Samsun,1,1,"Arkas Line; COSCO; Maersk Line; ZIM",4,2,1604,325,1604,1604,1,1,1,{1}
2021-03-28,GFDDC,"Degrad des Cannes",BRVDC,"Vila do Conde (near Belem)",1,1,"APL; CMA CGM",2,6,2150,565,2100,2200,2,2,2,{2}
2021-03-28,GFDDC,"Degrad des Cannes",GYGEO,"Georgetown, Guyana",1,1,"CMA CGM",1,2,692,108,672,712,2,2,2,{2}
2021-03-28,GHTEM,Tema,BJCOO,Cotonou,2,2,"Alianca; APL; CMA CGM; Hamburg Sud; Maersk Line",5,16,10309.2571428571,936.485714285714,4132,5466,1,1,1,"{1,1}"
2021-03-28,GHTEM,Tema,BRPNG,Paranagua,1,1,"Alianca; APL; CMA CGM; Hamburg Sud; Hapag-Lloyd; NileDutch",6,7,3201.71428571429,441.285714285714,2415,3534,9,9,9,{9}
2021-03-28,GHTEM,Tema,CGPNR,"Pointe Noire",1,1,"Maersk Line",1,5,4000.4,461.6,3388,4496,5,5,5,{5}
2021-03-28,GHTEM,Tema,CIABJ,Abidjan,3,3,"APL; Arkas Line; CMA CGM; COSCO; Hapag-Lloyd; Marguisa; Messina; MSC; NileDutch; ONE; OOCL",11,14,12252.4333333333,1995.6,2303,4957,1,2,3,"{1,2,3}"
2021-03-28,GHTEM,Tema,CMKBI,Kribi,1,1,"APL; CMA CGM; CNC Line-Cheng Lie Navigation Co. Ltd.; Maersk Line; SeaLand",5,13,4587.23076923077,288.769230769231,4380,5466,2,2,2,{2}
2021-03-28,GHTEM,Tema,LKCMB,Colombo,1,1,"APL; CMA CGM; COSCO; Gold Star Line; ONE; OOCL; PIL; ZIM",8,11,5018.84415584416,477.584415584416,4132,4506,34,34,34,{34}
2021-03-28,GHTEM,Tema,MAPTM,Tanger,1,1,"Alianca; Hamburg Sud; Maersk Line",3,6,5649.85714285714,385.285714285714,4132,4496,13,13,13,{13}
2021-03-28,GHTEM,Tema,NGAPP,Apapa,1,1,"APL; Arkas Line; CMA CGM; Hapag-Lloyd; ONE",5,8,3441.25,378.25,2452,4308,1,1,1,{1}
2021-03-28,GHTEM,Tema,NGTIN,"Lagos, Tin Can",2,2,"COSCO; Gold Star Line; Hapag-Lloyd; ONE; PIL; ZIM",6,25,5741.72435897436,667.038461538462,2456,5466,1,1,1,"{1,1}"
2021-03-28,GHTEM,Tema,TGLFW,Lome,4,4,"APL; CMA CGM; CNC Line-Cheng Lie Navigation Co. Ltd.; COSCO; Gold Star Line; Hamburg Sud; Maersk Line; MSC; ONE; OOCL; PIL; SeaLand; ZIM",13,38,19534.0851814852,1372.42886002886,3081,6730,0,0.5,2,"{1,0,2,0}"
2021-03-28,GHTEM,Tema,ZADUR,Durban,1,1,MSC,1,12,12101.25,501.666666666667,8063,14952,10,10,10,{10}
2021-03-28,GHTKD,Takoradi,ESALG,Algeciras,1,1,"Maersk Line",1,6,2489.33333333333,203.333333333333,2474,2502,9,9,9,{9}
2021-03-28,GLGOH,Nuuk,ISREY,Reykjavik,1,1,"Eimskip; Royal Arctic Line",2,3,2148,500,2148,2148,3,3,3,{3}
2021-03-28,GMBJL,Banjul,MAPTM,Tanger,1,1,"APL; CMA CGM",2,5,2128.6,238,1691,2285,13,13,13,{13}
2021-03-28,GNCKY,Conakry,CISPY,"San Pedro, Ivory Coast",3,3,"APL; CMA CGM; Hamburg Sud; Maersk Line; MSC",5,16,7743.05714285714,1012.28571428571,2474,3430,3,3,5,"{3,3,5}"
2021-03-28,GPPTP,Pointe-a-Pitre,FRDKK,Dunkirk,1,1,"CMA CGM; Maersk Line",2,6,3706.5,829.833333333333,3504,4178,9,9,9,{9}
2021-03-28,GPPTP,Pointe-a-Pitre,MQFDF,Fort-de-France,2,2,"CMA CGM; Maersk Line; Marfret; Marguisa; X-Press",5,14,10463.25,1929.83333333333,3504,6881,1,1,1,"{1,1}"
2021-03-28,GPPTP,Pointe-a-Pitre,TTPOS,"Port of Spain",1,1,"CMA CGM",1,2,692,108,672,712,1,1,1,{1}
2021-03-28,GPSBH,"St Barthelemy",BBBGI,Bridgetown,1,1,"Tropical Shipping",1,2,1148,260,1148,1148,0,0,0,{0}
2021-03-28,GQBSG,Bata,GQSSG,Malabo,1,1,"APL; CMA CGM; Marguisa",3,6,3325.5,433.166666666667,3091,3600,1,1,1,{1}
2021-03-28,GQSSG,Malabo,CMKBI,Kribi,1,1,"APL; CMA CGM; Marguisa",3,6,3325.5,433.166666666667,3091,3600,0,0,0,{0}
2021-03-28,GRPIR,Piraeus,ALDRZ,Durres,1,1,"APL; CMA CGM; COSCO; Evergreen Line; Hapag-Lloyd; Maersk Line; SeaLand; X-Press",8,3,766,136.666666666667,724,822,2,2,2,{2}
2021-03-28,GRPIR,Piraeus,CYLMS,Limassol,5,5,"APL; Blue Ice Lines; CMA CGM; COSCO; Evergreen Line; Hapag-Lloyd; Maersk Line; MCL; MSC; OOCL; Salamis; SeaLand; Tarros; Unimed Feeder Services-UFS; ZIM",15,10,7732.45238095238,1258.96428571429,700,2926,1,2,2,"{2,1,2,1,2}"
2021-03-28,GRPIR,Piraeus,DEHAM,Hamburg,1,1,"APL; CMA CGM; CNC Line-Cheng Lie Navigation Co. Ltd.; COSCO; Evergreen Line; OOCL",6,10,12987.4,846,13092,19100,8,8,8,{8}
2021-03-28,GRPIR,Piraeus,DZALG,Algiers,1,1,"Arkas Line; Hapag-Lloyd",2,1,2740.57142857143,406.857142857143,1199,1199,3,3,3,{3}
2021-03-28,GRPIR,Piraeus,EGALY,Alexandria,1,1,"CMA CGM; Hapag-Lloyd; ONE; OOCL; Unimed Feeder Services-UFS",5,4,2985,524.5,2790,3534,3,3,3,{3}
2021-03-28,GRPIR,Piraeus,EGDAM,Damietta,1,1,"Hapag-Lloyd; ONE",2,3,1731,325.666666666667,1713,1740,5,5,5,{5}
2021-03-28,GRPIR,Piraeus,EGEDK,"El Dekheila",1,1,"COSCO; Evergreen Line; OOCL; Yang Ming",4,5,3401.2,328,4250,4253,2,2,2,{2}
2021-03-28,GRPIR,Piraeus,EGPSD,"Port Said",1,1,"APL; CMA CGM; CNC Line-Cheng Lie Navigation Co. Ltd.; COSCO; Evergreen Line; OOCL; Turkon",7,10,9767.1,1165.6,8948,11388,2,2,2,{2}
2021-03-28,GRPIR,Piraeus,GRSKG,Thessaloniki,2,2,"Arkas Line; Evergreen Line; MSC; ZIM",4,6,5991.25,561,1164,5060,1,1,1,"{1,1}"
2021-03-28,GRPIR,Piraeus,HRRJK,Rijeka,1,1,"COSCO; OOCL; Yang Ming",3,1,868,150,868,868,3,3,3,{3}
2021-03-28,GRPIR,Piraeus,ILASH,Ashdod,2,2,"CMA CGM; COSCO; Evergreen Line; Hapag-Lloyd; OOCL; Unimed Feeder Services-UFS; ZIM",7,4,2698,427.333333333333,1150,1574,2,2,2,"{2,2}"
2021-03-28,GRPIR,Piraeus,ILHFA,Haifa,2,2,"Arkas Line; Evergreen Line; Hapag-Lloyd; OOCL; ZIM",5,5,5541.33333333333,791.666666666667,1618,3534,3,3,3,"{3,3}"
2021-03-28,GRPIR,Piraeus,ITGOA,Genoa,2,2,"COSCO; MSC; ONE; OOCL; Yang Ming",5,10,7098.41666666667,656,2098,4892,2,3,4,"{2,4}"
2021-03-28,GRPIR,Piraeus,ITLIV,Leghorn,2,2,"CMA CGM; Hapag-Lloyd; ONE; OOCL; Unimed Feeder Services-UFS; Yang Ming; ZIM",7,12,7235.75,907,2790,4253,3,4,5,"{3,5}"
2021-03-28,GRPIR,Piraeus,ITNAP,Naples,1,1,"COSCO; OOCL; Yang Ming",3,1,1267,170,1267,1267,2,2,2,{2}
2021-03-28,GRPIR,Piraeus,ITSAL,Salerno,1,1,"COSCO; Evergreen Line; OOCL; Yang Ming",4,5,3401.2,328,4250,4253,2,2,2,{2}
2021-03-28,GRPIR,Piraeus,ITSPE,"La Spezia",2,2,"APL; CMA CGM; CNC Line-Cheng Lie Navigation Co. Ltd.; COSCO; Evergreen Line; Hapag-Lloyd; Hyundai; ONE; OOCL; Yang Ming",10,21,28044.6727272727,1831.45454545455,10114,14993,2,2,2,"{2,2}"
2021-03-28,GRPIR,Piraeus,ITTRS,Trieste,1,1,"APL; CMA CGM; COSCO; Evergreen Line; Hapag-Lloyd; OOCL; Tarros; Unimed Feeder Services-UFS",8,4,2812.5,457.25,2742,2926,2,2,2,{2}
2021-03-28,GRPIR,Piraeus,LKCMB,Colombo,1,1,"APL; CMA CGM; CNC Line-Cheng Lie Navigation Co. Ltd.; COSCO; Evergreen Line; OOCL",6,10,13815.4,886,13092,14500,12,12,12,{12}
2021-03-28,GRPIR,Piraeus,MEBAR,Bar,1,1,"APL; CMA CGM; COSCO; Evergreen Line; Hapag-Lloyd; Maersk Line; SeaLand; X-Press",8,3,766,136.666666666667,724,822,2,2,2,{2}
2021-03-28,GRPIR,Piraeus,MTMAR,"Malta (Marsaxlokk)",2,2,"APL; CMA CGM; COSCO; Hapag-Lloyd; NileDutch; OOCL",6,13,10612.025,1104.15,1970,8465,1,1.5,2,"{2,1}"
2021-03-28,GRPIR,Piraeus,MYPKG,"Port Klang",1,1,"APL; CMA CGM; CNC Line-Cheng Lie Navigation Co. Ltd.; COSCO; Evergreen Line; OOCL",6,10,13774.8,780,13806,20150,14,14,14,{14}
2021-03-28,GRPIR,Piraeus,NLRTM,Rotterdam,2,2,"APL; CMA CGM; COSCO; Evergreen Line; Hapag-Lloyd; ONE; OOCL; X-Press; Yang Ming",9,20,26102.8787878788,1444.64646464646,5500,20988,7,7,7,"{7,7}"
2021-03-28,GRPIR,Piraeus,PTSIE,Sines,1,1,"MSC; ZIM",2,4,4686.75,401,4392,5060,4,4,4,{4}
2021-03-28,GRPIR,Piraeus,SAKAC,"King Abdullah City",1,1,"Maersk Line; MSC; SeaLand; ZIM",4,11,18905.4545454545,1649.09090909091,15908,19224,5,5,5,{5}
2021-03-28,GRPIR,Piraeus,SGSIN,Singapore,2,2,"APL; CMA CGM; CNC Line-Cheng Lie Navigation Co. Ltd.; COSCO; Evergreen Line; Hapag-Lloyd; Hyundai; ONE; OOCL; Yang Ming",10,23,33212.9393939394,1861.62121212121,10114,21413,17,17.5,18,"{17,18}"
2021-03-28,GRPIR,Piraeus,SIKOP,Koper,1,1,"COSCO; OOCL; Yang Ming",3,3,1703,210,1701,1706,3,3,3,{3}
2021-03-28,GRPIR,Piraeus,TRAMB,"Istanbul (Ambarli)",4,4,"ANL; APL; Arkas Line; CMA CGM; COSCO; Evergreen Line; Hapag-Lloyd; Maersk Line; Milaha Maritime; MSC; SeaLand; Turkon; WEC Lines; ZIM",14,16,18615.2380952381,2409.47619047619,1208,9962,1,1.5,2,"{1,2,2,1}"
2021-03-28,GRPIR,Piraeus,TRGEB,"Istanbul (Gebze)",4,4,"Alianca; APL; Borchard Lines Ltd; CMA CGM; COSCO; Evergreen Line; Hamburg Sud; Hapag-Lloyd; Maersk Line; NileDutch; OOCL; SeaLand; Turkon; Unimed Feeder Services-UFS; Yang Ming",15,15,13224.4,1496.8,1164,8495,1,1,3,"{3,1,1,1}"
2021-03-28,GRPIR,Piraeus,TRGEM,"Istanbul (Gemlik)",1,1,"APL; Arkas Line; CMA CGM; Hapag-Lloyd",4,4,2663,486,2478,2872,2,2,2,{2}
2021-03-28,GRPIR,Piraeus,TRHAY,Haydarpasa,2,2,"Arkas Line; CMA CGM; COSCO; Evergreen Line; Hapag-Lloyd; OOCL; ZIM",7,5,2852.5,355.333333333333,1164,1574,1,1.5,2,"{1,2}"
2021-03-28,GRPIR,Piraeus,TRIZT,Izmit,3,3,"APL; Arkas Line; CMA CGM; Evergreen Line; FESCO; Hapag-Lloyd; Maersk Line; MSC; OOCL; SeaLand; Turkon; ZIM",12,23,24771.5545454545,3090.69090909091,1604,19224,1,2,2,"{1,2,2}"
2021-03-28,GRPIR,Piraeus,TRMER,Mersin,2,2,"APL; Arkas Line; CMA CGM; Messina; MSC; Tarros",6,7,6395.22619047619,708.047619047619,1445,4549,2,2,2,"{2,2}"
2021-03-28,GRSKG,Thessaloniki,EGDAM,Damietta,1,1,MSC,1,3,1108,126.666666666667,1064,1158,3,3,3,{3}
2021-03-28,GRSKG,Thessaloniki,EGPSD,"Port Said",1,1,"APL; CMA CGM",2,2,912.5,243,868,957,2,2,2,{2}
2021-03-28,GRSKG,Thessaloniki,GRPIR,Piraeus,1,1,"Arkas Line; Evergreen Line; ZIM",3,2,1304.5,160,1164,1445,4,4,4,{4}
2021-03-28,GRSKG,Thessaloniki,MTMAR,"Malta (Marsaxlokk)",1,1,"APL; CMA CGM",2,3,1313.66666666667,369,1201,1402,3,3,3,{3}
2021-03-28,GRSKG,Thessaloniki,TRIZM,Izmir,2,2,"COSCO; MSC; OOCL; Yang Ming; ZIM",5,7,6389.75,611,1701,5060,1,2,3,"{3,1}"
2021-03-28,GTPBR,"Puerto Barrios",COCTG,Cartagena,1,1,"APL; CMA CGM",2,2,1110,220,1102,1118,4,4,4,{4}
2021-03-28,GTPBR,"Puerto Barrios",CRMOB,Moin,1,1,"Great White Fleet",1,3,1826.33333333333,462,1819,1841,3,3,3,{3}
2021-03-28,GTPBR,"Puerto Barrios",HNPCR,"Puerto Cortes",4,4,"Alianca; Crowley; Dole; Great White Fleet; Hamburg Sud; Maersk Line; MSC; SeaLand",8,8,6277,1510.33333333333,890,2742,0,1,1,"{1,1,1,0}"
2021-03-28,GTPBR,"Puerto Barrios",USFPO,"Freeport TX",1,1,Dole,1,1,890,445,890,890,3,3,3,{3}
2021-03-28,GTPBR,"Puerto Barrios",USHOU,"Houston TX",1,1,"Alianca; Hamburg Sud; Maersk Line; MSC; SeaLand",5,3,2588.66666666667,433.333333333333,2478,2742,3,3,3,{3}
2021-03-28,GTPBR,"Puerto Barrios",USPEF,"Port Everglades FL",1,1,"Evergreen Line; Maersk Line; MSC; SeaLand",4,4,1660.5,367.75,1296,1819,2,2,2,{2}
2021-03-28,GTPRQ,"Puerto Quetzal",MXLZC,"Lazaro Cardenas",2,2,"Alianca; APL; CMA CGM; COSCO; Evergreen Line; Hamburg Sud; Maersk Line; OOCL; SeaLand; X-Press",10,9,4496.1,926,1713,2554,2,2.5,3,"{2,3}"
2021-03-28,GTPRQ,"Puerto Quetzal",MXZLO,"Manzanillo, MEX",2,2,"Alianca; Hamburg Sud; Hapag-Lloyd; Maersk Line; ONE; ZIM",6,16,6916.58333333333,795.833333333333,2542,5085,2,2.5,3,"{3,2}"
2021-03-28,GTPRQ,"Puerto Quetzal",PABLB,Balboa,1,1,"Alianca; APL; CMA CGM; Hamburg Sud; Maersk Line; SeaLand",6,5,2559.6,600,2550,2592,3,3,3,{3}
2021-03-28,GTPRQ,"Puerto Quetzal",PAROD,Rodman,1,1,"Hapag-Lloyd; Hyundai; MSC; ONE",4,11,8640.90909090909,1131.81818181818,6350,10100,2,2,2,{2}
2021-03-28,GTPRQ,"Puerto Quetzal",PECLL,Callao,1,1,"COSCO; Evergreen Line; PIL; Wan Hai; Yang Ming",5,10,6188.6,540,5527,6969,6,6,6,{6}
2021-03-28,GTPRQ,"Puerto Quetzal",SVAQJ,Acajutla,2,2,"COSCO; Evergreen Line; Hapag-Lloyd; ONE; OOCL; X-Press",6,8,4582,808,1713,2664,0,0.5,1,"{0,1}"
2021-03-28,GTPRQ,"Puerto Quetzal",USNTD,"Port Hueneme CA",1,1,"Alianca; APL; CMA CGM; Hamburg Sud; Maersk Line; SeaLand",6,5,2559.6,600,2550,2592,5,5,5,{5}
2021-03-28,GTPRQ,"Puerto Quetzal",USSAN,"San Diego CA",1,1,Dole,1,3,1540,770,1540,1540,5,5,5,{5}
2021-03-28,GTSTC,"Santo Tomas de Castilla",COTRB,Turbo,1,1,"Seaboard Marine; X-Press",2,3,2536,394,2478,2566,4,4,4,{4}
2021-03-28,GTSTC,"Santo Tomas de Castilla",HNPCR,"Puerto Cortes",7,6,"Caribbean Feeder; COSCO; Crowley; Evergreen Line; Hapag-Lloyd; King Ocean; Maersk Line; MSC; ONE; Seaboard Marine; SeaLand",11,21,11459.5,2163.75,972,2785,0,1,1,"{1,0,1,1,1,0,1}"
2021-03-28,GTSTC,"Santo Tomas de Castilla",USHOU,"Houston TX",1,1,"Seaboard Marine; X-Press",2,3,2536,394,2478,2566,4,4,4,{4}
2021-03-28,GTSTC,"Santo Tomas de Castilla",USMIA,"Miami FL",1,1,"Seaboard Marine",1,1,974,170,974,974,4,4,4,{4}
2021-03-28,GUGUM,Guam,JPNAH,"Naha (Okinawa Is)",1,1,"Maersk Line; Matson",2,5,3182,343.2,2890,3620,3,3,3,{3}
2021-03-28,GUGUM,Guam,MPSPN,Saipan,2,2,"APL; MELL; Swire Shipping",3,4,2912,400,777,1638,0,1,2,"{0,2}"
2021-03-28,GYGEO,"Georgetown, Guyana",GDSTG,"St George's",1,1,"Tropical Shipping",1,2,1148,260,1148,1148,0,0,0,{0}
2021-03-28,GYGEO,"Georgetown, Guyana",MQFDF,Fort-de-France,1,1,"CMA CGM",1,2,692,108,672,712,2,2,2,{2}
2021-03-28,GYGEO,"Georgetown, Guyana",SRPBM,Paramaribo,1,1,"CMA CGM; COSCO",2,3,1174.66666666667,276.666666666667,1114,1296,2,2,2,{2}
2021-03-28,GYGEO,"Georgetown, Guyana",TTPOS,"Port of Spain",1,1,"CMA CGM; COSCO",2,3,1174.66666666667,276.666666666667,1114,1296,3,3,3,{3}
2021-03-28,GYGEO,"Georgetown, Guyana",TTPTS,"Point Lisas",2,2,"Caribbean Feeder; Crowley; Evergreen Line; Hamburg Sud; Hapag-Lloyd; Maersk Line; SeaLand; ZIM",8,5,2769,434,1061,1708,1,1,1,"{1,1}"
2021-03-28,HKHKG,"Hong Kong",AUBNE,Brisbane,1,1,"Alianca; COSCO; Hamburg Sud; Maersk Line; Matson; ONE; OOCL; SeaLand",8,7,3815.85714285714,462.714285714286,4178,4658,11,11,11,{11}
2021-03-28,HKHKG,"Hong Kong",AUDRW,Darwin,1,1,MELL,1,3,2160,400,1080,1080,9,9,9,{9}
2021-03-28,HKHKG,"Hong Kong",AUSYD,Sydney,2,2,"Alianca; ANL; APL; CMA CGM; COSCO; Hamburg Sud; Maersk Line; MSC; ONE; OOCL; PIL",11,12,12253.6571428571,1116.51428571429,5248,8300,12,12,12,"{12,12}"
2021-03-28,HKHKG,"Hong Kong",CNDLC,Dalian,1,1,"APL; CMA CGM; CNC Line-Cheng Lie Navigation Co. Ltd.",3,3,1038,242.666666666667,998,1118,4,4,4,{4}
2021-03-28,HKHKG,"Hong Kong",CNFOC,Fuzhou,2,2,"COSCO; Evergreen Line; IAL-Interasia Lines; OOCL; Wan Hai",5,5,3760.16666666667,581,1510,2553,2,2,2,"{2,2}"
2021-03-28,HKHKG,"Hong Kong",CNGGZ,"Huangpu (Guangzhou)",2,2,"Heung-A; PanOcean; Sinokor",3,4,1980,161,1043,1118,0,0.5,1,"{1,0}"
2021-03-28,HKHKG,"Hong Kong",CNNGB,Ningbo,5,5,"ANL; APL; Asean Seas Line; CMA CGM; CNC Line-Cheng Lie Navigation Co. Ltd.; COSCO; Evergreen Line; Hamburg Sud; Hapag-Lloyd; Hyundai; Maersk Line; MSC; ONE; OOCL; PIL; SeaLand; Wan Hai; Yang Ming",18,39,35236.3222222222,3131.77777777778,1221,14272,2,3,6,"{3,4,2,3,6}"
2021-03-28,HKHKG,"Hong Kong",CNNSA,Nansha,8,8,"APL; CMA CGM; CNC Line-Cheng Lie Navigation Co. Ltd.; COSCO; Evergreen Line; Gold Star Line; Hamburg Sud; Hapag-Lloyd; IAL-Interasia Lines; Maersk Line; MELL; MSC; ONE; OOCL; PDL-Pacific Direct Line; PIL; SeaLand; TS Lines; Wan Hai; Yang Ming; ZIM",21,38,23985.9545454545,2401.9494949495,907,11294,0,1,1,"{1,0,1,1,1,1,1,0}"
2021-03-28,HKHKG,"Hong Kong",CNSHA,Shanghai,10,10,"CMA CGM; COSCO; Evergreen Line; Gold Star Line; Hapag-Lloyd; Heung-A; Hyundai; KMTC; Maersk Line; MSC; ONE; OOCL; PIL; SeaLand; Sinotrans; TS Lines; X-Press; Yang Ming; ZIM",19,70,62876.5378787879,6440.86363636364,1668,23656,2,3,6,"{2,3,2,3,3,6,5,3,3,4}"
2021-03-28,HKHKG,"Hong Kong",CNSHK,Shekou,49,44,"Alianca; ANL; APL; Asean Seas Line; CMA CGM; CNC Line-Cheng Lie Navigation Co. Ltd.; COSCO; Evergreen Line; Feedertech; Gold Star Line; Hamburg Sud; Hapag-Lloyd; Hyundai; IAL-Interasia Lines; KMTC; Maersk Line; MSC; ONE; OOCL; RCL; SeaLand; Sinokor; TS Lines; Wan Hai; Yang Ming; ZIM",26,195,139596.592857143,15601.6380952381,1022,17292,0,0,3,"{0,0,0,1,1,1,1,0,1,0,0,1,0,1,0,2,0,0,0,0,1,0,0,0,1,1,1,1,1,0,0,0,0,1,0,0,2,1,1,0,0,0,1,1,0,1,3,1,1}"
2021-03-28,HKHKG,"Hong Kong",CNTAO,Qingdao,6,6,"APL; CMA CGM; CNC Line-Cheng Lie Navigation Co. Ltd.; COSCO; Emirates Shipping; Evergreen Line; Gold Star Line; Hapag-Lloyd; Hyundai; KMTC; ONE; OOCL; PIL; RCL; SeaLand; TS Lines; Yang Ming",17,52,50953.1721861472,4009.92424242424,2401,14500,3,4,4,"{4,4,4,4,4,3}"
2021-03-28,HKHKG,"Hong Kong",CNTXG,Xingang/Tianjin,1,1,"APL; CMA CGM; COSCO; Gold Star Line; OOCL; RCL; SeaLand; ZIM",8,7,7560.71428571429,665.571428571429,5250,9572,5,5,5,{5}
2021-03-28,HKHKG,"Hong Kong",CNXMN,Xiamen,6,6,"APL; CMA CGM; CNC Line-Cheng Lie Navigation Co. Ltd.; COSCO; Evergreen Line; Heung-A; KMTC; Maersk Line; OOCL; SeaLand; Sinokor; TS Lines; Wan Hai; Yang Ming",14,27,23892.9833333333,2274.58333333333,1060,19100,1,1,2,"{1,2,1,1,2,1}"
2021-03-28,HKHKG,"Hong Kong",CNYTN,Yantian,20,20,"Alianca; ANL; APL; CMA CGM; CNC Line-Cheng Lie Navigation Co. Ltd.; COSCO; Evergreen Line; Hamburg Sud; Hapag-Lloyd; Hyundai; Maersk Line; MSC; ONE; OOCL; PIL; SeaLand; Wan Hai; Yang Ming; ZIM",19,195,205793.179722324,16288.0035236693,2578,23964,0,1,2,"{1,1,2,1,0,1,1,2,1,2,1,1,1,1,1,1,1,1,0,1}"
2021-03-28,HKHKG,"Hong Kong",GUGUM,Guam,1,1,MELL,1,2,1554,200,777,777,7,7,7,{7}
2021-03-28,HKHKG,"Hong Kong",JPMIZ,Mizushima,1,1,"Wan Hai",1,2,1040,,1040,1040,4,4,4,{4}
2021-03-28,HKHKG,"Hong Kong",JPOSA,Osaka,2,2,"ONE; OOCL; Wan Hai",3,7,8911,775,4250,4578,3,3.5,4,"{3,4}"
2021-03-28,HKHKG,"Hong Kong",JPTYO,Tokyo,2,2,"APL; CMA CGM; CNC Line-Cheng Lie Navigation Co. Ltd.; Hamburg Sud; IAL-Interasia Lines; Maersk Line; SeaLand; Wan Hai",8,8,5333.5,895,2442,2826,3,3.5,4,"{3,4}"
2021-03-28,HKHKG,"Hong Kong",JPYOK,Yokohama,1,1,"Alianca; Hamburg Sud; Maersk Line; MSC; ONE",5,7,6674.85714285714,559.714285714286,5248,8300,4,4,4,{4}
2021-03-28,HKHKG,"Hong Kong",KHKOS,Sihanoukville,1,1,"Hamburg Sud; SeaLand",2,3,1176.66666666667,200,1022,1440,4,4,4,{4}
2021-03-28,HKHKG,"Hong Kong",KRKAN,Gwangyang,2,2,"Hamburg Sud; Heung-A; Hyundai; KMTC; SeaLand; Sinokor",6,7,6908.5,659.333333333333,2586,4275,3,3,3,"{3,3}"
2021-03-28,HKHKG,"Hong Kong",KRPUS,Busan,6,6,"Alianca; APL; CMA CGM; CNC Line-Cheng Lie Navigation Co. Ltd.; Dong Young; Hamburg Sud; Hapag-Lloyd; Heung-A; Hyundai; IAL-Interasia Lines; KMTC; Maersk Line; MSC; Namsung; ONE; PanCon; Sinokor; SM Line; TS Lines; Yang Ming; ZIM",21,46,39665.8001998002,4417.14685314685,1009,14993,3,3,6,"{3,3,6,3,4,3}"
2021-03-28,HKHKG,"Hong Kong",MYPKG,"Port Klang",1,1,"APL; CMA CGM; CNC Line-Cheng Lie Navigation Co. Ltd.; Heung-A; Hyundai; IAL-Interasia Lines; KMTC; TS Lines",8,4,4244,419.5,3500,4728,4,4,4,{4}
2021-03-28,HKHKG,"Hong Kong",MYTPP,"Tanjung Pelepas",2,2,"APL; CMA CGM; CNC Line-Cheng Lie Navigation Co. Ltd.; Hamburg Sud; Maersk Line; SeaLand",6,12,11360.2222222222,1339.44444444444,2806,9030,3,3,3,"{3,3}"
2021-03-28,HKHKG,"Hong Kong",PHBTG,Batangas,1,1,"Gold Star Line; SeaLand; ZIM",3,8,2595.25,378.75,2546,2806,2,2,2,{2}
2021-03-28,HKHKG,"Hong Kong",PHCGY,"Cagayan de Oro",1,1,"Maersk Line; SeaLand",2,3,1652.33333333333,292.333333333333,1504,1740,4,4,4,{4}
2021-03-28,HKHKG,"Hong Kong",SGSIN,Singapore,7,7,"Alianca; APL; CMA CGM; CNC Line-Cheng Lie Navigation Co. Ltd.; COSCO; Evergreen Line; Gold Star Line; Hamburg Sud; Hapag-Lloyd; Heung-A; Hyundai; KMTC; Maersk Line; MSC; ONE; OOCL; PIL; Sinokor; TS Lines; Wan Hai; Yang Ming; ZIM",22,46,40397.8928571429,4420.83333333333,2806,11923,3,4,4,"{3,3,4,3,4,4,4}"
2021-03-28,HKHKG,"Hong Kong",THLCH,"Laem Chabang",6,6,"APL; CMA CGM; CNC Line-Cheng Lie Navigation Co. Ltd.; Evergreen Line; Hapag-Lloyd; Hyundai; ONE; OOCL; SeaLand; TS Lines; Wan Hai; Yang Ming",12,37,25771.7777777778,2296.08333333333,1707,14100,3,3.5,5,"{5,3,4,4,3,3}"
2021-03-28,HKHKG,"Hong Kong",TWKEL,Keelung,2,2,"ANL; APL; CMA CGM; COSCO; Hamburg Sud; Hapag-Lloyd; Maersk Line; OOCL; PIL; SeaLand; TS Lines",11,13,10153.4285714286,1021.2380952381,4250,5908,1,2,3,"{1,3}"
2021-03-28,HKHKG,"Hong Kong",TWKHH,Kaohsiung,21,21,"Alianca; ANL; APL; CMA CGM; CNC Line-Cheng Lie Navigation Co. Ltd.; COSCO; Evergreen Line; Gold Star Line; Hamburg Sud; Hapag-Lloyd; Hyundai; IAL-Interasia Lines; KMTC; Maersk Line; MELL; ONE; OOCL; PIL; SeaLand; TS Lines; Wan Hai; Yang Ming; ZIM",23,110,86693.6813186813,8347.36874236874,777,23964,1,1,2,"{1,1,1,1,1,1,1,1,1,1,2,2,2,1,2,2,1,1,1,2,1}"
2021-03-28,HKHKG,"Hong Kong",VNDAD,"Da Nang",1,1,"SITC Shipping",1,3,1051,91.6666666666667,953,1100,2,2,2,{2}
2021-03-28,HKHKG,"Hong Kong",VNHPH,Haiphong,15,14,"APL; Asean Seas Line; CK Line; CMA CGM; CNC Line-Cheng Lie Navigation Co. Ltd.; COSCO; Dong Young; Evergreen Line; Hamburg Sud; Heung-A; Hyundai; IAL-Interasia Lines; KMTC; Maersk Line; Namsung; ONE; OOCL; PanCon; SeaLand; Sinokor; Sinotrans; SITC Shipping; SM Line; TS Lines; Wan Hai; Yang Ming",26,42,21207.75,2097.25,1009,1984,1,1,2,"{2,2,1,1,1,2,1,2,1,1,2,2,1,2,1}"
2021-03-28,HKHKG,"Hong Kong",VNSGN,"Ho Chi Minh (VICT/Cat Lai)",7,7,"CK Line; Dongjin Shipping; Evergreen Line; IAL-Interasia Lines; KMTC; Namsung; ONE; OOCL; PanCon; SeaLand; SITC Shipping; Wan Hai; Yang Ming",13,24,13783.75,1568.75,1368,2940,2,3,3,"{3,3,3,3,2,2,2}"
2021-03-28,HNPCA,"Puerto Castilla",USGPT,"Gulfport MS",1,1,Dole,1,1,890,445,890,890,2,2,2,{2}
2021-03-28,HNPCA,"Puerto Castilla",USPEF,"Port Everglades FL",1,1,Dole,1,1,1780,890,890,890,2,2,2,{2}
2021-03-28,HNPCR,"Puerto Cortes",COCTG,Cartagena,1,1,"Alianca; Hamburg Sud; Maersk Line; MSC; SeaLand",5,3,2588.66666666667,433.333333333333,2478,2742,3,3,3,{3}
2021-03-28,HNPCR,"Puerto Cortes",CRMOB,Moin,1,1,"Hapag-Lloyd; ONE",2,6,2536,493,2339,2785,4,4,4,{4}
2021-03-28,HNPCR,"Puerto Cortes",DOCAU,Caucedo,2,2,"Caribbean Feeder; COSCO; Crowley; Hapag-Lloyd; Seaboard Marine; SeaLand",6,3,2781,470,972,1809,1,2,3,"{3,1}"
2021-03-28,HNPCR,"Puerto Cortes",GTPBR,"Puerto Barrios",5,5,"Alianca; APL; CMA CGM; Dole; Evergreen Line; Great White Fleet; Hamburg Sud; Maersk Line; MSC; SeaLand",10,13,8075.5,1928.08333333333,890,2742,0,1,1,"{1,1,1,1,0}"
2021-03-28,HNPCR,"Puerto Cortes",GTSTC,"Santo Tomas de Castilla",3,2,"Seaboard Marine; X-Press",2,7,6046,958,974,2566,0,0,1,"{0,1,0}"
2021-03-28,HNPCR,"Puerto Cortes",HNPCA,"Puerto Castilla",1,1,Dole,1,1,890,445,890,890,1,1,1,{1}
2021-03-28,HNPCR,"Puerto Cortes",PAMIT,Manzanillo,1,1,"Evergreen Line; Maersk Line; MSC; SeaLand",4,4,1660.5,367.75,1296,1819,4,4,4,{4}
2021-03-28,HNPCR,"Puerto Cortes",USHOU,"Houston TX",1,1,"Hapag-Lloyd; ONE",2,6,2536,493,2339,2785,4,4,4,{4}
2021-03-28,HNPCR,"Puerto Cortes",USMIA,"Miami FL",1,1,"Seaboard Marine",1,1,974,170,974,974,3,3,3,{3}
2021-03-28,HNPCR,"Puerto Cortes",USPEF,"Port Everglades FL",4,4,"Crowley; Great White Fleet; King Ocean",3,6,4744.33333333333,972,972,1841,2,2.5,3,"{2,3,3,2}"
2021-03-28,HNRTB,Roatan,BZBZE,"Belize City",1,1,"Hyde Shipping Corp.; Seaboard Marine",2,2,301,40,262,340,1,1,1,{1}
2021-03-28,HNSLO,"Puerto San Lorenzo",SVAQJ,Acajutla,1,1,"COSCO; Evergreen Line; OOCL; X-Press",4,4,1948.5,374,1713,2546,1,1,1,{1}
2021-03-28,HRPLE,Ploce,HRSPU,Split,1,1,"APL; CMA CGM; COSCO; Evergreen Line; Hapag-Lloyd; Maersk Line; SeaLand; X-Press",8,3,766,136.666666666667,724,822,1,1,1,{1}
2021-03-28,HRRJK,Rijeka,ALDRZ,Durres,1,1,"APL; CMA CGM; COSCO; Evergreen Line; Hapag-Lloyd; Maersk Line; SeaLand; X-Press",8,3,766,136.666666666667,724,822,2,2,2,{2}
2021-03-28,HRRJK,Rijeka,EGPSD,"Port Said",1,1,"APL; CMA CGM; CNC Line-Cheng Lie Navigation Co. Ltd.; COSCO; Evergreen Line; OOCL",6,10,6798.7,624.7,5551,9289,4,4,4,{4}
2021-03-28,HRRJK,Rijeka,GRPIR,Piraeus,1,1,"COSCO; OOCL; Yang Ming",3,1,868,150,868,868,2,2,2,{2}
2021-03-28,HRRJK,Rijeka,ITTRS,Trieste,1,1,"Alianca; Hamburg Sud; Maersk Line; MSC; SeaLand; ZIM",6,11,15117.8181818182,1000,14036,15226,1,1,1,{1}
2021-03-28,HRRJK,Rijeka,ITVCE,Venice,1,1,"Hapag-Lloyd; ONE",2,3,1731,325.666666666667,1713,1740,1,1,1,{1}
2021-03-28,HRRJK,Rijeka,MTMAR,"Malta (Marsaxlokk)",1,1,"CMA CGM; Hapag-Lloyd; X-Press",3,3,1317.66666666667,337,1267,1345,3,3,3,{3}
2021-03-28,HRSPU,Split,ITBRI,Bari,1,1,"APL; CMA CGM; COSCO; Evergreen Line; Hapag-Lloyd; Maersk Line; SeaLand; X-Press",8,3,766,136.666666666667,724,822,1,1,1,{1}
2021-03-28,HTCAP,Cap-Haitien,CUMAR,Mariel,1,1,"CMA CGM",1,2,1218.5,324.5,1096,1341,2,2,2,{2}
2021-03-28,HTCAP,Cap-Haitien,USPEF,"Port Everglades FL",1,1,"King Ocean",1,1,591,150,591,591,3,3,3,{3}
2021-03-28,HTLFF,"Port Lafito",DOPOP,"Puerto Plata",1,1,"Seaboard Marine",1,1,1591.42857142857,314.285714285714,1114,1114,1,1,1,{1}
2021-03-28,HTLFF,"Port Lafito",JMKIN,Kingston,1,1,"Caribbean Feeder; COSCO; Hapag-Lloyd; Seaboard Marine; X-Press; ZIM",6,4,997.5,225.5,877,1118,0,0,0,{0}
2021-03-28,HTLFF,"Port Lafito",USPEF,"Port Everglades FL",1,1,"CMA CGM",1,2,690.5,,677,704,2,2,2,{2}
2021-03-28,HTPAP,Port-au-Prince,HTCAP,Cap-Haitien,1,1,"King Ocean",1,1,591,150,591,591,1,1,1,{1}
2021-03-28,HTPAP,Port-au-Prince,HTLFF,"Port Lafito",1,1,"Caribbean Feeder; COSCO; Hapag-Lloyd; Seaboard Marine; X-Press; ZIM",6,4,997.5,225.5,877,1118,1,1,1,{1}
2021-03-28,HTPAP,Port-au-Prince,JMKIN,Kingston,1,1,MSC,1,3,2008.66666666667,355.333333333333,2492,3534,2,2,2,{2}
2021-03-28,HTPAP,Port-au-Prince,USHOU,"Houston TX",1,1,"Evergreen Line; Maersk Line",2,2,1836,299,1550,2122,4,4,4,{4}
2021-03-28,HTPAP,Port-au-Prince,USPEF,"Port Everglades FL",1,1,"Crowley; SeaLand",2,1,972,170,972,972,2,2,2,{2}
2021-03-28,IDJKT,"Jakarta, Java",AUBNE,Brisbane,1,1,MSC,1,6,3825.5,464,3200,4957,7,7,7,{7}
2021-03-28,IDJKT,"Jakarta, Java",AUFRE,Fremantle,1,1,MSC,1,6,3015.33333333333,450.333333333333,2572,3674,5,5,5,{5}
2021-03-28,IDJKT,"Jakarta, Java",CNYTN,Yantian,1,1,MSC,1,4,2850,488.5,2470,3534,6,6,6,{6}
2021-03-28,IDJKT,"Jakarta, Java",IDPJG,Panjang,1,1,"Hamburg Sud; Maersk Line; OOCL; SeaLand; TS Lines",5,5,4236.4,611.2,4132,4300,3,3,3,{3}
2021-03-28,IDJKT,"Jakarta, Java",IDSRG,"Semarang, Java",4,4,"APL; CMA CGM; CNC Line-Cheng Lie Navigation Co. Ltd.; Evergreen Line; Hamburg Sud; KMTC; Maersk Line; SeaLand; SITC Shipping; Wan Hai; Yang Ming",11,21,11602.2023809524,1440.52380952381,1368,4447,1,1.5,2,"{2,2,1,1}"
2021-03-28,IDJKT,"Jakarta, Java",IDSUB,"Surabaya, Java",6,6,"ANL; APL; CK Line; CMA CGM; CNC Line-Cheng Lie Navigation Co. Ltd.; COSCO; Evergreen Line; Gold Star Line; Hamburg Sud; Heung-A; Hyundai; KMTC; Maersk Line; ONE; RCL; SeaLand; Sinokor; SITC Shipping; TS Lines; Yang Ming; ZIM",21,29,23929.5357142857,2558.23809523809,2540,5908,1,1.5,3,"{3,1,1,1,3,2}"
2021-03-28,IDJKT,"Jakarta, Java",KRPUS,Busan,1,1,"APL; CMA CGM; CNC Line-Cheng Lie Navigation Co. Ltd.; Heung-A; Hyundai; KMTC; ONE; Sinokor",8,4,4507.25,401,4275,4728,6,6,6,{6}
2021-03-28,IDJKT,"Jakarta, Java",MYPGU,"Pasir Gudang, Johor",1,1,"COSCO; OOCL",2,4,4202.5,364,4051,4253,1,1,1,{1}
2021-03-28,IDJKT,"Jakarta, Java",MYPKG,"Port Klang",1,1,"COSCO; Hapag-Lloyd; OOCL; PIL",4,5,4368,495.8,4178,4578,3,3,3,{3}
2021-03-28,IDJKT,"Jakarta, Java",MYTPP,"Tanjung Pelepas",6,6,"ANL; APL; Evergreen Line; Hamburg Sud; Hapag-Lloyd; Maersk Line; ONE; OOCL; SeaLand; TS Lines; Yang Ming",11,35,25080.6857142857,2735.72380952381,1740,6921,1,2,3,"{2,3,2,3,1,2}"
2021-03-28,IDJKT,"Jakarta, Java",PGLAE,Lae,1,1,ANL,1,1,7954.28571428571,1371.42857142857,1740,1740,7,7,7,{7}
2021-03-28,IDJKT,"Jakarta, Java",PGMAG,Madang,1,1,ANL,1,1,7488,914.285714285714,1638,1638,7,7,7,{7}
2021-03-28,IDJKT,"Jakarta, Java",SGSIN,Singapore,3,3,"APL; CMA CGM; CNC Line-Cheng Lie Navigation Co. Ltd.; Hapag-Lloyd; ONE; OOCL; Wan Hai; ZIM",8,11,13406,1226.66666666667,2742,5527,3,3,3,"{3,3,3}"
2021-03-28,IDJKT,"Jakarta, Java",VNSGN,"Ho Chi Minh (VICT/Cat Lai)",1,1,"KMTC; Sinokor; TS Lines",3,4,2384.5,339,1740,2806,5,5,5,{5}
2021-03-28,IDMAK,Makassar,PHBTG,Batangas,1,1,"APL; CMA CGM; CNC Line-Cheng Lie Navigation Co. Ltd.; KMTC; SITC Shipping",5,4,2636.25,321,2400,2741,4,4,4,{4}
2021-03-28,IDPJG,Panjang,IDJKT,"Jakarta, Java",1,1,"Hamburg Sud; Maersk Line; OOCL; SeaLand; TS Lines",5,5,4236.4,611.2,4132,4300,3,3,3,{3}
2021-03-28,IDSRG,"Semarang, Java",IDJKT,"Jakarta, Java",2,2,"Evergreen Line; Hamburg Sud; Maersk Line; SeaLand",4,11,6307.42857142857,784.857142857143,1740,4447,2,2,2,"{2,2}"
2021-03-28,IDSRG,"Semarang, Java",IDSUB,"Surabaya, Java",3,3,"APL; CMA CGM; CNC Line-Cheng Lie Navigation Co. Ltd.; Evergreen Line; KMTC; SeaLand; SITC Shipping; Wan Hai; Yang Ming",9,14,7279.77380952381,855.666666666667,1368,2926,1,1,1,"{1,1,1}"
2021-03-28,IDSUB,"Surabaya, Java",HKHKG,"Hong Kong",1,1,"Heung-A; Hyundai; KMTC; Sinokor",4,4,4212.5,374,4050,4275,7,7,7,{7}
2021-03-28,IDSUB,"Surabaya, Java",IDJKT,"Jakarta, Java",2,2,"Evergreen Line; Hamburg Sud; Maersk Line; SeaLand; TS Lines; Yang Ming",6,13,8634.85714285714,858.666666666667,2910,5908,1,2.5,4,"{4,1}"
2021-03-28,IDSUB,"Surabaya, Java",IDMAK,Makassar,1,1,"APL; CMA CGM; CNC Line-Cheng Lie Navigation Co. Ltd.; KMTC; SITC Shipping",5,4,2636.25,321,2400,2741,1,1,1,{1}
2021-03-28,IDSUB,"Surabaya, Java",IDSRG,"Semarang, Java",1,1,"Evergreen Line",1,4,1985,200,1740,2200,1,1,1,{1}
2021-03-28,IDSUB,"Surabaya, Java",PHDVO,Davao,2,2,"ANL; APL; CMA CGM; CNC Line-Cheng Lie Navigation Co. Ltd.; COSCO; Gold Star Line; Hyundai; Yang Ming; ZIM",9,11,8646.53571428571,898.071428571429,4250,4728,4,4.5,5,"{5,4}"
2021-03-28,IDSUB,"Surabaya, Java",TWKHH,Kaohsiung,1,1,"Evergreen Line; SeaLand; Yang Ming",3,7,2916.85714285714,344,2910,2926,6,6,6,{6}
2021-03-28,IDSUB,"Surabaya, Java",TWTPE,Taipei,1,1,"Wan Hai",1,3,1726.66666666667,190.666666666667,1368,2038,6,6,6,{6}
2021-03-28,IDSUB,"Surabaya, Java",VNSGN,"Ho Chi Minh (VICT/Cat Lai)",2,2,"CK Line; COSCO; Evergreen Line; Heung-A; Hyundai; KMTC; ONE; RCL; Sinokor; SITC Shipping",10,8,5352.5,771.5,2540,2824,3,3.5,4,"{3,4}"
2021-03-28,IEDUB,Dublin,BEANR,Antwerp,3,3,"BG Freight Line; CMA CGM; COSCO; Eucon; Evergreen Line; Hapag-Lloyd; MSC; X-Press",8,3,2848,554,868,1008,2,2,3,"{2,3,2}"
2021-03-28,IEDUB,Dublin,GBLIV,Liverpool,1,1,"Borchard Lines Ltd",1,4,868,171,868,868,1,1,1,{1}
2021-03-28,IEDUB,Dublin,IEORK,Cork,2,2,"APL; BG Freight Line; CMA CGM; Eucon; Hapag-Lloyd; X-Press",6,2,1846,330,822,1024,0,0.5,1,"{1,0}"
2021-03-28,IEDUB,Dublin,IEWAT,"Waterford Eire",1,1,Samskip,1,1,804,180,804,804,1,1,1,{1}
2021-03-28,IEDUB,Dublin,NLRTM,Rotterdam,4,4,"APL; BG Freight Line; CMA CGM; COSCO; Eucon; Evergreen Line; Hapag-Lloyd; Samskip; X-Press; Yang Ming",10,7,3581.28571428571,837.285714285714,803,1085,2,2,4,"{4,2,2,2}"
2021-03-28,IEORK,Cork,BEANR,Antwerp,1,1,"BG Freight Line; Eucon; Hapag-Lloyd",3,1,1024,180,1024,1024,2,2,2,{2}
2021-03-28,IEORK,Cork,FRLEH,"Le Havre",1,1,"APL; CMA CGM; X-Press",3,1,822,150,822,822,1,1,1,{1}
2021-03-28,IEORK,Cork,GBTIL,Tilbury,1,1,"Alianca; Hamburg Sud; Maersk Line; SeaLand",4,6,2573,600,2550,2592,2,2,2,{2}
2021-03-28,IEORK,Cork,NLRTM,Rotterdam,3,3,"APL; BG Freight Line; CMA CGM; COSCO; Eucon; Hapag-Lloyd; OOCL; Samskip; X-Press",9,6,2808,433,804,1004,2,2,2,"{2,2,2}"
2021-03-28,IEORK,Cork,USCHT,"Chester PA",1,1,ICL,1,4,2963.5,529,2546,3108,10,10,10,{10}
2021-03-28,IEWAT,"Waterford Eire",IEORK,Cork,1,1,Samskip,1,1,804,180,804,804,1,1,1,{1}
2021-03-28,IEWAT,"Waterford Eire",NLRTM,Rotterdam,1,1,"BG Freight Line; Eucon; Hapag-Lloyd",3,4,1004,253,1004,1004,2,2,2,{2}
2021-03-28,ILASH,Ashdod,EGALY,Alexandria,2,2,"Alianca; Borchard Lines Ltd; Hamburg Sud; Maersk Line; Medkon; SeaLand",6,6,6442.4,1308,672,6644,1,1.5,2,"{2,1}"
2021-03-28,ILASH,Ashdod,EGPSD,"Port Said",1,1,MSC,1,5,2520,166,2480,2680,1,1,1,{1}
2021-03-28,ILASH,Ashdod,ESVLC,Valencia,1,1,"MSC; ZIM",2,5,5551.6,732.4,2682,6730,5,5,5,{5}
2021-03-28,ILASH,Ashdod,GRPIR,Piraeus,2,2,"Evergreen Line; OOCL; Salamis; Unimed Feeder Services-UFS",4,2,1850,376,700,1150,2,2.5,3,"{2,3}"
2021-03-28,ILASH,Ashdod,ILHFA,Haifa,4,4,"Borchard Lines Ltd; COSCO; Hapag-Lloyd; MSC; OOCL; Yang Ming; ZIM",7,17,11432.85,1463.9,660,6730,0,1,1,"{1,0,1,1}"
2021-03-28,ILASH,Ashdod,SIKOP,Koper,2,2,"MSC; SeaLand; ZIM",3,4,2796.5,518,1061,1658,4,4.5,5,"{5,4}"
2021-03-28,ILASH,Ashdod,TRAMB,"Istanbul (Ambarli)",2,2,"Admiral; Hapag-Lloyd; Hyundai; ONE; Turkon; Yang Ming",6,13,13226.9090909091,1131.81818181818,1878,14100,2,2,2,"{2,2}"
2021-03-28,ILASH,Ashdod,TRISK,Iskenderun,1,1,"CMA CGM; COSCO; Hapag-Lloyd; OOCL; ZIM",5,3,1548,195.333333333333,1496,1574,1,1,1,{1}
2021-03-28,ILASH,Ashdod,TRIZM,Izmir,1,1,"Admiral; Maersk Line; SeaLand",3,2,998,254,998,998,2,2,2,{2}
2021-03-28,ILASH,Ashdod,TRIZT,Izmit,1,1,"Arkas Line; Hapag-Lloyd; OOCL; ZIM",4,3,3269.33333333333,534.666666666667,2824,3534,3,3,3,{3}
2021-03-28,ILASH,Ashdod,TRMER,Mersin,4,4,"Borchard Lines Ltd; Evergreen Line; ZIM",3,10,5852,904,868,2926,1,1,2,"{1,1,1,2}"
2021-03-28,ILHFA,Haifa,CYLMS,Limassol,1,1,"Borchard Lines Ltd",1,2,666,116,660,672,1,1,1,{1}
2021-03-28,ILHFA,Haifa,EGALY,Alexandria,2,2,"Borchard Lines Ltd; COSCO; ONE; OOCL; Yang Ming",5,9,5686.66666666667,620,1216,4892,1,1.5,2,"{2,1}"
2021-03-28,ILHFA,Haifa,EGDAM,Damietta,1,1,MSC,1,2,1671.5,302,1658,1685,1,1,1,{1}
2021-03-28,ILHFA,Haifa,EGPSD,"Port Said",2,2,"Alianca; Borchard Lines Ltd; Hamburg Sud; Maersk Line; SeaLand; ZIM",6,8,6908.06666666667,1405.33333333333,1083,6644,0,0.5,1,"{1,0}"
2021-03-28,ILHFA,Haifa,ESVLC,Valencia,1,1,"MSC; ZIM",2,10,8355.9,654,8063,8800,4,4,4,{4}
2021-03-28,ILHFA,Haifa,FRFOS,"Marseilles-Fos (Fos)",1,1,"COSCO; OOCL; ZIM",3,2,964.5,233,868,1061,5,5,5,{5}
2021-03-28,ILHFA,Haifa,GRPIR,Piraeus,1,1,"COSCO; Evergreen Line; OOCL; Yang Ming",4,5,3401.2,328,4250,4253,2,2,2,{2}
2021-03-28,ILHFA,Haifa,ILASH,Ashdod,9,9,"Admiral; Arkas Line; Borchard Lines Ltd; Evergreen Line; Hapag-Lloyd; Maersk Line; MSC; OOCL; SeaLand; Turkon; ZIM",11,27,20153.4333333333,2983.06666666667,868,6730,0,1,2,"{2,1,1,0,1,1,1,1,1}"
2021-03-28,ILHFA,Haifa,ITGOA,Genoa,1,1,"Arkas Line; Hapag-Lloyd; Maersk Line; Marguisa; ONE; SeaLand",6,4,1954.75,415.5,1604,2474,5,5,5,{5}
2021-03-28,ILHFA,Haifa,SIKOP,Koper,1,1,"Alianca; Hamburg Sud; Maersk Line; MSC; SeaLand; ZIM",6,11,15117.8181818182,1000,14036,15226,3,3,3,{3}
2021-03-28,ILHFA,Haifa,TRALI,Aliaga,1,1,"Hapag-Lloyd; Yang Ming; ZIM",3,8,4250.75,382.5,4250,4253,2,2,2,{2}
2021-03-28,INCCU,Kolkata,INPRT,Paradip,1,1,"Gold Star Line; ZIM",2,1,2358,529.714285714286,917,917,1,1,1,{1}
2021-03-28,INCCU,Kolkata,MYPKG,"Port Klang",1,1,"Gold Star Line; SeaLand; SOL; Yang Ming; ZIM",5,4,443.357142857143,94.0714285714286,917,1155,5,5,5,{5}
2021-03-28,INCCU,Kolkata,SGSIN,Singapore,3,3,"Advance Container Lines; ANL; BTL-Bengal Tiger Line; CMA CGM; PIL; X-Press",6,4,5570.28571428571,690.857142857143,887,1100,2,5,6,"{6,2,5}"
2021-03-28,INCOK,Cochin,AEJEA,"Dubai, Jebel Ali",1,1,"Evergreen Line; GFS; OOCL",3,4,3515.75,362.5,2442,4132,4,4,4,{4}
2021-03-28,INCOK,Cochin,EGDAM,Damietta,1,1,"COSCO; Hapag-Lloyd; ONE; OOCL; X-Press; Yang Ming",6,9,6232.33333333333,449.555555555556,5500,6921,8,8,8,{8}
2021-03-28,INCOK,Cochin,INTUT,Tuticorin,1,1,"ONE; Wan Hai",2,6,3134,390.333333333333,2702,4253,1,1,1,{1}
2021-03-28,INCOK,Cochin,LKCMB,Colombo,1,1,"Evergreen Line; GFS; OOCL",3,4,3515.75,362.5,2442,4132,1,1,1,{1}
2021-03-28,INENR,Ennore,LKCMB,Colombo,1,1,"Maersk Line",1,3,4745,424.666666666667,4658,4839,2,2,2,{2}
2021-03-28,INHAL,Haldia,INCCU,Kolkata,2,2,"Advance Container Lines; Gold Star Line; PIL; SeaLand; SOL; Yang Ming; ZIM",7,5,2470.78571428571,322.642857142857,887,1155,1,1,1,"{1,1}"
2021-03-28,INHZA,Hazira,INMUN,Mundra,2,2,"Hyundai; MSC; Sinokor; TS Lines",4,15,14645.6964285714,1242.03571428571,4728,9572,1,1.5,2,"{2,1}"
2021-03-28,INHZA,Hazira,INNSA,"Mumbai (Nhava Sheva)",2,2,"APL; CMA CGM; COSCO; Evergreen Line; GFS; Hamburg Sud; Maersk Line; ONE; OOCL; SeaLand; X-Press",11,10,11105.5,1270.5,4253,7154,0,0.5,1,"{1,0}"
2021-03-28,INHZA,Hazira,LKCMB,Colombo,4,4,"Emirates Shipping; Evergreen Line; Gold Star Line; KMTC; Maersk Line; MSC; X-Press; ZIM",8,28,24212.9428571429,1605.35714285714,2700,13800,2,3,3,"{3,3,3,2}"
2021-03-28,INKAT,Kattupalli,INMAA,Chennai/Madras,1,1,"BTL-Bengal Tiger Line; COSCO; Evergreen Line; ONE; OOCL; RCL; X-Press",7,4,5292.75,590,4896,5688,0,0,0,{0}
2021-03-28,INKAT,Kattupalli,INNSA,"Mumbai (Nhava Sheva)",1,1,"Hyundai; Sinokor; TS Lines",3,7,5667.57142857143,648.285714285714,4728,6763,3,3,3,{3}
2021-03-28,INKAT,Kattupalli,LKCMB,Colombo,1,1,"Evergreen Line; GFS; OOCL",3,4,3515.75,362.5,2442,4132,2,2,2,{2}
2021-03-28,INKAT,Kattupalli,MYPKG,"Port Klang",3,3,"COSCO; Gold Star Line; IAL-Interasia Lines; KMTC; ONE; OOCL; Wan Hai; ZIM",8,13,10373.0571428571,1094.54285714286,1061,5060,4,4,5,"{5,4,4}"
2021-03-28,INKRI,Krishnapatnum,INENR,Ennore,1,1,"Maersk Line",1,3,4745,424.666666666667,4658,4839,1,1,1,{1}
2021-03-28,INKRI,Krishnapatnum,INMAA,Chennai/Madras,1,1,"COSCO; Hapag-Lloyd; ONE; OOCL; X-Press; Yang Ming",6,9,6232.33333333333,449.555555555556,5500,6921,2,2,2,{2}
2021-03-28,INKRI,Krishnapatnum,INVTZ,Vishakhapatnam,1,1,"Maersk Line",1,2,5452.5,200,4250,6655,1,1,1,{1}
2021-03-28,INMAA,Chennai/Madras,INKAT,Kattupalli,2,2,"COSCO; IAL-Interasia Lines; KMTC; ONE; OOCL; Wan Hai; ZIM",7,11,8790.2,757.4,4228,5060,0,0,0,"{0,0}"
2021-03-28,INMAA,Chennai/Madras,INKRI,Krishnapatnum,1,1,"Maersk Line",1,2,5452.5,200,4250,6655,0,0,0,{0}
2021-03-28,INMAA,Chennai/Madras,INTUT,Tuticorin,1,1,"COSCO; Hapag-Lloyd; ONE; OOCL; X-Press; Yang Ming",6,9,6232.33333333333,449.555555555556,5500,6921,1,1,1,{1}
2021-03-28,INMAA,Chennai/Madras,INVTZ,Vishakhapatnam,3,3,"APL; BTL-Bengal Tiger Line; CMA CGM; CNC Line-Cheng Lie Navigation Co. Ltd.; COSCO; Evergreen Line; Feedertech; GFS; KMTC; ONE; OOCL; RCL; SeaLand; TS Lines; Wan Hai; X-Press",16,12,12299.4166666667,1340.5,2442,6655,1,1,2,"{2,1,1}"
2021-03-28,INMAA,Chennai/Madras,MYPKG,"Port Klang",1,1,"BTL-Bengal Tiger Line; COSCO; Evergreen Line; ONE; OOCL; RCL; X-Press",7,4,5292.75,590,4896,5688,5,5,5,{5}
2021-03-28,INMUN,Mundra,AEJEA,"Dubai, Jebel Ali",3,3,"APL; CMA CGM; COSCO; Emirates Shipping; Evergreen Line; GFS; Hapag-Lloyd; Maersk Line; ONE; OOCL; SOL; X-Press",12,8,13616.1,1719.6,2742,4620,2,4,4,"{4,4,2}"
2021-03-28,INMUN,Mundra,EGDAM,Damietta,1,1,"ANL; APL; CMA CGM; Hapag-Lloyd; ONE; OOCL",6,9,9476.88888888889,737.777777777778,8063,10114,6,6,6,{6}
2021-03-28,INMUN,Mundra,ILHFA,Haifa,1,1,"MSC; ZIM",2,10,8355.9,654,8063,8800,9,9,9,{9}
2021-03-28,INMUN,Mundra,INHZA,Hazira,2,2,"Emirates Shipping; Evergreen Line; Gold Star Line; KMTC; MSC; ZIM",6,14,13343.1428571429,1087.85714285714,5248,9200,1,1.5,2,"{1,2}"
2021-03-28,INMUN,Mundra,INNSA,"Mumbai (Nhava Sheva)",7,7,"APL; CMA CGM; DAL-Deutsche Afrika Linien; GFS; Hamburg Sud; Hapag-Lloyd; Maersk Line; Milaha Maritime; MSC; ONE; SeaLand; UAFL-United Africa Feeder Line; X-Press",13,58,32752.2695970696,2869.3336996337,2456,14952,1,2,2,"{2,2,2,1,2,2,2}"
2021-03-28,INMUN,Mundra,INPAV,Pipavav,1,1,"Hamburg Sud; Maersk Line; SeaLand",3,8,6804,820.5,6690,7154,1,1,1,{1}
2021-03-28,INMUN,Mundra,LKCMB,Colombo,4,4,"APL; CMA CGM; COSCO; Evergreen Line; Feedertech; Hapag-Lloyd; Hyundai; KMTC; MSC; ONE; PIL; TS Lines; X-Press",13,23,16776.0595238095,1974.84523809524,713,5652,2,4,5,"{4,5,2,4}"
2021-03-28,INMUN,Mundra,MYPKG,"Port Klang",3,3,"COSCO; Evergreen Line; Feedertech; ONE; OOCL; Sinokor; Wan Hai; Yang Ming",8,18,14643.6666666667,1359.5,4178,5652,6,7,8,"{7,8,6}"
2021-03-28,INMUN,Mundra,OMSLL,Salalah,1,1,"Maersk Line; SeaLand",2,4,4161.5,599.5,3388,4504,3,3,3,{3}
2021-03-28,INMUN,Mundra,OMSOH,Sohar,1,1,Hapag-Lloyd,1,4,3547,500,3534,3586,3,3,3,{3}
2021-03-28,INMUN,Mundra,PKBQM,"Port Qasim",1,1,"APL; CMA CGM; CNC Line-Cheng Lie Navigation Co. Ltd.; COSCO; OOCL; PIL; RCL",7,6,8858.83333333333,716.666666666667,6554,10106,1,1,1,{1}
2021-03-28,INMUN,Mundra,PKKHI,Karachi,3,3,"COSCO; Emirates Shipping; Hyundai; KMTC; PIL; Sinokor; TS Lines",7,18,13438.6428571429,1652.28571428571,1808,6763,1,1,2,"{1,2,1}"
2021-03-28,INMUN,Mundra,SAJED,Jeddah,3,3,"APL; CMA CGM; COSCO; Hapag-Lloyd; ONE; OOCL",6,24,27381.5,2192.75,5618,13556,5,5,6,"{5,5,6}"
2021-03-28,INMUN,Mundra,SAKAC,"King Abdullah City",2,2,"MSC; SCI-Shipping Corp. of India",2,17,21627.3472222222,1427.08333333333,7455,14000,7,7,7,"{7,7}"
2021-03-28,INNSA,"Mumbai (Nhava Sheva)",AEJEA,"Dubai, Jebel Ali",1,1,MSC,1,7,8227.42857142857,450,7943,13092,3,3,3,{3}
2021-03-28,INNSA,"Mumbai (Nhava Sheva)",INCOK,Cochin,1,1,"ONE; Wan Hai",2,6,3134,390.333333333333,2702,4253,2,2,2,{2}
2021-03-28,INNSA,"Mumbai (Nhava Sheva)",INHZA,Hazira,3,3,"Hyundai; MSC; Sinokor; TS Lines",4,25,22773.9964285714,1538.03571428571,3500,13800,0,1,1,"{1,1,0}"
2021-03-28,INNSA,"Mumbai (Nhava Sheva)",INMUN,Mundra,14,14,"ANL; APL; CMA CGM; CNC Line-Cheng Lie Navigation Co. Ltd.; COSCO; Emirates Shipping; Evergreen Line; Feedertech; GFS; Gold Star Line; Hapag-Lloyd; Hyundai; KMTC; Maersk Line; MSC; ONE; OOCL; PIL; RCL; SCI-Shipping Corp. of India; Sinokor; SOL; TS Lines; Wan Hai; X-Press; Yang Ming; ZIM",27,93,101735.063492063,9279.81825396825,2742,14000,1,1,2,"{2,1,2,1,2,1,1,1,1,1,1,1,1,2}"
2021-03-28,INNSA,"Mumbai (Nhava Sheva)",INPAV,Pipavav,3,3,"APL; CMA CGM; COSCO; Gold Star Line; Hamburg Sud; Hapag-Lloyd; Hyundai; Maersk Line; ONE; OOCL; RCL; SeaLand; Yang Ming; ZIM",14,25,18881.8571428571,1662.93506493506,1740,9572,1,1,2,"{2,1,1}"
2021-03-28,INNSA,"Mumbai (Nhava Sheva)",LKCMB,Colombo,6,6,"ANL; APL; CMA CGM; CNC Line-Cheng Lie Navigation Co. Ltd.; COSCO; DAL-Deutsche Afrika Linien; Evergreen Line; Gold Star Line; Hapag-Lloyd; Hyundai; Maersk Line; MSC; ONE; OOCL; RCL; UAFL-United Africa Feeder Line; X-Press; ZIM",18,57,33601.8362637363,3289.26703296703,2456,14952,1,2,4,"{1,1,2,3,4,2}"
2021-03-28,INNSA,"Mumbai (Nhava Sheva)",MYPKG,"Port Klang",1,1,"Evergreen Line; Hapag-Lloyd; IAL-Interasia Lines; Wan Hai",4,4,4461,387.5,4250,5090,5,5,5,{5}
2021-03-28,INNSA,"Mumbai (Nhava Sheva)",OMSLL,Salalah,3,3,"APL; Hamburg Sud; Maersk Line; SeaLand",4,25,17810.0606060606,1779.66666666667,4154,7154,3,3,4,"{3,4,3}"
2021-03-28,INNSA,"Mumbai (Nhava Sheva)",PKBQM,"Port Qasim",1,1,"Maersk Line; SeaLand",2,4,4161.5,599.5,3388,4504,1,1,1,{1}
2021-03-28,INNSA,"Mumbai (Nhava Sheva)",PKKHI,Karachi,3,3,"ANL; APL; CMA CGM; CNC Line-Cheng Lie Navigation Co. Ltd.; COSCO; Emirates Shipping; Evergreen Line; Gold Star Line; KMTC; OOCL; TS Lines; UAFL-United Africa Feeder Line; WEC Lines; X-Press; ZIM",15,21,16326.0952380952,2005.83333333333,1728,10050,2,2,4,"{2,4,2}"
2021-03-28,INNSA,"Mumbai (Nhava Sheva)",QAHMD,Hamad,1,1,"GFS; Milaha Maritime; X-Press",3,2,1248,172,2496,2496,4,4,4,{4}
2021-03-28,INPAV,Pipavav,INHZA,Hazira,1,1,"Hamburg Sud; Maersk Line; SeaLand",3,8,6804,820.5,6690,7154,0,0,0,{0}
2021-03-28,INPAV,Pipavav,INNSA,"Mumbai (Nhava Sheva)",1,1,"APL; Maersk Line; SeaLand",3,11,6362.72727272727,500,6188,6696,2,2,2,{2}
2021-03-28,INPAV,Pipavav,LKCMB,Colombo,1,1,"Hapag-Lloyd; Hyundai; ONE; Yang Ming",4,11,7540,674.363636363636,6200,8560,2,2,2,{2}
2021-03-28,INPAV,Pipavav,MYPKG,"Port Klang",1,1,"APL; CMA CGM; COSCO; Gold Star Line; OOCL; RCL; SeaLand; ZIM",8,7,7560.71428571429,665.571428571429,5250,9572,6,6,6,{6}
2021-03-28,INPAV,Pipavav,PKBQM,"Port Qasim",1,1,"APL; CMA CGM; Hyundai; ONE; RCL; X-Press",6,5,5473.2,609.6,4957,5624,2,2,2,{2}
2021-03-28,INPAV,Pipavav,SGSIN,Singapore,1,1,"Hamburg Sud; Maersk Line; SeaLand",3,7,3781.14285714286,323,1740,5100,7,7,7,{7}
2021-03-28,INPRT,Paradip,BDCGP,Chittagong,1,1,"Gold Star Line; ZIM",2,1,2358,529.714285714286,917,917,1,1,1,{1}
2021-03-28,INTUT,Tuticorin,LKCMB,Colombo,1,1,"COSCO; Hapag-Lloyd; ONE; OOCL; X-Press; Yang Ming",6,9,6232.33333333333,449.555555555556,5500,6921,1,1,1,{1}
2021-03-28,INTUT,Tuticorin,MYPKG,"Port Klang",1,1,"ONE; Wan Hai",2,6,3134,390.333333333333,2702,4253,3,3,3,{3}
2021-03-28,INVTZ,Vishakhapatnam,INKAT,Kattupalli,1,1,"Evergreen Line; GFS; OOCL",3,4,3515.75,362.5,2442,4132,2,2,2,{2}
2021-03-28,INVTZ,Vishakhapatnam,INKRI,Krishnapatnum,1,1,"COSCO; Hapag-Lloyd; ONE; OOCL; X-Press; Yang Ming",6,9,6232.33333333333,449.555555555556,5500,6921,1,1,1,{1}
2021-03-28,INVTZ,Vishakhapatnam,MYPKG,"Port Klang",2,2,"APL; BTL-Bengal Tiger Line; CMA CGM; CNC Line-Cheng Lie Navigation Co. Ltd.; COSCO; Evergreen Line; Feedertech; KMTC; ONE; OOCL; RCL; SeaLand; TS Lines; Wan Hai; X-Press",15,8,8783.66666666667,978,2741,6655,4,4.5,5,"{5,4}"
2021-03-28,INVTZ,Vishakhapatnam,MYTPP,"Tanjung Pelepas",1,1,"Maersk Line",1,2,5452.5,200,4250,6655,3,3,3,{3}
2021-03-28,IQUQR,"Umm Qasr",AEJEA,"Dubai, Jebel Ali",1,1,"APL; CMA CGM; COSCO; Evergreen Line; OOCL",5,12,7320.33333333333,699.833333333333,5652,8508,3,3,3,{3}
2021-03-28,IQUQR,"Umm Qasr",BHKBS,"Khalifa Bin Salman Port",1,1,Hapag-Lloyd,1,4,3547,500,3534,3586,2,2,2,{2}
2021-03-28,IQUQR,"Umm Qasr",CNTAO,Qingdao,1,1,MSC,1,7,8227.42857142857,450,7943,13092,16,16,16,{16}
2021-03-28,IQUQR,"Umm Qasr",QAHMD,Hamad,1,1,"COSCO; Hapag-Lloyd; Hyundai; ONE; Yang Ming",5,7,6317.14285714286,497.571428571429,5512,6589,1,1,1,{1}
2021-03-28,ISREY,Reykjavik,CAHAL,Halifax,1,1,Eimskip,1,3,832.666666666667,183.333333333333,698,925,7,7,7,{7}
2021-03-28,ISREY,Reykjavik,GLGOH,Nuuk,1,1,"Eimskip; Royal Arctic Line",2,3,2148,500,2148,2148,3,3,3,{3}
2021-03-28,ISREY,Reykjavik,ISRFJ,"Reydarfjordur Iceland",1,1,"Eimskip; Royal Arctic Line",2,3,2148,500,2148,2148,2,2,2,{2}
2021-03-28,ISREY,Reykjavik,ISVES,"Vestmannaeyjar Iceland",2,2,Eimskip,1,2,2792,480,698,698,1,1,1,"{1,1}"
2021-03-28,ISREY,Reykjavik,NLRTM,Rotterdam,1,1,"Eimskip; Hapag-Lloyd",2,2,1776.5,392.5,1678,1875,3,3,3,{3}
2021-03-28,ISRFJ,"Reydarfjordur Iceland",FOTHO,Thorshavn,1,1,"Eimskip; Royal Arctic Line",2,3,2148,500,2148,2148,1,1,1,{1}
2021-03-28,ISVES,"Vestmannaeyjar Iceland",FOTHO,Thorshavn,2,2,Eimskip,1,2,2792,480,698,698,1,1,1,"{1,1}"
2021-03-28,ITAOI,Ancona,GRPIR,Piraeus,1,1,"COSCO; OOCL; Yang Ming",3,3,1703,210,1701,1706,3,3,3,{3}
2021-03-28,ITAOI,Ancona,HRRJK,Rijeka,1,1,"Hapag-Lloyd; ONE",2,3,1731,325.666666666667,1713,1740,2,2,2,{2}
2021-03-28,ITAOI,Ancona,ITTRS,Trieste,2,2,MSC,1,5,3415.5,576,957,2550,1,1,1,"{1,1}"
2021-03-28,ITAOI,Ancona,ITVCE,Venice,1,1,"CMA CGM; Hapag-Lloyd; X-Press",3,3,1317.66666666667,337,1267,1345,1,1,1,{1}
2021-03-28,ITAOI,Ancona,SIKOP,Koper,1,1,"APL; CMA CGM; COSCO; Evergreen Line; Hapag-Lloyd; OOCL; Tarros; Unimed Feeder Services-UFS",8,4,2812.5,457.25,2742,2926,0,0,0,{0}
2021-03-28,ITBRI,Bari,GRPIR,Piraeus,1,1,"APL; CMA CGM; COSCO; Evergreen Line; Hapag-Lloyd; Maersk Line; SeaLand; X-Press",8,3,766,136.666666666667,724,822,1,1,1,{1}
2021-03-28,ITCTA,Catania,ITLIV,Leghorn,1,1,"APL; CMA CGM; X-Press",3,3,1033.66666666667,238.666666666667,957,1122,2,2,2,{2}
2021-03-28,ITCVV,Civitavecchia,ITSAL,Salerno,1,1,"CMA CGM; Hapag-Lloyd; ONE; OOCL; Unimed Feeder Services-UFS",5,4,2985,524.5,2790,3534,2,2,2,{2}
2021-03-28,ITCVV,Civitavecchia,ITSPE,"La Spezia",1,1,MSC,1,11,9124.72727272727,1062.36363636364,8772,9400,2,2,2,{2}
2021-03-28,ITGIT,"Gioia Tauro",BGBOJ,Burgas,1,1,MSC,1,3,2032.33333333333,397.333333333333,2007,2082,5,5,5,{5}
2021-03-28,ITGIT,"Gioia Tauro",EGEDK,"El Dekheila",1,1,MSC,1,4,2458.5,336,2394,2550,3,3,3,{3}
2021-03-28,ITGIT,"Gioia Tauro",EGPSD,"Port Said",1,1,"Hamburg Sud; Maersk Line; MSC; SeaLand",4,13,22668.6153846154,1791.07692307692,19154,23756,3,3,3,{3}
2021-03-28,ITGIT,"Gioia Tauro",ESVLC,Valencia,1,1,"ANL; APL; CMA CGM; MSC",4,14,8944.14285714286,863.571428571429,8189,9572,2,2,2,{2}
2021-03-28,ITGIT,"Gioia Tauro",GBSOU,Southampton,1,1,MSC,1,8,8978.125,593.75,8034,9572,7,7,7,{7}
2021-03-28,ITGIT,"Gioia Tauro",GRPIR,Piraeus,1,1,MSC,1,3,4340.33333333333,403.333333333333,4132,4549,2,2,2,{2}
2021-03-28,ITGIT,"Gioia Tauro",ILHFA,Haifa,1,1,MSC,1,2,1671.5,302,1658,1685,5,5,5,{5}
2021-03-28,ITGIT,"Gioia Tauro",ITCVV,Civitavecchia,1,1,MSC,1,11,9124.72727272727,1062.36363636364,8772,9400,3,3,3,{3}
2021-03-28,ITGIT,"Gioia Tauro",ITLIV,Leghorn,1,1,MSC,1,7,4895.57142857143,515.714285714286,4549,5711,3,3,3,{3}
2021-03-28,ITGIT,"Gioia Tauro",ITNAP,Naples,1,1,"Hamburg Sud; Maersk Line; MSC; SeaLand",4,7,8494.14285714286,771.428571428571,7849,9200,3,3,3,{3}
2021-03-28,ITGIT,"Gioia Tauro",ITVCE,Venice,1,1,MSC,1,4,2458.5,336,2394,2550,5,5,5,{5}
2021-03-28,ITGIT,"Gioia Tauro",LYMRA,Misurata,1,1,MSC,1,2,957,248,957,957,2,2,2,{2}
2021-03-28,ITGIT,"Gioia Tauro",MTMAR,"Malta (Marsaxlokk)",1,1,"ANL; APL; CMA CGM; MSC",4,14,8944.14285714286,863.571428571429,8189,9572,1,1,1,{1}
2021-03-28,ITGIT,"Gioia Tauro",SAKAC,"King Abdullah City",1,1,"MSC; SCI-Shipping Corp. of India",2,9,12649.2222222222,833.333333333333,7455,14000,6,6,6,{6}
2021-03-28,ITGIT,"Gioia Tauro",SIKOP,Koper,1,1,MSC,1,1,925,200,925,925,2,2,2,{2}
2021-03-28,ITGIT,"Gioia Tauro",TRIZT,Izmit,1,1,MSC,1,4,2627.75,236,2098,2908,2,2,2,{2}
2021-03-28,ITGIT,"Gioia Tauro",TRMER,Mersin,1,1,"MSC; ZIM",2,7,7589.57142857143,540.428571428571,6402,9200,2,2,2,{2}
2021-03-28,ITGOA,Genoa,CYLMS,Limassol,1,1,"Borchard Lines Ltd",1,3,1216,200,1216,1216,3,3,3,{3}
2021-03-28,ITGOA,Genoa,EGALY,Alexandria,1,1,"Alianca; APL; Arkas Line; CMA CGM; Hamburg Sud; Hapag-Lloyd; Maersk Line; OOCL",8,4,2210.75,306,1445,2478,4,4,4,{4}
2021-03-28,ITGOA,Genoa,EGDAM,Damietta,1,1,"Hapag-Lloyd; Hyundai; ONE; Yang Ming",4,11,11047.9090909091,709.090909090909,13169,13870,4,4,4,{4}
2021-03-28,ITGOA,Genoa,ESALG,Algeciras,2,2,"APL; Arkas Line; CMA CGM; COSCO; Messina; ONE; OOCL; Tarros; Yang Ming",9,10,6525.55952380952,724.714285714286,1445,4892,2,2.5,3,"{3,2}"
2021-03-28,ITGOA,Genoa,ESBCN,Barcelona,1,1,"Hapag-Lloyd; ZIM",2,8,4692,382.5,4253,6712,1,1,1,{1}
2021-03-28,ITGOA,Genoa,ESCAS,Castellon,1,1,"COSCO; Messina; MSC; OOCL",4,3,5115.33333333333,990.666666666667,2303,2824,2,2,2,{2}
2021-03-28,ITGOA,Genoa,ESVLC,Valencia,2,2,"APL; CMA CGM; COSCO; Hamburg Sud; Hapag-Lloyd; Maersk Line; MSC; OOCL; SeaLand",9,15,15708.7678571429,1387.17857142857,5618,9200,1,1.5,2,"{2,1}"
2021-03-28,ITGOA,Genoa,FRFOS,"Marseilles-Fos (Fos)",7,7,"Alianca; APL; Arkas Line; CMA CGM; CNAN-MED; CNC Line-Cheng Lie Navigation Co. Ltd.; COSCO; Evergreen Line; Hamburg Sud; Hapag-Lloyd; Hyundai; Maersk Line; Marguisa; MSC; ONE; OOCL; SeaLand; Yang Ming; ZIM",19,52,44784.4108225108,4321.8354978355,1604,14993,1,1,2,"{1,2,1,1,1,1,1}"
2021-03-28,ITGOA,Genoa,FRMRS,"Marseilles-Fos (Marseilles)",2,2,"APL; CMA CGM; Marfret; Marguisa; X-Press",5,11,7760.41666666667,1250.33333333333,889,6881,1,1,1,"{1,1}"
2021-03-28,ITGOA,Genoa,GRPIR,Piraeus,1,1,"Hapag-Lloyd; Hyundai; ONE; Yang Ming",4,11,14229.2727272727,945.454545454545,10114,14993,3,3,3,{3}
2021-03-28,ITGOA,Genoa,ITCVV,Civitavecchia,1,1,"CMA CGM; Hapag-Lloyd; ONE; OOCL; Unimed Feeder Services-UFS",5,4,2985,524.5,2790,3534,1,1,1,{1}
2021-03-28,ITGOA,Genoa,ITGIT,"Gioia Tauro",1,1,MSC,1,4,2627.75,236,2098,2908,5,5,5,{5}
2021-03-28,ITGOA,Genoa,ITLIV,Leghorn,2,2,"COSCO; Hapag-Lloyd; MSC; OOCL; ZIM",5,10,9894.5,1340,868,9403,0,1,2,"{2,0}"
2021-03-28,ITGOA,Genoa,ITSPE,"La Spezia",3,3,"APL; Arkas Line; CMA CGM; COSCO; Hapag-Lloyd; Messina; ONE; OOCL; Tarros; Yang Ming; ZIM",11,11,10609.3452380952,1156.14285714286,907,8749,0,1,1,"{0,1,1}"
2021-03-28,ITGOA,Genoa,MTMAR,"Malta (Marsaxlokk)",3,3,"APL; CMA CGM; CNC Line-Cheng Lie Navigation Co. Ltd.; COSCO; Evergreen Line; Hapag-Lloyd; Messina; OOCL; Tarros",9,20,24949.7418831169,2168.73701298701,1728,14812,1,2,3,"{1,2,3}"
2021-03-28,ITGOA,Genoa,PTSIE,Sines,1,1,MSC,1,5,4363,361,3987,4814,3,3,3,{3}
2021-03-28,ITGOA,Genoa,TRGEM,"Istanbul (Gemlik)",1,1,"Arkas Line; Maersk Line; Tarros",3,2,1529,178,1529,1529,4,4,4,{4}
2021-03-28,ITLIV,Leghorn,ESBCN,Barcelona,1,1,"Hapag-Lloyd; Yang Ming; ZIM",3,8,4250.75,382.5,4250,4253,2,2,2,{2}
2021-03-28,ITLIV,Leghorn,ESVLC,Valencia,1,1,"Hapag-Lloyd; MSC; ZIM",3,8,8930,1107,8704,9403,1,1,1,{1}
2021-03-28,ITLIV,Leghorn,ITGOA,Genoa,8,8,"Alianca; Arkas Line; CMA CGM; Hamburg Sud; Hapag-Lloyd; Maersk Line; Marfret; Marguisa; MSC; ONE; OOCL; SeaLand; Unimed Feeder Services-UFS; X-Press; ZIM",15,57,40395.8809523809,4950.30952380952,2790,9200,0,1,2,"{1,2,1,2,1,2,0,1}"
2021-03-28,ITLIV,Leghorn,ITNAP,Naples,1,1,"COSCO; OOCL; ZIM",3,2,964.5,233,868,1061,1,1,1,{1}
2021-03-28,ITLIV,Leghorn,ITSAL,Salerno,1,1,"APL; CMA CGM; X-Press",3,3,1033.66666666667,238.666666666667,957,1122,1,1,1,{1}
2021-03-28,ITMDC,"Marina di Carrara",ITGOA,Genoa,1,1,"Arkas Line; CNAN-MED; Hapag-Lloyd",3,2,1680,264,1604,1756,1,1,1,{1}
2021-03-28,ITNAP,Naples,GRPIR,Piraeus,1,1,"COSCO; OOCL; Yang Ming",3,1,1267,170,1267,1267,2,2,2,{2}
2021-03-28,ITNAP,Naples,ILASH,Ashdod,1,1,"COSCO; OOCL; ZIM",3,2,964.5,233,868,1061,3,3,3,{3}
2021-03-28,ITNAP,Naples,ITLIV,Leghorn,2,2,"Hamburg Sud; Maersk Line; MSC; SeaLand",4,12,12857.1428571429,1132.42857142857,3987,9200,1,2,3,"{3,1}"
2021-03-28,ITNAP,Naples,ITSPE,"La Spezia",3,3,"Hamburg Sud; Maersk Line; Messina; MSC; SeaLand; Tarros; WEC Lines",7,14,20892.8214285714,1983.58928571429,1728,8762,1,2,2,"{1,2,2}"
2021-03-28,ITNAP,Naples,MTMAR,"Malta (Marsaxlokk)",1,1,"APL; CMA CGM; X-Press",3,3,1033.66666666667,238.666666666667,957,1122,2,2,2,{2}
2021-03-28,ITRAN,Ravenna,ITAOI,Ancona,2,2,"APL; CMA CGM; COSCO; Evergreen Line; Hapag-Lloyd; MSC; OOCL; Tarros; Unimed Feeder Services-UFS",9,8,5271,793.25,2394,2926,1,1.5,2,"{2,1}"
2021-03-28,ITRAN,Ravenna,ITVCE,Venice,3,3,"Borchard Lines Ltd; MSC; SeaLand",3,7,4553.66666666667,802,660,2442,1,1,2,"{1,1,2}"
2021-03-28,ITRAN,Ravenna,TRAMB,"Istanbul (Ambarli)",1,1,"MSC; SeaLand",2,2,1498.5,322,1162,1835,3,3,3,{3}
2021-03-28,ITRAN,Ravenna,TRIZM,Izmir,1,1,ZIM,1,2,1138.5,216,1061,1216,3,3,3,{3}
2021-03-28,ITSAL,Salerno,CYLMS,Limassol,1,1,"Borchard Lines Ltd",1,4,868,171,868,868,4,4,4,{4}
2021-03-28,ITSAL,Salerno,ESCAS,Castellon,1,1,"Borchard Lines Ltd",1,4,868,171,868,868,2,2,2,{2}
2021-03-28,ITSAL,Salerno,FRMRS,"Marseilles-Fos (Marseilles)",1,1,"Borchard Lines Ltd",1,3,1216,200,1216,1216,2,2,2,{2}
2021-03-28,ITSAL,Salerno,GBFXT,Felixstowe,1,1,"COSCO; Evergreen Line; OOCL; Yang Ming",4,5,3401.2,328,4250,4253,6,6,6,{6}
2021-03-28,ITSAL,Salerno,GRPIR,Piraeus,2,2,"APL; Arkas Line; CMA CGM; Hapag-Lloyd; Messina; ONE; OOCL; Tarros; Unimed Feeder Services-UFS",9,8,5039.89285714286,829.214285714286,1445,3534,2,2,2,"{2,2}"
2021-03-28,ITSAL,Salerno,ITGOA,Genoa,1,1,"APL; CMA CGM",2,3,1003.66666666667,150.333333333333,889,1118,2,2,2,{2}
2021-03-28,ITSAL,Salerno,ITLIV,Leghorn,1,1,"Arkas Line; CMA CGM; Hapag-Lloyd",3,6,3926.33333333333,933.333333333333,3832,4115,2,2,2,{2}
2021-03-28,ITSAL,Salerno,ITNAP,Naples,1,1,"APL; CMA CGM; X-Press",3,3,1033.66666666667,238.666666666667,957,1122,1,1,1,{1}
2021-03-28,ITSAL,Salerno,ITSPE,"La Spezia",2,2,"APL; Arkas Line; CMA CGM; Maersk Line; Messina; Tarros",6,6,3583.89285714286,482.714285714286,1445,1740,2,2,2,"{2,2}"
2021-03-28,ITSPE,"La Spezia",DZALG,Algiers,1,1,"Messina; Tarros",2,1,1425.28571428571,251.428571428571,907,907,2,2,2,{2}
2021-03-28,ITSPE,"La Spezia",ESBCN,Barcelona,3,3,"APL; CMA CGM; COSCO; Hamburg Sud; Hapag-Lloyd; Maersk Line; MSC; ONE; OOCL; SeaLand; WEC Lines; Yang Ming; ZIM",13,16,16723.4166666667,1588.875,1384,8762,1,1,2,"{1,2,1}"
2021-03-28,ITSPE,"La Spezia",ESVLC,Valencia,1,1,MSC,1,11,9124.72727272727,1062.36363636364,8772,9400,2,2,2,{2}
2021-03-28,ITSPE,"La Spezia",FRFOS,"Marseilles-Fos (Fos)",2,2,"Maersk Line; MSC; SeaLand",3,4,1983,472,862,1118,1,1.5,2,"{1,2}"
2021-03-28,ITSPE,"La Spezia",GBLGP,"London Gateway",1,1,"MSC; WEC Lines",2,5,7321,660,6494,8762,6,6,6,{6}
2021-03-28,ITSPE,"La Spezia",ITGIT,"Gioia Tauro",1,1,"ANL; APL; CMA CGM; MSC",4,14,8944.14285714286,863.571428571429,8189,9572,1,1,1,{1}
2021-03-28,ITSPE,"La Spezia",ITGOA,Genoa,6,6,"APL; Arkas Line; CMA CGM; CNC Line-Cheng Lie Navigation Co. Ltd.; COSCO; Evergreen Line; Hapag-Lloyd; Hyundai; Maersk Line; Messina; ONE; OOCL; Tarros; Yang Ming",14,29,38978.4227272727,3251.31168831169,907,14993,0,1,1,"{0,1,1,0,1,1}"
2021-03-28,ITSPE,"La Spezia",ITSAL,Salerno,1,1,"APL; Arkas Line; CMA CGM; Messina; Tarros",5,4,2054.89285714286,304.714285714286,1445,1740,1,1,1,{1}
2021-03-28,ITTAR,Taranto,MEBAR,Bar,1,1,"CMA CGM; Hapag-Lloyd; X-Press",3,3,1317.66666666667,337,1267,1345,1,1,1,{1}
2021-03-28,ITTAR,Taranto,MTMAR,"Malta (Marsaxlokk)",1,1,"CMA CGM",1,3,1230,,1230,1230,2,2,2,{2}
2021-03-28,ITTRS,Trieste,EGPSD,"Port Said",1,1,"Alianca; Hamburg Sud; Maersk Line; MSC; SeaLand; ZIM",6,11,15117.8181818182,1000,14036,15226,5,5,5,{5}
2021-03-28,ITTRS,Trieste,HRRJK,Rijeka,2,2,"Alianca; APL; CMA CGM; CNC Line-Cheng Lie Navigation Co. Ltd.; COSCO; Evergreen Line; Hamburg Sud; Maersk Line; MSC; OOCL; SeaLand; ZIM",12,21,21916.5181818182,1624.7,5551,15226,1,1,1,"{1,1}"
2021-03-28,ITTRS,Trieste,ITGIT,"Gioia Tauro",1,1,MSC,1,4,2458.5,336,2394,2550,4,4,4,{4}
2021-03-28,ITTRS,Trieste,ITRAN,Ravenna,1,1,"MSC; SeaLand",2,2,1658,302,1658,1658,1,1,1,{1}
2021-03-28,ITTRS,Trieste,ITVCE,Venice,3,3,"APL; CMA CGM; COSCO; Evergreen Line; Hapag-Lloyd; MSC; OOCL; SeaLand; Tarros; Unimed Feeder Services-UFS",10,7,5268,1019.25,957,2926,0,1,2,"{1,0,2}"
2021-03-28,ITTRS,Trieste,SIKOP,Koper,1,1,"MSC; SeaLand",2,3,2229.66666666667,384,2078,2442,0,0,0,{0}
2021-03-28,ITVCE,Venice,CYLMS,Limassol,1,1,"Borchard Lines Ltd",1,2,666,116,660,672,4,4,4,{4}
2021-03-28,ITVCE,Venice,GRPIR,Piraeus,1,1,"Hapag-Lloyd; ONE",2,3,1731,325.666666666667,1713,1740,4,4,4,{4}
2021-03-28,ITVCE,Venice,ILHFA,Haifa,1,1,"MSC; SeaLand",2,2,1658,302,1658,1658,5,5,5,{5}
2021-03-28,ITVCE,Venice,ITAOI,Ancona,1,1,"COSCO; OOCL; Yang Ming",3,3,1703,210,1701,1706,1,1,1,{1}
2021-03-28,ITVCE,Venice,ITRAN,Ravenna,3,3,"APL; CMA CGM; COSCO; Evergreen Line; Hapag-Lloyd; MSC; OOCL; Tarros; Unimed Feeder Services-UFS; ZIM",10,10,6409.5,1009.25,1061,2926,1,1,2,"{1,2,1}"
2021-03-28,ITVCE,Venice,ITTRS,Trieste,1,1,"MSC; SeaLand",2,3,2229.66666666667,384,2078,2442,1,1,1,{1}
2021-03-28,ITVCE,Venice,MTMAR,"Malta (Marsaxlokk)",1,1,MSC,1,1,957,240,957,957,2,2,2,{2}
2021-03-28,ITVCE,Venice,SIKOP,Koper,2,2,"CMA CGM; Hapag-Lloyd; MSC; SeaLand; X-Press",5,5,2816.16666666667,659,1162,1835,0,0.5,1,"{1,0}"
2021-03-28,ITVDL,"Vado Ligure",SAJED,Jeddah,1,1,"Hamburg Sud; Maersk Line; SeaLand",3,6,4643.33333333333,459.166666666667,4154,5078,6,6,6,{6}
2021-03-28,JMKIN,Kingston,AWBAR,Barcadera,2,2,"CMA CGM; ZIM",2,2,5268,1580,1296,1338,2,2,2,"{2,2}"
2021-03-28,JMKIN,Kingston,BSNAS,Nassau,1,1,"CMA CGM",1,3,686,118.666666666667,677,704,0,0,0,{0}
2021-03-28,JMKIN,Kingston,BZBZE,"Belize City",2,2,"APL; Caribbean Feeder; CMA CGM; Hapag-Lloyd; Seaboard Marine; ZIM",6,3,1475,220,365,1118,2,2.5,3,"{3,2}"
2021-03-28,JMKIN,Kingston,COBAQ,Barranquilla,1,1,"Seaboard Marine",1,2,1713,377,1713,1713,3,3,3,{3}
2021-03-28,JMKIN,Kingston,COCTG,Cartagena,2,2,"Alianca; ANL; APL; CMA CGM; COSCO; Delmas; Hamburg Sud; Maersk Line; Marfret; SeaLand; Seatrade; USL-US Lines",12,16,7389.87301587302,1669.2970521542,2256,3534,1,1,1,"{1,1}"
2021-03-28,JMKIN,Kingston,CWWIL,Willemstad,1,1,Hapag-Lloyd,1,6,2603.66666666667,513.666666666667,2546,2872,3,3,3,{3}
2021-03-28,JMKIN,Kingston,DOCAU,Caucedo,4,4,"Alianca; ANL; APL; Caribbean Feeder; CMA CGM; CNC Line-Cheng Lie Navigation Co. Ltd.; COSCO; Crowley; Hamburg Sud; Hapag-Lloyd; Maersk Line; OOCL; SeaLand; ZIM",14,20,12642.9166666667,1533.66666666667,1061,10960,2,2,2,"{2,2,2,2}"
2021-03-28,JMKIN,Kingston,DOHAI,"Rio Haina",3,3,"APL; CMA CGM; COSCO; MSC; Seaboard Marine; X-Press; ZIM",7,9,5017.33333333333,1166,1118,2556,1,1,2,"{2,1,1}"
2021-03-28,JMKIN,Kingston,GTSTC,"Santo Tomas de Castilla",1,1,"Caribbean Feeder; COSCO; Hapag-Lloyd; Seaboard Marine; SeaLand",5,2,1809,300,1809,1809,2,2,2,{2}
2021-03-28,JMKIN,Kingston,HTCAP,Cap-Haitien,1,1,"CMA CGM",1,2,1218.5,324.5,1096,1341,1,1,1,{1}
2021-03-28,JMKIN,Kingston,HTLFF,"Port Lafito",1,1,"CMA CGM",1,2,690.5,,677,704,2,2,2,{2}
2021-03-28,JMKIN,Kingston,HTPAP,Port-au-Prince,2,2,"Caribbean Feeder; COSCO; Evergreen Line; Hapag-Lloyd; Maersk Line; Seaboard Marine; X-Press; ZIM",8,6,2833.5,524.5,877,2122,0,1,2,"{0,2}"
2021-03-28,JMKIN,Kingston,KRPUS,Busan,1,1,"Alianca; Hamburg Sud; Maersk Line; MSC; SeaLand; ZIM",6,11,10333.3636363636,1137.45454545455,9162,11923,26,26,26,{26}
2021-03-28,JMKIN,Kingston,MXATM,Altamira,1,1,"CMA CGM; COSCO; MSC; Seaboard Marine; X-Press; ZIM",6,3,1177.33333333333,276.666666666667,1118,1296,4,4,4,{4}
2021-03-28,JMKIN,Kingston,MXVER,Veracruz,1,1,"Hapag-Lloyd; ZIM",2,8,4692,382.5,4253,6712,4,4,4,{4}
2021-03-28,JMKIN,Kingston,PAMIT,Manzanillo,2,2,"Caribbean Feeder; CMA CGM; COSCO; Hapag-Lloyd; Maersk Line; Seaboard Marine; X-Press; ZIM",8,10,4704,1055.33333333333,877,4178,1,2,3,"{1,3}"
2021-03-28,JMKIN,Kingston,TTPOS,"Port of Spain",1,1,"CMA CGM",1,5,2312.8,502,2190,2506,2,2,2,{2}
2021-03-28,JMKIN,Kingston,TTPTS,"Point Lisas",1,1,"CMA CGM",1,3,686,118.666666666667,677,704,4,4,4,{4}
2021-03-28,JMKIN,Kingston,USHOU,"Houston TX",2,2,"CMA CGM; Marfret; Marguisa; MSC; X-Press",5,11,8765.41666666667,1455.33333333333,2492,6881,3,3.5,4,"{4,3}"
2021-03-28,JMKIN,Kingston,USMIA,"Miami FL",1,1,"King Ocean; Seaboard Marine",2,2,1339.5,351.5,966,1713,2,2,2,{2}
2021-03-28,JMKIN,Kingston,USMSY,"New Orleans LA",1,1,"Alianca; APL; CMA CGM; COSCO; Hamburg Sud; Maersk Line; SeaLand",7,9,3390.44444444444,488.888888888889,3091,3534,3,3,3,{3}
2021-03-28,JMKIN,Kingston,USNYC,"New York NY/NJ",1,1,ZIM,1,2,1110,220,1102,1118,4,4,4,{4}
2021-03-28,JMKIN,Kingston,USSAV,"Savannah GA",1,1,"Alianca; Hamburg Sud; Maersk Line; MSC; SeaLand; ZIM",6,11,10333.3636363636,1137.45454545455,9162,11923,3,3,3,{3}
2021-03-28,JMKIN,Kingston,VEGUT,Guanta,1,1,"Caribbean Feeder; Hamburg Sud; Hapag-Lloyd; ZIM",4,1,3088.85714285714,651.428571428571,1138,1138,3,3,3,{3}
2021-03-28,JOAQB,Aqaba,DJJIB,Djibouti,1,1,"APL; CMA CGM; CNC Line-Cheng Lie Navigation Co. Ltd.; COSCO; Evergreen Line; OOCL; PIL",7,8,10249.375,725,10086,13208,3,3,3,{3}
2021-03-28,JOAQB,Aqaba,EGSOK,Sokhna,1,1,"Hapag-Lloyd; ONE; Wan Hai; Yang Ming",4,8,4960.25,468.75,5466,6258,1,1,1,{1}
2021-03-28,JOAQB,Aqaba,SAJED,Jeddah,2,2,"APL; CMA CGM; CNC Line-Cheng Lie Navigation Co. Ltd.; COSCO; Evergreen Line; Hapag-Lloyd; OOCL; PIL",8,17,17913.4027777778,1249.08333333333,5618,14500,2,2,2,"{2,2}"
2021-03-28,JOAQB,Aqaba,SAKAC,"King Abdullah City",1,1,"Alianca; GFS; Hamburg Sud; Maersk Line",4,5,2769.2,234.4,2732,2826,2,2,2,{2}
2021-03-28,JPAXT,"Akita (N Coast)",KRPUS,Busan,1,1,"Heung-A; KMTC",2,2,1075.5,80,1048,1103,3,3,3,{3}
2021-03-28,JPCHB,Chiba,JPYOK,Yokohama,1,1,"APL; CMA CGM; CNC Line-Cheng Lie Navigation Co. Ltd.; Evergreen Line; ONE; TS Lines; Yang Ming; ZIM",8,4,2940,272.25,2940,2940,0,0,0,{0}
2021-03-28,JPCHB,Chiba,TWKEL,Keelung,1,1,"IAL-Interasia Lines; Wan Hai",2,4,1633,208,1368,1728,3,3,3,{3}
2021-03-28,JPFKY,Fukuyama,JPHIJ,Hiroshima,1,1,"Wan Hai",1,2,1040,,1040,1040,0,0,0,{0}
2021-03-28,JPFKY,Fukuyama,JPMIZ,Mizushima,5,4,"Kambara Kisen Co., Ltd.; Mingsheng",2,10,3951.5,644,556,1020,0,0,1,"{0,0,0,0,1}"
2021-03-28,JPHBK,Hibiki,JPMOJ,Moji,1,1,"HASCO; Jin Jiang; Taicang Container Lines",3,1,720,,720,720,1,1,1,{1}
2021-03-28,JPHBK,Hibiki,KRPUS,Busan,2,2,"Dongjin Shipping; Hamburg Sud; Namsung; SeaLand; Sinokor",5,5,2691,420,953,1740,1,1,1,"{1,1}"
2021-03-28,JPHHE,Hachinohe,JPKUH,Kushiro,1,1,"Dong Young; KMTC; Namsung",3,3,988.666666666667,80,953,1060,2,2,2,{2}
2021-03-28,JPHIC,Hitachinaka,JPONA,Onahama,1,1,"Dong Young; KMTC; Namsung",3,3,988.666666666667,80,953,1060,1,1,1,{1}
2021-03-28,JPHIC,Hitachinaka,KRPUS,Busan,1,1,"Dong Young; KMTC; Namsung",3,3,985.333333333333,80,953,1003,2,2,2,{2}
2021-03-28,JPHIJ,Hiroshima,CNTXG,Xingang/Tianjin,1,1,Mingsheng,1,2,651.5,108,650,653,6,6,6,{6}
2021-03-28,JPHIJ,Hiroshima,JPHSM,Hososhima,1,1,"Kambara Kisen Co., Ltd.",1,3,1020,160,1020,1020,1,1,1,{1}
2021-03-28,JPHIJ,Hiroshima,JPIYM,"Iyomishima (Shikoku)",1,1,"Kambara Kisen Co., Ltd.",1,1,556,100,556,556,0,0,0,{0}
2021-03-28,JPHIJ,Hiroshima,JPMYJ,"Matsuyama (Shikoku)",1,1,ONE,1,2,923.5,156,915,932,0,0,0,{0}
2021-03-28,JPHIJ,Hiroshima,JPSBS,Shibushi,1,1,"Kambara Kisen Co., Ltd.",1,3,1020,160,1020,1020,1,1,1,{1}
2021-03-28,JPHIJ,Hiroshima,JPTKY,Tokuyama,1,1,Mingsheng,1,1,704,116,704,704,0,0,0,{0}
2021-03-28,JPHIJ,Hiroshima,TWTPE,Taipei,1,1,"Wan Hai",1,2,1040,,1040,1040,3,3,3,{3}
2021-03-28,JPHKD,Hakodate,JPTMK,Tomakomai,1,1,"KMTC; Namsung",2,3,913.666666666667,63.3333333333333,728,1060,1,1,1,{1}
2021-03-28,JPHKT,Hakata,CNSHA,Shanghai,2,2,"Centrans; Evergreen Line; StarOcean; TS Lines; Yang Ming",5,4,2474,240,704,1984,1,2.5,4,"{1,4}"
2021-03-28,JPHKT,Hakata,JPHBK,Hibiki,2,2,"Dongjin Shipping; HASCO; Jin Jiang; Namsung; Sinokor; Taicang Container Lines",6,2,1673,120,720,953,0,0,0,"{0,0}"
2021-03-28,JPHKT,Hakata,JPMOJ,Moji,6,5,"COSCO; Evergreen Line; Hamburg Sud; HASCO; Jin Jiang; SeaLand; Sinotrans; SITC Shipping; StarOcean; Taicang Container Lines; Wan Hai; Yang Ming",12,12,6839.5,1025,602,1809,0,0.5,1,"{1,0,0,1,1,0}"
2021-03-28,JPHKT,Hakata,JPOSA,Osaka,2,2,"COSCO; Sinotrans; SITC Shipping; Westwood",4,7,6154.75,1189.66666666667,1011,2556,1,1.5,2,"{1,2}"
2021-03-28,JPHKT,Hakata,JPTKY,Tokuyama,1,1,"IAL-Interasia Lines; Wan Hai",2,4,1731,245.75,1708,1800,0,0,0,{0}
2021-03-28,JPHKT,Hakata,JPUKB,Kobe,1,1,"IAL-Interasia Lines; Wan Hai",2,3,1776,322.333333333333,1728,1800,1,1,1,{1}
2021-03-28,JPHKT,Hakata,KRPUS,Busan,1,1,"TS Lines; Yang Ming",2,2,1754,201,1708,1800,1,1,1,{1}
2021-03-28,JPHKT,Hakata,KRUSN,Ulsan,1,1,"APL; CMA CGM; CNC Line-Cheng Lie Navigation Co. Ltd.; IAL-Interasia Lines; Wan Hai",5,3,1368,80,1368,1368,1,1,1,{1}
2021-03-28,JPHKT,Hakata,TWKEL,Keelung,1,1,ONE,1,3,1749,284,1708,1809,2,2,2,{2}
2021-03-28,JPHKT,Hakata,TWTPE,Taipei,1,1,"Evergreen Line; ONE; Wan Hai",3,4,1802.25,153.5,1708,1984,1,1,1,{1}
2021-03-28,JPHSM,Hososhima,JPHIJ,Hiroshima,1,1,ONE,1,2,923.5,156,915,932,2,2,2,{2}
2021-03-28,JPHSM,Hososhima,JPSBS,Shibushi,1,1,"Kambara Kisen Co., Ltd.",1,3,1020,160,1020,1020,0,0,0,{0}
2021-03-28,JPIMI,Imari,JPFKY,Fukuyama,2,2,"Kambara Kisen Co., Ltd.; Mingsheng",2,5,1671.5,268,650,1020,1,1,1,"{1,1}"
2021-03-28,JPISI,Ishikari,JPHKD,Hakodate,1,1,"KMTC; Namsung",2,3,913.666666666667,63.3333333333333,728,1060,1,1,1,{1}
2021-03-28,JPISI,Ishikari,JPSKT,Sakata,1,1,"Dong Young; KMTC; Namsung",3,3,1021,40,1000,1060,2,2,2,{2}
2021-03-28,JPIWK,Iwakuni,JPHKT,Hakata,1,1,"Evergreen Line; Yang Ming",2,3,1770,124,1618,1984,1,1,1,{1}
2021-03-28,JPIYM,"Iyomishima (Shikoku)",JPOIT,Oita,1,1,"Kambara Kisen Co., Ltd.",1,1,556,100,556,556,1,1,1,{1}
2021-03-28,JPKIJ,"Niigata (N Coast)",JPAXT,"Akita (N Coast)",1,1,"Heung-A; KMTC",2,2,1075.5,80,1048,1103,1,1,1,{1}
2021-03-28,JPKIJ,"Niigata (N Coast)",JPMUR,"Muroran Hokkaido",1,1,"Dong Young; KMTC; Namsung",3,3,985.333333333333,80,953,1003,1,1,1,{1}
2021-03-28,JPKIJ,"Niigata (N Coast)",JPTOY,"Toyama (N Coast)",2,2,"Kambara Kisen Co., Ltd.; KMTC; PanCon",3,4,2036.5,302,1009,1024,0,0.5,1,"{0,1}"
2021-03-28,JPKIS,Kamaishi,JPSDJ,"Sendai (Honshu)",1,1,"KMTC; Namsung",2,3,913.666666666667,63.3333333333333,728,1060,1,1,1,{1}
2021-03-28,JPKNZ,"Kanazawa (N Coast)",CNSHA,Shanghai,1,1,"Kambara Kisen Co., Ltd.",1,1,698,120,698,698,3,3,3,{3}
2021-03-28,JPKNZ,"Kanazawa (N Coast)",JPKIJ,"Niigata (N Coast)",1,1,"Dong Young; KMTC; Namsung",3,3,985.333333333333,80,953,1003,1,1,1,{1}
2021-03-28,JPKNZ,"Kanazawa (N Coast)",JPSMN,"Sakaiminato (N Coast)",1,1,"Dong Young; KMTC; Namsung",3,3,1021,40,1000,1060,1,1,1,{1}
2021-03-28,JPKNZ,"Kanazawa (N Coast)",KRPUS,Busan,1,1,"KMTC; PanCon",2,2,1016.5,142,1009,1024,2,2,2,{2}
2021-03-28,JPKUH,Kushiro,JPSDJ,"Sendai (Honshu)",1,1,"Dong Young; KMTC; Namsung",3,3,985.333333333333,80,953,1003,1,1,1,{1}
2021-03-28,JPKUH,Kushiro,JPTMK,Tomakomai,1,1,"Dong Young; KMTC; Namsung",3,3,988.666666666667,80,953,1060,1,1,1,{1}
2021-03-28,JPKWS,Kawasaki,JPNGO,Nagoya,1,1,"SITC Shipping",1,3,1051,91.6666666666667,953,1100,1,1,1,{1}
2021-03-28,JPKWS,Kawasaki,JPTYO,Tokyo,1,1,"ONE; OOCL; Wan Hai",3,4,4984.5,330,4882,5087,2,2,2,{2}
2021-03-28,JPKWS,Kawasaki,JPYOK,Yokohama,3,3,"IAL-Interasia Lines; KMTC; SITC Shipping; Wan Hai",4,10,4421.5,601,1024,1805,0,0,0,"{0,0,0}"
2021-03-28,JPMAI,Maizuru,CNDLC,Dalian,1,1,"Kambara Kisen Co., Ltd.",1,2,1020,160,1020,1020,4,4,4,{4}
2021-03-28,JPMIZ,Mizushima,JPFKY,Fukuyama,1,1,"Wan Hai",1,2,1040,,1040,1040,1,1,1,{1}
2021-03-28,JPMIZ,Mizushima,JPHIJ,Hiroshima,4,3,"Kambara Kisen Co., Ltd.; Mingsheng",2,8,3300,536,556,1020,1,1,1,"{1,1,1,1}"
2021-03-28,JPMIZ,Mizushima,JPOSA,Osaka,2,2,"Ji Zhou; Wan Hai",2,4,1625,50,585,1040,0,0,0,"{0,0}"
2021-03-28,JPMIZ,Mizushima,JPTAK,"Takamatsu (Shikoku)",1,1,Mingsheng,1,2,651.5,108,650,653,0,0,0,{0}
2021-03-28,JPMOJ,Moji,CNNGB,Ningbo,1,1,"COSCO; Sinotrans; SITC Shipping",3,4,1058.75,75,1011,1100,2,2,2,{2}
2021-03-28,JPMOJ,Moji,CNSHA,Shanghai,2,2,"COSCO; HASCO; Jin Jiang; Sinotrans; SITC Shipping; Taicang Container Lines",6,3,1589,135,720,907,3,3,3,"{3,3}"
2021-03-28,JPMOJ,Moji,CNTAC,Taicang,1,1,"HASCO; Jin Jiang; Taicang Container Lines",3,1,1102,200,1102,1102,3,3,3,{3}
2021-03-28,JPMOJ,Moji,CNTXG,Xingang/Tianjin,1,1,"COSCO; Sinotrans; SITC Shipping",3,2,869,135,831,907,3,3,3,{3}
2021-03-28,JPMOJ,Moji,CNWEI,Weihai,1,1,StarOcean,1,1,602,100,602,602,3,3,3,{3}
2021-03-28,JPMOJ,Moji,CNYTN,Yantian,1,1,"APL; CMA CGM; CNC Line-Cheng Lie Navigation Co. Ltd.; COSCO; Evergreen Line; OOCL; Yang Ming",7,3,1416.66666666667,134.666666666667,1378,1440,3,3,3,{3}
2021-03-28,JPMOJ,Moji,JPHKT,Hakata,5,5,"APL; Centrans; CMA CGM; CNC Line-Cheng Lie Navigation Co. Ltd.; Evergreen Line; IAL-Interasia Lines; ONE; StarOcean; TS Lines; Wan Hai; Yang Ming",11,14,7359.25,796.25,704,1984,1,1,1,"{1,1,1,1,1}"
2021-03-28,JPMOJ,Moji,KRPUS,Busan,2,2,"CNC Line-Cheng Lie Navigation Co. Ltd.; Hamburg Sud; SeaLand; TS Lines",4,6,2761,465,1022,1740,1,1,1,"{1,1}"
2021-03-28,JPMOJ,Moji,TWTPE,Taipei,1,1,"Evergreen Line; Wan Hai; Yang Ming",3,2,1659.5,155,1510,1809,1,1,1,{1}
2021-03-28,JPMUR,"Muroran Hokkaido",JPTMK,Tomakomai,1,1,"Dong Young; KMTC; Namsung",3,3,985.333333333333,80,953,1003,1,1,1,{1}
2021-03-28,JPMYJ,"Matsuyama (Shikoku)",JPOIT,Oita,1,1,ONE,1,2,923.5,156,915,932,0,0,0,{0}
2021-03-28,JPNAH,"Naha (Okinawa Is)",CNNGB,Ningbo,1,1,"Maersk Line; Matson",2,5,3182,343.2,2890,3620,2,2,2,{2}
2021-03-28,JPNAH,"Naha (Okinawa Is)",JPSBS,Shibushi,1,1,ONE,1,2,923.5,156,915,932,2,2,2,{2}
2021-03-28,JPNAH,"Naha (Okinawa Is)",KRPUS,Busan,1,1,"ANL; APL; CMA CGM; CNC Line-Cheng Lie Navigation Co. Ltd.; Maersk Line",5,6,6684.83333333333,703,5506,7455,1,1,1,{1}
2021-03-28,JPNAH,"Naha (Okinawa Is)",TWKEL,Keelung,1,1,ONE,1,2,923.5,156,915,932,1,1,1,{1}
2021-03-28,JPNGO,Nagoya,CNDLC,Dalian,1,1,"SITC Shipping",1,3,1021.66666666667,140,1011,1043,2,2,2,{2}
2021-03-28,JPNGO,Nagoya,CNQZL,Quanzhou,1,1,"Ji Zhou",1,2,585,50,585,585,5,5,5,{5}
2021-03-28,JPNGO,Nagoya,CNSHA,Shanghai,4,4,"COSCO; Sinotrans; SITC Shipping",3,8,4264.5,436.666666666667,953,1102,2,2.5,4,"{2,3,4,2}"
2021-03-28,JPNGO,Nagoya,CNTAC,Taicang,3,3,"HASCO; Jin Jiang; SITC Shipping; Taicang Container Lines",4,8,3104,468.333333333333,1011,1102,0,2,3,"{3,0,2}"
2021-03-28,JPNGO,Nagoya,CNTAO,Qingdao,2,2,"Centrans; CNC Line-Cheng Lie Navigation Co. Ltd.; Evergreen Line; Hamburg Sud; Jin Jiang; SeaLand; StarOcean",7,6,2560,358.4,698,2200,4,4,4,"{4,4}"
2021-03-28,JPNGO,Nagoya,CNTXG,Xingang/Tianjin,2,2,"COSCO; Sinotrans; StarOcean",3,4,3726,425,1740,1946,5,5.5,6,"{6,5}"
2021-03-28,JPNGO,Nagoya,CNWEI,Weihai,2,2,COSCO,1,2,6711.42857142857,1157.14285714286,1740,1740,3,3.5,4,"{3,4}"
2021-03-28,JPNGO,Nagoya,CNXMN,Xiamen,1,1,"Hapag-Lloyd; Hyundai; ONE; Yang Ming",4,6,6478.16666666667,515,6350,6969,6,6,6,{6}
2021-03-28,JPNGO,Nagoya,HKHKG,"Hong Kong",1,1,OOCL,1,3,4578,400,4578,4578,3,3,3,{3}
2021-03-28,JPNGO,Nagoya,JPMOJ,Moji,1,1,"APL; CMA CGM; CNC Line-Cheng Lie Navigation Co. Ltd.; COSCO; Evergreen Line; OOCL; Yang Ming",7,3,1416.66666666667,134.666666666667,1378,1440,2,2,2,{2}
2021-03-28,JPNGO,Nagoya,JPOSA,Osaka,2,2,"APL; CMA CGM; CNC Line-Cheng Lie Navigation Co. Ltd.; Evergreen Line; SeaLand; TS Lines; Yang Ming",7,6,2791.75,533.5,1024,1756,1,1,1,"{1,1}"
2021-03-28,JPNGO,Nagoya,JPSMZ,Shimizu,3,3,"HASCO; Jin Jiang; ONE; Westwood",4,7,8002.66666666667,1613.66666666667,668,2556,1,1,1,"{1,1,1}"
2021-03-28,JPNGO,Nagoya,JPTYO,Tokyo,10,8,"APL; CMA CGM; CNC Line-Cheng Lie Navigation Co. Ltd.; COSCO; Evergreen Line; Gold Star Line; Hapag-Lloyd; Hyundai; KMTC; NBOSCO; ONE; OOCL; Sinotrans; SITC Shipping; Taicang Container Lines; TS Lines; Yang Ming; ZIM",18,61,36578.1166666667,3564.51666666667,1042,9592,0,1,2,"{1,1,0,1,1,0,2,2,1,0}"
2021-03-28,JPNGO,Nagoya,JPUKB,Kobe,11,11,"APL; Asean Seas Line; CMA CGM; CNC Line-Cheng Lie Navigation Co. Ltd.; Easline Shipping; Evergreen Line; Hamburg Sud; Hapag-Lloyd; IAL-Interasia Lines; Maersk Line; ONE; OOCL; SeaLand; TS Lines; Wan Hai; Yang Ming",16,43,29388.2738095238,3669.5,834,5527,0,1,2,"{2,1,1,1,1,0,1,1,1,1,2}"
2021-03-28,JPNGO,Nagoya,JPYKK,Yokkaichi,7,7,"Evergreen Line; IAL-Interasia Lines; OOCL; SITC Shipping; Wan Hai; Yang Ming",6,24,16189.5833333333,1941.08333333333,915,4583,0,0,1,"{1,0,0,0,0,0,0}"
2021-03-28,JPNGO,Nagoya,JPYOK,Yokohama,2,2,"Alianca; APL; CMA CGM; CNC Line-Cheng Lie Navigation Co. Ltd.; Hamburg Sud; ONE; OOCL; SeaLand; TS Lines; Wan Hai",10,8,6141,615,1808,4578,1,1.5,2,"{2,1}"
2021-03-28,JPNGO,Nagoya,THLCH,"Laem Chabang",1,1,ONE,1,3,2627,400,2553,2664,7,7,7,{7}
2021-03-28,JPNGO,Nagoya,VNVUT,"Cai Mep (near Ho Chi Minh)",1,1,MSC,1,4,3189.5,257.5,2732,3424,5,5,5,{5}
2021-03-28,JPOIT,Oita,CNSHA,Shanghai,1,1,"Kambara Kisen Co., Ltd.",1,1,556,100,556,556,2,2,2,{2}
2021-03-28,JPOIT,Oita,KRPUS,Busan,1,1,ONE,1,2,923.5,156,915,932,1,1,1,{1}
2021-03-28,JPOMZ,Omaezaki,JPNGO,Nagoya,1,1,"APL; CMA CGM; CNC Line-Cheng Lie Navigation Co. Ltd.",3,4,3273.5,425,2782,3534,1,1,1,{1}
2021-03-28,JPOMZ,Omaezaki,JPYKK,Yokkaichi,1,1,MSC,1,4,3189.5,257.5,2732,3424,0,0,0,{0}
2021-03-28,JPONA,Onahama,JPSDJ,"Sendai (Honshu)",1,1,"Dong Young; KMTC; Namsung",3,3,988.666666666667,80,953,1060,1,1,1,{1}
2021-03-28,JPOSA,Osaka,CNTAO,Qingdao,1,1,"ANL; APL; CMA CGM; COSCO; Evergreen Line; OOCL",6,6,6190.16666666667,550.333333333333,5576,7024,2,2,2,{2}
2021-03-28,JPOSA,Osaka,CNTXG,Xingang/Tianjin,1,1,"Asean Seas Line; Easline Shipping",2,2,976,150,834,1118,6,6,6,{6}
2021-03-28,JPOSA,Osaka,JPIWK,Iwakuni,1,1,"Evergreen Line; Yang Ming",2,3,1770,124,1618,1984,1,1,1,{1}
2021-03-28,JPOSA,Osaka,JPMIZ,Mizushima,1,1,"Wan Hai",1,2,1040,,1040,1040,1,1,1,{1}
2021-03-28,JPOSA,Osaka,JPMOJ,Moji,1,1,"CNC Line-Cheng Lie Navigation Co. Ltd.; TS Lines",2,2,1023,165,1022,1024,1,1,1,{1}
2021-03-28,JPOSA,Osaka,JPNGO,Nagoya,4,4,"Alianca; APL; CMA CGM; CNC Line-Cheng Lie Navigation Co. Ltd.; COSCO; Gold Star Line; Hamburg Sud; KMTC; NBOSCO; OOCL; SeaLand; TS Lines; Westwood; Yang Ming; ZIM",15,14,10997.75,1893.16666666667,1100,3405,1,1,1,"{1,1,1,1}"
2021-03-28,JPOSA,Osaka,JPSBK,Sakaisenboku,2,2,"SITC Shipping",1,5,2725.75,386.25,1024,1805,0,0,0,"{0,0}"
2021-03-28,JPOSA,Osaka,JPSMZ,Shimizu,1,1,"Evergreen Line; Wan Hai",2,3,1691.33333333333,216.666666666667,1618,1728,1,1,1,{1}
2021-03-28,JPOSA,Osaka,JPTYO,Tokyo,1,1,"Ji Zhou",1,2,585,50,585,585,1,1,1,{1}
2021-03-28,JPOSA,Osaka,JPUKB,Kobe,30,29,"Alianca; APL; Centrans; CMA CGM; CNC Line-Cheng Lie Navigation Co. Ltd.; COSCO; Evergreen Line; Gold Star Line; Hamburg Sud; HASCO; IAL-Interasia Lines; Jin Jiang; KMTC; ONE; OOCL; SeaLand; Sinotrans; SITC Shipping; StarOcean; Taicang Container Lines; TS Lines; Wan Hai; Yang Ming; ZIM",24,75,45208.9166666667,5937.65,542,4578,0,0,1,"{0,1,0,0,1,0,1,0,0,0,1,0,0,0,0,1,1,1,1,0,1,1,1,1,0,0,0,0,0,1}"
2021-03-28,JPOSA,Osaka,JPYKK,Yokkaichi,1,1,ONE,1,3,2238.66666666667,439,1713,2553,1,1,1,{1}
2021-03-28,JPOSA,Osaka,KRPUS,Busan,3,3,"Alianca; ANL; APL; CMA CGM; CNC Line-Cheng Lie Navigation Co. Ltd.; COSCO; Hamburg Sud; IAL-Interasia Lines; Maersk Line; MSC; ONE; OOCL; Wan Hai",13,16,14147.5238095238,1478.38095238095,1728,8300,1,2,3,"{1,3,2}"
2021-03-28,JPOSA,Osaka,TWKEL,Keelung,2,2,"APL; CMA CGM; CNC Line-Cheng Lie Navigation Co. Ltd.; Evergreen Line; TS Lines; Yang Ming",6,7,2899.16666666667,400,1096,1805,3,3,3,"{3,3}"
2021-03-28,JPOSA,Osaka,TWKHH,Kaohsiung,1,1,OOCL,1,4,2497,391.5,2207,2700,3,3,3,{3}
2021-03-28,JPOSA,Osaka,TWTPE,Taipei,1,1,"IAL-Interasia Lines; Wan Hai",2,4,2773,485,2700,2826,3,3,3,{3}
2021-03-28,JPOTR,Otaru,JPMAI,Maizuru,1,1,"Kambara Kisen Co., Ltd.",1,2,1020,160,1020,1020,2,2,2,{2}
2021-03-28,JPSBK,Sakaisenboku,JPUKB,Kobe,3,2,"SITC Shipping",1,9,4427.5,592.5,1024,1805,0,1,1,"{1,0,1}"
2021-03-28,JPSBS,Shibushi,CNNGB,Ningbo,1,1,"Kambara Kisen Co., Ltd.",1,3,1020,160,1020,1020,2,2,2,{2}
2021-03-28,JPSBS,Shibushi,CNTXG,Xingang/Tianjin,1,1,"Kambara Kisen Co., Ltd.",1,3,1020,160,1020,1020,5,5,5,{5}
2021-03-28,JPSBS,Shibushi,JPHSM,Hososhima,1,1,ONE,1,2,923.5,156,915,932,1,1,1,{1}
2021-03-28,JPSDJ,"Sendai (Honshu)",JPHHE,Hachinohe,1,1,"Dong Young; KMTC; Namsung",3,3,988.666666666667,80,953,1060,1,1,1,{1}
2021-03-28,JPSDJ,"Sendai (Honshu)",JPHIC,Hitachinaka,1,1,"Dong Young; KMTC; Namsung",3,3,985.333333333333,80,953,1003,1,1,1,{1}
2021-03-28,JPSDJ,"Sendai (Honshu)",JPTMK,Tomakomai,1,1,"Dong Young; KMTC; Namsung",3,3,1021,40,1000,1060,1,1,1,{1}
2021-03-28,JPSDJ,"Sendai (Honshu)",KRPUS,Busan,1,1,"KMTC; Namsung",2,3,913.666666666667,63.3333333333333,728,1060,3,3,3,{3}
2021-03-28,JPSKT,Sakata,JPISI,Ishikari,1,1,"KMTC; Namsung",2,3,913.666666666667,63.3333333333333,728,1060,2,2,2,{2}
2021-03-28,JPSKT,Sakata,JPKNZ,"Kanazawa (N Coast)",1,1,"Dong Young; KMTC; Namsung",3,3,1021,40,1000,1060,1,1,1,{1}
2021-03-28,JPSKT,Sakata,KRPUS,Busan,1,1,"Dong Young; KMTC; Namsung",3,3,988.666666666667,80,953,1060,2,2,2,{2}
2021-03-28,JPSMN,"Sakaiminato (N Coast)",JPKNZ,"Kanazawa (N Coast)",1,1,"Kambara Kisen Co., Ltd.",1,1,698,120,698,698,1,1,1,{1}
2021-03-28,JPSMN,"Sakaiminato (N Coast)",JPSKT,Sakata,1,1,"KMTC; Namsung",2,3,913.666666666667,63.3333333333333,728,1060,1,1,1,{1}
2021-03-28,JPSMN,"Sakaiminato (N Coast)",KRPUS,Busan,1,1,"Dong Young; KMTC; Namsung",3,3,1021,40,1000,1060,2,2,2,{2}
2021-03-28,JPSMZ,Shimizu,CNSHA,Shanghai,1,1,"HASCO; Jin Jiang",2,1,668,60,668,668,2,2,2,{2}
2021-03-28,JPSMZ,Shimizu,JPNGO,Nagoya,5,5,"Evergreen Line; IAL-Interasia Lines; ONE; OOCL; SITC Shipping; Wan Hai",6,17,12576.1666666667,1296,1011,5087,0,1,1,"{1,0,1,0,1}"
2021-03-28,JPSMZ,Shimizu,JPSDJ,"Sendai (Honshu)",1,1,"Dong Young; KMTC; Namsung",3,3,1021,40,1000,1060,1,1,1,{1}
2021-03-28,JPSMZ,Shimizu,JPTYO,Tokyo,2,2,"ONE; Westwood",2,6,7334.66666666667,1553.66666666667,1713,2556,1,1,1,"{1,1}"
2021-03-28,JPSMZ,Shimizu,JPUKB,Kobe,1,1,"APL; CMA CGM; COSCO; Evergreen Line; Hapag-Lloyd; Hyundai; ONE; Yang Ming",8,15,8682.93333333333,797.466666666667,8212,9592,1,1,1,{1}
2021-03-28,JPSMZ,Shimizu,JPYOK,Yokohama,3,3,"APL; CMA CGM; CNC Line-Cheng Lie Navigation Co. Ltd.; Evergreen Line; SeaLand; TS Lines; Wan Hai; Yang Ming",8,14,6339.94047619048,909.166666666667,1618,2926,0,0,1,"{0,0,1}"
2021-03-28,JPSMZ,Shimizu,KRPUS,Busan,1,1,"KMTC; ONE; Yang Ming",3,3,2858,354,2858,2858,2,2,2,{2}
2021-03-28,JPTAK,"Takamatsu (Shikoku)",JPHIJ,Hiroshima,1,1,Mingsheng,1,2,651.5,108,650,653,1,1,1,{1}
2021-03-28,JPTKY,Tokuyama,CNSHA,Shanghai,1,1,Mingsheng,1,1,704,116,704,704,3,3,3,{3}
2021-03-28,JPTKY,Tokuyama,TWTPE,Taipei,1,1,"IAL-Interasia Lines; Wan Hai",2,4,1731,245.75,1708,1800,2,2,2,{2}
2021-03-28,JPTMK,Tomakomai,JPISI,Ishikari,1,1,"Dong Young; KMTC; Namsung",3,3,1021,40,1000,1060,1,1,1,{1}
2021-03-28,JPTMK,Tomakomai,JPKIS,Kamaishi,1,1,"KMTC; Namsung",2,3,913.666666666667,63.3333333333333,728,1060,2,2,2,{2}
2021-03-28,JPTMK,Tomakomai,JPKUH,Kushiro,1,1,"Dong Young; KMTC; Namsung",3,3,985.333333333333,80,953,1003,1,1,1,{1}
2021-03-28,JPTMK,Tomakomai,JPSKT,Sakata,1,1,"Dong Young; KMTC; Namsung",3,3,988.666666666667,80,953,1060,1,1,1,{1}
2021-03-28,JPTMK,Tomakomai,KRPUS,Busan,1,1,Westwood,1,3,5096,1114.66666666667,2542,2556,3,3,3,{3}
2021-03-28,JPTOY,"Toyama (N Coast)",JPKNZ,"Kanazawa (N Coast)",1,1,"KMTC; PanCon",2,2,1016.5,142,1009,1024,1,1,1,{1}
2021-03-28,JPTOY,"Toyama (N Coast)",JPOTR,Otaru,1,1,"Kambara Kisen Co., Ltd.",1,2,1020,160,1020,1020,2,2,2,{2}
2021-03-28,JPTYO,Tokyo,CNSHA,Shanghai,3,3,"Centrans; COSCO; Sinotrans; SITC Shipping; StarOcean; TS Lines",6,6,2672,363,698,1108,3,4,4,"{4,3,4}"
2021-03-28,JPTYO,Tokyo,CNTAO,Qingdao,1,1,"APL; CMA CGM; COSCO; Evergreen Line",4,6,8799.33333333333,943,8452,9466,3,3,3,{3}
2021-03-28,JPTYO,Tokyo,HKHKG,"Hong Kong",1,1,"ONE; OOCL; Wan Hai",3,4,4333,375,4250,4578,4,4,4,{4}
2021-03-28,JPTYO,Tokyo,JPCHB,Chiba,1,1,"APL; CMA CGM; CNC Line-Cheng Lie Navigation Co. Ltd.; Evergreen Line; ONE; TS Lines; Yang Ming; ZIM",8,4,2940,272.25,2940,2940,1,1,1,{1}
2021-03-28,JPTYO,Tokyo,JPKWS,Kawasaki,3,3,"IAL-Interasia Lines; KMTC; SITC Shipping; Wan Hai",4,10,4421.5,601,1024,1805,1,1,1,"{1,1,1}"
2021-03-28,JPTYO,Tokyo,JPNGO,Nagoya,2,2,"OOCL; Taicang Container Lines",2,7,5641.58333333333,568.333333333333,1042,4583,0,0.5,1,"{0,1}"
2021-03-28,JPTYO,Tokyo,JPOSA,Osaka,1,1,"ANL; APL; CMA CGM; COSCO; Evergreen Line; OOCL",6,6,6190.16666666667,550.333333333333,5576,7024,1,1,1,{1}
2021-03-28,JPTYO,Tokyo,JPSMZ,Shimizu,5,5,"APL; CMA CGM; CNC Line-Cheng Lie Navigation Co. Ltd.; COSCO; Evergreen Line; Hapag-Lloyd; Hyundai; KMTC; ONE; SeaLand; SITC Shipping; TS Lines; Yang Ming",13,32,17211.2071428571,1983.96666666667,1011,9592,1,1,1,"{1,1,1,1,1}"
2021-03-28,JPTYO,Tokyo,JPUKB,Kobe,4,4,"Alianca; COSCO; Hamburg Sud; Hapag-Lloyd; Hyundai; Maersk Line; Matson; ONE; OOCL; SeaLand; Yang Ming",11,32,28188.2510822511,2509.62337662338,4178,12690,1,1,2,"{1,1,2,1}"
2021-03-28,JPTYO,Tokyo,JPYKK,Yokkaichi,1,1,"Hapag-Lloyd; ONE",2,4,4758.75,450,4432,5527,1,1,1,{1}
2021-03-28,JPTYO,Tokyo,JPYOK,Yokohama,43,41,"APL; Asean Seas Line; CMA CGM; CNC Line-Cheng Lie Navigation Co. Ltd.; COSCO; Easline Shipping; Evergreen Line; Gold Star Line; Hamburg Sud; HASCO; IAL-Interasia Lines; Jin Jiang; Ji Zhou; KMTC; Maersk Line; MSC; NBOSCO; ONE; OOCL; SeaLand; Sinotrans; SITC Shipping; StarOcean; Taicang Container Lines; TS Lines; Wan Hai; Yang Ming; ZIM",28,118,82421.1785714286,10633.5595238095,585,5087,0,0,1,"{0,0,0,0,0,0,0,0,0,0,0,1,0,1,1,0,0,0,0,0,0,0,0,0,0,0,0,1,0,0,0,0,1,0,1,0,0,1,0,0,0,0,0}"
2021-03-28,JPTYO,Tokyo,PAMIT,Manzanillo,1,1,"Hapag-Lloyd; Hyundai; ONE; Yang Ming",4,11,8445.72727272727,706.909090909091,8110,8930,18,18,18,{18}
2021-03-28,JPTYO,Tokyo,SGSIN,Singapore,1,1,"APL; CMA CGM; COSCO; Evergreen Line; Hapag-Lloyd; Hyundai; ONE; Yang Ming",8,15,8682.93333333333,797.466666666667,8212,9592,6,6,6,{6}
2021-03-28,JPTYO,Tokyo,TWKEL,Keelung,1,1,"Alianca; APL; CMA CGM; CNC Line-Cheng Lie Navigation Co. Ltd.; Hamburg Sud; SeaLand; TS Lines",7,4,1808,240,1808,1808,3,3,3,{3}
2021-03-28,JPTYO,Tokyo,TWTPE,Taipei,1,1,"Evergreen Line; Wan Hai",2,3,1691.33333333333,216.666666666667,1618,1728,3,3,3,{3}
2021-03-28,JPTYO,Tokyo,USLAX,"Los Angeles CA",1,1,"APL; CMA CGM; COSCO; Evergreen Line; Hapag-Lloyd; Hyundai; ONE; Yang Ming",8,15,8682.93333333333,797.466666666667,8212,9592,10,10,10,{10}
2021-03-28,JPTYO,Tokyo,USPAE,"Everett WA",1,1,Westwood,1,3,5096,1114.66666666667,2542,2556,12,12,12,{12}
2021-03-28,JPTYO,Tokyo,USTIW,"Tacoma WA",1,1,"Hapag-Lloyd; Hyundai; ONE; Yang Ming",4,6,6478.16666666667,515,6350,6969,10,10,10,{10}
2021-03-28,JPUKB,Kobe,CNDLC,Dalian,1,1,"SITC Shipping",1,2,1032,170,1024,1040,2,2,2,{2}
2021-03-28,JPUKB,Kobe,CNSHA,Shanghai,9,9,"Centrans; COSCO; HASCO; Jin Jiang; Sinotrans; SITC Shipping; StarOcean; TS Lines",8,13,7888.5,1157,668,1108,2,2,3,"{2,2,3,2,3,2,2,3,3}"
2021-03-28,JPUKB,Kobe,CNTAC,Taicang,1,1,"Taicang Container Lines",1,1,907,120,907,907,3,3,3,{3}
2021-03-28,JPUKB,Kobe,CNTAO,Qingdao,4,4,"COSCO; Hapag-Lloyd; Hyundai; Jin Jiang; ONE; Sinotrans; SITC Shipping; Yang Ming",8,10,11895.6666666667,1250,915,9592,2,2.5,3,"{3,2,2,3}"
2021-03-28,JPUKB,Kobe,CNTXG,Xingang/Tianjin,1,1,"COSCO; Sinotrans; SITC Shipping",3,4,1058.75,75,1011,1100,3,3,3,{3}
2021-03-28,JPUKB,Kobe,CNWEI,Weihai,1,1,"COSCO; Sinotrans; SITC Shipping",3,1,542,200,542,542,2,2,2,{2}
2021-03-28,JPUKB,Kobe,CNXMN,Xiamen,1,1,"Hapag-Lloyd; Hyundai; ONE; Yang Ming",4,11,8445.72727272727,706.909090909091,8110,8930,3,3,3,{3}
2021-03-28,JPUKB,Kobe,JPHKT,Hakata,1,1,"Evergreen Line; Wan Hai; Yang Ming",3,2,1659.5,155,1510,1809,2,2,2,{2}
2021-03-28,JPUKB,Kobe,JPMOJ,Moji,3,3,"COSCO; Evergreen Line; IAL-Interasia Lines; ONE; Sinotrans; SITC Shipping; Wan Hai",7,12,4592,474.25,1011,1984,1,1,1,"{1,1,1}"
2021-03-28,JPUKB,Kobe,JPNGO,Nagoya,5,4,"APL; CMA CGM; COSCO; Evergreen Line; Hapag-Lloyd; Hyundai; ONE; OOCL; SITC Shipping; Wan Hai; Yang Ming",11,43,29216.3666666667,2613.26666666667,915,9592,0,1,1,"{0,1,1,1,0}"
2021-03-28,JPUKB,Kobe,JPOSA,Osaka,13,13,"Alianca; APL; Asean Seas Line; CMA CGM; CNC Line-Cheng Lie Navigation Co. Ltd.; COSCO; Easline Shipping; Evergreen Line; Gold Star Line; Hamburg Sud; IAL-Interasia Lines; KMTC; NBOSCO; OOCL; SeaLand; SITC Shipping; TS Lines; Wan Hai; Yang Ming; ZIM",20,43,23009,3239.25,834,3405,0,0,1,"{0,0,0,0,0,0,0,0,1,0,0,0,0}"
2021-03-28,JPUKB,Kobe,JPTYO,Tokyo,2,2,"OOCL; StarOcean",2,5,6377,700,1740,4578,1,1,1,"{1,1}"
2021-03-28,JPUKB,Kobe,JPYKK,Yokkaichi,1,1,ONE,1,3,2627,400,2553,2664,1,1,1,{1}
2021-03-28,JPUKB,Kobe,JPYOK,Yokohama,1,1,"CNC Line-Cheng Lie Navigation Co. Ltd.; Evergreen Line; Hamburg Sud; SeaLand",4,5,1862,238.4,1730,2200,0,0,0,{0}
2021-03-28,JPUKB,Kobe,KRPUS,Busan,4,4,"Alianca; COSCO; Hamburg Sud; Maersk Line; Matson; ONE; OOCL; SeaLand; SITC Shipping",9,17,9505.27380952381,1391.96428571429,1577,4658,1,2.5,3,"{3,3,1,2}"
2021-03-28,JPUKB,Kobe,SGSIN,Singapore,3,3,"APL; CMA CGM; CNC Line-Cheng Lie Navigation Co. Ltd.; Hapag-Lloyd; Hyundai; ONE; Yang Ming",7,16,17480.75,1700,2782,12690,6,7,8,"{7,8,6}"
2021-03-28,JPUKB,Kobe,THLCH,"Laem Chabang",1,1,"APL; CMA CGM; CNC Line-Cheng Lie Navigation Co. Ltd.; Hamburg Sud; Maersk Line; SeaLand",6,4,2560.5,410,2442,2762,14,14,14,{14}
2021-03-28,JPUKB,Kobe,TWKEL,Keelung,3,3,"APL; CMA CGM; CNC Line-Cheng Lie Navigation Co. Ltd.; Evergreen Line; ONE; OOCL; SeaLand; TS Lines; Wan Hai; Yang Ming",10,10,7776.25,863.5,1024,5087,2,2,3,"{2,3,2}"
2021-03-28,JPUKB,Kobe,TWKHH,Kaohsiung,1,1,OOCL,1,4,4579.25,400,4578,4583,2,2,2,{2}
2021-03-28,JPUKB,Kobe,TWTXG,Taichung,1,1,"Evergreen Line; SeaLand; Yang Ming",3,7,2916.85714285714,344,2910,2926,3,3,3,{3}
2021-03-28,JPUKB,Kobe,VNC8Q,"Chu Lai",1,1,"APL; CMA CGM; CNC Line-Cheng Lie Navigation Co. Ltd.",3,3,1038,242.666666666667,998,1118,8,8,8,{8}
2021-03-28,JPYKK,Yokkaichi,JPNGO,Nagoya,3,3,"MSC; ONE",2,10,8055.16666666667,1096.5,1713,3424,0,1,1,"{0,1,1}"
2021-03-28,JPYKK,Yokkaichi,JPTYO,Tokyo,1,1,"SITC Shipping",1,2,1032,170,1024,1040,1,1,1,{1}
2021-03-28,JPYKK,Yokkaichi,JPUKB,Kobe,1,1,OOCL,1,4,4579.25,400,4578,4583,2,2,2,{2}
2021-03-28,JPYKK,Yokkaichi,JPYOK,Yokohama,1,1,"Hapag-Lloyd; ONE",2,4,4758.75,450,4432,5527,0,0,0,{0}
2021-03-28,JPYKK,Yokkaichi,KRPUS,Busan,1,1,"SITC Shipping",1,3,1039.33333333333,128.333333333333,915,1103,2,2,2,{2}
2021-03-28,JPYKK,Yokkaichi,TWTPE,Taipei,2,2,"Evergreen Line; Wan Hai",2,7,4000,506.75,1800,2200,3,3.5,4,"{4,3}"
2021-03-28,JPYKK,Yokkaichi,TWTXG,Taichung,2,2,"Evergreen Line; IAL-Interasia Lines; Wan Hai; Yang Ming",4,8,5539,736,2546,2926,3,3,3,"{3,3}"
2021-03-28,JPYOK,Yokohama,CAPRR,"Prince Rupert BC",1,1,"Hamburg Sud; Maersk Line; MSC; ZIM",4,6,8461.33333333333,843.333333333333,6541,11660,9,9,9,{9}
2021-03-28,JPYOK,Yokohama,CNLYG,Lianyungang,1,1,"COSCO; Sinotrans",2,2,2246,308,1946,2546,6,6,6,{6}
2021-03-28,JPYOK,Yokohama,CNNGB,Ningbo,1,1,"COSCO; NBOSCO; Sinotrans; SITC Shipping",4,1,1049,180,1049,1049,3,3,3,{3}
2021-03-28,JPYOK,Yokohama,CNSHA,Shanghai,8,8,"COSCO; IAL-Interasia Lines; Jin Jiang; KMTC; ONE; Sinotrans; SITC Shipping; Wan Hai",8,18,10736.6666666667,1196.16666666667,1061,1808,2,2,3,"{3,3,2,2,2,2,3,2}"
2021-03-28,JPYOK,Yokohama,CNTAC,Taicang,2,2,"HASCO; SITC Shipping; Taicang Container Lines",3,5,2082.33333333333,328.333333333333,1020,1102,2,3,4,"{4,2}"
2021-03-28,JPYOK,Yokohama,CNTAO,Qingdao,1,1,"Jin Jiang",1,2,1100,145,1100,1100,3,3,3,{3}
2021-03-28,JPYOK,Yokohama,CNXMN,Xiamen,1,1,"Hamburg Sud; Maersk Line; MSC",3,9,13577.3333333333,971.333333333333,11078,15908,3,3,3,{3}
2021-03-28,JPYOK,Yokohama,CNZPU,"Zhapu Pt",2,1,"COSCO; NBOSCO",2,6,2200,160,1100,1100,3,3.5,4,"{3,4}"
2021-03-28,JPYOK,Yokohama,GUGUM,Guam,1,1,"APL; Swire Shipping",2,2,1358,200,1078,1638,3,3,3,{3}
2021-03-28,JPYOK,Yokohama,HKHKG,"Hong Kong",2,2,"APL; CMA CGM; CNC Line-Cheng Lie Navigation Co. Ltd.; Gold Star Line; Hapag-Lloyd; Hyundai; KMTC; ONE; OOCL; TS Lines; Yang Ming; ZIM",12,22,17000.5277777778,1291.83333333333,2806,14100,4,4,4,"{4,4}"
2021-03-28,JPYOK,Yokohama,JPCHB,Chiba,1,1,"IAL-Interasia Lines; Wan Hai",2,4,1633,208,1368,1728,1,1,1,{1}
2021-03-28,JPYOK,Yokohama,JPKWS,Kawasaki,1,1,"SITC Shipping",1,3,1051,91.6666666666667,953,1100,0,0,0,{0}
2021-03-28,JPYOK,Yokohama,JPNAH,"Naha (Okinawa Is)",1,1,"ANL; APL; CMA CGM; CNC Line-Cheng Lie Navigation Co. Ltd.; Maersk Line",5,6,6684.83333333333,703,5506,7455,2,2,2,{2}
2021-03-28,JPYOK,Yokohama,JPNGO,Nagoya,22,22,"APL; Asean Seas Line; CMA CGM; CNC Line-Cheng Lie Navigation Co. Ltd.; COSCO; Easline Shipping; Evergreen Line; Hamburg Sud; Hapag-Lloyd; HASCO; IAL-Interasia Lines; Jin Jiang; Ji Zhou; Maersk Line; ONE; OOCL; SeaLand; Sinotrans; SITC Shipping; StarOcean; TS Lines; Wan Hai; Yang Ming",23,70,47811.7857142857,6569.95952380952,585,5527,0,1,2,"{1,1,1,2,1,0,1,1,1,1,2,1,2,2,0,1,1,1,1,1,1,2}"
2021-03-28,JPYOK,Yokohama,JPOMZ,Omaezaki,2,2,"APL; CMA CGM; CNC Line-Cheng Lie Navigation Co. Ltd.; MSC",4,8,6463,682.5,2732,3534,0,0.5,1,"{0,1}"
2021-03-28,JPYOK,Yokohama,JPOSA,Osaka,2,2,"Alianca; ANL; APL; CMA CGM; CNC Line-Cheng Lie Navigation Co. Ltd.; COSCO; Hamburg Sud; Maersk Line; MSC; ONE; OOCL",11,13,12371.5238095238,1156.04761904762,5248,8300,1,1,1,"{1,1}"
2021-03-28,JPYOK,Yokohama,JPSMZ,Shimizu,4,4,"Evergreen Line; IAL-Interasia Lines; ONE; OOCL; Wan Hai",5,14,11554.5,1156,1708,5087,1,1,1,"{1,1,1,1}"
2021-03-28,JPYOK,Yokohama,JPTYO,Tokyo,9,9,"Alianca; APL; Centrans; CMA CGM; CNC Line-Cheng Lie Navigation Co. Ltd.; COSCO; Evergreen Line; Hamburg Sud; KMTC; ONE; OOCL; SeaLand; Sinotrans; SITC Shipping; StarOcean; Taicang Container Lines; TS Lines; Wan Hai; Yang Ming",19,26,15446.3333333333,1857,698,4578,0,1,1,"{1,1,0,1,0,1,0,0,1}"
2021-03-28,JPYOK,Yokohama,JPUKB,Kobe,2,2,"ONE; SITC Shipping",2,5,3270.66666666667,609,1024,2553,1,1,1,"{1,1}"
2021-03-28,JPYOK,Yokohama,KRPUS,Busan,5,5,"Alianca; ANL; APL; CMA CGM; COSCO; Evergreen Line; Hamburg Sud; Hapag-Lloyd; Hyundai; Maersk Line; MSC; ONE; OOCL; SeaLand; ZIM",15,59,49330.7938026885,4706.21166552745,4367,14272,2,2,3,"{3,2,2,2,2}"
2021-03-28,JPYOK,Yokohama,MXESE,Ensenada,1,1,"Hapag-Lloyd; Hyundai; MSC; ONE",4,11,8640.90909090909,1131.81818181818,6350,10100,13,13,13,{13}
2021-03-28,JPYOK,Yokohama,MXZLO,"Manzanillo, MEX",1,1,"Alianca; Hamburg Sud; Maersk Line; SeaLand",4,19,9434.78947368421,886.631578947368,8379,9962,16,16,16,{16}
2021-03-28,JPYOK,Yokohama,TWKEL,Keelung,1,1,"APL; CMA CGM; CNC Line-Cheng Lie Navigation Co. Ltd.; Evergreen Line; ONE; TS Lines; Yang Ming; ZIM",8,4,2940,272.25,2940,2940,3,3,3,{3}
2021-03-28,JPYOK,Yokohama,USHNL,"Honolulu HI",1,1,ONE,1,3,2088.66666666667,313.333333333333,1042,1049,13,13,13,{13}
2021-03-28,KEMBA,Mombasa,INMUN,Mundra,1,1,MSC,1,4,3283.25,188.75,713,4308,2,2,2,{2}
2021-03-28,KEMBA,Mombasa,LKCMB,Colombo,1,1,"APL; CMA CGM; CNC Line-Cheng Lie Navigation Co. Ltd.; COSCO; Emirates Shipping; Evergreen Line; Hapag-Lloyd; ONE; OOCL; X-Press",10,7,4242.85714285714,412.285714285714,4250,5652,8,8,8,{8}
2021-03-28,KEMBA,Mombasa,MYTPP,"Tanjung Pelepas",1,1,"COSCO; Maersk Line; OOCL; SeaLand",4,7,3555,444.285714285714,3003,4380,13,13,13,{13}
2021-03-28,KEMBA,Mombasa,OMSLL,Salalah,1,1,"Maersk Line; SeaLand",2,4,4161.5,599.5,3388,4504,5,5,5,{5}
2021-03-28,KEMBA,Mombasa,TZDAR,"Dar es Salaam",3,3,"APL; CMA CGM; Emirates Shipping; Hapag-Lloyd; MSC; PIL",6,17,11511.2785714286,915.492857142857,713,4620,0,0,2,"{0,0,2}"
2021-03-28,KHKOS,Sihanoukville,HKHKG,"Hong Kong",1,1,"Wan Hai",1,2,973.5,60,907,1040,4,4,4,{4}
2021-03-28,KHKOS,Sihanoukville,THBKK,"Bangkok (Old Port)",5,5,"CMA CGM; CNC Line-Cheng Lie Navigation Co. Ltd.; COSCO; Gold Star Line; Hamburg Sud; RCL; SeaLand; SITC Shipping; TS Lines; Wan Hai; Yang Ming",11,16,8020.41666666667,1125.58333333333,1022,1946,1,1,2,"{1,1,2,1,2}"
2021-03-28,KHKOS,Sihanoukville,THLCH,"Laem Chabang",2,2,"Evergreen Line; Wan Hai",2,5,2957.5,60,907,1984,1,1.5,2,"{1,2}"
2021-03-28,KMLOG,"Longoni Comoros Is",MZBEW,Beira,1,1,"APL; CMA CGM; UAFL-United Africa Feeder Line",3,6,2315.16666666667,408.333333333333,1740,2520,2,2,2,{2}
2021-03-28,KMMUT,Mutsamudu,KMYVA,"Moroni, Comoros Is",1,1,"Emirates Shipping; UAFL-United Africa Feeder Line; WEC Lines",3,3,3579.42857142857,800,1728,2268,3,3,3,{3}
2021-03-28,KMYVA,"Moroni, Comoros Is",INNSA,"Mumbai (Nhava Sheva)",1,1,"Emirates Shipping; UAFL-United Africa Feeder Line; WEC Lines",3,3,3579.42857142857,800,1728,2268,1,1,1,{1}
2021-03-28,KNBAS,"Basseterre, St Kitts",DOCAU,Caucedo,1,1,"Tropical Shipping",1,2,911.5,187,850,973,1,1,1,{1}
2021-03-28,KNBAS,"Basseterre, St Kitts",LCSLU,"Castries, St Lucia",1,1,"King Ocean; Seaboard Marine",2,4,1394.5,335,957,2546,1,1,1,{1}
2021-03-28,KRINC,Inchon,CNDLC,Dalian,6,6,"APL; CMA CGM; CNC Line-Cheng Lie Navigation Co. Ltd.; COSCO; Evergreen Line; Hamburg Sud; Heung-A; Hyundai; KMTC; Maersk Line; ONE; OOCL; RCL; SeaLand; Sinokor; SITC Shipping; TS Lines; Wan Hai; X-Press; Yang Ming",20,24,22374.5833333333,2248.66666666667,1805,5908,1,1.5,2,"{1,2,1,2,1,2}"
2021-03-28,KRINC,Inchon,CNNGB,Ningbo,3,3,"ANL; APL; CK Line; CMA CGM; CNC Line-Cheng Lie Navigation Co. Ltd.; COSCO; Heung-A; Hyundai; NBOSCO; PanCon; TaiYoung Shipping",11,8,3929,411,1009,1952,1,2,3,"{1,3,2}"
2021-03-28,KRINC,Inchon,CNSHA,Shanghai,3,3,"COSCO; Hapag-Lloyd; Hyundai; MSC; ONE; PIL; Yang Ming",7,18,16520.3333333333,1157.44444444444,2378,10081,1,2,3,"{1,3,2}"
2021-03-28,KRINC,Inchon,CNTAO,Qingdao,7,6,"APL; CK Line; CMA CGM; CNC Line-Cheng Lie Navigation Co. Ltd.; COSCO; Evergreen Line; Heung-A; Hyundai; IAL-Interasia Lines; KMTC; PanOcean; SITC Shipping; TaiYoung Shipping; TS Lines; Wan Hai",15,21,14084.1666666667,1989.25,932,4728,0,1,2,"{0,1,2,1,1,1,1}"
2021-03-28,KRINC,Inchon,CNTXG,Xingang/Tianjin,1,1,"Dongjin Shipping; Namsung",2,1,716,50,716,716,3,3,3,{3}
2021-03-28,KRINC,Inchon,HKHKG,"Hong Kong",3,3,"Dong Young; Heung-A; KMTC; Namsung; PanCon; Sinokor; SM Line",7,6,3113,142,1009,1103,3,3,3,"{3,3,3}"
2021-03-28,KRINC,Inchon,KRKAN,Gwangyang,5,5,"APL; CK Line; CMA CGM; CNC Line-Cheng Lie Navigation Co. Ltd.; Dongjin Shipping; Dong Young; Hamburg Sud; Hyundai; KMTC; Namsung; SeaLand; Sinokor; SM Line; Wan Hai",14,16,8838.33333333333,1197.66666666667,1000,2495,1,2,3,"{2,2,1,1,3}"
2021-03-28,KRINC,Inchon,KRKUV,Kunsan,1,1,"Dongjin Shipping; Dong Young; KMTC; Namsung; Sinokor; TaiYoung Shipping",6,1,1000,104,1000,1000,1,1,1,{1}
2021-03-28,KRINC,Inchon,KRPTK,Pyongtaek,2,2,"Dongjin Shipping; Dong Young; Heung-A; KMTC; Namsung; Sinokor",6,4,2112,51,1011,1103,0,0.5,1,"{0,1}"
2021-03-28,KRINC,Inchon,KRPUS,Busan,6,6,"CK Line; Heung-A; Hyundai; IAL-Interasia Lines; KMTC; Namsung; ONE; PanCon; Sinokor; SM Line; TS Lines; Wan Hai; Yang Ming",13,17,11555.25,1529.83333333333,1162,2806,1,1.5,3,"{1,1,2,2,1,3}"
2021-03-28,KRINC,Inchon,KRTSN,Seosan,5,4,"COSCO; Dong Young; KMTC; Namsung; PanOcean; Sinokor",6,6,6836,1381,908,1118,0,1,1,"{0,1,1,0,1}"
2021-03-28,KRKAN,Gwangyang,CNDLC,Dalian,2,2,"Dong Young; Hamburg Sud; KMTC; Namsung; SeaLand",5,6,3681.33333333333,365.333333333333,953,2806,1,1.5,2,"{1,2}"
2021-03-28,KRKAN,Gwangyang,CNGGZ,"Huangpu (Guangzhou)",1,1,"Heung-A; Sinokor",2,2,894,,1043,1043,4,4,4,{4}
2021-03-28,KRKAN,Gwangyang,CNLYG,Lianyungang,1,1,"KMTC; Namsung",2,3,913.666666666667,63.3333333333333,728,1060,2,2,2,{2}
2021-03-28,KRKAN,Gwangyang,CNNGB,Ningbo,9,9,"Alianca; COSCO; Dongjin Shipping; Dong Young; Hamburg Sud; Hapag-Lloyd; KMTC; Maersk Line; MSC; Namsung; PanCon; SeaLand; Sinokor; SM Line",14,46,44560.2646520147,2458.15384615385,907,20568,0,2,2,"{2,2,2,2,2,1,0,2,1}"
2021-03-28,KRKAN,Gwangyang,CNSHA,Shanghai,9,9,"APL; CK Line; CMA CGM; CNC Line-Cheng Lie Navigation Co. Ltd.; COSCO; Dong Young; Easline Shipping; Evergreen Line; Heung-A; Hyundai; KMTC; Namsung; ONE; OOCL; PanOcean; RCL; Sinokor; Sinotrans; SITC Shipping; TS Lines",20,38,36232.9761904762,3036.80952380952,650,21413,1,1,2,"{1,1,2,1,1,1,1,1,1}"
2021-03-28,KRKAN,Gwangyang,CNTAO,Qingdao,5,5,"COSCO; Dongjin Shipping; Hamburg Sud; Hapag-Lloyd; Heung-A; Hyundai; KMTC; Maersk Line; ONE; PanOcean; SeaLand; Yang Ming",12,19,14931.4285714286,1561.10714285714,1024,9040,1,1,2,"{1,1,1,1,2}"
2021-03-28,KRKAN,Gwangyang,CNTXG,Xingang/Tianjin,1,1,"Dongjin Shipping; Dong Young; Heung-A; Namsung; Sinokor; TaiYoung Shipping",6,1,1740,300,1740,1740,2,2,2,{2}
2021-03-28,KRKAN,Gwangyang,CNYNT,Yantai,2,2,"Easline Shipping; Namsung; PanCon; PanOcean; Sinokor; Sinotrans",6,2,2684,204,1009,1675,1,1.5,2,"{2,1}"
2021-03-28,KRKAN,Gwangyang,CNYTN,Yantian,1,1,"ANL; APL; CMA CGM; COSCO; OOCL",5,6,10105.6666666667,976.333333333333,9415,11388,2,2,2,{2}
2021-03-28,KRKAN,Gwangyang,HKHKG,"Hong Kong",1,1,"PanOcean; Sinokor",2,2,1086,161,1054,1118,3,3,3,{3}
2021-03-28,KRKAN,Gwangyang,JPHBK,Hibiki,1,1,"Hamburg Sud; SeaLand",2,4,1738,300,1732,1740,1,1,1,{1}
2021-03-28,KRKAN,Gwangyang,JPUKB,Kobe,1,1,"APL; CMA CGM; CNC Line-Cheng Lie Navigation Co. Ltd.",3,3,1038,242.666666666667,998,1118,2,2,2,{2}
2021-03-28,KRKAN,Gwangyang,KRINC,Inchon,1,1,"Hapag-Lloyd; Hyundai; ONE; Yang Ming",4,6,10081,900,10081,10081,1,1,1,{1}
2021-03-28,KRKAN,Gwangyang,KRPUS,Busan,8,8,"APL; CK Line; CMA CGM; CNC Line-Cheng Lie Navigation Co. Ltd.; COSCO; Dongjin Shipping; Dong Young; Emirates Shipping; Hapag-Lloyd; Hyundai; KMTC; Namsung; ONE; PanCon; PanOcean; SeaLand; Sinokor; SM Line; TS Lines; Wan Hai; Yang Ming",21,31,26681.9047619048,2953,1000,10081,0,1,2,"{1,0,1,1,2,1,0,2}"
2021-03-28,KRKAN,Gwangyang,KRUSN,Ulsan,5,5,"CK Line; Evergreen Line; Heung-A; Hyundai; KMTC; ONE; Sinokor; TaiYoung Shipping",8,14,11355,1207.66666666667,1060,4275,0,1,3,"{3,2,1,0,0}"
2021-03-28,KRKAN,Gwangyang,TWKEL,Keelung,4,4,"APL; CMA CGM; CNC Line-Cheng Lie Navigation Co. Ltd.; IAL-Interasia Lines; KMTC; TS Lines; Wan Hai; Yang Ming",8,9,5901.5,647,1022,1805,1,2,3,"{2,3,2,1}"
2021-03-28,KRKPO,Pohang,KRUSN,Ulsan,1,1,"Heung-A; KMTC; Sinotrans",3,4,2676,468,2278,2824,1,1,1,{1}
2021-03-28,KRKUV,Kunsan,CNNGB,Ningbo,2,2,"Dongjin Shipping; Dong Young; Evergreen Line; KMTC; Namsung; Sinokor; TaiYoung Shipping",7,3,5211,580,1000,4211,1,1,1,"{1,1}"
2021-03-28,KRKUV,Kunsan,CNTAO,Qingdao,1,1,"Sinokor; SITC Shipping; TaiYoung Shipping",3,2,1071,200,1024,1118,1,1,1,{1}
2021-03-28,KRKUV,Kunsan,CNTXG,Xingang/Tianjin,1,1,"Evergreen Line",1,2,4211,476,4211,4211,2,2,2,{2}
2021-03-28,KRKUV,Kunsan,KRPUS,Busan,1,1,"Dongjin Shipping; PanOcean",2,1,1024,180,1024,1024,2,2,2,{2}
2021-03-28,KRPTK,Pyongtaek,CNDLC,Dalian,1,1,"Gold Star Line; SeaLand; ZIM",3,8,2595.25,378.75,2546,2806,1,1,1,{1}
2021-03-28,KRPTK,Pyongtaek,CNTXG,Xingang/Tianjin,1,1,"Sinokor; SITC Shipping; TaiYoung Shipping",3,2,1071,200,1024,1118,2,2,2,{2}
2021-03-28,KRPTK,Pyongtaek,KRINC,Inchon,1,1,"Dong Young; KMTC; Namsung",3,2,1057,,1011,1103,1,1,1,{1}
2021-03-28,KRPTK,Pyongtaek,KRKUV,Kunsan,1,1,"Sinokor; SITC Shipping; TaiYoung Shipping",3,2,1071,200,1024,1118,0,0,0,{0}
2021-03-28,KRPTK,Pyongtaek,VNHPH,Haiphong,1,1,"Dongjin Shipping; Heung-A; Sinokor",3,2,1055,51,1050,1060,4,4,4,{4}
2021-03-28,KRPUS,Busan,CAPRR,"Prince Rupert BC",1,1,"Hapag-Lloyd; Hyundai; ONE; Yang Ming",4,8,7131.5,586.25,6350,9040,23,23,23,{23}
2021-03-28,KRPUS,Busan,CAVAN,"Vancouver BC",4,4,"Alianca; Hamburg Sud; Hapag-Lloyd; Hyundai; Maersk Line; MSC; ONE; SeaLand; SM Line; Yang Ming; ZIM",11,25,32346.0047619048,3092.53333333333,4253,12690,10,11.5,17,"{17,11,12,10}"
2021-03-28,KRPUS,Busan,CNDLC,Dalian,2,2,"Dongjin Shipping; Doowoo Shipping; Evergreen Line; X-Press",4,2,1350,168,650,700,2,2.5,3,"{3,2}"
2021-03-28,KRPUS,Busan,CNLYG,Lianyungang,1,1,"Easline Shipping; Heung-A; Namsung",3,1,1728,264,1728,1728,2,2,2,{2}
2021-03-28,KRPUS,Busan,CNNGB,Ningbo,12,12,"Alianca; ANL; APL; CMA CGM; CNC Line-Cheng Lie Navigation Co. Ltd.; COSCO; Emirates Shipping; Evergreen Line; Hamburg Sud; Hapag-Lloyd; Hyundai; KMTC; Maersk Line; MSC; ONE; OOCL; SeaLand; TS Lines; Yang Ming; ZIM",20,129,138174.561368456,10841.8628143786,4992,23756,1,2,3,"{1,3,2,1,2,1,2,2,2,2,2,2}"
2021-03-28,KRPUS,Busan,CNSHA,Shanghai,24,24,"Alianca; APL; CMA CGM; CNC Line-Cheng Lie Navigation Co. Ltd.; COSCO; Emirates Shipping; Evergreen Line; GFS; Gold Star Line; Hamburg Sud; Hapag-Lloyd; Hyundai; IAL-Interasia Lines; KMTC; Maersk Line; Matson; MSC; Namsung; ONE; OOCL; PanOcean; RCL; SeaLand; SITC Shipping; SM Line; TS Lines; Turkon; Wan Hai; Yang Ming; ZIM",30,193,182628.876764902,16566.9291708292,915,23964,1,2,9,"{1,9,2,3,1,2,2,2,2,2,2,2,1,1,1,1,1,2,2,2,2,1,4,3}"
2021-03-28,KRPUS,Busan,CNSHK,Shekou,2,2,"ANL; APL; CMA CGM; CNC Line-Cheng Lie Navigation Co. Ltd.; COSCO; Evergreen Line; OOCL",7,20,17063.2,1566.7,4367,13892,3,3,3,"{3,3}"
2021-03-28,KRPUS,Busan,CNTAO,Qingdao,8,8,"Alianca; ANL; APL; CMA CGM; CNC Line-Cheng Lie Navigation Co. Ltd.; COSCO; Evergreen Line; Feedertech; Hamburg Sud; Hapag-Lloyd; Hyundai; KMTC; Maersk Line; MSC; ONE; OOCL; RCL; SeaLand; TS Lines; Yang Ming; ZIM",21,64,68407.5995670996,5931.01731601732,5023,14993,1,2,9,"{2,9,4,1,2,1,2,2}"
2021-03-28,KRPUS,Busan,CNTXG,Xingang/Tianjin,3,3,"COSCO; Evergreen Line; Hapag-Lloyd; ONE; Yang Ming",5,3,11280,1352,2664,4363,2,2,2,"{2,2,2}"
2021-03-28,KRPUS,Busan,CNXMN,Xiamen,1,1,"Maersk Line; MSC; ZIM",3,10,6485.4,543.3,4250,8112,2,2,2,{2}
2021-03-28,KRPUS,Busan,CNYNT,Yantai,1,1,COSCO,1,1,1702,200,1702,1702,2,2,2,{2}
2021-03-28,KRPUS,Busan,CNYTN,Yantian,1,1,"Maersk Line; MSC; SeaLand; SM Line",4,9,13187.5555555556,1095.55555555556,9162,19224,3,3,3,{3}
2021-03-28,KRPUS,Busan,COCTG,Cartagena,2,2,"Hapag-Lloyd; Hyundai; ONE; Yang Ming",4,21,17679.3727272727,1105.72727272727,6724,13870,20,20.5,21,"{20,21}"
2021-03-28,KRPUS,Busan,HKHKG,"Hong Kong",4,4,"CK Line; Dongjin Shipping; Heung-A; Hyundai; KMTC; Namsung; ONE; PanCon; SeaLand; Sinokor",10,11,9335.33333333333,1117.66666666667,1162,4275,1,3,3,"{3,1,3,3}"
2021-03-28,KRPUS,Busan,JMKIN,Kingston,1,1,"Alianca; Hamburg Sud; Maersk Line; MSC; SeaLand; ZIM",6,11,10333.3636363636,1137.45454545455,9162,11923,20,20,20,{20}
2021-03-28,KRPUS,Busan,JPHIC,Hitachinaka,1,1,"Dong Young; KMTC; Namsung",3,3,988.666666666667,80,953,1060,2,2,2,{2}
2021-03-28,KRPUS,Busan,JPHKT,Hakata,3,3,"Hamburg Sud; ONE; SeaLand; Westwood",4,10,8583,1698.66666666667,1708,2556,0,1,1,"{0,1,1}"
2021-03-28,KRPUS,Busan,JPKIJ,"Niigata (N Coast)",2,2,"Heung-A; KMTC; PanCon",3,4,2092,222,1009,1103,2,2,2,"{2,2}"
2021-03-28,KRPUS,Busan,JPKNZ,"Kanazawa (N Coast)",1,1,"Dong Young; KMTC; Namsung",3,3,985.333333333333,80,953,1003,1,1,1,{1}
2021-03-28,KRPUS,Busan,JPNAH,"Naha (Okinawa Is)",1,1,ONE,1,2,923.5,156,915,932,3,3,3,{3}
2021-03-28,KRPUS,Busan,JPOSA,Osaka,1,1,ONE,1,3,2238.66666666667,439,1713,2553,2,2,2,{2}
2021-03-28,KRPUS,Busan,JPSMN,"Sakaiminato (N Coast)",1,1,"KMTC; Namsung",2,3,913.666666666667,63.3333333333333,728,1060,1,1,1,{1}
2021-03-28,KRPUS,Busan,JPSMZ,Shimizu,1,1,"Dong Young; KMTC; Namsung",3,3,1021,40,1000,1060,3,3,3,{3}
2021-03-28,KRPUS,Busan,JPTYO,Tokyo,1,1,"Hapag-Lloyd; Hyundai; ONE; Yang Ming",4,11,8445.72727272727,706.909090909091,8110,8930,2,2,2,{2}
2021-03-28,KRPUS,Busan,JPYOK,Yokohama,5,5,"Alianca; APL; Hamburg Sud; Hapag-Lloyd; Hyundai; Maersk Line; MSC; ONE; SeaLand; Swire Shipping; ZIM",11,41,29983.6985645933,3375.11642743222,1042,11660,2,2,3,"{2,3,2,2,3}"
2021-03-28,KRPUS,Busan,KRINC,Inchon,4,4,"APL; CMA CGM; CNC Line-Cheng Lie Navigation Co. Ltd.; Dong Young; Heung-A; Hyundai; IAL-Interasia Lines; KMTC; Namsung; ONE; PanCon; Sinokor; SM Line; TS Lines",14,12,10807.25,962.5,1009,4728,2,2.5,3,"{3,2,3,2}"
2021-03-28,KRPUS,Busan,KRKAN,Gwangyang,27,27,"APL; CK Line; CMA CGM; CNC Line-Cheng Lie Navigation Co. Ltd.; COSCO; Dongjin Shipping; Easline Shipping; Evergreen Line; Hamburg Sud; Hapag-Lloyd; Heung-A; Hyundai; IAL-Interasia Lines; KMTC; Maersk Line; MSC; Namsung; ONE; PanCon; PanOcean; RCL; SeaLand; Sinokor; Sinotrans; SITC Shipping; SM Line; TaiYoung Shipping; TS Lines; Wan Hai; Yang Ming",30,92,76682.7976190476,7514.41666666667,907,14952,0,1,2,"{1,1,1,0,0,1,2,0,1,1,1,2,1,1,0,1,1,1,2,1,1,0,1,1,0,1,0}"
2021-03-28,KRPUS,Busan,KRKPO,Pohang,1,1,"Heung-A; KMTC; Sinotrans",3,4,2676,468,2278,2824,2,2,2,{2}
2021-03-28,KRPUS,Busan,KRUSN,Ulsan,12,12,"CK Line; Dongjin Shipping; Dong Young; Heung-A; IAL-Interasia Lines; KMTC; Namsung; PanCon; Sinokor; TaiYoung Shipping; TS Lines; Wan Hai",12,31,15940.1666666667,1816.66666666667,650,2806,0,0,2,"{0,0,1,1,0,2,1,0,0,0,0,2}"
2021-03-28,KRPUS,Busan,MXESE,Ensenada,1,1,"ANL; APL; CMA CGM; COSCO; Evergreen Line; Wan Hai",6,11,7652.27272727273,645.090909090909,5050,8530,13,13,13,{13}
2021-03-28,KRPUS,Busan,MXZLO,"Manzanillo, MEX",4,4,"Alianca; ANL; APL; CMA CGM; CNC Line-Cheng Lie Navigation Co. Ltd.; COSCO; Evergreen Line; Hamburg Sud; Hapag-Lloyd; Hyundai; Maersk Line; MSC; ONE; OOCL; SeaLand",15,45,41668.4318181818,3812.72727272727,4367,14272,15,15,15,"{15,15,15,15}"
2021-03-28,KRPUS,Busan,PACTB,Cristobal,1,1,"Alianca; Hamburg Sud; Maersk Line; MSC; SeaLand; ZIM",6,11,8682.81818181818,864.363636363636,7943,9962,21,21,21,{21}
2021-03-28,KRPUS,Busan,PAONX,Colon,1,1,"ANL; APL; CMA CGM; COSCO; Evergreen Line; OOCL",6,10,8815.6,954.8,8452,9466,18,18,18,{18}
2021-03-28,KRPUS,Busan,PHMNL,Manila,1,1,ONE,1,3,2238.66666666667,439,1713,2553,4,4,4,{4}
2021-03-28,KRPUS,Busan,RUVVO,Vladivostok,1,1,"Hamburg Sud; Maersk Line; SeaLand",3,7,4322.42857142857,584.857142857143,4250,4447,3,3,3,{3}
2021-03-28,KRPUS,Busan,SGSIN,Singapore,1,1,"APL; CMA CGM; CNC Line-Cheng Lie Navigation Co. Ltd.; Heung-A; Hyundai; KMTC; ONE; Sinokor",8,4,4507.25,401,4275,4728,5,5,5,{5}
2021-03-28,KRPUS,Busan,THLCH,"Laem Chabang",1,1,"KMTC; ONE; Yang Ming",3,3,2858,354,2858,2858,7,7,7,{7}
2021-03-28,KRPUS,Busan,TWKHH,Kaohsiung,4,4,"Alianca; ANL; APL; CMA CGM; COSCO; Evergreen Line; Hamburg Sud; Hapag-Lloyd; Hyundai; Maersk Line; MSC; ONE; OOCL; PIL; SeaLand; Wan Hai; Yang Ming; ZIM",18,30,30848.1714285714,2935.66666666667,5527,12690,2,3,3,"{3,2,3,3}"
2021-03-28,KRPUS,Busan,TWTPE,Taipei,1,1,"IAL-Interasia Lines; Wan Hai",2,4,2383.75,250.5,1708,2646,1,1,1,{1}
2021-03-28,KRPUS,Busan,USHOU,"Houston TX",2,2,"ANL; APL; CMA CGM; CNC Line-Cheng Lie Navigation Co. Ltd.; COSCO; Evergreen Line; Maersk Line; MSC; OOCL; ZIM",10,22,14863.65,1289.8,4250,9289,24,24,24,"{24,24}"
2021-03-28,KRPUS,Busan,USLAX,"Los Angeles CA",3,3,"ANL; APL; CMA CGM; CNC Line-Cheng Lie Navigation Co. Ltd.; Hapag-Lloyd; Hyundai; Maersk Line; ONE; Yang Ming",9,18,25622.5,2372,5506,10081,10,11,13,"{11,13,10}"
2021-03-28,KRPUS,Busan,USLGB,"Long Beach CA",2,2,"Alianca; ANL; APL; CMA CGM; COSCO; Evergreen Line; Hamburg Sud; Maersk Line; MSC; OOCL; SeaLand; SM Line",12,12,19632.6666666667,1540,8063,13092,11,11.5,12,"{11,12}"
2021-03-28,KRPUS,Busan,USMOB,"Mobile AL",1,1,"Hamburg Sud; Maersk Line; MSC; ZIM",4,10,6773.9,568.3,6400,8189,24,24,24,{24}
2021-03-28,KRPUS,Busan,USNYC,"New York NY/NJ",2,2,"Alianca; ANL; APL; CMA CGM; COSCO; Evergreen Line; Hamburg Sud; Maersk Line; MSC; OOCL; SeaLand; ZIM",12,22,24789.4545454545,1745.45454545455,9038,15052,25,25.5,26,"{25,26}"
2021-03-28,KRPUS,Busan,USSEA,"Seattle WA",1,1,"ANL; APL; CMA CGM; COSCO; OOCL",5,6,10105.6666666667,976.333333333333,9415,11388,10,10,10,{10}
2021-03-28,KRPUS,Busan,VNHPH,Haiphong,1,1,"Dong Young; SM Line",2,2,1059,162,1000,1118,4,4,4,{4}
2021-03-28,KRPUS,Busan,VNSGN,"Ho Chi Minh (VICT/Cat Lai)",4,4,"APL; CK Line; CMA CGM; CNC Line-Cheng Lie Navigation Co. Ltd.; Dongjin Shipping; Evergreen Line; Heung-A; Hyundai; KMTC; Namsung; ONE; PanCon; Sinokor; SM Line",14,12,6984.33333333333,863.666666666667,1512,1811,4,5,6,"{4,5,6,5}"
2021-03-28,KRTSN,Seosan,CNDFG,Dafeng,1,1,COSCO,1,1,1816,500,908,908,1,1,1,{1}
2021-03-28,KRTSN,Seosan,CNNGB,Ningbo,3,3,"COSCO; Dong Young; KMTC; Namsung",4,3,3934,720,908,1118,1,2,2,"{2,1,2}"
2021-03-28,KRTSN,Seosan,KRPUS,Busan,1,1,"PanOcean; Sinokor",2,2,1086,161,1054,1118,2,2,2,{2}
2021-03-28,KRUSN,Ulsan,CNSHA,Shanghai,1,1,"KMTC; Sinokor; TS Lines",3,4,2384.5,339,1740,2806,1,1,1,{1}
2021-03-28,KRUSN,Ulsan,CNTAO,Qingdao,1,1,"CK Line; Heung-A; Sinokor; TaiYoung Shipping",4,1,1432,172,1432,1432,2,2,2,{2}
2021-03-28,KRUSN,Ulsan,HKHKG,"Hong Kong",1,1,"Heung-A; Sinokor",2,2,1094.5,102,1060,1129,3,3,3,{3}
2021-03-28,KRUSN,Ulsan,KRKAN,Gwangyang,9,9,"CK Line; Dongjin Shipping; Dong Young; Heung-A; KMTC; Namsung; PanCon; Sinokor; TaiYoung Shipping",9,20,9284.66666666667,835.333333333333,650,1740,1,1,2,"{1,1,1,1,1,2,1,1,1}"
2021-03-28,KRUSN,Ulsan,KRPUS,Busan,5,5,"APL; CMA CGM; CNC Line-Cheng Lie Navigation Co. Ltd.; Evergreen Line; Heung-A; Hyundai; IAL-Interasia Lines; KMTC; ONE; Sinokor; Sinotrans; Wan Hai",12,18,12872.5,1481.66666666667,1368,4275,1,1,2,"{1,1,1,2,1}"
2021-03-28,KRUSN,Ulsan,TWTPE,Taipei,2,2,"IAL-Interasia Lines; Wan Hai",2,7,4271,642.333333333333,1728,2495,1,1.5,2,"{2,1}"
2021-03-28,KWKWI,Kuwait,IQUQR,"Umm Qasr",1,1,Hapag-Lloyd,1,4,3547,500,3534,3586,1,1,1,{1}
2021-03-28,KYGEC,Georgetown,USPEF,"Port Everglades FL",1,1,"Hyde Shipping Corp.; Seaboard Marine",2,1,508,50,508,508,3,3,3,{3}
2021-03-28,LBBEY,Beirut,CYLMS,Limassol,1,1,MSC,1,4,2458.5,336,2394,2550,1,1,1,{1}
2021-03-28,LBBEY,Beirut,EGALY,Alexandria,1,1,"APL; Arkas Line; CMA CGM; Messina; Tarros",5,4,2054.89285714286,304.714285714286,1445,1740,1,1,1,{1}
2021-03-28,LBBEY,Beirut,EGDAM,Damietta,1,1,"APL; CMA CGM",2,4,2245,500,2200,2260,1,1,1,{1}
2021-03-28,LBBEY,Beirut,EGEDK,"El Dekheila",1,1,"MSC; SeaLand",2,3,2229.66666666667,384,2078,2442,3,3,3,{3}
2021-03-28,LBBEY,Beirut,ITNAP,Naples,1,1,"Messina; Tarros",2,1,5924.57142857143,685.714285714286,1728,1728,1,1,1,{1}
2021-03-28,LBBEY,Beirut,LBKYE,"Tripoli Lebanon",2,2,"APL; CMA CGM; CNC Line-Cheng Lie Navigation Co. Ltd.; COSCO; Evergreen Line; OOCL; Turkon",7,11,10718.1,1381.6,951,11388,0,0.5,1,"{0,1}"
2021-03-28,LBBEY,Beirut,SAJED,Jeddah,1,1,"APL; CMA CGM; CNC Line-Cheng Lie Navigation Co. Ltd.; COSCO; Evergreen Line; OOCL",6,11,11810.5454545455,867.272727272727,9400,14812,3,3,3,{3}
2021-03-28,LBBEY,Beirut,SYLTK,Lattakia,1,1,"Alianca; APL; Arkas Line; CMA CGM; Hamburg Sud; Hapag-Lloyd; Maersk Line; OOCL",8,4,2210.75,306,1445,2478,1,1,1,{1}
2021-03-28,LBBEY,Beirut,SYTTS,Tartus,1,1,MSC,1,3,1108,126.666666666667,1064,1158,0,0,0,{0}
2021-03-28,LBBEY,Beirut,TRISK,Iskenderun,2,2,"APL; CMA CGM; Hapag-Lloyd; ONE; OOCL; Unimed Feeder Services-UFS",6,9,7776.8,870.9,2790,5095,1,1,1,"{1,1}"
2021-03-28,LBBEY,Beirut,TRIZM,Izmir,1,1,"APL; CMA CGM; COSCO; Evergreen Line; Hapag-Lloyd; OOCL; Tarros; Unimed Feeder Services-UFS",8,4,2812.5,457.25,2742,2926,2,2,2,{2}
2021-03-28,LBBEY,Beirut,TRMER,Mersin,1,1,"Admiral; APL; Arkas Line; CMA CGM; Hapag-Lloyd; OOCL; Tarros; Turkon",8,3,3642,722.571428571429,2824,2837,1,1,1,{1}
2021-03-28,LBKYE,"Tripoli Lebanon",GRPIR,Piraeus,1,1,"APL; CMA CGM; COSCO; Hapag-Lloyd; OOCL",5,8,7214.625,615.75,5618,8465,2,2,2,{2}
2021-03-28,LBKYE,"Tripoli Lebanon",LBBEY,Beirut,1,1,"APL; CMA CGM",2,4,2245,500,2200,2260,0,0,0,{0}
2021-03-28,LBKYE,"Tripoli Lebanon",SYLTK,Lattakia,1,1,"CMA CGM",1,1,951,216,951,951,1,1,1,{1}
2021-03-28,LBKYE,"Tripoli Lebanon",TRIZT,Izmit,1,1,"APL; CMA CGM; CNC Line-Cheng Lie Navigation Co. Ltd.; COSCO; Evergreen Line; OOCL; Turkon",7,10,9767.1,1165.6,8948,11388,3,3,3,{3}
2021-03-28,LBKYE,"Tripoli Lebanon",TRMER,Mersin,1,1,"ANL; APL; CMA CGM; COSCO; Hapag-Lloyd",5,7,9004.57142857143,1217.14285714286,8004,9962,2,2,2,{2}
2021-03-28,LCSLU,"Castries, St Lucia",LCVIF,"Vieux Fort",1,1,"Tropical Shipping",1,2,1148,260,1148,1148,0,0,0,{0}
2021-03-28,LCSLU,"Castries, St Lucia",VCKTN,"Kingstown, St Vincent",2,2,"CMA CGM; King Ocean; Seaboard Marine",3,7,2080.5,453.666666666667,677,2546,0,0,0,"{0,0}"
2021-03-28,LCVIF,"Vieux Fort",TTPTS,"Point Lisas",1,1,"Tropical Shipping",1,2,1148,260,1148,1148,0,0,0,{0}
2021-03-28,LKCMB,Colombo,AEJEA,"Dubai, Jebel Ali",2,2,"APL; CMA CGM; COSCO; Evergreen Line; Feedertech; UAFL-United Africa Feeder Line",6,12,7100.16666666667,958.666666666667,1740,5301,6,7,8,"{8,6}"
2021-03-28,LKCMB,Colombo,BEANR,Antwerp,1,1,"APL; CMA CGM; CNC Line-Cheng Lie Navigation Co. Ltd.; COSCO; Evergreen Line; OOCL",6,10,13774.8,780,13806,20150,17,17,17,{17}
2021-03-28,LKCMB,Colombo,CAHAL,Halifax,2,2,"ANL; APL; CMA CGM; CNC Line-Cheng Lie Navigation Co. Ltd.; COSCO; Evergreen Line; Hapag-Lloyd; Hyundai; ONE; OOCL; Yang Ming",11,30,18312.7655502392,1434.92822966507,6258,15072,19,19,19,"{19,19}"
2021-03-28,LKCMB,Colombo,CGPNR,"Pointe Noire",1,1,"APL; CMA CGM; Maersk Line",3,10,4659.4,551.2,4250,5466,20,20,20,{20}
2021-03-28,LKCMB,Colombo,ESVLC,Valencia,1,1,MSC,1,10,9536.5,721,8063,14952,13,13,13,{13}
2021-03-28,LKCMB,Colombo,GBFXT,Felixstowe,1,1,"Hapag-Lloyd; Maersk Line; MSC; SeaLand",4,11,14941.2727272727,963.636363636364,13092,23656,16,16,16,{16}
2021-03-28,LKCMB,Colombo,GHTEM,Tema,1,1,"COSCO; Gold Star Line; ONE; PIL; ZIM",5,12,3909.41666666667,470.5,4250,5466,21,21,21,{21}
2021-03-28,LKCMB,Colombo,INCOK,Cochin,2,2,"COSCO; Evergreen Line; GFS; Hapag-Lloyd; ONE; OOCL; X-Press; Yang Ming",8,13,9748.08333333333,812.055555555556,2442,6921,1,1.5,2,"{1,2}"
2021-03-28,LKCMB,Colombo,INKRI,Krishnapatnum,1,1,"Maersk Line",1,3,4745,424.666666666667,4658,4839,2,2,2,{2}
2021-03-28,LKCMB,Colombo,INMAA,Chennai/Madras,1,1,"Evergreen Line; GFS; OOCL",3,4,3515.75,362.5,2442,4132,3,3,3,{3}
2021-03-28,LKCMB,Colombo,INNSA,"Mumbai (Nhava Sheva)",6,6,"APL; CMA CGM; COSCO; Evergreen Line; Feedertech; Gold Star Line; Hamburg Sud; Hapag-Lloyd; IAL-Interasia Lines; Maersk Line; MSC; OOCL; RCL; SCI-Shipping Corp. of India; SeaLand; Sinokor; Wan Hai; Yang Ming; ZIM",19,40,41042.8412698413,3064.23809523809,1740,14000,2,2.5,4,"{4,3,2,3,2,2}"
2021-03-28,LKCMB,Colombo,INVTZ,Vishakhapatnam,1,1,"COSCO; Hapag-Lloyd; ONE; OOCL; X-Press; Yang Ming",6,9,6232.33333333333,449.555555555556,5500,6921,2,2,2,{2}
2021-03-28,LKCMB,Colombo,KEMBA,Mombasa,2,2,"APL; CMA CGM; CNC Line-Cheng Lie Navigation Co. Ltd.; COSCO; Emirates Shipping; Evergreen Line; Hapag-Lloyd; MSC; ONE; OOCL; X-Press",11,11,7526.10714285714,601.035714285714,713,5652,4,5.5,7,"{7,4}"
2021-03-28,LKCMB,Colombo,MAPTM,Tanger,1,1,"Alianca; Hamburg Sud; Maersk Line; MSC; SeaLand",5,12,16216.3333333333,956.166666666667,13800,20568,13,13,13,{13}
2021-03-28,LKCMB,Colombo,MTMAR,"Malta (Marsaxlokk)",1,1,"ANL; APL; CMA CGM; MSC",4,14,8944.14285714286,863.571428571429,8189,9572,12,12,12,{12}
2021-03-28,LKCMB,Colombo,MVMLE,Male,1,1,"APL; CMA CGM; Emirates Shipping; Evergreen Line; ONE; OOCL; X-Press",7,7,2630.42857142857,444.571428571429,2478,2756,2,2,2,{2}
2021-03-28,LKCMB,Colombo,MYPKG,"Port Klang",9,9,"APL; CMA CGM; CNC Line-Cheng Lie Navigation Co. Ltd.; COSCO; Emirates Shipping; Evergreen Line; Feedertech; Gold Star Line; Hapag-Lloyd; Hyundai; KMTC; Maersk Line; ONE; OOCL; PIL; RCL; TS Lines; X-Press; Yang Ming; ZIM",20,64,44262.7822510823,4728.85757575758,2700,8560,3,5,5,"{5,5,3,5,4,5,5,4,4}"
2021-03-28,LKCMB,Colombo,MYTPP,"Tanjung Pelepas",2,2,"Alianca; APL; CMA CGM; CNC Line-Cheng Lie Navigation Co. Ltd.; COSCO; Evergreen Line; Hamburg Sud; Maersk Line; MSC; OOCL; SeaLand; ZIM",12,22,31185.8181818182,1600,9038,20150,4,4,4,"{4,4}"
2021-03-28,LKCMB,Colombo,NLRTM,Rotterdam,1,1,"Hapag-Lloyd; Hyundai; ONE; Yang Ming",4,18,14006.7777777778,833.333333333333,13870,14100,18,18,18,{18}
2021-03-28,LKCMB,Colombo,OMSLL,Salalah,2,2,"Maersk Line; MSC; ZIM",3,14,13370,1311.30303030303,4658,9962,4,4.5,5,"{5,4}"
2021-03-28,LKCMB,Colombo,PKKHI,Karachi,1,1,"COSCO; Evergreen Line; ONE; OOCL; Wan Hai",5,6,5560.66666666667,528.833333333333,5250,5652,4,4,4,{4}
2021-03-28,LKCMB,Colombo,SGSIN,Singapore,5,5,"APL; CMA CGM; CNC Line-Cheng Lie Navigation Co. Ltd.; COSCO; Emirates Shipping; Evergreen Line; Maersk Line; MSC; ONE; OOCL; X-Press",11,52,40768.0708791209,2537.9304029304,2478,14952,4,4,6,"{4,5,4,6,4}"
2021-03-28,LKCMB,Colombo,TGLFW,Lome,1,1,MSC,1,12,12101.25,501.666666666667,8063,14952,18,18,18,{18}
2021-03-28,LKCMB,Colombo,THLCH,"Laem Chabang",1,1,"ANL; APL; CMA CGM; CNC Line-Cheng Lie Navigation Co. Ltd.; COSCO; Evergreen Line; Gold Star Line; OOCL; ZIM",9,12,9396,737.5,5089,10050,5,5,5,{5}
2021-03-28,LKCMB,Colombo,TRMER,Mersin,1,1,"MSC; ZIM",2,7,7589.57142857143,540.428571428571,6402,9200,14,14,14,{14}
2021-03-28,LKCMB,Colombo,ZADUR,Durban,2,2,"APL; CMA CGM; DAL-Deutsche Afrika Linien; Hapag-Lloyd; Maersk Line; ONE; UAFL-United Africa Feeder Line",7,20,4536.73626373626,669.967032967033,2456,2824,11,11.5,12,"{11,12}"
2021-03-28,LRMLW,Monrovia,GMBJL,Banjul,1,1,"APL; CMA CGM",2,5,2128.6,238,1691,2285,3,3,3,{3}
2021-03-28,LTKLJ,"Klaipeda
",DEBRV,Bremerhaven,1,1,X-Press,1,1,1700,200,1700,1700,3,3,3,{3}
2021-03-28,LTKLJ,"Klaipeda
",DEHAM,Hamburg,2,2,"APL; CMA CGM; COSCO; Mann Lines; Unifeeder; Yang Ming",6,2,2164,624,868,1296,1,2,3,"{3,1}"
2021-03-28,LTKLJ,"Klaipeda
",EETLL,"Tallinn Estonia",1,1,"Hapag-Lloyd; ONE",2,2,1440,316,1440,1440,0,0,0,{0}
2021-03-28,LTKLJ,"Klaipeda
",FRLEH,"Le Havre",1,1,MSC,1,2,4428.5,597.5,4043,4814,3,3,3,{3}
2021-03-28,LTKLJ,"Klaipeda
",GBTEE,Teesport,1,1,"CMA CGM; Containerships",2,3,924,125.666666666667,850,966,3,3,3,{3}
2021-03-28,LTKLJ,"Klaipeda
",NLRTM,Rotterdam,1,1,X-Press,1,2,1036,250,1036,1036,4,4,4,{4}
2021-03-28,LTKLJ,"Klaipeda
",PLGDN,Gdansk,1,1,"APL; CMA CGM; Evergreen Line; Hapag-Lloyd; OOCL; Unifeeder",6,5,1030.4,199.6,1025,1036,0,0,0,{0}
2021-03-28,LTKLJ,"Klaipeda
",PLGDY,"Gdynia Poland",4,4,"APL; CMA CGM; Containerships; Evergreen Line; Hapag-Lloyd; OOCL; Unifeeder",7,9,4767.66666666667,918.333333333333,803,1421,0,1,2,"{1,1,0,2}"
2021-03-28,LTKLJ,"Klaipeda
",RULED,"St Petersburg",1,1,"CMA CGM; Containerships",2,3,924,125.666666666667,850,966,2,2,2,{2}
2021-03-28,LVRIX,Riga,BEANR,Antwerp,1,1,MSC,1,2,2512,460,2468,2556,6,6,6,{6}
2021-03-28,LVRIX,Riga,GBTEE,Teesport,1,1,"CMA CGM; Containerships",2,3,924,125.666666666667,850,966,3,3,3,{3}
2021-03-28,LVRIX,Riga,LTKLJ,"Klaipeda
",1,1,X-Press,1,2,1036,250,1036,1036,1,1,1,{1}
2021-03-28,LVRIX,Riga,NLRTM,Rotterdam,1,1,"APL; CMA CGM; Evergreen Line; Hapag-Lloyd; OOCL; Unifeeder",6,5,1030.4,199.6,1025,1036,3,3,3,{3}
2021-03-28,LVRIX,Riga,PLGDY,"Gdynia Poland",1,1,"APL; CMA CGM; Evergreen Line; Hapag-Lloyd; OOCL; Unifeeder",6,3,1472.66666666667,288.666666666667,1404,1574,1,1,1,{1}
2021-03-28,LYBEN,Bingazi,ITGIT,"Gioia Tauro",1,1,MSC,1,2,957,248,957,957,7,7,7,{7}
2021-03-28,LYBEN,Bingazi,LYMRA,Misurata,1,1,"Maersk Line; SeaLand; Unimed Feeder Services-UFS",3,1,1724,408,862,862,1,1,1,{1}
2021-03-28,LYBEN,Bingazi,TRMER,Mersin,1,1,"CMA CGM",1,3,1699,262.333333333333,1654,1730,3,3,3,{3}
2021-03-28,LYKHM,Khoms,EGPSD,"Port Said",1,1,"Maersk Line; SeaLand; Unimed Feeder Services-UFS",3,3,1055.33333333333,301.666666666667,862,1347,3,3,3,{3}
2021-03-28,LYKHM,Khoms,TNSFA,Sfax,1,1,"CMA CGM",1,3,1230,,1230,1230,1,1,1,{1}
2021-03-28,LYMRA,Misurata,EGALY,Alexandria,1,1,"Messina; Tarros",2,1,5924.57142857143,685.714285714286,1728,1728,2,2,2,{2}
2021-03-28,LYMRA,Misurata,EGPSD,"Port Said",1,1,"Maersk Line; SeaLand; Unimed Feeder Services-UFS",3,1,1724,408,862,862,4,4,4,{4}
2021-03-28,LYMRA,Misurata,LYBEN,Bingazi,2,2,"CMA CGM; MSC",2,5,2656,510.333333333333,957,1730,1,1,1,"{1,1}"
2021-03-28,LYMRA,Misurata,LYKHM,Khoms,1,1,"Maersk Line; SeaLand; Unimed Feeder Services-UFS",3,3,1055.33333333333,301.666666666667,862,1347,1,1,1,{1}
2021-03-28,LYMRA,Misurata,MTMAR,"Malta (Marsaxlokk)",1,1,"APL; CMA CGM",2,3,1313.66666666667,369,1201,1402,1,1,1,{1}
2021-03-28,LYTIP,Tripoli,LYMRA,Misurata,1,1,"Messina; Tarros",2,1,5924.57142857143,685.714285714286,1728,1728,1,1,1,{1}
2021-03-28,LYTIP,Tripoli,MTMAR,"Malta (Marsaxlokk)",1,1,"APL; CMA CGM; X-Press",3,3,1033.66666666667,238.666666666667,957,1122,8,8,8,{8}
2021-03-28,LYTIP,Tripoli,TRIZM,Izmir,1,1,"Arkas Line; Hapag-Lloyd",2,2,3280,688.571428571429,1139,1157,3,3,3,{3}
2021-03-28,MAAGA,Agadir,BEANR,Antwerp,1,1,MSC,1,7,2690.85714285714,214.285714285714,3005,3430,5,5,5,{5}
2021-03-28,MAAGA,Agadir,ESALG,Algeciras,1,1,"Hapag-Lloyd; Maersk Line; Marguisa; X-Press",4,3,866,224,862,868,2,2,2,{2}
2021-03-28,MAAGA,Agadir,MAPTM,Tanger,1,1,"CMA CGM; Hapag-Lloyd",2,1,798.571428571429,157.142857142857,1118,1118,1,1,1,{1}
2021-03-28,MAAGA,Agadir,NLRTM,Rotterdam,2,1,"APL; CMA CGM",2,14,1935.71428571429,508.571428571429,862,1221,5,6.5,8,"{8,5}"
2021-03-28,MACAS,Casablanca,ESALG,Algeciras,3,3,"APL; Arkas Line; CMA CGM; Hapag-Lloyd; Maersk Line; Marguisa; ONE; SeaLand; X-Press",9,9,3763.75,810.5,707,2474,0,1,3,"{3,1,0}"
2021-03-28,MACAS,Casablanca,ESBCN,Barcelona,1,1,"APL; Arkas Line; CMA CGM; Hapag-Lloyd",4,4,2663,486,2478,2872,2,2,2,{2}
2021-03-28,MACAS,Casablanca,ESCAD,Cadiz,1,1,"APL; CMA CGM; Containerships; DAL-Deutsche Afrika Linien",4,3,871,236,868,877,2,2,2,{2}
2021-03-28,MACAS,Casablanca,ESLPA,"Las Palmas, Can Is",2,2,"MSC; WEC Lines",2,9,3506.35714285714,364.285714285714,809,3430,1,1,1,"{1,1}"
2021-03-28,MACAS,Casablanca,ESVGO,Vigo,1,1,"APL; Arkas Line; CMA CGM; Marguisa; X-Press",5,3,707,150,707,707,2,2,2,{2}
2021-03-28,MACAS,Casablanca,ESVLC,Valencia,1,1,"Arkas Line",1,1,907,127,907,907,2,2,2,{2}
2021-03-28,MACAS,Casablanca,ITSPE,"La Spezia",1,1,"MSC; WEC Lines",2,2,1947,351,1384,2510,4,4,4,{4}
2021-03-28,MACAS,Casablanca,MAAGA,Agadir,2,1,"APL; CMA CGM",2,14,1935.71428571429,508.571428571429,862,1221,0,0.5,1,"{1,0}"
2021-03-28,MACAS,Casablanca,MAPTM,Tanger,1,1,"Arkas Line; Hapag-Lloyd; Marguisa; ONE",4,5,2749.6,511.6,2478,2824,0,0,0,{0}
2021-03-28,MACAS,Casablanca,MTMAR,"Malta (Marsaxlokk)",1,1,"APL; CMA CGM; COSCO; NileDutch",4,5,3397.4,488.4,1970,4363,4,4,4,{4}
2021-03-28,MACAS,Casablanca,PTFDF,"Figueira da Foz",1,1,"MSC; WEC Lines",2,1,700,100,700,700,2,2,2,{2}
2021-03-28,MACAS,Casablanca,PTLEI,Leixoes,1,1,"APL; Arkas Line; CMA CGM; Messina; Tarros",5,4,2054.89285714286,304.714285714286,1445,1740,2,2,2,{2}
2021-03-28,MAPTM,Tanger,BEANR,Antwerp,1,1,"Arkas Line; Hapag-Lloyd; Marguisa; ONE",4,5,2749.6,511.6,2478,2824,6,6,6,{6}
2021-03-28,MAPTM,Tanger,BRSSA,Salvador,1,1,"Alianca; CMA CGM; Hamburg Sud; Maersk Line; Marguisa",5,6,9145.33333333333,1561.66666666667,8850,10034,9,9,9,{9}
2021-03-28,MAPTM,Tanger,ESALG,Algeciras,16,15,"Alianca; APL; Arkas Line; CMA CGM; Containerships; COSCO; Hamburg Sud; Hapag-Lloyd; Maersk Line; NileDutch; ONE; OOCL; SeaLand; X-Press",14,69,49896.2476190476,7010.95,868,5078,0,1,3,"{3,0,0,1,0,0,1,1,1,2,1,0,0,1,1,3}"
2021-03-28,MAPTM,Tanger,ESSAG,Sagunto,1,1,"Arkas Line; CMA CGM; Hapag-Lloyd",3,6,3926.33333333333,933.333333333333,3832,4115,2,2,2,{2}
2021-03-28,MAPTM,Tanger,ESVGO,Vigo,1,1,"Arkas Line; CMA CGM; Hapag-Lloyd",3,6,3926.33333333333,933.333333333333,3832,4115,1,1,1,{1}
2021-03-28,MAPTM,Tanger,ESVLC,Valencia,3,3,"Alianca; Arkas Line; Hamburg Sud; Hapag-Lloyd; Maersk Line; MSC; SeaLand; ZIM",8,20,15989.2261904762,2120.11904761905,1022,9200,1,1,2,"{1,2,1}"
2021-03-28,MAPTM,Tanger,GBFXT,Felixstowe,1,1,"Alianca; Hamburg Sud; Maersk Line; MSC; SeaLand",5,12,16216.3333333333,956.166666666667,13800,20568,3,3,3,{3}
2021-03-28,MAPTM,Tanger,GBSOU,Southampton,3,3,"APL; CMA CGM; CNC Line-Cheng Lie Navigation Co. Ltd.; COSCO; Evergreen Line; Hapag-Lloyd; ONE; OOCL",8,24,29497.7083333333,2595.75,3426,17859,3,3,3,"{3,3,3}"
2021-03-28,MAPTM,Tanger,GHTEM,Tema,1,1,"Arkas Line; Hapag-Lloyd; Marguisa; ONE",4,5,2749.6,511.6,2478,2824,8,8,8,{8}
2021-03-28,MAPTM,Tanger,GNCKY,Conakry,1,1,"APL; CMA CGM",2,5,2558.2,364,2474,2755,9,9,9,{9}
2021-03-28,MAPTM,Tanger,ITGOA,Genoa,1,1,"Hapag-Lloyd; Hyundai; ONE; Yang Ming",4,11,11047.9090909091,709.090909090909,13169,13870,2,2,2,{2}
2021-03-28,MAPTM,Tanger,MAAGA,Agadir,1,1,"CMA CGM; Hapag-Lloyd",2,1,798.571428571429,157.142857142857,1118,1118,2,2,2,{2}
2021-03-28,MAPTM,Tanger,MACAS,Casablanca,4,4,"APL; Arkas Line; CMA CGM; Hapag-Lloyd; Marguisa; X-Press",6,15,5244.85714285714,1017.28571428571,707,2872,0,1,1,"{0,1,1,1}"
2021-03-28,MAPTM,Tanger,NLRTM,Rotterdam,3,3,"Alianca; APL; CMA CGM; COSCO; Hamburg Sud; Hapag-Lloyd; Maersk Line; MSC; ONE; OOCL",10,25,29633.75,3638.47222222222,6921,13386,3,4,4,"{4,3,4}"
2021-03-28,MAPTM,Tanger,OMSLL,Salalah,2,2,"Alianca; Hamburg Sud; Hapag-Lloyd; Maersk Line; MSC; SeaLand",6,23,31157.6060606061,1919.80303030303,13092,23656,10,10.5,11,"{11,10}"
2021-03-28,MAPTM,Tanger,PTLEI,Leixoes,1,1,"Hapag-Lloyd; ONE",2,2,3480,645,1740,1740,2,2,2,{2}
2021-03-28,MAPTM,Tanger,SAJED,Jeddah,2,2,"APL; CMA CGM; CNC Line-Cheng Lie Navigation Co. Ltd.; COSCO; Evergreen Line; Hapag-Lloyd; ONE; OOCL",8,20,27810.8333333333,2095.25,6921,17859,7,7.5,8,"{7,8}"
2021-03-28,MAPTM,Tanger,SGSIN,Singapore,2,2,"Alianca; Hamburg Sud; Hapag-Lloyd; Maersk Line; MSC; SeaLand",6,24,34451.3426573427,1871.93006993007,13200,20568,17,19,21,"{21,17}"
2021-03-28,MAPTM,Tanger,SNDKR,Dakar,2,2,"Hapag-Lloyd; Maersk Line; ONE",3,7,7356.8,1049,1740,4380,6,6,6,"{6,6}"
2021-03-28,MAPTM,Tanger,TGLFW,Lome,1,1,"APL; CMA CGM; Marguisa",3,6,3325.5,433.166666666667,3091,3600,10,10,10,{10}
2021-03-28,MAPTM,Tanger,USNYC,"New York NY/NJ",1,1,"Maersk Line; SeaLand",2,10,4194.1,1103.6,4045,4258,9,9,9,{9}
2021-03-28,MEBAR,Bar,HRPLE,Ploce,1,1,"APL; CMA CGM; COSCO; Evergreen Line; Hapag-Lloyd; Maersk Line; SeaLand; X-Press",8,3,766,136.666666666667,724,822,0,0,0,{0}
2021-03-28,MEBAR,Bar,ITAOI,Ancona,1,1,"CMA CGM; Hapag-Lloyd; X-Press",3,3,1317.66666666667,337,1267,1345,1,1,1,{1}
2021-03-28,MGTOA,Tamatave/Toamasina,SCPOV,"Seychelles Is., Port Victoria",1,1,"Maersk Line",1,4,2470,437.5,2450,2478,7,7,7,{7}
2021-03-28,MHMAJ,Majuro,FMKSA,Kosrae,1,1,"MELL; PDL-Pacific Direct Line; PIL",3,3,2160,400,1080,1080,2,2,2,{2}
2021-03-28,MMRGN,Yangon,MYPKG,"Port Klang",1,1,"Maersk Line; SeaLand",2,5,1978.05714285714,408.457142857143,1714,1756,7,7,7,{7}
2021-03-28,MPSPN,Saipan,FMYAP,Yap,1,1,MELL,1,2,1554,200,777,777,1,1,1,{1}
2021-03-28,MPSPN,Saipan,GUGUM,Guam,1,1,"Maersk Line; Matson",2,5,3182,343.2,2890,3620,3,3,3,{3}
2021-03-28,MPSPN,Saipan,KRPUS,Busan,1,1,"APL; Swire Shipping",2,2,1358,200,1078,1638,6,6,6,{6}
2021-03-28,MQFDF,Fort-de-France,BBBGI,Bridgetown,1,1,"CMA CGM",1,3,686,118.666666666667,677,704,1,1,1,{1}
2021-03-28,MQFDF,Fort-de-France,DOCAU,Caucedo,1,1,"CMA CGM; Marfret; Marguisa; X-Press",4,8,6756.75,1100,6673,6881,2,2,2,{2}
2021-03-28,MQFDF,Fort-de-France,GPPTP,Pointe-a-Pitre,2,2,"CMA CGM; Maersk Line",2,8,4398.5,937.833333333333,672,4178,1,1,1,"{1,1}"
2021-03-28,MQFDF,Fort-de-France,JMKIN,Kingston,1,1,"CMA CGM; Maersk Line",2,6,3706.5,829.833333333333,3504,4178,4,4,4,{4}
2021-03-28,MRNKC,Nouakchott,MAPTM,Tanger,1,1,"Hapag-Lloyd; ONE",2,2,3480,645,1740,1740,2,2,2,{2}
2021-03-28,MTMAR,"Malta (Marsaxlokk)",DZALG,Algiers,1,1,"APL; CMA CGM",2,4,2245,500,2200,2260,2,2,2,{2}
2021-03-28,MTMAR,"Malta (Marsaxlokk)",DZBJA,Bejaia,1,1,"CMA CGM; Hapag-Lloyd; X-Press",3,3,1317.66666666667,337,1267,1345,2,2,2,{2}
2021-03-28,MTMAR,"Malta (Marsaxlokk)",EGALY,Alexandria,1,1,"APL; CMA CGM; ONE",3,5,4791.8,346.4,4308,5095,2,2,2,{2}
2021-03-28,MTMAR,"Malta (Marsaxlokk)",EGDAM,Damietta,2,2,"APL; CMA CGM; COSCO; Hapag-Lloyd; OOCL",5,11,8528.29166666667,984.75,1201,8465,3,3,3,"{3,3}"
2021-03-28,MTMAR,"Malta (Marsaxlokk)",ESBCN,Barcelona,1,1,"Hamburg Sud; Maersk Line; MSC; SeaLand",4,13,22668.6153846154,1791.07692307692,19154,23756,3,3,3,{3}
2021-03-28,MTMAR,"Malta (Marsaxlokk)",ESVLC,Valencia,2,2,"APL; CMA CGM; CNC Line-Cheng Lie Navigation Co. Ltd.; COSCO; Evergreen Line; NileDutch; OOCL",7,16,15207.9454545455,1355.67272727273,1970,14812,2,2,2,"{2,2}"
2021-03-28,MTMAR,"Malta (Marsaxlokk)",GRPIR,Piraeus,1,1,"APL; CMA CGM; COSCO; NileDutch",4,5,3397.4,488.4,1970,4363,1,1,1,{1}
2021-03-28,MTMAR,"Malta (Marsaxlokk)",GRSKG,Thessaloniki,1,1,"APL; CMA CGM",2,3,1313.66666666667,369,1201,1402,2,2,2,{2}
2021-03-28,MTMAR,"Malta (Marsaxlokk)",ITAOI,Ancona,1,1,MSC,1,1,957,240,957,957,3,3,3,{3}
2021-03-28,MTMAR,"Malta (Marsaxlokk)",ITCTA,Catania,1,1,"APL; CMA CGM; X-Press",3,3,1033.66666666667,238.666666666667,957,1122,1,1,1,{1}
2021-03-28,MTMAR,"Malta (Marsaxlokk)",ITGIT,"Gioia Tauro",1,1,"ANL; APL; CMA CGM; MSC",4,14,8944.14285714286,863.571428571429,8189,9572,1,1,1,{1}
2021-03-28,MTMAR,"Malta (Marsaxlokk)",ITGOA,Genoa,1,1,"APL; CMA CGM; COSCO; Hapag-Lloyd; OOCL",5,8,7214.625,615.75,5618,8465,2,2,2,{2}
2021-03-28,MTMAR,"Malta (Marsaxlokk)",ITLIV,Leghorn,1,1,"CMA CGM; Marfret; Marguisa; X-Press",4,8,6756.75,1100,6673,6881,2,2,2,{2}
2021-03-28,MTMAR,"Malta (Marsaxlokk)",ITNAP,Naples,2,2,"Hamburg Sud; Maersk Line; MSC; SeaLand",4,13,12010.25,998.875,3987,8762,1,1.5,2,"{2,1}"
2021-03-28,MTMAR,"Malta (Marsaxlokk)",ITTAR,Taranto,1,1,"CMA CGM; Hapag-Lloyd; X-Press",3,3,1317.66666666667,337,1267,1345,2,2,2,{2}
2021-03-28,MTMAR,"Malta (Marsaxlokk)",LBBEY,Beirut,1,1,"APL; CMA CGM; CNC Line-Cheng Lie Navigation Co. Ltd.; COSCO; Evergreen Line; OOCL",6,11,11810.5454545455,867.272727272727,9400,14812,3,3,3,{3}
2021-03-28,MTMAR,"Malta (Marsaxlokk)",LYKHM,Khoms,1,1,"CMA CGM",1,3,1230,,1230,1230,1,1,1,{1}
2021-03-28,MTMAR,"Malta (Marsaxlokk)",LYMRA,Misurata,2,2,"CMA CGM; Maersk Line; SeaLand; Unimed Feeder Services-UFS",4,6,2754.33333333333,564,862,1730,1,1.5,2,"{1,2}"
2021-03-28,MTMAR,"Malta (Marsaxlokk)",LYTIP,Tripoli,2,2,"APL; CMA CGM; Messina; Tarros; X-Press",5,4,6958.2380952381,924.380952380952,957,1728,0,0.5,1,"{1,0}"
2021-03-28,MTMAR,"Malta (Marsaxlokk)",MYPKG,"Port Klang",1,1,"APL; CMA CGM; CNC Line-Cheng Lie Navigation Co. Ltd.; COSCO; Evergreen Line; OOCL",6,12,20949.5,1816.5,16020,23112,17,17,17,{17}
2021-03-28,MTMAR,"Malta (Marsaxlokk)",REPDG,"Reunion Island",1,1,"ANL; APL; CMA CGM; MSC",4,14,8944.14285714286,863.571428571429,8189,9572,13,13,13,{13}
2021-03-28,MTMAR,"Malta (Marsaxlokk)",SIKOP,Koper,1,1,"APL; CMA CGM; CNC Line-Cheng Lie Navigation Co. Ltd.; COSCO; Evergreen Line; OOCL",6,10,6798.7,624.7,5551,9289,3,3,3,{3}
2021-03-28,MTMAR,"Malta (Marsaxlokk)",TRGEB,"Istanbul (Gebze)",1,1,"APL; CMA CGM; ONE",3,4,3677.5,600,3426,4268,2,2,2,{2}
2021-03-28,MTMAR,"Malta (Marsaxlokk)",TRIZM,Izmir,1,1,"CMA CGM",1,3,1230,,1230,1230,2,2,2,{2}
2021-03-28,MTMAR,"Malta (Marsaxlokk)",TRMER,Mersin,1,1,"APL; CMA CGM",2,4,2245,500,2200,2260,3,3,3,{3}
2021-03-28,MUPLU,"Port Louis",AEJEA,"Dubai, Jebel Ali",1,1,"APL; CMA CGM; DAL-Deutsche Afrika Linien; Maersk Line; UAFL-United Africa Feeder Line",5,7,2704.42857142857,473.428571428571,2510,2824,11,11,11,{11}
2021-03-28,MUPLU,"Port Louis",AUSYD,Sydney,1,1,"ANL; APL; CMA CGM; MSC",4,14,8944.14285714286,863.571428571429,8189,9572,12,12,12,{12}
2021-03-28,MUPLU,"Port Louis",LKCMB,Colombo,1,1,MSC,1,12,12101.25,501.666666666667,8063,14952,5,5,5,{5}
2021-03-28,MUPLU,"Port Louis",MGTOA,Tamatave/Toamasina,1,1,"Maersk Line",1,4,2470,437.5,2450,2478,7,7,7,{7}
2021-03-28,MUPLU,"Port Louis",SGSIN,Singapore,1,1,"APL; CMA CGM; Maersk Line",3,8,3394.875,522.25,2650,3674,11,11,11,{11}
2021-03-28,MUPLU,"Port Louis",ZADUR,Durban,2,2,"APL; CMA CGM; CNC Line-Cheng Lie Navigation Co. Ltd.; Hamburg Sud; Maersk Line; MSC; SeaLand",7,19,16682.5222222222,1279.44444444444,3500,13800,4,5.5,7,"{7,4}"
2021-03-28,MVMLE,Male,SCPOV,"Seychelles Is., Port Victoria",1,1,"APL; CMA CGM; Emirates Shipping; Evergreen Line; ONE; OOCL; X-Press",7,7,2630.42857142857,444.571428571429,2478,2756,3,3,3,{3}
2021-03-28,MXATM,Altamira,BSFPO,Freeport,1,1,MSC,1,5,2653.6,379,2480,2800,5,5,5,{5}
2021-03-28,MXATM,Altamira,MXPGO,Progreso,1,1,"Hamburg Sud; Maersk Line; SeaLand",3,8,3077.625,802,3075,3078,2,2,2,{2}
2021-03-28,MXATM,Altamira,MXVER,Veracruz,3,3,"CMA CGM; COSCO; Hapag-Lloyd; MSC; ONE; Seaboard Marine; X-Press; ZIM",8,10,5467.33333333333,1231.66666666667,877,2785,1,1,1,"{1,1,1}"
2021-03-28,MXATM,Altamira,USHOU,"Houston TX",6,6,"Alianca; APL; CMA CGM; COSCO; Evergreen Line; Hamburg Sud; Hapag-Lloyd; Maersk Line; MSC; ONE; OOCL; SeaLand; Yang Ming; ZIM",14,45,36404.8214285714,3870.51785714286,4253,8762,1,2,3,"{2,2,3,1,2,3}"
2021-03-28,MXATM,Altamira,USMSY,"New Orleans LA",1,1,"Hamburg Sud; Maersk Line; MSC; SeaLand",4,6,7210,483.333333333333,5550,8800,2,2,2,{2}
2021-03-28,MXATM,Altamira,USTPA,"Tampa FL",1,1,ZIM,1,1,1118,220,1118,1118,3,3,3,{3}
2021-03-28,MXESE,Ensenada,JPYOK,Yokohama,1,1,"Hapag-Lloyd; Hyundai; MSC; ONE",4,11,8640.90909090909,1131.81818181818,6350,10100,12,12,12,{12}
2021-03-28,MXESE,Ensenada,MXZLO,"Manzanillo, MEX",3,3,"ANL; APL; CMA CGM; COSCO; Evergreen Line; Hapag-Lloyd; Hyundai; MSC; ONE; Wan Hai",10,33,25417.9090909091,2839.27272727273,5050,10100,2,2,4,"{2,2,4}"
2021-03-28,MXLZC,"Lazaro Cardenas",COBUN,Buenaventura,2,2,"Alianca; ANL; APL; CMA CGM; COSCO; Evergreen Line; Hamburg Sud; Maersk Line; OOCL; SeaLand",10,29,19699.2894736842,1828.63157894737,4367,13892,4,4,4,"{4,4}"
2021-03-28,MXLZC,"Lazaro Cardenas",GTPRQ,"Puerto Quetzal",3,3,"Alianca; APL; CMA CGM; COSCO; Evergreen Line; Hamburg Sud; Hapag-Lloyd; Maersk Line; ONE; PIL; SeaLand; Wan Hai; Yang Ming",13,19,11381.7,1574,2542,6969,2,2,3,"{3,2,2}"
2021-03-28,MXLZC,"Lazaro Cardenas",MXZLO,"Manzanillo, MEX",3,3,"ANL; APL; CMA CGM; COSCO; Evergreen Line; Hapag-Lloyd; Hyundai; MSC; ONE; OOCL; X-Press",11,25,20853.9090909091,2447.81818181818,1713,13892,0,1,3,"{1,3,0}"
2021-03-28,MXLZC,"Lazaro Cardenas",PAROD,Rodman,1,1,"Hapag-Lloyd; Hyundai; MSC; ONE",4,12,12543.1666666667,883.333333333333,10100,14272,4,4,4,{4}
2021-03-28,MXLZC,"Lazaro Cardenas",PECLL,Callao,1,1,"Hapag-Lloyd; Hyundai; MSC; ONE",4,11,9690.18181818182,1295.72727272727,9326,11010,8,8,8,{8}
2021-03-28,MXLZC,"Lazaro Cardenas",SVAQJ,Acajutla,1,1,"Alianca; APL; CMA CGM; Hamburg Sud; Maersk Line; SeaLand",6,5,2547.6,552,2546,2554,2,2,2,{2}
2021-03-28,MXLZC,"Lazaro Cardenas",USNTD,"Port Hueneme CA",1,1,"Alianca; APL; CMA CGM; Hamburg Sud; Maersk Line; SeaLand",6,5,2547.6,552,2546,2554,3,3,3,{3}
2021-03-28,MXMZT,Mazatlan,MXZLO,"Manzanillo, MEX",1,1,"Hapag-Lloyd; ONE",2,4,2633.5,434,2542,2664,1,1,1,{1}
2021-03-28,MXPGO,Progreso,CRMOB,Moin,1,1,"Hamburg Sud; Maersk Line; SeaLand",3,8,3077.625,802,3075,3078,3,3,3,{3}
2021-03-28,MXPGO,Progreso,CUSCU,"Santiago de Cuba",1,1,"CMA CGM",1,2,1218.5,324.5,1096,1341,3,3,3,{3}
2021-03-28,MXPGO,Progreso,MXATM,Altamira,1,1,"COSCO; X-Press; ZIM",3,1,1754,462,877,877,2,2,2,{2}
2021-03-28,MXPGO,Progreso,USHOU,"Houston TX",1,1,"Linea Peninsular",1,1,1098,120,366,366,3,3,3,{3}
2021-03-28,MXPMS,"Puerto Morelos",USMIA,"Miami FL",1,1,"Hyde Shipping Corp.; Seaboard Marine",2,2,301,40,262,340,1,1,1,{1}
2021-03-28,MXVER,Veracruz,CUMAR,Mariel,1,1,"COSCO; X-Press; ZIM",3,1,1754,462,877,877,3,3,3,{3}
2021-03-28,MXVER,Veracruz,GTSTC,"Santo Tomas de Castilla",1,1,"Hapag-Lloyd; ONE",2,6,2536,493,2339,2785,5,5,5,{5}
2021-03-28,MXVER,Veracruz,JMKIN,Kingston,2,2,"Alianca; APL; CMA CGM; COSCO; Hamburg Sud; Maersk Line; MSC; Seaboard Marine; SeaLand; X-Press; ZIM",11,12,4567.77777777778,765.555555555556,1118,3534,4,5,6,"{6,4}"
2021-03-28,MXVER,Veracruz,MXATM,Altamira,9,9,"Alianca; APL; CMA CGM; COSCO; Evergreen Line; Hamburg Sud; Hapag-Lloyd; Maersk Line; MSC; ONE; OOCL; SeaLand; Yang Ming; ZIM",14,64,49346.0464285714,5534.85119047619,2480,8800,0,1,2,"{1,0,1,0,2,1,2,0,1}"
2021-03-28,MXVER,Veracruz,PAMIT,Manzanillo,1,1,"CMA CGM; Marfret; Marguisa; X-Press",4,8,6756.75,1100,6673,6881,5,5,5,{5}
2021-03-28,MXZLO,"Manzanillo, MEX",GTPRQ,"Puerto Quetzal",2,2,"COSCO; Evergreen Line; Hapag-Lloyd; Hyundai; MSC; ONE; OOCL; X-Press",8,15,10589.4090909091,1505.81818181818,1713,10100,2,2.5,3,"{3,2}"
2021-03-28,MXZLO,"Manzanillo, MEX",JPYOK,Yokohama,3,3,"Alianca; ANL; APL; CMA CGM; COSCO; Evergreen Line; Hamburg Sud; Hapag-Lloyd; Hyundai; Maersk Line; MSC; ONE; OOCL; SeaLand",14,41,32242.4561403509,2711.9649122807,4367,14272,7,8,15,"{15,7,8}"
2021-03-28,MXZLO,"Manzanillo, MEX",KRPUS,Busan,1,1,"COSCO; Evergreen Line; PIL; Wan Hai; Yang Ming",5,10,6188.6,540,5527,6969,17,17,17,{17}
2021-03-28,MXZLO,"Manzanillo, MEX",MXESE,Ensenada,1,1,"Hapag-Lloyd; Hyundai; MSC; ONE",4,11,8640.90909090909,1131.81818181818,6350,10100,3,3,3,{3}
2021-03-28,MXZLO,"Manzanillo, MEX",MXLZC,"Lazaro Cardenas",7,7,"Alianca; ANL; APL; CMA CGM; COSCO; Evergreen Line; Hamburg Sud; Hapag-Lloyd; Hyundai; Maersk Line; MSC; ONE; OOCL; PIL; SeaLand; Wan Hai; Yang Ming",17,71,53314.3379585327,5581.69218500798,2542,14272,0,1,1,"{0,0,1,1,1,0,1}"
2021-03-28,MXZLO,"Manzanillo, MEX",PABLB,Balboa,2,2,"Alianca; ANL; APL; CMA CGM; CNC Line-Cheng Lie Navigation Co. Ltd.; COSCO; Evergreen Line; Hamburg Sud; Hapag-Lloyd; Maersk Line; OOCL; PIL; SeaLand; Wan Hai; Yang Ming",15,22,16324.8833333333,1399.36666666667,5364,10960,4,4.5,5,"{4,5}"
2021-03-28,MXZLO,"Manzanillo, MEX",PAMIT,Manzanillo,1,1,"Alianca; Hamburg Sud; Hapag-Lloyd; Maersk Line; ZIM",5,12,4283.08333333333,361.833333333333,4253,5085,7,7,7,{7}
2021-03-28,MXZLO,"Manzanillo, MEX",PAROD,Rodman,1,1,MSC,1,11,9124.72727272727,1062.36363636364,8772,9400,4,4,4,{4}
2021-03-28,MXZLO,"Manzanillo, MEX",PECLL,Callao,1,1,"ANL; APL; CMA CGM; COSCO; Evergreen Line; Wan Hai",6,11,7652.27272727273,645.090909090909,5050,8530,8,8,8,{8}
2021-03-28,MXZLO,"Manzanillo, MEX",USLAX,"Los Angeles CA",1,1,"Hapag-Lloyd; ONE",2,4,2633.5,434,2542,2664,3,3,3,{3}
2021-03-28,MXZLO,"Manzanillo, MEX",USLGB,"Long Beach CA",2,2,"Alianca; Hamburg Sud; Hapag-Lloyd; Maersk Line; MSC; ZIM",6,23,13407.8106060606,1424.19696969697,4253,9400,3,3,3,"{3,3}"
2021-03-28,MYBKI,"Kota Kinabalu, Sabah",BNMUA,"Muara Port",1,1,"Evergreen Line",1,2,1676.5,253,1613,1740,0,0,0,{0}
2021-03-28,MYBKI,"Kota Kinabalu, Sabah",MYTWU,"Tawau Sabah",1,1,"Maersk Line; SeaLand",2,5,1978.05714285714,408.457142857143,1714,1756,2,2,2,{2}
2021-03-28,MYBKI,"Kota Kinabalu, Sabah",TWKHH,Kaohsiung,1,1,"Hamburg Sud; Maersk Line; SeaLand",3,4,1741.75,366.25,1713,1774,2,2,2,{2}
2021-03-28,MYBTU,"Bintulu, Sarawak",BNMUA,"Muara Port",1,1,"Hamburg Sud; Maersk Line; SeaLand",3,4,1741.75,366.25,1713,1774,1,1,1,{1}
2021-03-28,MYBTU,"Bintulu, Sarawak",CNSHK,Shekou,1,1,"Evergreen Line",1,2,1676.5,253,1613,1740,3,3,3,{3}
2021-03-28,MYKUA,Kuantan,HKHKG,"Hong Kong",1,1,"Evergreen Line",1,4,2717.5,396.5,2602,2824,4,4,4,{4}
2021-03-28,MYPEN,Penang,MYPGU,"Pasir Gudang, Johor",1,1,"COSCO; OOCL; Yang Ming",3,4,3188.75,275.5,4250,4253,2,2,2,{2}
2021-03-28,MYPEN,Penang,MYPKG,"Port Klang",3,3,"APL; CMA CGM; CNC Line-Cheng Lie Navigation Co. Ltd.; COSCO; Evergreen Line; Gold Star Line; IAL-Interasia Lines; RCL; SeaLand; TS Lines; Wan Hai; Yang Ming",12,12,7582.75,972,1708,4367,0,2,2,"{2,2,0}"
2021-03-28,MYPEN,Penang,MYTPP,"Tanjung Pelepas",1,1,"Evergreen Line; Yang Ming",2,4,2918,344,2910,2926,1,1,1,{1}
2021-03-28,MYPEN,Penang,SGSIN,Singapore,2,2,"APL; CMA CGM; CNC Line-Cheng Lie Navigation Co. Ltd.; COSCO; Heung-A; Hyundai; KMTC; Sinotrans; TS Lines; Yang Ming",10,8,6955.75,900.5,2278,4363,1,1,1,"{1,1}"
2021-03-28,MYPEN,Penang,VNSGN,"Ho Chi Minh (VICT/Cat Lai)",1,1,"IAL-Interasia Lines; Wan Hai",2,4,1633,208,1368,1728,4,4,4,{4}
2021-03-28,MYPGU,"Pasir Gudang, Johor",CNNSA,Nansha,1,1,"APL; CMA CGM; CNC Line-Cheng Lie Navigation Co. Ltd.; COSCO; Gold Star Line; RCL; SeaLand; TS Lines; Yang Ming",9,4,2481.5,325,2401,4367,5,5,5,{5}
2021-03-28,MYPGU,"Pasir Gudang, Johor",CNSHK,Shekou,1,1,"IAL-Interasia Lines; KMTC; Wan Hai; ZIM",4,6,4421,367,4250,5060,4,4,4,{4}
2021-03-28,MYPGU,"Pasir Gudang, Johor",MYPEN,Penang,1,1,"Evergreen Line",1,4,2717.5,396.5,2602,2824,1,1,1,{1}
2021-03-28,MYPGU,"Pasir Gudang, Johor",MYPKG,"Port Klang",1,1,"Evergreen Line; ONE",2,4,2914,344,2910,2926,1,1,1,{1}
2021-03-28,MYPGU,"Pasir Gudang, Johor",MYTPP,"Tanjung Pelepas",1,1,SeaLand,1,5,2742.4,302.4,2586,2806,2,2,2,{2}
2021-03-28,MYPGU,"Pasir Gudang, Johor",SGSIN,Singapore,5,5,"APL; CMA CGM; CNC Line-Cheng Lie Navigation Co. Ltd.; COSCO; Heung-A; Hyundai; IAL-Interasia Lines; KMTC; OOCL; TS Lines; Wan Hai; Yang Ming",12,20,16792,1794.5,1708,4728,0,1,1,"{0,1,1,1,0}"
2021-03-28,MYPGU,"Pasir Gudang, Johor",TWKHH,Kaohsiung,1,1,"Evergreen Line; SeaLand; Yang Ming",3,7,2916.85714285714,344,2910,2926,6,6,6,{6}
2021-03-28,MYPKG,"Port Klang",AEJEA,"Dubai, Jebel Ali",2,2,"APL; CMA CGM; COSCO; Evergreen Line; Hapag-Lloyd; Hyundai; ONE; OOCL; Yang Ming",9,19,13637.4761904762,1197.40476190476,5512,8508,8,8.5,9,"{8,9}"
2021-03-28,MYPKG,"Port Klang",AEKLF,"Khor Fakkan",1,1,"Emirates Shipping; GFS; Gold Star Line; KMTC; RCL; SM Line; ZIM",7,7,6983.28571428571,670.285714285714,6589,8110,10,10,10,{10}
2021-03-28,MYPKG,"Port Klang",AUFRE,Fremantle,1,1,"COSCO; OOCL; PIL; Yang Ming",4,5,5153.2,490.4,4578,5888,6,6,6,{6}
2021-03-28,MYPKG,"Port Klang",BDCGP,Chittagong,5,5,"ANL; APL; CMA CGM; CNC Line-Cheng Lie Navigation Co. Ltd.; Gold Star Line; Hapag-Lloyd; Maersk Line; OOCL; SeaLand; SOL; Wan Hai; X-Press; Yang Ming",13,7,16353.7142857143,2626.85714285714,1398,2806,3,4,5,"{3,4,5,4,4}"
2021-03-28,MYPKG,"Port Klang",CNNGB,Ningbo,2,2,"APL; CMA CGM; CNC Line-Cheng Lie Navigation Co. Ltd.; COSCO; Evergreen Line; OOCL; PIL",7,19,24473.5777777778,1413.33333333333,11923,20150,6,6,6,"{6,6}"
2021-03-28,MYPKG,"Port Klang",CNNSA,Nansha,1,1,"APL; CMA CGM; CNC Line-Cheng Lie Navigation Co. Ltd.; COSCO; OOCL; Yang Ming",6,4,2730,235.5,5344,5576,6,6,6,{6}
2021-03-28,MYPKG,"Port Klang",CNSHK,Shekou,3,3,"APL; CMA CGM; CNC Line-Cheng Lie Navigation Co. Ltd.; COSCO; Evergreen Line; Feedertech; OOCL; Sinokor; Wan Hai; X-Press; Yang Ming",11,20,13781.2833333333,1254.53333333333,2540,9289,4,5,5,"{4,5,5}"
2021-03-28,MYPKG,"Port Klang",CNTAO,Qingdao,4,4,"APL; CMA CGM; CNC Line-Cheng Lie Navigation Co. Ltd.; COSCO; Emirates Shipping; Evergreen Line; GFS; Gold Star Line; KMTC; ONE; OOCL; PIL; RCL; SM Line; Wan Hai; ZIM",16,32,45059.9404761905,3316.76190476191,2702,20988,6,7.5,9,"{9,8,7,6}"
2021-03-28,MYPKG,"Port Klang",CNTXG,Xingang/Tianjin,1,1,"APL; CMA CGM; CNC Line-Cheng Lie Navigation Co. Ltd.; COSCO; Evergreen Line; OOCL",6,12,20949.5,1816.5,16020,23112,10,10,10,{10}
2021-03-28,MYPKG,"Port Klang",CNXMN,Xiamen,1,1,"APL; CMA CGM; CNC Line-Cheng Lie Navigation Co. Ltd.; COSCO; Evergreen Line; OOCL",6,11,11810.5454545455,867.272727272727,9400,14812,5,5,5,{5}
2021-03-28,MYPKG,"Port Klang",GRPIR,Piraeus,1,1,"APL; CMA CGM; CNC Line-Cheng Lie Navigation Co. Ltd.; COSCO; Evergreen Line; OOCL",6,10,12987.4,846,13092,19100,14,14,14,{14}
2021-03-28,MYPKG,"Port Klang",HKHKG,"Hong Kong",2,2,"COSCO; Emirates Shipping; KMTC; TS Lines; X-Press",5,13,9273.2380952381,1174.33333333333,4380,6655,5,5,5,"{5,5}"
2021-03-28,MYPKG,"Port Klang",INCCU,Kolkata,1,1,"Gold Star Line; ZIM",2,1,2358,529.714285714286,917,917,4,4,4,{4}
2021-03-28,MYPKG,"Port Klang",INKAT,Kattupalli,3,3,"BTL-Bengal Tiger Line; COSCO; Evergreen Line; Gold Star Line; Hyundai; ONE; OOCL; RCL; Sinokor; TS Lines; X-Press; ZIM",12,13,12543.1785714286,1575.42857142857,1061,6763,4,5,6,"{6,4,5}"
2021-03-28,MYPKG,"Port Klang",INMAA,Chennai/Madras,4,4,"APL; BTL-Bengal Tiger Line; CMA CGM; CNC Line-Cheng Lie Navigation Co. Ltd.; COSCO; Evergreen Line; Feedertech; IAL-Interasia Lines; KMTC; ONE; OOCL; RCL; SeaLand; TS Lines; Wan Hai; X-Press; ZIM",17,19,17573.8666666667,1735.4,2741,6655,4,4,4,"{4,4,4,4}"
2021-03-28,MYPKG,"Port Klang",INNSA,"Mumbai (Nhava Sheva)",7,7,"ANL; APL; CMA CGM; CNC Line-Cheng Lie Navigation Co. Ltd.; COSCO; Emirates Shipping; Evergreen Line; Feedertech; Gold Star Line; Hapag-Lloyd; Hyundai; KMTC; ONE; OOCL; PIL; TS Lines; Wan Hai; X-Press; Yang Ming; ZIM",20,56,40453.9523809524,4291.38744588745,2702,10050,5,7,12,"{5,7,7,12,8,6,7}"
2021-03-28,MYPKG,"Port Klang",INPAV,Pipavav,1,1,"APL; CMA CGM; Hyundai; ONE; RCL; X-Press",6,5,5473.2,609.6,4957,5624,2,2,2,{2}
2021-03-28,MYPKG,"Port Klang",KRPUS,Busan,1,1,"APL; CMA CGM; CNC Line-Cheng Lie Navigation Co. Ltd.; COSCO; Evergreen Line; OOCL; Turkon",7,10,9767.1,1165.6,8948,11388,7,7,7,{7}
2021-03-28,MYPKG,"Port Klang",LKCMB,Colombo,8,8,"ANL; APL; CMA CGM; CNC Line-Cheng Lie Navigation Co. Ltd.; COSCO; Emirates Shipping; Evergreen Line; Feedertech; Gold Star Line; Hapag-Lloyd; IAL-Interasia Lines; ONE; OOCL; PIL; Sinokor; Wan Hai; X-Press; Yang Ming; ZIM",19,67,42739.6497493734,4188.33082706767,2478,15072,2,3.5,5,"{3,4,3,4,2,3,5,4}"
2021-03-28,MYPKG,"Port Klang",MYKUA,Kuantan,1,1,"Evergreen Line",1,4,2717.5,396.5,2602,2824,1,1,1,{1}
2021-03-28,MYPKG,"Port Klang",MYPEN,Penang,7,7,"APL; CMA CGM; CNC Line-Cheng Lie Navigation Co. Ltd.; COSCO; Evergreen Line; Gold Star Line; Heung-A; Hyundai; IAL-Interasia Lines; KMTC; OOCL; RCL; SeaLand; Sinotrans; TS Lines; Wan Hai; Yang Ming",17,28,19560.75,2303.5,1368,4367,0,1,2,"{2,1,0,1,1,0,1}"
2021-03-28,MYPKG,"Port Klang",MYPGU,"Pasir Gudang, Johor",4,4,"APL; CMA CGM; CNC Line-Cheng Lie Navigation Co. Ltd.; COSCO; Gold Star Line; Heung-A; Hyundai; IAL-Interasia Lines; KMTC; RCL; SeaLand; TS Lines; Wan Hai; Yang Ming",14,16,11882.25,1480,1708,4728,0,1.5,2,"{1,2,2,0}"
2021-03-28,MYPKG,"Port Klang",MYTPP,"Tanjung Pelepas",5,5,"APL; CMA CGM; CNC Line-Cheng Lie Navigation Co. Ltd.; COSCO; Emirates Shipping; Evergreen Line; Hamburg Sud; Hapag-Lloyd; Maersk Line; ONE; OOCL; SeaLand; X-Press",13,25,13682.6642857143,1886.99285714286,1713,5652,0,1,2,"{2,0,2,1,1}"
2021-03-28,MYPKG,"Port Klang",PHMNL,Manila,1,1,"APL; CMA CGM; CNC Line-Cheng Lie Navigation Co. Ltd.",3,4,3273.5,425,2782,3534,7,7,7,{7}
2021-03-28,MYPKG,"Port Klang",SAJED,Jeddah,1,1,"Hapag-Lloyd; ONE; Wan Hai; Yang Ming",4,8,4960.25,468.75,5466,6258,11,11,11,{11}
2021-03-28,MYPKG,"Port Klang",SGSIN,Singapore,40,40,"Alianca; ANL; APL; BTL-Bengal Tiger Line; Carpenters Shipping; CMA CGM; CNC Line-Cheng Lie Navigation Co. Ltd.; COSCO; Emirates Shipping; Evergreen Line; Feedertech; Gold Star Line; Hamburg Sud; Hapag-Lloyd; Hyundai; IAL-Interasia Lines; KMTC; Maersk Line; MSC; NileDutch; ONE; OOCL; PIL; RCL; Safmarine; SeaLand; Sinokor; SOL; Swire Shipping; TS Lines; Wan Hai; X-Press; Yang Ming; ZIM",34,248,212784.740333789,21747.1217361586,917,15072,0,1,3,"{1,1,0,2,2,1,1,1,1,2,2,1,2,2,1,1,2,2,1,0,1,3,0,1,1,0,1,1,3,1,1,0,1,1,1,1,1,1,2,2}"
2021-03-28,MYPKG,"Port Klang",VNC8Q,"Chu Lai",1,1,"Gold Star Line; ZIM",2,2,1582.85714285714,337.142857142857,1061,1155,5,5,5,{5}
2021-03-28,MYPKG,"Port Klang",VNHPH,Haiphong,1,1,"Wan Hai",1,2,1754,369.5,1708,1800,5,5,5,{5}
2021-03-28,MYPKG,"Port Klang",VNSGN,"Ho Chi Minh (VICT/Cat Lai)",2,2,"OOCL; Wan Hai",2,8,4992,711.5,2207,2700,3,3.5,4,"{4,3}"
2021-03-28,MYPKG,"Port Klang",VNVUT,"Cai Mep (near Ho Chi Minh)",2,2,"APL; CMA CGM; COSCO; Evergreen Line; ONE; OOCL; Wan Hai",7,16,11653.3333333333,1074.83333333333,4250,8508,2,2.5,3,"{2,3}"
2021-03-28,MYPKG,"Port Klang",ZADUR,Durban,1,1,"COSCO; Evergreen Line; Gold Star Line; Hapag-Lloyd; ONE; OOCL; PIL; ZIM",8,9,3914.33333333333,309.555555555556,4253,5100,14,14,14,{14}
2021-03-28,MYTPP,"Tanjung Pelepas",AEJEA,"Dubai, Jebel Ali",1,1,"Maersk Line; X-Press",2,4,2741.5,221.5,2700,2824,8,8,8,{8}
2021-03-28,MYTPP,"Tanjung Pelepas",BDCGP,Chittagong,2,2,"Hamburg Sud; Maersk Line; SeaLand",3,10,5548.4,658.4,2586,2806,3,3.5,4,"{4,3}"
2021-03-28,MYTPP,"Tanjung Pelepas",CNSHA,Shanghai,2,2,"Alianca; APL; CMA CGM; CNC Line-Cheng Lie Navigation Co. Ltd.; Hamburg Sud; Hapag-Lloyd; Maersk Line; MSC; SeaLand",9,26,23372.8461538462,1038.15384615385,4335,20568,6,6.5,7,"{6,7}"
2021-03-28,MYTPP,"Tanjung Pelepas",CNTAO,Qingdao,1,1,SeaLand,1,5,2742.4,302.4,2586,2806,4,4,4,{4}
2021-03-28,MYTPP,"Tanjung Pelepas",CNXMN,Xiamen,1,1,"APL; CMA CGM; CNC Line-Cheng Lie Navigation Co. Ltd.; Maersk Line; SeaLand",5,13,4587.23076923077,288.769230769231,4380,5466,4,4,4,{4}
2021-03-28,MYTPP,"Tanjung Pelepas",CNYTN,Yantian,1,1,"Alianca; Hamburg Sud; Maersk Line; MSC; SeaLand; ZIM",6,11,11035.8181818182,800,9038,13630,4,4,4,{4}
2021-03-28,MYTPP,"Tanjung Pelepas",EGPSD,"Port Said",1,1,"Alianca; Hamburg Sud; Maersk Line; MSC",4,11,15052.7272727273,1018.54545454545,13200,19630,11,11,11,{11}
2021-03-28,MYTPP,"Tanjung Pelepas",ESALG,Algeciras,1,1,"Alianca; Hamburg Sud; Hapag-Lloyd; Maersk Line; MSC; SeaLand",6,13,18623.5384615385,662.153846153846,18270,20568,17,17,17,{17}
2021-03-28,MYTPP,"Tanjung Pelepas",GHTEM,Tema,1,1,"APL; CMA CGM; CNC Line-Cheng Lie Navigation Co. Ltd.; Hamburg Sud; Maersk Line; SeaLand",6,13,4749.30769230769,376,4335,5466,25,25,25,{25}
2021-03-28,MYTPP,"Tanjung Pelepas",HKHKG,"Hong Kong",3,3,"APL; CMA CGM; CNC Line-Cheng Lie Navigation Co. Ltd.; Evergreen Line; Hamburg Sud; Maersk Line; MSC; SeaLand; Yang Ming; ZIM",10,24,20625.6767676768,2133.17171717172,2910,11294,3,4,6,"{6,4,3}"
2021-03-28,MYTPP,"Tanjung Pelepas",INMAA,Chennai/Madras,1,1,"Maersk Line",1,2,5452.5,200,4250,6655,5,5,5,{5}
2021-03-28,MYTPP,"Tanjung Pelepas",KEMBA,Mombasa,1,1,"COSCO; Maersk Line; OOCL; SeaLand",4,7,3555,444.285714285714,3003,4380,11,11,11,{11}
2021-03-28,MYTPP,"Tanjung Pelepas",LKCMB,Colombo,4,4,"Alianca; Hamburg Sud; Hapag-Lloyd; Maersk Line; MSC; SeaLand; ZIM",7,41,43563.7489177489,3129.43939393939,1740,23656,4,4,5,"{4,4,5,4}"
2021-03-28,MYTPP,"Tanjung Pelepas",MMRGN,Yangon,1,1,"Maersk Line; SeaLand",2,5,1978.05714285714,408.457142857143,1714,1756,3,3,3,{3}
2021-03-28,MYTPP,"Tanjung Pelepas",MUPLU,"Port Louis",1,1,"APL; CMA CGM; CNC Line-Cheng Lie Navigation Co. Ltd.; Hamburg Sud; Maersk Line; SeaLand",6,9,8554.22222222222,983.444444444444,8112,9030,8,8,8,{8}
2021-03-28,MYTPP,"Tanjung Pelepas",MYPGU,"Pasir Gudang, Johor",1,1,"Evergreen Line; SeaLand; Yang Ming",3,7,2916.85714285714,344,2910,2926,0,0,0,{0}
2021-03-28,MYTPP,"Tanjung Pelepas",MYPKG,"Port Klang",6,6,"Alianca; ANL; APL; CMA CGM; CNC Line-Cheng Lie Navigation Co. Ltd.; COSCO; Emirates Shipping; Evergreen Line; Hamburg Sud; Hapag-Lloyd; Maersk Line; ONE; OOCL; Safmarine; SeaLand; X-Press",16,33,26312.8690476191,3051.10714285714,1713,10622,0,1,5,"{2,1,5,1,1,0}"
2021-03-28,MYTPP,"Tanjung Pelepas",NAWVB,"Walvis Bay",1,1,"APL; CMA CGM; CNC Line-Cheng Lie Navigation Co. Ltd.; Maersk Line; SeaLand",5,13,4587.23076923077,288.769230769231,4380,5466,16,16,16,{16}
2021-03-28,MYTPP,"Tanjung Pelepas",NLRTM,Rotterdam,2,2,"Alianca; APL; CMA CGM; CNC Line-Cheng Lie Navigation Co. Ltd.; COSCO; Evergreen Line; Hamburg Sud; Hapag-Lloyd; Maersk Line; MSC; OOCL; SeaLand",12,24,39548.6153846154,1653.38461538462,18270,20568,19,19.5,20,"{19,20}"
2021-03-28,MYTPP,"Tanjung Pelepas",PGPOM,"Port Moresby",1,1,"Maersk Line; SeaLand",2,2,2555.42857142857,251.428571428571,1118,1118,12,12,12,{12}
2021-03-28,MYTPP,"Tanjung Pelepas",PTSIE,Sines,1,1,"Maersk Line; MSC; SeaLand",3,10,14007.8,800.4,12400,20568,16,16,16,{16}
2021-03-28,MYTPP,"Tanjung Pelepas",REPDG,"Reunion Island",1,1,"APL; CMA CGM; Maersk Line",3,8,3394.875,522.25,2650,3674,9,9,9,{9}
2021-03-28,MYTPP,"Tanjung Pelepas",SGSIN,Singapore,18,15,"APL; CMA CGM; CNC Line-Cheng Lie Navigation Co. Ltd.; COSCO; Emirates Shipping; Evergreen Line; Hamburg Sud; Hapag-Lloyd; Maersk Line; MSC; NileDutch; ONE; OOCL; SeaLand; TS Lines; X-Press",16,114,73520.2637362637,9573.4184981685,1713,9200,0,1,2,"{0,1,2,1,0,0,0,0,1,2,1,1,1,1,1,2,1,1}"
2021-03-28,MYTPP,"Tanjung Pelepas",THLCH,"Laem Chabang",2,2,"Maersk Line; MSC; ZIM",3,14,13158.3333333333,1546.30303030303,4178,9962,3,3,3,"{3,3}"
2021-03-28,MYTPP,"Tanjung Pelepas",TWKHH,Kaohsiung,1,1,"APL; CMA CGM; CNC Line-Cheng Lie Navigation Co. Ltd.; COSCO; Evergreen Line; OOCL",6,11,20150,800,20150,20150,5,5,5,{5}
2021-03-28,MYTPP,"Tanjung Pelepas",VNHPH,Haiphong,1,1,MSC,1,4,3071.75,273.75,2578,3501,4,4,4,{4}
2021-03-28,MYTPP,"Tanjung Pelepas",VNSGN,"Ho Chi Minh (VICT/Cat Lai)",2,2,"Evergreen Line; Hamburg Sud; Maersk Line; SeaLand",4,9,4791,556,1740,2806,2,2,2,"{2,2}"
2021-03-28,MYTWU,"Tawau Sabah",PHDVO,Davao,1,1,"Maersk Line; SeaLand",2,5,1978.05714285714,408.457142857143,1714,1756,3,3,3,{3}
2021-03-28,MZBEW,Beira,KEMBA,Mombasa,1,1,MSC,1,4,3283.25,188.75,713,4308,2,2,2,{2}
2021-03-28,MZBEW,Beira,MZMNC,Nacala,2,2,"APL; CMA CGM; Maersk Line; UAFL-United Africa Feeder Line",4,14,5710.04166666667,930.583333333333,1740,3674,1,1.5,2,"{2,1}"
2021-03-28,MZBEW,Beira,ZADUR,Durban,1,1,MSC,1,4,3283.25,188.75,713,4308,4,4,4,{4}
2021-03-28,MZMNC,Nacala,MUPLU,"Port Louis",1,1,"APL; CMA CGM; Maersk Line",3,8,3394.875,522.25,2650,3674,16,16,16,{16}
2021-03-28,MZMNC,Nacala,SCPOV,"Seychelles Is., Port Victoria",1,1,"APL; CMA CGM; UAFL-United Africa Feeder Line",3,6,2315.16666666667,408.333333333333,1740,2520,7,7,7,{7}
2021-03-28,MZMPM,Maputo,MZBEW,Beira,2,2,"APL; CMA CGM; Maersk Line; MSC",4,12,6678.125,711,713,4308,1,1.5,2,"{1,2}"
2021-03-28,NAWVB,"Walvis Bay",GHTEM,Tema,1,1,"APL; CMA CGM; CNC Line-Cheng Lie Navigation Co. Ltd.; Maersk Line; SeaLand",5,13,4587.23076923077,288.769230769231,4380,5466,10,10,10,{10}
2021-03-28,NAWVB,"Walvis Bay",MYTPP,"Tanjung Pelepas",1,1,"APL; CMA CGM; CNC Line-Cheng Lie Navigation Co. Ltd.; Hamburg Sud; Maersk Line; SeaLand",6,13,4749.30769230769,376,4335,5466,14,14,14,{14}
2021-03-28,NCNOU,Noumea,AUBNE,Brisbane,4,4,"ANL; APL; CMA CGM; Delmas; Marfret; MSC; Seatrade; USL-US Lines",8,11,14785.5714285714,3074.12244897959,1037,2506,2,2.5,3,"{2,2,3,3}"
2021-03-28,NCNOU,Noumea,VUVLI,"Port Vila",1,1,"ANL; NPL-Neptune Pacific Line; PDL-Pacific Direct Line; Swire Shipping",4,2,2427.42857142857,360,907,981,1,1,1,{1}
2021-03-28,NGAPP,Apapa,CGPNR,"Pointe Noire",1,1,"APL; CMA CGM; CNC Line-Cheng Lie Navigation Co. Ltd.; Maersk Line; SeaLand",5,13,4587.23076923077,288.769230769231,4380,5466,9,9,9,{9}
2021-03-28,NGAPP,Apapa,CIABJ,Abidjan,1,1,"COSCO; Gold Star Line; ONE; PIL; ZIM",5,12,3909.41666666667,470.5,4250,5466,3,3,3,{3}
2021-03-28,NGAPP,Apapa,GHTEM,Tema,1,1,"Alianca; Hamburg Sud; Maersk Line",3,6,5649.85714285714,385.285714285714,4132,4496,21,21,21,{21}
2021-03-28,NGAPP,Apapa,NGTIN,"Lagos, Tin Can",1,1,"APL; Arkas Line; CMA CGM; Hapag-Lloyd; ONE",5,8,3441.25,378.25,2452,4308,0,0,0,{0}
2021-03-28,NGAPP,Apapa,TGLFW,Lome,1,1,"COSCO; PIL",2,9,3763.33333333333,34.4444444444444,3081,3889,1,1,1,{1}
2021-03-28,NGAPP,Apapa,ZACPT,"Cape Town",1,1,"Hapag-Lloyd; ONE",2,13,1832.30769230769,196.538461538462,2456,2758,14,14,14,{14}
2021-03-28,NGONN,Onne,BJCOO,Cotonou,1,1,"APL; CMA CGM; CNC Line-Cheng Lie Navigation Co. Ltd.; Hamburg Sud; Maersk Line; SeaLand",6,13,4749.30769230769,376,4335,5466,1,1,1,{1}
2021-03-28,NGONN,Onne,GHTEM,Tema,1,1,"APL; CMA CGM; COSCO; Gold Star Line; ONE; OOCL; PIL; ZIM",8,11,5018.84415584416,477.584415584416,4132,4506,3,3,3,{3}
2021-03-28,NGONN,Onne,GHTKD,Takoradi,1,1,"Maersk Line",1,6,2489.33333333333,203.333333333333,2474,2502,6,6,6,{6}
2021-03-28,NGONN,Onne,NGTIN,"Lagos, Tin Can",1,1,"COSCO; PIL",2,9,3763.33333333333,34.4444444444444,3081,3889,1,1,1,{1}
2021-03-28,NGTIN,"Lagos, Tin Can",BJCOO,Cotonou,1,1,MSC,1,5,6002.6,484.4,5711,6730,1,1,1,{1}
2021-03-28,NGTIN,"Lagos, Tin Can",GHTEM,Tema,2,2,"Alianca; COSCO; Hamburg Sud; Maersk Line; Messina; MSC; OOCL",7,9,10765.1904761905,1375.95238095238,2303,4496,1,1,1,"{1,1}"
2021-03-28,NGTIN,"Lagos, Tin Can",MAPTM,Tanger,1,1,"APL; Arkas Line; CMA CGM; Hapag-Lloyd; ONE",5,8,3441.25,378.25,2452,4308,35,35,35,{35}
2021-03-28,NGTIN,"Lagos, Tin Can",NGAPP,Apapa,4,4,"Alianca; COSCO; Gold Star Line; Hamburg Sud; Hapag-Lloyd; Maersk Line; ONE; PIL; ZIM",9,40,15154.9148351648,1086.76862026862,2456,5466,0,0.5,1,"{1,1,0,0}"
2021-03-28,NGTIN,"Lagos, Tin Can",TGLFW,Lome,2,2,"APL; CMA CGM; CNC Line-Cheng Lie Navigation Co. Ltd.; Maersk Line; MSC",5,20,8988.26373626374,925.406593406593,3534,5711,1,2,3,"{1,3}"
2021-03-28,NICIO,Corinto,CRCAL,"Puerto Caldera",1,1,"Hapag-Lloyd; ONE",2,4,2633.5,434,2542,2664,1,1,1,{1}
2021-03-28,NICIO,Corinto,HNSLO,"Puerto San Lorenzo",1,1,"COSCO; Evergreen Line; OOCL; X-Press",4,4,1948.5,374,1713,2546,0,0,0,{0}
2021-03-28,NICIO,Corinto,PABLB,Balboa,1,1,"Alianca; APL; CMA CGM; Hamburg Sud; Maersk Line; SeaLand",6,5,2547.6,552,2546,2554,1,1,1,{1}
2021-03-28,NICIO,Corinto,SVAQJ,Acajutla,1,1,"Alianca; APL; CMA CGM; Hamburg Sud; Maersk Line; SeaLand",6,5,2547.6,552,2546,2554,1,1,1,{1}
2021-03-28,NLMOE,Moerdijk,NLRTM,Rotterdam,1,1,"Hapag-Lloyd; MSC; WEC Lines",3,2,1008,152.5,1008,1008,0,0,0,{0}
2021-03-28,NLRTM,Rotterdam,BEANR,Antwerp,13,13,"Alianca; APL; CMA CGM; CNC Line-Cheng Lie Navigation Co. Ltd.; COSCO; Evergreen Line; Hamburg Sud; Hapag-Lloyd; Maersk Line; MSC; ONE; OOCL; WEC Lines; X-Press; Yang Ming; ZIM",16,78,87550.6883838384,8616.66767676768,868,19630,0,1,2,"{0,0,2,1,0,1,1,1,0,1,0,1,1}"
2021-03-28,NLRTM,Rotterdam,BEZEE,Zeebrugge,1,1,"APL; CMA CGM; CNC Line-Cheng Lie Navigation Co. Ltd.; COSCO; Evergreen Line; OOCL",6,10,12987.4,846,13092,19100,1,1,1,{1}
2021-03-28,NLRTM,Rotterdam,DEBRV,Bremerhaven,9,9,"Alianca; APL; Borchard Lines Ltd; CMA CGM; COSCO; Eimskip; Evergreen Line; Hamburg Sud; Hapag-Lloyd; Maersk Line; MSC; OOCL; SeaLand",13,61,71209.4452547453,6808.82574092574,1678,23656,1,1,2,"{2,1,1,2,1,1,1,1,1}"
2021-03-28,NLRTM,Rotterdam,DEHAM,Hamburg,16,16,"ACL-Atlantic Container Line; ANL; APL; CMA CGM; COSCO; Evergreen Line; Hapag-Lloyd; Hyundai; MSC; ONE; OOCL; SCI-Shipping Corp. of India; Sea Connect; Stinnes; Yang Ming",15,149,137861.552170052,10091.6175879676,660,23964,0,1,8,"{1,1,1,1,1,1,1,1,2,1,3,0,1,8,1,1}"
2021-03-28,NLRTM,Rotterdam,ESALG,Algeciras,1,1,"DAL-Deutsche Afrika Linien; Hamburg Sud; Maersk Line; Marguisa; ONE; SeaLand",6,9,7689.88888888889,1484.66666666667,6589,9162,4,4,4,{4}
2021-03-28,NLRTM,Rotterdam,ESVGO,Vigo,1,1,"APL; CMA CGM; OOCL; Samskip; X-Press",5,2,1509,280.5,1440,1578,3,3,3,{3}
2021-03-28,NLRTM,Rotterdam,FIHEL,Helsinki,4,4,"APL; CMA CGM; Containerships; COSCO; Evergreen Line; Hapag-Lloyd; ONE; OOCL; Unifeeder",9,14,5890.15,930.266666666667,850,2808,3,3.5,4,"{3,3,4,4}"
2021-03-28,NLRTM,Rotterdam,FRDKK,Dunkirk,1,1,"CMA CGM; COSCO; X-Press",3,1,1036,250,1036,1036,1,1,1,{1}
2021-03-28,NLRTM,Rotterdam,FRLEH,"Le Havre",2,2,"APL; CMA CGM; COSCO; OOCL",4,8,3564.5,865,1404,2200,1,1,1,"{1,1}"
2021-03-28,NLRTM,Rotterdam,GBFXT,Felixstowe,3,3,"APL; BG Freight Line; CMA CGM; CNC Line-Cheng Lie Navigation Co. Ltd.; COSCO; Evergreen Line; Hapag-Lloyd; OOCL; SeaLand; Unifeeder",10,15,21606.6666666667,1024,508,20150,0,1,1,"{1,0,1}"
2021-03-28,NLRTM,Rotterdam,GBLGP,"London Gateway",7,7,"Alianca; ANL; APL; CMA CGM; COSCO; DAL-Deutsche Afrika Linien; Delmas; Hamburg Sud; Hapag-Lloyd; Maersk Line; Marfret; Marguisa; MSC; ONE; OOCL; SeaLand; Seatrade; USL-US Lines; X-Press; Yang Ming",20,59,51147.5396825397,8680.82482993197,2256,11519,0,1,1,"{1,1,1,1,1,0,1}"
2021-03-28,NLRTM,Rotterdam,GBLIV,Liverpool,1,1,"BG Freight Line; Eucon; Hapag-Lloyd",3,4,1004,253,1004,1004,2,2,2,{2}
2021-03-28,NLRTM,Rotterdam,GBSOU,Southampton,1,1,"Hapag-Lloyd; Hyundai; ONE; Yang Ming",4,13,17104.8461538462,1038.46153846154,14993,23964,4,4,4,{4}
2021-03-28,NLRTM,Rotterdam,GBTEE,Teesport,1,1,"BG Freight Line; Hapag-Lloyd; SeaLand",3,3,948.666666666667,170,902,972,2,2,2,{2}
2021-03-28,NLRTM,Rotterdam,GBTIL,Tilbury,4,3,"APL; CMA CGM; Containerships; DAL-Deutsche Afrika Linien; Samskip",5,12,3444.85714285714,850.285714285714,803,1221,1,1,1,"{1,1,1,1}"
2021-03-28,NLRTM,Rotterdam,GRPIR,Piraeus,1,1,"APL; CMA CGM; CNC Line-Cheng Lie Navigation Co. Ltd.; COSCO; Evergreen Line; OOCL",6,10,13774.8,780,13806,20150,7,7,7,{7}
2021-03-28,NLRTM,Rotterdam,IEDUB,Dublin,6,6,"APL; BG Freight Line; CMA CGM; COSCO; Eucon; Evergreen Line; Hapag-Lloyd; Samskip; X-Press; Yang Ming",10,9,5357.28571428571,1187.28571428571,803,1085,1,2,2,"{2,1,2,2,1,2}"
2021-03-28,NLRTM,Rotterdam,IEORK,Cork,2,2,"APL; BG Freight Line; CMA CGM; COSCO; Eucon; Hapag-Lloyd; OOCL; X-Press",8,5,2004,253,1000,1004,1,1.5,2,"{1,2}"
2021-03-28,NLRTM,Rotterdam,ISREY,Reykjavik,2,2,"Eimskip; Hapag-Lloyd",2,3,3172.5,632.5,698,1875,4,4,4,"{4,4}"
2021-03-28,NLRTM,Rotterdam,ITGIT,"Gioia Tauro",1,1,"MSC; SCI-Shipping Corp. of India",2,9,12649.2222222222,833.333333333333,7455,14000,7,7,7,{7}
2021-03-28,NLRTM,Rotterdam,LKCMB,Colombo,1,1,"APL; CMA CGM; CNC Line-Cheng Lie Navigation Co. Ltd.; COSCO; Evergreen Line; OOCL",6,11,20150,800,20150,20150,17,17,17,{17}
2021-03-28,NLRTM,Rotterdam,LTKLJ,"Klaipeda
",2,2,"APL; CMA CGM; Containerships; Evergreen Line; Hapag-Lloyd; OOCL; Unifeeder",7,8,1954.4,325.266666666667,850,1036,2,2,2,"{2,2}"
2021-03-28,NLRTM,Rotterdam,MAPTM,Tanger,1,1,"Alianca; Hamburg Sud; Maersk Line; MSC",4,11,15052.7272727273,1018.54545454545,13200,19630,4,4,4,{4}
2021-03-28,NLRTM,Rotterdam,MTMAR,"Malta (Marsaxlokk)",1,1,"APL; CMA CGM; CNC Line-Cheng Lie Navigation Co. Ltd.; COSCO; Evergreen Line; OOCL",6,12,20949.5,1816.5,16020,23112,7,7,7,{7}
2021-03-28,NLRTM,Rotterdam,MYTPP,"Tanjung Pelepas",1,1,"Alianca; Hamburg Sud; Hapag-Lloyd; Maersk Line; MSC; SeaLand",6,13,18623.5384615385,662.153846153846,18270,20568,20,20,20,{20}
2021-03-28,NLRTM,Rotterdam,NLVLI,Flushing,2,2,"APL; CMA CGM; Evergreen Line; Hapag-Lloyd; OOCL; Samskip; Unifeeder",7,6,1833.4,379.6,803,1036,1,1,1,"{1,1}"
2021-03-28,NLRTM,Rotterdam,NOFRK,Fredrikstad,1,1,Eimskip,1,1,1396,240,698,698,2,2,2,{2}
2021-03-28,NLRTM,Rotterdam,NOMSS,Moss,1,1,"APL; CMA CGM; COSCO; Evergreen Line; Hapag-Lloyd; Unifeeder",6,1,698,120,698,698,1,1,1,{1}
2021-03-28,NLRTM,Rotterdam,NOOSL,Oslo,3,3,"APL; CMA CGM; COSCO; Evergreen Line; Hapag-Lloyd; Samskip; Unifeeder",7,3,2213,520,660,803,1,2,2,"{2,2,1}"
2021-03-28,NLRTM,Rotterdam,PTLEI,Leixoes,1,1,"Hapag-Lloyd; MSC; WEC Lines",3,2,1008,152.5,1008,1008,3,3,3,{3}
2021-03-28,NLRTM,Rotterdam,RUBNK,"Bronka Port",1,1,"CMA CGM; FESCO; OOCL; Unifeeder",4,2,1963.5,513,1440,2487,3,3,3,{3}
2021-03-28,NLRTM,Rotterdam,RULED,"St Petersburg",4,4,"Containerships; Hapag-Lloyd; MSC; ONE; SeaLand",5,10,10497.75,1246,1400,3596,3,4,4,"{4,3,4,4}"
2021-03-28,NLRTM,Rotterdam,SEGOT,Gothenburg,2,2,"APL; CMA CGM; COSCO; Evergreen Line; OOCL; Unifeeder",6,2,1736,468,868,868,2,2,2,"{2,2}"
2021-03-28,NLRTM,Rotterdam,SEHEL,Helsingborg,1,1,"Hapag-Lloyd; ONE",2,2,2096,350,1740,2452,2,2,2,{2}
2021-03-28,NLRTM,Rotterdam,SESDL,Sundsvall,1,1,"SCA Logistics",1,2,1600,314,1600,1600,5,5,5,{5}
2021-03-28,NLRTM,Rotterdam,SGSIN,Singapore,1,1,"Hapag-Lloyd; Hyundai; ONE; Yang Ming",4,13,17104.8461538462,1038.46153846154,14993,23964,21,21,21,{21}
2021-03-28,NLVLI,Flushing,FIHEL,Helsinki,1,1,"APL; CMA CGM; Evergreen Line; Hapag-Lloyd; OOCL; Unifeeder",6,5,1030.4,199.6,1025,1036,3,3,3,{3}
2021-03-28,NLVLI,Flushing,FRDKK,Dunkirk,1,1,"APL; CMA CGM; COSCO; NileDutch; OOCL",5,6,4387.5,493.333333333333,3765,4957,1,1,1,{1}
2021-03-28,NLVLI,Flushing,GBTIL,Tilbury,1,1,Samskip,1,1,803,180,803,803,0,0,0,{0}
2021-03-28,NLVLI,Flushing,NLRTM,Rotterdam,1,1,"APL; CMA CGM; Evergreen Line; Hapag-Lloyd; Unifeeder",5,1,660,150,660,660,1,1,1,{1}
2021-03-28,NOAES,Aalesund,DEBRV,Bremerhaven,1,1,"Maersk Line; SeaLand",2,1,957,252,957,957,2,2,2,{2}
2021-03-28,NOAES,Aalesund,NOFRO,Floroe,1,1,"Maersk Line; SeaLand",2,1,957,252,957,957,0,0,0,{0}
2021-03-28,NOBGO,Bergen,NOAES,Aalesund,1,1,"Maersk Line; SeaLand",2,1,957,252,957,957,1,1,1,{1}
2021-03-28,NOBVK,Brevik,NLRTM,Rotterdam,1,1,"APL; CMA CGM; COSCO; Evergreen Line; Hapag-Lloyd; Samskip; Unifeeder",7,1,803,180,803,803,3,3,3,{3}
2021-03-28,NOBVK,Brevik,NOFRK,Fredrikstad,1,1,"APL; CMA CGM; COSCO; Evergreen Line; Hapag-Lloyd; Samskip; Unifeeder",7,1,750,190,750,750,1,1,1,{1}
2021-03-28,NOBVK,Brevik,NOLAR,"Larvik ",1,1,"Maersk Line; OOCL; SeaLand; Unifeeder",4,1,1036,250,1036,1036,0,0,0,{0}
2021-03-28,NODRM,Drammen,NOLAR,"Larvik ",1,1,"APL; CMA CGM; COSCO; Evergreen Line; Hapag-Lloyd; Unifeeder",6,1,698,120,698,698,0,0,0,{0}
2021-03-28,NODRM,Drammen,NOOSL,Oslo,1,1,"APL; CMA CGM; Evergreen Line; Hapag-Lloyd; SeaLand; Unifeeder",6,1,1008,238,1008,1008,1,1,1,{1}
2021-03-28,NOEGE,Egersund,NOHAU,Haugesund,1,1,"Maersk Line; SeaLand",2,1,957,252,957,957,1,1,1,{1}
2021-03-28,NOFRK,Fredrikstad,DEBRV,Bremerhaven,1,1,"APL; CMA CGM; Evergreen Line; Hapag-Lloyd; SeaLand; Unifeeder",6,1,1008,238,1008,1008,1,1,1,{1}
2021-03-28,NOFRK,Fredrikstad,ISREY,Reykjavik,1,1,Eimskip,1,1,1396,240,698,698,5,5,5,{5}
2021-03-28,NOFRK,Fredrikstad,NLRTM,Rotterdam,1,1,"APL; CMA CGM; COSCO; Evergreen Line; Hapag-Lloyd; Samskip; Unifeeder",7,1,750,190,750,750,1,1,1,{1}
2021-03-28,NOFRK,Fredrikstad,SEHEL,Helsingborg,1,1,"Eimskip; Royal Arctic Line",2,3,2148,500,2148,2148,1,1,1,{1}
2021-03-28,NOFRO,Floroe,NOMAY,Maaloey,1,1,"Maersk Line; SeaLand",2,1,957,252,957,957,0,0,0,{0}
2021-03-28,NOHAU,Haugesund,NOSVG,Stavanger,1,1,"Maersk Line; SeaLand",2,1,957,252,957,957,0,0,0,{0}
2021-03-28,NOKRS,Kristiansand,NLRTM,Rotterdam,1,1,"APL; CMA CGM; COSCO; Evergreen Line; Hapag-Lloyd; Unifeeder",6,1,698,120,698,698,2,2,2,{2}
2021-03-28,NOLAR,"Larvik ",BEANR,Antwerp,1,1,"MSC; WEC Lines",2,1,1118,220,1118,1118,3,3,3,{3}
2021-03-28,NOLAR,"Larvik ",DEHAM,Hamburg,1,1,"Maersk Line; OOCL; SeaLand; Unifeeder",4,1,1036,250,1036,1036,2,2,2,{2}
2021-03-28,NOLAR,"Larvik ",NOKRS,Kristiansand,1,1,"APL; CMA CGM; COSCO; Evergreen Line; Hapag-Lloyd; Unifeeder",6,1,698,120,698,698,0,0,0,{0}
2021-03-28,NOMAY,Maaloey,NOAES,Aalesund,1,1,"Maersk Line; SeaLand",2,1,957,252,957,957,1,1,1,{1}
2021-03-28,NOMSS,Moss,NODRM,Drammen,1,1,"APL; CMA CGM; COSCO; Evergreen Line; Hapag-Lloyd; Unifeeder",6,1,698,120,698,698,0,0,0,{0}
2021-03-28,NOMSS,Moss,NOOSL,Oslo,1,1,"Maersk Line; OOCL; SeaLand; Unifeeder",4,1,1036,250,1036,1036,0,0,0,{0}
2021-03-28,NOOSL,Oslo,DEBRV,Bremerhaven,1,1,"CMA CGM; Unifeeder",2,1,809,150,809,809,1,1,1,{1}
2021-03-28,NOOSL,Oslo,DKAAR,Aarhus,1,1,Containerships,1,1,803,180,803,803,1,1,1,{1}
2021-03-28,NOOSL,Oslo,NOBVK,Brevik,3,3,"APL; CMA CGM; COSCO; Evergreen Line; Hapag-Lloyd; Maersk Line; OOCL; Samskip; SeaLand; Unifeeder",10,3,2589,620,750,1036,1,1,1,"{1,1,1}"
2021-03-28,NOOSL,Oslo,NOFRK,Fredrikstad,1,1,"APL; CMA CGM; Evergreen Line; Hapag-Lloyd; SeaLand; Unifeeder",6,1,1008,238,1008,1008,0,0,0,{0}
2021-03-28,NOOSL,Oslo,NOLAR,"Larvik ",1,1,"MSC; WEC Lines",2,1,1118,220,1118,1118,0,0,0,{0}
2021-03-28,NOOSL,Oslo,SEHEL,Helsingborg,1,1,"APL; CMA CGM; Evergreen Line; Hapag-Lloyd; Unifeeder",5,1,660,150,660,660,1,1,1,{1}
2021-03-28,NOSVG,Stavanger,NOBGO,Bergen,1,1,"Maersk Line; SeaLand",2,1,957,252,957,957,1,1,1,{1}
2021-03-28,NZAKL,Auckland,AUBNE,Brisbane,1,1,MSC,1,6,3015.33333333333,450.333333333333,2572,3674,4,4,4,{4}
2021-03-28,NZAKL,Auckland,AUSYD,Sydney,1,1,"Alianca; ANL; APL; Hamburg Sud; Hapag-Lloyd; Maersk Line; MSC; NPDL",8,9,4197.33333333333,459.333333333333,3884,4612,7,7,7,{7}
2021-03-28,NZAKL,Auckland,FJSUV,Suva,2,2,"ANL; NPDL; NPL-Neptune Pacific Line; PDL-Pacific Direct Line",4,2,6672.85714285714,871.428571428571,1730,1730,5,5.5,6,"{6,5}"
2021-03-28,NZAKL,Auckland,NCNOU,Noumea,2,2,"ANL; APL",2,2,9481.14285714286,1645.71428571429,1037,1037,3,3.5,4,"{3,4}"
2021-03-28,NZAKL,Auckland,NZLYT,Lyttelton,4,4,"Alianca; ANL; APL; CMA CGM; COSCO; Hamburg Sud; Hapag-Lloyd; Maersk Line; Matson; ONE; OOCL; PIL; SeaLand",13,23,14901.119047619,1812.28571428571,1740,5117,1,2,2,"{2,2,1,2}"
2021-03-28,NZAKL,Auckland,NZNSN,Nelson,1,1,MSC,1,6,3825.5,464,3200,4957,2,2,2,{2}
2021-03-28,NZAKL,Auckland,NZTRG,Tauranga,1,1,"Alianca; Hamburg Sud; Hapag-Lloyd; Maersk Line; MSC; SeaLand",6,11,3481.09090909091,780.727272727273,3000,3752,0,0,0,{0}
2021-03-28,NZAKL,Auckland,WSAPW,"Apia, W. Samoa",1,1,"ANL; PDL-Pacific Direct Line; PIL",3,1,1998,257.142857142857,777,777,7,7,7,{7}
2021-03-28,NZBLU,Bluff,NZNPE,Napier,1,1,MSC,1,6,3015.33333333333,450.333333333333,2572,3674,1,1,1,{1}
2021-03-28,NZLYT,Lyttelton,NZNPE,Napier,1,1,"Alianca; COSCO; Hamburg Sud; Maersk Line; Matson; ONE; OOCL; SeaLand",8,7,3815.85714285714,462.714285714286,4178,4658,1,1,1,{1}
2021-03-28,NZLYT,Lyttelton,NZPOE,"Port Chalmers",1,1,MSC,1,6,3825.5,464,3200,4957,0,0,0,{0}
2021-03-28,NZLYT,Lyttelton,NZTIU,Timaru,1,1,"Hamburg Sud; Maersk Line; ONE",3,6,5846.16666666667,1365,5552,5905,0,0,0,{0}
2021-03-28,NZLYT,Lyttelton,NZWLG,Wellington,3,3,"ANL; APL; CMA CGM; COSCO; Hapag-Lloyd; OOCL; PIL",7,16,11085.2619047619,1349.57142857143,1740,5117,0,1,1,"{0,1,1}"
2021-03-28,NZLYT,Lyttelton,PAMIT,Manzanillo,1,1,"ANL; APL; CMA CGM; Delmas; Marfret; Seatrade; USL-US Lines",7,7,3999.42857142857,1180.40816326531,2256,2506,20,20,20,{20}
2021-03-28,NZNPE,Napier,NZAKL,Auckland,1,1,"Alianca; Hamburg Sud; Hapag-Lloyd; Maersk Line; MSC; SeaLand",6,11,3481.09090909091,780.727272727273,3000,3752,1,1,1,{1}
2021-03-28,NZNPE,Napier,NZLYT,Lyttelton,1,1,"Hamburg Sud; Maersk Line; ONE",3,6,5846.16666666667,1365,5552,5905,2,2,2,{2}
2021-03-28,NZNPE,Napier,NZTRG,Tauranga,4,4,"Alianca; ANL; APL; CMA CGM; COSCO; Hamburg Sud; Hapag-Lloyd; Maersk Line; Matson; MSC; ONE; OOCL; PIL; SeaLand",14,26,16158.119047619,1956.28571428571,2572,5117,0,1,1,"{1,1,1,0}"
2021-03-28,NZNSN,Nelson,NZTRG,Tauranga,1,1,"ANL; APL; CMA CGM",3,3,1758.33333333333,306.333333333333,1740,1795,2,2,2,{2}
2021-03-28,NZNSN,Nelson,NZWLG,Wellington,1,1,MSC,1,6,3825.5,464,3200,4957,0,0,0,{0}
2021-03-28,NZPOE,"Port Chalmers",AUBNE,Brisbane,1,1,MSC,1,6,3825.5,464,3200,4957,5,5,5,{5}
2021-03-28,NZPOE,"Port Chalmers",MYTPP,"Tanjung Pelepas",1,1,"Hamburg Sud; Maersk Line; ONE",3,6,5846.16666666667,1365,5552,5905,14,14,14,{14}
2021-03-28,NZPOE,"Port Chalmers",NZNPE,Napier,1,1,"Alianca; Hamburg Sud; Hapag-Lloyd; Maersk Line; MSC; SeaLand",6,11,3481.09090909091,780.727272727273,3000,3752,2,2,2,{2}
2021-03-28,NZTIU,Timaru,NZPOE,"Port Chalmers",1,1,"Hamburg Sud; Maersk Line; ONE",3,6,5846.16666666667,1365,5552,5905,1,1,1,{1}
2021-03-28,NZTRG,Tauranga,AUBNE,Brisbane,1,1,"ANL; APL; CMA CGM; COSCO; OOCL; PIL",6,6,4891.5,536.666666666667,4335,5067,5,5,5,{5}
2021-03-28,NZTRG,Tauranga,AUMEL,Melbourne,1,1,"Alianca; Hamburg Sud; Hapag-Lloyd; Maersk Line; MSC; SeaLand",6,11,3481.09090909091,780.727272727273,3000,3752,6,6,6,{6}
2021-03-28,NZTRG,Tauranga,AUSYD,Sydney,1,1,"ANL; APL; CMA CGM",3,3,1758.33333333333,306.333333333333,1740,1795,6,6,6,{6}
2021-03-28,NZTRG,Tauranga,CNSHK,Shekou,1,1,"Alianca; Hamburg Sud; Maersk Line; SeaLand",4,19,9434.78947368421,886.631578947368,8379,9962,10,10,10,{10}
2021-03-28,NZTRG,Tauranga,HKHKG,"Hong Kong",1,1,"ANL; APL; CMA CGM; COSCO; Hapag-Lloyd; OOCL; PIL",7,7,4435.42857142857,506.571428571429,4250,5117,13,13,13,{13}
2021-03-28,NZTRG,Tauranga,JPTYO,Tokyo,1,1,"Alianca; COSCO; Hamburg Sud; Maersk Line; Matson; ONE; OOCL; SeaLand",8,7,3815.85714285714,462.714285714286,4178,4658,13,13,13,{13}
2021-03-28,NZTRG,Tauranga,NZAKL,Auckland,5,5,"ANL; APL; MSC; NPDL; NPL-Neptune Pacific Line; PDL-Pacific Direct Line",6,10,19169.3333333333,2967.47619047619,1037,3674,0,1,2,"{1,2,2,1,0}"
2021-03-28,NZTRG,Tauranga,NZLYT,Lyttelton,1,1,"ANL; APL; CMA CGM; Delmas; Marfret; Seatrade; USL-US Lines",7,7,3999.42857142857,1180.40816326531,2256,2506,1,1,1,{1}
2021-03-28,NZTRG,Tauranga,NZNPE,Napier,1,1,"Hamburg Sud; Maersk Line; ONE",3,6,5846.16666666667,1365,5552,5905,1,1,1,{1}
2021-03-28,NZTRG,Tauranga,PAMIT,Manzanillo,1,1,"Alianca; Hamburg Sud; Hapag-Lloyd; Maersk Line; MSC; SeaLand",6,11,3481.09090909091,780.727272727273,3000,3752,17,17,17,{17}
2021-03-28,NZTRG,Tauranga,PFPPT,"Papeete, Tahiti",1,1,"Alianca; ANL; APL; Hamburg Sud; Hapag-Lloyd; Maersk Line; MSC; NPDL",8,9,4197.33333333333,459.333333333333,3884,4612,4,4,4,{4}
2021-03-28,NZWLG,Wellington,NZLYT,Lyttelton,1,1,MSC,1,6,3825.5,464,3200,4957,0,0,0,{0}
2021-03-28,NZWLG,Wellington,NZNPE,Napier,2,2,"ANL; APL; CMA CGM; COSCO; Hapag-Lloyd; OOCL; PIL",7,13,9326.92857142857,1043.2380952381,4250,5117,0,0,0,"{0,0}"
2021-03-28,NZWLG,Wellington,NZNSN,Nelson,1,1,"ANL; APL; CMA CGM",3,3,1758.33333333333,306.333333333333,1740,1795,0,0,0,{0}
2021-03-28,OMSLL,Salalah,AEAUH,"Abu Dhabi",1,1,"Alianca; Hamburg Sud; Maersk Line; MSC; SeaLand",5,12,16216.3333333333,956.166666666667,13800,20568,3,3,3,{3}
2021-03-28,OMSLL,Salalah,AEJEA,"Dubai, Jebel Ali",2,2,"APL; Hamburg Sud; Maersk Line; SeaLand",4,17,11006.0606060606,959.166666666667,4154,6696,2,3,4,"{4,2}"
2021-03-28,OMSLL,Salalah,DJJIB,Djibouti,1,1,"Maersk Line; SeaLand",2,5,3629.4,482,3398,4447,3,3,3,{3}
2021-03-28,OMSLL,Salalah,ESALG,Algeciras,1,1,"APL; Maersk Line; SeaLand",3,11,6362.72727272727,500,6188,6696,10,10,10,{10}
2021-03-28,OMSLL,Salalah,HKHKG,"Hong Kong",1,1,"Hapag-Lloyd; Maersk Line; MSC; SeaLand",4,11,14941.2727272727,963.636363636364,13092,23656,14,14,14,{14}
2021-03-28,OMSLL,Salalah,INNSA,"Mumbai (Nhava Sheva)",1,1,"Maersk Line; SeaLand",2,4,4161.5,599.5,3388,4504,3,3,3,{3}
2021-03-28,OMSLL,Salalah,KEMBA,Mombasa,1,1,"Maersk Line; SeaLand",2,4,4161.5,599.5,3388,4504,6,6,6,{6}
2021-03-28,OMSLL,Salalah,LKCMB,Colombo,2,2,"Alianca; Hamburg Sud; Maersk Line; MSC; SeaLand; ZIM",6,14,15780.8181818182,1224.66666666667,4658,13630,4,4.5,5,"{5,4}"
2021-03-28,OMSLL,Salalah,MAPTM,Tanger,1,1,"Hamburg Sud; Maersk Line; SeaLand",3,6,4643.33333333333,459.166666666667,4154,5078,11,11,11,{11}
2021-03-28,OMSLL,Salalah,PKBQM,"Port Qasim",1,1,"Maersk Line",1,6,2631.83333333333,453.5,2474,3003,2,2,2,{2}
2021-03-28,OMSLL,Salalah,QAHMD,Hamad,1,1,"Hamburg Sud; Maersk Line; SeaLand",3,8,6804,820.5,6690,7154,3,3,3,{3}
2021-03-28,OMSLL,Salalah,REREU,Reunion,1,1,"Maersk Line",1,4,2470,437.5,2450,2478,7,7,7,{7}
2021-03-28,OMSLL,Salalah,SAJED,Jeddah,1,1,"Hamburg Sud; Maersk Line; SeaLand",3,8,6804,820.5,6690,7154,3,3,3,{3}
2021-03-28,OMSLL,Salalah,SGSIN,Singapore,1,1,"Alianca; Hamburg Sud; Maersk Line; MSC; SeaLand; ZIM",6,11,15117.8181818182,1000,14036,15226,8,8,8,{8}
2021-03-28,OMSLL,Salalah,SOBBO,Berbera,1,1,"Alianca; GFS; Hamburg Sud; Maersk Line",4,5,2769.2,234.4,2732,2826,2,2,2,{2}
2021-03-28,OMSLL,Salalah,TZDAR,"Dar es Salaam",1,1,"Maersk Line",1,6,2631.83333333333,453.5,2474,3003,19,19,19,{19}
2021-03-28,OMSLL,Salalah,USNYC,"New York NY/NJ",1,1,"Maersk Line; MSC; ZIM",3,11,8625,886.636363636364,7455,9962,17,17,17,{17}
2021-03-28,OMSOH,Sohar,AEJEA,"Dubai, Jebel Ali",1,1,Hapag-Lloyd,1,4,3547,500,3534,3586,1,1,1,{1}
2021-03-28,OMSOH,Sohar,INNSA,"Mumbai (Nhava Sheva)",1,1,"Evergreen Line; GFS; Hapag-Lloyd; Maersk Line; ONE; SOL; X-Press",7,1,5484,800,2742,2742,3,3,3,{3}
2021-03-28,OMSOH,Sohar,MYPKG,"Port Klang",2,2,"Emirates Shipping; Evergreen Line; GFS; Gold Star Line; Hapag-Lloyd; Hyundai; KMTC; RCL; SM Line; Yang Ming; ZIM",11,15,18864.4107142857,1520.28571428571,6589,14000,9,9.5,10,"{10,9}"
2021-03-28,OMSOH,Sohar,PKKHI,Karachi,1,1,Hapag-Lloyd,1,4,3547,500,3534,3586,2,2,2,{2}
2021-03-28,OMSOH,Sohar,SGSIN,Singapore,1,1,"APL; CMA CGM; COSCO; Evergreen Line; OOCL",5,7,7809.57142857143,514.285714285714,8586,9448,10,10,10,{10}
2021-03-28,PABLB,Balboa,CLIQQ,Iquique,1,1,"Hamburg Sud; Maersk Line; SeaLand",3,4,4567.25,508.75,4154,4771,6,6,6,{6}
2021-03-28,PABLB,Balboa,COBUN,Buenaventura,4,4,"Alianca; ANL; APL; CMA CGM; COSCO; Evergreen Line; Hamburg Sud; Maersk Line; ONE; OOCL; PIL; SeaLand; Wan Hai; X-Press; Yang Ming",15,42,22128.1894736842,3134.93157894737,1341,9962,1,1,2,"{1,1,1,2}"
2021-03-28,PABLB,Balboa,CRCAL,"Puerto Caldera",2,2,"Alianca; APL; CMA CGM; COSCO; Evergreen Line; Hamburg Sud; Maersk Line; OOCL; SeaLand; X-Press",10,9,4508.1,974,1713,2592,1,1.5,2,"{2,1}"
2021-03-28,PABLB,Balboa,ECGYE,Guayaquil,1,1,"Alianca; APL; CMA CGM; Hamburg Sud; Maersk Line; SeaLand",6,5,2559.6,600,2550,2592,3,3,3,{3}
2021-03-28,PABLB,Balboa,KRPUS,Busan,1,1,"Maersk Line; MSC; ZIM",3,10,6485.4,543.3,4250,8112,24,24,24,{24}
2021-03-28,PABLB,Balboa,MXZLO,"Manzanillo, MEX",1,1,"Alianca; Hamburg Sud; Maersk Line; SeaLand",4,19,9434.78947368421,886.631578947368,8379,9962,5,5,5,{5}
2021-03-28,PABLB,Balboa,NZTRG,Tauranga,1,1,"Alianca; Hamburg Sud; Hapag-Lloyd; Maersk Line; MSC; SeaLand",6,11,3481.09090909091,780.727272727273,3000,3752,20,20,20,{20}
2021-03-28,PABLB,Balboa,PAMIT,Manzanillo,3,3,"Alianca; ANL; APL; CMA CGM; CNC Line-Cheng Lie Navigation Co. Ltd.; COSCO; Hamburg Sud; Hapag-Lloyd; Maersk Line; OOCL; SeaLand",11,30,17311.6833333333,2779.01666666667,3947,10960,0,1,1,"{1,0,1}"
2021-03-28,PABLB,Balboa,PAROD,Rodman,1,1,"Alianca; APL; CMA CGM; Hamburg Sud; Maersk Line; SeaLand",6,5,2547.6,552,2546,2554,1,1,1,{1}
2021-03-28,PABLB,Balboa,PECLL,Callao,1,1,"Hamburg Sud; Maersk Line; SeaLand",3,8,3947,983.75,3947,3947,4,4,4,{4}
2021-03-28,PABLB,Balboa,PEPAI,Paita,1,1,"Hamburg Sud; Maersk Line; SeaLand",3,8,3077.625,802,3075,3078,3,3,3,{3}
2021-03-28,PABLB,Balboa,PEPIO,Pisco,1,1,"Hamburg Sud; Maersk Line; SeaLand",3,2,2339,500,2339,2339,6,6,6,{6}
2021-03-28,PACTB,Cristobal,COCTG,Cartagena,4,4,"Alianca; Hamburg Sud; Hapag-Lloyd; Maersk Line; MSC; SeaLand; ZIM",7,21,16335.5194805195,2628.94155844156,1740,6724,1,1,2,"{1,1,2,1}"
2021-03-28,PACTB,Cristobal,ESVLC,Valencia,1,1,MSC,1,11,9124.72727272727,1062.36363636364,8772,9400,11,11,11,{11}
2021-03-28,PACTB,Cristobal,HNPCR,"Puerto Cortes",1,1,"Alianca; Hamburg Sud; Maersk Line; MSC; SeaLand",5,3,2588.66666666667,433.333333333333,2478,2742,2,2,2,{2}
2021-03-28,PACTB,Cristobal,MXVER,Veracruz,1,1,"Alianca; Hamburg Sud; Hapag-Lloyd; Maersk Line; MSC; SeaLand; ZIM",7,7,5875.42857142857,675.714285714286,5550,6724,3,3,3,{3}
2021-03-28,PACTB,Cristobal,NLRTM,Rotterdam,1,1,MSC,1,9,11065.1111111111,1601.55555555556,8800,13000,14,14,14,{14}
2021-03-28,PACTB,Cristobal,PAMIT,Manzanillo,1,1,"MSC; ONE",2,4,2862,559.5,2542,3534,2,2,2,{2}
2021-03-28,PACTB,Cristobal,PAROD,Rodman,2,2,MSC,1,20,20189.8383838384,2663.91919191919,8772,13000,0,0,0,"{0,0}"
2021-03-28,PACTB,Cristobal,USSAV,"Savannah GA",1,1,"Alianca; Hamburg Sud; Maersk Line; MSC; SeaLand; ZIM",6,11,8682.81818181818,864.363636363636,7943,9962,3,3,3,{3}
2021-03-28,PAMIT,Manzanillo,BEANR,Antwerp,1,1,"Hamburg Sud; Maersk Line; SeaLand",3,8,3947,983.75,3947,3947,11,11,11,{11}
2021-03-28,PAMIT,Manzanillo,BRMAO,Manaus,1,1,"Alianca; APL; CMA CGM; COSCO; Hamburg Sud; Maersk Line; SeaLand",7,9,3390.44444444444,488.888888888889,3091,3534,8,8,8,{8}
2021-03-28,PAMIT,Manzanillo,COBUN,Buenaventura,1,1,"APL; CMA CGM; COSCO; Hamburg Sud; Hapag-Lloyd; Maersk Line; OOCL",7,9,10723.8888888889,1782.22222222222,9400,11519,2,2,2,{2}
2021-03-28,PAMIT,Manzanillo,COCTG,Cartagena,5,5,"Alianca; ANL; APL; CMA CGM; CNC Line-Cheng Lie Navigation Co. Ltd.; COSCO; Evergreen Line; Hamburg Sud; Hapag-Lloyd; Maersk Line; MSC; ONE; OOCL; SeaLand; ZIM",15,41,30191.0555555556,3828.22222222222,2339,11519,1,2,2,"{2,2,1,2,1}"
2021-03-28,PAMIT,Manzanillo,COSMR,"Santa Marta",1,1,"Hamburg Sud; Maersk Line; SeaLand",3,8,3077.625,802,3075,3078,1,1,1,{1}
2021-03-28,PAMIT,Manzanillo,CRMOB,Moin,8,8,"Alianca; APL; CMA CGM; Crowley; Hamburg Sud; Hapag-Lloyd; King Ocean; Maersk Line; Marfret; Marguisa; ONE; Seaboard Marine; SeaLand; X-Press",14,37,26083.25,5231.5,1284,6881,0,1,2,"{0,2,1,1,0,1,1,2}"
2021-03-28,PAMIT,Manzanillo,DOHAI,"Rio Haina",1,1,"Seaboard Marine",1,3,2552.66666666667,578.666666666667,2546,2556,2,2,2,{2}
2021-03-28,PAMIT,Manzanillo,ECGYE,Guayaquil,1,1,"Seaboard Marine",1,3,1785,512.333333333333,1740,1875,3,3,3,{3}
2021-03-28,PAMIT,Manzanillo,GTPBR,"Puerto Barrios",1,1,"Great White Fleet",1,3,1826.33333333333,462,1819,1841,1,1,1,{1}
2021-03-28,PAMIT,Manzanillo,JMKIN,Kingston,2,2,"Caribbean Feeder; COSCO; Hamburg Sud; Hapag-Lloyd; Seaboard Marine; X-Press; ZIM",7,5,4086.35714285714,876.928571428571,877,1138,1,2,3,"{1,3}"
2021-03-28,PAMIT,Manzanillo,MAPTM,Tanger,1,1,"Maersk Line; SeaLand",2,10,4194.1,1103.6,4045,4258,11,11,11,{11}
2021-03-28,PAMIT,Manzanillo,PABLB,Balboa,3,3,"Hamburg Sud; Maersk Line; SeaLand",3,26,11218.725,2889.35,3075,4258,1,1,2,"{1,2,1}"
2021-03-28,PAMIT,Manzanillo,PACTB,Cristobal,4,4,"Alianca; Hamburg Sud; Hapag-Lloyd; Maersk Line; MSC; SeaLand",6,17,13048.7575757576,2386.56060606061,1740,3752,0,1,1,"{0,1,1,1}"
2021-03-28,PAMIT,Manzanillo,PAONX,Colon,4,4,"Caribbean Feeder; COSCO; Evergreen Line; Hamburg Sud; Hapag-Lloyd; Maersk Line; MSC; Seaboard Marine; SeaLand; X-Press; ZIM",11,13,6202,1094.25,877,2122,0,1,1,"{0,1,1,1}"
2021-03-28,PAMIT,Manzanillo,PAROD,Rodman,1,1,"Hapag-Lloyd; Hyundai; ONE; Yang Ming",4,11,8445.72727272727,706.909090909091,8110,8930,1,1,1,{1}
2021-03-28,PAMIT,Manzanillo,TTPOS,"Port of Spain",1,1,"MSC; ONE",2,4,2862,559.5,2542,3534,3,3,3,{3}
2021-03-28,PAMIT,Manzanillo,USMIA,"Miami FL",1,1,"Seaboard Marine",1,3,1785,512.333333333333,1740,1875,3,3,3,{3}
2021-03-28,PAMIT,Manzanillo,USSAV,"Savannah GA",2,2,"ANL; APL; CMA CGM; Delmas; Hapag-Lloyd; Hyundai; Marfret; ONE; Seatrade; USL-US Lines; Yang Ming",11,18,12445.1558441558,1887.3172541744,2256,8930,4,4.5,5,"{5,4}"
2021-03-28,PAONX,Colon,CNTAO,Qingdao,1,1,"ANL; APL; CMA CGM; COSCO; Evergreen Line; OOCL",6,10,8815.6,954.8,8452,9466,24,24,24,{24}
2021-03-28,PAONX,Colon,CNXMN,Xiamen,1,1,"ANL; APL; CMA CGM; COSCO; Evergreen Line; OOCL",6,10,11583.8,794.8,8508,14424,22,22,22,{22}
2021-03-28,PAONX,Colon,COBAQ,Barranquilla,1,1,"Evergreen Line; Hamburg Sud; Maersk Line; SeaLand",4,3,1708,202,1708,1708,1,1,1,{1}
2021-03-28,PAONX,Colon,COCTG,Cartagena,2,2,"Caribbean Feeder; COSCO; Hamburg Sud; Hapag-Lloyd; Maersk Line; Seaboard Marine; X-Press; ZIM",8,5,6055.5,1025.5,877,2529,1,1,1,"{1,1}"
2021-03-28,PAONX,Colon,CRMOB,Moin,1,1,"APL; CMA CGM; COSCO; Evergreen Line; X-Press; ZIM",6,1,960,252,960,960,4,4,4,{4}
2021-03-28,PAONX,Colon,HNPCR,"Puerto Cortes",1,1,"Evergreen Line; Maersk Line; MSC; SeaLand",4,4,1660.5,367.75,1296,1819,3,3,3,{3}
2021-03-28,PAONX,Colon,JMKIN,Kingston,1,1,"Evergreen Line; Maersk Line",2,2,1836,299,1550,2122,1,1,1,{1}
2021-03-28,PAONX,Colon,PAMIT,Manzanillo,2,2,"Caribbean Feeder; COSCO; Evergreen Line; Hapag-Lloyd; Maersk Line; MSC; Seaboard Marine; SeaLand; X-Press; ZIM",10,6,4475,725,877,3534,1,1,1,"{1,1}"
2021-03-28,PAONX,Colon,USNYC,"New York NY/NJ",1,1,"ANL; APL; CMA CGM; COSCO; Evergreen Line; OOCL",6,11,13266.5454545455,854.545454545455,13092,13500,5,5,5,{5}
2021-03-28,PAONX,Colon,USSAV,"Savannah GA",2,2,"ANL; APL; CMA CGM; COSCO; Evergreen Line; OOCL",6,20,20399.4,1749.6,8452,14424,4,4,4,"{4,4}"
2021-03-28,PAROD,Rodman,COBUN,Buenaventura,3,3,"Hapag-Lloyd; Hyundai; MSC; ONE",4,32,32249.1868686869,3616.70707070707,6350,14272,1,1,2,"{1,1,2}"
2021-03-28,PAROD,Rodman,COCTG,Cartagena,1,1,"APL; CMA CGM; Hapag-Lloyd; ONE; Yang Ming",5,12,4516.58333333333,302.5,4882,5087,2,2,2,{2}
2021-03-28,PAROD,Rodman,JPTYO,Tokyo,1,1,"Hapag-Lloyd; Hyundai; ONE; Yang Ming",4,11,8445.72727272727,706.909090909091,8110,8930,22,22,22,{22}
2021-03-28,PAROD,Rodman,KRPUS,Busan,2,2,"Hamburg Sud; Hapag-Lloyd; Hyundai; Maersk Line; MSC; ONE; Yang Ming; ZIM",8,20,11277,801.3,6400,8463,22,22,22,"{22,22}"
2021-03-28,PAROD,Rodman,MXLZC,"Lazaro Cardenas",1,1,"Hapag-Lloyd; Hyundai; MSC; ONE",4,11,8640.90909090909,1131.81818181818,6350,10100,4,4,4,{4}
2021-03-28,PAROD,Rodman,MXZLO,"Manzanillo, MEX",1,1,MSC,1,11,9124.72727272727,1062.36363636364,8772,9400,4,4,4,{4}
2021-03-28,PAROD,Rodman,NICIO,Corinto,1,1,"Alianca; APL; CMA CGM; Hamburg Sud; Maersk Line; SeaLand",6,5,2547.6,552,2546,2554,1,1,1,{1}
2021-03-28,PAROD,Rodman,PABLB,Balboa,1,1,"Hamburg Sud; Maersk Line; SeaLand",3,2,2339,500,2339,2339,1,1,1,{1}
2021-03-28,PAROD,Rodman,PACTB,Cristobal,2,2,MSC,1,20,20189.8383838384,2663.91919191919,8772,13000,0,0.5,1,"{0,1}"
2021-03-28,PAROD,Rodman,USLAX,"Los Angeles CA",1,1,"APL; CMA CGM; Hapag-Lloyd; ONE; Yang Ming",5,12,4516.58333333333,302.5,4882,5087,6,6,6,{6}
2021-03-28,PECLL,Callao,CLANF,Antofagasta,2,2,"Alianca; Hamburg Sud; Hapag-Lloyd; Maersk Line; SeaLand",5,21,11097.7894736842,1136.63157894737,1620,9962,1,1.5,2,"{2,1}"
2021-03-28,PECLL,Callao,CLARI,Arica,1,1,"APL; CMA CGM; COSCO",3,1,2694,898,1347,1347,4,4,4,{4}
2021-03-28,PECLL,Callao,CLIQQ,Iquique,2,2,"APL; Hapag-Lloyd; Hyundai; MSC; ONE; X-Press",6,14,11035.1818181818,1732.72727272727,1341,11010,2,2,2,"{2,2}"
2021-03-28,PECLL,Callao,CLLQN,Lirquen,1,1,"ANL; APL; CMA CGM; COSCO; Evergreen Line; Wan Hai",6,11,7652.27272727273,645.090909090909,5050,8530,4,4,4,{4}
2021-03-28,PECLL,Callao,CLMJS,Mejillones,1,1,"APL; CMA CGM; COSCO; Hamburg Sud; Hapag-Lloyd; Maersk Line; OOCL",7,9,10723.8888888889,1782.22222222222,9400,11519,2,2,2,{2}
2021-03-28,PECLL,Callao,CLSAI,"San Antonio",3,3,"ANL; APL; CMA CGM; COSCO; Evergreen Line; Hamburg Sud; Hapag-Lloyd; Hyundai; Maersk Line; MSC; ONE; OOCL; PIL; SeaLand; Wan Hai; Yang Ming",16,30,23644.4666666667,2574.78333333333,3947,14272,4,4,5,"{4,5,4}"
2021-03-28,PECLL,Callao,CLVAP,Valparaiso,1,1,MSC,1,9,11065.1111111111,1601.55555555556,8800,13000,4,4,4,{4}
2021-03-28,PECLL,Callao,ECGYE,Guayaquil,6,6,"Alianca; ANL; APL; CMA CGM; COSCO; Evergreen Line; Hamburg Sud; Hapag-Lloyd; Hyundai; King Ocean; MSC; ONE; OOCL; PIL; Seaboard Marine; Wan Hai; Yang Ming",17,43,32440.0090909091,3938.52651515152,698,13892,2,2,4,"{2,2,4,2,3,2}"
2021-03-28,PECLL,Callao,ECPSJ,"Puerto de Posorja",1,1,"APL; CMA CGM; COSCO; Hamburg Sud; Hapag-Lloyd; Maersk Line; OOCL",7,9,10723.8888888889,1782.22222222222,9400,11519,2,2,2,{2}
2021-03-28,PECLL,Callao,MXZLO,"Manzanillo, MEX",1,1,"Hapag-Lloyd; Hyundai; MSC; ONE",4,12,12543.1666666667,883.333333333333,10100,14272,6,6,6,{6}
2021-03-28,PECLL,Callao,PABLB,Balboa,1,1,"Hamburg Sud; Maersk Line; SeaLand",3,4,4567.25,508.75,4154,4771,3,3,3,{3}
2021-03-28,PECLL,Callao,PAROD,Rodman,1,1,MSC,1,9,11065.1111111111,1601.55555555556,8800,13000,3,3,3,{3}
2021-03-28,PECLL,Callao,PEMRI,Matarani,1,1,Hapag-Lloyd,1,1,3464,600,1732,1732,1,1,1,{1}
2021-03-28,PECLL,Callao,PEPAI,Paita,2,2,"APL; Hamburg Sud; Maersk Line; ONE; SeaLand; X-Press",6,5,3684,937,1341,2339,1,1.5,2,"{2,1}"
2021-03-28,PEILQ,Ilo,ECGYE,Guayaquil,1,1,Hapag-Lloyd,1,1,3464,600,1732,1732,4,4,4,{4}
2021-03-28,PEMRI,Matarani,PECLL,Callao,1,1,"APL; ONE; X-Press",3,3,1345,437,1341,1347,2,2,2,{2}
2021-03-28,PEMRI,Matarani,PEILQ,Ilo,1,1,Hapag-Lloyd,1,1,3464,600,1732,1732,0,0,0,{0}
2021-03-28,PEPAI,Paita,BEANR,Antwerp,1,1,MSC,1,7,4229,1278.57142857143,4112,4931,17,17,17,{17}
2021-03-28,PEPAI,Paita,ECGYE,Guayaquil,2,2,"APL; Hamburg Sud; Maersk Line; ONE; SeaLand; X-Press",6,11,4422.625,1239,1341,3078,1,1,1,"{1,1}"
2021-03-28,PEPAI,Paita,ECPSJ,"Puerto de Posorja",1,1,"APL; CMA CGM; COSCO; Hapag-Lloyd",4,2,4047.5,700,4045,4050,1,1,1,{1}
2021-03-28,PEPAI,Paita,PAROD,Rodman,1,1,"Hamburg Sud; Maersk Line; SeaLand",3,2,2339,500,2339,2339,2,2,2,{2}
2021-03-28,PEPIO,Pisco,PECLL,Callao,1,1,"Hamburg Sud; Maersk Line; SeaLand",3,2,2339,500,2339,2339,1,1,1,{1}
2021-03-28,PFPPT,"Papeete, Tahiti",NCNOU,Noumea,1,1,"ANL; APL; CMA CGM; Delmas; Marfret; Seatrade; USL-US Lines",7,7,3999.42857142857,1180.40816326531,2256,2506,8,8,8,{8}
2021-03-28,PFPPT,"Papeete, Tahiti",USOAK,"Oakland CA",1,1,"Alianca; ANL; APL; Hamburg Sud; Hapag-Lloyd; Maersk Line; MSC; NPDL",8,9,4197.33333333333,459.333333333333,3884,4612,10,10,10,{10}
2021-03-28,PFPPT,"Papeete, Tahiti",WSAPW,"Apia, W. Samoa",1,1,"Hamburg Sud; Matson; Swire Shipping",3,2,3366.42857142857,589.285714285714,1402,1740,5,5,5,{5}
2021-03-28,PGKIM,Kimbe,MYPKG,"Port Klang",1,1,"Carpenters Shipping; Swire Shipping",2,1,6122.57142857143,666,2381,2381,5,5,5,{5}
2021-03-28,PGKIM,Kimbe,PGRAB,Rabaul,2,2,"ANL; APL",2,2,12694.8571428571,2194.28571428571,1037,1740,1,1,1,"{1,1}"
2021-03-28,PGLAE,Lae,PGKIM,Kimbe,2,2,"ANL; APL",2,2,12694.8571428571,2194.28571428571,1037,1740,1,1.5,2,"{1,2}"
2021-03-28,PGLAE,Lae,PGPOM,"Port Moresby",2,2,"ANL; Swire Shipping",2,4,12988,1482.28571428571,1638,2750,2,2,2,"{2,2}"
2021-03-28,PGLAE,Lae,PGWWK,Wewak,1,1,"Maersk Line; SeaLand",2,2,2555.42857142857,251.428571428571,1118,1118,1,1,1,{1}
2021-03-28,PGLAE,Lae,SBHIR,Honiara,3,3,"ANL; APL; Carpenters Shipping; MELL; PDL-Pacific Direct Line; PIL; Swire Shipping",7,5,13023.1428571429,1888.85714285714,1037,2381,2,3,4,"{3,2,4}"
2021-03-28,PGLNV,"Lihir Island",PGKIM,Kimbe,1,1,"Carpenters Shipping; Swire Shipping",2,1,6122.57142857143,666,2381,2381,2,2,2,{2}
2021-03-28,PGMAG,Madang,MYTPP,"Tanjung Pelepas",1,1,"Maersk Line; SeaLand",2,2,2555.42857142857,251.428571428571,1118,1118,9,9,9,{9}
2021-03-28,PGMAG,Madang,PGLAE,Lae,1,1,ANL,1,1,7488,914.285714285714,1638,1638,1,1,1,{1}
2021-03-28,PGPOM,"Port Moresby",AUTSV,Townsville,4,4,"ANL; MELL; Swire Shipping",3,8,23102.2857142857,3253.71428571429,1080,2750,1,2.5,3,"{3,3,1,2}"
2021-03-28,PGPOM,"Port Moresby",PGLAE,Lae,2,2,"ANL; APL",2,2,9481.14285714286,1645.71428571429,1037,1037,1,2,3,"{3,1}"
2021-03-28,PGPOM,"Port Moresby",SBNOR,Noro,1,1,"Maersk Line; SeaLand",2,2,2555.42857142857,251.428571428571,1118,1118,3,3,3,{3}
2021-03-28,PGRAB,Rabaul,PGPOM,"Port Moresby",1,1,ANL,1,1,7954.28571428571,1371.42857142857,1740,1740,2,2,2,{2}
2021-03-28,PGRAB,Rabaul,SBHIR,Honiara,1,1,"ANL; APL",2,1,4740.57142857143,822.857142857143,1037,1037,2,2,2,{2}
2021-03-28,PGWWK,Wewak,PGMAG,Madang,1,1,"Maersk Line; SeaLand",2,2,2555.42857142857,251.428571428571,1118,1118,1,1,1,{1}
2021-03-28,PHBTG,Batangas,CNSHA,Shanghai,1,1,"APL; CMA CGM; CNC Line-Cheng Lie Navigation Co. Ltd.; KMTC; SITC Shipping",5,4,2636.25,321,2400,2741,4,4,4,{4}
2021-03-28,PHBTG,Batangas,HKHKG,"Hong Kong",1,1,COSCO,1,2,2761.5,255,2442,3081,2,2,2,{2}
2021-03-28,PHBTG,Batangas,PHCEB,Cebu,3,3,"ANL; APL; CMA CGM; CNC Line-Cheng Lie Navigation Co. Ltd.; Hyundai; SITC Shipping; Wan Hai",7,12,5588,387,1368,2400,1,1,2,"{2,1,1}"
2021-03-28,PHBTG,Batangas,PHMNL,Manila,1,1,"Hamburg Sud; Maersk Line; OOCL; SeaLand; TS Lines",5,5,4236.4,611.2,4132,4300,2,2,2,{2}
2021-03-28,PHBTG,Batangas,PHMNN,"Manila North Harbor",3,3,"Gold Star Line; Hamburg Sud; ONE; SeaLand; SITC Shipping; ZIM",6,14,4836.58333333333,668.75,1005,2806,1,1,2,"{2,1,1}"
2021-03-28,PHBTG,Batangas,PHSFS,"Subic Bay",1,1,"Evergreen Line; ONE; Wan Hai",3,4,1802.25,153.5,1708,1984,0,0,0,{0}
2021-03-28,PHCEB,Cebu,HKHKG,"Hong Kong",1,1,"Maersk Line; SeaLand",2,3,1652.33333333333,292.333333333333,1504,1740,4,4,4,{4}
2021-03-28,PHCEB,Cebu,PHCGY,"Cagayan de Oro",3,3,"ANL; APL; CMA CGM; CNC Line-Cheng Lie Navigation Co. Ltd.; Hyundai; SITC Shipping; Wan Hai",7,12,5308,377,1088,2400,1,1,1,"{1,1,1}"
2021-03-28,PHCEB,Cebu,PHDVO,Davao,1,1,"Evergreen Line",1,2,2311.42857142857,242.857142857143,1618,1618,2,2,2,{2}
2021-03-28,PHCEB,Cebu,PHGES,"General Santos",1,1,"SITC Shipping",1,4,2612,220,2524,2700,8,8,8,{8}
2021-03-28,PHCEB,Cebu,TWKHH,Kaohsiung,3,3,"Evergreen Line; OOCL; Wan Hai; X-Press; Yang Ming",5,4,3548,370,1016,1368,1,2,3,"{3,1,2}"
2021-03-28,PHCGY,"Cagayan de Oro",CNSHA,Shanghai,1,1,"Maersk Line; SeaLand",2,5,1978.05714285714,408.457142857143,1714,1756,3,3,3,{3}
2021-03-28,PHCGY,"Cagayan de Oro",PHCEB,Cebu,1,1,"Maersk Line; SeaLand",2,3,1652.33333333333,292.333333333333,1504,1740,0,0,0,{0}
2021-03-28,PHCGY,"Cagayan de Oro",PHDVO,Davao,3,3,"ANL; APL; CMA CGM; CNC Line-Cheng Lie Navigation Co. Ltd.; Hyundai; SITC Shipping; Wan Hai",7,12,5308,377,1088,2400,2,3,3,"{3,2,3}"
2021-03-28,PHCGY,"Cagayan de Oro",TWKHH,Kaohsiung,1,1,"Evergreen Line",1,2,1768,225,1728,1808,3,3,3,{3}
2021-03-28,PHDVO,Davao,CNSHA,Shanghai,2,2,"ANL; APL; CMA CGM; CNC Line-Cheng Lie Navigation Co. Ltd.; SITC Shipping",5,11,6676.28571428571,540.571428571429,2400,4431,3,4,5,"{3,5}"
2021-03-28,PHDVO,Davao,HKHKG,"Hong Kong",3,3,"ANL; APL; CMA CGM; CNC Line-Cheng Lie Navigation Co. Ltd.; Evergreen Line; Hyundai; Wan Hai",7,10,5219.42857142857,619.857142857143,1088,1952,4,4,7,"{7,4,4}"
2021-03-28,PHDVO,Davao,KRPTK,Pyongtaek,1,1,"Gold Star Line; SeaLand; ZIM",3,8,2595.25,378.75,2546,2806,6,6,6,{6}
2021-03-28,PHDVO,Davao,PHCGY,"Cagayan de Oro",1,1,"Maersk Line; SeaLand",2,5,1978.05714285714,408.457142857143,1714,1756,2,2,2,{2}
2021-03-28,PHDVO,Davao,PHGES,"General Santos",1,1,"Evergreen Line",1,2,1768,225,1728,1808,1,1,1,{1}
2021-03-28,PHDVO,Davao,TWKHH,Kaohsiung,1,1,"COSCO; Gold Star Line; Hyundai; Yang Ming; ZIM",5,4,4370.25,357.5,4250,4728,4,4,4,{4}
2021-03-28,PHGES,"General Santos",CNSHA,Shanghai,1,1,"SITC Shipping",1,4,2612,220,2524,2700,7,7,7,{7}
2021-03-28,PHGES,"General Santos",PHCGY,"Cagayan de Oro",1,1,"Evergreen Line",1,2,1768,225,1728,1808,2,2,2,{2}
2021-03-28,PHGES,"General Santos",PHDVO,Davao,1,1,"Gold Star Line; SeaLand; ZIM",3,8,2595.25,378.75,2546,2806,5,5,5,{5}
2021-03-28,PHMNL,Manila,JPTYO,Tokyo,1,1,"APL; CMA CGM; CNC Line-Cheng Lie Navigation Co. Ltd.",3,4,3273.5,425,2782,3534,7,7,7,{7}
2021-03-28,PHMNL,Manila,KRPUS,Busan,1,1,ONE,1,3,2238.66666666667,439,1713,2553,4,4,4,{4}
2021-03-28,PHMNL,Manila,PHSFS,"Subic Bay",1,1,"Hamburg Sud; Maersk Line; OOCL; SeaLand; TS Lines",5,5,4236.4,611.2,4132,4300,0,0,0,{0}
2021-03-28,PHMNL,Manila,TWKHH,Kaohsiung,1,1,"Wan Hai; Yang Ming",2,1,1740,300,1740,1740,2,2,2,{2}
2021-03-28,PHMNN,"Manila North Harbor",CNLYG,Lianyungang,1,1,"APL; CMA CGM; CNC Line-Cheng Lie Navigation Co. Ltd.; Hyundai",4,3,4728,328,4728,4728,5,5,5,{5}
2021-03-28,PHMNN,"Manila North Harbor",CNNSA,Nansha,1,1,"ONE; SITC Shipping",2,3,1064.66666666667,90,1005,1157,2,2,2,{2}
2021-03-28,PHMNN,"Manila North Harbor",CNSHA,Shanghai,1,1,"Gold Star Line; SeaLand; ZIM",3,8,2595.25,378.75,2546,2806,5,5,5,{5}
2021-03-28,PHMNN,"Manila North Harbor",CNXMN,Xiamen,1,1,"Hamburg Sud; SeaLand",2,3,1176.66666666667,200,1022,1440,2,2,2,{2}
2021-03-28,PHMNN,"Manila North Harbor",HKHKG,"Hong Kong",1,1,"ANL; APL; CMA CGM; CNC Line-Cheng Lie Navigation Co. Ltd.; Hyundai",5,6,1820,307,1730,1952,1,1,1,{1}
2021-03-28,PHMNN,"Manila North Harbor",KRPUS,Busan,1,1,"APL; CMA CGM; CNC Line-Cheng Lie Navigation Co. Ltd.; COSCO; Evergreen Line; Feedertech; KMTC; ONE; OOCL; RCL; TS Lines",11,6,6001.16666666667,535,5527,6655,5,5,5,{5}
2021-03-28,PHMNN,"Manila North Harbor",PHBTG,Batangas,1,1,"Evergreen Line; ONE; Wan Hai",3,4,1802.25,153.5,1708,1984,1,1,1,{1}
2021-03-28,PHMNN,"Manila North Harbor",PHGES,"General Santos",1,1,"Gold Star Line; SeaLand; ZIM",3,8,2595.25,378.75,2546,2806,5,5,5,{5}
2021-03-28,PHMNN,"Manila North Harbor",PHMNS,"Manila South Harbor",3,3,"ANL; APL; CMA CGM; CNC Line-Cheng Lie Navigation Co. Ltd.; COSCO; Sinotrans; SITC Shipping",7,11,9665.28571428571,1216.57142857143,2442,4431,0,0,1,"{0,1,0}"
2021-03-28,PHMNN,"Manila North Harbor",PHSFS,"Subic Bay",1,1,"Sinotrans; Wan Hai",2,2,1535,267,1520,1550,0,0,0,{0}
2021-03-28,PHMNN,"Manila North Harbor",TWKHH,Kaohsiung,2,2,"Evergreen Line; ONE; OOCL; Yang Ming",4,5,5854,707,2910,2940,2,2,2,"{2,2}"
2021-03-28,PHMNN,"Manila North Harbor",VNVUT,"Cai Mep (near Ho Chi Minh)",1,1,MSC,1,4,2850,488.5,2470,3534,6,6,6,{6}
2021-03-28,PHMNS,"Manila South Harbor",CNLYG,Lianyungang,1,1,"ANL; APL; CMA CGM; CNC Line-Cheng Lie Navigation Co. Ltd.",4,7,4276.28571428571,540.571428571429,4250,4431,5,5,5,{5}
2021-03-28,PHMNS,"Manila South Harbor",CNSHA,Shanghai,1,1,"Sinotrans; SITC Shipping",2,2,2627.5,421,2553,2702,7,7,7,{7}
2021-03-28,PHMNS,"Manila South Harbor",CNSHK,Shekou,1,1,"Evergreen Line",1,1,2485.71428571429,428.571428571429,1740,1740,4,4,4,{4}
2021-03-28,PHMNS,"Manila South Harbor",PHBTG,Batangas,2,2,"SITC Shipping; Wan Hai",2,6,3768,80,1368,2400,1,1,1,"{1,1}"
2021-03-28,PHMNS,"Manila South Harbor",PHCEB,Cebu,1,1,"SITC Shipping",1,4,2612,220,2524,2700,1,1,1,{1}
2021-03-28,PHMNS,"Manila South Harbor",PHMNN,"Manila North Harbor",3,3,"APL; CMA CGM; CNC Line-Cheng Lie Navigation Co. Ltd.; Gold Star Line; Hyundai; SeaLand; Sinotrans; Wan Hai; ZIM",9,13,8858.25,973.75,1520,4728,0,0,0,"{0,0,0}"
2021-03-28,PHMNS,"Manila South Harbor",PHSFS,"Subic Bay",1,1,COSCO,1,2,2761.5,255,2442,3081,1,1,1,{1}
2021-03-28,PHMNS,"Manila South Harbor",TWKHH,Kaohsiung,1,1,"APL; CMA CGM; CNC Line-Cheng Lie Navigation Co. Ltd.; Evergreen Line; ONE; TS Lines; Yang Ming; ZIM",8,4,2940,272.25,2940,2940,2,2,2,{2}
2021-03-28,PHSFS,"Subic Bay",CNFOC,Fuzhou,1,1,"Hamburg Sud; Maersk Line; OOCL; SeaLand; TS Lines",5,5,4236.4,611.2,4132,4300,5,5,5,{5}
2021-03-28,PHSFS,"Subic Bay",CNSHA,Shanghai,1,1,"Sinotrans; Wan Hai",2,2,1535,267,1520,1550,4,4,4,{4}
2021-03-28,PHSFS,"Subic Bay",PHBTG,Batangas,1,1,COSCO,1,2,2761.5,255,2442,3081,1,1,1,{1}
2021-03-28,PHSFS,"Subic Bay",PHMNL,Manila,1,1,"Wan Hai; Yang Ming",2,1,1740,300,1740,1740,1,1,1,{1}
2021-03-28,PHSFS,"Subic Bay",PHMNS,"Manila South Harbor",1,1,"SITC Shipping",1,4,2612,220,2524,2700,0,0,0,{0}
2021-03-28,PHSFS,"Subic Bay",TWKHH,Kaohsiung,1,1,"Evergreen Line; ONE; Wan Hai",3,4,1802.25,153.5,1708,1984,2,2,2,{2}
2021-03-28,PKBQM,"Port Qasim",AEJEA,"Dubai, Jebel Ali",1,1,"Maersk Line",1,6,2631.83333333333,453.5,2474,3003,3,3,3,{3}
2021-03-28,PKBQM,"Port Qasim",INMUN,Mundra,1,1,"Maersk Line; SeaLand",2,4,4161.5,599.5,3388,4504,2,2,2,{2}
2021-03-28,PKBQM,"Port Qasim",INNSA,"Mumbai (Nhava Sheva)",4,4,"ANL; APL; CMA CGM; COSCO; Hapag-Lloyd; MSC; ONE; OOCL; ZIM",9,35,35899.0388888889,2724.27777777778,5688,13556,1,2,2,"{1,2,2,2}"
2021-03-28,PKBQM,"Port Qasim",INPAV,Pipavav,1,1,"APL; Maersk Line; SeaLand",3,11,6362.72727272727,500,6188,6696,1,1,1,{1}
2021-03-28,PKBQM,"Port Qasim",PKKHI,Karachi,3,3,"APL; CMA CGM; CNC Line-Cheng Lie Navigation Co. Ltd.; COSCO; Hyundai; ONE; OOCL; PIL; RCL; X-Press",10,13,16119.5333333333,1548.76666666667,1725,10106,0,1,1,"{0,1,1}"
2021-03-28,PKGWD,Gwadar,AEJEA,"Dubai, Jebel Ali",1,1,"COSCO; X-Press",2,2,1787.5,222.5,1725,1850,2,2,2,{2}
2021-03-28,PKKHI,Karachi,AEJEA,"Dubai, Jebel Ali",4,4,"Emirates Shipping; GFS; Maersk Line; PIL; UAFL-United Africa Feeder Line; Wan Hai; WEC Lines",7,10,10049.9285714286,1975,1728,3108,2,2.5,4,"{3,2,2,4}"
2021-03-28,PKKHI,Karachi,INMUN,Mundra,5,5,"APL; CMA CGM; COSCO; Evergreen Line; Feedertech; Hapag-Lloyd; KMTC; ONE; OOCL; TS Lines; Wan Hai; X-Press; Yang Ming",13,28,21963,2473.33333333333,3534,5652,0,1,1,"{1,1,0,1,1}"
2021-03-28,PKKHI,Karachi,INNSA,"Mumbai (Nhava Sheva)",4,4,"ANL; APL; CMA CGM; CNC Line-Cheng Lie Navigation Co. Ltd.; COSCO; Evergreen Line; Gold Star Line; Hapag-Lloyd; Hyundai; ONE; OOCL; RCL; X-Press; ZIM",14,33,33162.575,2801.1,4957,13386,1,1,2,"{1,2,1,1}"
2021-03-28,PKKHI,Karachi,MYPKG,"Port Klang",2,2,"COSCO; Emirates Shipping; Hyundai; KMTC; Sinokor; TS Lines",6,14,11590.1428571429,1354.28571428571,4728,6763,7,8,9,"{9,7}"
2021-03-28,PKKHI,Karachi,PKGWD,Gwadar,1,1,"COSCO; X-Press",2,2,1787.5,222.5,1725,1850,1,1,1,{1}
2021-03-28,PKKHI,Karachi,SGSIN,Singapore,1,1,"APL; CMA CGM; CNC Line-Cheng Lie Navigation Co. Ltd.; COSCO; OOCL; PIL; RCL",7,6,8858.83333333333,716.666666666667,6554,10106,7,7,7,{7}
2021-03-28,PLGDN,Gdansk,DEBRV,Bremerhaven,3,3,"Alianca; Hamburg Sud; Hapag-Lloyd; Maersk Line; MSC; SeaLand; X-Press",7,19,23028.5384615385,1412.15384615385,809,20568,2,3,5,"{5,3,2}"
2021-03-28,PLGDN,Gdansk,DEWVN,Wilhelmshaven,1,1,"APL; CMA CGM; CNC Line-Cheng Lie Navigation Co. Ltd.; COSCO; Evergreen Line; OOCL",6,12,18983.6666666667,916.166666666667,19100,21413,2,2,2,{2}
2021-03-28,PLGDN,Gdansk,EETLL,"Tallinn Estonia",1,1,"Maersk Line; SeaLand",2,2,1578,130,1578,1578,1,1,1,{1}
2021-03-28,PLGDN,Gdansk,PLGDY,"Gdynia Poland",1,1,"APL; CMA CGM; Evergreen Line; Hapag-Lloyd; OOCL; Unifeeder",6,5,1030.4,199.6,1025,1036,0,0,0,{0}
2021-03-28,PLGDN,Gdansk,RULED,"St Petersburg",1,1,SeaLand,1,5,3596,600,3596,3596,3,3,3,{3}
2021-03-28,PLGDY,"Gdynia Poland",BEANR,Antwerp,1,1,"Hapag-Lloyd; ONE",2,2,2096,350,1740,2452,6,6,6,{6}
2021-03-28,PLGDY,"Gdynia Poland",DEBRV,Bremerhaven,4,4,"APL; CMA CGM; Evergreen Line; Hapag-Lloyd; OOCL; Unifeeder",6,14,5067.73333333333,854.6,1025,1574,2,3,3,"{3,2,3,3}"
2021-03-28,PLGDY,"Gdynia Poland",DEHAM,Hamburg,2,2,"CMA CGM; Evergreen Line; Hapag-Lloyd; Unifeeder",4,2,1825,370,868,957,1,2,3,"{1,3}"
2021-03-28,PLGDY,"Gdynia Poland",GBIMM,Immingham,1,1,"Hapag-Lloyd; OOCL; Unifeeder",3,2,914,214.5,803,1025,2,2,2,{2}
2021-03-28,PLGDY,"Gdynia Poland",GBTEE,Teesport,1,1,Containerships,1,2,1400,372,1400,1400,2,2,2,{2}
2021-03-28,PLGDY,"Gdynia Poland",LTKLJ,"Klaipeda
",3,3,"COSCO; Hapag-Lloyd; MSC; ONE; Yang Ming",5,5,7164.5,1303.5,1296,4814,0,1,1,"{0,1,1}"
2021-03-28,PLGDY,"Gdynia Poland",NOOSL,Oslo,1,1,Containerships,1,1,803,180,803,803,2,2,2,{2}
2021-03-28,PLGDY,"Gdynia Poland",PLGDN,Gdansk,1,1,X-Press,1,1,809,150,809,809,1,1,1,{1}
2021-03-28,PLSZZ,Szczecin,FIHEL,Helsinki,1,1,"APL; CMA CGM; Evergreen Line; Hapag-Lloyd; OOCL; Unifeeder",6,3,1160.66666666667,266.333333333333,1025,1421,2,2,2,{2}
2021-03-28,PLSZZ,Szczecin,PLGDY,"Gdynia Poland",2,2,"CMA CGM; Evergreen Line; Hapag-Lloyd; OOCL; Unifeeder",5,3,1871,434.5,803,1025,1,1.5,2,"{1,2}"
2021-03-28,PLSZZ,Szczecin,SEHEL,Helsingborg,1,1,"CMA CGM; Unifeeder",2,1,809,150,809,809,1,1,1,{1}
2021-03-28,PRSJU,"San Juan PR",COCTG,Cartagena,1,1,"Hapag-Lloyd; ONE",2,6,2536,493,2339,2785,4,4,4,{4}
2021-03-28,PRSJU,"San Juan PR",DOCAU,Caucedo,1,1,"Evergreen Line; Maersk Line; MSC; SeaLand",4,2,3477.5,499.5,3421,3534,1,1,1,{1}
2021-03-28,PRSJU,"San Juan PR",JMKIN,Kingston,1,1,"CMA CGM; COSCO; MSC; Seaboard Marine; X-Press; ZIM",6,3,1177.33333333333,276.666666666667,1118,1296,2,2,2,{2}
2021-03-28,PRSJU,"San Juan PR",USJAX,"Jacksonville FL",2,2,"TOTE Maritime",1,2,6200,536,3100,3100,2,2,2,"{2,2}"
2021-03-28,PRSJU,"San Juan PR",VICZB,"St John VI",1,1,"Tropical Shipping",1,1,2296,520,1148,1148,1,1,1,{1}
2021-03-28,PTFDF,"Figueira da Foz",PTLEI,Leixoes,1,1,"MSC; WEC Lines",2,1,700,100,700,700,1,1,1,{1}
2021-03-28,PTLEI,Leixoes,BEANR,Antwerp,1,1,"Hapag-Lloyd; ONE",2,2,3480,645,1740,1740,4,4,4,{4}
2021-03-28,PTLEI,Leixoes,ESCAS,Castellon,1,1,"Borchard Lines Ltd",1,4,868,171,868,868,3,3,3,{3}
2021-03-28,PTLEI,Leixoes,ESGIJ,Gijon,1,1,"MSC; WEC Lines",2,3,1818.66666666667,263.333333333333,1728,1893,2,2,2,{2}
2021-03-28,PTLEI,Leixoes,ESVGO,Vigo,2,2,"Hapag-Lloyd; MSC; WEC Lines",3,4,1876,302.5,868,1008,0,0.5,1,"{1,0}"
2021-03-28,PTLEI,Leixoes,GBTIL,Tilbury,1,1,"Hapag-Lloyd; MSC; WEC Lines",3,2,1008,152.5,1008,1008,3,3,3,{3}
2021-03-28,PTLEI,Leixoes,IEDUB,Dublin,1,1,"Borchard Lines Ltd",1,4,868,171,868,868,1,1,1,{1}
2021-03-28,PTLEI,Leixoes,NLRTM,Rotterdam,1,1,"APL; CMA CGM; OOCL; Samskip; X-Press",5,2,1509,280.5,1440,1578,3,3,3,{3}
2021-03-28,PTLEI,Leixoes,PTLIS,Lisbon,4,4,"APL; Arkas Line; CMA CGM; GS Lines; Hapag-Lloyd; Maersk Line; Marguisa; MSC; ONE; WEC Lines; X-Press",11,7,7101.85714285714,1512.14285714286,700,1740,1,1,1,"{1,1,1,1}"
2021-03-28,PTLEI,Leixoes,PTSET,Setubal,4,4,"ANL; APL; Arkas Line; Boluda Lines; CMA CGM; Containerships; Messina; MSC; Tarros; WEC Lines",10,8,5974.89285714286,704.714285714286,868,1740,1,1,1,"{1,1,1,1}"
2021-03-28,PTLIS,Lisbon,CVRAI,Praia,1,1,"GS Lines; Maersk Line",2,1,2214.85714285714,617.142857142857,969,969,6,6,6,{6}
2021-03-28,PTLIS,Lisbon,ESALG,Algeciras,1,1,"APL; CMA CGM; NileDutch",3,7,3851,412.857142857143,3508,4250,2,2,2,{2}
2021-03-28,PTLIS,Lisbon,MACAS,Casablanca,1,1,"APL; Arkas Line; CMA CGM; Marguisa; X-Press",5,3,707,150,707,707,2,2,2,{2}
2021-03-28,PTLIS,Lisbon,MAPTM,Tanger,1,1,"Hapag-Lloyd; ONE",2,2,3480,645,1740,1740,2,2,2,{2}
2021-03-28,PTLIS,Lisbon,PTLEI,Leixoes,2,2,"APL; CMA CGM; Hapag-Lloyd; MSC; OOCL; Samskip; WEC Lines; X-Press",8,4,2517,433,1008,1578,1,1.5,2,"{1,2}"
2021-03-28,PTLIS,Lisbon,PTSET,Setubal,1,1,"MSC; WEC Lines",2,1,700,100,700,700,0,0,0,{0}
2021-03-28,PTSET,Setubal,ESLPA,"Las Palmas, Can Is",1,1,"ANL; Boluda Lines; CMA CGM",3,1,2016,,1008,1008,4,4,4,{4}
2021-03-28,PTSET,Setubal,FRMRS,"Marseilles-Fos (Marseilles)",1,1,"APL; Arkas Line; CMA CGM; Messina; Tarros",5,4,2054.89285714286,304.714285714286,1445,1740,3,3,3,{3}
2021-03-28,PTSET,Setubal,MACAS,Casablanca,1,1,"MSC; WEC Lines",2,1,700,100,700,700,1,1,1,{1}
2021-03-28,PTSET,Setubal,MAPTM,Tanger,1,1,"CMA CGM; Containerships",2,1,1036,250,1036,1036,2,2,2,{2}
2021-03-28,PTSET,Setubal,PTSIE,Sines,1,1,"MSC; WEC Lines",2,2,868,150,868,868,0,0,0,{0}
2021-03-28,PTSIE,Sines,BEANR,Antwerp,1,1,"Maersk Line; MSC; SeaLand",3,10,14007.8,800.4,12400,20568,3,3,3,{3}
2021-03-28,PTSIE,Sines,BRRIO,"Rio de Janeiro",1,1,"Alianca; Hamburg Sud; Hapag-Lloyd; MSC",4,9,8886,1200.22222222222,8386,9400,11,11,11,{11}
2021-03-28,PTSIE,Sines,BSFPO,Freeport,1,1,"Hamburg Sud; Maersk Line; MSC; SeaLand",4,8,7647.25,637.875,6478,8762,7,7,7,{7}
2021-03-28,PTSIE,Sines,CAMTR,Montreal,1,1,MSC,1,5,4363,361,3987,4814,9,9,9,{9}
2021-03-28,PTSIE,Sines,ESALG,Algeciras,1,1,"Hamburg Sud; Maersk Line; MSC; SeaLand",4,8,7647.25,637.875,6478,8762,1,1,1,{1}
2021-03-28,PTSIE,Sines,ESVGO,Vigo,1,1,"MSC; WEC Lines",2,2,815.5,150,809,822,2,2,2,{2}
2021-03-28,PTSIE,Sines,FRLEH,"Le Havre",1,1,"MSC; WEC Lines",2,4,5922,525,5550,6178,2,2,2,{2}
2021-03-28,PTSIE,Sines,GBFXT,Felixstowe,1,1,"MSC; SCI-Shipping Corp. of India",2,9,12649.2222222222,833.333333333333,7455,14000,3,3,3,{3}
2021-03-28,PTSIE,Sines,GBLGP,"London Gateway",1,1,"MSC; ZIM",2,4,4686.75,401,4392,5060,3,3,3,{3}
2021-03-28,PTSIE,Sines,GRPIR,Piraeus,1,1,"MSC; WEC Lines",2,4,5922,525,5550,6178,3,3,3,{3}
2021-03-28,PTSIE,Sines,MACAS,Casablanca,1,1,"MSC; WEC Lines",2,2,815.5,150,809,822,1,1,1,{1}
2021-03-28,PTSIE,Sines,PACTB,Cristobal,1,1,MSC,1,11,9124.72727272727,1062.36363636364,8772,9400,11,11,11,{11}
2021-03-28,PTSIE,Sines,PTLEI,Leixoes,2,2,"MSC; WEC Lines",2,5,2686.66666666667,413.333333333333,868,1893,1,1,1,"{1,1}"
2021-03-28,PTSIE,Sines,USNYC,"New York NY/NJ",1,1,"Hamburg Sud; Maersk Line; MSC; SeaLand",4,7,8494.14285714286,771.428571428571,7849,9200,8,8,8,{8}
2021-03-28,PWROR,Koror,HKHKG,"Hong Kong",1,1,MELL,1,2,1554,200,777,777,8,8,8,{8}
2021-03-28,QADOH,Doha,QAHMD,Hamad,1,1,"Maersk Line; X-Press",2,4,2741.5,221.5,2700,2824,0,0,0,{0}
2021-03-28,QAHMD,Hamad,AEJEA,"Dubai, Jebel Ali",4,4,"APL; CMA CGM; COSCO; GFS; Hamburg Sud; Hapag-Lloyd; Hyundai; Maersk Line; Milaha Maritime; ONE; OOCL; SeaLand; X-Press; Yang Ming",14,25,21583.7678571429,2105.82142857143,2496,8465,0,0.5,2,"{0,1,2,0}"
2021-03-28,QAHMD,Hamad,INHZA,Hazira,1,1,"Maersk Line; X-Press",2,4,2741.5,221.5,2700,2824,4,4,4,{4}
2021-03-28,QAHMD,Hamad,IQUQR,"Umm Qasr",1,1,"COSCO; Hapag-Lloyd; Hyundai; ONE; Yang Ming",5,7,6317.14285714286,497.571428571429,5512,6589,3,3,3,{3}
2021-03-28,QAHMD,Hamad,SADMM,Dammam,4,4,"ANL; APL; CMA CGM; CNC Line-Cheng Lie Navigation Co. Ltd.; COSCO; Evergreen Line; Hapag-Lloyd; Maersk Line; MSC; ONE; OOCL; Wan Hai",12,23,29256.1428571429,2674.28571428571,2546,17292,0,0.5,1,"{0,1,1,0}"
2021-03-28,QAHMD,Hamad,SAJUB,Jubail,1,1,"Evergreen Line; Hapag-Lloyd; Hyundai; Yang Ming",4,8,11881.125,850,13169,14000,1,1,1,{1}
2021-03-28,REPDG,"Reunion Island",MUPLU,"Port Louis",1,1,"ANL; APL; CMA CGM; MSC",4,14,8944.14285714286,863.571428571429,8189,9572,0,0,0,{0}
2021-03-28,REPDG,"Reunion Island",MZMPM,Maputo,1,1,"APL; CMA CGM; Maersk Line",3,8,3394.875,522.25,2650,3674,6,6,6,{6}
2021-03-28,REREU,Reunion,MUPLU,"Port Louis",2,2,"APL; CMA CGM; DAL-Deutsche Afrika Linien; Maersk Line; UAFL-United Africa Feeder Line",5,11,5174.42857142857,910.928571428571,2450,2824,1,1.5,2,"{2,1}"
2021-03-28,ROCND,Constanta,RUNVS,Novorossiysk,2,2,"CMA CGM; COSCO; Hapag-Lloyd; MSC; OOCL; ZIM",6,7,4175.75,431.333333333333,1496,2908,1,1,1,"{1,1}"
2021-03-28,ROCND,Constanta,TRAMB,"Istanbul (Ambarli)",3,3,"APL; Arkas Line; CMA CGM; COSCO; Evergreen Line; Hapag-Lloyd; Maersk Line; Milaha Maritime; NileDutch; SeaLand; Turkon; ZIM",12,11,7268.4,1152.4,1208,4363,2,2,3,"{2,2,3}"
2021-03-28,ROCND,Constanta,TRIZM,Izmir,1,1,ZIM,1,3,1137.66666666667,213.333333333333,1083,1216,3,3,3,{3}
2021-03-28,ROCND,Constanta,UAODS,Odessa,3,3,"APL; Arkas Line; CMA CGM; CNC Line-Cheng Lie Navigation Co. Ltd.; COSCO; Evergreen Line; Hapag-Lloyd; MSC; OOCL; Turkon; Yang Ming; ZIM",12,16,14087.1,1531.6,1800,11388,0,1,1,"{1,1,0}"
2021-03-28,RUAZO,Azov,TRAMB,"Istanbul (Ambarli)",1,1,"Maersk Line; SeaLand",2,1,522.857142857143,65.7142857142857,366,366,4,4,4,{4}
2021-03-28,RUBNK,"Bronka Port",RULED,"St Petersburg",2,2,"CMA CGM; Evergreen Line; FESCO; Hapag-Lloyd; OOCL; Unifeeder",6,4,4450.5,1223,1440,2487,1,1,1,"{1,1}"
2021-03-28,RUKGD,Kaliningrad,FIKTK,Kotka,1,1,MSC,1,2,1797,392.5,1719,1875,1,1,1,{1}
2021-03-28,RUKGD,Kaliningrad,LTKLJ,"Klaipeda
",1,1,"APL; CMA CGM; Mann Lines; Unifeeder",4,1,868,234,868,868,1,1,1,{1}
2021-03-28,RUKGD,Kaliningrad,PLGDY,"Gdynia Poland",1,1,Hapag-Lloyd,1,1,868,150,868,868,0,0,0,{0}
2021-03-28,RULED,"St Petersburg",BEANR,Antwerp,2,2,"CMA CGM; FESCO; MSC; OOCL; Unifeeder",5,9,4654.35714285714,727.285714285714,1440,3430,4,5.5,7,"{4,7}"
2021-03-28,RULED,"St Petersburg",DEBRV,Bremerhaven,2,2,"Maersk Line; MSC; Unifeeder",3,4,4065,225,1036,3007,4,4.5,5,"{4,5}"
2021-03-28,RULED,"St Petersburg",DEWVN,Wilhelmshaven,1,1,"CMA CGM; Evergreen Line; FESCO; Hapag-Lloyd; OOCL; Unifeeder",6,2,2487,710,2487,2487,4,4,4,{4}
2021-03-28,RULED,"St Petersburg",FIHEL,Helsinki,3,3,"CMA CGM; Containerships; COSCO; Hapag-Lloyd; ONE; OOCL",6,9,4834.25,599.666666666667,850,2808,0,1,2,"{1,2,0}"
2021-03-28,RULED,"St Petersburg",LTKLJ,"Klaipeda
",1,1,Containerships,1,2,1400,372,1400,1400,1,1,1,{1}
2021-03-28,RULED,"St Petersburg",NLRTM,Rotterdam,3,3,"COSCO; OOCL; Sea Connect; SeaLand; X-Press; Yang Ming",6,5,6157.85714285714,1055.35714285714,660,3596,4,4,6,"{4,6,4}"
2021-03-28,RULED,"St Petersburg",PLGDN,Gdansk,1,1,SeaLand,1,5,3596,600,3596,3596,3,3,3,{3}
2021-03-28,RUNVS,Novorossiysk,ROCND,Constanta,1,1,ZIM,1,3,1137.66666666667,213.333333333333,1083,1216,1,1,1,{1}
2021-03-28,RUNVS,Novorossiysk,TRAMB,"Istanbul (Ambarli)",4,4,"APL; Arkas Line; CMA CGM; COSCO; Evergreen Line; FESCO; Hapag-Lloyd; Maersk Line; OOCL; SeaLand; Turkon; ZIM",12,16,8613.1,1814.93333333333,1199,4258,1,2.5,4,"{3,1,2,4}"
2021-03-28,RUNVS,Novorossiysk,TRGEM,"Istanbul (Gemlik)",1,1,"Evergreen Line; OOCL; Unimed Feeder Services-UFS",3,2,1164,200,1164,1164,2,2,2,{2}
2021-03-28,RUNVS,Novorossiysk,TRIZT,Izmit,1,1,MSC,1,4,2627.75,236,2098,2908,3,3,3,{3}
2021-03-28,RUNVS,Novorossiysk,TRTEK,Tekirdag,1,1,MSC,1,5,2520,166,2480,2680,3,3,3,{3}
2021-03-28,RUNVS,Novorossiysk,UAODS,Odessa,4,4,"Admiral; APL; Arkas Line; CMA CGM; Hamburg Sud; Hapag-Lloyd; Maersk Line; OOCL; SeaLand; ZIM",10,15,11983.8333333333,1852.16666666667,868,7154,1,1,2,"{1,1,2,1}"
2021-03-28,RUULU,"Ust Luga",FIKTK,Kotka,1,1,"APL; CMA CGM; Evergreen Line; OOCL; Unifeeder",5,3,1404,100,1404,1404,0,0,0,{0}
2021-03-28,RUVVO,Vladivostok,CNTAO,Qingdao,1,1,"APL; CMA CGM; FESCO; Hyundai",4,2,2492.5,402,2339,2646,3,3,3,{3}
2021-03-28,RUVVO,Vladivostok,KRPUS,Busan,1,1,"Hamburg Sud; Maersk Line; SeaLand",3,7,4322.42857142857,584.857142857143,4250,4447,5,5,5,{5}
2021-03-28,RUVVO,Vladivostok,RUVYP,Vostochniy,2,2,"CMA CGM; CNC Line-Cheng Lie Navigation Co. Ltd.; FESCO; MSC",4,6,5653,689.666666666667,2378,3108,0,1.5,3,"{0,3}"
2021-03-28,RUVYP,Vostochniy,CNSHK,Shekou,1,1,"CMA CGM; CNC Line-Cheng Lie Navigation Co. Ltd.; FESCO",3,3,2977,466.666666666667,2732,3108,5,5,5,{5}
2021-03-28,RUVYP,Vostochniy,CNTAO,Qingdao,1,1,MSC,1,3,2676,223,2378,2825,3,3,3,{3}
2021-03-28,SADMM,Dammam,AEAUH,"Abu Dhabi",2,1,"APL; CMA CGM; CNC Line-Cheng Lie Navigation Co. Ltd.; COSCO; Evergreen Line; OOCL; PIL; Wan Hai",8,14,36421.1428571429,1998.28571428571,14074,20988,0,0,0,"{0,0}"
2021-03-28,SADMM,Dammam,IQUQR,"Umm Qasr",1,1,MSC,1,7,8227.42857142857,450,7943,13092,1,1,1,{1}
2021-03-28,SADMM,Dammam,OMSOH,Sohar,1,1,"APL; CMA CGM; COSCO; Evergreen Line; OOCL",5,7,7809.57142857143,514.285714285714,8586,9448,2,2,2,{2}
2021-03-28,SADMM,Dammam,QAHMD,Hamad,1,1,"Evergreen Line; Hapag-Lloyd; Hyundai; Yang Ming",4,8,11881.125,850,13169,14000,1,1,1,{1}
2021-03-28,SADMM,Dammam,SAJUB,Jubail,3,3,"ANL; APL; CMA CGM; CNC Line-Cheng Lie Navigation Co. Ltd.; COSCO; Evergreen Line; Hapag-Lloyd; Maersk Line; ONE; OOCL; Wan Hai",11,16,21028.7142857143,2224.28571428571,2546,17292,0,0,0,"{0,0,0}"
2021-03-28,SAJED,Jeddah,AEJEA,"Dubai, Jebel Ali",6,6,"Alianca; ANL; APL; CMA CGM; CNC Line-Cheng Lie Navigation Co. Ltd.; COSCO; Evergreen Line; GFS; Hamburg Sud; Hapag-Lloyd; Maersk Line; ONE; OOCL",13,51,60483.2752164502,5152.81558441558,2732,17859,5,6,9,"{7,6,6,5,6,9}"
2021-03-28,SAJED,Jeddah,EGDAM,Damietta,1,1,"Hapag-Lloyd; Hyundai; ONE; Yang Ming",4,11,11047.9090909091,709.090909090909,13169,13870,3,3,3,{3}
2021-03-28,SAJED,Jeddah,EGPSD,"Port Said",2,2,"ANL; APL; CMA CGM; COSCO; Hamburg Sud; Hapag-Lloyd; Maersk Line; SeaLand",8,15,15808.5714285714,2037.64285714286,6690,9962,2,2.5,3,"{2,3}"
2021-03-28,SAJED,Jeddah,EGSOK,Sokhna,3,3,"Alianca; APL; CMA CGM; CNC Line-Cheng Lie Navigation Co. Ltd.; COSCO; Evergreen Line; GFS; Hamburg Sud; Maersk Line; OOCL; PIL",11,22,23717.3527777778,1592.73333333333,2732,14500,2,2,3,"{2,2,3}"
2021-03-28,SAJED,Jeddah,ILASH,Ashdod,1,1,"Hapag-Lloyd; Hyundai; ONE; Yang Ming",4,11,11348.9090909091,781.818181818182,13169,14100,10,10,10,{10}
2021-03-28,SAJED,Jeddah,JOAQB,Aqaba,2,2,"Alianca; GFS; Hamburg Sud; Hapag-Lloyd; Maersk Line; ONE; Wan Hai; Yang Ming",8,13,7729.45,703.15,2732,6258,2,2,2,"{2,2}"
2021-03-28,SAJED,Jeddah,LBKYE,"Tripoli Lebanon",1,1,"APL; CMA CGM; COSCO; Hapag-Lloyd; OOCL",5,8,7214.625,615.75,5618,8465,3,3,3,{3}
2021-03-28,SAJED,Jeddah,LKCMB,Colombo,1,1,"COSCO; Hapag-Lloyd; ONE; OOCL; X-Press; Yang Ming",6,9,6232.33333333333,449.555555555556,5500,6921,9,9,9,{9}
2021-03-28,SAJED,Jeddah,MAPTM,Tanger,2,2,"APL; CMA CGM; COSCO; Hapag-Lloyd; ONE; OOCL",6,16,20166.875,1577,5688,13556,7,7.5,8,"{8,7}"
2021-03-28,SAJED,Jeddah,MYPKG,"Port Klang",3,3,"APL; CMA CGM; CNC Line-Cheng Lie Navigation Co. Ltd.; COSCO; Evergreen Line; OOCL; PIL; Turkon",8,29,27264.5777777778,2423.63333333333,5551,14500,11,12,13,"{11,13,12}"
2021-03-28,SAJED,Jeddah,OMSLL,Salalah,2,2,"Hamburg Sud; Maersk Line; SeaLand",3,14,11447.3333333333,1279.66666666667,4154,7154,3,3.5,4,"{4,3}"
2021-03-28,SAJED,Jeddah,PKBQM,"Port Qasim",1,1,"ANL; APL; CMA CGM; Hapag-Lloyd; ONE; OOCL",6,9,9476.88888888889,737.777777777778,8063,10114,6,6,6,{6}
2021-03-28,SAJED,Jeddah,QAHMD,Hamad,1,1,"APL; CMA CGM; COSCO; Hapag-Lloyd; OOCL",5,8,7214.625,615.75,5618,8465,6,6,6,{6}
2021-03-28,SAJED,Jeddah,SDPZU,"Port Sudan",2,2,"Hapag-Lloyd; Maersk Line; SeaLand",3,6,8033.4,1462,2202,4447,6,6,6,"{6,6}"
2021-03-28,SAJED,Jeddah,SGSIN,Singapore,4,4,"Hapag-Lloyd; Hyundai; ONE; Wan Hai; Yang Ming",5,48,41363.845959596,2792.99242424242,5466,14100,11,12.5,15,"{14,11,15,11}"
2021-03-28,SAJED,Jeddah,SOBBO,Berbera,2,2,"CMA CGM; PIL",2,5,4491.92857142857,637.428571428571,1542,1970,3,3,3,"{3,3}"
2021-03-28,SAJUB,Jubail,AEAUH,"Abu Dhabi",2,2,"APL; CMA CGM; CNC Line-Cheng Lie Navigation Co. Ltd.; COSCO; Evergreen Line; Hapag-Lloyd; Hyundai; ONE; OOCL; Yang Ming",10,15,21078.2678571429,1299.14285714286,8452,17292,1,1.5,2,"{1,2}"
2021-03-28,SAJUB,Jubail,AEJEA,"Dubai, Jebel Ali",2,2,"ANL; APL; CMA CGM; COSCO; Hapag-Lloyd; Maersk Line; Wan Hai",7,9,11831.5714285714,1775.14285714286,2546,9962,1,1,1,"{1,1}"
2021-03-28,SAKAC,"King Abdullah City",AEAUH,"Abu Dhabi",2,2,"Hamburg Sud; Maersk Line; MSC; SeaLand; ZIM",5,23,31024.5153846154,2445.07692307692,8063,23756,5,5.5,6,"{5,6}"
2021-03-28,SAKAC,"King Abdullah City",AEJEA,"Dubai, Jebel Ali",1,1,"Maersk Line; MSC; SeaLand; ZIM",4,11,18905.4545454545,1649.09090909091,15908,19224,7,7,7,{7}
2021-03-28,SAKAC,"King Abdullah City",DJJIB,Djibouti,1,1,MSC,1,8,8978.125,593.75,8034,9572,2,2,2,{2}
2021-03-28,SAKAC,"King Abdullah City",EGPSD,"Port Said",1,1,"Maersk Line; MSC; SeaLand; ZIM",4,11,18905.4545454545,1649.09090909091,15908,19224,2,2,2,{2}
2021-03-28,SAKAC,"King Abdullah City",ESBCN,Barcelona,1,1,"MSC; SCI-Shipping Corp. of India",2,9,12649.2222222222,833.333333333333,7455,14000,8,8,8,{8}
2021-03-28,SAKAC,"King Abdullah City",ITGIT,"Gioia Tauro",1,1,MSC,1,8,8978.125,593.75,8034,9572,5,5,5,{5}
2021-03-28,SAKAC,"King Abdullah City",LKCMB,Colombo,1,1,"MSC; SCI-Shipping Corp. of India",2,9,12649.2222222222,833.333333333333,7455,14000,8,8,8,{8}
2021-03-28,SAKAC,"King Abdullah City",OMSLL,Salalah,1,1,"Alianca; Hamburg Sud; Maersk Line; MSC; SeaLand; ZIM",6,11,15117.8181818182,1000,14036,15226,3,3,3,{3}
2021-03-28,SAKAC,"King Abdullah City",SAJED,Jeddah,2,2,"Alianca; GFS; Hamburg Sud; Maersk Line; SeaLand",5,10,6398.6,716.4,2732,4447,0,0,0,"{0,0}"
2021-03-28,SAKAC,"King Abdullah City",USNYC,"New York NY/NJ",1,1,"Hamburg Sud; Maersk Line; MSC; SeaLand; ZIM",5,11,9153.45454545455,805.727272727273,8112,11294,14,14,14,{14}
2021-03-28,SBHIR,Honiara,AUBNE,Brisbane,1,1,"ANL; APL",2,1,4740.57142857143,822.857142857143,1037,1037,3,3,3,{3}
2021-03-28,SBHIR,Honiara,FJSUV,Suva,1,1,"MELL; PDL-Pacific Direct Line; PIL",3,3,2160,400,1080,1080,3,3,3,{3}
2021-03-28,SBHIR,Honiara,NZTRG,Tauranga,1,1,"ANL; APL",2,1,4740.57142857143,822.857142857143,1037,1037,6,6,6,{6}
2021-03-28,SBHIR,Honiara,PGLNV,"Lihir Island",1,1,"Carpenters Shipping; Swire Shipping",2,1,6122.57142857143,666,2381,2381,3,3,3,{3}
2021-03-28,SBNOR,Noro,PGLAE,Lae,1,1,"Maersk Line; SeaLand",2,2,2555.42857142857,251.428571428571,1118,1118,2,2,2,{2}
2021-03-28,SCPOV,"Seychelles Is., Port Victoria",LKCMB,Colombo,1,1,"APL; CMA CGM; UAFL-United Africa Feeder Line",3,6,2315.16666666667,408.333333333333,1740,2520,6,6,6,{6}
2021-03-28,SCPOV,"Seychelles Is., Port Victoria",OMSLL,Salalah,1,1,"Maersk Line",1,4,2470,437.5,2450,2478,4,4,4,{4}
2021-03-28,SCPOV,"Seychelles Is., Port Victoria",TZDAR,"Dar es Salaam",1,1,"APL; CMA CGM; Emirates Shipping; Evergreen Line; ONE; OOCL; X-Press",7,7,2630.42857142857,444.571428571429,2478,2756,3,3,3,{3}
2021-03-28,SCPOV,"Seychelles Is., Port Victoria",TZZNZ,Zanzibar,1,1,"Emirates Shipping; UAFL-United Africa Feeder Line; WEC Lines",3,3,3579.42857142857,800,1728,2268,3,3,3,{3}
2021-03-28,SDPZU,"Port Sudan",DJJIB,Djibouti,1,1,"Maersk Line; SeaLand",2,5,3629.4,482,3398,4447,6,6,6,{6}
2021-03-28,SDPZU,"Port Sudan",SAJED,Jeddah,1,1,Hapag-Lloyd,1,1,4404,980,2202,2202,1,1,1,{1}
2021-03-28,SEGOT,Gothenburg,BEANR,Antwerp,1,1,MSC,1,1,1304,258,1304,1304,2,2,2,{2}
2021-03-28,SEGOT,Gothenburg,DEHAM,Hamburg,2,2,"APL; CMA CGM; COSCO; Evergreen Line; OOCL; Unifeeder",6,2,2154,470,1036,1118,1,1.5,2,"{1,2}"
2021-03-28,SEGOT,Gothenburg,DKAAR,Aarhus,2,2,"Alianca; APL; CMA CGM; COSCO; Hamburg Sud; Hapag-Lloyd; Maersk Line; MSC; OOCL; SeaLand; Unifeeder",11,14,20266.6153846154,1087.38461538462,868,20568,1,1,1,"{1,1}"
2021-03-28,SEGOT,Gothenburg,NLRTM,Rotterdam,1,1,"COSCO; Evergreen Line; OOCL",3,1,868,234,868,868,3,3,3,{3}
2021-03-28,SEGVX,Gavle,BEANR,Antwerp,1,1,MSC,1,2,1767,392.5,1678,1856,5,5,5,{5}
2021-03-28,SEGVX,Gavle,DEHAM,Hamburg,1,1,"APL; CMA CGM; Evergreen Line; Hapag-Lloyd; OOCL; Unifeeder",6,3,1472.66666666667,288.666666666667,1404,1574,2,2,2,{2}
2021-03-28,SEGVX,Gavle,SENRK,Norrköping,1,1,"Maersk Line; SeaLand",2,2,1578,130,1578,1578,1,1,1,{1}
2021-03-28,SEHAD,Halmstad,DEHAM,Hamburg,1,1,SeaLand,1,1,868,300,868,868,2,2,2,{2}
2021-03-28,SEHAD,Halmstad,NOOSL,Oslo,1,1,"CMA CGM; Unifeeder",2,1,809,150,809,809,0,0,0,{0}
2021-03-28,SEHAD,Halmstad,SEGOT,Gothenburg,1,1,"CMA CGM",1,1,1036,250,1036,1036,0,0,0,{0}
2021-03-28,SEHEL,Helsingborg,DEBRV,Bremerhaven,1,1,X-Press,1,1,698,120,698,698,2,2,2,{2}
2021-03-28,SEHEL,Helsingborg,DKAAR,Aarhus,1,1,"Eimskip; Royal Arctic Line",2,3,2148,500,2148,2148,1,1,1,{1}
2021-03-28,SEHEL,Helsingborg,DKCPH,Copenhagen,1,1,SeaLand,1,1,868,300,868,868,0,0,0,{0}
2021-03-28,SEHEL,Helsingborg,DKKAL,Kalundborg,1,1,"APL; CMA CGM; COSCO; Evergreen Line; Hapag-Lloyd; OOCL; Unifeeder",7,1,877,231,877,877,1,1,1,{1}
2021-03-28,SEHEL,Helsingborg,NLVLI,Flushing,1,1,"APL; CMA CGM; Evergreen Line; Hapag-Lloyd; Unifeeder",5,1,660,150,660,660,2,2,2,{2}
2021-03-28,SEHEL,Helsingborg,PLGDY,"Gdynia Poland",1,1,"Hapag-Lloyd; ONE",2,2,2096,350,1740,2452,2,2,2,{2}
2021-03-28,SEHEL,Helsingborg,SEGOT,Gothenburg,1,1,MSC,1,1,1304,258,1304,1304,1,1,1,{1}
2021-03-28,SEHEL,Helsingborg,SEHAD,Halmstad,2,2,"CMA CGM; Unifeeder",2,2,1845,400,809,1036,0,0,0,"{0,0}"
2021-03-28,SENRK,Norrköping,DEWVN,Wilhelmshaven,1,1,"Maersk Line; SeaLand",2,2,1578,130,1578,1578,3,3,3,{3}
2021-03-28,SESDL,Sundsvall,NLRTM,Rotterdam,1,1,"SCA Logistics",1,2,1600,314,1600,1600,6,6,6,{6}
2021-03-28,SESDL,Sundsvall,SEUME,Umea,1,1,"SCA Logistics",1,2,1600,314,1600,1600,1,1,1,{1}
2021-03-28,SESTO,Stockholm,DEKEL,Kiel,1,1,"APL; CMA CGM; Evergreen Line; Hapag-Lloyd; OOCL; Unifeeder",6,3,1472.66666666667,288.666666666667,1404,1574,2,2,2,{2}
2021-03-28,SESTO,Stockholm,SEGVX,Gavle,1,1,MSC,1,2,1767,392.5,1678,1856,1,1,1,{1}
2021-03-28,SEUME,Umea,SESDL,Sundsvall,1,1,"SCA Logistics",1,2,1600,314,1600,1600,1,1,1,{1}
2021-03-28,SGSIN,Singapore,AEJEA,"Dubai, Jebel Ali",4,4,"APL; CMA CGM; CNC Line-Cheng Lie Navigation Co. Ltd.; COSCO; Evergreen Line; Hapag-Lloyd; Hyundai; ONE; OOCL; PIL; Wan Hai; Yang Ming",12,29,47098.4107142857,2812.57142857143,8452,20988,8,8.5,9,"{8,8,9,9}"
2021-03-28,SGSIN,Singapore,AUBNE,Brisbane,3,3,"ANL; APL; COSCO; Hamburg Sud; Hapag-Lloyd; Maersk Line; ONE; OOCL; PIL",9,17,16116.1666666667,2341.8,4178,6921,10,10,10,"{10,10,10}"
2021-03-28,SGSIN,Singapore,AUFRE,Fremantle,2,2,"Alianca; ANL; APL; CMA CGM; Hamburg Sud; Hapag-Lloyd; Maersk Line; ONE; Safmarine",9,8,10697.8333333333,1193,1708,10622,5,5.5,6,"{6,5}"
2021-03-28,SGSIN,Singapore,AUMEL,Melbourne,1,1,"COSCO; OOCL; PIL; Yang Ming",4,5,4439,398.8,4211,4578,10,10,10,{10}
2021-03-28,SGSIN,Singapore,BDCGP,Chittagong,7,7,"Advance Container Lines; APL; CMA CGM; COSCO; Maersk Line; ONE; OOCL; PIL; Samudera; SOL; Yang Ming",11,9,20865.5714285714,2736.14285714286,938,2202,5,5,12,"{5,12,5,6,5,6,5}"
2021-03-28,SGSIN,Singapore,BRITJ,Itajai,1,1,"Alianca; Hamburg Sud; Hapag-Lloyd; Hyundai; Maersk Line; ONE; ZIM",7,13,8853.38461538462,1637.69230769231,8714,9030,25,25,25,{25}
2021-03-28,SGSIN,Singapore,BRRIO,"Rio de Janeiro",1,1,"CMA CGM; COSCO; Evergreen Line; OOCL; PIL; Yang Ming",6,12,9011.75,1210.83333333333,8452,9452,22,22,22,{22}
2021-03-28,SGSIN,Singapore,BRSPB,Sepetiba,1,1,"CMA CGM; COSCO; Evergreen Line; OOCL; PIL",5,12,5804.66666666667,533.833333333333,4800,7403,23,23,23,{23}
2021-03-28,SGSIN,Singapore,BRSSZ,Santos,1,1,"Alianca; Hamburg Sud; Hapag-Lloyd; Maersk Line; MSC; ONE",6,14,10283.1428571429,1272.5,8772,11923,27,27,27,{27}
2021-03-28,SGSIN,Singapore,CMKBI,Kribi,1,1,"APL; CMA CGM; CNC Line-Cheng Lie Navigation Co. Ltd.; Maersk Line",4,13,4092.69230769231,409.692307692308,3534,5700,21,21,21,{21}
2021-03-28,SGSIN,Singapore,CNDCB,"Da Chan Bay",1,1,"Hyundai; Sinokor; TS Lines",3,7,5667.57142857143,648.285714285714,4728,6763,4,4,4,{4}
2021-03-28,SGSIN,Singapore,CNDLC,Dalian,1,1,"Hamburg Sud; Maersk Line; SeaLand",3,7,3781.14285714286,323,1740,5100,10,10,10,{10}
2021-03-28,SGSIN,Singapore,CNNGB,Ningbo,1,1,"CMA CGM; Hyundai; Sinokor",3,5,1841.2,324.8,1707,2202,7,7,7,{7}
2021-03-28,SGSIN,Singapore,CNNSA,Nansha,3,3,"APL; CMA CGM; CNC Line-Cheng Lie Navigation Co. Ltd.; COSCO; Evergreen Line; ONE; OOCL; PIL; Yang Ming",9,19,16783.3214285714,981.785714285714,2800,17292,2,4,7,"{4,2,7}"
2021-03-28,SGSIN,Singapore,CNSHA,Shanghai,11,11,"Alianca; APL; CMA CGM; CNC Line-Cheng Lie Navigation Co. Ltd.; COSCO; Emirates Shipping; Evergreen Line; Gold Star Line; Hamburg Sud; Hapag-Lloyd; Hyundai; Maersk Line; MSC; ONE; OOCL; PIL; SeaLand; Wan Hai; X-Press; Yang Ming; ZIM",21,101,86381.9707875458,6006.18298368298,3003,20568,6,7,10,"{7,6,6,10,7,7,7,7,9,6,9}"
2021-03-28,SGSIN,Singapore,CNSHK,Shekou,2,2,"Alianca; ANL; APL; CMA CGM; CNC Line-Cheng Lie Navigation Co. Ltd.; COSCO; Hamburg Sud; Hapag-Lloyd; Maersk Line; MSC; OOCL; SeaLand; ZIM",13,23,28076.0378787879,2340.75757575758,8704,19224,3,3.5,4,"{4,3}"
2021-03-28,SGSIN,Singapore,CNTAO,Qingdao,6,6,"APL; CMA CGM; CNC Line-Cheng Lie Navigation Co. Ltd.; COSCO; Emirates Shipping; Evergreen Line; Gold Star Line; Hapag-Lloyd; Hyundai; KMTC; Maersk Line; NileDutch; ONE; OOCL; PIL; RCL; Yang Ming; ZIM",18,57,51151.989010989,4029.00915750916,4250,23964,6,8,10,"{10,8,6,6,9,8}"
2021-03-28,SGSIN,Singapore,CNTXG,Xingang/Tianjin,5,5,"Alianca; COSCO; Evergreen Line; Feedertech; Hamburg Sud; Hapag-Lloyd; Hyundai; Maersk Line; MSC; ONE; OOCL; PIL; SeaLand; TS Lines; ZIM",15,43,40542.0443722944,2667.53968253968,3081,15226,1,8,10,"{10,8,8,7,1}"
2021-03-28,SGSIN,Singapore,CNXMN,Xiamen,1,1,"Alianca; Hamburg Sud; Maersk Line; MSC; SeaLand; ZIM",6,11,8682.81818181818,864.363636363636,7943,9962,5,5,5,{5}
2021-03-28,SGSIN,Singapore,CNYTN,Yantian,4,4,"APL; CMA CGM; CNC Line-Cheng Lie Navigation Co. Ltd.; COSCO; Evergreen Line; Hamburg Sud; Hapag-Lloyd; Hyundai; Maersk Line; MSC; ONE; OOCL; SeaLand; Yang Ming",14,45,65897.2490842491,4507.48534798535,4250,23964,4,4,5,"{5,4,4,4}"
2021-03-28,SGSIN,Singapore,DJJIB,Djibouti,1,1,"APL; CMA CGM; CNC Line-Cheng Lie Navigation Co. Ltd.; COSCO; Evergreen Line; OOCL; PIL",7,8,10249.375,725,10086,13208,9,9,9,{9}
2021-03-28,SGSIN,Singapore,EGPSD,"Port Said",3,3,"Alianca; APL; CMA CGM; CNC Line-Cheng Lie Navigation Co. Ltd.; COSCO; Evergreen Line; Hamburg Sud; Maersk Line; MSC; OOCL; SeaLand; Turkon; ZIM",13,34,47553.5335664336,3956.67692307692,8948,23756,13,13,19,"{19,13,13}"
2021-03-28,SGSIN,Singapore,FRLEH,"Le Havre",1,1,"APL; CMA CGM; CNC Line-Cheng Lie Navigation Co. Ltd.; COSCO; Evergreen Line; OOCL",6,12,20949.5,1816.5,16020,23112,21,21,21,{21}
2021-03-28,SGSIN,Singapore,GBFXT,Felixstowe,1,1,"APL; CMA CGM; CNC Line-Cheng Lie Navigation Co. Ltd.; COSCO; Evergreen Line; OOCL",6,12,18983.6666666667,916.166666666667,19100,21413,19,19,19,{19}
2021-03-28,SGSIN,Singapore,GHTEM,Tema,2,2,"APL; CMA CGM; COSCO; Gold Star Line; ONE; OOCL; PIL; ZIM",8,20,8782.17748917749,512.02886002886,3081,4506,15,20,25,"{15,25}"
2021-03-28,SGSIN,Singapore,GRPIR,Piraeus,3,3,"APL; CMA CGM; CNC Line-Cheng Lie Navigation Co. Ltd.; COSCO; Evergreen Line; Hapag-Lloyd; Hyundai; ONE; OOCL; Yang Ming",10,32,47915.2181818182,2826.54545454545,10114,20988,14,14,15,"{14,15,14}"
2021-03-28,SGSIN,Singapore,HKHKG,"Hong Kong",21,21,"Alianca; APL; CMA CGM; CNC Line-Cheng Lie Navigation Co. Ltd.; COSCO; Evergreen Line; Gold Star Line; Hamburg Sud; Hapag-Lloyd; Heung-A; Hyundai; IAL-Interasia Lines; KMTC; Maersk Line; MSC; ONE; OOCL; PIL; RCL; SeaLand; Sinotrans; TS Lines; Wan Hai; Yang Ming; ZIM",25,161,146377.26524309,14113.0314130314,1708,19100,2,4,6,"{4,4,4,4,5,2,4,4,6,3,4,5,5,4,5,3,4,3,4,3,4}"
2021-03-28,SGSIN,Singapore,IDJKT,"Jakarta, Java",13,13,"ANL; APL; CMA CGM; CNC Line-Cheng Lie Navigation Co. Ltd.; Hamburg Sud; Hapag-Lloyd; Heung-A; Hyundai; KMTC; Maersk Line; MSC; ONE; OOCL; SeaLand; Sinokor; TS Lines; Wan Hai; ZIM",18,55,61535.6976190476,7400.9380952381,1638,5908,1,3,5,"{3,2,3,4,2,3,2,3,1,3,2,5,2}"
2021-03-28,SGSIN,Singapore,INCCU,Kolkata,2,2,"Advance Container Lines; ANL; BTL-Bengal Tiger Line; CMA CGM; PIL; X-Press",6,3,3542.85714285714,462.285714285714,907,1100,5,5,5,"{5,5}"
2021-03-28,SGSIN,Singapore,INHAL,Haldia,2,2,"Advance Container Lines; Gold Star Line; PIL; SeaLand; SOL; Yang Ming; ZIM",7,5,2470.78571428571,322.642857142857,887,1155,5,5,5,"{5,5}"
2021-03-28,SGSIN,Singapore,INNSA,"Mumbai (Nhava Sheva)",1,1,"APL; CMA CGM; CNC Line-Cheng Lie Navigation Co. Ltd.; COSCO; OOCL; PIL; RCL",7,6,8858.83333333333,716.666666666667,6554,10106,7,7,7,{7}
2021-03-28,SGSIN,Singapore,JPTYO,Tokyo,1,1,"Hapag-Lloyd; ONE",2,4,4758.75,450,4432,5527,9,9,9,{9}
2021-03-28,SGSIN,Singapore,JPUKB,Kobe,1,1,"APL; CMA CGM; COSCO; Evergreen Line; Hapag-Lloyd; Hyundai; ONE; Yang Ming",8,15,8682.93333333333,797.466666666667,8212,9592,7,7,7,{7}
2021-03-28,SGSIN,Singapore,KEMBA,Mombasa,1,1,PIL,1,8,4397.42857142857,257.142857142857,2800,4250,13,13,13,{13}
2021-03-28,SGSIN,Singapore,KRPUS,Busan,1,1,"Hapag-Lloyd; ONE; Wan Hai; Yang Ming",4,8,4960.25,468.75,5466,6258,7,7,7,{7}
2021-03-28,SGSIN,Singapore,LKCMB,Colombo,7,7,"ANL; APL; CMA CGM; CNC Line-Cheng Lie Navigation Co. Ltd.; COSCO; Evergreen Line; Gold Star Line; Hapag-Lloyd; Hyundai; MSC; ONE; OOCL; RCL; SeaLand; Yang Ming; ZIM",16,79,70140.9316738817,4539.5974025974,5250,20150,3,4,5,"{3,5,4,4,5,4,4}"
2021-03-28,SGSIN,Singapore,MAPTM,Tanger,1,1,"APL; CMA CGM; CNC Line-Cheng Lie Navigation Co. Ltd.; COSCO; Evergreen Line; OOCL",6,12,16732.0833333333,1257,13892,17859,17,17,17,{17}
2021-03-28,SGSIN,Singapore,MTMAR,"Malta (Marsaxlokk)",2,2,"APL; CMA CGM; CNC Line-Cheng Lie Navigation Co. Ltd.; COSCO; Evergreen Line; OOCL",6,21,18609.2454545455,1491.97272727273,5551,14812,15,15.5,16,"{15,16}"
2021-03-28,SGSIN,Singapore,MUPLU,"Port Louis",1,1,MSC,1,10,8128.3,296,3500,13800,11,11,11,{11}
2021-03-28,SGSIN,Singapore,MYBKI,"Kota Kinabalu, Sabah",1,1,"Maersk Line; SeaLand",2,5,1978.05714285714,408.457142857143,1714,1756,3,3,3,{3}
2021-03-28,SGSIN,Singapore,MYBTU,"Bintulu, Sarawak",1,1,"Hamburg Sud; Maersk Line; SeaLand",3,4,1741.75,366.25,1713,1774,2,2,2,{2}
2021-03-28,SGSIN,Singapore,MYPGU,"Pasir Gudang, Johor",2,2,"IAL-Interasia Lines; KMTC; SeaLand; Wan Hai; ZIM",5,11,7163.4,669.4,2586,5060,0,0,0,"{0,0}"
2021-03-28,SGSIN,Singapore,MYPKG,"Port Klang",37,37,"ANL; APL; BTL-Bengal Tiger Line; CMA CGM; CNC Line-Cheng Lie Navigation Co. Ltd.; COSCO; Emirates Shipping; Evergreen Line; Feedertech; Gold Star Line; Hapag-Lloyd; Heung-A; Hyundai; IAL-Interasia Lines; KMTC; Maersk Line; ONE; OOCL; PIL; RCL; SeaLand; Sinokor; Sinotrans; SOL; TS Lines; Wan Hai; X-Press; Yang Ming; ZIM",29,210,165182.380701754,17629.5309713678,1398,15072,0,1,3,"{1,1,0,1,2,1,2,1,1,1,0,1,1,1,3,1,2,0,2,1,1,1,1,1,1,1,1,1,1,1,2,1,1,0,2,3,2}"
2021-03-28,SGSIN,Singapore,MYTPP,"Tanjung Pelepas",12,12,"Alianca; APL; CMA CGM; CNC Line-Cheng Lie Navigation Co. Ltd.; COSCO; Emirates Shipping; Evergreen Line; Hamburg Sud; Hapag-Lloyd; Maersk Line; MSC; ONE; OOCL; SeaLand; X-Press; ZIM",16,95,60965.1526390276,5871.26057276057,1740,19630,0,1,3,"{0,0,1,0,0,3,2,0,1,1,1,1}"
2021-03-28,SGSIN,Singapore,NLRTM,Rotterdam,3,3,"APL; CMA CGM; COSCO; Evergreen Line; Hapag-Lloyd; Hyundai; ONE; Yang Ming",8,40,36947.9461538462,2625.09487179487,5023,23964,21,21,22,"{22,21,21}"
2021-03-28,SGSIN,Singapore,NZAKL,Auckland,1,1,"ANL; APL; CMA CGM; COSCO; OOCL; PIL",6,6,4891.5,536.666666666667,4335,5067,11,11,11,{11}
2021-03-28,SGSIN,Singapore,PGLAE,Lae,1,1,"Carpenters Shipping; Swire Shipping",2,1,6122.57142857143,666,2381,2381,8,8,8,{8}
2021-03-28,SGSIN,Singapore,PHBTG,Batangas,1,1,"Hamburg Sud; Maersk Line; OOCL; SeaLand; TS Lines",5,5,4236.4,611.2,4132,4300,6,6,6,{6}
2021-03-28,SGSIN,Singapore,PHMNN,"Manila North Harbor",2,2,"APL; CMA CGM; CNC Line-Cheng Lie Navigation Co. Ltd.; COSCO; Evergreen Line; Feedertech; KMTC; ONE; OOCL; RCL; TS Lines",11,10,8915.16666666667,879,2910,6655,1,2,3,"{1,3}"
2021-03-28,SGSIN,Singapore,PHMNS,"Manila South Harbor",1,1,"APL; CMA CGM; CNC Line-Cheng Lie Navigation Co. Ltd.; Evergreen Line; ONE; TS Lines; Yang Ming; ZIM",8,4,2940,272.25,2940,2940,5,5,5,{5}
2021-03-28,SGSIN,Singapore,PKKHI,Karachi,1,1,"OOCL; Yang Ming",2,6,4719.66666666667,425.833333333333,4250,5527,7,7,7,{7}
2021-03-28,SGSIN,Singapore,SAJED,Jeddah,3,3,"APL; CMA CGM; CNC Line-Cheng Lie Navigation Co. Ltd.; COSCO; Evergreen Line; Hapag-Lloyd; Hyundai; ONE; OOCL; PIL; Yang Ming",11,31,33095.595959596,2124.24242424242,11923,14500,10,11,11,"{10,11,11}"
2021-03-28,SGSIN,Singapore,SAKAC,"King Abdullah City",2,2,"Hamburg Sud; Maersk Line; MSC; SeaLand; ZIM",5,22,28058.9090909091,2454.81818181818,8112,19224,10,10.5,11,"{10,11}"
2021-03-28,SGSIN,Singapore,THLCH,"Laem Chabang",9,9,"ANL; APL; BTL-Bengal Tiger Line; CMA CGM; CNC Line-Cheng Lie Navigation Co. Ltd.; COSCO; Evergreen Line; Feedertech; Hapag-Lloyd; Hyundai; Maersk Line; MSC; ONE; OOCL; PIL; RCL; SeaLand; X-Press; Yang Ming",19,86,75765.793328017,6042.39489633174,4211,20568,2,3,5,"{2,3,5,2,3,5,2,3,4}"
2021-03-28,SGSIN,Singapore,TWKHH,Kaohsiung,5,5,"APL; CMA CGM; CNC Line-Cheng Lie Navigation Co. Ltd.; Evergreen Line; Hapag-Lloyd; Hyundai; IAL-Interasia Lines; ONE; SeaLand; Wan Hai; Yang Ming; ZIM",12,33,36285.5757575758,2735.31818181818,2742,14100,2,5,5,"{4,5,5,2,5}"
2021-03-28,SGSIN,Singapore,USNYC,"New York NY/NJ",1,1,"Hapag-Lloyd; Hyundai; ONE; Yang Ming",4,12,13601.6666666667,833.333333333333,10100,14100,24,24,24,{24}
2021-03-28,SGSIN,Singapore,VNHPH,Haiphong,2,2,"Advance Container Lines; COSCO; IAL-Interasia Lines; ONE; OOCL; PIL; Wan Hai",7,7,6177.2,640.4,1808,4583,3,4.5,6,"{6,3}"
2021-03-28,SGSIN,Singapore,VNSGN,"Ho Chi Minh (VICT/Cat Lai)",2,2,"CMA CGM; CNC Line-Cheng Lie Navigation Co. Ltd.; COSCO; Yang Ming",4,6,3150,385.25,1440,1800,1,1.5,2,"{2,1}"
2021-03-28,SGSIN,Singapore,VNVUT,"Cai Mep (near Ho Chi Minh)",4,4,"ANL; APL; CMA CGM; CNC Line-Cheng Lie Navigation Co. Ltd.; COSCO; Evergreen Line; Hapag-Lloyd; Hyundai; MSC; ONE; OOCL; Wan Hai; Yang Ming",13,31,24092.25,2008.36363636364,2732,9289,1,2.5,3,"{2,1,3,3}"
2021-03-28,SGSIN,Singapore,ZACPT,"Cape Town",1,1,"APL; CMA CGM; CNC Line-Cheng Lie Navigation Co. Ltd.; COSCO; Maersk Line; NileDutch",6,12,7715.75,741.666666666667,7090,9200,17,17,17,{17}
2021-03-28,SGSIN,Singapore,ZADUR,Durban,1,1,"COSCO; Evergreen Line; Gold Star Line; Hapag-Lloyd; ONE; OOCL; ZIM",7,8,4765.75,343,4253,5090,14,14,14,{14}
2021-03-28,SIKOP,Koper,GRPIR,Piraeus,2,2,"APL; CMA CGM; COSCO; Evergreen Line; Hapag-Lloyd; MSC; OOCL; SeaLand; Tarros; Unimed Feeder Services-UFS",10,7,5042.16666666667,841.25,2078,2926,2,2.5,3,"{3,2}"
2021-03-28,SIKOP,Koper,HRRJK,Rijeka,1,1,"CMA CGM; Hapag-Lloyd; X-Press",3,3,1317.66666666667,337,1267,1345,1,1,1,{1}
2021-03-28,SIKOP,Koper,ITAOI,Ancona,1,1,"Hapag-Lloyd; ONE",2,3,1731,325.666666666667,1713,1740,2,2,2,{2}
2021-03-28,SIKOP,Koper,ITGIT,"Gioia Tauro",1,1,MSC,1,1,925,200,925,925,2,2,2,{2}
2021-03-28,SIKOP,Koper,ITRAN,Ravenna,1,1,"MSC; SeaLand",2,2,1498.5,322,1162,1835,1,1,1,{1}
2021-03-28,SIKOP,Koper,ITTRS,Trieste,3,3,"Alianca; APL; CMA CGM; CNC Line-Cheng Lie Navigation Co. Ltd.; COSCO; Evergreen Line; Hamburg Sud; Maersk Line; MSC; OOCL; SeaLand; ZIM",12,23,23574.5181818182,1926.7,1658,15226,0,0,0,"{0,0,0}"
2021-03-28,SIKOP,Koper,ITVCE,Venice,2,2,"COSCO; OOCL; Yang Ming; ZIM",4,5,2841.5,426,1061,1706,1,1,1,"{1,1}"
2021-03-28,SLFNA,Freetown,LRMLW,Monrovia,1,1,"APL; CMA CGM",2,5,2128.6,238,1691,2285,2,2,2,{2}
2021-03-28,SNDKR,Dakar,CIABJ,Abidjan,1,1,"Maersk Line",1,5,3876.8,404,3500,4380,6,6,6,{6}
2021-03-28,SNDKR,Dakar,CISPY,"San Pedro, Ivory Coast",1,1,MSC,1,7,4895.57142857143,515.714285714286,4549,5711,3,3,3,{3}
2021-03-28,SNDKR,Dakar,ESALG,Algeciras,1,1,"APL; CMA CGM; COSCO; NileDutch; OOCL",5,6,4387.5,493.333333333333,3765,4957,5,5,5,{5}
2021-03-28,SNDKR,Dakar,ESVLC,Valencia,1,1,MSC,1,7,4895.57142857143,515.714285714286,4549,5711,4,4,4,{4}
2021-03-28,SNDKR,Dakar,GHTEM,Tema,1,1,"APL; CMA CGM; COSCO; NileDutch; OOCL",5,6,4387.5,493.333333333333,3765,4957,6,6,6,{6}
2021-03-28,SNDKR,Dakar,GNCKY,Conakry,1,1,MSC,1,7,2690.85714285714,214.285714285714,3005,3430,2,2,2,{2}
2021-03-28,SNDKR,Dakar,MAPTM,Tanger,1,1,"Maersk Line",1,5,3876.8,404,3500,4380,4,4,4,{4}
2021-03-28,SNDKR,Dakar,MRNKC,Nouakchott,1,1,"Hapag-Lloyd; ONE",2,2,3480,645,1740,1740,3,3,3,{3}
2021-03-28,SNDKR,Dakar,NGTIN,"Lagos, Tin Can",1,1,"COSCO; Messina; MSC; OOCL",4,3,5115.33333333333,990.666666666667,2303,2824,6,6,6,{6}
2021-03-28,SOBBO,Berbera,ERMSW,Massawa,1,1,"CMA CGM",1,1,2643.42857142857,339.428571428571,1542,1542,3,3,3,{3}
2021-03-28,SOBBO,Berbera,INMUN,Mundra,1,1,PIL,1,4,1848.5,298,1808,1970,6,6,6,{6}
2021-03-28,SOBBO,Berbera,SAJED,Jeddah,1,1,"Alianca; GFS; Hamburg Sud; Maersk Line",4,5,2769.2,234.4,2732,2826,4,4,4,{4}
2021-03-28,SOMGQ,Mogadishu,KMLOG,"Longoni Comoros Is",1,1,"APL; CMA CGM; UAFL-United Africa Feeder Line",3,6,2315.16666666667,408.333333333333,1740,2520,4,4,4,{4}
2021-03-28,SRPBM,Paramaribo,GFDDC,"Degrad des Cannes",1,1,"CMA CGM",1,2,692,108,672,712,1,1,1,{1}
2021-03-28,SRPBM,Paramaribo,GYGEO,"Georgetown, Guyana",2,2,"CMA CGM; COSCO; Evergreen Line; Hamburg Sud; Maersk Line; SeaLand",6,6,2882.66666666667,478.666666666667,1114,1708,1,2,3,"{3,1}"
2021-03-28,SRPBM,Paramaribo,TTPOS,"Port of Spain",1,1,"Caribbean Feeder; Hapag-Lloyd; ZIM",3,3,1236.66666666667,333.333333333333,1118,1296,2,2,2,{2}
2021-03-28,SVAQJ,Acajutla,CRCAL,"Puerto Caldera",1,1,"COSCO; Evergreen Line; OOCL; X-Press",4,4,1948.5,374,1713,2546,1,1,1,{1}
2021-03-28,SVAQJ,Acajutla,GTPRQ,"Puerto Quetzal",2,2,"Alianca; APL; CMA CGM; COSCO; Evergreen Line; Hamburg Sud; Maersk Line; OOCL; SeaLand; X-Press",10,9,4496.1,926,1713,2554,0,0,0,"{0,0}"
2021-03-28,SVAQJ,Acajutla,NICIO,Corinto,2,2,"Alianca; APL; CMA CGM; Hamburg Sud; Hapag-Lloyd; Maersk Line; ONE; SeaLand",8,9,5181.1,986,2542,2664,1,3,5,"{5,1}"
2021-03-28,SXSXM,"St Maarten",AGSJO,"St John's, Antigua",1,1,"King Ocean; Seaboard Marine",2,2,1339.5,351.5,966,1713,0,0,0,{0}
2021-03-28,SXSXM,"St Maarten",CASJB,"Saint John, New Brunswick",1,1,"APL; CMA CGM",2,3,1287.33333333333,310.666666666667,1221,1345,7,7,7,{7}
2021-03-28,SXSXM,"St Maarten",JMKIN,Kingston,1,1,"CMA CGM",1,2,690.5,,677,704,3,3,3,{3}
2021-03-28,SXSXM,"St Maarten",KNBAS,"Basseterre, St Kitts",1,1,"King Ocean; Seaboard Marine",2,4,1394.5,335,957,2546,1,1,1,{1}
2021-03-28,SXSXM,"St Maarten",TTPOS,"Port of Spain",1,1,"APL; CMA CGM",2,6,2150,565,2100,2200,1,1,1,{1}
2021-03-28,SXSXM,"St Maarten",VGRAD,Tortola,2,2,"Tropical Shipping",1,3,3207.5,707,850,1148,1,1,1,"{1,1}"
2021-03-28,SYLTK,Lattakia,EGPSD,"Port Said",2,2,"CMA CGM; Maersk Line; SeaLand; Unimed Feeder Services-UFS",4,2,2079,416,951,1128,1,1.5,2,"{2,1}"
2021-03-28,SYLTK,Lattakia,GRPIR,Piraeus,1,1,"Hapag-Lloyd; Maersk Line; MCL; SeaLand; Unimed Feeder Services-UFS",5,1,1290.28571428571,173.714285714286,1129,1129,3,3,3,{3}
2021-03-28,SYLTK,Lattakia,LBBEY,Beirut,1,1,"APL; Arkas Line; CMA CGM; Messina; Tarros",5,4,2054.89285714286,304.714285714286,1445,1740,1,1,1,{1}
2021-03-28,SYLTK,Lattakia,TRISK,Iskenderun,1,1,"Alianca; APL; Arkas Line; CMA CGM; Hamburg Sud; Hapag-Lloyd; Maersk Line; OOCL",8,4,2210.75,306,1445,2478,1,1,1,{1}
2021-03-28,SYLTK,Lattakia,TRIZM,Izmir,1,1,MSC,1,3,1108,126.666666666667,1064,1158,2,2,2,{2}
2021-03-28,SYTTS,Tartus,SYLTK,Lattakia,1,1,MSC,1,3,1108,126.666666666667,1064,1158,1,1,1,{1}
2021-03-28,TCGDT,"Grand Turk",USPAB,"Palm Beach FL",1,1,"Tropical Shipping",1,1,306,66,306,306,3,3,3,{3}
2021-03-28,TCPLS,Providenciales,TCGDT,"Grand Turk",1,1,"Tropical Shipping",1,1,306,66,306,306,0,0,0,{0}
2021-03-28,TCPLS,Providenciales,TCXSC,"South Caicos, Cockburn Harbour",1,1,"Tropical Shipping",1,1,306,66,306,306,0,0,0,{0}
2021-03-28,TCPLS,Providenciales,USPAB,"Palm Beach FL",1,1,"Tropical Shipping",1,1,306,66,306,306,4,4,4,{4}
2021-03-28,TCXSC,"South Caicos, Cockburn Harbour",TCPLS,Providenciales,1,1,"Tropical Shipping",1,1,306,66,306,306,1,1,1,{1}
2021-03-28,TGLFW,Lome,BJCOO,Cotonou,3,3,"APL; CMA CGM; COSCO; Gold Star Line; Marguisa; MSC; ONE; OOCL; PIL; ZIM",10,24,13239.9155844156,1426.46536796537,3091,5711,1,1,2,"{2,1,1}"
2021-03-28,TGLFW,Lome,CISPY,"San Pedro, Ivory Coast",1,1,MSC,1,7,2690.85714285714,214.285714285714,3005,3430,2,2,2,{2}
2021-03-28,TGLFW,Lome,GHTEM,Tema,1,1,MSC,1,12,12101.25,501.666666666667,8063,14952,2,2,2,{2}
2021-03-28,TGLFW,Lome,LKCMB,Colombo,1,1,"APL; CMA CGM; CNC Line-Cheng Lie Navigation Co. Ltd.; Maersk Line",4,13,4092.69230769231,409.692307692308,3534,5700,26,26,26,{26}
2021-03-28,TGLFW,Lome,MYPKG,"Port Klang",1,1,"COSCO; PIL",2,9,3763.33333333333,34.4444444444444,3081,3889,15,15,15,{15}
2021-03-28,TGLFW,Lome,NGONN,Onne,2,2,"APL; CMA CGM; CNC Line-Cheng Lie Navigation Co. Ltd.; COSCO; Hamburg Sud; Maersk Line; PIL; SeaLand",8,22,8512.64102564103,410.444444444444,3081,5466,2,2,2,"{2,2}"
2021-03-28,TGLFW,Lome,NGTIN,"Lagos, Tin Can",1,1,MSC,1,5,6002.6,484.4,5711,6730,0,0,0,{0}
2021-03-28,TGLFW,Lome,SNDKR,Dakar,2,2,"Maersk Line; MSC",2,12,8772.37142857143,919.714285714286,3500,5711,5,8,11,"{5,11}"
2021-03-28,THBKK,"Bangkok (Old Port)",HKHKG,"Hong Kong",1,1,"APL; CMA CGM; CNC Line-Cheng Lie Navigation Co. Ltd.; Evergreen Line; SeaLand; TS Lines; Yang Ming",7,4,1731.75,348.5,1707,1756,4,4,4,{4}
2021-03-28,THBKK,"Bangkok (Old Port)",THLCH,"Laem Chabang",26,26,"Alianca; ANL; APL; CK Line; CMA CGM; CNC Line-Cheng Lie Navigation Co. Ltd.; COSCO; Dongjin Shipping; Evergreen Line; Hamburg Sud; Heung-A; Hyundai; IAL-Interasia Lines; KMTC; Namsung; ONE; PanCon; PanOcean; RCL; SeaLand; Sinokor; Sinotrans; SITC Shipping; SM Line; TS Lines; Wan Hai; Yang Ming",27,91,44028.5,5964.06666666667,1022,2200,0,1,2,"{0,1,1,1,1,0,1,1,2,1,2,1,1,2,1,1,1,1,1,1,1,1,2,0,1,1}"
2021-03-28,THBKK,"Bangkok (Old Port)",VNSGN,"Ho Chi Minh (VICT/Cat Lai)",3,3,"CMA CGM; CNC Line-Cheng Lie Navigation Co. Ltd.; Evergreen Line; Gold Star Line; Heung-A; Jin Jiang; KMTC; ONE; Sinokor; TS Lines; ZIM",11,9,5220.33333333333,815.666666666667,1512,1809,1,2,3,"{1,3,2}"
2021-03-28,THLCH,"Laem Chabang",CNNGB,Ningbo,1,1,"COSCO; RCL",2,3,1628,121.333333333333,1440,1946,8,8,8,{8}
2021-03-28,THLCH,"Laem Chabang",CNQZH,Qinzhou,1,1,"SeaLand; Wan Hai; Yang Ming",3,3,1778.33333333333,314.666666666667,1730,1805,3,3,3,{3}
2021-03-28,THLCH,"Laem Chabang",CNSHA,Shanghai,1,1,"Evergreen Line",1,4,1852.75,157.5,1809,1984,6,6,6,{6}
2021-03-28,THLCH,"Laem Chabang",CNSHK,Shekou,1,1,OOCL,1,3,4578,400,4578,4578,4,4,4,{4}
2021-03-28,THLCH,"Laem Chabang",CNYTN,Yantian,1,1,"Maersk Line; MSC; SeaLand",3,10,14007.8,800.4,12400,20568,4,4,4,{4}
2021-03-28,THLCH,"Laem Chabang",HKHKG,"Hong Kong",10,10,"Alianca; APL; CMA CGM; CNC Line-Cheng Lie Navigation Co. Ltd.; COSCO; Evergreen Line; Gold Star Line; Hamburg Sud; Heung-A; IAL-Interasia Lines; KMTC; Maersk Line; ONE; OOCL; SeaLand; TS Lines; Wan Hai; Yang Ming; ZIM",19,35,22195.0833333333,2686.33333333333,1096,5344,4,4,5,"{4,4,4,5,4,4,4,4,4,5}"
2021-03-28,THLCH,"Laem Chabang",IDJKT,"Jakarta, Java",1,1,"KMTC; Sinokor; TS Lines",3,4,2384.5,339,1740,2806,3,3,3,{3}
2021-03-28,THLCH,"Laem Chabang",JPTYO,Tokyo,1,1,"KMTC; ONE; Yang Ming",3,3,2858,354,2858,2858,9,9,9,{9}
2021-03-28,THLCH,"Laem Chabang",KHKOS,Sihanoukville,1,1,"Wan Hai",1,2,973.5,60,907,1040,2,2,2,{2}
2021-03-28,THLCH,"Laem Chabang",MYTPP,"Tanjung Pelepas",1,1,MSC,1,4,2850,488.5,2470,3534,3,3,3,{3}
2021-03-28,THLCH,"Laem Chabang",PHBTG,Batangas,1,1,"ONE; SITC Shipping",2,3,1064.66666666667,90,1005,1157,5,5,5,{5}
2021-03-28,THLCH,"Laem Chabang",PHMNN,"Manila North Harbor",1,1,"ANL; APL; CMA CGM; CNC Line-Cheng Lie Navigation Co. Ltd.; Hyundai",5,6,1820,307,1730,1952,5,5,5,{5}
2021-03-28,THLCH,"Laem Chabang",SGSIN,Singapore,5,5,"APL; BTL-Bengal Tiger Line; CMA CGM; COSCO; Evergreen Line; Feedertech; Hyundai; Maersk Line; MSC; ONE; OOCL; PIL; RCL; X-Press; Yang Ming; ZIM",16,31,28614.95,3035.3696969697,4211,9962,3,4,10,"{3,4,4,10,4}"
2021-03-28,THLCH,"Laem Chabang",THBKK,"Bangkok (Old Port)",19,17,"Alianca; ANL; APL; CK Line; CMA CGM; CNC Line-Cheng Lie Navigation Co. Ltd.; Dongjin Shipping; Evergreen Line; Gold Star Line; Hamburg Sud; Heung-A; Hyundai; IAL-Interasia Lines; Jin Jiang; KMTC; Namsung; ONE; PanCon; RCL; SeaLand; Sinokor; SM Line; TS Lines; Wan Hai; Yang Ming; ZIM",26,66,32496.5,4715.33333333333,1096,1952,0,1,1,"{0,0,1,0,1,1,1,1,1,1,1,0,0,0,0,1,1,1,0}"
2021-03-28,THLCH,"Laem Chabang",TWKHH,Kaohsiung,2,2,"Evergreen Line; Wan Hai",2,8,3652.75,514.25,1800,1984,4,4,4,"{4,4}"
2021-03-28,THLCH,"Laem Chabang",VNHPH,Haiphong,3,3,"ANL; APL; CMA CGM; CNC Line-Cheng Lie Navigation Co. Ltd.; COSCO; Evergreen Line; Gold Star Line; Hamburg Sud; ONE; OOCL; RCL; SeaLand; ZIM",13,19,12841,1170.9,1498,10050,3,5,6,"{3,5,6}"
2021-03-28,THLCH,"Laem Chabang",VNSGN,"Ho Chi Minh (VICT/Cat Lai)",13,13,"APL; CK Line; CMA CGM; CNC Line-Cheng Lie Navigation Co. Ltd.; Dongjin Shipping; Evergreen Line; Hamburg Sud; Heung-A; Hyundai; IAL-Interasia Lines; KMTC; Namsung; ONE; PanCon; PanOcean; RCL; SeaLand; Sinokor; Sinotrans; SITC Shipping; SM Line; Wan Hai; Yang Ming",23,43,22964.25,2903.08333333333,1022,2664,2,2,4,"{2,4,2,3,3,2,3,2,2,2,3,2,2}"
2021-03-28,THLCH,"Laem Chabang",VNVUT,"Cai Mep (near Ho Chi Minh)",7,6,"ANL; APL; CMA CGM; CNC Line-Cheng Lie Navigation Co. Ltd.; COSCO; Evergreen Line; Hapag-Lloyd; Hyundai; MSC; ONE; OOCL; Yang Ming; ZIM",13,84,64559.7258676996,5040.2615629984,4178,15072,1,2,3,"{1,3,2,3,2,1,2}"
2021-03-28,TNBIZ,Bizerte,LYTIP,Tripoli,1,1,"Arkas Line; Hapag-Lloyd",2,2,3280,688.571428571429,1139,1157,5,5,5,{5}
2021-03-28,TNSFA,Sfax,MAPTM,Tanger,1,1,"Maersk Line; SeaLand",2,1,3194.28571428571,628.571428571429,1118,1118,4,4,4,{4}
2021-03-28,TNSFA,Sfax,MTMAR,"Malta (Marsaxlokk)",1,1,"CMA CGM",1,3,1230,,1230,1230,1,1,1,{1}
2021-03-28,TNTUN,Tunis,MAPTM,Tanger,2,2,"Arkas Line; CMA CGM; Hapag-Lloyd; Maersk Line; SeaLand; X-Press",6,2,4948,1454.85714285714,868,1022,2,3,4,"{2,4}"
2021-03-28,TOTBU,Nuku'alofa,AUMEL,Melbourne,1,1,"ANL; NPL-Neptune Pacific Line; PDL-Pacific Direct Line; Swire Shipping",4,2,2427.42857142857,360,907,981,9,9,9,{9}
2021-03-28,TOTBU,Nuku'alofa,NZAKL,Auckland,1,1,"ANL; PDL-Pacific Direct Line; PIL",3,1,1998,257.142857142857,777,777,8,8,8,{8}
2021-03-28,TRALI,Aliaga,ESVLC,Valencia,2,2,"Alianca; Borchard Lines Ltd; COSCO; Hamburg Sud; Hapag-Lloyd; Maersk Line; MSC; OOCL; SeaLand; Turkon",10,8,11300.3333333333,1001.73333333333,4132,8495,4,5,6,"{6,4}"
2021-03-28,TRALI,Aliaga,GRPIR,Piraeus,6,6,"APL; CMA CGM; COSCO; Hapag-Lloyd; MSC; NileDutch; ONE; OOCL; Unimed Feeder Services-UFS; Yang Ming; ZIM",11,30,19279.5666666667,2246.73333333333,1496,4892,0,0,1,"{0,0,1,0,1,0}"
2021-03-28,TRALI,Aliaga,ITSAL,Salerno,1,1,"APL; CMA CGM",2,3,1003.66666666667,150.333333333333,889,1118,3,3,3,{3}
2021-03-28,TRALI,Aliaga,PTSIE,Sines,1,1,"MSC; WEC Lines",2,4,5922,525,5550,6178,4,4,4,{4}
2021-03-28,TRALI,Aliaga,TRGEM,"Istanbul (Gemlik)",1,1,"CMA CGM",1,3,1699,262.333333333333,1654,1730,1,1,1,{1}
2021-03-28,TRALI,Aliaga,TRISK,Iskenderun,1,1,"ANL; APL; CMA CGM; COSCO; Hapag-Lloyd",5,7,9004.57142857143,1217.14285714286,8004,9962,2,2,2,{2}
2021-03-28,TRALI,Aliaga,TRMER,Mersin,2,2,"Admiral; APL; Arkas Line; CMA CGM; Hapag-Lloyd; Hyundai; ONE; OOCL; Tarros; Turkon; Yang Ming",11,14,14990.9090909091,1504.38961038961,2824,14100,3,3.5,4,"{4,3}"
2021-03-28,TRAMB,"Istanbul (Ambarli)",BGBOJ,Burgas,2,2,"APL; Arkas Line; CMA CGM; Hapag-Lloyd; Maersk Line; ZIM",6,5,4108,606,1445,2872,1,2,3,"{1,3}"
2021-03-28,TRAMB,"Istanbul (Ambarli)",BGVAR,Varna,1,1,"Arkas Line; Evergreen Line; ZIM",3,2,1304.5,160,1164,1445,1,1,1,{1}
2021-03-28,TRAMB,"Istanbul (Ambarli)",DZAAE,Annaba,1,1,"Arkas Line; Hapag-Lloyd",2,3,1186.33333333333,239,1157,1201,5,5,5,{5}
2021-03-28,TRAMB,"Istanbul (Ambarli)",GEPTI,Poti,2,2,"APL; Arkas Line; CMA CGM; COSCO; Evergreen Line; Hapag-Lloyd; Maersk Line; Milaha Maritime; SeaLand; Turkon; ZIM",11,4,2812,503,1208,1604,2,3,4,"{4,2}"
2021-03-28,TRAMB,"Istanbul (Ambarli)",GRPIR,Piraeus,3,3,"APL; Arkas Line; CMA CGM; COSCO; Evergreen Line; Hapag-Lloyd; Maersk Line; Milaha Maritime; OOCL; SeaLand; Turkon; ZIM",12,7,4060.5,533.333333333333,1164,1574,1,2,3,"{3,2,1}"
2021-03-28,TRAMB,"Istanbul (Ambarli)",ITTAR,Taranto,1,1,"CMA CGM",1,3,1230,,1230,1230,2,2,2,{2}
2021-03-28,TRAMB,"Istanbul (Ambarli)",MTMAR,"Malta (Marsaxlokk)",1,1,"CMA CGM",1,3,1699,262.333333333333,1654,1730,2,2,2,{2}
2021-03-28,TRAMB,"Istanbul (Ambarli)",ROCND,Constanta,2,2,"APL; Arkas Line; CMA CGM; CNC Line-Cheng Lie Navigation Co. Ltd.; COSCO; Evergreen Line; Hapag-Lloyd; OOCL; Turkon; Yang Ming; ZIM",11,11,11567.1,1365.6,1800,11388,1,1,1,"{1,1}"
2021-03-28,TRAMB,"Istanbul (Ambarli)",RUAZO,Azov,1,1,"Maersk Line; SeaLand",2,1,522.857142857143,65.7142857142857,366,366,4,4,4,{4}
2021-03-28,TRAMB,"Istanbul (Ambarli)",TNBIZ,Bizerte,1,1,"Arkas Line; Hapag-Lloyd",2,2,3280,688.571428571429,1139,1157,4,4,4,{4}
2021-03-28,TRAMB,"Istanbul (Ambarli)",TRALI,Aliaga,3,3,"Admiral; APL; Arkas Line; CMA CGM; COSCO; Hapag-Lloyd; NileDutch; OOCL; Tarros; Turkon",10,11,8043.06666666667,1361.30476190476,889,4363,1,1,4,"{1,4,1}"
2021-03-28,TRAMB,"Istanbul (Ambarli)",TRDRC,Derince,1,1,MSC,1,5,2520,166,2480,2680,1,1,1,{1}
2021-03-28,TRAMB,"Istanbul (Ambarli)",TRGEB,"Istanbul (Gebze)",2,2,"Admiral; Maersk Line; MSC; SeaLand",4,4,2496.5,576,998,1835,0,0,0,"{0,0}"
2021-03-28,TRAMB,"Istanbul (Ambarli)",TRGEM,"Istanbul (Gemlik)",6,6,"Alianca; APL; Arkas Line; Borchard Lines Ltd; CMA CGM; COSCO; Evergreen Line; FESCO; Hamburg Sud; Hapag-Lloyd; Maersk Line; MSC; ONE; OOCL; SeaLand; Turkon; WEC Lines; X-Press; ZIM",19,24,23601.9571428571,3100.25714285714,1604,8495,0,0,1,"{0,0,1,0,0,1}"
2021-03-28,TRAMB,"Istanbul (Ambarli)",TRIZM,Izmir,1,1,"Arkas Line; Maersk Line; Tarros",3,2,1529,178,1529,1529,1,1,1,{1}
2021-03-28,TRAMB,"Istanbul (Ambarli)",TRIZT,Izmit,7,7,"Admiral; ANL; APL; Arkas Line; CMA CGM; COSCO; Hamburg Sud; Hapag-Lloyd; Hyundai; Maersk Line; ONE; OOCL; SeaLand; Turkon; Yang Ming; ZIM",16,44,38979.5805194805,5297.06103896104,1878,14100,0,0,1,"{1,0,0,1,0,0,1}"
2021-03-28,TRAMB,"Istanbul (Ambarli)",TRLMA,Limas,1,1,"Arkas Line",1,1,1199,178,1199,1199,1,1,1,{1}
2021-03-28,TRAMB,"Istanbul (Ambarli)",TRMER,Mersin,1,1,"Hamburg Sud; Maersk Line; SeaLand",3,8,6804,820.5,6690,7154,3,3,3,{3}
2021-03-28,TRAMB,"Istanbul (Ambarli)",TRTEK,Tekirdag,2,2,"Maersk Line; MSC; SeaLand; ZIM",4,15,21533.2045454545,1885.09090909091,2098,19224,0,0.5,1,"{1,0}"
2021-03-28,TRAMB,"Istanbul (Ambarli)",UAODS,Odessa,2,2,"APL; Arkas Line; CMA CGM; Evergreen Line; FESCO; Hapag-Lloyd; Maersk Line; OOCL; SeaLand; Turkon; ZIM",11,12,5866.1,1441.6,1604,4258,1,1.5,2,"{2,1}"
2021-03-28,TRAYT,Antalya,EGPSD,"Port Said",1,1,ZIM,1,1,1496,276,1496,1496,1,1,1,{1}
2021-03-28,TRDRC,Derince,TRGEM,"Istanbul (Gemlik)",1,1,MSC,1,5,2520,166,2480,2680,0,0,0,{0}
2021-03-28,TRGEB,"Istanbul (Gebze)",GEPTI,Poti,1,1,"Evergreen Line; OOCL; Unimed Feeder Services-UFS",3,2,1164,200,1164,1164,3,3,3,{3}
2021-03-28,TRGEB,"Istanbul (Gebze)",RUNVS,Novorossiysk,1,1,"Admiral; Maersk Line; SeaLand",3,2,998,254,998,998,2,2,2,{2}
2021-03-28,TRGEB,"Istanbul (Gebze)",TRAMB,"Istanbul (Ambarli)",3,3,"Alianca; APL; Arkas Line; Borchard Lines Ltd; CMA CGM; COSCO; Hamburg Sud; Hapag-Lloyd; Maersk Line; ONE; OOCL; SeaLand; Tarros; Turkon",14,11,12166.5,1376.4,1529,8495,0,1,1,"{1,1,0}"
2021-03-28,TRGEB,"Istanbul (Gebze)",TRGEM,"Istanbul (Gemlik)",3,3,"COSCO; MSC; OOCL; SeaLand; Yang Ming",5,8,8364.16666666667,1033.33333333333,1162,6178,0,0,1,"{1,0,0}"
2021-03-28,TRGEB,"Istanbul (Gebze)",UAODS,Odessa,1,1,"APL; CMA CGM; COSCO; NileDutch",4,5,3397.4,488.4,1970,4363,2,2,2,{2}
2021-03-28,TRGEM,"Istanbul (Gemlik)",GBFXT,Felixstowe,1,1,MSC,1,3,5162.66666666667,501.333333333333,4250,6178,8,8,8,{8}
2021-03-28,TRGEM,"Istanbul (Gemlik)",GRPIR,Piraeus,3,3,"APL; Arkas Line; CMA CGM; Evergreen Line; FESCO; Hapag-Lloyd; OOCL; Turkon; Unimed Feeder Services-UFS; ZIM",10,7,6105.33333333333,1072.66666666667,1164,3534,1,1,3,"{1,3,1}"
2021-03-28,TRGEM,"Istanbul (Gemlik)",GRSKG,Thessaloniki,1,1,"COSCO; OOCL; Yang Ming",3,3,1703,210,1701,1706,2,2,2,{2}
2021-03-28,TRGEM,"Istanbul (Gemlik)",MAPTM,Tanger,1,1,"APL; Arkas Line; CMA CGM; Hapag-Lloyd",4,4,2663,486,2478,2872,5,5,5,{5}
2021-03-28,TRGEM,"Istanbul (Gemlik)",TRALI,Aliaga,2,2,"Alianca; Borchard Lines Ltd; COSCO; Hamburg Sud; Hapag-Lloyd; Maersk Line; MSC; OOCL; SeaLand; Turkon",10,9,9587.75,834.4,2098,8495,1,1.5,2,"{1,2}"
2021-03-28,TRGEM,"Istanbul (Gemlik)",TRAMB,"Istanbul (Ambarli)",1,1,"Admiral; APL; Arkas Line; CMA CGM; Hapag-Lloyd; OOCL; Tarros; Turkon",8,3,3642,722.571428571429,2824,2837,2,2,2,{2}
2021-03-28,TRGEM,"Istanbul (Gemlik)",TRGEB,"Istanbul (Gebze)",1,1,"Arkas Line; Maersk Line; Tarros",3,2,1529,178,1529,1529,1,1,1,{1}
2021-03-28,TRGEM,"Istanbul (Gemlik)",TRIZM,Izmir,5,5,"Admiral; APL; Arkas Line; CMA CGM; Hapag-Lloyd; Maersk Line; MSC; ONE; Turkon; X-Press; ZIM",11,19,13263.6238095238,2158.19047619048,1878,4268,1,1,2,"{2,1,1,1,1}"
2021-03-28,TRGEM,"Istanbul (Gemlik)",TRIZT,Izmit,4,4,"APL; Arkas Line; CMA CGM; Hapag-Lloyd",4,13,6595.66666666667,898.666666666667,889,2872,0,0.5,1,"{1,0,1,0}"
2021-03-28,TRGEM,"Istanbul (Gemlik)",TRTEK,Tekirdag,2,2,"MSC; SeaLand; WEC Lines",3,6,7420.5,847,1162,6178,0,0,0,"{0,0}"
2021-03-28,TRHAY,Haydarpasa,ROCND,Constanta,1,1,"CMA CGM; COSCO; Hapag-Lloyd; OOCL; ZIM",5,3,1548,195.333333333333,1496,1574,1,1,1,{1}
2021-03-28,TRHAY,Haydarpasa,TRAMB,"Istanbul (Ambarli)",1,1,"Arkas Line; Evergreen Line; ZIM",3,2,1304.5,160,1164,1445,1,1,1,{1}
2021-03-28,TRISK,Iskenderun,AEJEA,"Dubai, Jebel Ali",1,1,"MSC; ZIM",2,7,7589.57142857143,540.428571428571,6402,9200,10,10,10,{10}
2021-03-28,TRISK,Iskenderun,EGDAM,Damietta,1,1,"ANL; APL; CMA CGM; COSCO; Hapag-Lloyd",5,7,9004.57142857143,1217.14285714286,8004,9962,1,1,1,{1}
2021-03-28,TRISK,Iskenderun,EGPSD,"Port Said",1,1,"Hamburg Sud; Maersk Line; SeaLand",3,8,6804,820.5,6690,7154,2,2,2,{2}
2021-03-28,TRISK,Iskenderun,ILASH,Ashdod,1,1,Medkon,1,1,672,116,672,672,1,1,1,{1}
2021-03-28,TRISK,Iskenderun,ITNAP,Naples,1,1,"MSC; WEC Lines",2,5,7321,660,6494,8762,4,4,4,{4}
2021-03-28,TRISK,Iskenderun,LBKYE,"Tripoli Lebanon",1,1,"APL; CMA CGM",2,4,2245,500,2200,2260,1,1,1,{1}
2021-03-28,TRISK,Iskenderun,TRALI,Aliaga,2,2,"CMA CGM; COSCO; Hapag-Lloyd; MSC; OOCL; ZIM",6,6,5888.33333333333,598.666666666667,1496,4549,2,2.5,3,"{2,3}"
2021-03-28,TRISK,Iskenderun,TRIZM,Izmir,1,1,"Evergreen Line",1,2,2272,257,1618,2926,3,3,3,{3}
2021-03-28,TRISK,Iskenderun,TRMER,Mersin,5,5,"Alianca; APL; Arkas Line; CMA CGM; COSCO; Evergreen Line; Hamburg Sud; Hapag-Lloyd; Maersk Line; ONE; OOCL; SeaLand; Unimed Feeder Services-UFS; Yang Ming",14,19,15866.75,1904.9,1445,5095,0,1,1,"{0,1,1,1,0}"
2021-03-28,TRIZM,Izmir,ESALG,Algeciras,1,1,"Hapag-Lloyd; Turkon; X-Press",3,5,2707.45714285714,552.857142857143,1878,2556,4,4,4,{4}
2021-03-28,TRIZM,Izmir,FRFOS,"Marseilles-Fos (Fos)",1,1,"APL; Arkas Line; CMA CGM; Hapag-Lloyd; Maersk Line; ZIM",6,3,2480.66666666667,489.333333333333,2474,2490,4,4,4,{4}
2021-03-28,TRIZM,Izmir,GRPIR,Piraeus,4,4,"APL; CMA CGM; COSCO; Evergreen Line; Hapag-Lloyd; MSC; OOCL; Tarros; Unimed Feeder Services-UFS; Yang Ming; ZIM",11,13,11474.25,1325.25,1618,5060,0,1,2,"{1,1,2,0}"
2021-03-28,TRIZM,Izmir,ILHFA,Haifa,1,1,ZIM,1,2,1138.5,216,1061,1216,2,2,2,{2}
2021-03-28,TRIZM,Izmir,ITSAL,Salerno,2,2,"Arkas Line; Borchard Lines Ltd; Maersk Line; Tarros",4,5,2745,378,1216,1529,2,2,2,"{2,2}"
2021-03-28,TRIZM,Izmir,ITTRS,Trieste,1,1,"MSC; SeaLand",2,2,1498.5,322,1162,1835,3,3,3,{3}
2021-03-28,TRIZM,Izmir,MAPTM,Tanger,2,2,"Alianca; APL; Arkas Line; CMA CGM; Hamburg Sud; Hapag-Lloyd; Maersk Line; ONE; OOCL",9,8,5888.25,906,1445,4268,5,5,5,"{5,5}"
2021-03-28,TRIZM,Izmir,TRAMB,"Istanbul (Ambarli)",1,1,"Admiral; Maersk Line; SeaLand",3,2,998,254,998,998,0,0,0,{0}
2021-03-28,TRIZM,Izmir,TRGEM,"Istanbul (Gemlik)",1,1,"CMA CGM",1,3,1230,,1230,1230,1,1,1,{1}
2021-03-28,TRIZM,Izmir,TRIZT,Izmit,2,2,"Arkas Line; Hapag-Lloyd",2,5,4466.33333333333,927.571428571429,1139,1201,2,2.5,3,"{2,3}"
2021-03-28,TRIZM,Izmir,TRMER,Mersin,3,3,"Admiral; MSC; Turkon; ZIM",4,10,5535.66666666667,729.333333333333,1083,2680,2,2,4,"{2,2,4}"
2021-03-28,TRIZM,Izmir,TRTEK,Tekirdag,1,1,MSC,1,3,1108,126.666666666667,1064,1158,2,2,2,{2}
2021-03-28,TRIZT,Izmit,ESALG,Algeciras,1,1,"Maersk Line; SeaLand",2,10,4194.1,1103.6,4045,4258,7,7,7,{7}
2021-03-28,TRIZT,Izmit,RUNVS,Novorossiysk,2,2,"Arkas Line; Hamburg Sud; Hapag-Lloyd; Maersk Line; OOCL; SeaLand; ZIM",7,11,10073.3333333333,1355.16666666667,2824,7154,1,2,3,"{1,3}"
2021-03-28,TRIZT,Izmit,TRALI,Aliaga,2,2,"ANL; APL; CMA CGM; COSCO; Hapag-Lloyd; Hyundai; ONE; Yang Ming",8,18,20353.4805194805,1998.96103896104,8004,14100,0,1,2,"{2,0}"
2021-03-28,TRIZT,Izmit,TRAMB,"Istanbul (Ambarli)",12,12,"APL; Arkas Line; CMA CGM; CNC Line-Cheng Lie Navigation Co. Ltd.; COSCO; Evergreen Line; FESCO; Hapag-Lloyd; Maersk Line; MSC; OOCL; SeaLand; Turkon; X-Press; ZIM",15,60,50935.8616883117,6871.38614718615,889,19224,0,0.5,2,"{0,1,1,0,1,2,0,0,0,0,1,1}"
2021-03-28,TRIZT,Izmit,TRGEM,"Istanbul (Gemlik)",5,5,"Admiral; APL; Arkas Line; CMA CGM; Hapag-Lloyd; Maersk Line; MSC; OOCL; Tarros; Turkon; ZIM",11,15,13897.75,2332.57142857143,1878,3534,0,0,1,"{0,1,0,0,1}"
2021-03-28,TRIZT,Izmit,TRTEK,Tekirdag,1,1,MSC,1,4,2627.75,236,2098,2908,0,0,0,{0}
2021-03-28,TRLMA,Limas,RUNVS,Novorossiysk,1,1,"Arkas Line",1,1,1199,178,1199,1199,1,1,1,{1}
2021-03-28,TRMER,Mersin,EGALY,Alexandria,1,1,"Admiral; APL; Arkas Line; CMA CGM; Hapag-Lloyd; OOCL; Tarros; Turkon",8,3,3642,722.571428571429,2824,2837,1,1,1,{1}
2021-03-28,TRMER,Mersin,EGPSD,"Port Said",1,1,"Maersk Line; SeaLand",2,1,2478,400,2478,2478,2,2,2,{2}
2021-03-28,TRMER,Mersin,ESALG,Algeciras,1,1,"APL; CMA CGM; ONE",3,5,4791.8,346.4,4308,5095,6,6,6,{6}
2021-03-28,TRMER,Mersin,GRPIR,Piraeus,1,1,"ANL; APL; CMA CGM; COSCO; Hapag-Lloyd",5,7,9004.57142857143,1217.14285714286,8004,9962,2,2,2,{2}
2021-03-28,TRMER,Mersin,ILASH,Ashdod,1,1,"Hapag-Lloyd; Yang Ming; ZIM",3,8,4250.75,382.5,4250,4253,1,1,1,{1}
2021-03-28,TRMER,Mersin,ILHFA,Haifa,7,7,"Admiral; Arkas Line; Borchard Lines Ltd; COSCO; Evergreen Line; Hapag-Lloyd; Maersk Line; Marguisa; MSC; ONE; OOCL; SeaLand; Turkon; Yang Ming; ZIM",15,24,13105.6166666667,1926.83333333333,998,4253,0,1,2,"{1,1,0,1,1,0,2}"
2021-03-28,TRMER,Mersin,ITSAL,Salerno,1,1,"Borchard Lines Ltd",1,4,868,171,868,868,4,4,4,{4}
2021-03-28,TRMER,Mersin,RUNVS,Novorossiysk,1,1,ZIM,1,3,1137.66666666667,213.333333333333,1083,1216,4,4,4,{4}
2021-03-28,TRMER,Mersin,SAJED,Jeddah,1,1,"Hapag-Lloyd; Hyundai; ONE; Yang Ming",4,11,11348.9090909091,781.818181818182,13169,14100,5,5,5,{5}
2021-03-28,TRMER,Mersin,SYLTK,Lattakia,1,1,"APL; Arkas Line; CMA CGM; Messina; Tarros",5,4,2054.89285714286,304.714285714286,1445,1740,1,1,1,{1}
2021-03-28,TRMER,Mersin,TRALI,Aliaga,3,3,"CMA CGM; COSCO; Hapag-Lloyd; ONE; OOCL; Unimed Feeder Services-UFS; Yang Ming",7,13,9154.66666666667,1206.83333333333,1654,4892,1,2,2,"{2,2,1}"
2021-03-28,TRMER,Mersin,TRAYT,Antalya,1,1,ZIM,1,1,1496,276,1496,1496,1,1,1,{1}
2021-03-28,TRMER,Mersin,TRISK,Iskenderun,7,7,"APL; CMA CGM; Evergreen Line; Hamburg Sud; Maersk Line; Medkon; MSC; SeaLand; WEC Lines; ZIM",10,30,31243.9047619048,3297.26190476191,672,9200,0,1,1,"{1,1,0,1,0,0,1}"
2021-03-28,TRMER,Mersin,TRIZM,Izmir,1,1,"Alianca; APL; Arkas Line; CMA CGM; Hamburg Sud; Hapag-Lloyd; Maersk Line; OOCL",8,4,2210.75,306,1445,2478,2,2,2,{2}
2021-03-28,TRMER,Mersin,TRIZT,Izmit,2,2,"Admiral; APL; Arkas Line; CMA CGM; Hapag-Lloyd; OOCL; Tarros; Turkon; X-Press",9,8,6349.45714285714,1275.42857142857,1878,2837,2,4,6,"{2,6}"
2021-03-28,TRMER,Mersin,TRTEK,Tekirdag,1,1,"MSC; ZIM",2,7,7589.57142857143,540.428571428571,6402,9200,2,2,2,{2}
2021-03-28,TRSZF,Samsun,TRAMB,"Istanbul (Ambarli)",1,1,"Arkas Line; COSCO; Maersk Line; ZIM",4,2,1604,325,1604,1604,4,4,4,{4}
2021-03-28,TRTEK,Tekirdag,GRPIR,Piraeus,1,1,"Maersk Line; MSC; SeaLand; ZIM",4,11,18905.4545454545,1649.09090909091,15908,19224,3,3,3,{3}
2021-03-28,TRTEK,Tekirdag,GRSKG,Thessaloniki,1,1,MSC,1,3,1108,126.666666666667,1064,1158,1,1,1,{1}
2021-03-28,TRTEK,Tekirdag,ITGIT,"Gioia Tauro",2,2,"MSC; ZIM",2,10,9621.90476190476,937.761904761905,2007,9200,3,4,5,"{5,3}"
2021-03-28,TRTEK,Tekirdag,ROCND,Constanta,1,1,MSC,1,4,2627.75,236,2098,2908,0,0,0,{0}
2021-03-28,TRTEK,Tekirdag,TRALI,Aliaga,1,1,"MSC; WEC Lines",2,4,5922,525,5550,6178,1,1,1,{1}
2021-03-28,TRTEK,Tekirdag,TRAMB,"Istanbul (Ambarli)",1,1,MSC,1,5,2520,166,2480,2680,1,1,1,{1}
2021-03-28,TRTEK,Tekirdag,TRIZM,Izmir,1,1,"MSC; SeaLand",2,2,1498.5,322,1162,1835,0,0,0,{0}
2021-03-28,TRTEK,Tekirdag,TRIZT,Izmit,1,1,MSC,1,4,2627.75,236,2098,2908,1,1,1,{1}
2021-03-28,TTPOS,"Port of Spain",BBBGI,Bridgetown,1,1,"Caribbean Feeder; Hapag-Lloyd; ZIM",3,3,1236.66666666667,333.333333333333,1118,1296,0,0,0,{0}
2021-03-28,TTPOS,"Port of Spain",BRFOR,Fortaleza,1,1,"CMA CGM",1,5,2312.8,502,2190,2506,5,5,5,{5}
2021-03-28,TTPOS,"Port of Spain",BRMCP,Macapa,1,1,"MSC; ONE",2,4,2862,559.5,2542,3534,4,4,4,{4}
2021-03-28,TTPOS,"Port of Spain",DOHAI,"Rio Haina",1,1,"King Ocean; Seaboard Marine",2,4,1394.5,335,957,2546,2,2,2,{2}
2021-03-28,TTPOS,"Port of Spain",GFDDC,"Degrad des Cannes",1,1,"APL; CMA CGM",2,6,2150,565,2100,2200,3,3,3,{3}
2021-03-28,TTPOS,"Port of Spain",GYGEO,"Georgetown, Guyana",2,2,"Caribbean Feeder; CMA CGM; COSCO; Crowley; Hapag-Lloyd; ZIM",6,5,2235.66666666667,508.666666666667,1061,1296,1,1.5,2,"{1,2}"
2021-03-28,TTPOS,"Port of Spain",JMKIN,Kingston,1,1,"CMA CGM; COSCO",2,3,1174.66666666667,276.666666666667,1114,1296,5,5,5,{5}
2021-03-28,TTPOS,"Port of Spain",SRPBM,Paramaribo,1,1,"CMA CGM",1,2,692,108,672,712,3,3,3,{3}
2021-03-28,TTPTS,"Point Lisas",BBBGI,Bridgetown,1,1,"King Ocean; Seaboard Marine",2,2,1339.5,351.5,966,1713,1,1,1,{1}
2021-03-28,TTPTS,"Point Lisas",COCTG,Cartagena,1,1,"Evergreen Line; Hamburg Sud; Maersk Line; SeaLand",4,3,1708,202,1708,1708,3,3,3,{3}
2021-03-28,TTPTS,"Point Lisas",GDSTG,"St George's",1,1,"CMA CGM",1,3,686,118.666666666667,677,704,1,1,1,{1}
2021-03-28,TTPTS,"Point Lisas",GYGEO,"Georgetown, Guyana",1,1,"Tropical Shipping",1,2,1148,260,1148,1148,1,1,1,{1}
2021-03-28,TTPTS,"Point Lisas",JMKIN,Kingston,2,2,"Caribbean Feeder; Crowley; Hapag-Lloyd; King Ocean; Seaboard Marine; ZIM",6,4,2400.5,583.5,966,1713,2,2.5,3,"{3,2}"
2021-03-28,TTPTS,"Point Lisas",SRPBM,Paramaribo,2,2,"Caribbean Feeder; Evergreen Line; Hamburg Sud; Hapag-Lloyd; Maersk Line; SeaLand; ZIM",7,6,2944.66666666667,535.333333333333,1118,1708,2,2,2,"{2,2}"
2021-03-28,TTPTS,"Point Lisas",TTPOS,"Port of Spain",1,1,"Caribbean Feeder; Crowley; Hapag-Lloyd; ZIM",4,2,1061,232,1061,1061,1,1,1,{1}
2021-03-28,TWKEL,Keelung,CNSHA,Shanghai,1,1,"ANL; APL; CMA CGM; COSCO; Hapag-Lloyd; OOCL; PIL",7,7,4435.42857142857,506.571428571429,4250,5117,2,2,2,{2}
2021-03-28,TWKEL,Keelung,CNYTN,Yantian,1,1,"Hapag-Lloyd; Hyundai; MSC; ONE",4,11,9690.18181818182,1295.72727272727,9326,11010,2,2,2,{2}
2021-03-28,TWKEL,Keelung,HKHKG,"Hong Kong",2,2,"Evergreen Line; ONE; OOCL; Wan Hai; Yang Ming",5,7,7623.5,517.666666666667,2442,5087,1,1.5,2,"{1,2}"
2021-03-28,TWKEL,Keelung,JPMOJ,Moji,1,1,"TS Lines; Yang Ming",2,2,1754,201,1708,1800,2,2,2,{2}
2021-03-28,TWKEL,Keelung,JPNAH,"Naha (Okinawa Is)",1,1,ONE,1,2,923.5,156,915,932,1,1,1,{1}
2021-03-28,TWKEL,Keelung,JPOSA,Osaka,1,1,"CNC Line-Cheng Lie Navigation Co. Ltd.; TS Lines",2,2,1023,165,1022,1024,2,2,2,{2}
2021-03-28,TWKEL,Keelung,JPTYO,Tokyo,2,2,"APL; CMA CGM; CNC Line-Cheng Lie Navigation Co. Ltd.; Evergreen Line; SeaLand; TS Lines; Yang Ming",7,8,3534.25,548.5,1707,1805,3,3,3,"{3,3}"
2021-03-28,TWKEL,Keelung,KRINC,Inchon,2,2,"Hamburg Sud; KMTC; Maersk Line; SeaLand; TS Lines; Yang Ming",6,8,7474.5,715.666666666667,1708,5908,2,2,2,"{2,2}"
2021-03-28,TWKEL,Keelung,TWKHH,Kaohsiung,6,6,"APL; CMA CGM; CNC Line-Cheng Lie Navigation Co. Ltd.; Evergreen Line; Hapag-Lloyd; Hyundai; IAL-Interasia Lines; KMTC; ONE; TS Lines; Wan Hai; Yang Ming; ZIM",13,22,17124,1570.58333333333,1368,8626,0,1,2,"{2,1,0,1,1,1}"
2021-03-28,TWKEL,Keelung,TWTXG,Taichung,8,8,"Alianca; APL; CMA CGM; CNC Line-Cheng Lie Navigation Co. Ltd.; Evergreen Line; Hamburg Sud; IAL-Interasia Lines; ONE; SeaLand; TS Lines; Wan Hai; Yang Ming",12,23,11029.9166666667,1703.5,915,1808,0,0.5,1,"{0,1,1,1,0,1,0,0}"
2021-03-28,TWKEL,Keelung,USLAX,"Los Angeles CA",1,1,"Hapag-Lloyd; Hyundai; ONE; Yang Ming",4,6,7508,533.333333333333,6589,8626,13,13,13,{13}
2021-03-28,TWKHH,Kaohsiung,AUBNE,Brisbane,1,1,"ANL; APL; CMA CGM; COSCO; Hapag-Lloyd; OOCL; PIL",7,7,4435.42857142857,506.571428571429,4250,5117,10,10,10,{10}
2021-03-28,TWKHH,Kaohsiung,AUMEL,Melbourne,2,2,"ANL; APL; CMA CGM; CNC Line-Cheng Lie Navigation Co. Ltd.; COSCO; Evergreen Line; Hapag-Lloyd; OOCL; PIL; Sinotrans; TS Lines; Yang Ming",12,12,11149.1666666667,1076.66666666667,5042,6008,5,8.5,12,"{12,5}"
2021-03-28,TWKHH,Kaohsiung,CAVAN,"Vancouver BC",1,1,"ANL; APL; CMA CGM; COSCO; Evergreen Line; OOCL",6,6,5826,535.666666666667,5642,5888,12,12,12,{12}
2021-03-28,TWKHH,Kaohsiung,CNDCB,"Da Chan Bay",1,1,OOCL,1,4,4579.25,400,4578,4583,2,2,2,{2}
2021-03-28,TWKHH,Kaohsiung,CNFOC,Fuzhou,1,1,"ANL; APL; CMA CGM; COSCO; Evergreen Line; OOCL",6,6,12757,940,9452,16020,1,1,1,{1}
2021-03-28,TWKHH,Kaohsiung,CNNGB,Ningbo,5,5,"Alianca; ANL; APL; CMA CGM; CNC Line-Cheng Lie Navigation Co. Ltd.; COSCO; Evergreen Line; Hamburg Sud; Hapag-Lloyd; Hyundai; Maersk Line; ONE; OOCL; PIL; SeaLand; Sinotrans; TS Lines; Yang Ming",18,46,38686.0833333333,3328.83333333333,4367,13892,1,2,3,"{2,3,1,2,2}"
2021-03-28,TWKHH,Kaohsiung,CNNSA,Nansha,3,3,"APL; CMA CGM; CNC Line-Cheng Lie Navigation Co. Ltd.; Evergreen Line; Hamburg Sud; Maersk Line; ONE; SeaLand; Wan Hai",9,20,9357.55769230769,885.5,1708,5466,1,1,1,"{1,1,1}"
2021-03-28,TWKHH,Kaohsiung,CNSHA,Shanghai,5,5,"ANL; APL; CMA CGM; CNC Line-Cheng Lie Navigation Co. Ltd.; COSCO; Evergreen Line; Gold Star Line; Hapag-Lloyd; Hyundai; ONE; OOCL; PIL; Wan Hai; Yang Ming; ZIM",15,37,38025.7551282051,3732.58461538462,1740,23964,2,3,4,"{3,4,3,3,2}"
2021-03-28,TWKHH,Kaohsiung,CNSHK,Shekou,6,6,"ANL; APL; CMA CGM; COSCO; Evergreen Line; Hapag-Lloyd; Hyundai; IAL-Interasia Lines; ONE; OOCL; PIL; Wan Hai; Yang Ming",13,43,43422.7477272727,3465.62121212121,1708,14993,1,1,2,"{1,1,1,2,1,2}"
2021-03-28,TWKHH,Kaohsiung,CNSWA,Shantou,1,1,"Evergreen Line; ONE; Wan Hai",3,4,1802.25,153.5,1708,1984,1,1,1,{1}
2021-03-28,TWKHH,Kaohsiung,CNTAO,Qingdao,3,3,"APL; CMA CGM; CNC Line-Cheng Lie Navigation Co. Ltd.; COSCO; Evergreen Line; IAL-Interasia Lines; KMTC; MELL; OOCL; Wan Hai; ZIM",11,20,26731,1567,1080,20150,3,4,5,"{5,4,3}"
2021-03-28,TWKHH,Kaohsiung,CNXMN,Xiamen,5,5,"Alianca; ANL; APL; CMA CGM; CNC Line-Cheng Lie Navigation Co. Ltd.; COSCO; Evergreen Line; Gold Star Line; Hamburg Sud; Hapag-Lloyd; Hyundai; Maersk Line; MSC; ONE; OOCL; PIL; SeaLand; Wan Hai; Yang Ming; ZIM",20,31,32442.5952380952,2750.31746031746,2742,8888,1,2,2,"{1,2,1,2,2}"
2021-03-28,TWKHH,Kaohsiung,CNYTN,Yantian,4,4,"ANL; APL; CMA CGM; CNC Line-Cheng Lie Navigation Co. Ltd.; COSCO; Evergreen Line; OOCL; Wan Hai",8,27,26607.3666666667,2092.66666666667,2553,20150,2,2,2,"{2,2,2,2}"
2021-03-28,TWKHH,Kaohsiung,HKHKG,"Hong Kong",28,27,"Alianca; ANL; APL; CMA CGM; CNC Line-Cheng Lie Navigation Co. Ltd.; COSCO; Evergreen Line; Hamburg Sud; Hapag-Lloyd; Hyundai; IAL-Interasia Lines; Maersk Line; MELL; ONE; OOCL; SeaLand; TS Lines; Wan Hai; Yang Ming; ZIM",20,138,120298.382400932,10473.9151348651,777,23964,1,1,3,"{1,1,1,1,2,1,1,1,2,1,1,1,1,1,1,1,1,1,1,1,1,1,1,3,3,2,1,1}"
2021-03-28,TWKHH,Kaohsiung,IDSUB,"Surabaya, Java",1,1,"Evergreen Line; SeaLand; Yang Ming",3,7,2916.85714285714,344,2910,2926,6,6,6,{6}
2021-03-28,TWKHH,Kaohsiung,JPOSA,Osaka,1,1,"APL; CMA CGM; CNC Line-Cheng Lie Navigation Co. Ltd.; Gold Star Line; KMTC; OOCL; TS Lines; Yang Ming; ZIM",9,4,2993.75,458.5,2806,3405,3,3,3,{3}
2021-03-28,TWKHH,Kaohsiung,JPTYO,Tokyo,2,2,"ONE; OOCL",2,7,6328.25,684,1708,4583,3,3.5,4,"{3,4}"
2021-03-28,TWKHH,Kaohsiung,JPUKB,Kobe,1,1,"Evergreen Line; Yang Ming",2,3,1770,124,1618,1984,4,4,4,{4}
2021-03-28,TWKHH,Kaohsiung,KRINC,Inchon,1,1,"Evergreen Line",1,4,2717.5,396.5,2602,2824,3,3,3,{3}
2021-03-28,TWKHH,Kaohsiung,KRKAN,Gwangyang,1,1,"Evergreen Line; ONE",2,4,2914,344,2910,2926,2,2,2,{2}
2021-03-28,TWKHH,Kaohsiung,KRPUS,Busan,2,2,"Hapag-Lloyd; Hyundai; ONE; Sinokor; TS Lines; Yang Ming",6,18,17016.4805194805,1430.1038961039,4728,14100,3,3,3,"{3,3}"
2021-03-28,TWKHH,Kaohsiung,MYBKI,"Kota Kinabalu, Sabah",1,1,"Evergreen Line",1,2,1676.5,253,1613,1740,3,3,3,{3}
2021-03-28,TWKHH,Kaohsiung,PGLAE,Lae,1,1,"Swire Shipping",1,3,5500,568,2750,2750,7,7,7,{7}
2021-03-28,TWKHH,Kaohsiung,PHCEB,Cebu,4,4,"Evergreen Line; OOCL; Wan Hai; X-Press; Yang Ming",5,6,5579.42857142857,602.857142857143,1016,1618,3,3,4,"{3,4,3,3}"
2021-03-28,TWKHH,Kaohsiung,PHDVO,Davao,1,1,"Evergreen Line",1,2,1768,225,1728,1808,4,4,4,{4}
2021-03-28,TWKHH,Kaohsiung,PHMNN,"Manila North Harbor",3,3,"Evergreen Line; MSC; ONE; OOCL; Wan Hai; Yang Ming",6,9,7592.25,1005,1708,3534,2,2,4,"{2,4,2}"
2021-03-28,TWKHH,Kaohsiung,PHMNS,"Manila South Harbor",3,3,"APL; CMA CGM; CNC Line-Cheng Lie Navigation Co. Ltd.; Evergreen Line; Gold Star Line; Hyundai; SeaLand; ZIM",8,12,9808.96428571429,1135.32142857143,1740,4728,1,2,2,"{2,2,1}"
2021-03-28,TWKHH,Kaohsiung,PHSFS,"Subic Bay",1,1,"Wan Hai; Yang Ming",2,1,1740,300,1740,1740,3,3,3,{3}
2021-03-28,TWKHH,Kaohsiung,SGSIN,Singapore,3,3,"Evergreen Line; Feedertech; Hapag-Lloyd; Hyundai; ONE; PIL; Sinokor; TS Lines; Yang Ming",9,18,13942.7142857143,1759.71428571429,2910,6763,4,5,5,"{4,5,5}"
2021-03-28,TWKHH,Kaohsiung,TWKEL,Keelung,3,3,"Evergreen Line; Hapag-Lloyd; Hyundai; ONE; OOCL; Yang Ming",6,11,11070.5,877,915,8626,0,1,1,"{0,1,1}"
2021-03-28,TWKHH,Kaohsiung,TWTPE,Taipei,3,3,"APL; CMA CGM; COSCO; Evergreen Line; IAL-Interasia Lines; OOCL; SeaLand; Wan Hai; Yang Ming",9,23,12620.9404761905,1294.33333333333,1708,8508,1,1,1,"{1,1,1}"
2021-03-28,TWKHH,Kaohsiung,TWTXG,Taichung,16,15,"APL; CMA CGM; CNC Line-Cheng Lie Navigation Co. Ltd.; Evergreen Line; Hamburg Sud; IAL-Interasia Lines; KMTC; Maersk Line; OOCL; SeaLand; TS Lines; Wan Hai; Yang Ming",13,59,34189.6785714286,4593.35714285714,1500,4447,0,0,1,"{0,0,0,0,0,0,1,1,0,0,0,1,1,0,0,0}"
2021-03-28,TWKHH,Kaohsiung,USLGB,"Long Beach CA",1,1,"ANL; APL; CMA CGM; COSCO; Evergreen Line; OOCL",6,7,13704.2857142857,885.714285714286,13386,14500,13,13,13,{13}
2021-03-28,TWKHH,Kaohsiung,VNDAD,"Da Nang",2,2,"Evergreen Line; IAL-Interasia Lines; Wan Hai",3,6,3976,472.333333333333,1728,2200,2,2,2,"{2,2}"
2021-03-28,TWKHH,Kaohsiung,VNHPH,Haiphong,4,4,"Evergreen Line; ONE; Wan Hai",3,6,5619,843,1088,1809,2,2.5,3,"{2,2,3,3}"
2021-03-28,TWKHH,Kaohsiung,VNVUT,"Cai Mep (near Ho Chi Minh)",1,1,"ANL; APL; CMA CGM; COSCO; Evergreen Line; OOCL",6,7,13704.2857142857,885.714285714286,13386,14500,4,4,4,{4}
2021-03-28,TWTPE,Taipei,CNXMN,Xiamen,2,2,"ANL; APL; CMA CGM; CNC Line-Cheng Lie Navigation Co. Ltd.; COSCO; Evergreen Line; OOCL; PIL",8,14,20720.7083333333,1708.33333333333,8408,13208,1,1.5,2,"{2,1}"
2021-03-28,TWTPE,Taipei,CNYTN,Yantian,1,1,"APL; CMA CGM; CNC Line-Cheng Lie Navigation Co. Ltd.; COSCO; Evergreen Line; OOCL",6,11,20150,800,20150,20150,3,3,3,{3}
2021-03-28,TWTPE,Taipei,HKHKG,"Hong Kong",2,2,"Evergreen Line; IAL-Interasia Lines; Wan Hai",3,8,4625.75,642.5,1809,2826,1,1,1,"{1,1}"
2021-03-28,TWTPE,Taipei,JPHKT,Hakata,1,1,"IAL-Interasia Lines; Wan Hai",2,3,1776,322.333333333333,1728,1800,1,1,1,{1}
2021-03-28,TWTPE,Taipei,JPOSA,Osaka,2,2,"Evergreen Line; IAL-Interasia Lines; Wan Hai; Yang Ming",4,6,3390.5,400.75,1510,1809,2,2.5,3,"{3,2}"
2021-03-28,TWTPE,Taipei,JPTYO,Tokyo,4,4,"Evergreen Line; IAL-Interasia Lines; SeaLand; Wan Hai; Yang Ming",5,19,10255.8571428571,1436.75,1800,2926,2,3,3,"{3,2,3,3}"
2021-03-28,TWTPE,Taipei,KRINC,Inchon,2,2,"IAL-Interasia Lines; Wan Hai",2,8,4878.75,570.5,1708,2646,2,2,2,"{2,2}"
2021-03-28,TWTPE,Taipei,TWKHH,Kaohsiung,6,6,"Evergreen Line; IAL-Interasia Lines; ONE; Wan Hai",4,21,12696.0833333333,1529.25,1618,2926,0,0.5,1,"{0,0,0,1,1,1}"
2021-03-28,TWTPE,Taipei,TWTXG,Taichung,9,9,"Evergreen Line; IAL-Interasia Lines; ONE; SeaLand; Wan Hai; Yang Ming",6,34,18979.2738095238,2255.91666666667,1040,2926,0,0,1,"{1,1,0,0,0,0,0,1,1}"
2021-03-28,TWTPE,Taipei,USLAX,"Los Angeles CA",1,1,"APL; CMA CGM; COSCO; Evergreen Line; OOCL",5,12,7320.33333333333,699.833333333333,5652,8508,12,12,12,{12}
2021-03-28,TWTXG,Taichung,CNFOC,Fuzhou,1,1,"Hamburg Sud; Maersk Line; OOCL; SeaLand; TS Lines",5,5,4236.4,611.2,4132,4300,1,1,1,{1}
2021-03-28,TWTXG,Taichung,CNNGB,Ningbo,1,1,"Hamburg Sud; Maersk Line; SeaLand",3,7,4322.42857142857,584.857142857143,4250,4447,1,1,1,{1}
2021-03-28,TWTXG,Taichung,CNSWA,Shantou,1,1,"Hamburg Sud; Maersk Line; SeaLand",3,4,1741.75,366.25,1713,1774,2,2,2,{2}
2021-03-28,TWTXG,Taichung,CNYTN,Yantian,1,1,"Hamburg Sud; SeaLand",2,3,1176.66666666667,200,1022,1440,2,2,2,{2}
2021-03-28,TWTXG,Taichung,HKHKG,"Hong Kong",5,5,"CNC Line-Cheng Lie Navigation Co. Ltd.; Evergreen Line; IAL-Interasia Lines; KMTC; OOCL; TS Lines; Wan Hai; Yang Ming",8,14,8569,1120.5,1022,2700,1,2,2,"{1,2,1,2,2}"
2021-03-28,TWTXG,Taichung,TWKEL,Keelung,3,3,"APL; CMA CGM; CNC Line-Cheng Lie Navigation Co. Ltd.; Evergreen Line; KMTC; SeaLand; TS Lines; Yang Ming",8,10,5290.75,749.5,1707,1805,0,1,1,"{1,0,1}"
2021-03-28,TWTXG,Taichung,TWKHH,Kaohsiung,15,15,"Alianca; APL; CMA CGM; CNC Line-Cheng Lie Navigation Co. Ltd.; Evergreen Line; Hamburg Sud; IAL-Interasia Lines; Maersk Line; ONE; SeaLand; TS Lines; Wan Hai; Yang Ming",13,52,26561.0238095238,3615,915,2926,0,0,2,"{0,0,1,0,0,0,1,0,1,0,2,1,1,1,0}"
2021-03-28,TWTXG,Taichung,TWTPE,Taipei,11,9,"Evergreen Line; IAL-Interasia Lines; SeaLand; Wan Hai; Yang Ming",5,44,25309.1071428571,3373.33333333333,1510,2926,0,0,1,"{0,0,0,0,0,0,0,1,0,0,0}"
2021-03-28,TWTXG,Taichung,VNSGN,"Ho Chi Minh (VICT/Cat Lai)",2,2,"Evergreen Line; OOCL; Wan Hai; Yang Ming",4,7,5134,507.666666666667,2442,2940,3,4,5,"{5,3}"
2021-03-28,TZDAR,"Dar es Salaam",INNSA,"Mumbai (Nhava Sheva)",1,1,"APL; CMA CGM; Emirates Shipping; Hapag-Lloyd",4,5,3830.6,469.6,2764,4620,14,14,14,{14}
2021-03-28,TZDAR,"Dar es Salaam",LKCMB,Colombo,1,1,"APL; CMA CGM; Emirates Shipping; Evergreen Line; ONE; OOCL; X-Press",7,7,2630.42857142857,444.571428571429,2478,2756,15,15,15,{15}
2021-03-28,TZDAR,"Dar es Salaam",MZBEW,Beira,1,1,MSC,1,4,3283.25,188.75,713,4308,3,3,3,{3}
2021-03-28,TZDAR,"Dar es Salaam",OMSLL,Salalah,1,1,"Maersk Line",1,6,2631.83333333333,453.5,2474,3003,7,7,7,{7}
2021-03-28,TZDAR,"Dar es Salaam",SGSIN,Singapore,1,1,PIL,1,8,4397.42857142857,257.142857142857,2800,4250,14,14,14,{14}
2021-03-28,TZZNZ,Zanzibar,KMMUT,Mutsamudu,1,1,"Emirates Shipping; UAFL-United Africa Feeder Line; WEC Lines",3,3,3579.42857142857,800,1728,2268,2,2,2,{2}
2021-03-28,UAILK,Chornomorsk,GEBUS,Batumi,1,1,MSC,1,3,2032.33333333333,397.333333333333,2007,2082,2,2,2,{2}
2021-03-28,UAILK,Chornomorsk,RUNVS,Novorossiysk,1,1,MSC,1,5,2520,166,2480,2680,2,2,2,{2}
2021-03-28,UAODS,Odessa,GRPIR,Piraeus,1,1,"APL; CMA CGM; CNC Line-Cheng Lie Navigation Co. Ltd.; COSCO; Evergreen Line; OOCL; Turkon",7,10,9767.1,1165.6,8948,11388,2,2,2,{2}
2021-03-28,UAODS,Odessa,GRSKG,Thessaloniki,1,1,"APL; CMA CGM",2,2,912.5,243,868,957,3,3,3,{3}
2021-03-28,UAODS,Odessa,ROCND,Constanta,1,1,"APL; CMA CGM; COSCO; NileDutch",4,5,3397.4,488.4,1970,4363,2,2,2,{2}
2021-03-28,UAODS,Odessa,RUNVS,Novorossiysk,2,2,"APL; Arkas Line; CMA CGM; Evergreen Line; FESCO; Hapag-Lloyd; Maersk Line; OOCL; SeaLand; Turkon; ZIM",11,12,5866.1,1441.6,1604,4258,1,1,1,"{1,1}"
2021-03-28,UAODS,Odessa,TRAMB,"Istanbul (Ambarli)",3,3,"APL; Arkas Line; CMA CGM; Hamburg Sud; Hapag-Lloyd; Maersk Line; OOCL; SeaLand; Turkon; Yang Ming; ZIM",11,12,11873.3333333333,1555.16666666667,1800,7154,1,2,3,"{1,3,2}"
2021-03-28,UAODS,Odessa,TRMER,Mersin,1,1,"Admiral; Maersk Line; SeaLand",3,2,998,254,998,998,4,4,4,{4}
2021-03-28,UAODS,Odessa,UAILK,Chornomorsk,2,2,MSC,1,8,4552.33333333333,563.333333333333,2007,2680,1,1,1,"{1,1}"
2021-03-28,USBAL,"Baltimore MD",PAONX,Colon,1,1,"ANL; APL; CMA CGM; COSCO; Evergreen Line; OOCL",6,10,11583.8,794.8,8508,14424,6,6,6,{6}
2021-03-28,USBAL,"Baltimore MD",USCHS,"Charleston SC",2,2,"APL; CMA CGM; Hamburg Sud; Hapag-Lloyd; Maersk Line; MSC; SeaLand; ZIM",8,12,10328.4444444444,1381.11111111111,3752,6969,2,2.5,3,"{2,3}"
2021-03-28,USBAL,"Baltimore MD",USNYC,"New York NY/NJ",1,1,"Alianca; Hamburg Sud; Maersk Line; MSC; SeaLand; ZIM",6,11,11035.8181818182,800,9038,13630,3,3,3,{3}
2021-03-28,USBAL,"Baltimore MD",USORF,"Norfolk VA",3,3,"Alianca; Hamburg Sud; Maersk Line; MSC; SeaLand",5,21,18379.6984126984,1865.53968253968,1798,9200,1,1,1,"{1,1,1}"
2021-03-28,USBOS,"Boston MA",USNYC,"New York NY/NJ",1,1,"ANL; APL; CMA CGM; COSCO; Evergreen Line; OOCL",6,10,8815.6,954.8,8452,9466,1,1,1,{1}
2021-03-28,USBOS,"Boston MA",USPHL,"Philadelphia PA",1,1,MSC,1,7,4229,1278.57142857143,4112,4931,1,1,1,{1}
2021-03-28,USCHS,"Charleston SC",BEANR,Antwerp,1,1,"Hamburg Sud; Maersk Line; MSC; SeaLand",4,6,7210,483.333333333333,5550,8800,10,10,10,{10}
2021-03-28,USCHS,"Charleston SC",BSFPO,Freeport,1,1,"Hamburg Sud; Maersk Line; MSC",3,9,2572.55555555556,340.111111111111,1798,3649,2,2,2,{2}
2021-03-28,USCHS,"Charleston SC",COCTG,Cartagena,3,3,"Alianca; Hamburg Sud; Hapag-Lloyd; Hyundai; Maersk Line; MSC; ONE; SeaLand; Yang Ming",9,32,21160.4636363636,1886.45454545455,3000,13870,3,4,4,"{4,4,3}"
2021-03-28,USCHS,"Charleston SC",EGPSD,"Port Said",1,1,"ANL; APL; CMA CGM; Hapag-Lloyd; ONE; OOCL",6,9,9476.88888888889,737.777777777778,8063,10114,16,16,16,{16}
2021-03-28,USCHS,"Charleston SC",GBSOU,Southampton,1,1,"APL; CMA CGM; COSCO; Evergreen Line; OOCL",5,5,6691.6,610.4,8063,8495,11,11,11,{11}
2021-03-28,USCHS,"Charleston SC",MAPTM,Tanger,1,1,"Hamburg Sud; Maersk Line; MSC; SeaLand",4,7,8494.14285714286,771.428571428571,7849,9200,10,10,10,{10}
2021-03-28,USCHS,"Charleston SC",MYPKG,"Port Klang",1,1,"ANL; APL; CMA CGM; CNC Line-Cheng Lie Navigation Co. Ltd.; COSCO; Evergreen Line; OOCL",7,19,12786.9473684211,989.473684210526,10100,15072,35,35,35,{35}
2021-03-28,USCHS,"Charleston SC",USBOS,"Boston MA",1,1,"ANL; APL; CMA CGM; COSCO; Evergreen Line; OOCL",6,10,8815.6,954.8,8452,9466,2,2,2,{2}
2021-03-28,USCHS,"Charleston SC",USHOU,"Houston TX",1,1,"Maersk Line; MSC",2,5,4841.2,535,4154,6200,4,4,4,{4}
2021-03-28,USCHS,"Charleston SC",USILM,"Wilmington NC",1,1,"Alianca; Hamburg Sud; Maersk Line; MSC; SeaLand; ZIM",6,11,10333.3636363636,1137.45454545455,9162,11923,1,1,1,{1}
2021-03-28,USCHS,"Charleston SC",USJAX,"Jacksonville FL",1,1,"Alianca; Hamburg Sud; Hapag-Lloyd; Maersk Line",4,7,5731.14285714286,668.857142857143,6589,6750,1,1,1,{1}
2021-03-28,USCHS,"Charleston SC",USMIA,"Miami FL",1,1,"APL; CMA CGM; COSCO; Evergreen Line; OOCL",5,7,6350.85714285714,500,5618,6574,2,2,2,{2}
2021-03-28,USCHS,"Charleston SC",USNYC,"New York NY/NJ",2,2,"Alianca; Hamburg Sud; Hapag-Lloyd; Hyundai; Maersk Line; MSC; ONE; SeaLand; Yang Ming; ZIM",10,23,22284.4848484848,1697.69696969697,7943,14100,1,2.5,4,"{4,1}"
2021-03-28,USCHS,"Charleston SC",USORF,"Norfolk VA",1,1,"Hapag-Lloyd; Hyundai; ONE; Yang Ming",4,11,8445.72727272727,706.909090909091,8110,8930,2,2,2,{2}
2021-03-28,USCHS,"Charleston SC",USPEF,"Port Everglades FL",2,2,"ACL-Atlantic Container Line; APL; CMA CGM; Hamburg Sud; Hapag-Lloyd; Maersk Line; ONE; SeaLand; Yang Ming",9,9,7517.83333333333,1248,3200,4544,1,1.5,2,"{2,1}"
2021-03-28,USCHS,"Charleston SC",USSAV,"Savannah GA",5,5,"ACL-Atlantic Container Line; APL; Hamburg Sud; Hapag-Lloyd; Maersk Line; MSC; ONE; SeaLand; Yang Ming; ZIM",10,46,35369.5262626263,2910.03838383838,5550,11294,0,1,2,"{0,2,1,2,1}"
2021-03-28,USCHS,"Charleston SC",VNVUT,"Cai Mep (near Ho Chi Minh)",1,1,"ANL; APL; CMA CGM; COSCO; Evergreen Line; OOCL",6,11,13266.5454545455,854.545454545455,13092,13500,32,32,32,{32}
2021-03-28,USCHT,"Chester PA",USILM,"Wilmington NC",1,1,ICL,1,4,2963.5,529,2546,3108,3,3,3,{3}
2021-03-28,USFEB,"Fernandina Beach FL",BMBDA,Hamilton,1,1,"Somers Isles",1,1,573.571428571429,,365,365,4,4,4,{4}
2021-03-28,USFPO,"Freeport TX",HNPCR,"Puerto Cortes",2,2,"Dole; Great White Fleet",2,4,2716.33333333333,907,890,1841,3,3,3,"{3,3}"
2021-03-28,USFPO,"Freeport TX",MXVER,Veracruz,1,1,"Alianca; APL; CMA CGM; COSCO; Hamburg Sud; Maersk Line; SeaLand",7,9,3390.44444444444,488.888888888889,3091,3534,2,2,2,{2}
2021-03-28,USGPT,"Gulfport MS",GTPBR,"Puerto Barrios",2,2,"Crowley; Dole",2,2,1862,615,890,972,2,2.5,3,"{2,3}"
2021-03-28,USGPT,"Gulfport MS",USFPO,"Freeport TX",1,1,"Great White Fleet",1,3,1826.33333333333,462,1819,1841,2,2,2,{2}
2021-03-28,USHNL,"Honolulu HI",KRPUS,Busan,2,2,"ANL; APL; CMA CGM; CNC Line-Cheng Lie Navigation Co. Ltd.; ONE",5,9,7166.5,680,1042,5095,16,19.5,23,"{23,16}"
2021-03-28,USHNL,"Honolulu HI",MPSPN,Saipan,1,1,"Maersk Line; Matson",2,5,3182,343.2,2890,3620,7,7,7,{7}
2021-03-28,USHNL,"Honolulu HI",USLGB,"Long Beach CA",1,1,"Pasha Hawaii",1,1,2653,200,2653,2653,7,7,7,{7}
2021-03-28,USHNL,"Honolulu HI",USOAK,"Oakland CA",1,1,"Pasha Hawaii",1,2,2302,200,2302,2302,5,5,5,{5}
2021-03-28,USHNL,"Honolulu HI",USTIW,"Tacoma WA",1,1,Matson,1,2,2523,354,2019,3027,5,5,5,{5}
2021-03-28,USHOU,"Houston TX",BSFPO,Freeport,1,1,"MSC; ZIM",2,10,8355.9,654,8063,8800,2,2,2,{2}
2021-03-28,USHOU,"Houston TX",MXATM,Altamira,1,1,"Hapag-Lloyd; ONE",2,6,2536,493,2339,2785,2,2,2,{2}
2021-03-28,USHOU,"Houston TX",MXPGO,Progreso,1,1,"Linea Peninsular",1,1,1098,120,366,366,2,2,2,{2}
2021-03-28,USHOU,"Houston TX",MXVER,Veracruz,1,1,"CMA CGM; Marfret; Marguisa; X-Press",4,8,6756.75,1100,6673,6881,2,2,2,{2}
2021-03-28,USHOU,"Houston TX",PACTB,Cristobal,1,1,"Alianca; Hamburg Sud; Hapag-Lloyd; Maersk Line; MSC; SeaLand; ZIM",7,7,5875.42857142857,675.714285714286,5550,6724,4,4,4,{4}
2021-03-28,USHOU,"Houston TX",PAMIT,Manzanillo,1,1,"Evergreen Line; Maersk Line",2,2,1836,299,1550,2122,4,4,4,{4}
2021-03-28,USHOU,"Houston TX",USFPO,"Freeport TX",1,1,"Alianca; APL; CMA CGM; COSCO; Hamburg Sud; Maersk Line; SeaLand",7,9,3390.44444444444,488.888888888889,3091,3534,1,1,1,{1}
2021-03-28,USHOU,"Houston TX",USMOB,"Mobile AL",3,3,"ANL; APL; CMA CGM; CNC Line-Cheng Lie Navigation Co. Ltd.; COSCO; Evergreen Line; Maersk Line; MSC; OOCL; ZIM",10,30,19126.4,1664.55,3534,9289,1,2,2,"{1,2,2}"
2021-03-28,USHOU,"Houston TX",USMSY,"New Orleans LA",9,9,"Alianca; APL; CMA CGM; COSCO; Evergreen Line; Hamburg Sud; Hapag-Lloyd; Maersk Line; MSC; ONE; OOCL; Seaboard Marine; SeaLand; X-Press; Yang Ming; ZIM",16,57,44436.6261904762,4945.77023809524,2478,8762,1,2,3,"{1,2,1,2,3,3,2,2,2}"
2021-03-28,USHOU,"Houston TX",USORF,"Norfolk VA",2,2,"APL; Maersk Line; MSC; SeaLand",4,16,11203.9272727273,1035,4154,6696,5,5.5,6,"{6,5}"
2021-03-28,USHOU,"Houston TX",USSAV,"Savannah GA",1,1,"ACL-Atlantic Container Line; Hapag-Lloyd; ONE; Yang Ming",4,6,3380.83333333333,400,3200,4248,6,6,6,{6}
2021-03-28,USILG,"Wilmington DE",COSMR,"Santa Marta",1,1,Dole,1,2,2046,990,2046,2046,4,4,4,{4}
2021-03-28,USILG,"Wilmington DE",CRMOB,Moin,1,1,Dole,1,1,1780,890,890,890,5,5,5,{5}
2021-03-28,USILM,"Wilmington NC",BEANR,Antwerp,1,1,ICL,1,4,2963.5,529,2546,3108,12,12,12,{12}
2021-03-28,USILM,"Wilmington NC",USJAX,"Jacksonville FL",1,1,"Alianca; Hamburg Sud; Maersk Line; MSC; SeaLand; ZIM",6,11,10333.3636363636,1137.45454545455,9162,11923,0,0,0,{0}
2021-03-28,USILM,"Wilmington NC",USORF,"Norfolk VA",1,1,"Evergreen Line; Maersk Line; MSC; SeaLand",4,4,1660.5,367.75,1296,1819,2,2,2,{2}
2021-03-28,USILM,"Wilmington NC",USSAV,"Savannah GA",2,2,"Evergreen Line; Hapag-Lloyd; Hyundai; Maersk Line; MSC; ONE; SeaLand; Yang Ming",8,15,14836.7727272727,1240.47727272727,1296,13870,1,1,1,"{1,1}"
2021-03-28,USJAX,"Jacksonville FL",BSNAS,Nassau,1,1,MSC,1,1,957,252,957,957,2,2,2,{2}
2021-03-28,USJAX,"Jacksonville FL",JMKIN,Kingston,1,1,"Alianca; Hamburg Sud; Maersk Line; MSC; SeaLand; ZIM",6,11,10333.3636363636,1137.45454545455,9162,11923,3,3,3,{3}
2021-03-28,USJAX,"Jacksonville FL",PRSJU,"San Juan PR",2,2,"TOTE Maritime",1,2,6200,536,3100,3100,3,3,3,"{3,3}"
2021-03-28,USJAX,"Jacksonville FL",USCHS,"Charleston SC",1,1,"Hapag-Lloyd; Hyundai; ONE; Yang Ming",4,11,8445.72727272727,706.909090909091,8110,8930,1,1,1,{1}
2021-03-28,USJAX,"Jacksonville FL",USORF,"Norfolk VA",1,1,"Hapag-Lloyd; Hyundai; ONE; Yang Ming",4,11,5525.81818181818,445.454545454545,6258,7179,2,2,2,{2}
2021-03-28,USJAX,"Jacksonville FL",USPEF,"Port Everglades FL",2,2,"Alianca; Crowley; Hamburg Sud; Hapag-Lloyd; King Ocean; Maersk Line",6,9,7021.14285714286,1058.85714285714,1284,6750,2,2,2,"{2,2}"
2021-03-28,USLAX,"Los Angeles CA",CNDCB,"Da Chan Bay",1,1,ZIM,1,5,4368.6,474,4250,4839,19,19,19,{19}
2021-03-28,USLAX,"Los Angeles CA",CNSHA,Shanghai,1,1,"Wan Hai",1,5,4532,500,4532,4532,16,16,16,{16}
2021-03-28,USLAX,"Los Angeles CA",JPYOK,Yokohama,1,1,"Hamburg Sud; Maersk Line; MSC",3,9,13577.3333333333,971.333333333333,11078,15908,11,11,11,{11}
2021-03-28,USLAX,"Los Angeles CA",KRPUS,Busan,1,1,"Hapag-Lloyd; Hyundai; ONE; Yang Ming",4,7,5840.42857142857,444.285714285714,6350,8749,18,18,18,{18}
2021-03-28,USLAX,"Los Angeles CA",MXLZC,"Lazaro Cardenas",1,1,"Alianca; APL; CMA CGM; Hamburg Sud; Maersk Line; SeaLand",6,5,2547.6,552,2546,2554,3,3,3,{3}
2021-03-28,USLAX,"Los Angeles CA",MXMZT,Mazatlan,1,1,"Hapag-Lloyd; ONE",2,4,2633.5,434,2542,2664,3,3,3,{3}
2021-03-28,USLAX,"Los Angeles CA",MXZLO,"Manzanillo, MEX",1,1,"Alianca; APL; CMA CGM; Hamburg Sud; Maersk Line; SeaLand",6,5,2559.6,600,2550,2592,3,3,3,{3}
2021-03-28,USLAX,"Los Angeles CA",PAROD,Rodman,1,1,"APL; CMA CGM; Hapag-Lloyd; ONE; Yang Ming",5,12,4516.58333333333,302.5,4882,5087,7,7,7,{7}
2021-03-28,USLAX,"Los Angeles CA",TWKHH,Kaohsiung,1,1,"ANL; APL; CMA CGM; COSCO; Evergreen Line; OOCL",6,6,12757,940,9452,16020,17,17,17,{17}
2021-03-28,USLAX,"Los Angeles CA",USHNL,"Honolulu HI",1,1,"ANL; APL; CMA CGM; CNC Line-Cheng Lie Navigation Co. Ltd.",4,6,5077.83333333333,366.666666666667,4992,5095,5,5,5,{5}
2021-03-28,USLAX,"Los Angeles CA",USOAK,"Oakland CA",11,11,"ANL; APL; CMA CGM; CNC Line-Cheng Lie Navigation Co. Ltd.; COSCO; Evergreen Line; Hapag-Lloyd; Hyundai; Maersk Line; ONE; OOCL; Yang Ming",12,105,93247.9640350877,8295.30398724083,4882,15072,1,1,3,"{1,1,1,1,1,1,3,1,1,2,1}"
2021-03-28,USLAX,"Los Angeles CA",USTIW,"Tacoma WA",1,1,ZIM,1,7,4251.57142857143,454,4248,4254,3,3,3,{3}
2021-03-28,USLAX,"Los Angeles CA",VNVUT,"Cai Mep (near Ho Chi Minh)",1,1,MSC,1,7,12234.2857142857,785.714285714286,8463,14952,17,17,17,{17}
2021-03-28,USLGB,"Long Beach CA",CNNGB,Ningbo,2,2,"Maersk Line; Matson; MSC; SM Line",4,11,17798.9333333333,1405.06666666667,2824,14952,14,17.5,21,"{14,21}"
2021-03-28,USLGB,"Long Beach CA",CNSHK,Shekou,1,1,"Wan Hai",1,7,6009.28571428571,420,5527,6540,20,20,20,{20}
2021-03-28,USLGB,"Long Beach CA",CNYTN,Yantian,1,1,"Wan Hai",1,5,3911.4,310,2553,4252,15,15,15,{15}
2021-03-28,USLGB,"Long Beach CA",KRPUS,Busan,1,1,"ANL; APL; CMA CGM; COSCO; Evergreen Line; OOCL",6,6,8338,706.666666666667,8063,8888,19,19,19,{19}
2021-03-28,USLGB,"Long Beach CA",MXESE,Ensenada,1,1,MSC,1,11,9124.72727272727,1062.36363636364,8772,9400,2,2,2,{2}
2021-03-28,USLGB,"Long Beach CA",NZAKL,Auckland,1,1,"Alianca; ANL; APL; Hamburg Sud; Hapag-Lloyd; Maersk Line; MSC; NPDL",8,9,4197.33333333333,459.333333333333,3884,4612,14,14,14,{14}
2021-03-28,USLGB,"Long Beach CA",TWKHH,Kaohsiung,1,1,"ANL; APL; CMA CGM; COSCO; Evergreen Line; OOCL",6,7,13704.2857142857,885.714285714286,13386,14500,18,18,18,{18}
2021-03-28,USLGB,"Long Beach CA",USHNL,"Honolulu HI",3,3,"Maersk Line; Matson; Pasha Hawaii",3,8,8137,743.2,2302,3620,4,4,4,"{4,4,4}"
2021-03-28,USLGB,"Long Beach CA",USOAK,"Oakland CA",7,7,"Alianca; ANL; APL; CMA CGM; CNC Line-Cheng Lie Navigation Co. Ltd.; COSCO; Evergreen Line; Gold Star Line; Hamburg Sud; Hapag-Lloyd; Hyundai; Maersk Line; Matson; MSC; ONE; OOCL; SeaLand; SM Line; Swire Shipping; Yang Ming; ZIM",21,70,64659.2391774892,5513.20490620491,1402,19224,1,2,13,"{3,1,3,1,1,13,2}"
2021-03-28,USLGB,"Long Beach CA",USSEA,"Seattle WA",1,1,"ANL; APL; CMA CGM; COSCO; Evergreen Line; OOCL; Yang Ming",7,6,10006,700,10000,10036,1,1,1,{1}
2021-03-28,USMIA,"Miami FL",BSFPO,Freeport,3,3,"Hamburg Sud; Maersk Line; MSC; SeaLand; ZIM",5,29,23574.6045454545,2011.90227272727,6400,11294,0,0,1,"{0,1,0}"
2021-03-28,USMIA,"Miami FL",CRMOB,Moin,1,1,"Seaboard Marine",1,3,1785,512.333333333333,1740,1875,3,3,3,{3}
2021-03-28,USMIA,"Miami FL",ESALG,Algeciras,1,1,"APL; CMA CGM; COSCO; Hapag-Lloyd; ONE; OOCL; Yang Ming; ZIM",8,6,7129.16666666667,600,8063,8749,10,10,10,{10}
2021-03-28,USMIA,"Miami FL",HNPCR,"Puerto Cortes",2,2,"Seaboard Marine",1,2,1948,340,974,974,2,2.5,3,"{2,3}"
2021-03-28,USMIA,"Miami FL",HTLFF,"Port Lafito",1,1,"Seaboard Marine",1,1,1591.42857142857,314.285714285714,1114,1114,2,2,2,{2}
2021-03-28,USMIA,"Miami FL",JMKIN,Kingston,2,2,"CMA CGM; Seaboard Marine",2,5,2399,495.666666666667,677,1713,2,2.5,3,"{3,2}"
2021-03-28,USMIA,"Miami FL",MXVER,Veracruz,2,2,"APL; CMA CGM; COSCO; Evergreen Line; Hamburg Sud; Maersk Line; MSC; OOCL; SeaLand",9,15,13998.1071428571,1137.875,5618,8762,3,3.5,4,"{4,3}"
2021-03-28,USMIA,"Miami FL",SGSIN,Singapore,1,1,"ANL; APL; CMA CGM; CNC Line-Cheng Lie Navigation Co. Ltd.; COSCO; Evergreen Line; OOCL",7,12,8378.25,746.5,6350,9289,36,36,36,{36}
2021-03-28,USMIA,"Miami FL",SXSXM,"St Maarten",1,1,"King Ocean; Seaboard Marine",2,2,1339.5,351.5,966,1713,2,2,2,{2}
2021-03-28,USMIA,"Miami FL",USPEF,"Port Everglades FL",1,1,"Hyde Shipping Corp.; Seaboard Marine",2,2,301,40,262,340,1,1,1,{1}
2021-03-28,USMOB,"Mobile AL",BSFPO,Freeport,1,1,"Hamburg Sud; Maersk Line; MSC; SeaLand",4,6,7210,483.333333333333,5550,8800,3,3,3,{3}
2021-03-28,USMOB,"Mobile AL",USHOU,"Houston TX",1,1,"Hamburg Sud; Maersk Line; MSC; ZIM",4,10,6773.9,568.3,6400,8189,1,1,1,{1}
2021-03-28,USMOB,"Mobile AL",USMSY,"New Orleans LA",1,1,"ANL; APL; CMA CGM; CNC Line-Cheng Lie Navigation Co. Ltd.; COSCO; Evergreen Line; OOCL",7,12,8378.25,746.5,6350,9289,2,2,2,{2}
2021-03-28,USMOB,"Mobile AL",USTPA,"Tampa FL",2,2,"ANL; APL; CMA CGM; COSCO; Evergreen Line; Maersk Line; MSC; OOCL; ZIM",9,18,10748.15,918.05,3534,8112,1,1,1,"{1,1}"
2021-03-28,USMSY,"New Orleans LA",COCTG,Cartagena,1,1,"Alianca; Hamburg Sud; Hapag-Lloyd; Maersk Line; MSC; ONE; SeaLand; ZIM",8,8,7465,1279,5550,8073,5,5,5,{5}
2021-03-28,USMSY,"New Orleans LA",DOCAU,Caucedo,1,1,"Hapag-Lloyd; ZIM",2,8,4692,382.5,4253,6712,5,5,5,{5}
2021-03-28,USMSY,"New Orleans LA",FRLEH,"Le Havre",1,1,"APL; CMA CGM; COSCO; Evergreen Line; OOCL",5,7,6350.85714285714,500,5618,6574,18,18,18,{18}
2021-03-28,USMSY,"New Orleans LA",GBLGP,"London Gateway",1,1,"Hapag-Lloyd; ONE; Yang Ming",3,7,4374.28571428571,395.428571428571,4662,5595,17,17,17,{17}
2021-03-28,USMSY,"New Orleans LA",GTPBR,"Puerto Barrios",1,1,"Alianca; Hamburg Sud; Maersk Line; MSC; SeaLand",5,3,2588.66666666667,433.333333333333,2478,2742,3,3,3,{3}
2021-03-28,USMSY,"New Orleans LA",HNPCR,"Puerto Cortes",1,1,"Seaboard Marine; X-Press",2,3,2536,394,2478,2566,2,2,2,{2}
2021-03-28,USMSY,"New Orleans LA",USHOU,"Houston TX",1,1,"Alianca; APL; CMA CGM; COSCO; Hamburg Sud; Maersk Line; SeaLand",7,9,3390.44444444444,488.888888888889,3091,3534,4,4,4,{4}
2021-03-28,USMSY,"New Orleans LA",USMIA,"Miami FL",3,3,"ANL; APL; CMA CGM; CNC Line-Cheng Lie Navigation Co. Ltd.; COSCO; Evergreen Line; Hamburg Sud; Maersk Line; MSC; OOCL; SeaLand; ZIM",12,30,22799.4,1952.675,6350,9289,2,2,2,"{2,2,2}"
2021-03-28,USMSY,"New Orleans LA",USMOB,"Mobile AL",1,1,"Hamburg Sud; Maersk Line; MSC; SeaLand",4,6,7210,483.333333333333,5550,8800,1,1,1,{1}
2021-03-28,USMSY,"New Orleans LA",USPEF,"Port Everglades FL",1,1,MSC,1,3,2008.66666666667,355.333333333333,2492,3534,6,6,6,{6}
2021-03-28,USNTD,"Port Hueneme CA",USLAX,"Los Angeles CA",1,1,"Alianca; APL; CMA CGM; Hamburg Sud; Maersk Line; SeaLand",6,5,2547.6,552,2546,2554,1,1,1,{1}
2021-03-28,USNTD,"Port Hueneme CA",USOAK,"Oakland CA",1,1,"Alianca; APL; CMA CGM; Hamburg Sud; Maersk Line; SeaLand",6,5,2559.6,600,2550,2592,1,1,1,{1}
2021-03-28,USNYC,"New York NY/NJ",CAHAL,Halifax,2,2,"ACL-Atlantic Container Line; Hapag-Lloyd; ONE; Yang Ming; ZIM",5,7,4969.4,540,1102,5595,2,2,2,"{2,2}"
2021-03-28,USNYC,"New York NY/NJ",DEBRV,Bremerhaven,1,1,"Alianca; Hamburg Sud; Maersk Line; MSC",4,5,7313,754,6478,8827,11,11,11,{11}
2021-03-28,USNYC,"New York NY/NJ",ESALG,Algeciras,1,1,"APL; Maersk Line; SeaLand",3,11,6362.72727272727,500,6188,6696,10,10,10,{10}
2021-03-28,USNYC,"New York NY/NJ",MXVER,Veracruz,1,1,"Hamburg Sud; Maersk Line; MSC; SeaLand",4,6,7210,483.333333333333,5550,8800,6,6,6,{6}
2021-03-28,USNYC,"New York NY/NJ",OMSLL,Salalah,1,1,"Alianca; Hamburg Sud; Maersk Line; MSC; SeaLand; ZIM",6,11,11035.8181818182,800,9038,13630,17,17,17,{17}
2021-03-28,USNYC,"New York NY/NJ",PAMIT,Manzanillo,1,1,"Maersk Line; SeaLand",2,10,4194.1,1103.6,4045,4258,6,6,6,{6}
2021-03-28,USNYC,"New York NY/NJ",PAONX,Colon,1,1,"ANL; APL; CMA CGM; COSCO; Evergreen Line; OOCL",6,10,8815.6,954.8,8452,9466,6,6,6,{6}
2021-03-28,USNYC,"New York NY/NJ",SGSIN,Singapore,2,2,"Alianca; Hamburg Sud; Hapag-Lloyd; Hyundai; Maersk Line; MSC; ONE; SeaLand; Yang Ming; ZIM",10,23,22284.4848484848,1697.69696969697,7943,14100,26,28.5,31,"{31,26}"
2021-03-28,USNYC,"New York NY/NJ",USBAL,"Baltimore MD",3,3,"APL; CMA CGM; Hamburg Sud; Hapag-Lloyd; Maersk Line; MSC; SeaLand",7,19,15203.6984126984,1959.53968253968,1798,9200,2,2,2,"{2,2,2}"
2021-03-28,USNYC,"New York NY/NJ",USCHS,"Charleston SC",4,4,"ACL-Atlantic Container Line; APL; Hamburg Sud; Hapag-Lloyd; Maersk Line; MSC; ONE; SeaLand; Yang Ming; ZIM",10,37,29178.0818181818,2376.92727272727,6188,11294,2,2.5,3,"{2,2,3,3}"
2021-03-28,USNYC,"New York NY/NJ",USORF,"Norfolk VA",14,14,"Alianca; ANL; APL; CMA CGM; CNC Line-Cheng Lie Navigation Co. Ltd.; COSCO; Evergreen Line; Hamburg Sud; Hapag-Lloyd; Hyundai; Maersk Line; MSC; ONE; OOCL; SeaLand; Turkon; X-Press; Yang Ming; ZIM",19,135,130766.865117339,10297.5712311081,1878,15072,1,1,3,"{2,3,1,1,2,1,1,1,1,1,1,1,3,1}"
2021-03-28,USNYC,"New York NY/NJ",USPHL,"Philadelphia PA",1,1,"Alianca; Hamburg Sud; Hapag-Lloyd; Maersk Line",4,7,5731.14285714286,668.857142857143,6589,6750,3,3,3,{3}
2021-03-28,USNYC,"New York NY/NJ",USSAV,"Savannah GA",6,6,"ANL; APL; CMA CGM; COSCO; Delmas; Evergreen Line; Hapag-Lloyd; Hyundai; Marfret; ONE; OOCL; Seaboard Marine; Seatrade; USL-US Lines; Yang Ming; ZIM",16,43,30882.5422077922,3752.24149659864,1221,13500,1,2,3,"{2,2,2,1,3,2}"
2021-03-28,USOAK,"Oakland CA",CAVAN,"Vancouver BC",1,1,MSC,1,11,9124.72727272727,1062.36363636364,8772,9400,6,6,6,{6}
2021-03-28,USOAK,"Oakland CA",CNLYG,Lianyungang,1,1,"ANL; APL; CMA CGM; CNC Line-Cheng Lie Navigation Co. Ltd.; COSCO; Evergreen Line; Gold Star Line; OOCL; ZIM",9,12,9396,737.5,5089,10050,15,15,15,{15}
2021-03-28,USOAK,"Oakland CA",CNTAO,Qingdao,1,1,"Alianca; Hamburg Sud; Maersk Line; MSC; SeaLand; SM Line",6,6,11294.6666666667,833.333333333333,10500,13092,15,15,15,{15}
2021-03-28,USOAK,"Oakland CA",CNYTN,Yantian,1,1,"ANL; APL; CMA CGM; CNC Line-Cheng Lie Navigation Co. Ltd.; COSCO; Evergreen Line; OOCL",7,19,12786.9473684211,989.473684210526,10100,15072,18,18,18,{18}
2021-03-28,USOAK,"Oakland CA",JPTYO,Tokyo,2,2,"APL; CMA CGM; COSCO; Evergreen Line; Hapag-Lloyd; Hyundai; ONE; Yang Ming",8,21,17482.2666666667,1740.46666666667,8212,9592,12,12,12,"{12,12}"
2021-03-28,USOAK,"Oakland CA",JPUKB,Kobe,1,1,"Hapag-Lloyd; Hyundai; ONE; Yang Ming",4,6,8856.66666666667,769,8110,9592,12,12,12,{12}
2021-03-28,USOAK,"Oakland CA",JPYOK,Yokohama,2,2,"ANL; APL; CMA CGM; CNC Line-Cheng Lie Navigation Co. Ltd.; Hapag-Lloyd; Hyundai; Maersk Line; ONE; Yang Ming",9,24,20691.6111111111,1536.33333333333,5506,14100,11,11.5,12,"{12,11}"
2021-03-28,USOAK,"Oakland CA",KRPUS,Busan,3,3,"Hapag-Lloyd; Hyundai; Maersk Line; MSC; ONE; SeaLand; SM Line; Yang Ming",8,26,30808.5555555556,2669.91919191919,6200,19224,10,12,14,"{10,12,14}"
2021-03-28,USOAK,"Oakland CA",MXZLO,"Manzanillo, MEX",1,1,"Alianca; Hamburg Sud; Hapag-Lloyd; Maersk Line; ZIM",5,12,4283.08333333333,361.833333333333,4253,5085,5,5,5,{5}
2021-03-28,USOAK,"Oakland CA",PFPPT,"Papeete, Tahiti",1,1,"Hamburg Sud; Matson; Swire Shipping",3,2,3366.42857142857,589.285714285714,1402,1740,10,10,10,{10}
2021-03-28,USOAK,"Oakland CA",TWKEL,Keelung,1,1,"Hapag-Lloyd; Hyundai; ONE; Yang Ming",4,6,7508,533.333333333333,6589,8626,14,14,14,{14}
2021-03-28,USOAK,"Oakland CA",TWKHH,Kaohsiung,1,1,"Wan Hai",1,6,2731,452.333333333333,2553,2824,17,17,17,{17}
2021-03-28,USOAK,"Oakland CA",TWTPE,Taipei,1,1,"ANL; APL; CMA CGM; COSCO; Evergreen Line; OOCL",6,6,10471.3333333333,983.333333333333,8408,12118,18,18,18,{18}
2021-03-28,USOAK,"Oakland CA",USHNL,"Honolulu HI",1,1,Matson,1,2,2523,354,2019,3027,4,4,4,{4}
2021-03-28,USOAK,"Oakland CA",USLAX,"Los Angeles CA",3,3,"Alianca; APL; CMA CGM; Hamburg Sud; Hapag-Lloyd; Maersk Line; MSC; ONE; SeaLand; Yang Ming",10,24,19310.469047619,1688.21428571429,2550,14952,1,2,3,"{2,3,1}"
2021-03-28,USOAK,"Oakland CA",USLGB,"Long Beach CA",2,2,"MSC; Pasha Hawaii",2,13,11426.7272727273,1262.36363636364,2302,9400,3,3,3,"{3,3}"
2021-03-28,USOAK,"Oakland CA",USSEA,"Seattle WA",4,4,"Alianca; ANL; APL; CMA CGM; CNC Line-Cheng Lie Navigation Co. Ltd.; Hamburg Sud; Hapag-Lloyd; Maersk Line; MSC; NPDL; ONE; Yang Ming; ZIM",13,39,17590.6666666667,2375.66666666667,3650,6350,3,3,4,"{4,3,3,3}"
2021-03-28,USOAK,"Oakland CA",USTIW,"Tacoma WA",1,1,"APL; CMA CGM; COSCO; Evergreen Line; OOCL",5,12,7320.33333333333,699.833333333333,5652,8508,3,3,3,{3}
2021-03-28,USORF,"Norfolk VA",BEANR,Antwerp,2,2,"ACL-Atlantic Container Line; Hapag-Lloyd; Maersk Line; MSC; ONE; Yang Ming",6,11,8222.03333333333,935,3200,6200,9,9,9,"{9,9}"
2021-03-28,USORF,"Norfolk VA",CAHAL,Halifax,1,1,"Hapag-Lloyd; Hyundai; ONE; Yang Ming",4,11,5525.81818181818,445.454545454545,6258,7179,4,4,4,{4}
2021-03-28,USORF,"Norfolk VA",ESVLC,Valencia,1,1,"Hapag-Lloyd; Yang Ming; ZIM",3,8,4250.75,382.5,4250,4253,14,14,14,{14}
2021-03-28,USORF,"Norfolk VA",JMKIN,Kingston,1,1,Hapag-Lloyd,1,6,2603.66666666667,513.666666666667,2546,2872,4,4,4,{4}
2021-03-28,USORF,"Norfolk VA",PAMIT,Manzanillo,1,1,"Hapag-Lloyd; Hyundai; ONE; Yang Ming",4,11,8445.72727272727,706.909090909091,8110,8930,5,5,5,{5}
2021-03-28,USORF,"Norfolk VA",USBAL,"Baltimore MD",3,3,"Alianca; ANL; APL; CMA CGM; COSCO; Evergreen Line; Hamburg Sud; Maersk Line; MSC; OOCL; SeaLand; ZIM",12,30,28811.0626262626,2127.91111111111,5550,14424,1,1,1,"{1,1,1}"
2021-03-28,USORF,"Norfolk VA",USCHS,"Charleston SC",5,5,"Alianca; Hamburg Sud; Hapag-Lloyd; Hyundai; Maersk Line; MSC; ONE; SeaLand; Yang Ming; ZIM",10,42,26330.8165945166,2641.33189033189,1798,9962,2,2,2,"{2,2,2,2,2}"
2021-03-28,USORF,"Norfolk VA",USILM,"Wilmington NC",1,1,"Hapag-Lloyd; Hyundai; ONE; Yang Ming",4,11,13176.2727272727,872.727272727273,13100,13870,1,1,1,{1}
2021-03-28,USORF,"Norfolk VA",USNYC,"New York NY/NJ",1,1,"APL; Maersk Line; SeaLand",3,11,6362.72727272727,500,6188,6696,3,3,3,{3}
2021-03-28,USORF,"Norfolk VA",USPHL,"Philadelphia PA",2,2,"ACL-Atlantic Container Line; Evergreen Line; Hapag-Lloyd; Maersk Line; MSC; ONE; SeaLand; Yang Ming",8,9,5519.9,687.75,1296,5595,1,1.5,2,"{2,1}"
2021-03-28,USORF,"Norfolk VA",USSAV,"Savannah GA",12,12,"Alianca; ANL; APL; CMA CGM; CNC Line-Cheng Lie Navigation Co. Ltd.; COSCO; Evergreen Line; Hamburg Sud; Hapag-Lloyd; Hyundai; Maersk Line; MSC; ONE; OOCL; SeaLand; Turkon; X-Press; Yang Ming; ZIM",19,106,104586.672620946,8822.36141869826,1878,15072,1,2,2,"{2,2,2,2,2,1,1,2,1,2,1,2}"
2021-03-28,USPAB,"Palm Beach FL",PRSJU,"San Juan PR",1,1,"Tropical Shipping",1,1,2296,520,1148,1148,3,3,3,{3}
2021-03-28,USPAB,"Palm Beach FL",TCPLS,Providenciales,2,2,"Tropical Shipping",1,2,612,132,306,306,2,2.5,3,"{2,3}"
2021-03-28,USPAB,"Palm Beach FL",VICTD,"St Croix VI",1,1,"Tropical Shipping",1,2,1148,260,1148,1148,3,3,3,{3}
2021-03-28,USPAB,"Palm Beach FL",VICZB,"St John VI",1,1,"Tropical Shipping",1,2,911.5,187,850,973,3,3,3,{3}
2021-03-28,USPAE,"Everett WA",USSEA,"Seattle WA",1,1,Westwood,1,3,5096,1114.66666666667,2542,2556,2,2,2,{2}
2021-03-28,USPDX,"Portland OR",KRPUS,Busan,1,1,"MSC; SM Line",2,6,4724.83333333333,449.333333333333,4253,6655,17,17,17,{17}
2021-03-28,USPEF,"Port Everglades FL",AWBAR,Barcadera,1,1,"Alianca; Hamburg Sud; King Ocean",3,2,1380.5,322.5,966,1795,3,3,3,{3}
2021-03-28,USPEF,"Port Everglades FL",BRSSZ,Santos,1,1,"Alianca; Hamburg Sud; Hapag-Lloyd; Maersk Line",4,7,5731.14285714286,668.857142857143,6589,6750,11,11,11,{11}
2021-03-28,USPEF,"Port Everglades FL",BSNAS,Nassau,3,2,"CMA CGM; MSC",2,4,2604.5,504,677,957,1,1,1,"{1,1,1}"
2021-03-28,USPEF,"Port Everglades FL",COCTG,Cartagena,2,2,"Alianca; APL; CMA CGM; Hamburg Sud; Hapag-Lloyd; Maersk Line; SeaLand",7,6,6685,1424.66666666667,2506,4544,3,3.5,4,"{4,3}"
2021-03-28,USPEF,"Port Everglades FL",CRMOB,Moin,1,1,"Crowley; King Ocean",2,2,1290,390,1284,1296,4,4,4,{4}
2021-03-28,USPEF,"Port Everglades FL",DOCAU,Caucedo,1,1,"MSC; ZIM",2,9,6191.44444444444,533.111111111111,5550,6969,2,2,2,{2}
2021-03-28,USPEF,"Port Everglades FL",DOHAI,"Rio Haina",3,3,"Crowley; King Ocean; MSC; Seaboard Marine; SeaLand",5,8,4375.16666666667,860.333333333333,957,3534,3,3,3,"{3,3,3}"
2021-03-28,USPEF,"Port Everglades FL",GTSTC,"Santo Tomas de Castilla",4,4,"Crowley; Evergreen Line; King Ocean; Maersk Line; MSC; SeaLand",6,7,4578.5,877.75,972,1819,2,3,3,"{2,3,3,3}"
2021-03-28,USPEF,"Port Everglades FL",HNRTB,Roatan,1,1,"Hyde Shipping Corp.; Seaboard Marine",2,2,301,40,262,340,2,2,2,{2}
2021-03-28,USPEF,"Port Everglades FL",HTPAP,Port-au-Prince,1,1,"King Ocean",1,1,591,150,591,591,2,2,2,{2}
2021-03-28,USPEF,"Port Everglades FL",KYGEC,Georgetown,1,1,"Hyde Shipping Corp.; Seaboard Marine",2,1,508,50,508,508,2,2,2,{2}
2021-03-28,USPEF,"Port Everglades FL",PECLL,Callao,1,1,"King Ocean",1,1,1396,240,698,698,1,1,1,{1}
2021-03-28,USPEF,"Port Everglades FL",SXSXM,"St Maarten",1,1,"King Ocean; Seaboard Marine",2,4,1394.5,335,957,2546,3,3,3,{3}
2021-03-28,USPEF,"Port Everglades FL",USGPT,"Gulfport MS",1,1,"Great White Fleet",1,3,1826.33333333333,462,1819,1841,4,4,4,{4}
2021-03-28,USPEF,"Port Everglades FL",USHOU,"Houston TX",1,1,"ACL-Atlantic Container Line; Hapag-Lloyd; ONE; Yang Ming",4,6,3380.83333333333,400,3200,4248,3,3,3,{3}
2021-03-28,USPEF,"Port Everglades FL",USILG,"Wilmington DE",1,1,Dole,1,1,1780,890,890,890,3,3,3,{3}
2021-03-28,USPEF,"Port Everglades FL",USILM,"Wilmington NC",1,1,"Evergreen Line; Maersk Line; MSC; SeaLand",4,4,1660.5,367.75,1296,1819,2,2,2,{2}
2021-03-28,USPEF,"Port Everglades FL",USJAX,"Jacksonville FL",1,1,"Crowley; King Ocean",2,2,1290,390,1284,1296,1,1,1,{1}
2021-03-28,USPEF,"Port Everglades FL",USNYC,"New York NY/NJ",1,1,"APL; CMA CGM; Hamburg Sud; Hapag-Lloyd; Maersk Line; SeaLand",6,3,4137,848,3752,4544,4,4,4,{4}
2021-03-28,USPEF,"Port Everglades FL",VISTT,"St Thomas VI",1,1,Crowley,1,2,1134,280,972,1296,3,3,3,{3}
2021-03-28,USPHL,"Philadelphia PA",BEZEE,Zeebrugge,1,1,"ANL; APL; CMA CGM; Delmas; Marfret; Seatrade; USL-US Lines",7,7,3999.42857142857,1180.40816326531,2256,2506,3,3,3,{3}
2021-03-28,USPHL,"Philadelphia PA",BSFPO,Freeport,1,1,MSC,1,7,4229,1278.57142857143,4112,4931,3,3,3,{3}
2021-03-28,USPHL,"Philadelphia PA",USCHS,"Charleston SC",1,1,"Alianca; Hamburg Sud; Hapag-Lloyd; Maersk Line; MSC; SeaLand",6,11,3481.09090909091,780.727272727273,3000,3752,3,3,3,{3}
2021-03-28,USPHL,"Philadelphia PA",USILM,"Wilmington NC",1,1,"Evergreen Line; Maersk Line; MSC; SeaLand",4,4,1660.5,367.75,1296,1819,2,2,2,{2}
2021-03-28,USPHL,"Philadelphia PA",USNYC,"New York NY/NJ",2,2,"ACL-Atlantic Container Line; Hapag-Lloyd; ONE; Seaboard Marine; Yang Ming",5,8,6412.06666666667,898.666666666667,2546,5595,1,1.5,2,"{2,1}"
2021-03-28,USPHL,"Philadelphia PA",USORF,"Norfolk VA",1,1,"Alianca; Hamburg Sud; Hapag-Lloyd; Maersk Line",4,7,5731.14285714286,668.857142857143,6589,6750,2,2,2,{2}
2021-03-28,USPHL,"Philadelphia PA",USSAV,"Savannah GA",1,1,"Alianca; Hamburg Sud; Maersk Line; SeaLand",4,3,2548,576.666666666667,2506,2592,3,3,3,{3}
2021-03-28,USPWM,"Portland, ME",CANWP,Argentia,1,1,Eimskip,1,3,832.666666666667,183.333333333333,698,925,5,5,5,{5}
2021-03-28,USSAN,"San Diego CA",ECGYE,Guayaquil,1,1,Dole,1,3,1540,770,1540,1540,8,8,8,{8}
2021-03-28,USSAV,"Savannah GA",BSFPO,Freeport,1,1,"MSC; ZIM",2,10,8355.9,654,8063,8800,2,2,2,{2}
2021-03-28,USSAV,"Savannah GA",CNTAO,Qingdao,1,1,"ANL; APL; CMA CGM; COSCO; Evergreen Line; OOCL",6,11,13753.6363636364,945.454545454545,13092,15052,35,35,35,{35}
2021-03-28,USSAV,"Savannah GA",COCTG,Cartagena,1,1,"APL; CMA CGM; Hapag-Lloyd; ONE; Yang Ming",5,12,4516.58333333333,302.5,4882,5087,5,5,5,{5}
2021-03-28,USSAV,"Savannah GA",EGALY,Alexandria,1,1,"Hapag-Lloyd; Turkon; X-Press",3,5,2707.45714285714,552.857142857143,1878,2556,17,17,17,{17}
2021-03-28,USSAV,"Savannah GA",ESALG,Algeciras,1,1,"COSCO; ONE; OOCL; Yang Ming",4,6,4470.66666666667,420,4250,4892,11,11,11,{11}
2021-03-28,USSAV,"Savannah GA",FRLEH,"Le Havre",1,1,"ACL-Atlantic Container Line; Hapag-Lloyd; ONE; Yang Ming",4,5,5306,417.2,6350,6921,10,10,10,{10}
2021-03-28,USSAV,"Savannah GA",GBSOU,Southampton,1,1,"APL; CMA CGM; Hapag-Lloyd; ONE; Yang Ming",5,12,4516.58333333333,302.5,4882,5087,18,18,18,{18}
2021-03-28,USSAV,"Savannah GA",INMUN,Mundra,1,1,MSC,1,10,9536.5,721,8063,14952,31,31,31,{31}
2021-03-28,USSAV,"Savannah GA",JMKIN,Kingston,3,3,"ANL; APL; CMA CGM; Delmas; Marfret; Seaboard Marine; Seatrade; USL-US Lines",8,13,7839.42857142857,2069.74149659864,1221,2556,3,3,3,"{3,3,3}"
2021-03-28,USSAV,"Savannah GA",MYTPP,"Tanjung Pelepas",1,1,"Maersk Line; MSC; ZIM",3,11,8625,886.636363636364,7455,9962,33,33,33,{33}
2021-03-28,USSAV,"Savannah GA",USCHS,"Charleston SC",9,9,"Alianca; ANL; APL; CMA CGM; CNC Line-Cheng Lie Navigation Co. Ltd.; COSCO; Evergreen Line; Hamburg Sud; Hapag-Lloyd; Hyundai; Maersk Line; MSC; ONE; OOCL; SeaLand; Yang Ming; ZIM",17,95,96643.0275993013,7761.94063947748,7849,15072,0,1,1,"{1,1,1,1,0,1,1,1,1}"
2021-03-28,USSAV,"Savannah GA",USHOU,"Houston TX",1,1,"APL; Maersk Line; SeaLand",3,11,6362.72727272727,500,6188,6696,4,4,4,{4}
2021-03-28,USSAV,"Savannah GA",USJAX,"Jacksonville FL",2,2,"Hapag-Lloyd; Hyundai; ONE; Yang Ming",4,22,13971.5454545455,1152.36363636364,6258,8930,1,1,1,"{1,1}"
2021-03-28,USSAV,"Savannah GA",USMIA,"Miami FL",2,2,"APL; CMA CGM; COSCO; Hamburg Sud; Hapag-Lloyd; Maersk Line; MSC; ONE; OOCL; SeaLand; Yang Ming; ZIM",12,17,16282.6212121212,1405.72727272727,8063,11294,1,1.5,2,"{1,2}"
2021-03-28,USSAV,"Savannah GA",USNYC,"New York NY/NJ",2,2,"Alianca; ANL; APL; CMA CGM; COSCO; Evergreen Line; Hamburg Sud; Maersk Line; MSC; OOCL",10,15,18896.8,1548.8,6478,14424,2,2.5,3,"{3,2}"
2021-03-28,USSAV,"Savannah GA",USORF,"Norfolk VA",4,4,"ACL-Atlantic Container Line; Alianca; Hamburg Sud; Hapag-Lloyd; Hyundai; Maersk Line; MSC; ONE; SeaLand; Yang Ming; ZIM",11,35,20817.5015151515,1879.86363636364,3200,9962,2,2,3,"{3,2,2,2}"
2021-03-28,USSAV,"Savannah GA",USPEF,"Port Everglades FL",3,3,"Alianca; Evergreen Line; Hamburg Sud; Maersk Line; MSC; SeaLand; ZIM",7,16,10399.9444444444,1477.52777777778,1296,6969,2,2,2,"{2,2,2}"
2021-03-28,USSAV,"Savannah GA",USPHL,"Philadelphia PA",1,1,"ANL; APL; CMA CGM; Delmas; Marfret; Seatrade; USL-US Lines",7,7,3999.42857142857,1180.40816326531,2256,2506,2,2,2,{2}
2021-03-28,USSEA,"Seattle WA",CAVAN,"Vancouver BC",5,5,"Alianca; ANL; APL; CMA CGM; COSCO; Hamburg Sud; Hapag-Lloyd; Maersk Line; MSC; NPDL; ONE; OOCL; Westwood; Yang Ming; ZIM",15,42,28198.6666666667,3214.66666666667,2542,11388,1,1,2,"{2,1,1,2,1}"
2021-03-28,USSEA,"Seattle WA",CNTXG,Xingang/Tianjin,1,1,"ANL; APL; CMA CGM; COSCO; Evergreen Line; OOCL; Yang Ming",7,6,10006,700,10000,10036,10,10,10,{10}
2021-03-28,USSEA,"Seattle WA",JPYOK,Yokohama,1,1,"Alianca; Hamburg Sud; Maersk Line; MSC; SeaLand; ZIM",6,7,8447.42857142857,862.428571428571,8200,8814,7,7,7,{7}
2021-03-28,USSEA,"Seattle WA",KRPUS,Busan,2,2,"ANL; APL; CMA CGM; COSCO; Evergreen Line; Hapag-Lloyd; Hyundai; ONE; OOCL; Yang Ming",10,13,16212.1428571429,1533.2380952381,5642,12690,14,15,16,"{14,16}"
2021-03-28,USSEA,"Seattle WA",TWKHH,Kaohsiung,1,1,"ANL; CMA CGM; CNC Line-Cheng Lie Navigation Co. Ltd.",3,6,4593.66666666667,1252,3650,6350,14,14,14,{14}
2021-03-28,USSEA,"Seattle WA",USOAK,"Oakland CA",2,2,"MSC; Wan Hai",2,17,11855.7272727273,1514.69696969697,2553,9400,3,4,5,"{3,5}"
2021-03-28,USSEA,"Seattle WA",USPDX,"Portland OR",1,1,"MSC; SM Line",2,6,4724.83333333333,449.333333333333,4253,6655,1,1,1,{1}
2021-03-28,USTIW,"Tacoma WA",CAVAN,"Vancouver BC",4,4,"ANL; APL; CMA CGM; COSCO; Evergreen Line; Hapag-Lloyd; Hyundai; ONE; OOCL; Yang Ming",10,28,29248.3333333333,2476.58333333333,5576,12690,0,0,1,"{0,0,0,1}"
2021-03-28,USTIW,"Tacoma WA",THLCH,"Laem Chabang",1,1,ZIM,1,7,4251.57142857143,454,4248,4254,23,23,23,{23}
2021-03-28,USTIW,"Tacoma WA",TWKHH,Kaohsiung,1,1,"APL; CMA CGM; COSCO; Evergreen Line; OOCL",5,12,7320.33333333333,699.833333333333,5652,8508,14,14,14,{14}
2021-03-28,USTIW,"Tacoma WA",USOAK,"Oakland CA",1,1,Matson,1,2,2523,354,2019,3027,3,3,3,{3}
2021-03-28,USTPA,"Tampa FL",CNSHA,Shanghai,1,1,"ANL; APL; CMA CGM; COSCO; Evergreen Line; OOCL",6,8,4262.75,374.75,3534,5050,20,20,20,{20}
2021-03-28,USTPA,"Tampa FL",MXATM,Altamira,1,1,ZIM,1,1,1118,220,1118,1118,2,2,2,{2}
2021-03-28,USTPA,"Tampa FL",PABLB,Balboa,1,1,"Maersk Line; MSC; ZIM",3,10,6485.4,543.3,4250,8112,6,6,6,{6}
2021-03-28,UYMVD,Montevideo,ARBUE,"Buenos Aires",3,3,"Alianca; CMA CGM; COSCO; Evergreen Line; Hamburg Sud; Hapag-Lloyd; Maersk Line; MSC; ONE; OOCL; PIL; Yang Ming",12,34,28963.8928571429,4083.33333333333,8452,11923,0,1,1,"{1,0,1}"
2021-03-28,UYMVD,Montevideo,BRITJ,Itajai,1,1,"Alianca; Hamburg Sud; Hapag-Lloyd; Hyundai; Maersk Line; ONE; ZIM",7,13,8853.38461538462,1637.69230769231,8714,9030,2,2,2,{2}
2021-03-28,UYMVD,Montevideo,BRNVT,Navegantes,1,1,"Hapag-Lloyd; MSC; ZIM",3,8,8930,1107,8704,9403,3,3,3,{3}
2021-03-28,UYMVD,Montevideo,BRRIG,"Rio Grande",3,3,"Alianca; Hamburg Sud; Hapag-Lloyd; Maersk Line; MSC; ONE; SeaLand; ZIM",8,26,22542.4444444444,3012.33333333333,5550,9400,1,1,2,"{1,1,2}"
2021-03-28,VCKTN,"Kingstown, St Vincent",DMRSU,Roseau,1,1,"King Ocean; Seaboard Marine",2,4,1394.5,335,957,2546,0,0,0,{0}
2021-03-28,VCKTN,"Kingstown, St Vincent",JMKIN,Kingston,1,1,"CMA CGM",1,3,686,118.666666666667,677,704,4,4,4,{4}
2021-03-28,VEEGU,"El Guamache",VELAG,"La Guaira",1,1,"CMA CGM; ZIM",2,1,2592,780,1296,1296,1,1,1,{1}
2021-03-28,VEEGU,"El Guamache",VEMAR,Maracaibo,1,1,"Caribbean Feeder; Hamburg Sud; Hapag-Lloyd; ZIM",4,1,3088.85714285714,651.428571428571,1138,1138,2,2,2,{2}
2021-03-28,VEGUT,Guanta,VEEGU,"El Guamache",1,1,"Caribbean Feeder; Hamburg Sud; Hapag-Lloyd; ZIM",4,1,3088.85714285714,651.428571428571,1138,1138,1,1,1,{1}
2021-03-28,VEGUT,Guanta,VEPBL,"Puerto Cabello",1,1,"CMA CGM; ZIM",2,1,2676,800,1338,1338,1,1,1,{1}
2021-03-28,VELAG,"La Guaira",COCTG,Cartagena,1,1,"CMA CGM; ZIM",2,1,2592,780,1296,1296,2,2,2,{2}
2021-03-28,VELAG,"La Guaira",PAMIT,Manzanillo,1,1,"Alianca; Hamburg Sud; Maersk Line; SeaLand",4,2,1931,372.5,1740,2122,6,6,6,{6}
2021-03-28,VELAG,"La Guaira",VEPBL,"Puerto Cabello",1,1,"Alianca; Hamburg Sud; King Ocean",3,2,1380.5,322.5,966,1795,1,1,1,{1}
2021-03-28,VEMAR,Maracaibo,PAMIT,Manzanillo,1,1,"Caribbean Feeder; Hamburg Sud; Hapag-Lloyd; ZIM",4,1,3088.85714285714,651.428571428571,1138,1138,2,2,2,{2}
2021-03-28,VEPBL,"Puerto Cabello",COCTG,Cartagena,1,1,"CMA CGM; ZIM",2,1,2676,800,1338,1338,2,2,2,{2}
2021-03-28,VEPBL,"Puerto Cabello",PAMIT,Manzanillo,1,1,"Alianca; Hamburg Sud; Maersk Line; MSC; SeaLand",5,1,5048,800,2524,2524,2,2,2,{2}
2021-03-28,VEPBL,"Puerto Cabello",USPEF,"Port Everglades FL",1,1,"Alianca; Hamburg Sud; King Ocean",3,2,1380.5,322.5,966,1795,7,7,7,{7}
2021-03-28,VGRAD,Tortola,AGSJO,"St John's, Antigua",1,1,"Tropical Shipping",1,2,911.5,187,850,973,0,0,0,{0}
2021-03-28,VGRAD,Tortola,DOCAU,Caucedo,1,1,"Tropical Shipping",1,1,2296,520,1148,1148,1,1,1,{1}
2021-03-28,VGVIJ,"Virgin Gorda",SXSXM,"St Maarten",2,2,"Tropical Shipping",1,3,3207.5,707,850,1148,1,1,1,"{1,1}"
2021-03-28,VICTD,"St Croix VI",AIRBY,Anguilla,1,1,"Tropical Shipping",1,2,1148,260,1148,1148,1,1,1,{1}
2021-03-28,VICTD,"St Croix VI",SXSXM,"St Maarten",1,1,"CMA CGM",1,2,690.5,,677,704,1,1,1,{1}
2021-03-28,VICTD,"St Croix VI",USPEF,"Port Everglades FL",1,1,Crowley,1,2,1134,280,972,1296,7,7,7,{7}
2021-03-28,VICZB,"St John VI",VISTT,"St Thomas VI",2,2,"Tropical Shipping",1,3,3207.5,707,850,1148,0,0,0,"{0,0}"
2021-03-28,VISTT,"St Thomas VI",VGVIJ,"Virgin Gorda",2,2,"Tropical Shipping",1,3,3207.5,707,850,1148,0,0,0,"{0,0}"
2021-03-28,VISTT,"St Thomas VI",VICTD,"St Croix VI",1,1,Crowley,1,2,1134,280,972,1296,1,1,1,{1}
2021-03-28,VNC8Q,"Chu Lai",VNDAD,"Da Nang",2,2,"Gold Star Line; SITC Shipping; ZIM",3,5,2913,476,1061,1805,0,0,0,"{0,0}"
2021-03-28,VNC8Q,"Chu Lai",VNHPH,Haiphong,1,1,"Gold Star Line; ZIM",2,2,1582.85714285714,337.142857142857,1061,1155,1,1,1,{1}
2021-03-28,VNC8Q,"Chu Lai",VNUIH,"Qui Nhon",1,1,"APL; CMA CGM; CNC Line-Cheng Lie Navigation Co. Ltd.",3,3,1038,242.666666666667,998,1118,1,1,1,{1}
2021-03-28,VNDAD,"Da Nang",CNSHK,Shekou,1,1,"SITC Shipping",1,3,1805,244,1805,1805,1,1,1,{1}
2021-03-28,VNDAD,"Da Nang",CNTAO,Qingdao,1,1,"IAL-Interasia Lines; Wan Hai; Yang Ming",3,3,1768,280.666666666667,1756,1774,4,4,4,{4}
2021-03-28,VNDAD,"Da Nang",CNYTN,Yantian,2,2,"Gold Star Line; MSC; SeaLand; ZIM",4,9,3757.25,672.75,1162,2806,2,2,2,"{2,2}"
2021-03-28,VNDAD,"Da Nang",HKHKG,"Hong Kong",3,3,"Evergreen Line; Hamburg Sud; IAL-Interasia Lines; ONE; SeaLand; Wan Hai",6,10,6395.66666666667,700,1708,2806,1,1,2,"{1,2,1}"
2021-03-28,VNDAD,"Da Nang",VNHPH,Haiphong,3,3,"CMA CGM; CNC Line-Cheng Lie Navigation Co. Ltd.; Gold Star Line; SITC Shipping; Yang Ming; ZIM",6,9,3869,534.916666666667,953,1800,0,2,3,"{0,2,3}"
2021-03-28,VNDAD,"Da Nang",VNSGN,"Ho Chi Minh (VICT/Cat Lai)",4,4,"CMA CGM; CNC Line-Cheng Lie Navigation Co. Ltd.; COSCO; Evergreen Line; IAL-Interasia Lines; Wan Hai; Yang Ming",7,13,7837.66666666667,1033.58333333333,1500,2553,1,2.5,3,"{3,2,1,3}"
2021-03-28,VNHPH,Haiphong,CNNGB,Ningbo,2,2,"COSCO; Hamburg Sud; SeaLand; Sinotrans; SITC Shipping; TS Lines; Yang Ming",7,8,2789.25,301,1011,1800,3,3.5,4,"{3,4}"
2021-03-28,VNHPH,Haiphong,CNNSA,Nansha,1,1,"APL; CMA CGM; CNC Line-Cheng Lie Navigation Co. Ltd.; ONE; RCL",5,2,1583,195,1498,1668,2,2,2,{2}
2021-03-28,VNHPH,Haiphong,CNQZH,Qinzhou,6,6,"Advance Container Lines; APL; CK Line; CMA CGM; CNC Line-Cheng Lie Navigation Co. Ltd.; Evergreen Line; Hyundai; IAL-Interasia Lines; KMTC; MSC; Namsung; PIL; TS Lines; Wan Hai",14,17,10813.9166666667,1055.75,1096,3501,0,1,2,"{1,0,1,1,0,2}"
2021-03-28,VNHPH,Haiphong,CNSHA,Shanghai,2,2,"ANL; APL; CMA CGM; CNC Line-Cheng Lie Navigation Co. Ltd.; COSCO; Evergreen Line; Gold Star Line; IAL-Interasia Lines; ONE; OOCL; Wan Hai; ZIM",12,17,13765.2,1127.9,4228,10050,4,4.5,5,"{5,4}"
2021-03-28,VNHPH,Haiphong,CNSHK,Shekou,5,5,"Dongjin Shipping; Dong Young; Evergreen Line; Heung-A; Hyundai; KMTC; Namsung; ONE; Sinokor; SITC Shipping; Wan Hai",11,12,6663.33333333333,614.333333333333,953,1809,1,2,2,"{1,2,1,2,2}"
2021-03-28,VNHPH,Haiphong,CNSWA,Shantou,1,1,"CK Line; KMTC",2,2,1030,,1000,1060,3,3,3,{3}
2021-03-28,VNHPH,Haiphong,CNTAO,Qingdao,2,2,"APL; Asean Seas Line; CMA CGM; CNC Line-Cheng Lie Navigation Co. Ltd.; Hamburg Sud; Hyundai; OOCL; SeaLand; TS Lines; Yang Ming",10,6,2785.5,327,1050,1800,5,6,7,"{7,5}"
2021-03-28,VNHPH,Haiphong,CNXMN,Xiamen,2,2,"CNC Line-Cheng Lie Navigation Co. Ltd.; Dong Young; Evergreen Line; Hamburg Sud; SeaLand; SM Line",6,7,2921,400.4,1000,2200,2,2,2,"{2,2}"
2021-03-28,VNHPH,Haiphong,CNYTN,Yantian,3,3,"Gold Star Line; Hapag-Lloyd; Hyundai; Maersk Line; ONE; SeaLand; Yang Ming; ZIM",8,13,12208.8333333333,1349.33333333333,1061,12690,1,2,2,"{2,1,2}"
2021-03-28,VNHPH,Haiphong,CNZHA,Zhanjiang,1,1,"Wan Hai",1,2,1754,369.5,1708,1800,1,1,1,{1}
2021-03-28,VNHPH,Haiphong,HKHKG,"Hong Kong",6,6,"APL; Asean Seas Line; CMA CGM; CNC Line-Cheng Lie Navigation Co. Ltd.; COSCO; Dong Young; Evergreen Line; Heung-A; Hyundai; Namsung; OOCL; PanCon; Sinokor; SM Line; Yang Ming",15,15,7691.66666666667,764.916666666667,1009,1800,1,1.5,3,"{2,1,1,2,1,3}"
2021-03-28,VNHPH,Haiphong,JPOSA,Osaka,1,1,"SITC Shipping",1,3,1039.33333333333,128.333333333333,915,1103,9,9,9,{9}
2021-03-28,VNHPH,Haiphong,MYPKG,"Port Klang",1,1,"Gold Star Line; ZIM",2,2,1582.85714285714,337.142857142857,1061,1155,6,6,6,{6}
2021-03-28,VNHPH,Haiphong,SGSIN,Singapore,1,1,MSC,1,4,3071.75,273.75,2578,3501,5,5,5,{5}
2021-03-28,VNHPH,Haiphong,TWKHH,Kaohsiung,4,4,"Evergreen Line; ONE; Wan Hai",3,6,5619,843,1088,1809,2,3,3,"{3,2,3,3}"
2021-03-28,VNHPH,Haiphong,USLAX,"Los Angeles CA",1,1,"Hapag-Lloyd; Hyundai; ONE; Yang Ming",4,11,7540,674.363636363636,6200,8560,16,16,16,{16}
2021-03-28,VNHPH,Haiphong,VNC8Q,"Chu Lai",1,1,"SITC Shipping",1,3,1805,244,1805,1805,1,1,1,{1}
2021-03-28,VNHPH,Haiphong,VNDAD,"Da Nang",1,1,"CMA CGM; CNC Line-Cheng Lie Navigation Co. Ltd.; Yang Ming",3,4,1710,211.25,1500,1800,2,2,2,{2}
2021-03-28,VNHPH,Haiphong,VNSGN,"Ho Chi Minh (VICT/Cat Lai)",2,2,"COSCO; ONE; SITC Shipping",3,5,2504.66666666667,264,1005,1440,2,3.5,5,"{5,2}"
2021-03-28,VNHPH,Haiphong,VNVUT,"Cai Mep (near Ho Chi Minh)",1,1,"Wan Hai",1,7,6009.28571428571,420,5527,6540,3,3,3,{3}
2021-03-28,VNSGN,"Ho Chi Minh (VICT/Cat Lai)",CNNGB,Ningbo,5,5,"APL; CMA CGM; CNC Line-Cheng Lie Navigation Co. Ltd.; Gold Star Line; Hamburg Sud; IAL-Interasia Lines; Maersk Line; RCL; SeaLand; Sinotrans; SITC Shipping; TS Lines; Wan Hai",13,18,9581.16666666667,1215.83333333333,1228,2806,4,6,6,"{6,4,6,4,6}"
2021-03-28,VNSGN,"Ho Chi Minh (VICT/Cat Lai)",CNQZH,Qinzhou,1,1,COSCO,1,2,1440,174,1440,1440,5,5,5,{5}
2021-03-28,VNSGN,"Ho Chi Minh (VICT/Cat Lai)",CNSHA,Shanghai,4,4,"CK Line; COSCO; Evergreen Line; Gold Star Line; Hamburg Sud; Heung-A; Hyundai; Jin Jiang; KMTC; ONE; RCL; SeaLand; Sinokor; SITC Shipping; ZIM",15,15,8873.16666666667,1388.16666666667,1730,2824,6,6.5,7,"{6,7,6,7}"
2021-03-28,VNSGN,"Ho Chi Minh (VICT/Cat Lai)",CNSHK,Shekou,2,2,"COSCO; Evergreen Line; IAL-Interasia Lines; KMTC; SITC Shipping; Wan Hai",6,7,3908.16666666667,573,1702,2553,3,3.5,4,"{4,3}"
2021-03-28,VNSGN,"Ho Chi Minh (VICT/Cat Lai)",CNTAO,Qingdao,1,1,"APL; CMA CGM; CNC Line-Cheng Lie Navigation Co. Ltd.; COSCO; Evergreen Line; OOCL",6,5,2585.2,480,2546,2742,6,6,6,{6}
2021-03-28,VNSGN,"Ho Chi Minh (VICT/Cat Lai)",CNTXG,Xingang/Tianjin,3,3,"APL; CMA CGM; CNC Line-Cheng Lie Navigation Co. Ltd.; COSCO; Evergreen Line; OOCL; TS Lines",7,11,7793.53333333333,1380,2468,2742,8,9,9,"{8,9,9}"
2021-03-28,VNSGN,"Ho Chi Minh (VICT/Cat Lai)",CNXMN,Xiamen,1,1,"SITC Shipping",1,4,1701.75,206.25,1577,1805,4,4,4,{4}
2021-03-28,VNSGN,"Ho Chi Minh (VICT/Cat Lai)",HKHKG,"Hong Kong",8,8,"APL; CMA CGM; CNC Line-Cheng Lie Navigation Co. Ltd.; COSCO; Evergreen Line; IAL-Interasia Lines; KMTC; OOCL; RCL; Sinokor; TS Lines; Wan Hai; Yang Ming",13,27,16561.8333333333,2172.5,1368,2940,2,3,3,"{3,3,2,3,2,3,3,3}"
2021-03-28,VNSGN,"Ho Chi Minh (VICT/Cat Lai)",IDJKT,"Jakarta, Java",1,1,"APL; CMA CGM; CNC Line-Cheng Lie Navigation Co. Ltd.; KMTC; SITC Shipping",5,4,2636.25,321,2400,2741,4,4,4,{4}
2021-03-28,VNSGN,"Ho Chi Minh (VICT/Cat Lai)",JPOSA,Osaka,1,1,ONE,1,3,2627,400,2553,2664,7,7,7,{7}
2021-03-28,VNSGN,"Ho Chi Minh (VICT/Cat Lai)",KHKOS,Sihanoukville,2,2,"Evergreen Line; SITC Shipping",2,7,3685.75,206.25,1577,1984,1,2,3,"{3,1}"
2021-03-28,VNSGN,"Ho Chi Minh (VICT/Cat Lai)",KRINC,Inchon,3,3,"APL; CK Line; CMA CGM; CNC Line-Cheng Lie Navigation Co. Ltd.; Dongjin Shipping; Heung-A; Hyundai; KMTC; Namsung; PanCon; Sinokor; SM Line",12,9,5282.33333333333,648,1614,1811,5,6,7,"{6,5,7}"
2021-03-28,VNSGN,"Ho Chi Minh (VICT/Cat Lai)",KRKAN,Gwangyang,3,3,"CK Line; Dongjin Shipping; Evergreen Line; Heung-A; KMTC; Namsung; ONE; PanCon; PanOcean; SeaLand; Sinokor; SM Line",12,9,5280,665,1512,1891,3,4,6,"{4,6,3}"
2021-03-28,VNSGN,"Ho Chi Minh (VICT/Cat Lai)",MYPKG,"Port Klang",2,2,"IAL-Interasia Lines; Wan Hai",2,8,4128,528,1368,2495,4,4.5,5,"{5,4}"
2021-03-28,VNSGN,"Ho Chi Minh (VICT/Cat Lai)",MYTPP,"Tanjung Pelepas",1,1,"Hamburg Sud; Maersk Line; SeaLand",3,4,1741.75,366.25,1713,1774,2,2,2,{2}
2021-03-28,VNSGN,"Ho Chi Minh (VICT/Cat Lai)",PHBTG,Batangas,1,1,"Hamburg Sud; SeaLand",2,3,1176.66666666667,200,1022,1440,3,3,3,{3}
2021-03-28,VNSGN,"Ho Chi Minh (VICT/Cat Lai)",SGSIN,Singapore,3,3,"CMA CGM; CNC Line-Cheng Lie Navigation Co. Ltd.; COSCO; OOCL; Yang Ming",5,10,5647,776.75,1440,2700,2,2,3,"{2,3,2}"
2021-03-28,VNSGN,"Ho Chi Minh (VICT/Cat Lai)",THBKK,"Bangkok (Old Port)",4,4,"CNC Line-Cheng Lie Navigation Co. Ltd.; Evergreen Line; Hamburg Sud; KMTC; Namsung; PanOcean; SeaLand; Sinotrans; SITC Shipping; SM Line",10,16,7149.66666666667,846.566666666667,1679,2200,2,3.5,4,"{4,4,3,2}"
2021-03-28,VNSGN,"Ho Chi Minh (VICT/Cat Lai)",THLCH,"Laem Chabang",8,8,"APL; CK Line; CMA CGM; CNC Line-Cheng Lie Navigation Co. Ltd.; Dongjin Shipping; Evergreen Line; Gold Star Line; Heung-A; Hyundai; KMTC; Namsung; ONE; OOCL; PanCon; SeaLand; Sinokor; SITC Shipping; SM Line; TS Lines; Yang Ming; ZIM",21,25,15074.5,1931,1005,2940,2,2,3,"{2,3,2,3,2,2,3,2}"
2021-03-28,VNSGN,"Ho Chi Minh (VICT/Cat Lai)",TWKHH,Kaohsiung,5,4,"Evergreen Line; IAL-Interasia Lines; OOCL; Wan Hai; Yang Ming",5,16,11319,1141.66666666667,1618,2940,3,3,4,"{3,3,4,3,4}"
2021-03-28,VNSGN,"Ho Chi Minh (VICT/Cat Lai)",VNDAD,"Da Nang",5,5,"CMA CGM; CNC Line-Cheng Lie Navigation Co. Ltd.; Evergreen Line; Hamburg Sud; IAL-Interasia Lines; ONE; SeaLand; Wan Hai; Yang Ming",9,17,9873.66666666667,1191.91666666667,1500,2806,1,1,2,"{2,1,2,1,1}"
2021-03-28,VNSGN,"Ho Chi Minh (VICT/Cat Lai)",VNUIH,"Qui Nhon",1,1,"Gold Star Line; SeaLand; ZIM",3,8,2595.25,378.75,2546,2806,2,2,2,{2}
2021-03-28,VNUIH,"Qui Nhon",HKHKG,"Hong Kong",1,1,"APL; CMA CGM; CNC Line-Cheng Lie Navigation Co. Ltd.",3,3,1038,242.666666666667,998,1118,2,2,2,{2}
2021-03-28,VNUIH,"Qui Nhon",SGSIN,Singapore,1,1,"Advance Container Lines; PIL",2,2,1808,250,1808,1808,3,3,3,{3}
2021-03-28,VNUIH,"Qui Nhon",VNDAD,"Da Nang",2,2,"Gold Star Line; MSC; SeaLand; ZIM",4,9,3757.25,672.75,1162,2806,1,1,1,"{1,1}"
2021-03-28,VNVUT,"Cai Mep (near Ho Chi Minh)",CNNSA,Nansha,1,1,"ANL; APL; CMA CGM; COSCO; Evergreen Line; OOCL",6,7,13704.2857142857,885.714285714286,13386,14500,2,2,2,{2}
2021-03-28,VNVUT,"Cai Mep (near Ho Chi Minh)",CNSHA,Shanghai,1,1,MSC,1,3,4533.33333333333,659.666666666667,4178,5059,4,4,4,{4}
2021-03-28,VNVUT,"Cai Mep (near Ho Chi Minh)",CNSHK,Shekou,1,1,"ONE; OOCL; Wan Hai",3,4,4333,375,4250,4578,3,3,3,{3}
2021-03-28,VNVUT,"Cai Mep (near Ho Chi Minh)",CNXMN,Xiamen,1,1,MSC,1,4,3189.5,257.5,2732,3424,4,4,4,{4}
2021-03-28,VNVUT,"Cai Mep (near Ho Chi Minh)",CNYTN,Yantian,3,3,"ANL; APL; CMA CGM; CNC Line-Cheng Lie Navigation Co. Ltd.; COSCO; Evergreen Line; MSC; OOCL; ZIM",9,33,29272.8045112782,2229.18796992481,4248,15072,2,2,4,"{2,4,2}"
2021-03-28,VNVUT,"Cai Mep (near Ho Chi Minh)",HKHKG,"Hong Kong",7,7,"ANL; APL; CMA CGM; CNC Line-Cheng Lie Navigation Co. Ltd.; COSCO; Evergreen Line; Hamburg Sud; Hapag-Lloyd; Hyundai; Maersk Line; MSC; ONE; OOCL; Wan Hai; Yang Ming",15,73,67543.0256132756,4855.54545454545,4882,15908,2,2,3,"{2,3,3,2,2,2,3}"
2021-03-28,VNVUT,"Cai Mep (near Ho Chi Minh)",MYPKG,"Port Klang",1,1,"APL; CMA CGM; CNC Line-Cheng Lie Navigation Co. Ltd.; COSCO; Evergreen Line; OOCL",6,10,12987.4,846,13092,19100,2,2,2,{2}
2021-03-28,VNVUT,"Cai Mep (near Ho Chi Minh)",MYTPP,"Tanjung Pelepas",1,1,MSC,1,4,3189.5,257.5,2732,3424,3,3,3,{3}
2021-03-28,VNVUT,"Cai Mep (near Ho Chi Minh)",SGSIN,Singapore,5,5,"ANL; APL; CMA CGM; CNC Line-Cheng Lie Navigation Co. Ltd.; COSCO; Evergreen Line; Hamburg Sud; Hapag-Lloyd; Hyundai; Maersk Line; MSC; ONE; OOCL; SeaLand; Yang Ming; ZIM",16,71,55074.6645401382,3907.32216905901,6258,15072,1,2,2,"{2,2,1,2,2}"
2021-03-28,VNVUT,"Cai Mep (near Ho Chi Minh)",THLCH,"Laem Chabang",1,1,MSC,1,4,2850,488.5,2470,3534,3,3,3,{3}
2021-03-28,VNVUT,"Cai Mep (near Ho Chi Minh)",VNHPH,Haiphong,2,2,"Hapag-Lloyd; Hyundai; ONE; Yang Ming",4,19,16988.5,1499.36363636364,6200,12690,2,2.5,3,"{2,3}"
2021-03-28,VUVLI,"Port Vila",FJLTK,Lautoka,1,1,"ANL; NPL-Neptune Pacific Line; PDL-Pacific Direct Line; Swire Shipping",4,2,2427.42857142857,360,907,981,2,2,2,{2}
2021-03-28,WSAPW,"Apia, W. Samoa",ASPPG,"Pago Pago",3,3,"ANL; Hamburg Sud; Matson; NPL-Neptune Pacific Line; PDL-Pacific Direct Line; PIL; Swire Shipping",7,5,7791.85714285714,1206.42857142857,777,1740,0,0,1,"{0,1,0}"
2021-03-28,ZACPT,"Cape Town",AOLAD,Luanda,1,1,"Alianca; APL; CMA CGM; Hamburg Sud; Hapag-Lloyd; NileDutch",6,7,3201.71428571429,441.285714285714,2415,3534,7,7,7,{7}
2021-03-28,ZACPT,"Cape Town",CGPNR,"Pointe Noire",1,1,"APL; CMA CGM; CNC Line-Cheng Lie Navigation Co. Ltd.; COSCO; Maersk Line; NileDutch",6,12,7715.75,741.666666666667,7090,9200,8,8,8,{8}
2021-03-28,ZACPT,"Cape Town",ESALG,Algeciras,1,1,"DAL-Deutsche Afrika Linien; Hamburg Sud; Maersk Line; Marguisa; ONE; SeaLand",6,9,7689.88888888889,1484.66666666667,6589,9162,6,6,6,{6}
2021-03-28,ZACPT,"Cape Town",ESLPA,"Las Palmas, Can Is",1,1,"Hapag-Lloyd; MSC; Stinnes",3,9,7760.77777777778,814.777777777778,5962,9400,10,10,10,{10}
2021-03-28,ZACPT,"Cape Town",GHTEM,Tema,1,1,"Hapag-Lloyd; ONE",2,13,1832.30769230769,196.538461538462,2456,2758,9,9,9,{9}
2021-03-28,ZACPT,"Cape Town",MYPKG,"Port Klang",2,2,"APL; CMA CGM; CNC Line-Cheng Lie Navigation Co. Ltd.; COSCO; Evergreen Line; Gold Star Line; Hapag-Lloyd; Maersk Line; NileDutch; ONE; OOCL; PIL; ZIM",13,21,11630.0833333333,1051.22222222222,4253,9200,13,14.5,16,"{16,13}"
2021-03-28,ZACPT,"Cape Town",USNYC,"New York NY/NJ",1,1,"Hamburg Sud; Maersk Line; MSC",3,9,2572.55555555556,340.111111111111,1798,3649,20,20,20,{20}
2021-03-28,ZACPT,"Cape Town",ZADUR,Durban,1,1,"Hapag-Lloyd; ONE",2,13,1832.30769230769,196.538461538462,2456,2758,9,9,9,{9}
2021-03-28,ZACPT,"Cape Town",ZAPLZ,"Port Elizabeth",1,1,"DAL-Deutsche Afrika Linien; Hamburg Sud; Maersk Line; Marguisa; ONE; SeaLand",6,9,7689.88888888889,1484.66666666667,6589,9162,3,3,3,{3}
2021-03-28,ZACPT,"Cape Town",ZAZBA,"Ngqura (Coega)",2,2,"APL; CMA CGM; Hapag-Lloyd; Maersk Line; MSC; Stinnes",6,19,12420.1777777778,1365.97777777778,4250,9400,3,4,5,"{3,5}"
2021-03-28,ZADUR,Durban,AEJEA,"Dubai, Jebel Ali",2,2,"Hapag-Lloyd; MSC; ONE",3,23,9960.60769230769,492.538461538462,2456,13800,14,14.5,15,"{15,14}"
2021-03-28,ZADUR,Durban,MUPLU,"Port Louis",1,1,MSC,1,12,12101.25,501.666666666667,8063,14952,4,4,4,{4}
2021-03-28,ZADUR,Durban,MZMPM,Maputo,1,1,MSC,1,4,3283.25,188.75,713,4308,2,2,2,{2}
2021-03-28,ZADUR,Durban,REREU,Reunion,1,1,"APL; CMA CGM; DAL-Deutsche Afrika Linien; Maersk Line; UAFL-United Africa Feeder Line",5,7,2704.42857142857,473.428571428571,2510,2824,11,11,11,{11}
2021-03-28,ZADUR,Durban,SGSIN,Singapore,1,1,"COSCO; Evergreen Line; Gold Star Line; Hapag-Lloyd; ONE; OOCL; ZIM",7,8,4765.75,343,4253,5090,15,15,15,{15}
2021-03-28,ZADUR,Durban,ZACPT,"Cape Town",5,5,"Alianca; APL; CMA CGM; COSCO; DAL-Deutsche Afrika Linien; Evergreen Line; Gold Star Line; Hamburg Sud; Hapag-Lloyd; Maersk Line; Marguisa; MSC; NileDutch; ONE; OOCL; PIL; SeaLand; ZIM",18,47,19210.7997557998,2772.15750915751,1798,9162,2,4,11,"{3,4,2,11,4}"
2021-03-28,ZADUR,Durban,ZAZBA,"Ngqura (Coega)",2,2,"APL; CMA CGM; CNC Line-Cheng Lie Navigation Co. Ltd.; Hamburg Sud; Hapag-Lloyd; Maersk Line; MSC; SeaLand; Stinnes",9,18,16315,1798.22222222222,5962,9400,3,3,3,"{3,3}"
2021-03-28,ZAPLZ,"Port Elizabeth",ZADUR,Durban,2,2,"DAL-Deutsche Afrika Linien; Hamburg Sud; Maersk Line; Marguisa; MSC; ONE; SeaLand",7,18,10262.4444444444,1824.77777777778,1798,9162,2,3,4,"{2,4}"
2021-03-28,ZAZBA,"Ngqura (Coega)",AEJEA,"Dubai, Jebel Ali",1,1,"APL; CMA CGM; Maersk Line",3,10,4659.4,551.2,4250,5466,12,12,12,{12}
2021-03-28,ZAZBA,"Ngqura (Coega)",MYPKG,"Port Klang",1,1,"Alianca; Hamburg Sud; Hapag-Lloyd; Maersk Line; MSC; ONE",6,14,10283.1428571429,1272.5,8772,11923,12,12,12,{12}
2021-03-28,ZAZBA,"Ngqura (Coega)",MYTPP,"Tanjung Pelepas",1,1,"APL; CMA CGM; CNC Line-Cheng Lie Navigation Co. Ltd.; Hamburg Sud; Maersk Line; SeaLand",6,9,8554.22222222222,983.444444444444,8112,9030,14,14,14,{14}
2021-03-28,ZAZBA,"Ngqura (Coega)",ZACPT,"Cape Town",1,1,"Hapag-Lloyd; MSC; Stinnes",3,9,7760.77777777778,814.777777777778,5962,9400,6,6,6,{6}
2021-03-28,ZAZBA,"Ngqura (Coega)",ZADUR,Durban,1,1,"Hapag-Lloyd; MSC; Stinnes",3,9,7760.77777777778,814.777777777778,5962,9400,3,3,3,{3}
