period,origin,namea,destination,nameb,connections,distinct_services,companies,num_companies,num_vessels,weekly_teu,weekly_rplugs,min_vessel,max_vessel,min_days,median_days,max_days,available_transit_times
2019-06-30,AEAUH,"Abu Dhabi",AEJEA,"Dubai, Jebel Ali",6,6,"Alianca; APL; CMA CGM; COSCO; Hamburg Sud; Hyundai; Maersk Line; MCC; MSC; Safmarine; X-Press; ZIM",12,40,37265.41471861472,3161.859307359307,1725,14036,0,1,2,"{2,1,0,2,0,1}"
2019-06-30,AEAUH,"Abu Dhabi",AESHJ,Sharjah,1,1,Hapag-Lloyd,1,4,3547,500,3534,3586,0,0,0,{0}
2019-06-30,AEAUH,"Abu Dhabi",MYPKG,"Port Klang",1,1,"APL; CMA CGM; COSCO; Evergreen Line; OOCL; PIL; Wan Hai",7,7,18001.714285714286,999.1428571428571,14074,20988,10,10,10,{10}
2019-06-30,AEAUH,"Abu Dhabi",QAHMD,Hamad,1,1,"APL; CMA CGM; COSCO; MSC; OOCL; ZIM",6,7,8585.142857142857,1100,4392,9580,1,1,1,{1}
2019-06-30,AEAUH,"Abu Dhabi",SADMM,Dammam,1,1,"APL; CMA CGM; COSCO; Evergreen Line; OOCL; PIL; Wan Hai",7,7,18001.714285714286,999.1428571428571,14074,20988,1,1,1,{1}
2019-06-30,AEAUH,"Abu Dhabi",SGSIN,Singapore,1,1,"APL; CMA CGM; COSCO; Evergreen Line; Hapag-Lloyd; Hyundai; ONE; OOCL",8,8,13707.5,975,13208,14424,11,11,11,{11}
2019-06-30,AEJEA,"Dubai, Jebel Ali",AEAUH,"Abu Dhabi",3,3,"APL; CMA CGM; COSCO; Evergreen Line; Hapag-Lloyd; MSC; OOCL; PIL; Wan Hai; ZIM",10,18,30133.857142857145,2599.142857142857,3534,20988,0,0,2,"{2,0,0}"
2019-06-30,AEJEA,"Dubai, Jebel Ali",AEKLF,"Khor Fakkan",1,1,"PIL; Unimed Feeder Services-UFS",2,4,3056.25,310,3000,3075,1,1,1,{1}
2019-06-30,AEJEA,"Dubai, Jebel Ali",AESHJ,Sharjah,1,1,"APL; CMA CGM; COSCO; X-Press",4,2,2274.5,365.5,1725,2824,0,0,0,{0}
2019-06-30,AEJEA,"Dubai, Jebel Ali",BHKBS,"Khalifa Bin Salman Port",1,1,Hapag-Lloyd,1,4,3547,500,3534,3586,2,2,2,{2}
2019-06-30,AEJEA,"Dubai, Jebel Ali",CNNGB,Ningbo,1,1,"Hamburg Sud; Hyundai; Maersk Line; MCC; MSC; Safmarine; Seago Line",7,12,15589,1033.3333333333333,13050,17816,15,15,15,{15}
2019-06-30,AEJEA,"Dubai, Jebel Ali",INCOK,Cochin,1,1,"Evergreen Line; Global Feeder Shipping; Gold Star Line; OOCL; Safmarine; X-Press; ZIM",7,4,4050,394,3359,4498,6,6,6,{6}
2019-06-30,AEJEA,"Dubai, Jebel Ali",INMUN,Mundra,4,4,"ANL; APL; CMA CGM; COSCO; DAL-Deutsche Afrika Linien; Global Feeder Shipping; Maersk Line; Milaha Maritime; MSC; OOCL; Safmarine; UAFL-United Africa Feeder Line; X-Press; ZIM",14,26,20302.354978354975,2511.242424242424,2456,9580,2,3,4,"{2,4,4,2}"
2019-06-30,AEJEA,"Dubai, Jebel Ali",INNSA,"Mumbai (Nhava Sheva)",1,1,"Alianca; Hamburg Sud; Maersk Line; Safmarine; Seago Line",5,8,10195.25,1056.25,9962,10500,3,3,3,{3}
2019-06-30,AEJEA,"Dubai, Jebel Ali",INPAV,Pipavav,1,1,"Maersk Line; Safmarine",2,8,6804,820.5,6690,7154,3,3,3,{3}
2019-06-30,AEJEA,"Dubai, Jebel Ali",IQUQR,"Umm Qasr",1,1,"APL; CMA CGM; COSCO; Evergreen Line; OOCL",5,7,5569.714285714285,562,5364,5652,2,2,2,{2}
2019-06-30,AEJEA,"Dubai, Jebel Ali",KEMBA,Mombasa,3,3,"ANL; CMA CGM; Emirates Shipping; Hapag-Lloyd; MSC; UAFL-United Africa Feeder Line",6,14,8360.666666666666,965.5333333333333,2073,4620,6,8,8,"{8,6,8}"
2019-06-30,AEJEA,"Dubai, Jebel Ali",MYPKG,"Port Klang",4,4,"APL; CMA CGM; COSCO; Evergreen Line; Hapag-Lloyd; ONE; OOCL; Yang Ming",8,37,35645.580086580085,2824.305194805195,1380,20600,8,9,12,"{12,10,8,8}"
2019-06-30,AEJEA,"Dubai, Jebel Ali",OMSLL,Salalah,4,4,"Maersk Line; Safmarine",2,26,19893.990476190476,2348.5714285714284,2450,8540,3,3,4,"{3,4,3,3}"
2019-06-30,AEJEA,"Dubai, Jebel Ali",OMSOH,Sohar,1,1,"Emirates Shipping; Gold Star Line; KMTC; RCL; Sea Lead; SM Line",6,8,6201.875,641.25,5301,8110,1,1,1,{1}
2019-06-30,AEJEA,"Dubai, Jebel Ali",PKBQM,"Port Qasim",3,3,"APL; CMA CGM; COSCO; Maersk Line; MSC; Safmarine; X-Press; ZIM",8,24,17090.045454545456,1541.9545454545455,1725,9200,2,2,2,"{2,2,2}"
2019-06-30,AEJEA,"Dubai, Jebel Ali",PKKHI,Karachi,5,5,"ANL; APL; CMA CGM; COSCO; Emirates Shipping; Evergreen Line; Feedertech; Hapag-Lloyd; KMTC; Maersk Line; MSC; ONE; OOCL; Safmarine; Wan Hai",15,34,31357.31666666667,2750.1333333333337,2646,10114,2,2,3,"{3,2,2,3,2}"
2019-06-30,AEJEA,"Dubai, Jebel Ali",QAHMD,Hamad,5,5,"ANL; APL; CMA CGM; COSCO; Evergreen Line; Hapag-Lloyd; Maersk Line; MSC; ONE; OOCL; PIL; Safmarine; Wan Hai; Yang Ming",14,36,31654.619047619046,2930.809523809524,2646,11388,0,1,1,"{1,1,0,1,1}"
2019-06-30,AEJEA,"Dubai, Jebel Ali",SADMM,Dammam,3,3,"APL; CMA CGM; COSCO; Evergreen Line; Hapag-Lloyd; Hyundai; Maersk Line; MCC; ONE; OOCL; RCL; Safmarine",12,23,33520.607142857145,2633.1964285714284,6478,14424,0,1,1,"{1,0,1}"
2019-06-30,AEJEA,"Dubai, Jebel Ali",SAJED,Jeddah,1,1,"ANL; CMA CGM; COSCO; Hapag-Lloyd",4,6,6252.833333333333,611.6666666666666,5600,7179,5,5,5,{5}
2019-06-30,AEJEA,"Dubai, Jebel Ali",SCPOV,"Seychelles Is., Port Victoria",1,1,"Emirates Shipping; UAFL-United Africa Feeder Line; WEC Lines",3,3,2452.285714285714,471.42857142857144,1726,2268,6,6,6,{6}
2019-06-30,AEJEA,"Dubai, Jebel Ali",SGSIN,Singapore,4,4,"Alianca; Hamburg Sud; Hapag-Lloyd; Hyundai; Maersk Line; MCC; MSC; ONE; Safmarine; Yang Ming; ZIM",11,46,49218.13333333333,3592.5,5624,20150,9,9.5,11,"{11,9,10,9}"
2019-06-30,AEKLF,"Khor Fakkan",AEJEA,"Dubai, Jebel Ali",1,1,"Emirates Shipping; Gold Star Line; KMTC; RCL; Sea Lead; SM Line",6,8,6201.875,641.25,5301,8110,0,0,0,{0}
2019-06-30,AEKLF,"Khor Fakkan",DJJIB,Djibouti,1,1,"PIL; Unimed Feeder Services-UFS",2,4,3056.25,310,3000,3075,5,5,5,{5}
2019-06-30,AESHJ,Sharjah,AEAUH,"Abu Dhabi",1,1,"APL; CMA CGM; COSCO; X-Press",4,2,2274.5,365.5,1725,2824,1,1,1,{1}
2019-06-30,AESHJ,Sharjah,OMSOH,Sohar,1,1,Hapag-Lloyd,1,4,3547,500,3534,3586,3,3,3,{3}
2019-06-30,AGSJO,"St John's, Antigua",SXSXM,"St Maarten",1,1,"Seaboard Marine",1,2,1035.5,232,957,1114,0,0,0,{0}
2019-06-30,AIRBY,Anguilla,BBBGI,Bridgetown,1,1,"Tropical Shipping",1,2,999,223.5,850,1148,0,0,0,{0}
2019-06-30,AIRBY,Anguilla,KNBAS,"Basseterre, St Kitts",1,1,"Crowley; King Ocean",2,1,2236,440,1118,1118,1,1,1,{1}
2019-06-30,AOLAD,Luanda,CGPNR,"Pointe Noire",1,1,"Alianca; CMA CGM; Hamburg Sud; Hapag-Lloyd; NileDutch",5,6,3361.1666666666665,488.6666666666667,3091,3534,1,1,1,{1}
2019-06-30,AOLAD,Luanda,CMKBI,Kribi,1,1,"ANL; CMA CGM; Marguisa; NileDutch",4,7,4077.5714285714284,576.2857142857143,3646,4360,2,2,2,{2}
2019-06-30,AOLAD,Luanda,NGONN,Onne,1,1,"Maersk Line; Safmarine; Seago Line",3,8,2611.375,435.625,1795,3600,24,24,24,{24}
2019-06-30,AOLAD,Luanda,ZACPT,"Cape Town",1,1,"ANL; CMA CGM; CNC Line-Cheng Lie Navigation Co. Ltd.; COSCO; Maersk Line; NileDutch; PIL; Safmarine",8,12,8705.5,758.3333333333334,8112,11800,4,4,4,{4}
2019-06-30,ARBHI,"Bahia Blanca",BRIOA,"Porto Itapoa",1,1,"Alianca; Hamburg Sud; Hapag-Lloyd",3,8,4406.875,522.5,3421,5762,2,2,2,{2}
2019-06-30,ARBUE,"Buenos Aires",BRIOA,"Porto Itapoa",1,1,"Alianca; CMA CGM; COSCO; Hamburg Sud; Hapag-Lloyd; Maersk Line; Safmarine",7,8,9669,1600,9669,9669,2,2,2,{2}
2019-06-30,ARBUE,"Buenos Aires",BRRIG,"Rio Grande",4,4,"Alianca; ANL; CMA CGM; COSCO; Evergreen Line; Hamburg Sud; Hapag-Lloyd; Maersk Line; MCC; MSC; ONE; OOCL; PIL; Safmarine; Yang Ming",15,40,33551.41346153846,4895.334249084249,5550,11800,1,2,2,"{2,2,1,2}"
2019-06-30,ARBUE,"Buenos Aires",UYMVD,Montevideo,4,4,"Alianca; Hamburg Sud; Hapag-Lloyd; Hyundai; Maersk Line; MSC; ONE; SeaLand; ZIM",9,38,29091.83012820513,3856.9636752136753,5550,9400,0,1,2,"{1,1,2,0}"
2019-06-30,ARPMY,"Puerto Madryn",ARBHI,"Bahia Blanca",1,1,"Alianca; Hamburg Sud; Hapag-Lloyd",3,8,4406.875,522.5,3421,5762,2,2,2,{2}
2019-06-30,ASPPG,"Pago Pago",NZAKL,Auckland,1,1,"ANL; PDL-Pacific Direct Line; PIL; Sofrana ANL",4,1,1814,200,907,907,5,5,5,{5}
2019-06-30,ASPPG,"Pago Pago",TOTBU,Nuku'alofa,1,1,"ANL; NPL-Neptune Pacific Line; PDL-Pacific Direct Line; Sofrana ANL; Swire Shipping",5,2,1955,437.14285714285717,734,876,1,1,1,{1}
2019-06-30,ASPPG,"Pago Pago",USLGB,"Long Beach CA",1,1,"Alianca; Hamburg Sud; Polynesia Line",3,2,2959.285714285714,557.1428571428571,1022,1740,9,9,9,{9}
2019-06-30,AUADL,Adelaide,AUFRE,Fremantle,3,3,"Alianca; ANL; APL; CMA CGM; Hamburg Sud; Maersk Line; MCC; MSC; ONE; Safmarine; TS Lines",11,30,18251.783333333333,1709.9615384615386,4897,9572,3,4,6,"{6,4,3}"
2019-06-30,AUADL,Adelaide,AUMEL,Melbourne,2,2,"Alianca; Hamburg Sud; Maersk Line; MCC; MSC; ONE; Safmarine",7,19,8415.666666666666,988.4615384615385,3398,5744,2,2.5,3,"{2,3}"
2019-06-30,AUADL,Adelaide,IDJKT,"Jakarta, Java",1,1,"COSCO; Hapag-Lloyd; OOCL; PIL",4,5,4452.8,424,4253,4600,9,9,9,{9}
2019-06-30,AUADL,Adelaide,SGSIN,Singapore,2,2,"ANL; CMA CGM; CNC Line-Cheng Lie Navigation Co. Ltd.; COSCO; Hapag-Lloyd; OOCL; PIL; Yang Ming",8,18,11095.5,968,4130,6927,9,10,11,"{11,9}"
2019-06-30,AUBNE,Brisbane,AUSYD,Sydney,6,6,"Alianca; ANL; APL; CMA CGM; COSCO; Hamburg Sud; Hapag-Lloyd; Maersk Line; Marfret; MCC; MSC; ONE; OOCL; PIL; Safmarine; Yang Ming",16,48,25522.302564102563,3740.2820512820513,2250,5905,1,1,2,"{1,1,2,2,1,1}"
2019-06-30,AUBNE,Brisbane,AUTSV,Townsville,1,1,"ANL; CMA CGM; Maersk Line; PDL-Pacific Direct Line; Sofrana ANL",5,1,3978.8571428571427,471.42857142857144,844,844,4,4,4,{4}
2019-06-30,AUBNE,Brisbane,CNNGB,Ningbo,1,1,"ANL; APL; CMA CGM; CNC Line-Cheng Lie Navigation Co. Ltd.; Evergreen Line; Hyundai",6,5,4639,520.8,4363,5060,10,10,10,{10}
2019-06-30,AUBNE,Brisbane,CNXMN,Xiamen,1,1,"ANL; CMA CGM; COSCO; OOCL; PIL",5,5,5706.4,556.6,5250,5888,11,11,11,{11}
2019-06-30,AUBNE,Brisbane,JPYOK,Yokohama,3,3,"Alianca; ANL; APL; CMA CGM; COSCO; Evergreen Line; Hamburg Sud; Hapag-Lloyd; Hyundai; Maersk Line; MCC; MSC; ONE; OOCL; Safmarine; Yang Ming",16,25,15421.166666666664,1504.7948717948718,4253,5770,10,11,12,"{10,11,12}"
2019-06-30,AUBNE,Brisbane,MYPKG,"Port Klang",1,1,"ANL; APL; CMA CGM; COSCO; OOCL; PIL",6,6,4785.666666666667,571.6666666666666,4335,5067,12,12,12,{12}
2019-06-30,AUBNE,Brisbane,MYTPP,"Tanjung Pelepas",1,1,MSC,1,6,2762.3333333333335,428.6666666666667,3108,3534,9,9,9,{9}
2019-06-30,AUBNE,Brisbane,NCNOU,Noumea,1,1,MSC,1,2,1209,239,1114,1304,2,2,2,{2}
2019-06-30,AUBNE,Brisbane,NCPNY,"Prony Bay",1,1,"ANL; NPL-Neptune Pacific Line; PDL-Pacific Direct Line; Sofrana ANL; Swire Shipping",5,2,1955,437.14285714285717,734,876,4,4,4,{4}
2019-06-30,AUBNE,Brisbane,NZAKL,Auckland,2,2,"Alianca; ANL; APL; CMA CGM; COSCO; Hamburg Sud; Hapag-Lloyd; Maersk Line; MCC; ONE; OOCL; PDL-Pacific Direct Line; PIL",13,13,8713,1112.642857142857,4154,4583,3,3.5,4,"{4,3}"
2019-06-30,AUBNE,Brisbane,NZTRG,Tauranga,2,2,"ANL; CMA CGM; Maersk Line; PDL-Pacific Direct Line; Sofrana ANL",5,2,9373.714285714286,1397.142857142857,844,1049,5,6,7,"{5,7}"
2019-06-30,AUBNE,Brisbane,PGPOM,"Port Moresby",1,1,"CMA CGM; Maersk Line; PDL-Pacific Direct Line; Sofrana ANL",4,1,5394.857142857143,925.7142857142857,1049,1049,6,6,6,{6}
2019-06-30,AUBNE,Brisbane,TWKHH,Kaohsiung,2,2,"ANL; APL; CMA CGM; COSCO; Evergreen Line; Hapag-Lloyd; ONE; OOCL; PIL; Sinotrans; TS Lines; Yang Ming",12,12,11120.166666666666,1047.1666666666667,4211,8102,11,11.5,12,"{12,11}"
2019-06-30,AUDRW,Darwin,PGPOM,"Port Moresby",1,1,MELL,1,3,3610.6666666666665,500,1800,1808,4,4,4,{4}
2019-06-30,AUFRE,Fremantle,AUADL,Adelaide,2,2,"Alianca; Hamburg Sud; Maersk Line; MCC; MSC; ONE; Safmarine",7,19,8415.666666666666,988.4615384615385,3398,5744,3,4,5,"{3,5}"
2019-06-30,AUFRE,Fremantle,AUMEL,Melbourne,2,2,"ANL; CMA CGM; CNC Line-Cheng Lie Navigation Co. Ltd.; COSCO; Hapag-Lloyd; OOCL; PIL; Yang Ming",8,18,11095.5,968,4130,6927,4,4,4,"{4,4}"
2019-06-30,AUFRE,Fremantle,AUSYD,Sydney,1,1,"ANL; APL; CMA CGM; TS Lines",4,5,5628.2,466,5095,5782,6,6,6,{6}
2019-06-30,AUFRE,Fremantle,MYTPP,"Tanjung Pelepas",1,1,"Alianca; Hamburg Sud; Maersk Line; MCC; MSC; ONE; Safmarine",7,13,5498,588.4615384615385,4897,5744,10,10,10,{10}
2019-06-30,AUFRE,Fremantle,SGSIN,Singapore,4,4,"ANL; APL; CMA CGM; COSCO; MSC; ONE; OOCL; PIL; TS Lines; Yang Ming",10,24,18907.183333333334,1723.5,1708,9572,6,6,8,"{6,8,6,6}"
2019-06-30,AUGLT,Gladstone,TWKHH,Kaohsiung,1,1,MELL,1,3,3610.6666666666665,500,1800,1808,9,9,9,{9}
2019-06-30,AUMEL,Melbourne,AUADL,Adelaide,5,5,"Alianca; ANL; APL; CMA CGM; COSCO; Hamburg Sud; Hapag-Lloyd; Maersk Line; MCC; MSC; ONE; OOCL; PIL; Safmarine; TS Lines; Yang Ming",16,39,27088.583333333332,2558.9615384615386,4130,9572,1,2,2,"{2,2,1,2,1}"
2019-06-30,AUMEL,Melbourne,AUBNE,Brisbane,4,4,"ANL; APL; CMA CGM; CNC Line-Cheng Lie Navigation Co. Ltd.; COSCO; Evergreen Line; Hapag-Lloyd; Hyundai; ONE; OOCL; PIL; Sinotrans; TS Lines; Yang Ming",14,22,21465.566666666666,2124.5666666666666,4211,8102,3,3,4,"{3,3,3,4}"
2019-06-30,AUMEL,Melbourne,AUFRE,Fremantle,1,1,"COSCO; OOCL; PIL; Yang Ming",4,5,4445.4,400,4250,4578,5,5,5,{5}
2019-06-30,AUMEL,Melbourne,AUSYD,Sydney,6,6,"Alianca; ANL; APL; CMA CGM; CNC Line-Cheng Lie Navigation Co. Ltd.; COSCO; Evergreen Line; Hamburg Sud; Hapag-Lloyd; Hyundai; Maersk Line; MCC; MSC; NPL-Neptune Pacific Line; ONE; OOCL; PDL-Pacific Direct Line; PIL; Safmarine; Sofrana ANL; Swire Shipping; Yang Ming",22,49,28300.666666666664,2937.937728937729,734,6927,1,2,5,"{5,2,2,2,2,1}"
2019-06-30,AUMEL,Melbourne,NZAKL,Auckland,1,1,"ANL; CMA CGM",2,3,1758.3333333333333,306.3333333333333,1740,1795,5,5,5,{5}
2019-06-30,AUMEL,Melbourne,NZBLU,Bluff,1,1,MSC,1,6,2917.6666666666665,400,3398,3674,4,4,4,{4}
2019-06-30,AUMEL,Melbourne,NZNSN,Nelson,1,1,"ANL; APL; CMA CGM; Marfret",4,13,2458.769230769231,534.1538461538462,2250,2826,4,4,4,{4}
2019-06-30,AUMEL,Melbourne,NZTIU,Timaru,1,1,"Alianca; Hamburg Sud; Hapag-Lloyd; Maersk Line; MSC; SeaLand",6,11,3150.4545454545455,630.9090909090909,3000,3752,4,4,4,{4}
2019-06-30,AUSYD,Sydney,AUADL,Adelaide,1,1,"ANL; CMA CGM; CNC Line-Cheng Lie Navigation Co. Ltd.; Hapag-Lloyd",4,14,6711.5,543,6350,6927,4,4,4,{4}
2019-06-30,AUSYD,Sydney,AUBNE,Brisbane,5,5,"Alianca; ANL; APL; CMA CGM; COSCO; Evergreen Line; Hamburg Sud; Hapag-Lloyd; Hyundai; Maersk Line; MCC; MSC; NPL-Neptune Pacific Line; ONE; OOCL; PDL-Pacific Direct Line; Safmarine; Sofrana ANL; Swire Shipping; Yang Ming",20,29,18585.166666666664,2180.937728937729,734,5770,1,2,3,"{1,3,2,1,2}"
2019-06-30,AUSYD,Sydney,AUMEL,Melbourne,13,13,"Alianca; ANL; APL; CMA CGM; CNC Line-Cheng Lie Navigation Co. Ltd.; COSCO; Evergreen Line; Hamburg Sud; Hapag-Lloyd; Hyundai; Maersk Line; Marfret; MCC; MSC; ONE; OOCL; PDL-Pacific Direct Line; PIL; Safmarine; SeaLand; Sinotrans; TS Lines; Yang Ming",23,97,60196.10710955711,6582.924475524476,1740,9572,1,2,3,"{2,3,2,2,2,1,1,2,2,2,2,2,2}"
2019-06-30,AUSYD,Sydney,NZAKL,Auckland,1,1,MSC,1,6,2762.3333333333335,428.6666666666667,3108,3534,3,3,3,{3}
2019-06-30,AUSYD,Sydney,NZTRG,Tauranga,2,2,"Alianca; ANL; CMA CGM; Hamburg Sud; Hapag-Lloyd; Maersk Line; MSC; ONE; PDL-Pacific Direct Line; PIL; Safmarine",11,14,10118,1818,3765,5905,4,4,4,"{4,4}"
2019-06-30,AUTSV,Townsville,AUGLT,Gladstone,1,1,MELL,1,3,3610.6666666666665,500,1800,1808,4,4,4,{4}
2019-06-30,AUTSV,Townsville,PGPOM,"Port Moresby",1,1,"ANL; CMA CGM; Maersk Line; PDL-Pacific Direct Line; Sofrana ANL",5,1,3978.8571428571427,471.42857142857144,844,844,2,2,2,{2}
2019-06-30,AUTSV,Townsville,TWKHH,Kaohsiung,1,1,"NewPac; Swire Shipping",2,2,7320,1060,2546,2578,9,9,9,{9}
2019-06-30,AWBAR,Barcadera,CWWIL,Willemstad,1,1,"Alianca; Crowley; Hamburg Sud; King Ocean",4,2,1818,384.5,1795,1841,1,1,1,{1}
2019-06-30,AWBAR,Barcadera,JMKIN,Kingston,1,1,"Caribbean Feeder; Hapag-Lloyd; ZIM",3,2,1009,242,957,1061,2,2,2,{2}
2019-06-30,AWORJ,Aruba,COCTG,Cartagena,1,1,"Hapag-Lloyd; StreamLines",2,5,2507.4,527.2,2339,2556,2,2,2,{2}
2019-06-30,BBBGI,Bridgetown,GPSBH,"St Barthelemy",1,1,"Tropical Shipping",1,2,999,223.5,850,1148,0,0,0,{0}
2019-06-30,BBBGI,Bridgetown,LCSLU,"Castries, St Lucia",1,1,"CMA CGM",1,3,842.6666666666666,165.33333333333334,698,1118,0,0,0,{0}
2019-06-30,BBBGI,Bridgetown,PRSJU,"San Juan PR",1,1,"Caribbean Feeder; Crowley; Hapag-Lloyd; ZIM",4,5,1088.8,224.8,1061,1118,2,2,2,{2}
2019-06-30,BBBGI,Bridgetown,TTPOS,"Port of Spain",3,3,"Caribbean Feeder; Crowley; Hapag-Lloyd; King Ocean; ZIM",5,8,5399.8,1136.8,957,1118,0,1,1,"{1,0,1}"
2019-06-30,BBBGI,Bridgetown,TTPTS,"Point Lisas",1,1,"Seaboard Marine",1,2,1035.5,232,957,1114,1,1,1,{1}
2019-06-30,BDCGP,Chittagong,BDMGL,Mongla,1,1,"Advance Container Lines; PIL",2,1,1776,228.57142857142858,777,777,1,1,1,{1}
2019-06-30,BDCGP,Chittagong,MYPKG,"Port Klang",3,3,"ANL; CMA CGM; Gold Star Line; MCC; X-Press",5,7,11484.4,2435.2,2190,2806,2,3,5,"{2,5,3}"
2019-06-30,BDCGP,Chittagong,MYTPP,"Tanjung Pelepas",1,1,MCC,1,5,2547.6,441.2,2202,2806,10,10,10,{10}
2019-06-30,BDCGP,Chittagong,SGSIN,Singapore,10,10,"Advance Container Lines; ANL; APL; CMA CGM; CNC Line-Cheng Lie Navigation Co. Ltd.; COSCO; Hapag-Lloyd; Hyundai; Maersk Line; MCC; ONE; OOCL; PIL; Samudera; SOL; Wan Hai; X-Press; Yang Ming",18,23,29382.85714285714,3625.1428571428573,1398,2806,2,4.5,10,"{5,4,2,10,4,3,5,10,6,4}"
2019-06-30,BDMGL,Mongla,MYTPP,"Tanjung Pelepas",1,1,MCC,1,1,3428,724,1714,1714,4,4,4,{4}
2019-06-30,BDMGL,Mongla,SGSIN,Singapore,1,1,"Advance Container Lines; PIL",2,1,1776,228.57142857142858,777,777,6,6,6,{6}
2019-06-30,BEANR,Antwerp,CAMTR,Montreal,1,1,"CMA CGM; Maersk Line",2,4,2946.25,387.5,2890,3091,10,10,10,{10}
2019-06-30,BEANR,Antwerp,COCTG,Cartagena,1,1,"Maersk Line; Seago Line; SeaLand",3,8,2582.25,600,2550,2592,12,12,12,{12}
2019-06-30,BEANR,Antwerp,CYLMS,Limassol,1,1,"Alianca; Borchard Lines Ltd; Hamburg Sud; Maersk Line; Safmarine; Seago Line; ZIM",7,5,4504,700,4504,4504,10,10,10,{10}
2019-06-30,BEANR,Antwerp,DEBRV,Bremerhaven,4,4,"Alianca; COSCO; Hamburg Sud; Hapag-Lloyd; Maersk Line; MSC; OOCL; Seago Line; SeaLand",9,20,13548.5,2910.25,1719,4814,1,1,2,"{1,2,1,1}"
2019-06-30,BEANR,Antwerp,DEHAM,Hamburg,8,8,"ACL-Atlantic Container Line; Alianca; APL; Arkas Line; CMA CGM; COSCO; Evergreen Line; Hamburg Sud; Hapag-Lloyd; Maersk Line; MSC; ONE; OOCL; Safmarine; Seago Line; StreamLines; Yang Ming",17,52,54592.83888888889,6158.216666666667,2478,14424,1,1.5,2,"{1,2,2,1,2,1,2,1}"
2019-06-30,BEANR,Antwerp,DKCPH,Copenhagen,1,1,MSC,1,1,1438,60,1438,1438,2,2,2,{2}
2019-06-30,BEANR,Antwerp,EETLL,"Tallinn Estonia",1,1,MSC,1,2,1440,431,1440,1440,4,4,4,{4}
2019-06-30,BEANR,Antwerp,ESVGO,Vigo,1,1,"MSC; WEC Lines",2,2,868,192,868,868,2,2,2,{2}
2019-06-30,BEANR,Antwerp,FIKOK,Kokkola,1,1,"Hapag-Lloyd; X-Press",2,2,753.5,135,698,809,6,6,6,{6}
2019-06-30,BEANR,Antwerp,FRLEH,"Le Havre",17,17,"Alianca; ANL; APL; CMA CGM; COSCO; Evergreen Line; Hamburg Sud; Hapag-Lloyd; Hyundai; MacAndrews; Maersk Line; Marfret; Marguisa; MCC; MSC; NileDutch; ONE; OOCL; Safmarine; Stinnes; WEC Lines; Yang Ming; ZIM",23,131,122822.62922077921,12616.606132756133,1036,17722,0,1,2,"{1,2,1,1,1,2,1,1,1,2,1,1,1,1,0,1,1}"
2019-06-30,BEANR,Antwerp,GBBEL,Belfast,1,1,"BG Freight Line; Eucon; Hapag-Lloyd",3,1,750,190,750,750,2,2,2,{2}
2019-06-30,BEANR,Antwerp,GBLGP,"London Gateway",4,4,"ACL-Atlantic Container Line; APL; CMA CGM; COSCO; Hamburg Sud; Hapag-Lloyd; Hyundai; Maersk Line; MCC; MSC; ONE; OOCL; Safmarine; Seago Line; WEC Lines; Yang Ming",16,30,34107.5,2667.133333333333,3987,17816,1,1,2,"{1,2,1,1}"
2019-06-30,BEANR,Antwerp,GBLIV,Liverpool,1,1,ICL,1,4,2748,493,2546,3100,2,2,2,{2}
2019-06-30,BEANR,Antwerp,GBSOU,Southampton,2,2,"Hapag-Lloyd; ONE; Yang Ming",3,21,26837.754545454547,1740,12552,14993,1,1,1,"{1,1}"
2019-06-30,BEANR,Antwerp,GBTIL,Tilbury,1,1,MSC,1,1,1036,250,1036,1036,2,2,2,{2}
2019-06-30,BEANR,Antwerp,GRPIR,Piraeus,1,1,"COSCO; Evergreen Line; OOCL; Yang Ming",4,5,3402.8,411.6,4250,4256,10,10,10,{10}
2019-06-30,BEANR,Antwerp,IEDUB,Dublin,2,2,"BG Freight Line; Eucon; Hapag-Lloyd; MSC",4,2,2008,420,972,1036,2,2,2,"{2,2}"
2019-06-30,BEANR,Antwerp,ITCAG,Cagliari,1,1,"COSCO; Hapag-Lloyd; OOCL",3,4,4334.5,490,4250,4578,5,5,5,{5}
2019-06-30,BEANR,Antwerp,ITGIT,"Gioia Tauro",1,1,"MSC; ZIM",2,4,4597.75,362.5,4392,5059,5,5,5,{5}
2019-06-30,BEANR,Antwerp,ITGOA,Genoa,1,1,HDASCO,1,3,6582.857142857143,750,2478,2724,6,6,6,{6}
2019-06-30,BEANR,Antwerp,LTKLJ,"Klaipeda
",1,1,MSC,1,2,1865.5,385,1856,1875,3,3,3,{3}
2019-06-30,BEANR,Antwerp,MTMAR,"Malta (Marsaxlokk)",1,1,"Alianca; ANL; Borchard Lines Ltd; CMA CGM; Hamburg Sud; Maersk Line; Seago Line; Turkon",8,5,6633,520,6350,6969,6,6,6,{6}
2019-06-30,BEANR,Antwerp,NLRTM,Rotterdam,13,13,"Alianca; APL; BG Freight Line; CMA CGM; COSCO; Eucon; Evergreen Line; Hamburg Sud; Hapag-Lloyd; Hyundai; Maersk Line; MCC; MSC; ONE; OOCL; Safmarine; SCI-Shipping Corp. of India; Seago Line; SeaLand; WEC Lines",20,77,96043.96212121213,7443.452272727273,803,20988,0,1,4,"{1,1,1,1,1,1,4,0,1,1,1,1,1}"
2019-06-30,BEANR,Antwerp,NLVLI,Flushing,1,1,"ANL; APL; CMA CGM; COSCO; NileDutch",5,6,3781,566.6666666666666,3650,4043,0,0,0,{0}
2019-06-30,BEANR,Antwerp,NOOSL,Oslo,1,1,"MSC; WEC Lines",2,1,1304,258,1304,1304,3,3,3,{3}
2019-06-30,BEANR,Antwerp,PTSIE,Sines,1,1,"MSC; WEC Lines",2,4,5648.25,522.5,5550,5782,4,4,4,{4}
2019-06-30,BEANR,Antwerp,RULED,"St Petersburg",1,1,"ANL; CMA CGM; FESCO; Hapag-Lloyd; Unimed Feeder Services-UFS",5,2,1963.5,513,1440,2487,5,5,5,{5}
2019-06-30,BEANR,Antwerp,SEGOT,Gothenburg,2,2,"MSC; X-Press",2,2,2186,454,508,1678,2,2.5,3,"{3,2}"
2019-06-30,BEANR,Antwerp,TRGEB,"Istanbul (Gebze)",1,1,MSC,1,3,4830.333333333333,553.3333333333334,4549,5042,8,8,8,{8}
2019-06-30,BEANR,Antwerp,USSAV,"Savannah GA",1,1,"CMA CGM; Hapag-Lloyd; ONE; Yang Ming",4,11,4902,340.3636363636364,4738,5014,9,9,9,{9}
2019-06-30,BEZEE,Zeebrugge,GBFXT,Felixstowe,1,1,"APL; CMA CGM; COSCO; Evergreen Line; OOCL",5,10,11671.2,952,9400,14566,0,0,0,{0}
2019-06-30,BEZEE,Zeebrugge,GBLGP,"London Gateway",1,1,"ANL; APL; CMA CGM; Marfret",4,13,2458.769230769231,534.1538461538462,2250,2826,2,2,2,{2}
2019-06-30,BEZEE,Zeebrugge,NLRTM,Rotterdam,2,2,"CMA CGM; COSCO; Evergreen Line; OOCL; X-Press; Yang Ming",6,4,3583.5,849,1600,1926,1,1,1,"{1,1}"
2019-06-30,BEZEE,Zeebrugge,PLGDN,Gdansk,1,1,"APL; CMA CGM; COSCO; Evergreen Line; OOCL",5,11,20252.545454545452,1294.9090909090908,14074,21413,2,2,2,{2}
2019-06-30,BHKBS,"Khalifa Bin Salman Port",AEJEA,"Dubai, Jebel Ali",1,1,Hapag-Lloyd,1,4,3547,500,3534,3586,1,1,1,{1}
2019-06-30,BHKBS,"Khalifa Bin Salman Port",KWKWI,Kuwait,1,1,Hapag-Lloyd,1,4,3547,500,3534,3586,1,1,1,{1}
2019-06-30,BHKBS,"Khalifa Bin Salman Port",SGSIN,Singapore,1,1,"ANL; APL; CMA CGM; COSCO; Evergreen Line; OOCL; PIL",7,14,9897.214285714286,650,10000,11388,12,12,12,{12}
2019-06-30,BJCOO,Cotonou,CIABJ,Abidjan,2,2,"ANL; APL; CMA CGM; CNC Line-Cheng Lie Navigation Co. Ltd.; Maersk Line; MCC; Safmarine",7,19,7846.461538461538,777.5384615384615,3765,4496,1,1.5,2,"{1,2}"
2019-06-30,BJCOO,Cotonou,ESLPA,"Las Palmas, Can Is",1,1,MSC,1,7,3125.5714285714284,190.57142857142858,3005,3646,8,8,8,{8}
2019-06-30,BJCOO,Cotonou,GHTEM,Tema,2,2,"ANL; CMA CGM; COSCO; Gold Star Line; Maersk Line; ONE; PIL; Safmarine; ZIM",9,23,9010.212121212122,1071.909090909091,3560,5466,1,1.5,2,"{2,1}"
2019-06-30,BJCOO,Cotonou,GQBSG,Bata,1,1,"ANL; CMA CGM; Marguisa",3,6,2797,483.3333333333333,3091,3600,2,2,2,{2}
2019-06-30,BJCOO,Cotonou,NAWVB,"Walvis Bay",1,1,"ANL; CMA CGM; Maersk Line; MCC; Safmarine",5,12,4643.083333333333,476.5833333333333,4045,5400,6,6,6,{6}
2019-06-30,BJCOO,Cotonou,NGAPP,Apapa,1,1,"Arkas Line; CMA CGM; Hapag-Lloyd; ONE",4,4,4265.25,456,4250,4308,0,0,0,{0}
2019-06-30,BNMUA,"Muara Port",CNNGB,Ningbo,1,1,MCC,1,5,2700.4,475.2,2574,2806,5,5,5,{5}
2019-06-30,BNMUA,"Muara Port",MYBTU,"Bintulu, Sarawak",1,1,"Evergreen Line",1,2,1974,150,1748,2200,1,1,1,{1}
2019-06-30,BQKRA,Bonaire,VELAG,"La Guaira",1,1,"Alianca; Crowley; Hamburg Sud; King Ocean",4,2,1818,384.5,1795,1841,1,1,1,{1}
2019-06-30,BRFOR,Fortaleza,BRNAT,Natal,1,1,"ANL; CMA CGM; Marfret",3,6,1999.1666666666667,428.3333333333333,1678,2339,1,1,1,{1}
2019-06-30,BRIOA,"Porto Itapoa",BRITJ,Itajai,1,1,"Alianca; Hamburg Sud; Hapag-Lloyd; Hyundai; Maersk Line; ONE; ZIM",7,13,7435.538461538462,1490.7692307692307,7450,9034,2,2,2,{2}
2019-06-30,BRIOA,"Porto Itapoa",BRPNG,Paranagua,3,3,"Alianca; ANL; CMA CGM; COSCO; Hamburg Sud; Hapag-Lloyd; Maersk Line; MSC; Safmarine; SeaLand; ZIM",11,23,24354.410714285714,4187.25,5550,9669,1,1,3,"{3,1,1}"
2019-06-30,BRIOA,"Porto Itapoa",BRRIO,"Rio de Janeiro",1,1,"Alianca; Hamburg Sud; Hapag-Lloyd",3,8,4406.875,522.5,3421,5762,3,3,3,{3}
2019-06-30,BRIOA,"Porto Itapoa",BRSSZ,Santos,2,2,"Alianca; ANL; CMA CGM; Hamburg Sud; Hapag-Lloyd; Maersk Line; Safmarine",7,15,14900.125,2520.8214285714284,5550,9300,2,2,2,"{2,2}"
2019-06-30,BRIOA,"Porto Itapoa",UYMVD,Montevideo,1,1,"Hapag-Lloyd; MSC; ZIM",3,8,8782.625,990.5,8600,8948,3,3,3,{3}
2019-06-30,BRITJ,Itajai,ARBUE,"Buenos Aires",1,1,"Alianca; Hamburg Sud; Hapag-Lloyd; Hyundai; Maersk Line; ONE; ZIM",7,13,7435.538461538462,1490.7692307692307,7450,9034,3,3,3,{3}
2019-06-30,BRITJ,Itajai,BRIOA,"Porto Itapoa",1,1,"Alianca; ANL; CMA CGM; Hamburg Sud; Maersk Line; Safmarine",6,8,8797.125,1607.25,8500,9300,1,1,1,{1}
2019-06-30,BRITJ,Itajai,BRPNG,Paranagua,3,3,"Alianca; ANL; CMA CGM; Hamburg Sud; Hapag-Lloyd; Hyundai; Maersk Line; NileDutch; ONE; SeaLand; ZIM",11,28,14185.81623931624,2401.6581196581196,3091,9034,0,1,1,"{1,1,0}"
2019-06-30,BRITJ,Itajai,BRSSZ,Santos,1,1,"ANL; CMA CGM; COSCO; Evergreen Line; PIL",5,11,4300.363636363636,397.2727272727273,2475,5090,0,0,0,{0}
2019-06-30,BRMAO,Manaus,BRMCP,Macapa,1,1,"MSC; ONE",2,4,2754.5,439,2468,3534,2,2,2,{2}
2019-06-30,BRMAO,Manaus,BRVIX,Vitoria,1,1,"Alianca; ANL; CMA CGM; Hamburg Sud; Maersk Line; SeaLand",6,9,3389.1111111111118,422.22222222222223,3091,3534,10,10,10,{10}
2019-06-30,BRMCP,Macapa,BRMAO,Manaus,1,1,"MSC; ONE",2,4,2754.5,439,2468,3534,2,2,2,{2}
2019-06-30,BRMCP,Macapa,BRVDC,"Vila do Conde (near Belem)",1,1,"MSC; ONE",2,4,2754.5,439,2468,3534,2,2,2,{2}
2019-06-30,BRNAT,Natal,ESALG,Algeciras,1,1,"ANL; CMA CGM; Marfret",3,6,1999.1666666666667,428.3333333333333,1678,2339,7,7,7,{7}
2019-06-30,BRNVT,Navegantes,ARBUE,"Buenos Aires",1,1,"Alianca; Hamburg Sud; Hapag-Lloyd; MSC",4,9,8882.666666666666,904.4444444444445,8386,9400,4,4,4,{4}
2019-06-30,BRNVT,Navegantes,BRIOA,"Porto Itapoa",1,1,"Alianca; Hamburg Sud; Hapag-Lloyd; Maersk Line; MSC; SeaLand; ZIM",7,7,5888.285714285715,980,5550,6730,1,1,1,{1}
2019-06-30,BRNVT,Navegantes,BRITJ,Itajai,1,1,"ANL; CMA CGM; COSCO; Evergreen Line; PIL",5,11,4300.363636363636,397.2727272727273,2475,5090,1,1,1,{1}
2019-06-30,BRNVT,Navegantes,BRPNG,Paranagua,2,2,"Alianca; CMA CGM; COSCO; Evergreen Line; Hamburg Sud; Hapag-Lloyd; Maersk Line; MCC; MSC; ONE; OOCL; PIL; Safmarine; Yang Ming",14,25,18651.28846153846,2374.5128205128203,8386,11800,1,1.5,2,"{2,1}"
2019-06-30,BRNVT,Navegantes,BRSSZ,Santos,4,4,"Alianca; Hamburg Sud; Hapag-Lloyd; Maersk Line; MSC; ONE; SeaLand; ZIM",8,33,30438.916666666664,3356.6944444444443,5550,9400,1,1.5,3,"{2,3,1,1}"
2019-06-30,BRNVT,Navegantes,UYMVD,Montevideo,2,2,"Alianca; CMA CGM; COSCO; Evergreen Line; Hamburg Sud; Hapag-Lloyd; Maersk Line; MCC; MSC; ONE; OOCL; PIL; Safmarine; Yang Ming",14,25,18651.28846153846,2374.5128205128203,8386,11800,3,3.5,4,"{3,4}"
2019-06-30,BRPEC,"Pecem (near Fortaleza)",USNYC,"New York NY/NJ",1,1,"Alianca; Hamburg Sud; Hapag-Lloyd; Maersk Line",4,7,6103,913.5714285714286,5550,6655,8,8,8,{8}
2019-06-30,BRPNG,Paranagua,ARBUE,"Buenos Aires",1,1,"Alianca; ANL; CMA CGM; Hamburg Sud; Maersk Line; Safmarine",6,8,8797.125,1607.25,8500,9300,1,1,1,{1}
2019-06-30,BRPNG,Paranagua,BRIOA,"Porto Itapoa",1,1,"Hapag-Lloyd; MSC; ZIM",3,8,8782.625,990.5,8600,8948,0,0,0,{0}
2019-06-30,BRPNG,Paranagua,BRNVT,Navegantes,4,4,"Alianca; ANL; CMA CGM; COSCO; Evergreen Line; Hamburg Sud; Hapag-Lloyd; Maersk Line; MCC; MSC; ONE; OOCL; PIL; Safmarine; Yang Ming",15,45,31834.31876456876,3676.2299922299926,2475,11800,1,1,1,"{1,1,1,1}"
2019-06-30,BRPNG,Paranagua,BRSSZ,Santos,7,7,"Alianca; ANL; CMA CGM; COSCO; Evergreen Line; Hamburg Sud; Hapag-Lloyd; Hyundai; Maersk Line; MCC; MSC; NileDutch; ONE; OOCL; PIL; Safmarine; SeaLand; Yang Ming; ZIM",19,68,48394.390415140406,7356.17094017094,3091,11800,0,2,3,"{0,3,2,3,2,2,3}"
2019-06-30,BRPNG,Paranagua,UYMVD,Montevideo,1,1,"Alianca; CMA CGM; COSCO; Hamburg Sud; Hapag-Lloyd; Maersk Line; Safmarine",7,8,9669,1600,9669,9669,2,2,2,{2}
2019-06-30,BRRIG,"Rio Grande",BRIOA,"Porto Itapoa",1,1,"Alianca; Hamburg Sud; Hapag-Lloyd; Maersk Line",4,7,6103,913.5714285714286,5550,6655,1,1,1,{1}
2019-06-30,BRRIG,"Rio Grande",BRITJ,Itajai,1,1,"Alianca; ANL; CMA CGM; Hamburg Sud; Maersk Line; Safmarine",6,8,8797.125,1607.25,8500,9300,2,2,2,{2}
2019-06-30,BRRIG,"Rio Grande",BRNVT,Navegantes,4,4,"Alianca; CMA CGM; COSCO; Evergreen Line; Hamburg Sud; Hapag-Lloyd; Maersk Line; MCC; MSC; ONE; OOCL; PIL; Safmarine; SeaLand; Yang Ming; ZIM",16,41,31424.91346153846,3836.2628205128203,5550,11800,1,2,2,"{2,2,2,1}"
2019-06-30,BRRIG,"Rio Grande",BRPNG,Paranagua,1,1,"Alianca; Hamburg Sud; Hapag-Lloyd; MSC",4,9,8882.666666666666,904.4444444444445,8386,9400,3,3,3,{3}
2019-06-30,BRRIG,"Rio Grande",CLSAI,"San Antonio",1,1,"Alianca; Hamburg Sud; Hapag-Lloyd",3,8,4406.875,522.5,3421,5762,9,9,9,{9}
2019-06-30,BRRIO,"Rio de Janeiro",BRSSA,Salvador,4,4,"Alianca; Hamburg Sud; Hapag-Lloyd; Maersk Line; MSC; SeaLand; ZIM",7,31,26792.70238095238,3335.515873015873,5550,9400,3,3.5,4,"{4,4,3,3}"
2019-06-30,BRRIO,"Rio de Janeiro",BRSSZ,Santos,4,4,"Alianca; CMA CGM; COSCO; Evergreen Line; Hamburg Sud; Hapag-Lloyd; MSC; OOCL; PIL; Yang Ming; ZIM",11,37,31219.916666666664,3803.1111111111113,3421,9452,1,2,2,"{1,2,2,2}"
2019-06-30,BRRIO,"Rio de Janeiro",COCTG,Cartagena,2,2,"Alianca; ANL; CMA CGM; Hamburg Sud; Hapag-Lloyd; Maersk Line; MSC; ONE; SeaLand; ZIM",10,17,10243.986111111111,1346.4722222222222,3091,8073,11,12,13,"{13,11}"
2019-06-30,BRRIO,"Rio de Janeiro",ESVLC,Valencia,1,1,"Hapag-Lloyd; MSC; ZIM",3,8,8782.625,990.5,8600,8948,12,12,12,{12}
2019-06-30,BRRIO,"Rio de Janeiro",MAPTM,Tanger,1,1,"Alianca; ANL; CMA CGM; Hamburg Sud; Maersk Line; Safmarine",6,8,8797.125,1607.25,8500,9300,11,11,11,{11}
2019-06-30,BRSPB,Sepetiba,BRSSZ,Santos,2,2,"Alianca; ANL; CMA CGM; COSCO; Evergreen Line; Hamburg Sud; Hapag-Lloyd; Hyundai; Maersk Line; ONE; PIL; ZIM",12,24,11735.902097902097,1888.041958041958,2475,9034,1,1,1,"{1,1}"
2019-06-30,BRSSA,Salvador,BRPEC,"Pecem (near Fortaleza)",1,1,"Alianca; Hamburg Sud; Hapag-Lloyd; Maersk Line",4,7,6103,913.5714285714286,5550,6655,3,3,3,{3}
2019-06-30,BRSSA,Salvador,BRRIO,"Rio de Janeiro",1,1,"Hapag-Lloyd; MSC; ZIM",3,8,8782.625,990.5,8600,8948,2,2,2,{2}
2019-06-30,BRSSA,Salvador,BRSSZ,Santos,1,1,"Alianca; ANL; CMA CGM; Hamburg Sud; Maersk Line; Safmarine",6,8,8797.125,1607.25,8500,9300,4,4,4,{4}
2019-06-30,BRSSA,Salvador,BRSUA,Suape,1,1,"MSC; ZIM",2,8,5918.75,537.5,5550,6750,1,1,1,{1}
2019-06-30,BRSSA,Salvador,COCTG,Cartagena,1,1,"Alianca; Hamburg Sud; Hapag-Lloyd; Maersk Line; MSC; SeaLand; ZIM",7,7,5888.285714285715,980,5550,6730,8,8,8,{8}
2019-06-30,BRSSA,Salvador,MAPTM,Tanger,1,1,"Alianca; Hamburg Sud; Hapag-Lloyd; MSC",4,9,8882.666666666666,904.4444444444445,8386,9400,10,10,10,{10}
2019-06-30,BRSSZ,Santos,ARBUE,"Buenos Aires",3,3,"Alianca; Hamburg Sud; Hapag-Lloyd; Maersk Line; MSC; ONE; SeaLand; ZIM",8,23,18876.625,2375.3214285714284,5550,8073,3,4,4,"{4,4,3}"
2019-06-30,BRSSZ,Santos,BRIOA,"Porto Itapoa",2,2,"Alianca; ANL; CMA CGM; Hamburg Sud; Hapag-Lloyd; Hyundai; Maersk Line; ONE; Safmarine; ZIM",10,21,16232.663461538461,3098.0192307692305,7450,9300,2,2,2,"{2,2}"
2019-06-30,BRSSZ,Santos,BRITJ,Itajai,1,1,"Alianca; ANL; CMA CGM; Hamburg Sud; Maersk Line; SeaLand",6,9,3389.1111111111118,422.22222222222223,3091,3534,2,2,2,{2}
2019-06-30,BRSSZ,Santos,BRNVT,Navegantes,2,2,"Alianca; Hamburg Sud; Hapag-Lloyd; Maersk Line; MSC; SeaLand; ZIM",7,16,14770.952380952382,1884.4444444444443,5550,9400,2,2,2,"{2,2}"
2019-06-30,BRSSZ,Santos,BRPNG,Paranagua,5,5,"Alianca; ANL; CMA CGM; COSCO; Evergreen Line; Hamburg Sud; Hapag-Lloyd; Maersk Line; MCC; MSC; ONE; OOCL; PIL; Safmarine; Yang Ming; ZIM",16,52,41403.27709790209,5362.285547785548,2475,11800,1,2,3,"{2,2,3,2,1}"
2019-06-30,BRSSZ,Santos,BRRIG,"Rio Grande",1,1,"Alianca; Hamburg Sud; Hapag-Lloyd",3,8,4406.875,522.5,3421,5762,3,3,3,{3}
2019-06-30,BRSSZ,Santos,BRRIO,"Rio de Janeiro",8,8,"Alianca; ANL; CMA CGM; Hamburg Sud; Hapag-Lloyd; Maersk Line; MSC; ONE; Safmarine; SeaLand; ZIM",11,64,54616.43849206349,7279.738095238095,3091,9400,1,1.5,2,"{1,2,2,1,2,1,2,1}"
2019-06-30,BRSSZ,Santos,ESALG,Algeciras,1,1,"Alianca; CMA CGM; COSCO; Hamburg Sud; Hapag-Lloyd; Maersk Line; Safmarine",7,8,9669,1600,9669,9669,11,11,11,{11}
2019-06-30,BRSSZ,Santos,SGSIN,Singapore,3,3,"Alianca; ANL; CMA CGM; COSCO; Evergreen Line; Hamburg Sud; Hapag-Lloyd; Hyundai; Maersk Line; ONE; OOCL; PIL; Yang Ming; ZIM",14,36,20883.652097902097,3273.7086247086245,2475,9452,24,25,26,"{26,24,25}"
2019-06-30,BRSSZ,Santos,ZACPT,"Cape Town",1,1,"Alianca; CMA CGM; Hamburg Sud; Hapag-Lloyd; NileDutch",5,6,3361.1666666666665,488.6666666666667,3091,3534,9,9,9,{9}
2019-06-30,BRSSZ,Santos,ZAZBA,"Ngqura (Coega)",1,1,"Alianca; Hamburg Sud; Hapag-Lloyd; Maersk Line; MCC; MSC; ONE; Safmarine",8,13,9503.53846153846,988.8461538461537,8386,11800,10,10,10,{10}
2019-06-30,BRSUA,Suape,BRSSA,Salvador,1,1,"Hapag-Lloyd; MSC; ZIM",3,8,8782.625,990.5,8600,8948,2,2,2,{2}
2019-06-30,BRSUA,Suape,BRSSZ,Santos,2,2,"Alianca; Hamburg Sud; Hapag-Lloyd; Maersk Line; MSC; ONE; SeaLand; ZIM",8,15,12743.160714285714,1904.25,5550,8073,3,4,5,"{5,3}"
2019-06-30,BRSUA,Suape,PACTB,Cristobal,1,1,"MSC; ZIM",2,8,5918.75,537.5,5550,6750,7,7,7,{7}
2019-06-30,BRVDC,"Vila do Conde (near Belem)",BRFOR,Fortaleza,1,1,"ANL; CMA CGM; Marfret",3,6,1999.1666666666667,428.3333333333333,1678,2339,2,2,2,{2}
2019-06-30,BRVDC,"Vila do Conde (near Belem)",PACTB,Cristobal,1,1,"MSC; ONE",2,4,2754.5,439,2468,3534,7,7,7,{7}
2019-06-30,BRVIX,Vitoria,BRSSZ,Santos,1,1,"Alianca; ANL; CMA CGM; Hamburg Sud; Maersk Line; SeaLand",6,9,3389.1111111111118,422.22222222222223,3091,3534,2,2,2,{2}
2019-06-30,BSFPO,Freeport,CAMTR,Montreal,1,1,MSC,1,5,3692,384.4,2480,4250,10,10,10,{10}
2019-06-30,BSFPO,Freeport,ECGYE,Guayaquil,1,1,MSC,1,7,4112,1300,4112,4112,7,7,7,{7}
2019-06-30,BSFPO,Freeport,ESBCN,Barcelona,1,1,"MSC; ZIM",2,11,8478.09090909091,676.4545454545454,8034,9200,14,14,14,{14}
2019-06-30,BSFPO,Freeport,FRLEH,"Le Havre",1,1,"Hamburg Sud; Maersk Line; MSC; Safmarine; Seago Line; SeaLand",6,6,6197.333333333333,455.3333333333333,4544,6750,9,9,9,{9}
2019-06-30,BSFPO,Freeport,MYTPP,"Tanjung Pelepas",2,2,"Hamburg Sud; Hyundai; Maersk Line; MCC; MSC; Safmarine; ZIM",7,22,16278.454545454544,1392.181818181818,6418,11088,27,29,31,"{31,27}"
2019-06-30,BSFPO,Freeport,PAMIT,Manzanillo,1,1,"Maersk Line; MCC; MSC; SeaLand",4,11,6630.727272727273,546.3636363636364,6400,6882,4,4,4,{4}
2019-06-30,BSFPO,Freeport,PTSIE,Sines,1,1,"Maersk Line; MSC; Safmarine; SeaLand",4,8,7786.625,612.875,6648,9403,10,10,10,{10}
2019-06-30,BSFPO,Freeport,USHOU,"Houston TX",2,2,"MSC; ZIM",2,16,12170.09090909091,1060.8545454545454,2480,9200,4,4,4,"{4,4}"
2019-06-30,BSFPO,Freeport,USJAX,"Jacksonville FL",1,1,MSC,1,1,957,252,957,957,3,3,3,{3}
2019-06-30,BSFPO,Freeport,USMIA,"Miami FL",1,1,"Maersk Line; MSC; Safmarine; SeaLand",4,8,7786.625,612.875,6648,9403,1,1,1,{1}
2019-06-30,BSFPO,Freeport,USNYC,"New York NY/NJ",1,1,"MSC; ZIM",2,8,5918.75,537.5,5550,6750,3,3,3,{3}
2019-06-30,BSFPO,Freeport,USPEF,"Port Everglades FL",1,1,MSC,1,3,2538.6666666666665,426.6666666666667,2520,2572,2,2,2,{2}
2019-06-30,BSFPO,Freeport,ZAPLZ,"Port Elizabeth",1,1,"Hamburg Sud; Maersk Line; MSC; Safmarine",4,8,2458.5,399.75,1798,3534,17,17,17,{17}
2019-06-30,BSNAS,Nassau,BSFPO,Freeport,1,1,MSC,1,1,957,252,957,957,0,0,0,{0}
2019-06-30,BSNAS,Nassau,USPAB,"Palm Beach FL",2,1,"Tropical Shipping",1,2,1016,100,508,508,1,2,3,"{3,1}"
2019-06-30,BZBGK,"Big Creek",PAMIT,Manzanillo,1,1,"Alianca; Hamburg Sud; Maersk Line; MSC; Seago Line; SeaLand",6,7,3947,870,3947,3947,3,3,3,{3}
2019-06-30,BZBZE,"Belize City",GTSTC,"Santo Tomas de Castilla",2,1,"Caribbean Feeder; COSCO; Hapag-Lloyd; Seaboard Marine; ZIM",5,4,1396,240,698,698,1,1.5,2,"{2,1}"
2019-06-30,BZBZE,"Belize City",HNRTB,Roatan,1,1,"Hyde Shipping Corp.; Seaboard Marine",2,3,356.6666666666667,46.666666666666664,340,365,0,0,0,{0}
2019-06-30,BZBZE,"Belize City",MXPMS,"Puerto Morelos",1,1,"Hyde Shipping Corp.; Seaboard Marine",2,3,356.6666666666667,46.666666666666664,340,365,2,2,2,{2}
2019-06-30,CAHAL,Halifax,AEJEA,"Dubai, Jebel Ali",1,1,"Hapag-Lloyd; ONE; Yang Ming",3,12,6348.333333333333,557.5,5624,7179,19,19,19,{19}
2019-06-30,CAHAL,Halifax,DEBRV,Bremerhaven,1,1,"CMA CGM; Maersk Line",2,4,2946.25,387.5,2890,3091,9,9,9,{9}
2019-06-30,CAHAL,Halifax,JMKIN,Kingston,1,1,ZIM,1,2,1767.5,585.5,1740,1795,6,6,6,{6}
2019-06-30,CAHAL,Halifax,MXATM,Altamira,1,1,"Melfi Marine",1,4,2548.5,464,2474,2700,8,8,8,{8}
2019-06-30,CAHAL,Halifax,NLRTM,Rotterdam,1,1,"ACL-Atlantic Container Line; Hapag-Lloyd; ONE; Yang Ming",4,5,4633.6,380,4520,4662,11,11,11,{11}
2019-06-30,CAHAL,Halifax,USNYC,"New York NY/NJ",3,3,"APL; CMA CGM; COSCO; Evergreen Line; Hapag-Lloyd; ONE; OOCL; PIL; Yang Ming; ZIM",10,38,20277.083333333332,1973.5555555555557,4250,11388,1,2,2,"{1,2,2}"
2019-06-30,CAHAL,Halifax,USPAB,"Palm Beach FL",1,1,"Tropical Shipping",1,2,1133,240,1118,1148,4,4,4,{4}
2019-06-30,CAHAL,Halifax,USPWM,"Portland, ME",1,1,"Eimskip; Royal Arctic Line",2,3,773.6666666666666,146.66666666666666,698,925,1,1,1,{1}
2019-06-30,CAMTR,Montreal,BEANR,Antwerp,1,1,"COSCO; Hapag-Lloyd; MSC; OOCL",4,4,3692.5,347.75,2808,4814,10,10,10,{10}
2019-06-30,CAMTR,Montreal,CAHAL,Halifax,1,1,"CMA CGM; Maersk Line",2,4,2946.25,387.5,2890,3091,3,3,3,{3}
2019-06-30,CAMTR,Montreal,CASJB,"Saint John, New Brunswick",1,1,MSC,1,5,3692,384.4,2480,4250,6,6,6,{6}
2019-06-30,CAMTR,Montreal,ESALG,Algeciras,1,1,"Maersk Line; Safmarine",2,5,2255.8,307.2,1839,2500,11,11,11,{11}
2019-06-30,CAMTR,Montreal,GBLIV,Liverpool,1,1,MSC,1,8,4703,488.5,4132,5059,7,7,7,{7}
2019-06-30,CAMTR,Montreal,GBSOU,Southampton,1,1,"Hapag-Lloyd; OOCL",2,4,4364,325,4250,4402,10,10,10,{10}
2019-06-30,CAMTR,Montreal,ITGIT,"Gioia Tauro",1,1,MSC,1,5,4118.6,344,3424,4651,11,11,11,{11}
2019-06-30,CAMTR,Montreal,MAPTM,Tanger,1,1,"CMA CGM; Hapag-Lloyd",2,6,3422.6666666666665,566.1666666666666,2400,3832,13,13,13,{13}
2019-06-30,CANWP,Argentia,CAHAL,Halifax,1,1,"Eimskip; Royal Arctic Line",2,3,773.6666666666666,146.66666666666666,698,925,2,2,2,{2}
2019-06-30,CANWP,Argentia,ISREY,Reykjavik,1,1,"Eimskip; Royal Arctic Line",2,3,773.6666666666666,146.66666666666666,698,925,7,7,7,{7}
2019-06-30,CAPRR,"Prince Rupert BC",CAVAN,"Vancouver BC",1,1,"APL; CMA CGM; COSCO; Evergreen Line; OOCL; PIL",6,6,9860.5,733.3333333333334,9449,10050,2,2,2,{2}
2019-06-30,CAPRR,"Prince Rupert BC",USLAX,"Los Angeles CA",1,1,"APL; CMA CGM; COSCO; Evergreen Line; OOCL; PIL",6,7,11440.857142857143,794.2857142857143,10000,13500,4,4,4,{4}
2019-06-30,CAPRR,"Prince Rupert BC",USLGB,"Long Beach CA",1,1,"Hamburg Sud; Hyundai; Maersk Line; MCC; MSC; Safmarine; ZIM",7,7,11204.285714285714,742.8571428571429,11078,11294,5,5,5,{5}
2019-06-30,CAPRR,"Prince Rupert BC",USTIW,"Tacoma WA",1,1,"Hapag-Lloyd; ONE; Yang Ming",3,6,8322.333333333334,655.6666666666666,6724,9100,1,1,1,{1}
2019-06-30,CASJB,"Saint John, New Brunswick",BSFPO,Freeport,1,1,MSC,1,5,3692,384.4,2480,4250,5,5,5,{5}
2019-06-30,CASJB,"Saint John, New Brunswick",USNYC,"New York NY/NJ",1,1,"ANL; APL; CMA CGM",3,5,1296.8,365.6,1221,1347,3,3,3,{3}
2019-06-30,CAVAN,"Vancouver BC",CNTXG,Xingang/Tianjin,1,1,"ANL; APL; CMA CGM; COSCO; Evergreen Line; OOCL; PIL",7,14,9897.214285714286,650,10000,11388,24,24,24,{24}
2019-06-30,CAVAN,"Vancouver BC",HKHKG,"Hong Kong",1,1,"APL; CMA CGM; COSCO; Evergreen Line; OOCL; PIL",6,6,9860.5,733.3333333333334,9449,10050,18,18,18,{18}
2019-06-30,CAVAN,"Vancouver BC",JPTYO,Tokyo,2,2,"APL; CMA CGM; COSCO; Evergreen Line; Hapag-Lloyd; ONE; OOCL; Yang Ming",8,12,15183.333333333334,1471.5,6046,9100,10,10.5,11,"{11,10}"
2019-06-30,CAVAN,"Vancouver BC",TWKHH,Kaohsiung,1,1,"Hapag-Lloyd; ONE; Yang Ming",3,8,8473.5,706.25,8073,8749,16,16,16,{16}
2019-06-30,CAVAN,"Vancouver BC",USDUT,"Dutch Harbor AK",1,1,"Hapag-Lloyd; ONE; Yang Ming",3,6,4750.833333333333,349.5,4432,5117,4,4,4,{4}
2019-06-30,CAVAN,"Vancouver BC",USLGB,"Long Beach CA",1,1,"Alianca; ANL; CMA CGM; Hamburg Sud; Hapag-Lloyd; Maersk Line; MSC; PDL-Pacific Direct Line; PIL",9,8,4213,453,3765,4890,4,4,4,{4}
2019-06-30,CAVAN,"Vancouver BC",USOAK,"Oakland CA",3,3,"Alianca; CMA CGM; Hamburg Sud; Hapag-Lloyd; MSC; ONE; Yang Ming; ZIM",8,34,18484.53787878788,1536.287878787879,4250,9403,3,3,4,"{3,4,3}"
2019-06-30,CAVAN,"Vancouver BC",USSEA,"Seattle WA",4,4,"APL; CMA CGM; COSCO; Evergreen Line; Hapag-Lloyd; Maersk Line; MSC; ONE; OOCL; SeaLand; SM Line; Yang Ming; ZIM",13,25,27097.071428571428,2408.0476190476193,4253,8749,0,1,1,"{1,1,1,0}"
2019-06-30,CAVAN,"Vancouver BC",USTIW,"Tacoma WA",1,1,Westwood,1,3,5237.333333333333,890.6666666666666,2546,2764,1,1,1,{1}
2019-06-30,CGPNR,"Pointe Noire",AOLAD,Luanda,2,2,"ANL; CMA CGM; CNC Line-Cheng Lie Navigation Co. Ltd.; COSCO; Maersk Line; Marguisa; NileDutch; PIL; Safmarine",9,19,12783.071428571428,1334.6190476190477,3646,11800,4,4.5,5,"{5,4}"
2019-06-30,CGPNR,"Pointe Noire",BRITJ,Itajai,1,1,"Alianca; CMA CGM; Hamburg Sud; Hapag-Lloyd; NileDutch",5,6,3361.1666666666665,488.6666666666667,3091,3534,11,11,11,{11}
2019-06-30,CGPNR,"Pointe Noire",CMDLA,Douala,1,1,"Maersk Line; Safmarine",2,6,3655.5,476.6666666666667,2478,4380,12,12,12,{12}
2019-06-30,CGPNR,"Pointe Noire",MAPTM,Tanger,1,1,"Maersk Line; Safmarine",2,6,3655.5,476.6666666666667,2478,4380,11,11,11,{11}
2019-06-30,CGPNR,"Pointe Noire",MYTPP,"Tanjung Pelepas",1,1,"ANL; CMA CGM; Maersk Line; MCC; Safmarine",5,15,4496,180,4496,4496,20,20,20,{20}
2019-06-30,CGPNR,"Pointe Noire",NGAPP,Apapa,1,1,"ANL; CMA CGM; Maersk Line; Safmarine",4,11,4711.545454545455,636.9090909090909,4254,5466,3,3,3,{3}
2019-06-30,CIABJ,Abidjan,CISPY,"San Pedro, Ivory Coast",1,1,MSC,1,5,5062.4,435.8,3987,6008,1,1,1,{1}
2019-06-30,CIABJ,Abidjan,ITGOA,Genoa,1,1,"COSCO; Messina; MSC",3,5,2644.4,444,2524,2824,10,10,10,{10}
2019-06-30,CIABJ,Abidjan,LKCMB,Colombo,1,1,"COSCO; Gold Star Line; ONE; PIL; ZIM",5,12,4298.666666666667,435,3560,4644,23,23,23,{23}
2019-06-30,CIABJ,Abidjan,MAPTM,Tanger,2,2,"Arkas Line; Hapag-Lloyd; Maersk Line; ONE; Safmarine",5,11,6382.2,854,2478,4496,7,11,15,"{7,15}"
2019-06-30,CIABJ,Abidjan,NGAPP,Apapa,1,1,"ANL; APL; CMA CGM; CNC Line-Cheng Lie Navigation Co. Ltd.; Maersk Line; MCC; Safmarine",7,13,4219.461538461538,449.53846153846155,3765,4360,3,3,3,{3}
2019-06-30,CIABJ,Abidjan,SNDKR,Dakar,1,1,"ANL; APL; CMA CGM; COSCO; NileDutch",5,6,3781,566.6666666666666,3650,4043,4,4,4,{4}
2019-06-30,CISPY,"San Pedro, Ivory Coast",CIABJ,Abidjan,1,1,"ANL; APL; CMA CGM; COSCO; NileDutch",5,6,3781,566.6666666666666,3650,4043,1,1,1,{1}
2019-06-30,CISPY,"San Pedro, Ivory Coast",ESLPA,"Las Palmas, Can Is",1,1,MSC,1,5,5062.4,435.8,3987,6008,5,5,5,{5}
2019-06-30,CISPY,"San Pedro, Ivory Coast",MAPTM,Tanger,1,1,"Maersk Line; Safmarine",2,5,2845.2,431.2,2474,4250,10,10,10,{10}
2019-06-30,CLANF,Antofagasta,CLSAI,"San Antonio",1,1,"Alianca; Hamburg Sud; Hapag-Lloyd",3,8,4406.875,522.5,3421,5762,2,2,2,{2}
2019-06-30,CLANF,Antofagasta,CLSVE,"San Vicente",1,1,"Alianca; Hamburg Sud; Maersk Line; MCC; SeaLand",5,21,9068.57142857143,782,8160,9640,3,3,3,{3}
2019-06-30,CLANF,Antofagasta,CLVAP,Valparaiso,1,1,"Hapag-Lloyd; Hyundai; MSC; ONE",4,11,9685.454545454546,1295.7272727272727,9300,11010,1,1,1,{1}
2019-06-30,CLARI,Arica,CLANF,Antofagasta,1,1,"Alianca; Hamburg Sud; Hapag-Lloyd",3,8,4406.875,522.5,3421,5762,0,0,0,{0}
2019-06-30,CLARI,Arica,CLIQQ,Iquique,1,1,"COSCO; Evergreen Line; OOCL; SeaLand",4,2,3917,719,1795,2122,0,0,0,{0}
2019-06-30,CLARI,Arica,PEILQ,Ilo,1,1,"CMA CGM",1,1,2694,898,1347,1347,1,1,1,{1}
2019-06-30,CLARI,Arica,PEPIO,Pisco,1,1,"Maersk Line; SeaLand",2,3,2426.6666666666665,480,2339,2602,5,5,5,{5}
2019-06-30,CLCNL,Coronel,CLLQN,Lirquen,1,1,"Hapag-Lloyd; Hyundai; MSC; ONE",4,12,12047.5,880,9030,13102,1,1,1,{1}
2019-06-30,CLCNL,Coronel,CLSAI,"San Antonio",1,1,"Hapag-Lloyd; MSC",2,9,11334.222222222223,1777,11037,12119,2,2,2,{2}
2019-06-30,CLCNL,Coronel,CLVAP,Valparaiso,1,1,"Hapag-Lloyd; Hyundai; MSC; ONE",4,11,9685.454545454546,1295.7272727272727,9300,11010,1,1,1,{1}
2019-06-30,CLIQQ,Iquique,CLANF,Antofagasta,2,2,"Alianca; Hamburg Sud; Hapag-Lloyd; Hyundai; Maersk Line; MCC; MSC; ONE; SeaLand",9,32,18754.025974025975,2077.727272727273,8160,11010,1,1,1,"{1,1}"
2019-06-30,CLIQQ,Iquique,CLSAI,"San Antonio",1,1,"COSCO; Evergreen Line; OOCL; SeaLand",4,2,3917,719,1795,2122,3,3,3,{3}
2019-06-30,CLIQQ,Iquique,PECLL,Callao,1,1,"CMA CGM",1,1,2694,898,1347,1347,3,3,3,{3}
2019-06-30,CLLQN,Lirquen,CLSAI,"San Antonio",2,2,"APL; CMA CGM; COSCO; Evergreen Line; Hapag-Lloyd; Hyundai; MSC; ONE; PIL; Wan Hai",10,23,20065.681818181816,1563.909090909091,5618,13102,1,1.5,2,"{2,1}"
2019-06-30,CLMJS,Mejillones,CLSAI,"San Antonio",1,1,"Alianca; ANL; CMA CGM; COSCO; Hamburg Sud; Hapag-Lloyd",6,9,10371,1626.6666666666667,9400,10926,1,1,1,{1}
2019-06-30,CLMJS,Mejillones,PECLL,Callao,2,2,"Alianca; Hamburg Sud; Hapag-Lloyd; Hyundai; Maersk Line; MCC; MSC; ONE; SeaLand",9,22,15533.9,1543.4,4154,13102,2,2.5,3,"{2,3}"
2019-06-30,CLSAI,"San Antonio",CLCNL,Coronel,2,2,"Hapag-Lloyd; Hyundai; MSC; ONE",4,21,23381.722222222223,2657,9030,13102,1,1.5,2,"{1,2}"
2019-06-30,CLSAI,"San Antonio",CLMJS,Mejillones,1,1,"Hapag-Lloyd; Hyundai; MSC; ONE",4,12,12047.5,880,9030,13102,3,3,3,{3}
2019-06-30,CLSAI,"San Antonio",CLSVE,"San Vicente",2,2,"Alianca; Hamburg Sud; Hapag-Lloyd; Maersk Line; Safmarine",5,16,8558.625,1626.75,3421,5762,1,1,1,"{1,1}"
2019-06-30,CLSAI,"San Antonio",HKHKG,"Hong Kong",1,1,"APL; CMA CGM; COSCO; Evergreen Line; PIL; Wan Hai; Yang Ming",7,10,7680.8,739.6,5364,8827,26,26,26,{26}
2019-06-30,CLSAI,"San Antonio",MXZLO,"Manzanillo, MEX",1,1,"APL; CMA CGM; COSCO; Evergreen Line; PIL; Wan Hai",6,11,8018.181818181818,683.9090909090909,5618,9572,10,10,10,{10}
2019-06-30,CLSAI,"San Antonio",NZTRG,Tauranga,1,1,"Alianca; Hamburg Sud; Maersk Line; MCC; SeaLand",5,21,9068.57142857143,782,8160,9640,14,14,14,{14}
2019-06-30,CLSAI,"San Antonio",PECLL,Callao,4,4,"Alianca; ANL; CMA CGM; COSCO; Evergreen Line; Hamburg Sud; Hapag-Lloyd; MSC; OOCL; SeaLand",10,28,30029.097222222223,4645.166666666667,1795,12119,3,4,4,"{4,4,4,3}"
2019-06-30,CLSVE,"San Vicente",ARPMY,"Puerto Madryn",1,1,"Alianca; Hamburg Sud; Hapag-Lloyd",3,8,4406.875,522.5,3421,5762,9,9,9,{9}
2019-06-30,CLSVE,"San Vicente",CLSAI,"San Antonio",1,1,"Alianca; Hamburg Sud; Maersk Line; MCC; SeaLand",5,21,9068.57142857143,782,8160,9640,1,1,1,{1}
2019-06-30,CLSVE,"San Vicente",PABLB,Balboa,1,1,"Hamburg Sud; Hapag-Lloyd; Maersk Line; Safmarine",4,8,4151.75,1104.25,4045,4258,7,7,7,{7}
2019-06-30,CLVAP,Valparaiso,CLCNL,Coronel,1,1,"Hapag-Lloyd; Hyundai; MSC; ONE",4,11,9685.454545454546,1295.7272727272727,9300,11010,2,2,2,{2}
2019-06-30,CLVAP,Valparaiso,CLMJS,Mejillones,1,1,"Alianca; Hamburg Sud; Maersk Line; MCC; SeaLand",5,10,3486.4,663.4,4154,4662,2,2,2,{2}
2019-06-30,CLVAP,Valparaiso,TWKEL,Keelung,1,1,"Hapag-Lloyd; Hyundai; MSC; ONE",4,11,9685.454545454546,1295.7272727272727,9300,11010,26,26,26,{26}
2019-06-30,CMDLA,Douala,BEANR,Antwerp,1,1,"ANL; CMA CGM; Marguisa; NileDutch",4,7,4077.5714285714284,576.2857142857143,3646,4360,12,12,12,{12}
2019-06-30,CMDLA,Douala,CGPNR,"Pointe Noire",1,1,"Maersk Line; Safmarine",2,6,3655.5,476.6666666666667,2478,4380,3,3,3,{3}
2019-06-30,CMDLA,Douala,ESVLC,Valencia,1,1,"ANL; CMA CGM; Marguisa",3,6,2797,483.3333333333333,3091,3600,17,17,17,{17}
2019-06-30,CMKBI,Kribi,CMDLA,Douala,2,2,"ANL; CMA CGM; Marguisa; NileDutch",4,13,6874.571428571428,1059.6190476190477,3091,4360,1,3.5,6,"{6,1}"
2019-06-30,CNDCB,"Da Chan Bay",HKHKG,"Hong Kong",1,1,"Gold Star Line; Heung-A; Hyundai; Sinokor; TS Lines; ZIM",6,7,7091,557.1428571428571,6250,8562,0,0,0,{0}
2019-06-30,CNDCB,"Da Chan Bay",KRPUS,Busan,1,1,"Emirates Shipping; Gold Star Line; KMTC; RCL; Sea Lead; SM Line",6,8,6201.875,641.25,5301,8110,4,4,4,{4}
2019-06-30,CNDCB,"Da Chan Bay",MYPKG,"Port Klang",1,1,"Evergreen Line; Gold Star Line; Hyundai; KMTC; TS Lines; ZIM",6,7,5538.142857142857,513.4285714285714,5248,6008,6,6,6,{6}
2019-06-30,CNDCB,"Da Chan Bay",SGSIN,Singapore,1,1,"Emirates Shipping; Gold Star Line; KMTC; RCL; Sea Lead; SM Line",6,8,6201.875,641.25,5301,8110,5,5,5,{5}
2019-06-30,CNDJK,Dongjiakou,CNTAO,Qingdao,1,1,COSCO,1,3,4252,368,4250,4253,1,1,1,{1}
2019-06-30,CNDLC,Dalian,CNSHD,Shidao,1,1,"COSCO; Sinotrans; SITC Shipping",3,4,1081.75,143.75,1024,1103,1,1,1,{1}
2019-06-30,CNDLC,Dalian,CNTAO,Qingdao,5,5,"ANL; APL; CMA CGM; CNC Line-Cheng Lie Navigation Co. Ltd.; COSCO; Dong Young; Evergreen Line; Kambara Kisen Co., Ltd.; KMTC; Namsung; OOCL; TS Lines",12,22,25767.212121212116,1830.060606060606,1000,20988,1,1,2,"{1,1,2,1,1}"
2019-06-30,CNDLC,Dalian,CNTXG,Xingang/Tianjin,9,9,"Alianca; ANL; APL; CMA CGM; CNC Line-Cheng Lie Navigation Co. Ltd.; COSCO; Evergreen Line; Gold Star Line; Hamburg Sud; Heung-A; Hyundai; KMTC; Maersk Line; MCC; MSC; ONE; OOCL; PIL; RCL; Safmarine; Seago Line; Sinokor; SITC Shipping; Wan Hai; Yang Ming; ZIM",26,57,55226.0695970696,4410.952380952382,1011,20568,0,1,3,"{2,2,0,1,1,1,3,2,1}"
2019-06-30,CNDLC,Dalian,CNYNT,Yantai,1,1,"COSCO; Sinotrans; SITC Shipping",3,2,869,120,831,907,0,0,0,{0}
2019-06-30,CNDLC,Dalian,JPHKT,Hakata,1,1,StarOcean,1,1,349,180,349,349,2,2,2,{2}
2019-06-30,CNDLC,Dalian,JPNGO,Nagoya,1,1,"SITC Shipping",1,2,1041,152.5,1040,1042,3,3,3,{3}
2019-06-30,CNDLC,Dalian,JPOSA,Osaka,1,1,StarOcean,1,2,1795,300,1732,1858,3,3,3,{3}
2019-06-30,CNDLC,Dalian,JPTYO,Tokyo,2,2,COSCO,1,2,6960,1200,1740,1740,3,3,3,"{3,3}"
2019-06-30,CNDLC,Dalian,KRPUS,Busan,5,5,"Alianca; COSCO; Dongjin Shipping; Doowoo Shipping; Hamburg Sud; Hapag-Lloyd; Heung-A; KMTC; Maersk Line; MCC; MSC; ONE; Safmarine; X-Press; ZIM",15,16,20827.863636363636,1740,700,15226,1,2,3,"{1,2,3,2,2}"
2019-06-30,CNFOC,Fuzhou,CNNSA,Nansha,1,1,"APL; CMA CGM; COSCO; Evergreen Line; OOCL; PIL; Wan Hai",7,6,14151,1233.3333333333333,13880,14414,2,2,2,{2}
2019-06-30,CNFOC,Fuzhou,CNQZL,Quanzhou,1,1,"COSCO; OOCL; Wan Hai",3,2,1554,190,1368,1740,1,1,1,{1}
2019-06-30,CNFOC,Fuzhou,JPMIZ,Mizushima,1,1,"Ji Zhou",1,2,585,50,585,585,3,3,3,{3}
2019-06-30,CNFOC,Fuzhou,KRINC,Inchon,1,1,"COSCO; Evergreen Line; Wan Hai",3,3,2514.3333333333335,346.6666666666667,2495,2553,2,2,2,{2}
2019-06-30,CNFOC,Fuzhou,PHMNS,"Manila South Harbor",1,1,"Sinotrans; Wan Hai",2,2,2388.5,310,2200,2577,2,2,2,{2}
2019-06-30,CNFOC,Fuzhou,TWKHH,Kaohsiung,1,1,"ANL; CMA CGM; Maersk Line; MCC; Safmarine",5,12,4643.083333333333,476.5833333333333,4045,5400,3,3,3,{3}
2019-06-30,CNFQG,Fuqing,CNFOC,Fuzhou,1,1,"Ji Zhou",1,2,585,50,585,585,1,1,1,{1}
2019-06-30,CNFQG,Fuqing,CNSHK,Shekou,1,1,"APL; COSCO; Evergreen Line; ONE; PIL; Wan Hai",6,6,5845.666666666667,560.5,5446,6606,2,2,2,{2}
2019-06-30,CNFQG,Fuqing,KRPUS,Busan,1,1,"CK Line; KMTC",2,2,1054,80,1048,1060,2,2,2,{2}
2019-06-30,CNGGZ,"Huangpu (Guangzhou)",CNSHK,Shekou,1,1,"PanOcean; Sinokor",2,2,1023,150,928,1118,1,1,1,{1}
2019-06-30,CNGGZ,"Huangpu (Guangzhou)",HKHKG,"Hong Kong",1,1,Heung-A,1,2,1043,,1043,1043,1,1,1,{1}
2019-06-30,CNGON,Gaolan,HKHKG,"Hong Kong",1,1,"ANL; CMA CGM; CNC Line-Cheng Lie Navigation Co. Ltd.; IAL-Interasia Lines; OOCL; Wan Hai",6,3,1368,80,1368,1368,1,1,1,{1}
2019-06-30,CNHMN,"Humen Port",CNYTN,Yantian,1,1,"CULines-China United Lines",1,1,1016,96,1016,1016,1,1,1,{1}
2019-06-30,CNLYG,Lianyungang,CNSHA,Shanghai,1,1,"ANL; APL; CMA CGM; CNC Line-Cheng Lie Navigation Co. Ltd.; COSCO; OOCL; PIL; Wan Hai",8,6,10920,400,10020,11800,4,4,4,{4}
2019-06-30,CNLYG,Lianyungang,CNTAO,Qingdao,6,6,"APL; CMA CGM; COSCO; Easline Shipping; Evergreen Line; Gold Star Line; Hapag-Lloyd; Heung-A; Hyundai; KMTC; Namsung; ONE; OOCL; Sinotrans; SITC Shipping; ZIM",16,24,21726.61111111111,1987.111111111111,694,14424,1,1,2,"{1,2,1,1,2,1}"
2019-06-30,CNLYG,Lianyungang,HKHKG,"Hong Kong",1,1,"ANL; APL; CMA CGM; CNC Line-Cheng Lie Navigation Co. Ltd.; TS Lines",5,3,2861.3333333333335,433.3333333333333,2742,3100,4,4,4,{4}
2019-06-30,CNLYG,Lianyungang,KRPUS,Busan,1,1,COSCO,1,1,1378,130,1378,1378,1,1,1,{1}
2019-06-30,CNLYG,Lianyungang,MYTPP,"Tanjung Pelepas",1,1,MCC,1,6,5125.833333333333,481.3333333333333,2478,5888,8,8,8,{8}
2019-06-30,CNNGB,Ningbo,AUBNE,Brisbane,1,1,"Alianca; Hamburg Sud; Maersk Line; MCC; MSC; ONE; Safmarine",7,13,5498,588.4615384615385,4897,5744,11,11,11,{11}
2019-06-30,CNNGB,Ningbo,AUMEL,Melbourne,1,1,"APL; Evergreen Line; Hapag-Lloyd; Hyundai; ONE; Yang Ming",6,6,4715.333333333333,392.3333333333333,4253,5090,13,13,13,{13}
2019-06-30,CNNGB,Ningbo,AUSYD,Sydney,1,1,"ANL; CMA CGM; COSCO; OOCL; PIL",5,6,6821.333333333333,614.5,5250,8102,11,11,11,{11}
2019-06-30,CNNGB,Ningbo,CNDCB,"Da Chan Bay",1,1,"Evergreen Line; Gold Star Line; Hyundai; KMTC; TS Lines; ZIM",6,7,5538.142857142857,513.4285714285714,5248,6008,3,3,3,{3}
2019-06-30,CNNGB,Ningbo,CNFOC,Fuzhou,2,2,"ANL; CMA CGM; Maersk Line; MCC; Safmarine; Sinotrans; Wan Hai",7,14,7031.583333333333,786.5833333333333,2200,5400,2,2,2,"{2,2}"
2019-06-30,CNNGB,Ningbo,CNFQG,Fuqing,1,1,"APL; COSCO; Evergreen Line; ONE; PIL; Wan Hai",6,6,5845.666666666667,560.5,5446,6606,2,2,2,{2}
2019-06-30,CNNGB,Ningbo,CNNSA,Nansha,10,10,"ANL; APL; CMA CGM; CNC Line-Cheng Lie Navigation Co. Ltd.; COSCO; Evergreen Line; Gold Star Line; Maersk Line; MCC; NewPac; NileDutch; ONE; OOCL; PIL; Safmarine; Swire Shipping; Wan Hai; ZIM",18,96,75887.90746753247,5857.594877344877,2475,20988,2,3,4,"{3,3,2,4,3,4,2,3,4,3}"
2019-06-30,CNNGB,Ningbo,CNSHA,Shanghai,59,58,"Alianca; ANL; APL; CK Line; CMA CGM; CNC Line-Cheng Lie Navigation Co. Ltd.; COSCO; Dongjin Shipping; Dong Young; Easline Shipping; Evergreen Line; FESCO; Gold Star Line; Hamburg Sud; Hapag-Lloyd; Heung-A; Hyundai; IAL-Interasia Lines; Kambara Kisen Co., Ltd.; KMTC; Maersk Line; Matson; MCC; MSC; Namsung; NBOSCO; ONE; OOCL; PanCon; PanOcean; PIL; RCL; Safmarine; Seago Line; SeaLand; Sinokor; Sinotrans; SITC Shipping; SM Line; TaiYoung Shipping; TS Lines; Wan Hai; Yang Ming; ZIM",44,450,405564.0517621268,32259.539282939277,953,20600,0,2,3,"{1,2,2,1,2,2,1,1,0,1,2,2,2,0,1,1,0,1,2,2,2,1,2,0,2,3,1,2,1,2,2,1,1,2,2,3,2,2,2,3,1,2,2,2,1,1,1,1,1,3,2,2,2,1,1,2,0,1,0}"
2019-06-30,CNNGB,Ningbo,CNSHK,Shekou,20,20,"Alianca; ANL; APL; CMA CGM; CNC Line-Cheng Lie Navigation Co. Ltd.; COSCO; Emirates Shipping; Evergreen Line; Gold Star Line; Hamburg Sud; Hapag-Lloyd; Heung-A; Hyundai; KMTC; Maersk Line; MCC; MSC; ONE; OOCL; PDL-Pacific Direct Line; PIL; Safmarine; SeaLand; Sinokor; TS Lines; Wan Hai; X-Press; Yang Ming; ZIM",29,176,139444.07272727275,11936.920113220112,2475,15908,1,3,4,"{3,1,4,3,3,3,3,3,4,1,3,4,2,3,2,3,2,3,1,3}"
2019-06-30,CNNGB,Ningbo,CNSWA,Shantou,1,1,"ANL; APL; CMA CGM; CNC Line-Cheng Lie Navigation Co. Ltd.; Hyundai",5,4,4397,464.5,4250,4832,2,2,2,{2}
2019-06-30,CNNGB,Ningbo,CNTXG,Xingang/Tianjin,1,1,"APL; CMA CGM; COSCO; Evergreen Line; OOCL; PIL",6,9,10590.333333333334,684.4444444444445,12917,14500,5,5,5,{5}
2019-06-30,CNNGB,Ningbo,CNWZO,"Wenzhou CN",1,1,"KMTC; SITC Shipping",2,4,1612.5,217.25,1264,1805,1,1,1,{1}
2019-06-30,CNNGB,Ningbo,CNXMN,Xiamen,16,16,"Alianca; ANL; APL; CMA CGM; CNC Line-Cheng Lie Navigation Co. Ltd.; COSCO; Emirates Shipping; Evergreen Line; Gold Star Line; Hamburg Sud; Hyundai; KMTC; Maersk Line; MCC; MSC; ONE; OOCL; PIL; RCL; Safmarine; Sea Lead; Sinotrans; SITC Shipping; SM Line; TS Lines; Wan Hai; Yang Ming; ZIM",28,98,85521.81489898989,8390.731313131313,1024,21413,1,2,4,"{2,2,3,2,1,3,4,3,3,2,3,2,2,3,2,2}"
2019-06-30,CNNGB,Ningbo,CNYTN,Yantian,3,3,"Alianca; CMA CGM; COSCO; CULines-China United Lines; Evergreen Line; Gold Star Line; Hamburg Sud; Hyundai; Maersk Line; MCC; MSC; OOCL; PIL; Safmarine; Seago Line; X-Press; Yang Ming; ZIM",18,29,32361.916666666668,2911.833333333333,5023,20568,2,2,3,"{2,2,3}"
2019-06-30,CNNGB,Ningbo,HKHKG,"Hong Kong",4,4,"Alianca; Asean Seas Line; COSCO; Evergreen Line; Hamburg Sud; Hapag-Lloyd; Hyundai; IAL-Interasia Lines; Maersk Line; MELL; ONE; OOCL; Wan Hai; X-Press; ZIM",15,24,17209.80512820513,2826.8358974358976,1714,9034,2,3,4,"{4,4,2,2}"
2019-06-30,CNNGB,Ningbo,IDJKT,"Jakarta, Java",1,1,"COSCO; KMTC; RCL",3,4,2703.5,546.5,2450,2800,7,7,7,{7}
2019-06-30,CNNGB,Ningbo,JPHKT,Hakata,1,1,"COSCO; Sinotrans; SITC Shipping",3,4,1081.75,143.75,1024,1103,2,2,2,{2}
2019-06-30,CNNGB,Ningbo,JPNGO,Nagoya,1,1,"COSCO; NBOSCO; SITC Shipping",3,3,1100,40,1100,1100,3,3,3,{3}
2019-06-30,CNNGB,Ningbo,JPTYO,Tokyo,1,1,"COSCO; NBOSCO; Sinotrans; SITC Shipping",4,1,1100,145,1100,1100,3,3,3,{3}
2019-06-30,CNNGB,Ningbo,JPUKB,Kobe,1,1,"COSCO; NBOSCO; SITC Shipping",3,3,1100,40,1100,1100,3,3,3,{3}
2019-06-30,CNNGB,Ningbo,KRPUS,Busan,8,8,"APL; CK Line; CMA CGM; COSCO; Dong Young; Easline Shipping; Evergreen Line; Hapag-Lloyd; Hyundai; KMTC; MSC; Namsung; ONE; OOCL; PanOcean; Yang Ming",16,51,47685.85454545455,4539.493939393939,704,13102,1,2,3,"{2,2,2,2,2,1,2,3}"
2019-06-30,CNNGB,Ningbo,MXZLO,"Manzanillo, MEX",1,1,"APL; CMA CGM; COSCO; Evergreen Line; PIL; Wan Hai; Yang Ming",7,10,7680.8,739.6,5364,8827,18,18,18,{18}
2019-06-30,CNNGB,Ningbo,MYPKG,"Port Klang",1,1,MCC,1,7,1718.2857142857142,393.42857142857144,1713,1750,5,5,5,{5}
2019-06-30,CNNGB,Ningbo,MYTPP,"Tanjung Pelepas",1,1,MCC,1,7,4121,271.42857142857144,3534,4447,6,6,6,{6}
2019-06-30,CNNGB,Ningbo,PHMNN,"Manila North Harbor",1,1,"Sinotrans; SITC Shipping; Yang Ming",3,2,2575,421,2450,2700,3,3,3,{3}
2019-06-30,CNNGB,Ningbo,RUVVO,Vladivostok,1,1,"APL; CMA CGM; FESCO; Hyundai",4,2,2952,478,2796,3108,3,3,3,{3}
2019-06-30,CNNGB,Ningbo,SGSIN,Singapore,3,3,"ANL; APL; CMA CGM; COSCO; Evergreen Line; Gold Star Line; Maersk Line; MCC; MSC; OOCL; Safmarine; ZIM",12,25,35241.831168831166,2601.4415584415588,6492,20988,4,8,8,"{8,4,8}"
2019-06-30,CNNGB,Ningbo,THLCH,"Laem Chabang",1,1,"ANL; APL; CMA CGM; CNC Line-Cheng Lie Navigation Co. Ltd.; Gold Star Line; Hyundai; RCL; ZIM",8,6,1723,312.5,1700,1756,7,7,7,{7}
2019-06-30,CNNGB,Ningbo,TWKEL,Keelung,1,1,"COSCO; Evergreen Line; Hapag-Lloyd; ONE; PIL",5,7,4471.142857142857,404.85714285714283,2664,5100,2,2,2,{2}
2019-06-30,CNNGB,Ningbo,TWKHH,Kaohsiung,4,4,"APL; CMA CGM; COSCO; Evergreen Line; Hapag-Lloyd; Hyundai; Maersk Line; MCC; ONE; OOCL; RCL; Safmarine; Yang Ming",13,36,43510.83701298701,3135.7574675324677,5512,14100,1,1.5,2,"{2,1,2,1}"
2019-06-30,CNNGB,Ningbo,TWTPE,Taipei,4,4,"APL; CMA CGM; COSCO; Evergreen Line; OOCL; PIL",6,35,34949.37716450216,2268,5250,20150,1,1.5,2,"{1,2,1,2}"
2019-06-30,CNNGB,Ningbo,USLAX,"Los Angeles CA",2,2,"CMA CGM; COSCO; Evergreen Line; Hapag-Lloyd; ONE; Yang Ming",6,12,17508.333333333336,1656,8452,9300,13,13,13,"{13,13}"
2019-06-30,CNNGB,Ningbo,USLGB,"Long Beach CA",1,1,"ANL; APL; CMA CGM; CNC Line-Cheng Lie Navigation Co. Ltd.; COSCO; OOCL; PIL; Wan Hai",8,6,10920,400,10020,11800,13,13,13,{13}
2019-06-30,CNNGB,Ningbo,VNSGN,"Ho Chi Minh (VICT/Cat Lai)",2,2,"ANL; APL; CMA CGM; CNC Line-Cheng Lie Navigation Co. Ltd.; Gold Star Line; Hyundai; RCL; SeaLand; ZIM",9,9,3977,789.8333333333333,1700,2586,4,5,6,"{4,6}"
2019-06-30,CNNJI,Nanjing,CNTAC,Taicang,1,1,"Taicang Container Lines",1,3,991.3333333333334,160,907,1043,1,1,1,{1}
2019-06-30,CNNSA,Nansha,CNSHK,Shekou,6,6,"ANL; APL; CMA CGM; CNC Line-Cheng Lie Navigation Co. Ltd.; COSCO; Evergreen Line; KMTC; MSC; ONE; OOCL; PIL; RCL; SITC Shipping; TS Lines",14,30,27364.833333333336,2520.111111111111,1228,14500,0,1,2,"{1,1,1,1,0,2}"
2019-06-30,CNNSA,Nansha,CNTAO,Qingdao,3,3,"APL; CMA CGM; CNC Line-Cheng Lie Navigation Co. Ltd.; COSCO; Evergreen Line; Gold Star Line; OOCL; PIL; RCL; TS Lines; Yang Ming; ZIM",12,23,21635.761363636364,1702.9545454545455,2475,17722,4,4,4,"{4,4,4}"
2019-06-30,CNNSA,Nansha,CNXMN,Xiamen,1,1,"CMA CGM; CNC Line-Cheng Lie Navigation Co. Ltd.; COSCO; Evergreen Line; OOCL",5,3,1514,203,1378,1732,2,2,2,{2}
2019-06-30,CNNSA,Nansha,CNYTN,Yantian,2,2,"APL; CMA CGM; COSCO; Evergreen Line; Hamburg Sud; Hyundai; Maersk Line; MCC; MSC; OOCL; Safmarine",11,22,30869.545454545456,1624.5454545454545,10100,19224,0,0.5,1,"{1,0}"
2019-06-30,CNNSA,Nansha,HKHKG,"Hong Kong",9,9,"APL; CMA CGM; CNC Line-Cheng Lie Navigation Co. Ltd.; COSCO; Evergreen Line; Hamburg Sud; Hyundai; Maersk Line; MCC; MELL; MSC; OOCL; PDL-Pacific Direct Line; PIL; Safmarine; Seago Line; Wan Hai",17,53,58445.11071428571,5430.119047619048,1080,14566,0,1,1,"{0,1,1,1,0,1,0,1,0}"
2019-06-30,CNNSA,Nansha,IDSUB,"Surabaya, Java",1,1,MELL,1,3,3610.6666666666665,500,1800,1808,7,7,7,{7}
2019-06-30,CNNSA,Nansha,KRPUS,Busan,1,1,"APL; CMA CGM; COSCO; Evergreen Line; Hapag-Lloyd; Hyundai; ONE; OOCL",8,8,13707.5,975,13208,14424,4,4,4,{4}
2019-06-30,CNNSA,Nansha,MYPKG,"Port Klang",2,2,"APL; CMA CGM; CNC Line-Cheng Lie Navigation Co. Ltd.; Gold Star Line; RCL; TS Lines; Wan Hai; Yang Ming; ZIM",9,6,6004.75,558.5,1707,4253,4,4.5,5,"{4,5}"
2019-06-30,CNNSA,Nansha,MYTPP,"Tanjung Pelepas",6,6,"ANL; APL; CMA CGM; CNC Line-Cheng Lie Navigation Co. Ltd.; COSCO; Maersk Line; MCC; NileDutch; PIL; Safmarine; SeaLand",11,49,26591.94487179487,2995.7884615384614,1713,11800,3,4,4,"{4,4,4,3,4,4}"
2019-06-30,CNNSA,Nansha,PGLAE,Lae,1,1,"NewPac; Swire Shipping",2,2,7320,1060,2546,2578,8,8,8,{8}
2019-06-30,CNNSA,Nansha,PHMNL,Manila,1,1,"APL; CNC Line-Cheng Lie Navigation Co. Ltd.; TS Lines",3,4,2474.75,375,2468,2495,3,3,3,{3}
2019-06-30,CNNSA,Nansha,SGSIN,Singapore,12,12,"ANL; APL; CMA CGM; CNC Line-Cheng Lie Navigation Co. Ltd.; COSCO; Evergreen Line; Gold Star Line; IAL-Interasia Lines; Maersk Line; MCC; ONE; OOCL; PIL; RCL; Safmarine; Wan Hai; X-Press; Yang Ming; ZIM",19,108,67622.20039682538,5472.503968253968,2475,20988,3,4,5,"{4,3,5,4,4,4,4,4,3,5,4,5}"
2019-06-30,CNNSA,Nansha,VNHPH,Haiphong,1,1,"APL; CMA CGM; CNC Line-Cheng Lie Navigation Co. Ltd.",3,1,1220,178,1220,1220,1,1,1,{1}
2019-06-30,CNNSA,Nansha,VNSGN,"Ho Chi Minh (VICT/Cat Lai)",1,1,"COSCO; OOCL; Wan Hai",3,2,1554,190,1368,1740,4,4,4,{4}
2019-06-30,CNQZH,Qinzhou,CNXMN,Xiamen,1,1,"CK Line; Hyundai; KMTC; Namsung",4,2,2032,300,1614,2450,2,2,2,{2}
2019-06-30,CNQZH,Qinzhou,CNZJG,Zhangjiagang,1,1,"Advance Container Lines; PIL",2,2,1564.5,168,1454,1675,1,1,1,{1}
2019-06-30,CNQZH,Qinzhou,HKHKG,"Hong Kong",4,4,"COSCO; Gold Star Line; TS Lines; Wan Hai; ZIM",5,17,6393.277777777777,784.6111111111111,1024,4992,1,2,3,"{3,2,1,2}"
2019-06-30,CNQZH,Qinzhou,VNC8Q,"Chu Lai",1,1,COSCO,1,2,1160.5,175,1100,1221,2,2,2,{2}
2019-06-30,CNQZL,Quanzhou,CNXMN,Xiamen,1,1,"Ji Zhou",1,2,585,50,585,585,1,1,1,{1}
2019-06-30,CNQZL,Quanzhou,HKHKG,"Hong Kong",1,1,"COSCO; OOCL; Wan Hai",3,2,1554,190,1368,1740,2,2,2,{2}
2019-06-30,CNSHA,Shanghai,CAPRR,"Prince Rupert BC",2,2,"APL; CMA CGM; COSCO; Evergreen Line; OOCL; PIL",6,13,21301.357142857145,1527.6190476190477,9449,13500,11,11.5,12,"{12,11}"
2019-06-30,CNSHA,Shanghai,CNDJK,Dongjiakou,1,1,COSCO,1,3,4252,368,4250,4253,1,1,1,{1}
2019-06-30,CNSHA,Shanghai,CNDLC,Dalian,2,2,"Alianca; ANL; CMA CGM; CNC Line-Cheng Lie Navigation Co. Ltd.; COSCO; Hamburg Sud; Hyundai; Maersk Line; MCC; MSC; OOCL; Safmarine; Seago Line; Yang Ming",14,18,25451.30769230769,1563,5618,20568,3,3,3,"{3,3}"
2019-06-30,CNSHA,Shanghai,CNNGB,Ningbo,81,80,"Alianca; ANL; APL; CK Line; CMA CGM; CNC Line-Cheng Lie Navigation Co. Ltd.; COSCO; CULines-China United Lines; Dong Young; Easline Shipping; Emirates Shipping; Evergreen Line; FESCO; Gold Star Line; Hamburg Sud; Hapag-Lloyd; Heung-A; Hyundai; IAL-Interasia Lines; KMTC; Maersk Line; MCC; MELL; MSC; Namsung; NewPac; NileDutch; ONE; OOCL; PanOcean; PDL-Pacific Direct Line; PIL; RCL; Safmarine; SeaLand; Sea Lead; Sinokor; Sinotrans; SITC Shipping; SM Line; Swire Shipping; TS Lines; Wan Hai; X-Press; Yang Ming; ZIM",46,602,527419.2286852036,48104.08273670773,704,21413,0,1,4,"{0,1,1,2,4,1,1,1,1,2,1,2,0,1,2,1,2,2,1,2,1,1,1,2,2,1,2,2,1,2,2,2,1,1,3,1,2,2,1,1,3,1,1,1,1,1,0,2,2,0,1,0,2,1,1,1,2,1,1,2,1,0,1,1,2,1,1,1,2,3,1,2,1,2,2,2,1,2,2,1,1}"
2019-06-30,CNSHA,Shanghai,CNNSA,Nansha,3,3,"COSCO; Gold Star Line; Hamburg Sud; Hyundai; Maersk Line; MCC; MSC; Safmarine; ZIM",9,26,25698.33838383838,1460.232323232323,4178,19224,3,3,3,"{3,3,3}"
2019-06-30,CNSHA,Shanghai,CNSHK,Shekou,5,5,"Alianca; ANL; APL; CMA CGM; CNC Line-Cheng Lie Navigation Co. Ltd.; COSCO; Evergreen Line; Feedertech; Hamburg Sud; Hapag-Lloyd; KMTC; Maersk Line; MCC; MSC; ONE; OOCL; PIL; RCL; Safmarine; Sinotrans; TS Lines; Yang Ming; ZIM",23,30,31177.946969696968,2576.3333333333335,1668,15226,2,3,4,"{3,3,2,4,3}"
2019-06-30,CNSHA,Shanghai,CNTAC,Taicang,2,2,"HASCO; Jin Jiang; Taicang Container Lines",3,2,1728,280,610,1118,0,0,0,"{0,0}"
2019-06-30,CNSHA,Shanghai,CNTAO,Qingdao,6,6,"Alianca; ANL; APL; CMA CGM; COSCO; Evergreen Line; Hamburg Sud; Hapag-Lloyd; Hyundai; Maersk Line; MCC; MSC; ONE; PIL; Safmarine; Seago Line; SeaLand; SITC Shipping; Wan Hai",19,70,54093.003246753244,4410.227272727272,2524,20568,2,2.5,5,"{2,2,4,5,2,3}"
2019-06-30,CNSHA,Shanghai,CNTXG,Xingang/Tianjin,2,2,"APL; CMA CGM; COSCO; Evergreen Line; Hamburg Sud; Hyundai; Maersk Line; MCC; MSC; OOCL; Safmarine; Seago Line",12,24,38526.6993006993,1853.958041958042,18270,20988,3,3,3,"{3,3}"
2019-06-30,CNSHA,Shanghai,CNXMN,Xiamen,7,7,"ANL; APL; CMA CGM; CNC Line-Cheng Lie Navigation Co. Ltd.; COSCO; Evergreen Line; Gold Star Line; Hamburg Sud; Hapag-Lloyd; Hyundai; KMTC; Maersk Line; MCC; MSC; ONE; OOCL; PIL; RCL; Safmarine; Seago Line; SeaLand; SITC Shipping; TS Lines; Wan Hai; X-Press; Yang Ming; ZIM",27,64,55095.28409090909,4516.272727272727,2700,14000,2,3,5,"{2,2,3,2,3,5,3}"
2019-06-30,CNSHA,Shanghai,CNYTN,Yantian,7,7,"Alianca; ANL; APL; CMA CGM; CNC Line-Cheng Lie Navigation Co. Ltd.; COSCO; Evergreen Line; Hamburg Sud; Hyundai; Maersk Line; MCC; MSC; ONE; OOCL; Safmarine; Seago Line",16,75,84224.49854312354,5927.318648018648,1380,20600,2,3,6,"{3,2,3,6,2,3,3}"
2019-06-30,CNSHA,Shanghai,FRLEH,"Le Havre",1,1,"Hapag-Lloyd; ONE; Yang Ming",3,11,14634.454545454546,1000,14500,14993,26,26,26,{26}
2019-06-30,CNSHA,Shanghai,HKHKG,"Hong Kong",15,14,"Alianca; ANL; APL; Asean Seas Line; CMA CGM; CNC Line-Cheng Lie Navigation Co. Ltd.; COSCO; Evergreen Line; Hamburg Sud; Hapag-Lloyd; Heung-A; Hyundai; IAL-Interasia Lines; KMTC; Maersk Line; MCC; ONE; OOCL; Safmarine; SITC Shipping; TS Lines; Wan Hai; Yang Ming",23,70,58256.58333333333,5747.416666666667,915,20150,2,2,3,"{2,2,3,2,2,2,2,3,3,2,2,2,3,3,3}"
2019-06-30,CNSHA,Shanghai,IDJKT,"Jakarta, Java",1,1,"CK Line; Evergreen Line; Heung-A; Hyundai; KMTC; Sinokor; SITC Shipping",7,5,2193.2,320,2741,2742,8,8,8,{8}
2019-06-30,CNSHA,Shanghai,JPFKY,Fukuyama,1,1,"Kambara Kisen Co., Ltd.",1,1,556,100,556,556,3,3,3,{3}
2019-06-30,CNSHA,Shanghai,JPHKT,Hakata,2,2,"COSCO; Dongjin Shipping; Namsung; Sinokor; Sinotrans; SITC Shipping; TaiYoung Shipping",7,3,1822,240,831,953,1,1.5,2,"{2,1}"
2019-06-30,CNSHA,Shanghai,JPIMI,Imari,1,1,"Kambara Kisen Co., Ltd.",1,3,1013.3333333333334,160,1000,1020,2,2,2,{2}
2019-06-30,CNSHA,Shanghai,JPKIJ,"Niigata (N Coast)",1,1,"Kambara Kisen Co., Ltd.",1,2,1020,160,1020,1020,3,3,3,{3}
2019-06-30,CNSHA,Shanghai,JPNGO,Nagoya,7,7,"COSCO; HASCO; Jin Jiang; Sinotrans; SITC Shipping",5,16,8664.5,1188.75,908,1970,2,2,4,"{4,2,2,2,2,3,3}"
2019-06-30,CNSHA,Shanghai,JPOSA,Osaka,10,10,"Centrans; COSCO; HASCO; Jin Jiang; Sinotrans; SITC Shipping; StarOcean; TS Lines",8,16,9554.5,1490,602,1114,2,2,3,"{2,3,3,2,2,2,3,2,2,2}"
2019-06-30,CNSHA,Shanghai,JPSBK,Sakaisenboku,1,1,"SITC Shipping",1,4,1759.25,219.25,1620,1808,2,2,2,{2}
2019-06-30,CNSHA,Shanghai,JPSMN,"Sakaiminato (N Coast)",1,1,"Kambara Kisen Co., Ltd.",1,1,698,120,698,698,2,2,2,{2}
2019-06-30,CNSHA,Shanghai,JPTYO,Tokyo,9,9,"Centrans; COSCO; HASCO; Jin Jiang; Sinotrans; SITC Shipping; StarOcean; TS Lines",8,14,9124.5,1298,698,1102,2,3,3,"{3,3,2,2,3,3,2,3,3}"
2019-06-30,CNSHA,Shanghai,JPUKB,Kobe,1,1,"Alianca; ANL; CMA CGM; CNC Line-Cheng Lie Navigation Co. Ltd.; Hamburg Sud; Maersk Line; MCC; Safmarine",8,10,8244,1260,4771,9964,3,3,3,{3}
2019-06-30,CNSHA,Shanghai,JPYOK,Yokohama,3,3,"COSCO; HASCO; Sinotrans; SITC Shipping",4,7,3130.666666666667,360.83333333333337,1011,1100,2,3,3,"{3,2,3}"
2019-06-30,CNSHA,Shanghai,KRINC,Inchon,5,5,"CK Line; COSCO; Dongjin Shipping; Dong Young; Heung-A; KMTC; MCC; Namsung; NBOSCO; PanCon; Sinokor; TaiYoung Shipping",12,11,5930.285714285714,497.42857142857144,1000,1750,1,2,3,"{3,2,2,1,2}"
2019-06-30,CNSHA,Shanghai,KRKAN,Gwangyang,3,3,"Alianca; Hamburg Sud; Hyundai; Maersk Line; MCC; MSC; SeaLand; SM Line",8,33,22508.904761904763,1865.3333333333333,6350,9640,1,1,1,"{1,1,1}"
2019-06-30,CNSHA,Shanghai,KRPUS,Busan,25,25,"Alianca; ANL; APL; CK Line; CMA CGM; COSCO; Dongjin Shipping; Dong Young; Easline Shipping; Evergreen Line; Hamburg Sud; Hapag-Lloyd; Heung-A; Hyundai; KMTC; Maersk Line; MCC; MSC; Namsung; ONE; OOCL; PanCon; PIL; RCL; Safmarine; SeaLand; Sinokor; Sinotrans; SITC Shipping; SM Line; TaiYoung Shipping; Yang Ming; ZIM",33,182,152827.6593073593,13896.748484848484,698,14414,1,2,4,"{2,1,1,2,1,1,2,3,4,2,1,1,2,2,2,1,4,2,4,1,2,1,1,1,2}"
2019-06-30,CNSHA,Shanghai,MXZLO,"Manzanillo, MEX",1,1,"COSCO; Evergreen Line; PIL; Wan Hai; Yang Ming",5,10,6070.2,493,4896,6712,17,17,17,{17}
2019-06-30,CNSHA,Shanghai,MYTPP,"Tanjung Pelepas",2,2,"Alianca; Hamburg Sud; Hyundai; Maersk Line; MCC; MSC; Safmarine; Seago Line",8,18,22356.90769230769,1394.2,2202,20568,5,5,5,"{5,5}"
2019-06-30,CNSHA,Shanghai,PAMIT,Manzanillo,1,1,"Hapag-Lloyd; ONE; Yang Ming",3,10,7593.8,651.6,8073,8930,19,19,19,{19}
2019-06-30,CNSHA,Shanghai,PAONX,Colon,1,1,"APL; CMA CGM; COSCO; Evergreen Line; OOCL",5,11,13218.90909090909,836.3636363636364,13092,13500,21,21,21,{21}
2019-06-30,CNSHA,Shanghai,PHMNN,"Manila North Harbor",1,1,"ANL; CMA CGM; CNC Line-Cheng Lie Navigation Co. Ltd.; Heung-A; KMTC",5,3,1760,200,1740,1800,3,3,3,{3}
2019-06-30,CNSHA,Shanghai,RUVVO,Vladivostok,1,1,"ANL; APL; CMA CGM; CNC Line-Cheng Lie Navigation Co. Ltd.; FESCO",5,3,3083.3333333333335,350,2762,3380,7,7,7,{7}
2019-06-30,CNSHA,Shanghai,SGSIN,Singapore,1,1,"Heung-A; KMTC; Sinotrans",3,4,2687.5,527,2278,2824,6,6,6,{6}
2019-06-30,CNSHA,Shanghai,THLCH,"Laem Chabang",3,3,"CMA CGM; CNC Line-Cheng Lie Navigation Co. Ltd.; Heung-A; KMTC; RCL; TS Lines",6,9,4887.333333333334,711.3333333333333,1228,1804,5,6,6,"{6,6,5}"
2019-06-30,CNSHA,Shanghai,TWKHH,Kaohsiung,4,4,"ANL; APL; CMA CGM; CNC Line-Cheng Lie Navigation Co. Ltd.; COSCO; Evergreen Line; Hyundai; MCC; OOCL",9,24,23336.033333333333,2175.1333333333337,2574,14424,2,2.5,4,"{2,2,3,4}"
2019-06-30,CNSHA,Shanghai,TWTPE,Taipei,1,1,"ANL; CMA CGM; CNC Line-Cheng Lie Navigation Co. Ltd.; Evergreen Line; X-Press",5,4,2922,343.5,2910,2926,1,1,1,{1}
2019-06-30,CNSHA,Shanghai,USLAX,"Los Angeles CA",1,1,APL,1,5,4572.4,348,3534,4832,11,11,11,{11}
2019-06-30,CNSHA,Shanghai,USLGB,"Long Beach CA",2,2,"Hamburg Sud; Hyundai; Maersk Line; Matson; MCC; MSC; Safmarine",7,21,15693.575,1169.1,2019,13800,10,12,14,"{10,14}"
2019-06-30,CNSHA,Shanghai,USTIW,"Tacoma WA",1,1,"APL; CMA CGM; COSCO; Evergreen Line; OOCL",5,6,6861,815.8333333333334,6046,7024,13,13,13,{13}
2019-06-30,CNSHA,Shanghai,VNDAD,"Da Nang",1,1,"IAL-Interasia Lines; Wan Hai",2,3,1410.6666666666667,145.33333333333334,1368,1496,4,4,4,{4}
2019-06-30,CNSHA,Shanghai,VNHPH,Haiphong,1,1,"CK Line; KMTC",2,2,1054,80,1048,1060,3,3,3,{3}
2019-06-30,CNSHA,Shanghai,VNSGN,"Ho Chi Minh (VICT/Cat Lai)",3,3,"ANL; CMA CGM; CNC Line-Cheng Lie Navigation Co. Ltd.; COSCO; KMTC; OOCL; PanOcean; PIL; Sinokor; SM Line; TS Lines; Wan Hai",12,12,6812.416666666667,1052,1634,2806,4,5,5,"{4,5,5}"
2019-06-30,CNSHD,Shidao,JPOSA,Osaka,1,1,"COSCO; Sinotrans; SITC Shipping",3,4,1081.75,143.75,1024,1103,1,1,1,{1}
2019-06-30,CNSHK,Shekou,CNNGB,Ningbo,3,3,"ANL; APL; CMA CGM; COSCO; Evergreen Line; OOCL; PIL; Sinotrans; SITC Shipping",9,27,18162.613636363636,2142.3560606060605,1024,10622,2,3,3,"{3,2,3}"
2019-06-30,CNSHK,Shekou,CNNSA,Nansha,6,6,"ANL; APL; CMA CGM; CNC Line-Cheng Lie Navigation Co. Ltd.; COSCO; Gold Star Line; Maersk Line; MCC; ONE; OOCL; PIL; RCL; Safmarine; TS Lines; Wan Hai; X-Press; ZIM",17,43,26517.044871794875,2691.871794871795,1368,9572,0,1,1,"{1,1,0,1,1,1}"
2019-06-30,CNSHK,Shekou,CNSHA,Shanghai,2,2,"Alianca; APL; CMA CGM; COSCO; Evergreen Line; Hamburg Sud; Maersk Line; MCC; OOCL; SeaLand",10,31,15477.971428571429,1422.1,5301,9640,3,3.5,4,"{4,3}"
2019-06-30,CNSHK,Shekou,CNSWA,Shantou,1,1,"PanOcean; Sinokor",2,2,1023,150,928,1118,1,1,1,{1}
2019-06-30,CNSHK,Shekou,CNTAO,Qingdao,1,1,"ANL; CMA CGM; CNC Line-Cheng Lie Navigation Co. Ltd.; COSCO; KMTC; TS Lines; Yang Ming",7,4,4256.25,412,4250,4275,4,4,4,{4}
2019-06-30,CNSHK,Shekou,CNXMN,Xiamen,9,9,"ANL; CMA CGM; CNC Line-Cheng Lie Navigation Co. Ltd.; Dong Young; Evergreen Line; Heung-A; IAL-Interasia Lines; KMTC; Namsung; OOCL; SITC Shipping; TS Lines; Wan Hai; Yang Ming",14,23,13464.666666666666,1673.3333333333335,1000,2824,1,1,2,"{2,1,2,1,1,1,1,1,1}"
2019-06-30,CNSHK,Shekou,CNYTN,Yantian,5,5,"Alianca; ANL; APL; CMA CGM; CNC Line-Cheng Lie Navigation Co. Ltd.; COSCO; Evergreen Line; FESCO; Hamburg Sud; Hapag-Lloyd; Hyundai; Maersk Line; MCC; MSC; ONE; OOCL; Safmarine; ZIM",18,39,34176.417249417245,3326.7400932400933,2762,11800,1,1,2,"{1,1,1,2,1}"
2019-06-30,CNSHK,Shekou,HKHKG,"Hong Kong",14,14,"Alianca; ANL; APL; CMA CGM; CNC Line-Cheng Lie Navigation Co. Ltd.; COSCO; Evergreen Line; Gold Star Line; Hamburg Sud; Hapag-Lloyd; Hyundai; KMTC; Maersk Line; MCC; MSC; ONE; OOCL; PIL; SeaLand; TS Lines; Wan Hai; Yang Ming; ZIM",23,77,65715.33333333333,6898.250000000001,1718,13102,0,1,1,"{1,1,1,0,1,0,0,0,1,0,1,1,0,1}"
2019-06-30,CNSHK,Shekou,IDJKT,"Jakarta, Java",4,4,"ANL; APL; CMA CGM; CNC Line-Cheng Lie Navigation Co. Ltd.; COSCO; Evergreen Line; Gold Star Line; Hyundai; MCC; Wan Hai; Yang Ming; ZIM",12,18,12908.440476190477,1249.8809523809523,1368,4832,4,6,7,"{7,4,6,6}"
2019-06-30,CNSHK,Shekou,IDSUB,"Surabaya, Java",1,1,"Evergreen Line",1,4,2163,258,2800,2926,5,5,5,{5}
2019-06-30,CNSHK,Shekou,JPOSA,Osaka,2,2,"ANL; APL; CMA CGM; CNC Line-Cheng Lie Navigation Co. Ltd.; Evergreen Line; MCC; TS Lines; Wan Hai",8,6,3517,380,1618,1808,3,3.5,4,"{4,3}"
2019-06-30,CNSHK,Shekou,JPTYO,Tokyo,4,4,"Evergreen Line; IAL-Interasia Lines; TS Lines; Wan Hai",4,13,5948,698,1024,2200,4,4.5,5,"{4,5,4,5}"
2019-06-30,CNSHK,Shekou,KHKOS,Sihanoukville,2,2,"COSCO; RCL; Wan Hai",3,5,2871.5,187.33333333333331,1040,1946,3,3.5,4,"{3,4}"
2019-06-30,CNSHK,Shekou,KRINC,Inchon,6,6,"ANL; CMA CGM; CNC Line-Cheng Lie Navigation Co. Ltd.; Dongjin Shipping; Heung-A; Hyundai; KMTC; OOCL; RCL; Sinokor; TS Lines; Yang Ming",12,16,10840.583333333334,1454.6666666666667,1050,2806,3,3,5,"{4,3,3,3,3,5}"
2019-06-30,CNSHK,Shekou,KRPUS,Busan,1,1,"Maersk Line; MCC; MSC; Safmarine; ZIM",5,10,14416.8,1160,13050,15908,4,4,4,{4}
2019-06-30,CNSHK,Shekou,LKCMB,Colombo,1,1,"APL; CMA CGM; COSCO; Evergreen Line; OOCL",5,10,11177.8,676.6,13806,14424,7,7,7,{7}
2019-06-30,CNSHK,Shekou,MYBKI,"Kota Kinabalu, Sabah",1,1,"Evergreen Line",1,2,1974,150,1748,2200,2,2,2,{2}
2019-06-30,CNSHK,Shekou,MYPGU,"Pasir Gudang, Johor",1,1,"ANL; CMA CGM; CNC Line-Cheng Lie Navigation Co. Ltd.; Evergreen Line; X-Press",5,4,2922,343.5,2910,2926,4,4,4,{4}
2019-06-30,CNSHK,Shekou,MYPKG,"Port Klang",6,6,"ANL; APL; CMA CGM; CNC Line-Cheng Lie Navigation Co. Ltd.; COSCO; Evergreen Line; Hapag-Lloyd; IAL-Interasia Lines; KMTC; ONE; TS Lines; Wan Hai; Yang Ming",13,28,23650.464285714286,2356.0476190476193,2495,5548,3,4.5,5,"{5,5,5,4,4,3}"
2019-06-30,CNSHK,Shekou,MYTPP,"Tanjung Pelepas",3,3,"Alianca; ANL; APL; CMA CGM; CNC Line-Cheng Lie Navigation Co. Ltd.; COSCO; Evergreen Line; Hamburg Sud; Maersk Line; MCC; OOCL; Safmarine",12,26,18899.04761904762,2319,4771,9964,3,4,5,"{5,4,3}"
2019-06-30,CNSHK,Shekou,PGLAE,Lae,1,1,"MELL; PDL-Pacific Direct Line; PIL",3,3,2160,400,1080,1080,9,9,9,{9}
2019-06-30,CNSHK,Shekou,PHMNS,"Manila South Harbor",1,1,"APL; CNC Line-Cheng Lie Navigation Co. Ltd.; TS Lines",3,1,1440,174,1440,1440,2,2,2,{2}
2019-06-30,CNSHK,Shekou,PHSFS,"Subic Bay",1,1,"Wan Hai",1,2,1228,75,1088,1368,2,2,2,{2}
2019-06-30,CNSHK,Shekou,SGSIN,Singapore,29,29,"Alianca; ANL; APL; CMA CGM; CNC Line-Cheng Lie Navigation Co. Ltd.; COSCO; Emirates Shipping; Evergreen Line; Feedertech; Gold Star Line; Hamburg Sud; Hapag-Lloyd; Heung-A; Hyundai; IAL-Interasia Lines; KMTC; Maersk Line; MCC; MSC; ONE; OOCL; PIL; RCL; Safmarine; Sinokor; TS Lines; Wan Hai; X-Press; Yang Ming; ZIM",30,250,236832.71421911422,20145.999497724497,2475,15908,3,4,5,"{3,4,4,4,4,4,4,3,5,4,4,4,3,3,3,5,3,5,3,5,4,5,4,5,4,4,3,4,3}"
2019-06-30,CNSHK,Shekou,THBKK,"Bangkok (Old Port)",1,1,"ONE; RCL",2,2,1228,155,1228,1228,5,5,5,{5}
2019-06-30,CNSHK,Shekou,THLCH,"Laem Chabang",4,4,"ANL; APL; CMA CGM; CNC Line-Cheng Lie Navigation Co. Ltd.; COSCO; Evergreen Line; IAL-Interasia Lines; KMTC; MCC; OOCL; TS Lines; Wan Hai; Yang Ming",13,15,10675.583333333334,1196.9166666666667,1708,5610,3,4.5,5,"{5,5,3,4}"
2019-06-30,CNSHK,Shekou,TWKEL,Keelung,1,1,"ANL; CMA CGM; CNC Line-Cheng Lie Navigation Co. Ltd.; KMTC; Sinokor",5,3,1574.3333333333333,143.33333333333334,1512,1626,2,2,2,{2}
2019-06-30,CNSHK,Shekou,TWKHH,Kaohsiung,4,4,"ANL; APL; CMA CGM; COSCO; Evergreen Line; Hapag-Lloyd; ONE; OOCL; PDL-Pacific Direct Line; PIL; Sinotrans; TS Lines; Yang Ming",13,24,15347.166666666666,1705.8095238095239,1496,6606,1,1.5,2,"{2,1,1,2}"
2019-06-30,CNSHK,Shekou,VNC8Q,"Chu Lai",1,1,"APL; CMA CGM; CNC Line-Cheng Lie Navigation Co. Ltd.",3,1,2690,500,2690,2690,2,2,2,{2}
2019-06-30,CNSHK,Shekou,VNDAD,"Da Nang",1,1,"COSCO; Evergreen Line; Wan Hai",3,3,2514.3333333333335,346.6666666666667,2495,2553,2,2,2,{2}
2019-06-30,CNSHK,Shekou,VNHPH,Haiphong,2,2,"Evergreen Line; TS Lines; Wan Hai",3,6,2774,405.33333333333337,1049,1728,1,2,3,"{3,1}"
2019-06-30,CNSHK,Shekou,VNSGN,"Ho Chi Minh (VICT/Cat Lai)",4,4,"ANL; APL; CMA CGM; CNC Line-Cheng Lie Navigation Co. Ltd.; Evergreen Line; KMTC; OOCL; RCL; SITC Shipping; TS Lines; Yang Ming",11,12,9906.166666666668,1616.5,1496,3100,3,3,3,"{3,3,3,3}"
2019-06-30,CNSHK,Shekou,VNVUT,"Cai Mep",1,1,MSC,1,4,3808,419.75,3301,4253,2,2,2,{2}
2019-06-30,CNSHP,Qinhuangdao,CNTXG,Xingang/Tianjin,1,1,"SITC Shipping",1,2,1041,152.5,1040,1042,2,2,2,{2}
2019-06-30,CNSWA,Shantou,CNFQG,Fuqing,1,1,"CK Line; KMTC",2,2,1054,80,1048,1060,0,0,0,{0}
2019-06-30,CNSWA,Shantou,CNSHK,Shekou,2,2,"ANL; APL; CMA CGM; CNC Line-Cheng Lie Navigation Co. Ltd.; COSCO; Hyundai; OOCL; Wan Hai",8,6,5951,654.5,1368,4832,1,1,1,"{1,1}"
2019-06-30,CNSWA,Shantou,CNYTN,Yantian,1,1,SeaLand,1,5,1737.8,428.8,1713,1774,1,1,1,{1}
2019-06-30,CNSWA,Shantou,KRINC,Inchon,1,1,"PanOcean; Sinokor",2,2,1023,150,928,1118,4,4,4,{4}
2019-06-30,CNTAC,Taicang,CNNJI,Nanjing,1,1,"Taicang Container Lines",1,3,991.3333333333334,160,907,1043,1,1,1,{1}
2019-06-30,CNTAC,Taicang,CNSHA,Shanghai,5,3,"HASCO; Jin Jiang; SITC Shipping",3,11,5120.666666666667,768.3333333333334,1011,1100,1,1,1,"{1,1,1,1,1}"
2019-06-30,CNTAC,Taicang,JPHKT,Hakata,2,2,"HASCO; Jin Jiang; Taicang Container Lines",3,2,1728,280,610,1118,2,2,2,"{2,2}"
2019-06-30,CNTAC,Taicang,JPNGO,Nagoya,1,1,"Taicang Container Lines",1,3,991.3333333333334,160,907,1043,2,2,2,{2}
2019-06-30,CNTAC,Taicang,JPOSA,Osaka,1,1,"Taicang Container Lines",1,1,907,120,907,907,2,2,2,{2}
2019-06-30,CNTAC,Taicang,JPTYO,Tokyo,1,1,"Taicang Container Lines",1,3,991.3333333333334,160,907,1043,4,4,4,{4}
2019-06-30,CNTAO,Qingdao,CNDLC,Dalian,1,1,"Heung-A; KMTC",2,2,1045.5,80,1043,1048,1,1,1,{1}
2019-06-30,CNTAO,Qingdao,CNLYG,Lianyungang,3,3,"ANL; APL; CMA CGM; CNC Line-Cheng Lie Navigation Co. Ltd.; COSCO; MCC; TS Lines",7,10,9365.166666666666,1044.6666666666665,1378,5888,1,1,2,"{1,1,2}"
2019-06-30,CNTAO,Qingdao,CNNGB,Ningbo,11,11,"Alianca; ANL; APL; CMA CGM; CNC Line-Cheng Lie Navigation Co. Ltd.; COSCO; Evergreen Line; Gold Star Line; Hamburg Sud; Hapag-Lloyd; Hyundai; Maersk Line; MCC; MSC; ONE; OOCL; PIL; Safmarine; Wan Hai; Yang Ming; ZIM",21,98,90233.14357864358,7658.119191919191,2546,17722,1,3,3,"{2,3,3,2,1,3,3,3,2,3,2}"
2019-06-30,CNTAO,Qingdao,CNSHA,Shanghai,38,38,"Alianca; ANL; APL; Asean Seas Line; CMA CGM; CNC Line-Cheng Lie Navigation Co. Ltd.; COSCO; Evergreen Line; Feedertech; FESCO; Gold Star Line; Hamburg Sud; Hapag-Lloyd; Heung-A; Hyundai; IAL-Interasia Lines; Kambara Kisen Co., Ltd.; KMTC; Maersk Line; MCC; MELL; MSC; NileDutch; ONE; OOCL; PIL; RCL; Safmarine; SITC Shipping; TS Lines; Wan Hai; Yang Ming; ZIM",33,255,261279.27803030304,21066.022577422576,1005,20988,1,2,4,"{2,2,3,2,3,3,2,2,3,2,3,4,1,2,3,1,3,1,3,3,1,1,2,3,2,2,1,2,1,2,1,2,1,4,2,2,2,3}"
2019-06-30,CNTAO,Qingdao,CNTXG,Xingang/Tianjin,1,1,"Sinokor; SITC Shipping; TaiYoung Shipping",3,2,1023,150,928,1118,5,5,5,{5}
2019-06-30,CNTAO,Qingdao,CNYTN,Yantian,1,1,"APL; CMA CGM; COSCO; Evergreen Line; OOCL",5,6,6861,815.8333333333334,6046,7024,3,3,3,{3}
2019-06-30,CNTAO,Qingdao,HKHKG,"Hong Kong",2,2,"COSCO; Evergreen Line; KMTC; OOCL; RCL; Wan Hai; Yang Ming",7,7,8074.833333333334,931.1666666666667,2700,5610,3,3,3,"{3,3}"
2019-06-30,CNTAO,Qingdao,JPFKY,Fukuyama,1,1,"Kambara Kisen Co., Ltd.",1,3,1013.3333333333334,160,1000,1020,3,3,3,{3}
2019-06-30,CNTAO,Qingdao,JPNGO,Nagoya,1,1,"Centrans; Jin Jiang; StarOcean",3,1,1118,220,1118,1118,3,3,3,{3}
2019-06-30,CNTAO,Qingdao,JPOSA,Osaka,4,4,"COSCO; Jin Jiang; Sinotrans; SITC Shipping",4,5,3496,501,694,1100,2,2,3,"{2,2,3,2}"
2019-06-30,CNTAO,Qingdao,JPTYO,Tokyo,3,3,"Asean Seas Line; COSCO; Jin Jiang; OOCL; Sinotrans",5,6,4464,673,1100,2546,3,3,3,"{3,3,3}"
2019-06-30,CNTAO,Qingdao,KRINC,Inchon,3,2,"CK Line; COSCO; OOCL; PanOcean; PIL; SITC Shipping; TaiYoung Shipping",7,14,5784,333.33333333333337,932,4250,1,1,3,"{1,1,3}"
2019-06-30,CNTAO,Qingdao,KRKAN,Gwangyang,2,2,"COSCO; Hamburg Sud; Hyundai; KMTC; Maersk Line; MCC; MSC; Safmarine; Seago Line; Sinokor; TS Lines; X-Press",12,19,23992.820512820515,1475.5641025641025,4957,20568,1,2,3,"{3,1}"
2019-06-30,CNTAO,Qingdao,KRKUV,Kunsan,1,1,"Dongjin Shipping; PanOcean",2,1,1118,220,1118,1118,1,1,1,{1}
2019-06-30,CNTAO,Qingdao,KRPUS,Busan,18,18,"Alianca; ANL; APL; CK Line; CMA CGM; CNC Line-Cheng Lie Navigation Co. Ltd.; COSCO; Dong Young; Easline Shipping; Evergreen Line; Gold Star Line; Hamburg Sud; Hapag-Lloyd; Heung-A; Hyundai; KMTC; Maersk Line; MCC; MSC; Namsung; ONE; OOCL; PanCon; PanOcean; PIL; Safmarine; Seago Line; SeaLand; Sinokor; SM Line; TaiYoung Shipping; TS Lines; Wan Hai; Yang Ming; ZIM",35,130,122786.18181818181,9884.573593073592,840,20568,1,2,3,"{2,3,3,1,2,2,2,1,1,2,1,2,1,2,2,2,1,1}"
2019-06-30,CNTAO,Qingdao,PHMNN,"Manila North Harbor",1,1,"SITC Shipping",1,3,2596.6666666666665,426.6666666666667,2524,2742,6,6,6,{6}
2019-06-30,CNTAO,Qingdao,TWKHH,Kaohsiung,1,1,"COSCO; Evergreen Line; Hapag-Lloyd; Hyundai; ONE; PIL; Samudera; TS Lines; Yang Ming",9,7,8031.428571428572,704.2857142857143,6606,8814,4,4,4,{4}
2019-06-30,CNTXG,Xingang/Tianjin,CNDLC,Dalian,8,8,"Alianca; ANL; APL; CMA CGM; CNC Line-Cheng Lie Navigation Co. Ltd.; COSCO; Evergreen Line; Hamburg Sud; Kambara Kisen Co., Ltd.; Maersk Line; MCC; MSC; OOCL; Safmarine; Sinotrans; SITC Shipping; StarOcean; TS Lines; ZIM",19,38,43462.32575757576,3306.3106060606065,831,20988,1,1.5,2,"{2,1,2,1,1,1,2,2}"
2019-06-30,CNTXG,Xingang/Tianjin,CNNSA,Nansha,1,1,MSC,1,12,9773,794.1666666666666,8063,13092,11,11,11,{11}
2019-06-30,CNTXG,Xingang/Tianjin,CNTAO,Qingdao,18,18,"Alianca; ANL; APL; Asean Seas Line; CMA CGM; CNC Line-Cheng Lie Navigation Co. Ltd.; COSCO; Evergreen Line; Gold Star Line; Hamburg Sud; Hapag-Lloyd; Hyundai; KMTC; Maersk Line; MCC; MSC; NileDutch; ONE; OOCL; PIL; RCL; Safmarine; Samudera; Seago Line; SM Line; TS Lines; Wan Hai; Yang Ming; ZIM",29,131,128756.15601065599,10674.950105450105,1118,20568,1,2,4,"{2,3,3,2,3,2,2,3,2,2,2,1,3,3,2,4,2,2}"
2019-06-30,CNTXG,Xingang/Tianjin,CNWEI,Weihai,1,1,"Sinokor; SITC Shipping; TaiYoung Shipping",3,2,1023,150,928,1118,1,1,1,{1}
2019-06-30,CNTXG,Xingang/Tianjin,CNYNT,Yantai,2,2,"COSCO; Sinotrans; SITC Shipping",3,5,3811.666666666667,528.3333333333334,1011,2800,1,1.5,2,"{1,2}"
2019-06-30,CNTXG,Xingang/Tianjin,KRINC,Inchon,1,1,"Dongjin Shipping; Namsung",2,1,599,30,599,599,3,3,3,{3}
2019-06-30,CNTXG,Xingang/Tianjin,KRPTK,Pyongtaek,1,1,"Sinokor; SITC Shipping; TaiYoung Shipping",3,2,1023,150,928,1118,2,2,2,{2}
2019-06-30,CNTXG,Xingang/Tianjin,KRPUS,Busan,7,7,"Alianca; ANL; APL; CMA CGM; CNC Line-Cheng Lie Navigation Co. Ltd.; COSCO; Dongjin Shipping; Dong Young; Easline Shipping; Evergreen Line; Hamburg Sud; Hapag-Lloyd; Heung-A; Hyundai; KMTC; Maersk Line; MCC; MSC; Namsung; ONE; OOCL; PanOcean; Safmarine; Seago Line; Sinokor; Sinotrans; TaiYoung Shipping",27,33,51564.64102564102,3732,1380,20600,1,2,3,"{2,3,1,2,2,3,2}"
2019-06-30,CNWEI,Weihai,CNDLC,Dalian,3,3,"COSCO; StarOcean",2,3,7309,1380,349,1740,1,2,2,"{2,2,1}"
2019-06-30,CNWEI,Weihai,CNYNT,Yantai,1,1,"COSCO; Sinotrans; SITC Shipping",3,1,542,200,542,542,1,1,1,{1}
2019-06-30,CNWEI,Weihai,KRPTK,Pyongtaek,1,1,"Sinokor; SITC Shipping; TaiYoung Shipping",3,2,1023,150,928,1118,1,1,1,{1}
2019-06-30,CNWZO,"Wenzhou CN",VNSGN,"Ho Chi Minh (VICT/Cat Lai)",1,1,"KMTC; SITC Shipping",2,4,1612.5,217.25,1264,1805,3,3,3,{3}
2019-06-30,CNXMN,Xiamen,CNDCB,"Da Chan Bay",1,1,"Emirates Shipping; Gold Star Line; KMTC; RCL; Sea Lead; SM Line",6,8,6201.875,641.25,5301,8110,1,1,1,{1}
2019-06-30,CNXMN,Xiamen,CNFQG,Fuqing,1,1,"Ji Zhou",1,2,585,50,585,585,1,1,1,{1}
2019-06-30,CNXMN,Xiamen,CNNGB,Ningbo,3,3,"Alianca; ANL; APL; CMA CGM; CNC Line-Cheng Lie Navigation Co. Ltd.; COSCO; Evergreen Line; FESCO; Hamburg Sud; Hyundai; Maersk Line; MCC; MSC; OOCL; PIL; Safmarine; ZIM",17,28,22627.45670995671,1640.181818181818,2762,11388,1,2,3,"{1,2,3}"
2019-06-30,CNXMN,Xiamen,CNNSA,Nansha,4,4,"ANL; APL; CMA CGM; CNC Line-Cheng Lie Navigation Co. Ltd.; COSCO; Evergreen Line; Gold Star Line; KMTC; OOCL; RCL; SITC Shipping; TS Lines; Yang Ming; ZIM",14,23,24284.95,2331.5,2700,14566,2,2,2,"{2,2,2,2}"
2019-06-30,CNXMN,Xiamen,CNSHA,Shanghai,4,4,"ANL; APL; CMA CGM; COSCO; Evergreen Line; Maersk Line; MCC; OOCL; PIL; Safmarine; Wan Hai",11,43,32554.424242424237,2314.772727272727,4496,13500,2,3.5,5,"{4,2,3,5}"
2019-06-30,CNXMN,Xiamen,CNSHK,Shekou,9,9,"ANL; APL; CMA CGM; COSCO; Evergreen Line; Gold Star Line; Hapag-Lloyd; Hyundai; KMTC; MSC; ONE; OOCL; PIL; TS Lines; Yang Ming; ZIM",16,67,54449.68928571428,5404.830952380952,1714,13102,1,2,3,"{2,1,1,2,2,3,2,2,2}"
2019-06-30,CNXMN,Xiamen,CNTAO,Qingdao,1,1,"APL; CMA CGM; COSCO; Evergreen Line; OOCL",5,11,11740.818181818182,809.0909090909091,10100,13208,3,3,3,{3}
2019-06-30,CNXMN,Xiamen,CNTXG,Xingang/Tianjin,1,1,"APL; CMA CGM; COSCO; Evergreen Line; OOCL",5,12,13605.333333333334,1067.5,1380,20600,4,4,4,{4}
2019-06-30,CNXMN,Xiamen,CNYTN,Yantian,6,6,"Alianca; APL; CMA CGM; COSCO; Evergreen Line; Hamburg Sud; Hyundai; Maersk Line; MCC; MSC; OOCL; Safmarine; SeaLand; ZIM",14,55,57612.3886002886,4357.075901875902,4250,21413,1,2,3,"{1,2,2,2,2,3}"
2019-06-30,CNXMN,Xiamen,HKHKG,"Hong Kong",7,7,"ANL; APL; CMA CGM; CNC Line-Cheng Lie Navigation Co. Ltd.; COSCO; Evergreen Line; Gold Star Line; Hapag-Lloyd; Maersk Line; MCC; ONE; OOCL; PIL; RCL; Safmarine; Sinotrans; SITC Shipping; Wan Hai; X-Press; Yang Ming; ZIM",21,47,45663.275,4276.833333333333,1024,14424,0,2,4,"{2,1,2,1,2,4,0}"
2019-06-30,CNXMN,Xiamen,JPHKT,Hakata,1,1,"ANL; CMA CGM; CNC Line-Cheng Lie Navigation Co. Ltd.; IAL-Interasia Lines; OOCL; Wan Hai",6,3,1368,80,1368,1368,3,3,3,{3}
2019-06-30,CNXMN,Xiamen,JPNGO,Nagoya,2,2,"ANL; CMA CGM; CNC Line-Cheng Lie Navigation Co. Ltd.; Evergreen Line; KMTC; SITC Shipping; TS Lines; Yang Ming",8,6,4375.5,731.25,1264,2824,2,2.5,3,"{2,3}"
2019-06-30,CNXMN,Xiamen,JPOSA,Osaka,1,1,"Evergreen Line; Wan Hai",2,3,1691.3333333333333,245.33333333333334,1618,1728,3,3,3,{3}
2019-06-30,CNXMN,Xiamen,JPTYO,Tokyo,3,3,"CMA CGM; CNC Line-Cheng Lie Navigation Co. Ltd.; COSCO; Evergreen Line; IAL-Interasia Lines; OOCL; SITC Shipping; Wan Hai",8,9,4326.333333333334,597,1024,1800,3,3,4,"{3,3,4}"
2019-06-30,CNXMN,Xiamen,JPUKB,Kobe,1,1,"Asean Seas Line; OOCL",2,3,1734,405.6666666666667,1714,1774,3,3,3,{3}
2019-06-30,CNXMN,Xiamen,KRINC,Inchon,6,6,"CK Line; COSCO; Evergreen Line; Heung-A; Hyundai; KMTC; Namsung; OOCL; SITC Shipping; SM Line; TS Lines; Wan Hai; Yang Ming",13,17,12919.833333333334,1491.8333333333333,962,5610,1,2.5,4,"{4,3,1,2,2,3}"
2019-06-30,CNXMN,Xiamen,KRPTK,Pyongtaek,1,1,"Dong Young; Heung-A; KMTC; Namsung",4,2,1012,90,1000,1024,2,2,2,{2}
2019-06-30,CNXMN,Xiamen,KRPUS,Busan,2,2,Heung-A,1,4,2146,,1043,1103,2,2.5,3,"{2,3}"
2019-06-30,CNXMN,Xiamen,MYTPP,"Tanjung Pelepas",1,1,"Hamburg Sud; Hyundai; Maersk Line; MCC; MSC; Safmarine; Seago Line",7,16,13233.625,862.5,13050,14000,5,5,5,{5}
2019-06-30,CNXMN,Xiamen,PHMNN,"Manila North Harbor",2,2,"COSCO; Wan Hai",2,4,7132,716,1440,4253,2,2,2,"{2,2}"
2019-06-30,CNXMN,Xiamen,PHSFS,"Subic Bay",1,1,"SITC Shipping",1,4,1821.25,232.5,1705,1970,2,2,2,{2}
2019-06-30,CNXMN,Xiamen,TWKEL,Keelung,2,2,"ANL; CMA CGM; CNC Line-Cheng Lie Navigation Co. Ltd.; Evergreen Line; TS Lines; Yang Ming",6,5,3507.333333333333,550,1732,1800,0,0.5,1,"{0,1}"
2019-06-30,CNXMN,Xiamen,TWKHH,Kaohsiung,3,3,"Alianca; Hamburg Sud; Hapag-Lloyd; Hyundai; Maersk Line; MCC; MSC; ONE; Safmarine; Yang Ming; ZIM",11,27,27241.033333333333,1995.618181818182,4432,14220,1,1,2,"{1,1,2}"
2019-06-30,CNXMN,Xiamen,USLAX,"Los Angeles CA",2,2,"APL; CMA CGM; COSCO; Evergreen Line; Hamburg Sud; Hyundai; Maersk Line; MCC; MSC; OOCL; PIL; Safmarine; Seago Line; Wan Hai",14,22,27384.625,2095.833333333333,13050,14414,13,13,13,"{13,13}"
2019-06-30,CNXMN,Xiamen,VNSGN,"Ho Chi Minh (VICT/Cat Lai)",3,3,"ANL; CMA CGM; CNC Line-Cheng Lie Navigation Co. Ltd.; COSCO; Gold Star Line; OOCL; PIL; RCL; Sinotrans; SITC Shipping; Wan Hai; Yang Ming; ZIM",13,12,6953.25,1137.4166666666667,1620,2824,2,3,4,"{4,3,2}"
2019-06-30,CNYIK,Yingkou,CNWEI,Weihai,1,1,COSCO,1,1,3480,600,1740,1740,2,2,2,{2}
2019-06-30,CNYNT,Yantai,CNDLC,Dalian,1,1,COSCO,1,1,1702,200,1702,1702,2,2,2,{2}
2019-06-30,CNYNT,Yantai,CNTXG,Xingang/Tianjin,1,1,"Easline Shipping; Heung-A; PanOcean; Sinotrans",4,1,1675,100,1675,1675,2,2,2,{2}
2019-06-30,CNYNT,Yantai,JPHKT,Hakata,1,1,"COSCO; Sinotrans; SITC Shipping",3,2,869,120,831,907,2,2,2,{2}
2019-06-30,CNYNT,Yantai,JPOSA,Osaka,1,1,"COSCO; Sinotrans; SITC Shipping",3,1,542,200,542,542,3,3,3,{3}
2019-06-30,CNYNT,Yantai,JPTYO,Tokyo,2,2,"COSCO; Sinotrans; SITC Shipping",3,5,3811.666666666667,528.3333333333334,1011,2800,3,3,3,"{3,3}"
2019-06-30,CNYTN,Yantian,AUSYD,Sydney,1,1,"ANL; APL; CMA CGM; CNC Line-Cheng Lie Navigation Co. Ltd.; Evergreen Line; Hyundai",6,5,4639,520.8,4363,5060,11,11,11,{11}
2019-06-30,CNYTN,Yantian,CNNGB,Ningbo,5,5,"APL; CMA CGM; COSCO; Evergreen Line; Hamburg Sud; Hapag-Lloyd; Hyundai; Maersk Line; MCC; MSC; ONE; OOCL; PIL; Safmarine; SeaLand; SM Line; Yang Ming; ZIM",18,46,50242.567640692636,3743.214285714286,4253,14993,2,2,7,"{2,2,7,2,3}"
2019-06-30,CNYTN,Yantian,CNNSA,Nansha,2,2,"CMA CGM; CNC Line-Cheng Lie Navigation Co. Ltd.; COSCO; Evergreen Line; Maersk Line; MCC; OOCL",7,8,5764.6,722.2,1378,4253,0,0.5,1,"{0,1}"
2019-06-30,CNYTN,Yantian,CNSHA,Shanghai,4,4,"Alianca; Hamburg Sud; Hapag-Lloyd; Hyundai; Maersk Line; MCC; MSC; ONE; Safmarine; Yang Ming; ZIM",11,38,34258.08787878788,3370.1454545454544,8073,11010,1,2,3,"{1,2,3,2}"
2019-06-30,CNYTN,Yantian,CNSHK,Shekou,1,1,"COSCO; Evergreen Line; OOCL",3,9,5085.333333333333,497,5250,6606,1,1,1,{1}
2019-06-30,CNYTN,Yantian,CNTAO,Qingdao,1,1,"Hamburg Sud; Hyundai; Maersk Line; MCC; MSC; Safmarine",6,11,19128.727272727272,815.4545454545454,18270,19224,4,4,4,{4}
2019-06-30,CNYTN,Yantian,CNXMN,Xiamen,7,7,"Alianca; ANL; APL; CMA CGM; CNC Line-Cheng Lie Navigation Co. Ltd.; COSCO; Evergreen Line; FESCO; Hamburg Sud; Hyundai; Maersk Line; MCC; MSC; OOCL; PIL; Safmarine; Seago Line; Wan Hai; ZIM",19,71,74902.19080086579,5524.378787878787,2762,14566,1,1,2,"{1,1,1,1,1,1,2}"
2019-06-30,CNYTN,Yantian,HKHKG,"Hong Kong",7,7,"Alianca; ANL; APL; CMA CGM; CNC Line-Cheng Lie Navigation Co. Ltd.; COSCO; CULines-China United Lines; Evergreen Line; Hamburg Sud; Hapag-Lloyd; Maersk Line; MCC; MSC; ONE; OOCL; PIL; Safmarine; SeaLand; TS Lines; Wan Hai; Yang Ming",21,47,37736.08846153846,4936.1461538461535,1016,13806,0,1,1,"{0,1,1,1,1,1,0}"
2019-06-30,CNYTN,Yantian,KRPUS,Busan,1,1,"Maersk Line; MCC; MSC; SeaLand",4,11,6630.727272727273,546.3636363636364,6400,6882,3,3,3,{3}
2019-06-30,CNYTN,Yantian,MYTPP,"Tanjung Pelepas",6,6,"Alianca; APL; CMA CGM; COSCO; Evergreen Line; Hamburg Sud; Hyundai; Maersk Line; MCC; MSC; OOCL; Safmarine; Seago Line",13,68,85367.15005827506,4620.2307692307695,2586,20568,3,3,4,"{3,3,3,3,4,3}"
2019-06-30,CNYTN,Yantian,NLRTM,Rotterdam,1,1,"Hapag-Lloyd; ONE; Yang Ming",3,10,13973.2,933.3,13169,14220,23,23,23,{23}
2019-06-30,CNYTN,Yantian,SGSIN,Singapore,8,8,"Alianca; APL; CMA CGM; COSCO; CULines-China United Lines; Evergreen Line; Gold Star Line; Hamburg Sud; Hapag-Lloyd; Hyundai; Maersk Line; MCC; MSC; ONE; OOCL; Safmarine; X-Press; Yang Ming; ZIM",19,84,111599.02424242423,7518.554545454545,1380,21413,3,3.5,4,"{3,3,3,4,4,4,3,4}"
2019-06-30,CNYTN,Yantian,TWKHH,Kaohsiung,6,6,"APL; CMA CGM; COSCO; Evergreen Line; Hapag-Lloyd; ONE; OOCL; PIL; Wan Hai; Yang Ming",10,44,45099.73333333334,4290,5364,14424,1,1,2,"{1,2,1,2,1,1}"
2019-06-30,CNYTN,Yantian,TWTXG,Taichung,2,2,"IAL-Interasia Lines; MCC; Wan Hai",3,11,6767,629.4285714285714,2646,4447,1,2,3,"{3,1}"
2019-06-30,CNYTN,Yantian,USHOU,"Houston TX",1,1,"CMA CGM; COSCO; Evergreen Line; OOCL",4,9,4280.444444444444,360.22222222222223,4250,4506,26,26,26,{26}
2019-06-30,CNYTN,Yantian,USLAX,"Los Angeles CA",2,2,"CMA CGM; COSCO; Evergreen Line; Hapag-Lloyd; ONE; Yang Ming",6,12,16598.666666666664,1636.1666666666665,6046,10114,13,13.5,14,"{14,13}"
2019-06-30,CNYTN,Yantian,USLGB,"Long Beach CA",1,1,"APL; CMA CGM; COSCO; PIL; Wan Hai",5,7,9642.285714285714,814.2857142857143,10000,11923,13,13,13,{13}
2019-06-30,CNYTN,Yantian,USTIW,"Tacoma WA",1,1,"Hapag-Lloyd; ONE; Yang Ming",3,8,8473.5,706.25,8073,8749,12,12,12,{12}
2019-06-30,CNYTN,Yantian,VNHPH,Haiphong,1,1,"APL; CMA CGM; COSCO; PIL; Wan Hai",5,7,9642.285714285714,814.2857142857143,10000,11923,4,4,4,{4}
2019-06-30,CNYTN,Yantian,VNVUT,"Cai Mep",4,4,"APL; CMA CGM; COSCO; Evergreen Line; Hamburg Sud; Hapag-Lloyd; Hyundai; Maersk Line; MCC; MSC; ONE; OOCL; Safmarine; Yang Ming; ZIM",15,43,49216.2,3471.090909090909,7849,17722,2,2.5,4,"{3,2,2,4}"
2019-06-30,CNZHA,Zhanjiang,CNGON,Gaolan,1,1,"ANL; CMA CGM; CNC Line-Cheng Lie Navigation Co. Ltd.; IAL-Interasia Lines; OOCL; Wan Hai",6,3,1368,80,1368,1368,1,1,1,{1}
2019-06-30,CNZHA,Zhanjiang,HKHKG,"Hong Kong",2,2,"APL; CMA CGM; CNC Line-Cheng Lie Navigation Co. Ltd.; COSCO; Wan Hai",5,7,5611.666666666667,619.6666666666667,1220,4532,1,1,1,"{1,1}"
2019-06-30,CNZJG,Zhangjiagang,VNUIH,"Qui Nhon",1,1,"Advance Container Lines; PIL",2,2,1564.5,168,1454,1675,2,2,2,{2}
2019-06-30,CNZPU,"Zhapu Pt",CNNGB,Ningbo,2,1,"COSCO; NBOSCO; SITC Shipping",3,6,2200,80,1100,1100,1,1,1,"{1,1}"
2019-06-30,COADZ,"San Andres Island",GTSTC,"Santo Tomas de Castilla",1,1,"King Ocean",1,2,233.5,20,205,262,5,5,5,{5}
2019-06-30,COBAQ,Barranquilla,COCTG,Cartagena,2,2,"Evergreen Line; King Ocean; Maersk Line; Seaboard Marine; SeaLand",5,5,3783,674,957,1708,0,0,0,"{0,0}"
2019-06-30,COBAQ,Barranquilla,COSMR,"Santa Marta",2,2,"ANL; APL; CMA CGM; Evergreen Line; Maersk Line; Seaboard Marine; SeaLand",7,8,3004.8,567.6,1221,1708,0,0.5,1,"{0,1}"
2019-06-30,COBAQ,Barranquilla,COTRB,Turbo,1,1,"Seaboard Marine; ZIM",2,3,1479.3333333333333,286,1304,1732,1,1,1,{1}
2019-06-30,COBAQ,Barranquilla,CWWIL,Willemstad,1,1,"Caribbean Feeder; Hapag-Lloyd; ZIM",3,2,1009,242,957,1061,1,1,1,{1}
2019-06-30,COBAQ,Barranquilla,JMKIN,Kingston,1,1,"Seaboard Marine",1,2,1779.5,383.5,1740,1819,0,0,0,{0}
2019-06-30,COBAQ,Barranquilla,USPEF,"Port Everglades FL",2,2,"King Ocean",1,3,3989,912,957,1118,4,4.5,5,"{5,4}"
2019-06-30,COBUN,Buenaventura,ECGYE,Guayaquil,2,2,"COSCO; Evergreen Line; Maersk Line; OOCL; Safmarine; SeaLand",6,13,6994.181818181818,1521,1795,3078,2,3.5,5,"{5,2}"
2019-06-30,COBUN,Buenaventura,PABLB,Balboa,2,2,"Alianca; COSCO; Evergreen Line; Hamburg Sud; Maersk Line; MCC; OOCL; SeaLand",8,23,12985.57142857143,1501,1795,9640,2,2,2,"{2,2}"
2019-06-30,COBUN,Buenaventura,PAMIT,Manzanillo,1,1,"Alianca; ANL; CMA CGM; COSCO; Hamburg Sud; Hapag-Lloyd",6,9,10371,1626.6666666666667,9400,10926,2,2,2,{2}
2019-06-30,COBUN,Buenaventura,PAROD,Rodman,1,1,"Hapag-Lloyd; Hyundai; MSC; ONE",4,11,6539,809.8181818181819,6200,7241,2,2,2,{2}
2019-06-30,COBUN,Buenaventura,PECLL,Callao,7,7,"Alianca; ANL; APL; CMA CGM; COSCO; Evergreen Line; Hamburg Sud; Hapag-Lloyd; Hyundai; Maersk Line; MCC; MSC; ONE; PIL; SeaLand; Wan Hai; Yang Ming",17,83,66956.45728715729,8080.357575757575,5364,13102,2,3,4,"{2,3,2,4,3,3,3}"
2019-06-30,COCTG,Cartagena,BRSUA,Suape,2,2,"Alianca; Hamburg Sud; Hapag-Lloyd; Maersk Line; MSC; ONE; SeaLand; ZIM",8,15,12743.160714285714,1904.25,5550,8073,7,7.5,8,"{8,7}"
2019-06-30,COCTG,Cartagena,COBAQ,Barranquilla,5,5,"ANL; APL; Caribbean Feeder; CMA CGM; Evergreen Line; Hapag-Lloyd; King Ocean; Maersk Line; Seaboard Marine; SeaLand; ZIM",11,13,8002.8,1721.6,957,1708,0,1,1,"{1,0,1,1,1}"
2019-06-30,COCTG,Cartagena,COSMR,"Santa Marta",3,3,"Evergreen Line; Hapag-Lloyd; Maersk Line; Seaboard Marine; SeaLand; StreamLines",6,10,5994.9,1112.7,1708,2556,1,1,2,"{1,1,2}"
2019-06-30,COCTG,Cartagena,COTRB,Turbo,2,2,"Alianca; APL; Hamburg Sud; Seaboard Marine; SeaLand",5,6,5185.333333333333,1019.3333333333334,2478,2872,1,1.5,2,"{2,1}"
2019-06-30,COCTG,Cartagena,CRLIO,"Puerto Limon",1,1,"Seaboard Marine; ZIM",2,3,1479.3333333333333,286,1304,1732,1,1,1,{1}
2019-06-30,COCTG,Cartagena,CUMAR,Mariel,1,1,"Hapag-Lloyd; Maersk Line; X-Press; ZIM",4,2,2614.5,450,2529,2700,5,5,5,{5}
2019-06-30,COCTG,Cartagena,DOCAU,Caucedo,5,5,"Alianca; ANL; APL; CMA CGM; COSCO; Evergreen Line; Hamburg Sud; Hapag-Lloyd; Maersk Line; MSC; ONE; SeaLand; Yang Ming; ZIM",14,40,25923.583333333332,3336.6969696969695,2339,10926,1,2,2,"{2,2,2,1,2}"
2019-06-30,COCTG,Cartagena,GTPRQ,"Puerto Quetzal",1,1,"Alianca; Hamburg Sud; Hapag-Lloyd; ZIM",4,12,4692.083333333333,360.8333333333333,4250,4890,6,6,6,{6}
2019-06-30,COCTG,Cartagena,JMKIN,Kingston,2,2,"Alianca; ANL; APL; CMA CGM; COSCO; Hamburg Sud; Hapag-Lloyd; Maersk Line; MCC; SeaLand",10,21,13068.527777777777,1373.888888888889,3091,11040,1,1.5,2,"{2,1}"
2019-06-30,COCTG,Cartagena,MXVER,Veracruz,1,1,"Alianca; Hamburg Sud; Hapag-Lloyd; Maersk Line; MSC; ONE; SeaLand; ZIM",8,8,6854.875,924.25,5550,8073,5,5,5,{5}
2019-06-30,COCTG,Cartagena,PABLB,Balboa,2,2,"Alianca; CMA CGM; Hamburg Sud; Hapag-Lloyd; Maersk Line; MSC; ONE; SeaLand; Yang Ming",9,22,8052.454545454546,971.2727272727273,3000,5014,1,1,1,"{1,1}"
2019-06-30,COCTG,Cartagena,PACTB,Cristobal,3,3,"Alianca; Hamburg Sud; Hapag-Lloyd; Maersk Line; MSC; SeaLand; ZIM",7,18,19321.507936507936,3136,1708,12119,1,2,2,"{2,2,1}"
2019-06-30,COCTG,Cartagena,PAMIT,Manzanillo,9,9,"Alianca; ANL; CMA CGM; COSCO; Hamburg Sud; Hapag-Lloyd; Maersk Line; Marfret; MSC; ONE; Safmarine; Seago Line; SeaLand",13,58,34332.61111111111,6605.305555555556,2226,10926,1,1,2,"{1,2,1,1,1,1,1,1,2}"
2019-06-30,COCTG,Cartagena,PFPPT,"Papeete, Tahiti",1,1,"ANL; APL; CMA CGM; Marfret",4,13,2458.769230769231,534.1538461538462,2250,2826,13,13,13,{13}
2019-06-30,COCTG,Cartagena,USPHL,"Philadelphia PA",1,1,"Alianca; Hamburg Sud; Hapag-Lloyd; Maersk Line; MSC; SeaLand",6,11,3150.4545454545455,630.9090909090909,3000,3752,5,5,5,{5}
2019-06-30,COCTG,Cartagena,VEPBL,"Puerto Cabello",1,1,"Alianca; Hamburg Sud; Maersk Line; MSC; SeaLand",5,1,5012,840,2506,2506,2,2,2,{2}
2019-06-30,COPBO,"Puerto Bolivar",DOHAI,"Rio Haina",1,1,"Seaboard Marine",1,2,1779.5,383.5,1740,1819,1,1,1,{1}
2019-06-30,COSMR,"Santa Marta",BEANR,Antwerp,1,1,"Hamburg Sud; Hapag-Lloyd; Maersk Line; Safmarine",4,8,4151.75,1104.25,4045,4258,11,11,11,{11}
2019-06-30,COSMR,"Santa Marta",COPBO,"Puerto Bolivar",1,1,"Seaboard Marine",1,2,1779.5,383.5,1740,1819,0,0,0,{0}
2019-06-30,COSMR,"Santa Marta",CRLIO,"Puerto Limon",1,1,"Hapag-Lloyd; StreamLines",2,5,2507.4,527.2,2339,2556,2,2,2,{2}
2019-06-30,COSMR,"Santa Marta",CRMOB,Moin,1,1,Dole,1,2,2046,990,2046,2046,1,1,1,{1}
2019-06-30,COSMR,"Santa Marta",GBPME,Portsmouth,1,1,"Maersk Line; Seago Line; SeaLand",3,8,2582.25,600,2550,2592,12,12,12,{12}
2019-06-30,COSMR,"Santa Marta",JMKIN,Kingston,1,1,"ANL; APL; CMA CGM",3,5,1296.8,365.6,1221,1347,1,1,1,{1}
2019-06-30,COSMR,"Santa Marta",PAMIT,Manzanillo,1,1,"Evergreen Line; Maersk Line; Seaboard Marine; SeaLand",4,3,1708,202,1708,1708,1,1,1,{1}
2019-06-30,COSMR,"Santa Marta",TTPTS,"Point Lisas",1,1,"Evergreen Line; Maersk Line; Seaboard Marine; SeaLand",4,3,1708,202,1708,1708,2,2,2,{2}
2019-06-30,COTRB,Turbo,GPPTP,Pointe-a-Pitre,1,1,"CMA CGM; Marfret",2,6,2597.3333333333335,556.5,2556,2758,5,5,5,{5}
2019-06-30,COTRB,Turbo,PAMIT,Manzanillo,4,4,"Alianca; APL; Hamburg Sud; Maersk Line; Seaboard Marine; SeaLand; ZIM",7,11,8763.666666666666,1684.3333333333335,1304,2872,1,1,2,"{1,1,2,1}"
2019-06-30,CRCAL,"Puerto Caldera",GTPRQ,"Puerto Quetzal",3,3,"Alianca; ANL; APL; CMA CGM; Dole; Hamburg Sud; Hapag-Lloyd; Maersk Line; ONE; Safmarine; SeaLand",11,12,6715.5,1768.5,1540,2664,1,1,4,"{4,1,1}"
2019-06-30,CRCAL,"Puerto Caldera",NICIO,Corinto,1,1,"COSCO; Evergreen Line; X-Press",3,2,1763.5,349,1732,1795,1,1,1,{1}
2019-06-30,CRLIO,"Puerto Limon",COBAQ,Barranquilla,1,1,"Seaboard Marine; ZIM",2,3,1479.3333333333333,286,1304,1732,1,1,1,{1}
2019-06-30,CRLIO,"Puerto Limon",COTRB,Turbo,1,1,"CMA CGM; Marfret",2,6,2597.3333333333335,556.5,2556,2758,1,1,1,{1}
2019-06-30,CRLIO,"Puerto Limon",GBLGP,"London Gateway",1,1,"Hapag-Lloyd; StreamLines",2,5,2507.4,527.2,2339,2556,11,11,11,{11}
2019-06-30,CRLIO,"Puerto Limon",GTSTC,"Santo Tomas de Castilla",1,1,"Hapag-Lloyd; ONE",2,6,2423.5,484.3333333333333,2339,2566,4,4,4,{4}
2019-06-30,CRLIO,"Puerto Limon",HNPCR,"Puerto Cortes",1,1,"Seaboard Marine",1,3,2540.6666666666665,394,2478,2578,2,2,2,{2}
2019-06-30,CRLIO,"Puerto Limon",JMKIN,Kingston,1,1,"ANL; CMA CGM; Hapag-Lloyd",3,6,2411.3333333333335,591,2260,2872,2,2,2,{2}
2019-06-30,CRLIO,"Puerto Limon",PAMIT,Manzanillo,4,4,"Crowley; Hapag-Lloyd; King Ocean; ONE; Seaboard Marine",5,14,7370.166666666666,1709.6666666666665,1296,2566,1,1,1,"{1,1,1,1}"
2019-06-30,CRLIO,"Puerto Limon",USPEF,"Port Everglades FL",1,1,"Crowley; King Ocean",2,2,1296,390,1296,1296,4,4,4,{4}
2019-06-30,CRMOB,Moin,HNPCA,"Puerto Castilla",1,1,Dole,1,2,900,445,890,910,1,1,1,{1}
2019-06-30,CRMOB,Moin,IEORK,Cork,1,1,"Alianca; Hamburg Sud; Maersk Line; MSC; Seago Line; SeaLand",6,7,3947,870,3947,3947,11,11,11,{11}
2019-06-30,CRMOB,Moin,PAMIT,Manzanillo,1,1,"Alianca; Hamburg Sud; Maersk Line",3,6,2490.3333333333335,558.3333333333334,2226,2556,1,1,1,{1}
2019-06-30,CRMOB,Moin,USILG,"Wilmington DE",1,1,Dole,1,2,2046,990,2046,2046,5,5,5,{5}
2019-06-30,CRMOB,Moin,USPHL,"Philadelphia PA",1,1,"Alianca; APL; Hamburg Sud; SeaLand",4,3,2644.6666666666665,625.3333333333334,2506,2872,5,5,5,{5}
2019-06-30,CUMAR,Mariel,ITLIV,Leghorn,1,1,"Melfi Marine",1,4,2548.5,464,2474,2700,14,14,14,{14}
2019-06-30,CUMAR,Mariel,MXPGO,Progreso,1,1,"CMA CGM",1,1,1722.2857142857142,314.2857142857143,1096,1096,1,1,1,{1}
2019-06-30,CUMAR,Mariel,PAONX,Colon,1,1,"Hapag-Lloyd; Maersk Line; X-Press; ZIM",4,2,2614.5,450,2529,2700,4,4,4,{4}
2019-06-30,CUSCU,"Santiago de Cuba",COCTG,Cartagena,1,1,"Seaboard Marine; ZIM",2,3,1479.3333333333333,286,1304,1732,1,1,1,{1}
2019-06-30,CUSCU,"Santiago de Cuba",JMKIN,Kingston,1,1,"CMA CGM",1,1,1722.2857142857142,314.2857142857143,1096,1096,0,0,0,{0}
2019-06-30,CVRAI,Praia,CVVXE,"St Vincente",2,2,"Maersk Line; Safmarine; Transinsular",3,2,3726,940,894,969,1,1,1,"{1,1}"
2019-06-30,CVVXE,"St Vincente",ESALG,Algeciras,1,1,"Maersk Line; Safmarine",2,1,1788,400,894,894,4,4,4,{4}
2019-06-30,CVVXE,"St Vincente",PTLEI,Leixoes,1,1,Transinsular,1,1,1938,540,969,969,6,6,6,{6}
2019-06-30,CWWIL,Willemstad,AWBAR,Barcadera,1,1,"Caribbean Feeder; Hapag-Lloyd; ZIM",3,2,1009,242,957,1061,1,1,1,{1}
2019-06-30,CWWIL,Willemstad,AWORJ,Aruba,1,1,"Hapag-Lloyd; StreamLines",2,5,2507.4,527.2,2339,2556,0,0,0,{0}
2019-06-30,CWWIL,Willemstad,BQKRA,Bonaire,1,1,"Alianca; Crowley; Hamburg Sud; King Ocean",4,2,1818,384.5,1795,1841,1,1,1,{1}
2019-06-30,CWWIL,Willemstad,COCTG,Cartagena,1,1,"ANL; APL; CMA CGM",3,5,1296.8,365.6,1221,1347,2,2,2,{2}
2019-06-30,CYLMS,Limassol,ILASH,Ashdod,3,3,"Alianca; Borchard Lines Ltd; Hamburg Sud; Maersk Line; MSC; Safmarine; Seago Line; ZIM",8,14,10138.2,1436,1216,5762,1,1,2,"{1,1,2}"
2019-06-30,DEBRV,Bremerhaven,BEANR,Antwerp,2,2,"Alianca; ANL; Borchard Lines Ltd; CMA CGM; Hamburg Sud; Maersk Line; Safmarine; Seago Line; Turkon; ZIM",10,10,11137,1220,4504,6969,1,1.5,2,"{1,2}"
2019-06-30,DEBRV,Bremerhaven,DEHAM,Hamburg,9,8,"Alianca; ANL; CMA CGM; COSCO; Evergreen Line; Hamburg Sud; Hapag-Lloyd; MSC; OOCL; Seago Line; Unifeeder; WEC Lines; X-Press",13,27,21957.916666666664,3140.277777777778,648,9400,0,1,2,"{0,0,0,1,1,2,2,2,1}"
2019-06-30,DEBRV,Bremerhaven,DEWVN,Wilhelmshaven,2,2,"Alianca; Hamburg Sud; Hyundai; Maersk Line; MCC; MSC; Safmarine; Seago Line",8,21,30004.55769230769,2009.25,9962,20568,0,0.5,1,"{0,1}"
2019-06-30,DEBRV,Bremerhaven,DKCPH,Copenhagen,1,1,"Seago Line",1,2,1578,130,1578,1578,2,2,2,{2}
2019-06-30,DEBRV,Bremerhaven,FRLEH,"Le Havre",2,2,"APL; CMA CGM; COSCO; Evergreen Line; Hapag-Lloyd; MSC; OOCL",7,9,12094.3,1099.35,2808,8508,1,1.5,2,"{1,2}"
2019-06-30,DEBRV,Bremerhaven,GBFXT,Felixstowe,2,2,"Alianca; Hamburg Sud; Maersk Line; MSC; Safmarine; Seago Line",6,7,9434.2,1138.8,3596,7943,1,1,1,"{1,1}"
2019-06-30,DEBRV,Bremerhaven,GBLIV,Liverpool,1,1,"Alianca; Hamburg Sud; Maersk Line; MSC; Safmarine",5,5,5186.4,480,4650,5800,3,3,3,{3}
2019-06-30,DEBRV,Bremerhaven,MAPTM,Tanger,1,1,"Hamburg Sud; Hyundai; Maersk Line; MCC; MSC; Safmarine; Seago Line",7,16,13233.625,862.5,13050,14000,5,5,5,{5}
2019-06-30,DEBRV,Bremerhaven,MXATM,Altamira,1,1,"Alianca; Hamburg Sud; Maersk Line; MSC; Seago Line; SeaLand",6,7,3947,870,3947,3947,12,12,12,{12}
2019-06-30,DEBRV,Bremerhaven,NLRTM,Rotterdam,9,9,"CMA CGM; COSCO; DAL-Deutsche Afrika Linien; Evergreen Line; Hamburg Sud; Hapag-Lloyd; Hyundai; Maersk Line; Marguisa; MCC; MSC; ONE; OOCL; Safmarine; Seago Line; SeaLand; Unifeeder; X-Press",18,52,41479.36813186813,4976.802197802198,809,20568,1,1,2,"{2,1,1,1,1,2,1,1,2}"
2019-06-30,DEBRV,Bremerhaven,NOKRS,Kristiansand,1,1,"Seago Line",1,1,957,252,957,957,1,1,1,{1}
2019-06-30,DEBRV,Bremerhaven,NOMSS,Moss,1,1,"Seago Line; Unifeeder",2,1,1083,220,1083,1083,3,3,3,{3}
2019-06-30,DEBRV,Bremerhaven,PLGDN,Gdansk,1,1,"Hamburg Sud; Hyundai; Maersk Line; MCC; MSC; Safmarine; Seago Line",7,13,18656.153846153848,857.2307692307693,18270,20568,3,3,3,{3}
2019-06-30,DEBRV,Bremerhaven,RUKGD,Kaliningrad,3,3,"CMA CGM; Mann Lines; MSC",3,5,3686,777.5,648,1875,2,3,5,"{5,2,3}"
2019-06-30,DEBRV,Bremerhaven,RULED,"St Petersburg",1,1,"Maersk Line; Seago Line; SeaLand",3,8,2582.25,600,2550,2592,4,4,4,{4}
2019-06-30,DEBRV,Bremerhaven,SEGOT,Gothenburg,1,1,"Alianca; Hamburg Sud; Hyundai; Maersk Line; MCC; MSC; Safmarine; Seago Line",8,13,19809.30769230769,953,15106,20568,6,6,6,{6}
2019-06-30,DEBRV,Bremerhaven,SEHEL,Helsingborg,2,2,"Eimskip; Seago Line",2,3,2825,658,1368,1457,1,1.5,2,"{2,1}"
2019-06-30,DEBRV,Bremerhaven,SENRK,Norrköping,1,1,"CMA CGM; Evergreen Line; Hapag-Lloyd; OOCL; Unifeeder; X-Press",6,4,1043,222,1008,1085,2,2,2,{2}
2019-06-30,DEBRV,Bremerhaven,SESTO,Stockholm,1,1,X-Press,1,2,1036,250,1036,1036,3,3,3,{3}
2019-06-30,DEBRV,Bremerhaven,USCHS,"Charleston SC",2,2,"APL; CMA CGM; COSCO; Evergreen Line; Hamburg Sud; Maersk Line; MSC; OOCL; Safmarine; Seago Line; SeaLand",11,12,11357.833333333332,858.3333333333333,4544,6750,8,9,10,"{10,8}"
2019-06-30,DEBRV,Bremerhaven,USORF,"Norfolk VA",1,1,"Maersk Line; MSC; Safmarine",3,5,4510,535,4154,4658,8,8,8,{8}
2019-06-30,DEHAM,Hamburg,BEANR,Antwerp,21,21,"ACL-Atlantic Container Line; Alianca; ANL; APL; CMA CGM; COSCO; Evergreen Line; FESCO; Hamburg Sud; Hapag-Lloyd; Hyundai; MacAndrews; Maersk Line; MCC; MSC; ONE; OOCL; Safmarine; SCI-Shipping Corp. of India; Seago Line; Stinnes; Unimed Feeder Services-UFS; WEC Lines; X-Press; Yang Ming; ZIM",26,154,174002.36136363636,15400.014898989899,698,20988,1,1,3,"{1,1,2,2,2,1,2,2,2,1,1,1,2,1,1,3,1,1,2,1,1}"
2019-06-30,DEHAM,Hamburg,CAMTR,Montreal,1,1,"Hapag-Lloyd; OOCL",2,4,4364,325,4250,4402,10,10,10,{10}
2019-06-30,DEHAM,Hamburg,COCTG,Cartagena,1,1,"Hamburg Sud; Hapag-Lloyd; Maersk Line; Safmarine",4,8,4151.75,1104.25,4045,4258,12,12,12,{12}
2019-06-30,DEHAM,Hamburg,DEBRV,Bremerhaven,6,6,"Alianca; CMA CGM; Evergreen Line; Hamburg Sud; Hapag-Lloyd; Maersk Line; Mann Lines; OOCL; Safmarine; Seago Line; SeaLand; Unifeeder; X-Press",13,24,16587.5,2498.25,648,10500,0,1,1,"{1,1,1,0,1,1}"
2019-06-30,DEHAM,Hamburg,DKAAR,Aarhus,2,2,"CMA CGM; COSCO; Evergreen Line; OOCL; Sea Connect; StreamLines; Unifeeder",7,4,1778,320,660,1118,1,1.5,2,"{1,2}"
2019-06-30,DEHAM,Hamburg,DKCPH,Copenhagen,1,1,"Hapag-Lloyd; ONE",2,1,1008,234,1008,1008,2,2,2,{2}
2019-06-30,DEHAM,Hamburg,DKFRC,Fredericia,2,2,"ANL; CMA CGM; COSCO; Evergreen Line; Hapag-Lloyd; Unifeeder",6,2,1904,484,868,1036,1,1.5,2,"{1,2}"
2019-06-30,DEHAM,Hamburg,EETLL,"Tallinn Estonia",1,1,"ANL; CMA CGM; Evergreen Line; OOCL; Unifeeder",5,3,1482,303.6666666666667,1404,1638,2,2,2,{2}
2019-06-30,DEHAM,Hamburg,FRLEH,"Le Havre",4,4,"ANL; CMA CGM; CNC Line-Cheng Lie Navigation Co. Ltd.; Hapag-Lloyd; MSC; ONE; Yang Ming",7,44,31514.68888888889,3600.833333333333,5250,12119,0,1.5,2,"{1,2,0,2}"
2019-06-30,DEHAM,Hamburg,GBIMM,Immingham,1,1,"Evergreen Line; Hapag-Lloyd; Unifeeder",3,2,809,150,809,809,2,2,2,{2}
2019-06-30,DEHAM,Hamburg,GBLGP,"London Gateway",2,2,"ACL-Atlantic Container Line; APL; CMA CGM; COSCO; Hapag-Lloyd; MSC; ONE; OOCL; StreamLines; Yang Ming",10,13,13208.15,1212.5,3200,10114,1,1,1,"{1,1}"
2019-06-30,DEHAM,Hamburg,LTKLJ,"Klaipeda
",1,1,"CMA CGM; Evergreen Line; Hapag-Lloyd; OOCL; Unifeeder; X-Press",6,4,1043,222,1008,1085,3,3,3,{3}
2019-06-30,DEHAM,Hamburg,LVRIX,Riga,1,1,"Hapag-Lloyd; ONE",2,2,1430.5,308,1421,1440,4,4,4,{4}
2019-06-30,DEHAM,Hamburg,MACAS,Casablanca,1,1,"Arkas Line; Hapag-Lloyd; ONE",3,5,2755.2,526,2478,2826,1,1,1,{1}
2019-06-30,DEHAM,Hamburg,MTMAR,"Malta (Marsaxlokk)",1,1,"Alianca; CMA CGM; Hamburg Sud; Hapag-Lloyd; Maersk Line; Seago Line",6,5,6038.8,863.2,5552,6648,7,7,7,{7}
2019-06-30,DEHAM,Hamburg,NLRTM,Rotterdam,6,6,"APL; CMA CGM; COSCO; DAL-Deutsche Afrika Linien; Evergreen Line; Hapag-Lloyd; MacAndrews; ONE; OOCL; Yang Ming",10,58,69217.28787878789,4621.433333333333,868,20600,1,1,2,"{1,1,1,1,2,1}"
2019-06-30,DEHAM,Hamburg,NOFRK,Fredrikstad,1,1,"ANL; CMA CGM; Evergreen Line; Hapag-Lloyd; Seago Line; Unifeeder",6,1,1036,250,1036,1036,2,2,2,{2}
2019-06-30,DEHAM,Hamburg,PLGDY,"Gdynia Poland",2,2,"COSCO; Hapag-Lloyd; ONE; Yang Ming",4,3,2661,621,1221,1440,2,2.5,3,"{3,2}"
2019-06-30,DEHAM,Hamburg,PLSZZ,Szczecin,1,1,"ANL; CMA CGM; Unifeeder",3,1,868,300,868,868,2,2,2,{2}
2019-06-30,DEHAM,Hamburg,RUKGD,Kaliningrad,1,1,Hapag-Lloyd,1,1,868,150,868,868,1,1,1,{1}
2019-06-30,DEHAM,Hamburg,RULED,"St Petersburg",3,3,"ANL; CMA CGM; Evergreen Line; FESCO; Hapag-Lloyd; OOCL; Sea Connect; StreamLines; Unifeeder; X-Press",10,9,4203,1032,660,2500,3,4,4,"{4,3,4}"
2019-06-30,DEHAM,Hamburg,RUULU,"Ust Luga",1,1,"ANL; CMA CGM; Evergreen Line; OOCL; Unifeeder",5,3,1482,303.6666666666667,1404,1638,4,4,4,{4}
2019-06-30,DEHAM,Hamburg,SENRK,Norrköping,1,1,"Hapag-Lloyd; X-Press",2,1,648,100,648,648,2,2,2,{2}
2019-06-30,DEHAM,Hamburg,USNYC,"New York NY/NJ",1,1,"ACL-Atlantic Container Line; Hapag-Lloyd; ONE; Yang Ming",4,5,4749.4,312,4520,5100,10,10,10,{10}
2019-06-30,DELBC,Lubeck,DKAAR,Aarhus,2,2,"Containerships; MacAndrews",2,2,1130,220,326,804,1,1.5,2,"{2,1}"
2019-06-30,DELBC,Lubeck,FIHEL,Helsinki,1,1,"Containerships; MacAndrews",2,3,803.3333333333334,180,803,804,2,2,2,{2}
2019-06-30,DELBC,Lubeck,NOOSL,Oslo,1,1,"Containerships; MacAndrews",2,1,326,40,326,326,2,2,2,{2}
2019-06-30,DEWVN,Wilhelmshaven,DEBRV,Bremerhaven,1,1,"Seago Line",1,2,1578,130,1578,1578,1,1,1,{1}
2019-06-30,DEWVN,Wilhelmshaven,DEHAM,Hamburg,1,1,"ANL; CMA CGM; FESCO; Hapag-Lloyd; Unifeeder",5,2,2500,710,2500,2500,2,2,2,{2}
2019-06-30,DEWVN,Wilhelmshaven,EGPSD,"Port Said",1,1,"Alianca; Hamburg Sud; Hyundai; Maersk Line; MCC; MSC; Safmarine; Seago Line",8,13,19809.30769230769,953,15106,20568,4,4,4,{4}
2019-06-30,DEWVN,Wilhelmshaven,GRPIR,Piraeus,1,1,"APL; CMA CGM; COSCO; Evergreen Line; OOCL",5,11,20252.545454545452,1294.9090909090908,14074,21413,8,8,8,{8}
2019-06-30,DEWVN,Wilhelmshaven,NLRTM,Rotterdam,1,1,"Alianca; Hamburg Sud; Maersk Line; Safmarine; Seago Line",5,8,10195.25,1056.25,9962,10500,1,1,1,{1}
2019-06-30,DJJIB,Djibouti,OMSLL,Salalah,2,2,"APL; Maersk Line; Safmarine",3,16,9816.254545454545,1020,3426,6696,2,2,2,"{2,2}"
2019-06-30,DJJIB,Djibouti,PKBQM,"Port Qasim",1,1,"APL; CMA CGM; COSCO; Hapag-Lloyd; MSC; ONE; OOCL; WEC Lines",8,8,8822.5,818,8200,9200,7,7,7,{7}
2019-06-30,DJJIB,Djibouti,SAJED,Jeddah,2,2,"APL; CMA CGM; COSCO; Evergreen Line; OOCL; PIL; Unimed Feeder Services-UFS",7,12,10121.125,785,3000,11923,2,2.5,3,"{3,2}"
2019-06-30,DJJIB,Djibouti,SAKAC,"King Abdullah City",2,2,"Maersk Line; MSC; Safmarine",3,9,8550.55,975,3426,5100,3,3.5,4,"{3,4}"
2019-06-30,DJJIB,Djibouti,SGSIN,Singapore,1,1,"APL; CMA CGM; COSCO; Evergreen Line; OOCL; PIL",6,8,7064.875,475,10020,11923,11,11,11,{11}
2019-06-30,DKAAL,Aalborg,DEBRV,Bremerhaven,1,1,"ANL; CMA CGM; COSCO; Evergreen Line; Hapag-Lloyd; Unifeeder",6,1,868,234,868,868,1,1,1,{1}
2019-06-30,DKAAL,Aalborg,GLGOH,Nuuk,1,1,"Royal Arctic Line",1,2,974.2857142857143,214.28571428571428,582,782,8,8,8,{8}
2019-06-30,DKAAL,Aalborg,ISREY,Reykjavik,1,1,"Royal Arctic Line",1,1,2346,300,782,782,4,4,4,{4}
2019-06-30,DKAAR,Aarhus,BEANR,Antwerp,1,1,MSC,1,1,1438,60,1438,1438,2,2,2,{2}
2019-06-30,DKAAR,Aarhus,DEBRV,Bremerhaven,2,2,"Alianca; CMA CGM; COSCO; Evergreen Line; Hamburg Sud; Hapag-Lloyd; Hyundai; Maersk Line; MCC; MSC; OOCL; Safmarine; Seago Line; Unifeeder; X-Press",15,14,20618.30769230769,1103,809,20568,1,1,1,"{1,1}"
2019-06-30,DKAAR,Aarhus,DELBC,Lubeck,1,1,"Containerships; MacAndrews",2,1,326,40,326,326,1,1,1,{1}
2019-06-30,DKAAR,Aarhus,DKAAL,Aalborg,1,1,"ANL; CMA CGM; COSCO; Evergreen Line; Hapag-Lloyd; Unifeeder",6,1,868,234,868,868,1,1,1,{1}
2019-06-30,DKAAR,Aarhus,DKFRC,Fredericia,1,1,"CMA CGM; COSCO; Evergreen Line; OOCL; Unifeeder",5,1,1118,220,1118,1118,0,0,0,{0}
2019-06-30,DKAAR,Aarhus,FIHEL,Helsinki,1,1,"Containerships; MacAndrews",2,1,804,180,804,804,2,2,2,{2}
2019-06-30,DKAAR,Aarhus,FOTHO,Thorshavn,1,1,Eimskip,1,2,1457,400,1457,1457,1,1,1,{1}
2019-06-30,DKAAR,Aarhus,ISREY,Reykjavik,1,1,Eimskip,1,2,877,231,877,877,5,5,5,{5}
2019-06-30,DKAAR,Aarhus,LTKLJ,"Klaipeda
",1,1,"Containerships; MacAndrews",2,1,658,102,658,658,2,2,2,{2}
2019-06-30,DKAAR,Aarhus,PLGDY,"Gdynia Poland",1,1,Eimskip,1,2,877,231,877,877,1,1,1,{1}
2019-06-30,DKAAR,Aarhus,RULED,"St Petersburg",1,1,"Sea Connect; StreamLines",2,3,660,100,660,660,2,2,2,{2}
2019-06-30,DKAAR,Aarhus,SEGOT,Gothenburg,2,2,"CMA CGM; COSCO; Evergreen Line; Hapag-Lloyd; ONE; OOCL; Unifeeder",7,2,2126,454,1008,1118,0,0.5,1,"{0,1}"
2019-06-30,DKCPH,Copenhagen,DEBRV,Bremerhaven,1,1,"Seago Line",1,1,1368,258,1368,1368,2,2,2,{2}
2019-06-30,DKCPH,Copenhagen,DKAAR,Aarhus,1,1,"Hapag-Lloyd; ONE",2,1,1008,234,1008,1008,1,1,1,{1}
2019-06-30,DKCPH,Copenhagen,DKFRC,Fredericia,1,1,MSC,1,1,1438,60,1438,1438,1,1,1,{1}
2019-06-30,DKCPH,Copenhagen,PLGDN,Gdansk,1,1,"Seago Line",1,2,1578,130,1578,1578,1,1,1,{1}
2019-06-30,DKFRC,Fredericia,DKAAR,Aarhus,1,1,MSC,1,1,1438,60,1438,1438,1,1,1,{1}
2019-06-30,DKFRC,Fredericia,DKKAL,Kalundborg,1,1,"ANL; CMA CGM; COSCO; Evergreen Line; Hapag-Lloyd; Unifeeder",6,1,868,234,868,868,0,0,0,{0}
2019-06-30,DKFRC,Fredericia,SEHEL,Helsingborg,2,2,"CMA CGM; COSCO; Evergreen Line; Hapag-Lloyd; OOCL; Unifeeder",6,2,2154,470,1036,1118,1,1,1,"{1,1}"
2019-06-30,DKKAL,Kalundborg,DKAAR,Aarhus,1,1,"ANL; CMA CGM; COSCO; Evergreen Line; Hapag-Lloyd; Unifeeder",6,1,868,234,868,868,1,1,1,{1}
2019-06-30,DMRSU,Roseau,BBBGI,Bridgetown,1,1,"King Ocean",1,2,2075,472,957,1118,1,1,1,{1}
2019-06-30,DOCAU,Caucedo,BRSSZ,Santos,1,1,"MSC; ZIM",2,8,5918.75,537.5,5550,6750,10,10,10,{10}
2019-06-30,DOCAU,Caucedo,CAHAL,Halifax,1,1,"Tropical Shipping",1,2,1133,240,1118,1148,3,3,3,{3}
2019-06-30,DOCAU,Caucedo,COCTG,Cartagena,2,2,"Alianca; ANL; CMA CGM; COSCO; Hamburg Sud; Hapag-Lloyd; MSC",7,18,21705.222222222223,3403.666666666667,9400,12119,1,1.5,2,"{1,2}"
2019-06-30,DOCAU,Caucedo,DOHAI,"Rio Haina",2,2,"APL; Caribbean Feeder; Crowley; Evergreen Line; Hapag-Lloyd; Maersk Line; MSC; ONE; SeaLand; ZIM",10,7,4623.8,749.3,1061,3649,0,0,0,"{0,0}"
2019-06-30,DOCAU,Caucedo,ESVLC,Valencia,1,1,"Hapag-Lloyd; ZIM",2,8,5704.875,486,5500,5962,13,13,13,{13}
2019-06-30,DOCAU,Caucedo,GTSTC,"Santo Tomas de Castilla",1,1,"Caribbean Feeder; COSCO; Hapag-Lloyd; Seaboard Marine; ZIM",5,2,1026.5,226,957,1096,6,6,6,{6}
2019-06-30,DOCAU,Caucedo,JMKIN,Kingston,2,2,"ANL; CMA CGM; Hapag-Lloyd; MSC; ZIM",5,9,5771.666666666667,1044.3333333333333,2260,4549,1,1.5,2,"{1,2}"
2019-06-30,DOCAU,Caucedo,MAPTM,Tanger,1,1,"Alianca; Hamburg Sud; Hapag-Lloyd; ZIM",4,12,4692.083333333333,360.8333333333333,4250,4890,10,10,10,{10}
2019-06-30,DOCAU,Caucedo,NLRTM,Rotterdam,1,1,"Alianca; ANL; CMA CGM; COSCO; Hamburg Sud; Hapag-Lloyd",6,9,10371,1626.6666666666667,9400,10926,10,10,10,{10}
2019-06-30,DOCAU,Caucedo,PACTB,Cristobal,1,1,MSC,1,3,2538.6666666666665,426.6666666666667,2520,2572,6,6,6,{6}
2019-06-30,DOCAU,Caucedo,PAONX,Colon,1,1,"APL; Evergreen Line; Maersk Line; MSC; ONE; SeaLand",6,2,3535,524.5,3421,3649,2,2,2,{2}
2019-06-30,DOCAU,Caucedo,PRSJU,"San Juan PR",1,1,"Hapag-Lloyd; ONE",2,6,2423.5,484.3333333333333,2339,2566,1,1,1,{1}
2019-06-30,DOCAU,Caucedo,SGSIN,Singapore,1,1,"Alianca; ANL; APL; CMA CGM; COSCO; Hamburg Sud; Hapag-Lloyd; Maersk Line; MCC",9,12,9679.416666666666,951.6666666666666,8704,11040,35,35,35,{35}
2019-06-30,DOCAU,Caucedo,TTPOS,"Port of Spain",1,1,"Caribbean Feeder; Crowley; Hapag-Lloyd; ZIM",4,5,1088.8,224.8,1061,1118,2,2,2,{2}
2019-06-30,DOCAU,Caucedo,TTPTS,"Point Lisas",1,1,"Caribbean Feeder; ZIM",2,2,1102,220,1102,1102,2,2,2,{2}
2019-06-30,DOCAU,Caucedo,USSAV,"Savannah GA",1,1,"CMA CGM; Hapag-Lloyd; ONE; Yang Ming",4,11,4902,340.3636363636364,4738,5014,4,4,4,{4}
2019-06-30,DOHAI,"Rio Haina",COBAQ,Barranquilla,1,1,"King Ocean",1,2,2075,472,957,1118,2,2,2,{2}
2019-06-30,DOHAI,"Rio Haina",COCTG,Cartagena,1,1,"King Ocean",1,1,1914,440,957,957,2,2,2,{2}
2019-06-30,DOHAI,"Rio Haina",DOCAU,Caucedo,1,1,MSC,1,3,2538.6666666666665,426.6666666666667,2520,2572,0,0,0,{0}
2019-06-30,DOHAI,"Rio Haina",DOPOP,"Puerto Plata",1,1,"Seaboard Marine",1,1,1114,220,1114,1114,2,2,2,{2}
2019-06-30,DOHAI,"Rio Haina",HTLFF,"Port Lafito",2,2,"Seaboard Marine; ZIM",2,5,3258.833333333333,669.5,1304,1819,0,0.5,1,"{1,0}"
2019-06-30,DOHAI,"Rio Haina",JMKIN,Kingston,2,2,"Caribbean Feeder; COSCO; Hapag-Lloyd; Seaboard Marine; ZIM",5,5,3052.6666666666665,565.3333333333333,698,2500,1,2,3,"{1,3}"
2019-06-30,DOHAI,"Rio Haina",PRSJU,"San Juan PR",3,3,"APL; Caribbean Feeder; Crowley; Evergreen Line; Hapag-Lloyd; Maersk Line; MSC; ONE; SeaLand; ZIM",10,8,5327.8,865.3,704,3649,1,1,2,"{2,1,1}"
2019-06-30,DOHAI,"Rio Haina",SXSXM,"St Maarten",1,1,"ANL; APL; CMA CGM",3,5,1296.8,365.6,1221,1347,2,2,2,{2}
2019-06-30,DOHAI,"Rio Haina",USPEF,"Port Everglades FL",1,1,"King Ocean",1,2,2075,472,957,1118,3,3,3,{3}
2019-06-30,DOHAI,"Rio Haina",USPHL,"Philadelphia PA",1,1,"Seaboard Marine",1,3,2354.6666666666665,445.3333333333333,2122,2500,4,4,4,{4}
2019-06-30,DOPOP,"Puerto Plata",DOHAI,"Rio Haina",1,1,"Seaboard Marine",1,3,2354.6666666666665,445.3333333333333,2122,2500,1,1,1,{1}
2019-06-30,DOPOP,"Puerto Plata",USMIA,"Miami FL",2,2,"Seaboard Marine",1,3,2893.5,603.5,1114,1819,2,2,2,"{2,2}"
2019-06-30,ECESM,Esmeraldas,CLARI,Arica,1,1,"Maersk Line; SeaLand",2,3,2426.6666666666665,480,2339,2602,5,5,5,{5}
2019-06-30,ECGYE,Guayaquil,CLARI,Arica,1,1,"Alianca; Hamburg Sud; Hapag-Lloyd",3,8,4406.875,522.5,3421,5762,4,4,4,{4}
2019-06-30,ECGYE,Guayaquil,COBUN,Buenaventura,2,2,"COSCO; Evergreen Line; Hapag-Lloyd; Hyundai; MSC; ONE; OOCL; SeaLand",8,13,10456,1528.818181818182,1795,7241,2,2,2,"{2,2}"
2019-06-30,ECGYE,Guayaquil,CRCAL,"Puerto Caldera",1,1,Dole,1,3,1540,770,1540,1540,2,2,2,{2}
2019-06-30,ECGYE,Guayaquil,ECPBO,"Puerto Bolivar EC",2,2,"Maersk Line; MSC; Seago Line; SeaLand",4,15,6694.25,1900,2550,4112,1,1.5,2,"{1,2}"
2019-06-30,ECGYE,Guayaquil,MXLZC,"Lazaro Cardenas",1,1,"APL; CMA CGM; COSCO; Evergreen Line; PIL",5,11,9915.363636363636,1465.2727272727273,9400,10622,10,10,10,{10}
2019-06-30,ECGYE,Guayaquil,MXZLO,"Manzanillo, MEX",1,1,"COSCO; Evergreen Line; PIL; Wan Hai; Yang Ming",5,10,6070.2,493,4896,6712,7,7,7,{7}
2019-06-30,ECGYE,Guayaquil,PABLB,Balboa,2,2,"APL; Maersk Line; ONE; Safmarine; SeaLand; X-Press",6,13,4337.681818181818,1215,1180,3078,3,3,3,"{3,3}"
2019-06-30,ECGYE,Guayaquil,PAMIT,Manzanillo,1,1,"Seaboard Marine",1,3,1296,390,1296,1296,3,3,3,{3}
2019-06-30,ECGYE,Guayaquil,PAROD,Rodman,1,1,MSC,1,1,2440,800,2440,2440,2,2,2,{2}
2019-06-30,ECGYE,Guayaquil,PECLL,Callao,5,5,"APL; COSCO; Evergreen Line; Hapag-Lloyd; King Ocean; ONE; OOCL; Seaboard Marine; SeaLand; X-Press",10,9,11139.5,2322,601,2122,1,3,5,"{2,5,3,3,1}"
2019-06-30,ECGYE,Guayaquil,PEPAI,Paita,1,1,MSC,1,7,4112,1300,4112,4112,1,1,1,{1}
2019-06-30,ECGYE,Guayaquil,USPEF,"Port Everglades FL",1,1,"King Ocean",1,1,1202,200,601,601,8,8,8,{8}
2019-06-30,ECPBO,"Puerto Bolivar EC",ECGYE,Guayaquil,1,1,MSC,1,7,4112,1300,4112,4112,2,2,2,{2}
2019-06-30,ECPBO,"Puerto Bolivar EC",PAMIT,Manzanillo,1,1,"Maersk Line; Seago Line; SeaLand",3,8,2582.25,600,2550,2592,4,4,4,{4}
2019-06-30,EETLL,"Tallinn Estonia",DEBRV,Bremerhaven,1,1,MSC,1,2,3005,100,3005,3005,3,3,3,{3}
2019-06-30,EETLL,"Tallinn Estonia",FIRAU,"Rauma Finland",2,2,"ANL; CMA CGM; Evergreen Line; Hapag-Lloyd; ONE; OOCL; Unifeeder",7,5,2922,619.6666666666667,1404,1638,1,1.5,2,"{2,1}"
2019-06-30,EETLL,"Tallinn Estonia",NLRTM,Rotterdam,1,1,"CMA CGM; Evergreen Line; Hapag-Lloyd; OOCL; Unifeeder; X-Press",6,7,998.7142857142857,244.57142857142858,877,1093,3,3,3,{3}
2019-06-30,EETLL,"Tallinn Estonia",RULED,"St Petersburg",1,1,"Seago Line",1,1,1578,130,1578,1578,1,1,1,{1}
2019-06-30,EETLL,"Tallinn Estonia",SESTO,Stockholm,1,1,MSC,1,2,1440,431,1440,1440,1,1,1,{1}
2019-06-30,EGALY,Alexandria,ILHFA,Haifa,1,1,"Alianca; Borchard Lines Ltd; Hamburg Sud; Maersk Line; Safmarine; Seago Line; ZIM",7,5,4504,700,4504,4504,0,0,0,{0}
2019-06-30,EGALY,Alexandria,ITSAL,Salerno,1,1,"Arkas Line; CMA CGM; Tarros",3,4,2117.1428571428573,357.85714285714283,1139,1740,5,5,5,{5}
2019-06-30,EGALY,Alexandria,LBBEY,Beirut,1,1,"Alianca; CMA CGM; Hamburg Sud; Hapag-Lloyd; Maersk Line; Seago Line",6,5,6038.8,863.2,5552,6648,1,1,1,{1}
2019-06-30,EGALY,Alexandria,TRMER,Mersin,3,3,"COSCO; Evergreen Line; Hapag-Lloyd; MSC; OOCL; Turkon; WEC Lines",7,19,16257.876190476189,1686.142857142857,1878,8814,1,2,3,"{2,1,3}"
2019-06-30,EGDAM,Damietta,ESBCN,Barcelona,1,1,"Hapag-Lloyd; ONE; Yang Ming",3,11,11585.454545454546,818.1818181818181,10000,13870,6,6,6,{6}
2019-06-30,EGDAM,Damietta,GRPIR,Piraeus,1,1,"ANL; CMA CGM; CNC Line-Cheng Lie Navigation Co. Ltd.; Hapag-Lloyd",4,14,6711.5,543,6350,6927,2,2,2,{2}
2019-06-30,EGDAM,Damietta,JOAQB,Aqaba,1,1,"ANL; CMA CGM; COSCO; Hapag-Lloyd; OOCL",5,8,6538,537,5618,7179,2,2,2,{2}
2019-06-30,EGDAM,Damietta,REPDG,"Reunion Island",1,1,"ANL; CMA CGM; CNC Line-Cheng Lie Navigation Co. Ltd.; Hapag-Lloyd",4,14,6711.5,543,6350,6927,13,13,13,{13}
2019-06-30,EGDAM,Damietta,SAJED,Jeddah,2,2,"ANL; CMA CGM; COSCO; Hapag-Lloyd; ONE; Yang Ming",6,17,17838.28787878788,1429.8484848484848,5600,13870,3,3.5,4,"{3,4}"
2019-06-30,EGDAM,Damietta,TRAMB,"Istanbul (Ambarli)",1,1,"Maersk Line; Safmarine",2,8,6804,820.5,6690,7154,3,3,3,{3}
2019-06-30,EGDAM,Damietta,USNYC,"New York NY/NJ",1,1,"ANL; APL; CMA CGM; Hapag-Lloyd; ONE; OOCL",6,9,8090.7777777777765,1027.7777777777778,8004,8465,12,12,12,{12}
2019-06-30,EGEDK,"El Dekheila",TRISK,Iskenderun,1,1,"COSCO; Evergreen Line; OOCL; Yang Ming",4,5,3402.8,411.6,4250,4256,2,2,2,{2}
2019-06-30,EGPSD,"Port Said",DJJIB,Djibouti,1,1,"APL; Maersk Line; Safmarine",3,11,6337.454545454545,500,6188,6696,4,4,4,{4}
2019-06-30,EGPSD,"Port Said",EGDAM,Damietta,1,1,"Maersk Line; Safmarine",2,8,6804,820.5,6690,7154,2,2,2,{2}
2019-06-30,EGPSD,"Port Said",ESALG,Algeciras,2,2,"Alianca; Hamburg Sud; Maersk Line; Safmarine",4,11,5393.285714285714,985.6428571428571,2472,3100,7,7,7,"{7,7}"
2019-06-30,EGPSD,"Port Said",ILHFA,Haifa,1,1,"Alianca; Hamburg Sud; Maersk Line; MCC; MSC; Safmarine; ZIM",7,11,14930.363636363636,1000,13200,15226,1,1,1,{1}
2019-06-30,EGPSD,"Port Said",ITGIT,"Gioia Tauro",1,1,"Hamburg Sud; Hyundai; Maersk Line; MCC; MSC; Safmarine",6,11,19128.727272727272,815.4545454545454,18270,19224,3,3,3,{3}
2019-06-30,EGPSD,"Port Said",LBBEY,Beirut,1,1,"APL; CMA CGM; COSCO; Evergreen Line; OOCL",5,10,8493.2,1149.6,9000,10622,2,2,2,{2}
2019-06-30,EGPSD,"Port Said",MAPTM,Tanger,1,1,"Maersk Line; Safmarine",2,7,7036.857142857143,576.5714285714286,6478,8540,8,8,8,{8}
2019-06-30,EGPSD,"Port Said",SAJED,Jeddah,5,5,"ANL; APL; CMA CGM; COSCO; Evergreen Line; Hapag-Lloyd; Maersk Line; ONE; OOCL; Safmarine",10,44,36834.234920634924,4214.5492063492065,5301,10622,2,3,3,"{2,3,3,2,3}"
2019-06-30,EGPSD,"Port Said",SAKAC,"King Abdullah City",2,2,"Alianca; Hamburg Sud; Hyundai; Maersk Line; MCC; MSC; Safmarine; ZIM",8,22,34059.09090909091,1815.4545454545455,13200,19224,2,2,2,"{2,2}"
2019-06-30,EGPSD,"Port Said",SGSIN,Singapore,1,1,"Alianca; Hamburg Sud; Hyundai; Maersk Line; MCC; MSC; Safmarine; Seago Line",8,13,19809.30769230769,953,15106,20568,17,17,17,{17}
2019-06-30,EGPSD,"Port Said",TRIZT,Izmit,1,1,"Maersk Line; MCC; MSC; Safmarine; ZIM",5,10,14416.8,1160,13050,15908,3,3,3,{3}
2019-06-30,EGPSD,"Port Said",TRMER,Mersin,2,2,"ANL; APL; CMA CGM; COSCO; Hapag-Lloyd; MSC; OOCL; ZIM",8,13,14837.97619047619,1711.6666666666665,4392,9580,1,1,1,"{1,1}"
2019-06-30,EGSOK,Sokhna,JOAQB,Aqaba,2,2,"APL; CMA CGM; COSCO; Evergreen Line; OOCL; PIL",6,17,17655.208333333336,1159.4444444444443,10020,14500,1,1,1,"{1,1}"
2019-06-30,EGSOK,Sokhna,LKCMB,Colombo,1,1,MSC,1,4,5071.75,455,5042,5100,12,12,12,{12}
2019-06-30,EGSOK,Sokhna,SAJED,Jeddah,2,2,"Alianca; Hamburg Sud; Hapag-Lloyd; Maersk Line; ONE; Safmarine; Wan Hai; Yang Ming",8,12,7945.75,1089.5,2824,6673,1,2.5,4,"{4,1}"
2019-06-30,ESACE,Arrecife,ESFUE,"Puerto del Rosario",1,1,"WEC Lines",1,2,868,234,868,868,0,0,0,{0}
2019-06-30,ESACE,Arrecife,ESLPA,"Las Palmas, Can Is",2,2,"Yaiza Shipping",1,2,3214,720,803,804,1,1,1,"{1,1}"
2019-06-30,ESACE,Arrecife,ESSAG,Sagunto,1,1,"Arkas Line; Nisa Maritima",2,2,946,210,942,950,4,4,4,{4}
2019-06-30,ESACE,Arrecife,ESVIL,Vilagarcia,1,1,"ANL; Boluda Lines; CMA CGM",3,2,1176,203,1085,1267,4,4,4,{4}
2019-06-30,ESAGP,Malaga,ESALG,Algeciras,1,1,"Maersk Line; Safmarine; Seago Line",3,8,2611.375,435.625,1795,3600,2,2,2,{2}
2019-06-30,ESAGP,Malaga,JOAQB,Aqaba,1,1,"Alianca; Hamburg Sud; Maersk Line; Safmarine",4,4,2893,564.5,2824,3100,6,6,6,{6}
2019-06-30,ESAGP,Malaga,MAPTM,Tanger,1,1,"CMA CGM; Hapag-Lloyd",2,6,3422.6666666666665,566.1666666666666,2400,3832,1,1,1,{1}
2019-06-30,ESAGP,Malaga,MTMAR,"Malta (Marsaxlokk)",1,1,"Alianca; ANL; CMA CGM; Hamburg Sud; Maersk Line; Safmarine",6,8,8797.125,1607.25,8500,9300,4,4,4,{4}
2019-06-30,ESAGP,Malaga,USNYC,"New York NY/NJ",1,1,"Maersk Line; Safmarine; SeaLand",3,11,3077.1818181818185,802,3075,3078,8,8,8,{8}
2019-06-30,ESALC,Alicante,ESBCN,Barcelona,3,3,"Boluda Lines; CMA CGM; Hapag-Lloyd; Yaiza Shipping",4,4,4944,1070,803,1730,1,1,3,"{1,3,1}"
2019-06-30,ESALC,Alicante,ESLPA,"Las Palmas, Can Is",2,2,"Boluda Lines; Maersk Line; X-Press; Yaiza Shipping",4,4,1667,394,803,868,3,3.5,4,"{4,3}"
2019-06-30,ESALG,Algeciras,AOLAD,Luanda,1,1,"Maersk Line; Safmarine; Seago Line",3,8,2611.375,435.625,1795,3600,9,9,9,{9}
2019-06-30,ESALG,Algeciras,BJCOO,Cotonou,1,1,"Arkas Line; CMA CGM; Hapag-Lloyd; ONE",4,4,4265.25,456,4250,4308,8,8,8,{8}
2019-06-30,ESALG,Algeciras,BRSSZ,Santos,1,1,"Alianca; CMA CGM; COSCO; Hamburg Sud; Hapag-Lloyd; Maersk Line; Safmarine",7,8,9669,1600,9669,9669,10,10,10,{10}
2019-06-30,ESALG,Algeciras,CAMTR,Montreal,1,1,"Maersk Line; Safmarine",2,5,2255.8,307.2,1839,2500,10,10,10,{10}
2019-06-30,ESALG,Algeciras,CGPNR,"Pointe Noire",2,2,"ANL; CMA CGM; Maersk Line; Marguisa; NileDutch; Safmarine",6,13,7733.071428571428,1052.952380952381,2478,4380,10,11,12,"{10,12}"
2019-06-30,ESALG,Algeciras,COCTG,Cartagena,1,1,"Alianca; Hamburg Sud; Maersk Line",3,6,2490.3333333333335,558.3333333333334,2226,2556,12,12,12,{12}
2019-06-30,ESALG,Algeciras,CVRAI,Praia,2,2,"Maersk Line; Safmarine; Transinsular",3,2,3726,940,894,969,5,5,5,"{5,5}"
2019-06-30,ESALG,Algeciras,DEBRV,Bremerhaven,1,1,"Hamburg Sud; Hyundai; Maersk Line; MCC; MSC; Safmarine; Seago Line",7,13,18656.153846153848,857.2307692307693,18270,20568,4,4,4,{4}
2019-06-30,ESALG,Algeciras,EGALY,Alexandria,1,1,"Hapag-Lloyd; Turkon",2,5,2816.7428571428572,509.14285714285717,1878,2824,6,6,6,{6}
2019-06-30,ESALG,Algeciras,EGPSD,"Port Said",1,1,"APL; Maersk Line; Safmarine",3,11,6337.454545454545,500,6188,6696,5,5,5,{5}
2019-06-30,ESALG,Algeciras,ESAGP,Malaga,2,2,"Alianca; Hamburg Sud; Maersk Line; Safmarine; SeaLand",5,15,5970.181818181818,1366.5,2824,3100,1,1,1,"{1,1}"
2019-06-30,ESALG,Algeciras,ESALC,Alicante,1,1,"Maersk Line; X-Press",2,3,864,214,862,868,1,1,1,{1}
2019-06-30,ESALG,Algeciras,ESBCN,Barcelona,1,1,"Maersk Line; MSC; Safmarine; SeaLand",4,8,7786.625,612.875,6648,9403,2,2,2,{2}
2019-06-30,ESALG,Algeciras,ESCAR,"Cartagena, Spain",1,1,"Maersk Line; X-Press",2,3,864,214,862,868,2,2,2,{2}
2019-06-30,ESALG,Algeciras,ESVLC,Valencia,3,3,"Maersk Line; Marguisa; MSC; Safmarine; X-Press",5,17,16050.142857142857,1376.5714285714284,707,9200,1,2,2,"{2,1,2}"
2019-06-30,ESALG,Algeciras,FRDKK,Dunkirk,1,1,"ANL; APL; CMA CGM; COSCO; NileDutch",5,6,3781,566.6666666666666,3650,4043,4,4,4,{4}
2019-06-30,ESALG,Algeciras,FRFOS,"Marseilles-Fos (Fos)",1,1,"APL; CMA CGM; COSCO; Hapag-Lloyd; ONE; OOCL; Yang Ming; ZIM",8,6,8516.166666666666,717.3333333333334,8063,8749,4,4,4,{4}
2019-06-30,ESALG,Algeciras,GBFXT,Felixstowe,1,1,"Alianca; CMA CGM; Hamburg Sud; Hapag-Lloyd; Maersk Line; Seago Line",6,5,6038.8,863.2,5552,6648,3,3,3,{3}
2019-06-30,ESALG,Algeciras,GBLGP,"London Gateway",1,1,"ANL; CMA CGM; Marfret",3,6,1999.1666666666667,428.3333333333333,1678,2339,4,4,4,{4}
2019-06-30,ESALG,Algeciras,GBSOU,Southampton,1,1,"APL; CMA CGM; COSCO; Evergreen Line; OOCL",5,12,13605.333333333334,1067.5,1380,20600,3,3,3,{3}
2019-06-30,ESALG,Algeciras,GNCKY,Conakry,1,1,"CMA CGM",1,4,2630,418,2474,2785,6,6,6,{6}
2019-06-30,ESALG,Algeciras,GRPIR,Piraeus,1,1,"Maersk Line; Safmarine; SeaLand",3,11,3077.1818181818185,802,3075,3078,6,6,6,{6}
2019-06-30,ESALG,Algeciras,ITLIV,Leghorn,2,2,"Alianca; CMA CGM; Hamburg Sud; Maersk Line; Marfret",5,12,5087.666666666667,1114.8333333333335,2226,2758,3,3,3,"{3,3}"
2019-06-30,ESALG,Algeciras,ITSAL,Salerno,1,1,"Maersk Line; Safmarine",2,5,2255.8,307.2,1839,2500,4,4,4,{4}
2019-06-30,ESALG,Algeciras,MACAS,Casablanca,2,2,"Arkas Line; CMA CGM; Marguisa; Tarros; X-Press",5,7,2824.1428571428573,507.85714285714283,707,1740,2,2,2,"{2,2}"
2019-06-30,ESALG,Algeciras,MAPTM,Tanger,3,3,"ANL; CMA CGM; Maersk Line; Marguisa; Safmarine",5,16,6753.619047619047,1283.8095238095239,1341,3600,1,1,1,"{1,1,1}"
2019-06-30,ESALG,Algeciras,NGAPP,Apapa,1,1,"Maersk Line; Safmarine",2,6,3627,328,4250,4496,13,13,13,{13}
2019-06-30,ESALG,Algeciras,NLRTM,Rotterdam,2,2,"Alianca; CMA CGM; COSCO; DAL-Deutsche Afrika Linien; Hamburg Sud; Hapag-Lloyd; Maersk Line; Marguisa; ONE; Safmarine; Seago Line",11,16,16635,2937.5,6350,9669,3,4.5,6,"{6,3}"
2019-06-30,ESALG,Algeciras,PTLIS,Lisbon,1,1,"CMA CGM; MacAndrews; X-Press",3,1,822,200,822,822,1,1,1,{1}
2019-06-30,ESALG,Algeciras,PTSIE,Sines,2,2,"Maersk Line; MSC; Safmarine; SeaLand",4,15,16092.910714285714,1262.875,6648,9403,1,1,1,"{1,1}"
2019-06-30,ESALG,Algeciras,SGSIN,Singapore,1,1,"Alianca; Hamburg Sud; Hyundai; Maersk Line; MCC; MSC; Safmarine; Seago Line",8,12,18191.166666666668,756.1666666666666,15550,20568,20,20,20,{20}
2019-06-30,ESALG,Algeciras,SNDKR,Dakar,4,4,"ANL; APL; CMA CGM; COSCO; Maersk Line; Messina; MSC; NileDutch; Safmarine",9,19,12618.599999999999,2023.8666666666666,2474,4250,4,4.5,5,"{5,5,4,4}"
2019-06-30,ESALG,Algeciras,USNYC,"New York NY/NJ",2,2,"APL; Hapag-Lloyd; Maersk Line; Safmarine; Turkon",5,16,9154.197402597401,1009.1428571428571,1878,6696,9,9.5,10,"{10,9}"
2019-06-30,ESALG,Algeciras,ZACPT,"Cape Town",1,1,"DAL-Deutsche Afrika Linien; Maersk Line; Marguisa; ONE; Safmarine; Seago Line",6,8,6966,1337.5,6350,7450,11,11,11,{11}
2019-06-30,ESBCN,Barcelona,ESLEI,Almeria,1,1,"Marguisa; X-Press",2,3,707,150,707,707,2,2,2,{2}
2019-06-30,ESBCN,Barcelona,ESSAG,Sagunto,1,1,"Arkas Line; Nisa Maritima",2,2,946,210,942,950,1,1,1,{1}
2019-06-30,ESBCN,Barcelona,ESVLC,Valencia,13,13,"Alianca; ANL; APL; Boluda Lines; CMA CGM; COSCO; Hamburg Sud; Hapag-Lloyd; Hyundai; Maersk Line; Marfret; MCC; Melfi Marine; MSC; ONE; OOCL; Safmarine; SeaLand; WEC Lines; Yang Ming; ZIM",21,94,82908.64015151515,7893.42803030303,868,19224,0,1,2,"{2,2,1,2,2,1,2,0,0,0,1,2,1}"
2019-06-30,ESBCN,Barcelona,FRFOS,"Marseilles-Fos (Fos)",2,2,"ANL; APL; CMA CGM; COSCO; Evergreen Line; Hapag-Lloyd; OOCL",7,19,18278.818181818184,1346.090909090909,5618,13208,0,0.5,1,"{0,1}"
2019-06-30,ESBCN,Barcelona,GBFXT,Felixstowe,1,1,"MSC; SCI-Shipping Corp. of India",2,8,11879.5,781.875,4814,13102,8,8,8,{8}
2019-06-30,ESBCN,Barcelona,ITGIT,"Gioia Tauro",2,2,"Maersk Line; MSC; Safmarine; SeaLand",4,19,16677.079545454544,1447.965909090909,6648,9403,2,2,2,"{2,2}"
2019-06-30,ESBCN,Barcelona,ITGOA,Genoa,3,3,"Hapag-Lloyd; MSC; Yaiza Shipping; ZIM",4,10,11996.625,1710.5,803,8948,1,2,4,"{1,4,2}"
2019-06-30,ESBCN,Barcelona,SAKAC,"King Abdullah City",2,2,"Alianca; Hamburg Sud; Hyundai; Maersk Line; MCC; MSC; Safmarine; ZIM",8,23,22268.59090909091,1593.121212121212,8034,14036,7,7,7,"{7,7}"
2019-06-30,ESBCN,Barcelona,TRIZM,Izmir,1,1,MSC,1,8,4703,488.5,4132,5059,3,3,3,{3}
2019-06-30,ESBIO,Bilbao,BEANR,Antwerp,1,1,"MSC; WEC Lines",2,3,2307.6666666666665,333.3333333333333,1858,2762,2,2,2,{2}
2019-06-30,ESBIO,Bilbao,ESGIJ,Gijon,3,3,"CMA CGM; COSCO; Evergreen Line; MSC; OOCL; WEC Lines; X-Press",7,6,6729.166666666666,990.3333333333333,1600,2762,0,1,1,"{1,0,1}"
2019-06-30,ESBIO,Bilbao,ESVGO,Vigo,1,1,"MSC; WEC Lines",2,2,845,150,822,868,1,1,1,{1}
2019-06-30,ESBIO,Bilbao,ESVIL,Vilagarcia,1,1,"ANL; Boluda Lines; CMA CGM",3,2,1176,203,1085,1267,2,2,2,{2}
2019-06-30,ESBIO,Bilbao,GBLIV,Liverpool,3,3,MacAndrews,1,3,2362,520,750,809,2,3,3,"{2,3,3}"
2019-06-30,ESBIO,Bilbao,GBTIL,Tilbury,2,2,"MacAndrews; Samskip",2,5,1564.3333333333335,328.33333333333337,750,809,2,2.5,3,"{3,2}"
2019-06-30,ESCAD,Cadiz,ESVLC,Valencia,1,1,"WEC Lines",1,2,868,234,868,868,3,3,3,{3}
2019-06-30,ESCAR,"Cartagena, Spain",ESMLN,Melilla,1,1,"Maersk Line; X-Press",2,3,864,214,862,868,1,1,1,{1}
2019-06-30,ESCAS,Castellon,ESBCN,Barcelona,1,1,MSC,1,8,4703,488.5,4132,5059,2,2,2,{2}
2019-06-30,ESCAS,Castellon,ESVLC,Valencia,1,1,"COSCO; Messina; MSC",3,5,2644.4,444,2524,2824,1,1,1,{1}
2019-06-30,ESCAS,Castellon,ITSAL,Salerno,1,1,"Borchard Lines Ltd",1,4,1216,200,1216,1216,2,2,2,{2}
2019-06-30,ESCAS,Castellon,PTLEI,Leixoes,1,1,"Borchard Lines Ltd",1,4,1216,200,1216,1216,3,3,3,{3}
2019-06-30,ESFUE,"Puerto del Rosario",ESACE,Arrecife,1,1,"ANL; Boluda Lines; CMA CGM",3,2,1176,203,1085,1267,1,1,1,{1}
2019-06-30,ESFUE,"Puerto del Rosario",ESCAD,Cadiz,1,1,"WEC Lines",1,2,868,234,868,868,2,2,2,{2}
2019-06-30,ESGIJ,Gijon,ESBIO,Bilbao,2,2,"MSC; WEC Lines",2,5,3152.6666666666665,483.3333333333333,822,2762,0,0.5,1,"{0,1}"
2019-06-30,ESGIJ,Gijon,ESVGO,Vigo,1,1,"MSC; WEC Lines",2,3,2307.6666666666665,333.3333333333333,1858,2762,2,2,2,{2}
2019-06-30,ESGIJ,Gijon,FRLEH,"Le Havre",1,1,"CMA CGM; COSCO; Evergreen Line; OOCL; X-Press",5,2,1659.5,357,1600,1719,1,1,1,{1}
2019-06-30,ESGIJ,Gijon,PTSIE,Sines,1,1,"WEC Lines",1,1,2762,300,2762,2762,2,2,2,{2}
2019-06-30,ESHUV,Huelva,PTSET,Setubal,1,1,"CMA CGM; DAL-Deutsche Afrika Linien; MacAndrews",3,3,871,233,868,877,1,1,1,{1}
2019-06-30,ESLEI,Almeria,ESALG,Algeciras,2,2,"Maersk Line; Marguisa; X-Press",3,6,1571,364,707,868,1,1,1,"{1,1}"
2019-06-30,ESLPA,"Las Palmas, Can Is",BEANR,Antwerp,1,1,MSC,1,5,5062.4,435.8,3987,6008,5,5,5,{5}
2019-06-30,ESLPA,"Las Palmas, Can Is",ESFUE,"Puerto del Rosario",1,1,"ANL; Boluda Lines; CMA CGM",3,2,1176,203,1085,1267,1,1,1,{1}
2019-06-30,ESLPA,"Las Palmas, Can Is",ESSCT,Tenerife,10,9,"Arkas Line; Boluda Lines; CMA CGM; Hapag-Lloyd; MacAndrews; Maersk Line; MSC; Nisa Maritima; WEC Lines; X-Press; Yaiza Shipping",11,16,11557,2528,681,1730,0,1,1,"{1,1,0,1,1,0,1,0,1,0}"
2019-06-30,ESLPA,"Las Palmas, Can Is",GBLGP,"London Gateway",1,1,"Hapag-Lloyd; MSC; Stinnes",3,8,8996.375,668.75,8034,10081,5,5,5,{5}
2019-06-30,ESLPA,"Las Palmas, Can Is",ITGIT,"Gioia Tauro",1,1,MSC,1,7,4733.142857142857,516.5714285714286,3426,6008,4,4,4,{4}
2019-06-30,ESLPA,"Las Palmas, Can Is",MACAS,Casablanca,1,1,"CMA CGM; DAL-Deutsche Afrika Linien; MacAndrews",3,3,871,233,868,877,4,4,4,{4}
2019-06-30,ESLPA,"Las Palmas, Can Is",MRNKC,Nouakchott,1,1,"CMA CGM",1,3,1456.3333333333333,379.3333333333333,1341,1678,2,2,2,{2}
2019-06-30,ESLPA,"Las Palmas, Can Is",RULED,"St Petersburg",1,1,MSC,1,7,3125.5714285714284,190.57142857142858,3005,3646,14,14,14,{14}
2019-06-30,ESLPA,"Las Palmas, Can Is",SNDKR,Dakar,1,1,MSC,1,7,4733.142857142857,516.5714285714286,3426,6008,3,3,3,{3}
2019-06-30,ESLPA,"Las Palmas, Can Is",ZACPT,"Cape Town",1,1,"Hapag-Lloyd; MSC; Stinnes",3,8,8996.375,668.75,8034,10081,12,12,12,{12}
2019-06-30,ESMLN,Melilla,ESLEI,Almeria,1,1,"Maersk Line; X-Press",2,3,864,214,862,868,1,1,1,{1}
2019-06-30,ESMPG,Marin,ESALG,Algeciras,1,1,"Alianca; Hamburg Sud; Maersk Line",3,6,2490.3333333333335,558.3333333333334,2226,2556,1,1,1,{1}
2019-06-30,ESSAG,Sagunto,ESBCN,Barcelona,1,1,"Arkas Line; Nisa Maritima",2,2,946,210,942,950,1,1,1,{1}
2019-06-30,ESSAG,Sagunto,ESSCT,Tenerife,1,1,"Arkas Line; Nisa Maritima",2,2,946,210,942,950,3,3,3,{3}
2019-06-30,ESSAG,Sagunto,ITCAG,Cagliari,1,1,"CMA CGM; Hapag-Lloyd",2,6,3422.6666666666665,566.1666666666666,2400,3832,2,2,2,{2}
2019-06-30,ESSCT,Tenerife,ESACE,Arrecife,3,3,"Arkas Line; Nisa Maritima; WEC Lines; Yaiza Shipping",4,5,3420,804,803,950,1,1,1,"{1,1,1}"
2019-06-30,ESSCT,Tenerife,ESALC,Alicante,3,3,"Boluda Lines; Yaiza Shipping",2,3,4017,900,803,804,3,3,3,"{3,3,3}"
2019-06-30,ESSCT,Tenerife,ESLPA,"Las Palmas, Can Is",4,4,"ANL; Arkas Line; Boluda Lines; CMA CGM; DAL-Deutsche Afrika Linien; Hapag-Lloyd; MacAndrews; Nisa Maritima",8,9,4723,996,868,1730,1,1,1,"{1,1,1,1}"
2019-06-30,ESSCT,Tenerife,ESSPC,"Santa Cruz de la Palma",1,1,"Boluda Lines; CMA CGM; Hapag-Lloyd",3,2,1730,350,1730,1730,1,1,1,{1}
2019-06-30,ESSCT,Tenerife,ESSVQ,Seville,1,1,"Boluda Lines; MacAndrews",2,1,681,110,681,681,3,3,3,{3}
2019-06-30,ESSCT,Tenerife,MAAGA,Agadir,1,1,"Maersk Line; X-Press",2,3,864,214,862,868,4,4,4,{4}
2019-06-30,ESSCT,Tenerife,PTSIE,Sines,1,1,"MSC; WEC Lines",2,2,845,150,822,868,2,2,2,{2}
2019-06-30,ESSPC,"Santa Cruz de la Palma",ESALC,Alicante,1,1,"Boluda Lines; CMA CGM; Hapag-Lloyd",3,2,1730,350,1730,1730,2,2,2,{2}
2019-06-30,ESSVQ,Seville,ESLPA,"Las Palmas, Can Is",1,1,"Boluda Lines; MacAndrews",2,1,681,110,681,681,3,3,3,{3}
2019-06-30,ESTAR,Tarragona,ESBCN,Barcelona,1,1,"WEC Lines",1,2,868,234,868,868,1,1,1,{1}
2019-06-30,ESTAR,Tarragona,TRMER,Mersin,1,1,"Hapag-Lloyd; ONE; Yang Ming; ZIM",4,8,4250.75,382.5,4250,4253,7,7,7,{7}
2019-06-30,ESVGO,Vigo,CAMTR,Montreal,1,1,"CMA CGM; Hapag-Lloyd",2,6,3422.6666666666665,566.1666666666666,2400,3832,8,8,8,{8}
2019-06-30,ESVGO,Vigo,ESGIJ,Gijon,1,1,"MSC; WEC Lines",2,2,845,150,822,868,2,2,2,{2}
2019-06-30,ESVGO,Vigo,MAPTM,Tanger,1,1,"CMA CGM; MacAndrews; X-Press",3,1,822,200,822,822,2,2,2,{2}
2019-06-30,ESVGO,Vigo,NLRTM,Rotterdam,1,1,"MSC; WEC Lines",2,2,868,192,868,868,3,3,3,{3}
2019-06-30,ESVGO,Vigo,PTLEI,Leixoes,2,2,"Marguisa; MSC; WEC Lines; X-Press",4,5,1575,342,707,868,1,1,1,"{1,1}"
2019-06-30,ESVGO,Vigo,PTLIS,Lisbon,1,1,"Hapag-Lloyd; MSC; WEC Lines",3,2,1008,150,1008,1008,2,2,2,{2}
2019-06-30,ESVGO,Vigo,PTSIE,Sines,2,2,"MSC; WEC Lines",2,5,3152.6666666666665,483.3333333333333,822,2762,1,1.5,2,"{1,2}"
2019-06-30,ESVIL,Vilagarcia,ESBIO,Bilbao,1,1,"ANL; Boluda Lines; CMA CGM",3,2,1176,203,1085,1267,2,2,2,{2}
2019-06-30,ESVIL,Vilagarcia,PTLEI,Leixoes,1,1,"ANL; Boluda Lines; CMA CGM",3,2,1176,203,1085,1267,1,1,1,{1}
2019-06-30,ESVLC,Valencia,BRSUA,Suape,1,1,"Hapag-Lloyd; MSC; ZIM",3,8,8782.625,990.5,8600,8948,8,8,8,{8}
2019-06-30,ESVLC,Valencia,CAHAL,Halifax,1,1,"Hapag-Lloyd; ONE; Yang Ming; ZIM",4,8,4250.75,382.5,4250,4253,9,9,9,{9}
2019-06-30,ESVLC,Valencia,COCTG,Cartagena,1,1,"Alianca; Hamburg Sud; Hapag-Lloyd; ZIM",4,12,4692.083333333333,360.8333333333333,4250,4890,14,14,14,{14}
2019-06-30,ESVLC,Valencia,ESALG,Algeciras,4,4,"ANL; CMA CGM; COSCO; Maersk Line; Marguisa; Messina; MSC; Safmarine; SeaLand",9,26,21534.31071428571,2190.2083333333335,2524,9403,2,2,3,"{2,2,2,3}"
2019-06-30,ESVLC,Valencia,ESBCN,Barcelona,5,5,"Alianca; ANL; APL; CMA CGM; COSCO; Evergreen Line; Hamburg Sud; Hapag-Lloyd; Hyundai; Maersk Line; Marguisa; MCC; MSC; OOCL; Safmarine; X-Press; ZIM",17,42,41558.943181818184,3403.2575757575755,707,14036,0,1,1,"{1,1,1,0,1}"
2019-06-30,ESVLC,Valencia,ESCAS,Castellon,1,1,MSC,1,8,4703,488.5,4132,5059,0,0,0,{0}
2019-06-30,ESVLC,Valencia,ESLPA,"Las Palmas, Can Is",1,1,"WEC Lines",1,2,868,234,868,868,3,3,3,{3}
2019-06-30,ESVLC,Valencia,ESSCT,Tenerife,1,1,"Boluda Lines; CMA CGM; Hapag-Lloyd",3,2,1730,350,1730,1730,4,4,4,{4}
2019-06-30,ESVLC,Valencia,ESTAR,Tarragona,2,2,"Hapag-Lloyd; ONE; WEC Lines; Yang Ming; ZIM",5,10,5118.75,616.5,868,4253,1,1.5,2,"{2,1}"
2019-06-30,ESVLC,Valencia,FRFOS,"Marseilles-Fos (Fos)",1,1,"Maersk Line; Safmarine",2,7,7036.857142857143,576.5714285714286,6478,8540,2,2,2,{2}
2019-06-30,ESVLC,Valencia,GBFXT,Felixstowe,1,1,"MSC; ZIM",2,5,4418.2,536,2682,5762,5,5,5,{5}
2019-06-30,ESVLC,Valencia,GBLGP,"London Gateway",1,1,MSC,1,12,7125.583333333333,655.5,5248,9572,4,4,4,{4}
2019-06-30,ESVLC,Valencia,GPPTP,Pointe-a-Pitre,1,1,"CMA CGM; Marfret",2,6,2597.3333333333335,556.5,2556,2758,10,10,10,{10}
2019-06-30,ESVLC,Valencia,GRPIR,Piraeus,1,1,"APL; CMA CGM; COSCO; Evergreen Line; OOCL",5,10,13395.6,886.6,10020,14074,5,5,5,{5}
2019-06-30,ESVLC,Valencia,ITCAG,Cagliari,1,1,"Alianca; Hamburg Sud; Hapag-Lloyd; ZIM",4,12,4692.083333333333,360.8333333333333,4250,4890,1,1,1,{1}
2019-06-30,ESVLC,Valencia,ITGIT,"Gioia Tauro",2,2,"Hamburg Sud; Hyundai; Maersk Line; MCC; MSC; Safmarine",6,18,27435.012987012986,1465.4545454545455,7455,19224,3,4,5,"{3,5}"
2019-06-30,ESVLC,Valencia,ITLIV,Leghorn,1,1,"Hapag-Lloyd; ZIM",2,8,5704.875,486,5500,5962,2,2,2,{2}
2019-06-30,ESVLC,Valencia,LBBEY,Beirut,1,1,"MSC; WEC Lines",2,5,8355.8,680,6969,8814,5,5,5,{5}
2019-06-30,ESVLC,Valencia,MAPTM,Tanger,3,3,"Alianca; ANL; Borchard Lines Ltd; CMA CGM; Hamburg Sud; Hapag-Lloyd; Maersk Line; ONE; Safmarine; Seago Line; Turkon; Yang Ming",12,24,27015.579545454544,2945.431818181818,6350,13870,2,2,3,"{2,2,3}"
2019-06-30,ESVLC,Valencia,PTLIS,Lisbon,1,1,"Melfi Marine",1,4,2548.5,464,2474,2700,2,2,2,{2}
2019-06-30,ESVLC,Valencia,PTSIE,Sines,2,2,MSC,1,19,13593.454545454546,1323.590909090909,4132,9403,1,1,1,"{1,1}"
2019-06-30,ESVLC,Valencia,USMIA,"Miami FL",1,1,"Hapag-Lloyd; ZIM",2,8,5704.875,486,5500,5962,15,15,15,{15}
2019-06-30,ESVLC,Valencia,USNYC,"New York NY/NJ",2,2,"APL; CMA CGM; COSCO; Hapag-Lloyd; MSC; ONE; OOCL; Yang Ming; ZIM",9,17,16994.257575757576,1393.7878787878788,8034,9200,8,9,10,"{10,8}"
2019-06-30,FIHEL,Helsinki,DEBRV,Bremerhaven,1,1,"CMA CGM; Evergreen Line; Hapag-Lloyd; OOCL; Unifeeder; X-Press",6,4,1043,222,1008,1085,3,3,3,{3}
2019-06-30,FIHEL,Helsinki,EETLL,"Tallinn Estonia",1,1,"CMA CGM; Evergreen Line; Hapag-Lloyd; OOCL; Unifeeder; X-Press",6,7,998.7142857142857,244.57142857142858,877,1093,1,1,1,{1}
2019-06-30,FIHEL,Helsinki,FIKTK,Kotka,1,1,"Hapag-Lloyd; ONE",2,2,2387.5,149.5,2300,2475,0,0,0,{0}
2019-06-30,FIHEL,Helsinki,FIRAU,"Rauma Finland",1,1,MSC,1,2,1865.5,385,1856,1875,2,2,2,{2}
2019-06-30,FIHEL,Helsinki,LTKLJ,"Klaipeda
",1,1,"Containerships; MacAndrews",2,3,924,125.66666666666667,850,966,1,1,1,{1}
2019-06-30,FIHEL,Helsinki,LVRIX,Riga,1,1,"Containerships; MacAndrews",2,3,924,125.66666666666667,850,966,1,1,1,{1}
2019-06-30,FIHEL,Helsinki,PLGDY,"Gdynia Poland",1,1,"Containerships; MacAndrews",2,3,803.3333333333334,180,803,804,2,2,2,{2}
2019-06-30,FIHEL,Helsinki,RULED,"St Petersburg",1,1,"Containerships; MacAndrews",2,1,804,180,804,804,2,2,2,{2}
2019-06-30,FIKEM,"Kemi Finland",DEHAM,Hamburg,1,1,"Hapag-Lloyd; X-Press",2,2,753.5,135,698,809,3,3,3,{3}
2019-06-30,FIKEM,"Kemi Finland",FIOUL,"Oulu Finland",1,1,X-Press,1,2,1036,250,1036,1036,1,1,1,{1}
2019-06-30,FIKOK,Kokkola,FIOUL,"Oulu Finland",1,1,"Hapag-Lloyd; X-Press",2,2,753.5,135,698,809,1,1,1,{1}
2019-06-30,FIKTK,Kotka,BEANR,Antwerp,2,2,"Hapag-Lloyd; MSC; ONE",3,4,4184.5,542,1719,2475,5,5,5,"{5,5}"
2019-06-30,FIKTK,Kotka,DEBRV,Bremerhaven,1,1,"ANL; CMA CGM; Evergreen Line; OOCL; Unifeeder",5,3,1482,303.6666666666667,1404,1638,3,3,3,{3}
2019-06-30,FIKTK,Kotka,LVRIX,Riga,1,1,"Seago Line",1,2,3596,600,3596,3596,1,1,1,{1}
2019-06-30,FIKTK,Kotka,NLRTM,Rotterdam,1,1,"CMA CGM; Evergreen Line; Hapag-Lloyd; OOCL; Unifeeder; X-Press",6,7,998.7142857142857,244.57142857142858,877,1093,5,5,5,{5}
2019-06-30,FIKTK,Kotka,PLGDY,"Gdynia Poland",1,1,"Hapag-Lloyd; ONE",2,2,1430.5,308,1421,1440,1,1,1,{1}
2019-06-30,FIOUL,"Oulu Finland",FIKEM,"Kemi Finland",1,1,"Hapag-Lloyd; X-Press",2,2,753.5,135,698,809,1,1,1,{1}
2019-06-30,FIOUL,"Oulu Finland",FITOR,"Tornio Finland",1,1,X-Press,1,2,1036,250,1036,1036,1,1,1,{1}
2019-06-30,FIRAU,"Rauma Finland",BEANR,Antwerp,1,1,MSC,1,2,1865.5,385,1856,1875,5,5,5,{5}
2019-06-30,FIRAU,"Rauma Finland",DEBRV,Bremerhaven,1,1,"ANL; CMA CGM; Evergreen Line; OOCL; Unifeeder",5,3,1482,303.6666666666667,1404,1638,4,4,4,{4}
2019-06-30,FIRAU,"Rauma Finland",LTKLJ,"Klaipeda
",1,1,"Hapag-Lloyd; ONE",2,2,1440,316,1440,1440,2,2,2,{2}
2019-06-30,FITOR,"Tornio Finland",SEPIT,Pitea,1,1,X-Press,1,2,1036,250,1036,1036,1,1,1,{1}
2019-06-30,FJLTK,Lautoka,FJSUV,Suva,2,2,"ANL; NPL-Neptune Pacific Line; PDL-Pacific Direct Line; PIL; Sofrana ANL; Swire Shipping",6,3,4286,737.1428571428571,734,876,1,1,1,"{1,1}"
2019-06-30,FJLTK,Lautoka,MHMAJ,Majuro,1,1,"MELL; PDL-Pacific Direct Line; PIL",3,3,2160,400,1080,1080,5,5,5,{5}
2019-06-30,FJLTK,Lautoka,NZTRG,Tauranga,1,1,"ANL; CMA CGM; NPL-Neptune Pacific Line; PDL-Pacific Direct Line; Sofrana ANL",5,2,1730,225,1730,1730,4,4,4,{4}
2019-06-30,FJSUV,Suva,FJLTK,Lautoka,2,2,"ANL; CMA CGM; MELL; NPL-Neptune Pacific Line; PDL-Pacific Direct Line; PIL; Sofrana ANL",7,5,3890,625,1080,1730,1,1.5,2,"{2,1}"
2019-06-30,FJSUV,Suva,VUVLI,"Port Vila",1,1,"PDL-Pacific Direct Line; PIL",2,1,2331,300,777,777,2,2,2,{2}
2019-06-30,FJSUV,Suva,WSAPW,"Apia, W. Samoa",1,1,"ANL; NPL-Neptune Pacific Line; PDL-Pacific Direct Line; Sofrana ANL; Swire Shipping",5,2,1955,437.14285714285717,734,876,3,3,3,{3}
2019-06-30,FMKSA,Kosrae,CNNSA,Nansha,1,1,"MELL; PDL-Pacific Direct Line; PIL",3,3,2160,400,1080,1080,12,12,12,{12}
2019-06-30,FOTHO,Thorshavn,DKAAR,Aarhus,1,1,Eimskip,1,2,877,231,877,877,3,3,3,{3}
2019-06-30,FOTHO,Thorshavn,GBIMM,Immingham,1,1,Eimskip,1,2,875,230,875,875,2,2,2,{2}
2019-06-30,FOTHO,Thorshavn,ISREY,Reykjavik,1,1,Eimskip,1,2,1457,400,1457,1457,1,1,1,{1}
2019-06-30,FRDKK,Dunkirk,BEANR,Antwerp,1,1,"CMA CGM; Maersk Line; Marfret",3,4,3209.5,606.5,2260,4250,1,1,1,{1}
2019-06-30,FRDKK,Dunkirk,DEHAM,Hamburg,1,1,"APL; CMA CGM; COSCO; Evergreen Line; OOCL",5,12,13605.333333333334,1067.5,1380,20600,1,1,1,{1}
2019-06-30,FRDKK,Dunkirk,ESBIO,Bilbao,1,1,"CMA CGM; COSCO; Evergreen Line; OOCL; X-Press",5,2,1659.5,357,1600,1719,3,3,3,{3}
2019-06-30,FRDKK,Dunkirk,FRLEH,"Le Havre",1,1,"ANL; APL; CMA CGM; COSCO; NileDutch",5,6,3781,566.6666666666666,3650,4043,2,2,2,{2}
2019-06-30,FRDKK,Dunkirk,GBLGP,"London Gateway",1,1,"ANL; APL; CMA CGM; Marfret",4,13,2458.769230769231,534.1538461538462,2250,2826,0,0,0,{0}
2019-06-30,FRDKK,Dunkirk,GBTIL,Tilbury,1,1,"ANL; APL; CMA CGM; COSCO; NileDutch",5,6,3781,566.6666666666666,3650,4043,0,0,0,{0}
2019-06-30,FRDKK,Dunkirk,NLRTM,Rotterdam,1,1,"CMA CGM; MacAndrews",2,3,983,243.66666666666666,877,1036,1,1,1,{1}
2019-06-30,FRFOS,"Marseilles-Fos (Fos)",ESAGP,Malaga,1,1,"CMA CGM; Hapag-Lloyd",2,6,3422.6666666666665,566.1666666666666,2400,3832,2,2,2,{2}
2019-06-30,FRFOS,"Marseilles-Fos (Fos)",ESBCN,Barcelona,2,2,"Alianca; Hamburg Sud; Hapag-Lloyd; MSC; ZIM",5,20,9395.083333333332,849.3333333333333,4132,5059,1,2,3,"{1,3}"
2019-06-30,FRFOS,"Marseilles-Fos (Fos)",ESLPA,"Las Palmas, Can Is",1,1,MSC,1,7,4733.142857142857,516.5714285714286,3426,6008,6,6,6,{6}
2019-06-30,FRFOS,"Marseilles-Fos (Fos)",ESVLC,Valencia,2,2,"Alianca; APL; CMA CGM; COSCO; Evergreen Line; Hamburg Sud; Hyundai; Maersk Line; MCC; MSC; OOCL; Safmarine",12,22,27186.1,1803.2666666666667,10020,14074,1,1.5,2,"{1,2}"
2019-06-30,FRFOS,"Marseilles-Fos (Fos)",GRPIR,Piraeus,1,1,"Hapag-Lloyd; ONE; Yang Ming",3,11,12609.272727272726,781.8181818181819,13470,14100,5,5,5,{5}
2019-06-30,FRFOS,"Marseilles-Fos (Fos)",ITGOA,Genoa,5,5,"ANL; APL; CMA CGM; CNC Line-Cheng Lie Navigation Co. Ltd.; COSCO; Evergreen Line; Hapag-Lloyd; Maersk Line; ONE; OOCL; Safmarine; Yang Ming; ZIM",13,46,40543.34199134199,3182.995670995671,5618,13208,1,1,2,"{1,2,1,1,1}"
2019-06-30,FRFOS,"Marseilles-Fos (Fos)",ITSPE,"La Spezia",1,1,MSC,1,12,7125.583333333333,655.5,5248,9572,1,1,1,{1}
2019-06-30,FRFOS,"Marseilles-Fos (Fos)",MAPTM,Tanger,1,1,"Maersk Line; Safmarine",2,5,2255.8,307.2,1839,2500,3,3,3,{3}
2019-06-30,FRLEH,"Le Havre",AEJEA,"Dubai, Jebel Ali",1,1,"APL; CMA CGM; COSCO; Evergreen Line; OOCL",5,12,13605.333333333334,1067.5,1380,20600,15,15,15,{15}
2019-06-30,FRLEH,"Le Havre",BEANR,Antwerp,2,2,"APL; CMA CGM; COSCO; Evergreen Line; Hamburg Sud; Maersk Line; MSC; OOCL; Safmarine; Seago Line; SeaLand",11,12,11357.833333333332,858.3333333333333,4544,6750,1,1.5,2,"{2,1}"
2019-06-30,FRLEH,"Le Havre",BEZEE,Zeebrugge,1,1,"CMA CGM; COSCO; Evergreen Line; OOCL; X-Press",5,2,1659.5,357,1600,1719,1,1,1,{1}
2019-06-30,FRLEH,"Le Havre",CYLMS,Limassol,1,1,"MSC; ZIM",2,5,4418.2,536,2682,5762,10,10,10,{10}
2019-06-30,FRLEH,"Le Havre",DEBRV,Bremerhaven,1,1,"MSC; WEC Lines",2,4,5648.25,522.5,5550,5782,3,3,3,{3}
2019-06-30,FRLEH,"Le Havre",DOCAU,Caucedo,2,2,"Alianca; ANL; CMA CGM; COSCO; Hamburg Sud; Hapag-Lloyd",6,15,12782.333333333334,2217.666666666667,2260,10926,10,10,10,"{10,10}"
2019-06-30,FRLEH,"Le Havre",ESALG,Algeciras,1,1,"Alianca; CMA CGM; COSCO; Hamburg Sud; Hapag-Lloyd; Maersk Line; Safmarine",7,8,9669,1600,9669,9669,3,3,3,{3}
2019-06-30,FRLEH,"Le Havre",ESBIO,Bilbao,1,1,"MSC; WEC Lines",2,3,2307.6666666666665,333.3333333333333,1858,2762,2,2,2,{2}
2019-06-30,FRLEH,"Le Havre",FRFOS,"Marseilles-Fos (Fos)",2,2,"ANL; CMA CGM; CNC Line-Cheng Lie Navigation Co. Ltd.; Hapag-Lloyd; MSC",5,26,13837.083333333332,1198.5,5248,9572,4,4,4,"{4,4}"
2019-06-30,FRLEH,"Le Havre",FRMTX,Montoir,2,2,"ANL; APL; CMA CGM; COSCO; Maersk Line; Marfret; NileDutch",7,10,6990.5,1173.1666666666665,2260,4250,1,1.5,2,"{2,1}"
2019-06-30,FRLEH,"Le Havre",GBFXT,Felixstowe,1,1,"Hamburg Sud; Hyundai; Maersk Line; MCC; MSC; Safmarine",6,16,12950.375,847.5,11660,13800,1,1,1,{1}
2019-06-30,FRLEH,"Le Havre",GBLGP,"London Gateway",2,2,"ACL-Atlantic Container Line; Hapag-Lloyd; ONE; Yang Ming",4,15,18722.6,1245.3,4520,14220,0,0.5,1,"{1,0}"
2019-06-30,FRLEH,"Le Havre",GBLIV,Liverpool,1,1,"COSCO; Hapag-Lloyd; MSC; OOCL",4,4,3692.5,347.75,2808,4814,2,2,2,{2}
2019-06-30,FRLEH,"Le Havre",GBSOU,Southampton,4,3,"ANL; CMA CGM; Hapag-Lloyd; ONE; OOCL; X-Press; Yang Ming",7,20,10290.8,1166.6666666666665,698,9040,0,1,1,"{0,1,1,1}"
2019-06-30,FRLEH,"Le Havre",MAPTM,Tanger,3,3,"APL; CMA CGM; COSCO; Hamburg Sud; Hapag-Lloyd; Hyundai; MacAndrews; Maersk Line; MCC; MSC; ONE; OOCL; Safmarine; Seago Line",14,23,26625.75,2095.833333333333,1036,17816,2,4,5,"{4,5,2}"
2019-06-30,FRLEH,"Le Havre",MTMAR,"Malta (Marsaxlokk)",1,1,"APL; CMA CGM; COSCO; Evergreen Line; OOCL",5,11,14429.636363636364,945.4545454545454,13880,17722,6,6,6,{6}
2019-06-30,FRLEH,"Le Havre",MXTUX,Tuxpan,1,1,"Hapag-Lloyd; ONE; Yang Ming",3,6,5520.166666666667,534.1666666666666,5250,5605,10,10,10,{10}
2019-06-30,FRLEH,"Le Havre",NGTIN,"Lagos, Tin Can",1,1,MSC,1,5,5062.4,435.8,3987,6008,11,11,11,{11}
2019-06-30,FRLEH,"Le Havre",NLRTM,Rotterdam,3,3,"APL; CMA CGM; COSCO; Evergreen Line; Hapag-Lloyd; ONE; OOCL; Yang Ming",8,33,33966.09090909091,2285.818181818182,4738,17722,1,1,1,"{1,1,1}"
2019-06-30,FRLEH,"Le Havre",PTLIS,Lisbon,1,1,"ANL; CMA CGM; Marguisa; NileDutch",4,7,4077.5714285714284,576.2857142857143,3646,4360,3,3,3,{3}
2019-06-30,FRLEH,"Le Havre",PTSIE,Sines,4,4,"Alianca; Hamburg Sud; Hapag-Lloyd; MSC; Stinnes",5,33,32338.835317460318,3540.765873015873,3005,12119,2,3,4,"{4,3,2,3}"
2019-06-30,FRLEH,"Le Havre",SAKAC,"King Abdullah City",1,1,"APL; CMA CGM; COSCO; Hapag-Lloyd; MSC; ONE; OOCL; WEC Lines",8,8,8822.5,818,8200,9200,10,10,10,{10}
2019-06-30,FRLEH,"Le Havre",SXSXM,"St Maarten",1,1,"ANL; CMA CGM; Marfret",3,6,1999.1666666666667,428.3333333333333,1678,2339,9,9,9,{9}
2019-06-30,FRLEH,"Le Havre",USNYC,"New York NY/NJ",3,3,"Alianca; ANL; APL; CMA CGM; COSCO; Evergreen Line; Hamburg Sud; Maersk Line; Marfret; MSC; OOCL; Safmarine",12,23,16698.76923076923,1824.5538461538463,2250,8508,8,8,9,"{9,8,8}"
2019-06-30,FRMRS,"Marseilles-Fos (Marseilles)",ESBCN,Barcelona,1,1,"CMA CGM; Marfret",2,6,2597.3333333333335,556.5,2556,2758,1,1,1,{1}
2019-06-30,FRMRS,"Marseilles-Fos (Marseilles)",ITGOA,Genoa,1,1,"Arkas Line; CMA CGM; Tarros",3,4,2117.1428571428573,357.85714285714283,1139,1740,2,2,2,{2}
2019-06-30,FRMTX,Montoir,GPPTP,Pointe-a-Pitre,1,1,"CMA CGM; Maersk Line; Marfret",3,4,3209.5,606.5,2260,4250,8,8,8,{8}
2019-06-30,FRMTX,Montoir,MAPTM,Tanger,1,1,"ANL; APL; CMA CGM; COSCO; NileDutch",5,6,3781,566.6666666666666,3650,4043,3,3,3,{3}
2019-06-30,GBBEL,Belfast,BEANR,Antwerp,1,1,"BG Freight Line; Eucon; Hapag-Lloyd",3,1,750,190,750,750,2,2,2,{2}
2019-06-30,GBBEL,Belfast,FRLEH,"Le Havre",1,1,"ANL; CMA CGM; Hapag-Lloyd; OOCL; X-Press",5,2,822,150,822,822,1,1,1,{1}
2019-06-30,GBBEL,Belfast,IEDUB,Dublin,1,1,"BG Freight Line; Eucon; Hapag-Lloyd",3,4,1004,253,1004,1004,1,1,1,{1}
2019-06-30,GBBEL,Belfast,NLRTM,Rotterdam,1,1,"BG Freight Line; Eucon; Hapag-Lloyd",3,1,804,180,804,804,2,2,2,{2}
2019-06-30,GBBRS,Bristol,ESBIO,Bilbao,1,1,MacAndrews,1,1,803,180,803,803,3,3,3,{3}
2019-06-30,GBFXT,Felixstowe,BEANR,Antwerp,5,5,"Alianca; CMA CGM; Hamburg Sud; Hapag-Lloyd; Hyundai; Maersk Line; MCC; MSC; Safmarine; Seago Line",10,33,45093.75000000001,3767.7500000000005,4544,20568,1,1,3,"{3,1,2,1,1}"
2019-06-30,GBFXT,Felixstowe,BEZEE,Zeebrugge,1,1,"APL; CMA CGM; COSCO; Evergreen Line; OOCL",5,11,20252.545454545452,1294.9090909090908,14074,21413,1,1,1,{1}
2019-06-30,GBFXT,Felixstowe,DEHAM,Hamburg,2,2,"APL; CMA CGM; COSCO; Evergreen Line; Hapag-Lloyd; OOCL",6,15,21563.954545454544,1224,4250,20150,1,1.5,2,"{1,2}"
2019-06-30,GBFXT,Felixstowe,FIKTK,Kotka,1,1,"Seago Line",1,2,3596,600,3596,3596,4,4,4,{4}
2019-06-30,GBFXT,Felixstowe,GBTEE,Teesport,2,2,"BG Freight Line; Hapag-Lloyd; OOCL; Seago Line; Unifeeder",5,4,1770.6666666666665,320,822,972,1,1,1,"{1,1}"
2019-06-30,GBFXT,Felixstowe,NLRTM,Rotterdam,5,5,"Alianca; ANL; Borchard Lines Ltd; CMA CGM; Hamburg Sud; Hyundai; Maersk Line; MCC; MSC; Safmarine; SCI-Shipping Corp. of India; Seago Line; Turkon; ZIM",14,39,40668.325,3400.375,2682,14000,1,1,1,"{1,1,1,1,1}"
2019-06-30,GBFXT,Felixstowe,SGSIN,Singapore,2,2,"APL; CMA CGM; COSCO; Evergreen Line; Hamburg Sud; Hyundai; Maersk Line; MCC; MSC; OOCL; Safmarine",11,26,24621.575,1799.5,9400,14566,22,22.5,23,"{23,22}"
2019-06-30,GBGRG,Grangemouth,BEANR,Antwerp,2,2,"BG Freight Line; Hapag-Lloyd; MSC; Seago Line",4,4,1984.6666666666665,420,902,1036,1,1.5,2,"{2,1}"
2019-06-30,GBGRG,Grangemouth,NLRTM,Rotterdam,3,3,"BG Freight Line; CMA CGM; Hapag-Lloyd; OOCL; Seago Line; Unifeeder",6,5,2278.6666666666665,378,508,972,2,2,2,"{2,2,2}"
2019-06-30,GBGRK,Greenock,ESBIO,Bilbao,1,1,MacAndrews,1,1,809,150,809,809,3,3,3,{3}
2019-06-30,GBGRK,Greenock,FRLEH,"Le Havre",1,1,"ANL; CMA CGM; Hapag-Lloyd; OOCL; X-Press",5,2,822,150,822,822,1,1,1,{1}
2019-06-30,GBHUL,Hull,GBGRG,Grangemouth,1,1,"BG Freight Line; Hapag-Lloyd; Seago Line",3,3,948.6666666666666,170,902,972,2,2,2,{2}
2019-06-30,GBHUL,Hull,NLRTM,Rotterdam,1,1,Samskip,1,1,803,180,803,803,1,1,1,{1}
2019-06-30,GBIMM,Immingham,GBGRG,Grangemouth,1,1,"CMA CGM; Hapag-Lloyd; OOCL; Unifeeder",4,1,508,58,508,508,1,1,1,{1}
2019-06-30,GBIMM,Immingham,GBHUL,Hull,1,1,"BG Freight Line; Hapag-Lloyd; Seago Line",3,3,948.6666666666666,170,902,972,0,0,0,{0}
2019-06-30,GBIMM,Immingham,ISREY,Reykjavik,1,1,Eimskip,1,2,875,230,875,875,4,4,4,{4}
2019-06-30,GBIMM,Immingham,LTKLJ,"Klaipeda
",1,1,"Evergreen Line; Hapag-Lloyd; Unifeeder",3,2,809,150,809,809,3,3,3,{3}
2019-06-30,GBIMM,Immingham,NLRTM,Rotterdam,1,1,"Evergreen Line; Hapag-Lloyd; Unifeeder",3,2,809,150,809,809,2,2,2,{2}
2019-06-30,GBIMM,Immingham,NLVLI,Flushing,1,1,Eimskip,1,2,875,230,875,875,1,1,1,{1}
2019-06-30,GBLGP,"London Gateway",BEANR,Antwerp,3,3,"APL; CMA CGM; COSCO; Hapag-Lloyd; MSC; ONE; OOCL; Yang Ming",8,26,22646.5,2002.1666666666665,5248,10114,0,1,1,"{1,1,0}"
2019-06-30,GBLGP,"London Gateway",DEBRV,Bremerhaven,2,2,"Alianca; DAL-Deutsche Afrika Linien; Hamburg Sud; Hapag-Lloyd; Maersk Line; Marguisa; MSC; ONE; Safmarine; Seago Line",10,17,15848.666666666666,2241.9444444444443,6350,9400,1,1.5,2,"{1,2}"
2019-06-30,GBLGP,"London Gateway",DEHAM,Hamburg,5,5,"Alianca; ANL; CMA CGM; CNC Line-Cheng Lie Navigation Co. Ltd.; COSCO; Hamburg Sud; Hapag-Lloyd; Maersk Line; Safmarine",9,45,33314.58333333333,5464.916666666667,2260,10926,1,1,2,"{1,1,1,2,1}"
2019-06-30,GBLGP,"London Gateway",FRLEH,"Le Havre",4,4,"ANL; APL; CMA CGM; COSCO; Hamburg Sud; Hapag-Lloyd; Hyundai; Maersk Line; Marfret; MCC; MSC; ONE; OOCL; Safmarine; Seago Line; WEC Lines",16,38,31932.669230769232,2821.2871794871794,2250,17816,1,1,1,"{1,1,1,1}"
2019-06-30,GBLGP,"London Gateway",NLRTM,Rotterdam,6,6,"ACL-Atlantic Container Line; ANL; APL; CMA CGM; Hapag-Lloyd; Marfret; MSC; ONE; Stinnes; Yang Ming; ZIM",11,42,25212.79423076923,2896.7371794871797,1678,10081,0,0.5,2,"{2,1,1,0,0,0}"
2019-06-30,GBLGP,"London Gateway",NLVLI,Flushing,1,1,"Hapag-Lloyd; StreamLines",2,5,2507.4,527.2,2339,2556,2,2,2,{2}
2019-06-30,GBLGP,"London Gateway",SGSIN,Singapore,1,1,"Hapag-Lloyd; ONE; Yang Ming",3,10,13973.2,933.3,13169,14220,21,21,21,{21}
2019-06-30,GBLGP,"London Gateway",USCHS,"Charleston SC",1,1,"ACL-Atlantic Container Line; Hapag-Lloyd; ONE; StreamLines; Yang Ming",5,5,3207.4,400,3200,3237,8,8,8,{8}
2019-06-30,GBLGP,"London Gateway",USORF,"Norfolk VA",1,1,"ACL-Atlantic Container Line; Hapag-Lloyd; ONE; Yang Ming",4,5,4633.6,380,4520,4662,10,10,10,{10}
2019-06-30,GBLIV,Liverpool,CAMTR,Montreal,2,2,"COSCO; Hapag-Lloyd; MSC; OOCL",4,12,8395.5,836.25,2808,5059,7,8,9,"{7,9}"
2019-06-30,GBLIV,Liverpool,ESBIO,Bilbao,1,1,MacAndrews,1,1,750,190,750,750,4,4,4,{4}
2019-06-30,GBLIV,Liverpool,ESVLC,Valencia,1,1,MSC,1,8,4703,488.5,4132,5059,6,6,6,{6}
2019-06-30,GBLIV,Liverpool,GBBRS,Bristol,1,1,MacAndrews,1,1,803,180,803,803,1,1,1,{1}
2019-06-30,GBLIV,Liverpool,GBGRK,Greenock,2,2,"ANL; CMA CGM; Hapag-Lloyd; MacAndrews; OOCL; X-Press",6,3,1631,300,809,822,1,1.5,2,"{2,1}"
2019-06-30,GBLIV,Liverpool,IEDUB,Dublin,2,2,"Borchard Lines Ltd; CMA CGM; MacAndrews",3,7,2199,443.66666666666663,877,1216,1,1,1,"{1,1}"
2019-06-30,GBLIV,Liverpool,USCHT,"Chester PA",1,1,ICL,1,4,2748,493,2546,3100,10,10,10,{10}
2019-06-30,GBLIV,Liverpool,USNYC,"New York NY/NJ",1,1,"Alianca; Hamburg Sud; Maersk Line; MSC; Safmarine",5,5,5186.4,480,4650,5800,8,8,8,{8}
2019-06-30,GBPME,Portsmouth,DEHAM,Hamburg,1,1,"Maersk Line; Seago Line; SeaLand",3,8,2582.25,600,2550,2592,3,3,3,{3}
2019-06-30,GBPME,Portsmouth,NLRTM,Rotterdam,1,1,"CMA CGM; MacAndrews",2,3,1036,250,1036,1036,1,1,1,{1}
2019-06-30,GBSHS,Sheerness,NLRTM,Rotterdam,1,1,Samskip,1,1,803,180,803,803,1,1,1,{1}
2019-06-30,GBSOU,Southampton,BEANR,Antwerp,2,2,"APL; CMA CGM; COSCO; Evergreen Line; Hapag-Lloyd; OOCL",6,9,12765.8,1076.6,4250,8508,0,0.5,1,"{0,1}"
2019-06-30,GBSOU,Southampton,CNYTN,Yantian,1,1,"Hapag-Lloyd; ONE; Yang Ming",3,11,14634.454545454546,1000,14500,14993,26,26,26,{26}
2019-06-30,GBSOU,Southampton,DEHAM,Hamburg,1,1,"Hapag-Lloyd; ONE; Yang Ming",3,12,14662.5,958.3333333333334,18800,20150,2,2,2,{2}
2019-06-30,GBSOU,Southampton,FRDKK,Dunkirk,1,1,"APL; CMA CGM; COSCO; Evergreen Line; OOCL",5,12,13605.333333333334,1067.5,1380,20600,0,0,0,{0}
2019-06-30,GBSOU,Southampton,FRLEH,"Le Havre",2,2,"APL; CMA CGM; COSCO; Evergreen Line; Hapag-Lloyd; ONE; OOCL; Yang Ming",8,23,18507.333333333336,1407.8636363636365,1380,20600,1,1,1,"{1,1}"
2019-06-30,GBSOU,Southampton,GBBEL,Belfast,1,1,"ANL; CMA CGM; Hapag-Lloyd; OOCL; X-Press",5,2,822,150,822,822,2,2,2,{2}
2019-06-30,GBSOU,Southampton,GBLIV,Liverpool,1,1,"ANL; CMA CGM; Hapag-Lloyd; OOCL; X-Press",5,2,822,150,822,822,2,2,2,{2}
2019-06-30,GBSOU,Southampton,IEDUB,Dublin,1,1,"ANL; CMA CGM; X-Press",3,1,698,120,698,698,1,1,1,{1}
2019-06-30,GBSOU,Southampton,NLRTM,Rotterdam,1,1,"APL; CMA CGM; COSCO; Hapag-Lloyd; MSC; ONE; OOCL; WEC Lines",8,8,8822.5,818,8200,9200,1,1,1,{1}
2019-06-30,GBSOU,Southampton,SAJED,Jeddah,1,1,"Hapag-Lloyd; ONE; Yang Ming",3,10,12203.3,740,12552,14026,13,13,13,{13}
2019-06-30,GBSOU,Southampton,SGSIN,Singapore,1,1,"Hapag-Lloyd; ONE; Yang Ming",3,15,7948.8,746.6666666666666,8120,9040,22,22,22,{22}
2019-06-30,GBTEE,Teesport,GBGRG,Grangemouth,2,2,"BG Freight Line; Hapag-Lloyd; OOCL; Seago Line; Unifeeder",5,4,1770.6666666666665,320,822,972,1,1,1,"{1,1}"
2019-06-30,GBTEE,Teesport,GBTHP,Thamesport,1,1,"Containerships; MacAndrews",2,3,803.3333333333334,180,803,804,1,1,1,{1}
2019-06-30,GBTEE,Teesport,GBTIL,Tilbury,1,1,"MacAndrews; Samskip",2,2,777,185,750,804,1,1,1,{1}
2019-06-30,GBTEE,Teesport,NLRTM,Rotterdam,3,2,"Containerships; MacAndrews",2,9,2651.3333333333335,431.33333333333337,803,966,1,1,1,"{1,1,1}"
2019-06-30,GBTEE,Teesport,PLGDY,"Gdynia Poland",1,1,MacAndrews,1,1,803,180,803,803,4,4,4,{4}
2019-06-30,GBTHP,Thamesport,DELBC,Lubeck,1,1,"Containerships; MacAndrews",2,3,803.3333333333334,180,803,804,2,2,2,{2}
2019-06-30,GBTIL,Tilbury,BEANR,Antwerp,2,2,"Alianca; ANL; APL; CMA CGM; COSCO; Hamburg Sud; Maersk Line; MSC; NileDutch; Seago Line; SeaLand",11,13,7728,1436.6666666666665,3650,4043,1,1,1,"{1,1}"
2019-06-30,GBTIL,Tilbury,ESBIO,Bilbao,1,1,"MacAndrews; Samskip",2,3,787.3333333333334,143.33333333333334,750,809,6,6,6,{6}
2019-06-30,GBTIL,Tilbury,ESSCT,Tenerife,1,1,"CMA CGM; DAL-Deutsche Afrika Linien; MacAndrews",3,3,871,233,868,877,5,5,5,{5}
2019-06-30,GBTIL,Tilbury,FRDKK,Dunkirk,1,1,"CMA CGM; MacAndrews",2,3,983,243.66666666666666,877,1036,1,1,1,{1}
2019-06-30,GBTIL,Tilbury,GBGRG,Grangemouth,1,1,MSC,1,1,1036,250,1036,1036,1,1,1,{1}
2019-06-30,GBTIL,Tilbury,GBSHS,Sheerness,1,1,Samskip,1,1,803,180,803,803,1,1,1,{1}
2019-06-30,GBTIL,Tilbury,NLMOE,Moerdijk,1,1,"Hapag-Lloyd; MSC; WEC Lines",3,2,1008,150,1008,1008,0,0,0,{0}
2019-06-30,GBTIL,Tilbury,NLRTM,Rotterdam,4,4,"CMA CGM; DAL-Deutsche Afrika Linien; MacAndrews; Samskip",4,9,3238.3333333333335,741.3333333333334,750,877,0,1,1,"{0,1,1,1}"
2019-06-30,GBTIL,Tilbury,SEHEL,Helsingborg,1,1,"MacAndrews; Samskip",2,2,777,185,750,804,3,3,3,{3}
2019-06-30,GDSTG,"St George's",DOHAI,"Rio Haina",1,1,"King Ocean",1,2,2075,472,957,1118,2,2,2,{2}
2019-06-30,GDSTG,"St George's",MQFDF,Fort-de-France,1,1,"CMA CGM",1,3,842.6666666666666,165.33333333333334,698,1118,1,1,1,{1}
2019-06-30,GDSTG,"St George's",USPAB,"Palm Beach FL",1,1,"Tropical Shipping",1,2,999,223.5,850,1148,6,6,6,{6}
2019-06-30,GDSTG,"St George's",USPEF,"Port Everglades FL",1,1,"Crowley; King Ocean; ZIM",3,2,1290,390,1284,1296,6,6,6,{6}
2019-06-30,GFDDC,"Degrad des Cannes",BRVDC,"Vila do Conde (near Belem)",1,1,"ANL; CMA CGM; Marfret",3,6,1999.1666666666667,428.3333333333333,1678,2339,5,5,5,{5}
2019-06-30,GFDDC,"Degrad des Cannes",SRPBM,Paramaribo,1,1,"CMA CGM",1,2,1109,220,1100,1118,1,1,1,{1}
2019-06-30,GHTEM,Tema,BJCOO,Cotonou,1,1,"ANL; CMA CGM; Maersk Line; MCC; Safmarine",5,12,4643.083333333333,476.5833333333333,4045,5400,0,0,0,{0}
2019-06-30,GHTEM,Tema,CIABJ,Abidjan,4,4,"Arkas Line; COSCO; Gold Star Line; Hapag-Lloyd; Messina; MSC; ONE; PIL; ZIM",9,27,14760.666666666668,1840.8,2478,6008,1,1.5,3,"{2,1,1,3}"
2019-06-30,GHTEM,Tema,CISPY,"San Pedro, Ivory Coast",1,1,"Maersk Line; Safmarine",2,5,2845.2,431.2,2474,4250,3,3,3,{3}
2019-06-30,GHTEM,Tema,MAPTM,Tanger,1,1,"Arkas Line; CMA CGM; Hapag-Lloyd; ONE",4,4,4265.25,456,4250,4308,10,10,10,{10}
2019-06-30,GHTEM,Tema,MYPKG,"Port Klang",1,1,"COSCO; Gold Star Line; ONE; PIL; ZIM",5,12,4524.916666666667,494.5,4248,5001,26,26,26,{26}
2019-06-30,GHTEM,Tema,ZAPLZ,"Port Elizabeth",1,1,"ANL; CMA CGM; Maersk Line; Safmarine",4,11,4711.545454545455,636.9090909090909,4254,5466,11,11,11,{11}
2019-06-30,GHTKD,Takoradi,ESAGP,Malaga,1,1,"Maersk Line; Safmarine; Seago Line",3,8,2611.375,435.625,1795,3600,8,8,8,{8}
2019-06-30,GLGOH,Nuuk,DKAAL,Aalborg,1,1,"Royal Arctic Line",1,2,974.2857142857143,214.28571428571428,582,782,8,8,8,{8}
2019-06-30,GLGOH,Nuuk,GLJHS,Sisimiut,2,2,"Royal Arctic Line",1,3,3320.285714285714,514.2857142857142,582,782,1,1.5,2,"{2,1}"
2019-06-30,GLGOH,Nuuk,ISREY,Reykjavik,1,1,"Royal Arctic Line",1,1,2346,300,782,782,4,4,4,{4}
2019-06-30,GLJEG,Aasiaat,GLGOH,Nuuk,1,1,"Royal Arctic Line",1,2,974.2857142857143,214.28571428571428,582,782,1,1,1,{1}
2019-06-30,GLJHS,Sisimiut,GLGOH,Nuuk,1,1,"Royal Arctic Line",1,1,2346,300,782,782,2,2,2,{2}
2019-06-30,GLJHS,Sisimiut,GLJEG,Aasiaat,1,1,"Royal Arctic Line",1,2,974.2857142857143,214.28571428571428,582,782,1,1,1,{1}
2019-06-30,GMBJL,Banjul,MAPTM,Tanger,1,1,"CMA CGM",1,4,2630,418,2474,2785,7,7,7,{7}
2019-06-30,GNCKY,Conakry,LRMLW,Monrovia,1,1,"Maersk Line; Safmarine",2,7,2500.285714285714,421.14285714285717,2472,2578,3,3,3,{3}
2019-06-30,GNCKY,Conakry,MAPTM,Tanger,1,1,"Maersk Line; Safmarine",2,3,3348,582,2872,3586,10,10,10,{10}
2019-06-30,GNCKY,Conakry,SLFNA,Freetown,1,1,"CMA CGM",1,4,2630,418,2474,2785,0,0,0,{0}
2019-06-30,GPPTP,Pointe-a-Pitre,ESALG,Algeciras,1,1,"CMA CGM; Marfret",2,6,2597.3333333333335,556.5,2556,2758,8,8,8,{8}
2019-06-30,GPPTP,Pointe-a-Pitre,FRDKK,Dunkirk,1,1,"CMA CGM; Maersk Line; Marfret",3,4,3209.5,606.5,2260,4250,9,9,9,{9}
2019-06-30,GPPTP,Pointe-a-Pitre,MQFDF,Fort-de-France,2,2,"CMA CGM; Maersk Line; Marfret",3,10,5806.833333333334,1163,2260,4250,1,1,1,"{1,1}"
2019-06-30,GPPTP,Pointe-a-Pitre,TTPOS,"Port of Spain",1,1,"ANL; APL; CMA CGM",3,5,1296.8,365.6,1221,1347,1,1,1,{1}
2019-06-30,GPSBH,"St Barthelemy",LCSLU,"Castries, St Lucia",1,1,"Tropical Shipping",1,2,999,223.5,850,1148,1,1,1,{1}
2019-06-30,GQBSG,Bata,GQSSG,Malabo,1,1,"ANL; CMA CGM; Marguisa",3,6,2797,483.3333333333333,3091,3600,1,1,1,{1}
2019-06-30,GQSSG,Malabo,CMKBI,Kribi,1,1,"ANL; CMA CGM; Marguisa",3,6,2797,483.3333333333333,3091,3600,1,1,1,{1}
2019-06-30,GRPIR,Piraeus,CYLMS,Limassol,1,1,"Borchard Lines Ltd",1,4,1216,200,1216,1216,2,2,2,{2}
2019-06-30,GRPIR,Piraeus,DEHAM,Hamburg,1,1,"APL; CMA CGM; COSCO; Evergreen Line; OOCL",5,10,11671.2,952,9400,14566,8,8,8,{8}
2019-06-30,GRPIR,Piraeus,EGEDK,"El Dekheila",1,1,"COSCO; Evergreen Line; OOCL; Yang Ming",4,5,3402.8,411.6,4250,4256,2,2,2,{2}
2019-06-30,GRPIR,Piraeus,EGPSD,"Port Said",1,1,"APL; CMA CGM; COSCO; Evergreen Line; OOCL",5,10,8493.2,1149.6,9000,10622,3,3,3,{3}
2019-06-30,GRPIR,Piraeus,GRSKG,Thessaloniki,1,1,"MSC; ZIM",2,4,4597.75,362.5,4392,5059,1,1,1,{1}
2019-06-30,GRPIR,Piraeus,ITLIV,Leghorn,1,1,"Hapag-Lloyd; ONE; Yang Ming; ZIM",4,8,4250.75,382.5,4250,4253,4,4,4,{4}
2019-06-30,GRPIR,Piraeus,ITSPE,"La Spezia",2,2,"APL; CMA CGM; COSCO; Evergreen Line; Hapag-Lloyd; ONE; OOCL; Yang Ming",8,21,26004.872727272726,1668.418181818182,10020,14100,3,3,3,"{3,3}"
2019-06-30,GRPIR,Piraeus,LKCMB,Colombo,1,1,"APL; CMA CGM; COSCO; Evergreen Line; OOCL",5,10,13395.6,886.6,10020,14074,12,12,12,{12}
2019-06-30,GRPIR,Piraeus,MACAS,Casablanca,1,1,"COSCO; Evergreen Line; OOCL; Yang Ming",4,5,3402.8,411.6,4250,4256,6,6,6,{6}
2019-06-30,GRPIR,Piraeus,MTMAR,"Malta (Marsaxlokk)",1,1,"ANL; CMA CGM; CNC Line-Cheng Lie Navigation Co. Ltd.; Hapag-Lloyd",4,14,6711.5,543,6350,6927,1,1,1,{1}
2019-06-30,GRPIR,Piraeus,MYPKG,"Port Klang",1,1,"APL; CMA CGM; COSCO; Evergreen Line; OOCL",5,11,20252.545454545452,1294.9090909090908,14074,21413,16,16,16,{16}
2019-06-30,GRPIR,Piraeus,NLRTM,Rotterdam,1,1,"APL; CMA CGM; COSCO; Evergreen Line; OOCL",5,11,19870.545454545452,996.7272727272727,19150,20988,7,7,7,{7}
2019-06-30,GRPIR,Piraeus,PTSIE,Sines,1,1,"MSC; ZIM",2,4,4597.75,362.5,4392,5059,1,1,1,{1}
2019-06-30,GRPIR,Piraeus,SAJED,Jeddah,1,1,"COSCO; Evergreen Line; OOCL",3,9,5085.333333333333,497,5250,6606,4,4,4,{4}
2019-06-30,GRPIR,Piraeus,SAKAC,"King Abdullah City",1,1,"Maersk Line; MCC; MSC; Safmarine; ZIM",5,10,14416.8,1160,13050,15908,4,4,4,{4}
2019-06-30,GRPIR,Piraeus,SGSIN,Singapore,1,1,"Hapag-Lloyd; ONE; Yang Ming",3,11,12609.272727272726,781.8181818181819,13470,14100,20,20,20,{20}
2019-06-30,GRPIR,Piraeus,TRAMB,"Istanbul (Ambarli)",3,3,"APL; CMA CGM; COSCO; Hapag-Lloyd; MSC; OOCL; WEC Lines; ZIM",8,15,18567.892857142855,2112.5,4250,9580,1,1,2,"{2,1,1}"
2019-06-30,GRPIR,Piraeus,TRGEB,"Istanbul (Gebze)",1,1,"Alianca; ANL; Borchard Lines Ltd; CMA CGM; Hamburg Sud; Maersk Line; Seago Line; Turkon",8,5,6633,520,6350,6969,1,1,1,{1}
2019-06-30,GRPIR,Piraeus,TRIZT,Izmit,2,2,"ANL; CMA CGM; COSCO; Hapag-Lloyd; Maersk Line; Safmarine; SeaLand",7,17,9330.015151515152,1413.6666666666665,3075,7179,1,2,3,"{3,1}"
2019-06-30,GRPIR,Piraeus,TRMER,Mersin,1,1,"Arkas Line; CMA CGM; Tarros",3,4,2117.1428571428573,357.85714285714283,1139,1740,3,3,3,{3}
2019-06-30,GRSKG,Thessaloniki,TRIZM,Izmir,1,1,"MSC; ZIM",2,4,4597.75,362.5,4392,5059,1,1,1,{1}
2019-06-30,GTPBR,"Puerto Barrios",COCTG,Cartagena,1,1,"Alianca; Hamburg Sud; MSC; SeaLand",4,3,2564.6666666666665,450,2474,2742,3,3,3,{3}
2019-06-30,GTPBR,"Puerto Barrios",HNPCR,"Puerto Cortes",3,3,"ANL; CMA CGM; Dole; Great White Fleet; Hapag-Lloyd",5,9,6173.333333333334,1782,890,2872,0,0,1,"{0,1,0}"
2019-06-30,GTPBR,"Puerto Barrios",USFPO,"Freeport TX",1,1,Dole,1,1,890,445,890,890,3,3,3,{3}
2019-06-30,GTPBR,"Puerto Barrios",USHOU,"Houston TX",1,1,"Alianca; Hamburg Sud; MSC; SeaLand",4,3,2564.6666666666665,450,2474,2742,3,3,3,{3}
2019-06-30,GTPRQ,"Puerto Quetzal",MXLZC,"Lazaro Cardenas",2,2,"Alianca; ANL; APL; CMA CGM; COSCO; Evergreen Line; Hamburg Sud; Hapag-Lloyd; Maersk Line; Safmarine; SeaLand; X-Press",12,7,4282,900,1732,2546,2,2.5,3,"{3,2}"
2019-06-30,GTPRQ,"Puerto Quetzal",MXZLO,"Manzanillo, MEX",2,2,"Alianca; Hamburg Sud; Hapag-Lloyd; ONE; ZIM",5,16,7321.583333333333,759.3333333333333,2526,4890,2,2,2,"{2,2}"
2019-06-30,GTPRQ,"Puerto Quetzal",PAROD,Rodman,1,1,"Hapag-Lloyd; Hyundai; MSC; ONE",4,11,6539,809.8181818181819,6200,7241,2,2,2,{2}
2019-06-30,GTPRQ,"Puerto Quetzal",PECLL,Callao,1,1,"COSCO; Evergreen Line; PIL; Wan Hai; Yang Ming",5,10,6070.2,493,4896,6712,5,5,5,{5}
2019-06-30,GTPRQ,"Puerto Quetzal",SVAQJ,Acajutla,2,2,"Alianca; ANL; APL; CMA CGM; Hamburg Sud; Hapag-Lloyd; Maersk Line; ONE; Safmarine; SeaLand",10,9,5175.5,998.5,2526,2664,0,0,0,"{0,0}"
2019-06-30,GTPRQ,"Puerto Quetzal",USSAN,"San Diego CA",1,1,Dole,1,3,1540,770,1540,1540,5,5,5,{5}
2019-06-30,GTSTC,"Santo Tomas de Castilla",BZBZE,"Belize City",2,1,"Caribbean Feeder; COSCO; Hapag-Lloyd; Seaboard Marine; ZIM",5,4,1396,240,698,698,0,0,0,"{0,0}"
2019-06-30,GTSTC,"Santo Tomas de Castilla",COCTG,Cartagena,1,1,"Seaboard Marine",1,3,2540.6666666666665,394,2478,2578,3,3,3,{3}
2019-06-30,GTSTC,"Santo Tomas de Castilla",HNPCR,"Puerto Cortes",9,8,"Caribbean Feeder; COSCO; Crowley; Evergreen Line; Hapag-Lloyd; King Ocean; Maersk Line; MSC; ONE; Seaboard Marine; SeaLand; ZIM",12,25,12203,2389.9166666666665,698,2566,0,1,1,"{0,1,0,0,1,1,1,1,1}"
2019-06-30,GTSTC,"Santo Tomas de Castilla",USHOU,"Houston TX",1,1,"Seaboard Marine",1,3,2540.6666666666665,394,2478,2578,3,3,3,{3}
2019-06-30,GTSTC,"Santo Tomas de Castilla",USMIA,"Miami FL",2,2,"Seaboard Marine",1,2,1948,340,974,974,3,3.5,4,"{4,3}"
2019-06-30,GTSTC,"Santo Tomas de Castilla",USPEF,"Port Everglades FL",2,2,"Evergreen Line; King Ocean; Maersk Line; MSC; SeaLand",5,6,1977,415.25,205,1835,3,3.5,4,"{4,3}"
2019-06-30,GUGUM,Guam,JPNAH,"Naha (Okinawa Is)",1,1,"Maersk Line; Matson",2,5,2743.2,321.6,2019,3027,3,3,3,{3}
2019-06-30,GUGUM,Guam,MPSPN,Saipan,1,1,"APL; Swire Shipping",2,2,1358,200,1078,1638,1,1,1,{1}
2019-06-30,GYGEO,"Georgetown, Guyana",GDSTG,"St George's",1,1,"Tropical Shipping",1,2,999,223.5,850,1148,0,0,0,{0}
2019-06-30,GYGEO,"Georgetown, Guyana",GFDDC,"Degrad des Cannes",1,1,"CMA CGM",1,2,1109,220,1100,1118,1,1,1,{1}
2019-06-30,GYGEO,"Georgetown, Guyana",SRPBM,Paramaribo,1,1,"Caribbean Feeder; Crowley; Hapag-Lloyd; ZIM",4,5,1088.8,224.8,1061,1118,0,0,0,{0}
2019-06-30,GYGEO,"Georgetown, Guyana",TTPTS,"Point Lisas",1,1,"Caribbean Feeder; ZIM",2,2,1102,220,1102,1102,1,1,1,{1}
2019-06-30,HKHKG,"Hong Kong",AUBNE,Brisbane,1,1,"Alianca; COSCO; Hamburg Sud; Maersk Line; MCC; ONE",6,6,4355,655.5,4154,4544,10,10,10,{10}
2019-06-30,HKHKG,"Hong Kong",AUSYD,Sydney,1,1,"ANL; CMA CGM; COSCO; OOCL; PIL",5,5,5706.4,556.6,5250,5888,11,11,11,{11}
2019-06-30,HKHKG,"Hong Kong",CNFOC,Fuzhou,2,2,"COSCO; Evergreen Line; OOCL; Wan Hai",4,5,4068.3333333333335,536.6666666666667,1368,2553,1,1.5,2,"{2,1}"
2019-06-30,HKHKG,"Hong Kong",CNGGZ,"Huangpu (Guangzhou)",1,1,"PanOcean; Sinokor",2,2,1023,150,928,1118,0,0,0,{0}
2019-06-30,HKHKG,"Hong Kong",CNLYG,Lianyungang,1,1,"COSCO; Gold Star Line; ZIM",3,9,2524.777777777778,256.1111111111111,4178,4992,7,7,7,{7}
2019-06-30,HKHKG,"Hong Kong",CNNGB,Ningbo,5,5,"COSCO; Evergreen Line; Hapag-Lloyd; Hyundai; IAL-Interasia Lines; MCC; MSC; ONE; PIL; Wan Hai; Yang Ming",11,34,24238.966666666664,2217.5333333333333,1368,13102,2,3,4,"{2,4,3,2,4}"
2019-06-30,HKHKG,"Hong Kong",CNNSA,Nansha,9,9,"APL; CMA CGM; CNC Line-Cheng Lie Navigation Co. Ltd.; COSCO; Evergreen Line; Gold Star Line; IAL-Interasia Lines; MELL; OOCL; RCL; SeaLand; TS Lines; Wan Hai; Yang Ming; ZIM",15,25,19786.216666666667,2713.3,1220,4253,0,0,1,"{0,1,0,1,0,1,0,0,0}"
2019-06-30,HKHKG,"Hong Kong",CNSHA,Shanghai,12,12,"Alianca; ANL; APL; CMA CGM; CNC Line-Cheng Lie Navigation Co. Ltd.; COSCO; Evergreen Line; Gold Star Line; Hamburg Sud; Heung-A; Hyundai; KMTC; Maersk Line; MCC; MSC; OOCL; PIL; RCL; Safmarine; Seago Line; Sinotrans; TS Lines; X-Press; Yang Ming; ZIM",25,82,91245.17640692642,8694.742424242424,1714,21413,1,4,5,"{5,3,4,4,3,1,4,3,4,3,4,4}"
2019-06-30,HKHKG,"Hong Kong",CNSHK,Shekou,47,44,"Alianca; ANL; APL; CMA CGM; CNC Line-Cheng Lie Navigation Co. Ltd.; COSCO; Evergreen Line; Gold Star Line; Hamburg Sud; Hapag-Lloyd; Heung-A; Hyundai; IAL-Interasia Lines; KMTC; Maersk Line; MCC; MELL; MSC; ONE; OOCL; PDL-Pacific Direct Line; PIL; RCL; Safmarine; SeaLand; Sinokor; TS Lines; Wan Hai; X-Press; Yang Ming; ZIM",31,224,169498.3511238762,19208.716849816854,1024,14424,0,1,1,"{0,0,0,1,0,1,0,1,0,0,1,0,0,0,0,0,1,0,1,1,0,1,1,0,1,1,1,1,0,1,1,0,1,1,0,0,1,0,0,1,1,1,1,1,1,1,1}"
2019-06-30,HKHKG,"Hong Kong",CNSWA,Shantou,1,1,"COSCO; OOCL; Wan Hai",3,2,1554,190,1368,1740,0,0,0,{0}
2019-06-30,HKHKG,"Hong Kong",CNTAO,Qingdao,5,5,"ANL; APL; CMA CGM; COSCO; Evergreen Line; Hapag-Lloyd; KMTC; ONE; OOCL; PIL; Sinokor; TS Lines; Wan Hai; X-Press; Yang Ming",15,44,39009.75151515152,3162.0545454545454,2475,14074,3,4,4,"{4,4,4,3,4}"
2019-06-30,HKHKG,"Hong Kong",CNTXG,Xingang/Tianjin,1,1,"ANL; APL; CMA CGM; CNC Line-Cheng Lie Navigation Co. Ltd.; TS Lines",5,3,2861.3333333333335,433.3333333333333,2742,3100,6,6,6,{6}
2019-06-30,HKHKG,"Hong Kong",CNXMN,Xiamen,6,6,"ANL; CMA CGM; CNC Line-Cheng Lie Navigation Co. Ltd.; COSCO; Evergreen Line; Hapag-Lloyd; Heung-A; KMTC; ONE; OOCL; TS Lines; Wan Hai; Yang Ming",13,25,25656.36666666667,2215.133333333333,1103,14220,1,1,3,"{1,1,3,1,1,1}"
2019-06-30,HKHKG,"Hong Kong",CNYTN,Yantian,20,20,"APL; CMA CGM; COSCO; Evergreen Line; Hamburg Sud; Hapag-Lloyd; Hyundai; IAL-Interasia Lines; Maersk Line; MCC; MSC; ONE; OOCL; PIL; Safmarine; Seago Line; Wan Hai; Yang Ming",18,169,191457.9258658009,15651.580952380953,2586,20150,0,1,2,"{1,2,0,0,2,0,1,0,2,2,1,0,1,1,0,1,1,1,2,1}"
2019-06-30,HKHKG,"Hong Kong",JPOSA,Osaka,2,2,"APL; ONE; OOCL; Wan Hai",4,5,5619.666666666667,400,1040,4583,3,3,3,"{3,3}"
2019-06-30,HKHKG,"Hong Kong",JPTYO,Tokyo,3,3,"ANL; CMA CGM; CNC Line-Cheng Lie Navigation Co. Ltd.; Evergreen Line; IAL-Interasia Lines; MCC; ONE; OOCL; TS Lines; Wan Hai",10,11,7814.833333333334,1087,2442,2742,3,5,5,"{5,3,5}"
2019-06-30,HKHKG,"Hong Kong",JPYOK,Yokohama,1,1,"ONE; OOCL; Wan Hai",3,4,4970.75,330,4882,5087,4,4,4,{4}
2019-06-30,HKHKG,"Hong Kong",KRKAN,Gwangyang,3,3,"Gold Star Line; Heung-A; Hyundai; KMTC; Namsung; Sinokor; TS Lines; ZIM",8,13,12330.5,982.1428571428571,1000,8562,3,4,6,"{4,6,3}"
2019-06-30,HKHKG,"Hong Kong",KRPUS,Busan,5,5,"Alianca; ANL; CMA CGM; CNC Line-Cheng Lie Navigation Co. Ltd.; Dong Young; Hamburg Sud; Hapag-Lloyd; Heung-A; Hyundai; IAL-Interasia Lines; KMTC; Maersk Line; MCC; MSC; Namsung; ONE; Safmarine; Sinokor; SM Line; TS Lines; Yang Ming; ZIM",22,43,34914.34965034965,3815.9335664335663,1049,14100,3,3,4,"{3,3,3,3,4}"
2019-06-30,HKHKG,"Hong Kong",MYPKG,"Port Klang",1,1,"ANL; CMA CGM; CNC Line-Cheng Lie Navigation Co. Ltd.; Heung-A; Hyundai; IAL-Interasia Lines; KMTC; TS Lines",8,4,4311.5,412.5,4248,4498,5,5,5,{5}
2019-06-30,HKHKG,"Hong Kong",NZTRG,Tauranga,1,1,"Alianca; Hamburg Sud; Maersk Line; MCC; SeaLand",5,10,3486.4,663.4,4154,4662,14,14,14,{14}
2019-06-30,HKHKG,"Hong Kong",PHMNN,"Manila North Harbor",1,1,"Evergreen Line; OOCL; Yang Ming",3,1,1718,296,1718,1718,2,2,2,{2}
2019-06-30,HKHKG,"Hong Kong",PHMNS,"Manila South Harbor",1,1,"Wan Hai",1,1,2495,320,2495,2495,1,1,1,{1}
2019-06-30,HKHKG,"Hong Kong",SGSIN,Singapore,5,5,"Alianca; CMA CGM; COSCO; Evergreen Line; Gold Star Line; Hamburg Sud; Hapag-Lloyd; Heung-A; Hyundai; KMTC; Maersk Line; MCC; MSC; ONE; OOCL; PIL; Safmarine; Sinokor; TS Lines; Wan Hai; Yang Ming; ZIM",22,37,30611.03846153846,3606.7628205128203,2700,11800,3,4,4,"{4,3,4,4,4}"
2019-06-30,HKHKG,"Hong Kong",THLCH,"Laem Chabang",7,7,"ANL; APL; CMA CGM; CNC Line-Cheng Lie Navigation Co. Ltd.; Evergreen Line; Hyundai; KMTC; Maersk Line; MCC; MSC; ONE; OOCL; TS Lines; Wan Hai; Yang Ming",15,27,20683.654761904763,1977.6309523809525,1368,6800,3,4,5,"{5,3,3,4,5,4,4}"
2019-06-30,HKHKG,"Hong Kong",TWKEL,Keelung,1,1,"ANL; APL; CMA CGM; COSCO; Hapag-Lloyd; OOCL; PDL-Pacific Direct Line; PIL",8,7,4358,457.14285714285717,4250,4583,3,3,3,{3}
2019-06-30,HKHKG,"Hong Kong",TWKHH,Kaohsiung,14,14,"Alianca; ANL; APL; CMA CGM; CNC Line-Cheng Lie Navigation Co. Ltd.; COSCO; Evergreen Line; Gold Star Line; Hamburg Sud; Hapag-Lloyd; IAL-Interasia Lines; KMTC; Maersk Line; MCC; OOCL; TS Lines; Wan Hai; Yang Ming; ZIM",19,63,48462,5624.833333333333,1088,13806,0,1,2,"{1,1,1,2,1,0,1,2,1,1,1,1,1,1}"
2019-06-30,HKHKG,"Hong Kong",VNDAD,"Da Nang",1,1,"SITC Shipping",1,3,1075.6666666666667,100,1024,1103,1,1,1,{1}
2019-06-30,HKHKG,"Hong Kong",VNHPH,Haiphong,19,18,"ANL; Asean Seas Line; CK Line; CMA CGM; CNC Line-Cheng Lie Navigation Co. Ltd.; COSCO; CULines-China United Lines; Dong Young; Evergreen Line; Heung-A; Hyundai; IAL-Interasia Lines; KMTC; Maersk Line; MCC; MSC; Namsung; OOCL; Sinokor; Sinotrans; SITC Shipping; SM Line; TS Lines; Wan Hai; Yang Ming",25,52,25864.583333333336,3254.916666666667,915,2450,1,2,4,"{2,2,2,1,1,2,3,2,2,2,4,1,1,2,1,1,2,1,1}"
2019-06-30,HKHKG,"Hong Kong",VNSGN,"Ho Chi Minh (VICT/Cat Lai)",9,9,"ANL; CK Line; CMA CGM; CNC Line-Cheng Lie Navigation Co. Ltd.; Dongjin Shipping; Evergreen Line; IAL-Interasia Lines; KMTC; MCC; Namsung; ONE; OOCL; PanCon; Sinokor; SITC Shipping; TS Lines; Wan Hai; Yang Ming",18,30,17879.583333333332,2251.583333333333,1368,2664,2,2,3,"{2,3,3,2,2,2,3,2,3}"
2019-06-30,HKHKG,"Hong Kong",VNVUT,"Cai Mep",1,1,"APL; CMA CGM; COSCO; Evergreen Line; OOCL; PIL",6,18,9678,1033.5555555555557,9130,11388,3,3,3,{3}
2019-06-30,HNPCA,"Puerto Castilla",USGPT,"Gulfport MS",1,1,Dole,1,1,890,445,890,890,2,2,2,{2}
2019-06-30,HNPCA,"Puerto Castilla",USPEF,"Port Everglades FL",1,1,Dole,1,2,900,445,890,910,2,2,2,{2}
2019-06-30,HNPCR,"Puerto Cortes",CRLIO,"Puerto Limon",2,2,"ANL; CMA CGM; Hapag-Lloyd; ONE",4,12,4834.833333333334,1075.3333333333333,2260,2872,3,3.5,4,"{4,3}"
2019-06-30,HNPCR,"Puerto Cortes",DOCAU,Caucedo,1,1,"Caribbean Feeder; COSCO; Hapag-Lloyd; Seaboard Marine; ZIM",5,2,1026.5,226,957,1096,3,3,3,{3}
2019-06-30,HNPCR,"Puerto Cortes",DOHAI,"Rio Haina",1,1,"Caribbean Feeder; COSCO; Hapag-Lloyd; Seaboard Marine; ZIM",5,2,698,120,698,698,4,4,4,{4}
2019-06-30,HNPCR,"Puerto Cortes",GTPBR,"Puerto Barrios",3,2,"Alianca; Dole; Hamburg Sud; MSC; SeaLand",5,7,6019.333333333333,1345,890,2742,1,1,1,"{1,1,1}"
2019-06-30,HNPCR,"Puerto Cortes",GTSTC,"Santo Tomas de Castilla",5,4,"Evergreen Line; Maersk Line; MSC; Seaboard Marine; SeaLand",5,12,8772.833333333332,1523.25,974,2578,0,0,1,"{0,1,0,1,0}"
2019-06-30,HNPCR,"Puerto Cortes",HNPCA,"Puerto Castilla",1,1,Dole,1,1,890,445,890,890,1,1,1,{1}
2019-06-30,HNPCR,"Puerto Cortes",PAMIT,Manzanillo,1,1,"Evergreen Line; Maersk Line; MSC; SeaLand",4,4,1743.5,395.25,1713,1835,2,2,2,{2}
2019-06-30,HNPCR,"Puerto Cortes",USGPT,"Gulfport MS",1,1,Crowley,1,1,972,170,972,972,3,3,3,{3}
2019-06-30,HNPCR,"Puerto Cortes",USHOU,"Houston TX",1,1,"Hapag-Lloyd; ONE",2,6,2423.5,484.3333333333333,2339,2566,4,4,4,{4}
2019-06-30,HNPCR,"Puerto Cortes",USILG,"Wilmington DE",1,1,"Great White Fleet",1,2,2872,746,2872,2872,7,7,7,{7}
2019-06-30,HNPCR,"Puerto Cortes",USPEF,"Port Everglades FL",3,3,"Crowley; King Ocean",2,4,2916,510,972,972,2,2,4,"{2,2,4}"
2019-06-30,HNRTB,Roatan,USPEF,"Port Everglades FL",1,1,"Hyde Shipping Corp.; Seaboard Marine",2,3,356.6666666666667,46.666666666666664,340,365,6,6,6,{6}
2019-06-30,HNSLO,"Puerto San Lorenzo",GTPRQ,"Puerto Quetzal",1,1,"APL; COSCO; Evergreen Line; Hapag-Lloyd; X-Press",5,2,1736,300,1732,1740,1,1,1,{1}
2019-06-30,HRRJK,Rijeka,ITTRS,Trieste,1,1,"Alianca; Hamburg Sud; Maersk Line; MCC; MSC; Safmarine; ZIM",7,11,14930.363636363636,1000,13200,15226,3,3,3,{3}
2019-06-30,HRRJK,Rijeka,ITVCE,Venice,1,1,"APL; CMA CGM; COSCO; Evergreen Line; OOCL",5,10,6409.4,640.1,5301,8814,0,0,0,{0}
2019-06-30,HTCAP,Cap-Haitien,JMKIN,Kingston,1,1,"CMA CGM",1,1,670,120,670,670,1,1,1,{1}
2019-06-30,HTCAP,Cap-Haitien,USPEF,"Port Everglades FL",1,1,"King Ocean",1,1,591,150,591,591,3,3,3,{3}
2019-06-30,HTLFF,"Port Lafito",COBAQ,Barranquilla,1,1,"Seaboard Marine",1,2,1779.5,383.5,1740,1819,1,1,1,{1}
2019-06-30,HTLFF,"Port Lafito",CUSCU,"Santiago de Cuba",1,1,"Seaboard Marine; ZIM",2,3,1479.3333333333333,286,1304,1732,1,1,1,{1}
2019-06-30,HTLFF,"Port Lafito",DOPOP,"Puerto Plata",1,1,"Seaboard Marine",1,2,1779.5,383.5,1740,1819,1,1,1,{1}
2019-06-30,HTLFF,"Port Lafito",JMKIN,Kingston,1,1,"Caribbean Feeder; COSCO; Hapag-Lloyd; Seaboard Marine; ZIM",5,1,702,120,702,702,1,1,1,{1}
2019-06-30,HTPAP,Port-au-Prince,HTCAP,Cap-Haitien,2,2,"CMA CGM; King Ocean",2,2,1261,270,591,670,1,1,1,"{1,1}"
2019-06-30,HTPAP,Port-au-Prince,HTLFF,"Port Lafito",1,1,"Caribbean Feeder; COSCO; Hapag-Lloyd; Seaboard Marine; ZIM",5,1,702,120,702,702,1,1,1,{1}
2019-06-30,HTPAP,Port-au-Prince,PAONX,Colon,1,1,"Evergreen Line; Maersk Line",2,1,1550,198,1550,1550,4,4,4,{4}
2019-06-30,IDJKT,"Jakarta, Java",AUBNE,Brisbane,1,1,MSC,1,6,2762.3333333333335,428.6666666666667,3108,3534,10,10,10,{10}
2019-06-30,IDJKT,"Jakarta, Java",AUFRE,Fremantle,1,1,MSC,1,6,2917.6666666666665,400,3398,3674,4,4,4,{4}
2019-06-30,IDJKT,"Jakarta, Java",IDSRG,"Semarang, Java",4,4,"ANL; CMA CGM; CNC Line-Cheng Lie Navigation Co. Ltd.; Evergreen Line; KMTC; MCC; SITC Shipping; Wan Hai; Yang Ming",9,21,11101.690476190475,1111.3095238095239,1368,4447,1,1,2,"{1,2,1,1}"
2019-06-30,IDJKT,"Jakarta, Java",IDSUB,"Surabaya, Java",7,7,"ANL; APL; CK Line; CMA CGM; CNC Line-Cheng Lie Navigation Co. Ltd.; COSCO; Evergreen Line; Gold Star Line; Heung-A; Hyundai; KMTC; Maersk Line; MCC; RCL; Sinokor; SITC Shipping; Yang Ming; ZIM",18,32,27133.883333333335,3050.5333333333333,2450,5888,1,2,3,"{1,3,2,1,2,1,2}"
2019-06-30,IDJKT,"Jakarta, Java",KRPUS,Busan,1,1,"ANL; CMA CGM; CNC Line-Cheng Lie Navigation Co. Ltd.; Heung-A; Hyundai; KMTC; ONE; Sinokor",8,4,4282,459.5,4255,4300,8,8,8,{8}
2019-06-30,IDJKT,"Jakarta, Java",MYPKG,"Port Klang",2,2,"ANL; CMA CGM; CNC Line-Cheng Lie Navigation Co. Ltd.; COSCO; Hapag-Lloyd; OOCL; PIL; Yang Ming",8,10,6072.8,591,1500,4600,2,2,2,"{2,2}"
2019-06-30,IDJKT,"Jakarta, Java",MYTPP,"Tanjung Pelepas",3,3,"Evergreen Line; Maersk Line; MCC; Yang Ming",4,18,12221.290476190477,1354.247619047619,2478,5888,2,2,3,"{2,3,2}"
2019-06-30,IDJKT,"Jakarta, Java",PGLAE,Lae,1,1,"ANL; CMA CGM",2,1,7457.142857142857,1285.7142857142858,1740,1740,9,9,9,{9}
2019-06-30,IDJKT,"Jakarta, Java",PGMAG,Madang,1,1,"ANL; CMA CGM",2,1,7488,914.2857142857143,1638,1638,8,8,8,{8}
2019-06-30,IDJKT,"Jakarta, Java",SGSIN,Singapore,4,4,"Alianca; ANL; APL; CNC Line-Cheng Lie Navigation Co. Ltd.; Evergreen Line; Hamburg Sud; Hapag-Lloyd; MCC; ONE; OOCL; Wan Hai",11,15,16284.833333333332,1490.1666666666667,2800,5095,1,2.5,3,"{3,2,3,1}"
2019-06-30,IDJKT,"Jakarta, Java",THLCH,"Laem Chabang",1,1,"APL; CMA CGM; COSCO; Evergreen Line; OOCL; PIL",6,18,9678,1033.5555555555557,9130,11388,3,3,3,{3}
2019-06-30,IDJKT,"Jakarta, Java",VNSGN,"Ho Chi Minh (VICT/Cat Lai)",1,1,"ANL; CMA CGM; CNC Line-Cheng Lie Navigation Co. Ltd.; KMTC; Sinokor; TS Lines",6,4,2613.75,378,2401,2806,3,3,3,{3}
2019-06-30,IDMAK,Makassar,PHBTG,Batangas,1,1,"ANL; CMA CGM; CNC Line-Cheng Lie Navigation Co. Ltd.; KMTC; SITC Shipping",5,4,2720.5,399.5,2700,2741,4,4,4,{4}
2019-06-30,IDPJG,Panjang,MYTPP,"Tanjung Pelepas",1,1,MCC,1,7,4121,271.42857142857144,3534,4447,3,3,3,{3}
2019-06-30,IDSRG,"Semarang, Java",IDJKT,"Jakarta, Java",1,1,"Evergreen Line",1,4,2163,258,2800,2926,2,2,2,{2}
2019-06-30,IDSRG,"Semarang, Java",IDMAK,Makassar,1,1,"ANL; CMA CGM; CNC Line-Cheng Lie Navigation Co. Ltd.; KMTC; SITC Shipping",5,4,2720.5,399.5,2700,2741,3,3,3,{3}
2019-06-30,IDSRG,"Semarang, Java",IDPJG,Panjang,1,1,MCC,1,7,4121,271.42857142857144,3534,4447,1,1,1,{1}
2019-06-30,IDSRG,"Semarang, Java",IDSUB,"Surabaya, Java",2,2,"Evergreen Line; MCC; Wan Hai; Yang Ming",4,10,4260.190476190476,440.3809523809524,1368,2926,1,1,1,"{1,1}"
2019-06-30,IDSUB,"Surabaya, Java",AUDRW,Darwin,1,1,MELL,1,3,3610.6666666666665,500,1800,1808,5,5,5,{5}
2019-06-30,IDSUB,"Surabaya, Java",HKHKG,"Hong Kong",1,1,"Heung-A; Hyundai; KMTC; Sinokor",4,4,4212.5,374,4050,4275,7,7,7,{7}
2019-06-30,IDSUB,"Surabaya, Java",IDJKT,"Jakarta, Java",3,3,"Evergreen Line; Maersk Line; MCC; Yang Ming",4,18,12221.290476190476,1354.247619047619,2478,5888,1,2,4,"{1,4,2}"
2019-06-30,IDSUB,"Surabaya, Java",IDSRG,"Semarang, Java",1,1,"Evergreen Line",1,4,2163,258,2800,2926,1,1,1,{1}
2019-06-30,IDSUB,"Surabaya, Java",PHDVO,Davao,1,1,"APL; COSCO; Gold Star Line; Hyundai; MCC; Yang Ming; ZIM",7,4,4251.25,345,4250,4253,3,3,3,{3}
2019-06-30,IDSUB,"Surabaya, Java",PHMNN,"Manila North Harbor",1,1,"ANL; APL; CMA CGM; CNC Line-Cheng Lie Navigation Co. Ltd.; Hyundai",5,4,4397,464.5,4250,4832,5,5,5,{5}
2019-06-30,IDSUB,"Surabaya, Java",TWKHH,Kaohsiung,1,1,"Evergreen Line; MCC; Yang Ming",3,7,2844.8571428571427,353.7142857142857,2742,2926,6,6,6,{6}
2019-06-30,IDSUB,"Surabaya, Java",TWTPE,Taipei,1,1,"Wan Hai",1,3,1415.3333333333333,86.66666666666667,1368,1510,6,6,6,{6}
2019-06-30,IDSUB,"Surabaya, Java",VNSGN,"Ho Chi Minh (VICT/Cat Lai)",2,2,"CK Line; COSCO; Evergreen Line; Heung-A; Hyundai; KMTC; RCL; Sinokor; SITC Shipping",9,9,4896.7,866.5,2450,2800,3,3.5,4,"{3,4}"
2019-06-30,IEDUB,Dublin,BEANR,Antwerp,2,2,"BG Freight Line; Eucon; Hapag-Lloyd; MSC",4,2,1839,430,803,1036,2,2.5,3,"{3,2}"
2019-06-30,IEDUB,Dublin,IEORK,Cork,2,2,"ANL; BG Freight Line; CMA CGM; Eucon; Hapag-Lloyd; X-Press",6,2,1670,290,698,972,1,1,1,"{1,1}"
2019-06-30,IEDUB,Dublin,IEWAT,"Waterford Eire",1,1,"BG Freight Line; Samskip",2,1,804,180,804,804,1,1,1,{1}
2019-06-30,IEDUB,Dublin,NLRTM,Rotterdam,6,5,"ANL; BG Freight Line; CMA CGM; COSCO; Eucon; Evergreen Line; Hapag-Lloyd; OOCL; Samskip; X-Press; Yang Ming",11,12,5688,1230,868,1004,1,2,3,"{2,2,2,1,3,2}"
2019-06-30,IEDUB,Dublin,PTLEI,Leixoes,1,1,"Borchard Lines Ltd",1,4,1216,200,1216,1216,3,3,3,{3}
2019-06-30,IEDUB,Dublin,PTSET,Setubal,1,1,"CMA CGM; MacAndrews",2,3,983,243.66666666666666,877,1036,4,4,4,{4}
2019-06-30,IEORK,Cork,BEANR,Antwerp,1,1,"BG Freight Line; Eucon; Hapag-Lloyd",3,1,972,170,972,972,2,2,2,{2}
2019-06-30,IEORK,Cork,FRLEH,"Le Havre",1,1,"ANL; CMA CGM; X-Press",3,1,698,120,698,698,2,2,2,{2}
2019-06-30,IEORK,Cork,GBTIL,Tilbury,1,1,"Alianca; Hamburg Sud; Maersk Line; MSC; Seago Line; SeaLand",6,7,3947,870,3947,3947,1,1,1,{1}
2019-06-30,IEORK,Cork,NLRTM,Rotterdam,3,3,"APL; BG Freight Line; CMA CGM; COSCO; Eucon; Hapag-Lloyd; OOCL; Samskip; X-Press",9,6,2466,533,658,1004,2,2,4,"{2,2,4}"
2019-06-30,IEWAT,"Waterford Eire",IEORK,Cork,1,1,"BG Freight Line; Samskip",2,1,804,180,804,804,1,1,1,{1}
2019-06-30,ILASH,Ashdod,EGALY,Alexandria,1,1,"Alianca; Borchard Lines Ltd; Hamburg Sud; Maersk Line; Safmarine; Seago Line; ZIM",7,5,4504,700,4504,4504,2,2,2,{2}
2019-06-30,ILASH,Ashdod,ESVLC,Valencia,1,1,"MSC; ZIM",2,5,4418.2,536,2682,5762,5,5,5,{5}
2019-06-30,ILASH,Ashdod,ILHFA,Haifa,4,4,"Borchard Lines Ltd; COSCO; Evergreen Line; Hapag-Lloyd; MSC; ONE; OOCL; Yang Ming; ZIM",9,26,14970.283333333333,1615.5,1216,6606,0,1,2,"{2,1,0,1}"
2019-06-30,ILASH,Ashdod,TRAMB,"Istanbul (Ambarli)",1,1,"Hapag-Lloyd; ONE; Yang Ming",3,10,13780.7,940,13169,14100,2,2,2,{2}
2019-06-30,ILHFA,Haifa,EGALY,Alexandria,1,1,"COSCO; Evergreen Line; OOCL",3,9,5085.333333333333,497,5250,6606,1,1,1,{1}
2019-06-30,ILHFA,Haifa,ESVLC,Valencia,1,1,"MSC; ZIM",2,11,8478.09090909091,676.4545454545454,8034,9200,4,4,4,{4}
2019-06-30,ILHFA,Haifa,GRPIR,Piraeus,1,1,"COSCO; Evergreen Line; OOCL; Yang Ming",4,5,3402.8,411.6,4250,4256,3,3,3,{3}
2019-06-30,ILHFA,Haifa,ILASH,Ashdod,1,1,"MSC; ZIM",2,5,4418.2,536,2682,5762,2,2,2,{2}
2019-06-30,ILHFA,Haifa,SIKOP,Koper,1,1,"Alianca; Hamburg Sud; Maersk Line; MCC; MSC; Safmarine; ZIM",7,11,14930.363636363636,1000,13200,15226,4,4,4,{4}
2019-06-30,ILHFA,Haifa,TRALI,Aliaga,1,1,"Hapag-Lloyd; ONE; Yang Ming; ZIM",4,8,4250.75,382.5,4250,4253,3,3,3,{3}
2019-06-30,ILHFA,Haifa,TRISK,Iskenderun,1,1,"Alianca; Borchard Lines Ltd; Hamburg Sud; Maersk Line; Safmarine; Seago Line; ZIM",7,5,4504,700,4504,4504,1,1,1,{1}
2019-06-30,ILHFA,Haifa,TRMER,Mersin,1,1,"Borchard Lines Ltd",1,4,1216,200,1216,1216,1,1,1,{1}
2019-06-30,INCCU,Kolkata,INHAL,Haldia,2,1,"Advance Container Lines; PIL",2,2,3996,514.2857142857143,777,777,0,0,0,"{0,0}"
2019-06-30,INCCU,Kolkata,MYPKG,"Port Klang",2,2,"ANL; APL; BTL-Bengal Tiger Line; CMA CGM; CNC Line-Cheng Lie Navigation Co. Ltd.; Gold Star Line; MCC; SOL; X-Press; Yang Ming; ZIM",11,6,2753.2,541.8,609,1162,5,5,5,"{5,5}"
2019-06-30,INCCU,Kolkata,SGSIN,Singapore,2,2,"Advance Container Lines; ANL; BTL-Bengal Tiger Line; CMA CGM; PIL; X-Press",6,5,1650.404761904762,207.14285714285714,728,1162,5,5,5,"{5,5}"
2019-06-30,INCOK,Cochin,AEJEA,"Dubai, Jebel Ali",1,1,"Evergreen Line; Global Feeder Shipping; Gold Star Line; OOCL; Safmarine; X-Press; ZIM",7,4,4050,394,3359,4498,6,6,6,{6}
2019-06-30,INCOK,Cochin,EGDAM,Damietta,1,1,"ANL; CMA CGM; CNC Line-Cheng Lie Navigation Co. Ltd.; Hapag-Lloyd",4,14,6711.5,543,6350,6927,10,10,10,{10}
2019-06-30,INCOK,Cochin,INNSA,"Mumbai (Nhava Sheva)",2,2,"COSCO; Emirates Shipping; Gold Star Line; KMTC; RCL; Sea Lead; SM Line; Wan Hai",8,14,10593.541666666668,1082.9166666666667,4250,8110,1,1.5,2,"{2,1}"
2019-06-30,INCOK,Cochin,LKCMB,Colombo,1,1,"Evergreen Line; Global Feeder Shipping; Gold Star Line; OOCL; Safmarine; X-Press; ZIM",7,4,4050,394,3359,4498,1,1,1,{1}
2019-06-30,INHAL,Haldia,INCCU,Kolkata,3,2,"Advance Container Lines; Gold Star Line; MCC; PIL; SOL; Yang Ming; ZIM",7,7,4915.2,644.0857142857144,609,1162,1,2,3,"{1,3,2}"
2019-06-30,INHAL,Haldia,SGSIN,Singapore,1,1,"Advance Container Lines; PIL",2,1,1998,257.14285714285717,777,777,5,5,5,{5}
2019-06-30,INHZA,Hazira,INMUN,Mundra,1,1,"APL; CMA CGM; COSCO; Hapag-Lloyd; MSC; ONE; OOCL; WEC Lines",8,8,8822.5,818,8200,9200,1,1,1,{1}
2019-06-30,INHZA,Hazira,INNSA,"Mumbai (Nhava Sheva)",1,1,"Maersk Line; Safmarine",2,8,6804,820.5,6690,7154,1,1,1,{1}
2019-06-30,INHZA,Hazira,LKCMB,Colombo,2,2,"Evergreen Line; Gold Star Line; Hyundai; KMTC; MSC; TS Lines; ZIM",7,17,13171.042857142857,966.7285714285715,5248,10081,3,3,3,"{3,3}"
2019-06-30,INKAT,Kattupalli,INKRI,Krishnapatnum,1,1,"CULines-China United Lines; Gold Star Line; Hyundai; X-Press; ZIM",5,5,5023,770,5023,5023,0,0,0,{0}
2019-06-30,INKAT,Kattupalli,INMAA,Chennai/Madras,1,1,"ANL; BTL-Bengal Tiger Line; CMA CGM; COSCO; Evergreen Line; Hyundai; ONE; RCL; X-Press",9,4,5038,723.5,4738,5301,0,0,0,{0}
2019-06-30,INKAT,Kattupalli,LKCMB,Colombo,2,2,"Evergreen Line; Global Feeder Shipping; Gold Star Line; Maersk Line; OOCL; Safmarine; X-Press; ZIM",8,7,8948.333333333332,821.3333333333333,3359,5085,2,2.5,3,"{3,2}"
2019-06-30,INKAT,Kattupalli,MYPKG,"Port Klang",1,1,"COSCO; Evergreen Line; IAL-Interasia Lines; OOCL; Wan Hai; X-Press",6,5,4429.6,430.4,4253,4578,5,5,5,{5}
2019-06-30,INKRI,Krishnapatnum,INKAT,Kattupalli,1,1,"Maersk Line; Safmarine",2,3,4898.333333333333,427.3333333333333,4771,5085,1,1,1,{1}
2019-06-30,INKRI,Krishnapatnum,INVTZ,Vishakhapatnam,1,1,"Maersk Line; MCC; Safmarine",3,6,4044.8333333333335,388.6666666666667,4532,5085,2,2,2,{2}
2019-06-30,INKRI,Krishnapatnum,MYPKG,"Port Klang",1,1,"CULines-China United Lines; Gold Star Line; Hyundai; X-Press; ZIM",5,5,5023,770,5023,5023,4,4,4,{4}
2019-06-30,INMAA,Chennai/Madras,INKAT,Kattupalli,2,2,"COSCO; CULines-China United Lines; Evergreen Line; Gold Star Line; Hyundai; IAL-Interasia Lines; OOCL; Wan Hai; X-Press; ZIM",10,10,9452.6,1200.4,4253,5023,0,0,0,"{0,0}"
2019-06-30,INMAA,Chennai/Madras,INKRI,Krishnapatnum,1,1,"Maersk Line; MCC; Safmarine",3,6,4044.8333333333335,388.6666666666667,4532,5085,0,0,0,{0}
2019-06-30,INMAA,Chennai/Madras,INVTZ,Vishakhapatnam,3,3,"ANL; APL; BTL-Bengal Tiger Line; CMA CGM; CNC Line-Cheng Lie Navigation Co. Ltd.; COSCO; Evergreen Line; Feedertech; Global Feeder Shipping; Gold Star Line; KMTC; MCC; ONE; OOCL; RCL; Safmarine; TS Lines; Wan Hai; X-Press; ZIM",20,12,13464,1383.3333333333335,2741,6800,1,2,2,"{2,1,2}"
2019-06-30,INMAA,Chennai/Madras,LKCMB,Colombo,1,1,"ANL; CMA CGM; CNC Line-Cheng Lie Navigation Co. Ltd.; Hapag-Lloyd",4,14,6711.5,543,6350,6927,2,2,2,{2}
2019-06-30,INMAA,Chennai/Madras,MYPKG,"Port Klang",1,1,"ANL; BTL-Bengal Tiger Line; CMA CGM; COSCO; Evergreen Line; Hyundai; ONE; RCL; X-Press",9,4,5038,723.5,4738,5301,5,5,5,{5}
2019-06-30,INMUN,Mundra,AEAUH,"Abu Dhabi",1,1,MSC,1,3,2206.6666666666665,106.66666666666667,2073,2474,2,2,2,{2}
2019-06-30,INMUN,Mundra,AEJEA,"Dubai, Jebel Ali",1,1,"ANL; CMA CGM; Emirates Shipping; Hapag-Lloyd",4,5,3907,485.2,3091,4620,3,3,3,{3}
2019-06-30,INMUN,Mundra,AEKLF,"Khor Fakkan",1,1,"Emirates Shipping; Gold Star Line; KMTC; RCL; Sea Lead; SM Line",6,8,6201.875,641.25,5301,8110,3,3,3,{3}
2019-06-30,INMUN,Mundra,EGDAM,Damietta,1,1,"ANL; APL; CMA CGM; Hapag-Lloyd; ONE; OOCL",6,9,8090.7777777777765,1027.7777777777778,8004,8465,7,7,7,{7}
2019-06-30,INMUN,Mundra,ILHFA,Haifa,1,1,"MSC; ZIM",2,11,8478.09090909091,676.4545454545454,8034,9200,8,8,8,{8}
2019-06-30,INMUN,Mundra,INHZA,Hazira,1,1,"Evergreen Line; Gold Star Line; Hyundai; KMTC; TS Lines; ZIM",6,7,5538.142857142857,513.4285714285714,5248,6008,1,1,1,{1}
2019-06-30,INMUN,Mundra,INNSA,"Mumbai (Nhava Sheva)",5,5,"ANL; APL; CMA CGM; COSCO; DAL-Deutsche Afrika Linien; Global Feeder Shipping; Maersk Line; Milaha Maritime; MSC; OOCL; Safmarine; UAFL-United Africa Feeder Line; X-Press; ZIM",14,36,27935.254978354977,2964.542424242424,2456,10081,1,1,2,"{1,2,1,1,1}"
2019-06-30,INMUN,Mundra,LKCMB,Colombo,2,2,"CMA CGM; COSCO; Emirates Shipping; Evergreen Line; Feedertech; Hapag-Lloyd; Hyundai; KMTC; ONE; PIL; Samudera; TS Lines; Yang Ming",13,13,12482.095238095239,1158.6190476190477,4211,8814,4,4,4,"{4,4}"
2019-06-30,INMUN,Mundra,MYPKG,"Port Klang",2,2,"APL; COSCO; Evergreen Line; ONE; OOCL; PIL; Wan Hai; Yang Ming",8,12,10472.333333333334,955.1666666666667,5344,6606,7,7.5,8,"{8,7}"
2019-06-30,INMUN,Mundra,OMSLL,Salalah,1,1,"Alianca; Hamburg Sud; Maersk Line; Safmarine; Seago Line",5,8,10195.25,1056.25,9962,10500,3,3,3,{3}
2019-06-30,INMUN,Mundra,OMSOH,Sohar,1,1,Hapag-Lloyd,1,4,3547,500,3534,3586,3,3,3,{3}
2019-06-30,INMUN,Mundra,PKBQM,"Port Qasim",1,1,"Maersk Line; Safmarine",2,4,4073,625,3635,4504,3,3,3,{3}
2019-06-30,INMUN,Mundra,PKKHI,Karachi,4,4,"ANL; APL; CMA CGM; COSCO; Gold Star Line; Heung-A; Hyundai; KMTC; Maersk Line; MCC; OOCL; PIL; Sinokor; TS Lines; Unimed Feeder Services-UFS; X-Press; ZIM",17,23,24566.75,2152.1428571428573,3000,9662,1,1,2,"{2,1,1,1}"
2019-06-30,INMUN,Mundra,SAJED,Jeddah,2,2,"ANL; APL; CMA CGM; COSCO; Hapag-Lloyd; MSC; ONE; OOCL",8,16,16538.75,1349.5,5618,10114,6,6,6,"{6,6}"
2019-06-30,INMUN,Mundra,SAKAC,"King Abdullah City",2,2,"APL; CMA CGM; COSCO; Hapag-Lloyd; MSC; ONE; OOCL; SCI-Shipping Corp. of India; WEC Lines",9,16,20702,1599.875,4814,13102,6,6,6,"{6,6}"
2019-06-30,INNSA,"Mumbai (Nhava Sheva)",AEJEA,"Dubai, Jebel Ali",1,1,"Maersk Line; Safmarine",2,8,6804,820.5,6690,7154,3,3,3,{3}
2019-06-30,INNSA,"Mumbai (Nhava Sheva)",INHZA,Hazira,2,2,"APL; CMA CGM; COSCO; Hapag-Lloyd; MSC; ONE; OOCL; WEC Lines",8,18,16455.4,1271.3,5754,10081,0,0.5,1,"{1,0}"
2019-06-30,INNSA,"Mumbai (Nhava Sheva)",INMUN,Mundra,13,13,"Alianca; ANL; APL; CMA CGM; COSCO; Emirates Shipping; Evergreen Line; Gold Star Line; Hamburg Sud; Hapag-Lloyd; Heung-A; Hyundai; KMTC; Maersk Line; MSC; ONE; OOCL; PIL; RCL; Safmarine; Samudera; SCI-Shipping Corp. of India; Seago Line; Sea Lead; Sinokor; SM Line; TS Lines; X-Press; Yang Ming; ZIM",30,96,95361.48178210678,9036.4977994228,3091,13102,1,1,2,"{1,1,1,1,1,2,1,2,2,2,1,1,2}"
2019-06-30,INNSA,"Mumbai (Nhava Sheva)",INPAV,Pipavav,3,3,"ANL; APL; CMA CGM; CNC Line-Cheng Lie Navigation Co. Ltd.; Gold Star Line; Hapag-Lloyd; Maersk Line; MCC; ONE; OOCL; RCL; Safmarine; X-Press; Yang Ming; ZIM",15,24,21914.383116883117,2097.285714285714,6200,9443,1,1,1,"{1,1,1}"
2019-06-30,INNSA,"Mumbai (Nhava Sheva)",INTUT,Tuticorin,1,1,"COSCO; Wan Hai",2,6,4391.666666666667,441.6666666666667,4250,4532,2,2,2,{2}
2019-06-30,INNSA,"Mumbai (Nhava Sheva)",LKCMB,Colombo,3,3,"ANL; APL; CMA CGM; COSCO; Hyundai; Maersk Line; MSC; ONE; OOCL; RCL; Safmarine; X-Press; ZIM",13,23,18973.28831168831,2296.909090909091,4254,9580,2,2,3,"{3,2,2}"
2019-06-30,INNSA,"Mumbai (Nhava Sheva)",MYPKG,"Port Klang",1,1,"Evergreen Line; Hapag-Lloyd; IAL-Interasia Lines; Wan Hai; X-Press",5,4,4311.25,440,4250,4380,5,5,5,{5}
2019-06-30,INNSA,"Mumbai (Nhava Sheva)",OMSLL,Salalah,1,1,"APL; Maersk Line; Safmarine",3,11,6337.454545454545,500,6188,6696,3,3,3,{3}
2019-06-30,INNSA,"Mumbai (Nhava Sheva)",PKKHI,Karachi,1,1,"APL; CMA CGM; COSCO; OOCL",4,6,5776.666666666667,468.3333333333333,8063,9572,2,2,2,{2}
2019-06-30,INNSA,"Mumbai (Nhava Sheva)",QAHMD,Hamad,1,1,"Global Feeder Shipping; Milaha Maritime; X-Press",3,2,4264,365,4253,4275,5,5,5,{5}
2019-06-30,INNSA,"Mumbai (Nhava Sheva)",ZADUR,Durban,1,1,"ANL; CMA CGM; DAL-Deutsche Afrika Linien; Maersk Line; Safmarine; UAFL-United Africa Feeder Line",6,6,2741.6666666666665,409.3333333333333,2456,3388,11,11,11,{11}
2019-06-30,INPAV,Pipavav,INHZA,Hazira,1,1,"Maersk Line; Safmarine",2,8,6804,820.5,6690,7154,1,1,1,{1}
2019-06-30,INPAV,Pipavav,INNSA,"Mumbai (Nhava Sheva)",2,2,"APL; Maersk Line; Safmarine",3,15,10410.454545454544,1125,3635,6696,1,1,1,"{1,1}"
2019-06-30,INPAV,Pipavav,LKCMB,Colombo,2,2,"ANL; APL; CMA CGM; CNC Line-Cheng Lie Navigation Co. Ltd.; Gold Star Line; Hapag-Lloyd; Maersk Line; MCC; ONE; OOCL; RCL; Safmarine; X-Press; Yang Ming; ZIM",15,17,14582.954545454544,1283,6200,9200,3,3,3,"{3,3}"
2019-06-30,INPAV,Pipavav,PKBQM,"Port Qasim",1,1,"APL; Hyundai; ONE; RCL; X-Press",5,5,5676.6,560,5572,6039,1,1,1,{1}
2019-06-30,INPAV,Pipavav,SGSIN,Singapore,1,1,"ANL; APL; CMA CGM; Gold Star Line; Maersk Line; MCC; OOCL; Safmarine; ZIM",9,7,7331.428571428572,814.2857142857143,8112,9443,7,7,7,{7}
2019-06-30,INTUT,Tuticorin,MYPEN,Penang,1,1,"COSCO; Wan Hai",2,6,4391.666666666667,441.6666666666667,4250,4532,4,4,4,{4}
2019-06-30,INVTZ,Vishakhapatnam,INKAT,Kattupalli,1,1,"Evergreen Line; Global Feeder Shipping; Gold Star Line; OOCL; Safmarine; X-Press; ZIM",7,4,4050,394,3359,4498,2,2,2,{2}
2019-06-30,INVTZ,Vishakhapatnam,MYPKG,"Port Klang",1,1,"ANL; APL; CMA CGM; CNC Line-Cheng Lie Navigation Co. Ltd.; COSCO; Evergreen Line; Feedertech; KMTC; OOCL; RCL; TS Lines",11,6,5918.5,664.3333333333334,4957,6800,4,4,4,{4}
2019-06-30,INVTZ,Vishakhapatnam,MYTPP,"Tanjung Pelepas",1,1,"Maersk Line; MCC; Safmarine",3,6,4044.8333333333335,388.6666666666667,4532,5085,5,5,5,{5}
2019-06-30,INVTZ,Vishakhapatnam,SGSIN,Singapore,1,1,"BTL-Bengal Tiger Line; Evergreen Line; MCC; ONE; Wan Hai; X-Press",6,2,3495.5,325,2741,4250,4,4,4,{4}
2019-06-30,IQUQR,"Umm Qasr",AEJEA,"Dubai, Jebel Ali",1,1,"APL; CMA CGM; COSCO; Evergreen Line; OOCL",5,7,5569.714285714285,562,5364,5652,2,2,2,{2}
2019-06-30,IQUQR,"Umm Qasr",BHKBS,"Khalifa Bin Salman Port",1,1,Hapag-Lloyd,1,4,3547,500,3534,3586,2,2,2,{2}
2019-06-30,IQUQR,"Umm Qasr",CNSHA,Shanghai,1,1,MSC,1,7,8039.857142857143,790.4285714285714,6492,9411,18,18,18,{18}
2019-06-30,IQUQR,"Umm Qasr",QAHMD,Hamad,1,1,"COSCO; Hapag-Lloyd; ONE; Yang Ming",4,7,4729.714285714285,385.7142857142857,5512,5548,1,1,1,{1}
2019-06-30,IRBND,"Bandar Abbas",MYPKG,"Port Klang",1,1,HDASCO,1,3,4751.809523809524,309.5238095238095,2188,3300,13,13,13,{13}
2019-06-30,IRBND,"Bandar Abbas",TRAMB,"Istanbul (Ambarli)",1,1,HDASCO,1,3,6582.857142857143,750,2478,2724,14,14,14,{14}
2019-06-30,ISREY,Reykjavik,CANWP,Argentia,1,1,"Eimskip; Royal Arctic Line",2,3,773.6666666666666,146.66666666666666,698,925,6,6,6,{6}
2019-06-30,ISREY,Reykjavik,DKAAL,Aalborg,1,1,"Royal Arctic Line",1,1,2346,300,782,782,4,4,4,{4}
2019-06-30,ISREY,Reykjavik,GLGOH,Nuuk,1,1,"Royal Arctic Line",1,1,2346,300,782,782,4,4,4,{4}
2019-06-30,ISREY,Reykjavik,ISRFJ,"Reydarfjordur Iceland",1,1,Eimskip,1,2,877,231,877,877,1,1,1,{1}
2019-06-30,ISREY,Reykjavik,ISVES,"Vestmannaeyjar Iceland",1,1,Eimskip,1,2,875,230,875,875,1,1,1,{1}
2019-06-30,ISREY,Reykjavik,NLRTM,Rotterdam,1,1,Eimskip,1,2,1457,400,1457,1457,3,3,3,{3}
2019-06-30,ISRFJ,"Reydarfjordur Iceland",FOTHO,Thorshavn,1,1,Eimskip,1,2,877,231,877,877,1,1,1,{1}
2019-06-30,ISVES,"Vestmannaeyjar Iceland",FOTHO,Thorshavn,1,1,Eimskip,1,2,875,230,875,875,1,1,1,{1}
2019-06-30,ITCAG,Cagliari,GRPIR,Piraeus,1,1,"COSCO; Hapag-Lloyd; OOCL",3,4,4334.5,490,4250,4578,2,2,2,{2}
2019-06-30,ITCAG,Cagliari,ITLIV,Leghorn,1,1,"Alianca; Hamburg Sud; Hapag-Lloyd; ZIM",4,12,4692.083333333333,360.8333333333333,4250,4890,6,6,6,{6}
2019-06-30,ITCAG,Cagliari,ITSAL,Salerno,1,1,"CMA CGM; Hapag-Lloyd",2,6,3422.6666666666665,566.1666666666666,2400,3832,1,1,1,{1}
2019-06-30,ITCVV,Civitavecchia,ITNAP,Naples,1,1,"Alianca; Hamburg Sud; Maersk Line",3,6,2490.3333333333335,558.3333333333334,2226,2556,2,2,2,{2}
2019-06-30,ITCVV,Civitavecchia,ITSPE,"La Spezia",1,1,MSC,1,11,8890.454545454546,835.0909090909091,8073,9403,3,3,3,{3}
2019-06-30,ITGIT,"Gioia Tauro",EGPSD,"Port Said",1,1,"Hamburg Sud; Hyundai; Maersk Line; MCC; MSC; Safmarine",6,11,19128.727272727272,815.4545454545454,18270,19224,4,4,4,{4}
2019-06-30,ITGIT,"Gioia Tauro",ESBCN,Barcelona,1,1,"Hamburg Sud; Hyundai; Maersk Line; MCC; MSC; Safmarine",6,11,19128.727272727272,815.4545454545454,18270,19224,3,3,3,{3}
2019-06-30,ITGIT,"Gioia Tauro",GRPIR,Piraeus,1,1,"MSC; ZIM",2,4,4597.75,362.5,4392,5059,2,2,2,{2}
2019-06-30,ITGIT,"Gioia Tauro",ITCVV,Civitavecchia,1,1,MSC,1,11,8890.454545454546,835.0909090909091,8073,9403,2,2,2,{2}
2019-06-30,ITGIT,"Gioia Tauro",ITLIV,Leghorn,2,2,MSC,1,12,8851.742857142857,860.5714285714286,3424,6008,3,3,3,"{3,3}"
2019-06-30,ITGIT,"Gioia Tauro",ITNAP,Naples,2,2,"Maersk Line; MSC; Safmarine; SeaLand",4,15,16092.910714285714,1262.875,6648,9403,2,2,2,"{2,2}"
2019-06-30,ITGIT,"Gioia Tauro",MAPTM,Tanger,1,1,"APL; CMA CGM; COSCO; Hapag-Lloyd; MSC; ONE; OOCL; WEC Lines",8,8,8822.5,818,8200,9200,1,1,1,{1}
2019-06-30,ITGIT,"Gioia Tauro",MTMAR,"Malta (Marsaxlokk)",1,1,"Hapag-Lloyd; MSC; ZIM",3,8,8782.625,990.5,8600,8948,1,1,1,{1}
2019-06-30,ITGIT,"Gioia Tauro",REPDG,"Reunion Island",1,1,MSC,1,12,7125.583333333333,655.5,5248,9572,12,12,12,{12}
2019-06-30,ITGOA,Genoa,CAMTR,Montreal,1,1,MSC,1,5,4118.6,344,3424,4651,15,15,15,{15}
2019-06-30,ITGOA,Genoa,EGDAM,Damietta,2,2,"ANL; CMA CGM; CNC Line-Cheng Lie Navigation Co. Ltd.; Hapag-Lloyd; ONE; Yang Ming",6,25,18296.954545454544,1361.181818181818,6350,13870,4,4.5,5,"{5,4}"
2019-06-30,ITGOA,Genoa,EGPSD,"Port Said",1,1,"Maersk Line; Safmarine",2,7,7036.857142857143,576.5714285714286,6478,8540,6,6,6,{6}
2019-06-30,ITGOA,Genoa,ESACE,Arrecife,1,1,"Yaiza Shipping",1,1,1608,360,804,804,6,6,6,{6}
2019-06-30,ITGOA,Genoa,ESBCN,Barcelona,3,3,"Alianca; ANL; CMA CGM; Hamburg Sud; Hapag-Lloyd; Maersk Line; Melfi Marine; Safmarine; ZIM",9,20,17050.5,2557.25,2474,9300,2,2,2,"{2,2,2}"
2019-06-30,ITGOA,Genoa,ESCAS,Castellon,1,1,"COSCO; Messina; MSC",3,5,2644.4,444,2524,2824,3,3,3,{3}
2019-06-30,ITGOA,Genoa,ESLPA,"Las Palmas, Can Is",1,1,"Yaiza Shipping",1,1,1606,360,803,803,5,5,5,{5}
2019-06-30,ITGOA,Genoa,ESVLC,Valencia,2,2,"ANL; CMA CGM; COSCO; Hapag-Lloyd; Maersk Line; MSC; OOCL; Safmarine",8,15,14844.285714285714,1187,5618,9200,3,3,3,"{3,3}"
2019-06-30,ITGOA,Genoa,FRFOS,"Marseilles-Fos (Fos)",7,7,"Alianca; APL; CMA CGM; COSCO; Evergreen Line; Hamburg Sud; Hapag-Lloyd; Hyundai; Maersk Line; MCC; MSC; ONE; OOCL; Safmarine; Yang Ming; ZIM",16,66,57346.26558441558,4517.156277056277,2400,14100,1,1,2,"{2,1,1,1,1,1,2}"
2019-06-30,ITGOA,Genoa,FRMRS,"Marseilles-Fos (Marseilles)",1,1,"CMA CGM; Marfret",2,6,2597.3333333333335,556.5,2556,2758,1,1,1,{1}
2019-06-30,ITGOA,Genoa,IRBND,"Bandar Abbas",1,1,HDASCO,1,3,6582.857142857143,750,2478,2724,12,12,12,{12}
2019-06-30,ITGOA,Genoa,ITLIV,Leghorn,1,1,"Hapag-Lloyd; MSC; ZIM",3,8,8782.625,990.5,8600,8948,1,1,1,{1}
2019-06-30,ITGOA,Genoa,ITSPE,"La Spezia",3,2,"APL; Arkas Line; CMA CGM; COSCO; Hapag-Lloyd; ONE; OOCL; Tarros; Yang Ming; ZIM",10,14,12750.45238095238,1433.047619047619,1139,8749,0,0,3,"{0,3,0}"
2019-06-30,ITGOA,Genoa,MTMAR,"Malta (Marsaxlokk)",2,2,"ANL; APL; CMA CGM; COSCO; Evergreen Line; Hapag-Lloyd; OOCL",7,19,18278.818181818184,1346.090909090909,5618,13208,2,2.5,3,"{2,3}"
2019-06-30,ITLIV,Leghorn,ESBCN,Barcelona,1,1,"Hapag-Lloyd; ONE; Yang Ming; ZIM",4,8,4250.75,382.5,4250,4253,3,3,3,{3}
2019-06-30,ITLIV,Leghorn,ITGIT,"Gioia Tauro",1,1,"Hapag-Lloyd; MSC; ZIM",3,8,8782.625,990.5,8600,8948,3,3,3,{3}
2019-06-30,ITLIV,Leghorn,ITGOA,Genoa,8,8,"Alianca; CMA CGM; Hamburg Sud; Hapag-Lloyd; Maersk Line; Marfret; Melfi Marine; MSC; Safmarine; ZIM",10,55,36123.4869047619,3944.0714285714284,2400,9200,0,1,2,"{1,1,1,2,2,2,1,0}"
2019-06-30,ITLIV,Leghorn,ITVDL,"Vado Ligure",1,1,"Alianca; Hamburg Sud; Maersk Line",3,6,2490.3333333333335,558.3333333333334,2226,2556,1,1,1,{1}
2019-06-30,ITNAP,Naples,ITLIV,Leghorn,1,1,"Maersk Line; MSC; Safmarine",3,7,8306.285714285714,650,7455,9200,3,3,3,{3}
2019-06-30,ITNAP,Naples,ITSAL,Salerno,1,1,"Alianca; Hamburg Sud; Maersk Line",3,6,2490.3333333333335,558.3333333333334,2226,2556,1,1,1,{1}
2019-06-30,ITNAP,Naples,ITSPE,"La Spezia",2,2,"Maersk Line; MSC; Safmarine; SeaLand; WEC Lines",5,13,16142.425,1292.875,6648,9403,1,2.5,4,"{4,1}"
2019-06-30,ITSAL,Salerno,ESALG,Algeciras,1,1,"Alianca; Hamburg Sud; Maersk Line",3,6,2490.3333333333335,558.3333333333334,2226,2556,3,3,3,{3}
2019-06-30,ITSAL,Salerno,ESCAS,Castellon,1,1,"Borchard Lines Ltd",1,4,1216,200,1216,1216,2,2,2,{2}
2019-06-30,ITSAL,Salerno,GBFXT,Felixstowe,1,1,"COSCO; Hapag-Lloyd; OOCL",3,4,4334.5,490,4250,4578,6,6,6,{6}
2019-06-30,ITSAL,Salerno,GRPIR,Piraeus,2,2,"Arkas Line; Borchard Lines Ltd; CMA CGM; Tarros",4,8,3333.1428571428573,557.8571428571429,1139,1740,2,2,2,"{2,2}"
2019-06-30,ITSAL,Salerno,ITGOA,Genoa,1,1,"Arkas Line; CMA CGM; Tarros",3,4,2117.1428571428573,357.85714285714283,1139,1740,2,2,2,{2}
2019-06-30,ITSAL,Salerno,ITLIV,Leghorn,1,1,"CMA CGM; Hapag-Lloyd",2,6,3422.6666666666665,566.1666666666666,2400,3832,2,2,2,{2}
2019-06-30,ITSAL,Salerno,ITSPE,"La Spezia",1,1,"Maersk Line; Safmarine",2,5,2255.8,307.2,1839,2500,1,1,1,{1}
2019-06-30,ITSPE,"La Spezia",BEANR,Antwerp,1,1,"MSC; WEC Lines",2,5,8355.8,680,6969,8814,8,8,8,{8}
2019-06-30,ITSPE,"La Spezia",ESALG,Algeciras,1,1,"Arkas Line; CMA CGM; Tarros",3,4,2117.1428571428573,357.85714285714283,1139,1740,4,4,4,{4}
2019-06-30,ITSPE,"La Spezia",ESBCN,Barcelona,2,2,"APL; CMA CGM; COSCO; Hapag-Lloyd; Maersk Line; MSC; ONE; OOCL; Safmarine; SeaLand; Yang Ming; ZIM",12,14,16302.791666666666,1330.2083333333335,6648,9403,1,1.5,2,"{2,1}"
2019-06-30,ITSPE,"La Spezia",ESVLC,Valencia,1,1,MSC,1,11,8890.454545454546,835.0909090909091,8073,9403,4,4,4,{4}
2019-06-30,ITSPE,"La Spezia",FRFOS,"Marseilles-Fos (Fos)",1,1,"Maersk Line; Safmarine",2,5,2255.8,307.2,1839,2500,2,2,2,{2}
2019-06-30,ITSPE,"La Spezia",ITGIT,"Gioia Tauro",1,1,MSC,1,12,7125.583333333333,655.5,5248,9572,1,1,1,{1}
2019-06-30,ITSPE,"La Spezia",ITGOA,Genoa,4,4,"Alianca; ANL; APL; CMA CGM; COSCO; Evergreen Line; Hamburg Sud; Hapag-Lloyd; Hyundai; Maersk Line; MCC; MSC; ONE; OOCL; Safmarine; Yang Ming",16,41,46333.37272727273,3122.0848484848484,5618,14100,0,0.5,1,"{0,0,1,1}"
2019-06-30,ITSPE,"La Spezia",ITSAL,Salerno,1,1,"Arkas Line; CMA CGM; Tarros",3,4,2117.1428571428573,357.85714285714283,1139,1740,2,2,2,{2}
2019-06-30,ITTRS,Trieste,EGPSD,"Port Said",1,1,"Alianca; Hamburg Sud; Maersk Line; MCC; MSC; Safmarine; ZIM",7,11,14930.363636363636,1000,13200,15226,4,4,4,{4}
2019-06-30,ITTRS,Trieste,HRRJK,Rijeka,2,2,"Alianca; APL; CMA CGM; COSCO; Evergreen Line; Hamburg Sud; Maersk Line; MCC; MSC; OOCL; Safmarine; ZIM",12,21,21339.763636363634,1640.1,5301,15226,1,1.5,2,"{2,1}"
2019-06-30,ITVCE,Venice,SIKOP,Koper,1,1,"APL; CMA CGM; COSCO; Evergreen Line; OOCL",5,10,6409.4,640.1,5301,8814,1,1,1,{1}
2019-06-30,ITVDL,"Vado Ligure",ITCVV,Civitavecchia,1,1,"Alianca; Hamburg Sud; Maersk Line",3,6,2490.3333333333335,558.3333333333334,2226,2556,1,1,1,{1}
2019-06-30,JMKIN,Kingston,COCTG,Cartagena,2,2,"Alianca; ANL; CMA CGM; Hamburg Sud; Maersk Line; Seaboard Marine; SeaLand",7,11,5168.611111111111,805.7222222222222,1740,3534,1,1,1,"{1,1}"
2019-06-30,JMKIN,Kingston,CRLIO,"Puerto Limon",1,1,"Seaboard Marine",1,3,2354.6666666666665,445.3333333333333,2122,2500,2,2,2,{2}
2019-06-30,JMKIN,Kingston,CUMAR,Mariel,1,1,"CMA CGM",1,1,1722.2857142857142,314.2857142857143,1096,1096,3,3,3,{3}
2019-06-30,JMKIN,Kingston,DOCAU,Caucedo,3,3,"Alianca; ANL; APL; Caribbean Feeder; CMA CGM; COSCO; Crowley; Hamburg Sud; Hapag-Lloyd; Maersk Line; MCC; ZIM",12,19,11870.216666666665,1396.4666666666667,1061,11040,2,2,2,"{2,2,2}"
2019-06-30,JMKIN,Kingston,DOHAI,"Rio Haina",2,2,"ANL; APL; CMA CGM; Seaboard Marine; ZIM",5,8,2776.133333333333,651.6,1221,1732,1,1.5,2,"{1,2}"
2019-06-30,JMKIN,Kingston,GBLGP,"London Gateway",1,1,"ANL; CMA CGM; Hapag-Lloyd",3,6,2411.3333333333335,591,2260,2872,9,9,9,{9}
2019-06-30,JMKIN,Kingston,GTPBR,"Puerto Barrios",1,1,"ANL; CMA CGM; Hapag-Lloyd",3,6,2411.3333333333335,591,2260,2872,2,2,2,{2}
2019-06-30,JMKIN,Kingston,GTSTC,"Santo Tomas de Castilla",1,1,"Caribbean Feeder; COSCO; Hapag-Lloyd; Seaboard Marine; ZIM",5,2,698,120,698,698,2,2,2,{2}
2019-06-30,JMKIN,Kingston,HTPAP,Port-au-Prince,2,2,"Caribbean Feeder; COSCO; Evergreen Line; Hapag-Lloyd; Maersk Line; Seaboard Marine; ZIM",7,2,2252,318,702,1550,0,0.5,1,"{0,1}"
2019-06-30,JMKIN,Kingston,JMMBJ,"Montego Bay",1,1,"CMA CGM",1,1,670,120,670,670,1,1,1,{1}
2019-06-30,JMKIN,Kingston,PAMIT,Manzanillo,1,1,"Caribbean Feeder; Hapag-Lloyd; Maersk Line; SeaLand; ZIM",5,1,1424,312,712,712,3,3,3,{3}
2019-06-30,JMKIN,Kingston,PAONX,Colon,1,1,"Caribbean Feeder; Hapag-Lloyd; ZIM",3,2,1009,242,957,1061,2,2,2,{2}
2019-06-30,JMKIN,Kingston,PRSJU,"San Juan PR",1,1,"ANL; APL; CMA CGM",3,5,1296.8,365.6,1221,1347,2,2,2,{2}
2019-06-30,JMKIN,Kingston,RUSKA,Slavyanka,1,1,"Alianca; Hamburg Sud; Hyundai; Maersk Line; MCC; MSC; Safmarine; ZIM",8,11,9603.454545454546,918.7272727272727,8200,11010,26,26,26,{26}
2019-06-30,JMKIN,Kingston,TTPTS,"Point Lisas",1,1,"CMA CGM",1,3,842.6666666666666,165.33333333333334,698,1118,5,5,5,{5}
2019-06-30,JMKIN,Kingston,USMIA,"Miami FL",2,2,"CMA CGM; Seaboard Marine",2,5,1878.1666666666665,397.33333333333337,698,1118,2,2.5,3,"{2,3}"
2019-06-30,JMKIN,Kingston,USMSY,"New Orleans LA",1,1,"Alianca; ANL; CMA CGM; Hamburg Sud; Maersk Line; SeaLand",6,9,3389.1111111111118,422.22222222222223,3091,3534,4,4,4,{4}
2019-06-30,JMKIN,Kingston,USNYC,"New York NY/NJ",1,1,ZIM,1,2,1767.5,585.5,1740,1795,4,4,4,{4}
2019-06-30,JMKIN,Kingston,USSAV,"Savannah GA",1,1,"Alianca; Hamburg Sud; Hyundai; Maersk Line; MCC; MSC; Safmarine; ZIM",8,11,9603.454545454546,918.7272727272727,8200,11010,3,3,3,{3}
2019-06-30,JMKIN,Kingston,USTPA,"Tampa FL",1,1,"MSC; ZIM",2,3,3360.3333333333335,453.3333333333333,2742,4549,3,3,3,{3}
2019-06-30,JMKIN,Kingston,VEMAR,Maracaibo,1,1,"Caribbean Feeder; Hapag-Lloyd; ZIM",3,1,2236,440,1118,1118,2,2,2,{2}
2019-06-30,JMMBJ,"Montego Bay",HTPAP,Port-au-Prince,1,1,"CMA CGM",1,1,670,120,670,670,1,1,1,{1}
2019-06-30,JOAQB,Aqaba,DJJIB,Djibouti,1,1,"APL; CMA CGM; COSCO; Evergreen Line; OOCL; PIL",6,8,7064.875,475,10020,11923,3,3,3,{3}
2019-06-30,JOAQB,Aqaba,EGPSD,"Port Said",1,1,"Alianca; Hamburg Sud; Maersk Line; Safmarine",4,4,2893,564.5,2824,3100,2,2,2,{2}
2019-06-30,JOAQB,Aqaba,EGSOK,Sokhna,2,2,"Hapag-Lloyd; MSC; ONE; Wan Hai; Yang Ming",5,12,10124.5,980,5042,6673,1,1,1,"{1,1}"
2019-06-30,JOAQB,Aqaba,SAJED,Jeddah,3,3,"Alianca; ANL; APL; CMA CGM; COSCO; Evergreen Line; Hamburg Sud; Hapag-Lloyd; Maersk Line; OOCL; PIL; Safmarine",12,21,20021.333333333336,1785.9444444444443,2824,14500,2,2,3,"{3,2,2}"
2019-06-30,JPAXT,"Akita (N Coast)",KRPUS,Busan,1,1,"Heung-A; KMTC",2,2,1045.5,80,1043,1048,3,3,3,{3}
2019-06-30,JPCHB,Chiba,JPYOK,Yokohama,1,1,"ANL; CMA CGM; CNC Line-Cheng Lie Navigation Co. Ltd.; Evergreen Line; TS Lines; Yang Ming",6,2,2763,514,2702,2824,1,1,1,{1}
2019-06-30,JPCHB,Chiba,TWKEL,Keelung,1,1,"IAL-Interasia Lines; Wan Hai",2,4,1633,208,1368,1728,3,3,3,{3}
2019-06-30,JPFKY,Fukuyama,JPHIJ,Hiroshima,1,1,"Wan Hai",1,2,1040,,1040,1040,0,0,0,{0}
2019-06-30,JPFKY,Fukuyama,JPMIZ,Mizushima,3,2,"Kambara Kisen Co., Ltd.",1,7,2582.666666666667,420,556,1020,0,0,0,"{0,0,0}"
2019-06-30,JPHBK,Hibiki,JPMOJ,Moji,1,1,"HASCO; Jin Jiang; Taicang Container Lines",3,1,610,60,610,610,1,1,1,{1}
2019-06-30,JPHBK,Hibiki,KRPUS,Busan,2,2,"Dongjin Shipping; Namsung; SeaLand; Sinokor; TaiYoung Shipping",5,4,3207,597.3333333333333,953,2586,1,1,1,"{1,1}"
2019-06-30,JPHHE,Hachinohe,JPTMK,Tomakomai,1,1,"Dong Young; KMTC; Namsung",3,3,1042.3333333333333,120,1024,1060,1,1,1,{1}
2019-06-30,JPHHE,Hachinohe,KRPUS,Busan,1,1,"Heung-A; KMTC; Namsung",3,3,1004.3333333333334,40,953,1060,4,4,4,{4}
2019-06-30,JPHIC,Hitachinaka,JPSDJ,"Sendai (Honshu)",1,1,"Dong Young; KMTC; Namsung",3,3,968.6666666666666,80,953,1000,1,1,1,{1}
2019-06-30,JPHIC,Hitachinaka,JPSMZ,Shimizu,1,1,"Dong Young; KMTC; Namsung",3,3,1002,80,1000,1003,1,1,1,{1}
2019-06-30,JPHIJ,Hiroshima,JPHSM,Hososhima,1,1,"Kambara Kisen Co., Ltd.",1,3,1013.3333333333334,160,1000,1020,1,1,1,{1}
2019-06-30,JPHIJ,Hiroshima,JPIYM,"Iyomishima (Shikoku)",1,1,"Kambara Kisen Co., Ltd.",1,1,556,100,556,556,0,0,0,{0}
2019-06-30,JPHIJ,Hiroshima,JPMIZ,Mizushima,1,1,"CK Line; KMTC; Namsung",3,2,705,148,704,706,1,1,1,{1}
2019-06-30,JPHIJ,Hiroshima,JPMOJ,Moji,1,1,"Wan Hai",1,2,1040,,1040,1040,1,1,1,{1}
2019-06-30,JPHIJ,Hiroshima,JPOIT,Oita,1,1,ONE,1,2,553,100,550,556,1,1,1,{1}
2019-06-30,JPHIJ,Hiroshima,JPSBS,Shibushi,1,1,"Kambara Kisen Co., Ltd.",1,3,1013.3333333333334,160,1000,1020,1,1,1,{1}
2019-06-30,JPHKD,Hakodate,JPTMK,Tomakomai,1,1,"Heung-A; KMTC; Namsung",3,3,1004.3333333333334,40,953,1060,1,1,1,{1}
2019-06-30,JPHKT,Hakata,CNSHA,Shanghai,1,1,SeaLand,1,3,2254,477.3333333333333,2007,2586,3,3,3,{3}
2019-06-30,JPHKT,Hakata,JPHBK,Hibiki,2,2,"Dongjin Shipping; HASCO; Jin Jiang; Namsung; Sinokor; Taicang Container Lines; TaiYoung Shipping",7,2,1563,180,610,953,0,0,0,"{0,0}"
2019-06-30,JPHKT,Hakata,JPMOJ,Moji,4,3,"COSCO; HASCO; Jin Jiang; Sinotrans; SITC Shipping; StarOcean; Taicang Container Lines",7,6,3205,640,349,1118,0,0.5,1,"{1,0,0,1}"
2019-06-30,JPHKT,Hakata,JPOSA,Osaka,2,2,"COSCO; Sinotrans; SITC Shipping; Westwood",4,7,6319.083333333333,1034.4166666666665,1024,2764,1,1.5,2,"{1,2}"
2019-06-30,JPHKT,Hakata,JPTKY,Tokuyama,1,1,"IAL-Interasia Lines; Wan Hai",2,4,1737.75,282.75,1708,1805,0,0,0,{0}
2019-06-30,JPHKT,Hakata,JPUKB,Kobe,1,1,"IAL-Interasia Lines; Wan Hai",2,3,1752,276.6666666666667,1728,1800,1,1,1,{1}
2019-06-30,JPHKT,Hakata,KRKAN,Gwangyang,1,1,"ANL; CMA CGM; CNC Line-Cheng Lie Navigation Co. Ltd.; Evergreen Line; X-Press",5,4,2922,343.5,2910,2926,1,1,1,{1}
2019-06-30,JPHKT,Hakata,KRPUS,Busan,3,3,"CK Line; KMTC; Namsung; SITC Shipping; TS Lines; Yang Ming",6,8,4296.25,630.5,704,1970,1,1,2,"{2,1,1}"
2019-06-30,JPHKT,Hakata,KRUSN,Ulsan,1,1,"ANL; CMA CGM; CNC Line-Cheng Lie Navigation Co. Ltd.; IAL-Interasia Lines; OOCL; Wan Hai",6,3,1368,80,1368,1368,1,1,1,{1}
2019-06-30,JPHKT,Hakata,TWKEL,Keelung,1,1,ONE,1,3,1678,261.6666666666667,1613,1713,2,2,2,{2}
2019-06-30,JPHKT,Hakata,TWTPE,Taipei,1,1,"Evergreen Line; Wan Hai; Yang Ming",3,2,1709,303,1618,1800,2,2,2,{2}
2019-06-30,JPHSM,Hososhima,JPSBS,Shibushi,1,1,"Kambara Kisen Co., Ltd.",1,3,1013.3333333333334,160,1000,1020,0,0,0,{0}
2019-06-30,JPIMI,Imari,JPFKY,Fukuyama,1,1,"Kambara Kisen Co., Ltd.",1,3,1013.3333333333334,160,1000,1020,1,1,1,{1}
2019-06-30,JPIMI,Imari,KRKAN,Gwangyang,1,1,Heung-A,1,2,1043,,1043,1043,1,1,1,{1}
2019-06-30,JPISI,Ishikari,JPHKD,Hakodate,1,1,"Heung-A; KMTC; Namsung",3,3,1004.3333333333334,40,953,1060,1,1,1,{1}
2019-06-30,JPISI,Ishikari,JPSMN,"Sakaiminato (N Coast)",1,1,"Dong Young; KMTC; Namsung",3,3,968.6666666666666,80,953,1000,3,3,3,{3}
2019-06-30,JPIWK,Iwakuni,JPMOJ,Moji,1,1,"Evergreen Line; Wan Hai",2,2,1709,260,1618,1800,1,1,1,{1}
2019-06-30,JPIYM,"Iyomishima (Shikoku)",JPHIJ,Hiroshima,1,1,"CK Line; KMTC; Namsung",3,2,705,148,704,706,1,1,1,{1}
2019-06-30,JPIYM,"Iyomishima (Shikoku)",JPOIT,Oita,1,1,"Kambara Kisen Co., Ltd.",1,1,556,100,556,556,1,1,1,{1}
2019-06-30,JPKIJ,"Niigata (N Coast)",JPAXT,"Akita (N Coast)",1,1,"Heung-A; KMTC",2,2,1045.5,80,1043,1048,1,1,1,{1}
2019-06-30,JPKIJ,"Niigata (N Coast)",JPTMK,Tomakomai,1,1,"Dong Young; KMTC; Namsung",3,3,1002,80,1000,1003,1,1,1,{1}
2019-06-30,JPKIJ,"Niigata (N Coast)",JPTOY,"Toyama (N Coast)",2,2,"Dongjin Shipping; Easline Shipping; Kambara Kisen Co., Ltd.; PanCon; Sinokor; TaiYoung Shipping",6,4,2029,264,1009,1020,1,1,1,"{1,1}"
2019-06-30,JPKIS,Kamaishi,JPHHE,Hachinohe,1,1,"Dong Young; KMTC; Namsung",3,3,1042.3333333333333,120,1024,1060,1,1,1,{1}
2019-06-30,JPKNZ,"Kanazawa (N Coast)",CNSHA,Shanghai,1,1,"Kambara Kisen Co., Ltd.",1,1,698,120,698,698,3,3,3,{3}
2019-06-30,JPKNZ,"Kanazawa (N Coast)",JPTRG,Tsuruga,1,1,"Dongjin Shipping; Easline Shipping; PanCon; Sinokor; TaiYoung Shipping",5,2,1009,104,1009,1009,1,1,1,{1}
2019-06-30,JPKUH,Kushiro,JPMUR,"Muroran Hokkaido",1,1,"Heung-A; KMTC; Namsung",3,3,1004.3333333333334,40,953,1060,1,1,1,{1}
2019-06-30,JPKUH,Kushiro,JPSDJ,"Sendai (Honshu)",1,1,"Dong Young; KMTC; Namsung",3,3,1002,80,1000,1003,2,2,2,{2}
2019-06-30,JPKUH,Kushiro,JPTMK,Tomakomai,1,1,"Dong Young; KMTC; Namsung",3,3,968.6666666666666,80,953,1000,2,2,2,{2}
2019-06-30,JPKWS,Kawasaki,JPNGO,Nagoya,1,1,"SITC Shipping",1,3,1075.6666666666667,100,1024,1103,1,1,1,{1}
2019-06-30,JPKWS,Kawasaki,JPTYO,Tokyo,3,3,"Alianca; Hamburg Sud; Hapag-Lloyd; IAL-Interasia Lines; KMTC; MCC; ONE; SITC Shipping; Wan Hai",9,12,8906.75,1020.75,1264,5085,0,0,0,"{0,0,0}"
2019-06-30,JPKWS,Kawasaki,JPYOK,Yokohama,1,1,"SITC Shipping",1,2,1041,152.5,1040,1042,0,0,0,{0}
2019-06-30,JPMAI,Maizuru,CNDLC,Dalian,1,1,"Kambara Kisen Co., Ltd.",1,2,1020,160,1020,1020,4,4,4,{4}
2019-06-30,JPMIZ,Mizushima,JPFKY,Fukuyama,1,1,"Wan Hai",1,2,1040,,1040,1040,1,1,1,{1}
2019-06-30,JPMIZ,Mizushima,JPHIJ,Hiroshima,3,2,"Kambara Kisen Co., Ltd.",1,7,2582.666666666667,420,556,1020,1,1,1,"{1,1,1}"
2019-06-30,JPMIZ,Mizushima,JPMOJ,Moji,1,1,"CK Line; KMTC; Namsung",3,2,705,148,704,706,1,1,1,{1}
2019-06-30,JPMIZ,Mizushima,JPOSA,Osaka,1,1,"Ji Zhou",1,2,585,50,585,585,0,0,0,{0}
2019-06-30,JPMOJ,Moji,CNNGB,Ningbo,1,1,"COSCO; Sinotrans; SITC Shipping",3,4,1081.75,143.75,1024,1103,3,3,3,{3}
2019-06-30,JPMOJ,Moji,CNSHA,Shanghai,2,2,"COSCO; HASCO; Jin Jiang; Sinotrans; SITC Shipping; Taicang Container Lines",6,3,1479,180,610,907,3,3.5,4,"{4,3}"
2019-06-30,JPMOJ,Moji,CNTXG,Xingang/Tianjin,1,1,"COSCO; Sinotrans; SITC Shipping",3,2,869,120,831,907,3,3,3,{3}
2019-06-30,JPMOJ,Moji,CNWEI,Weihai,1,1,StarOcean,1,1,349,180,349,349,3,3,3,{3}
2019-06-30,JPMOJ,Moji,CNYTN,Yantian,1,1,"CMA CGM; CNC Line-Cheng Lie Navigation Co. Ltd.; COSCO; Evergreen Line; OOCL",5,3,1514,203,1378,1732,3,3,3,{3}
2019-06-30,JPMOJ,Moji,JPHBK,Hibiki,1,1,SeaLand,1,3,2254,477.3333333333333,2007,2586,1,1,1,{1}
2019-06-30,JPMOJ,Moji,JPHIJ,Hiroshima,1,1,ONE,1,2,553,100,550,556,1,1,1,{1}
2019-06-30,JPMOJ,Moji,JPHKT,Hakata,4,4,"CK Line; Evergreen Line; IAL-Interasia Lines; KMTC; Namsung; TS Lines; Wan Hai; Yang Ming",8,10,5921.75,983.75,704,1805,1,1,1,"{1,1,1,1}"
2019-06-30,JPMOJ,Moji,JPIYM,"Iyomishima (Shikoku)",1,1,"CK Line; KMTC; Namsung",3,2,705,148,704,706,1,1,1,{1}
2019-06-30,JPMOJ,Moji,KRPUS,Busan,3,3,"ANL; CMA CGM; CNC Line-Cheng Lie Navigation Co. Ltd.; Evergreen Line; HASCO; Jin Jiang; ONE; Taicang Container Lines; TS Lines; Yang Ming",10,7,4533.333333333333,781.6666666666667,1118,1740,1,1,2,"{1,2,1}"
2019-06-30,JPMOJ,Moji,TWTPE,Taipei,2,2,"Evergreen Line; Wan Hai",2,4,2749,260,1040,1800,2,2,2,"{2,2}"
2019-06-30,JPMUR,"Muroran Hokkaido",JPHHE,Hachinohe,1,1,"Heung-A; KMTC; Namsung",3,3,1004.3333333333334,40,953,1060,1,1,1,{1}
2019-06-30,JPMYJ,"Matsuyama (Shikoku)",JPMOJ,Moji,1,1,ONE,1,2,553,100,550,556,0,0,0,{0}
2019-06-30,JPNAH,"Naha (Okinawa Is)",CNNGB,Ningbo,1,1,"Maersk Line; Matson",2,5,2743.2,321.6,2019,3027,2,2,2,{2}
2019-06-30,JPNAH,"Naha (Okinawa Is)",JPSBS,Shibushi,1,1,ONE,1,2,553,100,550,556,1,1,1,{1}
2019-06-30,JPNAH,"Naha (Okinawa Is)",KRPUS,Busan,1,1,"APL; Maersk Line",2,6,4871.5,521.6666666666666,2522,7471,2,2,2,{2}
2019-06-30,JPNAH,"Naha (Okinawa Is)",TWKHH,Kaohsiung,1,1,ONE,1,2,553,100,550,556,2,2,2,{2}
2019-06-30,JPNGO,Nagoya,CNQZL,Quanzhou,1,1,"Ji Zhou",1,2,585,50,585,585,4,4,4,{4}
2019-06-30,JPNGO,Nagoya,CNSHA,Shanghai,4,4,"COSCO; Sinotrans; SITC Shipping",3,8,4160.666666666667,567.5,908,1103,2,2.5,3,"{3,2,3,2}"
2019-06-30,JPNGO,Nagoya,CNSHP,Qinhuangdao,1,1,"SITC Shipping",1,2,1041,152.5,1040,1042,4,4,4,{4}
2019-06-30,JPNGO,Nagoya,CNTAC,Taicang,2,2,"HASCO; Jin Jiang; SITC Shipping",3,5,2060.666666666667,288.33333333333337,1011,1100,2,2.5,3,"{3,2}"
2019-06-30,JPNGO,Nagoya,CNTAO,Qingdao,1,1,"Centrans; Jin Jiang; StarOcean",3,1,1118,220,1118,1118,4,4,4,{4}
2019-06-30,JPNGO,Nagoya,CNTXG,Xingang/Tianjin,2,2,"COSCO; Sinotrans; StarOcean",3,4,4566,700,1732,2800,5,5.5,6,"{6,5}"
2019-06-30,JPNGO,Nagoya,CNWEI,Weihai,1,1,COSCO,1,1,3480,600,1740,1740,3,3,3,{3}
2019-06-30,JPNGO,Nagoya,CNXMN,Xiamen,1,1,"Hapag-Lloyd; ONE; Yang Ming",3,6,4750.833333333333,349.5,4432,5117,7,7,7,{7}
2019-06-30,JPNGO,Nagoya,CNYIK,Yingkou,1,1,COSCO,1,1,3480,600,1740,1740,3,3,3,{3}
2019-06-30,JPNGO,Nagoya,HKHKG,"Hong Kong",1,1,"APL; ONE; OOCL",3,3,4579.666666666667,400,4578,4583,3,3,3,{3}
2019-06-30,JPNGO,Nagoya,JPKWS,Kawasaki,1,1,"KMTC; SITC Shipping",2,4,1612.5,217.25,1264,1805,1,1,1,{1}
2019-06-30,JPNGO,Nagoya,JPMOJ,Moji,1,1,"CMA CGM; CNC Line-Cheng Lie Navigation Co. Ltd.; COSCO; Evergreen Line; OOCL",5,3,1514,203,1378,1732,2,2,2,{2}
2019-06-30,JPNGO,Nagoya,JPOSA,Osaka,2,2,"ANL; APL; CMA CGM; CNC Line-Cheng Lie Navigation Co. Ltd.; Evergreen Line; MCC; Taicang Container Lines; TS Lines; Yang Ming",9,7,2728.8333333333335,505.5,907,1756,0,0.5,1,"{0,1}"
2019-06-30,JPNGO,Nagoya,JPSMZ,Shimizu,4,4,"HASCO; Jin Jiang; ONE; SITC Shipping; Westwood",5,10,9908,1585.6666666666665,1003,2764,0,1,1,"{0,1,1,1}"
2019-06-30,JPNGO,Nagoya,JPTHS,Toyohashi,1,1,"SITC Shipping",1,3,979,112,915,1043,1,1,1,{1}
2019-06-30,JPNGO,Nagoya,JPTYO,Tokyo,9,6,"ANL; CMA CGM; CNC Line-Cheng Lie Navigation Co. Ltd.; COSCO; Evergreen Line; Hapag-Lloyd; NBOSCO; ONE; Sinotrans; SITC Shipping; Taicang Container Lines; TS Lines; Yang Ming",13,54,29329.35,2965.583333333333,907,9040,0,1,1,"{1,1,1,1,1,0,1,0,1}"
2019-06-30,JPNGO,Nagoya,JPUKB,Kobe,14,14,"Alianca; ANL; APL; Asean Seas Line; CMA CGM; CNC Line-Cheng Lie Navigation Co. Ltd.; Evergreen Line; Hamburg Sud; Hapag-Lloyd; Hyundai; IAL-Interasia Lines; MCC; ONE; OOCL; SITC Shipping; TS Lines; Wan Hai; Yang Ming",18,52,33935.857142857145,4091.214285714286,1011,5087,0,1,2,"{1,2,1,1,1,2,1,1,0,2,1,1,1,1}"
2019-06-30,JPNGO,Nagoya,JPYKK,Yokkaichi,7,7,"Evergreen Line; IAL-Interasia Lines; OOCL; SITC Shipping; Wan Hai; Yang Ming",6,25,16754.5,1858.75,1040,4583,0,0,1,"{0,1,0,0,0,0,1}"
2019-06-30,JPNGO,Nagoya,JPYOK,Yokohama,3,3,"Alianca; ANL; APL; CMA CGM; CNC Line-Cheng Lie Navigation Co. Ltd.; Gold Star Line; Hamburg Sud; KMTC; Maersk Line; MCC; Safmarine; TS Lines; Yang Ming; ZIM",14,18,12828.5,1908.25,1808,9964,1,1,1,"{1,1,1}"
2019-06-30,JPNGO,Nagoya,THLCH,"Laem Chabang",1,1,ONE,1,3,2461,400,2450,2483,7,7,7,{7}
2019-06-30,JPNGO,Nagoya,VNVUT,"Cai Mep",1,1,MSC,1,4,3632.25,242.5,3301,4380,4,4,4,{4}
2019-06-30,JPOIT,Oita,CNSHA,Shanghai,1,1,"Kambara Kisen Co., Ltd.",1,1,556,100,556,556,2,2,2,{2}
2019-06-30,JPOIT,Oita,JPSTS,"Sendai (Kagoshima, Kyushu)",1,1,ONE,1,2,553,100,550,556,1,1,1,{1}
2019-06-30,JPOMZ,Omaezaki,JPTYO,Tokyo,1,1,"ANL; APL; CMA CGM; CNC Line-Cheng Lie Navigation Co. Ltd.; Hyundai",5,4,3427,350,3388,3534,0,0,0,{0}
2019-06-30,JPOMZ,Omaezaki,JPYKK,Yokkaichi,1,1,MSC,1,4,3632.25,242.5,3301,4380,0,0,0,{0}
2019-06-30,JPONA,Onahama,JPHIC,Hitachinaka,1,1,"Dong Young; KMTC; Namsung",3,3,1002,80,1000,1003,1,1,1,{1}
2019-06-30,JPONA,Onahama,JPSDJ,"Sendai (Honshu)",1,1,"Dong Young; KMTC; Namsung",3,3,1042.3333333333333,120,1024,1060,1,1,1,{1}
2019-06-30,JPONA,Onahama,KRPUS,Busan,1,1,"Heung-A; KMTC",2,2,1009,,958,1060,3,3,3,{3}
2019-06-30,JPOSA,Osaka,CNTAO,Qingdao,1,1,"APL; CMA CGM; COSCO; Evergreen Line; OOCL",5,6,6861,815.8333333333334,6046,7024,2,2,2,{2}
2019-06-30,JPOSA,Osaka,CNTXG,Xingang/Tianjin,1,1,"Asean Seas Line",1,2,1118,220,1118,1118,5,5,5,{5}
2019-06-30,JPOSA,Osaka,JPIWK,Iwakuni,1,1,"Evergreen Line; Wan Hai",2,2,1709,260,1618,1800,2,2,2,{2}
2019-06-30,JPOSA,Osaka,JPMIZ,Mizushima,1,1,"Wan Hai",1,2,1040,,1040,1040,1,1,1,{1}
2019-06-30,JPOSA,Osaka,JPNGO,Nagoya,5,5,"ANL; APL; CMA CGM; CNC Line-Cheng Lie Navigation Co. Ltd.; COSCO; Gold Star Line; KMTC; MCC; NBOSCO; SITC Shipping; TS Lines; Westwood; Yang Ming; ZIM",14,17,11900.833333333332,1690.9166666666665,915,2824,1,1,1,"{1,1,1,1,1}"
2019-06-30,JPOSA,Osaka,JPSBK,Sakaisenboku,1,1,"SITC Shipping",1,1,787,80,787,787,0,0,0,{0}
2019-06-30,JPOSA,Osaka,JPSMZ,Shimizu,2,2,"Asean Seas Line; Evergreen Line; OOCL; Wan Hai",4,6,3425.333333333333,651,1618,1774,1,1.5,2,"{2,1}"
2019-06-30,JPOSA,Osaka,JPTYO,Tokyo,2,2,"APL; Ji Zhou; ONE; OOCL",4,5,5164.666666666667,450,585,4583,1,1.5,2,"{2,1}"
2019-06-30,JPOSA,Osaka,JPUKB,Kobe,30,29,"ANL; APL; Centrans; CMA CGM; CNC Line-Cheng Lie Navigation Co. Ltd.; COSCO; Evergreen Line; Gold Star Line; HASCO; IAL-Interasia Lines; Jin Jiang; KMTC; MCC; ONE; OOCL; Sinotrans; SITC Shipping; StarOcean; Taicang Container Lines; TS Lines; Wan Hai; Yang Ming; ZIM",23,71,42368.66666666667,6382.583333333334,542,4583,0,1,1,"{1,1,1,0,1,1,0,1,1,1,1,0,1,0,1,1,0,0,1,0,1,0,0,0,0,0,1,0,1,0}"
2019-06-30,JPOSA,Osaka,JPYKK,Yokkaichi,2,2,ONE,1,6,5088,846.6666666666667,2450,2664,1,1,1,"{1,1}"
2019-06-30,JPOSA,Osaka,KRPUS,Busan,4,4,"Alianca; ANL; APL; CMA CGM; COSCO; Evergreen Line; Hamburg Sud; Hapag-Lloyd; Hyundai; IAL-Interasia Lines; Maersk Line; MCC; MSC; ONE; OOCL; Safmarine; Wan Hai; Yang Ming",18,28,17173.166666666664,1781.4615384615386,1728,5770,1,1.5,2,"{2,2,1,1}"
2019-06-30,JPOSA,Osaka,TWKEL,Keelung,4,4,"ANL; CMA CGM; CNC Line-Cheng Lie Navigation Co. Ltd.; Evergreen Line; OOCL; TS Lines; Yang Ming",7,13,6419.083333333334,767,1024,2535,2,3,3,"{2,3,3,3}"
2019-06-30,JPOSA,Osaka,TWTPE,Taipei,1,1,"IAL-Interasia Lines; Wan Hai",2,4,2707.5,400,2646,2742,3,3,3,{3}
2019-06-30,JPOTR,Otaru,JPMAI,Maizuru,1,1,"Kambara Kisen Co., Ltd.",1,2,1020,160,1020,1020,2,2,2,{2}
2019-06-30,JPSBK,Sakaisenboku,JPOSA,Osaka,1,1,"SITC Shipping",1,4,1759.25,219.25,1620,1808,1,1,1,{1}
2019-06-30,JPSBK,Sakaisenboku,JPUKB,Kobe,1,1,"SITC Shipping",1,1,787,80,787,787,0,0,0,{0}
2019-06-30,JPSBS,Shibushi,CNNGB,Ningbo,1,1,"Kambara Kisen Co., Ltd.",1,3,1013.3333333333334,160,1000,1020,2,2,2,{2}
2019-06-30,JPSBS,Shibushi,CNTXG,Xingang/Tianjin,1,1,"Kambara Kisen Co., Ltd.",1,3,1013.3333333333334,160,1000,1020,5,5,5,{5}
2019-06-30,JPSBS,Shibushi,JPMYJ,"Matsuyama (Shikoku)",1,1,ONE,1,2,553,100,550,556,1,1,1,{1}
2019-06-30,JPSDJ,"Sendai (Honshu)",JPKIS,Kamaishi,1,1,"Dong Young; KMTC; Namsung",3,3,1042.3333333333333,120,1024,1060,1,1,1,{1}
2019-06-30,JPSDJ,"Sendai (Honshu)",JPKUH,Kushiro,1,1,"Dong Young; KMTC; Namsung",3,3,968.6666666666666,80,953,1000,1,1,1,{1}
2019-06-30,JPSDJ,"Sendai (Honshu)",JPONA,Onahama,2,2,"Dong Young; Heung-A; KMTC; Namsung",4,5,2011,80,958,1060,1,1,1,"{1,1}"
2019-06-30,JPSKT,Sakata,KRPUS,Busan,1,1,"Dong Young; KMTC; Namsung",3,3,1042.3333333333333,120,1024,1060,4,4,4,{4}
2019-06-30,JPSMN,"Sakaiminato (N Coast)",JPKNZ,"Kanazawa (N Coast)",1,1,"Kambara Kisen Co., Ltd.",1,1,698,120,698,698,1,1,1,{1}
2019-06-30,JPSMN,"Sakaiminato (N Coast)",KRPUS,Busan,1,1,"Dong Young; KMTC; Namsung",3,3,968.6666666666666,80,953,1000,2,2,2,{2}
2019-06-30,JPSMZ,Shimizu,CNSHA,Shanghai,1,1,"HASCO; Jin Jiang",2,1,1003,120,1003,1003,3,3,3,{3}
2019-06-30,JPSMZ,Shimizu,JPHIC,Hitachinaka,1,1,"Dong Young; KMTC; Namsung",3,3,968.6666666666666,80,953,1000,1,1,1,{1}
2019-06-30,JPSMZ,Shimizu,JPHKT,Hakata,1,1,"SITC Shipping",1,4,1821.25,232.5,1705,1970,1,1,1,{1}
2019-06-30,JPSMZ,Shimizu,JPNGO,Nagoya,5,5,"Evergreen Line; IAL-Interasia Lines; ONE; OOCL; SITC Shipping; Wan Hai",6,17,12535.416666666666,1228,1011,5087,1,1,1,"{1,1,1,1,1}"
2019-06-30,JPSMZ,Shimizu,JPONA,Onahama,1,1,"Dong Young; KMTC; Namsung",3,3,1042.3333333333333,120,1024,1060,1,1,1,{1}
2019-06-30,JPSMZ,Shimizu,JPSDJ,"Sendai (Honshu)",1,1,"Heung-A; KMTC",2,2,1009,,958,1060,1,1,1,{1}
2019-06-30,JPSMZ,Shimizu,JPTYO,Tokyo,4,4,"Asean Seas Line; KMTC; ONE; OOCL; Westwood",5,12,14114.666666666664,2233,1714,5071,1,1,1,"{1,1,1,1}"
2019-06-30,JPSMZ,Shimizu,JPUKB,Kobe,1,1,"Hapag-Lloyd; ONE; Yang Ming",3,15,7948.8,746.6666666666666,8120,9040,1,1,1,{1}
2019-06-30,JPSMZ,Shimizu,JPYOK,Yokohama,3,3,"ANL; APL; CMA CGM; CNC Line-Cheng Lie Navigation Co. Ltd.; Evergreen Line; MCC; TS Lines; Wan Hai; Yang Ming",9,14,6273.690476190476,944.547619047619,1618,2926,0,0,1,"{0,1,0}"
2019-06-30,JPSMZ,Shimizu,KRPUS,Busan,1,1,"Dong Young; KMTC; Namsung",3,3,1002,80,1000,1003,3,3,3,{3}
2019-06-30,JPSTS,"Sendai (Kagoshima, Kyushu)",TWKEL,Keelung,1,1,ONE,1,2,553,100,550,556,1,1,1,{1}
2019-06-30,JPTHS,Toyohashi,JPYKK,Yokkaichi,1,1,"SITC Shipping",1,3,979,112,915,1043,0,0,0,{0}
2019-06-30,JPTKY,Tokuyama,TWTPE,Taipei,1,1,"IAL-Interasia Lines; Wan Hai",2,4,1737.75,282.75,1708,1805,2,2,2,{2}
2019-06-30,JPTMK,Tomakomai,JPISI,Ishikari,1,1,"Dong Young; KMTC; Namsung",3,3,968.6666666666666,80,953,1000,1,1,1,{1}
2019-06-30,JPTMK,Tomakomai,JPKUH,Kushiro,2,2,"Dong Young; Heung-A; KMTC; Namsung",4,6,2006.3333333333335,120,953,1060,1,1,1,"{1,1}"
2019-06-30,JPTMK,Tomakomai,JPSKT,Sakata,1,1,"Dong Young; KMTC; Namsung",3,3,1042.3333333333333,120,1024,1060,1,1,1,{1}
2019-06-30,JPTMK,Tomakomai,KRPUS,Busan,1,1,Westwood,1,3,5237.333333333333,890.6666666666666,2546,2764,2,2,2,{2}
2019-06-30,JPTOY,"Toyama (N Coast)",JPKNZ,"Kanazawa (N Coast)",1,1,"Dongjin Shipping; Easline Shipping; PanCon; Sinokor; TaiYoung Shipping",5,2,1009,104,1009,1009,1,1,1,{1}
2019-06-30,JPTOY,"Toyama (N Coast)",JPOTR,Otaru,1,1,"Kambara Kisen Co., Ltd.",1,2,1020,160,1020,1020,1,1,1,{1}
2019-06-30,JPTRG,Tsuruga,KRPUS,Busan,1,1,"Dongjin Shipping; Easline Shipping; PanCon; Sinokor; TaiYoung Shipping",5,2,1009,104,1009,1009,1,1,1,{1}
2019-06-30,JPTYO,Tokyo,CNNGB,Ningbo,1,1,"Asean Seas Line; OOCL",2,3,1734,405.6666666666667,1714,1774,6,6,6,{6}
2019-06-30,JPTYO,Tokyo,CNSHA,Shanghai,1,1,"COSCO; Sinotrans; SITC Shipping",3,2,1070,72.5,1040,1100,3,3,3,{3}
2019-06-30,JPTYO,Tokyo,CNTAC,Taicang,1,1,"HASCO; SITC Shipping",2,2,1020,160,1020,1020,3,3,3,{3}
2019-06-30,JPTYO,Tokyo,CNTAO,Qingdao,2,2,"CMA CGM; COSCO; Evergreen Line; Hapag-Lloyd; ONE; Yang Ming",6,12,17508.333333333336,1656,8452,9300,3,3,3,"{3,3}"
2019-06-30,JPTYO,Tokyo,HKHKG,"Hong Kong",1,1,"Gold Star Line; KMTC; TS Lines; Yang Ming; ZIM",5,4,2776.5,528.25,2700,2824,3,3,3,{3}
2019-06-30,JPTYO,Tokyo,JPCHB,Chiba,1,1,"ANL; CMA CGM; CNC Line-Cheng Lie Navigation Co. Ltd.; Evergreen Line; TS Lines; Yang Ming",6,2,2763,514,2702,2824,1,1,1,{1}
2019-06-30,JPTYO,Tokyo,JPKWS,Kawasaki,2,2,"Alianca; Hamburg Sud; Hapag-Lloyd; MCC; ONE; SITC Shipping",6,6,5689.25,598,1040,5085,1,1,1,"{1,1}"
2019-06-30,JPTYO,Tokyo,JPNGO,Nagoya,3,3,"ANL; APL; CMA CGM; CNC Line-Cheng Lie Navigation Co. Ltd.; Hyundai; OOCL; SITC Shipping",7,11,9033.916666666668,878.3333333333334,1011,4583,1,1,1,"{1,1,1}"
2019-06-30,JPTYO,Tokyo,JPOSA,Osaka,1,1,"APL; CMA CGM; COSCO; Evergreen Line; OOCL",5,6,6861,815.8333333333334,6046,7024,1,1,1,{1}
2019-06-30,JPTYO,Tokyo,JPSMZ,Shimizu,4,4,"ANL; APL; CMA CGM; CNC Line-Cheng Lie Navigation Co. Ltd.; Evergreen Line; Hapag-Lloyd; MCC; ONE; TS Lines; Yang Ming",10,29,14209.157142857142,1707.547619047619,1613,9040,1,1,1,"{1,1,1,1}"
2019-06-30,JPTYO,Tokyo,JPUKB,Kobe,5,5,"Alianca; COSCO; Hamburg Sud; Hapag-Lloyd; Maersk Line; MCC; ONE; Taicang Container Lines; Yang Ming",9,31,25139.7,2320.6666666666665,907,9100,1,1,1,"{1,1,1,1,1}"
2019-06-30,JPTYO,Tokyo,JPYKK,Yokkaichi,1,1,"Alianca; Hamburg Sud; Hapag-Lloyd; MCC; ONE",5,4,4648.25,445.5,4432,5085,1,1,1,{1}
2019-06-30,JPTYO,Tokyo,JPYOK,Yokohama,45,43,"ANL; APL; Asean Seas Line; Centrans; CMA CGM; CNC Line-Cheng Lie Navigation Co. Ltd.; COSCO; Evergreen Line; HASCO; IAL-Interasia Lines; Jin Jiang; Ji Zhou; KMTC; MCC; MSC; NBOSCO; ONE; OOCL; Sinotrans; SITC Shipping; StarOcean; Taicang Container Lines; TS Lines; Wan Hai; Yang Ming",25,122,85190.25,10810.25,585,5087,0,0,1,"{1,0,0,0,0,0,1,0,0,1,0,0,1,0,0,0,0,0,1,1,1,0,0,0,0,0,0,1,0,1,0,0,0,0,0,1,1,0,0,0,1,1,1,0,0}"
2019-06-30,JPTYO,Tokyo,KRPUS,Busan,2,2,"Hapag-Lloyd; Hyundai; MSC; ONE; SM Line",5,18,16437.166666666668,1322.6666666666667,4253,13102,2,2.5,3,"{2,3}"
2019-06-30,JPTYO,Tokyo,PAMIT,Manzanillo,1,1,"Hapag-Lloyd; ONE; Yang Ming",3,10,6720.2,500,6700,6734,18,18,18,{18}
2019-06-30,JPTYO,Tokyo,SGSIN,Singapore,1,1,"Hapag-Lloyd; ONE; Yang Ming",3,15,7948.8,746.6666666666666,8120,9040,6,6,6,{6}
2019-06-30,JPTYO,Tokyo,TWKEL,Keelung,1,1,"ANL; APL; CMA CGM; CNC Line-Cheng Lie Navigation Co. Ltd.; MCC; TS Lines",6,4,1808,120,1808,1808,3,3,3,{3}
2019-06-30,JPTYO,Tokyo,TWTPE,Taipei,1,1,"Evergreen Line; Wan Hai",2,3,1691.3333333333333,245.33333333333334,1618,1728,3,3,3,{3}
2019-06-30,JPTYO,Tokyo,USLAX,"Los Angeles CA",1,1,"Hapag-Lloyd; ONE; Yang Ming",3,15,7948.8,746.6666666666666,8120,9040,11,11,11,{11}
2019-06-30,JPTYO,Tokyo,USPAE,"Everett WA",1,1,Westwood,1,3,5237.333333333333,890.6666666666666,2546,2764,12,12,12,{12}
2019-06-30,JPTYO,Tokyo,USTIW,"Tacoma WA",1,1,"Hapag-Lloyd; ONE; Yang Ming",3,6,4750.833333333333,349.5,4432,5117,9,9,9,{9}
2019-06-30,JPUKB,Kobe,CNDLC,Dalian,1,1,"SITC Shipping",1,3,1040.6666666666667,128.33333333333334,1011,1100,2,2,2,{2}
2019-06-30,JPUKB,Kobe,CNLYG,Lianyungang,1,1,"SITC Shipping",1,1,694,120,694,694,2,2,2,{2}
2019-06-30,JPUKB,Kobe,CNNGB,Ningbo,1,1,"Hapag-Lloyd; ONE; Yang Ming",3,10,6720.2,500,6700,6734,2,2,2,{2}
2019-06-30,JPUKB,Kobe,CNSHA,Shanghai,8,8,"Centrans; COSCO; Jin Jiang; Sinotrans; StarOcean; TS Lines",6,11,7555.5,1218,602,1114,2,3,3,"{3,3,2,3,2,2,3,3}"
2019-06-30,JPUKB,Kobe,CNSHK,Shekou,1,1,"APL; CNC Line-Cheng Lie Navigation Co. Ltd.; TS Lines",3,4,2474.75,375,2468,2495,3,3,3,{3}
2019-06-30,JPUKB,Kobe,CNTAC,Taicang,3,3,"HASCO; SITC Shipping; Taicang Container Lines",3,6,2918.3333333333335,440,907,1043,2,2,3,"{2,2,3}"
2019-06-30,JPUKB,Kobe,CNTAO,Qingdao,4,4,"COSCO; Hapag-Lloyd; Jin Jiang; ONE; Sinotrans; SITC Shipping; Yang Ming",7,10,11124.333333333334,1036.6666666666665,787,9100,2,3,3,"{3,3,3,2}"
2019-06-30,JPUKB,Kobe,CNTXG,Xingang/Tianjin,1,1,"COSCO; Sinotrans; SITC Shipping",3,4,1081.75,143.75,1024,1103,3,3,3,{3}
2019-06-30,JPUKB,Kobe,CNWEI,Weihai,1,1,"COSCO; Sinotrans; SITC Shipping",3,1,542,200,542,542,2,2,2,{2}
2019-06-30,JPUKB,Kobe,CNXMN,Xiamen,1,1,"Hapag-Lloyd; ONE; Yang Ming",3,6,10063.666666666666,866.6666666666666,9954,10114,3,3,3,{3}
2019-06-30,JPUKB,Kobe,HKHKG,"Hong Kong",1,1,"ONE; OOCL; Wan Hai",3,4,4970.75,330,4882,5087,4,4,4,{4}
2019-06-30,JPUKB,Kobe,JPMOJ,Moji,5,5,"ANL; CMA CGM; CNC Line-Cheng Lie Navigation Co. Ltd.; COSCO; Evergreen Line; IAL-Interasia Lines; ONE; Sinotrans; SITC Shipping; TS Lines; Wan Hai; Yang Ming",12,16,7943.833333333333,1291.1666666666667,1024,1805,1,1,1,"{1,1,1,1,1}"
2019-06-30,JPUKB,Kobe,JPNGO,Nagoya,5,4,"Alianca; ANL; CMA CGM; CNC Line-Cheng Lie Navigation Co. Ltd.; Hamburg Sud; Hapag-Lloyd; Maersk Line; MCC; ONE; Safmarine; Taicang Container Lines; Yang Ming",12,49,29883.766666666666,3262.833333333333,907,9964,0,1,2,"{2,0,1,0,1}"
2019-06-30,JPUKB,Kobe,JPOSA,Osaka,16,16,"ANL; APL; Asean Seas Line; CMA CGM; CNC Line-Cheng Lie Navigation Co. Ltd.; COSCO; Evergreen Line; Gold Star Line; IAL-Interasia Lines; KMTC; MCC; NBOSCO; ONE; OOCL; SITC Shipping; TS Lines; Wan Hai; Yang Ming; ZIM",19,50,30835.083333333332,4174.916666666667,915,4583,0,0,0,"{0,0,0,0,0,0,0,0,0,0,0,0,0,0,0,0}"
2019-06-30,JPUKB,Kobe,JPTYO,Tokyo,1,1,StarOcean,1,2,1795,300,1732,1858,1,1,1,{1}
2019-06-30,JPUKB,Kobe,KRPUS,Busan,3,3,"Alianca; COSCO; Hamburg Sud; Maersk Line; MCC; ONE; SITC Shipping",7,13,8741.25,1321.4166666666667,1620,4544,1,2,2,"{2,2,1}"
2019-06-30,JPUKB,Kobe,SGSIN,Singapore,2,2,"Alianca; ANL; APL; CMA CGM; CNC Line-Cheng Lie Navigation Co. Ltd.; Hamburg Sud; Hapag-Lloyd; Hyundai; MCC; ONE",10,8,8075.25,795.5,3388,5085,7,7,7,"{7,7}"
2019-06-30,JPUKB,Kobe,TWKEL,Keelung,1,1,"ANL; APL; CMA CGM; CNC Line-Cheng Lie Navigation Co. Ltd.; Evergreen Line; MCC; TS Lines; Yang Ming",8,4,1737.5,345.5,1708,1756,2,2,2,{2}
2019-06-30,JPUKB,Kobe,TWKHH,Kaohsiung,1,1,OOCL,1,4,4566.25,400,4526,4583,3,3,3,{3}
2019-06-30,JPUKB,Kobe,TWTXG,Taichung,2,2,"ANL; CMA CGM; CNC Line-Cheng Lie Navigation Co. Ltd.; Evergreen Line; MCC; ONE; TS Lines; Wan Hai; Yang Ming",9,11,5451.857142857143,813.7142857142858,2546,2926,2,2.5,3,"{2,3}"
2019-06-30,JPYKK,Yokkaichi,JPNGO,Nagoya,3,3,"MSC; ONE",2,10,8720.25,1089.1666666666667,2450,4380,0,1,1,"{1,1,0}"
2019-06-30,JPYKK,Yokkaichi,JPSMZ,Shimizu,1,1,"SITC Shipping",1,4,1821.25,232.5,1705,1970,1,1,1,{1}
2019-06-30,JPYKK,Yokkaichi,JPTYO,Tokyo,1,1,"SITC Shipping",1,2,1041,152.5,1040,1042,0,0,0,{0}
2019-06-30,JPYKK,Yokkaichi,JPUKB,Kobe,1,1,OOCL,1,4,4566.25,400,4526,4583,1,1,1,{1}
2019-06-30,JPYKK,Yokkaichi,JPYOK,Yokohama,1,1,"Alianca; Hamburg Sud; Hapag-Lloyd; MCC; ONE",5,4,4648.25,445.5,4432,5085,0,0,0,{0}
2019-06-30,JPYKK,Yokkaichi,KRPUS,Busan,1,1,"SITC Shipping",1,3,979,112,915,1043,1,1,1,{1}
2019-06-30,JPYKK,Yokkaichi,TWTPE,Taipei,3,3,"Evergreen Line; IAL-Interasia Lines; Wan Hai",3,11,6430,729.75,1368,2646,2,3,3,"{3,3,2}"
2019-06-30,JPYKK,Yokkaichi,TWTXG,Taichung,1,1,"Evergreen Line; OOCL; Yang Ming",3,4,2896,344,2867,2926,3,3,3,{3}
2019-06-30,JPYOK,Yokohama,CAPRR,"Prince Rupert BC",1,1,"Hamburg Sud; Hyundai; Maersk Line; MCC; MSC; Safmarine; ZIM",7,7,11204.285714285714,742.8571428571429,11078,11294,10,10,10,{10}
2019-06-30,JPYOK,Yokohama,CNLYG,Lianyungang,1,1,"COSCO; OOCL; Sinotrans",3,2,2246,308,1946,2546,7,7,7,{7}
2019-06-30,JPYOK,Yokohama,CNNGB,Ningbo,3,3,"Alianca; ANL; CMA CGM; CNC Line-Cheng Lie Navigation Co. Ltd.; COSCO; Hamburg Sud; Hyundai; Maersk Line; MCC; MSC; NBOSCO; Safmarine; Seago Line; Sinotrans; SITC Shipping",15,27,22577.625,2267.5,1100,14000,1,1,4,"{1,1,4}"
2019-06-30,JPYOK,Yokohama,CNSHA,Shanghai,11,11,"Centrans; COSCO; IAL-Interasia Lines; Jin Jiang; KMTC; Sinotrans; SITC Shipping; StarOcean; TS Lines; Wan Hai",10,23,13188.916666666666,1858,698,1808,2,3,4,"{3,2,4,4,2,3,2,2,3,3,2}"
2019-06-30,JPYOK,Yokohama,CNTAC,Taicang,2,2,"HASCO; Jin Jiang; SITC Shipping; Taicang Container Lines",4,5,2011.3333333333335,320,907,1043,2,3,4,"{2,4}"
2019-06-30,JPYOK,Yokohama,CNTAO,Qingdao,1,1,"Jin Jiang",1,2,1100,145,1100,1100,3,3,3,{3}
2019-06-30,JPYOK,Yokohama,CNZPU,"Zhapu Pt",2,1,"COSCO; NBOSCO; SITC Shipping",3,6,2200,80,1100,1100,3,3,3,"{3,3}"
2019-06-30,JPYOK,Yokohama,GUGUM,Guam,1,1,"APL; Swire Shipping",2,2,1358,200,1078,1638,4,4,4,{4}
2019-06-30,JPYOK,Yokohama,JPCHB,Chiba,1,1,"IAL-Interasia Lines; Wan Hai",2,4,1633,208,1368,1728,1,1,1,{1}
2019-06-30,JPYOK,Yokohama,JPKWS,Kawasaki,1,1,"SITC Shipping",1,3,1075.6666666666667,100,1024,1103,0,0,0,{0}
2019-06-30,JPYOK,Yokohama,JPNAH,"Naha (Okinawa Is)",1,1,"APL; Maersk Line",2,6,4871.5,521.6666666666666,2522,7471,2,2,2,{2}
2019-06-30,JPYOK,Yokohama,JPNGO,Nagoya,23,23,"Alianca; ANL; APL; Asean Seas Line; CMA CGM; CNC Line-Cheng Lie Navigation Co. Ltd.; COSCO; Evergreen Line; Hamburg Sud; Hapag-Lloyd; IAL-Interasia Lines; Ji Zhou; MCC; ONE; OOCL; Sinotrans; SITC Shipping; StarOcean; Taicang Container Lines; TS Lines; Wan Hai; Yang Ming",22,72,50314.60714285715,6926.297619047619,585,5085,0,1,2,"{1,0,1,2,2,1,2,1,1,1,1,1,1,1,1,1,1,1,1,2,1,1,1}"
2019-06-30,JPYOK,Yokohama,JPOMZ,Omaezaki,2,2,"ANL; APL; CMA CGM; CNC Line-Cheng Lie Navigation Co. Ltd.; Hyundai; MSC",6,8,7059.25,592.5,3301,4380,0,0.5,1,"{0,1}"
2019-06-30,JPYOK,Yokohama,JPOSA,Osaka,3,3,"Alianca; ANL; APL; CMA CGM; COSCO; Evergreen Line; Hamburg Sud; Hapag-Lloyd; Hyundai; Maersk Line; MCC; MSC; ONE; OOCL; Safmarine; Yang Ming",16,25,15421.166666666666,1504.7948717948716,4253,5770,1,2,2,"{2,1,2}"
2019-06-30,JPYOK,Yokohama,JPSMZ,Shimizu,3,3,"Evergreen Line; IAL-Interasia Lines; ONE; OOCL; Wan Hai",5,11,9816.75,838,2200,5087,1,1,1,"{1,1,1}"
2019-06-30,JPYOK,Yokohama,JPTYO,Tokyo,8,8,"ANL; APL; CMA CGM; CNC Line-Cheng Lie Navigation Co. Ltd.; COSCO; Evergreen Line; Gold Star Line; HASCO; KMTC; MCC; ONE; OOCL; Sinotrans; SITC Shipping; TS Lines; Wan Hai; Yang Ming; ZIM",18,25,16055.250000000002,1846.0833333333335,1011,5087,0,1,1,"{1,0,0,1,1,1,1,1}"
2019-06-30,JPYOK,Yokohama,JPUKB,Kobe,1,1,ONE,1,3,2627,446.6666666666667,2553,2664,1,1,1,{1}
2019-06-30,JPYOK,Yokohama,KRPUS,Busan,6,6,"Alianca; APL; CMA CGM; COSCO; Evergreen Line; Hamburg Sud; Hapag-Lloyd; Hyundai; KMTC; Maersk Line; MCC; MSC; ONE; PIL; SeaLand; ZIM",16,47,37437.0683982684,4496.205194805195,3534,10622,2,2,3,"{2,2,2,3,2,3}"
2019-06-30,JPYOK,Yokohama,MXESE,Ensenada,1,1,"Hapag-Lloyd; Hyundai; MSC; ONE",4,11,6539,809.8181818181819,6200,7241,13,13,13,{13}
2019-06-30,JPYOK,Yokohama,MXZLO,"Manzanillo, MEX",1,1,"Alianca; Hamburg Sud; Maersk Line; MCC; SeaLand",5,21,9068.57142857143,782,8160,9640,14,14,14,{14}
2019-06-30,JPYOK,Yokohama,TWKEL,Keelung,1,1,"ANL; CMA CGM; CNC Line-Cheng Lie Navigation Co. Ltd.; Evergreen Line; TS Lines; Yang Ming",6,2,2763,514,2702,2824,3,3,3,{3}
2019-06-30,JPYOK,Yokohama,USHNL,"Honolulu HI",1,1,"APL; ONE",2,5,712.4,120.2,698,1118,12,12,12,{12}
2019-06-30,KEMBA,Mombasa,INMUN,Mundra,1,1,MSC,1,3,2206.6666666666665,106.66666666666667,2073,2474,6,6,6,{6}
2019-06-30,KEMBA,Mombasa,LKCMB,Colombo,1,1,"ANL; CMA CGM; CNC Line-Cheng Lie Navigation Co. Ltd.; COSCO; Emirates Shipping; Evergreen Line; ONE; OOCL; X-Press",9,7,4264.285714285715,433.42857142857144,4211,4506,8,8,8,{8}
2019-06-30,KEMBA,Mombasa,OMSLL,Salalah,2,2,"Maersk Line; Safmarine",2,10,6647.333333333334,1056.5,2450,4504,4,5.5,7,"{7,4}"
2019-06-30,KEMBA,Mombasa,SOMGQ,Mogadishu,1,1,"CMA CGM; UAFL-United Africa Feeder Line",2,6,2247,373.6666666666667,2207,2272,3,3,3,{3}
2019-06-30,KEMBA,Mombasa,TZDAR,"Dar es Salaam",4,4,"ANL; CMA CGM; COSCO; Emirates Shipping; Hapag-Lloyd; Maersk Line; MCC; OOCL; PIL; Safmarine",10,23,17213.482142857145,2138.2357142857145,2475,4620,0,1.5,8,"{8,0,2,1}"
2019-06-30,KEMBA,Mombasa,TZZNZ,Zanzibar,1,1,"Emirates Shipping; UAFL-United Africa Feeder Line; WEC Lines",3,3,2452.285714285714,471.42857142857144,1726,2268,1,1,1,{1}
2019-06-30,KHKOS,Sihanoukville,HKHKG,"Hong Kong",1,1,"Wan Hai",1,2,1097.5,120,1040,1155,3,3,3,{3}
2019-06-30,KHKOS,Sihanoukville,THBKK,"Bangkok (Old Port)",3,3,"COSCO; RCL; SITC Shipping; Wan Hai",4,9,4630.75,406.5833333333333,1040,1946,1,1,2,"{1,2,1}"
2019-06-30,KHKOS,Sihanoukville,THLCH,"Laem Chabang",1,1,"Evergreen Line",1,2,1613,313,1496,1730,0,0,0,{0}
2019-06-30,KHKOS,Sihanoukville,VNSGN,"Ho Chi Minh (VICT/Cat Lai)",1,1,"IAL-Interasia Lines; Wan Hai",2,3,1410.6666666666667,145.33333333333334,1368,1496,3,3,3,{3}
2019-06-30,KMLOG,"Longoni Comoros Is",MZBEW,Beira,1,1,"CMA CGM; UAFL-United Africa Feeder Line",2,6,2247,373.6666666666667,2207,2272,2,2,2,{2}
2019-06-30,KMMUT,Mutsamudu,KMYVA,"Moroni, Comoros Is",1,1,"Emirates Shipping; UAFL-United Africa Feeder Line; WEC Lines",3,3,2452.285714285714,471.42857142857144,1726,2268,0,0,0,{0}
2019-06-30,KMYVA,"Moroni, Comoros Is",PKKHI,Karachi,1,1,"Emirates Shipping; UAFL-United Africa Feeder Line; WEC Lines",3,3,2452.285714285714,471.42857142857144,1726,2268,6,6,6,{6}
2019-06-30,KNBAS,"Basseterre, St Kitts",BBBGI,Bridgetown,1,1,"Crowley; King Ocean",2,1,2236,440,1118,1118,1,1,1,{1}
2019-06-30,KNBAS,"Basseterre, St Kitts",LCSLU,"Castries, St Lucia",1,1,"King Ocean",1,2,2075,472,957,1118,1,1,1,{1}
2019-06-30,KRINC,Inchon,CNDLC,Dalian,3,3,"ANL; CMA CGM; CNC Line-Cheng Lie Navigation Co. Ltd.; COSCO; Evergreen Line; Heung-A; Hyundai; KMTC; ONE; OOCL; RCL; Sinokor; Wan Hai; Yang Ming",14,11,12356.833333333334,1390.6666666666667,2700,5610,1,2,2,"{2,2,1}"
2019-06-30,KRINC,Inchon,CNNGB,Ningbo,3,3,"CK Line; COSCO; Heung-A; NBOSCO; OOCL; PanCon; PIL; TaiYoung Shipping",8,14,6029,137.33333333333334,1009,4250,2,2,2,"{2,2,2}"
2019-06-30,KRINC,Inchon,CNSHA,Shanghai,1,1,"Hyundai; Maersk Line; MSC",3,6,6785.333333333333,483.3333333333333,6350,8600,3,3,3,{3}
2019-06-30,KRINC,Inchon,CNTAO,Qingdao,6,5,"ANL; CK Line; CMA CGM; CNC Line-Cheng Lie Navigation Co. Ltd.; COSCO; Evergreen Line; Heung-A; Hyundai; IAL-Interasia Lines; KMTC; PanOcean; SITC Shipping; TaiYoung Shipping; TS Lines; Wan Hai",15,15,12169.166666666666,1580.5,932,4498,0,1,1,"{1,1,1,1,0,1}"
2019-06-30,KRINC,Inchon,CNTXG,Xingang/Tianjin,1,1,"Dongjin Shipping; Namsung",2,1,599,30,599,599,3,3,3,{3}
2019-06-30,KRINC,Inchon,HKHKG,"Hong Kong",2,2,"Dong Young; Heung-A; KMTC; Namsung; Sinokor; SM Line",6,4,2066.5,232,1000,1060,3,3,3,"{3,3}"
2019-06-30,KRINC,Inchon,KRKAN,Gwangyang,4,4,"ANL; CMA CGM; CNC Line-Cheng Lie Navigation Co. Ltd.; Evergreen Line; Heung-A; IAL-Interasia Lines; KMTC; SM Line; Wan Hai",9,13,7054.25,871.75,962,2750,1,2,2,"{2,2,1,2}"
2019-06-30,KRINC,Inchon,KRKUV,Kunsan,1,1,"Dongjin Shipping; Dong Young; KMTC; Namsung; Sinokor; TaiYoung Shipping",6,1,1000,,1000,1000,1,1,1,{1}
2019-06-30,KRINC,Inchon,KRPTK,Pyongtaek,3,3,"CK Line; Dongjin Shipping; Evergreen Line; Heung-A; Namsung; Sinokor; SITC Shipping",7,8,3784.333333333333,529.3333333333333,1005,1785,1,1,1,"{1,1,1}"
2019-06-30,KRINC,Inchon,KRPUS,Busan,5,5,"ANL; CK Line; CMA CGM; CNC Line-Cheng Lie Navigation Co. Ltd.; Hyundai; KMTC; MCC; Namsung; Sinokor; TS Lines; Yang Ming",11,17,9704.535714285714,1571.4285714285716,1585,2806,1,2,2,"{2,2,2,2,1}"
2019-06-30,KRINC,Inchon,KRTSN,Seosan,2,2,"Dong Young; KMTC; Namsung; PanOcean; Sinokor",5,3,2126,150,928,1118,0,0.5,1,"{1,0}"
2019-06-30,KRINC,Inchon,KRUSN,Ulsan,1,1,"Heung-A; Sinokor",2,2,1055,103,1050,1060,1,1,1,{1}
2019-06-30,KRKAN,Gwangyang,CNLYG,Lianyungang,2,2,"Easline Shipping; Heung-A; KMTC; Namsung",4,4,2554.3333333333335,328,953,1550,1,1.5,2,"{2,1}"
2019-06-30,KRKAN,Gwangyang,CNNGB,Ningbo,8,8,"ANL; APL; CMA CGM; COSCO; Dongjin Shipping; Dong Young; Easline Shipping; Gold Star Line; Hamburg Sud; Hyundai; KMTC; Maersk Line; MCC; MSC; Namsung; OOCL; PanCon; PanOcean; Safmarine; Seago Line; Sinokor; SM Line; TaiYoung Shipping; ZIM",24,34,38017.24908424909,2765.5164835164837,953,20568,1,2,4,"{2,1,3,2,2,1,4,2}"
2019-06-30,KRKAN,Gwangyang,CNSHA,Shanghai,8,8,"CK Line; COSCO; Dong Young; Evergreen Line; Heung-A; Hyundai; KMTC; MCC; Namsung; RCL; Sinokor; Sinotrans; SITC Shipping",13,31,14137.485714285713,2163.595238095238,915,2824,1,1,2,"{1,2,2,2,1,1,1,1}"
2019-06-30,KRKAN,Gwangyang,CNTAO,Qingdao,6,6,"CK Line; COSCO; Dongjin Shipping; Easline Shipping; Heung-A; KMTC; MCC; Namsung; PanCon; PanOcean; Sinokor; TaiYoung Shipping",12,13,10234.5,1051.4285714285716,840,4447,1,1.5,3,"{3,1,1,1,2,3}"
2019-06-30,KRKAN,Gwangyang,CNTXG,Xingang/Tianjin,1,1,"Dongjin Shipping; Dong Young; Heung-A; Namsung; Sinokor; TaiYoung Shipping",6,1,1740,300,1740,1740,2,2,2,{2}
2019-06-30,KRKAN,Gwangyang,CNYNT,Yantai,1,1,"Easline Shipping; Heung-A; PanOcean; Sinotrans",4,1,1675,100,1675,1675,1,1,1,{1}
2019-06-30,KRKAN,Gwangyang,CNYTN,Yantian,1,1,"SM Line",1,6,4389.666666666667,442.6666666666667,4253,4644,5,5,5,{5}
2019-06-30,KRKAN,Gwangyang,HKHKG,"Hong Kong",2,2,"Hapag-Lloyd; ONE; PanOcean; Sinokor; Yang Ming",5,8,9484.833333333334,860,928,8749,3,3.5,4,"{4,3}"
2019-06-30,KRKAN,Gwangyang,JPYOK,Yokohama,1,1,"Alianca; Hamburg Sud; Maersk Line; MCC; SeaLand",5,21,9068.57142857143,782,8160,9640,3,3,3,{3}
2019-06-30,KRKAN,Gwangyang,KRINC,Inchon,1,1,"Hyundai; Maersk Line; MSC",3,6,6785.333333333333,483.3333333333333,6350,8600,1,1,1,{1}
2019-06-30,KRKAN,Gwangyang,KRPUS,Busan,17,17,"ANL; APL; CK Line; CMA CGM; CNC Line-Cheng Lie Navigation Co. Ltd.; COSCO; Dongjin Shipping; Evergreen Line; Gold Star Line; Hapag-Lloyd; Heung-A; Hyundai; IAL-Interasia Lines; KMTC; Maersk Line; MCC; MSC; Namsung; ONE; PanCon; PanOcean; RCL; Safmarine; Sinokor; SM Line; TS Lines; Wan Hai; X-Press; Yang Ming; ZIM",30,69,59452.50000000001,5769.351190476191,962,13100,0,1,2,"{1,1,1,0,1,0,1,1,1,0,1,1,1,0,1,2,1}"
2019-06-30,KRKAN,Gwangyang,KRUSN,Ulsan,3,3,"Dong Young; Heung-A; Hyundai; KMTC; Namsung; Sinokor",6,9,6317.5,454,1000,4275,0,0,1,"{0,0,1}"
2019-06-30,KRKAN,Gwangyang,TWKEL,Keelung,4,4,"ANL; CMA CGM; CNC Line-Cheng Lie Navigation Co. Ltd.; Evergreen Line; IAL-Interasia Lines; KMTC; OOCL; TS Lines; Wan Hai; Yang Ming",10,10,6570.333333333333,930,1368,1805,2,2,3,"{2,3,2,2}"
2019-06-30,KRKPO,Pohang,KRUSN,Ulsan,1,1,"Heung-A; KMTC; Sinotrans",3,4,2687.5,527,2278,2824,1,1,1,{1}
2019-06-30,KRKUV,Kunsan,CNNGB,Ningbo,1,1,"Dongjin Shipping; Dong Young; KMTC; Namsung; Sinokor; TaiYoung Shipping",6,1,1000,,1000,1000,1,1,1,{1}
2019-06-30,KRKUV,Kunsan,KRPUS,Busan,1,1,"Dongjin Shipping; PanOcean",2,1,1118,220,1118,1118,2,2,2,{2}
2019-06-30,KRPTK,Pyongtaek,CNTAO,Qingdao,1,1,"Sinokor; SITC Shipping; TaiYoung Shipping",3,2,1023,150,928,1118,1,1,1,{1}
2019-06-30,KRPTK,Pyongtaek,CNTXG,Xingang/Tianjin,1,1,"Sinokor; SITC Shipping; TaiYoung Shipping",3,2,1023,150,928,1118,2,2,2,{2}
2019-06-30,KRPTK,Pyongtaek,KRINC,Inchon,1,1,"Dong Young; Heung-A; KMTC; Namsung",4,2,1012,90,1000,1024,1,1,1,{1}
2019-06-30,KRPTK,Pyongtaek,KRKAN,Gwangyang,1,1,"CK Line; Dongjin Shipping; Evergreen Line; Namsung; Sinokor",5,3,1724.3333333333333,326.3333333333333,1614,1785,1,1,1,{1}
2019-06-30,KRPTK,Pyongtaek,KRTSN,Seosan,1,1,"SITC Shipping",1,3,1005,100,1005,1005,0,0,0,{0}
2019-06-30,KRPTK,Pyongtaek,VNHPH,Haiphong,1,1,"Dongjin Shipping; Heung-A; Sinokor",3,2,1055,103,1050,1060,4,4,4,{4}
2019-06-30,KRPUS,Busan,CAPRR,"Prince Rupert BC",1,1,"Hapag-Lloyd; ONE; Yang Ming",3,6,8322.333333333334,655.6666666666666,6724,9100,9,9,9,{9}
2019-06-30,KRPUS,Busan,CAVAN,"Vancouver BC",3,3,"Hapag-Lloyd; Maersk Line; MSC; ONE; SeaLand; SM Line; Yang Ming; ZIM",8,19,21259.071428571428,1872.3809523809523,4253,8749,10,10,11,"{10,11,10}"
2019-06-30,KRPUS,Busan,CNDLC,Dalian,2,2,"Dongjin Shipping; Doowoo Shipping; Hapag-Lloyd; ONE; X-Press",5,2,3150,460,700,2450,2,2.5,3,"{2,3}"
2019-06-30,KRPUS,Busan,CNLYG,Lianyungang,1,1,"APL; CMA CGM; COSCO; Evergreen Line; Hapag-Lloyd; Hyundai; ONE; OOCL",8,8,13707.5,975,13208,14424,2,2,2,{2}
2019-06-30,KRPUS,Busan,CNNGB,Ningbo,11,11,"Alianca; APL; CMA CGM; COSCO; Evergreen Line; Hamburg Sud; Hapag-Lloyd; Hyundai; KMTC; Maersk Line; MCC; MSC; ONE; OOCL; Safmarine; Seago Line; SeaLand; Sinokor; TS Lines; X-Press; ZIM",21,114,129652.56754079253,8428.80303030303,1380,20600,1,2,4,"{3,2,1,2,2,1,4,2,1,2,2}"
2019-06-30,KRPUS,Busan,CNSHA,Shanghai,24,24,"Alianca; ANL; APL; CMA CGM; CNC Line-Cheng Lie Navigation Co. Ltd.; COSCO; Emirates Shipping; Evergreen Line; Gold Star Line; Hamburg Sud; Hapag-Lloyd; HASCO; Heung-A; Hyundai; Jin Jiang; KMTC; Maersk Line; MCC; MSC; ONE; OOCL; PanOcean; RCL; Safmarine; SeaLand; Sea Lead; Sinokor; SITC Shipping; SM Line; Taicang Container Lines; TS Lines; Wan Hai; X-Press; Yang Ming; ZIM",35,180,160842.1958624709,15758.322635697637,1118,15908,1,1,4,"{1,4,3,2,1,1,1,2,1,2,1,3,1,1,2,3,2,1,1,1,1,1,1,1}"
2019-06-30,KRPUS,Busan,CNSHK,Shekou,1,1,"APL; CMA CGM; COSCO; Evergreen Line; OOCL",5,10,6409.4,640.1,5301,8814,3,3,3,{3}
2019-06-30,KRPUS,Busan,CNTAO,Qingdao,8,8,"Alianca; ANL; APL; CMA CGM; CNC Line-Cheng Lie Navigation Co. Ltd.; COSCO; Evergreen Line; Feedertech; Hamburg Sud; Hapag-Lloyd; Hyundai; KMTC; Maersk Line; MCC; MSC; ONE; OOCL; RCL; Safmarine; TS Lines; Yang Ming",21,70,62875.1393939394,5283.346386946387,2522,20150,1,2,2,"{2,1,2,2,2,2,1,1}"
2019-06-30,KRPUS,Busan,CNTXG,Xingang/Tianjin,5,5,"Alianca; ANL; CMA CGM; CNC Line-Cheng Lie Navigation Co. Ltd.; COSCO; Hamburg Sud; Hapag-Lloyd; Hyundai; Maersk Line; MCC; MSC; NileDutch; ONE; OOCL; PIL; Safmarine; SM Line; ZIM",18,26,31585.954545454544,3115.060606060606,2824,11800,2,2,4,"{2,2,2,3,4}"
2019-06-30,KRPUS,Busan,CNYNT,Yantai,1,1,COSCO,1,1,1702,200,1702,1702,2,2,2,{2}
2019-06-30,KRPUS,Busan,HKHKG,"Hong Kong",4,4,"CK Line; Dongjin Shipping; Heung-A; Hyundai; KMTC; MCC; Namsung; PanCon; Sinokor",9,11,9748.666666666668,1107.3333333333335,1585,4275,3,3.5,4,"{4,3,3,4}"
2019-06-30,KRPUS,Busan,JMKIN,Kingston,1,1,"Alianca; Hamburg Sud; Hyundai; Maersk Line; MCC; MSC; Safmarine; ZIM",8,11,9603.454545454546,918.7272727272727,8200,11010,20,20,20,{20}
2019-06-30,KRPUS,Busan,JPHKT,Hakata,3,3,"ONE; SeaLand; Westwood",3,9,9169.333333333332,1629.6666666666665,1613,2764,0,1,1,"{1,0,1}"
2019-06-30,KRPUS,Busan,JPIMI,Imari,1,1,Heung-A,1,2,1043,,1043,1043,1,1,1,{1}
2019-06-30,KRPUS,Busan,JPISI,Ishikari,1,1,"Heung-A; KMTC; Namsung",3,3,1004.3333333333334,40,953,1060,5,5,5,{5}
2019-06-30,KRPUS,Busan,JPKIJ,"Niigata (N Coast)",3,3,"Dongjin Shipping; Dong Young; Easline Shipping; Heung-A; KMTC; Namsung; PanCon; Sinokor; TaiYoung Shipping",9,7,3056.5,264,1000,1048,2,3,3,"{2,3,3}"
2019-06-30,KRPUS,Busan,JPMOJ,Moji,1,1,"CK Line; KMTC; Namsung",3,2,705,148,704,706,1,1,1,{1}
2019-06-30,KRPUS,Busan,JPOSA,Osaka,1,1,ONE,1,3,2627,446.6666666666667,2553,2664,3,3,3,{3}
2019-06-30,KRPUS,Busan,JPSMZ,Shimizu,3,3,"Dong Young; Heung-A; KMTC; Namsung",4,8,3020,200,953,1060,3,3,3,"{3,3,3}"
2019-06-30,KRPUS,Busan,JPTYO,Tokyo,1,1,"Hapag-Lloyd; ONE; Yang Ming",3,10,6720.2,500,6700,6734,2,2,2,{2}
2019-06-30,KRPUS,Busan,JPYOK,Yokohama,4,4,"APL; Hamburg Sud; Hapag-Lloyd; Hyundai; Maersk Line; MCC; MSC; ONE; Safmarine; Swire Shipping; ZIM",11,25,19813.68571428571,1872.875324675325,698,11294,2,2.5,4,"{3,2,4,2}"
2019-06-30,KRPUS,Busan,KRINC,Inchon,3,3,"ANL; CMA CGM; CNC Line-Cheng Lie Navigation Co. Ltd.; Dong Young; Heung-A; Hyundai; IAL-Interasia Lines; KMTC; Namsung; ONE; Sinokor; SM Line; TS Lines",13,10,9648,1014,1049,4498,1,2,3,"{2,1,3}"
2019-06-30,KRPUS,Busan,KRKAN,Gwangyang,29,29,"ANL; APL; CK Line; CMA CGM; CNC Line-Cheng Lie Navigation Co. Ltd.; COSCO; Dongjin Shipping; Dong Young; Easline Shipping; Evergreen Line; Gold Star Line; Hapag-Lloyd; Heung-A; Hyundai; IAL-Interasia Lines; KMTC; Maersk Line; MCC; MSC; Namsung; ONE; OOCL; PanCon; PanOcean; RCL; Safmarine; Sinokor; Sinotrans; SITC Shipping; SM Line; TaiYoung Shipping; TS Lines; Wan Hai; Yang Ming; ZIM",35,94,72228.74761904762,7785.642857142858,840,9443,0,1,4,"{1,0,2,0,0,1,0,4,0,1,1,0,1,1,1,1,1,0,1,1,1,0,1,1,1,1,1,4,0}"
2019-06-30,KRPUS,Busan,KRKPO,Pohang,1,1,"Heung-A; KMTC; Sinotrans",3,4,2687.5,527,2278,2824,1,1,1,{1}
2019-06-30,KRPUS,Busan,KRTGH,Donghae,1,1,"Maersk Line; MCC; Safmarine",3,6,4044.8333333333335,388.6666666666667,4532,5085,2,2,2,{2}
2019-06-30,KRPUS,Busan,KRUSN,Ulsan,17,17,"ANL; CK Line; CMA CGM; CNC Line-Cheng Lie Navigation Co. Ltd.; CULines-China United Lines; Dongjin Shipping; Dong Young; Easline Shipping; Gold Star Line; Heung-A; Hyundai; IAL-Interasia Lines; KMTC; Namsung; ONE; PanCon; Sinokor; TaiYoung Shipping; TS Lines; Wan Hai; X-Press; ZIM",22,45,26618.166666666664,3185.083333333333,704,5023,0,0,1,"{0,1,0,1,1,0,0,1,0,0,0,1,0,0,0,0,0}"
2019-06-30,KRPUS,Busan,MXESE,Ensenada,1,1,"APL; CMA CGM; COSCO; Evergreen Line; PIL; Wan Hai",6,11,8018.181818181818,683.9090909090909,5618,9572,13,13,13,{13}
2019-06-30,KRPUS,Busan,MXZLO,"Manzanillo, MEX",5,5,"Alianca; ANL; APL; CMA CGM; COSCO; Evergreen Line; Hamburg Sud; Hapag-Lloyd; Hyundai; Maersk Line; MCC; MSC; ONE; PIL; SeaLand",15,67,50396.30627705627,5374.666666666667,8160,13102,14,15,15,"{14,15,15,15,15}"
2019-06-30,KRPUS,Busan,PACTB,Cristobal,1,1,"Alianca; Hamburg Sud; Hyundai; Maersk Line; MCC; MSC; Safmarine; ZIM",8,11,8517,712.8181818181819,8073,9200,21,21,21,{21}
2019-06-30,KRPUS,Busan,PAMIT,Manzanillo,1,1,"Hapag-Lloyd; ONE; Yang Ming",3,10,9392.2,852.4,8120,10100,18,18,18,{18}
2019-06-30,KRPUS,Busan,PAONX,Colon,1,1,"APL; CMA CGM; COSCO; Evergreen Line; OOCL",5,10,7692.8,854.8,8452,9200,18,18,18,{18}
2019-06-30,KRPUS,Busan,PHMNL,Manila,1,1,ONE,1,3,2627,446.6666666666667,2553,2664,4,4,4,{4}
2019-06-30,KRPUS,Busan,SGSIN,Singapore,1,1,"ANL; CMA CGM; CNC Line-Cheng Lie Navigation Co. Ltd.; Heung-A; Hyundai; KMTC; ONE; Sinokor",8,4,4282,459.5,4255,4300,6,6,6,{6}
2019-06-30,KRPUS,Busan,THLCH,"Laem Chabang",1,1,"KMTC; ONE",2,3,4516.333333333333,490,4228,5071,5,5,5,{5}
2019-06-30,KRPUS,Busan,TWKHH,Kaohsiung,7,7,"APL; CMA CGM; COSCO; Evergreen Line; Hapag-Lloyd; Hyundai; Maersk Line; MCC; MSC; ONE; OOCL; PIL; SeaLand; Wan Hai; Yang Ming; ZIM",16,54,46332.83982683983,4717.634632034632,1730,10622,1,2,3,"{3,2,2,2,3,2,1}"
2019-06-30,KRPUS,Busan,TWTPE,Taipei,1,1,"Evergreen Line; IAL-Interasia Lines; Wan Hai",3,4,2658,330,2495,2750,1,1,1,{1}
2019-06-30,KRPUS,Busan,USHOU,"Houston TX",2,2,"ANL; APL; CMA CGM; COSCO; Evergreen Line; Maersk Line; MCC; MSC; OOCL; SeaLand",10,23,13796.227272727272,1079.6969696969697,6350,8533,23,23.5,24,"{24,23}"
2019-06-30,KRPUS,Busan,USLAX,"Los Angeles CA",3,3,"APL; Hapag-Lloyd; Hyundai; Maersk Line; MSC; ONE; Yang Ming",7,18,18603.333333333332,1593.3333333333335,2522,8749,11,11,14,"{11,14,11}"
2019-06-30,KRPUS,Busan,USLGB,"Long Beach CA",3,3,"APL; CMA CGM; COSCO; Evergreen Line; Hyundai; Maersk Line; MCC; MSC; OOCL; SM Line",10,19,21328.071428571428,1852.3809523809523,6350,8530,10,11,11,"{11,10,11}"
2019-06-30,KRPUS,Busan,USNYC,"New York NY/NJ",2,2,"Alianca; APL; CMA CGM; COSCO; Evergreen Line; Hamburg Sud; Hyundai; Maersk Line; MCC; MSC; OOCL; Safmarine; ZIM",13,22,23309.636363636364,1658.3636363636363,8272,14414,24,24,24,"{24,24}"
2019-06-30,KRPUS,Busan,USSEA,"Seattle WA",1,1,"ANL; APL; CMA CGM; COSCO; Evergreen Line; OOCL; PIL",7,14,9897.214285714286,650,10000,11388,10,10,10,{10}
2019-06-30,KRPUS,Busan,VNHPH,Haiphong,2,2,"Heung-A; Sinokor; SM Line",3,4,2095,213,962,1118,4,4,4,"{4,4}"
2019-06-30,KRPUS,Busan,VNSGN,"Ho Chi Minh (VICT/Cat Lai)",1,1,"CK Line; Dongjin Shipping; Evergreen Line; Namsung; Sinokor",5,3,1724.3333333333333,326.3333333333333,1614,1785,5,5,5,{5}
2019-06-30,KRTGH,Donghae,CNSHA,Shanghai,1,1,"Maersk Line; MCC; Safmarine",3,6,4044.8333333333335,388.6666666666667,4532,5085,1,1,1,{1}
2019-06-30,KRTSN,Seosan,CNNGB,Ningbo,1,1,"Dong Young; KMTC; Namsung",3,1,1103,,1103,1103,1,1,1,{1}
2019-06-30,KRTSN,Seosan,CNTAO,Qingdao,1,1,"SITC Shipping",1,3,1005,100,1005,1005,1,1,1,{1}
2019-06-30,KRTSN,Seosan,KRPUS,Busan,1,1,"PanOcean; Sinokor",2,2,1023,150,928,1118,2,2,2,{2}
2019-06-30,KRUSN,Ulsan,CNDLC,Dalian,1,1,"Dong Young; KMTC; Namsung",3,3,1002,80,1000,1003,2,2,2,{2}
2019-06-30,KRUSN,Ulsan,CNGGZ,"Huangpu (Guangzhou)",1,1,Heung-A,1,2,1043,,1043,1043,4,4,4,{4}
2019-06-30,KRUSN,Ulsan,CNNGB,Ningbo,1,1,"Heung-A; KMTC",2,2,1009,,958,1060,2,2,2,{2}
2019-06-30,KRUSN,Ulsan,CNSHA,Shanghai,3,3,"ANL; CK Line; CMA CGM; CNC Line-Cheng Lie Navigation Co. Ltd.; CULines-China United Lines; Gold Star Line; Hyundai; KMTC; Namsung; Sinokor; TS Lines; X-Press; ZIM",13,11,8341.75,1296,704,5023,1,2,2,"{2,1,2}"
2019-06-30,KRUSN,Ulsan,HKHKG,"Hong Kong",3,3,"ANL; CMA CGM; CNC Line-Cheng Lie Navigation Co. Ltd.; Heung-A; KMTC; Namsung; Sinokor",7,7,3704.333333333333,194.33333333333334,1000,1626,3,3,4,"{3,3,4}"
2019-06-30,KRUSN,Ulsan,KRKAN,Gwangyang,7,7,"CK Line; Dongjin Shipping; Dong Young; Easline Shipping; Heung-A; KMTC; Namsung; PanCon; Sinokor; TaiYoung Shipping",10,15,8541.833333333332,1024,953,1740,1,1,2,"{1,1,1,1,1,1,2}"
2019-06-30,KRUSN,Ulsan,KRPUS,Busan,4,4,"ANL; CMA CGM; CNC Line-Cheng Lie Navigation Co. Ltd.; Heung-A; Hyundai; IAL-Interasia Lines; KMTC; OOCL; Sinokor; Sinotrans; Wan Hai",11,13,9323,1084,1050,4275,1,1,1,"{1,1,1,1}"
2019-06-30,KRUSN,Ulsan,TWTPE,Taipei,2,2,"IAL-Interasia Lines; Wan Hai",2,7,3348.25,508.4166666666667,1368,1805,2,2.5,3,"{3,2}"
2019-06-30,KRUSN,Ulsan,VNSGN,"Ho Chi Minh (VICT/Cat Lai)",1,1,"Heung-A; KMTC; ONE; Sinokor",4,3,1733,162.33333333333334,1614,1800,5,5,5,{5}
2019-06-30,KWKWI,Kuwait,IQUQR,"Umm Qasr",1,1,Hapag-Lloyd,1,4,3547,500,3534,3586,2,2,2,{2}
2019-06-30,KYGEC,Georgetown,BZBZE,"Belize City",1,1,"Hyde Shipping Corp.; Seaboard Marine",2,3,356.6666666666667,46.666666666666664,340,365,2,2,2,{2}
2019-06-30,KYGEC,Georgetown,SRPBM,Paramaribo,1,1,"Crowley; King Ocean",2,1,2236,440,1118,1118,1,1,1,{1}
2019-06-30,KYGEC,Georgetown,TTPTS,"Point Lisas",1,1,"Evergreen Line; Maersk Line; Seaboard Marine; SeaLand",4,3,1708,202,1708,1708,1,1,1,{1}
2019-06-30,LBBEY,Beirut,EGALY,Alexandria,2,2,"Arkas Line; CMA CGM; MSC; Tarros; WEC Lines",5,9,10472.942857142856,1037.857142857143,1139,8814,1,1.5,2,"{2,1}"
2019-06-30,LBBEY,Beirut,ITSPE,"La Spezia",1,1,"Alianca; Hamburg Sud; Hyundai; Maersk Line; MCC; MSC; Safmarine",7,12,13790.5,916.6666666666666,13050,14036,4,4,4,{4}
2019-06-30,LBBEY,Beirut,LBKYE,"Tripoli Lebanon",1,1,"APL; CMA CGM; COSCO; Evergreen Line; OOCL",5,10,8493.2,1149.6,9000,10622,0,0,0,{0}
2019-06-30,LBBEY,Beirut,SAJED,Jeddah,1,1,"APL; CMA CGM; COSCO; Evergreen Line; OOCL",5,11,11740.818181818182,809.0909090909091,10100,13208,3,3,3,{3}
2019-06-30,LBBEY,Beirut,TRMER,Mersin,1,1,"Alianca; CMA CGM; Hamburg Sud; Hapag-Lloyd; Maersk Line; Seago Line",6,5,6038.8,863.2,5552,6648,2,2,2,{2}
2019-06-30,LBKYE,"Tripoli Lebanon",TRIZT,Izmit,1,1,"APL; CMA CGM; COSCO; Evergreen Line; OOCL",5,10,8493.2,1149.6,9000,10622,3,3,3,{3}
2019-06-30,LCSLU,"Castries, St Lucia",BBBGI,Bridgetown,1,1,"Caribbean Feeder; Crowley; Hapag-Lloyd; ZIM",4,5,1088.8,224.8,1061,1118,0,0,0,{0}
2019-06-30,LCSLU,"Castries, St Lucia",DMRSU,Roseau,1,1,"King Ocean",1,2,2075,472,957,1118,0,0,0,{0}
2019-06-30,LCSLU,"Castries, St Lucia",LCVIF,"Vieux Fort",1,1,"Tropical Shipping",1,2,999,223.5,850,1148,0,0,0,{0}
2019-06-30,LCSLU,"Castries, St Lucia",TTPTS,"Point Lisas",1,1,"Seaboard Marine",1,2,1035.5,232,957,1114,1,1,1,{1}
2019-06-30,LCSLU,"Castries, St Lucia",VCKTN,"Kingstown, St Vincent",1,1,"CMA CGM",1,3,842.6666666666666,165.33333333333334,698,1118,0,0,0,{0}
2019-06-30,LCVIF,"Vieux Fort",VCKTN,"Kingstown, St Vincent",1,1,"Tropical Shipping",1,2,999,223.5,850,1148,1,1,1,{1}
2019-06-30,LKCMB,Colombo,AEJEA,"Dubai, Jebel Ali",2,2,"CMA CGM; COSCO; Emirates Shipping; Evergreen Line; Feedertech; KMTC; MSC",7,13,12490.52380952381,1244.7619047619048,4211,9411,5,6,7,"{5,7}"
2019-06-30,LKCMB,Colombo,BEANR,Antwerp,1,1,"APL; CMA CGM; COSCO; Evergreen Line; OOCL",5,10,11177.8,676.6,13806,14424,17,17,17,{17}
2019-06-30,LKCMB,Colombo,CAHAL,Halifax,2,2,"APL; CMA CGM; COSCO; Evergreen Line; Hapag-Lloyd; ONE; OOCL; PIL; Yang Ming",9,30,16026.333333333332,1591.0555555555557,5624,11388,18,18.5,19,"{18,19}"
2019-06-30,LKCMB,Colombo,CNSHA,Shanghai,1,1,MSC,1,10,7632.9,453.3,5754,10081,14,14,14,{14}
2019-06-30,LKCMB,Colombo,DJJIB,Djibouti,1,1,MSC,1,4,5071.75,455,5042,5100,5,5,5,{5}
2019-06-30,LKCMB,Colombo,EGPSD,"Port Said",1,1,"APL; CMA CGM; COSCO; MSC; OOCL; ZIM",6,7,8585.142857142857,1100,4392,9580,8,8,8,{8}
2019-06-30,LKCMB,Colombo,ESVLC,Valencia,1,1,MSC,1,12,7125.583333333333,655.5,5248,9572,13,13,13,{13}
2019-06-30,LKCMB,Colombo,GBFXT,Felixstowe,1,1,"Hamburg Sud; Hyundai; Maersk Line; MCC; MSC; Safmarine; Seago Line",7,16,13233.625,862.5,13050,14000,17,17,17,{17}
2019-06-30,LKCMB,Colombo,INCOK,Cochin,2,2,"ANL; CMA CGM; CNC Line-Cheng Lie Navigation Co. Ltd.; Evergreen Line; Global Feeder Shipping; Gold Star Line; Hapag-Lloyd; OOCL; Safmarine; X-Press; ZIM",11,18,10761.5,937,3359,6927,1,1.5,2,"{2,1}"
2019-06-30,LKCMB,Colombo,INKRI,Krishnapatnum,1,1,"Maersk Line; Safmarine",2,3,4898.333333333333,427.3333333333333,4771,5085,2,2,2,{2}
2019-06-30,LKCMB,Colombo,INMAA,Chennai/Madras,1,1,"Evergreen Line; Global Feeder Shipping; Gold Star Line; OOCL; Safmarine; X-Press; ZIM",7,4,4050,394,3359,4498,2,2,2,{2}
2019-06-30,LKCMB,Colombo,INNSA,"Mumbai (Nhava Sheva)",4,4,"ANL; APL; CMA CGM; CNC Line-Cheng Lie Navigation Co. Ltd.; Evergreen Line; Gold Star Line; Hapag-Lloyd; IAL-Interasia Lines; Maersk Line; MCC; MSC; OOCL; RCL; Safmarine; SCI-Shipping Corp. of India; Wan Hai; X-Press; ZIM",18,25,31715.678571428572,2810.160714285714,4250,13102,3,3,3,"{3,3,3,3}"
2019-06-30,LKCMB,Colombo,KEMBA,Mombasa,2,2,"ANL; CMA CGM; CNC Line-Cheng Lie Navigation Co. Ltd.; COSCO; Emirates Shipping; Evergreen Line; ONE; OOCL; PIL; X-Press",10,9,10982.142857142859,1247.7142857142858,2475,4506,7,7.5,8,"{8,7}"
2019-06-30,LKCMB,Colombo,MVMLE,Male,1,1,"ANL; CMA CGM; CNC Line-Cheng Lie Navigation Co. Ltd.; COSCO; Emirates Shipping; Evergreen Line; ONE; OOCL; X-Press",9,7,2749.1428571428573,417.42857142857144,2478,3651,2,2,2,{2}
2019-06-30,LKCMB,Colombo,MYPKG,"Port Klang",9,9,"ANL; APL; CMA CGM; CNC Line-Cheng Lie Navigation Co. Ltd.; COSCO; Emirates Shipping; Evergreen Line; Feedertech; Gold Star Line; Hapag-Lloyd; Hyundai; KMTC; Maersk Line; MCC; ONE; OOCL; PIL; RCL; Safmarine; Samudera; TS Lines; X-Press; Yang Ming; ZIM",24,63,53560.60216450216,5197.7619047619055,2475,9200,3,4,5,"{4,4,5,3,4,4,4,5,5}"
2019-06-30,LKCMB,Colombo,MYTPP,"Tanjung Pelepas",2,2,"Alianca; APL; CMA CGM; COSCO; Evergreen Line; Hamburg Sud; Hyundai; Maersk Line; MCC; MSC; OOCL; Safmarine; ZIM",13,22,26876.363636363632,1374.181818181818,8272,20150,3,4,5,"{3,5}"
2019-06-30,LKCMB,Colombo,NGAPP,Apapa,1,1,"COSCO; Gold Star Line; ONE; PIL; ZIM",5,12,4524.916666666667,494.5,4248,5001,21,21,21,{21}
2019-06-30,LKCMB,Colombo,NLRTM,Rotterdam,1,1,"Hapag-Lloyd; ONE; Yang Ming",3,10,12203.3,740,12552,14026,23,23,23,{23}
2019-06-30,LKCMB,Colombo,OMSLL,Salalah,2,2,"Hyundai; Maersk Line; MSC; Safmarine; ZIM",5,14,11960.242424242424,1136.7878787878788,4771,8110,4,4.5,5,"{4,5}"
2019-06-30,LKCMB,Colombo,PKKHI,Karachi,1,1,"APL; COSCO; Evergreen Line; ONE; PIL; Wan Hai",6,6,5845.666666666667,560.5,5446,6606,4,4,4,{4}
2019-06-30,LKCMB,Colombo,SGSIN,Singapore,5,5,"ANL; APL; CMA CGM; CNC Line-Cheng Lie Navigation Co. Ltd.; COSCO; Emirates Shipping; Evergreen Line; Hapag-Lloyd; Maersk Line; MCC; MSC; ONE; OOCL; Safmarine; X-Press; Yang Ming",16,52,42340.504395604396,3287.7336996336994,2478,14074,3,4,8,"{5,4,4,3,8}"
2019-06-30,LKCMB,Colombo,TGLFW,Lome,1,1,MSC,1,12,9773,794.1666666666666,8063,13092,18,18,18,{18}
2019-06-30,LKCMB,Colombo,ZADUR,Durban,1,1,"ANL; CMA CGM; Maersk Line; Safmarine",4,11,4711.545454545455,636.9090909090909,4254,5466,10,10,10,{10}
2019-06-30,LRMLW,Monrovia,GMBJL,Banjul,1,1,"CMA CGM",1,4,2630,418,2474,2785,3,3,3,{3}
2019-06-30,LRMLW,Monrovia,SLFNA,Freetown,1,1,"Maersk Line; Safmarine",2,7,2500.285714285714,421.14285714285717,2472,2578,3,3,3,{3}
2019-06-30,LTKLJ,"Klaipeda
",DEHAM,Hamburg,2,2,"COSCO; Hapag-Lloyd; ONE; Yang Ming",4,3,2661,621,1221,1440,2,2.5,3,"{3,2}"
2019-06-30,LTKLJ,"Klaipeda
",FIHEL,Helsinki,1,1,MSC,1,2,1865.5,385,1856,1875,2,2,2,{2}
2019-06-30,LTKLJ,"Klaipeda
",GBTEE,Teesport,2,1,"Containerships; MacAndrews",2,6,1848,251.33333333333334,850,966,3,3,3,"{3,3}"
2019-06-30,LTKLJ,"Klaipeda
",NLRTM,Rotterdam,1,1,"Sea Connect",1,1,173,,173,173,4,4,4,{4}
2019-06-30,LTKLJ,"Klaipeda
",PLGDY,"Gdynia Poland",5,5,"CMA CGM; Containerships; Evergreen Line; Hapag-Lloyd; MacAndrews; OOCL; Unifeeder; X-Press",8,17,4312.047619047619,898.5714285714286,658,1093,1,1,3,"{1,1,1,3,1}"
2019-06-30,LTKLJ,"Klaipeda
",RULED,"St Petersburg",1,1,"Containerships; MacAndrews",2,3,924,125.66666666666667,850,966,2,2,2,{2}
2019-06-30,LVRIX,Riga,DEBRV,Bremerhaven,2,2,"MSC; Seago Line",2,4,4837,835,1080,3596,3,3.5,4,"{4,3}"
2019-06-30,LVRIX,Riga,FIKTK,Kotka,1,1,"CMA CGM; Evergreen Line; Hapag-Lloyd; OOCL; Unifeeder; X-Press",6,7,998.7142857142857,244.57142857142858,877,1093,2,2,2,{2}
2019-06-30,LVRIX,Riga,LTKLJ,"Klaipeda
",1,1,"Containerships; MacAndrews",2,3,924,125.66666666666667,850,966,1,1,1,{1}
2019-06-30,LVRIX,Riga,RULED,"St Petersburg",1,1,"Hapag-Lloyd; ONE",2,2,1430.5,308,1421,1440,1,1,1,{1}
2019-06-30,LYMRA,Misurata,BEANR,Antwerp,1,1,HDASCO,1,3,6582.857142857143,750,2478,2724,8,8,8,{8}
2019-06-30,MAAGA,Agadir,ESALG,Algeciras,1,1,"Maersk Line; X-Press",2,3,864,214,862,868,5,5,5,{5}
2019-06-30,MAAGA,Agadir,GBPME,Portsmouth,1,1,"CMA CGM; MacAndrews",2,3,1036,250,1036,1036,4,4,4,{4}
2019-06-30,MACAS,Casablanca,ESALG,Algeciras,2,2,"CMA CGM; Marguisa; X-Press",3,6,2163.333333333333,529.3333333333333,707,1678,1,2,3,"{3,1}"
2019-06-30,MACAS,Casablanca,ESHUV,Huelva,1,1,"CMA CGM; DAL-Deutsche Afrika Linien; MacAndrews",3,3,871,233,868,877,1,1,1,{1}
2019-06-30,MACAS,Casablanca,ESLPA,"Las Palmas, Can Is",1,1,"MSC; WEC Lines",2,2,845,150,822,868,1,1,1,{1}
2019-06-30,MACAS,Casablanca,MAAGA,Agadir,1,1,"CMA CGM; MacAndrews",2,3,1036,250,1036,1036,1,1,1,{1}
2019-06-30,MACAS,Casablanca,MAPTM,Tanger,2,2,"Arkas Line; Hapag-Lloyd; Marguisa; ONE; X-Press",5,8,3462.2,676,707,2826,1,2,3,"{3,1}"
2019-06-30,MACAS,Casablanca,NLRTM,Rotterdam,1,1,"COSCO; Evergreen Line; OOCL; Yang Ming",4,5,3402.8,411.6,4250,4256,4,4,4,{4}
2019-06-30,MACAS,Casablanca,PTFDF,"Figueira da Foz",1,1,"MSC; WEC Lines",2,1,681,110,681,681,3,3,3,{3}
2019-06-30,MACAS,Casablanca,PTLEI,Leixoes,2,2,"Arkas Line; CMA CGM; MSC; Tarros; WEC Lines",5,7,4424.809523809524,691.1904761904761,1139,2762,2,3,4,"{4,2}"
2019-06-30,MAPTM,Tanger,BEANR,Antwerp,1,1,"Arkas Line; Hapag-Lloyd; ONE",3,5,2755.2,526,2478,2826,5,5,5,{5}
2019-06-30,MAPTM,Tanger,BRSSA,Salvador,1,1,"Alianca; ANL; CMA CGM; Hamburg Sud; Maersk Line; Safmarine",6,8,8797.125,1607.25,8500,9300,9,9,9,{9}
2019-06-30,MAPTM,Tanger,ESAGP,Malaga,1,1,"Alianca; ANL; CMA CGM; Hamburg Sud; Maersk Line; Safmarine",6,8,8797.125,1607.25,8500,9300,1,1,1,{1}
2019-06-30,MAPTM,Tanger,ESALG,Algeciras,11,11,"ANL; APL; Arkas Line; CMA CGM; COSCO; Hapag-Lloyd; MacAndrews; Maersk Line; NileDutch; ONE; Safmarine; SeaLand; X-Press",13,58,37343.78896103896,5144.304761904762,822,8540,0,1,2,"{1,1,1,2,0,1,1,0,1,1,2}"
2019-06-30,MAPTM,Tanger,ESLPA,"Las Palmas, Can Is",1,1,"CMA CGM",1,3,1456.3333333333333,379.3333333333333,1341,1678,3,3,3,{3}
2019-06-30,MAPTM,Tanger,ESSAG,Sagunto,1,1,"CMA CGM; Hapag-Lloyd",2,6,3422.6666666666665,566.1666666666666,2400,3832,4,4,4,{4}
2019-06-30,MAPTM,Tanger,ESVGO,Vigo,2,2,"CMA CGM; Hapag-Lloyd; Marguisa; X-Press",4,9,4129.666666666666,716.1666666666666,707,3832,1,1.5,2,"{2,1}"
2019-06-30,MAPTM,Tanger,ESVLC,Valencia,1,1,"Alianca; Hamburg Sud; Hapag-Lloyd; ZIM",4,12,4692.083333333333,360.8333333333333,4250,4890,1,1,1,{1}
2019-06-30,MAPTM,Tanger,GBFXT,Felixstowe,2,2,"Alianca; ANL; Borchard Lines Ltd; CMA CGM; Hamburg Sud; Maersk Line; Safmarine; Seago Line; Turkon",9,13,16828.25,1576.25,6350,10500,4,4,4,"{4,4}"
2019-06-30,MAPTM,Tanger,GBSOU,Southampton,1,1,"APL; CMA CGM; COSCO; Hapag-Lloyd; MSC; ONE; OOCL; WEC Lines",8,8,8822.5,818,8200,9200,3,3,3,{3}
2019-06-30,MAPTM,Tanger,GHTEM,Tema,1,1,"Arkas Line; Hapag-Lloyd; ONE",3,5,2755.2,526,2478,2826,9,9,9,{9}
2019-06-30,MAPTM,Tanger,GNCKY,Conakry,1,1,"Maersk Line; Safmarine",2,7,2500.285714285714,421.14285714285717,2472,2578,7,7,7,{7}
2019-06-30,MAPTM,Tanger,ITGOA,Genoa,1,1,"Hapag-Lloyd; ONE; Yang Ming",3,11,11585.454545454546,818.1818181818181,10000,13870,2,2,2,{2}
2019-06-30,MAPTM,Tanger,MACAS,Casablanca,1,1,"CMA CGM; MacAndrews",2,3,1036,250,1036,1036,1,1,1,{1}
2019-06-30,MAPTM,Tanger,NLRTM,Rotterdam,3,3,"Alianca; APL; CMA CGM; COSCO; Hamburg Sud; Hapag-Lloyd; Hyundai; Maersk Line; MCC; MSC; ONE; OOCL; Safmarine; Seago Line",14,29,34472.416666666664,2750.2777777777774,8386,17816,3,4,5,"{3,5,4}"
2019-06-30,MAPTM,Tanger,OMSLL,Salalah,2,2,"Hamburg Sud; Hyundai; Maersk Line; MCC; MSC; Safmarine; Seago Line",7,28,28822.625,1895.8333333333333,13050,17816,10,10,10,"{10,10}"
2019-06-30,MAPTM,Tanger,SAJED,Jeddah,1,1,"APL; CMA CGM; COSCO; Hapag-Lloyd; MSC; ONE; OOCL",7,8,10000.75,812.5,9572,10114,8,8,8,{8}
2019-06-30,MAPTM,Tanger,TGLFW,Lome,1,1,"ANL; CMA CGM; Marguisa",3,6,2797,483.3333333333333,3091,3600,9,9,9,{9}
2019-06-30,MAPTM,Tanger,TRAMB,"Istanbul (Ambarli)",1,1,"Maersk Line; Safmarine",2,7,2500.285714285714,421.14285714285717,2472,2578,8,8,8,{8}
2019-06-30,MGTOA,Tamatave/Toamasina,MZMPM,Maputo,1,1,PIL,1,6,1817.6666666666667,250,1800,1890,5,5,5,{5}
2019-06-30,MGTOA,Tamatave/Toamasina,SCPOV,"Seychelles Is., Port Victoria",1,1,"Maersk Line; Safmarine",2,4,2502,491.75,2456,2546,4,4,4,{4}
2019-06-30,MHMAJ,Majuro,FMKSA,Kosrae,1,1,"MELL; PDL-Pacific Direct Line; PIL",3,3,2160,400,1080,1080,3,3,3,{3}
2019-06-30,MMRGN,Yangon,BDMGL,Mongla,1,1,MCC,1,1,3428,724,1714,1714,2,2,2,{2}
2019-06-30,MMRGN,Yangon,MYPKG,"Port Klang",1,1,MCC,1,7,1718.2857142857142,393.42857142857144,1713,1750,6,6,6,{6}
2019-06-30,MMRGN,Yangon,MYTPP,"Tanjung Pelepas",1,1,SeaLand,1,5,1737.8,428.8,1713,1774,7,7,7,{7}
2019-06-30,MPSPN,Saipan,KRPUS,Busan,1,1,"APL; Swire Shipping",2,2,1358,200,1078,1638,6,6,6,{6}
2019-06-30,MQFDF,Fort-de-France,BBBGI,Bridgetown,1,1,"CMA CGM",1,3,842.6666666666666,165.33333333333334,698,1118,1,1,1,{1}
2019-06-30,MQFDF,Fort-de-France,COCTG,Cartagena,1,1,"CMA CGM; Marfret",2,6,2597.3333333333335,556.5,2556,2758,3,3,3,{3}
2019-06-30,MQFDF,Fort-de-France,GPPTP,Pointe-a-Pitre,1,1,"CMA CGM; Maersk Line; Marfret",3,4,3209.5,606.5,2260,4250,1,1,1,{1}
2019-06-30,MQFDF,Fort-de-France,TTPOS,"Port of Spain",1,1,"CMA CGM",1,2,1109,220,1100,1118,1,1,1,{1}
2019-06-30,MRNDB,Nouadhibou,MACAS,Casablanca,1,1,"CMA CGM",1,3,1456.3333333333333,379.3333333333333,1341,1678,6,6,6,{6}
2019-06-30,MRNKC,Nouakchott,SNDKR,Dakar,1,1,"CMA CGM",1,3,1456.3333333333333,379.3333333333333,1341,1678,1,1,1,{1}
2019-06-30,MTMAR,"Malta (Marsaxlokk)",EGALY,Alexandria,1,1,"Alianca; CMA CGM; Hamburg Sud; Hapag-Lloyd; Maersk Line; Seago Line",6,5,6038.8,863.2,5552,6648,2,2,2,{2}
2019-06-30,MTMAR,"Malta (Marsaxlokk)",EGDAM,Damietta,1,1,"ANL; CMA CGM; COSCO; Hapag-Lloyd; OOCL",5,8,6538,537,5618,7179,3,3,3,{3}
2019-06-30,MTMAR,"Malta (Marsaxlokk)",ESVLC,Valencia,3,3,"Alianca; ANL; APL; Borchard Lines Ltd; CMA CGM; COSCO; Evergreen Line; Hamburg Sud; Hapag-Lloyd; Maersk Line; MSC; OOCL; Seago Line; Turkon; ZIM",15,24,27156.443181818184,2319.590909090909,6350,13208,2,3,4,"{2,4,3}"
2019-06-30,MTMAR,"Malta (Marsaxlokk)",GRPIR,Piraeus,1,1,"Alianca; ANL; Borchard Lines Ltd; CMA CGM; Hamburg Sud; Maersk Line; Seago Line; Turkon",8,5,6633,520,6350,6969,2,2,2,{2}
2019-06-30,MTMAR,"Malta (Marsaxlokk)",ITGOA,Genoa,1,1,"Alianca; ANL; CMA CGM; Hamburg Sud; Maersk Line; Safmarine",6,8,8797.125,1607.25,8500,9300,3,3,3,{3}
2019-06-30,MTMAR,"Malta (Marsaxlokk)",ITSPE,"La Spezia",1,1,"ANL; CMA CGM; COSCO; Hapag-Lloyd; OOCL",5,8,6538,537,5618,7179,3,3,3,{3}
2019-06-30,MTMAR,"Malta (Marsaxlokk)",LBBEY,Beirut,1,1,"APL; CMA CGM; COSCO; Evergreen Line; OOCL",5,11,11740.818181818182,809.0909090909091,10100,13208,5,5,5,{5}
2019-06-30,MTMAR,"Malta (Marsaxlokk)",NLRTM,Rotterdam,1,1,"ANL; CMA CGM; CNC Line-Cheng Lie Navigation Co. Ltd.; Hapag-Lloyd",4,14,6711.5,543,6350,6927,5,5,5,{5}
2019-06-30,MTMAR,"Malta (Marsaxlokk)",SAJED,Jeddah,1,1,"APL; CMA CGM; COSCO; Evergreen Line; OOCL",5,11,14429.636363636364,945.4545454545454,13880,17722,5,5,5,{5}
2019-06-30,MTMAR,"Malta (Marsaxlokk)",SIKOP,Koper,1,1,"APL; CMA CGM; COSCO; Evergreen Line; OOCL",5,10,6409.4,640.1,5301,8814,3,3,3,{3}
2019-06-30,MUPLU,"Port Louis",AEJEA,"Dubai, Jebel Ali",1,1,"ANL; CMA CGM; DAL-Deutsche Afrika Linien; Maersk Line; Safmarine; UAFL-United Africa Feeder Line",6,6,2741.6666666666665,409.3333333333333,2456,3388,10,10,10,{10}
2019-06-30,MUPLU,"Port Louis",AUSYD,Sydney,1,1,MSC,1,12,7125.583333333333,655.5,5248,9572,14,14,14,{14}
2019-06-30,MUPLU,"Port Louis",LKCMB,Colombo,1,1,MSC,1,12,9773,794.1666666666666,8063,13092,7,7,7,{7}
2019-06-30,MUPLU,"Port Louis",MGTOA,Tamatave/Toamasina,1,1,"Maersk Line; Safmarine",2,4,2502,491.75,2456,2546,3,3,3,{3}
2019-06-30,MUPLU,"Port Louis",REREU,Reunion,1,1,PIL,1,6,1817.6666666666667,250,1800,1890,1,1,1,{1}
2019-06-30,MUPLU,"Port Louis",SGSIN,Singapore,1,1,"ANL; CMA CGM; Maersk Line; Safmarine",4,7,2783.1428571428573,447.14285714285717,2474,3651,12,12,12,{12}
2019-06-30,MUPLU,"Port Louis",ZADUR,Durban,2,2,"Alianca; ANL; CMA CGM; CNC Line-Cheng Lie Navigation Co. Ltd.; Hamburg Sud; Maersk Line; MCC; MSC; Safmarine",9,20,15876.9,1713.3,4771,10081,1,2.5,4,"{4,1}"
2019-06-30,MVMLE,Male,SCPOV,"Seychelles Is., Port Victoria",1,1,"ANL; CMA CGM; CNC Line-Cheng Lie Navigation Co. Ltd.; COSCO; Emirates Shipping; Evergreen Line; ONE; OOCL; X-Press",9,7,2749.1428571428573,417.42857142857144,2478,3651,4,4,4,{4}
2019-06-30,MXATM,Altamira,MXVER,Veracruz,5,5,"Alianca; Hamburg Sud; Hapag-Lloyd; Maersk Line; Melfi Marine; MSC; ONE; Seaboard Marine; Seago Line; SeaLand; ZIM",11,25,14090.333333333332,2488.7333333333336,1304,4250,1,1,1,"{1,1,1,1,1}"
2019-06-30,MXATM,Altamira,USHOU,"Houston TX",6,6,"Alianca; APL; CMA CGM; COSCO; Evergreen Line; Hamburg Sud; Hapag-Lloyd; Maersk Line; MSC; ONE; OOCL; Safmarine; SeaLand; Yang Ming; ZIM",15,43,36915.32738095238,3940.2916666666665,5078,9403,1,1.5,3,"{1,1,1,2,2,3}"
2019-06-30,MXATM,Altamira,USMSY,"New Orleans LA",1,1,"Hamburg Sud; Maersk Line; MSC; Safmarine; Seago Line; SeaLand",6,6,6197.333333333333,455.3333333333333,4544,6750,2,2,2,{2}
2019-06-30,MXESE,Ensenada,JPYOK,Yokohama,2,2,"APL; CMA CGM; COSCO; Evergreen Line; Hapag-Lloyd; Hyundai; MSC; ONE; PIL",9,22,16454.363636363636,2275.090909090909,6200,10622,12,12,12,"{12,12}"
2019-06-30,MXESE,Ensenada,MXZLO,"Manzanillo, MEX",2,2,"APL; CMA CGM; COSCO; Evergreen Line; Hapag-Lloyd; Hyundai; MSC; ONE; PIL; Wan Hai",10,22,14557.181818181818,1493.7272727272727,5618,9572,3,3.5,4,"{3,4}"
2019-06-30,MXESE,Ensenada,PAROD,Rodman,1,1,MSC,1,11,8890.454545454546,835.0909090909091,8073,9403,12,12,12,{12}
2019-06-30,MXLZC,"Lazaro Cardenas",COBUN,Buenaventura,1,1,"APL; CMA CGM; COSCO; Evergreen Line; PIL",5,11,9915.363636363636,1465.2727272727273,9400,10622,3,3,3,{3}
2019-06-30,MXLZC,"Lazaro Cardenas",GTPRQ,"Puerto Quetzal",3,3,"Alianca; ANL; APL; CMA CGM; COSCO; Evergreen Line; Hamburg Sud; Hapag-Lloyd; Maersk Line; ONE; PIL; Safmarine; SeaLand; Wan Hai; Yang Ming",15,19,11245.7,1491.5,2526,6712,2,2,2,"{2,2,2}"
2019-06-30,MXLZC,"Lazaro Cardenas",MXZLO,"Manzanillo, MEX",4,4,"APL; CMA CGM; COSCO; Evergreen Line; Hapag-Lloyd; Hyundai; MSC; ONE; PIL; X-Press",10,26,19953.863636363636,2924.090909090909,1732,10622,0,1,2,"{2,1,0,1}"
2019-06-30,MXLZC,"Lazaro Cardenas",NICIO,Corinto,1,1,"Alianca; APL; CMA CGM; Hamburg Sud; Maersk Line; SeaLand",6,4,1819,467,1819,1819,3,3,3,{3}
2019-06-30,MXLZC,"Lazaro Cardenas",PABLB,Balboa,2,1,"Alianca; Hamburg Sud; Maersk Line; MCC; SeaLand",5,42,18137.14285714286,1564,8160,9640,3,4,5,"{3,5}"
2019-06-30,MXLZC,"Lazaro Cardenas",PAROD,Rodman,1,1,"Hapag-Lloyd; Hyundai; MSC; ONE",4,12,12047.5,880,9030,13102,4,4,4,{4}
2019-06-30,MXLZC,"Lazaro Cardenas",PECLL,Callao,1,1,"Hapag-Lloyd; Hyundai; MSC; ONE",4,11,9685.454545454546,1295.7272727272727,9300,11010,8,8,8,{8}
2019-06-30,MXLZC,"Lazaro Cardenas",USLAX,"Los Angeles CA",1,1,"Alianca; ANL; APL; CMA CGM; Hamburg Sud; Maersk Line; Safmarine; SeaLand",8,5,2546,600,2546,2546,4,4,4,{4}
2019-06-30,MXLZC,"Lazaro Cardenas",USLGB,"Long Beach CA",1,1,"Alianca; APL; CMA CGM; Hamburg Sud; Maersk Line; SeaLand",6,4,1819,467,1819,1819,4,4,4,{4}
2019-06-30,MXMZT,Mazatlan,MXZLO,"Manzanillo, MEX",1,1,"Hapag-Lloyd; ONE",2,4,2629.5,398.5,2526,2664,1,1,1,{1}
2019-06-30,MXPGO,Progreso,CUSCU,"Santiago de Cuba",1,1,"CMA CGM",1,1,1722.2857142857142,314.2857142857143,1096,1096,3,3,3,{3}
2019-06-30,MXPGO,Progreso,MXATM,Altamira,1,1,"Seaboard Marine; ZIM",2,3,1479.3333333333333,286,1304,1732,3,3,3,{3}
2019-06-30,MXPGO,Progreso,USHOU,"Houston TX",1,1,"Linea Peninsular",1,1,732,80,366,366,2,2,2,{2}
2019-06-30,MXPMS,"Puerto Morelos",USPEF,"Port Everglades FL",1,1,"Hyde Shipping Corp.; Seaboard Marine",2,3,356.6666666666667,46.666666666666664,340,365,6,6,6,{6}
2019-06-30,MXTAM,Tampico,USPME,"Port Manatee FL",1,1,"World Direct Shipping-WDS",1,2,664.5,122,657,672,3,3,3,{3}
2019-06-30,MXTUX,Tuxpan,MXTAM,Tampico,1,1,"World Direct Shipping-WDS",1,2,664.5,122,657,672,1,1,1,{1}
2019-06-30,MXTUX,Tuxpan,MXVER,Veracruz,1,1,"Hapag-Lloyd; ONE; Yang Ming",3,6,5520.166666666667,534.1666666666666,5250,5605,0,0,0,{0}
2019-06-30,MXVER,Veracruz,BSFPO,Freeport,1,1,MSC,1,5,3692,384.4,2480,4250,3,3,3,{3}
2019-06-30,MXVER,Veracruz,BZBGK,"Big Creek",1,1,"Alianca; Hamburg Sud; Maersk Line; MSC; Seago Line; SeaLand",6,7,3947,870,3947,3947,6,6,6,{6}
2019-06-30,MXVER,Veracruz,CUMAR,Mariel,1,1,"Melfi Marine",1,4,2548.5,464,2474,2700,3,3,3,{3}
2019-06-30,MXVER,Veracruz,GTSTC,"Santo Tomas de Castilla",1,1,"Hapag-Lloyd; ONE",2,6,2423.5,484.3333333333333,2339,2566,5,5,5,{5}
2019-06-30,MXVER,Veracruz,JMKIN,Kingston,2,2,"Alianca; ANL; CMA CGM; Hamburg Sud; Maersk Line; Seaboard Marine; SeaLand; ZIM",8,12,4868.444444444445,708.2222222222222,1304,3534,4,4.5,5,"{5,4}"
2019-06-30,MXVER,Veracruz,MXATM,Altamira,7,7,"Alianca; APL; CMA CGM; COSCO; Evergreen Line; Hamburg Sud; Hapag-Lloyd; Maersk Line; MSC; ONE; OOCL; Safmarine; Seago Line; SeaLand; Yang Ming; ZIM",16,49,43112.66071428572,4395.625,4544,9403,1,1,2,"{1,1,1,2,1,1,1}"
2019-06-30,MXVER,Veracruz,MXTUX,Tuxpan,1,1,"World Direct Shipping-WDS",1,2,664.5,122,657,672,1,1,1,{1}
2019-06-30,MXZLO,"Manzanillo, MEX",CNSHA,Shanghai,1,1,"APL; CMA CGM; COSCO; Evergreen Line; PIL; Wan Hai",6,11,8018.181818181818,683.9090909090909,5618,9572,19,19,19,{19}
2019-06-30,MXZLO,"Manzanillo, MEX",COBUN,Buenaventura,1,1,"APL; CMA CGM; COSCO; Evergreen Line; PIL; Wan Hai; Yang Ming",7,10,7680.8,739.6,5364,8827,7,7,7,{7}
2019-06-30,MXZLO,"Manzanillo, MEX",COCTG,Cartagena,1,1,"Alianca; Hamburg Sud; Hapag-Lloyd; ZIM",4,12,4692.083333333333,360.8333333333333,4250,4890,8,8,8,{8}
2019-06-30,MXZLO,"Manzanillo, MEX",CRCAL,"Puerto Caldera",1,1,"COSCO; Evergreen Line; X-Press",3,2,1763.5,349,1732,1795,4,4,4,{4}
2019-06-30,MXZLO,"Manzanillo, MEX",GTPRQ,"Puerto Quetzal",1,1,"Hapag-Lloyd; Hyundai; MSC; ONE",4,11,6539,809.8181818181819,6200,7241,2,2,2,{2}
2019-06-30,MXZLO,"Manzanillo, MEX",JPTYO,Tokyo,1,1,"Hapag-Lloyd; Hyundai; MSC; ONE",4,12,12047.5,880,9030,13102,16,16,16,{16}
2019-06-30,MXZLO,"Manzanillo, MEX",KRPUS,Busan,1,1,"COSCO; Evergreen Line; PIL; Wan Hai; Yang Ming",5,10,6070.2,493,4896,6712,18,18,18,{18}
2019-06-30,MXZLO,"Manzanillo, MEX",MXESE,Ensenada,2,2,"APL; CMA CGM; COSCO; Evergreen Line; Hapag-Lloyd; Hyundai; MSC; ONE; PIL",9,22,16454.363636363636,2275.090909090909,6200,10622,1,1.5,2,"{2,1}"
2019-06-30,MXZLO,"Manzanillo, MEX",MXLZC,"Lazaro Cardenas",7,6,"Alianca; APL; CMA CGM; COSCO; Evergreen Line; Hamburg Sud; Hapag-Lloyd; Hyundai; Maersk Line; MCC; MSC; ONE; PIL; SeaLand; Wan Hai; Yang Ming",16,90,58485.16103896103,6096.5,2526,13102,0,1,1,"{1,1,1,0,1,1,0}"
2019-06-30,MXZLO,"Manzanillo, MEX",PABLB,Balboa,1,1,"Alianca; ANL; APL; CMA CGM; COSCO; Hamburg Sud; Hapag-Lloyd; Maersk Line; MCC",9,12,9679.416666666666,951.6666666666666,8704,11040,4,4,4,{4}
2019-06-30,MXZLO,"Manzanillo, MEX",PECLL,Callao,1,1,"APL; CMA CGM; COSCO; Evergreen Line; PIL; Wan Hai",6,11,8018.181818181818,683.9090909090909,5618,9572,6,6,6,{6}
2019-06-30,MXZLO,"Manzanillo, MEX",RUVYP,Vostochniy,1,1,"Alianca; Hamburg Sud; Maersk Line; MCC; SeaLand",5,21,9068.57142857143,782,8160,9640,19,19,19,{19}
2019-06-30,MXZLO,"Manzanillo, MEX",SVAQJ,Acajutla,1,1,"APL; COSCO; Evergreen Line; Hapag-Lloyd; X-Press",5,2,1736,300,1732,1740,3,3,3,{3}
2019-06-30,MXZLO,"Manzanillo, MEX",USLAX,"Los Angeles CA",1,1,"Hapag-Lloyd; ONE",2,4,2629.5,398.5,2526,2664,4,4,4,{4}
2019-06-30,MXZLO,"Manzanillo, MEX",USLGB,"Long Beach CA",2,2,"Alianca; Hamburg Sud; Hapag-Lloyd; MSC; ZIM",5,23,13582.53787878788,1195.9242424242425,4250,9403,3,3,3,"{3,3}"
2019-06-30,MYBKI,"Kota Kinabalu, Sabah",BNMUA,"Muara Port",1,1,"Evergreen Line",1,2,1974,150,1748,2200,1,1,1,{1}
2019-06-30,MYBKI,"Kota Kinabalu, Sabah",MYSDK,Sandakan,1,1,MCC,1,7,1718.2857142857142,393.42857142857144,1713,1750,0,0,0,{0}
2019-06-30,MYBTU,"Bintulu, Sarawak",PHCEB,Cebu,1,1,SeaLand,1,5,1737.8,428.8,1713,1774,5,5,5,{5}
2019-06-30,MYBTU,"Bintulu, Sarawak",TWKHH,Kaohsiung,1,1,"Evergreen Line",1,2,1974,150,1748,2200,4,4,4,{4}
2019-06-30,MYKCH,"Kuching, Sarawak",BNMUA,"Muara Port",1,1,MCC,1,5,2700.4,475.2,2574,2806,2,2,2,{2}
2019-06-30,MYKUA,Kuantan,HKHKG,"Hong Kong",1,1,"Evergreen Line; OOCL; Yang Ming",3,4,2896,344,2867,2926,4,4,4,{4}
2019-06-30,MYPEN,Penang,HKHKG,"Hong Kong",1,1,"IAL-Interasia Lines; Wan Hai",2,4,1633,208,1368,1728,5,5,5,{5}
2019-06-30,MYPEN,Penang,MYPKG,"Port Klang",4,4,"ANL; APL; CMA CGM; CNC Line-Cheng Lie Navigation Co. Ltd.; COSCO; Evergreen Line; Gold Star Line; IAL-Interasia Lines; OOCL; RCL; TS Lines; Wan Hai; Yang Ming; ZIM",14,19,16942.916666666668,1751.6666666666667,2495,5688,0,2,2,"{2,2,2,0}"
2019-06-30,MYPEN,Penang,MYTPP,"Tanjung Pelepas",1,1,"Evergreen Line; OOCL; Yang Ming",3,4,2896,344,2867,2926,1,1,1,{1}
2019-06-30,MYPEN,Penang,SGSIN,Singapore,3,3,"ANL; CMA CGM; CNC Line-Cheng Lie Navigation Co. Ltd.; COSCO; Heung-A; KMTC; OOCL; PIL; Sinotrans; TS Lines; Yang Ming",11,16,9898.625,1326.5,2278,4275,2,2,2,"{2,2,2}"
2019-06-30,MYPGU,"Pasir Gudang, Johor",HKHKG,"Hong Kong",1,1,"APL; CMA CGM; CNC Line-Cheng Lie Navigation Co. Ltd.; Gold Star Line; RCL; TS Lines; Yang Ming; ZIM",8,4,4251.25,370,4250,4253,5,5,5,{5}
2019-06-30,MYPGU,"Pasir Gudang, Johor",MYPKG,"Port Klang",1,1,"ANL; CMA CGM; CNC Line-Cheng Lie Navigation Co. Ltd.; Evergreen Line; X-Press",5,4,2922,343.5,2910,2926,1,1,1,{1}
2019-06-30,MYPGU,"Pasir Gudang, Johor",SGSIN,Singapore,3,3,"ANL; CMA CGM; CNC Line-Cheng Lie Navigation Co. Ltd.; Evergreen Line; Heung-A; Hyundai; IAL-Interasia Lines; KMTC; TS Lines; Wan Hai",10,12,9677,1142.5,2495,4498,0,1,1,"{1,1,0}"
2019-06-30,MYPGU,"Pasir Gudang, Johor",TWKHH,Kaohsiung,1,1,"Evergreen Line; MCC; Yang Ming",3,7,2844.8571428571427,353.7142857142857,2742,2926,12,12,12,{12}
2019-06-30,MYPKG,"Port Klang",AEJEA,"Dubai, Jebel Ali",3,3,"APL; CMA CGM; COSCO; Evergreen Line; Hapag-Lloyd; Hyundai; Maersk Line; MCC; ONE; OOCL; RCL; Safmarine; Yang Ming",13,22,23075.678571428572,2029.3392857142858,5364,13100,9,9,9,"{9,9,9}"
2019-06-30,MYPKG,"Port Klang",AUFRE,Fremantle,2,2,"ANL; APL; CMA CGM; COSCO; OOCL; PIL; TS Lines; Yang Ming",8,9,10012.2,891,4130,5782,6,6.5,7,"{7,6}"
2019-06-30,MYPKG,"Port Klang",BDCGP,Chittagong,7,7,"Advance Container Lines; ANL; CMA CGM; Gold Star Line; Hyundai; Maersk Line; MCC; ONE; PIL; Samudera; SOL; X-Press; Yang Ming",13,16,22287.114285714284,3645.485714285714,1398,2806,3,4,6,"{6,4,3,6,4,3,4}"
2019-06-30,MYPKG,"Port Klang",CNDCB,"Da Chan Bay",1,1,"Emirates Shipping; Gold Star Line; KMTC; RCL; Sea Lead; SM Line",6,8,6201.875,641.25,5301,8110,5,5,5,{5}
2019-06-30,MYPKG,"Port Klang",CNNGB,Ningbo,2,2,"APL; CMA CGM; COSCO; Evergreen Line; OOCL; PIL",6,19,21768.13333333333,1361.0444444444445,12917,14500,6,6,6,"{6,6}"
2019-06-30,MYPKG,"Port Klang",CNQZH,Qinzhou,1,1,"COSCO; Gold Star Line; ZIM",3,9,2524.777777777778,256.1111111111111,4178,4992,4,4,4,{4}
2019-06-30,MYPKG,"Port Klang",CNSHK,Shekou,1,1,"APL; CMA CGM; COSCO; Evergreen Line; OOCL",5,10,6409.4,640.1,5301,8814,5,5,5,{5}
2019-06-30,MYPKG,"Port Klang",CNTAO,Qingdao,1,1,"APL; CMA CGM; COSCO; Evergreen Line; OOCL; PIL; Wan Hai",7,7,18001.714285714286,999.1428571428571,14074,20988,9,9,9,{9}
2019-06-30,MYPKG,"Port Klang",CNXMN,Xiamen,2,2,"APL; CMA CGM; COSCO; Evergreen Line; OOCL",5,23,25346.151515151516,1876.590909090909,1380,20600,5,5,5,"{5,5}"
2019-06-30,MYPKG,"Port Klang",CNZHA,Zhanjiang,1,1,"COSCO; Wan Hai",2,6,4391.666666666667,441.6666666666667,4250,4532,4,4,4,{4}
2019-06-30,MYPKG,"Port Klang",GRPIR,Piraeus,1,1,"APL; CMA CGM; COSCO; Evergreen Line; OOCL",5,10,11671.2,952,9400,14566,13,13,13,{13}
2019-06-30,MYPKG,"Port Klang",HKHKG,"Hong Kong",3,3,"APL; CMA CGM; COSCO; Evergreen Line; KMTC; OOCL; Sinokor; TS Lines; X-Press",9,24,31158.926406926403,2475.242424242424,4957,21413,4,4,4,"{4,4,4}"
2019-06-30,MYPKG,"Port Klang",IDJKT,"Jakarta, Java",1,1,"ANL; CMA CGM; CNC Line-Cheng Lie Navigation Co. Ltd.; Yang Ming",4,5,1620,167,1500,1800,3,3,3,{3}
2019-06-30,MYPKG,"Port Klang",ILASH,Ashdod,1,1,"COSCO; Evergreen Line; OOCL",3,9,5085.333333333333,497,5250,6606,12,12,12,{12}
2019-06-30,MYPKG,"Port Klang",INCOK,Cochin,2,2,"COSCO; Emirates Shipping; Gold Star Line; KMTC; RCL; Sea Lead; SM Line; Wan Hai",8,14,10593.541666666668,1082.9166666666667,4250,8110,4,5,6,"{6,4}"
2019-06-30,MYPKG,"Port Klang",INHAL,Haldia,1,1,"Advance Container Lines; PIL",2,1,1998,257.14285714285717,777,777,4,4,4,{4}
2019-06-30,MYPKG,"Port Klang",INKAT,Kattupalli,1,1,"ANL; BTL-Bengal Tiger Line; CMA CGM; COSCO; Evergreen Line; Hyundai; ONE; RCL; X-Press",9,4,5038,723.5,4738,5301,5,5,5,{5}
2019-06-30,MYPKG,"Port Klang",INMAA,Chennai/Madras,4,4,"ANL; APL; BTL-Bengal Tiger Line; CMA CGM; CNC Line-Cheng Lie Navigation Co. Ltd.; COSCO; CULines-China United Lines; Evergreen Line; Feedertech; Gold Star Line; Hyundai; IAL-Interasia Lines; KMTC; MCC; ONE; OOCL; RCL; TS Lines; Wan Hai; X-Press; ZIM",21,18,18866.6,2189.7333333333336,2741,6800,2,3.5,4,"{2,4,3,4}"
2019-06-30,MYPKG,"Port Klang",INMUN,Mundra,1,1,"ANL; APL; CMA CGM; COSCO; Maersk Line; MCC; OOCL",7,6,9082.833333333334,666.6666666666666,7849,9662,7,7,7,{7}
2019-06-30,MYPKG,"Port Klang",INNSA,"Mumbai (Nhava Sheva)",6,6,"APL; CMA CGM; COSCO; Evergreen Line; Gold Star Line; Hapag-Lloyd; Heung-A; Hyundai; KMTC; ONE; OOCL; PIL; Samudera; Sinokor; TS Lines; X-Press; Yang Ming; ZIM",18,44,38163.35930735931,3370.5238095238096,4957,9572,6,6,10,"{6,8,6,6,10,6}"
2019-06-30,MYPKG,"Port Klang",INPAV,Pipavav,1,1,"APL; Hyundai; ONE; RCL; X-Press",5,5,5676.6,560,5572,6039,6,6,6,{6}
2019-06-30,MYPKG,"Port Klang",KRPUS,Busan,1,1,"APL; CMA CGM; COSCO; Evergreen Line; OOCL",5,10,8493.2,1149.6,9000,10622,8,8,8,{8}
2019-06-30,MYPKG,"Port Klang",LKCMB,Colombo,7,7,"ANL; APL; CMA CGM; CNC Line-Cheng Lie Navigation Co. Ltd.; COSCO; Emirates Shipping; Evergreen Line; Feedertech; Gold Star Line; Hapag-Lloyd; IAL-Interasia Lines; KMTC; ONE; OOCL; PIL; Wan Hai; X-Press; ZIM",18,60,35823.92857142857,3833.746031746032,2478,11388,3,4,4,"{4,4,3,4,3,4,3}"
2019-06-30,MYPKG,"Port Klang",MMRGN,Yangon,1,1,MCC,1,7,1718.2857142857142,393.42857142857144,1713,1750,4,4,4,{4}
2019-06-30,MYPKG,"Port Klang",MYPEN,Penang,7,7,"ANL; APL; CMA CGM; CNC Line-Cheng Lie Navigation Co. Ltd.; COSCO; Evergreen Line; Gold Star Line; Heung-A; IAL-Interasia Lines; KMTC; OOCL; RCL; Sinotrans; TS Lines; Wan Hai; Yang Ming; ZIM",17,29,24024,2801,1368,5688,0,2,2,"{0,2,2,1,1,2,2}"
2019-06-30,MYPKG,"Port Klang",MYPGU,"Pasir Gudang, Johor",4,4,"ANL; APL; CMA CGM; CNC Line-Cheng Lie Navigation Co. Ltd.; Evergreen Line; Gold Star Line; Heung-A; Hyundai; IAL-Interasia Lines; KMTC; RCL; TS Lines; Wan Hai; Yang Ming; ZIM",15,16,13928.25,1512.5,2495,4498,1,1,2,"{1,1,2,1}"
2019-06-30,MYPKG,"Port Klang",MYTPP,"Tanjung Pelepas",2,2,"ANL; CMA CGM; CNC Line-Cheng Lie Navigation Co. Ltd.; COSCO; Emirates Shipping; Evergreen Line; ONE; OOCL; X-Press",9,11,7186.285714285715,776.9285714285714,2910,4506,1,1,1,"{1,1}"
2019-06-30,MYPKG,"Port Klang",PHMNS,"Manila South Harbor",1,1,"ANL; APL; CMA CGM; CNC Line-Cheng Lie Navigation Co. Ltd.; Hyundai",5,4,3427,350,3388,3534,7,7,7,{7}
2019-06-30,MYPKG,"Port Klang",SAJED,Jeddah,1,1,"Hapag-Lloyd; ONE; Wan Hai; Yang Ming",4,8,5052.75,525,5500,6673,10,10,10,{10}
2019-06-30,MYPKG,"Port Klang",SGSIN,Singapore,39,39,"Alianca; ANL; APL; BTL-Bengal Tiger Line; CMA CGM; CNC Line-Cheng Lie Navigation Co. Ltd.; COSCO; CULines-China United Lines; Emirates Shipping; Evergreen Line; Feedertech; Gold Star Line; Hamburg Sud; Hapag-Lloyd; HDASCO; Heung-A; Hyundai; IAL-Interasia Lines; KMTC; Maersk Line; MCC; MSC; NileDutch; ONE; OOCL; PIL; RCL; Safmarine; Samudera; Sinokor; SOL; TS Lines; Wan Hai; X-Press; Yang Ming; ZIM",36,238,203563.71800699303,21929.188614163617,609,13100,0,1,4,"{1,3,1,2,1,0,0,0,0,1,2,1,2,1,0,1,2,2,2,1,0,1,2,1,1,1,3,2,4,0,2,1,1,1,1,1,0,0,2}"
2019-06-30,MYPKG,"Port Klang",TWKHH,Kaohsiung,1,1,"COSCO; Hapag-Lloyd; ONE; Yang Ming",4,7,4729.714285714285,385.7142857142857,5512,5548,5,5,5,{5}
2019-06-30,MYPKG,"Port Klang",VNHPH,Haiphong,1,1,"Wan Hai",1,2,1753.5,188.5,1707,1800,5,5,5,{5}
2019-06-30,MYPKG,"Port Klang",VNSGN,"Ho Chi Minh (VICT/Cat Lai)",1,1,"Wan Hai",1,4,1596.25,231.75,1368,1805,4,4,4,{4}
2019-06-30,MYPKG,"Port Klang",ZADUR,Durban,2,2,"COSCO; Evergreen Line; Gold Star Line; Hapag-Lloyd; ONE; PIL; ZIM",7,17,7039.402777777777,711.3611111111111,4178,5087,12,13,14,"{14,12}"
2019-06-30,MYSDK,Sandakan,MYTWU,"Tawau Sabah",1,1,MCC,1,7,1718.2857142857142,393.42857142857144,1713,1750,1,1,1,{1}
2019-06-30,MYTPP,"Tanjung Pelepas",BDCGP,Chittagong,1,1,MCC,1,5,2547.6,441.2,2202,2806,4,4,4,{4}
2019-06-30,MYTPP,"Tanjung Pelepas",CNNGB,Ningbo,1,1,"Maersk Line; MCC; Safmarine",3,8,3633.75,451.25,3398,4380,9,9,9,{9}
2019-06-30,MYTPP,"Tanjung Pelepas",CNSHA,Shanghai,2,2,"ANL; CMA CGM; Hamburg Sud; Hyundai; Maersk Line; MCC; MSC; Safmarine; Seago Line",9,25,23299.23717948718,1333.8141025641025,4045,20568,7,7,7,"{7,7}"
2019-06-30,MYTPP,"Tanjung Pelepas",CNSHK,Shekou,1,1,"COSCO; Evergreen Line; OOCL",3,9,5085.333333333333,497,5250,6606,4,4,4,{4}
2019-06-30,MYTPP,"Tanjung Pelepas",CNTXG,Xingang/Tianjin,1,1,"Maersk Line; MCC; Safmarine",3,6,4044.8333333333335,388.6666666666667,4532,5085,8,8,8,{8}
2019-06-30,MYTPP,"Tanjung Pelepas",CNXMN,Xiamen,1,1,"ANL; CMA CGM; Maersk Line; MCC; Safmarine",5,15,4496,180,4496,4496,6,6,6,{6}
2019-06-30,MYTPP,"Tanjung Pelepas",CNYTN,Yantian,1,1,"Alianca; Hamburg Sud; Hyundai; Maersk Line; MCC; MSC; Safmarine; ZIM",8,11,9646.90909090909,640.1818181818181,8272,11078,3,3,3,{3}
2019-06-30,MYTPP,"Tanjung Pelepas",ESALG,Algeciras,1,1,"Hamburg Sud; Hyundai; Maersk Line; MCC; MSC; Safmarine; Seago Line",7,13,18656.153846153848,857.2307692307693,18270,20568,17,17,17,{17}
2019-06-30,MYTPP,"Tanjung Pelepas",HKHKG,"Hong Kong",2,2,"Alianca; ANL; CMA CGM; CNC Line-Cheng Lie Navigation Co. Ltd.; Hamburg Sud; Hyundai; Maersk Line; MCC; MSC; Safmarine; ZIM",11,21,17460.545454545456,1942.7272727272727,4771,11088,4,4,4,"{4,4}"
2019-06-30,MYTPP,"Tanjung Pelepas",INMAA,Chennai/Madras,1,1,"Maersk Line; MCC; Safmarine",3,6,4044.8333333333335,388.6666666666667,4532,5085,5,5,5,{5}
2019-06-30,MYTPP,"Tanjung Pelepas",KEMBA,Mombasa,1,1,"Maersk Line; MCC; Safmarine",3,8,3633.75,451.25,3398,4380,11,11,11,{11}
2019-06-30,MYTPP,"Tanjung Pelepas",LKCMB,Colombo,3,3,"ANL; APL; CMA CGM; Gold Star Line; Hamburg Sud; Hyundai; Maersk Line; MCC; MSC; OOCL; Safmarine; Seago Line; ZIM",13,34,27626.96266233766,2386.2402597402597,6418,14000,3,4,5,"{5,4,3}"
2019-06-30,MYTPP,"Tanjung Pelepas",MAPTM,Tanger,1,1,"Hamburg Sud; Hyundai; Maersk Line; MCC; MSC; Safmarine; Seago Line",7,12,15589,1033.3333333333333,13050,17816,16,16,16,{16}
2019-06-30,MYTPP,"Tanjung Pelepas",MMRGN,Yangon,1,1,SeaLand,1,5,1737.8,428.8,1713,1774,4,4,4,{4}
2019-06-30,MYTPP,"Tanjung Pelepas",MUPLU,"Port Louis",1,1,"Alianca; ANL; CMA CGM; CNC Line-Cheng Lie Navigation Co. Ltd.; Hamburg Sud; Maersk Line; MCC; Safmarine",8,10,8244,1260,4771,9964,8,8,8,{8}
2019-06-30,MYTPP,"Tanjung Pelepas",MYKCH,"Kuching, Sarawak",1,1,MCC,1,5,2700.4,475.2,2574,2806,2,2,2,{2}
2019-06-30,MYTPP,"Tanjung Pelepas",MYKUA,Kuantan,1,1,"Evergreen Line; OOCL; Yang Ming",3,4,2896,344,2867,2926,1,1,1,{1}
2019-06-30,MYTPP,"Tanjung Pelepas",MYPGU,"Pasir Gudang, Johor",1,1,"Evergreen Line; MCC; Yang Ming",3,7,2844.8571428571427,353.7142857142857,2742,2926,1,1,1,{1}
2019-06-30,MYTPP,"Tanjung Pelepas",MYPKG,"Port Klang",6,6,"ANL; APL; CMA CGM; CNC Line-Cheng Lie Navigation Co. Ltd.; COSCO; Emirates Shipping; Evergreen Line; MCC; ONE; OOCL; X-Press",11,39,23119.876190476192,2777.057142857143,2478,6606,0,1,1,"{1,0,1,1,1,1}"
2019-06-30,MYTPP,"Tanjung Pelepas",NAWVB,"Walvis Bay",1,1,"ANL; CMA CGM; Maersk Line; MCC; Safmarine",5,15,4496,180,4496,4496,16,16,16,{16}
2019-06-30,MYTPP,"Tanjung Pelepas",NLRTM,Rotterdam,3,3,"Alianca; APL; CMA CGM; COSCO; Evergreen Line; Hamburg Sud; Hyundai; Maersk Line; MCC; MSC; OOCL; Safmarine; Seago Line",13,36,55229.9289044289,2443.1666666666665,13900,20568,19,20,20,"{20,19,20}"
2019-06-30,MYTPP,"Tanjung Pelepas",PGPOM,"Port Moresby",1,1,"Maersk Line",1,2,2550.8571428571427,502.85714285714283,1114,1118,12,12,12,{12}
2019-06-30,MYTPP,"Tanjung Pelepas",PTSIE,Sines,1,1,"Hamburg Sud; Hyundai; Maersk Line; MCC; MSC; Safmarine",6,16,12950.375,847.5,11660,13800,17,17,17,{17}
2019-06-30,MYTPP,"Tanjung Pelepas",REPDG,"Reunion Island",1,1,"ANL; CMA CGM; Maersk Line; Safmarine",4,7,2783.1428571428573,447.14285714285717,2474,3651,10,10,10,{10}
2019-06-30,MYTPP,"Tanjung Pelepas",SGSIN,Singapore,19,15,"Alianca; ANL; APL; CMA CGM; CNC Line-Cheng Lie Navigation Co. Ltd.; COSCO; Emirates Shipping; Evergreen Line; Hamburg Sud; Maersk Line; MCC; MSC; NileDutch; ONE; OOCL; PIL; Safmarine; SeaLand; X-Press",19,131,81208.51391941393,9913.063919413918,1713,11800,0,1,3,"{2,0,1,1,1,2,1,0,1,1,1,1,2,1,3,0,1,1,0}"
2019-06-30,MYTPP,"Tanjung Pelepas",TGLFW,Lome,1,1,"ANL; CMA CGM; Maersk Line; MCC; Safmarine",5,12,4643.083333333333,476.5833333333333,4045,5400,24,24,24,{24}
2019-06-30,MYTPP,"Tanjung Pelepas",THLCH,"Laem Chabang",2,2,"Hyundai; Maersk Line; MSC; Safmarine; ZIM",5,15,10694.159090909092,951.9545454545454,3301,8110,5,5,5,"{5,5}"
2019-06-30,MYTPP,"Tanjung Pelepas",TWKHH,Kaohsiung,1,1,"APL; CMA CGM; COSCO; Evergreen Line; OOCL",5,11,17229.454545454544,734,13900,20150,7,7,7,{7}
2019-06-30,MYTWU,"Tawau Sabah",PHDVO,Davao,1,1,MCC,1,7,1718.2857142857142,393.42857142857144,1713,1750,3,3,3,{3}
2019-06-30,MZBEW,Beira,MYPKG,"Port Klang",1,1,PIL,1,6,1817.6666666666667,250,1800,1890,14,14,14,{14}
2019-06-30,MZBEW,Beira,MZMNC,Nacala,2,2,"ANL; CMA CGM; Maersk Line; Safmarine; UAFL-United Africa Feeder Line",5,13,5030.142857142857,820.8095238095239,2207,3651,0,1.5,3,"{3,0}"
2019-06-30,MZMNC,Nacala,MUPLU,"Port Louis",1,1,"ANL; CMA CGM; Maersk Line; Safmarine",4,7,2783.1428571428573,447.14285714285717,2474,3651,10,10,10,{10}
2019-06-30,MZMNC,Nacala,MZMPM,Maputo,1,1,"CMA CGM; UAFL-United Africa Feeder Line",2,6,2247,373.6666666666667,2207,2272,5,5,5,{5}
2019-06-30,MZMPM,Maputo,MZBEW,Beira,2,2,"ANL; CMA CGM; Maersk Line; PIL; Safmarine",5,13,4600.809523809524,697.1428571428571,1800,3651,2,2,2,"{2,2}"
2019-06-30,MZMPM,Maputo,SCPOV,"Seychelles Is., Port Victoria",1,1,"CMA CGM; UAFL-United Africa Feeder Line",2,6,2247,373.6666666666667,2207,2272,7,7,7,{7}
2019-06-30,NAWVB,"Walvis Bay",MYTPP,"Tanjung Pelepas",1,1,"ANL; CMA CGM; Maersk Line; MCC; Safmarine",5,12,4643.083333333333,476.5833333333333,4045,5400,19,19,19,{19}
2019-06-30,NAWVB,"Walvis Bay",NGAPP,Apapa,1,1,"ANL; CMA CGM; Maersk Line; MCC; Safmarine",5,15,4496,180,4496,4496,6,6,6,{6}
2019-06-30,NAWVB,"Walvis Bay",TGLFW,Lome,1,1,"COSCO; Gold Star Line; ONE; PIL; ZIM",5,12,4298.666666666667,435,3560,4644,6,6,6,{6}
2019-06-30,NCNOU,Noumea,AUBNE,Brisbane,3,3,"ANL; APL; CMA CGM; Maersk Line; Marfret; PDL-Pacific Direct Line; Sofrana ANL",7,15,11832.483516483517,1931.2967032967035,844,2826,2,3,3,"{2,3,3}"
2019-06-30,NCNOU,Noumea,AUSYD,Sydney,1,1,MSC,1,2,1209,239,1114,1304,4,4,4,{4}
2019-06-30,NCNOU,Noumea,FJLTK,Lautoka,1,1,"PDL-Pacific Direct Line; PIL",2,1,2331,300,777,777,3,3,3,{3}
2019-06-30,NCNOU,Noumea,VUVLI,"Port Vila",1,1,"ANL; NPL-Neptune Pacific Line; PDL-Pacific Direct Line; Sofrana ANL; Swire Shipping",5,2,1955,437.14285714285717,734,876,2,2,2,{2}
2019-06-30,NCPNY,"Prony Bay",NCNOU,Noumea,1,1,"ANL; NPL-Neptune Pacific Line; PDL-Pacific Direct Line; Sofrana ANL; Swire Shipping",5,2,1955,437.14285714285717,734,876,1,1,1,{1}
2019-06-30,NGAPP,Apapa,NGTIN,"Lagos, Tin Can",6,6,"ANL; Arkas Line; CMA CGM; COSCO; Gold Star Line; Hapag-Lloyd; Maersk Line; MCC; ONE; OOCL; PIL; Safmarine; ZIM",13,60,25544.712121212124,2128.742424242424,3889,5466,0,0.5,2,"{0,0,1,1,0,2}"
2019-06-30,NGAPP,Apapa,TGLFW,Lome,1,1,"ANL; APL; CMA CGM; CNC Line-Cheng Lie Navigation Co. Ltd.; Maersk Line; MCC; Safmarine",7,13,4219.461538461538,449.53846153846155,3765,4360,2,2,2,{2}
2019-06-30,NGONN,Onne,CGPNR,"Pointe Noire",1,1,"ANL; CMA CGM; Maersk Line; MCC; Safmarine",5,15,4496,180,4496,4496,24,24,24,{24}
2019-06-30,NGONN,Onne,GHTKD,Takoradi,1,1,"Maersk Line; Safmarine; Seago Line",3,8,2611.375,435.625,1795,3600,3,3,3,{3}
2019-06-30,NGONN,Onne,SGSIN,Singapore,1,1,"COSCO; OOCL; PIL",3,12,3920,33.333333333333336,3889,4250,24,24,24,{24}
2019-06-30,NGTIN,"Lagos, Tin Can",BJCOO,Cotonou,2,2,"ANL; CMA CGM; Maersk Line; Safmarine",4,17,8338.545454545456,964.9090909090909,4250,5466,1,1,1,"{1,1}"
2019-06-30,NGTIN,"Lagos, Tin Can",GHTEM,Tema,4,4,"Arkas Line; CMA CGM; COSCO; Gold Star Line; Hapag-Lloyd; Messina; MSC; ONE; PIL; ZIM",10,26,16496.966666666667,1830.3,2524,6008,1,1.5,3,"{2,1,1,3}"
2019-06-30,NGTIN,"Lagos, Tin Can",NGONN,Onne,2,2,"ANL; CMA CGM; COSCO; Maersk Line; MCC; OOCL; PIL; Safmarine",8,27,8416,213.33333333333334,3889,4496,1,1,1,"{1,1}"
2019-06-30,NICIO,Corinto,CRCAL,"Puerto Caldera",1,1,"Hapag-Lloyd; ONE",2,4,2629.5,398.5,2526,2664,1,1,1,{1}
2019-06-30,NICIO,Corinto,MXLZC,"Lazaro Cardenas",1,1,"COSCO; Evergreen Line; X-Press",3,2,1763.5,349,1732,1795,2,2,2,{2}
2019-06-30,NICIO,Corinto,PABLB,Balboa,1,1,"Alianca; APL; CMA CGM; Hamburg Sud; Maersk Line; SeaLand",6,4,1819,467,1819,1819,4,4,4,{4}
2019-06-30,NICIO,Corinto,SVAQJ,Acajutla,1,1,"Alianca; APL; CMA CGM; Hamburg Sud; Maersk Line; SeaLand",6,4,1819,467,1819,1819,1,1,1,{1}
2019-06-30,NLMOE,Moerdijk,NLRTM,Rotterdam,1,1,"Hapag-Lloyd; MSC; WEC Lines",3,2,1008,150,1008,1008,0,0,0,{0}
2019-06-30,NLRTM,Rotterdam,AEJEA,"Dubai, Jebel Ali",1,1,"Hapag-Lloyd; ONE; Yang Ming",3,12,14662.5,958.3333333333334,18800,20150,16,16,16,{16}
2019-06-30,NLRTM,Rotterdam,BEANR,Antwerp,6,6,"APL; CMA CGM; COSCO; Hapag-Lloyd; Maersk Line; MSC; ONE; OOCL; Seago Line; SeaLand; WEC Lines; ZIM",12,35,31150.972222222223,4137,868,12119,0,1,1,"{1,1,0,1,1,0}"
2019-06-30,NLRTM,Rotterdam,BEZEE,Zeebrugge,1,1,"APL; CMA CGM; COSCO; Evergreen Line; OOCL",5,10,11671.2,952,9400,14566,1,1,1,{1}
2019-06-30,NLRTM,Rotterdam,CNSHA,Shanghai,1,1,"APL; CMA CGM; COSCO; Evergreen Line; OOCL",5,11,19870.545454545452,996.7272727272727,19150,20988,26,26,26,{26}
2019-06-30,NLRTM,Rotterdam,CWWIL,Willemstad,1,1,"Hapag-Lloyd; StreamLines",2,5,2507.4,527.2,2339,2556,10,10,10,{10}
2019-06-30,NLRTM,Rotterdam,DEBRV,Bremerhaven,10,10,"Alianca; ANL; APL; Borchard Lines Ltd; CMA CGM; COSCO; Eimskip; Evergreen Line; Hamburg Sud; Hyundai; Maersk Line; MCC; MSC; OOCL; Safmarine; Seago Line; SeaLand; Turkon; ZIM",19,68,75092.96602564101,6060.433333333333,1457,20568,0,1,2,"{1,1,0,1,1,2,1,2,0,2}"
2019-06-30,NLRTM,Rotterdam,DEHAM,Hamburg,20,19,"ACL-Atlantic Container Line; APL; CMA CGM; COSCO; DAL-Deutsche Afrika Linien; Evergreen Line; Hamburg Sud; Hapag-Lloyd; Hyundai; MacAndrews; Maersk Line; MCC; MSC; ONE; OOCL; Safmarine; SCI-Shipping Corp. of India; Sea Connect; Seago Line; Stinnes; StreamLines; Unifeeder; Yang Ming; ZIM",24,149,155667.56136363634,11471.570454545456,660,20988,0,1,2,"{1,0,0,1,1,1,1,2,1,0,1,1,2,1,1,1,1,2,1,2}"
2019-06-30,NLRTM,Rotterdam,ESALG,Algeciras,2,2,"Alianca; DAL-Deutsche Afrika Linien; Hamburg Sud; Hyundai; Maersk Line; Marguisa; MCC; MSC; ONE; Safmarine; Seago Line",11,20,25157.166666666668,2093.6666666666665,6350,20568,4,4.5,5,"{4,5}"
2019-06-30,NLRTM,Rotterdam,ESBIO,Bilbao,1,1,"MacAndrews; Samskip",2,2,777,185,750,804,1,1,1,{1}
2019-06-30,NLRTM,Rotterdam,ESVLC,Valencia,1,1,"MSC; WEC Lines",2,5,8355.8,680,6969,8814,5,5,5,{5}
2019-06-30,NLRTM,Rotterdam,FIHEL,Helsinki,1,1,"Containerships; MacAndrews",2,3,924,125.66666666666667,850,966,3,3,3,{3}
2019-06-30,NLRTM,Rotterdam,FRDKK,Dunkirk,2,2,"ANL; APL; CMA CGM; COSCO; Evergreen Line; Marfret; OOCL; X-Press",8,15,4118.2692307692305,891.1538461538462,1600,2826,1,1,1,"{1,1}"
2019-06-30,NLRTM,Rotterdam,FRLEH,"Le Havre",1,1,"ANL; CMA CGM; Marfret",3,6,1999.1666666666667,428.3333333333333,1678,2339,2,2,2,{2}
2019-06-30,NLRTM,Rotterdam,GBBEL,Belfast,2,2,"BG Freight Line; Eucon; Hapag-Lloyd",3,5,1808,433,804,1004,2,3,4,"{2,4}"
2019-06-30,NLRTM,Rotterdam,GBFXT,Felixstowe,4,4,"Alianca; APL; BG Freight Line; CMA CGM; COSCO; Evergreen Line; Hamburg Sud; Hapag-Lloyd; Hyundai; Maersk Line; MCC; MSC; OOCL; Safmarine; Seago Line; Unifeeder",16,27,37191.28787878788,1810.1666666666665,822,20568,1,1,2,"{1,1,2,1}"
2019-06-30,NLRTM,Rotterdam,GBHUL,Hull,1,1,Samskip,1,1,803,180,803,803,1,1,1,{1}
2019-06-30,NLRTM,Rotterdam,GBIMM,Immingham,3,3,"BG Freight Line; CMA CGM; Eimskip; Hapag-Lloyd; OOCL; Seago Line; Unifeeder",7,6,2331.6666666666665,458,508,972,1,1,2,"{1,2,1}"
2019-06-30,NLRTM,Rotterdam,GBLGP,"London Gateway",7,7,"Alianca; ANL; CMA CGM; CNC Line-Cheng Lie Navigation Co. Ltd.; COSCO; DAL-Deutsche Afrika Linien; Hamburg Sud; Hapag-Lloyd; Maersk Line; Marguisa; MSC; ONE; Safmarine; Seago Line",14,62,49163.25,7706.861111111111,2260,10926,0,1,1,"{0,0,1,1,1,1,1}"
2019-06-30,NLRTM,Rotterdam,GBSOU,Southampton,1,1,"APL; CMA CGM; COSCO; Evergreen Line; OOCL",5,12,13605.333333333334,1067.5,1380,20600,1,1,1,{1}
2019-06-30,NLRTM,Rotterdam,GBTIL,Tilbury,3,2,"CMA CGM; DAL-Deutsche Afrika Linien; MacAndrews; Samskip",4,5,2477,593,803,877,1,1,1,"{1,1,1}"
2019-06-30,NLRTM,Rotterdam,IEDUB,Dublin,7,7,"ANL; BG Freight Line; CMA CGM; COSCO; Eucon; Evergreen Line; Hapag-Lloyd; OOCL; Samskip; X-Press; Yang Ming",11,10,6291,1337,803,1004,1,2,2,"{1,2,2,2,2,1,1}"
2019-06-30,NLRTM,Rotterdam,IEORK,Cork,2,2,"APL; BG Freight Line; CMA CGM; COSCO; Eucon; Hapag-Lloyd; OOCL; X-Press",8,5,1662,353,658,1004,2,2.5,3,"{2,3}"
2019-06-30,NLRTM,Rotterdam,LKCMB,Colombo,1,1,"APL; CMA CGM; COSCO; Evergreen Line; OOCL",5,11,17229.454545454544,734,13900,20150,18,18,18,{18}
2019-06-30,NLRTM,Rotterdam,LTKLJ,"Klaipeda
",3,3,"CMA CGM; Containerships; Evergreen Line; Hapag-Lloyd; MacAndrews; OOCL; Sea Connect; Unifeeder; X-Press",9,11,2095.714285714286,370.23809523809524,173,1093,2,3,4,"{4,3,2}"
2019-06-30,NLRTM,Rotterdam,LVRIX,Riga,1,1,"CMA CGM; Evergreen Line; Hapag-Lloyd; OOCL; Unifeeder; X-Press",6,7,998.7142857142857,244.57142857142858,877,1093,3,3,3,{3}
2019-06-30,NLRTM,Rotterdam,MYPKG,"Port Klang",1,1,"APL; CMA CGM; COSCO; Evergreen Line; OOCL",5,10,11177.8,676.6,13806,14424,22,22,22,{22}
2019-06-30,NLRTM,Rotterdam,MYTPP,"Tanjung Pelepas",1,1,"Hamburg Sud; Hyundai; Maersk Line; MCC; MSC; Safmarine; Seago Line",7,13,18656.153846153848,857.2307692307693,18270,20568,20,20,20,{20}
2019-06-30,NLRTM,Rotterdam,NLVLI,Flushing,2,2,"CMA CGM; Evergreen Line; Hapag-Lloyd; OOCL; Unifeeder; X-Press",6,8,1748.7142857142858,414.57142857142856,750,1093,1,1,1,"{1,1}"
2019-06-30,NLRTM,Rotterdam,NOMSS,Moss,1,1,"CMA CGM; COSCO; Evergreen Line; Hapag-Lloyd; Unifeeder",5,1,809,150,809,809,2,2,2,{2}
2019-06-30,NLRTM,Rotterdam,NOOSL,Oslo,2,2,"CMA CGM; COSCO; Evergreen Line; Hapag-Lloyd; Samskip; Unifeeder",6,2,1722,360,750,972,2,2.5,3,"{3,2}"
2019-06-30,NLRTM,Rotterdam,PTLEI,Leixoes,1,1,"Hapag-Lloyd; MSC; WEC Lines",3,2,1008,150,1008,1008,3,3,3,{3}
2019-06-30,NLRTM,Rotterdam,PTLIS,Lisbon,1,1,"CMA CGM; COSCO; Evergreen Line; OOCL; Samskip; X-Press",6,2,1060,250,1036,1084,3,3,3,{3}
2019-06-30,NLRTM,Rotterdam,PTSET,Setubal,1,1,"CMA CGM; MacAndrews",2,3,983,243.66666666666666,877,1036,4,4,4,{4}
2019-06-30,NLRTM,Rotterdam,RULED,"St Petersburg",9,9,"ANL; CMA CGM; Containerships; COSCO; Evergreen Line; FESCO; Hapag-Lloyd; MacAndrews; MSC; ONE; OOCL; SCA Logistics; Seago Line; Unifeeder; X-Press; Yang Ming",16,19,17148.833333333336,2451.5,803,3596,3,4,6,"{3,4,4,4,6,4,4,6,3}"
2019-06-30,NLRTM,Rotterdam,SAJED,Jeddah,1,1,"Alianca; Hamburg Sud; Maersk Line; Safmarine; Seago Line",5,8,10195.25,1056.25,9962,10500,12,12,12,{12}
2019-06-30,NLRTM,Rotterdam,SAKAC,"King Abdullah City",1,1,"MSC; SCI-Shipping Corp. of India",2,8,11879.5,781.875,4814,13102,10,10,10,{10}
2019-06-30,NLRTM,Rotterdam,SEGOT,Gothenburg,2,2,"CMA CGM; COSCO; Evergreen Line; Hapag-Lloyd; OOCL; Unifeeder; X-Press",7,2,2025,350,809,1216,2,2,2,"{2,2}"
2019-06-30,NLRTM,Rotterdam,SEMMA,Malmo,1,1,"MacAndrews; Samskip",2,3,787.3333333333334,143.33333333333334,750,809,3,3,3,{3}
2019-06-30,NLRTM,Rotterdam,USBOS,"Boston MA",1,1,MSC,1,7,4112,1300,4112,4112,8,8,8,{8}
2019-06-30,NLVLI,Flushing,FIHEL,Helsinki,1,1,"CMA CGM; Evergreen Line; Hapag-Lloyd; OOCL; Unifeeder; X-Press",6,7,998.7142857142857,244.57142857142858,877,1093,4,4,4,{4}
2019-06-30,NLVLI,Flushing,FRDKK,Dunkirk,1,1,"ANL; APL; CMA CGM; COSCO; NileDutch",5,6,3781,566.6666666666666,3650,4043,1,1,1,{1}
2019-06-30,NLVLI,Flushing,NLRTM,Rotterdam,2,2,"Eimskip; Hapag-Lloyd; StreamLines",3,7,3382.4,757.2,875,2556,2,2,2,"{2,2}"
2019-06-30,NLVLI,Flushing,NOOSL,Oslo,1,1,"CMA CGM; Evergreen Line; Hapag-Lloyd; Unifeeder",4,1,750,170,750,750,2,2,2,{2}
2019-06-30,NOAES,Aalesund,DEBRV,Bremerhaven,1,1,"Seago Line",1,1,957,252,957,957,2,2,2,{2}
2019-06-30,NOBGO,Bergen,NOFUS,Fusa,1,1,"Seago Line",1,1,957,252,957,957,0,0,0,{0}
2019-06-30,NOBVK,Brevik,NLRTM,Rotterdam,1,1,"CMA CGM; COSCO; Evergreen Line; Hapag-Lloyd; Samskip; Unifeeder",6,1,972,170,972,972,3,3,3,{3}
2019-06-30,NOBVK,Brevik,NOFRK,Fredrikstad,1,1,"CMA CGM; COSCO; Evergreen Line; Hapag-Lloyd; Samskip; Unifeeder",6,1,750,190,750,750,1,1,1,{1}
2019-06-30,NODRM,Drammen,NOLAR,"Larvik ",1,1,"CMA CGM; COSCO; Evergreen Line; Hapag-Lloyd; Unifeeder",5,1,809,150,809,809,0,0,0,{0}
2019-06-30,NOFRK,Fredrikstad,DKAAR,Aarhus,1,1,Eimskip,1,2,877,231,877,877,1,1,1,{1}
2019-06-30,NOFRK,Fredrikstad,NLRTM,Rotterdam,1,1,"CMA CGM; COSCO; Evergreen Line; Hapag-Lloyd; Samskip; Unifeeder",6,1,750,190,750,750,1,1,1,{1}
2019-06-30,NOFRK,Fredrikstad,NOOSL,Oslo,1,1,"ANL; CMA CGM; Evergreen Line; Hapag-Lloyd; Seago Line; Unifeeder",6,1,1036,250,1036,1036,1,1,1,{1}
2019-06-30,NOFUS,Fusa,NOMAY,Maaloey,1,1,"Seago Line",1,1,957,252,957,957,1,1,1,{1}
2019-06-30,NOKRS,Kristiansand,BEANR,Antwerp,1,1,"MSC; WEC Lines",2,1,1304,258,1304,1304,2,2,2,{2}
2019-06-30,NOKRS,Kristiansand,NLRTM,Rotterdam,1,1,"CMA CGM; COSCO; Evergreen Line; Hapag-Lloyd; Unifeeder",5,1,809,150,809,809,2,2,2,{2}
2019-06-30,NOKRS,Kristiansand,NOSVG,Stavanger,1,1,"Seago Line",1,1,957,252,957,957,1,1,1,{1}
2019-06-30,NOLAR,"Larvik ",NOKRS,Kristiansand,2,2,"CMA CGM; COSCO; Evergreen Line; Hapag-Lloyd; MSC; Unifeeder; WEC Lines",7,2,2113,408,809,1304,1,1,1,"{1,1}"
2019-06-30,NOLAR,"Larvik ",NOMSS,Moss,1,1,"Seago Line; Unifeeder",2,1,1083,220,1083,1083,0,0,0,{0}
2019-06-30,NOMAY,Maaloey,NOAES,Aalesund,1,1,"Seago Line",1,1,957,252,957,957,0,0,0,{0}
2019-06-30,NOMSS,Moss,DEHAM,Hamburg,1,1,"Seago Line; Unifeeder",2,1,1083,220,1083,1083,1,1,1,{1}
2019-06-30,NOMSS,Moss,NODRM,Drammen,1,1,"CMA CGM; COSCO; Evergreen Line; Hapag-Lloyd; Unifeeder",5,1,809,150,809,809,1,1,1,{1}
2019-06-30,NOMSS,Moss,NOOSL,Oslo,1,1,"Seago Line; Unifeeder",2,1,1083,220,1083,1083,0,0,0,{0}
2019-06-30,NOOSL,Oslo,DEBRV,Bremerhaven,1,1,"ANL; CMA CGM; Evergreen Line; Hapag-Lloyd; Seago Line; Unifeeder",6,1,1036,250,1036,1036,2,2,2,{2}
2019-06-30,NOOSL,Oslo,DELBC,Lubeck,1,1,"Containerships; MacAndrews",2,1,326,40,326,326,2,2,2,{2}
2019-06-30,NOOSL,Oslo,DKAAR,Aarhus,1,1,"Containerships; MacAndrews",2,1,658,102,658,658,1,1,1,{1}
2019-06-30,NOOSL,Oslo,NOBVK,Brevik,2,2,"CMA CGM; COSCO; Evergreen Line; Hapag-Lloyd; Samskip; Unifeeder",6,2,1722,360,750,972,1,1,1,"{1,1}"
2019-06-30,NOOSL,Oslo,NOLAR,"Larvik ",2,2,"MSC; Seago Line; Unifeeder; WEC Lines",4,2,2387,478,1083,1304,0,0.5,1,"{0,1}"
2019-06-30,NOOSL,Oslo,SEGOT,Gothenburg,1,1,Hapag-Lloyd,1,1,1036,250,1036,1036,1,1,1,{1}
2019-06-30,NOOSL,Oslo,SEHEL,Helsingborg,1,1,"CMA CGM; Evergreen Line; Hapag-Lloyd; Unifeeder",4,1,750,170,750,750,1,1,1,{1}
2019-06-30,NOSVG,Stavanger,NOBGO,Bergen,1,1,"Seago Line",1,1,957,252,957,957,1,1,1,{1}
2019-06-30,NZAKL,Auckland,AUBNE,Brisbane,1,1,MSC,1,6,2762.3333333333335,428.6666666666667,3108,3534,3,3,3,{3}
2019-06-30,NZAKL,Auckland,AUSYD,Sydney,1,1,"Alianca; ANL; CMA CGM; Hamburg Sud; Hapag-Lloyd; Maersk Line; MSC; PDL-Pacific Direct Line; PIL",9,8,4213,453,3765,4890,3,3,3,{3}
2019-06-30,NZAKL,Auckland,NCNOU,Noumea,3,3,"ANL; CMA CGM; Maersk Line; PDL-Pacific Direct Line; PIL; Sofrana ANL",6,3,11704.714285714286,1697.1428571428573,777,1049,3,4,4,"{3,4,4}"
2019-06-30,NZAKL,Auckland,NZLYT,Lyttelton,4,4,"Alianca; ANL; APL; CMA CGM; COSCO; Hamburg Sud; Maersk Line; MCC; NPL-Neptune Pacific Line; ONE; OOCL; PDL-Pacific Direct Line; PIL; Sofrana ANL",14,17,12629.000000000002,1758.4999999999998,1730,5067,1,2,2,"{2,1,2,2}"
2019-06-30,NZAKL,Auckland,NZPOE,"Port Chalmers",1,1,"ANL; APL; CMA CGM; COSCO; Hapag-Lloyd; OOCL; PDL-Pacific Direct Line; PIL",8,7,4358,457.14285714285717,4250,4583,3,3,3,{3}
2019-06-30,NZAKL,Auckland,NZTRG,Tauranga,1,1,"Alianca; Hamburg Sud; Hapag-Lloyd; Maersk Line; MSC; SeaLand",6,11,3150.4545454545455,630.9090909090909,3000,3752,0,0,0,{0}
2019-06-30,NZAKL,Auckland,NZWLG,Wellington,1,1,MSC,1,6,2762.3333333333335,428.6666666666667,3108,3534,2,2,2,{2}
2019-06-30,NZAKL,Auckland,PFPPT,"Papeete, Tahiti",1,1,"PDL-Pacific Direct Line; Swire Shipping",2,1,2073.1428571428573,228.57142857142858,907,907,6,6,6,{6}
2019-06-30,NZAKL,Auckland,TOTBU,Nuku'alofa,1,1,"ANL; PDL-Pacific Direct Line; PIL; Sofrana ANL",4,1,1814,200,907,907,4,4,4,{4}
2019-06-30,NZBLU,Bluff,NZPOE,"Port Chalmers",1,1,MSC,1,6,2917.6666666666665,400,3398,3674,0,0,0,{0}
2019-06-30,NZLYT,Lyttelton,FJSUV,Suva,1,1,"ANL; CMA CGM; NPL-Neptune Pacific Line; PDL-Pacific Direct Line; Sofrana ANL",5,2,1730,225,1730,1730,2,2,2,{2}
2019-06-30,NZLYT,Lyttelton,NZNPE,Napier,2,2,"Alianca; ANL; APL; CMA CGM; COSCO; Hamburg Sud; Hapag-Lloyd; Maersk Line; MCC; ONE; OOCL; PDL-Pacific Direct Line; PIL",13,13,8713,1112.642857142857,4154,4583,1,1,1,"{1,1}"
2019-06-30,NZLYT,Lyttelton,NZNSN,Nelson,1,1,"ANL; CMA CGM",2,3,1758.3333333333333,306.3333333333333,1740,1795,2,2,2,{2}
2019-06-30,NZLYT,Lyttelton,NZPOE,"Port Chalmers",1,1,"Maersk Line; ONE; Safmarine",3,6,5905,1365,5905,5905,0,0,0,{0}
2019-06-30,NZLYT,Lyttelton,NZTRG,Tauranga,1,1,MSC,1,6,2917.6666666666665,400,3398,3674,3,3,3,{3}
2019-06-30,NZLYT,Lyttelton,NZWLG,Wellington,1,1,"ANL; APL; CMA CGM; COSCO; OOCL; PIL",6,6,4785.666666666667,571.6666666666666,4335,5067,1,1,1,{1}
2019-06-30,NZMAP,"Marsden Point",NZAKL,Auckland,1,1,MSC,1,6,2762.3333333333335,428.6666666666667,3108,3534,2,2,2,{2}
2019-06-30,NZNPE,Napier,NZAKL,Auckland,1,1,"Alianca; Hamburg Sud; Hapag-Lloyd; Maersk Line; MSC; SeaLand",6,11,3150.4545454545455,630.9090909090909,3000,3752,1,1,1,{1}
2019-06-30,NZNPE,Napier,NZLYT,Lyttelton,1,1,"Maersk Line; ONE; Safmarine",3,6,5905,1365,5905,5905,1,1,1,{1}
2019-06-30,NZNPE,Napier,NZTRG,Tauranga,3,3,"Alianca; ANL; APL; CMA CGM; COSCO; Hamburg Sud; Hapag-Lloyd; Maersk Line; MCC; ONE; OOCL; PDL-Pacific Direct Line; PIL",13,19,13498.666666666668,1684.3095238095236,4154,5067,0,0,1,"{0,0,1}"
2019-06-30,NZNSN,Nelson,MYTPP,"Tanjung Pelepas",1,1,MSC,1,6,2917.6666666666665,400,3398,3674,8,8,8,{8}
2019-06-30,NZNSN,Nelson,NZTRG,Tauranga,2,2,"ANL; APL; CMA CGM; Marfret; MSC",5,19,5221.102564102564,962.8205128205129,2250,3534,1,1.5,2,"{1,2}"
2019-06-30,NZNSN,Nelson,NZWLG,Wellington,1,1,"ANL; CMA CGM",2,3,1758.3333333333333,306.3333333333333,1740,1795,0,0,0,{0}
2019-06-30,NZPOE,"Port Chalmers",MYTPP,"Tanjung Pelepas",1,1,"Maersk Line; ONE; Safmarine",3,6,5905,1365,5905,5905,14,14,14,{14}
2019-06-30,NZPOE,"Port Chalmers",NZLYT,Lyttelton,2,2,"ANL; APL; CMA CGM; COSCO; Hapag-Lloyd; MSC; OOCL; PDL-Pacific Direct Line; PIL",9,13,7275.666666666666,857.1428571428571,3398,4583,1,1,1,"{1,1}"
2019-06-30,NZPOE,"Port Chalmers",NZNPE,Napier,1,1,"Alianca; Hamburg Sud; Hapag-Lloyd; Maersk Line; MSC; SeaLand",6,11,3150.4545454545455,630.9090909090909,3000,3752,2,2,2,{2}
2019-06-30,NZTIU,Timaru,NZPOE,"Port Chalmers",1,1,"Alianca; Hamburg Sud; Hapag-Lloyd; Maersk Line; MSC; SeaLand",6,11,3150.4545454545455,630.9090909090909,3000,3752,0,0,0,{0}
2019-06-30,NZTRG,Tauranga,AUBNE,Brisbane,1,1,"ANL; APL; CMA CGM; COSCO; OOCL; PIL",6,6,4785.666666666667,571.6666666666666,4335,5067,4,4,4,{4}
2019-06-30,NZTRG,Tauranga,AUSYD,Sydney,2,2,"Alianca; ANL; CMA CGM; Hamburg Sud; Hapag-Lloyd; Maersk Line; MSC; SeaLand",8,14,4908.787878787879,937.2424242424242,1740,3752,3,3,3,"{3,3}"
2019-06-30,NZTRG,Tauranga,CLVAP,Valparaiso,1,1,"Alianca; Hamburg Sud; Maersk Line; MCC; SeaLand",5,10,3486.4,663.4,4154,4662,12,12,12,{12}
2019-06-30,NZTRG,Tauranga,HKHKG,"Hong Kong",1,1,"ANL; APL; CMA CGM; COSCO; Hapag-Lloyd; OOCL; PDL-Pacific Direct Line; PIL",8,7,4358,457.14285714285717,4250,4583,14,14,14,{14}
2019-06-30,NZTRG,Tauranga,JPTYO,Tokyo,1,1,"Alianca; COSCO; Hamburg Sud; Maersk Line; MCC; ONE",6,6,4355,655.5,4154,4544,11,11,11,{11}
2019-06-30,NZTRG,Tauranga,NZAKL,Auckland,4,4,"ANL; CMA CGM; Maersk Line; NPL-Neptune Pacific Line; PDL-Pacific Direct Line; PIL; Sofrana ANL",7,5,13434.714285714286,1922.1428571428573,777,1730,1,2,2,"{2,2,2,1}"
2019-06-30,NZTRG,Tauranga,NZMAP,"Marsden Point",1,1,MSC,1,6,2762.3333333333335,428.6666666666667,3108,3534,0,0,0,{0}
2019-06-30,NZTRG,Tauranga,NZNPE,Napier,1,1,"Maersk Line; ONE; Safmarine",3,6,5905,1365,5905,5905,2,2,2,{2}
2019-06-30,NZTRG,Tauranga,NZNSN,Nelson,1,1,MSC,1,6,2917.6666666666665,400,3398,3674,4,4,4,{4}
2019-06-30,NZTRG,Tauranga,PAMIT,Manzanillo,2,2,"Alianca; ANL; APL; CMA CGM; Hamburg Sud; Hapag-Lloyd; Maersk Line; Marfret; MSC; SeaLand",10,24,5609.223776223776,1165.0629370629372,2250,3752,16,16.5,17,"{16,17}"
2019-06-30,NZTRG,Tauranga,PFPPT,"Papeete, Tahiti",1,1,"Alianca; ANL; CMA CGM; Hamburg Sud; Hapag-Lloyd; Maersk Line; MSC; PDL-Pacific Direct Line; PIL",9,8,4213,453,3765,4890,2,2,2,{2}
2019-06-30,NZTRG,Tauranga,TWKHH,Kaohsiung,1,1,"Alianca; Hamburg Sud; Maersk Line; MCC; SeaLand",5,21,9068.57142857143,782,8160,9640,12,12,12,{12}
2019-06-30,NZWLG,Wellington,NZNPE,Napier,1,1,"ANL; APL; CMA CGM; COSCO; OOCL; PIL",6,6,4785.666666666667,571.6666666666666,4335,5067,1,1,1,{1}
2019-06-30,NZWLG,Wellington,NZNSN,Nelson,1,1,MSC,1,6,2762.3333333333335,428.6666666666667,3108,3534,1,1,1,{1}
2019-06-30,NZWLG,Wellington,NZTRG,Tauranga,1,1,"ANL; CMA CGM",2,3,1758.3333333333333,306.3333333333333,1740,1795,1,1,1,{1}
2019-06-30,OMSLL,Salalah,AEAUH,"Abu Dhabi",2,2,"Alianca; Hamburg Sud; Hyundai; Maersk Line; MCC; MSC; Safmarine",7,17,17269.3,1436.6666666666665,3426,14036,3,3,3,"{3,3}"
2019-06-30,OMSLL,Salalah,AEJEA,"Dubai, Jebel Ali",4,4,"APL; CMA CGM; COSCO; Hamburg Sud; Hyundai; Maersk Line; MCC; MSC; OOCL; Safmarine; Seago Line; ZIM",12,37,37548.454545454544,3209.904761904762,4392,17816,2,2.5,3,"{2,3,3,2}"
2019-06-30,OMSLL,Salalah,CNNSA,Nansha,1,1,"Hamburg Sud; Hyundai; Maersk Line; MCC; MSC; Safmarine; Seago Line",7,16,13233.625,862.5,13050,14000,11,11,11,{11}
2019-06-30,OMSLL,Salalah,DJJIB,Djibouti,1,1,"Maersk Line; Safmarine",2,5,3478.8,520,3426,3534,3,3,3,{3}
2019-06-30,OMSLL,Salalah,EGPSD,"Port Said",1,1,"Maersk Line; Safmarine",2,8,6804,820.5,6690,7154,5,5,5,{5}
2019-06-30,OMSLL,Salalah,ESALG,Algeciras,1,1,"APL; Maersk Line; Safmarine",3,11,6337.454545454545,500,6188,6696,8,8,8,{8}
2019-06-30,OMSLL,Salalah,INPAV,Pipavav,1,1,"Maersk Line; Safmarine",2,4,4073,625,3635,4504,6,6,6,{6}
2019-06-30,OMSLL,Salalah,KEMBA,Mombasa,1,1,"Maersk Line; Safmarine",2,4,4073,625,3635,4504,6,6,6,{6}
2019-06-30,OMSLL,Salalah,LKCMB,Colombo,2,2,"Alianca; Hamburg Sud; Hyundai; Maersk Line; MCC; MSC; Safmarine; ZIM",8,14,14545.242424242424,1067.5151515151515,4771,11078,4,5.5,7,"{4,7}"
2019-06-30,OMSLL,Salalah,PKBQM,"Port Qasim",1,1,"Maersk Line; Safmarine",2,6,2574.3333333333335,431.5,2450,2826,5,5,5,{5}
2019-06-30,OMSLL,Salalah,QAHMD,Hamad,1,1,"Maersk Line; Safmarine",2,8,6804,820.5,6690,7154,2,2,2,{2}
2019-06-30,OMSLL,Salalah,REREU,Reunion,1,1,"Maersk Line; Safmarine",2,4,2502,491.75,2456,2546,6,6,6,{6}
2019-06-30,OMSLL,Salalah,SAJED,Jeddah,2,2,"Alianca; Hamburg Sud; Maersk Line; Safmarine; Seago Line",5,15,17232.107142857145,1632.8214285714284,6478,10500,3,3.5,4,"{4,3}"
2019-06-30,OMSLL,Salalah,SGSIN,Singapore,1,1,"Alianca; Hamburg Sud; Maersk Line; MCC; MSC; Safmarine; ZIM",7,11,14930.363636363636,1000,13200,15226,9,9,9,{9}
2019-06-30,OMSLL,Salalah,TZDAR,"Dar es Salaam",1,1,"Maersk Line; Safmarine",2,6,2574.3333333333335,431.5,2450,2826,12,12,12,{12}
2019-06-30,OMSLL,Salalah,USNYC,"New York NY/NJ",1,1,"Hyundai; Maersk Line; MSC; Safmarine; ZIM",5,11,7061.909090909091,709.4545454545454,6418,8110,18,18,18,{18}
2019-06-30,OMSOH,Sohar,AEJEA,"Dubai, Jebel Ali",2,2,"ANL; APL; CMA CGM; COSCO; Evergreen Line; Hapag-Lloyd; OOCL; PIL",8,18,13444.214285714286,1150,3534,11388,1,1,1,"{1,1}"
2019-06-30,OMSOH,Sohar,MYPKG,"Port Klang",2,2,"APL; Emirates Shipping; Gold Star Line; Hapag-Lloyd; Hyundai; KMTC; Maersk Line; MCC; ONE; RCL; Safmarine; Sea Lead; SM Line",13,16,18978.125,1722.875,5301,13100,10,10.5,11,"{10,11}"
2019-06-30,OMSOH,Sohar,PKKHI,Karachi,1,1,Hapag-Lloyd,1,4,3547,500,3534,3586,3,3,3,{3}
2019-06-30,PABLB,Balboa,COBUN,Buenaventura,3,2,"Alianca; COSCO; Evergreen Line; Hamburg Sud; Maersk Line; MCC; OOCL; SeaLand",8,44,22054.14285714286,2283,1795,9640,1,2,3,"{1,3,2}"
2019-06-30,PABLB,Balboa,COCTG,Cartagena,1,1,"CMA CGM; Hapag-Lloyd; ONE; Yang Ming",4,11,4902,340.3636363636364,4738,5014,3,3,3,{3}
2019-06-30,PABLB,Balboa,CRCAL,"Puerto Caldera",1,1,"Alianca; ANL; APL; CMA CGM; Hamburg Sud; Maersk Line; Safmarine; SeaLand",8,5,2546,600,2546,2546,1,1,1,{1}
2019-06-30,PABLB,Balboa,ECESM,Esmeraldas,1,1,"Maersk Line; SeaLand",2,3,2426.6666666666665,480,2339,2602,1,1,1,{1}
2019-06-30,PABLB,Balboa,ECGYE,Guayaquil,2,2,"APL; Maersk Line; ONE; Seago Line; SeaLand; X-Press",6,10,3842.75,1013,1180,2592,3,3,3,"{3,3}"
2019-06-30,PABLB,Balboa,JPTYO,Tokyo,1,1,"Hapag-Lloyd; ONE; Yang Ming",3,10,6720.2,500,6700,6734,19,19,19,{19}
2019-06-30,PABLB,Balboa,JPYOK,Yokohama,1,1,"Alianca; Hamburg Sud; Maersk Line; MCC; SeaLand",5,10,3486.4,663.4,4154,4662,20,20,20,{20}
2019-06-30,PABLB,Balboa,KRPUS,Busan,2,2,"Hapag-Lloyd; Maersk Line; MCC; MSC; ONE; SeaLand; Yang Ming",7,21,14224.527272727273,1197.9636363636364,6400,8930,21,23,25,"{25,21}"
2019-06-30,PABLB,Balboa,MXZLO,"Manzanillo, MEX",1,1,"Alianca; Hamburg Sud; Maersk Line; MCC; SeaLand",5,21,9068.57142857143,782,8160,9640,4,4,4,{4}
2019-06-30,PABLB,Balboa,NICIO,Corinto,1,1,"Alianca; APL; CMA CGM; Hamburg Sud; Maersk Line; SeaLand",6,4,1819,467,1819,1819,2,2,2,{2}
2019-06-30,PABLB,Balboa,NZTRG,Tauranga,1,1,"Alianca; Hamburg Sud; Hapag-Lloyd; Maersk Line; MSC; SeaLand",6,11,3150.4545454545455,630.9090909090909,3000,3752,20,20,20,{20}
2019-06-30,PABLB,Balboa,PAMIT,Manzanillo,3,3,"Alianca; ANL; APL; CMA CGM; COSCO; Hamburg Sud; Hapag-Lloyd; Maersk Line; MCC; Safmarine; SeaLand",11,31,16908.348484848484,2857.9166666666665,3075,11040,0,1,1,"{0,1,1}"
2019-06-30,PABLB,Balboa,PECLL,Callao,1,1,"Hamburg Sud; Hapag-Lloyd; Maersk Line; Safmarine",4,8,4151.75,1104.25,4045,4258,3,3,3,{3}
2019-06-30,PABLB,Balboa,PEPAI,Paita,1,1,"Alianca; ANL; APL; CMA CGM; Hamburg Sud; Maersk Line; Safmarine; SeaLand",8,5,2546,600,2546,2546,2,2,2,{2}
2019-06-30,PABLB,Balboa,USLAX,"Los Angeles CA",1,1,"CMA CGM; Hapag-Lloyd; ONE; Yang Ming",4,11,4902,340.3636363636364,4738,5014,7,7,7,{7}
2019-06-30,PACTB,Cristobal,BSFPO,Freeport,2,2,"MSC; ZIM",2,11,8457.416666666666,964.1666666666667,2520,6750,2,3.5,5,"{5,2}"
2019-06-30,PACTB,Cristobal,COCTG,Cartagena,3,3,"Alianca; Hamburg Sud; Hapag-Lloyd; Maersk Line; MSC; SeaLand; ZIM",7,19,14050.740259740262,2450.909090909091,2506,6730,1,1,1,"{1,1,1}"
2019-06-30,PACTB,Cristobal,COTRB,Turbo,1,1,"Alianca; Hamburg Sud; Maersk Line; SeaLand",4,2,2099,379,1708,2490,1,1,1,{1}
2019-06-30,PACTB,Cristobal,ESBCN,Barcelona,1,1,MSC,1,11,8890.454545454546,835.0909090909091,8073,9403,11,11,11,{11}
2019-06-30,PACTB,Cristobal,HNPCR,"Puerto Cortes",1,1,"Alianca; Hamburg Sud; MSC; SeaLand",4,3,2564.6666666666665,450,2474,2742,2,2,2,{2}
2019-06-30,PACTB,Cristobal,MXVER,Veracruz,1,1,"Alianca; Hamburg Sud; Hapag-Lloyd; Maersk Line; MSC; SeaLand; ZIM",7,7,5888.285714285715,980,5550,6730,3,3,3,{3}
2019-06-30,PACTB,Cristobal,MXZLO,"Manzanillo, MEX",1,1,MSC,1,11,8890.454545454546,835.0909090909091,8073,9403,6,6,6,{6}
2019-06-30,PACTB,Cristobal,NLRTM,Rotterdam,1,1,"Hapag-Lloyd; MSC",2,9,11334.222222222223,1777,11037,12119,18,18,18,{18}
2019-06-30,PACTB,Cristobal,PAMIT,Manzanillo,1,1,"MSC; ONE",2,4,2754.5,439,2468,3534,1,1,1,{1}
2019-06-30,PACTB,Cristobal,PAROD,Rodman,1,1,"Hapag-Lloyd; MSC",2,9,11334.222222222223,1777,11037,12119,0,0,0,{0}
2019-06-30,PACTB,Cristobal,USSAV,"Savannah GA",1,1,"Alianca; Hamburg Sud; Hyundai; Maersk Line; MCC; MSC; Safmarine; ZIM",8,11,8517,712.8181818181819,8073,9200,3,3,3,{3}
2019-06-30,PAMIT,Manzanillo,BRMAO,Manaus,1,1,"Alianca; ANL; CMA CGM; Hamburg Sud; Maersk Line; SeaLand",6,9,3389.1111111111118,422.22222222222223,3091,3534,8,8,8,{8}
2019-06-30,PAMIT,Manzanillo,COBUN,Buenaventura,2,2,"Alianca; ANL; CMA CGM; COSCO; Hamburg Sud; Hapag-Lloyd; Maersk Line; Safmarine; SeaLand",9,20,13448.181818181818,2428.666666666667,3075,10926,2,2,2,"{2,2}"
2019-06-30,PAMIT,Manzanillo,COCTG,Cartagena,5,5,"Alianca; ANL; APL; Caribbean Feeder; CMA CGM; COSCO; Evergreen Line; Hamburg Sud; Hapag-Lloyd; Maersk Line; MCC; MSC; ONE; SeaLand; ZIM",15,31,27017.916666666664,3829.1666666666665,957,11040,0,2,2,"{2,1,0,2,2}"
2019-06-30,PAMIT,Manzanillo,COSMR,"Santa Marta",2,2,"Hamburg Sud; Hapag-Lloyd; Maersk Line; Safmarine; Seago Line; SeaLand",6,16,6734,1704.25,2550,4258,1,1,1,"{1,1}"
2019-06-30,PAMIT,Manzanillo,CRLIO,"Puerto Limon",4,4,"CMA CGM; Crowley; Hapag-Lloyd; King Ocean; Marfret; ONE; Seaboard Marine",7,17,8857.5,1824.8333333333333,1296,2758,1,1,2,"{1,2,1,1}"
2019-06-30,PAMIT,Manzanillo,CRMOB,Moin,3,3,"Alianca; APL; Hamburg Sud; Maersk Line; MSC; Seago Line; SeaLand",7,16,9082,2053.666666666667,2226,3947,0,1,1,"{1,1,0}"
2019-06-30,PAMIT,Manzanillo,DOHAI,"Rio Haina",1,1,"Seaboard Marine",1,3,2354.6666666666665,445.3333333333333,2122,2500,2,2,2,{2}
2019-06-30,PAMIT,Manzanillo,ECGYE,Guayaquil,1,1,"Seaboard Marine",1,3,1296,390,1296,1296,3,3,3,{3}
2019-06-30,PAMIT,Manzanillo,ESMPG,Marin,1,1,"Alianca; Hamburg Sud; Maersk Line",3,6,2490.3333333333335,558.3333333333334,2226,2556,10,10,10,{10}
2019-06-30,PAMIT,Manzanillo,JMKIN,Kingston,1,1,"Caribbean Feeder; Hapag-Lloyd; ZIM",3,1,2236,440,1118,1118,1,1,1,{1}
2019-06-30,PAMIT,Manzanillo,KRPUS,Busan,1,1,"Hapag-Lloyd; ONE; Yang Ming",3,10,9392.2,852.4,8120,10100,21,21,21,{21}
2019-06-30,PAMIT,Manzanillo,MAPTM,Tanger,1,1,"Maersk Line; Safmarine; SeaLand",3,11,3077.1818181818185,802,3075,3078,10,10,10,{10}
2019-06-30,PAMIT,Manzanillo,MXPGO,Progreso,1,1,"Seaboard Marine; ZIM",2,3,1479.3333333333333,286,1304,1732,3,3,3,{3}
2019-06-30,PAMIT,Manzanillo,PABLB,Balboa,5,5,"Hamburg Sud; Hapag-Lloyd; Maersk Line; MCC; MSC; ONE; Safmarine; Seago Line; SeaLand; Yang Ming",10,47,27678.727272727272,3402.2136363636364,2550,8930,1,1,3,"{1,1,1,2,3}"
2019-06-30,PAMIT,Manzanillo,PACTB,Cristobal,3,3,"Alianca; Hamburg Sud; Hapag-Lloyd; Maersk Line; MSC; SeaLand",6,15,10727.121212121212,1920.909090909091,2474,3752,0,1,1,"{0,1,1}"
2019-06-30,PAMIT,Manzanillo,PAONX,Colon,3,3,"Evergreen Line; Maersk Line; MSC; Seaboard Marine; SeaLand",5,8,5001.5,795.25,1550,1835,1,1,1,"{1,1,1}"
2019-06-30,PAMIT,Manzanillo,TTPOS,"Port of Spain",1,1,"MSC; ONE",2,4,2754.5,439,2468,3534,3,3,3,{3}
2019-06-30,PAMIT,Manzanillo,USMIA,"Miami FL",1,1,"Seaboard Marine",1,3,1296,390,1296,1296,3,3,3,{3}
2019-06-30,PAMIT,Manzanillo,USNYC,"New York NY/NJ",1,1,"Hapag-Lloyd; ONE; Yang Ming",3,10,9392.2,852.4,8120,10100,5,5,5,{5}
2019-06-30,PAMIT,Manzanillo,USPEF,"Port Everglades FL",1,1,"Alianca; Hamburg Sud; Hapag-Lloyd; Maersk Line; Safmarine; SeaLand",6,3,3762.6666666666665,803,3421,4115,5,5,5,{5}
2019-06-30,PAMIT,Manzanillo,USSAV,"Savannah GA",3,3,"ANL; APL; CMA CGM; Hapag-Lloyd; Marfret; ONE; Yang Ming",7,33,16772.76923076923,1685.753846153846,2250,8930,4,4,4,"{4,4,4}"
2019-06-30,PAMIT,Manzanillo,VEGUT,Guanta,1,1,"Caribbean Feeder; Hapag-Lloyd; Maersk Line; SeaLand; ZIM",5,1,1424,312,712,712,5,5,5,{5}
2019-06-30,PAMIT,Manzanillo,VELAG,"La Guaira",1,1,"Alianca; Hamburg Sud; Maersk Line; SeaLand",4,2,2099,379,1708,2490,2,2,2,{2}
2019-06-30,PAONX,Colon,CNTAO,Qingdao,1,1,"APL; CMA CGM; COSCO; Evergreen Line; OOCL",5,10,7692.8,854.8,8452,9200,24,24,24,{24}
2019-06-30,PAONX,Colon,COBAQ,Barranquilla,1,1,"Evergreen Line; Maersk Line; Seaboard Marine; SeaLand",4,3,1708,202,1708,1708,1,1,1,{1}
2019-06-30,PAONX,Colon,COCTG,Cartagena,1,1,"Hapag-Lloyd; Maersk Line; X-Press; ZIM",4,2,2614.5,450,2529,2700,2,2,2,{2}
2019-06-30,PAONX,Colon,HNPCR,"Puerto Cortes",1,1,"Evergreen Line; Maersk Line; MSC; SeaLand",4,4,1743.5,395.25,1713,1835,3,3,3,{3}
2019-06-30,PAONX,Colon,JMKIN,Kingston,1,1,"Evergreen Line; Maersk Line",2,1,1550,198,1550,1550,2,2,2,{2}
2019-06-30,PAONX,Colon,PAMIT,Manzanillo,3,3,"APL; Caribbean Feeder; Evergreen Line; Hapag-Lloyd; Maersk Line; MSC; ONE; SeaLand; ZIM",9,5,6094,964.5,957,3649,0,0,1,"{1,0,0}"
2019-06-30,PAONX,Colon,USNYC,"New York NY/NJ",1,1,"APL; CMA CGM; COSCO; Evergreen Line; OOCL",5,11,13218.90909090909,836.3636363636364,13092,13500,5,5,5,{5}
2019-06-30,PAONX,Colon,USSAV,"Savannah GA",2,2,"APL; CMA CGM; COSCO; Evergreen Line; OOCL",5,20,17001.4,1853.6999999999998,8452,14424,4,4.5,5,"{4,5}"
2019-06-30,PAROD,Rodman,COBUN,Buenaventura,3,3,"Hapag-Lloyd; Hyundai; MSC; ONE",4,32,29920.722222222223,3466.818181818182,6200,13102,1,1,1,"{1,1,1}"
2019-06-30,PAROD,Rodman,ECGYE,Guayaquil,1,1,MSC,1,1,2440,800,2440,2440,3,3,3,{3}
2019-06-30,PAROD,Rodman,MXLZC,"Lazaro Cardenas",1,1,"Hapag-Lloyd; Hyundai; MSC; ONE",4,11,6539,809.8181818181819,6200,7241,3,3,3,{3}
2019-06-30,PAROD,Rodman,PACTB,Cristobal,2,2,"Hapag-Lloyd; MSC",2,20,20224.67676767677,2612.090909090909,8073,12119,0,0.5,1,"{0,1}"
2019-06-30,PECLL,Callao,CLARI,Arica,1,1,"CMA CGM",1,1,2694,898,1347,1347,3,3,3,{3}
2019-06-30,PECLL,Callao,CLIQQ,Iquique,2,2,"Alianca; Hamburg Sud; Hapag-Lloyd; Hyundai; Maersk Line; MCC; MSC; ONE; SeaLand",9,32,18754.025974025975,2077.727272727273,8160,11010,2,2,2,"{2,2}"
2019-06-30,PECLL,Callao,CLLQN,Lirquen,1,1,"APL; CMA CGM; COSCO; Evergreen Line; PIL; Wan Hai",6,11,8018.181818181818,683.9090909090909,5618,9572,4,4,4,{4}
2019-06-30,PECLL,Callao,CLMJS,Mejillones,1,1,"Alianca; ANL; CMA CGM; COSCO; Hamburg Sud; Hapag-Lloyd",6,9,10371,1626.6666666666667,9400,10926,2,2,2,{2}
2019-06-30,PECLL,Callao,CLSAI,"San Antonio",4,4,"APL; CMA CGM; COSCO; Evergreen Line; Hamburg Sud; Hapag-Lloyd; Hyundai; Maersk Line; MSC; ONE; PIL; Safmarine; Wan Hai; Yang Ming",14,39,35214.27222222222,4500.85,4045,13102,3,3.5,4,"{3,4,3,4}"
2019-06-30,PECLL,Callao,COBUN,Buenaventura,1,1,"Alianca; ANL; CMA CGM; COSCO; Hamburg Sud; Hapag-Lloyd",6,9,10371,1626.6666666666667,9400,10926,3,3,3,{3}
2019-06-30,PECLL,Callao,ECGYE,Guayaquil,6,6,"Alianca; APL; CMA CGM; COSCO; Evergreen Line; Hamburg Sud; Hapag-Lloyd; Hyundai; King Ocean; MSC; ONE; OOCL; PIL; SeaLand; Wan Hai; Yang Ming",16,43,32050.438636363637,4209.590909090909,601,10622,2,2,4,"{2,2,3,2,4,2}"
2019-06-30,PECLL,Callao,MXZLO,"Manzanillo, MEX",1,1,"Hapag-Lloyd; Hyundai; MSC; ONE",4,12,12047.5,880,9030,13102,6,6,6,{6}
2019-06-30,PECLL,Callao,PABLB,Balboa,2,2,"Alianca; Hamburg Sud; Maersk Line; MCC; SeaLand",5,13,5913.066666666667,1143.4,2339,4662,4,4,4,"{4,4}"
2019-06-30,PECLL,Callao,PAROD,Rodman,1,1,"Hapag-Lloyd; MSC",2,9,11334.222222222223,1777,11037,12119,3,3,3,{3}
2019-06-30,PECLL,Callao,PEMRI,Matarani,2,2,"COSCO; Evergreen Line; Hapag-Lloyd; OOCL; SeaLand",5,3,7381,1319,1732,2122,1,1.5,2,"{1,2}"
2019-06-30,PECLL,Callao,PEPAI,Paita,2,2,"APL; ONE; Seaboard Marine; X-Press",4,5,2556.5,803,1180,1341,1,2,3,"{1,3}"
2019-06-30,PEILQ,Ilo,CLIQQ,Iquique,1,1,"CMA CGM",1,1,2694,898,1347,1347,3,3,3,{3}
2019-06-30,PEILQ,Ilo,ECGYE,Guayaquil,1,1,Hapag-Lloyd,1,1,3464,600,1732,1732,3,3,3,{3}
2019-06-30,PEMRI,Matarani,CLARI,Arica,1,1,"COSCO; Evergreen Line; OOCL; SeaLand",4,2,3917,719,1795,2122,1,1,1,{1}
2019-06-30,PEMRI,Matarani,PEILQ,Ilo,1,1,Hapag-Lloyd,1,1,3464,600,1732,1732,1,1,1,{1}
2019-06-30,PEPAI,Paita,BEANR,Antwerp,1,1,MSC,1,7,4112,1300,4112,4112,15,15,15,{15}
2019-06-30,PEPAI,Paita,ECGYE,Guayaquil,2,2,"APL; ONE; Seaboard Marine; X-Press",4,5,2556.5,803,1180,1341,1,1,1,"{1,1}"
2019-06-30,PEPAI,Paita,PABLB,Balboa,1,1,"Alianca; ANL; APL; CMA CGM; Hamburg Sud; Maersk Line; Safmarine; SeaLand",8,5,2546,600,2546,2546,4,4,4,{4}
2019-06-30,PEPIO,Pisco,PECLL,Callao,1,1,"Maersk Line; SeaLand",2,3,2426.6666666666665,480,2339,2602,1,1,1,{1}
2019-06-30,PFPPT,"Papeete, Tahiti",NCNOU,Noumea,1,1,"ANL; APL; CMA CGM; Marfret",4,13,2458.769230769231,534.1538461538462,2250,2826,8,8,8,{8}
2019-06-30,PFPPT,"Papeete, Tahiti",NZAKL,Auckland,1,1,"PDL-Pacific Direct Line; Swire Shipping",2,1,2073.1428571428573,228.57142857142858,907,907,8,8,8,{8}
2019-06-30,PFPPT,"Papeete, Tahiti",USOAK,"Oakland CA",1,1,"Alianca; ANL; CMA CGM; Hamburg Sud; Hapag-Lloyd; Maersk Line; MSC; PDL-Pacific Direct Line; PIL",9,8,4213,453,3765,4890,11,11,11,{11}
2019-06-30,PFPPT,"Papeete, Tahiti",WSAPW,"Apia, W. Samoa",1,1,"Alianca; Hamburg Sud; Polynesia Line",3,2,2959.285714285714,557.1428571428571,1022,1740,5,5,5,{5}
2019-06-30,PGKIM,Kimbe,PGRAB,Rabaul,1,1,"ANL; CMA CGM",2,1,7457.142857142857,1285.7142857142858,1740,1740,0,0,0,{0}
2019-06-30,PGKIM,Kimbe,SBHIR,Honiara,1,1,"ANL; CMA CGM; Maersk Line; PDL-Pacific Direct Line; Sofrana ANL",5,1,3978.8571428571427,471.42857142857144,844,844,2,2,2,{2}
2019-06-30,PGLAE,Lae,PGKIM,Kimbe,2,2,"ANL; CMA CGM; Maersk Line; PDL-Pacific Direct Line; Sofrana ANL",5,2,11436,1757.1428571428573,844,1740,1,2,3,"{3,1}"
2019-06-30,PGLAE,Lae,PGMAG,Madang,1,1,"Maersk Line",1,2,2550.8571428571427,502.85714285714283,1114,1118,1,1,1,{1}
2019-06-30,PGLAE,Lae,PGPOM,"Port Moresby",2,2,"ANL; CMA CGM; NewPac; Swire Shipping",4,3,14808,1974.2857142857142,1638,2578,2,2,2,"{2,2}"
2019-06-30,PGLAE,Lae,PGRAB,Rabaul,1,1,"CMA CGM; Maersk Line; PDL-Pacific Direct Line; Sofrana ANL",4,1,5394.857142857143,925.7142857142857,1049,1049,3,3,3,{3}
2019-06-30,PGLAE,Lae,SBHIR,Honiara,1,1,"MELL; PDL-Pacific Direct Line; PIL",3,3,2160,400,1080,1080,4,4,4,{4}
2019-06-30,PGMAG,Madang,PGLAE,Lae,1,1,"ANL; CMA CGM",2,1,7488,914.2857142857143,1638,1638,1,1,1,{1}
2019-06-30,PGMAG,Madang,PGWWK,Wewak,1,1,"Maersk Line",1,2,2550.8571428571427,502.85714285714283,1114,1118,1,1,1,{1}
2019-06-30,PGPOM,"Port Moresby",AUTSV,Townsville,2,2,"MELL; NewPac; Swire Shipping",3,5,10930.666666666666,1560,1800,2578,2,2.5,3,"{2,3}"
2019-06-30,PGPOM,"Port Moresby",MYPKG,"Port Klang",2,2,"ANL; CMA CGM",2,2,14945.142857142857,2200,1638,1740,9,10,11,"{11,9}"
2019-06-30,PGPOM,"Port Moresby",PGLAE,Lae,2,2,"ANL; CMA CGM; Maersk Line; PDL-Pacific Direct Line; Sofrana ANL",5,2,9373.714285714286,1397.142857142857,844,1049,3,3.5,4,"{4,3}"
2019-06-30,PGPOM,"Port Moresby",SBNOR,Noro,1,1,"Maersk Line",1,2,2550.8571428571427,502.85714285714283,1114,1118,3,3,3,{3}
2019-06-30,PGRAB,Rabaul,PGPOM,"Port Moresby",1,1,"ANL; CMA CGM",2,1,7457.142857142857,1285.7142857142858,1740,1740,3,3,3,{3}
2019-06-30,PGRAB,Rabaul,SBHIR,Honiara,1,1,"CMA CGM; Maersk Line; PDL-Pacific Direct Line; Sofrana ANL",4,1,5394.857142857143,925.7142857142857,1049,1049,2,2,2,{2}
2019-06-30,PGWWK,Wewak,MYTPP,"Tanjung Pelepas",1,1,"Maersk Line",1,2,2550.8571428571427,502.85714285714283,1114,1118,9,9,9,{9}
2019-06-30,PHBTG,Batangas,CNSHA,Shanghai,1,1,"ANL; CMA CGM; CNC Line-Cheng Lie Navigation Co. Ltd.; KMTC; SITC Shipping",5,4,2720.5,399.5,2700,2741,6,6,6,{6}
2019-06-30,PHBTG,Batangas,HKHKG,"Hong Kong",1,1,COSCO,1,3,4252,368,4250,4253,2,2,2,{2}
2019-06-30,PHBTG,Batangas,PHCEB,Cebu,1,1,"Wan Hai",1,2,1228,75,1088,1368,1,1,1,{1}
2019-06-30,PHBTG,Batangas,PHMNL,Manila,1,1,"Maersk Line; MCC",2,5,4250.6,519.2,4250,4253,2,2,2,{2}
2019-06-30,PHBTG,Batangas,PHSFS,"Subic Bay",1,1,"Evergreen Line",1,1,2586,400,2586,2586,1,1,1,{1}
2019-06-30,PHCEB,Cebu,PHCGY,"Cagayan de Oro",2,2,"APL; Wan Hai",2,4,2693,389,1088,1714,1,1.5,2,"{2,1}"
2019-06-30,PHCEB,Cebu,TWKHH,Kaohsiung,3,3,"COSCO; Evergreen Line; OOCL; SeaLand; X-Press; Yang Ming",6,7,3959.8,730.8,1060,1774,2,2,3,"{2,2,3}"
2019-06-30,PHCEB,Cebu,TWTPE,Taipei,1,1,"Wan Hai",1,2,1228,75,1088,1368,4,4,4,{4}
2019-06-30,PHCGY,"Cagayan de Oro",CNSHA,Shanghai,1,1,MCC,1,7,1718.2857142857142,393.42857142857144,1713,1750,4,4,4,{4}
2019-06-30,PHCGY,"Cagayan de Oro",PHDVO,Davao,1,1,"Wan Hai",1,2,1088,70,1088,1088,3,3,3,{3}
2019-06-30,PHCGY,"Cagayan de Oro",PHGES,"General Santos",1,1,"Evergreen Line",1,2,1734,250,1728,1740,2,2,2,{2}
2019-06-30,PHCGY,"Cagayan de Oro",PHSFS,"Subic Bay",1,1,APL,1,2,1605,319,1496,1714,2,2,2,{2}
2019-06-30,PHDVO,Davao,HKHKG,"Hong Kong",1,1,"Wan Hai",1,2,1088,70,1088,1088,4,4,4,{4}
2019-06-30,PHDVO,Davao,PHCGY,"Cagayan de Oro",1,1,MCC,1,7,1718.2857142857142,393.42857142857144,1713,1750,2,2,2,{2}
2019-06-30,PHDVO,Davao,PHGES,"General Santos",1,1,"SITC Shipping",1,3,2596.6666666666665,426.6666666666667,2524,2742,1,1,1,{1}
2019-06-30,PHDVO,Davao,TWKHH,Kaohsiung,2,2,"APL; COSCO; Evergreen Line; Gold Star Line; Hyundai; MCC; Yang Ming; ZIM",8,6,5985.25,595,1728,4253,3,3.5,4,"{4,3}"
2019-06-30,PHGES,"General Santos",CNSHA,Shanghai,1,1,"SITC Shipping",1,3,2596.6666666666665,426.6666666666667,2524,2742,5,5,5,{5}
2019-06-30,PHGES,"General Santos",PHDVO,Davao,1,1,"Evergreen Line",1,2,1734,250,1728,1740,1,1,1,{1}
2019-06-30,PHMNL,Manila,CNSHA,Shanghai,2,1,"ANL; APL; CMA CGM; CNC Line-Cheng Lie Navigation Co. Ltd.; Gold Star Line; Hyundai; RCL; ZIM",8,12,3446,625,1700,1756,3,3.5,4,"{4,3}"
2019-06-30,PHMNL,Manila,KRPUS,Busan,1,1,ONE,1,3,2627,446.6666666666667,2553,2664,4,4,4,{4}
2019-06-30,PHMNL,Manila,PHSFS,"Subic Bay",1,1,"Maersk Line; MCC",2,5,4250.6,519.2,4250,4253,1,1,1,{1}
2019-06-30,PHMNL,Manila,THLCH,"Laem Chabang",1,1,"APL; CNC Line-Cheng Lie Navigation Co. Ltd.; TS Lines",3,4,2474.75,375,2468,2495,4,4,4,{4}
2019-06-30,PHMNN,"Manila North Harbor",KRPUS,Busan,1,1,"ANL; APL; CMA CGM; CNC Line-Cheng Lie Navigation Co. Ltd.; COSCO; Evergreen Line; Feedertech; KMTC; OOCL; RCL; TS Lines",11,6,5918.5,664.3333333333334,4957,6800,9,9,9,{9}
2019-06-30,PHMNN,"Manila North Harbor",PHDVO,Davao,1,1,"SITC Shipping",1,3,2596.6666666666665,426.6666666666667,2524,2742,4,4,4,{4}
2019-06-30,PHMNN,"Manila North Harbor",PHMNS,"Manila South Harbor",6,6,"ANL; APL; CMA CGM; CNC Line-Cheng Lie Navigation Co. Ltd.; COSCO; Evergreen Line; Hyundai; OOCL; Sinotrans; SITC Shipping; Wan Hai; Yang Ming",12,15,17643.25,2130,1440,4832,0,0,1,"{0,1,1,0,0,0}"
2019-06-30,PHMNN,"Manila North Harbor",PHSFS,"Subic Bay",1,1,"Sinotrans; Wan Hai",2,2,2388.5,310,2200,2577,1,1,1,{1}
2019-06-30,PHMNN,"Manila North Harbor",THLCH,"Laem Chabang",1,1,"Evergreen Line; X-Press",2,2,2826,322,2742,2910,3,3,3,{3}
2019-06-30,PHMNN,"Manila North Harbor",TWKHH,Kaohsiung,3,3,"ANL; APL; CMA CGM; CNC Line-Cheng Lie Navigation Co. Ltd.; Evergreen Line; Hyundai; OOCL; X-Press; Yang Ming",9,8,11472,1442.8333333333333,2910,4300,2,2,3,"{2,3,2}"
2019-06-30,PHMNN,"Manila North Harbor",VNSGN,"Ho Chi Minh (VICT/Cat Lai)",1,1,"ANL; CMA CGM; CNC Line-Cheng Lie Navigation Co. Ltd.; Heung-A; KMTC",5,3,1760,200,1740,1800,2,2,2,{2}
2019-06-30,PHMNS,"Manila South Harbor",CNSHA,Shanghai,4,4,"ANL; APL; CMA CGM; CNC Line-Cheng Lie Navigation Co. Ltd.; Hyundai; Sinotrans; SITC Shipping; Wan Hai; Yang Ming",9,11,11673.25,1466,1440,4832,4,4.5,5,"{5,4,5,4}"
2019-06-30,PHMNS,"Manila South Harbor",CNSHK,Shekou,1,1,"Wan Hai",1,1,2495,320,2495,2495,2,2,2,{2}
2019-06-30,PHMNS,"Manila South Harbor",HKHKG,"Hong Kong",2,2,"APL; CNC Line-Cheng Lie Navigation Co. Ltd.; Evergreen Line; OOCL; TS Lines; Yang Ming",6,2,3158,470,1440,1718,2,2,2,"{2,2}"
2019-06-30,PHMNS,"Manila South Harbor",JPYOK,Yokohama,1,1,"ANL; APL; CMA CGM; CNC Line-Cheng Lie Navigation Co. Ltd.; Hyundai",5,4,3427,350,3388,3534,8,8,8,{8}
2019-06-30,PHMNS,"Manila South Harbor",PHMNN,"Manila North Harbor",2,2,"ANL; APL; CMA CGM; CNC Line-Cheng Lie Navigation Co. Ltd.; Hyundai; Sinotrans; Wan Hai",7,5,6638.5,809.3333333333333,2200,4250,0,0.5,1,"{1,0}"
2019-06-30,PHMNS,"Manila South Harbor",PHSFS,"Subic Bay",1,1,COSCO,1,3,4252,368,4250,4253,1,1,1,{1}
2019-06-30,PHSFS,"Subic Bay",CNSHA,Shanghai,1,1,"Sinotrans; Wan Hai",2,2,2388.5,310,2200,2577,5,5,5,{5}
2019-06-30,PHSFS,"Subic Bay",PHBTG,Batangas,2,2,"COSCO; Wan Hai",2,5,5480,443,1088,4253,0,0.5,1,"{1,0}"
2019-06-30,PHSFS,"Subic Bay",PHCEB,Cebu,1,1,APL,1,2,1605,319,1496,1714,2,2,2,{2}
2019-06-30,PHSFS,"Subic Bay",PHMNN,"Manila North Harbor",1,1,"SITC Shipping",1,4,1821.25,232.5,1705,1970,1,1,1,{1}
2019-06-30,PHSFS,"Subic Bay",TWKHH,Kaohsiung,2,2,"APL; Evergreen Line",2,3,4191,719,1496,2586,1,1,1,"{1,1}"
2019-06-30,PHSFS,"Subic Bay",TWTXG,Taichung,1,1,"Maersk Line; MCC",2,5,4250.6,519.2,4250,4253,5,5,5,{5}
2019-06-30,PKBQM,"Port Qasim",AEJEA,"Dubai, Jebel Ali",1,1,"Maersk Line; Safmarine",2,6,2574.3333333333335,431.5,2450,2826,2,2,2,{2}
2019-06-30,PKBQM,"Port Qasim",INNSA,"Mumbai (Nhava Sheva)",3,3,"ANL; APL; CMA CGM; COSCO; Hapag-Lloyd; MSC; ONE; OOCL; WEC Lines; ZIM",10,28,25391.368686868685,2522.2323232323233,8004,9200,1,2,3,"{3,2,1}"
2019-06-30,PKBQM,"Port Qasim",INPAV,Pipavav,1,1,"APL; Maersk Line; Safmarine",3,11,6337.454545454545,500,6188,6696,1,1,1,{1}
2019-06-30,PKBQM,"Port Qasim",OMSLL,Salalah,1,1,"Maersk Line; Safmarine",2,4,4073,625,3635,4504,3,3,3,{3}
2019-06-30,PKBQM,"Port Qasim",PKKHI,Karachi,2,2,"APL; CMA CGM; COSCO; Hyundai; ONE; RCL; X-Press",7,7,7951.1,925.5,1725,6039,0,0,0,"{0,0}"
2019-06-30,PKBQM,"Port Qasim",SGSIN,Singapore,1,1,"ANL; APL; CMA CGM; COSCO; Maersk Line; MCC; OOCL",7,6,9082.833333333334,666.6666666666666,7849,9662,7,7,7,{7}
2019-06-30,PKGWD,Gwadar,AEJEA,"Dubai, Jebel Ali",1,1,"APL; CMA CGM; COSCO; X-Press",4,2,2274.5,365.5,1725,2824,3,3,3,{3}
2019-06-30,PKKHI,Karachi,AEJEA,"Dubai, Jebel Ali",3,3,"Emirates Shipping; Maersk Line; PIL; Safmarine; UAFL-United Africa Feeder Line; Unimed Feeder Services-UFS; Wan Hai; WEC Lines",8,9,8243.535714285714,1274.4285714285716,1726,3075,2,3,3,"{3,3,2}"
2019-06-30,PKKHI,Karachi,INMUN,Mundra,5,5,"APL; CMA CGM; COSCO; Emirates Shipping; Evergreen Line; Feedertech; Hapag-Lloyd; KMTC; MSC; ONE; OOCL; PIL; Wan Hai; Yang Ming",14,32,26102.9,2362.8,3534,10081,0,1,1,"{0,1,1,1,1}"
2019-06-30,PKKHI,Karachi,INNSA,"Mumbai (Nhava Sheva)",3,3,"ANL; APL; CMA CGM; COSCO; Hapag-Lloyd; Hyundai; MSC; ONE; OOCL; RCL; X-Press",11,21,22215.35,1909.5,5572,10114,2,2,2,"{2,2,2}"
2019-06-30,PKKHI,Karachi,MYPKG,"Port Klang",2,2,"COSCO; Gold Star Line; Heung-A; Hyundai; KMTC; Sinokor; TS Lines; X-Press; ZIM",9,13,12427.666666666668,1175.4761904761904,4957,8562,7,7.5,8,"{8,7}"
2019-06-30,PKKHI,Karachi,PKBQM,"Port Qasim",1,1,"ANL; APL; CMA CGM; COSCO; Maersk Line; MCC; OOCL",7,6,9082.833333333334,666.6666666666666,7849,9662,0,0,0,{0}
2019-06-30,PKKHI,Karachi,PKGWD,Gwadar,1,1,"APL; CMA CGM; COSCO; X-Press",4,2,2274.5,365.5,1725,2824,1,1,1,{1}
2019-06-30,PKKHI,Karachi,SGSIN,Singapore,1,1,"APL; CMA CGM; COSCO; OOCL",4,6,5776.666666666667,468.3333333333333,8063,9572,9,9,9,{9}
2019-06-30,PLGDN,Gdansk,DEBRV,Bremerhaven,1,1,"Hamburg Sud; Hyundai; Maersk Line; MCC; MSC; Safmarine; Seago Line",7,13,18656.153846153848,857.2307692307693,18270,20568,5,5,5,{5}
2019-06-30,PLGDN,Gdansk,DEWVN,Wilhelmshaven,1,1,"APL; CMA CGM; COSCO; Evergreen Line; OOCL",5,11,20252.545454545452,1294.9090909090908,14074,21413,3,3,3,{3}
2019-06-30,PLGDN,Gdansk,EETLL,"Tallinn Estonia",1,1,"Seago Line",1,1,1578,130,1578,1578,1,1,1,{1}
2019-06-30,PLGDN,Gdansk,SENRK,Norrköping,1,1,"Seago Line",1,2,1578,130,1578,1578,2,2,2,{2}
2019-06-30,PLGDY,"Gdynia Poland",DEBRV,Bremerhaven,1,1,"CMA CGM; Evergreen Line; Hapag-Lloyd; OOCL; Unifeeder; X-Press",6,7,998.7142857142857,244.57142857142858,877,1093,1,1,1,{1}
2019-06-30,PLGDY,"Gdynia Poland",DEHAM,Hamburg,3,3,"CMA CGM; Evergreen Line; Hapag-Lloyd; ONE; OOCL; Unifeeder; X-Press",7,7,3341.5,680,868,1440,1,2,3,"{3,1,2}"
2019-06-30,PLGDY,"Gdynia Poland",EETLL,"Tallinn Estonia",1,1,"Hapag-Lloyd; ONE",2,2,1440,316,1440,1440,3,3,3,{3}
2019-06-30,PLGDY,"Gdynia Poland",GBTEE,Teesport,4,3,"Containerships; MacAndrews; Samskip",3,9,3186.666666666667,725,750,804,3,3,3,"{3,3,3,3}"
2019-06-30,PLGDY,"Gdynia Poland",GBTIL,Tilbury,1,1,"MacAndrews; Samskip",2,3,787.3333333333334,143.33333333333334,750,809,5,5,5,{5}
2019-06-30,PLGDY,"Gdynia Poland",LTKLJ,"Klaipeda
",1,1,"COSCO; Yang Ming",2,1,1221,305,1221,1221,0,0,0,{0}
2019-06-30,PLGDY,"Gdynia Poland",NOFRK,Fredrikstad,1,1,Eimskip,1,2,877,231,877,877,1,1,1,{1}
2019-06-30,PLGDY,"Gdynia Poland",NOOSL,Oslo,1,1,"Containerships; MacAndrews",2,1,658,102,658,658,3,3,3,{3}
2019-06-30,PLGDY,"Gdynia Poland",PLSZZ,Szczecin,1,1,"Evergreen Line; Hapag-Lloyd; Unifeeder",3,2,809,150,809,809,1,1,1,{1}
2019-06-30,PLSZZ,Szczecin,GBIMM,Immingham,1,1,"Evergreen Line; Hapag-Lloyd; Unifeeder",3,2,809,150,809,809,3,3,3,{3}
2019-06-30,PLSZZ,Szczecin,SEHAD,Halmstad,1,1,"ANL; CMA CGM; Unifeeder",3,1,868,300,868,868,1,1,1,{1}
2019-06-30,PRSJU,"San Juan PR",CASJB,"Saint John, New Brunswick",1,1,"ANL; APL; CMA CGM",3,5,1296.8,365.6,1221,1347,6,6,6,{6}
2019-06-30,PRSJU,"San Juan PR",COCTG,Cartagena,1,1,"Hapag-Lloyd; ONE",2,6,2423.5,484.3333333333333,2339,2566,3,3,3,{3}
2019-06-30,PRSJU,"San Juan PR",DOCAU,Caucedo,1,1,"APL; Evergreen Line; Maersk Line; MSC; ONE; SeaLand",6,2,3535,524.5,3421,3649,1,1,1,{1}
2019-06-30,PRSJU,"San Juan PR",JMKIN,Kingston,1,1,"Caribbean Feeder; Crowley; Hapag-Lloyd; ZIM",4,5,1088.8,224.8,1061,1118,2,2,2,{2}
2019-06-30,PRSJU,"San Juan PR",USJAX,"Jacksonville FL",2,2,"TOTE Maritime",1,2,6200,536,3100,3100,2,2,2,"{2,2}"
2019-06-30,PRSJU,"San Juan PR",VCKTN,"Kingstown, St Vincent",1,1,"Caribbean Feeder; Crowley; Hapag-Lloyd; ZIM",4,5,1088.8,224.8,1061,1118,1,1,1,{1}
2019-06-30,PRSJU,"San Juan PR",VICTD,"St Croix VI",1,1,Crowley,1,1,704,116,704,704,1,1,1,{1}
2019-06-30,PRSJU,"San Juan PR",VICZB,"St John VI",1,1,"Tropical Shipping",1,2,1133,240,1118,1148,1,1,1,{1}
2019-06-30,PTFDF,"Figueira da Foz",PTLEI,Leixoes,1,1,"MSC; WEC Lines",2,1,681,110,681,681,1,1,1,{1}
2019-06-30,PTLEI,Leixoes,ESALG,Algeciras,1,1,Transinsular,1,1,1938,540,969,969,1,1,1,{1}
2019-06-30,PTLEI,Leixoes,ESCAS,Castellon,1,1,"Borchard Lines Ltd",1,4,1216,200,1216,1216,3,3,3,{3}
2019-06-30,PTLEI,Leixoes,ESGIJ,Gijon,1,1,"MSC; WEC Lines",2,3,2307.6666666666665,333.3333333333333,1858,2762,1,1,1,{1}
2019-06-30,PTLEI,Leixoes,ESSCT,Tenerife,1,1,"ANL; Boluda Lines; CMA CGM",3,2,1176,203,1085,1267,2,2,2,{2}
2019-06-30,PTLEI,Leixoes,ESVGO,Vigo,3,3,"CMA CGM; Hapag-Lloyd; MacAndrews; MSC; WEC Lines; X-Press",6,5,2698,542,822,1008,0,1,1,"{1,0,1}"
2019-06-30,PTLEI,Leixoes,GBLIV,Liverpool,2,2,"Borchard Lines Ltd; CMA CGM; MacAndrews",3,7,2199,443.66666666666663,877,1216,3,3,3,"{3,3}"
2019-06-30,PTLEI,Leixoes,GBTIL,Tilbury,2,2,"CMA CGM; Hapag-Lloyd; MacAndrews; MSC; WEC Lines",5,5,1991,393.66666666666663,877,1036,3,3,3,"{3,3}"
2019-06-30,PTLEI,Leixoes,NLRTM,Rotterdam,1,1,"CMA CGM; COSCO; Evergreen Line; OOCL; Samskip; X-Press",6,2,1060,250,1036,1084,8,8,8,{8}
2019-06-30,PTLEI,Leixoes,PTLIS,Lisbon,3,3,"Marguisa; MSC; Transinsular; WEC Lines; X-Press",5,5,3326,800,681,969,1,1,1,"{1,1,1}"
2019-06-30,PTLEI,Leixoes,PTSET,Setubal,1,1,"Arkas Line; CMA CGM; Tarros",3,4,2117.1428571428573,357.85714285714283,1139,1740,1,1,1,{1}
2019-06-30,PTLEI,Leixoes,PTSIE,Sines,1,1,"MSC; WEC Lines",2,2,868,192,868,868,1,1,1,{1}
2019-06-30,PTLIS,Lisbon,CAHAL,Halifax,1,1,"Melfi Marine",1,4,2548.5,464,2474,2700,8,8,8,{8}
2019-06-30,PTLIS,Lisbon,ESALG,Algeciras,1,1,"ANL; CMA CGM; Marguisa; NileDutch",4,7,4077.5714285714284,576.2857142857143,3646,4360,2,2,2,{2}
2019-06-30,PTLIS,Lisbon,MACAS,Casablanca,2,2,"Marguisa; MSC; WEC Lines; X-Press",4,4,1388,260,681,707,1,1,1,"{1,1}"
2019-06-30,PTLIS,Lisbon,PTLEI,Leixoes,3,3,"CMA CGM; COSCO; Evergreen Line; MacAndrews; OOCL; Samskip; Transinsular; X-Press",8,4,3820,990,822,1084,0,1,2,"{0,2,1}"
2019-06-30,PTLIS,Lisbon,PTSET,Setubal,1,1,"Hapag-Lloyd; MSC; WEC Lines",3,2,1008,150,1008,1008,0,0,0,{0}
2019-06-30,PTSET,Setubal,FRMRS,"Marseilles-Fos (Marseilles)",1,1,"Arkas Line; CMA CGM; Tarros",3,4,2117.1428571428573,357.85714285714283,1139,1740,4,4,4,{4}
2019-06-30,PTSET,Setubal,GBTIL,Tilbury,1,1,"CMA CGM; DAL-Deutsche Afrika Linien; MacAndrews",3,3,871,233,868,877,3,3,3,{3}
2019-06-30,PTSET,Setubal,PTLEI,Leixoes,4,3,"CMA CGM; Hapag-Lloyd; MacAndrews; MSC; WEC Lines",5,10,3842,829.3333333333333,868,1036,1,1,1,"{1,1,1,1}"
2019-06-30,PTSIE,Sines,BEANR,Antwerp,1,1,"Hamburg Sud; Hyundai; Maersk Line; MCC; MSC; Safmarine",6,16,12950.375,847.5,11660,13800,3,3,3,{3}
2019-06-30,PTSIE,Sines,BRRIO,"Rio de Janeiro",1,1,"Alianca; Hamburg Sud; Hapag-Lloyd; MSC",4,9,8882.666666666666,904.4444444444445,8386,9400,11,11,11,{11}
2019-06-30,PTSIE,Sines,BSFPO,Freeport,1,1,"Maersk Line; MSC; Safmarine; SeaLand",4,8,7786.625,612.875,6648,9403,9,9,9,{9}
2019-06-30,PTSIE,Sines,DOCAU,Caucedo,1,1,"Hapag-Lloyd; MSC",2,9,11334.222222222223,1777,11037,12119,7,7,7,{7}
2019-06-30,PTSIE,Sines,ESALG,Algeciras,1,1,"Maersk Line; MSC; Safmarine; SeaLand",4,8,7786.625,612.875,6648,9403,1,1,1,{1}
2019-06-30,PTSIE,Sines,ESBIO,Bilbao,1,1,"WEC Lines",1,1,2762,300,2762,2762,2,2,2,{2}
2019-06-30,PTSIE,Sines,ESLPA,"Las Palmas, Can Is",1,1,"Hapag-Lloyd; MSC; Stinnes",3,8,8996.375,668.75,8034,10081,1,1,1,{1}
2019-06-30,PTSIE,Sines,ESVGO,Vigo,1,1,"MSC; WEC Lines",2,2,845,150,822,868,0,0,0,{0}
2019-06-30,PTSIE,Sines,FRLEH,"Le Havre",1,1,"MSC; WEC Lines",2,4,5648.25,522.5,5550,5782,1,1,1,{1}
2019-06-30,PTSIE,Sines,GBLGP,"London Gateway",1,1,"MSC; ZIM",2,4,4597.75,362.5,4392,5059,6,6,6,{6}
2019-06-30,PTSIE,Sines,GBLIV,Liverpool,1,1,MSC,1,8,4703,488.5,4132,5059,4,4,4,{4}
2019-06-30,PTSIE,Sines,GRPIR,Piraeus,1,1,"MSC; WEC Lines",2,4,5648.25,522.5,5550,5782,4,4,4,{4}
2019-06-30,PTSIE,Sines,MACAS,Casablanca,2,2,"MSC; WEC Lines",2,5,3152.6666666666665,483.3333333333333,822,2762,1,1.5,2,"{2,1}"
2019-06-30,PTSIE,Sines,PACTB,Cristobal,1,1,MSC,1,11,8890.454545454546,835.0909090909091,8073,9403,10,10,10,{10}
2019-06-30,PTSIE,Sines,PTSET,Setubal,1,1,"MSC; WEC Lines",2,2,868,192,868,868,0,0,0,{0}
2019-06-30,PTSIE,Sines,TGLFW,Lome,1,1,MSC,1,7,3125.5714285714284,190.57142857142858,3005,3646,14,14,14,{14}
2019-06-30,PTSIE,Sines,USNYC,"New York NY/NJ",1,1,"Maersk Line; MSC; Safmarine",3,7,8306.285714285714,650,7455,9200,8,8,8,{8}
2019-06-30,QAHMD,Hamad,AEJEA,"Dubai, Jebel Ali",4,4,"ANL; CMA CGM; COSCO; Global Feeder Shipping; Hapag-Lloyd; Maersk Line; Milaha Maritime; ONE; OOCL; Safmarine; X-Press; Yang Ming",12,25,22335.714285714286,2108.214285714286,4253,7179,0,1,2,"{1,0,1,2}"
2019-06-30,QAHMD,Hamad,IQUQR,"Umm Qasr",1,1,"COSCO; Hapag-Lloyd; ONE; Yang Ming",4,7,4729.714285714285,385.7142857142857,5512,5548,2,2,2,{2}
2019-06-30,QAHMD,Hamad,OMSOH,Sohar,1,1,"APL; Hapag-Lloyd; Hyundai; Maersk Line; MCC; ONE; RCL; Safmarine",8,8,12776.25,1081.625,11010,13100,2,2,2,{2}
2019-06-30,QAHMD,Hamad,SADMM,Dammam,4,4,"ANL; APL; CMA CGM; COSCO; Evergreen Line; Hapag-Lloyd; Maersk Line; MSC; OOCL; PIL; Safmarine; Wan Hai",12,29,26924.904761904763,2545.095238095238,2646,11388,0,1,2,"{2,1,1,0}"
2019-06-30,QAHMD,Hamad,SAJUB,Jubail,1,1,"APL; CMA CGM; COSCO; MSC; OOCL; ZIM",6,7,8585.142857142857,1100,4392,9580,1,1,1,{1}
2019-06-30,REPDG,"Reunion Island",AUFRE,Fremantle,1,1,"ANL; CMA CGM; CNC Line-Cheng Lie Navigation Co. Ltd.; Hapag-Lloyd",4,14,6711.5,543,6350,6927,10,10,10,{10}
2019-06-30,REPDG,"Reunion Island",MUPLU,"Port Louis",2,2,"ANL; CMA CGM; DAL-Deutsche Afrika Linien; Maersk Line; MSC; Safmarine; UAFL-United Africa Feeder Line",7,18,9867.25,1064.8333333333333,2456,9572,1,1,1,"{1,1}"
2019-06-30,REPDG,"Reunion Island",MZMPM,Maputo,1,1,"ANL; CMA CGM; Maersk Line; Safmarine",4,7,2783.1428571428573,447.14285714285717,2474,3651,4,4,4,{4}
2019-06-30,REREU,Reunion,MGTOA,Tamatave/Toamasina,1,1,PIL,1,6,1817.6666666666667,250,1800,1890,2,2,2,{2}
2019-06-30,REREU,Reunion,MUPLU,"Port Louis",1,1,"Maersk Line; Safmarine",2,4,2502,491.75,2456,2546,3,3,3,{3}
2019-06-30,ROCND,Constanta,TRAMB,"Istanbul (Ambarli)",1,1,"Maersk Line; Safmarine",2,8,6804,820.5,6690,7154,3,3,3,{3}
2019-06-30,ROCND,Constanta,UAODS,Odessa,1,1,"APL; CMA CGM; COSCO; Evergreen Line; OOCL",5,10,8493.2,1149.6,9000,10622,1,1,1,{1}
2019-06-30,RUKGD,Kaliningrad,DEHAM,Hamburg,1,1,"CMA CGM; Mann Lines",2,1,648,150,648,648,3,3,3,{3}
2019-06-30,RUKGD,Kaliningrad,FIKTK,Kotka,1,1,MSC,1,2,1797,392.5,1719,1875,1,1,1,{1}
2019-06-30,RUKGD,Kaliningrad,LVRIX,Riga,1,1,MSC,1,2,1241,235,1080,1402,2,2,2,{2}
2019-06-30,RUKGD,Kaliningrad,PLGDY,"Gdynia Poland",1,1,Hapag-Lloyd,1,1,868,150,868,868,1,1,1,{1}
2019-06-30,RULED,"St Petersburg",BEANR,Antwerp,1,1,MSC,1,7,3125.5714285714284,190.57142857142858,3005,3646,4,4,4,{4}
2019-06-30,RULED,"St Petersburg",BEZEE,Zeebrugge,1,1,"COSCO; OOCL; Yang Ming",3,2,1924,492,1922,1926,5,5,5,{5}
2019-06-30,RULED,"St Petersburg",DEBRV,Bremerhaven,2,2,"Evergreen Line; Maersk Line; OOCL; Seago Line; SeaLand; Unifeeder; X-Press",7,10,3986.25,600,1404,2592,4,4.5,5,"{5,4}"
2019-06-30,RULED,"St Petersburg",DEHAM,Hamburg,2,2,"ANL; CMA CGM; Evergreen Line; FESCO; Hapag-Lloyd; OOCL; Unifeeder; Unimed Feeder Services-UFS; X-Press",9,6,3006.5,735,1008,2487,3,3.5,4,"{4,3}"
2019-06-30,RULED,"St Petersburg",DELBC,Lubeck,1,1,"Containerships; MacAndrews",2,1,804,180,804,804,2,2,2,{2}
2019-06-30,RULED,"St Petersburg",DEWVN,Wilhelmshaven,1,1,"ANL; CMA CGM; FESCO; Hapag-Lloyd; Unifeeder",5,2,2500,710,2500,2500,4,4,4,{4}
2019-06-30,RULED,"St Petersburg",EETLL,"Tallinn Estonia",1,1,MSC,1,2,3005,100,3005,3005,2,2,2,{2}
2019-06-30,RULED,"St Petersburg",FIHEL,Helsinki,2,2,"Containerships; Hapag-Lloyd; MacAndrews; ONE",4,5,3311.5,275.1666666666667,850,2475,1,1,1,"{1,1}"
2019-06-30,RULED,"St Petersburg",FIKTK,Kotka,1,1,"Hapag-Lloyd; ONE",2,2,1430.5,308,1421,1440,2,2,2,{2}
2019-06-30,RULED,"St Petersburg",LTKLJ,"Klaipeda
",1,1,"Containerships; MacAndrews",2,3,803.3333333333334,180,803,804,1,1,1,{1}
2019-06-30,RULED,"St Petersburg",NLRTM,Rotterdam,5,4,"ANL; CMA CGM; COSCO; Evergreen Line; FESCO; OOCL; Sea Connect; Seago Line; StreamLines; Unifeeder; X-Press",11,12,7920,1481,660,3596,4,4,7,"{7,5,4,4,4}"
2019-06-30,RULED,"St Petersburg",PLGDN,Gdansk,1,1,"Seago Line",1,1,1578,130,1578,1578,3,3,3,{3}
2019-06-30,RULED,"St Petersburg",SEUME,Umea,1,1,"SCA Logistics",1,2,1025,249,1025,1025,2,2,2,{2}
2019-06-30,RUNVS,Novorossiysk,TRAMB,"Istanbul (Ambarli)",1,1,"Maersk Line; Safmarine; SeaLand",3,11,3077.1818181818185,802,3075,3078,4,4,4,{4}
2019-06-30,RUSKA,Slavyanka,KRPUS,Busan,1,1,"Alianca; Hamburg Sud; Hyundai; Maersk Line; MCC; MSC; Safmarine; ZIM",8,11,9603.454545454546,918.7272727272727,8200,11010,1,1,1,{1}
2019-06-30,RUULU,"Ust Luga",FIKTK,Kotka,1,1,"ANL; CMA CGM; Evergreen Line; OOCL; Unifeeder",5,3,1482,303.6666666666667,1404,1638,0,0,0,{0}
2019-06-30,RUVVO,Vladivostok,CNTAO,Qingdao,1,1,"APL; CMA CGM; FESCO; Hyundai",4,2,2952,478,2796,3108,3,3,3,{3}
2019-06-30,RUVVO,Vladivostok,RUVYP,Vostochniy,1,1,"ANL; APL; CMA CGM; CNC Line-Cheng Lie Navigation Co. Ltd.; FESCO",5,3,3083.3333333333335,350,2762,3380,3,3,3,{3}
2019-06-30,RUVYP,Vostochniy,CNNGB,Ningbo,1,1,"Alianca; Hamburg Sud; Maersk Line; MCC; SeaLand",5,21,9068.57142857143,782,8160,9640,3,3,3,{3}
2019-06-30,RUVYP,Vostochniy,CNSHK,Shekou,1,1,"ANL; APL; CMA CGM; CNC Line-Cheng Lie Navigation Co. Ltd.; FESCO",5,3,3083.3333333333335,350,2762,3380,4,4,4,{4}
2019-06-30,RUVYP,Vostochniy,CNTXG,Xingang/Tianjin,1,1,"Hamburg Sud; Hyundai; Maersk Line; MCC; MSC; Safmarine; ZIM",7,7,11204.285714285714,742.8571428571429,11078,11294,2,2,2,{2}
2019-06-30,RUVYP,Vostochniy,KRPUS,Busan,1,1,"Hamburg Sud; Hyundai; Maersk Line; MCC; MSC; Safmarine",6,16,12950.375,847.5,11660,13800,2,2,2,{2}
2019-06-30,SADMM,Dammam,AEAUH,"Abu Dhabi",1,1,"APL; CMA CGM; COSCO; Evergreen Line; OOCL; PIL; Wan Hai",7,7,18001.714285714286,999.1428571428571,14074,20988,1,1,1,{1}
2019-06-30,SADMM,Dammam,BHKBS,"Khalifa Bin Salman Port",1,1,"ANL; APL; CMA CGM; COSCO; Evergreen Line; OOCL; PIL",7,14,9897.214285714286,650,10000,11388,1,1,1,{1}
2019-06-30,SADMM,Dammam,IQUQR,"Umm Qasr",1,1,MSC,1,7,8039.857142857143,790.4285714285714,6492,9411,1,1,1,{1}
2019-06-30,SADMM,Dammam,QAHMD,Hamad,1,1,"APL; Hapag-Lloyd; Hyundai; Maersk Line; MCC; ONE; RCL; Safmarine",8,8,12776.25,1081.625,11010,13100,1,1,1,{1}
2019-06-30,SADMM,Dammam,SAJUB,Jubail,4,4,"ANL; APL; CMA CGM; COSCO; Evergreen Line; Hapag-Lloyd; Hyundai; Maersk Line; ONE; OOCL; Safmarine; Wan Hai",12,23,29732.190476190477,2656.238095238095,2646,14424,0,0.5,1,"{0,1,0,1}"
2019-06-30,SAJED,Jeddah,AEJEA,"Dubai, Jebel Ali",4,4,"Alianca; ANL; APL; CMA CGM; COSCO; Evergreen Line; Hamburg Sud; Hapag-Lloyd; Maersk Line; MSC; ONE; OOCL; Safmarine; Seago Line",14,33,38189.65151515152,3289.5075757575755,5600,13208,5,6,7,"{6,5,6,7}"
2019-06-30,SAJED,Jeddah,CNNSA,Nansha,1,1,"APL; CMA CGM; COSCO; Evergreen Line; OOCL",5,11,14429.636363636364,945.4545454545454,13880,17722,15,15,15,{15}
2019-06-30,SAJED,Jeddah,EGDAM,Damietta,1,1,"Hapag-Lloyd; ONE; Yang Ming",3,11,11585.454545454546,818.1818181818181,10000,13870,3,3,3,{3}
2019-06-30,SAJED,Jeddah,EGPSD,"Port Said",2,2,"ANL; CMA CGM; COSCO; Hapag-Lloyd; Maersk Line; Safmarine",6,13,13289.690476190477,1188.2380952380952,5600,8540,2,2.5,3,"{2,3}"
2019-06-30,SAJED,Jeddah,EGSOK,Sokhna,3,3,"Alianca; APL; CMA CGM; COSCO; Evergreen Line; Hamburg Sud; Maersk Line; OOCL; PIL; Safmarine",10,21,20548.208333333336,1723.9444444444443,2824,14500,2,3,3,"{3,2,3}"
2019-06-30,SAJED,Jeddah,ILASH,Ashdod,1,1,"Hapag-Lloyd; ONE; Yang Ming",3,10,13780.7,940,13169,14100,3,3,3,{3}
2019-06-30,SAJED,Jeddah,INMUN,Mundra,1,1,"PIL; Unimed Feeder Services-UFS",2,4,3056.25,310,3000,3075,8,8,8,{8}
2019-06-30,SAJED,Jeddah,JOAQB,Aqaba,2,2,"Alianca; Hamburg Sud; Hapag-Lloyd; Maersk Line; ONE; Safmarine; Wan Hai; Yang Ming",8,12,7945.75,1089.5,2824,6673,1,2,3,"{1,3}"
2019-06-30,SAJED,Jeddah,LKCMB,Colombo,1,1,"Hapag-Lloyd; ONE; Yang Ming",3,10,12203.3,740,12552,14026,8,8,8,{8}
2019-06-30,SAJED,Jeddah,MAPTM,Tanger,2,2,"Alianca; APL; CMA CGM; COSCO; Hamburg Sud; Hapag-Lloyd; Maersk Line; MSC; ONE; OOCL; Safmarine; Seago Line",12,16,20196,1868.75,9572,10500,7,7,7,"{7,7}"
2019-06-30,SAJED,Jeddah,MTMAR,"Malta (Marsaxlokk)",1,1,"ANL; CMA CGM; COSCO; Hapag-Lloyd; OOCL",5,8,6538,537,5618,7179,4,4,4,{4}
2019-06-30,SAJED,Jeddah,MYPKG,"Port Klang",3,3,"APL; CMA CGM; COSCO; Evergreen Line; OOCL; PIL",6,29,25492.933333333334,2474.144444444444,5301,14500,12,12,13,"{12,13,12}"
2019-06-30,SAJED,Jeddah,MYTPP,"Tanjung Pelepas",1,1,"COSCO; Evergreen Line; OOCL",3,9,5085.333333333333,497,5250,6606,12,12,12,{12}
2019-06-30,SAJED,Jeddah,OMSLL,Salalah,2,2,"Maersk Line; Safmarine",2,15,13840.857142857143,1397.0714285714284,6478,8540,3,3.5,4,"{3,4}"
2019-06-30,SAJED,Jeddah,PKBQM,"Port Qasim",1,1,"ANL; APL; CMA CGM; Hapag-Lloyd; ONE; OOCL",6,9,8090.7777777777765,1027.7777777777778,8004,8465,7,7,7,{7}
2019-06-30,SAJED,Jeddah,QAHMD,Hamad,1,1,"ANL; CMA CGM; COSCO; Hapag-Lloyd; OOCL",5,8,6538,537,5618,7179,7,7,7,{7}
2019-06-30,SAJED,Jeddah,SDPZU,"Port Sudan",2,2,"Hapag-Lloyd; Maersk Line; Safmarine; Unimed Feeder Services-UFS",4,6,8526.8,1482,2524,3534,4,5,6,"{6,4}"
2019-06-30,SAJED,Jeddah,SGSIN,Singapore,3,3,"Hapag-Lloyd; ONE; Wan Hai; Yang Ming",4,29,30418.904545454545,2283.181818181818,5500,14100,11,12,12,"{12,11,12}"
2019-06-30,SAJUB,Jubail,AEAUH,"Abu Dhabi",2,2,"APL; CMA CGM; COSCO; Evergreen Line; Hapag-Lloyd; Hyundai; Maersk Line; ONE; OOCL; Safmarine",10,15,20744.357142857145,1551.5714285714284,6478,14424,1,1,1,"{1,1}"
2019-06-30,SAJUB,Jubail,AEJEA,"Dubai, Jebel Ali",3,3,"ANL; APL; CMA CGM; COSCO; Hapag-Lloyd; Maersk Line; MSC; OOCL; Safmarine; Wan Hai; ZIM",11,15,17572.97619047619,2204.6666666666665,2646,9580,1,1,1,"{1,1,1}"
2019-06-30,SAKAC,"King Abdullah City",AEAUH,"Abu Dhabi",1,1,"MSC; ZIM",2,11,8478.09090909091,676.4545454545454,8034,9200,5,5,5,{5}
2019-06-30,SAKAC,"King Abdullah City",AEJEA,"Dubai, Jebel Ali",1,1,"Maersk Line; MCC; MSC; Safmarine; ZIM",5,10,14416.8,1160,13050,15908,6,6,6,{6}
2019-06-30,SAKAC,"King Abdullah City",DJJIB,Djibouti,1,1,"APL; CMA CGM; COSCO; Hapag-Lloyd; MSC; ONE; OOCL; WEC Lines",8,8,8822.5,818,8200,9200,2,2,2,{2}
2019-06-30,SAKAC,"King Abdullah City",ESBCN,Barcelona,1,1,"MSC; SCI-Shipping Corp. of India",2,8,11879.5,781.875,4814,13102,6,6,6,{6}
2019-06-30,SAKAC,"King Abdullah City",ITGIT,"Gioia Tauro",1,1,"APL; CMA CGM; COSCO; Hapag-Lloyd; MSC; ONE; OOCL; WEC Lines",8,8,8822.5,818,8200,9200,5,5,5,{5}
2019-06-30,SAKAC,"King Abdullah City",JOAQB,Aqaba,1,1,MSC,1,4,5071.75,455,5042,5100,1,1,1,{1}
2019-06-30,SAKAC,"King Abdullah City",LBBEY,Beirut,1,1,"Alianca; Hamburg Sud; Hyundai; Maersk Line; MCC; MSC; Safmarine",7,12,13790.5,916.6666666666666,13050,14036,3,3,3,{3}
2019-06-30,SAKAC,"King Abdullah City",LKCMB,Colombo,1,1,"MSC; SCI-Shipping Corp. of India",2,8,11879.5,781.875,4814,13102,7,7,7,{7}
2019-06-30,SAKAC,"King Abdullah City",OMSLL,Salalah,3,3,"Alianca; APL; CMA CGM; COSCO; Hamburg Sud; Hyundai; Maersk Line; MCC; MSC; OOCL; Safmarine; ZIM",12,30,37306.006493506495,3016.6666666666665,4392,15226,3,4,4,"{3,4,4}"
2019-06-30,SAKAC,"King Abdullah City",SAJED,Jeddah,1,1,"Maersk Line; Safmarine",2,5,3478.8,520,3426,3534,0,0,0,{0}
2019-06-30,SAKAC,"King Abdullah City",SGSIN,Singapore,1,1,"Hamburg Sud; Hyundai; Maersk Line; MCC; MSC; Safmarine",6,11,19128.727272727272,815.4545454545454,18270,19224,12,12,12,{12}
2019-06-30,SAKAC,"King Abdullah City",SOBBO,Berbera,1,1,MSC,1,1,3811.4285714285716,218.57142857142858,2668,2668,3,3,3,{3}
2019-06-30,SBHIR,Honiara,AUBNE,Brisbane,2,2,"ANL; CMA CGM; Maersk Line; PDL-Pacific Direct Line; Sofrana ANL",5,2,9373.714285714286,1397.142857142857,844,1049,5,5,5,"{5,5}"
2019-06-30,SBHIR,Honiara,FJSUV,Suva,1,1,"MELL; PDL-Pacific Direct Line; PIL",3,3,2160,400,1080,1080,5,5,5,{5}
2019-06-30,SBNOR,Noro,PGLAE,Lae,1,1,"Maersk Line",1,2,2550.8571428571427,502.85714285714283,1114,1118,1,1,1,{1}
2019-06-30,SCPOV,"Seychelles Is., Port Victoria",AEJEA,"Dubai, Jebel Ali",1,1,"CMA CGM; UAFL-United Africa Feeder Line",2,6,2247,373.6666666666667,2207,2272,8,8,8,{8}
2019-06-30,SCPOV,"Seychelles Is., Port Victoria",KEMBA,Mombasa,1,1,"Emirates Shipping; UAFL-United Africa Feeder Line; WEC Lines",3,3,2452.285714285714,471.42857142857144,1726,2268,3,3,3,{3}
2019-06-30,SCPOV,"Seychelles Is., Port Victoria",OMSLL,Salalah,1,1,"Maersk Line; Safmarine",2,4,2502,491.75,2456,2546,11,11,11,{11}
2019-06-30,SCPOV,"Seychelles Is., Port Victoria",TZDAR,"Dar es Salaam",1,1,"ANL; CMA CGM; CNC Line-Cheng Lie Navigation Co. Ltd.; COSCO; Emirates Shipping; Evergreen Line; ONE; OOCL; X-Press",9,7,2749.1428571428573,417.42857142857144,2478,3651,4,4,4,{4}
2019-06-30,SDPZU,"Port Sudan",DJJIB,Djibouti,1,1,"Maersk Line; Safmarine",2,5,3478.8,520,3426,3534,6,6,6,{6}
2019-06-30,SDPZU,"Port Sudan",SAJED,Jeddah,1,1,"Hapag-Lloyd; Unimed Feeder Services-UFS",2,1,5048,962,2524,2524,3,3,3,{3}
2019-06-30,SDPZU,"Port Sudan",SAKAC,"King Abdullah City",1,1,MSC,1,1,3811.4285714285716,218.57142857142858,2668,2668,2,2,2,{2}
2019-06-30,SEAHU,Ahus,DEBRV,Bremerhaven,1,1,"Hapag-Lloyd; X-Press",2,1,648,100,648,648,1,1,1,{1}
2019-06-30,SEGOT,Gothenburg,BEANR,Antwerp,1,1,X-Press,1,1,508,54,508,508,3,3,3,{3}
2019-06-30,SEGOT,Gothenburg,DEHAM,Hamburg,3,3,"CMA CGM; COSCO; Evergreen Line; Hapag-Lloyd; ONE; OOCL; Unifeeder",7,3,3162,704,1008,1118,2,2,2,"{2,2,2}"
2019-06-30,SEGOT,Gothenburg,DKAAR,Aarhus,2,2,"Alianca; CMA CGM; COSCO; Evergreen Line; Hamburg Sud; Hapag-Lloyd; Hyundai; Maersk Line; MCC; MSC; OOCL; Safmarine; Seago Line; Unifeeder; X-Press",15,14,20618.30769230769,1103,809,20568,1,1,1,"{1,1}"
2019-06-30,SEGOT,Gothenburg,SEHEL,Helsingborg,2,2,"COSCO; MSC; OOCL",3,2,2894,600,1216,1678,1,1,1,"{1,1}"
2019-06-30,SEGVX,Gavle,BEANR,Antwerp,1,1,MSC,1,2,1440,431,1440,1440,4,4,4,{4}
2019-06-30,SEGVX,Gavle,DEWVN,Wilhelmshaven,1,1,"Seago Line",1,2,1578,130,1578,1578,4,4,4,{4}
2019-06-30,SEHAD,Halmstad,DEBRV,Bremerhaven,1,1,"ANL; CMA CGM; Unifeeder",3,1,868,300,868,868,2,2,2,{2}
2019-06-30,SEHAD,Halmstad,DKCPH,Copenhagen,1,1,"Seago Line",1,1,1368,258,1368,1368,0,0,0,{0}
2019-06-30,SEHEL,Helsingborg,BEANR,Antwerp,1,1,MSC,1,1,1678,400,1678,1678,2,2,2,{2}
2019-06-30,SEHEL,Helsingborg,DKAAR,Aarhus,2,2,"CMA CGM; COSCO; Eimskip; Evergreen Line; OOCL; Unifeeder",6,3,2575,620,1118,1457,1,1,1,"{1,1}"
2019-06-30,SEHEL,Helsingborg,NLRTM,Rotterdam,2,2,"CMA CGM; COSCO; Evergreen Line; Hapag-Lloyd; OOCL; Unifeeder",6,2,1966,370,750,1216,2,2,2,"{2,2}"
2019-06-30,SEHEL,Helsingborg,NOOSL,Oslo,1,1,Hapag-Lloyd,1,1,1036,250,1036,1036,1,1,1,{1}
2019-06-30,SEHEL,Helsingborg,PLGDY,"Gdynia Poland",1,1,"MacAndrews; Samskip",2,2,777,185,750,804,2,2,2,{2}
2019-06-30,SEHEL,Helsingborg,SEHAD,Halmstad,1,1,"Seago Line",1,1,1368,258,1368,1368,0,0,0,{0}
2019-06-30,SEMMA,Malmo,PLGDY,"Gdynia Poland",1,1,"MacAndrews; Samskip",2,3,787.3333333333334,143.33333333333334,750,809,1,1,1,{1}
2019-06-30,SENRK,Norrköping,FIHEL,Helsinki,1,1,"CMA CGM; Evergreen Line; Hapag-Lloyd; OOCL; Unifeeder; X-Press",6,4,1043,222,1008,1085,2,2,2,{2}
2019-06-30,SENRK,Norrköping,SEGVX,Gavle,1,1,"Seago Line",1,2,1578,130,1578,1578,1,1,1,{1}
2019-06-30,SENRK,Norrköping,SESOE,Sodertalje,1,1,"Hapag-Lloyd; X-Press",2,1,648,100,648,648,1,1,1,{1}
2019-06-30,SEPIT,Pitea,DEHAM,Hamburg,1,1,X-Press,1,2,1036,250,1036,1036,4,4,4,{4}
2019-06-30,SESDL,Sundsvall,NLRTM,Rotterdam,1,1,"SCA Logistics",1,2,1025,249,1025,1025,3,3,3,{3}
2019-06-30,SESOE,Sodertalje,SEAHU,Ahus,1,1,"Hapag-Lloyd; X-Press",2,1,648,100,648,648,1,1,1,{1}
2019-06-30,SESTO,Stockholm,FIKEM,"Kemi Finland",1,1,X-Press,1,2,1036,250,1036,1036,2,2,2,{2}
2019-06-30,SESTO,Stockholm,SEGVX,Gavle,1,1,MSC,1,2,1440,431,1440,1440,1,1,1,{1}
2019-06-30,SEUME,Umea,SESDL,Sundsvall,1,1,"SCA Logistics",1,2,1025,249,1025,1025,1,1,1,{1}
2019-06-30,SGSIN,Singapore,AEJEA,"Dubai, Jebel Ali",2,2,"APL; CMA CGM; COSCO; Evergreen Line; Hapag-Lloyd; Hyundai; ONE; OOCL; PIL; Wan Hai",10,15,31709.214285714286,1974.142857142857,13208,20988,8,8.5,9,"{8,9}"
2019-06-30,SGSIN,Singapore,AUBNE,Brisbane,3,3,"COSCO; Hapag-Lloyd; Maersk Line; ONE; OOCL; PIL; Safmarine; Yang Ming",8,16,14803.2,2189,4250,5905,9,10,10,"{9,10,10}"
2019-06-30,SGSIN,Singapore,AUFRE,Fremantle,2,2,"Alianca; APL; Hamburg Sud; Maersk Line; MCC; MSC; ONE; Safmarine",8,15,7206,790.4615384615385,1708,5744,6,6,6,"{6,6}"
2019-06-30,SGSIN,Singapore,BDCGP,Chittagong,7,7,"Advance Container Lines; ANL; APL; CMA CGM; CNC Line-Cheng Lie Navigation Co. Ltd.; COSCO; Hapag-Lloyd; Hyundai; ONE; OOCL; PIL; Samudera; SOL; Wan Hai; X-Press; Yang Ming",16,15,20356.14285714286,2643.4285714285716,777,2202,5,5,11,"{5,5,5,11,10,5,5}"
2019-06-30,SGSIN,Singapore,BJCOO,Cotonou,1,1,"ANL; APL; CMA CGM; CNC Line-Cheng Lie Navigation Co. Ltd.; Maersk Line; MCC; Safmarine",7,13,4219.461538461538,449.53846153846155,3765,4360,24,24,24,{24}
2019-06-30,SGSIN,Singapore,BRRIO,"Rio de Janeiro",1,1,"CMA CGM; COSCO; Evergreen Line; OOCL; PIL; Yang Ming",6,12,9147.75,1385.6666666666667,8827,9452,22,22,22,{22}
2019-06-30,SGSIN,Singapore,BRSPB,Sepetiba,2,2,"Alianca; ANL; CMA CGM; COSCO; Evergreen Line; Hamburg Sud; Hapag-Lloyd; Hyundai; Maersk Line; ONE; PIL; ZIM",12,24,11735.902097902097,1888.041958041958,2475,9034,22,23.5,25,"{22,25}"
2019-06-30,SGSIN,Singapore,BRSSZ,Santos,1,1,"Alianca; Hamburg Sud; Hapag-Lloyd; Maersk Line; MCC; MSC; ONE; Safmarine",8,13,9503.53846153846,988.8461538461537,8386,11800,20,20,20,{20}
2019-06-30,SGSIN,Singapore,CNDCB,"Da Chan Bay",1,1,"Gold Star Line; Heung-A; Hyundai; Sinokor; TS Lines; ZIM",6,7,7091,557.1428571428571,6250,8562,3,3,3,{3}
2019-06-30,SGSIN,Singapore,CNDLC,Dalian,2,2,"ANL; APL; CMA CGM; COSCO; Gold Star Line; Maersk Line; MCC; OOCL; PIL; Safmarine; ZIM",11,19,11251.428571428572,847.6190476190477,3889,9443,8,9,10,"{10,8}"
2019-06-30,SGSIN,Singapore,CNNSA,Nansha,3,3,"APL; CMA CGM; COSCO; Evergreen Line; Hapag-Lloyd; Hyundai; MCC; ONE; OOCL; PIL",10,20,19413.375,1754.5,2475,14424,5,5,5,"{5,5,5}"
2019-06-30,SGSIN,Singapore,CNSHA,Shanghai,9,9,"Alianca; ANL; APL; CMA CGM; CNC Line-Cheng Lie Navigation Co. Ltd.; COSCO; Emirates Shipping; Evergreen Line; Gold Star Line; Hamburg Sud; Hapag-Lloyd; Hyundai; Maersk Line; MCC; MSC; ONE; OOCL; PIL; Safmarine; Seago Line; Wan Hai; X-Press; ZIM",23,84,69540.57280219781,5096.324175824176,2664,20568,5,7,9,"{7,7,7,9,5,8,7,8,8}"
2019-06-30,SGSIN,Singapore,CNSHK,Shekou,3,3,"Alianca; ANL; APL; CMA CGM; COSCO; Hamburg Sud; Hapag-Lloyd; Maersk Line; MCC; MSC; OOCL; Safmarine; ZIM",13,26,28662.466666666667,2511.6666666666665,4526,15908,3,4,4,"{4,4,3}"
2019-06-30,SGSIN,Singapore,CNTAO,Qingdao,2,2,"ANL; APL; CMA CGM; COSCO; Gold Star Line; Maersk Line; MCC; ONE; OOCL; PIL; ZIM",11,18,13607.75,1161.1666666666665,4248,9662,6,7,8,"{8,6}"
2019-06-30,SGSIN,Singapore,CNTXG,Xingang/Tianjin,3,3,"Alianca; COSCO; Evergreen Line; Hamburg Sud; Hapag-Lloyd; Hyundai; Maersk Line; MCC; MSC; ONE; PIL; Safmarine; Samudera; TS Lines; Yang Ming; ZIM",16,30,32734.79220779221,2498.4523809523807,6606,15226,7,8,11,"{7,8,11}"
2019-06-30,SGSIN,Singapore,CNXMN,Xiamen,1,1,"Alianca; Hamburg Sud; Hyundai; Maersk Line; MCC; MSC; Safmarine; ZIM",8,11,8517,712.8181818181819,8073,9200,4,4,4,{4}
2019-06-30,SGSIN,Singapore,CNYTN,Yantian,3,3,"ANL; APL; CMA CGM; COSCO; Evergreen Line; Hamburg Sud; Hyundai; Maersk Line; MCC; MSC; OOCL; PIL; Safmarine",13,35,40697.14155844156,2417.4545454545455,9400,19224,4,5,5,"{5,4,5}"
2019-06-30,SGSIN,Singapore,DJJIB,Djibouti,1,1,"APL; CMA CGM; COSCO; Evergreen Line; OOCL; PIL",6,8,7064.875,475,10020,11923,8,8,8,{8}
2019-06-30,SGSIN,Singapore,EGPSD,"Port Said",4,4,"Alianca; APL; CMA CGM; COSCO; Evergreen Line; Hamburg Sud; Hyundai; Maersk Line; MCC; MSC; OOCL; Safmarine; ZIM",13,42,56969.090909090904,4125.054545454545,9000,19224,12,12,13,"{12,13,12,12}"
2019-06-30,SGSIN,Singapore,ESALG,Algeciras,1,1,"APL; CMA CGM; COSCO; Evergreen Line; OOCL",5,12,13605.333333333334,1067.5,1380,20600,17,17,17,{17}
2019-06-30,SGSIN,Singapore,FRLEH,"Le Havre",1,1,"APL; CMA CGM; COSCO; Evergreen Line; OOCL",5,11,14429.636363636364,945.4545454545454,13880,17722,19,19,19,{19}
2019-06-30,SGSIN,Singapore,GBFXT,Felixstowe,1,1,"APL; CMA CGM; COSCO; Evergreen Line; OOCL",5,11,20252.545454545452,1294.9090909090908,14074,21413,19,19,19,{19}
2019-06-30,SGSIN,Singapore,GBSOU,Southampton,1,1,"Hapag-Lloyd; ONE; Yang Ming",3,12,14662.5,958.3333333333334,18800,20150,21,21,21,{21}
2019-06-30,SGSIN,Singapore,GRPIR,Piraeus,3,3,"APL; CMA CGM; COSCO; Evergreen Line; Hapag-Lloyd; ONE; OOCL; Yang Ming",8,32,45875.418181818175,2665.1454545454544,10020,20988,14,15,15,"{15,15,14}"
2019-06-30,SGSIN,Singapore,HKHKG,"Hong Kong",21,21,"Alianca; ANL; APL; CMA CGM; CNC Line-Cheng Lie Navigation Co. Ltd.; COSCO; Evergreen Line; Gold Star Line; Hamburg Sud; Hapag-Lloyd; Heung-A; Hyundai; IAL-Interasia Lines; KMTC; Maersk Line; MCC; MSC; ONE; OOCL; PIL; RCL; Safmarine; Seago Line; Sinotrans; TS Lines; Wan Hai; X-Press; Yang Ming; ZIM",29,161,152088.38449883452,13739.550016650017,2278,20568,3,4,6,"{3,4,6,3,3,5,3,4,4,4,4,4,4,5,4,4,4,3,4,5,4}"
2019-06-30,SGSIN,Singapore,IDJKT,"Jakarta, Java",13,13,"Alianca; ANL; APL; CMA CGM; CNC Line-Cheng Lie Navigation Co. Ltd.; COSCO; Evergreen Line; Hamburg Sud; Hapag-Lloyd; Heung-A; Hyundai; KMTC; Maersk Line; MCC; MSC; ONE; OOCL; PIL; Sinokor; Wan Hai",20,69,66416.90952380952,7399.850793650793,1638,11388,1,2,3,"{2,3,3,2,2,2,2,2,2,2,2,2,1}"
2019-06-30,SGSIN,Singapore,INCCU,Kolkata,3,3,"Advance Container Lines; ANL; APL; BTL-Bengal Tiger Line; CMA CGM; CNC Line-Cheng Lie Navigation Co. Ltd.; PIL; X-Press",8,6,3484.404761904762,619.1428571428571,728,1162,5,5,7,"{5,7,5}"
2019-06-30,SGSIN,Singapore,INHAL,Haldia,1,1,"Gold Star Line; MCC; SOL; Yang Ming; ZIM",5,5,919.2,129.8,609,1162,5,5,5,{5}
2019-06-30,SGSIN,Singapore,INMAA,Chennai/Madras,1,1,"ANL; CMA CGM; CNC Line-Cheng Lie Navigation Co. Ltd.; Hapag-Lloyd",4,14,6711.5,543,6350,6927,3,3,3,{3}
2019-06-30,SGSIN,Singapore,IRBND,"Bandar Abbas",1,1,HDASCO,1,3,4751.809523809524,309.5238095238095,2188,3300,11,11,11,{11}
2019-06-30,SGSIN,Singapore,JPUKB,Kobe,1,1,"Hapag-Lloyd; ONE; Yang Ming",3,15,7948.8,746.6666666666666,8120,9040,7,7,7,{7}
2019-06-30,SGSIN,Singapore,KEMBA,Mombasa,1,1,"COSCO; OOCL; PIL",3,8,2954.875,387.5,2475,3566,13,13,13,{13}
2019-06-30,SGSIN,Singapore,KRKAN,Gwangyang,1,1,"APL; Hapag-Lloyd; Hyundai; Maersk Line; MCC; ONE; RCL; Safmarine",8,8,12776.25,1081.625,11010,13100,11,11,11,{11}
2019-06-30,SGSIN,Singapore,KRPUS,Busan,3,3,"ANL; CMA CGM; CNC Line-Cheng Lie Navigation Co. Ltd.; COSCO; Hapag-Lloyd; Maersk Line; NileDutch; ONE; PIL; Safmarine; Wan Hai; Yang Ming",12,32,28420.75,2241.666666666667,5500,20150,7,8,9,"{7,8,9}"
2019-06-30,SGSIN,Singapore,LKCMB,Colombo,7,7,"ANL; APL; CMA CGM; CNC Line-Cheng Lie Navigation Co. Ltd.; Gold Star Line; Hapag-Lloyd; Maersk Line; MCC; MSC; ONE; OOCL; PIL; RCL; Safmarine; X-Press; Yang Ming; ZIM",17,61,58401.43095238096,5125.880952380952,2475,14026,4,4,6,"{4,4,5,4,4,6,4}"
2019-06-30,SGSIN,Singapore,MMRGN,Yangon,1,1,MCC,1,1,3428,724,1714,1714,5,5,5,{5}
2019-06-30,SGSIN,Singapore,MTMAR,"Malta (Marsaxlokk)",2,2,"APL; CMA CGM; COSCO; Evergreen Line; OOCL",5,21,18150.21818181818,1449.1909090909091,5301,13208,15,15,15,"{15,15}"
2019-06-30,SGSIN,Singapore,MUPLU,"Port Louis",2,2,"MSC; PIL",2,16,9450.566666666666,703.3,1800,10081,10,11,12,"{10,12}"
2019-06-30,SGSIN,Singapore,MYBKI,"Kota Kinabalu, Sabah",1,1,MCC,1,7,1718.2857142857142,393.42857142857144,1713,1750,5,5,5,{5}
2019-06-30,SGSIN,Singapore,MYBTU,"Bintulu, Sarawak",1,1,SeaLand,1,5,1737.8,428.8,1713,1774,2,2,2,{2}
2019-06-30,SGSIN,Singapore,MYPKG,"Port Klang",36,36,"Advance Container Lines; ANL; APL; BTL-Bengal Tiger Line; CMA CGM; CNC Line-Cheng Lie Navigation Co. Ltd.; COSCO; CULines-China United Lines; Emirates Shipping; Evergreen Line; Feedertech; Gold Star Line; Hapag-Lloyd; Heung-A; Hyundai; IAL-Interasia Lines; KMTC; Maersk Line; MCC; ONE; OOCL; PIL; RCL; Safmarine; Samudera; Sea Lead; Sinokor; Sinotrans; SM Line; SOL; TS Lines; Wan Hai; X-Press; Yang Ming; ZIM",35,206,177897.69184704186,18119.798809523807,777,13100,0,1,2,"{2,2,1,1,1,1,0,2,2,0,1,1,0,1,1,2,1,1,0,0,2,2,0,1,0,2,1,1,1,1,1,1,1,0,1,2}"
2019-06-30,SGSIN,Singapore,MYTPP,"Tanjung Pelepas",9,9,"ANL; APL; CMA CGM; CNC Line-Cheng Lie Navigation Co. Ltd.; COSCO; Emirates Shipping; Evergreen Line; Gold Star Line; Hyundai; Maersk Line; MCC; MSC; ONE; OOCL; Safmarine; X-Press; ZIM",17,75,39661.642424242425,4196.023593073593,2474,9443,0,1,3,"{1,2,3,1,1,1,1,1,0}"
2019-06-30,SGSIN,Singapore,NAWVB,"Walvis Bay",1,1,"COSCO; Gold Star Line; ONE; PIL; ZIM",5,12,4298.666666666667,435,3560,4644,20,20,20,{20}
2019-06-30,SGSIN,Singapore,NLRTM,Rotterdam,1,1,"Hapag-Lloyd; ONE; Yang Ming",3,15,7948.8,746.6666666666666,8120,9040,20,20,20,{20}
2019-06-30,SGSIN,Singapore,NZAKL,Auckland,1,1,"ANL; APL; CMA CGM; COSCO; OOCL; PIL",6,6,4785.666666666667,571.6666666666666,4335,5067,14,14,14,{14}
2019-06-30,SGSIN,Singapore,OMSOH,Sohar,1,1,"ANL; APL; CMA CGM; COSCO; Evergreen Line; OOCL; PIL",7,14,9897.214285714286,650,10000,11388,8,8,8,{8}
2019-06-30,SGSIN,Singapore,PHBTG,Batangas,1,1,"Maersk Line; MCC",2,5,4250.6,519.2,4250,4253,6,6,6,{6}
2019-06-30,SGSIN,Singapore,PHMNN,"Manila North Harbor",2,2,"ANL; APL; CMA CGM; CNC Line-Cheng Lie Navigation Co. Ltd.; COSCO; Evergreen Line; Feedertech; KMTC; OOCL; RCL; TS Lines; X-Press",12,10,8840.5,1007.8333333333334,2910,6800,3,3.5,4,"{3,4}"
2019-06-30,SGSIN,Singapore,PKKHI,Karachi,1,1,"APL; OOCL; Yang Ming",3,6,4626.666666666667,394.6666666666667,5344,5762,7,7,7,{7}
2019-06-30,SGSIN,Singapore,SAJED,Jeddah,3,3,"APL; CMA CGM; COSCO; Evergreen Line; Hapag-Lloyd; ONE; OOCL; PIL; Yang Ming",9,30,35956.48787878788,2442.6262626262624,10000,14500,10,10,10,"{10,10,10}"
2019-06-30,SGSIN,Singapore,SAKAC,"King Abdullah City",1,1,"Alianca; Hamburg Sud; Hyundai; Maersk Line; MCC; MSC; Safmarine",7,12,13790.5,916.6666666666666,13050,14036,11,11,11,{11}
2019-06-30,SGSIN,Singapore,THLCH,"Laem Chabang",11,11,"Alianca; ANL; APL; BTL-Bengal Tiger Line; CMA CGM; COSCO; Emirates Shipping; Evergreen Line; Feedertech; Hamburg Sud; Hapag-Lloyd; Hyundai; KMTC; Maersk Line; MCC; MSC; ONE; OOCL; PIL; RCL; Safmarine; X-Press; Yang Ming",23,82,64494.25454545455,5916.794871794872,2800,14026,2,3,7,"{7,2,2,4,2,5,3,5,2,3,6}"
2019-06-30,SGSIN,Singapore,TWKHH,Kaohsiung,5,5,"ANL; APL; CNC Line-Cheng Lie Navigation Co. Ltd.; COSCO; Evergreen Line; Hapag-Lloyd; IAL-Interasia Lines; ONE; PIL; Wan Hai; X-Press; Yang Ming",12,36,41412.72651515152,3112.825757575758,4211,14100,3,4,4,"{4,4,4,4,3}"
2019-06-30,SGSIN,Singapore,USNYC,"New York NY/NJ",2,2,"Hamburg Sud; Hapag-Lloyd; Hyundai; Maersk Line; MCC; MSC; ONE; Safmarine; Yang Ming; ZIM",10,22,23115.363636363636,1573.6363636363635,7849,14100,24,24,24,"{24,24}"
2019-06-30,SGSIN,Singapore,VNCLN,"Cai Lan",1,1,"CULines-China United Lines; Gold Star Line; Hyundai; X-Press; ZIM",5,5,5023,770,5023,5023,3,3,3,{3}
2019-06-30,SGSIN,Singapore,VNHPH,Haiphong,4,4,"Advance Container Lines; APL; CMA CGM; COSCO; Evergreen Line; Gold Star Line; Hyundai; IAL-Interasia Lines; KMTC; OOCL; PIL; TS Lines; Wan Hai; X-Press; Yang Ming; ZIM",16,17,13325.576190476191,1378.4952380952382,1454,6008,3,4,6,"{3,4,4,6}"
2019-06-30,SGSIN,Singapore,VNSGN,"Ho Chi Minh (VICT/Cat Lai)",3,3,"ANL; CMA CGM; CNC Line-Cheng Lie Navigation Co. Ltd.; COSCO; MCC; Yang Ming",6,12,5328.1,783.2,1100,2806,2,2,2,"{2,2,2}"
2019-06-30,SGSIN,Singapore,VNVUT,"Cai Mep",4,4,"Alianca; ANL; APL; CMA CGM; COSCO; Evergreen Line; Gold Star Line; Hamburg Sud; Hapag-Lloyd; Hyundai; KMTC; Maersk Line; MCC; MSC; ONE; OOCL; Safmarine; TS Lines; Yang Ming; ZIM",20,36,27540.625,2354.5833333333335,2700,13800,2,2,3,"{3,2,2,2}"
2019-06-30,SGSIN,Singapore,ZACPT,"Cape Town",2,2,"ANL; CMA CGM; CNC Line-Cheng Lie Navigation Co. Ltd.; COSCO; Maersk Line; NileDutch; OOCL; PIL; Safmarine",9,24,12625.5,791.6666666666667,3889,11800,16,16,16,"{16,16}"
2019-06-30,SGSIN,Singapore,ZADUR,Durban,1,1,"COSCO; Evergreen Line; Hapag-Lloyd; ONE; PIL",5,7,4471.142857142857,404.85714285714283,2664,5100,9,9,9,{9}
2019-06-30,SIKOP,Koper,EGPSD,"Port Said",1,1,"APL; CMA CGM; COSCO; Evergreen Line; OOCL",5,10,6409.4,640.1,5301,8814,5,5,5,{5}
2019-06-30,SIKOP,Koper,ITTRS,Trieste,2,2,"Alianca; APL; CMA CGM; COSCO; Evergreen Line; Hamburg Sud; Maersk Line; MCC; MSC; OOCL; Safmarine; ZIM",12,21,21339.763636363634,1640.1,5301,15226,1,1.5,2,"{2,1}"
2019-06-30,SLFNA,Freetown,LRMLW,Monrovia,1,1,"CMA CGM",1,4,2630,418,2474,2785,1,1,1,{1}
2019-06-30,SLFNA,Freetown,MAPTM,Tanger,1,1,"Maersk Line; Safmarine",2,7,2500.285714285714,421.14285714285717,2472,2578,10,10,10,{10}
2019-06-30,SNDKR,Dakar,CISPY,"San Pedro, Ivory Coast",1,1,"ANL; APL; CMA CGM; COSCO; NileDutch",5,6,3781,566.6666666666666,3650,4043,4,4,4,{4}
2019-06-30,SNDKR,Dakar,ESALG,Algeciras,1,1,"ANL; APL; CMA CGM; COSCO; NileDutch",5,6,3781,566.6666666666666,3650,4043,5,5,5,{5}
2019-06-30,SNDKR,Dakar,ESLPA,"Las Palmas, Can Is",1,1,MSC,1,7,4733.142857142857,516.5714285714286,3426,6008,3,3,3,{3}
2019-06-30,SNDKR,Dakar,GNCKY,Conakry,1,1,"Maersk Line; Safmarine",2,3,3348,582,2872,3586,3,3,3,{3}
2019-06-30,SNDKR,Dakar,MRNDB,Nouadhibou,1,1,"CMA CGM",1,3,1456.3333333333333,379.3333333333333,1341,1678,2,2,2,{2}
2019-06-30,SNDKR,Dakar,NGTIN,"Lagos, Tin Can",1,1,"COSCO; Messina; MSC",3,5,2644.4,444,2524,2824,6,6,6,{6}
2019-06-30,SNDKR,Dakar,TGLFW,Lome,2,2,"Maersk Line; MSC; Safmarine",3,12,7578.342857142857,947.7714285714285,2474,6008,6,6.5,7,"{6,7}"
2019-06-30,SOBBO,Berbera,SDPZU,"Port Sudan",1,1,MSC,1,1,3811.4285714285716,218.57142857142858,2668,2668,2,2,2,{2}
2019-06-30,SOMGQ,Mogadishu,KMLOG,"Longoni Comoros Is",1,1,"CMA CGM; UAFL-United Africa Feeder Line",2,6,2247,373.6666666666667,2207,2272,3,3,3,{3}
2019-06-30,SRPBM,Paramaribo,KYGEC,Georgetown,1,1,"Evergreen Line; Maersk Line; Seaboard Marine; SeaLand",4,3,1708,202,1708,1708,1,1,1,{1}
2019-06-30,SRPBM,Paramaribo,MQFDF,Fort-de-France,1,1,"CMA CGM",1,2,1109,220,1100,1118,3,3,3,{3}
2019-06-30,SRPBM,Paramaribo,SXSXM,"St Maarten",1,1,"Caribbean Feeder; Crowley; Hapag-Lloyd; ZIM",4,5,1088.8,224.8,1061,1118,3,3,3,{3}
2019-06-30,SRPBM,Paramaribo,TTPOS,"Port of Spain",1,1,"Caribbean Feeder; Crowley; Hapag-Lloyd; ZIM",4,5,1088.8,224.8,1061,1118,2,2,2,{2}
2019-06-30,SRPBM,Paramaribo,USPEF,"Port Everglades FL",1,1,"Crowley; King Ocean",2,1,2236,440,1118,1118,3,3,3,{3}
2019-06-30,SVAQJ,Acajutla,HNSLO,"Puerto San Lorenzo",1,1,"APL; COSCO; Evergreen Line; Hapag-Lloyd; X-Press",5,2,1736,300,1732,1740,1,1,1,{1}
2019-06-30,SVAQJ,Acajutla,MXLZC,"Lazaro Cardenas",1,1,"Alianca; APL; CMA CGM; Hamburg Sud; Maersk Line; SeaLand",6,4,1819,467,1819,1819,2,2,2,{2}
2019-06-30,SVAQJ,Acajutla,NICIO,Corinto,1,1,"Hapag-Lloyd; ONE",2,4,2629.5,398.5,2526,2664,1,1,1,{1}
2019-06-30,SVAQJ,Acajutla,PABLB,Balboa,1,1,"Alianca; ANL; APL; CMA CGM; Hamburg Sud; Maersk Line; Safmarine; SeaLand",8,5,2546,600,2546,2546,2,2,2,{2}
2019-06-30,SXSXM,"St Maarten",AIRBY,Anguilla,1,1,"Crowley; King Ocean",2,1,2236,440,1118,1118,1,1,1,{1}
2019-06-30,SXSXM,"St Maarten",DOCAU,Caucedo,2,2,"Caribbean Feeder; Crowley; Hapag-Lloyd; Tropical Shipping; ZIM",5,7,2221.8,464.8,1061,1148,2,2,2,"{2,2}"
2019-06-30,SXSXM,"St Maarten",GPPTP,Pointe-a-Pitre,1,1,"ANL; APL; CMA CGM",3,5,1296.8,365.6,1221,1347,1,1,1,{1}
2019-06-30,SXSXM,"St Maarten",KNBAS,"Basseterre, St Kitts",1,1,"King Ocean",1,2,2075,472,957,1118,1,1,1,{1}
2019-06-30,SXSXM,"St Maarten",LCSLU,"Castries, St Lucia",1,1,"Seaboard Marine",1,2,1035.5,232,957,1114,1,1,1,{1}
2019-06-30,SXSXM,"St Maarten",TTPOS,"Port of Spain",1,1,"ANL; CMA CGM; Marfret",3,6,1999.1666666666667,428.3333333333333,1678,2339,2,2,2,{2}
2019-06-30,SYLTK,Lattakia,LBBEY,Beirut,1,1,"Arkas Line; CMA CGM; Tarros",3,4,2117.1428571428573,357.85714285714283,1139,1740,1,1,1,{1}
2019-06-30,TGLFW,Lome,BJCOO,Cotonou,3,3,"ANL; CMA CGM; COSCO; Gold Star Line; Marguisa; MSC; ONE; PIL; ZIM",9,25,10221.238095238095,1108.904761904762,3005,4644,1,1,1,"{1,1,1}"
2019-06-30,TGLFW,Lome,GHTEM,Tema,2,2,"ANL; CMA CGM; Maersk Line; MCC; Safmarine",5,17,7488.283333333333,907.7833333333333,2474,5400,3,3.5,4,"{4,3}"
2019-06-30,TGLFW,Lome,LKCMB,Colombo,1,1,"ANL; APL; CMA CGM; CNC Line-Cheng Lie Navigation Co. Ltd.; Maersk Line; MCC; Safmarine",7,13,4219.461538461538,449.53846153846155,3765,4360,28,28,28,{28}
2019-06-30,TGLFW,Lome,NGAPP,Apapa,1,1,"COSCO; OOCL; PIL",3,12,3920,33.333333333333336,3889,4250,1,1,1,{1}
2019-06-30,TGLFW,Lome,SNDKR,Dakar,1,1,MSC,1,7,4733.142857142857,516.5714285714286,3426,6008,6,6,6,{6}
2019-06-30,TGLFW,Lome,ZADUR,Durban,1,1,MSC,1,12,9773,794.1666666666666,8063,13092,13,13,13,{13}
2019-06-30,THBKK,"Bangkok (Old Port)",HKHKG,"Hong Kong",2,2,"ANL; APL; CMA CGM; CNC Line-Cheng Lie Navigation Co. Ltd.; Evergreen Line; KMTC; MCC; Sinokor; TS Lines; Yang Ming",10,7,3311.833333333333,488.83333333333337,1512,1756,4,4,4,"{4,4}"
2019-06-30,THBKK,"Bangkok (Old Port)",THLCH,"Laem Chabang",21,21,"ANL; APL; CK Line; CMA CGM; CNC Line-Cheng Lie Navigation Co. Ltd.; COSCO; Dongjin Shipping; Evergreen Line; Gold Star Line; Heung-A; Hyundai; IAL-Interasia Lines; KMTC; MCC; Namsung; ONE; PanOcean; RCL; Sinokor; Sinotrans; SITC Shipping; SM Line; TS Lines; Wan Hai; Yang Ming; ZIM",26,72,34698.166666666664,4385.75,1040,1946,0,1,2,"{0,1,2,0,1,1,1,0,0,1,0,2,1,1,1,1,1,1,1,2,1}"
2019-06-30,THBKK,"Bangkok (Old Port)",VNSGN,"Ho Chi Minh (VICT/Cat Lai)",1,1,"CK Line; Dongjin Shipping; KMTC; MCC; Namsung; PanCon",6,3,1858.6666666666667,233.33333333333334,1785,1900,3,3,3,{3}
2019-06-30,THLCH,"Laem Chabang",CNNGB,Ningbo,1,1,"COSCO; RCL",2,3,1774,67.33333333333333,1668,1946,5,5,5,{5}
2019-06-30,THLCH,"Laem Chabang",CNSHK,Shekou,1,1,"APL; ONE; OOCL",3,3,4579.666666666667,400,4578,4583,4,4,4,{4}
2019-06-30,THLCH,"Laem Chabang",HKHKG,"Hong Kong",9,9,"ANL; APL; CMA CGM; CNC Line-Cheng Lie Navigation Co. Ltd.; COSCO; Evergreen Line; Gold Star Line; Heung-A; IAL-Interasia Lines; KMTC; MCC; ONE; OOCL; RCL; TS Lines; Wan Hai; Yang Ming; ZIM",18,32,21596.916666666668,2864.916666666667,1626,5610,4,4,5,"{5,5,4,4,4,5,4,4,5}"
2019-06-30,THLCH,"Laem Chabang",IDJKT,"Jakarta, Java",1,1,"ANL; CMA CGM; CNC Line-Cheng Lie Navigation Co. Ltd.; KMTC; Sinokor; TS Lines",6,4,2613.75,378,2401,2806,3,3,3,{3}
2019-06-30,THLCH,"Laem Chabang",KHKOS,Sihanoukville,1,1,"Wan Hai",1,2,1097.5,120,1040,1155,1,1,1,{1}
2019-06-30,THLCH,"Laem Chabang",MYTPP,"Tanjung Pelepas",2,2,"Alianca; Hamburg Sud; Maersk Line; MCC; MSC; ONE; Safmarine",7,17,9306,1008.2115384615385,3301,5744,3,3.5,4,"{4,3}"
2019-06-30,THLCH,"Laem Chabang",PHMNL,Manila,1,1,"ANL; APL; CMA CGM; CNC Line-Cheng Lie Navigation Co. Ltd.; Gold Star Line; Hyundai; RCL; ZIM",8,6,1723,312.5,1700,1756,5,5,5,{5}
2019-06-30,THLCH,"Laem Chabang",SGSIN,Singapore,5,5,"ANL; APL; BTL-Bengal Tiger Line; CMA CGM; COSCO; Emirates Shipping; Evergreen Line; Feedertech; Hyundai; KMTC; Maersk Line; MSC; ONE; OOCL; PIL; RCL; Safmarine; X-Press; Yang Ming; ZIM",20,31,26672.57575757576,2847.287878787879,4211,8110,3,4,5,"{4,4,5,4,3}"
2019-06-30,THLCH,"Laem Chabang",THBKK,"Bangkok (Old Port)",16,14,"ANL; APL; CK Line; CMA CGM; CNC Line-Cheng Lie Navigation Co. Ltd.; Dongjin Shipping; Evergreen Line; Gold Star Line; Heung-A; Hyundai; IAL-Interasia Lines; KMTC; MCC; Namsung; ONE; RCL; Sinokor; TS Lines; Wan Hai; Yang Ming; ZIM",21,57,27150.83333333333,3713.000000000001,1228,1808,0,1,2,"{0,0,1,1,1,0,0,1,1,2,0,2,0,1,0,1}"
2019-06-30,THLCH,"Laem Chabang",TWKHH,Kaohsiung,3,3,"Evergreen Line; Wan Hai; X-Press",3,8,6914.5,703.75,1368,2910,4,5,5,"{5,4,5}"
2019-06-30,THLCH,"Laem Chabang",VNHPH,Haiphong,2,2,"Evergreen Line; ONE; RCL",3,4,2841,468,1228,1730,3,4,5,"{5,3}"
2019-06-30,THLCH,"Laem Chabang",VNSGN,"Ho Chi Minh (VICT/Cat Lai)",11,11,"ANL; APL; CK Line; CMA CGM; CNC Line-Cheng Lie Navigation Co. Ltd.; Dongjin Shipping; Evergreen Line; Heung-A; Hyundai; KMTC; Namsung; ONE; PanOcean; RCL; Sinokor; Sinotrans; SITC Shipping; SM Line; TS Lines; Yang Ming",20,38,20124.166666666664,2537.5833333333335,1228,2495,2,2,3,"{3,2,3,2,2,3,2,2,2,3,2}"
2019-06-30,THLCH,"Laem Chabang",VNVUT,"Cai Mep",9,9,"APL; CMA CGM; COSCO; Evergreen Line; Hapag-Lloyd; Hyundai; KMTC; Maersk Line; MCC; MSC; ONE; OOCL; PIL; Yang Ming",14,77,61763.742640692646,5284.269841269841,3301,14026,1,2,5,"{2,3,2,1,2,2,5,2,3}"
2019-06-30,TOTBU,Nuku'alofa,AUMEL,Melbourne,1,1,"ANL; NPL-Neptune Pacific Line; PDL-Pacific Direct Line; Sofrana ANL; Swire Shipping",5,2,1955,437.14285714285717,734,876,11,11,11,{11}
2019-06-30,TOTBU,Nuku'alofa,WSAPW,"Apia, W. Samoa",1,1,"ANL; PDL-Pacific Direct Line; PIL; Sofrana ANL",4,1,1814,200,907,907,2,2,2,{2}
2019-06-30,TRALI,Aliaga,GRPIR,Piraeus,1,1,"Hapag-Lloyd; ONE; Yang Ming; ZIM",4,8,4250.75,382.5,4250,4253,1,1,1,{1}
2019-06-30,TRALI,Aliaga,PTSIE,Sines,1,1,"MSC; WEC Lines",2,4,5648.25,522.5,5550,5782,6,6,6,{6}
2019-06-30,TRALI,Aliaga,TRISK,Iskenderun,1,1,"ANL; CMA CGM; COSCO; Hapag-Lloyd",4,6,6252.833333333333,611.6666666666666,5600,7179,3,3,3,{3}
2019-06-30,TRALI,Aliaga,TRMER,Mersin,1,1,"Hapag-Lloyd; ONE; Yang Ming",3,10,13780.7,940,13169,14100,3,3,3,{3}
2019-06-30,TRAMB,"Istanbul (Ambarli)",LYMRA,Misurata,1,1,HDASCO,1,3,6582.857142857143,750,2478,2724,3,3,3,{3}
2019-06-30,TRAMB,"Istanbul (Ambarli)",ROCND,Constanta,1,1,"APL; CMA CGM; COSCO; Evergreen Line; OOCL",5,10,8493.2,1149.6,9000,10622,1,1,1,{1}
2019-06-30,TRAMB,"Istanbul (Ambarli)",TRALI,Aliaga,1,1,"ANL; CMA CGM; COSCO; Hapag-Lloyd",4,6,6252.833333333333,611.6666666666666,5600,7179,0,0,0,{0}
2019-06-30,TRAMB,"Istanbul (Ambarli)",TRGEB,"Istanbul (Gebze)",1,1,"COSCO; Hapag-Lloyd; OOCL",3,4,4334.5,490,4250,4578,0,0,0,{0}
2019-06-30,TRAMB,"Istanbul (Ambarli)",TRGEM,"Istanbul (Gemlik)",4,4,"Alianca; ANL; Borchard Lines Ltd; CMA CGM; Hamburg Sud; Hapag-Lloyd; Maersk Line; MSC; Seago Line; Turkon; WEC Lines",11,17,19928.32619047619,2104.976190476191,1878,6969,0,1,1,"{1,0,1,1}"
2019-06-30,TRAMB,"Istanbul (Ambarli)",TRISK,Iskenderun,1,1,"Maersk Line; Safmarine",2,8,6804,820.5,6690,7154,4,4,4,{4}
2019-06-30,TRAMB,"Istanbul (Ambarli)",TRIZM,Izmir,1,1,"Maersk Line; Safmarine",2,7,2500.285714285714,421.14285714285717,2472,2578,3,3,3,{3}
2019-06-30,TRAMB,"Istanbul (Ambarli)",TRIZT,Izmit,3,3,"Hapag-Lloyd; Maersk Line; ONE; Safmarine; SeaLand; Yang Ming",6,29,23661.88181818182,2562.5,3075,14100,0,1,1,"{0,1,1}"
2019-06-30,TRAMB,"Istanbul (Ambarli)",TRTEK,Tekirdag,2,2,"APL; CMA CGM; COSCO; Maersk Line; MCC; MSC; OOCL; Safmarine; ZIM",9,17,23001.942857142858,2260,4392,15908,1,1,1,"{1,1}"
2019-06-30,TRAMB,"Istanbul (Ambarli)",UAODS,Odessa,1,1,"Maersk Line; Safmarine; SeaLand",3,11,3077.1818181818185,802,3075,3078,3,3,3,{3}
2019-06-30,TRGEB,"Istanbul (Gebze)",TRAMB,"Istanbul (Ambarli)",2,2,"Alianca; ANL; Borchard Lines Ltd; CMA CGM; Hamburg Sud; Maersk Line; MSC; Seago Line; Turkon",9,8,11463.333333333332,1073.3333333333335,4549,6969,0,0,0,"{0,0}"
2019-06-30,TRGEB,"Istanbul (Gebze)",TRIZM,Izmir,1,1,"COSCO; Hapag-Lloyd; OOCL",3,4,4334.5,490,4250,4578,1,1,1,{1}
2019-06-30,TRGEB,"Istanbul (Gebze)",TRTEK,Tekirdag,1,1,MSC,1,8,4703,488.5,4132,5059,1,1,1,{1}
2019-06-30,TRGEM,"Istanbul (Gemlik)",GBFXT,Felixstowe,1,1,MSC,1,3,4830.333333333333,553.3333333333334,4549,5042,8,8,8,{8}
2019-06-30,TRGEM,"Istanbul (Gemlik)",TRGEB,"Istanbul (Gebze)",1,1,MSC,1,8,4703,488.5,4132,5059,1,1,1,{1}
2019-06-30,TRGEM,"Istanbul (Gemlik)",TRIZM,Izmir,2,2,"Alianca; ANL; Borchard Lines Ltd; CMA CGM; Hamburg Sud; Hapag-Lloyd; Maersk Line; Seago Line; Turkon",9,10,9449.742857142857,1029.142857142857,1878,6969,1,1.5,2,"{2,1}"
2019-06-30,TRGEM,"Istanbul (Gemlik)",TRTEK,Tekirdag,1,1,"MSC; WEC Lines",2,4,5648.25,522.5,5550,5782,0,0,0,{0}
2019-06-30,TRISK,Iskenderun,EGDAM,Damietta,1,1,"ANL; CMA CGM; COSCO; Hapag-Lloyd",4,6,6252.833333333333,611.6666666666666,5600,7179,2,2,2,{2}
2019-06-30,TRISK,Iskenderun,EGPSD,"Port Said",1,1,"Maersk Line; Safmarine",2,8,6804,820.5,6690,7154,3,3,3,{3}
2019-06-30,TRISK,Iskenderun,GBFXT,Felixstowe,1,1,"Alianca; Borchard Lines Ltd; Hamburg Sud; Maersk Line; Safmarine; Seago Line; ZIM",7,5,4504,700,4504,4504,10,10,10,{10}
2019-06-30,TRISK,Iskenderun,ITNAP,Naples,1,1,"MSC; WEC Lines",2,5,8355.8,680,6969,8814,3,3,3,{3}
2019-06-30,TRISK,Iskenderun,SAKAC,"King Abdullah City",1,1,"APL; CMA CGM; COSCO; MSC; OOCL; ZIM",6,7,8585.142857142857,1100,4392,9580,4,4,4,{4}
2019-06-30,TRISK,Iskenderun,TRMER,Mersin,1,1,"COSCO; Evergreen Line; OOCL; Yang Ming",4,5,3402.8,411.6,4250,4256,1,1,1,{1}
2019-06-30,TRIZM,Izmir,EGPSD,"Port Said",1,1,"Maersk Line; Safmarine",2,7,2500.285714285714,421.14285714285717,2472,2578,2,2,2,{2}
2019-06-30,TRIZM,Izmir,ESALG,Algeciras,2,2,"Hapag-Lloyd; Maersk Line; Safmarine; SeaLand; Turkon",5,16,5893.924675324675,1311.142857142857,1878,3078,6,6,6,"{6,6}"
2019-06-30,TRIZM,Izmir,GRPIR,Piraeus,1,1,"MSC; ZIM",2,4,4597.75,362.5,4392,5059,1,1,1,{1}
2019-06-30,TRIZM,Izmir,ITSAL,Salerno,1,1,"COSCO; Hapag-Lloyd; OOCL",3,4,4334.5,490,4250,4578,2,2,2,{2}
2019-06-30,TRIZM,Izmir,MTMAR,"Malta (Marsaxlokk)",1,1,"Alianca; ANL; Borchard Lines Ltd; CMA CGM; Hamburg Sud; Maersk Line; Seago Line; Turkon",8,5,6633,520,6350,6969,2,2,2,{2}
2019-06-30,TRIZM,Izmir,TRGEM,"Istanbul (Gemlik)",1,1,MSC,1,8,4703,488.5,4132,5059,3,3,3,{3}
2019-06-30,TRIZT,Izmit,TRALI,Aliaga,1,1,"Hapag-Lloyd; ONE; Yang Ming",3,10,13780.7,940,13169,14100,1,1,1,{1}
2019-06-30,TRIZT,Izmit,TRAMB,"Istanbul (Ambarli)",5,5,"ANL; APL; CMA CGM; COSCO; Evergreen Line; Hapag-Lloyd; Maersk Line; MCC; MSC; OOCL; Safmarine; SeaLand; Turkon; ZIM",14,42,35056.75800865801,4232.409523809523,1878,15908,1,1,1,"{1,1,1,1,1}"
2019-06-30,TRIZT,Izmit,TRIZM,Izmir,1,1,"Maersk Line; Safmarine; SeaLand",3,11,3077.1818181818185,802,3075,3078,2,2,2,{2}
2019-06-30,TRIZT,Izmit,UAODS,Odessa,1,1,"Maersk Line; Safmarine",2,8,6804,820.5,6690,7154,6,6,6,{6}
2019-06-30,TRMER,Mersin,ESALG,Algeciras,1,1,"Alianca; CMA CGM; Hamburg Sud; Hapag-Lloyd; Maersk Line; Seago Line",6,5,6038.8,863.2,5552,6648,8,8,8,{8}
2019-06-30,TRMER,Mersin,GRPIR,Piraeus,3,3,"ANL; APL; CMA CGM; COSCO; Evergreen Line; Hapag-Lloyd; MSC; OOCL; ZIM",9,22,19923.309523809523,2208.6666666666665,4392,9580,2,2,3,"{3,2,2}"
2019-06-30,TRMER,Mersin,ILASH,Ashdod,1,1,"Hapag-Lloyd; ONE; Yang Ming; ZIM",4,8,4250.75,382.5,4250,4253,2,2,2,{2}
2019-06-30,TRMER,Mersin,ILHFA,Haifa,1,1,"COSCO; Evergreen Line; OOCL; Yang Ming",4,5,3402.8,411.6,4250,4256,0,0,0,{0}
2019-06-30,TRMER,Mersin,ITSAL,Salerno,1,1,"Borchard Lines Ltd",1,4,1216,200,1216,1216,4,4,4,{4}
2019-06-30,TRMER,Mersin,SAJED,Jeddah,1,1,"Hapag-Lloyd; ONE; Yang Ming",3,10,13780.7,940,13169,14100,5,5,5,{5}
2019-06-30,TRMER,Mersin,SYLTK,Lattakia,1,1,"Arkas Line; CMA CGM; Tarros",3,4,2117.1428571428573,357.85714285714283,1139,1740,1,1,1,{1}
2019-06-30,TRMER,Mersin,TRISK,Iskenderun,2,2,"APL; CMA CGM; COSCO; MSC; OOCL; WEC Lines; ZIM",7,12,16940.942857142858,1780,4392,9580,1,1,1,"{1,1}"
2019-06-30,TRMER,Mersin,TRIZT,Izmit,1,1,"Hapag-Lloyd; Turkon",2,5,2816.7428571428572,509.14285714285717,1878,2824,2,2,2,{2}
2019-06-30,TRTEK,Tekirdag,GRPIR,Piraeus,1,1,"Maersk Line; MCC; MSC; Safmarine; ZIM",5,10,14416.8,1160,13050,15908,1,1,1,{1}
2019-06-30,TRTEK,Tekirdag,ITGOA,Genoa,1,1,MSC,1,8,4703,488.5,4132,5059,4,4,4,{4}
2019-06-30,TRTEK,Tekirdag,TRALI,Aliaga,1,1,"MSC; WEC Lines",2,4,5648.25,522.5,5550,5782,1,1,1,{1}
2019-06-30,TRTEK,Tekirdag,TRMER,Mersin,1,1,"APL; CMA CGM; COSCO; MSC; OOCL; ZIM",6,7,8585.142857142857,1100,4392,9580,2,2,2,{2}
2019-06-30,TTPOS,"Port of Spain",BBBGI,Bridgetown,1,1,"Caribbean Feeder; Crowley; Hapag-Lloyd; ZIM",4,5,1088.8,224.8,1061,1118,1,1,1,{1}
2019-06-30,TTPOS,"Port of Spain",BRMCP,Macapa,1,1,"MSC; ONE",2,4,2754.5,439,2468,3534,5,5,5,{5}
2019-06-30,TTPOS,"Port of Spain",CWWIL,Willemstad,1,1,"ANL; APL; CMA CGM",3,5,1296.8,365.6,1221,1347,2,2,2,{2}
2019-06-30,TTPOS,"Port of Spain",GFDDC,"Degrad des Cannes",1,1,"ANL; CMA CGM; Marfret",3,6,1999.1666666666667,428.3333333333333,1678,2339,4,4,4,{4}
2019-06-30,TTPOS,"Port of Spain",GYGEO,"Georgetown, Guyana",2,2,"Caribbean Feeder; CMA CGM; Crowley; Hapag-Lloyd; ZIM",5,7,2197.8,444.8,1061,1118,1,1.5,2,"{2,1}"
2019-06-30,TTPOS,"Port of Spain",SRPBM,Paramaribo,1,1,"Caribbean Feeder; Crowley; Hapag-Lloyd; ZIM",4,5,1088.8,224.8,1061,1118,2,2,2,{2}
2019-06-30,TTPOS,"Port of Spain",VCKTN,"Kingstown, St Vincent",2,2,"Crowley; King Ocean",2,3,4311,912,957,1118,1,1,1,"{1,1}"
2019-06-30,TTPTS,"Point Lisas",BBBGI,Bridgetown,1,1,"Seaboard Marine",1,2,1035.5,232,957,1114,1,1,1,{1}
2019-06-30,TTPTS,"Point Lisas",COCTG,Cartagena,1,1,"Evergreen Line; Maersk Line; Seaboard Marine; SeaLand",4,3,1708,202,1708,1708,4,4,4,{4}
2019-06-30,TTPTS,"Point Lisas",GDSTG,"St George's",1,1,"CMA CGM",1,3,842.6666666666666,165.33333333333334,698,1118,1,1,1,{1}
2019-06-30,TTPTS,"Point Lisas",GYGEO,"Georgetown, Guyana",2,2,"Caribbean Feeder; Tropical Shipping; ZIM",3,4,2101,443.5,850,1148,1,1.5,2,"{1,2}"
2019-06-30,TTPTS,"Point Lisas",JMKIN,Kingston,2,2,"Caribbean Feeder; Seaboard Marine; ZIM",3,4,2137.5,452,957,1114,3,3,3,"{3,3}"
2019-06-30,TTPTS,"Point Lisas",SRPBM,Paramaribo,1,1,"Evergreen Line; Maersk Line; Seaboard Marine; SeaLand",4,3,1708,202,1708,1708,2,2,2,{2}
2019-06-30,TTPTS,"Point Lisas",VCKTN,"Kingstown, St Vincent",1,1,"Crowley; King Ocean; ZIM",3,2,1290,390,1284,1296,1,1,1,{1}
2019-06-30,TWKEL,Keelung,CNDLC,Dalian,1,1,MCC,1,6,5125.833333333333,481.3333333333333,2478,5888,6,6,6,{6}
2019-06-30,TWKEL,Keelung,CNSHA,Shanghai,1,1,"ANL; APL; CMA CGM; COSCO; Hapag-Lloyd; OOCL; PDL-Pacific Direct Line; PIL",8,7,4358,457.14285714285717,4250,4583,2,2,2,{2}
2019-06-30,TWKEL,Keelung,HKHKG,"Hong Kong",3,3,"Evergreen Line; Hapag-Lloyd; Hyundai; MSC; ONE; OOCL; Yang Ming",7,20,18729.78787878788,1962.3939393939395,2442,11010,2,4,4,"{4,2,4}"
2019-06-30,TWKEL,Keelung,JPMOJ,Moji,1,1,"TS Lines; Yang Ming",2,2,1770,250,1740,1800,1,1,1,{1}
2019-06-30,TWKEL,Keelung,JPNAH,"Naha (Okinawa Is)",2,1,ONE,1,4,1106,200,550,556,0,0.5,1,"{1,0}"
2019-06-30,TWKEL,Keelung,JPOSA,Osaka,1,1,"ANL; CMA CGM; CNC Line-Cheng Lie Navigation Co. Ltd.; Evergreen Line; TS Lines; Yang Ming",6,3,1737.3333333333333,300,1732,1740,2,2,2,{2}
2019-06-30,TWKEL,Keelung,JPTYO,Tokyo,2,2,"ANL; APL; CMA CGM; CNC Line-Cheng Lie Navigation Co. Ltd.; Evergreen Line; MCC; TS Lines; Yang Ming",8,8,3541.25,545.5,1708,1805,3,3.5,4,"{4,3}"
2019-06-30,TWKEL,Keelung,KRINC,Inchon,1,1,"KMTC; TS Lines; Yang Ming",3,2,1695,300,1585,1805,2,2,2,{2}
2019-06-30,TWKEL,Keelung,KRPUS,Busan,1,1,"ANL; CMA CGM; CNC Line-Cheng Lie Navigation Co. Ltd.; KMTC; Sinokor",5,3,1574.3333333333333,143.33333333333334,1512,1626,2,2,2,{2}
2019-06-30,TWKEL,Keelung,SGSIN,Singapore,1,1,"COSCO; Evergreen Line; Hapag-Lloyd; ONE; PIL",5,7,4471.142857142857,404.85714285714283,2664,5100,7,7,7,{7}
2019-06-30,TWKEL,Keelung,TWKHH,Kaohsiung,6,6,"ANL; APL; CMA CGM; CNC Line-Cheng Lie Navigation Co. Ltd.; Evergreen Line; IAL-Interasia Lines; MCC; ONE; OOCL; TS Lines; Wan Hai; Yang Ming",12,19,11921.083333333334,1402.6666666666667,1368,2824,0,1,1,"{0,1,1,1,1,0}"
2019-06-30,TWKEL,Keelung,TWTXG,Taichung,7,7,"ANL; APL; CMA CGM; CNC Line-Cheng Lie Navigation Co. Ltd.; Evergreen Line; IAL-Interasia Lines; KMTC; MCC; TS Lines; Wan Hai; Yang Ming",11,21,10687.833333333332,1743.5,1024,1805,0,1,1,"{1,0,0,0,1,1,1}"
2019-06-30,TWKEL,Keelung,USLAX,"Los Angeles CA",1,1,"Hapag-Lloyd; ONE; Yang Ming",3,6,6571.333333333333,500,6500,6589,12,12,12,{12}
2019-06-30,TWKHH,Kaohsiung,AUBNE,Brisbane,1,1,"ANL; APL; CMA CGM; COSCO; Hapag-Lloyd; OOCL; PDL-Pacific Direct Line; PIL",8,7,4358,457.14285714285717,4250,4583,11,11,11,{11}
2019-06-30,TWKHH,Kaohsiung,AUMEL,Melbourne,1,1,"ANL; CMA CGM; COSCO; OOCL",4,6,5207.833333333333,524,4944,5770,12,12,12,{12}
2019-06-30,TWKHH,Kaohsiung,AUSYD,Sydney,1,1,"APL; Evergreen Line; Hapag-Lloyd; ONE; PIL; Sinotrans; TS Lines; Yang Ming",8,6,4298.833333333333,432.6666666666667,4211,4444,12,12,12,{12}
2019-06-30,TWKHH,Kaohsiung,CAVAN,"Vancouver BC",1,1,"APL; CMA CGM; COSCO; Evergreen Line; OOCL",5,6,5838,535.6666666666666,5714,5888,12,12,12,{12}
2019-06-30,TWKHH,Kaohsiung,CNNGB,Ningbo,2,2,"Alianca; ANL; APL; CMA CGM; COSCO; Evergreen Line; Hamburg Sud; Hapag-Lloyd; Maersk Line; MCC; OOCL",11,18,16540.416666666664,1767.5,6046,11040,1,2,3,"{1,3}"
2019-06-30,TWKHH,Kaohsiung,CNNSA,Nansha,2,2,"ANL; CMA CGM; Evergreen Line; Maersk Line; MCC; Safmarine; Wan Hai",7,14,6352.083333333333,736.5833333333333,1618,5400,1,1,1,"{1,1}"
2019-06-30,TWKHH,Kaohsiung,CNSHA,Shanghai,5,5,"APL; CMA CGM; COSCO; Evergreen Line; Gold Star Line; Hapag-Lloyd; Hyundai; MCC; NewPac; ONE; PIL; Sinotrans; Swire Shipping; TS Lines; Wan Hai; Yang Ming; ZIM",17,29,28280.597619047618,2962.980952380952,2546,8827,3,3,4,"{3,3,4,3,3}"
2019-06-30,TWKHH,Kaohsiung,CNSHK,Shekou,7,7,"ANL; APL; CMA CGM; CNC Line-Cheng Lie Navigation Co. Ltd.; COSCO; Evergreen Line; Hapag-Lloyd; Hyundai; IAL-Interasia Lines; Maersk Line; MCC; ONE; OOCL; PIL; RCL; Safmarine; Wan Hai; X-Press; Yang Ming",19,53,54051.52272727272,4242.209848484848,2495,14424,1,2,2,"{2,1,2,2,1,1,2}"
2019-06-30,TWKHH,Kaohsiung,CNSWA,Shantou,1,1,SeaLand,1,5,1737.8,428.8,1713,1774,2,2,2,{2}
2019-06-30,TWKHH,Kaohsiung,CNTAO,Qingdao,4,4,"ANL; APL; CMA CGM; CNC Line-Cheng Lie Navigation Co. Ltd.; COSCO; Evergreen Line; Hyundai; MELL; OOCL",9,26,30175.454545454544,2230.333333333333,1800,20150,2,2.5,3,"{3,2,3,2}"
2019-06-30,TWKHH,Kaohsiung,CNXMN,Xiamen,7,7,"ANL; APL; Asean Seas Line; CMA CGM; CNC Line-Cheng Lie Navigation Co. Ltd.; COSCO; Evergreen Line; Hapag-Lloyd; Maersk Line; MSC; ONE; OOCL; PIL; SeaLand; Wan Hai; Yang Ming; ZIM",17,44,38708.37738095238,3619.111904761905,1714,8930,0,1,1,"{1,0,1,1,1,1,1}"
2019-06-30,TWKHH,Kaohsiung,CNYTN,Yantian,4,4,"Alianca; ANL; APL; CMA CGM; CNC Line-Cheng Lie Navigation Co. Ltd.; COSCO; Evergreen Line; Hamburg Sud; Hapag-Lloyd; Hyundai; Maersk Line; MCC; MSC; ONE; Safmarine; TS Lines; Wan Hai; Yang Ming; ZIM",19,31,34466.2,3027.4515151515157,2546,14220,2,2.5,3,"{2,3,3,2}"
2019-06-30,TWKHH,Kaohsiung,HKHKG,"Hong Kong",28,28,"Alianca; ANL; APL; CMA CGM; CNC Line-Cheng Lie Navigation Co. Ltd.; COSCO; Evergreen Line; Hamburg Sud; Hapag-Lloyd; Hyundai; IAL-Interasia Lines; KMTC; Maersk Line; MCC; MSC; ONE; OOCL; PIL; SeaLand; TS Lines; Wan Hai; X-Press; Yang Ming",23,136,98817.28181818183,10086.210389610389,1024,14100,0,1,4,"{2,1,3,1,1,1,1,1,4,1,2,1,1,2,0,1,1,3,1,2,1,1,1,1,0,1,1,2}"
2019-06-30,TWKHH,Kaohsiung,IDSUB,"Surabaya, Java",1,1,"Evergreen Line; MCC; Yang Ming",3,7,2844.8571428571427,353.7142857142857,2742,2926,6,6,6,{6}
2019-06-30,TWKHH,Kaohsiung,JPHKT,Hakata,1,1,"ANL; CMA CGM; CNC Line-Cheng Lie Navigation Co. Ltd.; Evergreen Line; X-Press",5,4,2922,343.5,2910,2926,2,2,2,{2}
2019-06-30,TWKHH,Kaohsiung,JPMOJ,Moji,1,1,SeaLand,1,3,2254,477.3333333333333,2007,2586,3,3,3,{3}
2019-06-30,TWKHH,Kaohsiung,JPNGO,Nagoya,1,1,"Hapag-Lloyd; ONE; Yang Ming",3,6,4750.833333333333,349.5,4432,5117,3,3,3,{3}
2019-06-30,TWKHH,Kaohsiung,JPOSA,Osaka,1,1,"Gold Star Line; KMTC; TS Lines; Yang Ming; ZIM",5,4,2776.5,528.25,2700,2824,3,3,3,{3}
2019-06-30,TWKHH,Kaohsiung,JPTYO,Tokyo,2,2,"APL; CNC Line-Cheng Lie Navigation Co. Ltd.; OOCL; TS Lines",4,8,7041,775,2468,4583,3,3,3,"{3,3}"
2019-06-30,TWKHH,Kaohsiung,JPYOK,Yokohama,1,1,ONE,1,3,1678,261.6666666666667,1613,1713,3,3,3,{3}
2019-06-30,TWKHH,Kaohsiung,KRKAN,Gwangyang,1,1,"APL; CMA CGM; Yang Ming",3,3,1793.3333333333333,266.6666666666667,1730,1850,3,3,3,{3}
2019-06-30,TWKHH,Kaohsiung,KRPUS,Busan,2,2,"Hapag-Lloyd; Hyundai; Maersk Line; MCC; MSC; ONE; Yang Ming",7,17,20495.27142857143,1525.7142857142858,6350,14100,2,2.5,3,"{3,2}"
2019-06-30,TWKHH,Kaohsiung,MYTPP,"Tanjung Pelepas",1,1,MCC,1,5,2700.4,475.2,2574,2806,4,4,4,{4}
2019-06-30,TWKHH,Kaohsiung,PAONX,Colon,1,1,"APL; CMA CGM; COSCO; Evergreen Line; OOCL",5,10,9308.6,998.9,8452,14424,21,21,21,{21}
2019-06-30,TWKHH,Kaohsiung,PHBTG,Batangas,1,1,"Evergreen Line",1,1,2586,400,2586,2586,1,1,1,{1}
2019-06-30,TWKHH,Kaohsiung,PHCEB,Cebu,3,3,"COSCO; Evergreen Line; OOCL; Wan Hai; X-Press; Yang Ming",6,4,3310,372,1060,1162,3,3,4,"{3,3,4}"
2019-06-30,TWKHH,Kaohsiung,PHCGY,"Cagayan de Oro",1,1,"Evergreen Line",1,2,1734,250,1728,1740,3,3,3,{3}
2019-06-30,TWKHH,Kaohsiung,PHMNN,"Manila North Harbor",2,2,"Evergreen Line; OOCL; X-Press; Yang Ming",4,3,7126,922,2742,4300,2,2,2,"{2,2}"
2019-06-30,TWKHH,Kaohsiung,PHMNS,"Manila South Harbor",1,1,"ANL; APL; CMA CGM; CNC Line-Cheng Lie Navigation Co. Ltd.; Hyundai",5,3,4250,499.3333333333333,4250,4250,1,1,1,{1}
2019-06-30,TWKHH,Kaohsiung,PHSFS,"Subic Bay",1,1,APL,1,2,1605,319,1496,1714,2,2,2,{2}
2019-06-30,TWKHH,Kaohsiung,SGSIN,Singapore,3,3,"COSCO; Evergreen Line; Hapag-Lloyd; Hyundai; ONE; OOCL; PIL; Samudera; TS Lines; Yang Ming",10,19,19400.928571428572,1754.5357142857142,2867,8814,3,4,4,"{4,4,3}"
2019-06-30,TWKHH,Kaohsiung,TWKEL,Keelung,5,4,"Evergreen Line; Hapag-Lloyd; MCC; ONE; OOCL; Yang Ming",6,23,21294.499999999996,1748,550,6589,0,1,1,"{1,1,1,0,1}"
2019-06-30,TWKHH,Kaohsiung,TWTPE,Taipei,3,3,"APL; CMA CGM; COSCO; Evergreen Line; IAL-Interasia Lines; MCC; Wan Hai; Yang Ming",8,17,14871.857142857143,1605.047619047619,2495,13806,1,1,1,"{1,1,1}"
2019-06-30,TWKHH,Kaohsiung,TWTXG,Taichung,13,13,"ANL; APL; CMA CGM; CNC Line-Cheng Lie Navigation Co. Ltd.; Evergreen Line; IAL-Interasia Lines; KMTC; MCC; OOCL; TS Lines; Wan Hai; Yang Ming",12,45,24916.75,3119.083333333333,1368,2926,0,0,2,"{1,1,0,1,1,0,0,2,0,0,1,0,0}"
2019-06-30,TWKHH,Kaohsiung,USLGB,"Long Beach CA",1,1,"APL; CMA CGM; COSCO; Evergreen Line; OOCL",5,6,8840,700,8600,8888,13,13,13,{13}
2019-06-30,TWKHH,Kaohsiung,VNDAD,"Da Nang",2,2,"Evergreen Line; IAL-Interasia Lines; Wan Hai",3,6,3952,426.6666666666667,1728,2200,1,1.5,2,"{2,1}"
2019-06-30,TWKHH,Kaohsiung,VNHPH,Haiphong,4,4,"Evergreen Line; ONE; Wan Hai",3,6,5888,787.6666666666667,1088,1713,2,2,2,"{2,2,2,2}"
2019-06-30,TWKHH,Kaohsiung,VNSGN,"Ho Chi Minh (VICT/Cat Lai)",1,1,"APL; CMA CGM; Yang Ming",3,3,1793.3333333333333,266.6666666666667,1730,1850,2,2,2,{2}
2019-06-30,TWKHH,Kaohsiung,VNVUT,"Cai Mep",1,1,"APL; CMA CGM; COSCO; Evergreen Line; OOCL",5,6,8840,700,8600,8888,3,3,3,{3}
2019-06-30,TWTPE,Taipei,CNSHK,Shekou,1,1,"APL; CMA CGM; COSCO; Evergreen Line; OOCL",5,7,5569.714285714285,562,5364,5652,2,2,2,{2}
2019-06-30,TWTPE,Taipei,CNXMN,Xiamen,2,2,"APL; CMA CGM; COSCO; Evergreen Line; OOCL; PIL",6,14,13599.875,1244.5,6046,11923,2,2,2,"{2,2}"
2019-06-30,TWTPE,Taipei,CNYTN,Yantian,2,2,"APL; CMA CGM; COSCO; Evergreen Line; OOCL",5,20,22314.787878787876,1231,5250,20150,1,2.5,4,"{4,1}"
2019-06-30,TWTPE,Taipei,HKHKG,"Hong Kong",2,2,"Evergreen Line; IAL-Interasia Lines; Wan Hai",3,6,5212,560,2474,2742,1,1.5,2,"{1,2}"
2019-06-30,TWTPE,Taipei,JPHKT,Hakata,1,1,"IAL-Interasia Lines; Wan Hai",2,3,1752,276.6666666666667,1728,1800,2,2,2,{2}
2019-06-30,TWTPE,Taipei,JPKWS,Kawasaki,1,1,"IAL-Interasia Lines; Wan Hai",2,4,2646,358,2646,2646,3,3,3,{3}
2019-06-30,TWTPE,Taipei,JPOSA,Osaka,2,2,"Evergreen Line; IAL-Interasia Lines; Wan Hai; Yang Ming",4,6,3446.75,585.75,1618,1805,2,2.5,3,"{2,3}"
2019-06-30,TWTPE,Taipei,JPTYO,Tokyo,3,3,"Evergreen Line; MCC; OOCL; Wan Hai; Yang Ming",5,15,7324.857142857143,919.4642857142858,1368,2926,2,3,3,"{2,3,3}"
2019-06-30,TWTPE,Taipei,KRINC,Inchon,2,2,"Evergreen Line; IAL-Interasia Lines; Wan Hai",3,8,4254.25,561.75,1368,2750,2,2.5,3,"{2,3}"
2019-06-30,TWTPE,Taipei,TWKHH,Kaohsiung,8,8,"ANL; CMA CGM; CNC Line-Cheng Lie Navigation Co. Ltd.; Evergreen Line; IAL-Interasia Lines; Wan Hai; X-Press",7,27,16835.083333333336,2061.25,1088,2926,0,1,1,"{0,1,1,1,0,0,1,1}"
2019-06-30,TWTPE,Taipei,TWTXG,Taichung,8,8,"Evergreen Line; MCC; OOCL; Wan Hai; Yang Ming",5,28,14794.440476190477,1800.8809523809525,1040,2926,0,0.5,1,"{1,0,1,0,1,0,0,1}"
2019-06-30,TWTPE,Taipei,USLAX,"Los Angeles CA",1,1,"APL; CMA CGM; COSCO; Evergreen Line",4,6,9369,921.3333333333334,8452,13806,13,13,13,{13}
2019-06-30,TWTXG,Taichung,CNNGB,Ningbo,1,1,MCC,1,7,4121,271.42857142857144,3534,4447,1,1,1,{1}
2019-06-30,TWTXG,Taichung,CNXMN,Xiamen,1,1,"Maersk Line; MCC",2,5,4250.6,519.2,4250,4253,1,1,1,{1}
2019-06-30,TWTXG,Taichung,HKHKG,"Hong Kong",3,3,"ANL; CMA CGM; CNC Line-Cheng Lie Navigation Co. Ltd.; Evergreen Line; IAL-Interasia Lines; TS Lines; Wan Hai; Yang Ming",8,9,5079.333333333333,811,1368,1800,1,2,2,"{2,1,2}"
2019-06-30,TWTXG,Taichung,TWKEL,Keelung,3,3,"ANL; APL; CMA CGM; CNC Line-Cheng Lie Navigation Co. Ltd.; Evergreen Line; KMTC; MCC; TS Lines; Yang Ming",9,10,5236.25,845.5,1585,1805,0,1,1,"{1,1,0}"
2019-06-30,TWTXG,Taichung,TWKHH,Kaohsiung,14,14,"ANL; APL; CMA CGM; CNC Line-Cheng Lie Navigation Co. Ltd.; Evergreen Line; KMTC; MCC; ONE; OOCL; TS Lines; Wan Hai; Yang Ming",12,49,24841.690476190473,3248.6309523809523,1024,2926,0,1,1,"{0,0,1,1,1,1,1,1,0,1,1,1,1,0}"
2019-06-30,TWTXG,Taichung,TWTPE,Taipei,10,9,"Evergreen Line; IAL-Interasia Lines; MCC; OOCL; Wan Hai; Yang Ming",6,38,22166.357142857145,2875.6309523809523,1368,2926,0,0,1,"{0,1,0,0,0,0,0,0,0,1}"
2019-06-30,TWTXG,Taichung,VNSGN,"Ho Chi Minh (VICT/Cat Lai)",2,2,"Evergreen Line; OOCL; Wan Hai; Yang Ming",4,7,4069.25,398.41666666666663,1368,2535,3,3.5,4,"{3,4}"
2019-06-30,TZDAR,"Dar es Salaam",INNSA,"Mumbai (Nhava Sheva)",1,1,"ANL; CMA CGM; Emirates Shipping; Hapag-Lloyd",4,5,3907,485.2,3091,4620,15,15,15,{15}
2019-06-30,TZDAR,"Dar es Salaam",KEMBA,Mombasa,1,1,"Maersk Line; Safmarine",2,6,2574.3333333333335,431.5,2450,2826,6,6,6,{6}
2019-06-30,TZDAR,"Dar es Salaam",LKCMB,Colombo,2,2,"ANL; CMA CGM; CNC Line-Cheng Lie Navigation Co. Ltd.; COSCO; Emirates Shipping; Evergreen Line; ONE; OOCL; PIL; X-Press",10,9,9467,1231.7142857142858,2475,3651,10,10,10,"{10,10}"
2019-06-30,TZDAR,"Dar es Salaam",MYPEN,Penang,1,1,"COSCO; OOCL; PIL",3,8,2954.875,387.5,2475,3566,12,12,12,{12}
2019-06-30,TZDAR,"Dar es Salaam",MYTPP,"Tanjung Pelepas",1,1,"Maersk Line; MCC; Safmarine",3,8,3633.75,451.25,3398,4380,14,14,14,{14}
2019-06-30,TZZNZ,Zanzibar,KMMUT,Mutsamudu,1,1,"Emirates Shipping; UAFL-United Africa Feeder Line; WEC Lines",3,3,2452.285714285714,471.42857142857144,1726,2268,3,3,3,{3}
2019-06-30,UAILK,Chornomorsk,ROCND,Constanta,1,1,"Maersk Line; Safmarine",2,8,6804,820.5,6690,7154,2,2,2,{2}
2019-06-30,UAODS,Odessa,GRPIR,Piraeus,1,1,"APL; CMA CGM; COSCO; Evergreen Line; OOCL",5,10,8493.2,1149.6,9000,10622,2,2,2,{2}
2019-06-30,UAODS,Odessa,RUNVS,Novorossiysk,1,1,"Maersk Line; Safmarine; SeaLand",3,11,3077.1818181818185,802,3075,3078,2,2,2,{2}
2019-06-30,UAODS,Odessa,UAILK,Chornomorsk,1,1,"Maersk Line; Safmarine",2,8,6804,820.5,6690,7154,2,2,2,{2}
2019-06-30,USBAL,"Baltimore MD",USCHS,"Charleston SC",2,2,"Alianca; Hamburg Sud; Hapag-Lloyd; Maersk Line; MSC; Safmarine; SeaLand; ZIM",8,11,9681.416666666666,1340.5,3421,6750,2,2,2,"{2,2}"
2019-06-30,USBAL,"Baltimore MD",USORF,"Norfolk VA",5,5,"Alianca; APL; CMA CGM; COSCO; Evergreen Line; Hamburg Sud; Hyundai; Maersk Line; MCC; MSC; OOCL; Safmarine; ZIM",13,41,35558.4948051948,3227.631818181818,1798,14424,1,1,1,"{1,1,1,1,1}"
2019-06-30,USBOS,"Boston MA",USILM,"Wilmington NC",1,1,"Hapag-Lloyd; ONE; Yang Ming",3,10,9392.2,852.4,8120,10100,2,2,2,{2}
2019-06-30,USBOS,"Boston MA",USNYC,"New York NY/NJ",1,1,"APL; CMA CGM; COSCO; Evergreen Line; OOCL",5,10,7692.8,854.8,8452,9200,1,1,1,{1}
2019-06-30,USBOS,"Boston MA",USPHL,"Philadelphia PA",1,1,MSC,1,7,4112,1300,4112,4112,4,4,4,{4}
2019-06-30,USCHS,"Charleston SC",BEANR,Antwerp,1,1,"Alianca; Hamburg Sud; Maersk Line; MSC; Safmarine",5,5,5186.4,480,4650,5800,10,10,10,{10}
2019-06-30,USCHS,"Charleston SC",BSFPO,Freeport,2,2,"Hamburg Sud; Maersk Line; MSC; Safmarine; ZIM",5,19,10936.59090909091,1076.2045454545455,1798,9200,1,1.5,2,"{2,1}"
2019-06-30,USCHS,"Charleston SC",COCTG,Cartagena,1,1,"Alianca; Hamburg Sud; Hapag-Lloyd; Maersk Line; MSC; SeaLand",6,11,3150.4545454545455,630.9090909090909,3000,3752,4,4,4,{4}
2019-06-30,USCHS,"Charleston SC",EGPSD,"Port Said",1,1,"ANL; APL; CMA CGM; Hapag-Lloyd; ONE; OOCL",6,9,8090.7777777777765,1027.7777777777778,8004,8465,15,15,15,{15}
2019-06-30,USCHS,"Charleston SC",ESALG,Algeciras,1,1,"Maersk Line; MSC; Safmarine",3,7,8306.285714285714,650,7455,9200,10,10,10,{10}
2019-06-30,USCHS,"Charleston SC",GBSOU,Southampton,1,1,"APL; CMA CGM; COSCO; Evergreen Line; OOCL",5,5,8401.8,751.6,8063,8508,11,11,11,{11}
2019-06-30,USCHS,"Charleston SC",HKHKG,"Hong Kong",1,1,"APL; CMA CGM; COSCO; Evergreen Line; OOCL",5,11,13218.90909090909,836.3636363636364,13092,13500,37,37,37,{37}
2019-06-30,USCHS,"Charleston SC",MXVER,Veracruz,1,1,"Hamburg Sud; Maersk Line; MSC; Safmarine; Seago Line; SeaLand",6,6,6197.333333333333,455.3333333333333,4544,6750,4,4,4,{4}
2019-06-30,USCHS,"Charleston SC",MYPKG,"Port Klang",1,1,"APL; CMA CGM; COSCO; Evergreen Line; OOCL; PIL",6,18,9678,1033.5555555555557,9130,11388,29,29,29,{29}
2019-06-30,USCHS,"Charleston SC",PAMIT,Manzanillo,1,1,"Hapag-Lloyd; ONE; Yang Ming",3,10,9392.2,852.4,8120,10100,4,4,4,{4}
2019-06-30,USCHS,"Charleston SC",USBOS,"Boston MA",1,1,"APL; CMA CGM; COSCO; Evergreen Line; OOCL",5,10,7692.8,854.8,8452,9200,2,2,2,{2}
2019-06-30,USCHS,"Charleston SC",USHOU,"Houston TX",1,1,"Maersk Line; MSC; Safmarine",3,5,4510,535,4154,4658,4,4,4,{4}
2019-06-30,USCHS,"Charleston SC",USJAX,"Jacksonville FL",2,2,"Alianca; Hamburg Sud; Hapag-Lloyd; Hyundai; Maersk Line; MCC; MSC; Safmarine; ZIM",9,18,15706.454545454546,1832.2987012987014,5550,11010,1,1,1,"{1,1}"
2019-06-30,USCHS,"Charleston SC",USMIA,"Miami FL",2,2,"Alianca; APL; CMA CGM; COSCO; Evergreen Line; Hamburg Sud; Hyundai; Maersk Line; MCC; MSC; OOCL; Safmarine; ZIM",13,17,13677.5,1115.818181818182,5078,9200,1,1,1,"{1,1}"
2019-06-30,USCHS,"Charleston SC",USNYC,"New York NY/NJ",1,1,"Hapag-Lloyd; ONE; Yang Ming",3,11,13898.818181818182,890.9090909090909,13169,14100,3,3,3,{3}
2019-06-30,USCHS,"Charleston SC",USORF,"Norfolk VA",1,1,"Hapag-Lloyd; ONE; Yang Ming",3,10,6720.2,500,6700,6734,2,2,2,{2}
2019-06-30,USCHS,"Charleston SC",USPEF,"Port Everglades FL",2,2,"ACL-Atlantic Container Line; Alianca; Hamburg Sud; Hapag-Lloyd; Maersk Line; ONE; Safmarine; SeaLand; StreamLines; Yang Ming",10,8,6970.066666666667,1203,3200,4115,2,2,2,"{2,2}"
2019-06-30,USCHS,"Charleston SC",USSAV,"Savannah GA",4,4,"ACL-Atlantic Container Line; APL; Hamburg Sud; Hapag-Lloyd; Hyundai; Maersk Line; MCC; MSC; ONE; Safmarine; Yang Ming; ZIM",12,35,26222.15,2032.2272727272727,4520,11088,1,1.5,2,"{2,1,1,2}"
2019-06-30,USCHT,"Chester PA",USILM,"Wilmington NC",1,1,ICL,1,4,2748,493,2546,3100,2,2,2,{2}
2019-06-30,USDUT,"Dutch Harbor AK",JPTYO,Tokyo,1,1,"Hapag-Lloyd; ONE; Yang Ming",3,6,4750.833333333333,349.5,4432,5117,8,8,8,{8}
2019-06-30,USDUT,"Dutch Harbor AK",JPYOK,Yokohama,1,1,APL,1,5,4572.4,348,3534,4832,7,7,7,{7}
2019-06-30,USFPO,"Freeport TX",HNPCR,"Puerto Cortes",1,1,Dole,1,1,890,445,890,890,3,3,3,{3}
2019-06-30,USFPO,"Freeport TX",MXVER,Veracruz,1,1,"Alianca; ANL; CMA CGM; Hamburg Sud; Maersk Line; SeaLand",6,9,3389.1111111111118,422.22222222222223,3091,3534,2,2,2,{2}
2019-06-30,USGPT,"Gulfport MS",GTPBR,"Puerto Barrios",1,1,Dole,1,1,890,445,890,890,2,2,2,{2}
2019-06-30,USGPT,"Gulfport MS",GTSTC,"Santo Tomas de Castilla",1,1,Crowley,1,1,972,170,972,972,3,3,3,{3}
2019-06-30,USHNL,"Honolulu HI",CNSHA,Shanghai,1,1,"APL; ONE",2,5,712.4,120.2,698,1118,12,12,12,{12}
2019-06-30,USHNL,"Honolulu HI",GUGUM,Guam,1,1,"Maersk Line; Matson",2,5,2743.2,321.6,2019,3027,7,7,7,{7}
2019-06-30,USHNL,"Honolulu HI",USLAX,"Los Angeles CA",1,1,"Pasha Hawaii",1,1,2653,200,2653,2653,10,10,10,{10}
2019-06-30,USHNL,"Honolulu HI",USLGB,"Long Beach CA",1,1,"Maersk Line; Matson",2,1,6054,816,3027,3027,7,7,7,{7}
2019-06-30,USHNL,"Honolulu HI",USOAK,"Oakland CA",1,1,"Pasha Hawaii",1,2,2331.5,200,2302,2361,5,5,5,{5}
2019-06-30,USHNL,"Honolulu HI",USSEA,"Seattle WA",1,1,"Maersk Line; Matson",2,2,3323.5,407,3027,3620,5,5,5,{5}
2019-06-30,USHOU,"Houston TX",BSFPO,Freeport,1,1,"MSC; ZIM",2,11,8478.09090909091,676.4545454545454,8034,9200,4,4,4,{4}
2019-06-30,USHOU,"Houston TX",DOCAU,Caucedo,1,1,"MSC; ZIM",2,3,3360.3333333333335,453.3333333333333,2742,4549,6,6,6,{6}
2019-06-30,USHOU,"Houston TX",MXATM,Altamira,2,2,"Hapag-Lloyd; MSC; ONE",3,11,6115.5,868.7333333333333,2339,4250,1,1.5,2,"{2,1}"
2019-06-30,USHOU,"Houston TX",MXPGO,Progreso,1,1,"Linea Peninsular",1,1,732,80,366,366,4,4,4,{4}
2019-06-30,USHOU,"Houston TX",PACTB,Cristobal,1,1,"Alianca; Hamburg Sud; Hapag-Lloyd; Maersk Line; MSC; SeaLand; ZIM",7,7,5888.285714285715,980,5550,6730,5,5,5,{5}
2019-06-30,USHOU,"Houston TX",USFPO,"Freeport TX",1,1,"Alianca; ANL; CMA CGM; Hamburg Sud; Maersk Line; SeaLand",6,9,3389.1111111111118,422.22222222222223,3091,3534,1,1,1,{1}
2019-06-30,USHOU,"Houston TX",USMOB,"Mobile AL",3,3,"ANL; APL; CMA CGM; COSCO; Evergreen Line; Maersk Line; MCC; MSC; OOCL; SeaLand",10,32,18076.671717171717,1439.9191919191921,4250,8533,1,2,2,"{1,2,2}"
2019-06-30,USHOU,"Houston TX",USMSY,"New Orleans LA",7,7,"Alianca; APL; CMA CGM; COSCO; Evergreen Line; Hamburg Sud; Hapag-Lloyd; Maersk Line; MSC; ONE; OOCL; Safmarine; Seaboard Marine; SeaLand; Yang Ming; ZIM",16,42,36132.375,3804.2916666666665,2474,9403,1,2,3,"{1,1,2,2,1,3,2}"
2019-06-30,USHOU,"Houston TX",USORF,"Norfolk VA",2,2,"APL; Maersk Line; MSC; Safmarine",4,16,10847.454545454544,1035,4154,6696,5,5.5,6,"{5,6}"
2019-06-30,USHOU,"Houston TX",USSAV,"Savannah GA",1,1,"ACL-Atlantic Container Line; Hapag-Lloyd; ONE; StreamLines; Yang Ming",5,5,3207.4,400,3200,3237,3,3,3,{3}
2019-06-30,USILG,"Wilmington DE",COSMR,"Santa Marta",1,1,Dole,1,2,2046,990,2046,2046,4,4,4,{4}
2019-06-30,USILG,"Wilmington DE",CRMOB,Moin,1,1,Dole,1,2,900,445,890,910,5,5,5,{5}
2019-06-30,USILG,"Wilmington DE",GTPBR,"Puerto Barrios",1,1,"Great White Fleet",1,2,2872,746,2872,2872,5,5,5,{5}
2019-06-30,USILM,"Wilmington NC",BEANR,Antwerp,1,1,ICL,1,4,2748,493,2546,3100,11,11,11,{11}
2019-06-30,USILM,"Wilmington NC",JMKIN,Kingston,1,1,"Alianca; Hamburg Sud; Hyundai; Maersk Line; MCC; MSC; Safmarine; ZIM",8,11,9603.454545454546,918.7272727272727,8200,11010,2,2,2,{2}
2019-06-30,USILM,"Wilmington NC",USJAX,"Jacksonville FL",1,1,"Crowley; King Ocean",2,2,972,170,972,972,1,1,1,{1}
2019-06-30,USILM,"Wilmington NC",USORF,"Norfolk VA",1,1,"Evergreen Line; Maersk Line; MSC; SeaLand",4,4,1743.5,395.25,1713,1835,2,2,2,{2}
2019-06-30,USILM,"Wilmington NC",USSAV,"Savannah GA",2,2,"Evergreen Line; Hapag-Lloyd; Maersk Line; MSC; ONE; SeaLand; Yang Ming",7,14,11135.7,1247.65,1713,10100,1,1.5,2,"{2,1}"
2019-06-30,USJAX,"Jacksonville FL",BSNAS,Nassau,1,1,MSC,1,1,957,252,957,957,1,1,1,{1}
2019-06-30,USJAX,"Jacksonville FL",PRSJU,"San Juan PR",2,2,"TOTE Maritime",1,2,6200,536,3100,3100,3,3,3,"{3,3}"
2019-06-30,USJAX,"Jacksonville FL",USCHS,"Charleston SC",1,1,"Hapag-Lloyd; ONE; Yang Ming",3,10,6720.2,500,6700,6734,1,1,1,{1}
2019-06-30,USJAX,"Jacksonville FL",USILM,"Wilmington NC",1,1,"Alianca; Hamburg Sud; Hyundai; Maersk Line; MCC; MSC; Safmarine; ZIM",8,11,9603.454545454546,918.7272727272727,8200,11010,0,0,0,{0}
2019-06-30,USJAX,"Jacksonville FL",USORF,"Norfolk VA",2,2,"Hapag-Lloyd; ONE; Yang Ming",3,22,13942.133333333333,1209.1,5624,8930,2,2,2,"{2,2}"
2019-06-30,USJAX,"Jacksonville FL",USPEF,"Port Everglades FL",3,3,"Alianca; Crowley; Hamburg Sud; Hapag-Lloyd; King Ocean; Maersk Line",6,11,8371,1473.5714285714284,972,6655,2,2,2,"{2,2,2}"
2019-06-30,USLAX,"Los Angeles CA",JPYOK,Yokohama,1,1,"Hamburg Sud; Hyundai; Maersk Line; MCC; MSC; Safmarine; Seago Line",7,16,13233.625,862.5,13050,14000,14,14,14,{14}
2019-06-30,USLAX,"Los Angeles CA",KRPUS,Busan,1,1,"Hapag-Lloyd; ONE; Yang Ming",3,6,6946.5,588.3333333333334,8208,8749,17,17,17,{17}
2019-06-30,USLAX,"Los Angeles CA",MXMZT,Mazatlan,1,1,"Hapag-Lloyd; ONE",2,4,2629.5,398.5,2526,2664,2,2,2,{2}
2019-06-30,USLAX,"Los Angeles CA",USDUT,"Dutch Harbor AK",1,1,APL,1,5,4572.4,348,3534,4832,7,7,7,{7}
2019-06-30,USLAX,"Los Angeles CA",USHNL,"Honolulu HI",2,2,"Pasha Hawaii",1,3,4984.5,400,2302,2653,4,4,4,"{4,4}"
2019-06-30,USLAX,"Los Angeles CA",USNTD,"Port Hueneme CA",1,1,"Alianca; ANL; APL; CMA CGM; Hamburg Sud; Maersk Line; Safmarine; SeaLand",8,5,2546,600,2546,2546,2,2,2,{2}
2019-06-30,USLAX,"Los Angeles CA",USOAK,"Oakland CA",12,12,"APL; CMA CGM; COSCO; Evergreen Line; Hapag-Lloyd; Maersk Line; ONE; OOCL; PIL; Wan Hai; Yang Ming",11,99,103039.49047619048,9383.371572871574,2522,14414,1,1,2,"{2,1,1,1,1,1,1,2,2,1,1,2}"
2019-06-30,USLAX,"Los Angeles CA",USTIW,"Tacoma WA",1,1,"Hyundai; Maersk Line; MSC",3,6,6785.333333333333,483.3333333333333,6350,8600,4,4,4,{4}
2019-06-30,USLGB,"Long Beach CA",KRPUS,Busan,2,2,"APL; CMA CGM; COSCO; Evergreen Line; OOCL; SM Line",6,12,14613.5,1266.6666666666665,6655,8530,17,18,19,"{17,19}"
2019-06-30,USLGB,"Long Beach CA",MXESE,Ensenada,1,1,MSC,1,11,8890.454545454546,835.0909090909091,8073,9403,0,0,0,{0}
2019-06-30,USLGB,"Long Beach CA",MXZLO,"Manzanillo, MEX",1,1,"Alianca; Hamburg Sud; Hapag-Lloyd; ZIM",4,12,4692.083333333333,360.8333333333333,4250,4890,4,4,4,{4}
2019-06-30,USLGB,"Long Beach CA",NZAKL,Auckland,1,1,"Alianca; ANL; CMA CGM; Hamburg Sud; Hapag-Lloyd; Maersk Line; MSC; PDL-Pacific Direct Line; PIL",9,8,4213,453,3765,4890,14,14,14,{14}
2019-06-30,USLGB,"Long Beach CA",PABLB,Balboa,1,1,"CMA CGM; Hapag-Lloyd; ONE; Yang Ming",4,11,4902,340.3636363636364,4738,5014,9,9,9,{9}
2019-06-30,USLGB,"Long Beach CA",TWKHH,Kaohsiung,1,1,"APL; CMA CGM; COSCO; Evergreen Line; OOCL",5,6,8840,700,8600,8888,15,15,15,{15}
2019-06-30,USLGB,"Long Beach CA",USHNL,"Honolulu HI",2,2,"Maersk Line; Matson",2,6,8797.2,1137.6,2019,3027,4,5,6,"{4,6}"
2019-06-30,USLGB,"Long Beach CA",USOAK,"Oakland CA",9,9,"Alianca; APL; CMA CGM; COSCO; Hamburg Sud; Hapag-Lloyd; Hyundai; Maersk Line; MCC; MSC; ONE; PIL; Polynesia Line; Safmarine; SeaLand; Wan Hai; Yang Ming; ZIM",18,77,65261.795995671004,5719.424242424242,1022,13800,1,2,3,"{1,2,1,2,3,1,2,2,3}"
2019-06-30,USLGB,"Long Beach CA",USSEA,"Seattle WA",1,1,"ANL; APL; CMA CGM; CNC Line-Cheng Lie Navigation Co. Ltd.; COSCO; OOCL; PIL; Wan Hai",8,6,10920,400,10020,11800,4,4,4,{4}
2019-06-30,USMIA,"Miami FL",AGSJO,"St John's, Antigua",1,1,"Seaboard Marine",1,2,1035.5,232,957,1114,3,3,3,{3}
2019-06-30,USMIA,"Miami FL",BSFPO,Freeport,2,2,"Hamburg Sud; Hyundai; Maersk Line; MCC; MSC; Safmarine; SeaLand; ZIM",8,19,17003.170454545456,1295.6022727272727,6648,11088,0,0.5,1,"{1,0}"
2019-06-30,USMIA,"Miami FL",CRLIO,"Puerto Limon",1,1,"Seaboard Marine",1,3,1296,390,1296,1296,3,3,3,{3}
2019-06-30,USMIA,"Miami FL",DOHAI,"Rio Haina",1,1,"Seaboard Marine",1,1,1114,220,1114,1114,3,3,3,{3}
2019-06-30,USMIA,"Miami FL",ESALG,Algeciras,1,1,"APL; CMA CGM; COSCO; Hapag-Lloyd; ONE; OOCL; Yang Ming; ZIM",8,6,8516.166666666666,717.3333333333334,8063,8749,10,10,10,{10}
2019-06-30,USMIA,"Miami FL",HNPCR,"Puerto Cortes",2,2,"Seaboard Marine",1,2,1948,340,974,974,2,2.5,3,"{3,2}"
2019-06-30,USMIA,"Miami FL",HTLFF,"Port Lafito",1,1,"Seaboard Marine",1,2,1779.5,383.5,1740,1819,2,2,2,{2}
2019-06-30,USMIA,"Miami FL",JMKIN,Kingston,1,1,"CMA CGM",1,3,842.6666666666666,165.33333333333334,698,1118,3,3,3,{3}
2019-06-30,USMIA,"Miami FL",MXVER,Veracruz,3,3,"APL; CMA CGM; COSCO; Evergreen Line; Hapag-Lloyd; Maersk Line; MSC; OOCL; Safmarine; SeaLand; ZIM",11,22,18652,1501.875,5078,9403,2,2,3,"{2,3,2}"
2019-06-30,USMIA,"Miami FL",SGSIN,Singapore,2,2,"Alianca; ANL; APL; CMA CGM; COSCO; Evergreen Line; Hamburg Sud; Hyundai; Maersk Line; MCC; MSC; OOCL; Safmarine; ZIM",14,23,15682.5,1246.1515151515152,6350,9200,27,31,35,"{35,27}"
2019-06-30,USMOB,"Mobile AL",BSFPO,Freeport,2,2,"Hamburg Sud; Maersk Line; MCC; MSC; Safmarine; Seago Line; SeaLand",7,17,12828.060606060606,1001.6969696969697,4544,6882,2,2.5,3,"{3,2}"
2019-06-30,USMOB,"Mobile AL",USMSY,"New Orleans LA",2,2,"ANL; APL; CMA CGM; COSCO; Evergreen Line; MSC; OOCL; ZIM",8,15,10525.833333333334,986.6666666666667,2742,8533,1,1,1,"{1,1}"
2019-06-30,USMOB,"Mobile AL",USTPA,"Tampa FL",1,1,"CMA CGM; COSCO; Evergreen Line; OOCL",4,9,4280.444444444444,360.22222222222223,4250,4506,2,2,2,{2}
2019-06-30,USMSY,"New Orleans LA",COCTG,Cartagena,1,1,"Alianca; Hamburg Sud; Hapag-Lloyd; Maersk Line; MSC; ONE; SeaLand; ZIM",8,8,6854.875,924.25,5550,8073,3,3,3,{3}
2019-06-30,USMSY,"New Orleans LA",DOCAU,Caucedo,1,1,"Hapag-Lloyd; ZIM",2,8,5704.875,486,5500,5962,5,5,5,{5}
2019-06-30,USMSY,"New Orleans LA",FRLEH,"Le Havre",1,1,"APL; CMA CGM; COSCO; Evergreen Line; OOCL",5,6,5160.5,403,5078,5506,13,13,13,{13}
2019-06-30,USMSY,"New Orleans LA",GBLGP,"London Gateway",1,1,"Hapag-Lloyd; ONE; Yang Ming",3,6,5520.166666666667,534.1666666666666,5250,5605,14,14,14,{14}
2019-06-30,USMSY,"New Orleans LA",HNPCR,"Puerto Cortes",2,2,"Alianca; Hamburg Sud; MSC; Seaboard Marine; SeaLand",5,6,5105.333333333333,844,2474,2742,2,2.5,3,"{2,3}"
2019-06-30,USMSY,"New Orleans LA",USHOU,"Houston TX",2,2,"Alianca; ANL; CMA CGM; Hamburg Sud; Maersk Line; MSC; SeaLand; ZIM",8,12,6749.444444444445,875.5555555555555,2742,4549,2,2.5,3,"{3,2}"
2019-06-30,USMSY,"New Orleans LA",USMIA,"Miami FL",1,1,"Maersk Line; MSC; Safmarine; SeaLand",4,8,7786.625,612.875,6648,9403,3,3,3,{3}
2019-06-30,USMSY,"New Orleans LA",USMOB,"Mobile AL",1,1,"Hamburg Sud; Maersk Line; MSC; Safmarine; Seago Line; SeaLand",6,6,6197.333333333333,455.3333333333333,4544,6750,1,1,1,{1}
2019-06-30,USMSY,"New Orleans LA",USTPA,"Tampa FL",1,1,"ANL; APL; CMA CGM; COSCO; Evergreen Line; OOCL",6,12,7165.5,533.3333333333334,6350,8533,2,2,2,{2}
2019-06-30,USNTD,"Port Hueneme CA",MXLZC,"Lazaro Cardenas",1,1,"Alianca; ANL; APL; CMA CGM; Hamburg Sud; Maersk Line; Safmarine; SeaLand",8,5,2546,600,2546,2546,3,3,3,{3}
2019-06-30,USNYC,"New York NY/NJ",BSFPO,Freeport,1,1,MSC,1,7,4112,1300,4112,4112,1,1,1,{1}
2019-06-30,USNYC,"New York NY/NJ",CAHAL,Halifax,2,2,"ACL-Atlantic Container Line; Hapag-Lloyd; ONE; Yang Ming; ZIM",5,7,6401.1,965.5,1740,4662,2,2,2,"{2,2}"
2019-06-30,USNYC,"New York NY/NJ",CNXMN,Xiamen,1,1,"APL; CMA CGM; COSCO; Evergreen Line; OOCL",5,10,9308.6,998.9,8452,14424,29,29,29,{29}
2019-06-30,USNYC,"New York NY/NJ",DEBRV,Bremerhaven,1,1,"Alianca; Hamburg Sud; Maersk Line; MSC; Safmarine",5,5,5838.2,538.8,4544,7943,10,10,10,{10}
2019-06-30,USNYC,"New York NY/NJ",DOPOP,"Puerto Plata",1,1,"Seaboard Marine",1,3,2354.6666666666665,445.3333333333333,2122,2500,4,4,4,{4}
2019-06-30,USNYC,"New York NY/NJ",ESALG,Algeciras,1,1,"APL; Maersk Line; Safmarine",3,11,6337.454545454545,500,6188,6696,10,10,10,{10}
2019-06-30,USNYC,"New York NY/NJ",OMSLL,Salalah,1,1,"Alianca; Hamburg Sud; Hyundai; Maersk Line; MCC; MSC; Safmarine; ZIM",8,11,9646.90909090909,640.1818181818181,8272,11078,19,19,19,{19}
2019-06-30,USNYC,"New York NY/NJ",PAMIT,Manzanillo,1,1,"Maersk Line; Safmarine; SeaLand",3,11,3077.1818181818185,802,3075,3078,7,7,7,{7}
2019-06-30,USNYC,"New York NY/NJ",PAONX,Colon,1,1,"APL; CMA CGM; COSCO; Evergreen Line; OOCL",5,10,7692.8,854.8,8452,9200,6,6,6,{6}
2019-06-30,USNYC,"New York NY/NJ",SGSIN,Singapore,1,1,"Hapag-Lloyd; ONE; Yang Ming",3,11,13898.818181818182,890.9090909090909,13169,14100,27,27,27,{27}
2019-06-30,USNYC,"New York NY/NJ",USBAL,"Baltimore MD",4,4,"Alianca; Hamburg Sud; Hapag-Lloyd; Hyundai; Maersk Line; MCC; MSC; Safmarine; SeaLand; ZIM",10,26,27554.06147186147,2631.981818181818,3421,11078,2,2,4,"{4,2,2,2}"
2019-06-30,USNYC,"New York NY/NJ",USBOS,"Boston MA",1,1,"Hapag-Lloyd; ONE; Yang Ming",3,10,9392.2,852.4,8120,10100,1,1,1,{1}
2019-06-30,USNYC,"New York NY/NJ",USCHS,"Charleston SC",3,3,"ACL-Atlantic Container Line; APL; Hamburg Sud; Hapag-Lloyd; Hyundai; Maersk Line; MCC; MSC; ONE; Safmarine; Yang Ming; ZIM",12,27,20303.4,1494.7272727272727,4520,11088,2,2,4,"{2,2,4}"
2019-06-30,USNYC,"New York NY/NJ",USORF,"Norfolk VA",9,9,"ANL; APL; CMA CGM; COSCO; Evergreen Line; Hapag-Lloyd; Hyundai; Maersk Line; MSC; ONE; OOCL; PIL; Safmarine; Turkon; Yang Ming; ZIM",16,84,78045.69184704186,7195.454978354979,1878,14414,1,1,3,"{1,3,1,1,1,1,1,2,1}"
2019-06-30,USNYC,"New York NY/NJ",USPHL,"Philadelphia PA",2,2,"Alianca; Hamburg Sud; Hapag-Lloyd; Maersk Line; MSC; Safmarine",6,15,8561.5,1313.3214285714284,1798,6655,1,1.5,2,"{2,1}"
2019-06-30,USNYC,"New York NY/NJ",USSAV,"Savannah GA",8,8,"Alianca; ANL; APL; CMA CGM; COSCO; Evergreen Line; Hamburg Sud; Hapag-Lloyd; Maersk Line; Marfret; MSC; ONE; OOCL; Safmarine; SeaLand; Yang Ming; ZIM",17,68,43882.71923076923,4457.905361305362,1221,13500,2,2,4,"{2,3,2,2,2,2,3,4}"
2019-06-30,USOAK,"Oakland CA",CNFOC,Fuzhou,1,1,"APL; CMA CGM; COSCO; Evergreen Line; OOCL; PIL; Wan Hai",7,6,14151,1233.3333333333333,13880,14414,22,22,22,{22}
2019-06-30,USOAK,"Oakland CA",CNTXG,Xingang/Tianjin,1,1,"APL; CMA CGM; COSCO; Evergreen Line; OOCL; PIL",6,7,11440.857142857143,794.2857142857143,10000,13500,22,22,22,{22}
2019-06-30,USOAK,"Oakland CA",CNYTN,Yantian,1,1,"APL; CMA CGM; COSCO; PIL; Wan Hai",5,7,9642.285714285714,814.2857142857143,10000,11923,19,19,19,{19}
2019-06-30,USOAK,"Oakland CA",HKHKG,"Hong Kong",1,1,"APL; CMA CGM; COSCO; Evergreen Line; OOCL; PIL",6,18,9678,1033.5555555555557,9130,11388,19,19,19,{19}
2019-06-30,USOAK,"Oakland CA",JPTYO,Tokyo,3,3,"CMA CGM; COSCO; Evergreen Line; Hapag-Lloyd; ONE; Yang Ming",6,27,25457.133333333335,2402.6666666666665,8120,9300,12,13,14,"{12,14,13}"
2019-06-30,USOAK,"Oakland CA",JPUKB,Kobe,1,1,"Hapag-Lloyd; ONE; Yang Ming",3,6,10063.666666666666,866.6666666666666,9954,10114,12,12,12,{12}
2019-06-30,USOAK,"Oakland CA",JPYOK,Yokohama,1,1,"APL; Maersk Line",2,6,4871.5,521.6666666666666,2522,7471,11,11,11,{11}
2019-06-30,USOAK,"Oakland CA",KRPUS,Busan,2,2,"Hapag-Lloyd; Hyundai; Maersk Line; MCC; MSC; ONE; Yang Ming",7,18,13104.025974025973,1094.7142857142858,6200,6800,12,13.5,15,"{15,12}"
2019-06-30,USOAK,"Oakland CA",MXLZC,"Lazaro Cardenas",1,1,"Alianca; APL; CMA CGM; Hamburg Sud; Maersk Line; SeaLand",6,4,1819,467,1819,1819,5,5,5,{5}
2019-06-30,USOAK,"Oakland CA",PFPPT,"Papeete, Tahiti",1,1,"Alianca; Hamburg Sud; Polynesia Line",3,2,2959.285714285714,557.1428571428571,1022,1740,10,10,10,{10}
2019-06-30,USOAK,"Oakland CA",RUVYP,Vostochniy,2,2,"Hamburg Sud; Hyundai; Maersk Line; MCC; MSC; Safmarine; ZIM",7,23,24154.660714285714,1590.357142857143,11078,13800,12,12.5,13,"{13,12}"
2019-06-30,USOAK,"Oakland CA",TWKHH,Kaohsiung,1,1,"Hapag-Lloyd; ONE; Yang Ming",3,6,6571.333333333333,500,6500,6589,16,16,16,{16}
2019-06-30,USOAK,"Oakland CA",TWTPE,Taipei,1,1,"CMA CGM; COSCO; Evergreen Line",3,6,6535,769.5,6046,7024,17,17,17,{17}
2019-06-30,USOAK,"Oakland CA",USHNL,"Honolulu HI",1,1,"Maersk Line; Matson",2,2,3323.5,407,3027,3620,5,5,5,{5}
2019-06-30,USOAK,"Oakland CA",USLAX,"Los Angeles CA",1,1,"Pasha Hawaii",1,2,2331.5,200,2302,2361,3,3,3,{3}
2019-06-30,USOAK,"Oakland CA",USLGB,"Long Beach CA",3,3,"Alianca; CMA CGM; Hamburg Sud; Hapag-Lloyd; MSC; ONE; Yang Ming; ZIM",8,34,18484.53787878788,1536.287878787879,4250,9403,2,2,3,"{2,2,3}"
2019-06-30,USOAK,"Oakland CA",USSEA,"Seattle WA",4,4,"Alianca; ANL; CMA CGM; Hamburg Sud; Hapag-Lloyd; Maersk Line; MSC; ONE; PDL-Pacific Direct Line; PIL; Yang Ming; ZIM",12,42,22697.53787878788,1989.287878787879,3765,9403,2,4,4,"{4,2,4,4}"
2019-06-30,USOAK,"Oakland CA",USTIW,"Tacoma WA",1,1,"APL; CMA CGM; COSCO; Evergreen Line",4,6,9369,921.3333333333334,8452,13806,2,2,2,{2}
2019-06-30,USORF,"Norfolk VA",BEANR,Antwerp,2,2,"ACL-Atlantic Container Line; Hapag-Lloyd; Maersk Line; MSC; ONE; Safmarine; StreamLines; Yang Ming",8,10,7717.4,935,3200,4658,9,9.5,10,"{10,9}"
2019-06-30,USORF,"Norfolk VA",CAHAL,Halifax,1,1,"Hapag-Lloyd; ONE; Yang Ming",3,12,6348.333333333333,557.5,5624,7179,3,3,3,{3}
2019-06-30,USORF,"Norfolk VA",ESVLC,Valencia,1,1,"Hapag-Lloyd; ONE; Yang Ming; ZIM",4,8,4250.75,382.5,4250,4253,13,13,13,{13}
2019-06-30,USORF,"Norfolk VA",PAMIT,Manzanillo,2,2,"Hapag-Lloyd; ONE; Yang Ming",3,20,14314,1151.6,6700,8930,5,5,5,"{5,5}"
2019-06-30,USORF,"Norfolk VA",USBAL,"Baltimore MD",1,1,"MSC; ZIM",2,8,5918.75,537.5,5550,6750,1,1,1,{1}
2019-06-30,USORF,"Norfolk VA",USCHS,"Charleston SC",4,4,"Alianca; Hamburg Sud; Hapag-Lloyd; Hyundai; Maersk Line; MCC; MSC; Safmarine; ZIM",9,31,21588.5,2561.1396103896104,1798,9200,2,2,3,"{2,2,3,2}"
2019-06-30,USORF,"Norfolk VA",USNYC,"New York NY/NJ",3,3,"Alianca; APL; CMA CGM; COSCO; Evergreen Line; Hamburg Sud; Hyundai; Maersk Line; MCC; MSC; OOCL; Safmarine; ZIM",13,32,25292.963636363635,2139.081818181818,6188,14424,1,2,3,"{1,2,3}"
2019-06-30,USORF,"Norfolk VA",USPHL,"Philadelphia PA",2,2,"ACL-Atlantic Container Line; Evergreen Line; Hapag-Lloyd; Maersk Line; MSC; ONE; SeaLand; Yang Ming",8,9,6377.1,775.25,1713,4662,1,1.5,2,"{2,1}"
2019-06-30,USORF,"Norfolk VA",USSAV,"Savannah GA",10,10,"Alianca; ANL; APL; CMA CGM; COSCO; Evergreen Line; Hamburg Sud; Hapag-Lloyd; Hyundai; Maersk Line; MSC; ONE; OOCL; PIL; Safmarine; Turkon; Yang Ming; ZIM",18,88,86271.42756132757,7846.754978354978,1878,14414,1,2,3,"{1,2,2,3,2,1,1,2,2,2}"
2019-06-30,USPAB,"Palm Beach FL",BSNAS,Nassau,2,1,"Tropical Shipping",1,2,1016,100,508,508,1,1,1,"{1,1}"
2019-06-30,USPAB,"Palm Beach FL",PRSJU,"San Juan PR",1,1,"Tropical Shipping",1,2,1133,240,1118,1148,3,3,3,{3}
2019-06-30,USPAB,"Palm Beach FL",VICTD,"St Croix VI",1,1,"Tropical Shipping",1,2,999,223.5,850,1148,3,3,3,{3}
2019-06-30,USPAE,"Everett WA",USTIW,"Tacoma WA",1,1,Westwood,1,3,5237.333333333333,890.6666666666666,2546,2764,1,1,1,{1}
2019-06-30,USPEF,"Port Everglades FL",AWBAR,Barcadera,1,1,"Alianca; Crowley; Hamburg Sud; King Ocean",4,2,1818,384.5,1795,1841,3,3,3,{3}
2019-06-30,USPEF,"Port Everglades FL",BRSSZ,Santos,1,1,"Alianca; Hamburg Sud; Hapag-Lloyd; Maersk Line",4,7,6103,913.5714285714286,5550,6655,12,12,12,{12}
2019-06-30,USPEF,"Port Everglades FL",BZBZE,"Belize City",1,1,"Hyde Shipping Corp.; Seaboard Marine",2,3,356.6666666666667,46.666666666666664,340,365,3,3,3,{3}
2019-06-30,USPEF,"Port Everglades FL",COADZ,"San Andres Island",1,1,"King Ocean",1,2,233.5,20,205,262,4,4,4,{4}
2019-06-30,USPEF,"Port Everglades FL",COCTG,Cartagena,2,2,"Alianca; APL; Hamburg Sud; Hapag-Lloyd; Maersk Line; Safmarine; SeaLand",7,6,6407.333333333333,1428.3333333333335,2506,4115,3,3.5,4,"{3,4}"
2019-06-30,USPEF,"Port Everglades FL",CRLIO,"Puerto Limon",1,1,"Crowley; King Ocean",2,2,1296,390,1296,1296,4,4,4,{4}
2019-06-30,USPEF,"Port Everglades FL",DOCAU,Caucedo,1,1,"MSC; ZIM",2,8,5918.75,537.5,5550,6750,3,3,3,{3}
2019-06-30,USPEF,"Port Everglades FL",DOHAI,"Rio Haina",3,3,"King Ocean; MSC",2,6,6527.666666666666,1338.6666666666667,957,2572,3,3,3,"{3,3,3}"
2019-06-30,USPEF,"Port Everglades FL",ECGYE,Guayaquil,1,1,"King Ocean",1,1,1202,200,601,601,8,8,8,{8}
2019-06-30,USPEF,"Port Everglades FL",GTSTC,"Santo Tomas de Castilla",4,4,"Crowley; Evergreen Line; King Ocean; Maersk Line; MSC; SeaLand",6,8,4659.5,905.25,972,1835,2,3,3,"{3,3,3,2}"
2019-06-30,USPEF,"Port Everglades FL",HTPAP,Port-au-Prince,1,1,"King Ocean",1,1,591,150,591,591,2,2,2,{2}
2019-06-30,USPEF,"Port Everglades FL",KYGEC,Georgetown,1,1,"Hyde Shipping Corp.; Seaboard Marine",2,3,356.6666666666667,46.666666666666664,340,365,2,2,2,{2}
2019-06-30,USPEF,"Port Everglades FL",SXSXM,"St Maarten",2,2,"Crowley; King Ocean",2,3,4311,912,957,1118,3,3,3,"{3,3}"
2019-06-30,USPEF,"Port Everglades FL",USCHS,"Charleston SC",1,1,"Alianca; Hamburg Sud; Maersk Line; MSC; Safmarine",5,5,5186.4,480,4650,5800,1,1,1,{1}
2019-06-30,USPEF,"Port Everglades FL",USHOU,"Houston TX",1,1,"ACL-Atlantic Container Line; Hapag-Lloyd; ONE; StreamLines; Yang Ming",5,5,3207.4,400,3200,3237,3,3,3,{3}
2019-06-30,USPEF,"Port Everglades FL",USILG,"Wilmington DE",1,1,Dole,1,2,900,445,890,910,3,3,3,{3}
2019-06-30,USPEF,"Port Everglades FL",USILM,"Wilmington NC",2,2,"Crowley; Evergreen Line; King Ocean; Maersk Line; MSC; SeaLand",6,6,2715.5,565.25,972,1835,2,2,2,"{2,2}"
2019-06-30,USPEF,"Port Everglades FL",USJAX,"Jacksonville FL",1,1,"Crowley; King Ocean",2,2,1296,390,1296,1296,1,1,1,{1}
2019-06-30,USPEF,"Port Everglades FL",USNYC,"New York NY/NJ",1,1,"Alianca; Hamburg Sud; Hapag-Lloyd; Maersk Line; Safmarine; SeaLand",6,3,3762.6666666666665,803,3421,4115,3,3,3,{3}
2019-06-30,USPEF,"Port Everglades FL",VISTT,"St Thomas VI",1,1,"Crowley; King Ocean; ZIM",3,2,1290,390,1284,1296,3,3,3,{3}
2019-06-30,USPHL,"Philadelphia PA",BEZEE,Zeebrugge,1,1,"ANL; APL; CMA CGM; Marfret",4,13,2458.769230769231,534.1538461538462,2250,2826,10,10,10,{10}
2019-06-30,USPHL,"Philadelphia PA",USBAL,"Baltimore MD",1,1,"Hamburg Sud; Maersk Line; MSC; Safmarine",4,8,2458.5,399.75,1798,3534,2,2,2,{2}
2019-06-30,USPHL,"Philadelphia PA",USCHS,"Charleston SC",1,1,"Alianca; Hamburg Sud; Hapag-Lloyd; Maersk Line; MSC; SeaLand",6,11,3150.4545454545455,630.9090909090909,3000,3752,3,3,3,{3}
2019-06-30,USPHL,"Philadelphia PA",USILM,"Wilmington NC",1,1,"Evergreen Line; Maersk Line; MSC; SeaLand",4,4,1743.5,395.25,1713,1835,3,3,3,{3}
2019-06-30,USPHL,"Philadelphia PA",USNYC,"New York NY/NJ",4,4,"ACL-Atlantic Container Line; Alianca; APL; Hamburg Sud; Hapag-Lloyd; MSC; ONE; Seaboard Marine; SeaLand; Yang Ming",10,18,13744.933333333332,2750.666666666667,2122,4662,1,1,2,"{1,1,1,2}"
2019-06-30,USPHL,"Philadelphia PA",USORF,"Norfolk VA",1,1,"Alianca; Hamburg Sud; Hapag-Lloyd; Maersk Line",4,7,6103,913.5714285714286,5550,6655,1,1,1,{1}
2019-06-30,USPME,"Port Manatee FL",MXVER,Veracruz,1,1,"World Direct Shipping-WDS",1,2,664.5,122,657,672,7,7,7,{7}
2019-06-30,USPWM,"Portland, ME",CANWP,Argentia,1,1,"Eimskip; Royal Arctic Line",2,3,773.6666666666666,146.66666666666666,698,925,4,4,4,{4}
2019-06-30,USSAN,"San Diego CA",ECGYE,Guayaquil,1,1,Dole,1,3,1540,770,1540,1540,8,8,8,{8}
2019-06-30,USSAV,"Savannah GA",BSFPO,Freeport,1,1,"Hyundai; Maersk Line; MSC; Safmarine; ZIM",5,11,7061.909090909091,709.4545454545454,6418,8110,2,2,2,{2}
2019-06-30,USSAV,"Savannah GA",CNTAO,Qingdao,1,1,"APL; CMA CGM; COSCO; Evergreen Line; OOCL",5,11,13662.727272727274,1018.1818181818181,13092,14414,37,37,37,{37}
2019-06-30,USSAV,"Savannah GA",COCTG,Cartagena,2,2,"ANL; APL; CMA CGM; Hapag-Lloyd; Marfret; ONE; Yang Ming",7,24,7360.7692307692305,874.5174825174826,2250,5014,4,4,4,"{4,4}"
2019-06-30,USSAV,"Savannah GA",ESALG,Algeciras,1,1,"Hapag-Lloyd; Turkon",2,5,2816.7428571428572,509.14285714285717,1878,2824,11,11,11,{11}
2019-06-30,USSAV,"Savannah GA",FRLEH,"Le Havre",1,1,"ACL-Atlantic Container Line; Hapag-Lloyd; ONE; Yang Ming",4,5,4749.4,312,4520,5100,11,11,11,{11}
2019-06-30,USSAV,"Savannah GA",GBSOU,Southampton,1,1,"CMA CGM; Hapag-Lloyd; ONE; Yang Ming",4,11,4902,340.3636363636364,4738,5014,12,12,12,{12}
2019-06-30,USSAV,"Savannah GA",JMKIN,Kingston,1,1,"ANL; APL; CMA CGM",3,5,1296.8,365.6,1221,1347,3,3,3,{3}
2019-06-30,USSAV,"Savannah GA",USBAL,"Baltimore MD",1,1,"APL; CMA CGM; COSCO; Evergreen Line; OOCL",5,10,9308.6,998.9,8452,14424,2,2,2,{2}
2019-06-30,USSAV,"Savannah GA",USCHS,"Charleston SC",10,10,"Alianca; ANL; APL; CMA CGM; COSCO; Evergreen Line; Hamburg Sud; Hapag-Lloyd; Hyundai; Maersk Line; MCC; MSC; ONE; OOCL; PIL; Safmarine; Yang Ming; ZIM",18,103,96761.13621933621,8492.58787878788,7455,14100,0,1,2,"{2,1,1,1,1,0,1,1,0,1}"
2019-06-30,USSAV,"Savannah GA",USHOU,"Houston TX",1,1,"APL; Maersk Line; Safmarine",3,11,6337.454545454545,500,6188,6696,6,6,6,{6}
2019-06-30,USSAV,"Savannah GA",USJAX,"Jacksonville FL",3,3,"Hapag-Lloyd; ONE; Yang Ming",3,32,20662.333333333332,1709.1,5624,8930,0,0,1,"{1,0,0}"
2019-06-30,USSAV,"Savannah GA",USMIA,"Miami FL",2,2,"APL; CMA CGM; COSCO; Hamburg Sud; Hapag-Lloyd; Hyundai; Maersk Line; MCC; MSC; ONE; OOCL; Safmarine; Yang Ming; ZIM",14,17,17732.71212121212,1400.060606060606,7849,11088,1,1,1,"{1,1}"
2019-06-30,USSAV,"Savannah GA",USNYC,"New York NY/NJ",1,1,"Alianca; Hamburg Sud; Maersk Line; MSC; Safmarine",5,5,5838.2,538.8,4544,7943,4,4,4,{4}
2019-06-30,USSAV,"Savannah GA",USORF,"Norfolk VA",3,3,"ACL-Atlantic Container Line; Alianca; Hamburg Sud; Hapag-Lloyd; Hyundai; Maersk Line; MCC; MSC; ONE; Safmarine; StreamLines; Yang Ming; ZIM",13,24,15975.15,1495.318181818182,3200,9200,1,2,3,"{2,3,1}"
2019-06-30,USSAV,"Savannah GA",USPEF,"Port Everglades FL",4,4,"Alianca; APL; Evergreen Line; Hamburg Sud; Maersk Line; MSC; Safmarine; SeaLand; ZIM",9,20,15493.316666666666,2038.0833333333335,1713,6750,1,2,2,"{2,2,1,2}"
2019-06-30,USSAV,"Savannah GA",USPHL,"Philadelphia PA",1,1,"ANL; APL; CMA CGM; Marfret",4,13,2458.769230769231,534.1538461538462,2250,2826,2,2,2,{2}
2019-06-30,USSEA,"Seattle WA",CAVAN,"Vancouver BC",5,5,"Alianca; ANL; APL; CMA CGM; COSCO; Evergreen Line; Hamburg Sud; Hapag-Lloyd; Maersk Line; MSC; ONE; OOCL; PDL-Pacific Direct Line; PIL; Yang Ming; ZIM",16,56,32594.752164502166,2639.287878787879,3765,11388,1,1,1,"{1,1,1,1,1}"
2019-06-30,USSEA,"Seattle WA",CNLYG,Lianyungang,1,1,"ANL; APL; CMA CGM; CNC Line-Cheng Lie Navigation Co. Ltd.; COSCO; OOCL; PIL; Wan Hai",8,6,10920,400,10020,11800,14,14,14,{14}
2019-06-30,USSEA,"Seattle WA",JPTYO,Tokyo,1,1,"SM Line",1,6,4389.666666666667,442.6666666666667,4253,4644,13,13,13,{13}
2019-06-30,USSEA,"Seattle WA",JPYOK,Yokohama,1,1,"Maersk Line; MSC; SeaLand; ZIM",4,7,8407.57142857143,719.7142857142857,8272,8450,15,15,15,{15}
2019-06-30,USSEA,"Seattle WA",KRPUS,Busan,2,2,"APL; CMA CGM; COSCO; Evergreen Line; Hapag-Lloyd; ONE; OOCL; Yang Ming",8,12,14299.833333333334,1245.6666666666665,5714,8749,12,14,16,"{16,12}"
2019-06-30,USSEA,"Seattle WA",USOAK,"Oakland CA",1,1,"Maersk Line; Matson",2,2,3323.5,407,3027,3620,2,2,2,{2}
2019-06-30,USTIW,"Tacoma WA",CAVAN,"Vancouver BC",5,5,"APL; CMA CGM; COSCO; Evergreen Line; Hapag-Lloyd; ONE; OOCL; Westwood; Yang Ming",9,29,33645,3417.9166666666665,2546,9100,0,0,2,"{2,0,0,1,0}"
2019-06-30,USTIW,"Tacoma WA",JPTMK,Tomakomai,1,1,Westwood,1,3,5237.333333333333,890.6666666666666,2546,2764,13,13,13,{13}
2019-06-30,USTIW,"Tacoma WA",KRPUS,Busan,1,1,"Hyundai; Maersk Line; MSC",3,6,6785.333333333333,483.3333333333333,6350,8600,12,12,12,{12}
2019-06-30,USTIW,"Tacoma WA",TWKHH,Kaohsiung,1,1,"APL; CMA CGM; COSCO; Evergreen Line",4,6,9369,921.3333333333334,8452,13806,14,14,14,{14}
2019-06-30,USTPA,"Tampa FL",CNSHA,Shanghai,1,1,"CMA CGM; COSCO; Evergreen Line; OOCL",4,9,4280.444444444444,360.22222222222223,4250,4506,27,27,27,{27}
2019-06-30,USTPA,"Tampa FL",USMIA,"Miami FL",1,1,"ANL; APL; CMA CGM; COSCO; Evergreen Line; OOCL",6,12,7165.5,533.3333333333334,6350,8533,1,1,1,{1}
2019-06-30,USTPA,"Tampa FL",USMOB,"Mobile AL",1,1,"MSC; ZIM",2,3,3360.3333333333335,453.3333333333333,2742,4549,2,2,2,{2}
2019-06-30,UYMVD,Montevideo,ARBUE,"Buenos Aires",3,3,"Alianca; CMA CGM; COSCO; Evergreen Line; Hamburg Sud; Hapag-Lloyd; Maersk Line; MCC; MSC; ONE; OOCL; PIL; Safmarine; Yang Ming",14,33,28320.28846153846,3974.5128205128203,8386,11800,0,1,1,"{1,0,1}"
2019-06-30,UYMVD,Montevideo,BRITJ,Itajai,1,1,"Alianca; Hamburg Sud; Hapag-Lloyd; Hyundai; Maersk Line; ONE; ZIM",7,13,7435.538461538462,1490.7692307692307,7450,9034,2,2,2,{2}
2019-06-30,UYMVD,Montevideo,BRNVT,Navegantes,1,1,"Hapag-Lloyd; MSC; ZIM",3,8,8782.625,990.5,8600,8948,3,3,3,{3}
2019-06-30,UYMVD,Montevideo,BRRIG,"Rio Grande",3,3,"Alianca; Hamburg Sud; Hapag-Lloyd; Maersk Line; MSC; ONE; SeaLand; ZIM",8,25,21656.291666666664,2366.1944444444443,5550,9400,1,1,2,"{1,2,1}"
2019-06-30,VCKTN,"Kingstown, St Vincent",GDSTG,"St George's",2,2,"Crowley; King Ocean; ZIM",3,4,3365,862,957,1296,0,0,0,"{0,0}"
2019-06-30,VCKTN,"Kingstown, St Vincent",JMKIN,Kingston,1,1,"CMA CGM",1,3,842.6666666666666,165.33333333333334,698,1118,4,4,4,{4}
2019-06-30,VCKTN,"Kingstown, St Vincent",KYGEC,Georgetown,1,1,"Crowley; King Ocean",2,1,2236,440,1118,1118,1,1,1,{1}
2019-06-30,VCKTN,"Kingstown, St Vincent",LCSLU,"Castries, St Lucia",1,1,"Caribbean Feeder; Crowley; Hapag-Lloyd; ZIM",4,5,1088.8,224.8,1061,1118,1,1,1,{1}
2019-06-30,VCKTN,"Kingstown, St Vincent",TTPTS,"Point Lisas",1,1,"Tropical Shipping",1,2,999,223.5,850,1148,0,0,0,{0}
2019-06-30,VEGUA,Guaranao,PAMIT,Manzanillo,1,1,"Caribbean Feeder; Hapag-Lloyd; ZIM",3,1,2236,440,1118,1118,3,3,3,{3}
2019-06-30,VEGUT,Guanta,JMKIN,Kingston,1,1,"Caribbean Feeder; Hapag-Lloyd; Maersk Line; SeaLand; ZIM",5,1,1424,312,712,712,2,2,2,{2}
2019-06-30,VELAG,"La Guaira",COCTG,Cartagena,1,1,"Alianca; Hamburg Sud; Maersk Line; SeaLand",4,2,2099,379,1708,2490,2,2,2,{2}
2019-06-30,VELAG,"La Guaira",VEPBL,"Puerto Cabello",1,1,"Alianca; Crowley; Hamburg Sud; King Ocean",4,2,1818,384.5,1795,1841,1,1,1,{1}
2019-06-30,VEMAR,Maracaibo,VEGUA,Guaranao,1,1,"Caribbean Feeder; Hapag-Lloyd; ZIM",3,1,2236,440,1118,1118,0,0,0,{0}
2019-06-30,VEPBL,"Puerto Cabello",PAMIT,Manzanillo,1,1,"Alianca; Hamburg Sud; Maersk Line; MSC; SeaLand",5,1,5012,840,2506,2506,2,2,2,{2}
2019-06-30,VEPBL,"Puerto Cabello",USPEF,"Port Everglades FL",1,1,"Alianca; Crowley; Hamburg Sud; King Ocean",4,2,1818,384.5,1795,1841,7,7,7,{7}
2019-06-30,VGRAD,Tortola,SXSXM,"St Maarten",1,1,"Tropical Shipping",1,2,1133,240,1118,1148,0,0,0,{0}
2019-06-30,VGVIJ,"Virgin Gorda",VGRAD,Tortola,1,1,"Tropical Shipping",1,2,1133,240,1118,1148,1,1,1,{1}
2019-06-30,VICTD,"St Croix VI",AIRBY,Anguilla,1,1,"Tropical Shipping",1,2,999,223.5,850,1148,1,1,1,{1}
2019-06-30,VICTD,"St Croix VI",TTPTS,"Point Lisas",1,1,"Crowley; King Ocean; ZIM",3,2,1290,390,1284,1296,0,0,0,{0}
2019-06-30,VICTD,"St Croix VI",VISTT,"St Thomas VI",1,1,Crowley,1,1,704,116,704,704,1,1,1,{1}
2019-06-30,VICZB,"St John VI",VISTT,"St Thomas VI",1,1,"Tropical Shipping",1,2,1133,240,1118,1148,0,0,0,{0}
2019-06-30,VISTT,"St Thomas VI",DOHAI,"Rio Haina",1,1,Crowley,1,1,704,116,704,704,2,2,2,{2}
2019-06-30,VISTT,"St Thomas VI",VGVIJ,"Virgin Gorda",1,1,"Tropical Shipping",1,2,1133,240,1118,1148,0,0,0,{0}
2019-06-30,VISTT,"St Thomas VI",VICTD,"St Croix VI",1,1,"Crowley; King Ocean; ZIM",3,2,1290,390,1284,1296,1,1,1,{1}
2019-06-30,VNC8Q,"Chu Lai",CNSHK,Shekou,1,1,"APL; CMA CGM; CNC Line-Cheng Lie Navigation Co. Ltd.",3,1,2690,500,2690,2690,3,3,3,{3}
2019-06-30,VNC8Q,"Chu Lai",VNDAD,"Da Nang",1,1,"SITC Shipping",1,3,1005,100,1005,1005,0,0,0,{0}
2019-06-30,VNC8Q,"Chu Lai",VNSGN,"Ho Chi Minh (VICT/Cat Lai)",1,1,COSCO,1,2,1160.5,175,1100,1221,1,1,1,{1}
2019-06-30,VNCLN,"Cai Lan",KRPUS,Busan,1,1,"CULines-China United Lines; Gold Star Line; Hyundai; X-Press; ZIM",5,5,5023,770,5023,5023,4,4,4,{4}
2019-06-30,VNDAD,"Da Nang",CNSHK,Shekou,1,1,"SITC Shipping",1,3,1005,100,1005,1005,1,1,1,{1}
2019-06-30,VNDAD,"Da Nang",HKHKG,"Hong Kong",1,1,"IAL-Interasia Lines; Wan Hai",2,3,1736.6666666666667,294,1702,1800,1,1,1,{1}
2019-06-30,VNDAD,"Da Nang",VNHPH,Haiphong,2,2,"ANL; CMA CGM; CNC Line-Cheng Lie Navigation Co. Ltd.; SITC Shipping; Yang Ming",5,8,2695.666666666667,267,1024,1800,1,2,3,"{1,3}"
2019-06-30,VNDAD,"Da Nang",VNSGN,"Ho Chi Minh (VICT/Cat Lai)",5,5,"ANL; CMA CGM; CNC Line-Cheng Lie Navigation Co. Ltd.; COSCO; Evergreen Line; IAL-Interasia Lines; Wan Hai; Yang Ming",8,17,9497,1085.6666666666667,1368,2553,2,2,3,"{3,2,2,2,2}"
2019-06-30,VNHPH,Haiphong,CNHMN,"Humen Port",1,1,"CULines-China United Lines",1,1,1016,96,1016,1016,3,3,3,{3}
2019-06-30,VNHPH,Haiphong,CNNGB,Ningbo,1,1,"Maersk Line; MCC; TS Lines; Yang Ming",4,4,1617.5,268.5,1440,1740,3,3,3,{3}
2019-06-30,VNHPH,Haiphong,CNNSA,Nansha,3,3,"APL; CMA CGM; COSCO; Evergreen Line; ONE; PIL; RCL; Wan Hai",8,11,12483.285714285714,1282.2857142857142,1228,11923,2,2,2,"{2,2,2}"
2019-06-30,VNHPH,Haiphong,CNQZH,Qinzhou,6,6,"Advance Container Lines; CK Line; COSCO; Hyundai; KMTC; Namsung; PIL; TS Lines; Wan Hai",9,14,8625.5,1171.5,1024,2450,0,1,2,"{0,2,1,0,1,1}"
2019-06-30,VNHPH,Haiphong,CNSHA,Shanghai,2,2,"COSCO; Evergreen Line; IAL-Interasia Lines; OOCL; SITC Shipping; Wan Hai; X-Press",7,8,5408.6,542.4,915,4578,3,4,5,"{5,3}"
2019-06-30,VNHPH,Haiphong,CNSHK,Shekou,7,7,"COSCO; Dongjin Shipping; Dong Young; Evergreen Line; Heung-A; Hyundai; KMTC; Namsung; Sinokor; Sinotrans; SITC Shipping; Wan Hai",12,18,8616.25,985.0833333333334,1000,1728,1,1,2,"{2,1,1,1,1,2,2}"
2019-06-30,VNHPH,Haiphong,CNSWA,Shantou,1,1,"CK Line; KMTC",2,2,1054,80,1048,1060,1,1,1,{1}
2019-06-30,VNHPH,Haiphong,CNTAO,Qingdao,3,3,"Asean Seas Line; Evergreen Line; Gold Star Line; Hyundai; KMTC; Maersk Line; MCC; OOCL; TS Lines; Yang Ming; ZIM",11,13,8259.142857142857,891.9285714285714,1050,6008,5,5,7,"{7,5,5}"
2019-06-30,VNHPH,Haiphong,CNXMN,Xiamen,1,1,"SM Line",1,2,1040,110,962,1118,2,2,2,{2}
2019-06-30,VNHPH,Haiphong,CNYTN,Yantian,1,1,"Hapag-Lloyd; ONE; Yang Ming",3,8,8473.5,706.25,8073,8749,2,2,2,{2}
2019-06-30,VNHPH,Haiphong,CNZHA,Zhanjiang,2,2,"ANL; APL; CMA CGM; CNC Line-Cheng Lie Navigation Co. Ltd.; IAL-Interasia Lines; OOCL; Wan Hai",7,4,2588,258,1220,1368,1,1.5,2,"{1,2}"
2019-06-30,VNHPH,Haiphong,HKHKG,"Hong Kong",6,6,"ANL; CMA CGM; CNC Line-Cheng Lie Navigation Co. Ltd.; COSCO; Dong Young; Evergreen Line; Heung-A; KMTC; MSC; Namsung; OOCL; Sinokor; SM Line; Yang Ming",14,16,8620.5,900.5,1000,2378,1,2,2,"{2,2,2,1,2,2}"
2019-06-30,VNHPH,Haiphong,TWKHH,Kaohsiung,6,6,"APL; Asean Seas Line; CMA CGM; Evergreen Line; ONE; OOCL; Wan Hai; Yang Ming",8,12,9415.333333333332,1460,1088,1850,2,2,3,"{2,2,3,2,2,3}"
2019-06-30,VNHPH,Haiphong,VNC8Q,"Chu Lai",1,1,"SITC Shipping",1,3,1005,100,1005,1005,1,1,1,{1}
2019-06-30,VNHPH,Haiphong,VNDAD,"Da Nang",1,1,"ANL; CMA CGM; CNC Line-Cheng Lie Navigation Co. Ltd.; Yang Ming",4,5,1620,167,1500,1800,1,1,1,{1}
2019-06-30,VNSGN,"Ho Chi Minh (VICT/Cat Lai)",CNNGB,Ningbo,3,3,"CMA CGM; CNC Line-Cheng Lie Navigation Co. Ltd.; RCL; Sinotrans; SITC Shipping",5,11,4902.5,618,1228,1808,4,5,5,"{5,4,5}"
2019-06-30,VNSGN,"Ho Chi Minh (VICT/Cat Lai)",CNSHA,Shanghai,2,2,"CK Line; COSCO; Evergreen Line; Heung-A; Hyundai; KMTC; RCL; Sinokor; SITC Shipping",9,9,4896.7,866.5,2450,2800,6,6,6,"{6,6}"
2019-06-30,VNSGN,"Ho Chi Minh (VICT/Cat Lai)",CNSHK,Shekou,4,4,"ANL; CMA CGM; CNC Line-Cheng Lie Navigation Co. Ltd.; COSCO; Evergreen Line; Heung-A; KMTC; OOCL; TS Lines; Wan Hai; Yang Ming",11,12,8512.000000000002,1073.6666666666667,1732,2553,2,2.5,3,"{2,3,3,2}"
2019-06-30,VNSGN,"Ho Chi Minh (VICT/Cat Lai)",CNTAO,Qingdao,1,1,"ANL; CMA CGM; CNC Line-Cheng Lie Navigation Co. Ltd.; COSCO; OOCL; PIL; Wan Hai",7,5,2546,500,2546,2546,6,6,6,{6}
2019-06-30,VNSGN,"Ho Chi Minh (VICT/Cat Lai)",CNTXG,Xingang/Tianjin,1,1,"ANL; CMA CGM; CNC Line-Cheng Lie Navigation Co. Ltd.; COSCO; OOCL; PIL; Wan Hai",7,5,2546,500,2546,2546,8,8,8,{8}
2019-06-30,VNSGN,"Ho Chi Minh (VICT/Cat Lai)",CNXMN,Xiamen,1,1,"KMTC; SITC Shipping",2,4,1612.5,217.25,1264,1805,3,3,3,{3}
2019-06-30,VNSGN,"Ho Chi Minh (VICT/Cat Lai)",HKHKG,"Hong Kong",8,8,"ANL; APL; CMA CGM; CNC Line-Cheng Lie Navigation Co. Ltd.; COSCO; Evergreen Line; IAL-Interasia Lines; KMTC; MCC; OOCL; RCL; Sinokor; TS Lines; Wan Hai; Yang Ming",15,27,17702.433333333334,2408.5333333333333,1368,3100,2,3,3,"{3,3,3,2,3,2,3,3}"
2019-06-30,VNSGN,"Ho Chi Minh (VICT/Cat Lai)",IDJKT,"Jakarta, Java",1,1,"ANL; CMA CGM; CNC Line-Cheng Lie Navigation Co. Ltd.; KMTC; SITC Shipping",5,4,2720.5,399.5,2700,2741,3,3,3,{3}
2019-06-30,VNSGN,"Ho Chi Minh (VICT/Cat Lai)",JPOSA,Osaka,1,1,ONE,1,3,2461,400,2450,2483,7,7,7,{7}
2019-06-30,VNSGN,"Ho Chi Minh (VICT/Cat Lai)",KHKOS,Sihanoukville,3,3,"Evergreen Line; IAL-Interasia Lines; SITC Shipping; Wan Hai",4,9,4782.916666666667,677.5833333333334,1368,1808,1,2,2,"{1,2,2}"
2019-06-30,VNSGN,"Ho Chi Minh (VICT/Cat Lai)",KRINC,Inchon,1,1,"CK Line; Dongjin Shipping; Evergreen Line; Namsung; Sinokor",5,3,1724.3333333333333,326.3333333333333,1614,1785,5,5,5,{5}
2019-06-30,VNSGN,"Ho Chi Minh (VICT/Cat Lai)",KRKAN,Gwangyang,2,2,"CK Line; Dongjin Shipping; KMTC; MCC; Namsung; PanCon; PanOcean; SM Line",8,6,3511.3333333333335,407.33333333333337,1634,1900,6,6,6,"{6,6}"
2019-06-30,VNSGN,"Ho Chi Minh (VICT/Cat Lai)",KRPUS,Busan,2,2,"Heung-A; Hyundai; KMTC; ONE; Sinokor",5,6,3492.666666666667,227,1614,1800,5,5.5,6,"{6,5}"
2019-06-30,VNSGN,"Ho Chi Minh (VICT/Cat Lai)",MYPKG,"Port Klang",3,3,"APL; CMA CGM; IAL-Interasia Lines; Wan Hai; Yang Ming",5,11,5022.583333333333,706.4166666666667,1368,1850,2,3,4,"{3,4,2}"
2019-06-30,VNSGN,"Ho Chi Minh (VICT/Cat Lai)",PHMNL,Manila,1,1,"ANL; APL; CMA CGM; CNC Line-Cheng Lie Navigation Co. Ltd.; Gold Star Line; Hyundai; RCL; ZIM",8,6,1723,312.5,1700,1756,4,4,4,{4}
2019-06-30,VNSGN,"Ho Chi Minh (VICT/Cat Lai)",SGSIN,Singapore,2,2,"ANL; CMA CGM; CNC Line-Cheng Lie Navigation Co. Ltd.; COSCO; Yang Ming",5,7,2780.5,342,1100,1800,2,2.5,3,"{2,3}"
2019-06-30,VNSGN,"Ho Chi Minh (VICT/Cat Lai)",THBKK,"Bangkok (Old Port)",4,4,"CK Line; Dongjin Shipping; KMTC; MCC; Namsung; PanCon; PanOcean; Sinotrans; SITC Shipping; SM Line",10,14,6859.083333333334,833.3333333333334,1264,1900,3,3,4,"{3,4,3,3}"
2019-06-30,VNSGN,"Ho Chi Minh (VICT/Cat Lai)",THLCH,"Laem Chabang",6,6,"ANL; CK Line; CMA CGM; CNC Line-Cheng Lie Navigation Co. Ltd.; Dongjin Shipping; Evergreen Line; Gold Star Line; Heung-A; KMTC; MCC; Namsung; ONE; OOCL; RCL; Sinokor; TS Lines; Wan Hai; Yang Ming; ZIM",19,20,12924.416666666666,1898.6666666666667,1512,2824,2,2.5,4,"{2,2,3,4,3,2}"
2019-06-30,VNSGN,"Ho Chi Minh (VICT/Cat Lai)",TWKHH,Kaohsiung,6,5,"APL; CNC Line-Cheng Lie Navigation Co. Ltd.; Evergreen Line; IAL-Interasia Lines; OOCL; SeaLand; TS Lines; Wan Hai; Yang Ming",9,20,13023,1694.0833333333335,1368,2586,3,3,4,"{3,3,4,3,3,3}"
2019-06-30,VNSGN,"Ho Chi Minh (VICT/Cat Lai)",VNDAD,"Da Nang",2,2,"ANL; CMA CGM; CNC Line-Cheng Lie Navigation Co. Ltd.; IAL-Interasia Lines; Wan Hai; Yang Ming",6,8,3356.666666666667,461,1500,1800,1,1.5,2,"{1,2}"
2019-06-30,VNSGN,"Ho Chi Minh (VICT/Cat Lai)",VNHPH,Haiphong,1,1,COSCO,1,2,1160.5,175,1100,1221,3,3,3,{3}
2019-06-30,VNUIH,"Qui Nhon",SGSIN,Singapore,1,1,"Advance Container Lines; PIL",2,2,1564.5,168,1454,1675,3,3,3,{3}
2019-06-30,VNVUT,"Cai Mep",CNSHA,Shanghai,1,1,MSC,1,4,3808,419.75,3301,4253,4,4,4,{4}
2019-06-30,VNVUT,"Cai Mep",CNSHK,Shekou,1,1,"Gold Star Line; KMTC; TS Lines; Yang Ming; ZIM",5,4,2776.5,528.25,2700,2824,1,1,1,{1}
2019-06-30,VNVUT,"Cai Mep",CNYTN,Yantian,1,1,"Hamburg Sud; Hyundai; Maersk Line; MCC; MSC; Safmarine",6,16,12950.375,847.5,11660,13800,3,3,3,{3}
2019-06-30,VNVUT,"Cai Mep",HKHKG,"Hong Kong",2,2,"ANL; APL; CMA CGM; COSCO; Evergreen Line; OOCL",6,18,16005.5,1233.3333333333335,6350,8888,2,2.5,3,"{2,3}"
2019-06-30,VNVUT,"Cai Mep",JPSMZ,Shimizu,1,1,"KMTC; ONE",2,3,4516.333333333333,490,4228,5071,7,7,7,{7}
2019-06-30,VNVUT,"Cai Mep",JPTYO,Tokyo,2,2,"Alianca; Hamburg Sud; Hapag-Lloyd; MCC; MSC; ONE",6,8,8280.5,688,3301,5085,6,7.5,9,"{9,6}"
2019-06-30,VNVUT,"Cai Mep",MYPKG,"Port Klang",1,1,"APL; CMA CGM; COSCO; Evergreen Line; OOCL",5,10,11671.2,952,9400,14566,3,3,3,{3}
2019-06-30,VNVUT,"Cai Mep",SGSIN,Singapore,7,7,"APL; CMA CGM; COSCO; Evergreen Line; Hamburg Sud; Hapag-Lloyd; Hyundai; Maersk Line; MCC; MSC; ONE; OOCL; PIL; Safmarine; Yang Ming; ZIM",16,77,69406.88333333333,5092.646464646465,3301,17722,0,2,2,"{2,2,2,0,1,2,2}"
2019-06-30,VNVUT,"Cai Mep",THLCH,"Laem Chabang",1,1,MSC,1,4,3808,419.75,3301,4253,3,3,3,{3}
2019-06-30,VNVUT,"Cai Mep",TWKHH,Kaohsiung,1,1,"Hyundai; Maersk Line; MCC; MSC",4,7,6714.571428571428,585.7142857142857,6350,6800,3,3,3,{3}
2019-06-30,VNVUT,"Cai Mep",USLAX,"Los Angeles CA",1,1,"APL; CMA CGM; COSCO; Evergreen Line; OOCL; PIL",6,18,9678,1033.5555555555557,9130,11388,17,17,17,{17}
2019-06-30,VNVUT,"Cai Mep",USLGB,"Long Beach CA",1,1,"Hapag-Lloyd; ONE; Yang Ming",3,11,6389.454545454545,509,6200,6500,16,16,16,{16}
2019-06-30,VNVUT,"Cai Mep",VNHPH,Haiphong,1,1,"Hapag-Lloyd; ONE; Yang Ming",3,8,8473.5,706.25,8073,8749,3,3,3,{3}
2019-06-30,VUSAN,Santo,NZTRG,Tauranga,1,1,"PDL-Pacific Direct Line; PIL",2,1,2331,300,777,777,5,5,5,{5}
2019-06-30,VUVLI,"Port Vila",FJLTK,Lautoka,1,1,"ANL; NPL-Neptune Pacific Line; PDL-Pacific Direct Line; Sofrana ANL; Swire Shipping",5,2,1955,437.14285714285717,734,876,2,2,2,{2}
2019-06-30,VUVLI,"Port Vila",VUSAN,Santo,1,1,"PDL-Pacific Direct Line; PIL",2,1,2331,300,777,777,1,1,1,{1}
2019-06-30,WSAPW,"Apia, W. Samoa",ASPPG,"Pago Pago",3,3,"Alianca; ANL; Hamburg Sud; NPL-Neptune Pacific Line; PDL-Pacific Direct Line; PIL; Polynesia Line; Sofrana ANL; Swire Shipping",9,5,6728.285714285714,1194.2857142857142,734,1740,0,1,2,"{1,0,2}"
2019-06-30,ZACPT,"Cape Town",CGPNR,"Pointe Noire",1,1,"ANL; CMA CGM; CNC Line-Cheng Lie Navigation Co. Ltd.; COSCO; Maersk Line; NileDutch; PIL; Safmarine",8,12,8705.5,758.3333333333334,8112,11800,7,7,7,{7}
2019-06-30,ZACPT,"Cape Town",ESALG,Algeciras,1,1,"DAL-Deutsche Afrika Linien; Maersk Line; Marguisa; ONE; Safmarine; Seago Line",6,8,6966,1337.5,6350,7450,12,12,12,{12}
2019-06-30,ZACPT,"Cape Town",ESLPA,"Las Palmas, Can Is",1,1,"Hapag-Lloyd; MSC; Stinnes",3,8,8996.375,668.75,8034,10081,10,10,10,{10}
2019-06-30,ZACPT,"Cape Town",MYPKG,"Port Klang",2,2,"ANL; CMA CGM; CNC Line-Cheng Lie Navigation Co. Ltd.; COSCO; Evergreen Line; Hapag-Lloyd; Maersk Line; NileDutch; ONE; PIL; Safmarine",11,20,13220.125,1213.5833333333335,4211,11800,16,17,18,"{18,16}"
2019-06-30,ZACPT,"Cape Town",TGLFW,Lome,1,1,"COSCO; OOCL; PIL",3,12,3920,33.333333333333336,3889,4250,7,7,7,{7}
2019-06-30,ZACPT,"Cape Town",USNYC,"New York NY/NJ",1,1,"Hamburg Sud; Maersk Line; MSC; Safmarine",4,8,2458.5,399.75,1798,3534,17,17,17,{17}
2019-06-30,ZACPT,"Cape Town",ZADUR,Durban,1,1,"Alianca; CMA CGM; Hamburg Sud; Hapag-Lloyd; NileDutch",5,6,3361.1666666666665,488.6666666666667,3091,3534,3,3,3,{3}
2019-06-30,ZACPT,"Cape Town",ZAPLZ,"Port Elizabeth",1,1,"DAL-Deutsche Afrika Linien; Maersk Line; Marguisa; ONE; Safmarine; Seago Line",6,8,6966,1337.5,6350,7450,5,5,5,{5}
2019-06-30,ZACPT,"Cape Town",ZAZBA,"Ngqura (Coega)",1,1,"Hapag-Lloyd; MSC; Stinnes",3,8,8996.375,668.75,8034,10081,2,2,2,{2}
2019-06-30,ZADUR,Durban,AEJEA,"Dubai, Jebel Ali",1,1,"ANL; CMA CGM; Maersk Line; Safmarine",4,11,4711.545454545455,636.9090909090909,4254,5466,18,18,18,{18}
2019-06-30,ZADUR,Durban,CGPNR,"Pointe Noire",1,1,"ANL; CMA CGM; Maersk Line; Safmarine",4,11,4711.545454545455,636.9090909090909,4254,5466,10,10,10,{10}
2019-06-30,ZADUR,Durban,MUPLU,"Port Louis",1,1,MSC,1,12,9773,794.1666666666666,8063,13092,4,4,4,{4}
2019-06-30,ZADUR,Durban,MYTPP,"Tanjung Pelepas",1,1,"Alianca; ANL; CMA CGM; CNC Line-Cheng Lie Navigation Co. Ltd.; Hamburg Sud; Maersk Line; MCC; Safmarine",8,10,8244,1260,4771,9964,15,15,15,{15}
2019-06-30,ZADUR,Durban,REPDG,"Reunion Island",1,1,"ANL; CMA CGM; DAL-Deutsche Afrika Linien; Maersk Line; Safmarine; UAFL-United Africa Feeder Line",6,6,2741.6666666666665,409.3333333333333,2456,3388,7,7,7,{7}
2019-06-30,ZADUR,Durban,SGSIN,Singapore,1,1,"COSCO; Evergreen Line; Hapag-Lloyd; ONE; PIL",5,7,4471.142857142857,404.85714285714283,2664,5100,15,15,15,{15}
2019-06-30,ZADUR,Durban,ZACPT,"Cape Town",2,2,"COSCO; Evergreen Line; Hamburg Sud; Hapag-Lloyd; Maersk Line; MSC; ONE; PIL; Safmarine",9,16,6973.125,855,1798,5087,3,3.5,4,"{4,3}"
2019-06-30,ZADUR,Durban,ZAPLZ,"Port Elizabeth",3,3,"Alianca; CMA CGM; COSCO; DAL-Deutsche Afrika Linien; Gold Star Line; Hamburg Sud; Hapag-Lloyd; Maersk Line; Marguisa; NileDutch; ONE; Safmarine; Seago Line; ZIM",14,23,12851.944444444443,2082.277777777778,3091,7450,2,2,4,"{4,2,2}"
2019-06-30,ZADUR,Durban,ZAZBA,"Ngqura (Coega)",3,3,"Alianca; ANL; CMA CGM; CNC Line-Cheng Lie Navigation Co. Ltd.; Hamburg Sud; Hapag-Lloyd; Maersk Line; MCC; MSC; Safmarine; Stinnes",11,28,24873.275,2382.05,4771,10081,2,3,8,"{8,3,2}"
2019-06-30,ZAPLZ,"Port Elizabeth",AOLAD,Luanda,1,1,"Alianca; CMA CGM; Hamburg Sud; Hapag-Lloyd; NileDutch",5,6,3361.1666666666665,488.6666666666667,3091,3534,5,5,5,{5}
2019-06-30,ZAPLZ,"Port Elizabeth",MYPKG,"Port Klang",1,1,"COSCO; Gold Star Line; ZIM",3,9,2524.777777777778,256.1111111111111,4178,4992,15,15,15,{15}
2019-06-30,ZAPLZ,"Port Elizabeth",ZACPT,"Cape Town",1,1,"DAL-Deutsche Afrika Linien; Maersk Line; Marguisa; ONE; Safmarine; Seago Line",6,8,6966,1337.5,6350,7450,4,4,4,{4}
2019-06-30,ZAPLZ,"Port Elizabeth",ZADUR,Durban,3,3,"ANL; CMA CGM; DAL-Deutsche Afrika Linien; Hamburg Sud; Maersk Line; Marguisa; MSC; ONE; Safmarine; Seago Line",10,27,14136.045454545456,2374.159090909091,1798,7450,3,3,5,"{3,3,5}"
2019-06-30,ZAZBA,"Ngqura (Coega)",AEJEA,"Dubai, Jebel Ali",1,1,MSC,1,10,7632.9,453.3,5754,10081,12,12,12,{12}
2019-06-30,ZAZBA,"Ngqura (Coega)",MYPKG,"Port Klang",1,1,"Alianca; Hamburg Sud; Hapag-Lloyd; Maersk Line; MCC; MSC; ONE; Safmarine",8,13,9503.53846153846,988.8461538461537,8386,11800,14,14,14,{14}
2019-06-30,ZAZBA,"Ngqura (Coega)",ZACPT,"Cape Town",1,1,"Hapag-Lloyd; MSC; Stinnes",3,8,8996.375,668.75,8034,10081,5,5,5,{5}
2019-06-30,ZAZBA,"Ngqura (Coega)",ZADUR,Durban,2,2,"Alianca; ANL; CMA CGM; CNC Line-Cheng Lie Navigation Co. Ltd.; Hamburg Sud; Hapag-Lloyd; Maersk Line; MCC; MSC; Safmarine; Stinnes",11,18,17240.375,1928.75,4771,10081,3,3,3,"{3,3}"
