period,origin,namea,destination,nameb,connections,distinct_services,companies,num_companies,num_vessels,weekly_teu,weekly_rplugs,min_vessel,max_vessel,min_days,median_days,max_days,available_transit_times
2024-12-29,AEAUH,"Abu Dhabi",AEJEA,"Dubai, Jebel Ali",7,7,"CMA CGM; CNC Line-Cheng Lie Navigation Co. Ltd.; COSCO; Evergreen Line; Hapag-Lloyd; Hyundai; Maersk Line; MSC; ONE; OOCL; Yang Ming",11,71,70049.95982905984,4271.01282051282,2200,18270,0,1,2,"{0,1,1,0,2,2,0}"
2024-12-29,AEAUH,"Abu Dhabi",AESHJ,Sharjah,1,1,"CMA CGM",1,2,1713,188.5,1713,1713,2,2,2,{2}
2024-12-29,AEAUH,"Abu Dhabi",CNTXG,Xingang/Tianjin,1,1,MSC,1,9,14362.666666666666,1133.3333333333333,13092,16616,24,24,24,{24}
2024-12-29,AEAUH,"Abu Dhabi",INMUN,Mundra,3,3,"CMA CGM; MSC",2,25,21032.309523809523,1621.2857142857142,2546,16520,3,3,4,"{4,3,3}"
2024-12-29,AEAUH,"Abu Dhabi",INNSA,"Mumbai (Nhava Sheva)",1,1,"COSCO; OOCL",2,3,2200,150,2200,2200,5,5,5,{5}
2024-12-29,AEAUH,"Abu Dhabi",IQUQR,"Umm Qasr",1,1,"CMA CGM",1,3,3232.6666666666665,430.6666666666667,2564,3600,2,2,2,{2}
2024-12-29,AEAUH,"Abu Dhabi",LKCMB,Colombo,1,1,MSC,1,2,3608.5,326,2591,4626,6,6,6,{6}
2024-12-29,AEAUH,"Abu Dhabi",MYPKG,"Port Klang",1,1,"APL; CMA CGM; CNC Line-Cheng Lie Navigation Co. Ltd.; COSCO; Evergreen Line; ONE; OOCL; PIL",8,7,18591.428571428572,999.1428571428571,14074,20988,7,7,7,{7}
2024-12-29,AEAUH,"Abu Dhabi",OMSLL,Salalah,1,1,"Maersk Line",1,12,6121.416666666667,761.5,4250,9962,4,4,4,{4}
2024-12-29,AEAUH,"Abu Dhabi",OMSOH,Sohar,1,1,MSC,1,4,3668.5,178.25,3424,4158,0,0,0,{0}
2024-12-29,AEAUH,"Abu Dhabi",QAHMD,Hamad,3,3,"CMA CGM; MSC",2,26,31213.47619047619,2459.6190476190477,2546,16616,0,1,1,"{1,1,0}"
2024-12-29,AEAUH,"Abu Dhabi",SADMM,Dammam,2,2,"APL; CMA CGM; CNC Line-Cheng Lie Navigation Co. Ltd.; COSCO; Evergreen Line; MSC; ONE; OOCL; PIL",9,11,22259.928571428572,1177.392857142857,3424,20988,0,0.5,1,"{1,0}"
2024-12-29,AEJEA,"Dubai, Jebel Ali",AEAUH,"Abu Dhabi",6,6,"APL; CMA CGM; CNC Line-Cheng Lie Navigation Co. Ltd.; COSCO; Evergreen Line; Maersk Line; MSC; ONE; OOCL; PIL",10,48,58103.154761904756,4075.0119047619046,1713,20988,0,0.5,3,"{1,0,0,0,1,3}"
2024-12-29,AEJEA,"Dubai, Jebel Ali",AESHJ,Sharjah,2,2,"CMA CGM; COSCO; OOCL; X-Press",4,5,3902,456,1642,2200,0,0,0,"{0,0}"
2024-12-29,AEJEA,"Dubai, Jebel Ali",CNNGB,Ningbo,1,1,"Maersk Line; MSC",2,15,16113.6,688.8666666666667,15150,18270,14,14,14,{14}
2024-12-29,AEJEA,"Dubai, Jebel Ali",CNSHA,Shanghai,1,1,"CULines-China United Lines; Heung-A; Sinokor; Unifeeder",4,5,2983.2,380,2518,3586,15,15,15,{15}
2024-12-29,AEJEA,"Dubai, Jebel Ali",DJJIB,Djibouti,1,1,"Feedertech; PIL",2,3,1808,250,1808,1808,4,4,4,{4}
2024-12-29,AEJEA,"Dubai, Jebel Ali",INCOK,Cochin,1,1,"CMA CGM; Evergreen Line; RCL; Unifeeder; X-Press",5,3,2913.3333333333335,476.6666666666667,2824,3006,4,4,4,{4}
2024-12-29,AEJEA,"Dubai, Jebel Ali",INMUN,Mundra,6,6,"APL; CMA CGM; Feedertech; Global Feeder Shipping; Hapag-Lloyd; Maersk Line; ONE; OOCL; Unifeeder",9,47,27606.81017316017,3266.3950216450216,1713,10500,1,3,5,"{3,3,3,4,1,5}"
2024-12-29,AEJEA,"Dubai, Jebel Ali",INNSA,"Mumbai (Nhava Sheva)",1,1,"CMA CGM",1,3,3232.6666666666665,430.6666666666667,2564,3600,5,5,5,{5}
2024-12-29,AEJEA,"Dubai, Jebel Ali",KEMBA,Mombasa,2,2,"APL; CMA CGM; Emirates Shipping; Hapag-Lloyd",4,13,5840.285714285714,771.3571428571429,1638,4298,7,7.5,8,"{8,7}"
2024-12-29,AEJEA,"Dubai, Jebel Ali",LKCMB,Colombo,3,3,"Heung-A; Maersk Line; ONE; Samudera; Sinokor; X-Press",6,15,13994.766666666666,1447.6666666666665,2742,8002,5,6,6,"{5,6,6}"
2024-12-29,AEJEA,"Dubai, Jebel Ali",OMSLL,Salalah,1,1,"CMA CGM; Global Feeder Shipping; Hapag-Lloyd",3,3,2501,266.6666666666667,2452,2550,3,3,3,{3}
2024-12-29,AEJEA,"Dubai, Jebel Ali",OMSOH,Sohar,5,5,"CMA CGM; COSCO; Emirates Shipping; Evergreen Line; Feedertech; Hapag-Lloyd; Hyundai; KMTC; MSC; ONE; OOCL; X-Press; Yang Ming",13,29,32651.411111111112,2598.4666666666667,1642,16010,1,1,2,"{1,1,1,2,1}"
2024-12-29,AEJEA,"Dubai, Jebel Ali",PKBQM,"Port Qasim",3,3,"APL; CMA CGM; Evergreen Line; Feedertech; Maersk Line; MSC; ONE; Wan Hai; X-Press",9,33,18352.17142857143,1716.357142857143,2756,13200,2,2,3,"{2,2,3}"
2024-12-29,AEJEA,"Dubai, Jebel Ali",PKKHI,Karachi,6,6,"CMA CGM; COSCO; Evergreen Line; Feedertech; Hapag-Lloyd; Hyundai; ONE; OOCL; Unifeeder; Wan Hai",10,48,40635.11538461538,4004.8461538461543,2546,14074,2,3,3,"{2,3,3,3,3,3}"
2024-12-29,AEJEA,"Dubai, Jebel Ali",QAHMD,Hamad,4,4,"CMA CGM; CNC Line-Cheng Lie Navigation Co. Ltd.; COSCO; Emirates Shipping; Evergreen Line; Global Feeder Shipping; Hapag-Lloyd; Hyundai; ONE; OOCL; TS Lines; Unifeeder; Wan Hai; Yang Ming",14,21,23252.6,2224.1428571428573,2546,12917,0,1,1,"{0,1,1,1}"
2024-12-29,AEJEA,"Dubai, Jebel Ali",SADMM,Dammam,4,4,"Emirates Shipping; Evergreen Line; Global Feeder Shipping; Hapag-Lloyd; Hyundai; KMTC; Maersk Line; ONE; PIL; RCL; TS Lines; Yang Ming",12,32,30753.694444444445,2644.416666666667,3237,16010,1,2,3,"{2,2,1,3}"
2024-12-29,AEJEA,"Dubai, Jebel Ali",SAJED,Jeddah,4,4,"CMA CGM; COSCO; Evergreen Line; Feedertech; Messina; ONE; Sidra; Wan Hai; X-Press",9,13,24054.040476190476,2861,1600,4406,7,7,10,"{7,7,7,10}"
2024-12-29,AEJEA,"Dubai, Jebel Ali",SCPOV,"Seychelles Is., Port Victoria",1,1,"UAFL-United Africa Feeder Line",1,2,5421,450,1740,1874,9,9,9,{9}
2024-12-29,AEJEA,"Dubai, Jebel Ali",SGSIN,Singapore,1,1,"COSCO; Hapag-Lloyd; Hyundai; ONE; Yang Ming",5,7,5179.571428571428,407.14285714285717,5500,6589,11,11,11,{11}
2024-12-29,AEJEA,"Dubai, Jebel Ali",SOMGQ,Mogadishu,1,1,"APL; CMA CGM",2,6,1998.3333333333333,294.1666666666667,1708,2490,6,6,6,{6}
2024-12-29,AEKLF,"Khor Fakkan",AEJEA,"Dubai, Jebel Ali",1,1,"Emirates Shipping; Global Feeder Shipping; KMTC; PIL; RCL; TS Lines",6,8,5878.5,386.25,5878,8110,1,1,1,{1}
2024-12-29,AESHJ,Sharjah,AEJEA,"Dubai, Jebel Ali",1,1,"CMA CGM; COSCO; X-Press",3,2,1702,306,1642,1762,1,1,1,{1}
2024-12-29,AESHJ,Sharjah,BHKBS,"Khalifa Bin Salman Port",1,1,"COSCO; OOCL",2,3,2200,150,2200,2200,1,1,1,{1}
2024-12-29,AESHJ,Sharjah,OMSOH,Sohar,1,1,"CMA CGM",1,2,1713,188.5,1713,1713,2,2,2,{2}
2024-12-29,AGSJO,"St John's, Antigua",CWWIL,Willemstad,1,1,"Geest Line; Seatrade; StreamLines",3,5,463.2,189.6,436,564,2,2,2,{2}
2024-12-29,AGSJO,"St John's, Antigua",KNBAS,"Basseterre, St Kitts",1,1,"Tropical Shipping",1,2,911.5,187,850,973,1,1,1,{1}
2024-12-29,AGSJO,"St John's, Antigua",TTPOS,"Port of Spain",1,1,"CMA CGM",1,3,773.3333333333334,164,677,966,2,2,2,{2}
2024-12-29,AGSJO,"St John's, Antigua",TTPTS,"Point Lisas",1,1,"Seaboard Marine",1,2,1114,220,1114,1114,2,2,2,{2}
2024-12-29,AIRBY,Anguilla,BBBGI,Bridgetown,1,1,"Tropical Shipping",1,2,1148,260,1148,1148,0,0,0,{0}
2024-12-29,ALDRZ,Durres,GRPIR,Piraeus,1,1,"CMA CGM; COSCO; Hapag-Lloyd; Maersk Line; SeaLand; X-Press; ZIM",7,1,1700,200,1700,1700,3,3,3,{3}
2024-12-29,ALDRZ,Durres,ITBRI,Bari,1,1,MSC,1,1,925,200,925,925,1,1,1,{1}
2024-12-29,ALDRZ,Durres,ITCTA,Catania,1,1,MSC,1,1,1874,,1874,1874,1,1,1,{1}
2024-12-29,AOLAD,Luanda,AOLOB,Lobito,1,1,PSL,1,2,5748.285714285715,235.71428571428572,1829,1829,5,5,5,{5}
2024-12-29,AOLAD,Luanda,CGPNR,"Pointe Noire",1,1,"Grimaldi Lines",1,2,3313.714285714286,,612,1321,1,1,1,{1}
2024-12-29,AOLAD,Luanda,GAPOG,"Port Gentil",1,1,"BOCS-Bremen Overseas Chartering and Shipping",1,5,810.8571428571429,94.62857142857145,706,953,9,9,9,{9}
2024-12-29,AOLAD,Luanda,GHTEM,Tema,1,1,Hapag-Lloyd,1,6,2679,416.6666666666667,2782,3739,3,3,3,{3}
2024-12-29,AOLAD,Luanda,MAPTM,Tanger,1,1,"CMA CGM",1,6,4391,274.3333333333333,4360,4431,15,15,15,{15}
2024-12-29,AOLAD,Luanda,NAWVB,"Walvis Bay",1,1,"CMA CGM; CNC Line-Cheng Lie Navigation Co. Ltd.; COSCO; Hapag-Lloyd; Maersk Line; OOCL",6,12,8557.583333333334,870.4166666666666,7090,9326,3,3,3,{3}
2024-12-29,AOLOB,Lobito,AOMSZ,Namibe,1,1,PSL,1,2,5748.285714285715,235.71428571428572,1829,1829,2,2,2,{2}
2024-12-29,AOMSZ,Namibe,PTLEI,Leixoes,1,1,PSL,1,2,5748.285714285715,235.71428571428572,1829,1829,16,16,16,{16}
2024-12-29,ARBUE,"Buenos Aires",BRIOA,"Porto Itapoa",1,1,"COSCO; ONE; OOCL",3,8,4328,408.75,4051,4882,3,3,3,{3}
2024-12-29,ARBUE,"Buenos Aires",BRPNG,Paranagua,1,1,"CMA CGM; COSCO; Evergreen Line; OOCL; PIL; Yang Ming",6,13,10301.923076923076,1052.7692307692307,8452,13264,4,4,4,{4}
2024-12-29,ARBUE,"Buenos Aires",BRRIG,"Rio Grande",2,2,"Hapag-Lloyd; Maersk Line; MSC; ONE",4,20,17147.62637362637,2412.3076923076924,4975,12119,1,1.5,2,"{1,2}"
2024-12-29,ARBUE,"Buenos Aires",UYMVD,Montevideo,5,5,"CMA CGM; Hapag-Lloyd; Maersk Line; MSC; ONE; ZIM",6,52,42577.405982905984,5579.1040404040405,5550,12846,0,1,5,"{1,5,1,0,1}"
2024-12-29,ARZAE,Zarate,BRSSZ,Santos,1,1,"Grimaldi Lines",1,4,2642,,1321,1321,6,6,6,{6}
2024-12-29,ASPPG,"Pago Pago",NCNOU,Noumea,1,1,"Kyowa; ONE; Swire Shipping",3,4,3963.214285714286,,1617,2082,6,6,6,{6}
2024-12-29,ASPPG,"Pago Pago",PFPPT,"Papeete, Tahiti",2,2,"Kyowa; NYK Bulk and Projects",2,4,8074.285714285715,,914,970,4,5,6,"{4,6}"
2024-12-29,ASPPG,"Pago Pago",USLGB,"Long Beach CA",1,1,"Maersk Line; NPDL; Swire Shipping",3,2,3857,705.7142857142857,1102,1740,14,14,14,{14}
2024-12-29,AUADL,Adelaide,AUFRE,Fremantle,3,3,"ANL; APL; CMA CGM; COSCO; Hapag-Lloyd; Maersk Line; MSC; ONE; OOCL; PIL; Yang Ming",11,29,22073.546218487394,2259.8521008403363,4250,10622,4,4,5,"{5,4,4}"
2024-12-29,AUADL,Adelaide,IDJKT,"Jakarta, Java",1,1,"COSCO; OOCL; PIL",3,5,4318,357.2,4253,4578,9,9,9,{9}
2024-12-29,AUADL,Adelaide,NZTRG,Tauranga,1,1,"ANL; APL; CMA CGM; Hapag-Lloyd; Maersk Line; MSC",6,10,4518.1,399.1,3884,5466,7,7,7,{7}
2024-12-29,AUBEL,"Bell Bay, TAS",AUSYD,Sydney,2,2,"COSCO; MSC; OOCL",3,7,3625.833333333333,681,1023,2572,1,1.5,2,"{1,2}"
2024-12-29,AUBNE,Brisbane,AUMEL,Melbourne,2,2,"Austral Asia Line; Gold Star Line; MSC; ZIM",4,11,8609.857142857143,843.9285714285714,979,6750,5,8,11,"{5,11}"
2024-12-29,AUBNE,Brisbane,AUSYD,Sydney,3,3,"ANL; APL; CMA CGM; COSCO; Hapag-Lloyd; Maersk Line; Marfret; ONE; OOCL; PIL",10,25,12500.97619047619,1458.0095238095237,1064,6554,2,2,4,"{2,2,4}"
2024-12-29,AUBNE,Brisbane,AUTSV,Townsville,1,1,"ANL; CMA CGM",2,1,8948.57142857143,1542.857142857143,1740,1740,4,4,4,{4}
2024-12-29,AUBNE,Brisbane,CNTAO,Qingdao,2,2,"Maersk Line; ONE; PIL; Sea Lead; TS Lines; Yang Ming",6,13,10522.928571428572,994.3333333333333,4211,6478,13,14,15,"{15,13}"
2024-12-29,AUBNE,Brisbane,CNXMN,Xiamen,1,1,"ANL; CMA CGM; COSCO; OOCL; PIL",5,5,5505.2,535,5250,5888,15,15,15,{15}
2024-12-29,AUBNE,Brisbane,JPYOK,Yokohama,1,1,"ANL; CMA CGM; CNC Line-Cheng Lie Navigation Co. Ltd.; COSCO; OOCL",5,6,5854.666666666667,933.3333333333334,5576,6014,11,11,11,{11}
2024-12-29,AUBNE,Brisbane,KRPUS,Busan,2,2,"Evergreen Line; Gold Star Line; Hapag-Lloyd; Hyundai; MSC; ONE; ZIM",7,14,9661.428571428572,1096.5714285714287,3586,6750,13,14,15,"{13,15}"
2024-12-29,AUBNE,Brisbane,MYTPP,"Tanjung Pelepas",1,1,"ANL; Hapag-Lloyd; Maersk Line; ONE",4,6,5864.833333333333,512.6666666666666,5085,6554,13,13,13,{13}
2024-12-29,AUBNE,Brisbane,NCNOU,Noumea,3,3,"ANL; MSC; NPDL; PFL; Swire Shipping",5,8,5825.5,985,1096,2572,3,4,5,"{4,5,3}"
2024-12-29,AUBNE,Brisbane,NZAKL,Auckland,1,1,"COSCO; Maersk Line; ONE; OOCL",4,7,4169,637.2857142857143,4255,5301,4,4,4,{4}
2024-12-29,AUBNE,Brisbane,PGPOM,"Port Moresby",1,1,"ANL; CMA CGM",2,1,7454.571428571428,2501.5714285714284,1338,1338,6,6,6,{6}
2024-12-29,AUBNE,Brisbane,SGSIN,Singapore,1,1,"COSCO; OOCL; PIL; Yang Ming",4,5,4439,398.8,4211,4578,12,12,12,{12}
2024-12-29,AUBNE,Brisbane,TWKHH,Kaohsiung,2,2,"ANL; CMA CGM; COSCO; Evergreen Line; Hapag-Lloyd; OOCL; PIL; Sinotrans; TS Lines; Yang Ming",10,14,12196.571428571428,1043.4285714285716,4662,8888,11,15,19,"{11,19}"
2024-12-29,AUDRW,Darwin,SGSIN,Singapore,1,1,"ANL; APL; CMA CGM",3,2,1228.5714285714287,200,618,1102,10,10,10,{10}
2024-12-29,AUFRE,Fremantle,AUSYD,Sydney,1,1,"COSCO; OOCL; PIL; Yang Ming",4,5,4736,495.6,4250,5642,6,6,6,{6}
2024-12-29,AUFRE,Fremantle,KRPUS,Busan,1,1,"Austral Asia Line",1,3,2797.1428571428573,142.85714285714286,979,979,36,36,36,{36}
2024-12-29,AUFRE,Fremantle,MYPKG,"Port Klang",2,2,"ANL; CMA CGM; COSCO; Hapag-Lloyd; Maersk Line; ONE; OOCL",7,10,12226.42857142857,1298.7619047619048,2954,10622,7,8,9,"{7,9}"
2024-12-29,AUFRE,Fremantle,MYTPP,"Tanjung Pelepas",1,1,"Hapag-Lloyd; Maersk Line; ONE",3,3,3637,533.3333333333334,3158,4253,8,8,8,{8}
2024-12-29,AUFRE,Fremantle,SGSIN,Singapore,2,2,"ANL; APL; CMA CGM; COSCO; MSC; OOCL; PIL; Yang Ming",8,22,13633.117647058823,1294.4235294117648,4250,9572,6,6.5,7,"{6,7}"
2024-12-29,AUGLT,Gladstone,SGSIN,Singapore,2,2,"ANL; CMA CGM",2,2,18820.285714285714,2785.7142857142853,1638,1740,11,13,15,"{15,11}"
2024-12-29,AUMEL,Melbourne,AUADL,Adelaide,4,4,"ANL; APL; CMA CGM; COSCO; Hapag-Lloyd; Maersk Line; MSC; OOCL; PIL; Yang Ming",10,37,22469.217647058824,2050.723529411765,3884,9572,1,2,2,"{2,2,1,2}"
2024-12-29,AUMEL,Melbourne,AUBEL,"Bell Bay, TAS",1,1,"COSCO; OOCL",2,3,1548.3333333333333,264,1023,1841,2,2,2,{2}
2024-12-29,AUMEL,Melbourne,AUBNE,Brisbane,6,6,"ANL; CMA CGM; COSCO; Evergreen Line; Hapag-Lloyd; Hyundai; Maersk Line; NPDL; ONE; OOCL; PFL; PIL; Sea Lead; Swire Shipping; TS Lines; Yang Ming",16,34,30533.414285714287,2993.904761904762,1102,8888,2,3.5,5,"{3,4,4,2,3,5}"
2024-12-29,AUMEL,Melbourne,AUNTL,"Newcastle, AU",1,1,"Austral Asia Line",1,4,3518,242.5,979,2029,4,4,4,{4}
2024-12-29,AUMEL,Melbourne,AUSYD,Sydney,5,5,"ANL; CMA CGM; CNC Line-Cheng Lie Navigation Co. Ltd.; COSCO; Evergreen Line; Gold Star Line; Hapag-Lloyd; Maersk Line; MSC; ONE; OOCL; PIL; Sinotrans; TS Lines; Yang Ming; ZIM",16,32,28738.809523809527,3390.9904761904763,3586,10622,2,2,2,"{2,2,2,2,2}"
2024-12-29,AUMEL,Melbourne,NZAKL,Auckland,2,2,"ANL; CMA CGM; Maersk Line",3,7,4583.357142857143,393.5,1740,2702,6,6.5,7,"{7,6}"
2024-12-29,AUMEL,Melbourne,NZPOE,"Port Chalmers",1,1,"Hapag-Lloyd; Maersk Line; MSC",3,11,3409.090909090909,807.4545454545454,3075,3752,7,7,7,{7}
2024-12-29,AUMEL,Melbourne,NZTRG,Tauranga,1,1,"ANL; APL; CMA CGM; Marfret",4,14,2318.1428571428573,588.1428571428571,1064,2713,6,6,6,{6}
2024-12-29,AUNTL,"Newcastle, AU",KRMAS,Masan,1,1,"Austral Asia Line",1,4,3518,242.5,979,2029,17,17,17,{17}
2024-12-29,AUSYD,Sydney,AUADL,Adelaide,1,1,"ANL; CMA CGM; Hapag-Lloyd; Maersk Line; ONE",5,7,8440.42857142857,965.4285714285714,6478,10622,5,5,5,{5}
2024-12-29,AUSYD,Sydney,AUBNE,Brisbane,6,6,"ANL; CMA CGM; CNC Line-Cheng Lie Navigation Co. Ltd.; COSCO; Evergreen Line; Gold Star Line; Hapag-Lloyd; Maersk Line; MSC; ONE; OOCL; PIL; Sinotrans; TS Lines; Yang Ming; ZIM",16,35,28240.714285714283,3355.2285714285717,1114,7092,1,2,3,"{2,2,3,2,1,2}"
2024-12-29,AUSYD,Sydney,AUMEL,Melbourne,13,13,"ANL; APL; CMA CGM; COSCO; Evergreen Line; Hapag-Lloyd; Hyundai; Maersk Line; Marfret; MSC; NPDL; ONE; OOCL; PFL; PIL; Sea Lead; Swire Shipping; TS Lines; Yang Ming",19,100,61032.36569900687,6833.725693913929,1064,9572,2,2,3,"{2,2,3,2,3,2,2,3,3,3,2,2,2}"
2024-12-29,AUSYD,Sydney,NZAKL,Auckland,1,1,"COSCO; OOCL",2,3,1548.3333333333333,264,1023,1841,3,3,3,{3}
2024-12-29,AUSYD,Sydney,NZTRG,Tauranga,1,1,"Maersk Line; ONE",2,7,5996.142857142857,1277.2857142857142,5552,6881,4,4,4,{4}
2024-12-29,AUTSV,Townsville,AUGLT,Gladstone,2,2,"ANL; CMA CGM",2,2,18820.285714285714,2785.7142857142853,1638,1740,2,2,2,"{2,2}"
2024-12-29,AUTSV,Townsville,CNSHA,Shanghai,1,1,"MELL; PIL; Swire Shipping",3,3,4448.666666666667,289.3333333333333,1123,2800,13,13,13,{13}
2024-12-29,AUTSV,Townsville,KRPUS,Busan,1,1,Kyowa,1,2,1224,,502,506,11,11,11,{11}
2024-12-29,AUTSV,Townsville,PGPOM,"Port Moresby",1,1,"ANL; CMA CGM",2,1,8948.57142857143,1542.857142857143,1740,1740,1,1,1,{1}
2024-12-29,AWBAR,Barcadera,CWWIL,Willemstad,1,1,"King Ocean",1,2,1484,,1484,1484,1,1,1,{1}
2024-12-29,AWORJ,Aruba,COCTG,Cartagena,1,1,"Caribbean Feeder; CMA CGM; COSCO; Hapag-Lloyd; ONE; OOCL; Seaboard Marine; X-Press; ZIM",9,3,1052.6666666666667,180,1020,1118,1,1,1,{1}
2024-12-29,BBBGI,Bridgetown,BQSAB,Saba,1,1,"King Ocean; Seaboard Marine",2,2,1296,195,1296,1296,0,0,0,{0}
2024-12-29,BBBGI,Bridgetown,COCTG,Cartagena,1,1,"Caribbean Feeder; Hapag-Lloyd; ZIM",3,3,1172.3333333333333,300.3333333333333,1061,1338,4,4,4,{4}
2024-12-29,BBBGI,Bridgetown,GPSBH,"St Barthelemy",1,1,"Tropical Shipping",1,2,1148,260,1148,1148,0,0,0,{0}
2024-12-29,BBBGI,Bridgetown,KYGEC,Georgetown,1,1,"Seaboard Marine",1,2,1114,220,1114,1114,3,3,3,{3}
2024-12-29,BBBGI,Bridgetown,TTPOS,"Port of Spain",2,2,"Caribbean Feeder; CMA CGM; COSCO; Hapag-Lloyd; ZIM",5,6,2425.333333333333,634.3333333333333,1061,1345,0,0.5,1,"{0,1}"
2024-12-29,BBBGI,Bridgetown,VCKTN,"Kingstown, St Vincent",2,2,"CMA CGM; Geest Line; Seatrade; StreamLines",4,8,1236.5333333333333,353.6,436,966,1,1,1,"{1,1}"
2024-12-29,BDCGP,Chittagong,BDMGL,Mongla,2,2,"Maersk Line; PIL",2,6,4370,363.6,728,2822,1,1,1,"{1,1}"
2024-12-29,BDCGP,Chittagong,MYPKG,"Port Klang",4,4,"CMA CGM; CNC Line-Cheng Lie Navigation Co. Ltd.; Hyundai; Maersk Line; OOCL; Sinokor",6,16,11278.171428571428,1943.257142857143,1740,2954,3,4,5,"{3,4,4,5}"
2024-12-29,BDCGP,Chittagong,MYTPP,"Tanjung Pelepas",1,1,"Maersk Line",1,6,2797.3333333333335,373.3333333333333,2754,2806,9,9,9,{9}
2024-12-29,BDCGP,Chittagong,SGSIN,Singapore,13,13,"APL; CMA CGM; CNC Line-Cheng Lie Navigation Co. Ltd.; COSCO; ONE; OOCL; PIL; Samudera; SOL; X-Press; Yang Ming",11,22,35060.2,4633.4,887,2822,4,5,7,"{4,5,4,5,4,6,4,5,5,4,7,4,5}"
2024-12-29,BDMGL,Mongla,MYTPP,"Tanjung Pelepas",1,1,"Maersk Line",1,5,2810,213.6,2806,2822,5,5,5,{5}
2024-12-29,BDMGL,Mongla,SGSIN,Singapore,1,1,PIL,1,1,1560,150,728,728,5,5,5,{5}
2024-12-29,BEANR,Antwerp,BEZEE,Zeebrugge,3,3,"BG Freight Line; CMA CGM; COSCO; Evergreen Line; MSC; X-Press",6,4,4145,785,868,1875,1,1,1,"{1,1,1}"
2024-12-29,BEANR,Antwerp,CAHAL,Halifax,1,1,"CMA CGM; Hapag-Lloyd; ONE; Yang Ming",4,11,4908.545454545455,330,4882,5014,7,7,7,{7}
2024-12-29,BEANR,Antwerp,CAMTR,Montreal,1,1,"CMA CGM; Maersk Line",2,5,2674.8,440,3091,3596,10,10,10,{10}
2024-12-29,BEANR,Antwerp,CASJB,"Saint John, New Brunswick",1,1,Hapag-Lloyd,1,7,2690.714285714286,700,2572,2854,10,10,10,{10}
2024-12-29,BEANR,Antwerp,DEBRE,Bremen,1,1,Stinnes,1,3,3193.047619047619,208,771,904,1,1,1,{1}
2024-12-29,BEANR,Antwerp,DEBRV,Bremerhaven,4,4,"COSCO; Hapag-Lloyd; Maersk Line; MSC; OOCL; Stinnes",6,26,21310.768253968254,2613.4507936507935,2506,12119,1,1,2,"{1,1,1,2}"
2024-12-29,BEANR,Antwerp,DEHAM,Hamburg,7,7,"APL; CMA CGM; CNC Line-Cheng Lie Navigation Co. Ltd.; COSCO; Evergreen Line; Grimaldi Lines; Hapag-Lloyd; Maersk Line; MSC; ONE; OOCL",11,61,48436.83333333334,2877.5238095238096,1321,20150,1,2,2,"{2,2,1,1,2,1,2}"
2024-12-29,BEANR,Antwerp,DKAAR,Aarhus,1,1,MSC,1,1,1730,200,1730,1730,2,2,2,{2}
2024-12-29,BEANR,Antwerp,DOCAU,Caucedo,1,1,"CMA CGM; COSCO; Hapag-Lloyd; Maersk Line; OOCL",5,10,10185.2,1502,9010,11519,12,12,12,{12}
2024-12-29,BEANR,Antwerp,EETLL,"Tallinn Estonia",1,1,MSC,1,2,1026,197.5,956,1096,5,5,5,{5}
2024-12-29,BEANR,Antwerp,EGALY,Alexandria,1,1,"Maersk Line",1,5,3450.2,580,3003,3596,10,10,10,{10}
2024-12-29,BEANR,Antwerp,ESVLC,Valencia,1,1,"MSC; WEC Lines",2,5,9192.4,748.8,8384,9600,5,5,5,{5}
2024-12-29,BEANR,Antwerp,FIHEL,Helsinki,1,1,"Evergreen Line; X-Press",2,2,1264,350,1264,1264,3,3,3,{3}
2024-12-29,BEANR,Antwerp,FRDKK,Dunkirk,4,4,"CMA CGM; COSCO; Hapag-Lloyd; MSC; ONE; OOCL",6,22,19272.78205128205,1758.8461538461538,750,14074,1,1,1,"{1,1,1,1}"
2024-12-29,BEANR,Antwerp,FRLEH,"Le Havre",10,10,"ANL; APL; CMA CGM; CNC Line-Cheng Lie Navigation Co. Ltd.; COSCO; Evergreen Line; Grimaldi Lines; Hapag-Lloyd; Maersk Line; Marfret; MSC; ONE; OOCL; WEC Lines; ZIM",15,82,75082.98028442146,6886.089463477699,612,23112,0,1,3,"{1,0,0,1,2,2,3,1,1,0}"
2024-12-29,BEANR,Antwerp,FRURO,Rouen,1,1,"BOCS-Bremen Overseas Chartering and Shipping",1,5,810.8571428571429,94.62857142857145,706,953,5,5,5,{5}
2024-12-29,BEANR,Antwerp,GBBEL,Belfast,1,1,"CMA CGM; Eucon; Hapag-Lloyd",3,1,972,170,972,972,2,2,2,{2}
2024-12-29,BEANR,Antwerp,GBDVR,Dover,1,1,Soreidom,1,2,1095.2857142857142,31.428571428571427,348,349,3,3,3,{3}
2024-12-29,BEANR,Antwerp,GBFXT,Felixstowe,1,1,"Maersk Line; MSC",2,15,22164.266666666666,718.1333333333333,19200,24346,1,1,1,{1}
2024-12-29,BEANR,Antwerp,GBLGP,"London Gateway",7,7,"CMA CGM; COSCO; Hapag-Lloyd; Hyundai; Maersk Line; MSC; ONE; OOCL; Yang Ming",9,91,82084.78095238094,5389.459523809524,2572,23964,0,1,2,"{1,2,1,0,1,1,1}"
2024-12-29,BEANR,Antwerp,GBLIV,Liverpool,1,1,"ACL-Atlantic Container Line; Hapag-Lloyd",2,5,3809,200,3809,3809,3,3,3,{3}
2024-12-29,BEANR,Antwerp,GBSOU,Southampton,3,3,"Grimaldi Lines; Hapag-Lloyd; Hyundai; ICL; ONE; Yang Ming",6,23,26610.233333333334,1529.7333333333333,700,24136,1,2,3,"{3,2,1}"
2024-12-29,BEANR,Antwerp,GBTEE,Teesport,1,1,"MSC; WEC Lines",2,1,1008,150,1008,1008,1,1,1,{1}
2024-12-29,BEANR,Antwerp,GRPIR,Piraeus,3,3,"Borchard Lines Ltd; COSCO; Hapag-Lloyd; Maersk Line; MSC; OOCL; Turkon; Yang Ming",8,16,17438.1,1713.4666666666667,4051,8749,7,8,9,"{7,8,9}"
2024-12-29,BEANR,Antwerp,IEDUB,Dublin,1,1,"CMA CGM; Eucon; Hapag-Lloyd",3,1,750,170,750,750,2,2,2,{2}
2024-12-29,BEANR,Antwerp,LTKLJ,"Klaipeda
",1,1,"Evergreen Line; ONE; X-Press; Yang Ming",4,2,1217,175,1170,1264,1,1,1,{1}
2024-12-29,BEANR,Antwerp,MACAS,Casablanca,1,1,"Grimaldi Lines",1,6,1768.6666666666667,,612,2000,4,4,4,{4}
2024-12-29,BEANR,Antwerp,MAPTM,Tanger,1,1,"CMA CGM; Maersk Line",2,9,10022,1422.2222222222222,9669,12846,6,6,6,{6}
2024-12-29,BEANR,Antwerp,NLRTM,Rotterdam,13,13,"APL; CMA CGM; COSCO; Ellerman; Eucon; Evergreen Line; Hapag-Lloyd; Maersk Line; MSC; ONE; OOCL; X-Press; Yang Ming",13,67,47888.09523809524,6393.059523809524,803,13208,0,1,2,"{1,0,0,1,0,1,2,1,1,1,1,1,1}"
2024-12-29,BEANR,Antwerp,NLVLI,Flushing,2,2,"CMA CGM; Europe Caribbean Line",2,10,5019.714285714285,536.3333333333334,256,4367,0,1,2,"{0,2}"
2024-12-29,BEANR,Antwerp,NOOSL,Oslo,1,1,"MSC; WEC Lines",2,1,1118,220,1118,1118,3,3,3,{3}
2024-12-29,BEANR,Antwerp,PRSJU,"San Juan PR",1,1,Dole,1,5,299,55.6,264,439,11,11,11,{11}
2024-12-29,BEANR,Antwerp,PTLEI,Leixoes,3,3,"Borchard Lines Ltd; CMA CGM; MACS; MSC; WEC Lines",5,13,5839.333333333334,337.9,868,2208,3,3,4,"{3,3,4}"
2024-12-29,BEANR,Antwerp,PTLIS,Lisbon,1,1,"COSCO; ONE; OOCL",3,8,4328,408.75,4051,4882,4,4,4,{4}
2024-12-29,BEANR,Antwerp,PTSIE,Sines,2,2,"MSC; WEC Lines; ZIM",3,14,14558.6,1756.888888888889,4900,11037,2,2.5,3,"{3,2}"
2024-12-29,BEANR,Antwerp,RULED,"St Petersburg",2,2,MSC,1,4,4724,450,1719,3005,4,4,4,"{4,4}"
2024-12-29,BEANR,Antwerp,SEHEL,Helsingborg,1,1,MSC,1,1,2474,550,2474,2474,2,2,2,{2}
2024-12-29,BEANR,Antwerp,SENRK,Norrköping,1,1,MSC,1,2,2300,142.5,1800,2800,4,4,4,{4}
2024-12-29,BEANR,Antwerp,TRGEB,"Istanbul (Gebze)",1,1,MSC,1,3,4961.333333333333,450,4900,4992,7,7,7,{7}
2024-12-29,BEZEE,Zeebrugge,BEANR,Antwerp,1,1,MSC,1,21,14385.666666666666,932.4761904761905,8772,19224,1,1,1,{1}
2024-12-29,BEZEE,Zeebrugge,FIHEL,Helsinki,1,1,MSC,1,2,1875,385,1875,1875,4,4,4,{4}
2024-12-29,BEZEE,Zeebrugge,GBFXT,Felixstowe,1,1,"Ellerman; MSC",2,9,4294,1266.6666666666667,4112,4931,0,0,0,{0}
2024-12-29,BEZEE,Zeebrugge,GBTEE,Teesport,1,1,"MSC; WEC Lines",2,1,1008,150,1008,1008,2,2,2,{2}
2024-12-29,BEZEE,Zeebrugge,IEDUB,Dublin,1,1,"BG Freight Line; CMA CGM; COSCO; Evergreen Line; X-Press",5,1,868,150,868,868,2,2,2,{2}
2024-12-29,BEZEE,Zeebrugge,NLRTM,Rotterdam,1,1,"CMA CGM",1,2,1400,372,1400,1400,1,1,1,{1}
2024-12-29,BEZEE,Zeebrugge,PLGDN,Gdansk,1,1,"CMA CGM; CNC Line-Cheng Lie Navigation Co. Ltd.; COSCO; Evergreen Line; OOCL",5,15,23547.533333333333,300,21413,24188,3,3,3,{3}
2024-12-29,BEZEE,Zeebrugge,SEHAD,Halmstad,1,1,MSC,1,1,1402,250,1402,1402,2,2,2,{2}
2024-12-29,BGBOJ,Burgas,BGVAR,Varna,2,2,"Arkas Line; CMA CGM; Hapag-Lloyd; Maersk Line; MSC; ZIM",6,2,3185,420,1445,1740,0,0.5,1,"{1,0}"
2024-12-29,BGBOJ,Burgas,GEBUS,Batumi,1,1,MSC,1,6,1016.6666666666666,187.66666666666666,957,1104,2,2,2,{2}
2024-12-29,BGBOJ,Burgas,ROCND,Constanta,1,1,"Arkas Line; Hapag-Lloyd",2,5,2748,438.4,2478,2954,1,1,1,{1}
2024-12-29,BGVAR,Varna,GRPIR,Piraeus,1,1,"Arkas Line; COSCO",2,1,1445,120,1445,1445,2,2,2,{2}
2024-12-29,BGVAR,Varna,TRAMB,"Istanbul (Ambarli)",2,2,"Arkas Line; CMA CGM; Hapag-Lloyd; Maersk Line; ONE; Yang Ming; ZIM",7,2,3245,320,1445,1800,1,1,1,"{1,1}"
2024-12-29,BGVAR,Varna,TRTEK,Tekirdag,1,1,MSC,1,1,1740,300,1740,1740,2,2,2,{2}
2024-12-29,BHKBS,"Khalifa Bin Salman Port",CNYGP,Yangpu,1,1,COSCO,1,1,20642.85714285714,1942.857142857143,4250,4250,15,15,15,{15}
2024-12-29,BHKBS,"Khalifa Bin Salman Port",OMSLL,Salalah,1,1,"CMA CGM",1,3,2372.6666666666665,357.3333333333333,2034,2542,3,3,3,{3}
2024-12-29,BHKBS,"Khalifa Bin Salman Port",QAHMD,Hamad,1,1,"COSCO; OOCL",2,3,2200,150,2200,2200,1,1,1,{1}
2024-12-29,BJCOO,Cotonou,AOLAD,Luanda,1,1,"BOCS-Bremen Overseas Chartering and Shipping",1,5,810.8571428571429,94.62857142857145,706,953,1,1,1,{1}
2024-12-29,BJCOO,Cotonou,CGPNR,"Pointe Noire",1,1,"CMA CGM",1,6,4391,274.3333333333333,4360,4431,3,3,3,{3}
2024-12-29,BJCOO,Cotonou,CIABJ,Abidjan,2,2,"Maersk Line; MSC",2,19,9539.077777777777,537.688888888889,3607,6456,1,1.5,2,"{2,1}"
2024-12-29,BJCOO,Cotonou,CISPY,"San Pedro, Ivory Coast",1,1,MSC,1,6,5599.666666666667,512.5,5001,5908,2,2,2,{2}
2024-12-29,BJCOO,Cotonou,GHTEM,Tema,1,1,"COSCO; Gold Star Line; ONE; OOCL; ZIM",5,12,3495.4166666666665,437.0833333333333,2824,5071,1,1,1,{1}
2024-12-29,BJCOO,Cotonou,NGTIN,"Lagos, Tin Can",2,2,"Grimaldi Lines",1,10,4860.809523809524,,612,2000,0,0.5,1,"{1,0}"
2024-12-29,BJCOO,Cotonou,SGSIN,Singapore,1,1,"CMA CGM; Maersk Line",2,9,5200,481.77777777777777,4496,7117,20,20,20,{20}
2024-12-29,BMBDA,Hamilton,USFEB,"Fernandina Beach FL",1,1,"Somers Isles",1,1,730,,365,365,4,4,4,{4}
2024-12-29,BMBDA,Hamilton,USNYC,"New York NY/NJ",1,1,"Bermuda Container Line; ZIM",2,1,460,,460,460,2,2,2,{2}
2024-12-29,BNMUA,"Muara Port",MYBKI,"Kota Kinabalu, Sabah",1,1,"Maersk Line",1,3,1777.3333333333333,306.3333333333333,1740,1798,1,1,1,{1}
2024-12-29,BNMUA,"Muara Port",MYBTU,"Bintulu, Sarawak",1,1,"Evergreen Line",1,2,1618,170,1618,1618,1,1,1,{1}
2024-12-29,BQKRA,Bonaire,COCTG,Cartagena,1,1,"King Ocean",1,2,1484,,1484,1484,1,1,1,{1}
2024-12-29,BQSAB,Saba,GDSTG,"St George's",1,1,"King Ocean; Seaboard Marine",2,2,1296,195,1296,1296,1,1,1,{1}
2024-12-29,BRIBB,Imbituba,BRSSZ,Santos,1,1,"CMA CGM; COSCO; Maersk Line",3,8,6282.5,587.5,5576,6750,2,2,2,{2}
2024-12-29,BRIOA,"Porto Itapoa",ARBUE,"Buenos Aires",2,2,"Hapag-Lloyd; Maersk Line; MSC; ONE; ZIM",5,23,19155.96153846154,2844.7,8800,12119,3,4,5,"{5,3}"
2024-12-29,BRIOA,"Porto Itapoa",BRNVT,Navegantes,1,1,"CMA CGM; COSCO; Evergreen Line; OOCL; PIL; Yang Ming",6,12,13293.666666666666,1991.6666666666667,9443,14100,1,1,1,{1}
2024-12-29,BRIOA,"Porto Itapoa",BRPNG,Paranagua,4,4,"CMA CGM; COSCO; Hapag-Lloyd; Maersk Line; Marguisa; MSC; ONE; OOCL; ZIM",9,35,28757.46153846154,4046.75,4051,11888,1,1,1,"{1,1,1,1}"
2024-12-29,BRIOA,"Porto Itapoa",BRRIO,"Rio de Janeiro",1,1,"Hapag-Lloyd; Maersk Line",2,7,4137.428571428572,512.8571428571429,3500,4800,2,2,2,{2}
2024-12-29,BRIOA,"Porto Itapoa",BRSSZ,Santos,1,1,"Hapag-Lloyd; Maersk Line",2,7,5603.857142857143,1125,4975,6494,2,2,2,{2}
2024-12-29,BRIOA,"Porto Itapoa",UYMVD,Montevideo,1,1,"Hapag-Lloyd; MSC; ZIM",3,9,9267.888888888889,1291.4444444444441,8762,11010,3,3,3,{3}
2024-12-29,BRITJ,Itajai,BRSSZ,Santos,1,1,Hapag-Lloyd,1,6,2679,416.6666666666667,2782,3739,2,2,2,{2}
2024-12-29,BRMAO,Manaus,BRVDC,"Vila do Conde (near Belem)",2,2,"CMA CGM; COSCO; Maersk Line; MSC; ONE; ZIM",6,8,6118,919.25,2556,3649,3,3,3,"{3,3}"
2024-12-29,BRNVT,Navegantes,BRPNG,Paranagua,2,2,"Hapag-Lloyd; Maersk Line; MSC; ONE",4,20,13399.444444444445,1312.181818181818,5550,8762,0,0.5,1,"{1,0}"
2024-12-29,BRNVT,Navegantes,BRSSZ,Santos,3,3,"CMA CGM; COSCO; Evergreen Line; Hapag-Lloyd; MSC; ONE; OOCL; PIL; Yang Ming; ZIM",10,34,34105.32478632478,4570.418803418804,8762,14100,1,2,3,"{1,2,3}"
2024-12-29,BRNVT,Navegantes,SGSIN,Singapore,1,1,"Hyundai; ONE",2,12,6040.833333333333,576.8333333333334,4728,10081,24,24,24,{24}
2024-12-29,BRNVT,Navegantes,UYMVD,Montevideo,2,2,"CMA CGM; COSCO; Evergreen Line; Hapag-Lloyd; MSC; ONE; OOCL; PIL; Yang Ming",9,26,21845.692307692305,2340.0769230769233,8452,13264,2,2.5,3,"{3,2}"
2024-12-29,BRPEC,"Pecem (near Fortaleza)",ESLPA,"Las Palmas, Can Is",1,1,"Hapag-Lloyd; MSC; ZIM",3,9,9267.888888888889,1291.4444444444441,8762,11010,7,7,7,{7}
2024-12-29,BRPEC,"Pecem (near Fortaleza)",MAPTM,Tanger,1,1,"Hapag-Lloyd; MSC",2,10,9768.5,1344.7,8800,12119,2,2,2,{2}
2024-12-29,BRPEC,"Pecem (near Fortaleza)",USNYC,"New York NY/NJ",1,1,"Hapag-Lloyd; Maersk Line",2,7,5603.857142857143,1125,4975,6494,10,10,10,{10}
2024-12-29,BRPNG,Paranagua,ARBUE,"Buenos Aires",1,1,"CMA CGM; Maersk Line",2,9,10022,1422.2222222222222,9669,12846,3,3,3,{3}
2024-12-29,BRPNG,Paranagua,BRIBB,Imbituba,1,1,"CMA CGM; COSCO; Maersk Line",3,8,6282.5,587.5,5576,6750,1,1,1,{1}
2024-12-29,BRPNG,Paranagua,BRIOA,"Porto Itapoa",2,2,"CMA CGM; COSCO; Evergreen Line; Hapag-Lloyd; MSC; OOCL; PIL; Yang Ming; ZIM",9,21,22561.555555555555,3283.111111111111,8762,14100,1,1,1,"{1,1}"
2024-12-29,BRPNG,Paranagua,BRITJ,Itajai,1,1,Hapag-Lloyd,1,6,2679,416.6666666666667,2782,3739,2,2,2,{2}
2024-12-29,BRPNG,Paranagua,BRNVT,Navegantes,2,1,"Hapag-Lloyd; MSC; ONE",3,26,23087.53846153846,2574.615384615385,11010,12119,1,1.5,2,"{1,2}"
2024-12-29,BRPNG,Paranagua,BRRIG,"Rio Grande",1,1,"Hyundai; ONE",2,12,6040.833333333333,576.8333333333334,4728,10081,2,2,2,{2}
2024-12-29,BRPNG,Paranagua,BRSSZ,Santos,9,9,"CMA CGM; COSCO; Evergreen Line; Hapag-Lloyd; Maersk Line; Marguisa; MSC; ONE; OOCL; PIL; Yang Ming; ZIM",12,87,72249.32905982906,9178.62327117327,4051,13264,1,2,4,"{1,2,4,2,2,1,2,2,3}"
2024-12-29,BRPNG,Paranagua,UYMVD,Montevideo,2,2,"COSCO; Grimaldi Lines; ONE; OOCL",4,12,6970,408.75,1321,4882,3,3,3,"{3,3}"
2024-12-29,BRRIG,"Rio Grande",BRIOA,"Porto Itapoa",1,1,"Hapag-Lloyd; Maersk Line",2,7,5603.857142857143,1125,4975,6494,1,1,1,{1}
2024-12-29,BRRIG,"Rio Grande",BRNVT,Navegantes,3,3,"Hapag-Lloyd; Hyundai; Maersk Line; MSC; ONE",5,32,19440.277777777777,1889.0151515151515,4728,10081,1,2,5,"{1,5,2}"
2024-12-29,BRRIG,"Rio Grande",BRPNG,Paranagua,3,3,"CMA CGM; Hapag-Lloyd; Maersk Line; MSC; ONE",5,32,31334.26923076923,4054.229914529915,8800,12846,3,3,3,"{3,3,3}"
2024-12-29,BRRIG,"Rio Grande",CLSAI,"San Antonio",1,1,"Hapag-Lloyd; Maersk Line",2,7,4137.428571428572,512.8571428571429,3500,4800,9,9,9,{9}
2024-12-29,BRRIO,"Rio de Janeiro",BRPEC,"Pecem (near Fortaleza)",1,1,"Hapag-Lloyd; MSC; ZIM",3,9,9267.888888888889,1291.4444444444441,8762,11010,4,4,4,{4}
2024-12-29,BRRIO,"Rio de Janeiro",BRSSA,Salvador,4,4,"CMA CGM; COSCO; Hapag-Lloyd; Maersk Line; MSC",5,36,28429.857142857145,3760.381818181818,4975,12119,2,3,4,"{3,4,2,3}"
2024-12-29,BRRIO,"Rio de Janeiro",BRSSZ,Santos,6,6,"CMA CGM; COSCO; Evergreen Line; Grimaldi Lines; Hapag-Lloyd; Maersk Line; MSC; OOCL; PIL; Yang Ming; ZIM",11,55,49411.407203907205,6193.437484737485,1321,14100,1,2,3,"{2,2,2,1,2,3}"
2024-12-29,BRRIO,"Rio de Janeiro",BRVIX,Vitoria,1,1,"Grimaldi Lines",1,4,2642,,1321,1321,1,1,1,{1}
2024-12-29,BRRIO,"Rio de Janeiro",COCTG,Cartagena,2,2,"Hapag-Lloyd; Maersk Line; MSC; ONE",4,17,12591.444444444445,1247,4532,7849,9,10.5,12,"{12,9}"
2024-12-29,BRRIO,"Rio de Janeiro",ESALG,Algeciras,1,1,"COSCO; ONE; OOCL",3,8,4328,408.75,4051,4882,13,13,13,{13}
2024-12-29,BRSPB,Sepetiba,MAPTM,Tanger,1,1,"CMA CGM; Maersk Line; Marguisa",3,6,9075,1500,8704,10034,12,12,12,{12}
2024-12-29,BRSSA,Salvador,BRPEC,"Pecem (near Fortaleza)",2,2,"Hapag-Lloyd; Maersk Line; MSC",3,17,15372.357142857143,2469.7,4975,12119,2,2.5,3,"{3,2}"
2024-12-29,BRSSA,Salvador,BRRIO,"Rio de Janeiro",1,1,"Hapag-Lloyd; MSC; ZIM",3,9,9267.888888888889,1291.4444444444441,8762,11010,2,2,2,{2}
2024-12-29,BRSSA,Salvador,BRSSZ,Santos,1,1,"CMA CGM; Maersk Line; Marguisa",3,6,9075,1500,8704,10034,2,2,2,{2}
2024-12-29,BRSSA,Salvador,COCTG,Cartagena,1,1,"CMA CGM; COSCO; Maersk Line",3,8,6282.5,587.5,5576,6750,11,11,11,{11}
2024-12-29,BRSSA,Salvador,PAONX,Colon,1,1,MSC,1,11,6775,703.1818181818181,5550,8762,11,11,11,{11}
2024-12-29,BRSSZ,Santos,ARBUE,"Buenos Aires",3,3,"Hapag-Lloyd; Maersk Line; MSC; ONE",4,27,19003.301587301587,2437.181818181818,4975,8762,3,4,4,"{4,3,4}"
2024-12-29,BRSSZ,Santos,BRIOA,"Porto Itapoa",4,4,"CMA CGM; Hapag-Lloyd; Maersk Line; Marguisa; MSC; ONE; ZIM",7,37,34197.96153846154,4982.7,4532,12119,2,2,4,"{2,2,4,2}"
2024-12-29,BRSSZ,Santos,BRNVT,Navegantes,1,1,"CMA CGM; COSCO; Evergreen Line; OOCL; PIL; Yang Ming",6,13,10301.923076923076,1052.7692307692307,8452,13264,2,2,2,{2}
2024-12-29,BRSSZ,Santos,BRPNG,Paranagua,8,8,"CMA CGM; COSCO; Evergreen Line; Grimaldi Lines; Hapag-Lloyd; Hyundai; Maersk Line; MSC; ONE; OOCL; PIL; Yang Ming; ZIM",13,75,63420.65811965812,7565.724358974359,1321,14100,1,1,2,"{1,2,1,2,1,2,1,1}"
2024-12-29,BRSSZ,Santos,BRRIG,"Rio Grande",1,1,"Hapag-Lloyd; Maersk Line",2,7,4137.428571428572,512.8571428571429,3500,4800,2,2,2,{2}
2024-12-29,BRSSZ,Santos,BRRIO,"Rio de Janeiro",9,9,"CMA CGM; COSCO; Grimaldi Lines; Hapag-Lloyd; Maersk Line; MSC; ONE; OOCL; ZIM",9,74,57259.19047619048,6707.576262626262,1321,12119,1,1,2,"{1,1,2,1,1,1,2,2,1}"
2024-12-29,BRSSZ,Santos,BRSPB,Sepetiba,1,1,"CMA CGM; Maersk Line; Marguisa",3,6,9075,1500,8704,10034,1,1,1,{1}
2024-12-29,BRSSZ,Santos,LKCMB,Colombo,1,1,"CMA CGM; COSCO; Evergreen Line; OOCL; PIL; Yang Ming",6,12,13293.666666666666,1991.6666666666667,9443,14100,19,19,19,{19}
2024-12-29,BRSSZ,Santos,MAPTM,Tanger,1,1,"CMA CGM; Maersk Line",2,9,10022,1422.2222222222222,9669,12846,12,12,12,{12}
2024-12-29,BRSSZ,Santos,SGSIN,Singapore,3,3,"CMA CGM; COSCO; Evergreen Line; Hapag-Lloyd; Maersk Line; MSC; ONE; OOCL; PIL; Yang Ming; ZIM",11,39,31233.153846153844,3840.0769230769233,8452,13264,23,24,30,"{23,30,24}"
2024-12-29,BRSSZ,Santos,ZADUR,Durban,1,1,Hapag-Lloyd,1,6,2679,416.6666666666667,2782,3739,12,12,12,{12}
2024-12-29,BRSUA,Suape,BRSSA,Salvador,1,1,"Hapag-Lloyd; MSC; ZIM",3,9,9267.888888888889,1291.4444444444441,8762,11010,2,2,2,{2}
2024-12-29,BRSUA,Suape,BRSSZ,Santos,1,1,"Hapag-Lloyd; Maersk Line; MSC; ONE",4,9,6624.444444444444,609,5642,7179,5,5,5,{5}
2024-12-29,BRVDC,"Vila do Conde (near Belem)",COCTG,Cartagena,2,2,"CMA CGM; COSCO; Maersk Line; MSC; ONE; ZIM",6,8,6118,919.25,2556,3649,4,5,6,"{6,4}"
2024-12-29,BRVIX,Vitoria,BRRIO,"Rio de Janeiro",1,1,"Grimaldi Lines",1,4,2642,,1321,1321,1,1,1,{1}
2024-12-29,BRVIX,Vitoria,ESSCT,Tenerife,1,1,"Grimaldi Lines",1,4,2642,,1321,1321,9,9,9,{9}
2024-12-29,BSFPO,Freeport,CRMOB,Moin,1,1,MSC,1,3,3347,710,2872,3739,4,4,4,{4}
2024-12-29,BSFPO,Freeport,ESALG,Algeciras,1,1,"Maersk Line; MSC",2,9,7402.333333333333,586.8888888888889,6008,9200,12,12,12,{12}
2024-12-29,BSFPO,Freeport,MXVER,Veracruz,1,1,MSC,1,6,2728.1666666666665,387,2468,3426,5,5,5,{5}
2024-12-29,BSFPO,Freeport,MYTPP,"Tanjung Pelepas",1,1,"Maersk Line; MSC; ZIM",3,14,7372.714285714285,646.2857142857143,8112,11088,33,33,33,{33}
2024-12-29,BSFPO,Freeport,PACTB,Cristobal,1,1,"Ellerman; MSC",2,9,4294,1266.6666666666667,4112,4931,4,4,4,{4}
2024-12-29,BSFPO,Freeport,PAROD,Rodman,1,1,"Maersk Line; MSC; ZIM",3,11,5933.727272727273,587.8181818181819,5466,6750,4,4,4,{4}
2024-12-29,BSFPO,Freeport,USCHS,"Charleston SC",1,1,"Maersk Line; MSC",2,7,5721,592.8571428571429,5550,6572,1,1,1,{1}
2024-12-29,BSFPO,Freeport,USJAX,"Jacksonville FL",1,1,MSC,1,6,2728.1666666666665,387,2468,3426,2,2,2,{2}
2024-12-29,BSFPO,Freeport,USMIA,"Miami FL",1,1,"Maersk Line; MSC",2,9,7402.333333333333,586.8888888888889,6008,9200,0,0,0,{0}
2024-12-29,BSFPO,Freeport,USNYC,"New York NY/NJ",1,1,MSC,1,11,6775,703.1818181818181,5550,8762,4,4,4,{4}
2024-12-29,BSFPO,Freeport,USPAB,"Palm Beach FL",3,1,"Tropical Shipping",1,3,396,,132,132,1,1,1,"{1,1,1}"
2024-12-29,BSFPO,Freeport,USPEF,"Port Everglades FL",1,1,MSC,1,1,5773.428571428572,,3674,3674,1,1,1,{1}
2024-12-29,BSFPO,Freeport,ZAPLZ,"Port Elizabeth",1,1,"Maersk Line; MSC",2,9,2766.4444444444443,416.44444444444446,1774,4549,21,21,21,{21}
2024-12-29,BSNAS,Nassau,USPAB,"Palm Beach FL",3,1,"Tropical Shipping",1,3,1176,,392,392,1,1,1,"{1,1,1}"
2024-12-29,BSNAS,Nassau,USPEF,"Port Everglades FL",3,2,"APL; CMA CGM; MSC",3,5,2011.3333333333333,491,366,1341,1,2,2,"{2,2,1}"
2024-12-29,BSZSA,"San Salvador Island",USHOU,"Houston TX",1,1,"Seaboard Marine",1,2,2186.5,310.5,1809,2564,3,3,3,{3}
2024-12-29,BSZSA,"San Salvador Island",USILG,"Wilmington DE",1,1,"Seaboard Marine",1,2,973,170,972,974,8,8,8,{8}
2024-12-29,BZBGK,"Big Creek",PAMIT,Manzanillo,1,1,"Maersk Line",1,7,2566.8571428571427,501.42857142857144,2506,2602,4,4,4,{4}
2024-12-29,BZBZE,"Belize City",JMKIN,Kingston,1,1,"Caribbean Feeder; CMA CGM; Hapag-Lloyd; ZIM",4,1,700,100,700,700,4,4,4,{4}
2024-12-29,BZBZE,"Belize City",MXPMS,"Puerto Morelos",1,1,"Hyde Shipping Corp.; Seaboard Marine",2,1,340,,340,340,1,1,1,{1}
2024-12-29,CAHAL,Halifax,CAMTR,Montreal,1,1,MSC,1,6,4022.6666666666665,409.1666666666667,3007,4392,1,1,1,{1}
2024-12-29,CAHAL,Halifax,CANWP,Argentia,1,1,Eimskip,1,3,882.6666666666666,189.66666666666666,698,1025,2,2,2,{2}
2024-12-29,CAHAL,Halifax,DEBRV,Bremerhaven,1,1,"CMA CGM; Maersk Line",2,5,2674.8,440,3091,3596,16,16,16,{16}
2024-12-29,CAHAL,Halifax,ESVGO,Vigo,1,1,Nirint,1,3,2404.5714285714284,288,894,1368,10,10,10,{10}
2024-12-29,CAHAL,Halifax,GBSOU,Southampton,1,1,"CMA CGM; Hapag-Lloyd; ONE; Yang Ming",4,11,4908.545454545455,330,4882,5014,9,9,9,{9}
2024-12-29,CAHAL,Halifax,JMKIN,Kingston,1,1,ZIM,1,5,1656,334.6,1296,1781,6,6,6,{6}
2024-12-29,CAHAL,Halifax,SGSIN,Singapore,1,1,"Hapag-Lloyd; Hyundai; ONE; Yang Ming",4,14,13981.42857142857,800,13870,14026,31,31,31,{31}
2024-12-29,CAHAL,Halifax,USNYC,"New York NY/NJ",5,5,"ACL-Atlantic Container Line; APL; CMA CGM; CNC Line-Cheng Lie Navigation Co. Ltd.; COSCO; Evergreen Line; Hapag-Lloyd; Hyundai; MSC; ONE; OOCL; Yang Ming; ZIM",13,64,44100.760869565216,3191.548913043478,3429,15536,2,2,3,"{2,2,2,3,2}"
2024-12-29,CAHAL,Halifax,USPAB,"Palm Beach FL",1,1,"Tropical Shipping",1,2,1148,260,1148,1148,4,4,4,{4}
2024-12-29,CAHAL,Halifax,USPEF,"Port Everglades FL",1,1,"CMA CGM; Hapag-Lloyd; ONE; Yang Ming",4,11,4908.545454545455,330,4882,5014,5,5,5,{5}
2024-12-29,CAMTR,Montreal,BEANR,Antwerp,1,1,"COSCO; Hapag-Lloyd; MSC; OOCL",4,5,4804.6,570.8,3832,5060,10,10,10,{10}
2024-12-29,CAMTR,Montreal,CAHAL,Halifax,1,1,"CMA CGM; Maersk Line",2,5,2674.8,440,3091,3596,3,3,3,{3}
2024-12-29,CAMTR,Montreal,CASJB,"Saint John, New Brunswick",1,1,MSC,1,6,2728.1666666666665,387,2468,3426,10,10,10,{10}
2024-12-29,CAMTR,Montreal,GBSOU,Southampton,1,1,"Hapag-Lloyd; OOCL",2,6,3549.8333333333335,383.3333333333333,4043,4402,12,12,12,{12}
2024-12-29,CAMTR,Montreal,ITGIT,"Gioia Tauro",1,1,MSC,1,6,4022.6666666666665,409.1666666666667,3007,4392,15,15,15,{15}
2024-12-29,CAMTR,Montreal,MAPTM,Tanger,1,1,"Arkas Line; CMA CGM; Hapag-Lloyd",3,7,4329,742.8571428571429,3832,4664,14,14,14,{14}
2024-12-29,CANWP,Argentia,ISREY,Reykjavik,1,1,Eimskip,1,3,882.6666666666666,189.66666666666666,698,1025,9,9,9,{9}
2024-12-29,CAPRR,"Prince Rupert BC",CAVAN,"Vancouver BC",1,1,"Maersk Line; MSC",2,9,7772.444444444444,659.8888888888889,5041,9640,6,6,6,{6}
2024-12-29,CAPRR,"Prince Rupert BC",CNTXG,Xingang/Tianjin,1,1,"APL; CMA CGM; COSCO; Evergreen Line; OOCL; Yang Ming",6,7,11167.57142857143,722.8571428571429,10000,13500,17,17,17,{17}
2024-12-29,CAPRR,"Prince Rupert BC",CNYTN,Yantian,1,1,"COSCO; Evergreen Line; OOCL",3,5,4584.4,240.8,4253,5248,13,13,13,{13}
2024-12-29,CAPRR,"Prince Rupert BC",USTIW,"Tacoma WA",1,1,"Hapag-Lloyd; Hyundai; ONE; Yang Ming",4,7,7381.142857142857,587.1428571428571,5512,8626,2,2,2,{2}
2024-12-29,CASJB,"Saint John, New Brunswick",BSFPO,Freeport,1,1,MSC,1,6,2728.1666666666665,387,2468,3426,6,6,6,{6}
2024-12-29,CASJB,"Saint John, New Brunswick",CAHAL,Halifax,1,1,"CMA CGM; Hapag-Lloyd; ONE; Yang Ming",4,11,4908.545454545455,330,4882,5014,2,2,2,{2}
2024-12-29,CASJB,"Saint John, New Brunswick",USNYC,"New York NY/NJ",1,1,"APL; CMA CGM",2,3,1691,294,1691,1691,3,3,3,{3}
2024-12-29,CASJB,"Saint John, New Brunswick",USORF,"Norfolk VA",1,1,Hapag-Lloyd,1,7,2690.714285714286,700,2572,2854,2,2,2,{2}
2024-12-29,CASJF,"St John's, Newfoundland",CAMTR,Montreal,1,1,"Arkas Line; CMA CGM; Hapag-Lloyd",3,7,4329,742.8571428571429,3832,4664,4,4,4,{4}
2024-12-29,CAVAN,"Vancouver BC",CNTAO,Qingdao,1,1,"Swire Shipping",1,2,7021.714285714285,,2048,2048,16,16,16,{16}
2024-12-29,CAVAN,"Vancouver BC",JPSMZ,Shimizu,1,1,"Swire Shipping",1,2,8192,,2048,2048,15,15,15,{15}
2024-12-29,CAVAN,"Vancouver BC",JPTYO,Tokyo,2,2,"Hapag-Lloyd; Hyundai; ONE; Yang Ming",4,15,17531.88888888889,1397.2222222222222,5642,12690,8,10,12,"{8,12}"
2024-12-29,CAVAN,"Vancouver BC",JPYOK,Yokohama,1,1,"Maersk Line; MSC",2,9,7772.444444444444,659.8888888888889,5041,9640,17,17,17,{17}
2024-12-29,CAVAN,"Vancouver BC",KRPUS,Busan,2,2,"Hapag-Lloyd; Hyundai; ONE; Swire Shipping; Yang Ming",5,10,11943.809523809523,932.4761904761904,2082,8626,13,15,17,"{13,17}"
2024-12-29,CAVAN,"Vancouver BC",USOAK,"Oakland CA",1,1,"ANL; APL; CMA CGM; Hapag-Lloyd; Maersk Line; MSC",6,10,4518.1,399.1,3884,5466,4,4,4,{4}
2024-12-29,CAVAN,"Vancouver BC",USSEA,"Seattle WA",4,4,"APL; CMA CGM; CNC Line-Cheng Lie Navigation Co. Ltd.; COSCO; Evergreen Line; OOCL; SM Line",7,25,24104.833333333332,2101.6666666666665,4211,10642,0,0.5,1,"{1,0,1,0}"
2024-12-29,CAVAN,"Vancouver BC",USTIW,"Tacoma WA",1,1,"Hapag-Lloyd; Hyundai; ONE; Yang Ming",4,8,11868,1037.5,6258,13792,0,0,0,{0}
2024-12-29,CAVAN,"Vancouver BC",VNHPH,Haiphong,1,1,"MSC; ZIM",2,9,8188.666666666667,956.7777777777779,6492,9400,31,31,31,{31}
2024-12-29,CGPNR,"Pointe Noire",AOLAD,Luanda,1,1,"CMA CGM",1,6,4391,274.3333333333333,4360,4431,4,4,4,{4}
2024-12-29,CGPNR,"Pointe Noire",CMDLA,Douala,1,1,"Grimaldi Lines",1,2,3313.714285714286,,612,1321,2,2,2,{2}
2024-12-29,CGPNR,"Pointe Noire",CMKBI,Kribi,1,1,"CMA CGM; CNC Line-Cheng Lie Navigation Co. Ltd.; COSCO; Hapag-Lloyd; Maersk Line; OOCL",6,12,8557.583333333334,870.4166666666666,7090,9326,2,2,2,{2}
2024-12-29,CGPNR,"Pointe Noire",GALBV,Libreville,1,1,"BOCS-Bremen Overseas Chartering and Shipping",1,5,810.8571428571429,94.62857142857145,706,953,2,2,2,{2}
2024-12-29,CGPNR,"Pointe Noire",GHTEM,Tema,1,1,"APL; CMA CGM; Maersk Line",3,10,5196.6,595,4496,6014,5,5,5,{5}
2024-12-29,CGPNR,"Pointe Noire",LKCMB,Colombo,1,1,"CMA CGM; CNC Line-Cheng Lie Navigation Co. Ltd.; Maersk Line",3,13,13862.923076923076,1046.1538461538462,13092,15254,17,17,17,{17}
2024-12-29,CGPNR,"Pointe Noire",SGSIN,Singapore,1,1,MSC,1,13,13816.615384615385,664.0769230769231,7849,16000,24,24,24,{24}
2024-12-29,CIABJ,Abidjan,BJCOO,Cotonou,1,1,"BOCS-Bremen Overseas Chartering and Shipping",1,5,810.8571428571429,94.62857142857145,706,953,3,3,3,{3}
2024-12-29,CIABJ,Abidjan,CGPNR,"Pointe Noire",2,2,"CMA CGM; CNC Line-Cheng Lie Navigation Co. Ltd.; Maersk Line; MSC",4,26,27679.53846153846,1710.2307692307693,7849,16000,3,4,5,"{3,5}"
2024-12-29,CIABJ,Abidjan,ESALG,Algeciras,1,1,"Maersk Line",1,3,4559.333333333333,383.3333333333333,4496,4650,8,8,8,{8}
2024-12-29,CIABJ,Abidjan,ESLPA,"Las Palmas, Can Is",1,1,MSC,1,7,5552.285714285715,384.85714285714283,4340,6008,6,6,6,{6}
2024-12-29,CIABJ,Abidjan,ESVLC,Valencia,1,1,"COSCO; OOCL",2,2,4046.8571428571427,752,1732,1809,14,14,14,{14}
2024-12-29,CIABJ,Abidjan,GBLGP,"London Gateway",1,1,MSC,1,6,5599.666666666667,512.5,5001,5908,11,11,11,{11}
2024-12-29,CIABJ,Abidjan,GHTEM,Tema,3,3,"COSCO; Gold Star Line; MSC; ONE; OOCL; ZIM",6,28,15490.858441558441,1134.3844155844156,3607,7092,1,1,1,"{1,1,1}"
2024-12-29,CIABJ,Abidjan,LKCMB,Colombo,1,1,"Maersk Line",1,9,4533.777777777777,338.88888888888897,4496,4662,22,22,22,{22}
2024-12-29,CIABJ,Abidjan,NLAMS,Amsterdam,1,1,"Grimaldi Lines",1,6,1768.6666666666667,,612,2000,13,13,13,{13}
2024-12-29,CIABJ,Abidjan,SGSIN,Singapore,1,1,"COSCO; Gold Star Line; ONE; OOCL; ZIM",5,11,4933.272727272727,550.7272727272727,4248,7092,22,22,22,{22}
2024-12-29,CIABJ,Abidjan,SNDKR,Dakar,2,2,"CMA CGM; MSC",2,12,7317.833333333334,786.3333333333334,2762,4367,4,4.5,5,"{4,5}"
2024-12-29,CIABJ,Abidjan,TGLFW,Lome,3,3,"Grimaldi Lines; MSC; PIL",3,34,21325.920634920636,300.1666666666667,1318,16000,1,1,1,"{1,1,1}"
2024-12-29,CISPY,"San Pedro, Ivory Coast",CIABJ,Abidjan,1,1,MSC,1,6,5599.666666666667,512.5,5001,5908,1,1,1,{1}
2024-12-29,CISPY,"San Pedro, Ivory Coast",ESALG,Algeciras,1,1,"CMA CGM",1,4,2501,492.5,2468,2556,8,8,8,{8}
2024-12-29,CISPY,"San Pedro, Ivory Coast",GMBJL,Banjul,1,1,"Arkas Line; Hapag-Lloyd",2,4,1714.5,374.75,1118,2268,4,4,4,{4}
2024-12-29,CLANF,Antofagasta,CLSAI,"San Antonio",1,1,"Hapag-Lloyd; Maersk Line",2,7,4137.428571428572,512.8571428571429,3500,4800,3,3,3,{3}
2024-12-29,CLANF,Antofagasta,CLVAP,Valparaiso,1,1,Hapag-Lloyd,1,2,1781,275,1781,1781,2,2,2,{2}
2024-12-29,CLARI,Arica,CLANF,Antofagasta,1,1,"Hapag-Lloyd; Maersk Line",2,7,4137.428571428572,512.8571428571429,3500,4800,1,1,1,{1}
2024-12-29,CLARI,Arica,CLIQQ,Iquique,1,1,"Maersk Line",1,4,3947,1000,3947,3947,1,1,1,{1}
2024-12-29,CLARI,Arica,PECLL,Callao,1,1,"CMA CGM; COSCO; ONE; X-Press",4,1,2682,826,1341,1341,5,5,5,{5}
2024-12-29,CLCNL,Coronel,CLVAP,Valparaiso,2,2,"Hapag-Lloyd; Hyundai; MSC; ONE",4,21,21728.5,2761.3055555555557,8800,13312,0,1,2,"{2,0}"
2024-12-29,CLCNL,Coronel,PECLL,Callao,1,1,"Hapag-Lloyd; Hyundai; MSC; ONE",4,14,15069.285714285714,1238.0714285714287,10100,16520,6,6,6,{6}
2024-12-29,CLIQQ,Iquique,CLARI,Arica,1,1,"CMA CGM; COSCO; ONE; X-Press",4,1,2682,826,1341,1341,0,0,0,{0}
2024-12-29,CLIQQ,Iquique,CLMJS,Mejillones,1,1,"Hapag-Lloyd; Hyundai; MSC; ONE",4,12,12428.5,1454.4166666666667,10100,13312,1,1,1,{1}
2024-12-29,CLIQQ,Iquique,CLSAI,"San Antonio",1,1,"Maersk Line",1,4,3947,1000,3947,3947,3,3,3,{3}
2024-12-29,CLLQN,Lirquen,CLCNL,Coronel,1,1,"Hapag-Lloyd; Hyundai; MSC; ONE",4,14,15069.285714285714,1238.0714285714287,10100,16520,0,0,0,{0}
2024-12-29,CLLQN,Lirquen,CLSAI,"San Antonio",1,1,"APL; CMA CGM; COSCO; Evergreen Line; OOCL; Wan Hai",6,12,9357.583333333334,583.3333333333334,8468,10050,0,0,0,{0}
2024-12-29,CLMJS,Mejillones,CLVAP,Valparaiso,1,1,"Hapag-Lloyd; Hyundai; MSC; ONE",4,12,12428.5,1454.4166666666667,10100,13312,2,2,2,{2}
2024-12-29,CLSAI,"San Antonio",CLCNL,Coronel,1,1,MSC,1,9,9300,1306.888888888889,8800,11037,1,1,1,{1}
2024-12-29,CLSAI,"San Antonio",CLLQN,Lirquen,1,1,"Hapag-Lloyd; Hyundai; MSC; ONE",4,14,15069.285714285714,1238.0714285714287,10100,16520,0,0,0,{0}
2024-12-29,CLSAI,"San Antonio",CLSVE,"San Vicente",2,2,"Hapag-Lloyd; Maersk Line",2,11,8084.428571428572,1512.857142857143,3500,4800,2,2,2,"{2,2}"
2024-12-29,CLSAI,"San Antonio",MXZLO,"Manzanillo, MEX",1,1,"APL; CMA CGM; COSCO; Evergreen Line; OOCL; Wan Hai",6,12,9357.583333333334,583.3333333333334,8468,10050,10,10,10,{10}
2024-12-29,CLSAI,"San Antonio",PECLL,Callao,3,3,"CMA CGM; COSCO; Hapag-Lloyd; Maersk Line; ONE; OOCL",6,23,16901.128571428573,2549.190476190476,2339,11519,3,4,5,"{3,5,4}"
2024-12-29,CLSVE,"San Vicente",BRIOA,"Porto Itapoa",1,1,"Hapag-Lloyd; Maersk Line",2,7,4137.428571428572,512.8571428571429,3500,4800,8,8,8,{8}
2024-12-29,CLSVE,"San Vicente",CNYTN,Yantian,1,1,"Hapag-Lloyd; Hyundai; MSC; ONE",4,12,12428.5,1454.4166666666667,10100,13312,25,25,25,{25}
2024-12-29,CLSVE,"San Vicente",PECLL,Callao,2,2,"Hapag-Lloyd; Maersk Line",2,6,5728,1275,1781,3947,5,5,5,"{5,5}"
2024-12-29,CLVAP,Valparaiso,CLCNL,Coronel,1,1,"Hapag-Lloyd; Hyundai; MSC; ONE",4,12,12428.5,1454.4166666666667,10100,13312,0,0,0,{0}
2024-12-29,CLVAP,Valparaiso,CLSVE,"San Vicente",2,2,"Hapag-Lloyd; Hyundai; MSC; ONE",4,14,14209.5,1729.4166666666667,1781,13312,1,1,1,"{1,1}"
2024-12-29,CLVAP,Valparaiso,CNNGB,Ningbo,1,1,"PIL; Wan Hai; Yang Ming",3,10,5862.4,408,3889,8269,26,26,26,{26}
2024-12-29,CLVAP,Valparaiso,HKHKG,"Hong Kong",1,1,"APL; CMA CGM; COSCO; Evergreen Line; OOCL; PIL; Wan Hai",7,11,8833.363636363636,822.5454545454546,8452,10020,26,26,26,{26}
2024-12-29,CLVAP,Valparaiso,PEPAI,Paita,1,1,"Maersk Line",1,8,3209,791.75,3075,4132,3,3,3,{3}
2024-12-29,CLVAP,Valparaiso,PEPIO,Pisco,1,1,MSC,1,9,9300,1306.888888888889,8800,11037,3,3,3,{3}
2024-12-29,CMDLA,Douala,BEANR,Antwerp,1,1,"Grimaldi Lines",1,2,3313.714285714286,,612,1321,18,18,18,{18}
2024-12-29,CMDLA,Douala,ESVLC,Valencia,1,1,"Grimaldi Lines",1,4,3092.1428571428573,,1318,1568,28,28,28,{28}
2024-12-29,CMDLA,Douala,FRLRH,"La Rochelle",1,1,"BOCS-Bremen Overseas Chartering and Shipping",1,5,810.8571428571429,94.62857142857145,706,953,18,18,18,{18}
2024-12-29,CMDLA,Douala,GALBV,Libreville,1,1,"Grimaldi Lines",1,3,3019.4285714285716,,1321,1321,1,1,1,{1}
2024-12-29,CMKBI,Kribi,AOLAD,Luanda,1,1,"CMA CGM; CNC Line-Cheng Lie Navigation Co. Ltd.; COSCO; Hapag-Lloyd; Maersk Line; OOCL",6,12,8557.583333333334,870.4166666666666,7090,9326,3,3,3,{3}
2024-12-29,CMKBI,Kribi,GALBV,Libreville,1,1,"APL; CMA CGM; Marguisa; Naviera DAL",4,6,3258.6666666666665,424.8333333333333,3091,3600,2,2,2,{2}
2024-12-29,CNCGS,Changshu,KRPUS,Busan,1,1,"Swire Shipping",1,2,7021.714285714285,,2048,2048,0,0,0,{0}
2024-12-29,CNDCB,"Da Chan Bay",CNXMN,Xiamen,1,1,ZIM,1,15,7906.8,503.3333333333333,5300,10062,0,0,0,{0}
2024-12-29,CNDCB,"Da Chan Bay",KRPUS,Busan,1,1,"Hyundai; ONE; Sinokor",3,16,6809.5,632.6875,5023,11010,3,3,3,{3}
2024-12-29,CNDCB,"Da Chan Bay",LKCMB,Colombo,1,1,"Tailwind Shipping Lines",1,6,11551.333333333334,1104.6666666666667,4957,6881,7,7,7,{7}
2024-12-29,CNDCB,"Da Chan Bay",MYPKG,"Port Klang",3,3,"BTL-Bengal Tiger Line; Emirates Shipping; Evergreen Line; Global Feeder Shipping; Gold Star Line; KMTC; ONE; PIL; RCL; TS Lines; X-Press; ZIM",12,20,15783.385714285714,1439.25,2954,8586,5,5,5,"{5,5,5}"
2024-12-29,CNDCB,"Da Chan Bay",THLCH,"Laem Chabang",1,1,"Asean Seas Line; ZIM",2,2,1801.5,205,1673,1930,3,3,3,{3}
2024-12-29,CNDCB,"Da Chan Bay",VNVUT,"Cai Mep",2,2,"MSC; ZIM",2,21,12082.3,882.1666666666666,2758,10062,2,3,4,"{2,4}"
2024-12-29,CNDLC,Dalian,CNLYG,Lianyungang,2,2,"CMA CGM; CNC Line-Cheng Lie Navigation Co. Ltd.; OOCL",3,8,9203.866666666667,1565.2666666666667,2782,7327,2,2,2,"{2,2}"
2024-12-29,CNDLC,Dalian,CNTAO,Qingdao,7,7,"CMA CGM; CNC Line-Cheng Lie Navigation Co. Ltd.; COSCO; Evergreen Line; IAL-Interasia Lines; Kambara Kisen Co., Ltd.; Maersk Line; Mingsheng; OOCL; RCL; Wan Hai; Yang Ming",12,27,16939.5,1525.8333333333333,855,5688,1,2,2,"{1,1,2,2,2,2,1}"
2024-12-29,CNDLC,Dalian,CNTXG,Xingang/Tianjin,13,13,"CMA CGM; CNC Line-Cheng Lie Navigation Co. Ltd.; COSCO; Evergreen Line; KMTC; Maersk Line; MSC; OOCL; RCL; SITC Shipping; X-Press; Yang Ming",12,83,70067.27063492064,4685.5952380952385,1040,20568,1,2,3,"{1,3,1,2,2,2,1,2,3,1,1,1,3}"
2024-12-29,CNDLC,Dalian,CNWEI,Weihai,2,2,"Dong Young; Doowoo Shipping; Sinokor",3,2,1366,190,642,724,0,0.5,1,"{1,0}"
2024-12-29,CNDLC,Dalian,JPHKT,Hakata,2,2,"COSCO; Sinotrans; SITC Shipping; StarOcean",4,3,1218,300,349,907,1,1.5,2,"{2,1}"
2024-12-29,CNDLC,Dalian,JPNGO,Nagoya,1,1,"SITC Shipping",1,2,1026.5,132.5,1011,1042,2,2,2,{2}
2024-12-29,CNDLC,Dalian,JPOSA,Osaka,1,1,StarOcean,1,2,1613,103,1613,1613,3,3,3,{3}
2024-12-29,CNDLC,Dalian,JPTYO,Tokyo,2,2,COSCO,1,2,6890,1324,1705,1740,3,3,3,"{3,3}"
2024-12-29,CNDLC,Dalian,KRINC,Inchon,3,3,"APL; CMA CGM; CNC Line-Cheng Lie Navigation Co. Ltd.; COSCO; Hyundai; SITC Shipping",6,9,3934.2285714285717,388.66666666666663,538,1952,1,1,1,"{1,1,1}"
2024-12-29,CNDLC,Dalian,KRKPO,Pohang,1,1,"CK Line; KMTC",2,2,1030,,1000,1060,2,2,2,{2}
2024-12-29,CNDLC,Dalian,KRPUS,Busan,6,6,"CMA CGM; CNC Line-Cheng Lie Navigation Co. Ltd.; COSCO; Easline Shipping; Evergreen Line; Gold Star Line; Hapag-Lloyd; Heung-A; Maersk Line; MSC; ONE; OOCL; RCL; Sinokor; X-Press; Yang Ming; ZIM",17,27,29285.053571428572,1983.625,1038,15516,1,2,3,"{1,3,2,2,2,1}"
2024-12-29,CNFOC,Fuzhou,CNSWA,Shantou,1,1,MSC,1,5,2981,487.2,2700,3534,1,1,1,{1}
2024-12-29,CNFOC,Fuzhou,PHMNS,"Manila South Harbor",1,1,"Sinotrans; Wan Hai",2,2,1992,125,1946,2038,2,2,2,{2}
2024-12-29,CNFQG,Fuqing,CNSHA,Shanghai,1,1,"CMA CGM; CNC Line-Cheng Lie Navigation Co. Ltd.; COSCO",3,2,3085,566.5,2782,3388,1,1,1,{1}
2024-12-29,CNFQG,Fuqing,CNSHK,Shekou,1,1,"COSCO; OOCL; Wan Hai",3,6,5521.5,434.3333333333333,5050,5688,2,2,2,{2}
2024-12-29,CNFQG,Fuqing,HKHKG,"Hong Kong",1,1,"Evergreen Line",1,4,2628,142.5,2476,2926,1,1,1,{1}
2024-12-29,CNFQG,Fuqing,KRPUS,Busan,1,1,"CK Line; KMTC; SM Line",3,2,1000,,1000,1000,4,4,4,{4}
2024-12-29,CNGGZ,"Huangpu (Guangzhou)",CNNSA,Nansha,1,1,"Heung-A; PanOcean; Sinokor",3,2,1056,42,1021,1091,0,0,0,{0}
2024-12-29,CNLYG,Lianyungang,CNNGB,Ningbo,1,1,"COSCO; Evergreen Line; OOCL",3,6,4412.166666666667,307,4252,5050,3,3,3,{3}
2024-12-29,CNLYG,Lianyungang,CNSHA,Shanghai,1,1,"CNC Line-Cheng Lie Navigation Co. Ltd.; COSCO",2,3,3644.5714285714284,315.42857142857144,4250,4253,2,2,2,{2}
2024-12-29,CNLYG,Lianyungang,CNTAO,Qingdao,7,7,"CMA CGM; CNC Line-Cheng Lie Navigation Co. Ltd.; COSCO; ONE; OOCL; Sinotrans; SITC Shipping",7,20,25108.61666666667,2783.5166666666664,1023,7327,0,1,2,"{1,1,0,0,1,2,0}"
2024-12-29,CNLYG,Lianyungang,KRPUS,Busan,1,1,"CNC Line-Cheng Lie Navigation Co. Ltd.; Easline Shipping; Heung-A",3,1,1675,100,1675,1675,2,2,2,{2}
2024-12-29,CNLYG,Lianyungang,MYTPP,"Tanjung Pelepas",1,1,"Maersk Line",1,6,5410.5,498,4132,5928,9,9,9,{9}
2024-12-29,CNNGB,Ningbo,AUSYD,Sydney,1,1,"ANL; CMA CGM; COSCO; OOCL; PIL",5,7,7283.714285714285,551.4285714285714,8102,8888,10,10,10,{10}
2024-12-29,CNNGB,Ningbo,CNDCB,"Da Chan Bay",3,3,"BTL-Bengal Tiger Line; Emirates Shipping; Evergreen Line; Gold Star Line; KMTC; Tailwind Shipping Lines; X-Press; ZIM",8,28,25314.41904761905,2239,4636,10062,2,3,3,"{3,2,3}"
2024-12-29,CNNGB,Ningbo,CNFOC,Fuzhou,1,1,"Sinotrans; Wan Hai",2,2,1992,125,1946,2038,2,2,2,{2}
2024-12-29,CNNGB,Ningbo,CNFQG,Fuqing,2,2,"COSCO; Evergreen Line; OOCL; Wan Hai",4,10,8149.5,576.8333333333333,2476,5688,1,1.5,2,"{2,1}"
2024-12-29,CNNGB,Ningbo,CNNSA,Nansha,14,14,"APL; CMA CGM; CNC Line-Cheng Lie Navigation Co. Ltd.; COSCO; Evergreen Line; Gold Star Line; Hapag-Lloyd; Hyundai; IAL-Interasia Lines; Maersk Line; MELL; MSC; ONE; OOCL; PIL; RCL; Swire Shipping; Wan Hai; X-Press; Yang Ming; ZIM",21,111,90250.25952380952,6856.838095238095,1123,20988,2,3,4,"{2,4,4,2,3,4,4,3,4,4,3,2,2,2}"
2024-12-29,CNNGB,Ningbo,CNQZL,Quanzhou,1,1,"APL; CMA CGM; CNC Line-Cheng Lie Navigation Co. Ltd.; COSCO; ONE; OOCL; RCL",7,4,5555.5,520,4636,6350,3,3,3,{3}
2024-12-29,CNNGB,Ningbo,CNSHA,Shanghai,62,62,"ANL; APL; Asean Seas Line; CK Line; CMA CGM; CNC Line-Cheng Lie Navigation Co. Ltd.; COSCO; CULines-China United Lines; Dongjin Shipping; Dong Young; Evergreen Line; Hapag-Lloyd; Heung-A; Hyundai; Kambara Kisen Co., Ltd.; KMTC; Maersk Line; Matson; MSC; Namsung; NBOSCO; ONE; OOCL; PanCon; PanOcean; PIL; RCL; Sea Lead; Sinokor; Sinotrans; SITC Shipping; SM Line; TaiYoung Shipping; TS Lines; Wan Hai; X-Press; Yang Ming; ZIM",38,461,450780.2512543013,29921.762248862244,702,24346,0,2,4,"{0,3,1,1,1,1,4,2,4,1,2,2,2,1,2,3,2,4,1,2,2,2,1,2,0,1,1,1,0,2,2,2,1,1,1,2,2,2,3,2,1,1,1,1,1,1,2,2,4,1,2,1,2,2,1,4,1,0,1,2,1,3}"
2024-12-29,CNNGB,Ningbo,CNSHK,Shekou,26,26,"ANL; APL; CMA CGM; CNC Line-Cheng Lie Navigation Co. Ltd.; COSCO; CULines-China United Lines; Emirates Shipping; Evergreen Line; Feedertech; Global Feeder Shipping; Gold Star Line; Hapag-Lloyd; Heung-A; Hyundai; IAL-Interasia Lines; KMTC; Maersk Line; MSC; ONE; OOCL; PIL; RCL; Sinokor; Sinotrans; TS Lines; Unifeeder; Wan Hai; X-Press; Yang Ming; ZIM",30,219,196288.23357753357,18647.889514652015,1713,19224,2,3,5,"{2,2,2,3,4,5,2,3,4,4,2,4,2,3,4,4,3,3,2,2,3,2,3,3,3,3}"
2024-12-29,CNNGB,Ningbo,CNTXG,Xingang/Tianjin,1,1,COSCO,1,1,9476,600,4738,4738,5,5,5,{5}
2024-12-29,CNNGB,Ningbo,CNWZO,"Wenzhou CN",1,1,"KMTC; SITC Shipping",2,4,1787.75,61,1781,1808,1,1,1,{1}
2024-12-29,CNNGB,Ningbo,CNXMN,Xiamen,19,19,"APL; CMA CGM; CNC Line-Cheng Lie Navigation Co. Ltd.; COSCO; Evergreen Line; Gold Star Line; Hapag-Lloyd; Hyundai; KMTC; Maersk Line; MSC; ONE; OOCL; Sinotrans; SITC Shipping; TS Lines; Yang Ming; ZIM",18,148,148858.93463203465,9589.539177489176,1023,24188,1,2,4,"{2,1,3,3,2,1,2,2,2,3,2,2,2,3,2,2,2,4,2}"
2024-12-29,CNNGB,Ningbo,CNYTN,Yantian,6,6,"CMA CGM; CNC Line-Cheng Lie Navigation Co. Ltd.; COSCO; Evergreen Line; Hapag-Lloyd; Hyundai; Maersk Line; MSC; ONE; OOCL; PIL; Yang Ming",12,82,80654.57704517705,4824.121611721611,2680,23112,2,3,4,"{4,2,3,3,3,2}"
2024-12-29,CNNGB,Ningbo,CNZPU,"Zhapu Pt",2,2,"COSCO; NBOSCO",2,6,2200,120,1100,1100,0,0.5,1,"{0,1}"
2024-12-29,CNNGB,Ningbo,HKHKG,"Hong Kong",4,4,"CMA CGM; CNC Line-Cheng Lie Navigation Co. Ltd.; COSCO; Evergreen Line; Hapag-Lloyd; IAL-Interasia Lines; Maersk Line; ONE; OOCL; Samudera; Wan Hai; ZIM",12,24,19642.511538461542,1887,1792,11888,2,3,3,"{2,3,3,3}"
2024-12-29,CNNGB,Ningbo,IDJKT,"Jakarta, Java",2,2,"CNC Line-Cheng Lie Navigation Co. Ltd.; COSCO; KMTC; Namsung; ONE; RCL; SITC Shipping; TS Lines",8,8,4325.25,524.25,1804,2556,6,6.5,7,"{7,6}"
2024-12-29,CNNGB,Ningbo,JPHKT,Hakata,2,2,"COSCO; NBOSCO; Sinotrans; SITC Shipping",4,7,2117,303.91666666666663,1023,1108,1,2,3,"{3,1}"
2024-12-29,CNNGB,Ningbo,JPNGO,Nagoya,3,3,"COSCO; Hapag-Lloyd; Hyundai; NBOSCO; ONE; Yang Ming",6,12,8500.666666666668,740.9999999999999,1049,6724,2,3,3,"{3,2,3}"
2024-12-29,CNNGB,Ningbo,JPTYO,Tokyo,1,1,"COSCO; NBOSCO; Sinotrans; SITC Shipping",4,1,1096,150,1096,1096,3,3,3,{3}
2024-12-29,CNNGB,Ningbo,JPUKB,Kobe,1,1,"Taicang Container Lines",1,2,1091,140,1091,1091,2,2,2,{2}
2024-12-29,CNNGB,Ningbo,KRPUS,Busan,11,11,"APL; CK Line; CMA CGM; CNC Line-Cheng Lie Navigation Co. Ltd.; COSCO; Evergreen Line; Hapag-Lloyd; Hyundai; KMTC; Maersk Line; MSC; Namsung; ONE; OOCL; Sinokor; SM Line; Yang Ming; ZIM",18,90,88719.92457542456,7784.734848484849,907,16520,1,2,3,"{2,3,2,1,1,2,1,2,2,1,3}"
2024-12-29,CNNGB,Ningbo,MXZLO,"Manzanillo, MEX",1,1,"APL; CMA CGM; COSCO; Evergreen Line; OOCL; PIL; Wan Hai",7,11,8833.363636363636,822.5454545454546,8452,10020,19,19,19,{19}
2024-12-29,CNNGB,Ningbo,PHMNN,"Manila North Harbor",2,2,"Asean Seas Line; Gold Star Line; Sinotrans; SITC Shipping; ZIM",5,4,4306.5,467.5,1673,2800,3,4,5,"{5,3}"
2024-12-29,CNNGB,Ningbo,PHMNS,"Manila South Harbor",1,1,"Maersk Line",1,5,2528,510.6,2474,2546,3,3,3,{3}
2024-12-29,CNNGB,Ningbo,SGSIN,Singapore,2,2,"COSCO; Evergreen Line; Gold Star Line; Hapag-Lloyd; ONE; OOCL; PIL; Yang Ming; ZIM",9,13,10246.166666666668,991.1666666666667,4253,5688,6,6.5,7,"{6,7}"
2024-12-29,CNNGB,Ningbo,THLCH,"Laem Chabang",2,2,"APL; CMA CGM; CNC Line-Cheng Lie Navigation Co. Ltd.; COSCO; Hyundai",5,8,5343.466666666666,592.6666666666667,1708,4253,5,5.5,6,"{5,6}"
2024-12-29,CNNGB,Ningbo,TWKHH,Kaohsiung,5,5,"CMA CGM; CNC Line-Cheng Lie Navigation Co. Ltd.; COSCO; Evergreen Line; Hapag-Lloyd; Hyundai; Maersk Line; ONE; OOCL; Yang Ming",10,44,55032.92539682539,2959.6190476190473,1774,21413,1,2,2,"{1,2,2,2,2}"
2024-12-29,CNNGB,Ningbo,TWTPE,Taipei,3,3,"APL; CMA CGM; CNC Line-Cheng Lie Navigation Co. Ltd.; COSCO; Evergreen Line; Hapag-Lloyd; OOCL; Wan Hai",8,35,41440.26373626373,698.901098901099,4948,24000,1,2,2,"{1,2,2}"
2024-12-29,CNNGB,Ningbo,USLAX,"Los Angeles CA",2,2,"APL; CMA CGM; COSCO; Evergreen Line; OOCL; ZIM",6,12,15764.885714285714,1214.857142857143,4520,12118,13,15,17,"{13,17}"
2024-12-29,CNNGB,Ningbo,USLGB,"Long Beach CA",1,1,"APL; CMA CGM; CNC Line-Cheng Lie Navigation Co. Ltd.; COSCO; Evergreen Line; ONE; OOCL",7,7,10003.285714285714,514.2857142857143,10000,10020,14,14,14,{14}
2024-12-29,CNNGB,Ningbo,VNHPH,Haiphong,2,2,"MSC; NBOSCO",2,6,3837.3333333333335,531.3333333333333,1100,2824,4,4.5,5,"{4,5}"
2024-12-29,CNNGB,Ningbo,VNSGN,"Ho Chi Minh (VICT/Cat Lai)",3,3,"CNC Line-Cheng Lie Navigation Co. Ltd.; COSCO; Evergreen Line; Maersk Line; OOCL",5,11,5730.05,579.4,1707,2208,4,4,5,"{4,4,5}"
2024-12-29,CNNJI,Nanjing,CNTAC,Taicang,2,2,"Taicang Container Lines",1,5,2151.666666666667,323.33333333333337,1043,1096,1,2,3,"{3,1}"
2024-12-29,CNNJI,Nanjing,CNZJG,Zhangjiagang,2,2,"Namsung; Sinokor",2,2,1925,80,834,1091,0,0,0,"{0,0}"
2024-12-29,CNNSA,Nansha,CNDCB,"Da Chan Bay",3,3,"Asean Seas Line; Emirates Shipping; Global Feeder Shipping; KMTC; ONE; PIL; RCL; TS Lines; ZIM",9,15,11728.6,1013.25,1673,8110,0,1,1,"{1,0,1}"
2024-12-29,CNNSA,Nansha,CNDLC,Dalian,1,1,"COSCO; OOCL; Yang Ming",3,4,5556.5,540.5,5344,5688,6,6,6,{6}
2024-12-29,CNNSA,Nansha,CNQZH,Qinzhou,1,1,"COSCO; Evergreen Line; OOCL; Yang Ming",4,3,1396,120,1378,1432,2,2,2,{2}
2024-12-29,CNNSA,Nansha,CNRZH,Rizhao,1,1,"CMA CGM; CNC Line-Cheng Lie Navigation Co. Ltd.; COSCO; OOCL",4,3,4183.666666666667,400,4051,4250,3,3,3,{3}
2024-12-29,CNNSA,Nansha,CNSHA,Shanghai,1,1,"CMA CGM; CNC Line-Cheng Lie Navigation Co. Ltd.; COSCO",3,6,4320.166666666667,532.6666666666666,4250,4404,4,4,4,{4}
2024-12-29,CNNSA,Nansha,CNSHK,Shekou,13,13,"APL; Asean Seas Line; CMA CGM; CNC Line-Cheng Lie Navigation Co. Ltd.; COSCO; Evergreen Line; Gold Star Line; Hapag-Lloyd; Heung-A; MSC; ONE; OOCL; PanOcean; PIL; RCL; Sea Lead; Sinokor; SITC Shipping; TS Lines; Wan Hai; Yang Ming; ZIM",22,69,65680.58205128205,4568.854700854701,1021,16616,0,1,1,"{1,1,1,1,1,1,0,0,0,1,1,1,0}"
2024-12-29,CNNSA,Nansha,CNTAO,Qingdao,2,2,"CMA CGM; CNC Line-Cheng Lie Navigation Co. Ltd.; COSCO; Gold Star Line; Hapag-Lloyd; ONE; PIL; ZIM",8,11,7844.607142857143,658,2796,4253,4,4,4,"{4,4}"
2024-12-29,CNNSA,Nansha,CNXMN,Xiamen,1,1,"SITC Shipping",1,3,1006.3333333333334,60,953,1043,1,1,1,{1}
2024-12-29,CNNSA,Nansha,CNYTN,Yantian,6,6,"APL; CMA CGM; COSCO; Evergreen Line; Hapag-Lloyd; Hyundai; Maersk Line; MSC; ONE; OOCL; Yang Ming; ZIM",12,75,90322.08928571429,5723.877380952381,7092,24232,0,1.5,2,"{1,2,0,0,2,2}"
2024-12-29,CNNSA,Nansha,HKHKG,"Hong Kong",9,9,"CMA CGM; CNC Line-Cheng Lie Navigation Co. Ltd.; COSCO; Evergreen Line; Gold Star Line; Maersk Line; MELL; MSC; NPDL; ONE; OOCL; PIL; Swire Shipping; TS Lines; Yang Ming; ZIM",16,40,37331.33095238095,3533.019047619048,1080,14500,0,1,1,"{1,1,1,1,0,0,1,1,0}"
2024-12-29,CNNSA,Nansha,IDJKT,"Jakarta, Java",4,4,"APL; CMA CGM; CNC Line-Cheng Lie Navigation Co. Ltd.; COSCO; KMTC; ONE; OOCL; RCL; SITC Shipping; Wan Hai",10,15,15265.916666666666,1041.3333333333335,2400,6350,4,5.5,7,"{4,6,5,7}"
2024-12-29,CNNSA,Nansha,IDSUB,"Surabaya, Java",2,2,"CMA CGM; CNC Line-Cheng Lie Navigation Co. Ltd.; COSCO; Evergreen Line; ONE; RCL; Wan Hai; Yang Ming",8,10,5488.809523809524,710.6666666666667,2468,2926,4,4.5,5,"{5,4}"
2024-12-29,CNNSA,Nansha,JPHKT,Hakata,1,1,"ONE; SITC Shipping",2,4,1818.75,61,1781,1908,3,3,3,{3}
2024-12-29,CNNSA,Nansha,JPYOK,Yokohama,1,1,"Maersk Line",1,5,2134.8,158.4,2086,2208,5,5,5,{5}
2024-12-29,CNNSA,Nansha,KHKOS,Sihanoukville,1,1,"Maersk Line",1,3,1778.6666666666667,333.3333333333333,1774,1781,3,3,3,{3}
2024-12-29,CNNSA,Nansha,MYPKG,"Port Klang",3,3,"ANL; CMA CGM; CNC Line-Cheng Lie Navigation Co. Ltd.; IAL-Interasia Lines; Wan Hai",5,14,11078.333333333334,1033.6666666666667,2553,5095,5,5,6,"{5,6,5}"
2024-12-29,CNNSA,Nansha,MYTPP,"Tanjung Pelepas",3,3,"CMA CGM; CNC Line-Cheng Lie Navigation Co. Ltd.; COSCO; Hapag-Lloyd; Maersk Line; OOCL",6,19,13662.183333333334,1620.2166666666665,2298,9326,3,4,4,"{4,4,3}"
2024-12-29,CNNSA,Nansha,PHBTG,Batangas,1,1,"CMA CGM; CNC Line-Cheng Lie Navigation Co. Ltd.",2,2,1844.5,129,1781,1908,2,2,2,{2}
2024-12-29,CNNSA,Nansha,PHMNN,"Manila North Harbor",2,2,"CMA CGM; CNC Line-Cheng Lie Navigation Co. Ltd.; COSCO",3,7,4959.9,727.4,1781,4275,2,2.5,3,"{3,2}"
2024-12-29,CNNSA,Nansha,SGSIN,Singapore,15,15,"APL; CMA CGM; CNC Line-Cheng Lie Navigation Co. Ltd.; COSCO; Evergreen Line; Gold Star Line; Hapag-Lloyd; IAL-Interasia Lines; Maersk Line; ONE; OOCL; PIL; RCL; Wan Hai; X-Press; ZIM",16,117,114230.85294705295,8768.25492840493,2664,20988,4,4,6,"{4,4,4,4,4,5,5,4,4,4,5,4,6,4,4}"
2024-12-29,CNNSA,Nansha,THLCH,"Laem Chabang",3,3,"APL; CMA CGM; CNC Line-Cheng Lie Navigation Co. Ltd.; COSCO; ONE; OOCL; RCL",7,10,6280.5,801.75,1668,2940,4,4,4,"{4,4,4}"
2024-12-29,CNNSA,Nansha,TWKHH,Kaohsiung,3,3,"Evergreen Line; IAL-Interasia Lines; Maersk Line; Wan Hai",4,11,6151.392857142857,837.25,1774,2926,1,1,2,"{1,1,2}"
2024-12-29,CNNSA,Nansha,VNSGN,"Ho Chi Minh (VICT/Cat Lai)",4,4,"Evergreen Line; Maersk Line; TS Lines; Wan Hai; Yang Ming",5,13,9336.116666666667,1287.2666666666667,1785,3036,2,2.5,3,"{2,3,2,3}"
2024-12-29,CNNSA,Nansha,VNUIH,"Qui Nhon",1,1,MSC,1,6,2430,412.5,2207,2556,2,2,2,{2}
2024-12-29,CNNTG,Nantong,CNTAC,Taicang,1,1,Sinokor,1,1,629,60,629,629,1,1,1,{1}
2024-12-29,CNQZH,Qinzhou,CNNGB,Ningbo,1,1,"Maersk Line; Wan Hai; Yang Ming",3,3,1836,192.33333333333334,1800,1908,5,5,5,{5}
2024-12-29,CNQZH,Qinzhou,CNNSA,Nansha,1,1,"Asean Seas Line; CMA CGM; CNC Line-Cheng Lie Navigation Co. Ltd.; OOCL",4,1,1182,,1182,1182,2,2,2,{2}
2024-12-29,CNQZH,Qinzhou,CNXMN,Xiamen,1,1,"CK Line; KMTC",2,2,1030,,1000,1060,2,2,2,{2}
2024-12-29,CNQZH,Qinzhou,CNZHA,Zhanjiang,1,1,"Evergreen Line",1,4,1892.25,117,1792,1984,1,1,1,{1}
2024-12-29,CNQZH,Qinzhou,HKHKG,"Hong Kong",2,2,"Maersk Line; MSC; TS Lines",3,7,4174.571428571428,554.2571428571429,1182,3398,1,1.5,2,"{1,2}"
2024-12-29,CNQZH,Qinzhou,MYPKG,"Port Klang",1,1,COSCO,1,2,1745.5,293.5,1706,1785,5,5,5,{5}
2024-12-29,CNQZH,Qinzhou,MYTPP,"Tanjung Pelepas",1,1,"Maersk Line",1,3,1798.3333333333333,165,1577,2086,7,7,7,{7}
2024-12-29,CNQZH,Qinzhou,VNHPH,Haiphong,1,1,"COSCO; Evergreen Line; OOCL; Yang Ming",4,3,1396,120,1378,1432,1,1,1,{1}
2024-12-29,CNQZH,Qinzhou,VNUIH,"Qui Nhon",1,1,PIL,1,2,1357.5,175,907,1808,2,2,2,{2}
2024-12-29,CNQZL,Quanzhou,CNSWA,Shantou,1,1,"APL; CMA CGM; CNC Line-Cheng Lie Navigation Co. Ltd.; COSCO; ONE; OOCL; RCL",7,4,5555.5,520,4636,6350,1,1,1,{1}
2024-12-29,CNQZL,Quanzhou,PHMNS,"Manila South Harbor",1,1,"SITC Shipping",1,1,1032,100,1032,1032,2,2,2,{2}
2024-12-29,CNQZL,Quanzhou,VNSGN,"Ho Chi Minh (VICT/Cat Lai)",1,1,"COSCO; OOCL",2,4,1997.75,370.25,1708,2272,3,3,3,{3}
2024-12-29,CNRZH,Rizhao,CNTAO,Qingdao,1,1,"CMA CGM; CNC Line-Cheng Lie Navigation Co. Ltd.; COSCO; OOCL",4,3,4183.666666666667,400,4051,4250,1,1,1,{1}
2024-12-29,CNSHA,Shanghai,AUBNE,Brisbane,1,1,"Austral Asia Line",1,4,3518,242.5,979,2029,23,23,23,{23}
2024-12-29,CNSHA,Shanghai,BDCGP,Chittagong,1,1,"Hyundai; Sinokor",2,5,2037.6,405.6,1809,2190,14,14,14,{14}
2024-12-29,CNSHA,Shanghai,CAPRR,"Prince Rupert BC",1,1,"COSCO; Evergreen Line; OOCL",3,5,4584.4,240.8,4253,5248,13,13,13,{13}
2024-12-29,CNSHA,Shanghai,CAVAN,"Vancouver BC",1,1,"COSCO; Evergreen Line; OOCL",3,6,4412.166666666667,307,4252,5050,14,14,14,{14}
2024-12-29,CNSHA,Shanghai,CNDLC,Dalian,2,2,"Maersk Line; MSC; SITC Shipping",3,20,21745.25,764.5,2433,20568,3,4,5,"{5,3}"
2024-12-29,CNSHA,Shanghai,CNNGB,Ningbo,100,100,"ANL; APL; Asean Seas Line; BTL-Bengal Tiger Line; CK Line; CMA CGM; CNC Line-Cheng Lie Navigation Co. Ltd.; COSCO; CULines-China United Lines; Emirates Shipping; Evergreen Line; Feedertech; Global Feeder Shipping; Gold Star Line; Hapag-Lloyd; Heung-A; Hyundai; IAL-Interasia Lines; KMTC; Maersk Line; MELL; MSC; Namsung; ONE; OOCL; PIL; RCL; Samudera; Sinokor; Sinotrans; SITC Shipping; SM Line; Swire Shipping; TS Lines; Unifeeder; Wan Hai; X-Press; Yang Ming; ZIM",39,796,726106.8627095126,56457.77932484185,907,24188,0,1,4,"{3,2,2,2,2,1,2,1,1,3,2,1,1,1,0,1,1,2,1,1,2,1,0,4,2,3,0,2,2,1,1,3,1,1,2,3,1,3,1,2,2,2,1,2,2,1,1,1,1,1,1,1,2,0,1,1,2,1,1,2,1,1,1,1,2,0,1,2,1,1,1,2,2,1,1,4,2,3,1,0,2,2,1,2,1,1,2,2,1,1,2,2,2,1,2,2,2,1,1,1}"
2024-12-29,CNSHA,Shanghai,CNNSA,Nansha,3,3,"Maersk Line; MSC; PIL; Sea Lead; TS Lines; Yang Ming",6,34,34391.71538461538,1713.2769230769231,4211,18270,3,3,3,"{3,3,3}"
2024-12-29,CNSHA,Shanghai,CNSHK,Shekou,8,8,"CMA CGM; COSCO; Evergreen Line; Hapag-Lloyd; Hyundai; IAL-Interasia Lines; KMTC; Maersk Line; MSC; ONE; OOCL; RCL; Samudera; TS Lines; Unifeeder; Wan Hai; X-Press; Yang Ming",18,66,53503.458333333336,4070.018939393939,1223,15516,2,3,4,"{3,2,2,3,3,4,3,3}"
2024-12-29,CNSHA,Shanghai,CNSWA,Shantou,1,1,"CMA CGM; CNC Line-Cheng Lie Navigation Co. Ltd.; COSCO",3,6,4320.166666666667,532.6666666666666,4250,4404,2,2,2,{2}
2024-12-29,CNSHA,Shanghai,CNTAC,Taicang,2,2,"HASCO; Jin Jiang",2,2,1688,60,668,1020,0,0,0,"{0,0}"
2024-12-29,CNSHA,Shanghai,CNTAO,Qingdao,10,10,"APL; CMA CGM; CNC Line-Cheng Lie Navigation Co. Ltd.; COSCO; Evergreen Line; Gold Star Line; Hapag-Lloyd; Hyundai; Maersk Line; MSC; ONE; OOCL; PIL; Sea Lead; Wan Hai; Yang Ming; ZIM",17,91,70540.92051282052,6107.505982905984,1000,15226,1,2.5,4,"{3,1,3,4,2,3,1,4,1,2}"
2024-12-29,CNSHA,Shanghai,CNTXG,Xingang/Tianjin,1,1,"Maersk Line; MSC",2,15,18485.6,733.8666666666667,17816,20568,3,3,3,{3}
2024-12-29,CNSHA,Shanghai,CNWZO,"Wenzhou CN",2,2,"SITC Shipping",1,8,5021,85,2433,2700,1,1.5,2,"{1,2}"
2024-12-29,CNSHA,Shanghai,CNXMN,Xiamen,9,9,"APL; Asean Seas Line; CMA CGM; CNC Line-Cheng Lie Navigation Co. Ltd.; COSCO; Evergreen Line; Gold Star Line; Hapag-Lloyd; Hyundai; Jin Jiang; KMTC; MSC; ONE; OOCL; RCL; SITC Shipping; Wan Hai; Yang Ming; ZIM",19,53,47384.130952380954,3768.321428571429,1024,16520,1,3,7,"{3,3,1,3,3,7,2,1,2}"
2024-12-29,CNSHA,Shanghai,CNYTN,Yantian,6,6,"APL; CMA CGM; CNC Line-Cheng Lie Navigation Co. Ltd.; COSCO; Evergreen Line; Hapag-Lloyd; Hyundai; Maersk Line; MSC; ONE; OOCL; Yang Ming",12,88,95577.53571428571,5289.645238095239,4255,24346,2,3,5,"{5,2,2,3,4,3}"
2024-12-29,CNSHA,Shanghai,HKHKG,"Hong Kong",6,6,"Asean Seas Line; CMA CGM; CNC Line-Cheng Lie Navigation Co. Ltd.; COSCO; Evergreen Line; IAL-Interasia Lines; KMTC; Maersk Line; ONE; SITC Shipping; TS Lines; Wan Hai; Yang Ming",13,21,15156.083333333334,1511.6904761904761,953,6478,2,3,4,"{2,4,4,3,3,3}"
2024-12-29,CNSHA,Shanghai,IDJKT,"Jakarta, Java",2,2,"Evergreen Line; Heung-A; Sinokor",3,8,4898,474.75,1809,2800,6,7,8,"{6,8}"
2024-12-29,CNSHA,Shanghai,JPHKT,Hakata,3,3,"COSCO; Dongjin Shipping; HASCO; Jin Jiang; Namsung; Sinotrans; SITC Shipping",7,4,2592,120,720,1003,2,2,3,"{3,2,2}"
2024-12-29,CNSHA,Shanghai,JPIMI,Imari,2,2,"Kambara Kisen Co., Ltd.; RCL",2,4,2111,160,1020,1091,1,1.5,2,"{2,1}"
2024-12-29,CNSHA,Shanghai,JPKNZ,"Kanazawa (N Coast)",1,1,"Kambara Kisen Co., Ltd.; RCL",2,3,1091,,1091,1091,3,3,3,{3}
2024-12-29,CNSHA,Shanghai,JPMOJ,Moji,1,1,"Centrans; StarOcean; TS Lines",3,1,650,106,650,650,2,2,2,{2}
2024-12-29,CNSHA,Shanghai,JPNAN,Nakanoseki,1,1,Mingsheng,1,1,704,116,704,704,2,2,2,{2}
2024-12-29,CNSHA,Shanghai,JPNGO,Nagoya,6,6,"CMA CGM; CNC Line-Cheng Lie Navigation Co. Ltd.; COSCO; HASCO; Jin Jiang; Sinotrans; SITC Shipping",7,9,6171.5,301,668,1808,2,3,3,"{3,3,2,3,3,2}"
2024-12-29,CNSHA,Shanghai,JPOSA,Osaka,8,8,"Centrans; COSCO; Jin Jiang; SITC Shipping; StarOcean; TS Lines",6,12,7830.666666666667,675.8333333333334,668,1182,2,2,3,"{2,2,3,2,2,2,2,3}"
2024-12-29,CNSHA,Shanghai,JPSBK,Sakaisenboku,1,1,"SITC Shipping",1,4,1797.75,122,1781,1805,2,2,2,{2}
2024-12-29,CNSHA,Shanghai,JPTOY,"Toyama (N Coast)",1,1,"Kambara Kisen Co., Ltd.; RCL",2,3,1091,,1091,1091,4,4,4,{4}
2024-12-29,CNSHA,Shanghai,JPTYO,Tokyo,4,4,"COSCO; Jin Jiang; Sinotrans",3,4,4189,180,958,1091,3,3,3,"{3,3,3,3}"
2024-12-29,CNSHA,Shanghai,JPUKB,Kobe,1,1,"Maersk Line",1,3,2605.3333333333335,380.6666666666667,2470,2782,4,4,4,{4}
2024-12-29,CNSHA,Shanghai,JPYOK,Yokohama,6,6,"Centrans; COSCO; Maersk Line; Sinotrans; SITC Shipping; StarOcean; Swire Shipping; TS Lines",8,14,15470.42857142857,689.8333333333334,698,2782,3,3,4,"{3,3,4,4,3,3}"
2024-12-29,CNSHA,Shanghai,KHKOS,Sihanoukville,1,1,"Maersk Line; Wan Hai; Yang Ming",3,3,1836,192.33333333333334,1800,1908,6,6,6,{6}
2024-12-29,CNSHA,Shanghai,KRINC,Inchon,6,6,"CK Line; CMA CGM; COSCO; Dongjin Shipping; Dong Young; Heung-A; KMTC; Namsung; NBOSCO; PanCon; Sinokor; TaiYoung Shipping",12,6,6597,186,952,1354,2,2,2,"{2,2,2,2,2,2}"
2024-12-29,CNSHA,Shanghai,KRKAN,Gwangyang,1,1,"Hapag-Lloyd; Hyundai; ONE; Yang Ming",4,8,11489.785714285714,1050,13250,13792,2,2,2,{2}
2024-12-29,CNSHA,Shanghai,KRPTK,Pyongtaek,1,1,Sinokor,1,1,1054,102,1054,1054,2,2,2,{2}
2024-12-29,CNSHA,Shanghai,KRPUS,Busan,29,29,"ANL; APL; CMA CGM; CNC Line-Cheng Lie Navigation Co. Ltd.; COSCO; Dong Young; Evergreen Line; Hapag-Lloyd; Heung-A; Hyundai; KMTC; Maersk Line; MSC; Namsung; ONE; OOCL; PanCon; PanOcean; Sinokor; SM Line; Yang Ming; ZIM",22,207,200668.33029193032,16645.644350094353,702,16020,1,2,5,"{1,2,2,2,1,1,5,4,1,2,1,2,2,2,1,1,1,1,2,1,4,2,1,4,1,1,2,2,3}"
2024-12-29,CNSHA,Shanghai,KRTGH,Donghae,1,1,"Maersk Line; MSC",2,15,23789.06666666667,1556.2666666666667,23656,24232,1,1,1,{1}
2024-12-29,CNSHA,Shanghai,MXLZC,"Lazaro Cardenas",1,1,ZIM,1,12,7253.083333333333,250,7000,7928,16,16,16,{16}
2024-12-29,CNSHA,Shanghai,MXZLO,"Manzanillo, MEX",1,1,"COSCO; Evergreen Line; PIL; Wan Hai; Yang Ming",5,11,10910.363636363636,320.1818181818182,6350,14000,16,16,16,{16}
2024-12-29,CNSHA,Shanghai,MYPKG,"Port Klang",1,1,"Maersk Line",1,6,2797.3333333333335,373.3333333333333,2754,2806,6,6,6,{6}
2024-12-29,CNSHA,Shanghai,MYTPP,"Tanjung Pelepas",2,2,"Maersk Line; MSC",2,21,22034,978.1,2806,20568,5,5.5,6,"{6,5}"
2024-12-29,CNSHA,Shanghai,RUVVO,Vladivostok,1,1,"Heung-A; Sinokor",2,2,1693,235.5,1577,1809,4,4,4,{4}
2024-12-29,CNSHA,Shanghai,SGSIN,Singapore,2,2,"Heung-A; KMTC; Namsung; ONE; PIL",5,9,5230,545.1,2450,2800,6,6.5,7,"{7,6}"
2024-12-29,CNSHA,Shanghai,THLCH,"Laem Chabang",2,2,"CNC Line-Cheng Lie Navigation Co. Ltd.; CULines-China United Lines; Heung-A; KMTC; OOCL; RCL; Sinokor; TS Lines",8,6,3575.6666666666665,549.6666666666666,1668,1909,6,6,6,"{6,6}"
2024-12-29,CNSHA,Shanghai,TWKHH,Kaohsiung,5,5,"ANL; Austral Asia Line; CMA CGM; CNC Line-Cheng Lie Navigation Co. Ltd.; COSCO; Evergreen Line; OOCL",7,21,16050.209523809524,1889.857142857143,979,6014,1,2,5,"{1,4,5,2,2}"
2024-12-29,CNSHA,Shanghai,USLAX,"Los Angeles CA",2,2,"ANL; CMA CGM; Hapag-Lloyd; Hyundai; ONE; Yang Ming",6,13,14925.857142857143,1187.142857142857,5095,11860,11,13.5,16,"{16,11}"
2024-12-29,CNSHA,Shanghai,USLGB,"Long Beach CA",5,5,"APL; CMA CGM; COSCO; Evergreen Line; Maersk Line; Matson; MSC; ONE; OOCL; Wan Hai; Yang Ming",11,36,51723.94642857143,2633.6488095238096,4250,19154,12,14,14,"{14,14,12,14,14}"
2024-12-29,CNSHA,Shanghai,USNYC,"New York NY/NJ",1,1,"APL; CMA CGM; COSCO; Evergreen Line; OOCL",5,13,13481.46153846154,569.2307692307693,13092,16000,24,24,24,{24}
2024-12-29,CNSHA,Shanghai,VNHPH,Haiphong,3,3,"CK Line; KMTC; SITC Shipping; SM Line",4,8,3877.666666666667,211,1000,1805,4,4,5,"{5,4,4}"
2024-12-29,CNSHA,Shanghai,VNSGN,"Ho Chi Minh (VICT/Cat Lai)",7,7,"CK Line; CNC Line-Cheng Lie Navigation Co. Ltd.; COSCO; Evergreen Line; Heung-A; KMTC; Maersk Line; Namsung; OOCL; PanOcean; Sinokor; SM Line",12,24,14087.702380952382,1971.904761904762,1679,2806,4,4,6,"{5,4,4,5,4,4,6}"
2024-12-29,CNSHD,Shidao,CNTAO,Qingdao,1,1,"Sinokor; SITC Shipping",2,2,1011,120,1011,1011,0,0,0,{0}
2024-12-29,CNSHK,Shekou,AEJEA,"Dubai, Jebel Ali",1,1,"CULines-China United Lines; Heung-A; Sinokor; Unifeeder",4,5,2983.2,380,2518,3586,14,14,14,{14}
2024-12-29,CNSHK,Shekou,AUSYD,Sydney,2,2,"ANL; CMA CGM; COSCO; OOCL; PIL; Sea Lead; TS Lines; Yang Ming",8,11,9966.7,895.3333333333333,4211,5888,6,9.5,13,"{6,13}"
2024-12-29,CNSHK,Shekou,BDCGP,Chittagong,1,1,"CMA CGM; CNC Line-Cheng Lie Navigation Co. Ltd.",2,5,2101.2,416.4,1756,2822,10,10,10,{10}
2024-12-29,CNSHK,Shekou,CNDLC,Dalian,1,1,"SITC Shipping",1,3,1797,162.66666666666666,1781,1805,4,4,4,{4}
2024-12-29,CNSHK,Shekou,CNNGB,Ningbo,1,1,"APL; CMA CGM; CNC Line-Cheng Lie Navigation Co. Ltd.; COSCO; Evergreen Line; OOCL",6,13,9056.153846153846,1005.6923076923077,7327,11388,2,2,2,{2}
2024-12-29,CNSHK,Shekou,CNNSA,Nansha,12,12,"ANL; APL; CMA CGM; CNC Line-Cheng Lie Navigation Co. Ltd.; COSCO; Evergreen Line; Gold Star Line; Maersk Line; ONE; OOCL; RCL; TS Lines; Wan Hai; Yang Ming; ZIM",15,62,61779.85402930402,5154.51098901099,1668,15254,0,1,1,"{1,0,0,1,1,1,1,1,1,1,1,0}"
2024-12-29,CNSHK,Shekou,CNSHA,Shanghai,3,3,"APL; CMA CGM; CNC Line-Cheng Lie Navigation Co. Ltd.; COSCO; Evergreen Line; Feedertech; Heung-A; IAL-Interasia Lines; OOCL; Sinokor; SITC Shipping; Wan Hai",12,20,16522.378787878788,1668.5151515151515,1042,11388,3,4,4,"{4,3,4}"
2024-12-29,CNSHK,Shekou,CNSWA,Shantou,1,1,"Heung-A; PanOcean; Sinokor",3,2,1056,42,1021,1091,1,1,1,{1}
2024-12-29,CNSHK,Shekou,CNTXG,Xingang/Tianjin,1,1,"CMA CGM; CNC Line-Cheng Lie Navigation Co. Ltd.",2,3,2808.6666666666665,566.6666666666666,2782,2822,5,5,5,{5}
2024-12-29,CNSHK,Shekou,CNXMN,Xiamen,10,10,"CNC Line-Cheng Lie Navigation Co. Ltd.; COSCO; Dong Young; Evergreen Line; Heung-A; IAL-Interasia Lines; KMTC; Namsung; ONE; OOCL; RCL; Sinokor; SITC Shipping; TS Lines; Wan Hai; Yang Ming",16,36,28700.041666666664,2731.75,1000,13458,0,1,2,"{1,0,1,2,1,1,1,2,2,1}"
2024-12-29,CNSHK,Shekou,CNYTN,Yantian,2,2,MSC,1,11,5411,899.7,2207,3534,0,0.5,1,"{1,0}"
2024-12-29,CNSHK,Shekou,HKHKG,"Hong Kong",12,12,"Asean Seas Line; CMA CGM; CNC Line-Cheng Lie Navigation Co. Ltd.; COSCO; Evergreen Line; Hapag-Lloyd; Hyundai; MSC; ONE; OOCL; PIL; RCL; SITC Shipping; TS Lines; Wan Hai; Yang Ming",16,74,63816.818581418585,5468.544272394272,1096,16520,0,1,2,"{0,1,1,1,1,2,1,1,0,1,0,0}"
2024-12-29,CNSHK,Shekou,IDJKT,"Jakarta, Java",2,2,"COSCO; Evergreen Line; Gold Star Line; Maersk Line; OOCL; Wan Hai; Yang Ming; ZIM",8,11,6743.892857142857,753.5,2546,4253,6,6,6,"{6,6}"
2024-12-29,CNSHK,Shekou,IDSUB,"Surabaya, Java",1,1,"COSCO; Evergreen Line",2,4,2344,,2300,2476,4,4,4,{4}
2024-12-29,CNSHK,Shekou,INKAT,Kattupalli,1,1,"Hyundai; ONE",2,12,6040.833333333333,576.8333333333334,4728,10081,7,7,7,{7}
2024-12-29,CNSHK,Shekou,JPMIZ,Mizushima,1,1,"Wan Hai",1,2,1040,,1040,1040,5,5,5,{5}
2024-12-29,CNSHK,Shekou,JPNGO,Nagoya,1,1,"KMTC; SITC Shipping",2,4,1787.75,61,1781,1808,4,4,4,{4}
2024-12-29,CNSHK,Shekou,JPOSA,Osaka,1,1,"IAL-Interasia Lines; ONE; Wan Hai",3,4,3055,,3055,3055,4,4,4,{4}
2024-12-29,CNSHK,Shekou,JPTYO,Tokyo,3,3,"Evergreen Line; IAL-Interasia Lines; TS Lines; Wan Hai",4,9,5090.5,542.5,1096,2038,3,4,4,"{4,4,3}"
2024-12-29,CNSHK,Shekou,JPUKB,Kobe,1,1,"Evergreen Line",1,4,1905.25,177.5,1809,1984,5,5,5,{5}
2024-12-29,CNSHK,Shekou,KHKOS,Sihanoukville,1,1,"COSCO; OOCL; RCL",3,3,1531,190.66666666666666,1223,1930,4,4,4,{4}
2024-12-29,CNSHK,Shekou,KRINC,Inchon,5,5,"Dongjin Shipping; Heung-A; KMTC; Namsung; OOCL; PanOcean; RCL; Sinokor; SM Line; Yang Ming",10,15,9675,1150.6666666666667,1011,2940,3,4,4,"{4,4,3,4,3}"
2024-12-29,CNSHK,Shekou,KRPUS,Busan,4,4,"CMA CGM; CNC Line-Cheng Lie Navigation Co. Ltd.; KMTC; Maersk Line; MSC; Namsung; ONE; PIL; SITC Shipping; TS Lines; Yang Ming",11,28,27115.81666666667,2621.683333333333,2400,19224,4,4.5,11,"{4,4,5,11}"
2024-12-29,CNSHK,Shekou,MYPKG,"Port Klang",10,10,"Asean Seas Line; CMA CGM; CNC Line-Cheng Lie Navigation Co. Ltd.; COSCO; Evergreen Line; Feedertech; Global Feeder Shipping; Hapag-Lloyd; Heung-A; Hyundai; IAL-Interasia Lines; MSC; ONE; Sinokor; TS Lines; Wan Hai; X-Press; Yang Ming",18,52,39291.54761904762,3921.4880952380954,1182,8002,4,4,5,"{4,4,4,5,4,4,4,5,5,5}"
2024-12-29,CNSHK,Shekou,MYTPP,"Tanjung Pelepas",3,3,"CMA CGM; CNC Line-Cheng Lie Navigation Co. Ltd.; Maersk Line; X-Press",4,23,13345.583333333334,1969,1713,10034,4,4,5,"{5,4,4}"
2024-12-29,CNSHK,Shekou,PHMNL,Manila,1,1,"Wan Hai; Yang Ming",2,2,3034,,3013,3055,3,3,3,{3}
2024-12-29,CNSHK,Shekou,SGSIN,Singapore,32,32,"APL; CMA CGM; CNC Line-Cheng Lie Navigation Co. Ltd.; COSCO; CULines-China United Lines; Emirates Shipping; Evergreen Line; Gold Star Line; Hapag-Lloyd; Hyundai; IAL-Interasia Lines; KMTC; Maersk Line; MSC; ONE; OOCL; PIL; RCL; Samudera; Sinokor; TS Lines; Unifeeder; Wan Hai; X-Press; Yang Ming; ZIM",26,293,280785.4786963036,21361.054863192363,3013,19224,3,4,6,"{4,4,4,4,4,4,4,4,4,4,4,4,3,4,4,3,4,4,4,5,4,4,3,4,6,5,5,4,4,4,4,4}"
2024-12-29,CNSHK,Shekou,THLCH,"Laem Chabang",5,5,"Asean Seas Line; CK Line; CMA CGM; CNC Line-Cheng Lie Navigation Co. Ltd.; COSCO; Evergreen Line; IAL-Interasia Lines; KMTC; Namsung; OOCL; Wan Hai; Yang Ming",12,17,12524.833333333332,1474.0833333333335,1614,5688,3,4,4,"{4,3,3,4,4}"
2024-12-29,CNSHK,Shekou,TWKEL,Keelung,1,1,"KMTC; Sinokor",2,3,1748,213,1626,1809,2,2,2,{2}
2024-12-29,CNSHK,Shekou,TWKHH,Kaohsiung,5,5,"ANL; APL; CMA CGM; COSCO; Evergreen Line; Hapag-Lloyd; OOCL; PIL; Sinotrans; TS Lines; Wan Hai; X-Press; Yang Ming",13,24,18640.821428571428,1900.4285714285716,1708,7092,1,2,2,"{2,2,2,1,1}"
2024-12-29,CNSHK,Shekou,TWTXG,Taichung,1,1,"IAL-Interasia Lines; Wan Hai",2,5,3026.8,240,3013,3036,1,1,1,{1}
2024-12-29,CNSHK,Shekou,VNDAD,"Da Nang",1,1,"COSCO; Evergreen Line; IAL-Interasia Lines; Wan Hai",4,3,2592,57.333333333333336,1708,3055,2,2,2,{2}
2024-12-29,CNSHK,Shekou,VNHPH,Haiphong,2,2,"Evergreen Line; ONE; Wan Hai",3,11,12520.125,859,1781,13458,1,1.5,2,"{2,1}"
2024-12-29,CNSHK,Shekou,VNSGN,"Ho Chi Minh (VICT/Cat Lai)",5,5,"CMA CGM; CNC Line-Cheng Lie Navigation Co. Ltd.; IAL-Interasia Lines; KMTC; MSC; OOCL; RCL; Wan Hai; Yang Ming",9,17,11893.333333333332,1860.8333333333333,1756,2940,2,3,3,"{3,3,2,3,2}"
2024-12-29,CNSHK,Shekou,VNVUT,"Cai Mep",1,1,"Hapag-Lloyd; Wan Hai",2,13,13089.692307692309,584.6153846153846,8004,13806,2,2,2,{2}
2024-12-29,CNSHP,Qinhuangdao,CNTXG,Xingang/Tianjin,1,1,"SITC Shipping",1,2,1026.5,132.5,1011,1042,2,2,2,{2}
2024-12-29,CNSWA,Shantou,CNFQG,Fuqing,1,1,"CK Line; KMTC; SM Line",3,2,1000,,1000,1000,1,1,1,{1}
2024-12-29,CNSWA,Shantou,CNNSA,Nansha,2,2,"Evergreen Line; Wan Hai; Yang Ming",3,6,4939.25,177.5,1809,3055,1,1,1,"{1,1}"
2024-12-29,CNSWA,Shantou,CNSHK,Shekou,3,3,"APL; CMA CGM; CNC Line-Cheng Lie Navigation Co. Ltd.; COSCO; ONE; OOCL; RCL",7,15,12980.066666666668,1520.0666666666666,2468,6350,1,1,2,"{1,1,2}"
2024-12-29,CNSWA,Shantou,HKHKG,"Hong Kong",2,2,"Maersk Line; MSC",2,10,5776.6,864,2700,3534,1,1,1,"{1,1}"
2024-12-29,CNSWA,Shantou,KRINC,Inchon,1,1,"Heung-A; PanOcean; Sinokor",3,2,1056,42,1021,1091,3,3,3,{3}
2024-12-29,CNTAC,Taicang,CNNGB,Ningbo,1,1,"Taicang Container Lines",1,2,1091,140,1091,1091,1,1,1,{1}
2024-12-29,CNTAC,Taicang,CNNJI,Nanjing,1,1,"Taicang Container Lines",1,3,1060.6666666666667,183.33333333333334,1043,1096,1,1,1,{1}
2024-12-29,CNTAC,Taicang,CNSHA,Shanghai,3,3,"HASCO; Jin Jiang; SITC Shipping",3,5,2748.666666666667,161.66666666666669,668,1100,1,1,1,"{1,1,1}"
2024-12-29,CNTAC,Taicang,CNZPU,"Zhapu Pt",1,1,NBOSCO,1,3,1100,80,1100,1100,1,1,1,{1}
2024-12-29,CNTAC,Taicang,JPHKT,Hakata,1,1,"HASCO; Jin Jiang",2,1,1020,,1020,1020,2,2,2,{2}
2024-12-29,CNTAC,Taicang,JPNGO,Nagoya,1,1,"Taicang Container Lines",1,3,1060.6666666666667,183.33333333333334,1043,1096,2,2,2,{2}
2024-12-29,CNTAC,Taicang,JPOSA,Osaka,1,1,"Taicang Container Lines",1,1,1043,180,1043,1043,2,2,2,{2}
2024-12-29,CNTAC,Taicang,JPTYO,Tokyo,1,1,"Taicang Container Lines",1,3,1060.6666666666667,183.33333333333334,1043,1096,4,4,4,{4}
2024-12-29,CNTAC,Taicang,JPUKB,Kobe,1,1,NBOSCO,1,3,1100,80,1100,1100,3,3,3,{3}
2024-12-29,CNTAC,Taicang,KRINC,Inchon,2,2,"CK Line; KMTC; Sinokor",3,2,1231,60,602,629,2,2.5,3,"{2,3}"
2024-12-29,CNTAO,Qingdao,CNCGS,Changshu,1,1,"Swire Shipping",1,2,7021.714285714285,,2048,2048,1,1,1,{1}
2024-12-29,CNTAO,Qingdao,CNDCB,"Da Chan Bay",1,1,MSC,1,6,4175.5,378.8333333333333,2758,4892,2,2,2,{2}
2024-12-29,CNTAO,Qingdao,CNDLC,Dalian,1,1,MSC,1,7,2940.1428571428573,521.4285714285714,2702,3534,1,1,1,{1}
2024-12-29,CNTAO,Qingdao,CNLYG,Lianyungang,3,3,"CNC Line-Cheng Lie Navigation Co. Ltd.; COSCO; Easline Shipping; Heung-A; Maersk Line",5,10,10730.071428571428,913.4285714285714,1675,5928,1,1,1,"{1,1,1}"
2024-12-29,CNTAO,Qingdao,CNNGB,Ningbo,12,12,"APL; CMA CGM; CNC Line-Cheng Lie Navigation Co. Ltd.; COSCO; Evergreen Line; Hapag-Lloyd; Hyundai; Maersk Line; MSC; ONE; OOCL; Tailwind Shipping Lines; Yang Ming; ZIM",14,94,102598.19047619046,8465.064935064936,1707,19224,1,3,3,"{3,1,2,3,3,3,2,3,2,3,3,3}"
2024-12-29,CNTAO,Qingdao,CNSHA,Shanghai,49,49,"ANL; APL; Asean Seas Line; BTL-Bengal Tiger Line; CMA CGM; CNC Line-Cheng Lie Navigation Co. Ltd.; COSCO; Emirates Shipping; Evergreen Line; Gold Star Line; Hapag-Lloyd; Heung-A; Hyundai; IAL-Interasia Lines; Kambara Kisen Co., Ltd.; KMTC; Maersk Line; MSC; Namsung; ONE; OOCL; PanOcean; PIL; RCL; Sea Lead; Sinokor; SITC Shipping; SM Line; TS Lines; Unifeeder; Wan Hai; X-Press; Yang Ming; ZIM",34,336,339254.57005772,26169.23354978355,1091,24188,1,2,5,"{2,3,2,1,4,5,4,3,2,2,2,2,2,1,3,1,1,3,1,5,3,3,3,2,2,1,1,2,2,1,5,3,2,2,2,2,4,3,3,2,4,3,1,1,3,3,1,2,2}"
2024-12-29,CNTAO,Qingdao,CNSWA,Shantou,1,1,"CMA CGM; CNC Line-Cheng Lie Navigation Co. Ltd.; COSCO",3,5,3104.4,467.4,2468,4275,4,4,4,{4}
2024-12-29,CNTAO,Qingdao,CNTXG,Xingang/Tianjin,2,2,"CMA CGM; CNC Line-Cheng Lie Navigation Co. Ltd.; COSCO; MSC",4,19,18136.78205128205,1196.7435897435898,4250,16000,4,4,4,"{4,4}"
2024-12-29,CNTAO,Qingdao,CNXMN,Xiamen,1,1,"Emirates Shipping; Global Feeder Shipping; KMTC; PIL; RCL; TS Lines",6,8,5878.5,386.25,5878,8110,2,2,2,{2}
2024-12-29,CNTAO,Qingdao,CNYTN,Yantian,1,1,"Hapag-Lloyd; Hyundai; ONE; Yang Ming",4,12,13277.083333333334,850,12552,13470,4,4,4,{4}
2024-12-29,CNTAO,Qingdao,HKHKG,"Hong Kong",5,5,"CMA CGM; CNC Line-Cheng Lie Navigation Co. Ltd.; COSCO; Evergreen Line; KMTC; Maersk Line; OOCL; RCL; Wan Hai; X-Press; Yang Ming",11,19,16460.033333333333,2312.1,2378,5688,3,3,3,"{3,3,3,3,3}"
2024-12-29,CNTAO,Qingdao,JPFKY,Fukuyama,1,1,"Kambara Kisen Co., Ltd.; RCL",2,3,1091,,1091,1091,3,3,3,{3}
2024-12-29,CNTAO,Qingdao,JPHKT,Hakata,1,1,"COSCO; Sinotrans; SITC Shipping",3,4,1048,111.25,1023,1103,1,1,1,{1}
2024-12-29,CNTAO,Qingdao,JPIMI,Imari,1,1,Mingsheng,1,2,978.5,165,855,1102,1,1,1,{1}
2024-12-29,CNTAO,Qingdao,JPNGO,Nagoya,1,1,"Centrans; Jin Jiang; StarOcean",3,1,1096,150,1096,1096,3,3,3,{3}
2024-12-29,CNTAO,Qingdao,JPOSA,Osaka,3,3,"Centrans; COSCO; Jin Jiang; Sinotrans; SITC Shipping",5,5,3231,150,1011,1106,2,2,3,"{2,2,3}"
2024-12-29,CNTAO,Qingdao,JPTYO,Tokyo,3,3,"Centrans; COSCO; Jin Jiang; Sinokor; Sinotrans; SITC Shipping",6,6,3969,366,1011,1946,3,3,3,"{3,3,3}"
2024-12-29,CNTAO,Qingdao,JPYOK,Yokohama,1,1,"Maersk Line",1,8,1740.25,375,1713,1800,3,3,3,{3}
2024-12-29,CNTAO,Qingdao,KRINC,Inchon,3,2,"CK Line; Maersk Line; PanOcean; SITC Shipping",4,7,4633.2,812.6,932,2940,1,1,1,"{1,1,1}"
2024-12-29,CNTAO,Qingdao,KRKAN,Gwangyang,4,4,"CMA CGM; CNC Line-Cheng Lie Navigation Co. Ltd.; COSCO; Emirates Shipping; KMTC; Maersk Line; MSC; TS Lines",8,36,46861.808791208794,2824.8776556776556,4275,20568,1,1.5,2,"{1,2,1,2}"
2024-12-29,CNTAO,Qingdao,KRKUV,Kunsan,2,2,"Dongjin Shipping; Evergreen Line; PanOcean",3,3,5167,180,1024,4143,1,1.5,2,"{1,2}"
2024-12-29,CNTAO,Qingdao,KRPTK,Pyongtaek,2,2,"Sinokor; SITC Shipping",2,3,2129,340,1011,1118,1,2,3,"{3,1}"
2024-12-29,CNTAO,Qingdao,KRPUS,Busan,21,21,"APL; Centrans; CK Line; CMA CGM; CNC Line-Cheng Lie Navigation Co. Ltd.; COSCO; Evergreen Line; Hapag-Lloyd; Heung-A; Hyundai; IAL-Interasia Lines; Jin Jiang; KMTC; Kyowa; Maersk Line; MSC; Namsung; ONE; OOCL; PanCon; PanOcean; PIL; Sea Lead; Sinokor; Swire Shipping; TaiYoung Shipping; Wan Hai; Yang Ming; ZIM",29,171,166782.09590964587,11654.955982905984,834,24232,1,2,3,"{2,2,2,3,1,3,1,1,3,3,1,1,1,1,2,1,2,2,1,2,2}"
2024-12-29,CNTAO,Qingdao,SGSIN,Singapore,1,1,"CMA CGM; CNC Line-Cheng Lie Navigation Co. Ltd.; OOCL",3,5,6395.2,998.6,5598,7327,7,7,7,{7}
2024-12-29,CNTAO,Qingdao,THBKK,"Bangkok (Old Port)",1,1,"ONE; SITC Shipping",2,4,1818.75,61,1781,1908,8,8,8,{8}
2024-12-29,CNTAO,Qingdao,TWKHH,Kaohsiung,1,1,"Evergreen Line; Feedertech; ONE; Samudera; TS Lines",5,7,5856.428571428572,635.5714285714286,4892,7024,3,3,3,{3}
2024-12-29,CNTAO,Qingdao,TWTPE,Taipei,1,1,"Evergreen Line",1,3,1879,136.66666666666666,1809,1984,2,2,2,{2}
2024-12-29,CNTXG,Xingang/Tianjin,CNDLC,Dalian,13,13,"CK Line; CMA CGM; CNC Line-Cheng Lie Navigation Co. Ltd.; COSCO; Easline Shipping; Evergreen Line; Gold Star Line; Heung-A; Kambara Kisen Co., Ltd.; KMTC; Maersk Line; Mingsheng; MSC; OOCL; RCL; Sinokor; SITC Shipping; StarOcean; Wan Hai; Yang Ming; ZIM",21,52,49800.670238095234,4477.891666666666,855,15516,1,1,3,"{1,1,1,1,1,3,2,2,2,1,1,2,1}"
2024-12-29,CNTXG,Xingang/Tianjin,CNLYG,Lianyungang,1,1,COSCO,1,1,9476,600,4738,4738,2,2,2,{2}
2024-12-29,CNTXG,Xingang/Tianjin,CNNGB,Ningbo,1,1,"APL; CMA CGM; CNC Line-Cheng Lie Navigation Co. Ltd.; COSCO; Evergreen Line; OOCL",6,14,16361.285714285714,500,12118,20150,3,3,3,{3}
2024-12-29,CNTXG,Xingang/Tianjin,CNSHA,Shanghai,1,1,"Austral Asia Line",1,4,3518,242.5,979,2029,4,4,4,{4}
2024-12-29,CNTXG,Xingang/Tianjin,CNTAO,Qingdao,19,19,"APL; CMA CGM; CNC Line-Cheng Lie Navigation Co. Ltd.; COSCO; Evergreen Line; Feedertech; Hapag-Lloyd; Hyundai; KMTC; Kyowa; Maersk Line; MSC; Namsung; ONE; OOCL; PIL; RCL; Samudera; SITC Shipping; Swire Shipping; TS Lines; X-Press; Yang Ming",23,127,128004.23571428572,9434.443506493508,953,23964,1,2,4,"{2,2,1,4,2,1,3,1,2,2,4,3,2,3,4,2,2,3,3}"
2024-12-29,CNTXG,Xingang/Tianjin,CNYNT,Yantai,4,4,"COSCO; Sinotrans; SITC Shipping",3,9,4902.666666666667,371.6666666666667,831,1946,1,1,2,"{2,1,1,1}"
2024-12-29,CNTXG,Xingang/Tianjin,KRINC,Inchon,3,3,"COSCO; Dongjin Shipping; MSC; Namsung",4,8,5445.5,428.8333333333333,554,4892,1,3,3,"{3,1,3}"
2024-12-29,CNTXG,Xingang/Tianjin,KRPTK,Pyongtaek,1,1,Sinokor,1,1,388.7142857142857,51.42857142857143,907,907,1,1,1,{1}
2024-12-29,CNTXG,Xingang/Tianjin,KRPUS,Busan,8,8,"CMA CGM; CNC Line-Cheng Lie Navigation Co. Ltd.; COSCO; Evergreen Line; Hapag-Lloyd; Heung-A; Maersk Line; MSC; ONE; OOCL; Sinokor; TaiYoung Shipping; X-Press; Yang Ming",14,65,74101.89316239316,4333.910256410257,1809,20568,1,2,4,"{2,2,2,2,4,2,2,1}"
2024-12-29,CNTXG,Xingang/Tianjin,TWKHH,Kaohsiung,1,1,MSC,1,7,2940.1428571428573,521.4285714285714,2702,3534,4,4,4,{4}
2024-12-29,CNWEI,Weihai,CNDLC,Dalian,3,3,"COSCO; StarOcean",2,3,7239,1504,349,1740,2,2,2,"{2,2,2}"
2024-12-29,CNWEI,Weihai,CNTAO,Qingdao,1,1,"Centrans; Jin Jiang",2,1,834,80,834,834,2,2,2,{2}
2024-12-29,CNWEI,Weihai,CNYNT,Yantai,1,1,"COSCO; Sinotrans; SITC Shipping",3,1,542,200,542,542,1,1,1,{1}
2024-12-29,CNWEI,Weihai,KRPTK,Pyongtaek,1,1,Sinokor,1,1,724,150,724,724,2,2,2,{2}
2024-12-29,CNWEI,Weihai,KRPUS,Busan,1,1,"Dong Young; Doowoo Shipping",2,1,642,40,642,642,1,1,1,{1}
2024-12-29,CNWZO,"Wenzhou CN",CNXMN,Xiamen,1,1,"SITC Shipping",1,4,2499.75,85,2433,2700,1,1,1,{1}
2024-12-29,CNWZO,"Wenzhou CN",PHMNS,"Manila South Harbor",1,1,"SITC Shipping",1,4,2521.25,,2433,2698,3,3,3,{3}
2024-12-29,CNWZO,"Wenzhou CN",THLCH,"Laem Chabang",1,1,"KMTC; SITC Shipping",2,4,1787.75,61,1781,1808,8,8,8,{8}
2024-12-29,CNXMN,Xiamen,CNNGB,Ningbo,3,3,"APL; CMA CGM; CNC Line-Cheng Lie Navigation Co. Ltd.; COSCO; Evergreen Line; Maersk Line; MSC; ONE; OOCL; ZIM",10,27,29001.36263736264,2455.5164835164837,7327,11860,2,2,3,"{2,3,2}"
2024-12-29,CNXMN,Xiamen,CNNSA,Nansha,9,9,"APL; CMA CGM; CNC Line-Cheng Lie Navigation Co. Ltd.; COSCO; Emirates Shipping; Evergreen Line; Global Feeder Shipping; Gold Star Line; KMTC; Maersk Line; MSC; ONE; OOCL; PIL; RCL; SITC Shipping; TS Lines; ZIM",18,76,82167.0143939394,6067.243939393939,2298,24232,1,1,2,"{2,2,1,1,1,1,1,1,1}"
2024-12-29,CNXMN,Xiamen,CNQZL,Quanzhou,1,1,"SITC Shipping",1,1,1032,100,1032,1032,1,1,1,{1}
2024-12-29,CNXMN,Xiamen,CNSHA,Shanghai,6,6,"ANL; APL; CMA CGM; COSCO; Evergreen Line; Maersk Line; OOCL; PIL; SITC Shipping; Wan Hai; ZIM",11,53,41942.79249084249,2588.592673992674,1781,16000,1,3,12,"{2,3,1,4,3,12}"
2024-12-29,CNXMN,Xiamen,CNSHK,Shekou,5,5,"APL; CMA CGM; CNC Line-Cheng Lie Navigation Co. Ltd.; COSCO; Evergreen Line; Hapag-Lloyd; Hyundai; MSC; ONE; OOCL; Yang Ming",11,47,40626.07142857143,2363.071428571429,2300,16520,1,2,2,"{2,2,2,1,2}"
2024-12-29,CNXMN,Xiamen,CNSWA,Shantou,1,1,"Wan Hai; Yang Ming",2,2,3034,,3013,3055,0,0,0,{0}
2024-12-29,CNXMN,Xiamen,CNYGP,Yangpu,1,1,"CNC Line-Cheng Lie Navigation Co. Ltd.; COSCO",2,3,3644.5714285714284,315.42857142857144,4250,4253,3,3,3,{3}
2024-12-29,CNXMN,Xiamen,CNYTN,Yantian,9,9,"APL; CMA CGM; CNC Line-Cheng Lie Navigation Co. Ltd.; COSCO; Evergreen Line; Hapag-Lloyd; Hyundai; Maersk Line; MSC; ONE; OOCL; Yang Ming; ZIM",13,97,103161.15668220667,6914.737373737374,5041,24188,1,2,4,"{1,2,2,3,2,2,4,1,2}"
2024-12-29,CNXMN,Xiamen,HKHKG,"Hong Kong",7,7,"ANL; Asean Seas Line; CMA CGM; CNC Line-Cheng Lie Navigation Co. Ltd.; COSCO; Evergreen Line; Gold Star Line; Hapag-Lloyd; Maersk Line; ONE; OOCL; PIL; RCL; Sinotrans; SITC Shipping; Wan Hai; ZIM",17,34,25895.29523809524,2290.6944444444443,1023,8553,1,2,2,"{2,2,2,2,1,1,1}"
2024-12-29,CNXMN,Xiamen,JPMOJ,Moji,1,1,"TS Lines; Wan Hai; Yang Ming",3,3,2889.6666666666665,407.6666666666667,2693,3036,3,3,3,{3}
2024-12-29,CNXMN,Xiamen,JPNGO,Nagoya,1,1,"Evergreen Line; Yang Ming",2,4,2940,272.25,2940,2940,4,4,4,{4}
2024-12-29,CNXMN,Xiamen,JPOSA,Osaka,2,2,"COSCO; Evergreen Line; OOCL; Wan Hai",4,7,4644,590.25,1781,2940,3,3.5,4,"{4,3}"
2024-12-29,CNXMN,Xiamen,JPTYO,Tokyo,4,4,"COSCO; Evergreen Line; IAL-Interasia Lines; OOCL; SITC Shipping; Wan Hai; Yang Ming",7,13,6344.083333333333,833.5833333333333,953,2272,3,4,4,"{3,4,4,4}"
2024-12-29,CNXMN,Xiamen,JPUKB,Kobe,1,1,"TS Lines; Yang Ming",2,2,1807,239.5,1805,1809,3,3,3,{3}
2024-12-29,CNXMN,Xiamen,KRINC,Inchon,4,4,"CK Line; CMA CGM; CNC Line-Cheng Lie Navigation Co. Ltd.; COSCO; Dong Young; Evergreen Line; Heung-A; KMTC; Namsung; OOCL; Sinokor; SM Line; TS Lines; Wan Hai; Yang Ming",15,11,9238.333333333332,966.8333333333333,1000,5688,1,3,4,"{3,3,1,4}"
2024-12-29,CNXMN,Xiamen,KRPTK,Pyongtaek,1,1,"Dong Young; KMTC; Namsung",3,2,1005.5,,1000,1011,3,3,3,{3}
2024-12-29,CNXMN,Xiamen,KRPUS,Busan,3,3,"CK Line; CNC Line-Cheng Lie Navigation Co. Ltd.; Hyundai; KMTC; Namsung; ONE; RCL; Sinokor; SITC Shipping; TS Lines; ZIM",11,22,12172.466666666667,996.0833333333333,1585,10062,2,2,3,"{3,2,2}"
2024-12-29,CNXMN,Xiamen,PHMNN,"Manila North Harbor",1,1,"CMA CGM; CNC Line-Cheng Lie Navigation Co. Ltd.; COSCO",3,2,3085,566.5,2782,3388,3,3,3,{3}
2024-12-29,CNXMN,Xiamen,PHSFS,"Subic Bay",1,1,"SITC Shipping",1,4,2499.75,85,2433,2700,2,2,2,{2}
2024-12-29,CNXMN,Xiamen,RUVVO,Vladivostok,1,1,"Heung-A; Sinokor",2,3,1095,,1091,1103,6,6,6,{6}
2024-12-29,CNXMN,Xiamen,SGSIN,Singapore,2,2,"KMTC; MSC; ONE; SITC Shipping; Yang Ming",5,10,6038,829.9166666666666,2433,4268,4,5,6,"{6,4}"
2024-12-29,CNXMN,Xiamen,THLCH,"Laem Chabang",4,4,"CMA CGM; CNC Line-Cheng Lie Navigation Co. Ltd.; COSCO; Gold Star Line; Jin Jiang; KMTC; MSC; ONE; OOCL; TS Lines; Yang Ming; ZIM",12,14,10756.333333333334,1107.7333333333331,1608,4250,2,4,5,"{4,4,2,5}"
2024-12-29,CNXMN,Xiamen,TWKHH,Kaohsiung,3,3,"APL; CMA CGM; COSCO; Evergreen Line; Hapag-Lloyd; Hyundai; ONE; OOCL; Yang Ming",9,34,43209.86153846154,2153.4512820512823,5642,24136,1,1,1,"{1,1,1}"
2024-12-29,CNXMN,Xiamen,TWTPE,Taipei,1,1,"ONE; Wan Hai",2,8,10665.125,650,4532,13458,1,1,1,{1}
2024-12-29,CNXMN,Xiamen,USLAX,"Los Angeles CA",1,1,"Maersk Line; MSC",2,8,11130,775,9038,13092,14,14,14,{14}
2024-12-29,CNXMN,Xiamen,VNSGN,"Ho Chi Minh (VICT/Cat Lai)",5,5,"Gold Star Line; Maersk Line; OOCL; Sinotrans; SITC Shipping; Wan Hai; Yang Ming; ZIM",8,18,10680.25,985,1740,3055,3,3,4,"{3,3,4,3,3}"
2024-12-29,CNXMN,Xiamen,VNVUT,"Cai Mep",1,1,"Maersk Line; MSC",2,8,11130,775,9038,13092,8,8,8,{8}
2024-12-29,CNYGP,Yangpu,CNNSA,Nansha,1,1,COSCO,1,1,20642.85714285714,1942.857142857143,4250,4250,2,2,2,{2}
2024-12-29,CNYGP,Yangpu,CNSHA,Shanghai,1,1,"CMA CGM; CNC Line-Cheng Lie Navigation Co. Ltd.; COSCO",3,3,3513.6666666666665,366.6666666666667,2838,4253,4,4,4,{4}
2024-12-29,CNYGP,Yangpu,CNTXG,Xingang/Tianjin,1,1,"COSCO; OOCL",2,4,4151.25,388,4051,4253,5,5,5,{5}
2024-12-29,CNYGP,Yangpu,MYPKG,"Port Klang",1,1,COSCO,1,3,1730,200,1710,1740,4,4,4,{4}
2024-12-29,CNYGP,Yangpu,VNHPH,Haiphong,1,1,"CNC Line-Cheng Lie Navigation Co. Ltd.; COSCO",2,3,3644.5714285714284,315.42857142857144,4250,4253,0,0,0,{0}
2024-12-29,CNYNT,Yantai,CNDLC,Dalian,1,1,"COSCO; Sinotrans; SITC Shipping",3,2,869,120,831,907,1,1,1,{1}
2024-12-29,CNYNT,Yantai,CNTAO,Qingdao,2,2,"Namsung; PanCon; PanOcean; Sinokor; SITC Shipping",5,3,2036,254,1009,1043,1,1.5,2,"{1,2}"
2024-12-29,CNYNT,Yantai,CNTXG,Xingang/Tianjin,1,1,"CMA CGM; CNC Line-Cheng Lie Navigation Co. Ltd.; Easline Shipping; Heung-A",4,1,1728,236,1728,1728,2,2,2,{2}
2024-12-29,CNYNT,Yantai,JPOSA,Osaka,1,1,"COSCO; Sinotrans; SITC Shipping",3,1,542,200,542,542,3,3,3,{3}
2024-12-29,CNYNT,Yantai,JPTYO,Tokyo,2,2,"COSCO; Sinotrans; SITC Shipping",3,5,3006.666666666667,101.66666666666667,1040,1946,3,3.5,4,"{3,4}"
2024-12-29,CNYTN,Yantian,AUBNE,Brisbane,1,1,"Gold Star Line; MSC; ZIM",3,7,5091.857142857143,601.4285714285714,3586,6750,1,1,1,{1}
2024-12-29,CNYTN,Yantian,AUSYD,Sydney,2,2,"Evergreen Line; Hapag-Lloyd; Hyundai; Maersk Line; ONE",5,14,10631,1129.142857142857,4728,6478,12,12.5,13,"{12,13}"
2024-12-29,CNYTN,Yantian,CNNGB,Ningbo,7,7,"CMA CGM; CNC Line-Cheng Lie Navigation Co. Ltd.; COSCO; Evergreen Line; Hapag-Lloyd; Hyundai; Maersk Line; MSC; ONE; OOCL; SM Line; Yang Ming",12,66,66815.98523698525,4217.421814296815,4211,19154,2,4,5,"{4,4,5,4,3,3,2}"
2024-12-29,CNYTN,Yantian,CNNSA,Nansha,3,3,"COSCO; Evergreen Line; Maersk Line; OOCL; Yang Ming",5,13,6960.799999999999,1009.4000000000001,1378,2940,0,0,1,"{1,0,0}"
2024-12-29,CNYTN,Yantian,CNSHA,Shanghai,4,4,"Hapag-Lloyd; Hyundai; Maersk Line; MSC; ONE; Yang Ming; ZIM",7,42,41787.39102564102,3743.4444444444443,6258,13870,2,3,3,"{3,2,3,3}"
2024-12-29,CNYTN,Yantian,CNSHK,Shekou,2,2,"Hapag-Lloyd; MSC; Wan Hai",3,19,15519.692307692309,997.1153846153846,2207,13806,1,1,1,"{1,1}"
2024-12-29,CNYTN,Yantian,CNTAO,Qingdao,2,2,"CMA CGM; CNC Line-Cheng Lie Navigation Co. Ltd.; COSCO; Evergreen Line; Maersk Line; MSC; OOCL",7,30,47336.600000000006,1856.2666666666667,21413,24232,5,5,5,"{5,5}"
2024-12-29,CNYTN,Yantian,CNXMN,Xiamen,4,4,"APL; CMA CGM; CNC Line-Cheng Lie Navigation Co. Ltd.; COSCO; Evergreen Line; Maersk Line; MSC; OOCL; ZIM",9,41,43609.53846153846,3285.461538461539,7327,16000,1,2,2,"{2,2,2,1}"
2024-12-29,CNYTN,Yantian,ESALG,Algeciras,1,1,"Hapag-Lloyd; Hyundai; ONE; Yang Ming",4,16,20975.25,1343.75,13100,23964,33,33,33,{33}
2024-12-29,CNYTN,Yantian,HKHKG,"Hong Kong",9,9,"CMA CGM; COSCO; Evergreen Line; Hapag-Lloyd; Hyundai; Maersk Line; MSC; ONE; OOCL; PIL; Yang Ming",11,68,63871.699267399264,5726.704945054946,1774,24136,0,1,2,"{1,2,2,1,1,1,0,0,2}"
2024-12-29,CNYTN,Yantian,JPYOK,Yokohama,1,1,"Maersk Line",1,6,2797.3333333333335,373.3333333333333,2754,2806,4,4,4,{4}
2024-12-29,CNYTN,Yantian,KRPUS,Busan,2,2,"Hapag-Lloyd; Hyundai; Maersk Line; MSC; ONE; Yang Ming; ZIM",7,20,22007.67676767677,1775.959595959596,6258,14100,3,3,3,"{3,3}"
2024-12-29,CNYTN,Yantian,MYPGU,"Pasir Gudang, Johor",1,1,"Evergreen Line",1,4,2628,142.5,2476,2926,3,3,3,{3}
2024-12-29,CNYTN,Yantian,MYTPP,"Tanjung Pelepas",5,5,"Maersk Line; MSC",2,80,87219.70476190477,4417.842857142858,8772,24346,4,4,4,"{4,4,4,4,4}"
2024-12-29,CNYTN,Yantian,PAONX,Colon,1,1,"APL; CMA CGM; COSCO; Evergreen Line; OOCL",5,13,14094.46153846154,615.3846153846154,11000,15372,21,21,21,{21}
2024-12-29,CNYTN,Yantian,SGSIN,Singapore,10,10,"APL; CMA CGM; CNC Line-Cheng Lie Navigation Co. Ltd.; COSCO; Evergreen Line; Hapag-Lloyd; Hyundai; Maersk Line; MSC; ONE; OOCL; Yang Ming; ZIM",13,147,188628.405982906,9219.647619047619,2680,24232,3,4,6,"{4,4,4,3,3,4,6,5,4,3}"
2024-12-29,CNYTN,Yantian,TWKHH,Kaohsiung,5,5,"APL; CMA CGM; COSCO; Evergreen Line; Hapag-Lloyd; Hyundai; ONE; OOCL; PIL; Wan Hai; Yang Ming; ZIM",12,43,43977.066017316014,3279.402597402597,5590,14500,0,2,2,"{2,2,2,1,0}"
2024-12-29,CNYTN,Yantian,USHOU,"Houston TX",1,1,"APL; CMA CGM; COSCO; Evergreen Line; OOCL",5,10,8174,543,6402,8888,27,27,27,{27}
2024-12-29,CNYTN,Yantian,USLAX,"Los Angeles CA",5,5,"APL; CMA CGM; CNC Line-Cheng Lie Navigation Co. Ltd.; COSCO; Evergreen Line; Hapag-Lloyd; Hyundai; ONE; OOCL; Samudera; X-Press; Yang Ming; ZIM",13,56,51559.885869565216,3412.901185770751,5300,15536,13,15,16,"{14,13,16,15,16}"
2024-12-29,CNYTN,Yantian,USLGB,"Long Beach CA",1,1,"COSCO; OOCL",2,6,8611,720,8063,10020,14,14,14,{14}
2024-12-29,CNYTN,Yantian,USTIW,"Tacoma WA",1,1,"Hapag-Lloyd; Hyundai; ONE; Yang Ming",4,9,11200.222222222223,888.8888888888889,9954,12690,20,20,20,{20}
2024-12-29,CNYTN,Yantian,VNHPH,Haiphong,1,1,MSC,1,5,2981,487.2,2700,3534,2,2,2,{2}
2024-12-29,CNYTN,Yantian,VNVUT,"Cai Mep",4,4,"APL; CMA CGM; CNC Line-Cheng Lie Navigation Co. Ltd.; COSCO; Evergreen Line; Hapag-Lloyd; Hyundai; Maersk Line; MSC; ONE; OOCL; Yang Ming; ZIM",13,67,55603.1751552795,3309.059627329193,4392,24136,2,2.5,3,"{2,3,2,3}"
2024-12-29,CNZHA,Zhanjiang,CNNSA,Nansha,1,1,"CMA CGM; CNC Line-Cheng Lie Navigation Co. Ltd.",2,5,2101.2,416.4,1756,2822,1,1,1,{1}
2024-12-29,CNZHA,Zhanjiang,HKHKG,"Hong Kong",1,1,"Evergreen Line",1,4,1892.25,117,1792,1984,1,1,1,{1}
2024-12-29,CNZJG,Zhangjiagang,CNTAC,Taicang,1,1,"CK Line; KMTC; Sinokor",3,1,602,,602,602,1,1,1,{1}
2024-12-29,CNZJG,Zhangjiagang,KRPUS,Busan,2,2,"Namsung; Sinokor",2,2,1925,80,834,1091,1,1.5,2,"{2,1}"
2024-12-29,CNZPU,"Zhapu Pt",CNNGB,Ningbo,4,3,"COSCO; NBOSCO",2,12,4338,505.3333333333333,1049,1108,1,1,1,"{1,1,1,1}"
2024-12-29,CNZPU,"Zhapu Pt",CNTAC,Taicang,1,1,NBOSCO,1,3,1100,80,1100,1100,1,1,1,{1}
2024-12-29,CNZPU,"Zhapu Pt",JPHKT,Hakata,1,1,"COSCO; NBOSCO",2,3,1100,40,1100,1100,3,3,3,{3}
2024-12-29,COBAQ,Barranquilla,COCTG,Cartagena,3,3,"Caribbean Feeder; CMA CGM; COSCO; Evergreen Line; Hapag-Lloyd; Maersk Line; ONE; OOCL; Seaboard Marine; X-Press; ZIM",11,6,4516.166666666667,682,1020,1781,1,1,1,"{1,1,1}"
2024-12-29,COBAQ,Barranquilla,PAMIT,Manzanillo,1,1,"APL; CMA CGM",2,1,1841,462,1841,1841,1,1,1,{1}
2024-12-29,COBAQ,Barranquilla,USPEF,"Port Everglades FL",1,1,"King Ocean",1,2,1484,,1484,1484,5,5,5,{5}
2024-12-29,COBUN,Buenaventura,ECGYE,Guayaquil,2,2,"CMA CGM; COSCO; King Ocean; ONE; X-Press; ZIM",6,8,3919.5,965.3333333333334,1341,2824,2,2,2,"{2,2}"
2024-12-29,COBUN,Buenaventura,ECPSJ,"Puerto de Posorja",1,1,"CMA CGM; COSCO; Hapag-Lloyd; Maersk Line; OOCL",5,10,10185.2,1502,9010,11519,2,2,2,{2}
2024-12-29,COBUN,Buenaventura,PABLB,Balboa,1,1,"Maersk Line",1,9,4210.666666666667,1103,4045,4258,1,1,1,{1}
2024-12-29,COBUN,Buenaventura,PAROD,Rodman,1,1,"Hapag-Lloyd; Hyundai; MSC; ONE",4,13,10344.153846153846,1178.4615384615386,8553,13280,3,3,3,{3}
2024-12-29,COBUN,Buenaventura,PECLL,Callao,5,5,"APL; CMA CGM; CNC Line-Cheng Lie Navigation Co. Ltd.; COSCO; Evergreen Line; Hapag-Lloyd; Hyundai; MSC; ONE; OOCL; PIL; Wan Hai; Yang Ming",13,58,52025.603196803204,4741.378421578422,3889,16520,3,4,4,"{3,4,3,4,4}"
2024-12-29,COBUN,Buenaventura,PEPAI,Paita,1,1,"APL; CMA CGM; COSCO; Marfret",4,9,6829.555555555556,1431.7777777777778,6014,7327,2,2,2,{2}
2024-12-29,COBUN,Buenaventura,PESVY,Salaverry,1,1,Hapag-Lloyd,1,8,2728.125,569.75,2586,2837,2,2,2,{2}
2024-12-29,COCTG,Cartagena,BRSSZ,Santos,2,2,"CMA CGM; COSCO; Maersk Line; MSC",4,16,12249.5,1225.5,4532,7849,12,12,12,"{12,12}"
2024-12-29,COCTG,Cartagena,BRSUA,Suape,1,1,"Hapag-Lloyd; Maersk Line; MSC; ONE",4,9,6624.444444444444,609,5642,7179,10,10,10,{10}
2024-12-29,COCTG,Cartagena,COBAQ,Barranquilla,2,2,"APL; CMA CGM; King Ocean",3,3,3325,462,1484,1841,1,1,1,"{1,1}"
2024-12-29,COCTG,Cartagena,COBUN,Buenaventura,3,3,"APL; CMA CGM; COSCO; Hapag-Lloyd; Marfret; ONE",6,23,12136.180555555555,2535.8611111111113,2339,7327,3,3,4,"{3,3,4}"
2024-12-29,COCTG,Cartagena,COSMR,"Santa Marta",3,3,"CMA CGM; Evergreen Line; Maersk Line; Marfret; Seaboard Marine",5,9,7147.833333333334,1302,1708,4045,1,1,1,"{1,1,1}"
2024-12-29,COCTG,Cartagena,COTRB,Turbo,1,1,"Maersk Line",1,3,3947,1000,3947,3947,2,2,2,{2}
2024-12-29,COCTG,Cartagena,CWWIL,Willemstad,1,1,"Caribbean Feeder; CMA CGM; COSCO; Hapag-Lloyd; ONE; OOCL; Seaboard Marine; X-Press; ZIM",9,3,1052.6666666666667,180,1020,1118,2,2,2,{2}
2024-12-29,COCTG,Cartagena,DOCAU,Caucedo,4,4,"CMA CGM; COSCO; Evergreen Line; Hapag-Lloyd; Maersk Line; MSC; ONE; OOCL; Yang Ming",9,24,23631.745454545457,3132,2529,11519,1,2,2,"{2,2,2,1}"
2024-12-29,COCTG,Cartagena,ESALG,Algeciras,1,1,"APL; CMA CGM; COSCO; Marfret",4,9,6829.555555555556,1431.7777777777778,6014,7327,10,10,10,{10}
2024-12-29,COCTG,Cartagena,ESVGO,Vigo,1,1,Hapag-Lloyd,1,8,2728.125,569.75,2586,2837,10,10,10,{10}
2024-12-29,COCTG,Cartagena,HNPCR,"Puerto Cortes",1,1,"CMA CGM; Maersk Line",2,3,2226.3333333333335,451.3333333333333,1841,2578,3,3,3,{3}
2024-12-29,COCTG,Cartagena,JMKIN,Kingston,7,7,"Caribbean Feeder; CMA CGM; CNC Line-Cheng Lie Navigation Co. Ltd.; COSCO; Hapag-Lloyd; Maersk Line; ONE; OOCL; Seaboard Marine; X-Press; ZIM",11,45,31272.333333333336,2851.833333333333,1020,13566,1,1,4,"{2,1,1,4,1,1,1}"
2024-12-29,COCTG,Cartagena,KRPUS,Busan,1,1,"Hapag-Lloyd; Hyundai; ONE; Yang Ming",4,12,13277.083333333334,850,12552,13470,21,21,21,{21}
2024-12-29,COCTG,Cartagena,MXVER,Veracruz,1,1,"Hapag-Lloyd; Maersk Line; MSC; ONE",4,9,6624.444444444444,609,5642,7179,4,4,4,{4}
2024-12-29,COCTG,Cartagena,PACTB,Cristobal,2,2,"Maersk Line; MSC; ONE; ZIM",4,12,8997,1197.25,2556,7849,1,1,1,"{1,1}"
2024-12-29,COCTG,Cartagena,PAMIT,Manzanillo,5,5,"Caribbean Feeder; CMA CGM; COSCO; Evergreen Line; Hapag-Lloyd; Maersk Line; OOCL; Seaboard Marine; X-Press; ZIM",10,26,20820.86666666667,3528.75,1080,11519,1,1,2,"{1,1,1,2,1}"
2024-12-29,COCTG,Cartagena,PAONX,Colon,1,1,MSC,1,9,9300,1306.888888888889,8800,11037,1,1,1,{1}
2024-12-29,COCTG,Cartagena,PAROD,Rodman,1,1,"CMA CGM; Hapag-Lloyd; ONE; Yang Ming",4,11,4908.545454545455,330,4882,5014,1,1,1,{1}
2024-12-29,COCTG,Cartagena,USPEF,"Port Everglades FL",1,1,"CMA CGM; COSCO; ONE",3,6,2578.5,534.3333333333334,2339,2824,2,2,2,{2}
2024-12-29,COCTG,Cartagena,USPHL,"Philadelphia PA",1,1,"Hapag-Lloyd; Maersk Line; MSC",3,11,3409.090909090909,807.4545454545454,3075,3752,5,5,5,{5}
2024-12-29,COCTG,Cartagena,VELAG,"La Guaira",2,2,"Caribbean Feeder; Hapag-Lloyd; Maersk Line; MSC; X-Press",5,3,7362,1427,2122,2524,1,1.5,2,"{2,1}"
2024-12-29,COCTG,Cartagena,VEPBL,"Puerto Cabello",1,1,"Maersk Line; MSC",2,1,4980,,2490,2490,2,2,2,{2}
2024-12-29,COSMR,"Santa Marta",COTRB,Turbo,1,1,Dole,1,5,299,55.6,264,439,2,2,2,{2}
2024-12-29,COSMR,"Santa Marta",CRLIO,"Puerto Limon",1,1,Hapag-Lloyd,1,7,2690.714285714286,700,2572,2854,2,2,2,{2}
2024-12-29,COSMR,"Santa Marta",CRMOB,Moin,1,1,Dole,1,1,4092,1980,2046,2046,1,1,1,{1}
2024-12-29,COSMR,"Santa Marta",DOHAI,"Rio Haina",1,1,"Seaboard Marine",1,2,1755.5,300,1730,1781,2,2,2,{2}
2024-12-29,COSMR,"Santa Marta",DOMAN,"Manzanillo, Dom Rep",1,1,"Geest Line; Seatrade; StreamLines",3,5,463.2,189.6,436,564,2,2,2,{2}
2024-12-29,COSMR,"Santa Marta",GBSOU,Southampton,1,1,"Maersk Line",1,7,2594.285714285714,575.7142857142857,2530,2872,11,11,11,{11}
2024-12-29,COSMR,"Santa Marta",HNPCA,"Puerto Castilla",1,1,Dole,1,1,5744,1060,2872,2872,2,2,2,{2}
2024-12-29,COSMR,"Santa Marta",MQFDF,Fort-de-France,1,1,"CMA CGM; Marfret",2,6,3684.3333333333335,800,3504,4045,3,3,3,{3}
2024-12-29,COSMR,"Santa Marta",PAONX,Colon,1,1,"Evergreen Line; Maersk Line",2,1,1708,202,1708,1708,1,1,1,{1}
2024-12-29,COTRB,Turbo,COCTG,Cartagena,1,1,"APL; CMA CGM",2,1,1841,462,1841,1841,3,3,3,{3}
2024-12-29,COTRB,Turbo,COSMR,"Santa Marta",2,2,"Geest Line; Maersk Line; Seatrade; StreamLines",4,12,3057.485714285714,765.3142857142857,436,2872,2,2,2,"{2,2}"
2024-12-29,COTRB,Turbo,CRMOB,Moin,1,1,Dole,1,5,299,55.6,264,439,2,2,2,{2}
2024-12-29,COTRB,Turbo,PAMIT,Manzanillo,1,1,"Maersk Line",1,3,3947,1000,3947,3947,1,1,1,{1}
2024-12-29,CRCAL,"Puerto Caldera",GTPRQ,"Puerto Quetzal",4,4,"APL; CMA CGM; Dole; Hapag-Lloyd; Maersk Line; MSC; ONE",7,15,8996.5,2529,1312,3500,1,1,1,"{1,1,1,1}"
2024-12-29,CRCAL,"Puerto Caldera",NICIO,Corinto,1,1,"COSCO; Evergreen Line; OOCL",3,4,2516.25,431.5,2339,2634,2,2,2,{2}
2024-12-29,CRCAL,"Puerto Caldera",PABLB,Balboa,1,1,"COSCO; Evergreen Line; OOCL",3,4,2516.25,431.5,2339,2634,3,3,3,{3}
2024-12-29,CRLIO,"Puerto Limon",COCTG,Cartagena,1,1,Hapag-Lloyd,1,8,2728.125,569.75,2586,2837,1,1,1,{1}
2024-12-29,CRLIO,"Puerto Limon",DOCAU,Caucedo,1,1,Hapag-Lloyd,1,7,2690.714285714286,700,2572,2854,2,2,2,{2}
2024-12-29,CRMOB,Moin,BEANR,Antwerp,1,1,"Ellerman; MSC",2,9,4294,1266.6666666666667,4112,4931,12,12,12,{12}
2024-12-29,CRMOB,Moin,COCTG,Cartagena,2,2,"APL; CMA CGM; COSCO; Marfret",4,15,10513.888888888889,2231.777777777778,3504,7327,1,1.5,2,"{1,2}"
2024-12-29,CRMOB,Moin,GBSOU,Southampton,1,1,"Maersk Line",1,7,2566.8571428571427,501.42857142857144,2506,2602,13,13,13,{13}
2024-12-29,CRMOB,Moin,HNPCA,"Puerto Castilla",2,2,Dole,1,2,9836,3040,2046,2872,1,1,1,"{1,1}"
2024-12-29,CRMOB,Moin,HNPCR,"Puerto Cortes",1,1,"COSCO; Evergreen Line; OOCL; Seaboard Marine; X-Press; ZIM",6,2,1188,305,1080,1296,2,2,2,{2}
2024-12-29,CRMOB,Moin,PACTB,Cristobal,1,1,MSC,1,3,3347,710,2872,3739,6,6,6,{6}
2024-12-29,CRMOB,Moin,PAMIT,Manzanillo,4,4,"Crowley; King Ocean; Maersk Line; Seaboard Marine",4,15,8607.619047619048,1843.7142857142858,1284,3716,0,1,2,"{1,2,0,1}"
2024-12-29,CRMOB,Moin,PAPAM,Almirante,1,1,"Great White Fleet",1,3,1841,462,1841,1841,0,0,0,{0}
2024-12-29,CRMOB,Moin,PRSJU,"San Juan PR",1,1,Dole,1,5,299,55.6,264,439,3,3,3,{3}
2024-12-29,CRMOB,Moin,USPEF,"Port Everglades FL",1,1,"Crowley; King Ocean; Seaboard Marine",3,2,1290,390,1284,1296,3,3,3,{3}
2024-12-29,CRMOB,Moin,USPHL,"Philadelphia PA",1,1,"Maersk Line",1,3,3947,1000,3947,3947,5,5,5,{5}
2024-12-29,CRMOB,Moin,USTPA,"Tampa FL",2,2,SeacatLine,1,3,1065,,467,598,3,4,5,"{5,3}"
2024-12-29,CUMAR,Mariel,CUMOA,Moa,1,1,Nirint,1,3,2404.5714285714284,288,894,1368,2,2,2,{2}
2024-12-29,CUMAR,Mariel,GTSTC,"Santo Tomas de Castilla",1,1,Crowley,1,2,972,85,972,972,1,1,1,{1}
2024-12-29,CUMAR,Mariel,JMKIN,Kingston,1,1,"Seaboard Marine",1,2,2186.5,310.5,1809,2564,3,3,3,{3}
2024-12-29,CUMAR,Mariel,PAMIT,Manzanillo,1,1,Hapag-Lloyd,1,1,5058,800,2529,2529,3,3,3,{3}
2024-12-29,CUMOA,Moa,CAHAL,Halifax,1,1,Nirint,1,3,2404.5714285714284,288,894,1368,5,5,5,{5}
2024-12-29,CUSCU,"Santiago de Cuba",JMKIN,Kingston,1,1,"CMA CGM",1,1,3412,600,1706,1706,8,8,8,{8}
2024-12-29,CVRAI,Praia,CVVXE,"St Vincente",2,2,"GS Lines",1,2,11712,1385.142857142857,1708,1708,1,1,1,"{1,1}"
2024-12-29,CVVXE,"St Vincente",ESALG,Algeciras,1,1,"GS Lines",1,1,4880,577.1428571428571,1708,1708,5,5,5,{5}
2024-12-29,CVVXE,"St Vincente",GWOXB,Bissau,1,1,"GS Lines",1,1,6832,808,1708,1708,2,2,2,{2}
2024-12-29,CWWIL,Willemstad,AWORJ,Aruba,1,1,"Caribbean Feeder; CMA CGM; COSCO; Hapag-Lloyd; ONE; OOCL; Seaboard Marine; X-Press; ZIM",9,3,1052.6666666666667,180,1020,1118,0,0,0,{0}
2024-12-29,CWWIL,Willemstad,BQKRA,Bonaire,1,1,"King Ocean",1,2,1484,,1484,1484,1,1,1,{1}
2024-12-29,CWWIL,Willemstad,COTRB,Turbo,1,1,"Geest Line; Seatrade; StreamLines",3,5,463.2,189.6,436,564,2,2,2,{2}
2024-12-29,CYLMS,Limassol,EGALY,Alexandria,3,3,"Borchard Lines Ltd; Maersk Line; MSC",3,9,4837.083333333333,757.1666666666666,660,2825,1,1,1,"{1,1,1}"
2024-12-29,CYLMS,Limassol,EGDAM,Damietta,2,2,"CMA CGM; ONE; Yang Ming",3,5,3782.5714285714284,729.3928571428571,1118,2190,1,1,1,"{1,1}"
2024-12-29,CYLMS,Limassol,EGPSD,"Port Said",2,2,"CMA CGM; COSCO; OOCL",3,4,2110.5,266.5,847,1574,1,1.5,2,"{1,2}"
2024-12-29,CYLMS,Limassol,GRLAV,Lavrio,1,1,Salamis,1,1,608,,608,608,2,2,2,{2}
2024-12-29,CYLMS,Limassol,GRPIR,Piraeus,2,2,"Blue Ice Lines; Maersk Line; OOCL; Unifeeder; ZIM",5,2,4348,750,868,1740,1,2,3,"{1,3}"
2024-12-29,CYLMS,Limassol,GRSKG,Thessaloniki,1,1,Salamis,1,1,507,80,507,507,2,2,2,{2}
2024-12-29,CYLMS,Limassol,ILASH,Ashdod,3,3,"Borchard Lines Ltd; Grimaldi Lines; Salamis",3,8,2743,370.33333333333337,700,1216,1,1,1,"{1,1,1}"
2024-12-29,CYLMS,Limassol,ILHFA,Haifa,4,4,"Borchard Lines Ltd; Salamis",2,8,2683,409.4,507,868,1,1,1,"{1,1,1,1}"
2024-12-29,CYLMS,Limassol,ITRAN,Ravenna,1,1,"Borchard Lines Ltd",1,2,666,116,660,672,4,4,4,{4}
2024-12-29,CYLMS,Limassol,LBBEY,Beirut,2,2,"CMA CGM; COSCO; Evergreen Line; MSC; OOCL; Tarros; Unimed Feeder Services-UFS; X-Press",8,6,3768.75,552.5,1118,2926,1,1,1,"{1,1}"
2024-12-29,DEBRE,Bremen,ESBIO,Bilbao,1,1,Stinnes,1,3,3193.047619047619,208,771,904,3,3,3,{3}
2024-12-29,DEBRV,Bremerhaven,BEANR,Antwerp,8,8,"Borchard Lines Ltd; CMA CGM; COSCO; Hapag-Lloyd; Maersk Line; MSC; OOCL; Turkon; WEC Lines; ZIM",10,74,62960.51025641025,6166.154822954823,3003,19224,1,1,3,"{1,1,2,1,1,1,2,3}"
2024-12-29,DEBRV,Bremerhaven,DEHAM,Hamburg,12,11,"CMA CGM; COSCO; Ellerman; Evergreen Line; Hapag-Lloyd; Maersk Line; MSC; OOCL; Unifeeder; X-Press; Yang Ming",11,31,16704.6,3706.1,750,4931,1,1,3,"{2,2,3,1,1,1,1,1,1,1,1,1}"
2024-12-29,DEBRV,Bremerhaven,DEWVN,Wilhelmshaven,2,2,"CMA CGM; COSCO; Evergreen Line; Hapag-Lloyd; Maersk Line; MSC; ONE; OOCL; Unifeeder",9,17,20232,998.5,1008,20568,0,0.5,1,"{1,0}"
2024-12-29,DEBRV,Bremerhaven,EETLL,"Tallinn Estonia",1,1,"CMA CGM; COSCO; Evergreen Line; Hapag-Lloyd; OOCL; Unifeeder",6,5,1031.6,249.6,1025,1036,3,3,3,{3}
2024-12-29,DEBRV,Bremerhaven,ESALG,Algeciras,1,1,"Hapag-Lloyd; Maersk Line; Marguisa; ONE",4,9,7016.444444444444,1413.7777777777778,6589,7164,5,5,5,{5}
2024-12-29,DEBRV,Bremerhaven,FRLEH,"Le Havre",3,3,"APL; CMA CGM; COSCO; Evergreen Line; Hapag-Lloyd; MSC; OOCL; Stinnes",8,21,23654.71111111111,2156.022222222222,3832,13208,1,1,2,"{1,2,1}"
2024-12-29,DEBRV,Bremerhaven,GBFXT,Felixstowe,1,1,"Maersk Line",1,2,3596,600,3596,3596,3,3,3,{3}
2024-12-29,DEBRV,Bremerhaven,MXVER,Veracruz,3,3,"Maersk Line; MSC",2,19,9947.342857142856,1597.142857142857,2506,5059,13,14,16,"{14,16,13}"
2024-12-29,DEBRV,Bremerhaven,NLRTM,Rotterdam,4,4,"CMA CGM; COSCO; Evergreen Line; Hapag-Lloyd; Maersk Line; MSC; OOCL; Unifeeder",8,26,23068.999999999996,1423.4666666666667,877,20568,1,1,2,"{1,1,2,1}"
2024-12-29,DEBRV,Bremerhaven,NOEGE,Egersund,1,1,"CMA CGM; Maersk Line; North Sea Container Line",3,1,957,252,957,957,3,3,3,{3}
2024-12-29,DEBRV,Bremerhaven,NOKRS,Kristiansand,1,1,MSC,1,1,957,252,957,957,1,1,1,{1}
2024-12-29,DEBRV,Bremerhaven,NOMSS,Moss,1,1,"CMA CGM; COSCO; Maersk Line; OOCL; Unifeeder",5,1,1008,238,1008,1008,1,1,1,{1}
2024-12-29,DEBRV,Bremerhaven,PLGDN,Gdansk,2,2,"CMA CGM; Maersk Line; MSC",3,17,20611.6,1383.8666666666668,2126,20568,2,2.5,3,"{3,2}"
2024-12-29,DEBRV,Bremerhaven,SEGOT,Gothenburg,1,1,"Maersk Line; MSC",2,16,19224,764.5,15150,20568,2,2,2,{2}
2024-12-29,DEBRV,Bremerhaven,SEHEL,Helsingborg,1,1,"Eimskip; Royal Arctic Line",2,3,2148,500,2148,2148,2,2,2,{2}
2024-12-29,DEBRV,Bremerhaven,USCHS,"Charleston SC",1,1,"APL; CMA CGM; COSCO; Evergreen Line; OOCL",5,7,6458.428571428572,614.2857142857143,5920,7092,13,13,13,{13}
2024-12-29,DEBRV,Bremerhaven,USNYC,"New York NY/NJ",1,1,"Maersk Line; MSC",2,7,5721,592.8571428571429,5550,6572,9,9,9,{9}
2024-12-29,DEBRV,Bremerhaven,USORF,"Norfolk VA",1,1,"Maersk Line; MSC",2,6,4450.666666666667,575,4154,4658,10,10,10,{10}
2024-12-29,DEHAM,Hamburg,BEANR,Antwerp,16,16,"ACL-Atlantic Container Line; ANL; APL; CMA CGM; COSCO; Hapag-Lloyd; Hyundai; MACS; Maersk Line; MSC; ONE; OOCL; WEC Lines; Yang Ming; ZIM",15,160,143113.94515288633,9817.303016591253,1008,24136,1,1,2,"{1,1,1,2,1,1,2,1,1,1,2,2,1,2,2,2}"
2024-12-29,DEHAM,Hamburg,BEZEE,Zeebrugge,1,1,"Ellerman; MSC",2,9,4294,1266.6666666666667,4112,4931,2,2,2,{2}
2024-12-29,DEHAM,Hamburg,BRVIX,Vitoria,1,1,"Grimaldi Lines",1,4,2642,,1321,1321,17,17,17,{17}
2024-12-29,DEHAM,Hamburg,CAMTR,Montreal,1,1,"Hapag-Lloyd; OOCL",2,6,3549.8333333333335,383.3333333333333,4043,4402,22,22,22,{22}
2024-12-29,DEHAM,Hamburg,COCTG,Cartagena,1,1,"Maersk Line",1,8,3209,791.75,3075,4132,14,14,14,{14}
2024-12-29,DEHAM,Hamburg,DEBRV,Bremerhaven,8,8,"Borchard Lines Ltd; CMA CGM; COSCO; Hapag-Lloyd; Maersk Line; MSC; OOCL; Turkon; Unifeeder; WEC Lines; ZIM",11,52,46644.26263736264,5666.559584859585,1008,12846,0,1,1,"{1,1,1,1,1,1,0,1}"
2024-12-29,DEHAM,Hamburg,DEWVN,Wilhelmshaven,5,5,"CMA CGM; COSCO; Evergreen Line; Hapag-Lloyd; ONE; OOCL; Unifeeder",7,11,8994.261904761903,952.7142857142857,660,6921,0,1,1,"{0,1,1,1,1}"
2024-12-29,DEHAM,Hamburg,DKCPH,Copenhagen,1,1,"CMA CGM; COSCO; Hapag-Lloyd; Maersk Line; OOCL; Unifeeder",6,1,868,150,868,868,1,1,1,{1}
2024-12-29,DEHAM,Hamburg,DKFRC,Fredericia,2,2,"CMA CGM; COSCO; Evergreen Line; Hapag-Lloyd; ONE; OOCL; Unifeeder",7,2,2093,484,1008,1085,1,1.5,2,"{1,2}"
2024-12-29,DEHAM,Hamburg,FIKTK,Kotka,1,1,"CMA CGM; COSCO",2,2,2126,650,2126,2126,3,3,3,{3}
2024-12-29,DEHAM,Hamburg,FIRAU,"Rauma Finland",1,1,"CMA CGM",1,2,1000,,1000,1000,6,6,6,{6}
2024-12-29,DEHAM,Hamburg,FRLEH,"Le Havre",2,2,"ANL; APL; CMA CGM; COSCO; Evergreen Line; Grimaldi Lines; Hapag-Lloyd; Hyundai; ONE; OOCL; Yang Ming",11,22,11633.323308270676,792,1321,9040,1,2,3,"{1,3}"
2024-12-29,DEHAM,Hamburg,GBIMM,Immingham,1,1,"CMA CGM; Unifeeder",2,2,945.5,188,917,974,2,2,2,{2}
2024-12-29,DEHAM,Hamburg,GBTIL,Tilbury,1,1,"Grimaldi Lines",1,6,1768.6666666666667,,612,2000,2,2,2,{2}
2024-12-29,DEHAM,Hamburg,LTKLJ,"Klaipeda
",3,3,"CMA CGM; COSCO; Evergreen Line; Hapag-Lloyd; OOCL; Unifeeder",6,8,4390.028571428571,837.8142857142858,1025,1781,2,3,4,"{3,2,4}"
2024-12-29,DEHAM,Hamburg,LVRIX,Riga,2,2,"CMA CGM; COSCO; Evergreen Line; Hapag-Lloyd; Maersk Line; OOCL; Unifeeder",7,8,2338.6,376.26666666666665,1025,1578,3,3,3,"{3,3}"
2024-12-29,DEHAM,Hamburg,MTMAR,"Malta (Marsaxlokk)",1,1,"CMA CGM; ONE",2,6,4290.666666666667,500,4250,4363,9,9,9,{9}
2024-12-29,DEHAM,Hamburg,NLRTM,Rotterdam,8,8,"APL; CMA CGM; CNC Line-Cheng Lie Navigation Co. Ltd.; COSCO; Evergreen Line; Hapag-Lloyd; ONE; OOCL; Unifeeder; X-Press; Yang Ming",11,52,52152.14761904762,2656.4095238095238,809,24000,1,1,2,"{2,1,1,1,2,1,1,1}"
2024-12-29,DEHAM,Hamburg,NODRM,Drammen,1,1,"CMA CGM; COSCO; Evergreen Line; Hapag-Lloyd; Maersk Line; OOCL; Unifeeder",7,1,868,300,868,868,2,2,2,{2}
2024-12-29,DEHAM,Hamburg,NOSVG,Stavanger,1,1,"CMA CGM; North Sea Container Line",2,1,384,90,384,384,1,1,1,{1}
2024-12-29,DEHAM,Hamburg,PLGDN,Gdansk,1,1,MSC,1,21,14385.666666666666,932.4761904761905,8772,19224,3,3,3,{3}
2024-12-29,DEHAM,Hamburg,PLGDY,"Gdynia Poland",4,4,"CMA CGM; COSCO; Evergreen Line; Hapag-Lloyd; Maersk Line; ONE; OOCL; Unifeeder; Yang Ming",9,7,4865,982.6666666666666,822,1578,2,2.5,4,"{3,4,2,2}"
2024-12-29,DEHAM,Hamburg,PLSZZ,Szczecin,1,1,"CMA CGM; Maersk Line; OOCL; Unifeeder",4,1,750,150,750,750,2,2,2,{2}
2024-12-29,DEHAM,Hamburg,SEGOT,Gothenburg,1,1,"CMA CGM; COSCO; OOCL; X-Press; Yang Ming",5,1,1008,234,1008,1008,2,2,2,{2}
2024-12-29,DEHAM,Hamburg,SEHAD,Halmstad,1,1,"CMA CGM; COSCO; Evergreen Line; Maersk Line; OOCL; Unifeeder",6,1,868,234,868,868,1,1,1,{1}
2024-12-29,DEHAM,Hamburg,SEMMA,Malmo,1,1,"CMA CGM; ONE; X-Press",3,1,658,100,658,658,2,2,2,{2}
2024-12-29,DEHAM,Hamburg,USCHS,"Charleston SC",1,1,"Hapag-Lloyd; ONE; Yang Ming",3,5,6921,486,6921,6921,8,8,8,{8}
2024-12-29,DEHAM,Hamburg,USNYC,"New York NY/NJ",1,1,"ACL-Atlantic Container Line; Hapag-Lloyd; ONE; Yang Ming",4,5,6664,629.2,5962,6969,9,9,9,{9}
2024-12-29,DEKEL,Kiel,SEMMA,Malmo,1,1,"SCA Logistics",1,3,36,,36,36,1,1,1,{1}
2024-12-29,DEKEL,Kiel,SEUME,Umea,1,1,"SCA Logistics",1,3,36,,36,36,2,2,2,{2}
2024-12-29,DELBC,Lubeck,BEANR,Antwerp,1,1,MSC,1,2,1026,197.5,956,1096,4,4,4,{4}
2024-12-29,DEWVN,Wilhelmshaven,DEBRV,Bremerhaven,2,1,"CMA CGM; COSCO; Evergreen Line; Hapag-Lloyd; Maersk Line; OOCL; Unifeeder",7,6,2614,253.33333333333334,1036,1578,1,1,1,"{1,1}"
2024-12-29,DEWVN,Wilhelmshaven,DEHAM,Hamburg,2,2,"CMA CGM; COSCO; Evergreen Line; Hapag-Lloyd; ONE; OOCL; Unifeeder",7,2,2093,484,1008,1085,2,2,2,"{2,2}"
2024-12-29,DEWVN,Wilhelmshaven,DKCPH,Copenhagen,1,1,"CMA CGM",1,1,1000,,1000,1000,1,1,1,{1}
2024-12-29,DEWVN,Wilhelmshaven,MAPTM,Tanger,1,1,"Maersk Line; MSC",2,16,19224,764.5,15150,20568,5,5,5,{5}
2024-12-29,DEWVN,Wilhelmshaven,MXVER,Veracruz,1,1,"Hapag-Lloyd; ONE",2,6,5884.333333333333,486,4890,6921,12,12,12,{12}
2024-12-29,DEWVN,Wilhelmshaven,NLRTM,Rotterdam,1,1,"Hapag-Lloyd; Hyundai; ONE; Yang Ming",4,15,18566.333333333332,1173.3333333333333,13792,20150,1,1,1,{1}
2024-12-29,DEWVN,Wilhelmshaven,PLGDY,"Gdynia Poland",1,1,Hapag-Lloyd,1,2,373.92857142857144,82.71428571428571,660,1085,1,1,1,{1}
2024-12-29,DEWVN,Wilhelmshaven,SEGOT,Gothenburg,1,1,"CMA CGM; COSCO; Evergreen Line; Hapag-Lloyd; OOCL; Unifeeder",6,1,868,150,868,868,0,0,0,{0}
2024-12-29,DEWVN,Wilhelmshaven,SEHEL,Helsingborg,1,1,"CMA CGM; COSCO; Evergreen Line; Hapag-Lloyd; Unifeeder",5,1,868,234,868,868,1,1,1,{1}
2024-12-29,DEWVN,Wilhelmshaven,SGSIN,Singapore,1,1,"CMA CGM; CNC Line-Cheng Lie Navigation Co. Ltd.; COSCO; Evergreen Line; OOCL",5,15,23547.533333333333,300,21413,24188,36,36,36,{36}
2024-12-29,DJJIB,Djibouti,AEJEA,"Dubai, Jebel Ali",1,1,"CMA CGM; Global Feeder Shipping; Hapag-Lloyd",3,3,2501,266.6666666666667,2452,2550,7,7,7,{7}
2024-12-29,DJJIB,Djibouti,INMUN,Mundra,1,1,Messina,1,3,9916.190476190475,685.7142857142857,1600,4406,5,5,5,{5}
2024-12-29,DJJIB,Djibouti,OMSLL,Salalah,1,1,MSC,1,4,4494,,4494,4494,2,2,2,{2}
2024-12-29,DJJIB,Djibouti,SAJED,Jeddah,4,4,"APL; CMA CGM; CNC Line-Cheng Lie Navigation Co. Ltd.; Feedertech; OOCL; PIL",6,22,15255.666666666666,946.5833333333333,1808,6606,1,2,4,"{4,1,1,3}"
2024-12-29,DJJIB,Djibouti,SGSIN,Singapore,2,2,"APL; CMA CGM; CNC Line-Cheng Lie Navigation Co. Ltd.; OOCL; PIL",5,16,11075,339.25,4211,6606,10,10.5,11,"{11,10}"
2024-12-29,DJJIB,Djibouti,YEHOD,Hodeidah,4,4,"CMA CGM; Hapag-Lloyd; Maersk Line; PIL",4,6,8993.142857142857,729.2857142857142,1118,1865,1,1.5,5,"{5,1,2,1}"
2024-12-29,DKAAL,Aalborg,DEHAM,Hamburg,1,1,"CMA CGM; COSCO; Evergreen Line; Maersk Line; OOCL; Unifeeder",6,1,868,234,868,868,2,2,2,{2}
2024-12-29,DKAAL,Aalborg,NOFRK,Fredrikstad,1,1,"CMA CGM; COSCO; Hapag-Lloyd; Maersk Line; OOCL; Unifeeder",6,1,868,150,868,868,0,0,0,{0}
2024-12-29,DKAAR,Aarhus,DEBRV,Bremerhaven,2,2,"CMA CGM; COSCO; Evergreen Line; Hapag-Lloyd; Maersk Line; MSC; ONE; OOCL; Unifeeder",9,17,20232,998.5,1008,20568,1,1.5,2,"{2,1}"
2024-12-29,DKAAR,Aarhus,DKCPH,Copenhagen,1,1,"ONE; Yang Ming",2,2,1610.5,237,1440,1781,1,1,1,{1}
2024-12-29,DKAAR,Aarhus,DKFRC,Fredericia,1,1,MSC,1,1,1730,200,1730,1730,1,1,1,{1}
2024-12-29,DKAAR,Aarhus,FOTHO,Thorshavn,2,2,Eimskip,1,2,3146,700,698,875,2,2,2,"{2,2}"
2024-12-29,DKAAR,Aarhus,ISREY,Reykjavik,1,1,"Eimskip; Royal Arctic Line",2,3,2148,500,2148,2148,4,4,4,{4}
2024-12-29,DKAAR,Aarhus,SEGOT,Gothenburg,1,1,"CMA CGM; COSCO; Evergreen Line; Maersk Line; OOCL; Unifeeder",6,1,868,234,868,868,1,1,1,{1}
2024-12-29,DKCPH,Copenhagen,BEANR,Antwerp,2,2,"MSC; ONE; Yang Ming",3,3,3012.5,487,1402,1781,2,2.5,3,"{3,2}"
2024-12-29,DKCPH,Copenhagen,DEHAM,Hamburg,2,2,"CMA CGM; COSCO; Evergreen Line; Hapag-Lloyd; Unifeeder",5,2,1868,234,868,1000,1,2.5,4,"{4,1}"
2024-12-29,DKCPH,Copenhagen,DKAAL,Aalborg,1,1,"CMA CGM; COSCO; Hapag-Lloyd; Maersk Line; OOCL; Unifeeder",6,1,868,150,868,868,0,0,0,{0}
2024-12-29,DKFRC,Fredericia,BEANR,Antwerp,1,1,MSC,1,1,1730,200,1730,1730,2,2,2,{2}
2024-12-29,DKFRC,Fredericia,DKAAR,Aarhus,1,1,"CMA CGM; COSCO; Evergreen Line; Hapag-Lloyd; ONE; OOCL; Unifeeder",7,1,1008,234,1008,1008,1,1,1,{1}
2024-12-29,DKFRC,Fredericia,PLGDY,"Gdynia Poland",2,2,"ONE; X-Press",2,3,2321,590.5,1036,1436,1,1.5,2,"{2,1}"
2024-12-29,DMRSU,Roseau,GPPTP,Pointe-a-Pitre,1,1,"CMA CGM",1,3,773.3333333333334,164,677,966,1,1,1,{1}
2024-12-29,DMRSU,Roseau,KNBAS,"Basseterre, St Kitts",1,1,"Geest Line; Seatrade; StreamLines",3,5,463.2,189.6,436,564,1,1,1,{1}
2024-12-29,DMRSU,Roseau,LCSLU,"Castries, St Lucia",1,1,"King Ocean; Seaboard Marine",2,2,1296,195,1296,1296,1,1,1,{1}
2024-12-29,DOCAU,Caucedo,BBBGI,Bridgetown,1,1,"Caribbean Feeder; Hapag-Lloyd; ZIM",3,3,1172.3333333333333,300.3333333333333,1061,1338,2,2,2,{2}
2024-12-29,DOCAU,Caucedo,BEANR,Antwerp,1,1,Hapag-Lloyd,1,7,2690.714285714286,700,2572,2854,12,12,12,{12}
2024-12-29,DOCAU,Caucedo,CAHAL,Halifax,1,1,"Tropical Shipping",1,2,1148,260,1148,1148,1,1,1,{1}
2024-12-29,DOCAU,Caucedo,CASJB,"Saint John, New Brunswick",1,1,"CMA CGM; Hapag-Lloyd; ONE; Yang Ming",4,11,4908.545454545455,330,4882,5014,9,9,9,{9}
2024-12-29,DOCAU,Caucedo,COCTG,Cartagena,3,3,"CMA CGM; COSCO; Hapag-Lloyd; Maersk Line; MSC; OOCL",6,27,22213.325,3378.6388888888887,2586,11519,2,2,3,"{2,3,2}"
2024-12-29,DOCAU,Caucedo,CUMAR,Mariel,1,1,Hapag-Lloyd,1,1,5058,800,2529,2529,2,2,2,{2}
2024-12-29,DOCAU,Caucedo,DOHAI,"Rio Haina",3,3,"Caribbean Feeder; COSCO; Evergreen Line; Hapag-Lloyd; Maersk Line; MSC; ZIM",7,5,10115.428571428572,719,862,3674,0,0,1,"{0,0,1}"
2024-12-29,DOCAU,Caucedo,HTPAP,Port-au-Prince,1,1,"Unifeeder; ZIM",2,1,1114,220,1114,1114,2,2,2,{2}
2024-12-29,DOCAU,Caucedo,JMKIN,Kingston,1,1,"APL; CMA CGM; COSCO; Marfret",4,9,6829.555555555556,1431.7777777777778,6014,7327,2,2,2,{2}
2024-12-29,DOCAU,Caucedo,MXATM,Altamira,1,1,Hapag-Lloyd,1,3,2029,346.6666666666667,1740,2566,6,6,6,{6}
2024-12-29,DOCAU,Caucedo,MXPGO,Progreso,1,1,"CMA CGM",1,3,1269,183.33333333333334,1200,1338,6,6,6,{6}
2024-12-29,DOCAU,Caucedo,NLRTM,Rotterdam,1,1,"CMA CGM; COSCO; Hapag-Lloyd; Maersk Line; OOCL",5,10,10185.2,1502,9010,11519,10,10,10,{10}
2024-12-29,DOCAU,Caucedo,PAONX,Colon,1,1,"Evergreen Line; Maersk Line; MSC",3,2,3480,500,3426,3534,2,2,2,{2}
2024-12-29,DOCAU,Caucedo,PRSJU,"San Juan PR",1,1,"APL; CMA CGM",2,3,1691,294,1691,1691,1,1,1,{1}
2024-12-29,DOCAU,Caucedo,SGSIN,Singapore,1,1,"CMA CGM; CNC Line-Cheng Lie Navigation Co. Ltd.; COSCO; Hapag-Lloyd; OOCL",5,12,10700.083333333334,825,8888,13566,35,35,35,{35}
2024-12-29,DOCAU,Caucedo,TTPTS,"Point Lisas",1,1,"Caribbean Feeder; Hapag-Lloyd; Maersk Line; ZIM",4,3,1809,300,1809,1809,2,2,2,{2}
2024-12-29,DOCAU,Caucedo,USPAB,"Palm Beach FL",1,1,"Tropical Shipping",1,2,911.5,187,850,973,5,5,5,{5}
2024-12-29,DOHAI,"Rio Haina",AGSJO,"St John's, Antigua",1,1,"Seaboard Marine",1,2,1114,220,1114,1114,1,1,1,{1}
2024-12-29,DOHAI,"Rio Haina",DOCAU,Caucedo,1,1,"APL; CMA CGM",2,3,1691,294,1691,1691,1,1,1,{1}
2024-12-29,DOHAI,"Rio Haina",DOPOP,"Puerto Plata",1,1,"Seaboard Marine",1,1,1809,279,1809,1809,1,1,1,{1}
2024-12-29,DOHAI,"Rio Haina",HTLFF,"Port Lafito",1,1,"Seaboard Marine",1,3,2929.3333333333335,504.6666666666667,2526,3716,1,1,1,{1}
2024-12-29,DOHAI,"Rio Haina",HTPAP,Port-au-Prince,1,1,Crowley,1,1,470.57142857142856,77.14285714285714,366,366,2,2,2,{2}
2024-12-29,DOHAI,"Rio Haina",JMKIN,Kingston,1,1,"Caribbean Feeder; COSCO; Hapag-Lloyd; Maersk Line; ZIM",5,2,862,219,862,862,2,2,2,{2}
2024-12-29,DOHAI,"Rio Haina",PRSJU,"San Juan PR",2,2,"COSCO; Evergreen Line; Maersk Line; MSC; Seaboard Marine; X-Press; ZIM",7,5,4573.666666666667,724,1061,3534,1,1,1,"{1,1}"
2024-12-29,DOHAI,"Rio Haina",USJAX,"Jacksonville FL",1,1,MSC,1,1,5773.428571428572,,3674,3674,3,3,3,{3}
2024-12-29,DOHAI,"Rio Haina",USMIA,"Miami FL",2,2,"Antillean Marine; Seaboard Marine",2,5,1842.9285714285713,300,202,1781,2,3.5,5,"{2,5}"
2024-12-29,DOHAI,"Rio Haina",USPEF,"Port Everglades FL",2,2,"Crowley; King Ocean",2,3,1933.5,459,957,972,3,3,3,"{3,3}"
2024-12-29,DOHAI,"Rio Haina",VELAG,"La Guaira",1,1,"King Ocean",1,2,961.5,289,957,966,3,3,3,{3}
2024-12-29,DOMAN,"Manzanillo, Dom Rep",NLVLI,Flushing,1,1,"Geest Line; Seatrade; StreamLines",3,5,463.2,189.6,436,564,11,11,11,{11}
2024-12-29,DOPOP,"Puerto Plata",USMIA,"Miami FL",2,2,"Antillean Marine; Seaboard Marine",2,2,1976,279,167,1809,2,2.5,3,"{3,2}"
2024-12-29,DOSDQ,"Santo Domingo",PRSJU,"San Juan PR",1,1,Marfret,1,1,500,125,500,500,2,2,2,{2}
2024-12-29,DZAAE,Annaba,DZDJE,"Djen ",1,1,"CMA CGM",1,4,1733.5,294.75,1604,1809,0,0,0,{0}
2024-12-29,DZAAE,Annaba,DZSKI,Skikda,1,1,"Arkas Line; Hapag-Lloyd",2,2,2077.714285714286,400.2857142857143,1201,1223,2,2,2,{2}
2024-12-29,DZAAE,Annaba,ESVLC,Valencia,1,1,MSC,1,1,949,,949,949,1,1,1,{1}
2024-12-29,DZALG,Algiers,EGALY,Alexandria,1,1,"CMA CGM",1,4,2278.5,537.5,2126,2468,3,3,3,{3}
2024-12-29,DZALG,Algiers,ESCAR,"Cartagena, Spain",1,1,X-Press,1,1,1809,300,1809,1809,0,0,0,{0}
2024-12-29,DZALG,Algiers,ESVLC,Valencia,1,1,X-Press,1,1,730,200,365,365,10,10,10,{10}
2024-12-29,DZALG,Algiers,ITGIT,"Gioia Tauro",1,1,MSC,1,6,1016.6666666666666,187.66666666666666,957,1104,1,1,1,{1}
2024-12-29,DZALG,Algiers,ITGOA,Genoa,1,1,"CNAN-MED; Messina; Tarros",3,2,2182.8571428571427,297.14285714285717,1528,1528,2,2,2,{2}
2024-12-29,DZALG,Algiers,ITSPE,"La Spezia",2,2,"CMA CGM; MSC",2,5,2456.333333333333,497,957,1730,2,3.5,5,"{5,2}"
2024-12-29,DZALG,Algiers,ITVDL,"Vado Ligure",1,1,"Maersk Line",1,2,912.5,243,868,957,2,2,2,{2}
2024-12-29,DZALG,Algiers,MACAS,Casablanca,2,2,MSC,1,9,2500.6666666666665,187.66666666666666,957,1484,2,2,2,"{2,2}"
2024-12-29,DZALG,Algiers,MTMAR,"Malta (Marsaxlokk)",1,1,MSC,1,3,1484,,1484,1484,1,1,1,{1}
2024-12-29,DZALG,Algiers,TRIZM,Izmir,1,1,"Arkas Line; Hapag-Lloyd",2,2,2077.714285714286,400.2857142857143,1201,1223,5,5,5,{5}
2024-12-29,DZAZW,"Arzew Algeria",ESVGO,Vigo,1,1,"CMA CGM",1,1,1839.4285714285713,428.57142857142856,1073,1073,3,3,3,{3}
2024-12-29,DZBJA,Bejaia,ESBCN,Barcelona,1,1,MSC,1,2,1028.5714285714287,,1800,1800,3,3,3,{3}
2024-12-29,DZBJA,Bejaia,ESVLC,Valencia,1,1,"CMA CGM",1,3,1381.3333333333333,329.6666666666667,1304,1436,2,2,2,{2}
2024-12-29,DZDJE,"Djen ",TRALI,Aliaga,1,1,"CMA CGM",1,4,1733.5,294.75,1604,1809,4,4,4,{4}
2024-12-29,DZGHZ,Ghazaouet,ESALG,Algeciras,1,1,"CMA CGM",1,1,1073,250,1073,1073,1,1,1,{1}
2024-12-29,DZMOS,Mostaganem,DZSKI,Skikda,1,1,"CMA CGM",1,1,303,,303,303,1,1,1,{1}
2024-12-29,DZMOS,Mostaganem,ESBCN,Barcelona,1,1,"CMA CGM",1,4,1117,220,1114,1118,1,1,1,{1}
2024-12-29,DZMOS,Mostaganem,MACAS,Casablanca,1,1,"Arkas Line; CMA CGM",2,1,296,54,296,296,2,2,2,{2}
2024-12-29,DZORN,Oran,DZMOS,Mostaganem,1,1,"CMA CGM",1,4,1117,220,1114,1118,2,2,2,{2}
2024-12-29,DZORN,Oran,ESBCN,Barcelona,1,1,MSC,1,1,1118,220,1118,1118,1,1,1,{1}
2024-12-29,DZORN,Oran,ESVLC,Valencia,2,2,"CMA CGM; MSC",2,3,2372.285714285714,345,1118,1756,1,1.5,2,"{1,2}"
2024-12-29,DZSKI,Skikda,DZALG,Algiers,1,1,"Arkas Line; Hapag-Lloyd",2,2,2077.714285714286,400.2857142857143,1201,1223,1,1,1,{1}
2024-12-29,DZSKI,Skikda,ESVLC,Valencia,1,1,MSC,1,1,1484,368,1484,1484,2,2,2,{2}
2024-12-29,DZSKI,Skikda,FRMRS,"Marseilles-Fos (Marseilles)",1,1,"CMA CGM",1,1,303,,303,303,2,2,2,{2}
2024-12-29,DZSKI,Skikda,MTMAR,"Malta (Marsaxlokk)",1,1,"CMA CGM",1,1,1000,,1000,1000,2,2,2,{2}
2024-12-29,ECGYE,Guayaquil,CLARI,Arica,1,1,"Hapag-Lloyd; Maersk Line",2,7,4137.428571428572,512.8571428571429,3500,4800,4,4,4,{4}
2024-12-29,ECGYE,Guayaquil,COBUN,Buenaventura,1,1,"Hapag-Lloyd; Hyundai; MSC; ONE",4,13,10344.153846153846,1178.4615384615386,8553,13280,2,2,2,{2}
2024-12-29,ECGYE,Guayaquil,COCTG,Cartagena,1,1,"CMA CGM; COSCO; ONE",3,6,2578.5,534.3333333333334,2339,2824,4,4,4,{4}
2024-12-29,ECGYE,Guayaquil,CRCAL,"Puerto Caldera",1,1,Dole,1,3,1540,770,1540,1540,2,2,2,{2}
2024-12-29,ECGYE,Guayaquil,CRMOB,Moin,1,1,"APL; CMA CGM; COSCO; Marfret",4,9,6829.555555555556,1431.7777777777778,6014,7327,5,5,5,{5}
2024-12-29,ECGYE,Guayaquil,JMKIN,Kingston,1,1,ZIM,1,5,1656,334.6,1296,1781,4,4,4,{4}
2024-12-29,ECGYE,Guayaquil,MXZLO,"Manzanillo, MEX",1,1,"COSCO; Evergreen Line; PIL; Wan Hai; Yang Ming",5,11,10910.363636363636,320.1818181818182,6350,14000,7,7,7,{7}
2024-12-29,ECGYE,Guayaquil,PABLB,Balboa,2,2,"COSCO; King Ocean; Maersk Line; ONE; X-Press; ZIM",6,11,5551.666666666667,1534,1341,4258,2,2,2,"{2,2}"
2024-12-29,ECGYE,Guayaquil,PACTB,Cristobal,1,1,"Ellerman; MSC",2,9,4294,1266.6666666666667,4112,4931,3,3,3,{3}
2024-12-29,ECGYE,Guayaquil,PAMIT,Manzanillo,2,2,"Hapag-Lloyd; Seaboard Marine",2,11,4522.125,943.0833333333333,1732,2837,3,3,3,"{3,3}"
2024-12-29,ECGYE,Guayaquil,PAROD,Rodman,1,1,MSC,1,1,2546,600,2546,2546,2,2,2,{2}
2024-12-29,ECGYE,Guayaquil,PECLL,Callao,3,3,"CMA CGM; COSCO; King Ocean; ONE; Seaboard Marine; X-Press; ZIM",7,11,5713.5,1338.6666666666667,1341,2824,2,2,3,"{2,2,3}"
2024-12-29,ECGYE,Guayaquil,PEPAI,Paita,2,2,"Ellerman; Europe Caribbean Line; MSC; Seatrade",4,16,4625.857142857143,1352.952380952381,72,4931,1,1.5,2,"{2,1}"
2024-12-29,ECPBO,"Puerto Bolivar EC",ECGYE,Guayaquil,3,3,"Ellerman; Europe Caribbean Line; Maersk Line; MSC; Seatrade",5,25,8836.52380952381,2455.9523809523807,72,4931,1,2,3,"{3,2,1}"
2024-12-29,ECPSJ,"Puerto de Posorja",ECGYE,Guayaquil,2,2,"APL; CMA CGM; COSCO; Hapag-Lloyd; Marfret",5,17,9557.680555555555,2001.5277777777778,2586,7327,1,1,1,"{1,1}"
2024-12-29,ECPSJ,"Puerto de Posorja",JPYOK,Yokohama,1,1,"APL; CMA CGM; CNC Line-Cheng Lie Navigation Co. Ltd.; COSCO; Evergreen Line; OOCL",6,10,11916.4,1094.3,6350,16020,20,20,20,{20}
2024-12-29,ECPSJ,"Puerto de Posorja",PAMIT,Manzanillo,1,1,"CMA CGM; COSCO; Hapag-Lloyd; Maersk Line; OOCL",5,10,10185.2,1502,9010,11519,3,3,3,{3}
2024-12-29,ECPSJ,"Puerto de Posorja",PECLL,Callao,1,1,"CMA CGM; COSCO; Hapag-Lloyd; Maersk Line; OOCL",5,10,10185.2,1502,9010,11519,3,3,3,{3}
2024-12-29,EETLL,"Tallinn Estonia",FIKTK,Kotka,2,2,"CMA CGM; COSCO; Evergreen Line; Hapag-Lloyd; OOCL; Unifeeder; X-Press",7,7,2295.6,599.6,1025,1264,1,1,1,"{1,1}"
2024-12-29,EETLL,"Tallinn Estonia",FIRAU,"Rauma Finland",1,1,"Hapag-Lloyd; ONE",2,2,1440,316,1440,1440,1,1,1,{1}
2024-12-29,EETLL,"Tallinn Estonia",LTKLJ,"Klaipeda
",1,1,MSC,1,2,1026,197.5,956,1096,1,1,1,{1}
2024-12-29,EETLL,"Tallinn Estonia",LVRIX,Riga,1,1,"CMA CGM",1,2,1400,372,1400,1400,1,1,1,{1}
2024-12-29,EETLL,"Tallinn Estonia",NLRTM,Rotterdam,1,1,"CMA CGM; COSCO; OOCL; Unifeeder",4,3,1036,,1036,1036,4,4,4,{4}
2024-12-29,EETLL,"Tallinn Estonia",PLGDN,Gdansk,1,1,"CMA CGM; COSCO",2,2,2126,650,2126,2126,2,2,2,{2}
2024-12-29,EGALY,Alexandria,CYLMS,Limassol,1,1,"CMA CGM; COSCO; Evergreen Line; OOCL; Tarros; Unimed Feeder Services-UFS; X-Press",7,4,2650.75,332.5,2300,2926,1,1,1,{1}
2024-12-29,EGALY,Alexandria,EGDAM,Damietta,2,2,"Hapag-Lloyd; OOCL; Unifeeder; ZIM",4,4,6029.333333333334,1007,1740,2702,0,0.5,1,"{1,0}"
2024-12-29,EGALY,Alexandria,EGEDK,"El Dekheila",1,1,"MSC; WEC Lines",2,5,9192.4,748.8,8384,9600,0,0,0,{0}
2024-12-29,EGALY,Alexandria,EGPSD,"Port Said",4,4,"Admiral; Arkas Line; CMA CGM; Hapag-Lloyd; Maersk Line; ONE; OOCL; Tarros; Turkon",9,17,15229.128571428573,2155.214285714286,2126,6612,1,1.5,4,"{1,1,4,2}"
2024-12-29,EGALY,Alexandria,GRPIR,Piraeus,1,1,MSC,1,2,2550,300,2550,2550,2,2,2,{2}
2024-12-29,EGALY,Alexandria,ILASH,Ashdod,2,2,"Borchard Lines Ltd; ZIM",2,5,2483.333333333333,438.6666666666667,660,1984,1,1.5,2,"{2,1}"
2024-12-29,EGALY,Alexandria,ILHFA,Haifa,2,2,"Medkon; MSC",2,5,2359.7619047619046,268.57142857142856,698,1512,1,1.5,2,"{1,2}"
2024-12-29,EGALY,Alexandria,ITGIT,"Gioia Tauro",1,1,MSC,1,18,13575.444444444447,208.33333333333334,2680,16000,2,2,2,{2}
2024-12-29,EGALY,Alexandria,ITNAP,Naples,1,1,MSC,1,5,2181.8,324.4,1740,2480,3,3,3,{3}
2024-12-29,EGALY,Alexandria,ITRAN,Ravenna,1,1,"Maersk Line; MSC",2,4,2717.75,466.5,2490,2825,4,4,4,{4}
2024-12-29,EGALY,Alexandria,ITSAL,Salerno,2,2,"Arkas Line; Borchard Lines Ltd; CMA CGM; Messina; Tarros",5,11,2445.833333333333,392.06666666666666,868,1930,4,4.5,5,"{4,5}"
2024-12-29,EGALY,Alexandria,LBBEY,Beirut,5,5,"APL; Arkas Line; CMA CGM; CNC Line-Cheng Lie Navigation Co. Ltd.; COSCO; Evergreen Line; Hapag-Lloyd; Maersk Line; Medkon; MSC; OOCL",11,24,18473.771645021643,2266.9199134199134,1078,11388,0,1,2,"{0,1,1,1,2}"
2024-12-29,EGALY,Alexandria,LBKYE,"Tripoli Lebanon",1,1,"CMA CGM",1,2,861,89,847,875,1,1,1,{1}
2024-12-29,EGALY,Alexandria,LYMRA,Misurata,2,2,"CMA CGM; Medkon",2,3,2606.5,285,652,1338,3,3.5,4,"{3,4}"
2024-12-29,EGALY,Alexandria,MTMAR,"Malta (Marsaxlokk)",1,1,"CMA CGM; ONE",2,6,5704,462,5089,6612,2,2,2,{2}
2024-12-29,EGALY,Alexandria,SAJED,Jeddah,1,1,"APL; CMA CGM; CNC Line-Cheng Lie Navigation Co. Ltd.; COSCO; Evergreen Line; OOCL",6,11,10146.545454545454,1066.1818181818182,9289,11388,4,4,4,{4}
2024-12-29,EGALY,Alexandria,SAKAC,"King Abdullah City",1,1,MSC,1,4,10237.5,1083.25,6750,16000,3,3,3,{3}
2024-12-29,EGALY,Alexandria,TRISK,Iskenderun,2,2,"Messina; MSC",2,7,17205.5,1720,847,6296,1,1.5,2,"{1,2}"
2024-12-29,EGALY,Alexandria,TRIZM,Izmir,1,1,"Borchard Lines Ltd",1,3,1107,210.33333333333334,889,1216,3,3,3,{3}
2024-12-29,EGALY,Alexandria,TRMER,Mersin,3,3,"Arkas Line; Hapag-Lloyd; Maersk Line; Medkon; ZIM",5,13,6965.857142857143,793.9464285714286,657,4839,2,2,3,"{3,2,2}"
2024-12-29,EGALY,Alexandria,TRTEK,Tekirdag,1,1,MSC,1,2,1118,220,1118,1118,4,4,4,{4}
2024-12-29,EGDAM,Damietta,EGALY,Alexandria,2,2,"Medkon; MSC",2,6,2701.642857142857,317.57142857142856,847,1200,0,0.5,1,"{1,0}"
2024-12-29,EGDAM,Damietta,ESBCN,Barcelona,1,1,"Hapag-Lloyd; Hyundai; ONE; Yang Ming",4,15,12522.6,702.2,13169,15500,4,4,4,{4}
2024-12-29,EGDAM,Damietta,ESVLC,Valencia,1,1,"MSC; ZIM",2,5,6954,520,6644,8002,4,4,4,{4}
2024-12-29,EGDAM,Damietta,GRPIR,Piraeus,1,1,"COSCO; OOCL",2,2,1249.5,177.5,925,1574,5,5,5,{5}
2024-12-29,EGDAM,Damietta,ILASH,Ashdod,1,1,"OOCL; Unifeeder; ZIM",3,1,3480,600,1740,1740,1,1,1,{1}
2024-12-29,EGDAM,Damietta,LBBEY,Beirut,3,3,"CMA CGM; ONE; Unimed Feeder Services-UFS; Yang Ming",4,6,6038.571428571428,1129.392857142857,1118,2190,0,1,1,"{1,1,0}"
2024-12-29,EGDAM,Damietta,SGSIN,Singapore,1,1,"Hapag-Lloyd; Hyundai; ONE; Yang Ming",4,15,11976.333333333334,786.6666666666666,11976,14100,32,32,32,{32}
2024-12-29,EGDAM,Damietta,SIKOP,Koper,2,2,"Hapag-Lloyd; ONE; Yang Ming",3,6,3838.666666666667,596,1042,2702,3,3,3,"{3,3}"
2024-12-29,EGDAM,Damietta,TRISK,Iskenderun,1,1,MSC,1,7,5552.285714285715,384.85714285714283,4340,6008,1,1,1,{1}
2024-12-29,EGDAM,Damietta,TRMER,Mersin,1,1,"Hapag-Lloyd; ZIM",2,7,1580.5714285714287,235.71428571428572,2742,2798,1,1,1,{1}
2024-12-29,EGEDK,"El Dekheila",EGALY,Alexandria,1,1,Medkon,1,1,750.8571428571429,132.57142857142858,657,657,0,0,0,{0}
2024-12-29,EGEDK,"El Dekheila",EGDAM,Damietta,1,1,"ONE; Yang Ming",2,3,1289.3333333333333,189,1042,1708,5,5,5,{5}
2024-12-29,EGEDK,"El Dekheila",GRPIR,Piraeus,1,1,"COSCO; OOCL; Yang Ming",3,6,4901.5,468.6666666666667,4051,5618,2,2,2,{2}
2024-12-29,EGEDK,"El Dekheila",RUNVS,Novorossiysk,1,1,"Arkas Line",1,2,933.8571428571429,241.71428571428572,1022,1157,4,4,4,{4}
2024-12-29,EGEDK,"El Dekheila",TRMER,Mersin,1,1,"MSC; WEC Lines",2,5,9192.4,748.8,8384,9600,1,1,1,{1}
2024-12-29,EGPSD,"Port Said",EGALY,Alexandria,1,1,"CMA CGM",1,2,861,89,847,875,1,1,1,{1}
2024-12-29,EGPSD,"Port Said",EGDAM,Damietta,1,1,"COSCO; OOCL",2,2,1249.5,177.5,925,1574,1,1,1,{1}
2024-12-29,EGPSD,"Port Said",ESALG,Algeciras,1,1,"Maersk Line",1,12,6121.416666666667,761.5,4250,9962,4,4,4,{4}
2024-12-29,EGPSD,"Port Said",ESVLC,Valencia,1,1,MSC,1,4,10237.5,1083.25,6750,16000,4,4,4,{4}
2024-12-29,EGPSD,"Port Said",GBLGP,"London Gateway",1,1,"Maersk Line",1,5,3450.2,580,3003,3596,11,11,11,{11}
2024-12-29,EGPSD,"Port Said",ILASH,Ashdod,1,1,MSC,1,2,2550,300,2550,2550,0,0,0,{0}
2024-12-29,EGPSD,"Port Said",JOAQB,Aqaba,1,1,Messina,1,3,9916.190476190475,685.7142857142857,1600,4406,1,1,1,{1}
2024-12-29,EGPSD,"Port Said",LBBEY,Beirut,2,2,"Admiral; Arkas Line; Hapag-Lloyd; Maersk Line; OOCL; Tarros; Turkon; Unifeeder",8,3,5803.428571428572,1085.7142857142858,2007,2837,0,0.5,1,"{0,1}"
2024-12-29,EGPSD,"Port Said",LYBEN,Bingazi,1,1,"Maersk Line; Unifeeder",2,1,2084.5714285714284,342.85714285714283,1216,1216,4,4,4,{4}
2024-12-29,EGPSD,"Port Said",MAPTM,Tanger,2,2,"Maersk Line",1,9,11743.166666666666,2007,4496,7154,6,6,6,"{6,6}"
2024-12-29,EGPSD,"Port Said",MTMAR,"Malta (Marsaxlokk)",1,1,"CMA CGM",1,4,2278.5,537.5,2126,2468,3,3,3,{3}
2024-12-29,EGPSD,"Port Said",SAJED,Jeddah,2,2,"Maersk Line; Messina",2,6,23302.333333333332,3181,4498,7154,1,2,3,"{3,1}"
2024-12-29,EGPSD,"Port Said",SGSIN,Singapore,2,2,"Maersk Line; MSC",2,30,42946.13333333334,3241.6,18500,24232,30,30,30,"{30,30}"
2024-12-29,EGPSD,"Port Said",SIKOP,Koper,1,1,"Maersk Line; MSC",2,16,15192.625,641.625,13082,15516,4,4,4,{4}
2024-12-29,EGPSD,"Port Said",TRISK,Iskenderun,2,2,"CMA CGM; MSC",2,7,5455.5,705.6,2303,3430,1,1.5,2,"{2,1}"
2024-12-29,EGPSD,"Port Said",TRIZT,Izmit,1,1,"Maersk Line; MSC",2,15,19157.06666666667,1685.3333333333333,18500,19224,2,2,2,{2}
2024-12-29,EGPSD,"Port Said",TRMER,Mersin,2,2,"CMA CGM; Maersk Line; ONE",3,7,9092,762,3388,6612,1,1,1,"{1,1}"
2024-12-29,EGSOK,Sokhna,JOAQB,Aqaba,2,2,"APL; CMA CGM; CNC Line-Cheng Lie Navigation Co. Ltd.; OOCL; PIL",5,16,11075,339.25,4211,6606,0,0.5,1,"{1,0}"
2024-12-29,EGSOK,Sokhna,SAJED,Jeddah,2,2,"CMA CGM; COSCO; Evergreen Line; Feedertech; ONE; Wan Hai; X-Press",7,9,5995.85,861,1728,4252,2,2,2,"{2,2}"
2024-12-29,EGSOK,Sokhna,SDPZU,"Port Sudan",1,1,MSC,1,1,1118,,1118,1118,3,3,3,{3}
2024-12-29,ESACE,Arrecife,ESBCN,Barcelona,1,1,"Nisa Maritima",1,2,946,210,942,950,7,7,7,{7}
2024-12-29,ESACE,Arrecife,ESFUE,"Puerto del Rosario",1,1,"MSC; WEC Lines",2,2,868,234,868,868,0,0,0,{0}
2024-12-29,ESACE,Arrecife,ESSVQ,Seville,1,1,"CMA CGM",1,2,500,125,500,500,2,2,2,{2}
2024-12-29,ESAGP,Malaga,AEJEA,"Dubai, Jebel Ali",1,1,MSC,1,14,13646.142857142857,814.2857142857143,12400,16520,24,24,24,{24}
2024-12-29,ESAGP,Malaga,CIABJ,Abidjan,1,1,MSC,1,18,13575.444444444447,208.33333333333334,2680,16000,7,7,7,{7}
2024-12-29,ESAGP,Malaga,ESVLC,Valencia,1,1,Hapag-Lloyd,1,8,2728.125,569.75,2586,2837,1,1,1,{1}
2024-12-29,ESALC,Alicante,ESBCN,Barcelona,1,1,"Boluda Lines; CMA CGM",2,2,803.5,180,803,804,1,1,1,{1}
2024-12-29,ESALC,Alicante,ESLPA,"Las Palmas, Can Is",2,2,"CMA CGM; Yaiza Shipping",2,3,1242,125,206,1036,4,7,10,"{4,10}"
2024-12-29,ESALG,Algeciras,AEAUH,"Abu Dhabi",1,1,"CMA CGM; COSCO; Hapag-Lloyd; ONE; OOCL",5,13,11602.615384615385,753.8461538461537,9448,14074,29,29,29,{29}
2024-12-29,ESALG,Algeciras,BRSSZ,Santos,1,1,"COSCO; ONE; OOCL",3,8,4328,408.75,4051,4882,15,15,15,{15}
2024-12-29,ESALG,Algeciras,DEBRV,Bremerhaven,1,1,"Maersk Line; MSC",2,15,18485.6,733.8666666666667,17816,20568,5,5,5,{5}
2024-12-29,ESALG,Algeciras,DZGHZ,Ghazaouet,1,1,"CMA CGM",1,1,1073,250,1073,1073,0,0,0,{0}
2024-12-29,ESALG,Algeciras,DZORN,Oran,1,1,"CMA CGM",1,4,1117,220,1114,1118,6,6,6,{6}
2024-12-29,ESALG,Algeciras,EGALY,Alexandria,1,1,"Arkas Line; Maersk Line",2,4,2179.5,307.5,1604,2474,7,7,7,{7}
2024-12-29,ESALG,Algeciras,EGPSD,"Port Said",1,1,"Maersk Line",1,6,4631.833333333333,407,4496,5085,5,5,5,{5}
2024-12-29,ESALG,Algeciras,ESBCN,Barcelona,2,2,"COSCO; Maersk Line; MSC",3,12,9736.333333333332,1051.5555555555557,1922,9200,1,1.5,2,"{2,1}"
2024-12-29,ESALG,Algeciras,ESSCT,Tenerife,1,1,"CMA CGM; Hapag-Lloyd; Maersk Line; Marguisa; OOCL; X-Press",6,3,861.6666666666666,209.66666666666666,830,887,3,3,3,{3}
2024-12-29,ESALG,Algeciras,ESVGO,Vigo,1,1,"CMA CGM",1,2,1030.5,249.5,1025,1036,2,2,2,{2}
2024-12-29,ESALG,Algeciras,ESVLC,Valencia,1,1,"Hyundai; ONE; Sinokor",3,16,6809.5,632.6875,5023,11010,1,1,1,{1}
2024-12-29,ESALG,Algeciras,GHTEM,Tema,2,2,"CMA CGM; Maersk Line",2,12,9022.833333333332,681.3333333333333,4360,5085,8,8,8,"{8,8}"
2024-12-29,ESALG,Algeciras,GRPIR,Piraeus,1,1,"Maersk Line",1,9,4210.666666666667,1103,4045,4258,4,4,4,{4}
2024-12-29,ESALG,Algeciras,ITLIV,Leghorn,1,1,"APL; CMA CGM; COSCO; Hapag-Lloyd; ONE; OOCL; Yang Ming; ZIM",8,6,8738,728.3333333333334,8063,9954,5,5,5,{5}
2024-12-29,ESALG,Algeciras,MACAS,Casablanca,3,3,"APL; Arkas Line; CMA CGM; Maersk Line; Marguisa; Messina; Tarros; X-Press; ZIM",9,10,3157.833333333333,524,700,1930,0,1,1,"{0,1,1}"
2024-12-29,ESALG,Algeciras,MAPTM,Tanger,17,17,"APL; Arkas Line; CMA CGM; Global Feeder Shipping; Hapag-Lloyd; Maersk Line; Marguisa; Naviera DAL; ONE; OOCL; X-Press; ZIM",12,64,39970.916666666664,6434.357142857143,373,10034,0,1,2,"{1,2,1,1,1,2,1,0,1,1,1,0,0,2,1,1,1}"
2024-12-29,ESALG,Algeciras,MTMAR,"Malta (Marsaxlokk)",2,2,"APL; CMA CGM; COSCO; Marfret",4,14,9894.555555555555,1737.3777777777777,2339,7327,2,3,4,"{4,2}"
2024-12-29,ESALG,Algeciras,NLRTM,Rotterdam,3,3,"COSCO; Hapag-Lloyd; Hyundai; Maersk Line; ONE; OOCL; Yang Ming",7,36,34762.666666666664,2727.5833333333335,4051,23964,3,4,5,"{4,3,5}"
2024-12-29,ESALG,Algeciras,OMSLL,Salalah,1,1,"Maersk Line",1,12,6121.416666666667,761.5,4250,9962,25,25,25,{25}
2024-12-29,ESALG,Algeciras,PKKHI,Karachi,1,1,"Hyundai; ONE; Sinokor",3,16,6809.5,632.6875,5023,11010,27,27,27,{27}
2024-12-29,ESALG,Algeciras,PTLEI,Leixoes,3,3,"GS Lines; X-Press",2,3,13634,1879.142857142857,1708,1922,1,2,2,"{1,2,2}"
2024-12-29,ESALG,Algeciras,PTLIS,Lisbon,1,1,X-Press,1,1,1216,200,1216,1216,2,2,2,{2}
2024-12-29,ESALG,Algeciras,PTSIE,Sines,2,2,"Maersk Line; MSC",2,16,15881.47619047619,1236.888888888889,6008,9200,1,1.5,2,"{2,1}"
2024-12-29,ESALG,Algeciras,SGSIN,Singapore,2,2,"Hapag-Lloyd; Hyundai; Maersk Line; MSC; ONE; Yang Ming",6,30,40730.6,1891.4666666666667,13792,24346,27,29.5,32,"{27,32}"
2024-12-29,ESALG,Algeciras,SNDKR,Dakar,2,2,"CMA CGM; COSCO; OOCL",3,8,8328.357142857143,1288.3333333333335,1732,4367,3,4,5,"{3,5}"
2024-12-29,ESALG,Algeciras,TRISK,Iskenderun,1,1,"CMA CGM; COSCO; ONE; OOCL",4,7,4447.428571428572,202.28571428571428,4253,4600,12,12,12,{12}
2024-12-29,ESALG,Algeciras,USNYC,"New York NY/NJ",3,3,"Arkas Line; CMA CGM; COSCO; Hapag-Lloyd; Maersk Line; ONE; OOCL; Turkon",8,23,10872.52380952381,1744.142857142857,1878,4600,7,10,11,"{11,7,10}"
2024-12-29,ESALG,Algeciras,ZAZBA,"Ngqura (Coega)",1,1,"Hapag-Lloyd; Maersk Line; Marguisa; ONE",4,9,7016.444444444444,1413.7777777777778,6589,7164,16,16,16,{16}
2024-12-29,ESBCN,Barcelona,DOCAU,Caucedo,1,1,Hapag-Lloyd,1,8,2728.125,569.75,2586,2837,8,8,8,{8}
2024-12-29,ESBCN,Barcelona,DZAAE,Annaba,1,1,MSC,1,1,949,,949,949,2,2,2,{2}
2024-12-29,ESBCN,Barcelona,DZORN,Oran,1,1,MSC,1,1,1118,220,1118,1118,1,1,1,{1}
2024-12-29,ESBCN,Barcelona,DZSKI,Skikda,1,1,MSC,1,1,1484,368,1484,1484,1,1,1,{1}
2024-12-29,ESBCN,Barcelona,EGALY,Alexandria,1,1,"Hapag-Lloyd; ZIM",2,8,4035.5,353.875,3429,4839,5,5,5,{5}
2024-12-29,ESBCN,Barcelona,ESCAD,Cadiz,1,1,"Boluda Lines; CMA CGM",2,2,803.5,180,803,804,3,3,3,{3}
2024-12-29,ESBCN,Barcelona,ESCAS,Castellon,2,2,"Borchard Lines Ltd; MSC",2,5,5425,810.3333333333334,889,4504,1,1.5,2,"{1,2}"
2024-12-29,ESBCN,Barcelona,ESSAG,Sagunto,1,1,"Nisa Maritima",1,2,946,210,942,950,1,1,1,{1}
2024-12-29,ESBCN,Barcelona,ESVLC,Valencia,14,14,"APL; Arkas Line; CMA CGM; COSCO; Hapag-Lloyd; Hyundai; Maersk Line; Marfret; Marguisa; MSC; ONE; OOCL; WEC Lines; X-Press; Yang Ming; ZIM",16,106,82452.16746031746,7463.265476190476,700,16520,0,1,1,"{1,1,1,1,1,0,0,1,1,0,0,0,1,0}"
2024-12-29,ESBCN,Barcelona,FRFOS,"Marseilles-Fos (Fos)",3,3,"APL; CMA CGM; CNC Line-Cheng Lie Navigation Co. Ltd.; COSCO; Evergreen Line; Messina; OOCL",7,22,26371.32380952381,1972.3809523809523,1114,16020,1,1,1,"{1,1,1}"
2024-12-29,ESBCN,Barcelona,GRPIR,Piraeus,3,3,"Arkas Line; CMA CGM; COSCO; Hapag-Lloyd; Maersk Line; Turkon",6,11,7629,1439.7333333333331,1922,2954,2,4,5,"{2,5,4}"
2024-12-29,ESBCN,Barcelona,ITGIT,"Gioia Tauro",2,2,"Maersk Line; MSC",2,24,31191.4,2143.1555555555556,6008,24232,2,2,2,"{2,2}"
2024-12-29,ESBCN,Barcelona,ITGOA,Genoa,2,2,"Arkas Line; CMA CGM; Hapag-Lloyd; Hyundai; Maersk Line; ONE; OOCL; Sinokor",8,20,9278.5,1013.6875,2442,11010,1,1.5,2,"{1,2}"
2024-12-29,ESBCN,Barcelona,ITLIV,Leghorn,1,1,"Hapag-Lloyd; MSC; ZIM",3,9,9267.888888888889,1291.4444444444441,8762,11010,1,1,1,{1}
2024-12-29,ESBCN,Barcelona,MACAS,Casablanca,1,1,"Global Feeder Shipping; ZIM",2,3,1249.3333333333333,194,868,1440,3,3,3,{3}
2024-12-29,ESBCN,Barcelona,SGSIN,Singapore,1,1,"Hapag-Lloyd; Hyundai; ONE; Yang Ming",4,15,14014.6,586.6666666666666,14026,15258,31,31,31,{31}
2024-12-29,ESBCN,Barcelona,SIKOP,Koper,1,1,"Tailwind Shipping Lines",1,6,11551.333333333334,1104.6666666666667,4957,6881,3,3,3,{3}
2024-12-29,ESBIO,Bilbao,ESALG,Algeciras,1,1,"CMA CGM; Hapag-Lloyd; Maersk Line; Marguisa; OOCL; X-Press",6,3,861.6666666666666,209.66666666666666,830,887,3,3,3,{3}
2024-12-29,ESBIO,Bilbao,ESGIJ,Gijon,1,1,"MSC; WEC Lines",2,3,2405,338.6666666666667,1658,2825,0,0,0,{0}
2024-12-29,ESBIO,Bilbao,FRLEH,"Le Havre",1,1,"MSC; WEC Lines",2,3,2405,338.6666666666667,1658,2825,1,1,1,{1}
2024-12-29,ESBIO,Bilbao,GBLIV,Liverpool,2,2,"CMA CGM",1,2,1879,,907,972,2,2,2,"{2,2}"
2024-12-29,ESBIO,Bilbao,GBTHP,Thamesport,2,2,"CMA CGM; MSC; WEC Lines",3,4,1866,178,862,1000,2,2.5,3,"{2,3}"
2024-12-29,ESBIO,Bilbao,IEDUB,Dublin,1,1,"MSC; WEC Lines",2,2,691.2857142857143,141.42857142857142,804,809,1,1,1,{1}
2024-12-29,ESBIO,Bilbao,MXVER,Veracruz,1,1,Stinnes,1,3,3193.047619047619,208,771,904,16,16,16,{16}
2024-12-29,ESBIO,Bilbao,NLRTM,Rotterdam,2,2,"CMA CGM; COSCO; Evergreen Line; Nirint; X-Press",5,6,2807.5714285714284,386.57142857142856,868,1368,2,2.5,3,"{3,2}"
2024-12-29,ESBIO,Bilbao,PTLEI,Leixoes,1,1,"MSC; WEC Lines",2,3,866,178,862,868,2,2,2,{2}
2024-12-29,ESBIO,Bilbao,SRPBM,Paramaribo,1,1,"Europe Caribbean Line",1,4,738.2142857142857,,256,450,13,13,13,{13}
2024-12-29,ESCAD,Cadiz,ESALC,Alicante,1,1,"Boluda Lines; CMA CGM",2,2,803.5,180,803,804,2,2,2,{2}
2024-12-29,ESCAD,Cadiz,ESHUV,Huelva,1,1,"CMA CGM",1,3,861.3333333333334,194.66666666666666,809,907,0,0,0,{0}
2024-12-29,ESCAD,Cadiz,ESLPA,"Las Palmas, Can Is",2,2,"Boluda Lines; CMA CGM",2,4,1839.5,430,803,1036,2,2,2,"{2,2}"
2024-12-29,ESCAD,Cadiz,ESVLC,Valencia,1,1,"MSC; WEC Lines",2,2,868,234,868,868,3,3,3,{3}
2024-12-29,ESCAD,Cadiz,PTSET,Setubal,1,1,"CMA CGM; Ellerman",2,2,1390,375,1380,1400,1,1,1,{1}
2024-12-29,ESCAR,"Cartagena, Spain",ESBCN,Barcelona,1,1,X-Press,1,1,1809,300,1809,1809,0,0,0,{0}
2024-12-29,ESCAS,Castellon,ESBCN,Barcelona,2,2,"Arkas Line; CMA CGM; Hapag-Lloyd; Maersk Line; Messina; Turkon",6,6,12463.190476190475,1222.3809523809523,1600,4406,1,1,1,"{1,1}"
2024-12-29,ESCAS,Castellon,ESVLC,Valencia,1,1,MSC,1,2,4318,600,4132,4504,1,1,1,{1}
2024-12-29,ESCAS,Castellon,ITGOA,Genoa,1,1,"Borchard Lines Ltd",1,3,1107,210.33333333333334,889,1216,2,2,2,{2}
2024-12-29,ESCAS,Castellon,ITSAL,Salerno,1,1,"Borchard Lines Ltd",1,5,868,185.4,868,868,3,3,3,{3}
2024-12-29,ESCAS,Castellon,PTLEI,Leixoes,1,1,"Borchard Lines Ltd",1,5,868,185.4,868,868,3,3,3,{3}
2024-12-29,ESFRO,Ferrol,ESLPA,"Las Palmas, Can Is",1,1,"CMA CGM",1,3,861.3333333333334,194.66666666666666,809,907,2,2,2,{2}
2024-12-29,ESFRO,Ferrol,GBTIL,Tilbury,1,1,"CMA CGM; Ellerman",2,2,1390,375,1380,1400,1,1,1,{1}
2024-12-29,ESFRO,Ferrol,IEDUB,Dublin,1,1,"CMA CGM",1,2,889,115.5,889,889,3,3,3,{3}
2024-12-29,ESFUE,"Puerto del Rosario",MAAGA,Agadir,1,1,"MSC; WEC Lines",2,2,868,234,868,868,1,1,1,{1}
2024-12-29,ESGIJ,Gijon,ESBIO,Bilbao,3,3,"CMA CGM; COSCO; Evergreen Line; Hapag-Lloyd; Maersk Line; Marguisa; MSC; OOCL; WEC Lines; X-Press",10,9,3669.6666666666665,646.9047619047619,830,2825,0,1,1,"{0,1,1}"
2024-12-29,ESGIJ,Gijon,ESVGO,Vigo,1,1,"MSC; WEC Lines",2,3,2405,338.6666666666667,1658,2825,1,1,1,{1}
2024-12-29,ESHUV,Huelva,GBTIL,Tilbury,1,1,"CMA CGM",1,3,861.3333333333334,194.66666666666666,809,907,4,4,4,{4}
2024-12-29,ESLPA,"Las Palmas, Can Is",CVRAI,Praia,1,1,"GS Lines",1,1,4880,577.1428571428571,1708,1708,3,3,3,{3}
2024-12-29,ESLPA,"Las Palmas, Can Is",ESACE,Arrecife,1,1,"CMA CGM",1,2,500,125,500,500,1,1,1,{1}
2024-12-29,ESLPA,"Las Palmas, Can Is",ESSCT,Tenerife,5,5,"CMA CGM; MSC; Nisa Maritima; WEC Lines; Yaiza Shipping",5,11,3747.3333333333335,816.6666666666666,206,950,1,1,1,"{1,1,1,1,1}"
2024-12-29,ESLPA,"Las Palmas, Can Is",ESSPC,"Santa Cruz de la Palma",3,3,"Boluda Lines; CMA CGM",2,6,2875.5,555,803,1036,0,0,1,"{0,1,0}"
2024-12-29,ESLPA,"Las Palmas, Can Is",ESVLC,Valencia,1,1,"Hapag-Lloyd; MSC; ZIM",3,9,9267.888888888889,1291.4444444444441,8762,11010,5,5,5,{5}
2024-12-29,ESLPA,"Las Palmas, Can Is",FRFOS,"Marseilles-Fos (Fos)",1,1,MSC,1,7,5552.285714285715,384.85714285714283,4340,6008,4,4,4,{4}
2024-12-29,ESLPA,"Las Palmas, Can Is",GBLGP,"London Gateway",1,1,"MSC; Stinnes",2,9,9153.111111111111,1021.2222222222221,6456,12119,12,12,12,{12}
2024-12-29,ESLPA,"Las Palmas, Can Is",MAAGA,Agadir,2,2,"CMA CGM; Hapag-Lloyd; Maersk Line; Marguisa; MSC; OOCL; X-Press",7,9,3898,459.66666666666663,830,3430,1,1,1,"{1,1}"
2024-12-29,ESLPA,"Las Palmas, Can Is",MACAS,Casablanca,1,1,"CMA CGM",1,4,1594,312.75,1350,1714,5,5,5,{5}
2024-12-29,ESLPA,"Las Palmas, Can Is",SNDKR,Dakar,2,2,MSC,1,13,8588.619047619048,634.8571428571429,2762,6008,3,3,3,"{3,3}"
2024-12-29,ESLPA,"Las Palmas, Can Is",ZACPT,"Cape Town",1,1,"MSC; Stinnes",2,9,9153.111111111111,1021.2222222222221,6456,12119,12,12,12,{12}
2024-12-29,ESSAG,Sagunto,ESALG,Algeciras,1,1,"Arkas Line; CMA CGM; Hapag-Lloyd",3,7,4329,742.8571428571429,3832,4664,2,2,2,{2}
2024-12-29,ESSAG,Sagunto,ESLPA,"Las Palmas, Can Is",1,1,"Nisa Maritima",1,2,946,210,942,950,4,4,4,{4}
2024-12-29,ESSCT,Tenerife,BEANR,Antwerp,1,1,"Grimaldi Lines",1,4,2642,,1321,1321,7,7,7,{7}
2024-12-29,ESSCT,Tenerife,BJCOO,Cotonou,1,1,"Grimaldi Lines",1,6,1768.6666666666667,,612,2000,6,6,6,{6}
2024-12-29,ESSCT,Tenerife,ESACE,Arrecife,2,2,"MSC; Nisa Maritima; WEC Lines",3,4,1814,444,868,950,1,1,1,"{1,1}"
2024-12-29,ESSCT,Tenerife,ESALC,Alicante,1,1,"Yaiza Shipping",1,1,206,,206,206,2,2,2,{2}
2024-12-29,ESSCT,Tenerife,ESLPA,"Las Palmas, Can Is",1,1,"CMA CGM; Hapag-Lloyd; Maersk Line; Marguisa; OOCL; X-Press",6,3,861.6666666666666,209.66666666666666,830,887,0,0,0,{0}
2024-12-29,ESSCT,Tenerife,MACAS,Casablanca,1,1,"CMA CGM",1,3,861.3333333333334,194.66666666666666,809,907,2,2,2,{2}
2024-12-29,ESSCT,Tenerife,PTSIE,Sines,1,1,"MSC; WEC Lines",2,3,866,178,862,868,2,2,2,{2}
2024-12-29,ESSPC,"Santa Cruz de la Palma",ESALC,Alicante,1,1,"CMA CGM",1,2,1036,125,1036,1036,3,3,3,{3}
2024-12-29,ESSPC,"Santa Cruz de la Palma",ESCAD,Cadiz,1,1,"Boluda Lines; CMA CGM",2,2,803.5,180,803,804,4,4,4,{4}
2024-12-29,ESSPC,"Santa Cruz de la Palma",ESLPA,"Las Palmas, Can Is",1,1,"CMA CGM",1,2,500,125,500,500,0,0,0,{0}
2024-12-29,ESSPC,"Santa Cruz de la Palma",ESVLC,Valencia,1,1,"Boluda Lines; CMA CGM",2,2,1036,250,1036,1036,6,6,6,{6}
2024-12-29,ESSVQ,Seville,ESSPC,"Santa Cruz de la Palma",1,1,"CMA CGM",1,2,500,125,500,500,2,2,2,{2}
2024-12-29,ESVGO,Vigo,CASJF,"St John's, Newfoundland",1,1,"Arkas Line; CMA CGM; Hapag-Lloyd",3,7,4329,742.8571428571429,3832,4664,8,8,8,{8}
2024-12-29,ESVGO,Vigo,DZAZW,"Arzew Algeria",1,1,"CMA CGM",1,1,1839.4285714285713,428.57142857142856,1073,1073,3,3,3,{3}
2024-12-29,ESVGO,Vigo,ESAGP,Malaga,1,1,Hapag-Lloyd,1,8,2728.125,569.75,2586,2837,3,3,3,{3}
2024-12-29,ESVGO,Vigo,ESBIO,Bilbao,1,1,Nirint,1,3,2404.5714285714284,288,894,1368,4,4,4,{4}
2024-12-29,ESVGO,Vigo,MAPTM,Tanger,1,1,"CMA CGM",1,4,1685.5,382,1440,1800,4,4,4,{4}
2024-12-29,ESVGO,Vigo,NLRTM,Rotterdam,1,1,"CMA CGM; Evergreen Line; OOCL; X-Press",4,2,1430.142857142857,217.71428571428572,1528,1809,4,4,4,{4}
2024-12-29,ESVGO,Vigo,PTLEI,Leixoes,3,3,"CMA CGM; Global Feeder Shipping; MACS; ZIM",4,11,6243.166666666667,443.5,868,2208,0,0,1,"{1,0,0}"
2024-12-29,ESVGO,Vigo,PTLIS,Lisbon,1,1,"APL; Arkas Line; CMA CGM; Maersk Line; Marguisa; X-Press; ZIM",7,3,712,83.33333333333333,700,724,1,1,1,{1}
2024-12-29,ESVGO,Vigo,PTSET,Setubal,1,1,"MSC; WEC Lines",2,3,866,178,862,868,1,1,1,{1}
2024-12-29,ESVGO,Vigo,PTSIE,Sines,1,1,"MSC; WEC Lines",2,3,2405,338.6666666666667,1658,2825,1,1,1,{1}
2024-12-29,ESVLC,Valencia,AEJEA,"Dubai, Jebel Ali",1,1,"CMA CGM; COSCO; Hapag-Lloyd; OOCL",4,12,8546.75,877.5,7179,10100,28,28,28,{28}
2024-12-29,ESVLC,Valencia,BRSUA,Suape,1,1,"Hapag-Lloyd; MSC; ZIM",3,9,9267.888888888889,1291.4444444444441,8762,11010,13,13,13,{13}
2024-12-29,ESVLC,Valencia,CAHAL,Halifax,1,1,"Hapag-Lloyd; ZIM",2,8,4035.5,353.875,3429,4839,10,10,10,{10}
2024-12-29,ESVLC,Valencia,DZALG,Algiers,5,5,"CNAN-MED; Messina; MSC; Tarros; X-Press",5,13,7222.523809523809,984.8095238095239,365,1809,1,1,2,"{1,1,2,1,2}"
2024-12-29,ESVLC,Valencia,DZBJA,Bejaia,1,1,MSC,1,2,1028.5714285714287,,1800,1800,1,1,1,{1}
2024-12-29,ESVLC,Valencia,DZORN,Oran,2,2,"CMA CGM; MSC",2,3,2372.285714285714,345,1118,1756,1,1.5,2,"{2,1}"
2024-12-29,ESVLC,Valencia,EGALY,Alexandria,1,1,"MSC; WEC Lines",2,5,9192.4,748.8,8384,9600,4,4,4,{4}
2024-12-29,ESVLC,Valencia,ESAGP,Malaga,2,2,MSC,1,32,27221.587301587304,1022.6190476190477,2680,16520,1,1,1,"{1,1}"
2024-12-29,ESVLC,Valencia,ESALG,Algeciras,5,5,"APL; Arkas Line; CMA CGM; COSCO; Maersk Line; Marguisa; MSC; Naviera DAL; OOCL; X-Press; ZIM",11,24,16536.85714285714,2067.0555555555557,700,9200,1,2,3,"{2,1,3,2,2}"
2024-12-29,ESVLC,Valencia,ESBCN,Barcelona,10,10,"APL; Arkas Line; CMA CGM; CNC Line-Cheng Lie Navigation Co. Ltd.; COSCO; Evergreen Line; Global Feeder Shipping; Hapag-Lloyd; Hyundai; Maersk Line; MSC; ONE; OOCL; Sinokor; WEC Lines; ZIM",16,74,66259.42222222223,6077.940277777778,868,24232,0,1,3,"{3,1,1,1,1,0,1,1,1,1}"
2024-12-29,ESVLC,Valencia,ESCAD,Cadiz,1,1,"Boluda Lines; CMA CGM",2,2,1036,250,1036,1036,3,3,3,{3}
2024-12-29,ESVLC,Valencia,ESCAS,Castellon,1,1,"Arkas Line; CMA CGM; Hapag-Lloyd; Maersk Line; Turkon",5,3,2547,536.6666666666666,2452,2702,1,1,1,{1}
2024-12-29,ESVLC,Valencia,ESLPA,"Las Palmas, Can Is",2,2,"MSC; WEC Lines",2,9,6420.285714285715,618.8571428571429,868,6008,3,3,3,"{3,3}"
2024-12-29,ESVLC,Valencia,FRFOS,"Marseilles-Fos (Fos)",1,1,"CMA CGM",1,3,1381.3333333333333,329.6666666666667,1304,1436,1,1,1,{1}
2024-12-29,ESVLC,Valencia,FRSET,Sete,1,1,"Grimaldi Lines",1,4,3092.1428571428573,,1318,1568,2,2,2,{2}
2024-12-29,ESVLC,Valencia,GBLGP,"London Gateway",1,1,"MSC; ZIM",2,5,6954,520,6644,8002,5,5,5,{5}
2024-12-29,ESVLC,Valencia,GRPIR,Piraeus,2,2,"APL; CMA CGM; CNC Line-Cheng Lie Navigation Co. Ltd.; COSCO; Evergreen Line; Hapag-Lloyd; OOCL",7,26,21631.964285714286,1595.357142857143,7179,14500,3,3.5,4,"{3,4}"
2024-12-29,ESVLC,Valencia,ILHFA,Haifa,1,1,ZIM,1,15,7906.8,503.3333333333333,5300,10062,4,4,4,{4}
2024-12-29,ESVLC,Valencia,ITCVV,Civitavecchia,1,1,Hapag-Lloyd,1,8,2728.125,569.75,2586,2837,2,2,2,{2}
2024-12-29,ESVLC,Valencia,ITGIT,"Gioia Tauro",3,3,"Maersk Line; MSC",2,25,32362.785714285714,2547.535714285714,6750,16520,2,2,6,"{2,2,6}"
2024-12-29,ESVLC,Valencia,ITGOA,Genoa,1,1,"Hapag-Lloyd; Hyundai; ONE; Yang Ming",4,15,12522.6,702.2,13169,15500,2,2,2,{2}
2024-12-29,ESVLC,Valencia,ITLIV,Leghorn,1,1,"Hapag-Lloyd; ZIM",2,7,4895.428571428572,316,4612,5087,3,3,3,{3}
2024-12-29,ESVLC,Valencia,ITSAL,Salerno,1,1,"Grimaldi Lines",1,4,729,,700,750,2,2,2,{2}
2024-12-29,ESVLC,Valencia,ITSPE,"La Spezia",1,1,"ANL; APL; CMA CGM; MSC",4,17,8897.117647058823,798.8235294117648,8269,9572,2,2,2,{2}
2024-12-29,ESVLC,Valencia,MACAS,Casablanca,4,4,"Arkas Line; CMA CGM; COSCO; Maersk Line; MSC",5,15,12204.928571428572,1798.595238095238,1604,4506,1,1.5,2,"{1,2,2,1}"
2024-12-29,ESVLC,Valencia,MAPTM,Tanger,2,2,"APL; Arkas Line; CMA CGM; COSCO; Marfret; ONE",6,11,7736.555555555556,1530.2777777777778,907,7327,1,1.5,2,"{2,1}"
2024-12-29,ESVLC,Valencia,MTMAR,"Malta (Marsaxlokk)",1,1,"CMA CGM",1,6,3373.4285714285716,426.42857142857144,3450,4506,6,6,6,{6}
2024-12-29,ESVLC,Valencia,MXVER,Veracruz,1,1,"Hapag-Lloyd; ZIM",2,7,4895.428571428572,316,4612,5087,12,12,12,{12}
2024-12-29,ESVLC,Valencia,NLVLI,Flushing,1,1,"Grimaldi Lines",1,4,729,,700,750,4,4,4,{4}
2024-12-29,ESVLC,Valencia,PTSIE,Sines,2,2,MSC,1,20,13261.45238095238,1136.7380952380952,3007,12119,2,2,2,"{2,2}"
2024-12-29,ESVLC,Valencia,SGSIN,Singapore,1,1,"CMA CGM; CNC Line-Cheng Lie Navigation Co. Ltd.; COSCO; Evergreen Line; OOCL",5,14,20392.071428571428,856.2857142857143,18982,21413,29,29,29,{29}
2024-12-29,ESVLC,Valencia,TNTUN,Tunis,1,1,Medkon,1,1,353,,353,353,1,1,1,{1}
2024-12-29,ESVLC,Valencia,USNYC,"New York NY/NJ",1,1,"APL; CMA CGM; COSCO; Hapag-Lloyd; ONE; OOCL; Yang Ming; ZIM",8,6,8738,728.3333333333334,8063,9954,5,5,5,{5}
2024-12-29,FIHEL,Helsinki,EETLL,"Tallinn Estonia",5,5,"CMA CGM; COSCO; Evergreen Line; Hapag-Lloyd; ONE; OOCL; Unifeeder; X-Press",8,11,7266,1688,1036,2126,0,1,1,"{1,1,0,1,0}"
2024-12-29,FIHEL,Helsinki,FIKTK,Kotka,1,1,"ONE; X-Press; Yang Ming",3,2,1396,279,1264,1528,1,1,1,{1}
2024-12-29,FIHEL,Helsinki,FIRAU,"Rauma Finland",1,1,MSC,1,2,1875,385,1875,1875,1,1,1,{1}
2024-12-29,FIHEL,Helsinki,PLGDN,Gdansk,2,2,"CMA CGM; COSCO; OOCL",3,3,2407,552.5,1084,1425,2,2,2,"{2,2}"
2024-12-29,FIKTK,Kotka,BEANR,Antwerp,2,2,"MSC; ONE; X-Press; Yang Ming",4,4,3115,679,1264,1719,2,3.5,5,"{2,5}"
2024-12-29,FIKTK,Kotka,DEBRV,Bremerhaven,2,2,"CMA CGM; COSCO; Evergreen Line; Hapag-Lloyd; Maersk Line; OOCL; Unifeeder",7,7,4627.6,849.6,1025,3596,3,3,3,"{3,3}"
2024-12-29,FIKTK,Kotka,DEHAM,Hamburg,1,1,"CMA CGM; COSCO; Evergreen Line; Hapag-Lloyd; OOCL; Unifeeder",6,5,1031.6,249.6,1025,1036,3,3,3,{3}
2024-12-29,FIKTK,Kotka,FIHEL,Helsinki,3,3,"CMA CGM; COSCO; OOCL",3,5,4533,1202.5,1084,2126,1,1,1,"{1,1,1}"
2024-12-29,FIKTK,Kotka,NLRTM,Rotterdam,2,2,"CMA CGM; COSCO; Evergreen Line; OOCL; X-Press",5,4,2741,616.5,1264,1574,3,3.5,4,"{4,3}"
2024-12-29,FIRAU,"Rauma Finland",DEBRV,Bremerhaven,1,1,"CMA CGM",1,2,1000,,1000,1000,5,5,5,{5}
2024-12-29,FIRAU,"Rauma Finland",DEHAM,Hamburg,1,1,"Hapag-Lloyd; ONE",2,2,1440,316,1440,1440,4,4,4,{4}
2024-12-29,FIRAU,"Rauma Finland",DEWVN,Wilhelmshaven,1,1,"CMA CGM; COSCO; Evergreen Line; Hapag-Lloyd; Maersk Line; OOCL; Unifeeder",7,3,1307,126.66666666666667,1036,1578,3,3,3,{3}
2024-12-29,FIRAU,"Rauma Finland",LTKLJ,"Klaipeda
",1,1,MSC,1,2,1875,385,1875,1875,1,1,1,{1}
2024-12-29,FIRAU,"Rauma Finland",SEGVX,Gavle,1,1,"ONE; X-Press",2,2,1236,340.5,1036,1436,0,0,0,{0}
2024-12-29,FJLTK,Lautoka,FJSUV,Suva,6,6,"ANL; Kyowa; MSC; NPDL; NYK Bulk and Projects; ONE; PFL; Swire Shipping",8,15,18324,835,519,2572,0,1,2,"{1,2,1,0,1,1}"
2024-12-29,FJLTK,Lautoka,MHMAJ,Majuro,1,1,"COSCO; MELL; NPDL; PIL",4,3,2160,400,1080,1080,5,5,5,{5}
2024-12-29,FJLTK,Lautoka,PGRAB,Rabaul,1,1,"Carpenters Shipping; Swire Shipping",2,3,4451.047619047619,304.76190476190476,1678,2082,7,7,7,{7}
2024-12-29,FJSUV,Suva,FJLTK,Lautoka,2,2,"Carpenters Shipping; COSCO; MELL; NPDL; PIL; Swire Shipping",6,6,6611.047619047619,704.7619047619048,1080,2082,1,1.5,2,"{2,1}"
2024-12-29,FJSUV,Suva,NZNSN,Nelson,1,1,MSC,1,4,2077.5,417,1114,2572,6,6,6,{6}
2024-12-29,FJSUV,Suva,SBHIR,Honiara,1,1,"Carpenters Shipping; Swire Shipping",2,3,4546.428571428571,762.8571428571429,1794,2381,5,5,5,{5}
2024-12-29,FJSUV,Suva,TOTBU,Nuku'alofa,3,3,"Kyowa; NYK Bulk and Projects; ONE; Swire Shipping",4,8,12037.5,,914,2082,2,2,3,"{3,2,2}"
2024-12-29,FJSUV,Suva,VUSAN,Santo,1,1,"ANL; NPDL",2,1,1557,,519,519,17,17,17,{17}
2024-12-29,FJSUV,Suva,VUVLI,"Port Vila",1,1,"NPDL; PFL; Swire Shipping",3,2,2652,418,1102,1550,2,2,2,{2}
2024-12-29,FMKSA,Kosrae,FMPNI,Pohnpei,1,1,"COSCO; MELL; NPDL; PIL",4,3,2160,400,1080,1080,2,2,2,{2}
2024-12-29,FMPNI,Pohnpei,CNNSA,Nansha,1,1,"COSCO; MELL; NPDL; PIL",4,3,2160,400,1080,1080,8,8,8,{8}
2024-12-29,FMYAP,Yap,PWROR,Koror,1,1,"MELL; PIL",2,2,1554,200,777,777,1,1,1,{1}
2024-12-29,FOTHO,Thorshavn,DEBRV,Bremerhaven,1,1,"Eimskip; Royal Arctic Line",2,3,2148,500,2148,2148,3,3,3,{3}
2024-12-29,FOTHO,Thorshavn,GBIMM,Immingham,2,2,Eimskip,1,2,3146,700,698,875,2,2,2,"{2,2}"
2024-12-29,FOTHO,Thorshavn,GBSCR,Scrabster,1,1,Eimskip,1,3,60,,60,60,1,1,1,{1}
2024-12-29,FOTHO,Thorshavn,ISREY,Reykjavik,2,2,Eimskip,1,2,3146,700,698,875,2,2,2,"{2,2}"
2024-12-29,FRCFR,Caen,BEANR,Antwerp,1,1,"BOCS-Bremen Overseas Chartering and Shipping",1,5,810.8571428571429,94.62857142857145,706,953,4,4,4,{4}
2024-12-29,FRDKK,Dunkirk,BEANR,Antwerp,1,1,"CMA CGM",1,6,4281.5,536.3333333333334,4250,4367,1,1,1,{1}
2024-12-29,FRDKK,Dunkirk,FRLEH,"Le Havre",3,3,"ANL; APL; CMA CGM; COSCO; Hapag-Lloyd; Marfret; MSC; ONE; OOCL",9,33,19520.42490842491,1854.4890109890107,1064,14074,1,1,1,"{1,1,1}"
2024-12-29,FRDKK,Dunkirk,GBLGP,"London Gateway",1,1,"CMA CGM; Marfret",2,6,3684.3333333333335,800,3504,4045,1,1,1,{1}
2024-12-29,FRDKK,Dunkirk,GBLIV,Liverpool,1,1,"CMA CGM",1,2,1320.5,302.5,1220,1421,2,2,2,{2}
2024-12-29,FRDKK,Dunkirk,GBSOU,Southampton,2,2,"BG Freight Line; CMA CGM; CNC Line-Cheng Lie Navigation Co. Ltd.; COSCO; Evergreen Line; OOCL",6,16,18030.066666666666,1158,508,17859,1,1,1,"{1,1}"
2024-12-29,FRDKK,Dunkirk,GBTEE,Teesport,1,1,"CMA CGM",1,1,750,190,750,750,1,1,1,{1}
2024-12-29,FRDKK,Dunkirk,NLRTM,Rotterdam,1,1,"CMA CGM; CNC Line-Cheng Lie Navigation Co. Ltd.; COSCO; Evergreen Line; Hapag-Lloyd; OOCL",6,14,22084.571428571428,1853.142857142857,17292,23112,1,1,1,{1}
2024-12-29,FRFOS,"Marseilles-Fos (Fos)",DZALG,Algiers,1,1,MSC,1,2,1424,235,1118,1730,2,2,2,{2}
2024-12-29,FRFOS,"Marseilles-Fos (Fos)",DZBJA,Bejaia,1,1,"CMA CGM",1,3,1381.3333333333333,329.6666666666667,1304,1436,10,10,10,{10}
2024-12-29,FRFOS,"Marseilles-Fos (Fos)",ESBCN,Barcelona,4,4,"APL; Arkas Line; CMA CGM; COSCO; Hapag-Lloyd; Hyundai; Maersk Line; ONE; OOCL; Yang Ming; ZIM",11,37,33478.85,2500,1604,15258,0,1,1,"{1,1,0,1}"
2024-12-29,FRFOS,"Marseilles-Fos (Fos)",ESSAG,Sagunto,1,1,"Arkas Line; CMA CGM; Hapag-Lloyd",3,7,4329,742.8571428571429,3832,4664,0,0,0,{0}
2024-12-29,FRFOS,"Marseilles-Fos (Fos)",ESVLC,Valencia,4,4,"Arkas Line; CMA CGM; CNC Line-Cheng Lie Navigation Co. Ltd.; COSCO; Evergreen Line; Hapag-Lloyd; Maersk Line; MSC; OOCL; Turkon",10,39,37631.51587301587,1821.2857142857142,1114,21413,1,1,1,"{1,1,1,1}"
2024-12-29,FRFOS,"Marseilles-Fos (Fos)",ITGIT,"Gioia Tauro",1,1,MSC,1,7,5552.285714285715,384.85714285714283,4340,6008,3,3,3,{3}
2024-12-29,FRFOS,"Marseilles-Fos (Fos)",ITGOA,Genoa,2,2,"COSCO; Messina; ZIM",3,5,11046.690476190475,876.7142857142857,1061,4406,0,0.5,1,"{0,1}"
2024-12-29,FRFOS,"Marseilles-Fos (Fos)",ITSPE,"La Spezia",1,1,MSC,1,14,9238.785714285714,727.5714285714286,8772,12119,1,1,1,{1}
2024-12-29,FRFOS,"Marseilles-Fos (Fos)",MTMAR,"Malta (Marsaxlokk)",1,1,"APL; CMA CGM; CNC Line-Cheng Lie Navigation Co. Ltd.; COSCO; Evergreen Line; OOCL",6,15,15338.133333333333,1066.6666666666667,15254,16020,2,2,2,{2}
2024-12-29,FRFOS,"Marseilles-Fos (Fos)",REPDG,"Reunion Island",1,1,"ANL; APL; CMA CGM; MSC",4,17,8897.117647058823,798.8235294117648,8269,9572,22,22,22,{22}
2024-12-29,FRLEH,"Le Havre",BEANR,Antwerp,3,3,"APL; CMA CGM; COSCO; Evergreen Line; Maersk Line; MSC; OOCL; WEC Lines",8,25,31027.69523809524,1671.0857142857144,1658,24346,1,1,2,"{1,2,1}"
2024-12-29,FRLEH,"Le Havre",DEWVN,Wilhelmshaven,1,1,"Hapag-Lloyd; Hyundai; ONE; Yang Ming",4,15,18566.333333333332,1173.3333333333333,13792,20150,2,2,2,{2}
2024-12-29,FRLEH,"Le Havre",ESALG,Algeciras,1,1,"CMA CGM; COSCO; Hapag-Lloyd; ONE; OOCL",5,13,11602.615384615385,753.8461538461537,9448,14074,3,3,3,{3}
2024-12-29,FRLEH,"Le Havre",ESVGO,Vigo,1,1,"CMA CGM",1,4,1685.5,382,1440,1800,3,3,3,{3}
2024-12-29,FRLEH,"Le Havre",ESVLC,Valencia,1,1,"ANL; APL; CMA CGM; MSC",4,17,8897.117647058823,798.8235294117648,8269,9572,4,4,4,{4}
2024-12-29,FRLEH,"Le Havre",FRMTX,Montoir,3,3,"CMA CGM; Marfret; MSC; WEC Lines",4,15,10370.833333333334,1675.0000000000002,1658,4367,1,2,3,"{3,2,1}"
2024-12-29,FRLEH,"Le Havre",GBFXT,Felixstowe,1,1,"MSC; WEC Lines; ZIM",3,5,5258.6,450,4900,6350,1,1,1,{1}
2024-12-29,FRLEH,"Le Havre",GBLGP,"London Gateway",2,2,"Hapag-Lloyd; MSC; ONE",3,19,13947.410256410256,803.9230769230769,4890,9200,1,1.5,2,"{1,2}"
2024-12-29,FRLEH,"Le Havre",GBLIV,Liverpool,1,1,"COSCO; Hapag-Lloyd; MSC; OOCL",4,5,4804.6,570.8,3832,5060,2,2,2,{2}
2024-12-29,FRLEH,"Le Havre",GHTEM,Tema,1,1,MSC,1,6,5599.666666666667,512.5,5001,5908,12,12,12,{12}
2024-12-29,FRLEH,"Le Havre",ILASH,Ashdod,1,1,"MSC; ZIM",2,5,6954,520,6644,8002,9,9,9,{9}
2024-12-29,FRLEH,"Le Havre",MACAS,Casablanca,1,1,MSC,1,6,3036.3333333333335,250,2762,3430,3,3,3,{3}
2024-12-29,FRLEH,"Le Havre",MTMAR,"Malta (Marsaxlokk)",1,1,"CMA CGM; ONE",2,6,5704,462,5089,6612,6,6,6,{6}
2024-12-29,FRLEH,"Le Havre",MYPKG,"Port Klang",1,1,"CMA CGM; CNC Line-Cheng Lie Navigation Co. Ltd.; COSCO; Evergreen Line; Hapag-Lloyd; OOCL",6,14,22084.571428571428,1853.142857142857,17292,23112,28,28,28,{28}
2024-12-29,FRLEH,"Le Havre",NLRTM,Rotterdam,3,3,"ACL-Atlantic Container Line; CMA CGM; CNC Line-Cheng Lie Navigation Co. Ltd.; COSCO; Evergreen Line; Hapag-Lloyd; ONE; OOCL; Yang Ming",9,31,29094.61212121212,2117.2,4882,17859,1,1,3,"{1,3,1}"
2024-12-29,FRLEH,"Le Havre",PTLEI,Leixoes,1,1,"Grimaldi Lines",1,2,3313.714285714286,,612,1321,3,3,3,{3}
2024-12-29,FRLEH,"Le Havre",PTSIE,Sines,2,2,"Hapag-Lloyd; MSC; Stinnes",3,19,18921.61111111111,2365.922222222222,6456,12119,2,2.5,3,"{3,2}"
2024-12-29,FRLEH,"Le Havre",SGSIN,Singapore,1,1,"ANL; APL; CMA CGM; COSCO; Evergreen Line; Hapag-Lloyd; Hyundai; ONE; OOCL; Yang Ming",10,19,8613.894736842105,792,8212,9040,34,34,34,{34}
2024-12-29,FRLEH,"Le Havre",SNDKR,Dakar,1,1,"Grimaldi Lines",1,3,3019.4285714285716,,1321,1321,7,7,7,{7}
2024-12-29,FRLEH,"Le Havre",USBOS,"Boston MA",1,1,"Ellerman; MSC",2,9,4294,1266.6666666666667,4112,4931,8,8,8,{8}
2024-12-29,FRLEH,"Le Havre",USNYC,"New York NY/NJ",3,3,"ANL; APL; CMA CGM; COSCO; Evergreen Line; Maersk Line; Marfret; MSC; OOCL",9,27,16223.809523809525,1602.9761904761904,1064,13208,9,10,10,"{10,10,9}"
2024-12-29,FRLRH,"La Rochelle",FRCFR,Caen,1,1,"BOCS-Bremen Overseas Chartering and Shipping",1,5,810.8571428571429,94.62857142857145,706,953,2,2,2,{2}
2024-12-29,FRLRH,"La Rochelle",GPBBR,"Basse Terre",1,1,Soreidom,1,1,591.4285714285714,,138,138,18,18,18,{18}
2024-12-29,FRMRS,"Marseilles-Fos (Marseilles)",DZAAE,Annaba,1,1,"CMA CGM",1,4,1733.5,294.75,1604,1809,2,2,2,{2}
2024-12-29,FRMRS,"Marseilles-Fos (Marseilles)",DZALG,Algiers,1,1,"CMA CGM",1,3,1032.3333333333333,262,957,1118,8,8,8,{8}
2024-12-29,FRMRS,"Marseilles-Fos (Marseilles)",DZMOS,Mostaganem,2,2,"Arkas Line; CMA CGM",2,2,599,54,296,303,2,2,2,"{2,2}"
2024-12-29,FRMRS,"Marseilles-Fos (Marseilles)",ESBCN,Barcelona,2,2,"APL; Borchard Lines Ltd; CMA CGM; COSCO; Marfret",5,12,7936.555555555556,1642.111111111111,889,7327,1,1,1,"{1,1}"
2024-12-29,FRMRS,"Marseilles-Fos (Marseilles)",ESVLC,Valencia,1,1,"CNAN-MED; Messina; Tarros",3,2,2182.8571428571427,297.14285714285717,1528,1528,1,1,1,{1}
2024-12-29,FRMRS,"Marseilles-Fos (Marseilles)",ITGOA,Genoa,2,2,"Arkas Line; CMA CGM; Grimaldi Lines; Messina; Tarros",5,10,4669.976190476191,206.66666666666666,1267,1930,1,1,1,"{1,1}"
2024-12-29,FRMRS,"Marseilles-Fos (Marseilles)",TNTUN,Tunis,1,1,"CMA CGM",1,2,230,25.714285714285715,760,850,2,2,2,{2}
2024-12-29,FRMTX,Montoir,ESBIO,Bilbao,1,1,"MSC; WEC Lines",2,3,2405,338.6666666666667,1658,2825,1,1,1,{1}
2024-12-29,FRMTX,Montoir,GBFXT,Felixstowe,1,1,"CMA CGM; ONE",2,6,4290.666666666667,500,4250,4363,3,3,3,{3}
2024-12-29,FRMTX,Montoir,GPPTP,Pointe-a-Pitre,1,1,"CMA CGM; Marfret",2,6,3684.3333333333335,800,3504,4045,9,9,9,{9}
2024-12-29,FRMTX,Montoir,MAPTM,Tanger,1,1,"CMA CGM",1,6,4281.5,536.3333333333334,4250,4367,3,3,3,{3}
2024-12-29,FRMTX,Montoir,NLRTM,Rotterdam,2,2,"BG Freight Line; CMA CGM; MSC; WEC Lines",4,3,1516,152.5,508,1008,1,1.5,2,"{2,1}"
2024-12-29,FRSET,Sete,FRMRS,"Marseilles-Fos (Marseilles)",1,1,"Grimaldi Lines",1,4,3092.1428571428573,,1318,1568,1,1,1,{1}
2024-12-29,FRURO,Rouen,GNCKY,Conakry,1,1,"BOCS-Bremen Overseas Chartering and Shipping",1,5,810.8571428571429,94.62857142857145,706,953,11,11,11,{11}
2024-12-29,FRURO,Rouen,GPPTP,Pointe-a-Pitre,1,1,"Europe Caribbean Line; Seatrade",2,7,331.85714285714283,86.28571428571429,72,439,10,10,10,{10}
2024-12-29,GALBV,Libreville,BEANR,Antwerp,1,1,"Grimaldi Lines",1,3,3019.4285714285716,,1321,1321,19,19,19,{19}
2024-12-29,GALBV,Libreville,CMDLA,Douala,1,1,"BOCS-Bremen Overseas Chartering and Shipping",1,5,810.8571428571429,94.62857142857145,706,953,4,4,4,{4}
2024-12-29,GALBV,Libreville,ESVLC,Valencia,1,1,"APL; CMA CGM; Marguisa; Naviera DAL",4,6,3258.6666666666665,424.8333333333333,3091,3600,14,14,14,{14}
2024-12-29,GAPOG,"Port Gentil",CGPNR,"Pointe Noire",1,1,"BOCS-Bremen Overseas Chartering and Shipping",1,5,810.8571428571429,94.62857142857145,706,953,1,1,1,{1}
2024-12-29,GBBEL,Belfast,BEANR,Antwerp,1,1,"CMA CGM; Eucon; Hapag-Lloyd",3,1,972,170,972,972,3,3,3,{3}
2024-12-29,GBBEL,Belfast,GBGRK,Greenock,2,2,"BG Freight Line; CMA CGM",2,3,2700.5,680.5,1220,1421,1,1,1,"{1,1}"
2024-12-29,GBBEL,Belfast,IEORK,Cork,1,1,"CMA CGM; Unifeeder; X-Press",3,1,658,150,658,658,0,0,0,{0}
2024-12-29,GBBEL,Belfast,NLRTM,Rotterdam,2,2,"BG Freight Line; CMA CGM; ONE; X-Press",4,5,1439.4285714285716,,868,1036,2,2.5,3,"{3,2}"
2024-12-29,GBBRS,Bristol,ESBIO,Bilbao,1,1,"CMA CGM",1,1,972,,972,972,3,3,3,{3}
2024-12-29,GBDVR,Dover,GYGEO,"Georgetown, Guyana",1,1,Soreidom,1,2,1095.2857142857142,31.428571428571427,348,349,15,15,15,{15}
2024-12-29,GBDVR,Dover,NLVLI,Flushing,1,1,"Europe Caribbean Line; Seatrade",2,7,331.85714285714283,86.28571428571429,72,439,3,3,3,{3}
2024-12-29,GBFXT,Felixstowe,BEANR,Antwerp,2,2,"CMA CGM; MSC; ONE",3,9,9252,950,4250,4992,1,1.5,2,"{2,1}"
2024-12-29,GBFXT,Felixstowe,BEZEE,Zeebrugge,2,2,"CMA CGM; CNC Line-Cheng Lie Navigation Co. Ltd.; COSCO; Evergreen Line; MSC; OOCL",6,36,37933.2,1232.4761904761904,8772,24188,0,0,0,"{0,0}"
2024-12-29,GBFXT,Felixstowe,DEHAM,Hamburg,5,5,"Borchard Lines Ltd; CMA CGM; CNC Line-Cheng Lie Navigation Co. Ltd.; COSCO; Evergreen Line; Hapag-Lloyd; Maersk Line; MSC; ONE; OOCL; Turkon; WEC Lines; ZIM",13,45,58282.57142857143,2383.152380952381,4900,24000,1,1,2,"{1,1,1,2,1}"
2024-12-29,GBFXT,Felixstowe,ESALG,Algeciras,1,1,"Maersk Line; MSC",2,15,22164.266666666666,718.1333333333333,19200,24346,6,6,6,{6}
2024-12-29,GBFXT,Felixstowe,FIKTK,Kotka,1,1,"Maersk Line",1,2,3596,600,3596,3596,4,4,4,{4}
2024-12-29,GBFXT,Felixstowe,FRLEH,"Le Havre",1,1,"Ellerman; MSC",2,9,4294,1266.6666666666667,4112,4931,1,1,1,{1}
2024-12-29,GBFXT,Felixstowe,GBGRG,Grangemouth,1,1,"CMA CGM; COSCO; Unifeeder",3,1,809,150,809,809,1,1,1,{1}
2024-12-29,GBFXT,Felixstowe,GBHUL,Hull,1,1,"BG Freight Line; CMA CGM",2,1,804,180,804,804,1,1,1,{1}
2024-12-29,GBFXT,Felixstowe,GBTEE,Teesport,1,1,"BG Freight Line; CMA CGM",2,1,1036,,1036,1036,2,2,2,{2}
2024-12-29,GBFXT,Felixstowe,MAPTM,Tanger,1,1,"Maersk Line",1,12,9459.416666666666,975.0833333333334,6402,10500,10,10,10,{10}
2024-12-29,GBFXT,Felixstowe,NLRTM,Rotterdam,3,3,"COSCO; Maersk Line; MSC; OOCL; Yang Ming",5,33,29035.14835164835,2131.0897435897436,4051,24116,1,1,1,"{1,1,1}"
2024-12-29,GBGRG,Grangemouth,BEANR,Antwerp,2,2,"CMA CGM; MSC; WEC Lines",3,2,1758,340,750,1008,1,1.5,2,"{2,1}"
2024-12-29,GBGRG,Grangemouth,GBTEE,Teesport,1,1,"CMA CGM; COSCO; Unifeeder",3,1,809,150,809,809,1,1,1,{1}
2024-12-29,GBGRG,Grangemouth,NLRTM,Rotterdam,1,1,"BG Freight Line; CMA CGM; Maersk Line",3,1,1004,253,1004,1004,1,1,1,{1}
2024-12-29,GBGRK,Greenock,BEANR,Antwerp,1,1,"CMA CGM",1,2,1320.5,302.5,1220,1421,3,3,3,{3}
2024-12-29,GBGRK,Greenock,ESBIO,Bilbao,1,1,"CMA CGM",1,1,907,,907,907,2,2,2,{2}
2024-12-29,GBGRK,Greenock,IEDUB,Dublin,2,2,"BG Freight Line; CMA CGM; Unifeeder; X-Press",4,2,2038,528,658,1380,1,1,1,"{1,1}"
2024-12-29,GBHUL,Hull,ESBIO,Bilbao,1,1,"Europe Caribbean Line",1,4,738.2142857142857,,256,450,4,4,4,{4}
2024-12-29,GBHUL,Hull,GBIMM,Immingham,1,1,"BG Freight Line; CMA CGM",2,1,804,180,804,804,1,1,1,{1}
2024-12-29,GBIMM,Immingham,BEANR,Antwerp,1,1,Stinnes,1,3,3193.047619047619,208,771,904,15,15,15,{15}
2024-12-29,GBIMM,Immingham,DEHAM,Hamburg,2,2,"CMA CGM; MACS; Unifeeder",3,8,4908.833333333334,188,917,2208,0,1.5,3,"{0,3}"
2024-12-29,GBIMM,Immingham,DKAAR,Aarhus,1,1,Eimskip,1,1,1396,240,698,698,4,4,4,{4}
2024-12-29,GBIMM,Immingham,GBNCL,"Newcastle UK",1,1,"BG Freight Line; CMA CGM",2,1,804,180,804,804,1,1,1,{1}
2024-12-29,GBIMM,Immingham,NLAMS,Amsterdam,1,1,Eimskip,1,3,60,,60,60,1,1,1,{1}
2024-12-29,GBIMM,Immingham,NOFRK,Fredrikstad,1,1,Eimskip,1,1,1750,460,875,875,2,2,2,{2}
2024-12-29,GBIMM,Immingham,PLSZZ,Szczecin,1,1,"CMA CGM; Unifeeder",2,2,945.5,188,917,974,2,2,2,{2}
2024-12-29,GBLGP,"London Gateway",BEANR,Antwerp,4,4,"CMA CGM; Hapag-Lloyd; Marfret; MSC; ONE",5,27,24468.333333333332,3105.3888888888887,3504,11037,1,1,1,"{1,1,1,1}"
2024-12-29,GBLGP,"London Gateway",DEHAM,Hamburg,6,6,"CMA CGM; COSCO; Hapag-Lloyd; Maersk Line; MSC; ONE; OOCL; Yang Ming",8,42,34953.91428571429,4684.45,1036,12119,1,2,3,"{2,1,2,3,1,2}"
2024-12-29,GBLGP,"London Gateway",FRDKK,Dunkirk,1,1,"ANL; APL; CMA CGM; Marfret",4,14,2318.1428571428573,588.1428571428571,1064,2713,1,1,1,{1}
2024-12-29,GBLGP,"London Gateway",GBFXT,Felixstowe,2,2,"CMA CGM; COSCO; MSC; Unifeeder",4,22,15194.666666666666,1082.4761904761904,809,19224,0,0.5,1,"{1,0}"
2024-12-29,GBLGP,"London Gateway",INMUN,Mundra,1,1,MSC,1,21,14385.666666666666,932.4761904761905,8772,19224,26,26,26,{26}
2024-12-29,GBLGP,"London Gateway",MAPTM,Tanger,3,3,"CMA CGM; COSCO; Hapag-Lloyd; Hyundai; Maersk Line; MSC; ONE; OOCL; Yang Ming",9,43,46449.933333333334,2790.116666666667,8626,23964,4,5,5,"{4,5,5}"
2024-12-29,GBLGP,"London Gateway",MUPLU,"Port Louis",1,1,MSC,1,13,8063.076923076923,317.92307692307685,6492,9200,22,22,22,{22}
2024-12-29,GBLGP,"London Gateway",NLMOE,Moerdijk,1,1,"MSC; WEC Lines",2,3,866,178,862,868,1,1,1,{1}
2024-12-29,GBLGP,"London Gateway",NLRTM,Rotterdam,9,9,"ANL; APL; CMA CGM; Hapag-Lloyd; Maersk Line; Marguisa; MSC; ONE; Stinnes; WEC Lines; ZIM",11,73,68718.07320261438,8388.534640522876,3003,12846,0,1,3,"{1,1,1,1,1,0,3,1,1}"
2024-12-29,GBLGP,"London Gateway",SGSIN,Singapore,1,1,MSC,1,15,11637.466666666665,480.8666666666667,4392,16000,28,28,28,{28}
2024-12-29,GBLIV,Liverpool,CAHAL,Halifax,1,1,"ACL-Atlantic Container Line; Hapag-Lloyd",2,5,3809,200,3809,3809,7,7,7,{7}
2024-12-29,GBLIV,Liverpool,CAMTR,Montreal,1,1,"COSCO; Hapag-Lloyd; MSC; OOCL",4,5,4804.6,570.8,3832,5060,11,11,11,{11}
2024-12-29,GBLIV,Liverpool,GBBEL,Belfast,1,1,"BG Freight Line; CMA CGM",2,1,1380,378,1380,1380,2,2,2,{2}
2024-12-29,GBLIV,Liverpool,GBBRS,Bristol,1,1,"CMA CGM",1,1,972,,972,972,1,1,1,{1}
2024-12-29,GBLIV,Liverpool,GBGRK,Greenock,1,1,"CMA CGM",1,1,907,,907,907,1,1,1,{1}
2024-12-29,GBLIV,Liverpool,GBLGP,"London Gateway",1,1,MSC,1,5,4732.8,576.8,4132,5060,3,3,3,{3}
2024-12-29,GBLIV,Liverpool,IEDUB,Dublin,2,2,"Borchard Lines Ltd; CMA CGM",2,7,2188.5,487.9,868,1421,2,2.5,3,"{2,3}"
2024-12-29,GBLIV,Liverpool,NLRTM,Rotterdam,2,2,"BG Freight Line; CMA CGM; MSC",3,16,12641.466666666665,733.8666666666667,1004,16000,2,2.5,3,"{2,3}"
2024-12-29,GBLIV,Liverpool,PTSET,Setubal,2,2,"CMA CGM; MSC; WEC Lines",3,4,1580.2857142857142,256.92857142857144,804,889,2,3,4,"{2,4}"
2024-12-29,GBNCL,"Newcastle UK",NLRTM,Rotterdam,2,2,"BG Freight Line; CMA CGM",2,2,1840,180,804,1036,1,1,1,"{1,1}"
2024-12-29,GBPME,Portsmouth,BBBGI,Bridgetown,1,1,"Geest Line; Seatrade; StreamLines",3,5,463.2,189.6,436,564,11,11,11,{11}
2024-12-29,GBSCR,Scrabster,GBIMM,Immingham,1,1,Eimskip,1,3,60,,60,60,1,1,1,{1}
2024-12-29,GBSOU,Southampton,BEANR,Antwerp,5,5,"APL; CMA CGM; CNC Line-Cheng Lie Navigation Co. Ltd.; COSCO; Evergreen Line; Hapag-Lloyd; Maersk Line; OOCL",8,41,40492.54761904762,3877.6190476190477,2506,23112,2,2,2,"{2,2,2,2,2}"
2024-12-29,GBSOU,Southampton,ESVLC,Valencia,1,1,"Grimaldi Lines",1,4,729,,700,750,5,5,5,{5}
2024-12-29,GBSOU,Southampton,FRLEH,"Le Havre",3,3,"ACL-Atlantic Container Line; CMA CGM; Hapag-Lloyd; Hyundai; ONE; Yang Ming",6,31,30138.878787878788,2132.5333333333333,4882,20150,0,1,1,"{1,1,0}"
2024-12-29,GBSOU,Southampton,FRMTX,Montoir,1,1,"BG Freight Line; CMA CGM",2,1,508,,508,508,1,1,1,{1}
2024-12-29,GBSOU,Southampton,IEDUB,Dublin,1,1,"CMA CGM; Unifeeder; X-Press",3,1,658,150,658,658,1,1,1,{1}
2024-12-29,GBSOU,Southampton,IEORK,Cork,2,2,"BG Freight Line; CMA CGM; ICL; ONE",4,5,4477.5,878,1380,3108,1,1,1,"{1,1}"
2024-12-29,GBSOU,Southampton,NLRTM,Rotterdam,1,1,"CMA CGM; COSCO; Hapag-Lloyd; ONE; OOCL",5,13,11602.615384615385,753.8461538461537,9448,14074,1,1,1,{1}
2024-12-29,GBSOU,Southampton,PLGDN,Gdansk,1,1,"CMA CGM; CNC Line-Cheng Lie Navigation Co. Ltd.; COSCO; Evergreen Line; OOCL",5,15,17522.066666666666,1158,17292,17859,4,4,4,{4}
2024-12-29,GBSOU,Southampton,SGSIN,Singapore,1,1,"Hapag-Lloyd; Hyundai; ONE; Yang Ming",4,15,22783.733333333334,1029.7333333333333,15500,24136,31,31,31,{31}
2024-12-29,GBTEE,Teesport,BEZEE,Zeebrugge,2,2,"CMA CGM; MSC; WEC Lines",3,3,2408,522,1008,1400,0,0.5,1,"{1,0}"
2024-12-29,GBTEE,Teesport,GBGRG,Grangemouth,2,2,"CMA CGM; MSC; WEC Lines",3,2,1758,340,750,1008,0,0.5,1,"{0,1}"
2024-12-29,GBTEE,Teesport,GBNCL,"Newcastle UK",1,1,"BG Freight Line; CMA CGM",2,1,1036,,1036,1036,1,1,1,{1}
2024-12-29,GBTEE,Teesport,GBTIL,Tilbury,1,1,"CMA CGM",1,3,1400,372,1400,1400,1,1,1,{1}
2024-12-29,GBTEE,Teesport,ISGRT,Grundartangi,1,1,"CMA CGM; Eimskip; Hapag-Lloyd",3,2,1776.5,392.5,1678,1875,5,5,5,{5}
2024-12-29,GBTEE,Teesport,NLRTM,Rotterdam,2,2,"CMA CGM; COSCO; Unifeeder",3,4,2209,522,809,1400,1,2,3,"{1,3}"
2024-12-29,GBTHP,Thamesport,GBLGP,"London Gateway",1,1,"MSC; WEC Lines",2,3,866,178,862,868,1,1,1,{1}
2024-12-29,GBTHP,Thamesport,NLRTM,Rotterdam,1,1,"CMA CGM",1,1,1000,,1000,1000,1,1,1,{1}
2024-12-29,GBTIL,Tilbury,BEANR,Antwerp,1,1,"Grimaldi Lines",1,6,1768.6666666666667,,612,2000,1,1,1,{1}
2024-12-29,GBTIL,Tilbury,DEHAM,Hamburg,1,1,"CMA CGM",1,3,861.3333333333334,194.66666666666666,809,907,2,2,2,{2}
2024-12-29,GBTIL,Tilbury,ESFRO,Ferrol,1,1,"CMA CGM",1,3,861.3333333333334,194.66666666666666,809,907,1,1,1,{1}
2024-12-29,GBTIL,Tilbury,FRDKK,Dunkirk,1,1,"CMA CGM",1,6,4281.5,536.3333333333334,4250,4367,1,1,1,{1}
2024-12-29,GBTIL,Tilbury,LTKLJ,"Klaipeda
",1,1,"CMA CGM",1,3,1400,372,1400,1400,3,3,3,{3}
2024-12-29,GBTIL,Tilbury,NLRTM,Rotterdam,4,4,"CMA CGM; Ellerman; SCA Logistics",3,10,3456.0714285714284,757,36,1800,1,1,1,"{1,1,1,1}"
2024-12-29,GDSTG,"St George's",BBBGI,Bridgetown,1,1,"CMA CGM",1,3,773.3333333333334,164,677,966,1,1,1,{1}
2024-12-29,GDSTG,"St George's",LCSLU,"Castries, St Lucia",1,1,"Geest Line; Seatrade; StreamLines",3,5,463.2,189.6,436,564,1,1,1,{1}
2024-12-29,GDSTG,"St George's",SRPBM,Paramaribo,1,1,"Tropical Shipping",1,2,1148,260,1148,1148,1,1,1,{1}
2024-12-29,GDSTG,"St George's",TTPOS,"Port of Spain",1,1,"King Ocean; Seaboard Marine",2,2,1296,195,1296,1296,1,1,1,{1}
2024-12-29,GEBUS,Batumi,TRDRC,Derince,1,1,MSC,1,6,1016.6666666666666,187.66666666666666,957,1104,2,2,2,{2}
2024-12-29,GEBUS,Batumi,TRTZX,Trabzon,1,1,MSC,1,1,858,100,858,858,2,2,2,{2}
2024-12-29,GEPTI,Poti,GEBUS,Batumi,1,1,MSC,1,1,858,100,858,858,2,2,2,{2}
2024-12-29,GEPTI,Poti,ROCND,Constanta,2,2,"Arkas Line; CMA CGM; Evergreen Line; Hapag-Lloyd; ONE; Turkon; ZIM",7,4,2718,542.5,1022,1788,2,2,2,"{2,2}"
2024-12-29,GEPTI,Poti,TRAMB,"Istanbul (Ambarli)",1,1,"Arkas Line; Maersk Line",2,1,1221,178,1221,1221,2,2,2,{2}
2024-12-29,GEPTI,Poti,TRGEM,"Istanbul (Gemlik)",1,1,"Arkas Line; CMA CGM; Maersk Line",3,2,1604,325,1604,1604,3,3,3,{3}
2024-12-29,GEPTI,Poti,TRSZF,Samsun,1,1,"CMA CGM; Unifeeder",2,2,1212,189,1208,1216,1,1,1,{1}
2024-12-29,GEPTI,Poti,TRTZX,Trabzon,1,1,MSC,1,1,1287,240,1287,1287,0,0,0,{0}
2024-12-29,GFDDC,"Degrad des Cannes",TTPOS,"Port of Spain",1,1,"CMA CGM",1,3,773.3333333333334,164,677,966,2,2,2,{2}
2024-12-29,GHTEM,Tema,BJCOO,Cotonou,2,2,"CMA CGM; Maersk Line",2,15,8924.777777777777,613.2222222222223,4360,4662,0,1.5,3,"{0,3}"
2024-12-29,GHTEM,Tema,BRPNG,Paranagua,1,1,Hapag-Lloyd,1,6,2679,416.6666666666667,2782,3739,4,4,4,{4}
2024-12-29,GHTEM,Tema,CIABJ,Abidjan,3,3,"CMA CGM; CNC Line-Cheng Lie Navigation Co. Ltd.; COSCO; Grimaldi Lines; Maersk Line; OOCL",6,21,19678.446886446887,1798.1538461538462,612,15254,2,3,5,"{5,3,2}"
2024-12-29,GHTEM,Tema,NGAPP,Apapa,3,3,"APL; CMA CGM; COSCO; Gold Star Line; Maersk Line; ONE; OOCL; ZIM",8,27,14761.70606060606,1552.7272727272727,4248,7092,1,2,2,"{2,2,1}"
2024-12-29,GHTEM,Tema,NGTIN,"Lagos, Tin Can",2,2,"Hapag-Lloyd; MSC; ONE",3,21,9038.936363636363,524.2545454545455,2742,6456,1,1.5,2,"{2,1}"
2024-12-29,GHTEM,Tema,TGLFW,Lome,5,5,"COSCO; Gold Star Line; MSC; ONE; OOCL; PIL; ZIM",7,50,33122.317765567765,2090.3507326007325,2824,16000,0,1,1,"{1,0,1,1,1}"
2024-12-29,GIGIB,Gibraltar,ESCAD,Cadiz,1,1,"CMA CGM",1,3,861.3333333333334,194.66666666666666,809,907,1,1,1,{1}
2024-12-29,GLGOH,Nuuk,ISREY,Reykjavik,1,1,"Eimskip; Royal Arctic Line",2,3,2148,500,2148,2148,3,3,3,{3}
2024-12-29,GMBJL,Banjul,ESALG,Algeciras,1,1,"Maersk Line",1,6,372.8333333333333,36.666666666666664,373,1118,7,7,7,{7}
2024-12-29,GMBJL,Banjul,MAPTM,Tanger,1,1,"Arkas Line; Hapag-Lloyd",2,4,1714.5,374.75,1118,2268,3,3,3,{3}
2024-12-29,GNCKY,Conakry,CIABJ,Abidjan,2,2,"BOCS-Bremen Overseas Chartering and Shipping; MSC",2,11,3847.190476190476,344.62857142857143,706,3430,1,5,9,"{9,1}"
2024-12-29,GNCKY,Conakry,ESALG,Algeciras,1,1,"Maersk Line",1,3,3573.3333333333335,516.6666666666666,3534,3600,6,6,6,{6}
2024-12-29,GNCKY,Conakry,LRMLW,Monrovia,1,1,"CMA CGM",1,4,2501,492.5,2468,2556,1,1,1,{1}
2024-12-29,GNCKY,Conakry,SLFNA,Freetown,1,1,"Arkas Line; Hapag-Lloyd",2,4,1714.5,374.75,1118,2268,1,1,1,{1}
2024-12-29,GPBBR,"Basse Terre",BEANR,Antwerp,1,1,Soreidom,1,2,1095.2857142857142,31.428571428571427,348,349,16,16,16,{16}
2024-12-29,GPBBR,"Basse Terre",GPPTP,Pointe-a-Pitre,1,1,Soreidom,1,1,591.4285714285714,,138,138,1,1,1,{1}
2024-12-29,GPPTP,Pointe-a-Pitre,DOCAU,Caucedo,1,1,"APL; CMA CGM; COSCO; Marfret",4,9,6829.555555555556,1431.7777777777778,6014,7327,2,2,2,{2}
2024-12-29,GPPTP,Pointe-a-Pitre,FRDKK,Dunkirk,1,1,"CMA CGM; Marfret",2,6,3684.3333333333335,800,3504,4045,9,9,9,{9}
2024-12-29,GPPTP,Pointe-a-Pitre,GPSBH,"St Barthelemy",1,1,"CMA CGM",1,1,120,24,120,120,1,1,1,{1}
2024-12-29,GPPTP,Pointe-a-Pitre,MQFDF,Fort-de-France,4,4,"CMA CGM; Europe Caribbean Line; Marfret; Seatrade; Soreidom",5,15,4835.619047619048,886.2857142857143,72,4045,1,1.5,3,"{3,2,1,1}"
2024-12-29,GPPTP,Pointe-a-Pitre,SXSXM,"St Maarten",1,1,"CMA CGM",1,3,773.3333333333334,164,677,966,1,1,1,{1}
2024-12-29,GPSBH,"St Barthelemy",LCSLU,"Castries, St Lucia",1,1,"Tropical Shipping",1,2,1148,260,1148,1148,1,1,1,{1}
2024-12-29,GPSBH,"St Barthelemy",MFGES,Galisbay,1,1,Marfret,1,1,228,,228,228,1,1,1,{1}
2024-12-29,GPSBH,"St Barthelemy",SXSXM,"St Maarten",3,2,"CMA CGM; Marfret",2,3,740,173,120,500,0,0,0,"{0,0,0}"
2024-12-29,GQBSG,Bata,GQSSG,Malabo,1,1,"APL; CMA CGM; Marguisa; Naviera DAL",4,6,3258.6666666666665,424.8333333333333,3091,3600,0,0,0,{0}
2024-12-29,GQSSG,Malabo,CMKBI,Kribi,1,1,"APL; CMA CGM; Marguisa; Naviera DAL",4,6,3258.6666666666665,424.8333333333333,3091,3600,1,1,1,{1}
2024-12-29,GRLAV,Lavrio,CYLMS,Limassol,1,1,Salamis,1,1,608,,608,608,2,2,2,{2}
2024-12-29,GRPIR,Piraeus,ALDRZ,Durres,1,1,"CMA CGM; COSCO; Hapag-Lloyd; Maersk Line; SeaLand; X-Press; ZIM",7,1,1700,200,1700,1700,2,2,2,{2}
2024-12-29,GRPIR,Piraeus,CYLMS,Limassol,8,8,"Blue Ice Lines; CMA CGM; COSCO; Grimaldi Lines; Maersk Line; MSC; ONE; OOCL; Salamis; Unifeeder; Yang Ming; ZIM",12,18,10107.404761904761,1611.5595238095239,700,2190,2,2,3,"{2,3,3,2,2,2,2,2}"
2024-12-29,GRPIR,Piraeus,EGALY,Alexandria,6,6,"CMA CGM; COSCO; Evergreen Line; Hapag-Lloyd; Medkon; MSC; OOCL; Tarros; Unifeeder; Unimed Feeder Services-UFS; X-Press; ZIM",12,18,13680.64523809524,2155.138095238095,698,2926,2,2,2,"{2,2,2,2,2,2}"
2024-12-29,GRPIR,Piraeus,EGDAM,Damietta,2,2,"MSC; ONE; Unimed Feeder Services-UFS",3,5,3270.5,539,847,1158,2,2,2,"{2,2}"
2024-12-29,GRPIR,Piraeus,EGEDK,"El Dekheila",1,1,"ONE; Yang Ming",2,3,1289.3333333333333,189,1042,1708,3,3,3,{3}
2024-12-29,GRPIR,Piraeus,ESALG,Algeciras,1,1,"Hyundai; ONE; Sinokor",3,16,6809.5,632.6875,5023,11010,3,3,3,{3}
2024-12-29,GRPIR,Piraeus,ESVLC,Valencia,1,1,COSCO,1,3,2334,464.6666666666667,1922,2741,5,5,5,{5}
2024-12-29,GRPIR,Piraeus,GEPTI,Poti,1,1,"Arkas Line; CMA CGM; Evergreen Line; Hapag-Lloyd; ZIM",5,2,1696,228.5,1604,1788,5,5,5,{5}
2024-12-29,GRPIR,Piraeus,GRSKG,Thessaloniki,5,5,"Arkas Line; CMA CGM; Evergreen Line; Maersk Line; MSC; Salamis",6,22,13356.766666666666,2352.7,700,5060,1,1,3,"{3,1,1,1,1}"
2024-12-29,GRPIR,Piraeus,HRRJK,Rijeka,1,1,"COSCO; OOCL; X-Press",3,1,1484,368,1484,1484,2,2,2,{2}
2024-12-29,GRPIR,Piraeus,ILASH,Ashdod,1,1,"Evergreen Line",1,2,1534,190,1200,1868,2,2,2,{2}
2024-12-29,GRPIR,Piraeus,ILHFA,Haifa,1,1,"COSCO; OOCL",2,1,1574,155,1574,1574,2,2,2,{2}
2024-12-29,GRPIR,Piraeus,ITAOI,Ancona,1,1,"CMA CGM; COSCO; Evergreen Line; OOCL; Tarros; Unimed Feeder Services-UFS; X-Press",7,4,2650.75,332.5,2300,2926,2,2,2,{2}
2024-12-29,GRPIR,Piraeus,ITBRI,Bari,1,1,"CMA CGM; COSCO; Evergreen Line; Hapag-Lloyd; Maersk Line; X-Press",6,1,700,60,700,700,2,2,2,{2}
2024-12-29,GRPIR,Piraeus,ITGIT,"Gioia Tauro",1,1,MSC,1,5,4732.8,576.8,4132,5060,1,1,1,{1}
2024-12-29,GRPIR,Piraeus,ITGOA,Genoa,3,3,"CMA CGM; CNC Line-Cheng Lie Navigation Co. Ltd.; COSCO; Evergreen Line; Hapag-Lloyd; Hyundai; ONE; OOCL; Yang Ming; ZIM",10,37,38442.171428571426,1796.8273809523807,3429,21413,2,3,3,"{3,2,3}"
2024-12-29,GRPIR,Piraeus,ITNAP,Naples,1,1,"COSCO; OOCL; Yang Ming",3,1,1730,350,1730,1730,2,2,2,{2}
2024-12-29,GRPIR,Piraeus,ITSAL,Salerno,1,1,"COSCO; OOCL; Yang Ming",3,6,4901.5,468.6666666666667,4051,5618,2,2,2,{2}
2024-12-29,GRPIR,Piraeus,ITSPE,"La Spezia",1,1,"CMA CGM; COSCO; ONE; OOCL",4,7,4447.428571428572,202.28571428571428,4253,4600,3,3,3,{3}
2024-12-29,GRPIR,Piraeus,MTMAR,"Malta (Marsaxlokk)",1,1,"CMA CGM; COSCO; Hapag-Lloyd; OOCL",4,12,8546.75,877.5,7179,10100,3,3,3,{3}
2024-12-29,GRPIR,Piraeus,MYPKG,"Port Klang",1,1,"APL; CMA CGM; CNC Line-Cheng Lie Navigation Co. Ltd.; COSCO; Evergreen Line; OOCL",6,14,13085.214285714286,717.8571428571429,8508,14500,32,32,32,{32}
2024-12-29,GRPIR,Piraeus,ROCND,Constanta,2,2,"CMA CGM; COSCO; OOCL",3,7,5154.428571428572,726.4285714285714,1781,4506,2,2.5,3,"{2,3}"
2024-12-29,GRPIR,Piraeus,SIKOP,Koper,1,1,"COSCO; OOCL",2,2,1922,494,1922,1922,3,3,3,{3}
2024-12-29,GRPIR,Piraeus,TRALI,Aliaga,1,1,"Arkas Line; COSCO",2,1,1445,120,1445,1445,1,1,1,{1}
2024-12-29,GRPIR,Piraeus,TRAMB,"Istanbul (Ambarli)",4,4,"Arkas Line; CMA CGM; Hapag-Lloyd; Maersk Line; MSC; ONE; Turkon; Unifeeder; WEC Lines; ZIM",10,16,13308.266666666666,1675.6666666666665,1208,6350,1,1,1,"{1,1,1,1}"
2024-12-29,GRPIR,Piraeus,TRGEB,"Istanbul (Gebze)",1,1,"Borchard Lines Ltd; COSCO; Hapag-Lloyd; Maersk Line; OOCL; Turkon",6,5,7803.8,668,6478,8749,1,1,1,{1}
2024-12-29,GRPIR,Piraeus,TRGEM,"Istanbul (Gemlik)",1,1,"Arkas Line; Hapag-Lloyd",2,5,2748,438.4,2478,2954,1,1,1,{1}
2024-12-29,GRPIR,Piraeus,TRHAY,Haydarpasa,1,1,"CMA CGM",1,1,1000,,1000,1000,1,1,1,{1}
2024-12-29,GRPIR,Piraeus,TRISK,Iskenderun,2,2,"Arkas Line; CMA CGM; Messina; MSC; Tarros",5,8,4127.833333333333,506.66666666666663,1267,2550,1,1.5,2,"{2,1}"
2024-12-29,GRPIR,Piraeus,TRIZM,Izmir,1,1,COSCO,1,3,2334,464.6666666666667,1922,2741,1,1,1,{1}
2024-12-29,GRPIR,Piraeus,TRIZT,Izmit,1,1,"APL; CMA CGM; CNC Line-Cheng Lie Navigation Co. Ltd.; COSCO; Evergreen Line; OOCL",6,14,13085.214285714286,717.8571428571429,8508,14500,1,1,1,{1}
2024-12-29,GRPIR,Piraeus,TRMER,Mersin,2,2,"COSCO; MSC; OOCL; Yang Ming",4,9,6259.833333333333,568.6666666666667,1205,5618,1,2.5,4,"{1,4}"
2024-12-29,GRPIR,Piraeus,TRTEK,Tekirdag,1,1,MSC,1,14,13646.142857142857,814.2857142857143,12400,16520,1,1,1,{1}
2024-12-29,GRSKG,Thessaloniki,CYLMS,Limassol,2,2,Salamis,1,2,1207,224,507,700,1,1.5,2,"{1,2}"
2024-12-29,GRSKG,Thessaloniki,GRPIR,Piraeus,3,3,"CMA CGM; MSC",2,10,3998.5,711.25,847,2190,1,1,4,"{4,1,1}"
2024-12-29,GRSKG,Thessaloniki,TRALI,Aliaga,2,2,"Arkas Line; CMA CGM; COSCO; Evergreen Line",4,5,3865.5,669.1666666666667,1445,2741,1,2.5,4,"{4,1}"
2024-12-29,GRSKG,Thessaloniki,TRIZM,Izmir,1,1,MSC,1,5,4732.8,576.8,4132,5060,1,1,1,{1}
2024-12-29,GRSKG,Thessaloniki,TRIZT,Izmit,2,2,"Maersk Line; MSC",2,14,6392.466666666667,1427.4,1740,4258,1,1,1,"{1,1}"
2024-12-29,GTPBR,"Puerto Barrios",GTSTC,"Santo Tomas de Castilla",1,1,Crowley,1,1,972,170,972,972,0,0,0,{0}
2024-12-29,GTPBR,"Puerto Barrios",HNPCR,"Puerto Cortes",3,3,"Dole; Hapag-Lloyd; Maersk Line; MSC",4,8,6794.666666666666,1785.3333333333335,1740,3674,1,1,1,"{1,1,1}"
2024-12-29,GTPBR,"Puerto Barrios",USFPO,"Freeport TX",1,1,"Great White Fleet",1,3,1841,462,1841,1841,3,3,3,{3}
2024-12-29,GTPBR,"Puerto Barrios",USHOU,"Houston TX",1,1,"Maersk Line; MSC",2,3,2945.6666666666665,528.6666666666666,2339,3674,3,3,3,{3}
2024-12-29,GTPBR,"Puerto Barrios",USILG,"Wilmington DE",1,1,Dole,1,1,5744,1060,2872,2872,4,4,4,{4}
2024-12-29,GTPRQ,"Puerto Quetzal",COBUN,Buenaventura,2,2,"Hapag-Lloyd; Hyundai; MSC; ONE; PIL; Wan Hai; Yang Ming",7,23,16206.553846153845,1586.4615384615386,3889,13280,3,3,3,"{3,3}"
2024-12-29,GTPRQ,"Puerto Quetzal",MXLZC,"Lazaro Cardenas",2,2,"APL; CMA CGM; Maersk Line; MSC",4,8,6046,1236,2546,3500,1,1.5,2,"{2,1}"
2024-12-29,GTPRQ,"Puerto Quetzal",MXZLO,"Manzanillo, MEX",1,1,"Hapag-Lloyd; ONE",2,4,2644.5,425,2586,2664,2,2,2,{2}
2024-12-29,GTPRQ,"Puerto Quetzal",NICIO,Corinto,2,2,"APL; CMA CGM; Hapag-Lloyd; Maersk Line; MSC; ONE",6,9,6144.5,1125,2586,3500,1,2,3,"{1,3}"
2024-12-29,GTPRQ,"Puerto Quetzal",PECLL,Callao,1,1,"COSCO; Evergreen Line; PIL; Wan Hai; Yang Ming",5,11,10910.363636363636,320.1818181818182,6350,14000,6,6,6,{6}
2024-12-29,GTPRQ,"Puerto Quetzal",SVAQJ,Acajutla,1,1,"COSCO; Evergreen Line; OOCL",3,4,2516.25,431.5,2339,2634,1,1,1,{1}
2024-12-29,GTPRQ,"Puerto Quetzal",USNTD,"Port Hueneme CA",1,1,"CMA CGM",1,3,1312,634,1312,1312,5,5,5,{5}
2024-12-29,GTPRQ,"Puerto Quetzal",USSAN,"San Diego CA",1,1,Dole,1,3,1540,770,1540,1540,5,5,5,{5}
2024-12-29,GTSTC,"Santo Tomas de Castilla",BSZSA,"San Salvador Island",1,1,"Seaboard Marine",1,2,2186.5,310.5,1809,2564,1,1,1,{1}
2024-12-29,GTSTC,"Santo Tomas de Castilla",COCTG,Cartagena,1,1,"CMA CGM; COSCO; OOCL",3,3,1723.6666666666667,349,1691,1740,3,3,3,{3}
2024-12-29,GTSTC,"Santo Tomas de Castilla",DOCAU,Caucedo,1,1,"Caribbean Feeder; COSCO; Hapag-Lloyd; Maersk Line; ZIM",5,2,862,219,862,862,4,4,4,{4}
2024-12-29,GTSTC,"Santo Tomas de Castilla",HNPCR,"Puerto Cortes",6,6,"Crowley; King Ocean; Maersk Line; MSC; Seaboard Marine",5,11,7372,1265,972,2550,0,1,1,"{0,1,1,1,1,1}"
2024-12-29,GTSTC,"Santo Tomas de Castilla",JMKIN,Kingston,1,1,"COSCO; Evergreen Line; OOCL; Seaboard Marine; X-Press; ZIM",6,2,1188,305,1080,1296,2,2,2,{2}
2024-12-29,GTSTC,"Santo Tomas de Castilla",USHOU,"Houston TX",1,1,"CMA CGM; COSCO; OOCL",3,3,1723.6666666666667,349,1691,1740,4,4,4,{4}
2024-12-29,GTSTC,"Santo Tomas de Castilla",USPEF,"Port Everglades FL",2,2,"CMA CGM; Maersk Line; MSC",3,7,4735.333333333334,951.3333333333333,1841,2578,2,3,4,"{2,4}"
2024-12-29,GUGUM,Guam,MPSPN,Saipan,2,2,"APL; CMA CGM; MELL; PIL; Swire Shipping",5,4,3265.5,551,777,1732,1,1,1,"{1,1}"
2024-12-29,GWOXB,Bissau,ESALG,Algeciras,1,1,"GS Lines",1,1,6832,808,1708,1708,6,6,6,{6}
2024-12-29,GYGEO,"Georgetown, Guyana",BEANR,Antwerp,1,1,"Europe Caribbean Line",1,4,738.2142857142857,,256,450,28,28,28,{28}
2024-12-29,GYGEO,"Georgetown, Guyana",GPBBR,"Basse Terre",1,1,Soreidom,1,2,1095.2857142857142,31.428571428571427,348,349,8,8,8,{8}
2024-12-29,GYGEO,"Georgetown, Guyana",SRPBM,Paramaribo,3,3,"CMA CGM; COSCO; Europe Caribbean Line; MSC; Seatrade",5,11,2355.857142857143,420.2857142857143,72,1345,1,1,2,"{1,2,1}"
2024-12-29,GYGEO,"Georgetown, Guyana",TTPOS,"Port of Spain",2,2,"Caribbean Feeder; CMA CGM; Hapag-Lloyd; ZIM",4,4,1539.3333333333333,320.3333333333333,367,1338,2,3,4,"{2,4}"
2024-12-29,GYGEO,"Georgetown, Guyana",TTPTS,"Point Lisas",2,2,"Caribbean Feeder; Europe Caribbean Line; Maersk Line",3,5,1600.2142857142858,204,256,862,1,2,3,"{3,1}"
2024-12-29,HKHKG,"Hong Kong",AUBNE,Brisbane,1,1,"COSCO; Maersk Line; ONE; OOCL",4,7,4169,637.2857142857143,4255,5301,11,11,11,{11}
2024-12-29,HKHKG,"Hong Kong",CNDLC,Dalian,2,2,"COSCO; Evergreen Line; IAL-Interasia Lines; Wan Hai",4,5,6735,57.333333333333336,1708,4143,3,4,5,"{3,5}"
2024-12-29,HKHKG,"Hong Kong",CNFOC,Fuzhou,1,1,MSC,1,5,2981,487.2,2700,3534,4,4,4,{4}
2024-12-29,HKHKG,"Hong Kong",CNNGB,Ningbo,5,5,"CMA CGM; CNC Line-Cheng Lie Navigation Co. Ltd.; COSCO; Evergreen Line; Hapag-Lloyd; Hyundai; Maersk Line; MSC; ONE; OOCL; PIL; TS Lines; Wan Hai; Yang Ming",14,44,42406.704112554115,2843.9103896103898,1182,16520,2,2,4,"{2,2,3,2,4}"
2024-12-29,HKHKG,"Hong Kong",CNNSA,Nansha,11,11,"CMA CGM; CNC Line-Cheng Lie Navigation Co. Ltd.; COSCO; Evergreen Line; Gold Star Line; Hapag-Lloyd; IAL-Interasia Lines; Maersk Line; MSC; ONE; OOCL; PIL; Wan Hai; Yang Ming; ZIM",15,58,32020.857142857145,3389.9468253968253,1378,11088,0,0,2,"{0,1,0,1,1,0,1,2,0,0,0}"
2024-12-29,HKHKG,"Hong Kong",CNSHA,Shanghai,11,11,"CMA CGM; COSCO; Evergreen Line; Gold Star Line; Hapag-Lloyd; Heung-A; KMTC; Maersk Line; MSC; ONE; OOCL; PIL; TS Lines; X-Press; Yang Ming; ZIM",16,76,68532.08937728938,6992.335897435897,1708,24116,1,4,11,"{11,3,2,6,3,4,3,10,1,4,4}"
2024-12-29,HKHKG,"Hong Kong",CNSHK,Shekou,38,37,"ANL; CK Line; CMA CGM; CNC Line-Cheng Lie Navigation Co. Ltd.; COSCO; Evergreen Line; Gold Star Line; Hapag-Lloyd; Heung-A; IAL-Interasia Lines; KMTC; Maersk Line; MSC; Namsung; ONE; OOCL; PIL; RCL; Samudera; Sinokor; SITC Shipping; TS Lines; Wan Hai; X-Press; Yang Ming; ZIM",26,140,102952.73809523809,10620.683333333336,1040,8553,0,0,2,"{2,0,0,0,0,1,0,1,0,0,1,0,1,0,1,0,2,1,0,0,1,0,0,1,2,0,1,1,1,0,1,1,0,2,0,0,0,2}"
2024-12-29,HKHKG,"Hong Kong",CNTAO,Qingdao,5,5,"COSCO; Emirates Shipping; Evergreen Line; Hapag-Lloyd; Hyundai; KMTC; Maersk Line; MSC; ONE; TS Lines; Yang Ming",11,44,42603.55238095239,3397.723809523809,2208,16010,4,4,4,"{4,4,4,4,4}"
2024-12-29,HKHKG,"Hong Kong",CNTXG,Xingang/Tianjin,3,3,"CMA CGM; CNC Line-Cheng Lie Navigation Co. Ltd.; COSCO; Evergreen Line; Gold Star Line; OOCL; PIL; RCL; Yang Ming; ZIM",10,22,24390.666666666664,2865.095238095238,4250,14100,4,5,5,"{5,4,5}"
2024-12-29,HKHKG,"Hong Kong",CNXMN,Xiamen,5,5,"CK Line; CMA CGM; CNC Line-Cheng Lie Navigation Co. Ltd.; COSCO; Evergreen Line; Heung-A; Hyundai; KMTC; OOCL; Sinokor; TS Lines; Wan Hai; Yang Ming",13,17,13087.500000000002,1551.0833333333333,1378,5688,1,1,1,"{1,1,1,1,1}"
2024-12-29,HKHKG,"Hong Kong",CNYTN,Yantian,14,14,"APL; CMA CGM; CNC Line-Cheng Lie Navigation Co. Ltd.; COSCO; Evergreen Line; Gold Star Line; Hapag-Lloyd; Hyundai; Maersk Line; MSC; ONE; OOCL; PIL; Wan Hai; Yang Ming; ZIM",16,124,123211.2776889777,9452.45044955045,2476,21413,0,1,2,"{1,0,0,1,1,1,1,1,2,1,0,1,0,1}"
2024-12-29,HKHKG,"Hong Kong",JPTYO,Tokyo,2,2,"IAL-Interasia Lines; TS Lines; Wan Hai",3,7,4198.833333333333,360,1096,3055,4,4,4,"{4,4}"
2024-12-29,HKHKG,"Hong Kong",KHKOS,Sihanoukville,2,2,"CMA CGM; CNC Line-Cheng Lie Navigation Co. Ltd.; Evergreen Line; RCL; SITC Shipping",5,7,3664.583333333333,400.3333333333333,1707,1984,3,3,3,"{3,3}"
2024-12-29,HKHKG,"Hong Kong",KRINC,Inchon,1,1,"Maersk Line",1,6,5410.5,498,4132,5928,4,4,4,{4}
2024-12-29,HKHKG,"Hong Kong",KRKAN,Gwangyang,1,1,"Heung-A; KMTC; Sinokor",3,4,3023.75,237,2518,4275,5,5,5,{5}
2024-12-29,HKHKG,"Hong Kong",KRPUS,Busan,5,5,"Hapag-Lloyd; Heung-A; Hyundai; MSC; Namsung; ONE; PanCon; Sinokor; Yang Ming",9,44,33653.20256410257,2450.807692307693,1011,15258,3,3,4,"{4,3,3,3,3}"
2024-12-29,HKHKG,"Hong Kong",MYBKI,"Kota Kinabalu, Sabah",1,1,"Evergreen Line",1,2,1618,170,1618,1618,3,3,3,{3}
2024-12-29,HKHKG,"Hong Kong",MYPKG,"Port Klang",2,2,"CMA CGM; CNC Line-Cheng Lie Navigation Co. Ltd.; KMTC; ONE; SITC Shipping; TS Lines; Wan Hai",7,8,6811,733,2400,4506,4,5,6,"{4,6}"
2024-12-29,HKHKG,"Hong Kong",PGLAE,Lae,2,2,"COSCO; MELL; NPDL; PIL; Swire Shipping",5,6,6608.666666666667,689.3333333333333,1080,2800,8,9,10,"{10,8}"
2024-12-29,HKHKG,"Hong Kong",PHBTG,Batangas,1,1,"Maersk Line",1,2,2636,200,2450,2822,2,2,2,{2}
2024-12-29,HKHKG,"Hong Kong",SGSIN,Singapore,4,4,"CMA CGM; COSCO; Evergreen Line; Hapag-Lloyd; Heung-A; Hyundai; KMTC; MSC; ONE; OOCL; PIL; Sinokor; Yang Ming",13,39,38027.66452991453,3454.854700854701,2518,14100,4,4,4,"{4,4,4,4}"
2024-12-29,HKHKG,"Hong Kong",THLCH,"Laem Chabang",2,2,"Wan Hai; Yang Ming",2,8,3543.5,631.25,1708,1805,3,3.5,4,"{4,3}"
2024-12-29,HKHKG,"Hong Kong",TWKEL,Keelung,2,2,"ANL; APL; CMA CGM; COSCO; Hapag-Lloyd; Hyundai; MSC; ONE; OOCL; PIL",10,19,16899.214285714286,2017.845238095238,4211,13312,2,2.5,3,"{3,2}"
2024-12-29,HKHKG,"Hong Kong",TWKHH,Kaohsiung,10,10,"APL; CMA CGM; CNC Line-Cheng Lie Navigation Co. Ltd.; Evergreen Line; Hapag-Lloyd; Hyundai; IAL-Interasia Lines; KMTC; MELL; ONE; PIL; TS Lines; Wan Hai; X-Press; Yang Ming",15,45,41512.23333333334,3064.4833333333336,777,24136,1,1,2,"{1,2,2,1,1,2,1,1,1,1}"
2024-12-29,HKHKG,"Hong Kong",VNDAD,"Da Nang",1,1,"SITC Shipping",1,3,1006.3333333333334,60,953,1043,2,2,2,{2}
2024-12-29,HKHKG,"Hong Kong",VNHPH,Haiphong,14,14,"Asean Seas Line; CMA CGM; CNC Line-Cheng Lie Navigation Co. Ltd.; COSCO; Dong Young; Evergreen Line; Hapag-Lloyd; Heung-A; Hyundai; KMTC; Maersk Line; Namsung; ONE; OOCL; PanCon; Sinokor; Sinotrans; SITC Shipping; TS Lines; Yang Ming",20,40,28238.464285714286,2173.857142857143,1000,13792,1,1.5,5,"{1,1,1,2,1,1,2,5,1,2,2,1,2,2}"
2024-12-29,HKHKG,"Hong Kong",VNSGN,"Ho Chi Minh (VICT/Cat Lai)",4,4,"CK Line; Dongjin Shipping; Evergreen Line; Hyundai; KMTC; Namsung; OOCL; PanCon; Sinokor; SM Line; Yang Ming",11,12,8055.333333333334,895.6666666666667,1585,2940,2,2,2,"{2,2,2,2}"
2024-12-29,HNPCA,"Puerto Castilla",GTPBR,"Puerto Barrios",1,1,Dole,1,1,5744,1060,2872,2872,1,1,1,{1}
2024-12-29,HNPCA,"Puerto Castilla",USFPO,"Freeport TX",1,1,Dole,1,2,1820,910,1820,1820,3,3,3,{3}
2024-12-29,HNPCA,"Puerto Castilla",USILG,"Wilmington DE",2,2,Dole,1,2,9836,3040,2046,2872,3,3.5,4,"{3,4}"
2024-12-29,HNPCR,"Puerto Cortes",BSZSA,"San Salvador Island",1,1,"Seaboard Marine",1,2,973,170,972,974,0,0,0,{0}
2024-12-29,HNPCR,"Puerto Cortes",DOCAU,Caucedo,1,1,Hapag-Lloyd,1,3,2029,346.6666666666667,1740,2566,3,3,3,{3}
2024-12-29,HNPCR,"Puerto Cortes",GTPBR,"Puerto Barrios",1,1,"Maersk Line; MSC",2,3,2945.6666666666665,528.6666666666666,2339,3674,1,1,1,{1}
2024-12-29,HNPCR,"Puerto Cortes",GTSTC,"Santo Tomas de Castilla",7,6,"Caribbean Feeder; CMA CGM; COSCO; Evergreen Line; Hapag-Lloyd; Maersk Line; MSC; OOCL; Seaboard Marine; X-Press; ZIM",11,19,12419.166666666668,2483.833333333333,862,2578,0,0,1,"{0,0,0,0,1,0,0}"
2024-12-29,HNPCR,"Puerto Cortes",HNPCA,"Puerto Castilla",1,1,Dole,1,2,1820,910,1820,1820,1,1,1,{1}
2024-12-29,HNPCR,"Puerto Cortes",PAMIT,Manzanillo,2,2,"Maersk Line; MSC",2,7,5454.666666666666,1028.6666666666665,2339,3674,3,3.5,4,"{3,4}"
2024-12-29,HNPCR,"Puerto Cortes",USGPT,"Gulfport MS",1,1,Crowley,1,1,972,170,972,972,3,3,3,{3}
2024-12-29,HNPCR,"Puerto Cortes",USPEF,"Port Everglades FL",3,3,"Crowley; King Ocean",2,4,2918,425,972,974,3,3,4,"{3,4,3}"
2024-12-29,HNSLO,"Puerto San Lorenzo",MXLZC,"Lazaro Cardenas",1,1,"COSCO; Evergreen Line; OOCL",3,4,2516.25,431.5,2339,2634,3,3,3,{3}
2024-12-29,HRPLE,Ploce,ITGIT,"Gioia Tauro",1,1,MSC,1,2,1477,346,1296,1658,2,2,2,{2}
2024-12-29,HRPLE,Ploce,MEBAR,Bar,1,1,"CMA CGM; COSCO; Evergreen Line; Hapag-Lloyd; Maersk Line; X-Press",6,1,700,60,700,700,0,0,0,{0}
2024-12-29,HRRJK,Rijeka,EGALY,Alexandria,1,1,"APL; CMA CGM; CNC Line-Cheng Lie Navigation Co. Ltd.; COSCO; Evergreen Line; OOCL",6,11,10146.545454545454,1066.1818181818182,9289,11388,4,4,4,{4}
2024-12-29,HRRJK,Rijeka,GRPIR,Piraeus,1,1,"COSCO; OOCL; X-Press",3,1,1484,368,1484,1484,2,2,2,{2}
2024-12-29,HRRJK,Rijeka,HRPLE,Ploce,1,1,MSC,1,2,1477,346,1296,1658,1,1,1,{1}
2024-12-29,HRRJK,Rijeka,ITAOI,Ancona,1,1,Hapag-Lloyd,1,3,2549.3333333333335,407,2400,2702,0,0,0,{0}
2024-12-29,HRRJK,Rijeka,ITTRS,Trieste,1,1,"CMA CGM",1,5,1478.4,339.6,1221,1841,1,1,1,{1}
2024-12-29,HRRJK,Rijeka,MAPTM,Tanger,1,1,"Maersk Line; MSC",2,16,15192.625,641.625,13082,15516,6,6,6,{6}
2024-12-29,HTCAP,Cap-Haitien,USMIA,"Miami FL",1,1,"Antillean Marine",1,1,205,,205,205,3,3,3,{3}
2024-12-29,HTCAP,Cap-Haitien,USPEF,"Port Everglades FL",1,1,"King Ocean",1,1,326,40,326,326,3,3,3,{3}
2024-12-29,HTCAP,Cap-Haitien,USSAV,"Savannah GA",1,1,"APL; CMA CGM",2,2,1193,305,1102,1284,3,3,3,{3}
2024-12-29,HTLFF,"Port Lafito",CRMOB,Moin,1,1,"Seaboard Marine",1,3,2929.3333333333335,504.6666666666667,2526,3716,3,3,3,{3}
2024-12-29,HTLFF,"Port Lafito",HTCAP,Cap-Haitien,1,1,"APL; CMA CGM",2,2,1193,305,1102,1284,1,1,1,{1}
2024-12-29,HTPAP,Port-au-Prince,HTCAP,Cap-Haitien,2,2,"Antillean Marine; King Ocean",2,2,531,40,205,326,1,1,1,"{1,1}"
2024-12-29,HTPAP,Port-au-Prince,JMKIN,Kingston,1,1,"Caribbean Feeder; CMA CGM; COSCO; Hapag-Lloyd; ONE; OOCL; Seaboard Marine; X-Press; ZIM",9,3,1052.6666666666667,180,1020,1118,1,1,1,{1}
2024-12-29,HTPAP,Port-au-Prince,PAMIT,Manzanillo,1,1,"COSCO; Evergreen Line; Maersk Line",3,1,1788,279,1788,1788,2,2,2,{2}
2024-12-29,HTPAP,Port-au-Prince,PRSJU,"San Juan PR",1,1,"Unifeeder; ZIM",2,1,1114,220,1114,1114,2,2,2,{2}
2024-12-29,HTPAP,Port-au-Prince,USPEF,"Port Everglades FL",1,1,Crowley,1,1,470.57142857142856,77.14285714285714,366,366,3,3,3,{3}
2024-12-29,IDBLW,Belawan,MYPKG,"Port Klang",1,1,"IAL-Interasia Lines; Wan Hai",2,5,3026.8,240,3013,3036,2,2,2,{2}
2024-12-29,IDJKT,"Jakarta, Java",CNYGP,Yangpu,1,1,"COSCO; OOCL",2,4,4151.25,388,4051,4253,7,7,7,{7}
2024-12-29,IDJKT,"Jakarta, Java",IDSRG,"Semarang, Java",4,4,"CMA CGM; CNC Line-Cheng Lie Navigation Co. Ltd.; COSCO; Evergreen Line; Heung-A; KMTC; Sinokor; SITC Shipping; Wan Hai; Yang Ming",10,18,10706.059523809523,609.5833333333334,1809,3055,0,1,2,"{2,1,0,1}"
2024-12-29,IDJKT,"Jakarta, Java",IDSUB,"Surabaya, Java",10,10,"ANL; APL; CMA CGM; CNC Line-Cheng Lie Navigation Co. Ltd.; COSCO; Evergreen Line; Gold Star Line; Heung-A; KMTC; Maersk Line; Namsung; ONE; OOCL; RCL; Sinokor; SITC Shipping; TS Lines; Yang Ming; ZIM",19,37,50025.48571428571,6315.564285714286,1638,7327,1,1,2,"{1,2,1,1,1,2,1,1,1,1}"
2024-12-29,IDJKT,"Jakarta, Java",MYPKG,"Port Klang",3,3,"CMA CGM; CNC Line-Cheng Lie Navigation Co. Ltd.; COSCO; MSC; ONE; OOCL; PIL; RCL",8,14,10249.666666666666,1240.5333333333333,2468,4578,2,3,3,"{2,3,3}"
2024-12-29,IDJKT,"Jakarta, Java",MYTPP,"Tanjung Pelepas",3,3,"COSCO; Evergreen Line; Maersk Line; Wan Hai; Yang Ming",5,16,10127.97619047619,1007,1577,5928,2,2,4,"{2,2,4}"
2024-12-29,IDJKT,"Jakarta, Java",PGPOM,"Port Moresby",1,1,"Carpenters Shipping; Swire Shipping",2,3,4546.428571428571,762.8571428571429,1794,2381,8,8,8,{8}
2024-12-29,IDJKT,"Jakarta, Java",PHBTG,Batangas,1,1,MSC,1,6,2430,412.5,2207,2556,5,5,5,{5}
2024-12-29,IDJKT,"Jakarta, Java",SGSIN,Singapore,6,6,"ANL; CMA CGM; CNC Line-Cheng Lie Navigation Co. Ltd.; COSCO; Evergreen Line; Hapag-Lloyd; MSC; ONE; OOCL; Wan Hai",10,27,23849,2035.7333333333333,2300,6927,1,2,3,"{1,2,2,3,2,2}"
2024-12-29,IDJKT,"Jakarta, Java",VNSGN,"Ho Chi Minh (VICT/Cat Lai)",1,1,"KMTC; Namsung; Sinokor",3,4,2610.5,239,2540,2806,4,4,4,{4}
2024-12-29,IDMAK,Makassar,PHBTG,Batangas,1,1,"CMA CGM; CNC Line-Cheng Lie Navigation Co. Ltd.; KMTC; SITC Shipping",4,4,2524.5,,2400,2698,3,3,3,{3}
2024-12-29,IDPJG,Panjang,IDJKT,"Jakarta, Java",1,1,MSC,1,6,4175.5,378.8333333333333,2758,4892,0,0,0,{0}
2024-12-29,IDSRG,"Semarang, Java",CNNGB,Ningbo,1,1,"Heung-A; Sinokor",2,4,2227.75,132.25,1809,2548,7,7,7,{7}
2024-12-29,IDSRG,"Semarang, Java",IDJKT,"Jakarta, Java",2,2,"CMA CGM; CNC Line-Cheng Lie Navigation Co. Ltd.; COSCO; Evergreen Line; ONE; RCL",6,7,4913.666666666666,366.6666666666667,2300,2664,1,1,1,"{1,1}"
2024-12-29,IDSRG,"Semarang, Java",IDSUB,"Surabaya, Java",4,4,"CMA CGM; CNC Line-Cheng Lie Navigation Co. Ltd.; COSCO; Evergreen Line; KMTC; MSC; SITC Shipping; Wan Hai; Yang Ming",9,21,11418.45238095238,998.7619047619048,2400,3534,0,1,2,"{1,1,0,2}"
2024-12-29,IDSUB,"Surabaya, Java",CNSHK,Shekou,1,1,"CNC Line-Cheng Lie Navigation Co. Ltd.; Namsung; ONE; RCL; SITC Shipping; TS Lines",6,4,2501,299.75,2401,2556,5,5,5,{5}
2024-12-29,IDSUB,"Surabaya, Java",HKHKG,"Hong Kong",1,1,"Heung-A; KMTC; Sinokor",3,4,3023.75,237,2518,4275,6,6,6,{6}
2024-12-29,IDSUB,"Surabaya, Java",IDJKT,"Jakarta, Java",3,3,"COSCO; Evergreen Line; Maersk Line; MSC; Wan Hai; Yang Ming",6,18,11361.642857142857,1176.4,2474,5928,1,1,3,"{1,3,1}"
2024-12-29,IDSUB,"Surabaya, Java",IDMAK,Makassar,1,1,"CMA CGM; CNC Line-Cheng Lie Navigation Co. Ltd.; KMTC; SITC Shipping",4,4,2524.5,,2400,2698,2,2,2,{2}
2024-12-29,IDSUB,"Surabaya, Java",IDSRG,"Semarang, Java",2,2,"CMA CGM; CNC Line-Cheng Lie Navigation Co. Ltd.; COSCO; Evergreen Line; ONE; RCL",6,7,4913.666666666666,366.6666666666667,2300,2664,1,1,1,"{1,1}"
2024-12-29,IDSUB,"Surabaya, Java",PGLAE,Lae,1,1,"ANL; CMA CGM",2,1,9694.285714285714,1671.4285714285713,1740,1740,6,6,6,{6}
2024-12-29,IDSUB,"Surabaya, Java",PGMAG,Madang,1,1,"ANL; CMA CGM",2,1,9126,1114.2857142857142,1638,1638,6,6,6,{6}
2024-12-29,IDSUB,"Surabaya, Java",PHDVO,Davao,2,2,"APL; CMA CGM; CNC Line-Cheng Lie Navigation Co. Ltd.; COSCO; Gold Star Line; Maersk Line; ONE; OOCL; RCL; Yang Ming; ZIM",11,8,9380.25,929.5,2546,6350,4,4.5,5,"{4,5}"
2024-12-29,IDSUB,"Surabaya, Java",PHMNN,"Manila North Harbor",1,1,"CMA CGM; CNC Line-Cheng Lie Navigation Co. Ltd.; OOCL",3,5,6395.2,998.6,5598,7327,7,7,7,{7}
2024-12-29,IDSUB,"Surabaya, Java",SGSIN,Singapore,1,1,MSC,1,7,2940.1428571428573,521.4285714285714,2702,3534,3,3,3,{3}
2024-12-29,IDSUB,"Surabaya, Java",TLDIL,"Dili, East Timor",1,1,"ANL; APL; CMA CGM",3,2,1228.5714285714287,200,618,1102,4,4,4,{4}
2024-12-29,IDSUB,"Surabaya, Java",TWKHH,Kaohsiung,1,1,"COSCO; Evergreen Line; Wan Hai; Yang Ming",4,7,2919.1428571428573,344,2910,2926,5,5,5,{5}
2024-12-29,IDSUB,"Surabaya, Java",TWTPE,Taipei,1,1,"Wan Hai",1,3,3034.6666666666665,133.33333333333334,3013,3055,6,6,6,{6}
2024-12-29,IDSUB,"Surabaya, Java",VNSGN,"Ho Chi Minh (VICT/Cat Lai)",2,2,"COSCO; Evergreen Line; Heung-A; KMTC; ONE; Sinokor",6,8,4494.5,567,1804,2800,3,3,3,"{3,3}"
2024-12-29,IEDUB,Dublin,BEANR,Antwerp,3,3,"BG Freight Line; Borchard Lines Ltd; CMA CGM; COSCO; Eucon; Evergreen Line; Hapag-Lloyd; X-Press",8,7,2539,335.4,803,868,2,3,3,"{3,2,3}"
2024-12-29,IEDUB,Dublin,GBBEL,Belfast,3,3,"CMA CGM; Unifeeder; X-Press",3,6,2902.5,452.5,658,1421,0,0,0,"{0,0,0}"
2024-12-29,IEDUB,Dublin,GBGRK,Greenock,1,1,"CMA CGM; Unifeeder; X-Press",3,1,658,150,658,658,0,0,0,{0}
2024-12-29,IEDUB,Dublin,GBLIV,Liverpool,3,3,"BG Freight Line; CMA CGM; MSC; WEC Lines",4,5,2960.285714285714,634.9285714285714,804,1380,1,1,1,"{1,1,1}"
2024-12-29,IEDUB,Dublin,IEORK,Cork,1,1,"CMA CGM; Eucon; Hapag-Lloyd",3,1,750,170,750,750,1,1,1,{1}
2024-12-29,IEDUB,Dublin,NLRTM,Rotterdam,5,5,"BG Freight Line; CMA CGM; COSCO; Eucon; Evergreen Line; Hapag-Lloyd; ONE; X-Press; Yang Ming",9,5,5454,1286,750,1380,2,2,3,"{2,2,3,2,2}"
2024-12-29,IEORK,Cork,BEANR,Antwerp,1,1,"CMA CGM; Eucon; Hapag-Lloyd",3,1,750,170,750,750,3,3,3,{3}
2024-12-29,IEORK,Cork,GBSOU,Southampton,1,1,"CMA CGM; Unifeeder; X-Press",3,1,658,150,658,658,1,1,1,{1}
2024-12-29,IEORK,Cork,IEDUB,Dublin,1,1,"BG Freight Line; CMA CGM; ONE",3,1,1380,378,1380,1380,0,0,0,{0}
2024-12-29,IEORK,Cork,NLRTM,Rotterdam,1,1,"BG Freight Line; CMA CGM",2,1,804,,804,804,3,3,3,{3}
2024-12-29,IEORK,Cork,USCHT,"Chester PA",1,1,ICL,1,4,3097.5,500,3091,3108,9,9,9,{9}
2024-12-29,ILASH,Ashdod,EGDAM,Damietta,1,1,Medkon,1,2,1687.142857142857,178.57142857142858,1162,1200,0,0,0,{0}
2024-12-29,ILASH,Ashdod,EGEDK,"El Dekheila",1,1,Medkon,1,1,750.8571428571429,132.57142857142858,657,657,1,1,1,{1}
2024-12-29,ILASH,Ashdod,EGPSD,"Port Said",1,1,"Maersk Line; MSC",2,15,19157.06666666667,1685.3333333333333,18500,19224,1,1,1,{1}
2024-12-29,ILASH,Ashdod,ESVLC,Valencia,1,1,"Grimaldi Lines",1,4,729,,700,750,7,7,7,{7}
2024-12-29,ILASH,Ashdod,GRPIR,Piraeus,2,2,"COSCO; OOCL; Salamis",3,2,2481,315,907,1574,3,3,3,"{3,3}"
2024-12-29,ILASH,Ashdod,ILHFA,Haifa,10,10,"Borchard Lines Ltd; COSCO; Evergreen Line; Hapag-Lloyd; MSC; OOCL; Unifeeder; ZIM",8,29,25790.333333333332,3259.5416666666665,660,8002,0,1,1,"{1,1,1,0,1,1,1,0,1,1}"
2024-12-29,ILASH,Ashdod,ITVCE,Venice,1,1,Medkon,1,2,1001.4285714285714,168.57142857142858,698,704,4,4,4,{4}
2024-12-29,ILASH,Ashdod,ROCND,Constanta,1,1,MSC,1,3,1358.3333333333333,100,1205,1512,4,4,4,{4}
2024-12-29,ILASH,Ashdod,SIKOP,Koper,1,1,"Maersk Line; MSC",2,2,1671.5,302,1658,1685,5,5,5,{5}
2024-12-29,ILASH,Ashdod,TRISK,Iskenderun,1,1,"Borchard Lines Ltd",1,5,868,185.4,868,868,1,1,1,{1}
2024-12-29,ILASH,Ashdod,TRMER,Mersin,2,2,"Borchard Lines Ltd; ZIM",2,18,9013.8,713.6666666666666,889,10062,1,1.5,2,"{2,1}"
2024-12-29,ILHFA,Haifa,CYLMS,Limassol,4,4,"Borchard Lines Ltd; OOCL; Salamis; Unifeeder; ZIM",5,5,5261,796,507,1740,1,1,1,"{1,1,1,1}"
2024-12-29,ILHFA,Haifa,EGALY,Alexandria,2,2,"Borchard Lines Ltd; MSC",2,5,3657,510.33333333333337,889,2550,1,1.5,2,"{2,1}"
2024-12-29,ILHFA,Haifa,EGDAM,Damietta,1,1,"MSC; ZIM",2,5,6954,520,6644,8002,2,2,2,{2}
2024-12-29,ILHFA,Haifa,EGPSD,"Port Said",1,1,MSC,1,2,2390.5,400,2303,2478,0,0,0,{0}
2024-12-29,ILHFA,Haifa,FRFOS,"Marseilles-Fos (Fos)",1,1,"COSCO; ZIM",2,2,1130.5,191,1061,1200,5,5,5,{5}
2024-12-29,ILHFA,Haifa,GRPIR,Piraeus,1,1,Salamis,1,1,700,144,700,700,2,2,2,{2}
2024-12-29,ILHFA,Haifa,ILASH,Ashdod,7,7,"Borchard Lines Ltd; COSCO; Maersk Line; Medkon; MSC; OOCL; ZIM",7,30,16067.204761904763,1592.8761904761905,698,10062,0,1,1,"{0,0,1,1,0,1,1}"
2024-12-29,ILHFA,Haifa,ROCND,Constanta,1,1,ZIM,1,3,1817.3333333333333,322.6666666666667,1484,1984,4,4,4,{4}
2024-12-29,ILHFA,Haifa,SIKOP,Koper,1,1,ZIM,1,2,1232.5,266,1061,1404,4,4,4,{4}
2024-12-29,ILHFA,Haifa,TRALI,Aliaga,1,1,"Hapag-Lloyd; ZIM",2,8,4035.5,353.875,3429,4839,2,2,2,{2}
2024-12-29,ILHFA,Haifa,TRISK,Iskenderun,1,1,"Evergreen Line",1,2,1534,190,1200,1868,1,1,1,{1}
2024-12-29,INCCU,Kolkata,INHAL,Haldia,1,1,"CMA CGM; OOCL; SOL; Yang Ming",4,2,1424.5714285714287,303.42857142857144,1061,1155,1,1,1,{1}
2024-12-29,INCCU,Kolkata,MYPKG,"Port Klang",2,2,"Gold Star Line; RCL; X-Press",3,5,2432.5714285714284,288.2857142857143,1018,1779,5,5.5,6,"{6,5}"
2024-12-29,INCCU,Kolkata,SGSIN,Singapore,4,4,"BTL-Bengal Tiger Line; CMA CGM; ONE; OOCL; PIL; Samudera; X-Press",7,8,3776.5714285714284,132.85714285714286,600,1100,5,5,6,"{5,6,5,5}"
2024-12-29,INCOK,Cochin,AEJEA,"Dubai, Jebel Ali",1,1,"CMA CGM; Evergreen Line; RCL; Unifeeder; X-Press",5,3,2913.3333333333335,476.6666666666667,2824,3006,3,3,3,{3}
2024-12-29,INCOK,Cochin,LKCMB,Colombo,1,1,"CMA CGM; Evergreen Line; RCL; Unifeeder; X-Press",5,3,2913.3333333333335,476.6666666666667,2824,3006,1,1,1,{1}
2024-12-29,INCOK,Cochin,MYPKG,"Port Klang",1,1,"IAL-Interasia Lines; Wan Hai",2,6,3855.3333333333335,366.6666666666667,2553,4532,5,5,5,{5}
2024-12-29,INENR,Ennore,INVTZ,Vishakhapatnam,1,1,"Maersk Line",1,2,2625.5,400,2553,2698,1,1,1,{1}
2024-12-29,INENR,Ennore,LKCMB,Colombo,1,1,"ANL; APL; CMA CGM; MSC",4,17,8897.117647058823,798.8235294117648,8269,9572,1,1,1,{1}
2024-12-29,INHAL,Haldia,MYPKG,"Port Klang",1,1,"CMA CGM; OOCL; SOL; Yang Ming",4,2,1424.5714285714287,303.42857142857144,1061,1155,5,5,5,{5}
2024-12-29,INHZA,Hazira,INMUN,Mundra,3,3,"BTL-Bengal Tiger Line; COSCO; Emirates Shipping; Evergreen Line; Gold Star Line; KMTC; MSC; OOCL; X-Press; ZIM",10,23,16119.362637362636,1098.923076923077,2200,9200,1,1,3,"{1,3,1}"
2024-12-29,INHZA,Hazira,INNSA,"Mumbai (Nhava Sheva)",3,3,"CMA CGM; COSCO; Feedertech; Hapag-Lloyd; Hyundai; ONE; OOCL; X-Press",8,24,12767.090909090908,1357.2727272727275,2742,7164,0,0,1,"{0,0,1}"
2024-12-29,INIXY,Kandla,INNSA,"Mumbai (Nhava Sheva)",1,1,Hapag-Lloyd,1,3,3430.3333333333335,496.6666666666667,3237,3649,1,1,1,{1}
2024-12-29,INKAT,Kattupalli,BRSSZ,Santos,1,1,"Hyundai; ONE",2,12,6040.833333333333,576.8333333333334,4728,10081,26,26,26,{26}
2024-12-29,INKAT,Kattupalli,MYPKG,"Port Klang",2,2,"BTL-Bengal Tiger Line; COSCO; IAL-Interasia Lines; KMTC; ONE; OOCL; RCL; Samudera; Wan Hai; X-Press",10,10,7762.333333333334,792.1666666666667,2732,5014,5,6,7,"{7,5}"
2024-12-29,INKAT,Kattupalli,SGSIN,Singapore,1,1,"Hyundai; ONE; Sinokor",3,16,6809.5,632.6875,5023,11010,5,5,5,{5}
2024-12-29,INMAA,Chennai/Madras,INKAT,Kattupalli,1,1,"IAL-Interasia Lines; KMTC; Wan Hai",3,6,3973.8333333333335,359.6666666666667,3013,4890,0,0,0,{0}
2024-12-29,INMAA,Chennai/Madras,INVTZ,Vishakhapatnam,3,3,"BTL-Bengal Tiger Line; CMA CGM; COSCO; Evergreen Line; IAL-Interasia Lines; KMTC; ONE; OOCL; PIL; RCL; TS Lines; Unifeeder; Wan Hai; X-Press",14,13,12622.7,1250.2666666666667,2456,7092,1,1,1,"{1,1,1}"
2024-12-29,INMAA,Chennai/Madras,LKCMB,Colombo,2,2,"CMA CGM; Evergreen Line; RCL; Unifeeder; X-Press",5,5,4643.333333333334,651.6666666666667,1730,3006,1,1.5,2,"{1,2}"
2024-12-29,INMAA,Chennai/Madras,MYPKG,"Port Klang",1,1,"COSCO; IAL-Interasia Lines; ONE; OOCL; Samudera; Wan Hai",6,5,4219.8,270,3013,4738,3,3,3,{3}
2024-12-29,INMUN,Mundra,AEAUH,"Abu Dhabi",3,3,"CMA CGM; COSCO; OOCL",3,9,8637.333333333332,1092.6666666666667,2200,3600,3,5,7,"{7,5,3}"
2024-12-29,INMUN,Mundra,AEJEA,"Dubai, Jebel Ali",3,3,"APL; CMA CGM; COSCO; Emirates Shipping; Evergreen Line; Feedertech; Hapag-Lloyd; ONE; PIL; X-Press",10,13,8456.25,1108.5,1728,4298,3,3,5,"{5,3,3}"
2024-12-29,INMUN,Mundra,ESALG,Algeciras,1,1,"Hyundai; ONE; Sinokor",3,16,6809.5,632.6875,5023,11010,21,21,21,{21}
2024-12-29,INMUN,Mundra,ESVLC,Valencia,1,1,"CMA CGM; COSCO; Hapag-Lloyd; OOCL",4,12,8546.75,877.5,7179,10100,25,25,25,{25}
2024-12-29,INMUN,Mundra,GBFXT,Felixstowe,1,1,MSC,1,13,8063.076923076923,317.92307692307685,6492,9200,33,33,33,{33}
2024-12-29,INMUN,Mundra,INHZA,Hazira,2,2,"CMA CGM; COSCO; Feedertech; Hapag-Lloyd; ONE; OOCL; X-Press",7,13,8358.636363636364,775.4545454545455,2742,4400,1,1,1,"{1,1}"
2024-12-29,INMUN,Mundra,INNSA,"Mumbai (Nhava Sheva)",10,10,"APL; CMA CGM; Evergreen Line; Feedertech; Hyundai; Maersk Line; MSC; ONE; OOCL; Sinokor; Unifeeder; Wan Hai; X-Press",13,101,65544.16111111111,5009.297023809523,1713,16520,1,1.5,3,"{1,1,1,3,1,2,3,1,3,3}"
2024-12-29,INMUN,Mundra,INPAV,Pipavav,1,1,"Global Feeder Shipping; Maersk Line",2,2,4191.5,450,4130,4253,2,2,2,{2}
2024-12-29,INMUN,Mundra,LKCMB,Colombo,9,9,"APL; BTL-Bengal Tiger Line; CMA CGM; COSCO; Emirates Shipping; Evergreen Line; Feedertech; Gold Star Line; Hyundai; KMTC; Maersk Line; MSC; ONE; OOCL; Samudera; TS Lines; Unifeeder; X-Press; ZIM",19,90,63948.06349206349,5421.769841269841,3301,19224,3,4,5,"{4,5,5,3,3,4,5,3,4}"
2024-12-29,INMUN,Mundra,MAPTM,Tanger,2,2,"CMA CGM; COSCO; Hapag-Lloyd; ONE; OOCL",5,25,20963.69871794872,1511.3461538461538,8626,14074,26,26,26,"{26,26}"
2024-12-29,INMUN,Mundra,MYPKG,"Port Klang",2,2,"COSCO; Feedertech; Heung-A; IAL-Interasia Lines; OOCL; Sinokor; Wan Hai",7,12,10816.666666666668,988.3333333333333,4268,7096,7,7.5,8,"{8,7}"
2024-12-29,INMUN,Mundra,OMSLL,Salalah,1,1,"Maersk Line",1,4,4564.75,187.5,4496,4771,3,3,3,{3}
2024-12-29,INMUN,Mundra,PKBQM,"Port Qasim",1,1,"APL; CMA CGM; CNC Line-Cheng Lie Navigation Co. Ltd.; COSCO; Gold Star Line; OOCL; RCL; X-Press; ZIM",9,7,7918,577.5714285714286,7117,9200,1,1,1,{1}
2024-12-29,INMUN,Mundra,PKKHI,Karachi,6,6,"COSCO; CULines-China United Lines; Emirates Shipping; Evergreen Line; Global Feeder Shipping; IAL-Interasia Lines; KMTC; Messina; ONE; PIL; RCL; Samudera; Sidra; Sinokor; TS Lines",15,23,39023.79047619048,4066.742857142857,1528,8002,0,1,1,"{0,1,1,1,1,1}"
2024-12-29,INMUN,Mundra,SADMM,Dammam,2,2,"MSC; ONE; Samudera",3,12,7159,620,2742,4679,3,3.5,4,"{3,4}"
2024-12-29,INMUN,Mundra,USNYC,"New York NY/NJ",2,2,"Hapag-Lloyd; Hyundai; ONE",3,22,12505,1665.4545454545455,6350,9480,27,28,29,"{29,27}"
2024-12-29,INNSA,"Mumbai (Nhava Sheva)",AEJEA,"Dubai, Jebel Ali",5,5,"CMA CGM; COSCO; Evergreen Line; Feedertech; Global Feeder Shipping; Hapag-Lloyd; Maersk Line; MSC; ONE; OOCL; Wan Hai; X-Press",12,16,19072.933333333334,2060.916666666667,2756,4400,3,4,4,"{4,4,3,4,4}"
2024-12-29,INNSA,"Mumbai (Nhava Sheva)",CGPNR,"Pointe Noire",1,1,"APL; CMA CGM; Maersk Line",3,10,5196.6,595,4496,6014,20,20,20,{20}
2024-12-29,INNSA,"Mumbai (Nhava Sheva)",INCOK,Cochin,1,1,"IAL-Interasia Lines; Wan Hai",2,6,3855.3333333333335,366.6666666666667,2553,4532,2,2,2,{2}
2024-12-29,INNSA,"Mumbai (Nhava Sheva)",INHZA,Hazira,3,3,"BTL-Bengal Tiger Line; COSCO; Emirates Shipping; Evergreen Line; Gold Star Line; KMTC; MSC; OOCL; X-Press; ZIM",10,23,16119.362637362638,1098.923076923077,2200,9200,0,1,1,"{0,1,1}"
2024-12-29,INNSA,"Mumbai (Nhava Sheva)",INKAT,Kattupalli,1,1,"Hyundai; ONE; Sinokor",3,16,6809.5,632.6875,5023,11010,4,4,4,{4}
2024-12-29,INNSA,"Mumbai (Nhava Sheva)",INMUN,Mundra,18,18,"APL; CMA CGM; CNC Line-Cheng Lie Navigation Co. Ltd.; COSCO; CULines-China United Lines; Emirates Shipping; Evergreen Line; Feedertech; Global Feeder Shipping; Gold Star Line; Hapag-Lloyd; Heung-A; Hyundai; IAL-Interasia Lines; KMTC; Maersk Line; MSC; ONE; OOCL; PIL; RCL; Samudera; Sinokor; TS Lines; Wan Hai; X-Press; ZIM",27,146,114419.15982905985,10770.24196914197,1528,14074,1,2,3,"{2,1,2,2,1,2,2,1,2,2,1,3,1,1,2,1,2,2}"
2024-12-29,INNSA,"Mumbai (Nhava Sheva)",INPAV,Pipavav,3,3,"CMA CGM; CNC Line-Cheng Lie Navigation Co. Ltd.; COSCO; Gold Star Line; Hapag-Lloyd; Hyundai; ONE; OOCL; RCL; Samudera; X-Press; Yang Ming; ZIM",13,23,25098.22857142857,1820.7272727272727,5618,9592,0,1,2,"{1,0,2}"
2024-12-29,INNSA,"Mumbai (Nhava Sheva)",KEMBA,Mombasa,1,1,"Feedertech; ONE; OOCL; Unifeeder",4,5,2028.8,430,1713,3006,7,7,7,{7}
2024-12-29,INNSA,"Mumbai (Nhava Sheva)",LKCMB,Colombo,5,5,"CMA CGM; Hapag-Lloyd; MSC; ONE; RCL; Samudera; X-Press",7,58,42338.923665223665,2256.873593073593,2680,16520,2,3,4,"{2,3,4,4,3}"
2024-12-29,INNSA,"Mumbai (Nhava Sheva)",MAPTM,Tanger,1,1,"Maersk Line",1,12,9459.416666666666,975.0833333333334,6402,10500,24,24,24,{24}
2024-12-29,INNSA,"Mumbai (Nhava Sheva)",MYPKG,"Port Klang",1,1,"Evergreen Line; Hapag-Lloyd; IAL-Interasia Lines; Wan Hai",4,5,4258,471,4178,4360,6,6,6,{6}
2024-12-29,INNSA,"Mumbai (Nhava Sheva)",OMSLL,Salalah,1,1,"APL; CMA CGM; Maersk Line",3,14,6429,544.8571428571429,6188,6802,3,3,3,{3}
2024-12-29,INNSA,"Mumbai (Nhava Sheva)",PKBQM,"Port Qasim",1,1,"Maersk Line",1,4,4564.75,187.5,4496,4771,1,1,1,{1}
2024-12-29,INNSA,"Mumbai (Nhava Sheva)",PKKHI,Karachi,3,3,"CMA CGM; Evergreen Line; Hyundai; KMTC; ONE; Sinokor; TS Lines; UAFL-United Africa Feeder Line; X-Press",9,24,18841,1849.1875,1740,11010,1,2,2,"{1,2,2}"
2024-12-29,INNSA,"Mumbai (Nhava Sheva)",ZADUR,Durban,1,1,"CMA CGM; Maersk Line",2,7,2696.8571428571427,490.85714285714283,2490,2826,17,17,17,{17}
2024-12-29,INPAV,Pipavav,INNSA,"Mumbai (Nhava Sheva)",2,2,"APL; CMA CGM; Global Feeder Shipping; Maersk Line",4,16,10620.5,994.8571428571429,4130,6802,2,2,2,"{2,2}"
2024-12-29,INPAV,Pipavav,MYPKG,"Port Klang",2,2,"CMA CGM; CNC Line-Cheng Lie Navigation Co. Ltd.; COSCO; Gold Star Line; Hapag-Lloyd; Hyundai; ONE; OOCL; RCL; Samudera; X-Press; Yang Ming; ZIM",13,18,16055.428571428572,1118.7272727272727,5618,9592,6,6,6,"{6,6}"
2024-12-29,INPAV,Pipavav,PKBQM,"Port Qasim",1,1,"CMA CGM; ONE; RCL; Samudera; X-Press",5,5,6078.4,710,5018,7164,2,2,2,{2}
2024-12-29,INPAV,Pipavav,PKKHI,Karachi,1,1,"CMA CGM; COSCO; Gold Star Line; OOCL; ZIM",5,5,9042.8,702,8063,9580,1,1,1,{1}
2024-12-29,INVTZ,Vishakhapatnam,MYPKG,"Port Klang",2,2,"CMA CGM; COSCO; Evergreen Line; IAL-Interasia Lines; KMTC; OOCL; PIL; RCL; TS Lines; Unifeeder",10,11,10024.2,1000.2666666666667,3566,7092,3,4,5,"{3,5}"
2024-12-29,INVTZ,Vishakhapatnam,MYTPP,"Tanjung Pelepas",1,1,"Maersk Line",1,2,2625.5,400,2553,2698,6,6,6,{6}
2024-12-29,INVTZ,Vishakhapatnam,SGSIN,Singapore,1,1,"BTL-Bengal Tiger Line; Evergreen Line; ONE; Wan Hai; X-Press",5,2,2598.5,250,2456,2741,5,5,5,{5}
2024-12-29,IQUQR,"Umm Qasr",AEAUH,"Abu Dhabi",2,2,MSC,1,13,18031.166666666664,1311.5833333333333,3424,16616,1,1.5,2,"{2,1}"
2024-12-29,IQUQR,"Umm Qasr",AEJEA,"Dubai, Jebel Ali",1,1,Hapag-Lloyd,1,3,3430.3333333333335,496.6666666666667,3237,3649,2,2,2,{2}
2024-12-29,IQUQR,"Umm Qasr",QAHMD,Hamad,1,1,"COSCO; Hapag-Lloyd; Hyundai; ONE; Yang Ming",5,7,5179.571428571428,407.14285714285717,5500,6589,1,1,1,{1}
2024-12-29,IQUQR,"Umm Qasr",SADMM,Dammam,1,1,"CMA CGM",1,3,3204.6666666666665,512,2546,3534,5,5,5,{5}
2024-12-29,IQUQR,"Umm Qasr",SAJUB,Jubail,1,1,"CMA CGM",1,3,3232.6666666666665,430.6666666666667,2564,3600,1,1,1,{1}
2024-12-29,ISGRT,Grundartangi,ISREY,Reykjavik,1,1,"CMA CGM; Eimskip; Hapag-Lloyd",3,2,1776.5,392.5,1678,1875,1,1,1,{1}
2024-12-29,ISREY,Reykjavik,GLGOH,Nuuk,1,1,"Eimskip; Royal Arctic Line",2,3,2148,500,2148,2148,3,3,3,{3}
2024-12-29,ISREY,Reykjavik,ISRFJ,"Reydarfjordur Iceland",1,1,"Eimskip; Royal Arctic Line",2,3,2148,500,2148,2148,1,1,1,{1}
2024-12-29,ISREY,Reykjavik,ISVES,"Vestmannaeyjar Iceland",2,2,Eimskip,1,2,3146,700,698,875,1,1,1,"{1,1}"
2024-12-29,ISREY,Reykjavik,NLRTM,Rotterdam,1,1,"CMA CGM; Eimskip; Hapag-Lloyd",3,2,1776.5,392.5,1678,1875,3,3,3,{3}
2024-12-29,ISREY,Reykjavik,USPWM,"Portland, ME",1,1,Eimskip,1,3,882.6666666666666,189.66666666666666,698,1025,7,7,7,{7}
2024-12-29,ISRFJ,"Reydarfjordur Iceland",FOTHO,Thorshavn,1,1,"Eimskip; Royal Arctic Line",2,3,2148,500,2148,2148,1,1,1,{1}
2024-12-29,ISVES,"Vestmannaeyjar Iceland",FOTHO,Thorshavn,2,2,Eimskip,1,2,3146,700,698,875,1,1,1,"{1,1}"
2024-12-29,ITAOI,Ancona,GRPIR,Piraeus,2,2,"COSCO; ONE; OOCL; Yang Ming",4,5,3211.333333333333,683,1042,1922,2,3.5,5,"{2,5}"
2024-12-29,ITAOI,Ancona,HRRJK,Rijeka,1,1,"CMA CGM",1,5,1478.4,339.6,1221,1841,2,2,2,{2}
2024-12-29,ITAOI,Ancona,ITRAN,Ravenna,1,1,"CMA CGM; COSCO; Evergreen Line; OOCL; Tarros; Unimed Feeder Services-UFS; X-Press",7,4,2650.75,332.5,2300,2926,2,2,2,{2}
2024-12-29,ITAOI,Ancona,ITVCE,Venice,2,2,"Hapag-Lloyd; Maersk Line; MSC",3,7,5267.083333333334,873.5,2400,2825,0,1.5,3,"{0,3}"
2024-12-29,ITBRI,Bari,ALDRZ,Durres,1,1,MSC,1,1,925,200,925,925,1,1,1,{1}
2024-12-29,ITBRI,Bari,HRPLE,Ploce,1,1,"CMA CGM; COSCO; Evergreen Line; Hapag-Lloyd; Maersk Line; X-Press",6,1,700,60,700,700,1,1,1,{1}
2024-12-29,ITBRI,Bari,ITGIT,"Gioia Tauro",1,1,MSC,1,1,925,200,925,925,2,2,2,{2}
2024-12-29,ITCAG,Cagliari,MAPTM,Tanger,1,1,"Maersk Line; X-Press",2,1,862,234,862,862,2,2,2,{2}
2024-12-29,ITCTA,Catania,ALDRZ,Durres,1,1,MSC,1,1,1874,,1874,1874,2,2,2,{2}
2024-12-29,ITCTA,Catania,ITGIT,"Gioia Tauro",1,1,MSC,1,1,1874,,1874,1874,1,1,1,{1}
2024-12-29,ITCVV,Civitavecchia,FRFOS,"Marseilles-Fos (Fos)",1,1,MSC,1,14,9238.785714285714,727.5714285714286,8772,12119,2,2,2,{2}
2024-12-29,ITCVV,Civitavecchia,ITSAL,Salerno,2,2,"Hapag-Lloyd; Maersk Line; X-Press",3,10,3898.125,823.75,1036,2837,1,1,1,"{1,1}"
2024-12-29,ITGIT,"Gioia Tauro",BGBOJ,Burgas,1,1,MSC,1,6,1016.6666666666666,187.66666666666666,957,1104,3,3,3,{3}
2024-12-29,ITGIT,"Gioia Tauro",DZALG,Algiers,1,1,MSC,1,6,1016.6666666666666,187.66666666666666,957,1104,4,4,4,{4}
2024-12-29,ITGIT,"Gioia Tauro",EGALY,Alexandria,1,1,"Maersk Line; MSC",2,4,2717.75,466.5,2490,2825,4,4,4,{4}
2024-12-29,ITGIT,"Gioia Tauro",EGDAM,Damietta,1,1,MSC,1,7,5552.285714285715,384.85714285714283,4340,6008,3,3,3,{3}
2024-12-29,ITGIT,"Gioia Tauro",EGPSD,"Port Said",1,1,"Maersk Line; MSC",2,15,23789.06666666667,1556.2666666666667,23656,24232,3,3,3,{3}
2024-12-29,ITGIT,"Gioia Tauro",ESBCN,Barcelona,1,1,MSC,1,14,13646.142857142857,814.2857142857143,12400,16520,2,2,2,{2}
2024-12-29,ITGIT,"Gioia Tauro",GRPIR,Piraeus,3,3,"MSC; WEC Lines; ZIM",3,24,21086.542857142857,1588.6857142857143,1740,16520,1,1,1,"{1,1,1}"
2024-12-29,ITGIT,"Gioia Tauro",ILASH,Ashdod,1,1,MSC,1,2,2390.5,400,2303,2478,3,3,3,{3}
2024-12-29,ITGIT,"Gioia Tauro",ITBRI,Bari,1,1,MSC,1,1,925,200,925,925,2,2,2,{2}
2024-12-29,ITGIT,"Gioia Tauro",ITCTA,Catania,1,1,MSC,1,1,1874,,1874,1874,1,1,1,{1}
2024-12-29,ITGIT,"Gioia Tauro",ITCVV,Civitavecchia,1,1,MSC,1,14,9238.785714285714,727.5714285714286,8772,12119,2,2,2,{2}
2024-12-29,ITGIT,"Gioia Tauro",ITGOA,Genoa,1,1,MSC,1,18,13575.444444444447,208.33333333333334,2680,16000,2,2,2,{2}
2024-12-29,ITGIT,"Gioia Tauro",ITNAP,Naples,2,2,"Maersk Line; MSC",2,16,15881.47619047619,1236.888888888889,6008,9200,3,4,5,"{5,3}"
2024-12-29,ITGIT,"Gioia Tauro",ITSAL,Salerno,1,1,MSC,1,6,4022.6666666666665,409.1666666666667,3007,4392,2,2,2,{2}
2024-12-29,ITGIT,"Gioia Tauro",LYBEN,Bingazi,1,1,MSC,1,2,1348.5,256,957,1740,2,2,2,{2}
2024-12-29,ITGIT,"Gioia Tauro",LYMRA,Misurata,1,1,MSC,1,1,957,252,957,957,1,1,1,{1}
2024-12-29,ITGIT,"Gioia Tauro",MTMAR,"Malta (Marsaxlokk)",3,3,MSC,1,7,12514.5,1529.25,800,16000,0,1,1,"{1,1,0}"
2024-12-29,ITGIT,"Gioia Tauro",PTSIE,Sines,1,1,MSC,1,5,4732.8,576.8,4132,5060,4,4,4,{4}
2024-12-29,ITGIT,"Gioia Tauro",TNTUN,Tunis,2,2,MSC,1,2,1018,,426,592,2,2,2,"{2,2}"
2024-12-29,ITGOA,Genoa,CYLMS,Limassol,1,1,"Borchard Lines Ltd",1,3,1107,210.33333333333334,889,1216,4,4,4,{4}
2024-12-29,ITGOA,Genoa,EGALY,Alexandria,1,1,"Arkas Line; CMA CGM; Hapag-Lloyd; Maersk Line; OOCL",5,4,2469,381,2442,2478,3,3,3,{3}
2024-12-29,ITGOA,Genoa,ESALG,Algeciras,2,2,"Arkas Line; CMA CGM; Maersk Line; Messina; MSC; Tarros",6,13,10056.97619047619,856.6666666666666,1267,9200,1,2,3,"{3,1}"
2024-12-29,ITGOA,Genoa,ESBCN,Barcelona,2,2,"Hapag-Lloyd; ZIM",2,15,8930.928571428572,669.875,3429,5087,2,2,2,"{2,2}"
2024-12-29,ITGOA,Genoa,ESVLC,Valencia,2,2,"Hapag-Lloyd; MSC; ZIM",3,15,13290.555555555555,1700.6111111111109,3007,11010,1,1.5,2,"{2,1}"
2024-12-29,ITGOA,Genoa,FRFOS,"Marseilles-Fos (Fos)",3,3,"APL; Arkas Line; CMA CGM; COSCO; Hapag-Lloyd; ONE; OOCL; Yang Ming; ZIM",9,25,21613.75,2348.690476190476,3832,10100,1,1,2,"{2,1,1}"
2024-12-29,ITGOA,Genoa,FRMRS,"Marseilles-Fos (Marseilles)",3,3,"APL; CMA CGM; COSCO; Marfret",4,16,9595.388888888889,1988.5277777777778,957,7327,0,1,2,"{2,0,1}"
2024-12-29,ITGOA,Genoa,GRPIR,Piraeus,1,1,"Hyundai; ONE; Sinokor",3,16,6809.5,632.6875,5023,11010,3,3,3,{3}
2024-12-29,ITGOA,Genoa,ITGIT,"Gioia Tauro",1,1,MSC,1,5,2181.8,324.4,1740,2480,2,2,2,{2}
2024-12-29,ITGOA,Genoa,ITLIV,Leghorn,2,2,"Grimaldi Lines; Hapag-Lloyd",2,12,5820.267857142857,569.75,1318,2837,0,0,0,"{0,0}"
2024-12-29,ITGOA,Genoa,ITNAP,Naples,1,1,Messina,1,3,9916.190476190475,685.7142857142857,1600,4406,1,1,1,{1}
2024-12-29,ITGOA,Genoa,ITSAL,Salerno,2,2,"COSCO; Messina; ZIM",3,5,17321.5,1772,1061,6296,1,1.5,2,"{1,2}"
2024-12-29,ITGOA,Genoa,ITSPE,"La Spezia",5,5,"Arkas Line; CMA CGM; CNAN-MED; CNC Line-Cheng Lie Navigation Co. Ltd.; COSCO; Evergreen Line; Hapag-Lloyd; Hyundai; Messina; MSC; ONE; OOCL; Tarros; Yang Ming",14,55,51742.80634920635,2155.095238095238,1267,21413,0,0,1,"{1,0,0,0,0}"
2024-12-29,ITGOA,Genoa,SGSIN,Singapore,1,1,"Hapag-Lloyd; Hyundai; ONE; Yang Ming",4,15,12522.6,702.2,13169,15500,30,30,30,{30}
2024-12-29,ITGOA,Genoa,TRGEB,"Istanbul (Gebze)",1,1,"Arkas Line; Maersk Line; Tarros; Turkon",4,2,1655,214,1529,1781,4,4,4,{4}
2024-12-29,ITLIV,Leghorn,ESBCN,Barcelona,1,1,Hapag-Lloyd,1,8,2728.125,569.75,2586,2837,1,1,1,{1}
2024-12-29,ITLIV,Leghorn,ITGOA,Genoa,7,7,"APL; Arkas Line; CMA CGM; COSCO; Hapag-Lloyd; Maersk Line; Marfret; MSC; ONE; OOCL; Yang Ming; ZIM",12,51,46561.68253968254,5569.579365079365,3007,11010,1,2,3,"{1,1,3,2,2,2,2}"
2024-12-29,ITLIV,Leghorn,ITSAL,Salerno,1,1,"Grimaldi Lines",1,4,3092.1428571428573,,1318,1568,1,1,1,{1}
2024-12-29,ITMDC,"Marina di Carrara",FRMRS,"Marseilles-Fos (Marseilles)",1,1,"CNAN-MED; Messina; Tarros",3,2,2182.8571428571427,297.14285714285717,1528,1528,1,1,1,{1}
2024-12-29,ITNAP,Naples,EGPSD,"Port Said",1,1,Messina,1,3,9916.190476190475,685.7142857142857,1600,4406,3,3,3,{3}
2024-12-29,ITNAP,Naples,ESALG,Algeciras,1,1,"Maersk Line; X-Press",2,2,1170,254,1036,1304,3,3,3,{3}
2024-12-29,ITNAP,Naples,GRPIR,Piraeus,1,1,"COSCO; OOCL; Yang Ming",3,1,1730,350,1730,1730,3,3,3,{3}
2024-12-29,ITNAP,Naples,ITGIT,"Gioia Tauro",1,1,MSC,1,2,2390.5,400,2303,2478,1,1,1,{1}
2024-12-29,ITNAP,Naples,ITGOA,Genoa,1,1,MSC,1,5,2181.8,324.4,1740,2480,3,3,3,{3}
2024-12-29,ITNAP,Naples,ITLIV,Leghorn,1,1,"Maersk Line; MSC",2,7,8479.142857142857,650,7846,9200,2,2,2,{2}
2024-12-29,ITNAP,Naples,ITSPE,"La Spezia",2,2,"Maersk Line; MSC; WEC Lines",3,14,16594.733333333334,1335.6888888888889,6008,9600,1,2,3,"{1,3}"
2024-12-29,ITRAN,Ravenna,GRPIR,Piraeus,2,2,"Maersk Line; Medkon; MSC",3,5,2454.7619047619046,343.23809523809524,698,1842,2,2.5,3,"{2,3}"
2024-12-29,ITRAN,Ravenna,ILASH,Ashdod,1,1,ZIM,1,2,1232.5,266,1061,1404,5,5,5,{5}
2024-12-29,ITRAN,Ravenna,ITTRS,Trieste,1,1,"CMA CGM; COSCO; Evergreen Line; OOCL; Tarros; Unimed Feeder Services-UFS; X-Press",7,4,2650.75,332.5,2300,2926,1,1,1,{1}
2024-12-29,ITRAN,Ravenna,ITVCE,Venice,2,2,"Borchard Lines Ltd; Maersk Line; MSC",3,4,2337.5,418,660,1685,1,1,1,"{1,1}"
2024-12-29,ITRAN,Ravenna,SIKOP,Koper,1,1,"Maersk Line; MSC",2,4,2717.75,466.5,2490,2825,1,1,1,{1}
2024-12-29,ITRAN,Ravenna,TRAMB,"Istanbul (Ambarli)",1,1,"Maersk Line; MSC",2,2,2557.5,317.5,2207,2908,3,3,3,{3}
2024-12-29,ITSAL,Salerno,CYLMS,Limassol,1,1,"Borchard Lines Ltd",1,5,868,185.4,868,868,4,4,4,{4}
2024-12-29,ITSAL,Salerno,EGALY,Alexandria,1,1,Messina,1,3,16191,1581,4498,6296,3,3,3,{3}
2024-12-29,ITSAL,Salerno,ESCAS,Castellon,1,1,"Borchard Lines Ltd",1,5,868,185.4,868,868,2,2,2,{2}
2024-12-29,ITSAL,Salerno,FRMRS,"Marseilles-Fos (Marseilles)",1,1,"Borchard Lines Ltd",1,3,1107,210.33333333333334,889,1216,2,2,2,{2}
2024-12-29,ITSAL,Salerno,GRPIR,Piraeus,2,2,"Arkas Line; CMA CGM; Grimaldi Lines; Messina; Tarros",5,10,2306.833333333333,206.66666666666666,700,1930,2,2,2,"{2,2}"
2024-12-29,ITSAL,Salerno,ILASH,Ashdod,1,1,"COSCO; ZIM",2,2,1130.5,191,1061,1200,4,4,4,{4}
2024-12-29,ITSAL,Salerno,ITGOA,Genoa,2,2,"CMA CGM; Hapag-Lloyd",2,12,4461.625,864.5,1604,2837,0,1,2,"{2,0}"
2024-12-29,ITSAL,Salerno,ITLIV,Leghorn,2,2,"Arkas Line; CMA CGM; Hapag-Lloyd; MSC",4,13,8351.666666666666,1152.0238095238096,3007,4664,2,2,2,"{2,2}"
2024-12-29,ITSAL,Salerno,ITNAP,Naples,1,1,"Maersk Line; X-Press",2,2,1170,254,1036,1304,1,1,1,{1}
2024-12-29,ITSAL,Salerno,ITSPE,"La Spezia",2,2,"Arkas Line; CMA CGM; Maersk Line; Messina; Tarros; Turkon",6,8,3232.833333333333,420.66666666666663,1267,1930,2,2,2,"{2,2}"
2024-12-29,ITSAL,Salerno,MACAS,Casablanca,2,2,"COSCO; Grimaldi Lines; OOCL; Yang Ming",4,10,7993.642857142857,468.6666666666667,1318,5618,3,3,3,"{3,3}"
2024-12-29,ITSAL,Salerno,MAPTM,Tanger,2,2,"CMA CGM; Hapag-Lloyd; ONE; ZIM",4,13,5871.238095238095,735.7142857142858,2742,4363,2,2.5,3,"{2,3}"
2024-12-29,ITSPE,"La Spezia",ESALG,Algeciras,1,1,"CMA CGM; COSCO; ONE; OOCL",4,7,4447.428571428572,202.28571428571428,4253,4600,3,3,3,{3}
2024-12-29,ITSPE,"La Spezia",ESBCN,Barcelona,3,3,"Maersk Line; MSC",2,25,20959.119047619046,1914.4603174603174,4132,12119,1,1,1,"{1,1,1}"
2024-12-29,ITSPE,"La Spezia",FRFOS,"Marseilles-Fos (Fos)",5,5,"ANL; APL; CMA CGM; CNC Line-Cheng Lie Navigation Co. Ltd.; COSCO; Evergreen Line; Hapag-Lloyd; Hyundai; MSC; ONE; OOCL; Yang Ming",12,66,58303.2335200747,2685.109243697479,1118,21413,1,1,2,"{1,2,1,1,1}"
2024-12-29,ITSPE,"La Spezia",GBLGP,"London Gateway",1,1,"MSC; WEC Lines",2,5,9192.4,748.8,8384,9600,6,6,6,{6}
2024-12-29,ITSPE,"La Spezia",ITGOA,Genoa,3,3,"Arkas Line; CMA CGM; Maersk Line; Messina; Tarros; Turkon",6,11,4265.166666666666,682.6666666666666,957,1930,1,1,1,"{1,1,1}"
2024-12-29,ITSPE,"La Spezia",ITMDC,"Marina di Carrara",1,1,"CNAN-MED; Messina; Tarros",3,2,2182.8571428571427,297.14285714285717,1528,1528,1,1,1,{1}
2024-12-29,ITSPE,"La Spezia",ITSAL,Salerno,1,1,"Arkas Line; CMA CGM; Messina; Tarros",4,6,1577.8333333333333,206.66666666666666,1267,1930,1,1,1,{1}
2024-12-29,ITTAR,Taranto,MTMAR,"Malta (Marsaxlokk)",1,1,"CMA CGM",1,5,1478.4,339.6,1221,1841,4,4,4,{4}
2024-12-29,ITTRS,Trieste,HRRJK,Rijeka,2,2,"APL; CMA CGM; CNC Line-Cheng Lie Navigation Co. Ltd.; COSCO; Evergreen Line; Maersk Line; MSC; OOCL",8,27,25339.170454545456,1707.8068181818182,9289,15516,1,1,1,"{1,1}"
2024-12-29,ITTRS,Trieste,ITAOI,Ancona,1,1,"Maersk Line; MSC",2,4,2717.75,466.5,2490,2825,1,1,1,{1}
2024-12-29,ITTRS,Trieste,ITRAN,Ravenna,1,1,"Maersk Line; MSC",2,2,1671.5,302,1658,1685,1,1,1,{1}
2024-12-29,ITTRS,Trieste,ITVCE,Venice,5,5,"CMA CGM; COSCO; Evergreen Line; Maersk Line; MSC; ONE; OOCL; Tarros; Unimed Feeder Services-UFS; X-Press; Yang Ming",11,17,9429.316666666666,1353.2666666666667,1042,2926,0,1,2,"{1,2,1,0,1}"
2024-12-29,ITVCE,Venice,CYLMS,Limassol,1,1,"Borchard Lines Ltd",1,2,666,116,660,672,4,4,4,{4}
2024-12-29,ITVCE,Venice,GRPIR,Piraeus,1,1,Hapag-Lloyd,1,3,2549.3333333333335,407,2400,2702,4,4,4,{4}
2024-12-29,ITVCE,Venice,ILHFA,Haifa,1,1,"Maersk Line; MSC",2,2,1671.5,302,1658,1685,5,5,5,{5}
2024-12-29,ITVCE,Venice,ITAOI,Ancona,2,2,"COSCO; ONE; OOCL; Yang Ming",4,5,3211.333333333333,683,1042,1922,0,0.5,1,"{0,1}"
2024-12-29,ITVCE,Venice,ITGIT,"Gioia Tauro",1,1,"Maersk Line; MSC",2,4,2717.75,466.5,2490,2825,3,3,3,{3}
2024-12-29,ITVCE,Venice,ITRAN,Ravenna,2,2,"Medkon; ZIM",2,4,2233.9285714285716,434.57142857142856,698,1404,0,1,2,"{2,0}"
2024-12-29,ITVCE,Venice,SIKOP,Koper,4,4,"CMA CGM; COSCO; Evergreen Line; Maersk Line; MSC; OOCL; Tarros; Unimed Feeder Services-UFS; X-Press",9,14,8139.983333333333,1164.2666666666667,1078,2926,0,0.5,1,"{0,0,1,1}"
2024-12-29,ITVDL,"Vado Ligure",DZALG,Algiers,1,1,"Maersk Line",1,2,912.5,243,868,957,4,4,4,{4}
2024-12-29,ITVDL,"Vado Ligure",FRFOS,"Marseilles-Fos (Fos)",1,1,"Arkas Line; Maersk Line",2,4,2179.5,307.5,1604,2474,1,1,1,{1}
2024-12-29,ITVDL,"Vado Ligure",ITCVV,Civitavecchia,1,1,"Maersk Line; X-Press",2,2,1170,254,1036,1304,1,1,1,{1}
2024-12-29,JMKIN,Kingston,BSNAS,Nassau,1,1,"APL; CMA CGM",2,3,1279.3333333333333,399,1201,1341,3,3,3,{3}
2024-12-29,JMKIN,Kingston,BZBZE,"Belize City",1,1,"Caribbean Feeder; CMA CGM; Hapag-Lloyd; ZIM",4,1,700,100,700,700,2,2,2,{2}
2024-12-29,JMKIN,Kingston,CNTAO,Qingdao,1,1,"Maersk Line; MSC; ZIM",3,12,14577.333333333334,1450,11800,15124,34,34,34,{34}
2024-12-29,JMKIN,Kingston,COBAQ,Barranquilla,1,1,"Seaboard Marine",1,2,1755.5,300,1730,1781,2,2,2,{2}
2024-12-29,JMKIN,Kingston,COCTG,Cartagena,3,3,"APL; CMA CGM; COSCO; Evergreen Line; Maersk Line; Marfret; OOCL; Seaboard Marine; X-Press; ZIM",10,19,14300.055555555555,2324.277777777778,1080,7327,2,2,2,"{2,2,2}"
2024-12-29,JMKIN,Kingston,COSMR,"Santa Marta",1,1,Hapag-Lloyd,1,7,2690.714285714286,700,2572,2854,3,3,3,{3}
2024-12-29,JMKIN,Kingston,CRMOB,Moin,1,1,"CMA CGM; Marfret",2,6,3684.3333333333335,800,3504,4045,3,3,3,{3}
2024-12-29,JMKIN,Kingston,CUSCU,"Santiago de Cuba",1,1,"CMA CGM",1,1,3412,600,1706,1706,3,3,3,{3}
2024-12-29,JMKIN,Kingston,DOCAU,Caucedo,3,3,"Caribbean Feeder; CMA CGM; CNC Line-Cheng Lie Navigation Co. Ltd.; COSCO; Hapag-Lloyd; Maersk Line; OOCL; ZIM",8,18,13681.416666666668,1425.3333333333333,1061,13566,2,2,2,"{2,2,2}"
2024-12-29,JMKIN,Kingston,DOHAI,"Rio Haina",3,3,"APL; CMA CGM; COSCO; Seaboard Marine; X-Press; ZIM",6,9,5714.000000000001,1022.6666666666667,1061,3716,1,2,2,"{1,2,2}"
2024-12-29,JMKIN,Kingston,HNPCR,"Puerto Cortes",3,3,"Caribbean Feeder; CMA CGM; COSCO; Hapag-Lloyd; Maersk Line; OOCL; Seaboard Marine; ZIM",8,7,4772.166666666667,878.5,862,2564,1,2,2,"{2,1,2}"
2024-12-29,JMKIN,Kingston,HTLFF,"Port Lafito",1,1,"APL; CMA CGM",2,2,1193,305,1102,1284,1,1,1,{1}
2024-12-29,JMKIN,Kingston,HTPAP,Port-au-Prince,2,2,"Caribbean Feeder; CMA CGM; COSCO; Evergreen Line; Hapag-Lloyd; Maersk Line; ONE; OOCL; Seaboard Marine; X-Press; ZIM",11,4,2840.666666666667,459,1020,1788,1,1.5,2,"{1,2}"
2024-12-29,JMKIN,Kingston,JMMBJ,"Montego Bay",1,1,"Seaboard Marine; ZIM",2,1,370,,370,370,1,1,1,{1}
2024-12-29,JMKIN,Kingston,MXATM,Altamira,1,1,"COSCO; Seaboard Marine; X-Press; ZIM",4,3,1093.6666666666667,224,1061,1118,4,4,4,{4}
2024-12-29,JMKIN,Kingston,MXVER,Veracruz,1,1,"CMA CGM; COSCO; Maersk Line",3,8,6282.5,587.5,5576,6750,3,3,3,{3}
2024-12-29,JMKIN,Kingston,PAMIT,Manzanillo,2,2,"Caribbean Feeder; CMA CGM; COSCO; Hapag-Lloyd; Maersk Line; ONE; OOCL; Seaboard Marine; X-Press; ZIM",10,7,4140.666666666667,540,1020,3398,2,2.5,3,"{2,3}"
2024-12-29,JMKIN,Kingston,PECLL,Callao,1,1,ZIM,1,5,1656,334.6,1296,1781,7,7,7,{7}
2024-12-29,JMKIN,Kingston,PFPPT,"Papeete, Tahiti",1,1,"ANL; APL; CMA CGM; Marfret",4,14,2318.1428571428573,588.1428571428571,1064,2713,16,16,16,{16}
2024-12-29,JMKIN,Kingston,PRSJU,"San Juan PR",1,1,"CMA CGM",1,3,1269,183.33333333333334,1200,1338,3,3,3,{3}
2024-12-29,JMKIN,Kingston,SXSXM,"St Maarten",1,1,"CMA CGM; COSCO",2,3,1253,334,1118,1345,3,3,3,{3}
2024-12-29,JMKIN,Kingston,TTPTS,"Point Lisas",1,1,"APL; CMA CGM",2,3,1279.3333333333333,399,1201,1341,3,3,3,{3}
2024-12-29,JMKIN,Kingston,USBAL,"Baltimore MD",1,1,ZIM,1,12,7253.083333333333,250,7000,7928,3,3,3,{3}
2024-12-29,JMKIN,Kingston,USCHS,"Charleston SC",1,1,"Maersk Line; MSC; ZIM",3,12,14577.333333333334,1450,11800,15124,3,3,3,{3}
2024-12-29,JMKIN,Kingston,USMIA,"Miami FL",1,1,ZIM,1,5,1656,334.6,1296,1781,2,2,2,{2}
2024-12-29,JMKIN,Kingston,VELAG,"La Guaira",1,1,"CMA CGM; Maersk Line",2,3,2226.3333333333335,451.3333333333333,1841,2578,2,2,2,{2}
2024-12-29,JMMBJ,"Montego Bay",KYGEC,Georgetown,1,1,"Seaboard Marine; ZIM",2,1,370,,370,370,2,2,2,{2}
2024-12-29,JOAQB,Aqaba,DJJIB,Djibouti,2,2,"APL; CMA CGM; CNC Line-Cheng Lie Navigation Co. Ltd.; OOCL; PIL",5,16,11075,339.25,4211,6606,4,4,4,"{4,4}"
2024-12-29,JOAQB,Aqaba,EGPSD,"Port Said",1,1,MSC,1,4,10237.5,1083.25,6750,16000,1,1,1,{1}
2024-12-29,JOAQB,Aqaba,EGSOK,Sokhna,1,1,"CMA CGM; COSCO; Evergreen Line; ONE; X-Press",5,4,2538.25,375,1728,2902,1,1,1,{1}
2024-12-29,JOAQB,Aqaba,SAJED,Jeddah,2,2,"CMA CGM; Messina",2,8,12981.190476190475,991.3142857142857,1600,4406,2,2,2,"{2,2}"
2024-12-29,JOAQB,Aqaba,TRAMB,"Istanbul (Ambarli)",1,1,"Arkas Line; Medkon; Turkon",3,2,1741,352,1604,1878,4,4,4,{4}
2024-12-29,JOAQB,Aqaba,TRMER,Mersin,1,1,"Arkas Line; Hapag-Lloyd; Medkon; Turkon",4,2,1165,221,1131,1199,3,3,3,{3}
2024-12-29,JPCHB,Chiba,JPSMZ,Shimizu,1,1,"IAL-Interasia Lines; Wan Hai",2,5,3026.8,240,3013,3036,1,1,1,{1}
2024-12-29,JPCHF,"Shimonoseki (Chofu)",JPUKB,Kobe,1,1,Kyowa,1,2,1224,,502,506,2,2,2,{2}
2024-12-29,JPFKY,Fukuyama,JPHIJ,Hiroshima,1,1,"Wan Hai",1,2,1040,,1040,1040,0,0,0,{0}
2024-12-29,JPFKY,Fukuyama,JPMIZ,Mizushima,5,4,"Kambara Kisen Co., Ltd.; Mingsheng; RCL",3,10,4884.5,441,704,1102,0,0,1,"{0,0,0,1,1}"
2024-12-29,JPHBK,Hibiki,JPMOJ,Moji,2,2,"HASCO; Jin Jiang; Maersk Line",3,6,2854.8,158.4,720,2208,0,0.5,1,"{1,0}"
2024-12-29,JPHBK,Hibiki,KRPUS,Busan,1,1,"Dongjin Shipping; Namsung",2,1,1003,,1003,1003,1,1,1,{1}
2024-12-29,JPHIC,Hitachinaka,JPSDJ,"Sendai (Honshu)",1,1,"KMTC; Namsung",2,3,1000,,1000,1000,0,0,0,{0}
2024-12-29,JPHIJ,Hiroshima,CNZPU,"Zhapu Pt",1,1,"COSCO; NBOSCO",2,3,1100,40,1100,1100,3,3,3,{3}
2024-12-29,JPHIJ,Hiroshima,JPHSM,Hososhima,1,1,"Kambara Kisen Co., Ltd.; RCL",2,3,1091,,1091,1091,0,0,0,{0}
2024-12-29,JPHIJ,Hiroshima,JPIYM,"Iyomishima (Shikoku)",1,1,Mingsheng,1,1,704,116,704,704,0,0,0,{0}
2024-12-29,JPHIJ,Hiroshima,JPNAN,Nakanoseki,1,1,Mingsheng,1,2,978.5,165,855,1102,1,1,1,{1}
2024-12-29,JPHIJ,Hiroshima,JPOIT,Oita,1,1,"Kambara Kisen Co., Ltd.; RCL",2,1,1020,160,1020,1020,1,1,1,{1}
2024-12-29,JPHIJ,Hiroshima,JPSBS,Shibushi,1,1,"Kambara Kisen Co., Ltd.; RCL",2,3,1091,,1091,1091,1,1,1,{1}
2024-12-29,JPHIJ,Hiroshima,TWTXG,Taichung,1,1,"Wan Hai",1,2,1040,,1040,1040,3,3,3,{3}
2024-12-29,JPHKT,Hakata,CNSHA,Shanghai,3,3,"Centrans; Evergreen Line; Maersk Line; StarOcean; TS Lines",5,7,3825.142857142857,527.6666666666666,650,1891,2,2,4,"{2,2,4}"
2024-12-29,JPHKT,Hakata,CNWEI,Weihai,1,1,"Centrans; Jin Jiang",2,1,834,80,834,834,2,2,2,{2}
2024-12-29,JPHKT,Hakata,JPHBK,Hibiki,2,2,"Dongjin Shipping; HASCO; Jin Jiang; Namsung",4,2,1723,,720,1003,0,0,0,"{0,0}"
2024-12-29,JPHKT,Hakata,JPMOJ,Moji,6,5,"COSCO; HASCO; Jin Jiang; NBOSCO; Sinotrans; SITC Shipping; StarOcean; Taicang Container Lines",8,10,5219,792.6666666666666,349,1108,0,0,1,"{1,0,0,0,1,0}"
2024-12-29,JPHKT,Hakata,JPOIT,Oita,1,1,"CMA CGM; CNC Line-Cheng Lie Navigation Co. Ltd.",2,1,1000,,1000,1000,0,0,0,{0}
2024-12-29,JPHKT,Hakata,JPOSA,Osaka,4,3,"COSCO; ONE; Sinotrans; SITC Shipping; Swire Shipping",5,15,8477.416666666668,628.8333333333333,1023,2381,1,1.5,3,"{3,2,1,1}"
2024-12-29,JPHKT,Hakata,JPSMZ,Shimizu,1,1,"CMA CGM; CNC Line-Cheng Lie Navigation Co. Ltd.; ONE",3,3,1708,202,1708,1708,3,3,3,{3}
2024-12-29,JPHKT,Hakata,JPTKY,Tokuyama,1,1,"IAL-Interasia Lines; Wan Hai",2,4,1788.75,367.25,1774,1800,0,0,0,{0}
2024-12-29,JPHKT,Hakata,JPUKB,Kobe,2,2,"COSCO; IAL-Interasia Lines; NBOSCO; Wan Hai",4,6,3138,206.66666666666666,1100,2038,1,1,1,"{1,1}"
2024-12-29,JPHKT,Hakata,JPYOK,Yokohama,1,1,"APL; CMA CGM; Swire Shipping",3,2,1711.5,351,1691,1732,2,2,2,{2}
2024-12-29,JPHKT,Hakata,KRPUS,Busan,2,2,"Evergreen Line; TS Lines; Wan Hai; Yang Ming",4,6,4768.666666666666,544.3333333333334,1809,3036,1,1,1,"{1,1}"
2024-12-29,JPHKT,Hakata,KRUSN,Ulsan,1,1,"Evergreen Line",1,4,1905.25,177.5,1809,1984,1,1,1,{1}
2024-12-29,JPHKT,Hakata,TWTXG,Taichung,1,1,"Evergreen Line; Wan Hai; Yang Ming",3,2,1923.5,230,1809,2038,2,2,2,{2}
2024-12-29,JPHSM,Hososhima,JPSBS,Shibushi,1,1,"Kambara Kisen Co., Ltd.; RCL",2,3,1091,,1091,1091,0,0,0,{0}
2024-12-29,JPIMI,Imari,JPFKY,Fukuyama,3,3,"Kambara Kisen Co., Ltd.; Mingsheng; RCL",3,6,3089.5,325,855,1102,1,1,1,"{1,1,1}"
2024-12-29,JPISI,Ishikari,JPSKT,Sakata,1,1,"KMTC; Namsung",2,3,1000,,1000,1000,1,1,1,{1}
2024-12-29,JPIWK,Iwakuni,JPHKT,Hakata,1,1,"Evergreen Line",1,3,1618,209.66666666666666,1618,1618,1,1,1,{1}
2024-12-29,JPIYM,"Iyomishima (Shikoku)",CNSHA,Shanghai,1,1,Mingsheng,1,1,704,116,704,704,3,3,3,{3}
2024-12-29,JPKIJ,"Niigata (N Coast)",CNDLC,Dalian,1,1,"Kambara Kisen Co., Ltd.; RCL",2,3,1091,,1091,1091,4,4,4,{4}
2024-12-29,JPKIJ,"Niigata (N Coast)",JPOTR,Otaru,1,1,"Kambara Kisen Co., Ltd.; RCL",2,3,1091,,1091,1091,2,2,2,{2}
2024-12-29,JPKIJ,"Niigata (N Coast)",JPSBS,Shibushi,1,1,"CMA CGM; CNC Line-Cheng Lie Navigation Co. Ltd.",2,1,1000,,1000,1000,0,0,0,{0}
2024-12-29,JPKIJ,"Niigata (N Coast)",JPSMN,"Sakaiminato (N Coast)",1,1,"KMTC; Namsung",2,3,1004.3333333333334,40,953,1060,1,1,1,{1}
2024-12-29,JPKIJ,"Niigata (N Coast)",JPTOY,"Toyama (N Coast)",2,2,"CK Line; KMTC; Namsung; PanCon",4,4,2064.5,52,1000,1060,1,1,1,"{1,1}"
2024-12-29,JPKIS,Kamaishi,JPKIJ,"Niigata (N Coast)",1,1,"KMTC; Namsung",2,3,1004.3333333333334,40,953,1060,2,2,2,{2}
2024-12-29,JPKNZ,"Kanazawa (N Coast)",JPKIJ,"Niigata (N Coast)",1,1,"Kambara Kisen Co., Ltd.; RCL",2,3,1091,,1091,1091,1,1,1,{1}
2024-12-29,JPKNZ,"Kanazawa (N Coast)",KRUSN,Ulsan,1,1,"KMTC; Namsung; PanCon",3,2,1034.5,52,1009,1060,1,1,1,{1}
2024-12-29,JPKWS,Kawasaki,JPHIC,Hitachinaka,1,1,"KMTC; Namsung",2,3,1000,,1000,1000,0,0,0,{0}
2024-12-29,JPKWS,Kawasaki,JPNGO,Nagoya,1,1,"SITC Shipping",1,3,1006.3333333333334,60,953,1043,1,1,1,{1}
2024-12-29,JPKWS,Kawasaki,JPTYO,Tokyo,1,1,"Hapag-Lloyd; ONE",2,4,5223.25,532.5,4432,6927,0,0,0,{0}
2024-12-29,JPKWS,Kawasaki,JPYOK,Yokohama,2,2,"KMTC; SITC Shipping; Taicang Container Lines",3,6,2878.75,201,1091,1808,0,0.5,1,"{1,0}"
2024-12-29,JPKWS,Kawasaki,TWTPE,Taipei,1,1,"IAL-Interasia Lines; Wan Hai",2,4,1967.5,275,1756,2038,3,3,3,{3}
2024-12-29,JPMIZ,Mizushima,JPFKY,Fukuyama,1,1,"Wan Hai",1,2,1040,,1040,1040,1,1,1,{1}
2024-12-29,JPMIZ,Mizushima,JPHIJ,Hiroshima,4,3,"Kambara Kisen Co., Ltd.; Mingsheng; RCL",3,8,3906,276,704,1091,1,1,1,"{1,1,1,1}"
2024-12-29,JPMIZ,Mizushima,JPOSA,Osaka,1,1,"Wan Hai",1,2,1040,,1040,1040,0,0,0,{0}
2024-12-29,JPMIZ,Mizushima,JPTAK,"Takamatsu (Shikoku)",1,1,Mingsheng,1,2,978.5,165,855,1102,0,0,0,{0}
2024-12-29,JPMIZ,Mizushima,JPTYO,Tokyo,1,1,"CMA CGM; CNC Line-Cheng Lie Navigation Co. Ltd.",2,1,1000,,1000,1000,0,0,0,{0}
2024-12-29,JPMOJ,Moji,CNDLC,Dalian,1,1,"Maersk Line",1,8,1740.25,375,1713,1800,1,1,1,{1}
2024-12-29,JPMOJ,Moji,CNNGB,Ningbo,1,1,"COSCO; Sinotrans; SITC Shipping",3,4,1048,111.25,1023,1103,2,2,2,{2}
2024-12-29,JPMOJ,Moji,CNSHA,Shanghai,2,2,"COSCO; HASCO; Jin Jiang; Sinotrans; SITC Shipping",5,3,1589,120,720,907,3,3,3,"{3,3}"
2024-12-29,JPMOJ,Moji,CNTAC,Taicang,2,2,"HASCO; Jin Jiang; Taicang Container Lines",3,2,2063,180,1020,1043,2,2.5,3,"{3,2}"
2024-12-29,JPMOJ,Moji,CNTXG,Xingang/Tianjin,1,1,"COSCO; Sinotrans; SITC Shipping",3,2,869,120,831,907,3,3,3,{3}
2024-12-29,JPMOJ,Moji,CNWEI,Weihai,1,1,StarOcean,1,1,349,180,349,349,2,2,2,{2}
2024-12-29,JPMOJ,Moji,CNYTN,Yantian,1,1,"COSCO; Evergreen Line; OOCL; Yang Ming",4,3,1396,120,1378,1432,3,3,3,{3}
2024-12-29,JPMOJ,Moji,JPHKT,Hakata,6,6,"Centrans; Evergreen Line; IAL-Interasia Lines; Jin Jiang; StarOcean; TS Lines; Wan Hai; Yang Ming",8,15,9991.166666666666,1368.4166666666667,650,3036,0,1,1,"{1,1,1,1,1,0}"
2024-12-29,JPMOJ,Moji,JPOSA,Osaka,1,1,"COSCO; NBOSCO",2,3,1069,192.66666666666666,1049,1108,1,1,1,{1}
2024-12-29,JPMOJ,Moji,KRPUS,Busan,1,1,"Maersk Line",1,5,2134.8,158.4,2086,2208,1,1,1,{1}
2024-12-29,JPMYJ,"Matsuyama (Shikoku)",JPOIT,Oita,1,1,"CMA CGM; CNC Line-Cheng Lie Navigation Co. Ltd.; Ehime Ocean Line",3,2,1034,160,1020,1048,3,3,3,{3}
2024-12-29,JPNAH,"Naha (Okinawa Is)",CNSHA,Shanghai,1,1,"Jin Jiang",1,1,1020,160,1020,1020,1,1,1,{1}
2024-12-29,JPNAH,"Naha (Okinawa Is)",KRPUS,Busan,2,2,"ANL; APL; CMA CGM; CNC Line-Cheng Lie Navigation Co. Ltd.; Ehime Ocean Line; Maersk Line",6,9,6768.285714285715,945.7142857142857,1020,6552,3,3,3,"{3,3}"
2024-12-29,JPNAH,"Naha (Okinawa Is)",TWKEL,Keelung,1,1,"CMA CGM; CNC Line-Cheng Lie Navigation Co. Ltd.; Ehime Ocean Line",3,2,1034,160,1020,1048,1,1,1,{1}
2024-12-29,JPNAN,Nakanoseki,CNTXG,Xingang/Tianjin,1,1,Mingsheng,1,2,978.5,165,855,1102,5,5,5,{5}
2024-12-29,JPNAN,Nakanoseki,JPFKY,Fukuyama,1,1,Mingsheng,1,1,704,116,704,704,1,1,1,{1}
2024-12-29,JPNAO,Naoetsu,KRPUS,Busan,1,1,"CK Line; KMTC",2,2,1030,,1000,1060,2,2,2,{2}
2024-12-29,JPNGO,Nagoya,CNDLC,Dalian,1,1,"SITC Shipping",1,3,1060.6666666666667,101.66666666666667,1040,1100,2,2,2,{2}
2024-12-29,JPNGO,Nagoya,CNNJI,Nanjing,1,1,"Taicang Container Lines",1,2,1091,140,1091,1091,4,4,4,{4}
2024-12-29,JPNGO,Nagoya,CNSHA,Shanghai,4,4,"COSCO; HASCO; Jin Jiang; Maersk Line; Sinotrans; SITC Shipping",6,8,5319.666666666667,500.6666666666667,668,2782,3,3,3,"{3,3,3,3}"
2024-12-29,JPNGO,Nagoya,CNTAC,Taicang,2,2,"SITC Shipping; Taicang Container Lines",2,6,2121.3333333333335,285,1040,1100,2,2.5,3,"{3,2}"
2024-12-29,JPNGO,Nagoya,CNTAO,Qingdao,1,1,"Centrans; Jin Jiang; StarOcean",3,1,1096,150,1096,1096,3,3,3,{3}
2024-12-29,JPNGO,Nagoya,CNTXG,Xingang/Tianjin,3,3,"COSCO; Sinotrans; SITC Shipping; StarOcean",4,6,4586,253,1011,1946,4,5,6,"{4,5,6}"
2024-12-29,JPNGO,Nagoya,CNWEI,Weihai,2,2,COSCO,1,2,6890,1324,1705,1740,3,3,3,"{3,3}"
2024-12-29,JPNGO,Nagoya,CNXMN,Xiamen,1,1,"Hapag-Lloyd; Hyundai; ONE; Yang Ming",4,6,6331.666666666667,508.3333333333333,5642,6724,3,3,3,{3}
2024-12-29,JPNGO,Nagoya,JPMOJ,Moji,1,1,"COSCO; Evergreen Line; OOCL; Yang Ming",4,3,1396,120,1378,1432,2,2,2,{2}
2024-12-29,JPNGO,Nagoya,JPOSA,Osaka,2,2,"CMA CGM; CNC Line-Cheng Lie Navigation Co. Ltd.; Yang Ming",3,5,2779.5,200.5,1000,1805,0,0.5,1,"{0,1}"
2024-12-29,JPNGO,Nagoya,JPSMZ,Shimizu,7,7,"COSCO; HASCO; Jin Jiang; NBOSCO; ONE; Swire Shipping; TS Lines; Wan Hai",8,16,26677.630952380954,947.8333333333333,668,4506,0,1,1,"{1,1,0,1,1,1,0}"
2024-12-29,JPNGO,Nagoya,JPTYO,Tokyo,10,9,"ANL; APL; CMA CGM; COSCO; Evergreen Line; Hapag-Lloyd; Hyundai; KMTC; NBOSCO; ONE; OOCL; Sinotrans; SITC Shipping; Taicang Container Lines; TS Lines; Yang Ming",16,68,34462.70614035088,3102.5833333333335,1043,9040,0,1,2,"{1,0,2,1,1,0,0,2,1,1}"
2024-12-29,JPNGO,Nagoya,JPUKB,Kobe,10,10,"APL; CMA CGM; CNC Line-Cheng Lie Navigation Co. Ltd.; COSCO; Evergreen Line; Hapag-Lloyd; IAL-Interasia Lines; Maersk Line; ONE; OOCL; Wan Hai; Yang Ming",12,47,25205.692857142858,3041.15,1707,6927,0,1,2,"{1,1,2,0,1,1,1,1,2,1}"
2024-12-29,JPNGO,Nagoya,JPYKK,Yokkaichi,8,8,"APL; CMA CGM; CNC Line-Cheng Lie Navigation Co. Ltd.; COSCO; Evergreen Line; Hyundai; IAL-Interasia Lines; ONE; OOCL; SITC Shipping; Wan Hai",11,29,19895.383333333335,2292.5833333333335,1011,4583,0,0,1,"{0,0,0,1,0,0,0,0}"
2024-12-29,JPNGO,Nagoya,JPYOK,Yokohama,4,4,"IAL-Interasia Lines; Kyowa; NYK Bulk and Projects; ONE; Wan Hai",5,10,12353.285714285714,,502,3055,1,1.5,2,"{2,1,1,2}"
2024-12-29,JPNGO,Nagoya,KRPUS,Busan,1,1,MSC,1,6,4190,563.3333333333334,3534,5018,2,2,2,{2}
2024-12-29,JPNGO,Nagoya,THLCH,"Laem Chabang",1,1,ONE,1,3,2521.3333333333335,400,2450,2664,7,7,7,{7}
2024-12-29,JPNGO,Nagoya,TWTPE,Taipei,1,1,"Evergreen Line",1,3,1984,100,1984,1984,3,3,3,{3}
2024-12-29,JPOIT,Oita,CNSHA,Shanghai,1,1,"Kambara Kisen Co., Ltd.; RCL",2,1,1020,160,1020,1020,2,2,2,{2}
2024-12-29,JPOIT,Oita,JPSBS,Shibushi,1,1,"CMA CGM; CNC Line-Cheng Lie Navigation Co. Ltd.; Ehime Ocean Line",3,2,1034,160,1020,1048,1,1,1,{1}
2024-12-29,JPOIT,Oita,JPSMZ,Shimizu,1,1,"CMA CGM; CNC Line-Cheng Lie Navigation Co. Ltd.",2,1,1000,,1000,1000,0,0,0,{0}
2024-12-29,JPOMZ,Omaezaki,JPYOK,Yokohama,1,1,"APL; CMA CGM; CNC Line-Cheng Lie Navigation Co. Ltd.; COSCO; Evergreen Line",5,4,2911,400,2782,2954,0,0,0,{0}
2024-12-29,JPONA,Onahama,JPSDJ,"Sendai (Honshu)",1,1,"KMTC; Namsung",2,3,1004.3333333333334,40,953,1060,0,0,0,{0}
2024-12-29,JPOSA,Osaka,JPHBK,Hibiki,1,1,"Maersk Line",1,5,2134.8,158.4,2086,2208,2,2,2,{2}
2024-12-29,JPOSA,Osaka,JPHIJ,Hiroshima,1,1,"COSCO; NBOSCO",2,3,1100,40,1100,1100,2,2,2,{2}
2024-12-29,JPOSA,Osaka,JPMIZ,Mizushima,1,1,"Wan Hai",1,2,1040,,1040,1040,1,1,1,{1}
2024-12-29,JPOSA,Osaka,JPMOJ,Moji,1,1,"Evergreen Line",1,4,1905.25,177.5,1809,1984,1,1,1,{1}
2024-12-29,JPOSA,Osaka,JPNGO,Nagoya,5,5,"NBOSCO; SITC Shipping; Swire Shipping",3,13,21957.04761904762,473.66666666666663,1042,2381,1,1,1,"{1,1,1,1,1}"
2024-12-29,JPOSA,Osaka,JPSBK,Sakaisenboku,2,2,"SITC Shipping",1,6,2824.75,272,1011,1805,0,0,0,"{0,0}"
2024-12-29,JPOSA,Osaka,JPSMZ,Shimizu,1,1,"Evergreen Line; Wan Hai",2,3,1855,209,1781,1984,1,1,1,{1}
2024-12-29,JPOSA,Osaka,JPTYO,Tokyo,2,2,"COSCO; OOCL; Taicang Container Lines",3,6,3880,521.25,1091,2940,1,1,1,"{1,1}"
2024-12-29,JPOSA,Osaka,JPUKB,Kobe,26,25,"Centrans; CMA CGM; CNC Line-Cheng Lie Navigation Co. Ltd.; COSCO; Evergreen Line; IAL-Interasia Lines; Jin Jiang; NBOSCO; ONE; Sinotrans; SITC Shipping; StarOcean; Taicang Container Lines; TS Lines; Wan Hai; Yang Ming",16,60,35564.5,3490.9166666666665,542,3055,0,0,1,"{0,0,0,1,0,0,1,1,1,1,0,0,0,0,0,1,1,0,1,0,0,1,1,0,0,0}"
2024-12-29,JPOSA,Osaka,KRPUS,Busan,3,3,"ANL; CMA CGM; CNC Line-Cheng Lie Navigation Co. Ltd.; COSCO; Hyundai; ONE; OOCL; Swire Shipping",8,12,17263.761904761905,1316.3333333333335,2082,6014,1,2,2,"{1,2,2}"
2024-12-29,JPOSA,Osaka,KRUSN,Ulsan,1,1,"IAL-Interasia Lines; Wan Hai",2,3,2038,166.66666666666666,2038,2038,1,1,1,{1}
2024-12-29,JPOSA,Osaka,TWKEL,Keelung,1,1,"COSCO; OOCL",2,4,1997.75,370.25,1708,2272,4,4,4,{4}
2024-12-29,JPOSA,Osaka,TWKHH,Kaohsiung,1,1,"TS Lines",1,3,1153.3333333333333,160,1096,1182,4,4,4,{4}
2024-12-29,JPOSA,Osaka,TWTPE,Taipei,1,1,"IAL-Interasia Lines; Wan Hai",2,4,3045.5,200,3036,3055,3,3,3,{3}
2024-12-29,JPOTR,Otaru,CNSHA,Shanghai,1,1,"Kambara Kisen Co., Ltd.; RCL",2,3,1091,,1091,1091,4,4,4,{4}
2024-12-29,JPSBK,Sakaisenboku,JPUKB,Kobe,3,2,"SITC Shipping",1,10,4622.5,394,1011,1805,0,1,1,"{0,1,1}"
2024-12-29,JPSBS,Shibushi,CNNGB,Ningbo,1,1,"Kambara Kisen Co., Ltd.; RCL",2,3,1091,,1091,1091,2,2,2,{2}
2024-12-29,JPSBS,Shibushi,CNSHA,Shanghai,1,1,"CMA CGM; CNC Line-Cheng Lie Navigation Co. Ltd.",2,1,1000,,1000,1000,1,1,1,{1}
2024-12-29,JPSBS,Shibushi,CNTXG,Xingang/Tianjin,1,1,"Kambara Kisen Co., Ltd.; RCL",2,3,1091,,1091,1091,4,4,4,{4}
2024-12-29,JPSBS,Shibushi,JPNAH,"Naha (Okinawa Is)",1,1,"CMA CGM; CNC Line-Cheng Lie Navigation Co. Ltd.; Ehime Ocean Line",3,2,1034,160,1020,1048,2,2,2,{2}
2024-12-29,JPSDJ,"Sendai (Honshu)",JPKIS,Kamaishi,1,1,"KMTC; Namsung",2,3,1004.3333333333334,40,953,1060,1,1,1,{1}
2024-12-29,JPSDJ,"Sendai (Honshu)",JPTMK,Tomakomai,1,1,"KMTC; Namsung",2,3,1000,,1000,1000,1,1,1,{1}
2024-12-29,JPSKT,Sakata,JPSMN,"Sakaiminato (N Coast)",1,1,"KMTC; Namsung",2,3,1000,,1000,1000,1,1,1,{1}
2024-12-29,JPSMN,"Sakaiminato (N Coast)",KRPUS,Busan,2,2,"KMTC; Namsung",2,6,2004.3333333333335,40,953,1060,1,1.5,2,"{1,2}"
2024-12-29,JPSMZ,Shimizu,CNSHA,Shanghai,2,2,"HASCO; Jin Jiang",2,2,1671,180,668,1003,2,2.5,3,"{3,2}"
2024-12-29,JPSMZ,Shimizu,JPKIJ,"Niigata (N Coast)",1,1,"CMA CGM; CNC Line-Cheng Lie Navigation Co. Ltd.",2,1,1000,,1000,1000,1,1,1,{1}
2024-12-29,JPSMZ,Shimizu,JPNGO,Nagoya,5,5,"APL; CMA CGM; CNC Line-Cheng Lie Navigation Co. Ltd.; COSCO; Evergreen Line; IAL-Interasia Lines; SITC Shipping; Wan Hai; Yang Ming",9,21,9857.109523809526,1056.1666666666665,1011,3036,0,1,1,"{1,1,0,1,1}"
2024-12-29,JPSMZ,Shimizu,JPONA,Onahama,1,1,"KMTC; Namsung",2,3,1004.3333333333334,40,953,1060,0,0,0,{0}
2024-12-29,JPSMZ,Shimizu,JPTYO,Tokyo,8,7,"CMA CGM; CNC Line-Cheng Lie Navigation Co. Ltd.; COSCO; Hyundai; NBOSCO; ONE; Swire Shipping",7,21,36393.71428571429,1381,1100,2940,0,1,3,"{1,1,0,1,2,1,1,3}"
2024-12-29,JPSMZ,Shimizu,JPUKB,Kobe,2,2,"ANL; APL; CMA CGM; COSCO; Evergreen Line; Hapag-Lloyd; Hyundai; ONE; OOCL; TS Lines; Wan Hai; Yang Ming",12,23,12744.144736842105,1174.5,3534,9040,1,1.5,2,"{2,1}"
2024-12-29,JPSMZ,Shimizu,JPYKK,Yokkaichi,1,1,"Evergreen Line",1,3,1984,100,1984,1984,0,0,0,{0}
2024-12-29,JPSMZ,Shimizu,JPYOK,Yokohama,1,1,"Evergreen Line; Wan Hai",2,3,1855,209,1781,1984,1,1,1,{1}
2024-12-29,JPTAK,"Takamatsu (Shikoku)",JPHIJ,Hiroshima,1,1,Mingsheng,1,2,978.5,165,855,1102,1,1,1,{1}
2024-12-29,JPTKY,Tokuyama,CNSHA,Shanghai,1,1,COSCO,1,1,1049,180,1049,1049,2,2,2,{2}
2024-12-29,JPTKY,Tokuyama,TWTPE,Taipei,1,1,"IAL-Interasia Lines; Wan Hai",2,4,1788.75,367.25,1774,1800,2,2,2,{2}
2024-12-29,JPTMK,Tomakomai,JPISI,Ishikari,1,1,"KMTC; Namsung",2,3,1000,,1000,1000,1,1,1,{1}
2024-12-29,JPTOY,"Toyama (N Coast)",JPKIJ,"Niigata (N Coast)",1,1,"Kambara Kisen Co., Ltd.; RCL",2,3,1091,,1091,1091,1,1,1,{1}
2024-12-29,JPTOY,"Toyama (N Coast)",JPKNZ,"Kanazawa (N Coast)",1,1,"KMTC; Namsung; PanCon",3,2,1034.5,52,1009,1060,1,1,1,{1}
2024-12-29,JPTOY,"Toyama (N Coast)",JPNAO,Naoetsu,1,1,"CK Line; KMTC",2,2,1030,,1000,1060,1,1,1,{1}
2024-12-29,JPTYO,Tokyo,CNSHA,Shanghai,3,3,"Centrans; COSCO; Sinotrans; SITC Shipping; StarOcean; TS Lines",6,5,3179,207.5,698,1182,2,4,4,"{4,2,4}"
2024-12-29,JPTYO,Tokyo,HKHKG,"Hong Kong",1,1,"IAL-Interasia Lines; ONE; Wan Hai",3,4,3055,,3055,3055,3,3,3,{3}
2024-12-29,JPTYO,Tokyo,JPHKT,Hakata,1,1,"CMA CGM; CNC Line-Cheng Lie Navigation Co. Ltd.",2,1,1000,,1000,1000,1,1,1,{1}
2024-12-29,JPTYO,Tokyo,JPKWS,Kawasaki,3,3,"Hapag-Lloyd; KMTC; ONE; SITC Shipping; Taicang Container Lines",5,10,8102,733.5,1091,6927,0,1,1,"{1,0,1}"
2024-12-29,JPTYO,Tokyo,JPNGO,Nagoya,3,3,"CMA CGM; CNC Line-Cheng Lie Navigation Co. Ltd.; COSCO; ONE; OOCL; TS Lines; Wan Hai",7,11,10335.5,984.5,1708,4583,1,1,2,"{1,2,1}"
2024-12-29,JPTYO,Tokyo,JPOMZ,Omaezaki,1,1,"APL; CMA CGM; CNC Line-Cheng Lie Navigation Co. Ltd.; COSCO; Evergreen Line",5,4,2911,400,2782,2954,1,1,1,{1}
2024-12-29,JPTYO,Tokyo,JPSMZ,Shimizu,2,2,"ANL; APL; CMA CGM; COSCO; Evergreen Line; Hapag-Lloyd; Hyundai; ONE; OOCL; SITC Shipping; Yang Ming",11,22,9674.561403508771,893.6666666666666,1040,9040,1,1.5,2,"{2,1}"
2024-12-29,JPTYO,Tokyo,JPUKB,Kobe,3,3,"COSCO; Hapag-Lloyd; Hyundai; Maersk Line; ONE; OOCL; Yang Ming",7,22,21700.88888888889,2034.5079365079366,4255,12690,1,1,2,"{2,1,1}"
2024-12-29,JPTYO,Tokyo,JPYOK,Yokohama,44,42,"APL; Centrans; CMA CGM; CNC Line-Cheng Lie Navigation Co. Ltd.; COSCO; Evergreen Line; Hapag-Lloyd; Hyundai; IAL-Interasia Lines; Jin Jiang; MSC; NBOSCO; ONE; OOCL; Sinokor; Sinotrans; SITC Shipping; StarOcean; Swire Shipping; Taicang Container Lines; TS Lines; Wan Hai; Yang Ming",23,131,90654.27619047619,9487.583333333334,953,6927,0,0,1,"{0,0,0,0,1,0,0,1,0,1,0,1,0,1,0,1,0,0,0,0,1,0,0,0,0,0,0,0,0,0,1,0,0,0,0,0,0,0,0,1,1,0,0,0}"
2024-12-29,JPTYO,Tokyo,KRPUS,Busan,1,1,"Hapag-Lloyd; Hyundai; ONE; Samudera; X-Press; Yang Ming",6,11,8603,560.7272727272727,6661,9592,2,2,2,{2}
2024-12-29,JPTYO,Tokyo,SGSIN,Singapore,1,1,"ANL; APL; CMA CGM; COSCO; Evergreen Line; Hapag-Lloyd; Hyundai; ONE; OOCL; Yang Ming",10,19,8613.894736842105,792,8212,9040,7,7,7,{7}
2024-12-29,JPTYO,Tokyo,TWTPE,Taipei,1,1,"Evergreen Line; Wan Hai",2,3,1855,209,1781,1984,3,3,3,{3}
2024-12-29,JPTYO,Tokyo,USLAX,"Los Angeles CA",1,1,"ANL; APL; CMA CGM; COSCO; Evergreen Line; Hapag-Lloyd; Hyundai; ONE; OOCL; Yang Ming",10,19,8613.894736842105,792,8212,9040,11,11,11,{11}
2024-12-29,JPTYO,Tokyo,USPAE,"Everett WA",3,3,"Swire Shipping",1,7,19776.380952380954,345.3333333333333,2048,2381,13,13,14,"{13,13,14}"
2024-12-29,JPTYO,Tokyo,USTIW,"Tacoma WA",1,1,"Hapag-Lloyd; Hyundai; ONE; Yang Ming",4,6,6331.666666666667,508.3333333333333,5642,6724,11,11,11,{11}
2024-12-29,JPUKB,Kobe,CNLYG,Lianyungang,2,2,"COSCO; ONE; Sinotrans; SITC Shipping",4,8,2866.75,172.25,1023,1908,2,2.5,3,"{3,2}"
2024-12-29,JPUKB,Kobe,CNNGB,Ningbo,1,1,"Maersk Line",1,6,2797.3333333333335,373.3333333333333,2754,2806,3,3,3,{3}
2024-12-29,JPUKB,Kobe,CNSHA,Shanghai,6,6,"Centrans; Jin Jiang; Maersk Line; StarOcean; TS Lines",5,15,6421.25,662.5,668,1800,2,2,4,"{2,4,2,2,3,2}"
2024-12-29,JPUKB,Kobe,CNSHK,Shekou,1,1,"APL; CMA CGM; CNC Line-Cheng Lie Navigation Co. Ltd.",3,4,1823.5,220.5,1707,1930,4,4,4,{4}
2024-12-29,JPUKB,Kobe,CNTAO,Qingdao,3,3,"Centrans; COSCO; Hapag-Lloyd; Hyundai; Jin Jiang; ONE; Sinotrans; Yang Ming",8,10,12034.857142857143,857.1428571428571,1096,11860,2,3,3,"{3,2,3}"
2024-12-29,JPUKB,Kobe,CNWEI,Weihai,1,1,"COSCO; Sinotrans; SITC Shipping",3,1,542,200,542,542,2,2,2,{2}
2024-12-29,JPUKB,Kobe,CNZPU,"Zhapu Pt",1,1,"COSCO; NBOSCO",2,3,1069,192.66666666666666,1049,1108,3,3,3,{3}
2024-12-29,JPUKB,Kobe,HKHKG,"Hong Kong",1,1,"COSCO; OOCL",2,4,2789,381.25,2546,2940,3,3,3,{3}
2024-12-29,JPUKB,Kobe,JPHKT,Hakata,1,1,"Taicang Container Lines",1,1,1043,180,1043,1043,1,1,1,{1}
2024-12-29,JPUKB,Kobe,JPIWK,Iwakuni,1,1,"Evergreen Line",1,3,1618,209.66666666666666,1618,1618,1,1,1,{1}
2024-12-29,JPUKB,Kobe,JPMIZ,Mizushima,1,1,"CMA CGM; CNC Line-Cheng Lie Navigation Co. Ltd.",2,1,1000,,1000,1000,0,0,0,{0}
2024-12-29,JPUKB,Kobe,JPMOJ,Moji,3,3,"COSCO; Evergreen Line; IAL-Interasia Lines; Sinotrans; SITC Shipping; Wan Hai; Yang Ming",7,10,4760.25,708.5,1023,2038,1,1,1,"{1,1,1}"
2024-12-29,JPUKB,Kobe,JPNAH,"Naha (Okinawa Is)",1,1,"Jin Jiang",1,1,1020,160,1020,1020,2,2,2,{2}
2024-12-29,JPUKB,Kobe,JPNGO,Nagoya,7,6,"ANL; APL; CMA CGM; COSCO; Evergreen Line; Hapag-Lloyd; Hyundai; IAL-Interasia Lines; Kyowa; NYK Bulk and Projects; ONE; OOCL; Wan Hai; Yang Ming",14,54,35912.74185463659,2092.333333333333,502,9040,0,1,2,"{1,1,2,1,1,0,1}"
2024-12-29,JPUKB,Kobe,JPOSA,Osaka,16,16,"COSCO; Evergreen Line; Hyundai; IAL-Interasia Lines; Maersk Line; NBOSCO; ONE; OOCL; SITC Shipping; Taicang Container Lines; TS Lines; Wan Hai; Yang Ming",13,52,29029.050000000003,3104.3166666666666,1042,3055,0,0,0,"{0,0,0,0,0,0,0,0,0,0,0,0,0,0,0,0}"
2024-12-29,JPUKB,Kobe,JPSMZ,Shimizu,1,1,"SITC Shipping",1,2,1027,150,1011,1043,1,1,1,{1}
2024-12-29,JPUKB,Kobe,JPTKY,Tokuyama,1,1,COSCO,1,1,1049,180,1049,1049,1,1,1,{1}
2024-12-29,JPUKB,Kobe,JPTYO,Tokyo,1,1,StarOcean,1,2,1613,103,1613,1613,1,1,1,{1}
2024-12-29,JPUKB,Kobe,JPYKK,Yokkaichi,1,1,ONE,1,3,2521.3333333333335,400,2450,2664,1,1,1,{1}
2024-12-29,JPUKB,Kobe,JPYOK,Yokohama,1,1,"Maersk Line",1,3,2605.3333333333335,380.6666666666667,2470,2782,1,1,1,{1}
2024-12-29,JPUKB,Kobe,KRPUS,Busan,5,5,"CMA CGM; CNC Line-Cheng Lie Navigation Co. Ltd.; COSCO; Maersk Line; ONE; OOCL; SITC Shipping; TS Lines; Yang Ming",9,20,11306.25,1458.0357142857142,1708,5301,1,2,2,"{1,2,2,1,2}"
2024-12-29,JPUKB,Kobe,SGSIN,Singapore,3,3,"APL; CMA CGM; CNC Line-Cheng Lie Navigation Co. Ltd.; COSCO; Evergreen Line; Hapag-Lloyd; Hyundai; ONE; Yang Ming",9,17,19334.472222222223,1821.388888888889,2782,12690,5,7,7,"{7,5,7}"
2024-12-29,JPUKB,Kobe,TWKEL,Keelung,2,2,"ONE; TS Lines; Wan Hai; Yang Ming",4,8,5909.75,583,1708,4506,2,2,2,"{2,2}"
2024-12-29,JPUKB,Kobe,TWKHH,Kaohsiung,1,1,"COSCO; OOCL",2,4,4497.25,400,4250,4583,3,3,3,{3}
2024-12-29,JPUKB,Kobe,TWTPE,Taipei,1,1,"COSCO; Evergreen Line; Wan Hai; Yang Ming",4,7,2919.1428571428573,344,2910,2926,1,1,1,{1}
2024-12-29,JPYKK,Yokkaichi,JPNGO,Nagoya,4,4,"Evergreen Line; Hapag-Lloyd; MSC; ONE",4,16,13918.583333333334,1595.8333333333335,1984,6927,1,1,1,"{1,1,1,1}"
2024-12-29,JPYKK,Yokkaichi,JPSMZ,Shimizu,1,1,"Hyundai; ONE",2,3,2783.6666666666665,383,2553,2940,1,1,1,{1}
2024-12-29,JPYKK,Yokkaichi,JPTYO,Tokyo,1,1,"SITC Shipping",1,2,1026.5,132.5,1011,1042,0,0,0,{0}
2024-12-29,JPYKK,Yokkaichi,JPUKB,Kobe,2,2,"APL; CMA CGM; CNC Line-Cheng Lie Navigation Co. Ltd.; COSCO; Evergreen Line; OOCL",6,8,7408.25,800,2782,4583,1,1,1,"{1,1}"
2024-12-29,JPYKK,Yokkaichi,KRPUS,Busan,1,1,"SITC Shipping",1,3,1080.6666666666667,48.333333333333336,1042,1100,2,2,2,{2}
2024-12-29,JPYKK,Yokkaichi,TWKEL,Keelung,2,2,"IAL-Interasia Lines; Wan Hai",2,9,4790.8,670.75,1708,3036,2,2.5,3,"{3,2}"
2024-12-29,JPYKK,Yokkaichi,TWTXG,Taichung,1,1,"Evergreen Line",1,4,2805.5,258,2476,2926,3,3,3,{3}
2024-12-29,JPYOK,Yokohama,CAPRR,"Prince Rupert BC",1,1,"Maersk Line; MSC",2,9,7772.444444444444,659.8888888888889,5041,9640,10,10,10,{10}
2024-12-29,JPYOK,Yokohama,CNLYG,Lianyungang,1,1,"COSCO; Sinotrans",2,2,1860,246,1774,1946,7,7,7,{7}
2024-12-29,JPYOK,Yokohama,CNNGB,Ningbo,3,3,"APL; CMA CGM; CNC Line-Cheng Lie Navigation Co. Ltd.; COSCO; Evergreen Line; NBOSCO; OOCL; Sinotrans; SITC Shipping",9,14,14112.4,1284.3,1096,16020,3,4,4,"{4,4,3}"
2024-12-29,JPYOK,Yokohama,CNSHA,Shanghai,9,9,"APL; CMA CGM; COSCO; Evergreen Line; IAL-Interasia Lines; Jin Jiang; KMTC; Maersk Line; OOCL; Sinotrans; SITC Shipping; Wan Hai",12,30,21676.166666666668,1549.3333333333335,958,10050,2,3,4,"{4,3,2,3,2,3,2,2,3}"
2024-12-29,JPYOK,Yokohama,CNSHP,Qinhuangdao,1,1,"SITC Shipping",1,2,1026.5,132.5,1011,1042,5,5,5,{5}
2024-12-29,JPYOK,Yokohama,CNTAC,Taicang,2,2,"NBOSCO; Taicang Container Lines",2,6,2160.666666666667,263.33333333333337,1043,1100,4,4,4,"{4,4}"
2024-12-29,JPYOK,Yokohama,CNTAO,Qingdao,3,3,"Centrans; Jin Jiang; Maersk Line; Sinokor; SITC Shipping",5,10,5341.5,686.1666666666666,1011,3649,3,3,4,"{3,4,3}"
2024-12-29,JPYOK,Yokohama,CNXMN,Xiamen,1,1,"Maersk Line; MSC",2,8,11130,775,9038,13092,3,3,3,{3}
2024-12-29,JPYOK,Yokohama,CNZPU,"Zhapu Pt",1,1,"COSCO; NBOSCO",2,3,1069,192.66666666666666,1049,1108,4,4,4,{4}
2024-12-29,JPYOK,Yokohama,GUGUM,Guam,1,1,"APL; CMA CGM; Swire Shipping",3,2,1711.5,351,1691,1732,4,4,4,{4}
2024-12-29,JPYOK,Yokohama,JPCHB,Chiba,1,1,"IAL-Interasia Lines; Wan Hai",2,5,3026.8,240,3013,3036,0,0,0,{0}
2024-12-29,JPYOK,Yokohama,JPKWS,Kawasaki,2,2,"IAL-Interasia Lines; SITC Shipping; Wan Hai",3,7,2973.8333333333335,335,953,2038,0,0.5,1,"{0,1}"
2024-12-29,JPYOK,Yokohama,JPNAH,"Naha (Okinawa Is)",1,1,"ANL; APL; CMA CGM; CNC Line-Cheng Lie Navigation Co. Ltd.; Maersk Line",5,7,5734.285714285715,785.7142857142857,5598,6552,3,3,3,{3}
2024-12-29,JPYOK,Yokohama,JPNGO,Nagoya,20,20,"APL; CMA CGM; CNC Line-Cheng Lie Navigation Co. Ltd.; COSCO; Evergreen Line; IAL-Interasia Lines; Maersk Line; OOCL; Sinotrans; SITC Shipping; StarOcean; Taicang Container Lines; TS Lines; Wan Hai; Yang Ming",15,68,41607.8,5544.0666666666675,1040,3055,0,1,2,"{1,1,1,1,1,1,2,1,2,0,0,2,0,1,2,2,1,1,2,1}"
2024-12-29,JPYOK,Yokohama,JPOSA,Osaka,2,2,"ANL; CMA CGM; CNC Line-Cheng Lie Navigation Co. Ltd.; COSCO; OOCL; Swire Shipping",6,9,14480.095238095237,933.3333333333334,2082,6014,1,1,1,"{1,1}"
2024-12-29,JPYOK,Yokohama,JPSMZ,Shimizu,3,3,"APL; CMA CGM; CNC Line-Cheng Lie Navigation Co. Ltd.; COSCO; Evergreen Line; Wan Hai; Yang Ming",7,14,6726.642857142857,664.5,1707,2926,1,1,1,"{1,1,1}"
2024-12-29,JPYOK,Yokohama,JPTYO,Tokyo,7,7,"Centrans; COSCO; Evergreen Line; IAL-Interasia Lines; ONE; Sinotrans; SITC Shipping; StarOcean; TS Lines; Wan Hai",10,19,13279.916666666666,900.6666666666666,698,4506,0,0,1,"{1,1,0,0,0,1,0}"
2024-12-29,JPYOK,Yokohama,JPUKB,Kobe,3,3,"Hyundai; Maersk Line; ONE; TS Lines",4,12,6734.333333333333,916.3333333333333,1096,2940,1,1,3,"{1,1,3}"
2024-12-29,JPYOK,Yokohama,JPYKK,Yokkaichi,2,2,"Hapag-Lloyd; MSC; ONE",3,10,9413.25,1095.8333333333335,3534,6927,1,1.5,2,"{2,1}"
2024-12-29,JPYOK,Yokohama,KRPUS,Busan,4,4,"Hapag-Lloyd; Hyundai; Maersk Line; MSC; ONE; Swire Shipping",6,38,41377.88400488401,3076.421855921856,2048,16520,2,3,10,"{2,3,3,10}"
2024-12-29,JPYOK,Yokohama,MHMAJ,Majuro,1,1,"Kyowa; ONE; Swire Shipping",3,4,3963.214285714286,,1617,2082,4,4,4,{4}
2024-12-29,JPYOK,Yokohama,MXESE,Ensenada,1,1,"Hapag-Lloyd; Hyundai; MSC; ONE",4,13,10344.153846153846,1178.4615384615386,8553,13280,19,19,19,{19}
2024-12-29,JPYOK,Yokohama,MXLZC,"Lazaro Cardenas",1,1,"Maersk Line",1,10,13309,660,12846,15226,15,15,15,{15}
2024-12-29,JPYOK,Yokohama,PGRAB,Rabaul,1,1,Kyowa,1,2,1224,,502,506,9,9,9,{9}
2024-12-29,JPYOK,Yokohama,SBHIR,Honiara,2,2,"Kyowa; NYK Bulk and Projects",2,4,8074.285714285715,,914,970,10,10.5,11,"{11,10}"
2024-12-29,JPYOK,Yokohama,THLCH,"Laem Chabang",1,1,ONE,1,3,2833.6666666666665,410.6666666666667,2785,2858,7,7,7,{7}
2024-12-29,JPYOK,Yokohama,TWKEL,Keelung,2,2,"Evergreen Line; TS Lines; Yang Ming",3,6,4079,439.75,1096,2940,2,3,4,"{4,2}"
2024-12-29,JPYOK,Yokohama,USHNL,"Honolulu HI",1,1,ONE,1,3,2088.6666666666665,313.3333333333333,1042,1049,12,12,12,{12}
2024-12-29,JPYOK,Yokohama,USORF,"Norfolk VA",1,1,"CMA CGM; CNC Line-Cheng Lie Navigation Co. Ltd.; COSCO; Evergreen Line; OOCL",5,13,8771.692307692309,751.9230769230769,6881,10960,25,25,25,{25}
2024-12-29,KEMBA,Mombasa,INMUN,Mundra,1,1,MSC,1,8,4181.5,295,3301,4679,6,6,6,{6}
2024-12-29,KEMBA,Mombasa,ITGOA,Genoa,1,1,Messina,1,3,16191,1581,4498,6296,10,10,10,{10}
2024-12-29,KEMBA,Mombasa,KMLOG,"Longoni Comoros Is",1,1,"CMA CGM",1,7,1730.2857142857142,287.85714285714283,1638,1858,3,3,3,{3}
2024-12-29,KEMBA,Mombasa,LKCMB,Colombo,1,1,MSC,1,5,4265,440.8,4056,4549,8,8,8,{8}
2024-12-29,KEMBA,Mombasa,MYPKG,"Port Klang",1,1,"Gold Star Line; Hapag-Lloyd; ONE; PIL; ZIM",5,7,3786.8571428571427,257,2796,4250,13,13,13,{13}
2024-12-29,KEMBA,Mombasa,MYTPP,"Tanjung Pelepas",1,1,"COSCO; Maersk Line; OOCL",3,7,3731.285714285714,422.42857142857144,3388,4253,11,11,11,{11}
2024-12-29,KEMBA,Mombasa,MZBEW,Beira,3,3,"APL; CMA CGM; Feedertech; MSC; ONE; OOCL; Unifeeder",7,19,8208.633333333333,1019.1666666666667,1708,4679,4,4,12,"{4,4,12}"
2024-12-29,KEMBA,Mombasa,OMSLL,Salalah,1,1,"Maersk Line",1,4,4564.75,187.5,4496,4771,4,4,4,{4}
2024-12-29,KEMBA,Mombasa,SGSIN,Singapore,1,1,"APL; CMA CGM; CNC Line-Cheng Lie Navigation Co. Ltd.; COSCO; Evergreen Line; OOCL; X-Press",7,7,3969.1428571428573,395.7142857142857,3110,5047,11,11,11,{11}
2024-12-29,KEMBA,Mombasa,SOMGQ,Mogadishu,1,1,"CMA CGM",1,7,1730.2857142857142,287.85714285714283,1638,1858,3,3,3,{3}
2024-12-29,KEMBA,Mombasa,TZDAR,"Dar es Salaam",2,2,"APL; CMA CGM; Emirates Shipping; Hapag-Lloyd; MSC",5,11,8375,924.3,3820,4549,2,2.5,3,"{2,3}"
2024-12-29,KEMBA,Mombasa,ZADUR,Durban,1,1,Messina,1,3,16191,1581,4498,6296,7,7,7,{7}
2024-12-29,KHKOS,Sihanoukville,MYKUA,Kuantan,1,1,"Maersk Line",1,4,2285,598,2208,2362,2,2,2,{2}
2024-12-29,KHKOS,Sihanoukville,THBKK,"Bangkok (Old Port)",4,4,"COSCO; Maersk Line; OOCL; RCL; SITC Shipping; Wan Hai; Yang Ming",7,13,6943.416666666667,838.3333333333333,1223,1930,1,1,2,"{2,1,1,1}"
2024-12-29,KHKOS,Sihanoukville,THLCH,"Laem Chabang",3,3,"CMA CGM; CNC Line-Cheng Lie Navigation Co. Ltd.; Evergreen Line; RCL; SITC Shipping; Wan Hai",6,9,5702.583333333333,650.3333333333333,1707,2038,0,1,1,"{1,1,0}"
2024-12-29,KITRW,Tarawa,KRPUS,Busan,1,1,"Kyowa; NYK Bulk and Projects",2,2,3768,,914,970,11,11,11,{11}
2024-12-29,KITRW,Tarawa,VUVLI,"Port Vila",1,1,"Kyowa; ONE; Swire Shipping",3,4,3963.214285714286,,1617,2082,1,1,1,{1}
2024-12-29,KMLOG,"Longoni Comoros Is",MUPLU,"Port Louis",1,1,"CMA CGM",1,7,1730.2857142857142,287.85714285714283,1638,1858,7,7,7,{7}
2024-12-29,KMMUT,Mutsamudu,MZMNC,Nacala,1,1,"UAFL-United Africa Feeder Line",1,2,5421,450,1740,1874,1,1,1,{1}
2024-12-29,KNBAS,"Basseterre, St Kitts",AGSJO,"St John's, Antigua",1,1,"Geest Line; Seatrade; StreamLines",3,5,463.2,189.6,436,564,0,0,0,{0}
2024-12-29,KNBAS,"Basseterre, St Kitts",DMRSU,Roseau,1,1,"King Ocean; Seaboard Marine",2,2,1296,195,1296,1296,0,0,0,{0}
2024-12-29,KNBAS,"Basseterre, St Kitts",DOCAU,Caucedo,1,1,"Tropical Shipping",1,2,911.5,187,850,973,0,0,0,{0}
2024-12-29,KNBAS,"Basseterre, St Kitts",GPSBH,"St Barthelemy",1,1,"CMA CGM",1,1,120,24,120,120,0,0,0,{0}
2024-12-29,KRINC,Inchon,CNDLC,Dalian,3,3,"COSCO; KMTC; Maersk Line; OOCL; RCL; Yang Ming",6,10,8390.595238095239,846.3333333333333,538,5928,1,1,1,"{1,1,1}"
2024-12-29,KRINC,Inchon,CNNGB,Ningbo,2,2,"CK Line; CMA CGM; COSCO; Heung-A; NBOSCO; PanCon; TaiYoung Shipping",7,2,2109,104,1009,1100,2,2,2,"{2,2}"
2024-12-29,KRINC,Inchon,CNSHA,Shanghai,3,3,"APL; CMA CGM; CNC Line-Cheng Lie Navigation Co. Ltd.; COSCO; Hapag-Lloyd; Hyundai; ONE; Sinokor; Yang Ming",9,14,14373.585714285713,1378,1054,13792,1,2,2,"{2,2,1}"
2024-12-29,KRINC,Inchon,CNTAO,Qingdao,10,9,"CK Line; CMA CGM; CNC Line-Cheng Lie Navigation Co. Ltd.; Evergreen Line; Heung-A; KMTC; MSC; Namsung; ONE; PanOcean; PIL; Sinokor; SITC Shipping; SM Line; TS Lines",15,33,21235.250000000004,2291.1,932,4892,1,1,2,"{2,1,1,1,1,1,1,1,1,1}"
2024-12-29,KRINC,Inchon,CNTXG,Xingang/Tianjin,3,3,"CMA CGM; CNC Line-Cheng Lie Navigation Co. Ltd.; COSCO; Dongjin Shipping; Evergreen Line; Namsung; OOCL; Wan Hai; Yang Ming",9,6,6565.5,590.5,554,5688,1,2,3,"{3,1,2}"
2024-12-29,KRINC,Inchon,CNZJG,Zhangjiagang,1,1,"CK Line; KMTC; Sinokor",3,1,602,,602,602,3,3,3,{3}
2024-12-29,KRINC,Inchon,HKHKG,"Hong Kong",3,3,"Dong Young; Heung-A; Hyundai; KMTC; Namsung; PanCon; Sinokor",7,6,3059.5,,1000,1043,3,3,4,"{3,4,3}"
2024-12-29,KRINC,Inchon,KRKAN,Gwangyang,4,4,"CK Line; Dong Young; IAL-Interasia Lines; KMTC; Namsung; SM Line; Wan Hai",7,13,8026.833333333333,715.3333333333334,1023,3055,1,1,2,"{1,1,1,2}"
2024-12-29,KRINC,Inchon,KRKUV,Kunsan,1,1,"Dongjin Shipping; Dong Young; KMTC; Namsung; Sinokor; TaiYoung Shipping",6,1,952,82,952,952,1,1,1,{1}
2024-12-29,KRINC,Inchon,KRPTK,Pyongtaek,4,4,"CK Line; Dongjin Shipping; Heung-A; KMTC; Namsung; Sinokor",6,9,4995.166666666667,552,629,1809,0,0.5,1,"{1,1,0,0}"
2024-12-29,KRINC,Inchon,KRPUS,Busan,6,6,"CK Line; Dongjin Shipping; Heung-A; KMTC; Maersk Line; Namsung; PanCon; PanOcean; Sinokor; SM Line; TS Lines; Yang Ming",12,19,11820.366666666667,1404.6,1000,2940,1,2,2,"{2,1,2,2,2,2}"
2024-12-29,KRINC,Inchon,KRTSN,Seosan,4,4,"COSCO; Dong Young; Heung-A; KMTC; Namsung; PanOcean; Sinokor",7,5,4592,42,1021,1354,1,1,1,"{1,1,1,1}"
2024-12-29,KRKAN,Gwangyang,CNNGB,Ningbo,9,9,"ANL; CMA CGM; COSCO; Dongjin Shipping; Dong Young; KMTC; MSC; Namsung; PanCon; PanOcean; Sinokor; SM Line",12,27,34571.11538461538,2078.076923076923,702,16000,1,2,3,"{1,2,3,2,2,2,1,1,2}"
2024-12-29,KRKAN,Gwangyang,CNNJI,Nanjing,2,2,"Namsung; Sinokor",2,2,1925,80,834,1091,1,1.5,2,"{1,2}"
2024-12-29,KRKAN,Gwangyang,CNSHA,Shanghai,9,9,"CK Line; CMA CGM; CNC Line-Cheng Lie Navigation Co. Ltd.; COSCO; Evergreen Line; Global Feeder Shipping; Heung-A; KMTC; Maersk Line; Namsung; ONE; Sinokor; SM Line; TS Lines",14,45,32364.973076923074,2540.3038461538463,1000,15254,1,1,2,"{1,2,1,1,1,1,2,1,1}"
2024-12-29,KRKAN,Gwangyang,CNTAO,Qingdao,5,5,"CNC Line-Cheng Lie Navigation Co. Ltd.; Dongjin Shipping; Easline Shipping; Hapag-Lloyd; Heung-A; Hyundai; ONE; PanOcean; Sinokor; SM Line; Yang Ming",11,16,17853.142857142855,1687.142857142857,1024,8626,1,2,4,"{1,1,2,2,4}"
2024-12-29,KRKAN,Gwangyang,CNTXG,Xingang/Tianjin,3,3,"Heung-A; KMTC; Namsung; Sinokor; TaiYoung Shipping",5,5,3851.3333333333335,467,953,1809,2,2,2,"{2,2,2}"
2024-12-29,KRKAN,Gwangyang,CNYNT,Yantai,2,2,"CMA CGM; CNC Line-Cheng Lie Navigation Co. Ltd.; Easline Shipping; Heung-A; Namsung; PanCon; PanOcean; Sinokor",8,2,2737,340,1009,1728,1,1,1,"{1,1}"
2024-12-29,KRKAN,Gwangyang,CNYTN,Yantian,1,1,"APL; CMA CGM; CNC Line-Cheng Lie Navigation Co. Ltd.; COSCO; OOCL",5,7,9593,794,7327,10642,4,4,4,{4}
2024-12-29,KRKAN,Gwangyang,HKHKG,"Hong Kong",2,2,"CK Line; Heung-A; Hyundai; KMTC; Sinokor",5,6,2859.666666666667,193,1091,1900,3,3,3,"{3,3}"
2024-12-29,KRKAN,Gwangyang,KRINC,Inchon,3,3,"Evergreen Line; Hapag-Lloyd; Hyundai; Namsung; ONE; PanCon; Yang Ming",7,13,14379.785714285714,1186.6666666666667,1011,13792,1,2,2,"{2,2,1}"
2024-12-29,KRKAN,Gwangyang,KRKPO,Pohang,1,1,"KMTC; Namsung",2,3,1594.6666666666667,243.33333333333334,1585,1614,1,1,1,{1}
2024-12-29,KRKAN,Gwangyang,KRPTK,Pyongtaek,1,1,"Heung-A; Sinokor",2,3,2058.285714285714,321.9047619047619,1785,1809,0,0,0,{0}
2024-12-29,KRKAN,Gwangyang,KRPUS,Busan,11,11,"CK Line; COSCO; Dongjin Shipping; Dong Young; Emirates Shipping; Evergreen Line; Hapag-Lloyd; Heung-A; Hyundai; IAL-Interasia Lines; KMTC; Namsung; ONE; PanCon; PanOcean; Sinokor; SM Line; TS Lines; Wan Hai; Yang Ming",20,43,34030.23809523809,2825.190476190476,1021,13792,0,1,1,"{0,0,1,1,0,1,1,1,1,0,1}"
2024-12-29,KRKAN,Gwangyang,KRUSN,Ulsan,4,4,"CK Line; Heung-A; KMTC; Maersk Line; MSC; Sinokor; TaiYoung Shipping",7,21,24225.35,1369.8666666666668,907,20568,0,0.5,1,"{0,1,1,0}"
2024-12-29,KRKAN,Gwangyang,TWKEL,Keelung,2,2,"KMTC; TS Lines; Wan Hai; Yang Ming",4,5,4684.666666666666,641.6666666666667,1781,3036,2,2,2,"{2,2}"
2024-12-29,KRKAN,Gwangyang,TWKHH,Kaohsiung,1,1,"CMA CGM; CNC Line-Cheng Lie Navigation Co. Ltd.",2,4,1824.5,257.25,1756,1952,2,2,2,{2}
2024-12-29,KRKAN,Gwangyang,VNSGN,"Ho Chi Minh (VICT/Cat Lai)",1,1,"Evergreen Line; Heung-A; KMTC; ONE; Sinokor",5,3,1748,236,1626,1809,5,5,5,{5}
2024-12-29,KRKPO,Pohang,KRPUS,Busan,2,2,"CK Line; KMTC; Namsung",3,5,2624.666666666667,243.33333333333334,1000,1614,1,1,1,"{1,1}"
2024-12-29,KRKPO,Pohang,KRUSN,Ulsan,1,1,"Heung-A; KMTC",2,4,2628,272.5,2540,2778,1,1,1,{1}
2024-12-29,KRKUV,Kunsan,CNNGB,Ningbo,2,2,"Dongjin Shipping; Dong Young; Evergreen Line; KMTC; Namsung; Sinokor; TaiYoung Shipping",7,3,5095,82,952,4143,1,1,1,"{1,1}"
2024-12-29,KRKUV,Kunsan,KRPUS,Busan,1,1,"Dongjin Shipping; PanOcean",2,1,1024,180,1024,1024,2,2,2,{2}
2024-12-29,KRMAS,Masan,CNTXG,Xingang/Tianjin,1,1,"Austral Asia Line",1,4,3518,242.5,979,2029,3,3,3,{3}
2024-12-29,KRPTK,Pyongtaek,CNDLC,Dalian,2,2,"CMA CGM; CNC Line-Cheng Lie Navigation Co. Ltd.; COSCO; Sinokor",4,6,3828.4,617.4,724,4275,1,1.5,2,"{2,1}"
2024-12-29,KRPTK,Pyongtaek,CNNTG,Nantong,1,1,Sinokor,1,1,629,60,629,629,2,2,2,{2}
2024-12-29,KRPTK,Pyongtaek,CNSHD,Shidao,1,1,"Sinokor; SITC Shipping",2,2,1011,120,1011,1011,0,0,0,{0}
2024-12-29,KRPTK,Pyongtaek,CNTAO,Qingdao,2,2,"Maersk Line; Sinokor",2,6,3646,730.6,1118,2546,2,2,2,"{2,2}"
2024-12-29,KRPTK,Pyongtaek,CNTXG,Xingang/Tianjin,1,1,Sinokor,1,1,388.7142857142857,51.42857142857143,907,907,1,1,1,{1}
2024-12-29,KRPTK,Pyongtaek,KRINC,Inchon,2,2,"Dong Young; KMTC; Namsung; Sinokor",4,3,2059.5,102,1000,1054,1,1,1,"{1,1}"
2024-12-29,KRPTK,Pyongtaek,KRKAN,Gwangyang,3,3,"CK Line; Dongjin Shipping; Heung-A; KMTC; Namsung; Sinokor",6,9,5393.952380952381,724.9047619047619,1585,1809,1,1,2,"{2,1,1}"
2024-12-29,KRPTK,Pyongtaek,KRPUS,Busan,1,1,"Heung-A; Sinokor",2,3,2058.285714285714,321.9047619047619,1785,1809,2,2,2,{2}
2024-12-29,KRPTK,Pyongtaek,VNHPH,Haiphong,1,1,"Dongjin Shipping; Heung-A; Sinokor",3,2,1030.5,89,1011,1050,5,5,5,{5}
2024-12-29,KRPUS,Busan,CAPRR,"Prince Rupert BC",1,1,"Hapag-Lloyd; Hyundai; ONE; Yang Ming",4,7,7381.142857142857,587.1428571428571,5512,8626,11,11,11,{11}
2024-12-29,KRPUS,Busan,CAVAN,"Vancouver BC",3,3,"APL; CMA CGM; CNC Line-Cheng Lie Navigation Co. Ltd.; COSCO; Hapag-Lloyd; Hyundai; ONE; OOCL; SM Line; Yang Ming",10,21,25754.333333333332,2188.1666666666665,4211,13792,12,13,15,"{15,13,12}"
2024-12-29,KRPUS,Busan,CNDLC,Dalian,6,6,"APL; CMA CGM; CNC Line-Cheng Lie Navigation Co. Ltd.; COSCO; Dong Young; Doowoo Shipping; Evergreen Line; Hapag-Lloyd; Hyundai; Maersk Line; MSC; ONE; OOCL; X-Press; Yang Ming",15,19,13290.5,1557.4333333333334,642,4892,2,2.5,3,"{2,3,3,2,3,2}"
2024-12-29,KRPUS,Busan,CNGGZ,"Huangpu (Guangzhou)",1,1,"Heung-A; PanOcean; Sinokor",3,2,1056,42,1021,1091,4,4,4,{4}
2024-12-29,KRPUS,Busan,CNLYG,Lianyungang,1,1,"CMA CGM; CNC Line-Cheng Lie Navigation Co. Ltd.; COSCO",3,1,1702,200,1702,1702,2,2,2,{2}
2024-12-29,KRPUS,Busan,CNNGB,Ningbo,6,6,"APL; CMA CGM; CNC Line-Cheng Lie Navigation Co. Ltd.; COSCO; Emirates Shipping; Evergreen Line; Hapag-Lloyd; Heung-A; Hyundai; KMTC; MSC; ONE; OOCL; Sinokor; TS Lines; Yang Ming",16,58,60520.83956043956,4506.818681318681,1577,17859,1,2,3,"{2,1,2,2,3,2}"
2024-12-29,KRPUS,Busan,CNNSA,Nansha,1,1,"Maersk Line; MSC",2,8,15506.25,1059.125,13000,19154,4,4,4,{4}
2024-12-29,KRPUS,Busan,CNSHA,Shanghai,26,26,"APL; Austral Asia Line; CK Line; CMA CGM; CNC Line-Cheng Lie Navigation Co. Ltd.; COSCO; Evergreen Line; Gold Star Line; Hapag-Lloyd; Heung-A; Hyundai; IAL-Interasia Lines; KMTC; Maersk Line; MSC; Namsung; ONE; OOCL; PanOcean; PIL; RCL; Samudera; Sinokor; SITC Shipping; SM Line; Wan Hai; X-Press; Yang Ming; ZIM",29,254,220796.42824952828,15641.859694472196,979,23964,1,2,9,"{2,9,1,2,3,2,2,1,1,1,2,1,2,1,2,1,2,1,3,4,2,1,1,2,1,7}"
2024-12-29,KRPUS,Busan,CNSHK,Shekou,1,1,"APL; CMA CGM; CNC Line-Cheng Lie Navigation Co. Ltd.; COSCO; Evergreen Line; OOCL",6,11,10146.545454545454,1066.1818181818182,9289,11388,3,3,3,{3}
2024-12-29,KRPUS,Busan,CNTAO,Qingdao,14,14,"ANL; APL; CMA CGM; CNC Line-Cheng Lie Navigation Co. Ltd.; COSCO; Emirates Shipping; Evergreen Line; Global Feeder Shipping; Gold Star Line; Hapag-Lloyd; Hyundai; KMTC; Maersk Line; MSC; Namsung; ONE; OOCL; PIL; RCL; SITC Shipping; TS Lines; Unifeeder; Yang Ming; ZIM",24,122,103435.69285714287,9206.380952380952,2401,19224,1,2,4,"{2,1,2,1,4,2,2,2,2,1,2,2,2,1}"
2024-12-29,KRPUS,Busan,CNTXG,Xingang/Tianjin,2,2,"COSCO; Evergreen Line; Hapag-Lloyd; ONE; OOCL; X-Press; Yang Ming",7,2,6994,752,2741,4253,3,3,3,"{3,3}"
2024-12-29,KRPUS,Busan,CNXMN,Xiamen,2,2,"Maersk Line; MSC; ZIM",3,20,16621.89898989899,1558.0707070707072,5041,9640,2,3.5,5,"{5,2}"
2024-12-29,KRPUS,Busan,CNYTN,Yantian,1,1,"SM Line",1,6,4293.333333333333,356.6666666666667,4211,4380,3,3,3,{3}
2024-12-29,KRPUS,Busan,HKHKG,"Hong Kong",3,3,"CK Line; Dongjin Shipping; Heung-A; KMTC; Namsung; PanCon; Sinokor; SM Line",8,10,6623.416666666666,619.6666666666667,1614,4275,3,3,3,"{3,3,3}"
2024-12-29,KRPUS,Busan,JMKIN,Kingston,1,1,"Maersk Line; MSC; ZIM",3,12,14577.333333333334,1450,11800,15124,22,22,22,{22}
2024-12-29,KRPUS,Busan,JPCHF,"Shimonoseki (Chofu)",1,1,Kyowa,1,2,1224,,502,506,1,1,1,{1}
2024-12-29,KRPUS,Busan,JPHKT,Hakata,4,4,"APL; CMA CGM; Evergreen Line; Maersk Line; Swire Shipping",5,11,9710.309523809523,1045,1691,2381,0,1,2,"{2,0,1,1}"
2024-12-29,KRPUS,Busan,JPKIJ,"Niigata (N Coast)",2,2,"CK Line; KMTC; Namsung; PanCon",4,4,2064.5,52,1000,1060,2,2,2,"{2,2}"
2024-12-29,KRPUS,Busan,JPKWS,Kawasaki,1,1,"KMTC; Namsung",2,3,1000,,1000,1000,2,2,2,{2}
2024-12-29,KRPUS,Busan,JPMOJ,Moji,2,2,"Centrans; Jin Jiang; Maersk Line",3,9,2574.25,455,834,1800,0,0,0,"{0,0}"
2024-12-29,KRPUS,Busan,JPMYJ,"Matsuyama (Shikoku)",1,1,"CMA CGM; CNC Line-Cheng Lie Navigation Co. Ltd.; Ehime Ocean Line",3,2,1034,160,1020,1048,1,1,1,{1}
2024-12-29,KRPUS,Busan,JPNGO,Nagoya,1,1,"Hyundai; ONE",2,3,2783.6666666666665,383,2553,2940,4,4,4,{4}
2024-12-29,KRPUS,Busan,JPOSA,Osaka,2,2,"Swire Shipping",1,4,15213.714285714286,,2048,2048,2,3,4,"{4,2}"
2024-12-29,KRPUS,Busan,JPSMZ,Shimizu,1,1,"KMTC; Namsung",2,3,1004.3333333333334,40,953,1060,2,2,2,{2}
2024-12-29,KRPUS,Busan,JPTYO,Tokyo,1,1,MSC,1,6,4190,563.3333333333334,3534,5018,9,9,9,{9}
2024-12-29,KRPUS,Busan,JPUKB,Kobe,2,2,"Kyowa; NYK Bulk and Projects",2,4,8074.285714285715,,914,970,2,2.5,3,"{2,3}"
2024-12-29,KRPUS,Busan,JPYOK,Yokohama,6,6,"CMA CGM; CNC Line-Cheng Lie Navigation Co. Ltd.; COSCO; Evergreen Line; Hapag-Lloyd; Hyundai; Kyowa; Maersk Line; MSC; ONE; OOCL; Swire Shipping",12,52,46249.17155067155,3563.606837606838,1042,15226,2,2,4,"{3,2,2,2,4,2}"
2024-12-29,KRPUS,Busan,KRINC,Inchon,3,3,"CMA CGM; CNC Line-Cheng Lie Navigation Co. Ltd.; Heung-A; Hyundai; KMTC; Namsung; ONE; PIL; Sinokor; SITC Shipping; TS Lines",11,11,6325.75,623.1,1043,2824,2,2,2,"{2,2,2}"
2024-12-29,KRPUS,Busan,KRKAN,Gwangyang,28,28,"CK Line; CMA CGM; CNC Line-Cheng Lie Navigation Co. Ltd.; COSCO; Dongjin Shipping; Easline Shipping; Evergreen Line; Global Feeder Shipping; Hapag-Lloyd; Heung-A; Hyundai; KMTC; Maersk Line; MSC; Namsung; ONE; PanCon; PanOcean; Sinokor; SM Line; TaiYoung Shipping; TS Lines; Wan Hai; Yang Ming",24,86,78385.17728937729,6648.203113553112,702,16000,0,1,2,"{1,0,0,1,1,1,1,1,1,0,1,1,1,1,0,1,1,1,0,1,1,2,0,1,1,1,1,1}"
2024-12-29,KRPUS,Busan,KRKPO,Pohang,1,1,"Heung-A; KMTC",2,4,2628,272.5,2540,2778,0,0,0,{0}
2024-12-29,KRPUS,Busan,KRUSN,Ulsan,16,16,"CK Line; Dong Young; Evergreen Line; Heung-A; KMTC; Maersk Line; MSC; Namsung; ONE; Sinokor; TaiYoung Shipping; Wan Hai",12,80,78198.275,4748.641666666666,952,24232,0,0,1,"{1,1,1,0,0,1,0,0,0,1,0,0,0,1,0,0}"
2024-12-29,KRPUS,Busan,MXESE,Ensenada,2,2,"APL; CMA CGM; CNC Line-Cheng Lie Navigation Co. Ltd.; COSCO; Evergreen Line; OOCL; Wan Hai",7,22,21273.983333333334,1677.6333333333332,6350,16020,14,14,14,"{14,14}"
2024-12-29,KRPUS,Busan,MXLZC,"Lazaro Cardenas",1,1,"Hyundai; ONE",2,3,8978,485.3333333333333,4250,4728,17,17,17,{17}
2024-12-29,KRPUS,Busan,MXZLO,"Manzanillo, MEX",4,4,"CMA CGM; CNC Line-Cheng Lie Navigation Co. Ltd.; COSCO; Hapag-Lloyd; Hyundai; MSC; ONE; OOCL; PIL; Wan Hai; Yang Ming",11,48,44060.269047619055,3925.4880952380954,3889,16520,15,16.5,17,"{15,16,17,17}"
2024-12-29,KRPUS,Busan,PAMIT,Manzanillo,1,1,"Hapag-Lloyd; Hyundai; ONE; Yang Ming",4,13,13350.307692307691,1000,12552,13870,23,23,23,{23}
2024-12-29,KRPUS,Busan,PAONX,Colon,1,1,"APL; CMA CGM; COSCO; Evergreen Line; OOCL",5,11,11245.272727272726,626.8181818181819,8452,12118,20,20,20,{20}
2024-12-29,KRPUS,Busan,PGLAE,Lae,1,1,"Swire Shipping",1,3,8625.42857142857,,2082,2082,10,10,10,{10}
2024-12-29,KRPUS,Busan,PHMNL,Manila,1,1,"Hyundai; ONE",2,3,2783.6666666666665,383,2553,2940,4,4,4,{4}
2024-12-29,KRPUS,Busan,PHMNN,"Manila North Harbor",1,1,"KMTC; Namsung",2,3,1594.6666666666667,243.33333333333334,1585,1614,4,4,4,{4}
2024-12-29,KRPUS,Busan,TWKEL,Keelung,3,3,"CMA CGM; CNC Line-Cheng Lie Navigation Co. Ltd.; IAL-Interasia Lines; ONE; TS Lines; Wan Hai; Yang Ming",7,8,5553,608.1666666666666,1708,2038,2,2,2,"{2,2,2}"
2024-12-29,KRPUS,Busan,TWKHH,Kaohsiung,3,3,"COSCO; Evergreen Line; Hapag-Lloyd; Hyundai; IAL-Interasia Lines; ONE; PIL; Wan Hai; Yang Ming",9,23,25424.363636363636,1634.6818181818182,2646,14000,2,2,3,"{3,2,2}"
2024-12-29,KRPUS,Busan,USHOU,"Houston TX",3,3,"APL; CMA CGM; CNC Line-Cheng Lie Navigation Co. Ltd.; COSCO; Evergreen Line; Hapag-Lloyd; Hyundai; Maersk Line; MSC; ONE; OOCL; Yang Ming; ZIM",13,35,24966.79020979021,2443.6923076923076,6724,11388,25,26,28,"{28,25,26}"
2024-12-29,KRPUS,Busan,USJAX,"Jacksonville FL",1,1,"Maersk Line; MSC; ZIM",3,12,8380.416666666666,749.1666666666666,8010,8814,24,24,24,{24}
2024-12-29,KRPUS,Busan,USLAX,"Los Angeles CA",2,2,"ANL; APL; CMA CGM; CNC Line-Cheng Lie Navigation Co. Ltd.; Maersk Line; MSC",6,14,16604.571428571428,1657.142857142857,5598,11294,13,13.5,14,"{14,13}"
2024-12-29,KRPUS,Busan,USLGB,"Long Beach CA",6,6,"APL; CMA CGM; COSCO; Evergreen Line; Hapag-Lloyd; Hyundai; MSC; ONE; OOCL; Sea Lead; SM Line; Yang Ming",12,55,60636.6746031746,4163.587301587302,1000,19224,11,11,13,"{13,11,12,11,11,11}"
2024-12-29,KRPUS,Busan,USMIA,"Miami FL",1,1,MSC,1,6,12711.285714285714,144.04761904761907,8089,8089,29,29,29,{29}
2024-12-29,KRPUS,Busan,USMOB,"Mobile AL",1,1,"Maersk Line; MSC; ZIM",3,11,5933.727272727273,587.8181818181819,5466,6750,24,24,24,{24}
2024-12-29,KRPUS,Busan,USNYC,"New York NY/NJ",2,2,"APL; CMA CGM; COSCO; Evergreen Line; Maersk Line; MSC; OOCL; ZIM",8,24,22769.076923076922,1910.867132867133,8112,13500,25,25,25,"{25,25}"
2024-12-29,KRPUS,Busan,USSAV,"Savannah GA",1,1,"Hapag-Lloyd; Hyundai; ONE; Yang Ming",4,12,13277.083333333334,850,12552,13470,31,31,31,{31}
2024-12-29,KRPUS,Busan,USSEA,"Seattle WA",1,1,"MSC; ZIM",2,9,8188.666666666667,956.7777777777779,6492,9400,11,11,11,{11}
2024-12-29,KRPUS,Busan,USTIW,"Tacoma WA",1,1,"Maersk Line",1,6,3232.5,566.1666666666666,2526,3649,12,12,12,{12}
2024-12-29,KRPUS,Busan,VNHPH,Haiphong,2,2,"CK Line; Dong Young; KMTC; Namsung; SM Line",5,4,2100.5,110,1000,1118,3,4,5,"{5,3}"
2024-12-29,KRPUS,Busan,VNSGN,"Ho Chi Minh (VICT/Cat Lai)",2,2,"CK Line; Dongjin Shipping; Heung-A; KMTC; Namsung; PanCon; PanOcean; Sinokor; SM Line",9,6,3550.666666666667,415.66666666666663,1614,1811,5,5,5,"{5,5}"
2024-12-29,KRPUS,Busan,VNVUT,"Cai Mep",1,1,MSC,1,6,4190,563.3333333333334,3534,5018,6,6,6,{6}
2024-12-29,KRTGH,Donghae,CNXMN,Xiamen,1,1,"Maersk Line; MSC",2,15,23789.06666666667,1556.2666666666667,23656,24232,0,0,0,{0}
2024-12-29,KRTSN,Seosan,CNNGB,Ningbo,3,3,"COSCO; Dong Young; KMTC; Namsung",4,3,3536,,1091,1354,1,2,2,"{2,2,1}"
2024-12-29,KRTSN,Seosan,KRKAN,Gwangyang,1,1,"Heung-A; PanOcean; Sinokor",3,2,1056,42,1021,1091,1,1,1,{1}
2024-12-29,KRUSN,Ulsan,CNNGB,Ningbo,4,4,"Maersk Line; MSC",2,62,76691.29166666666,3696.258333333333,13082,24232,0,1,2,"{0,1,1,2}"
2024-12-29,KRUSN,Ulsan,CNSHA,Shanghai,2,2,"CK Line; KMTC; Namsung; Sinokor",4,5,3517.5,359,907,2806,1,1.5,2,"{1,2}"
2024-12-29,KRUSN,Ulsan,CNTAO,Qingdao,1,1,"CK Line; Heung-A; Sinokor; TaiYoung Shipping",4,1,1809,279,1809,1809,2,2,2,{2}
2024-12-29,KRUSN,Ulsan,CNTXG,Xingang/Tianjin,1,1,"CK Line; KMTC",2,2,1030,,1000,1060,3,3,3,{3}
2024-12-29,KRUSN,Ulsan,HKHKG,"Hong Kong",1,1,"KMTC; Sinokor",2,3,1748,213,1626,1809,3,3,3,{3}
2024-12-29,KRUSN,Ulsan,KRKAN,Gwangyang,10,10,"Dong Young; Evergreen Line; Heung-A; KMTC; Namsung; ONE; Sinokor; TaiYoung Shipping",8,24,14696.083333333334,1481.75,952,2778,0,1,2,"{1,1,1,1,1,1,1,1,2,0}"
2024-12-29,KRUSN,Ulsan,KRPUS,Busan,3,3,"Heung-A; IAL-Interasia Lines; KMTC; Namsung; PanCon; Sinokor; Wan Hai",7,9,6096.25,455.66666666666663,1009,4275,0,1,1,"{0,1,1}"
2024-12-29,KRUSN,Ulsan,TWTPE,Taipei,1,1,"Wan Hai",1,4,2536,125,2038,3055,1,1,1,{1}
2024-12-29,KRUSN,Ulsan,TWTXG,Taichung,1,1,"Evergreen Line",1,4,1905.25,177.5,1809,1984,2,2,2,{2}
2024-12-29,KWKWI,Kuwait,IQUQR,"Umm Qasr",1,1,Hapag-Lloyd,1,3,3430.3333333333335,496.6666666666667,3237,3649,1,1,1,{1}
2024-12-29,KYGEC,Georgetown,JMKIN,Kingston,1,1,"Seaboard Marine; ZIM",2,1,370,,370,370,3,3,3,{3}
2024-12-29,KYGEC,Georgetown,SRPBM,Paramaribo,1,1,"Seaboard Marine",1,2,1114,220,1114,1114,2,2,2,{2}
2024-12-29,KYGEC,Georgetown,USPEF,"Port Everglades FL",2,2,"Crowley; Hyde Shipping Corp.; MSC; Seaboard Marine",4,2,1016,100,508,508,4,4,4,"{4,4}"
2024-12-29,LBBEY,Beirut,CYLMS,Limassol,2,2,"CMA CGM; Maersk Line; MSC",3,6,3578.75,555.5,847,2825,1,1,1,"{1,1}"
2024-12-29,LBBEY,Beirut,EGALY,Alexandria,3,3,"Arkas Line; CMA CGM; Messina; MSC; ONE; Tarros",6,14,8399.833333333332,888.6666666666666,1118,6612,1,1,1,"{1,1,1}"
2024-12-29,LBBEY,Beirut,JOAQB,Aqaba,1,1,"CMA CGM",1,5,3065,305.6,2339,3430,2,2,2,{2}
2024-12-29,LBBEY,Beirut,LBKYE,"Tripoli Lebanon",1,1,"APL; CMA CGM; CNC Line-Cheng Lie Navigation Co. Ltd.; COSCO; Evergreen Line; OOCL",6,11,10146.545454545454,1066.1818181818182,9289,11388,0,0,0,{0}
2024-12-29,LBBEY,Beirut,SYLTK,Lattakia,1,1,"Arkas Line; CMA CGM; Hapag-Lloyd; Maersk Line; OOCL",5,4,2469,381,2442,2478,1,1,1,{1}
2024-12-29,LBBEY,Beirut,SYTTS,Tartus,2,2,"CMA CGM; MSC",2,6,1875.5,228,847,1158,1,1,1,"{1,1}"
2024-12-29,LBBEY,Beirut,TRAMB,"Istanbul (Ambarli)",1,1,Medkon,1,2,1687.142857142857,178.57142857142858,1162,1200,2,2,2,{2}
2024-12-29,LBBEY,Beirut,TRISK,Iskenderun,5,5,"Admiral; Arkas Line; Hapag-Lloyd; Maersk Line; MSC; ONE; OOCL; Tarros; Turkon; Unifeeder; Unimed Feeder Services-UFS; Yang Ming",12,8,11429.333333333334,2037.5238095238094,1078,2837,0,1,1,"{1,1,0,0,1}"
2024-12-29,LBBEY,Beirut,TRIZM,Izmir,1,1,"CMA CGM; COSCO; Evergreen Line; OOCL; Tarros; Unimed Feeder Services-UFS; X-Press",7,4,2650.75,332.5,2300,2926,2,2,2,{2}
2024-12-29,LBBEY,Beirut,TRMER,Mersin,1,1,"CMA CGM",1,4,1866,352.25,1740,2190,1,1,1,{1}
2024-12-29,LBKYE,"Tripoli Lebanon",LBBEY,Beirut,1,1,"CMA CGM",1,2,861,89,847,875,0,0,0,{0}
2024-12-29,LBKYE,"Tripoli Lebanon",SIKOP,Koper,1,1,"APL; CMA CGM; CNC Line-Cheng Lie Navigation Co. Ltd.; COSCO; Evergreen Line; OOCL",6,11,10146.545454545454,1066.1818181818182,9289,11388,4,4,4,{4}
2024-12-29,LCSLU,"Castries, St Lucia",BBBGI,Bridgetown,1,1,"CMA CGM; COSCO",2,3,1253,334,1118,1345,0,0,0,{0}
2024-12-29,LCSLU,"Castries, St Lucia",DMRSU,Roseau,1,1,"Geest Line; Seatrade; StreamLines",3,5,463.2,189.6,436,564,0,0,0,{0}
2024-12-29,LCSLU,"Castries, St Lucia",LCVIF,"Vieux Fort",1,1,"Tropical Shipping",1,2,1148,260,1148,1148,0,0,0,{0}
2024-12-29,LCSLU,"Castries, St Lucia",MQFDF,Fort-de-France,1,1,"CMA CGM",1,3,773.3333333333334,164,677,966,1,1,1,{1}
2024-12-29,LCSLU,"Castries, St Lucia",VCKTN,"Kingstown, St Vincent",1,1,"King Ocean; Seaboard Marine",2,2,1296,195,1296,1296,0,0,0,{0}
2024-12-29,LCVIF,"Vieux Fort",TTPTS,"Point Lisas",1,1,"Tropical Shipping",1,2,1148,260,1148,1148,1,1,1,{1}
2024-12-29,LKCMB,Colombo,AEAUH,"Abu Dhabi",1,1,MSC,1,2,3608.5,326,2591,4626,6,6,6,{6}
2024-12-29,LKCMB,Colombo,AEJEA,"Dubai, Jebel Ali",1,1,"COSCO; Evergreen Line; Feedertech; Hyundai; Unifeeder",5,6,5009.333333333333,518.3333333333334,4308,5652,6,6,6,{6}
2024-12-29,LKCMB,Colombo,BEANR,Antwerp,1,1,"APL; CMA CGM; CNC Line-Cheng Lie Navigation Co. Ltd.; COSCO; Evergreen Line; OOCL",6,14,16361.285714285714,500,12118,20150,25,25,25,{25}
2024-12-29,LKCMB,Colombo,CAHAL,Halifax,3,3,"APL; CMA CGM; CNC Line-Cheng Lie Navigation Co. Ltd.; COSCO; Evergreen Line; Hapag-Lloyd; Hyundai; MSC; ONE; OOCL; Yang Ming",11,51,36256.260869565216,2637.673913043478,5888,15536,26,28,30,"{28,26,30}"
2024-12-29,LKCMB,Colombo,CNDLC,Dalian,1,1,MSC,1,18,13575.444444444447,208.33333333333334,2680,16000,13,13,13,{13}
2024-12-29,LKCMB,Colombo,CNTAO,Qingdao,1,1,"Heung-A; Sinokor; X-Press",3,5,6655.6,552,4636,8002,7,7,7,{7}
2024-12-29,LKCMB,Colombo,DJJIB,Djibouti,1,1,MSC,1,4,4494,,4494,4494,8,8,8,{8}
2024-12-29,LKCMB,Colombo,ESBCN,Barcelona,1,1,"Tailwind Shipping Lines",1,6,11551.333333333334,1104.6666666666667,4957,6881,25,25,25,{25}
2024-12-29,LKCMB,Colombo,GBLGP,"London Gateway",2,2,"ANL; APL; CMA CGM; MSC",4,38,23282.78431372549,1731.2997198879552,8269,19224,25,26,27,"{27,25}"
2024-12-29,LKCMB,Colombo,GHTEM,Tema,1,1,"Maersk Line",1,9,4533.777777777777,338.88888888888897,4496,4662,19,19,19,{19}
2024-12-29,LKCMB,Colombo,INCOK,Cochin,1,1,"CMA CGM; Evergreen Line; RCL; Unifeeder; X-Press",5,3,2913.3333333333335,476.6666666666667,2824,3006,1,1,1,{1}
2024-12-29,LKCMB,Colombo,INMAA,Chennai/Madras,1,1,"CMA CGM; Evergreen Line; RCL; Unifeeder; X-Press",5,3,2913.3333333333335,476.6666666666667,2824,3006,2,2,2,{2}
2024-12-29,LKCMB,Colombo,INNSA,"Mumbai (Nhava Sheva)",3,3,"CMA CGM; CNC Line-Cheng Lie Navigation Co. Ltd.; COSCO; Evergreen Line; Gold Star Line; Hapag-Lloyd; IAL-Interasia Lines; Maersk Line; OOCL; RCL; Wan Hai; ZIM",12,21,16244.20634920635,1367.888888888889,4178,8553,2,3,3,"{3,2,3}"
2024-12-29,LKCMB,Colombo,KEMBA,Mombasa,1,1,MSC,1,8,4181.5,295,3301,4679,7,7,7,{7}
2024-12-29,LKCMB,Colombo,MAPTM,Tanger,1,1,"Maersk Line; MSC",2,15,16113.6,688.8666666666667,15150,18270,21,21,21,{21}
2024-12-29,LKCMB,Colombo,MYPKG,"Port Klang",6,6,"BTL-Bengal Tiger Line; CMA CGM; COSCO; Emirates Shipping; Evergreen Line; Feedertech; Gold Star Line; Hyundai; KMTC; ONE; OOCL; RCL; Samudera; TS Lines; Unifeeder; X-Press; Yang Ming; ZIM",18,37,33974.114285714284,3689.7380952380954,4253,8586,4,4.5,6,"{6,5,4,4,6,4}"
2024-12-29,LKCMB,Colombo,MYTPP,"Tanjung Pelepas",3,3,"CMA CGM; CNC Line-Cheng Lie Navigation Co. Ltd.; COSCO; Evergreen Line; Maersk Line; MSC; OOCL; X-Press; ZIM",9,33,37169.315018315014,1832.1831501831502,3158,24000,4,5,6,"{5,6,4}"
2024-12-29,LKCMB,Colombo,OMSLL,Salalah,1,1,"Maersk Line; MSC; ZIM",3,13,8046.153846153846,614.7692307692307,7846,9662,5,5,5,{5}
2024-12-29,LKCMB,Colombo,PKKHI,Karachi,1,1,"COSCO; OOCL; Wan Hai",3,6,5521.5,434.3333333333333,5050,5688,4,4,4,{4}
2024-12-29,LKCMB,Colombo,PTSIE,Sines,1,1,MSC,1,14,13646.142857142857,814.2857142857143,12400,16520,26,26,26,{26}
2024-12-29,LKCMB,Colombo,SGSIN,Singapore,10,10,"CMA CGM; CNC Line-Cheng Lie Navigation Co. Ltd.; COSCO; Evergreen Line; Gold Star Line; Maersk Line; MSC; ONE; OOCL; PIL; Samudera; X-Press; Yang Ming; ZIM",14,82,74119.35006105006,6704.334798534798,1730,19224,4,5,7,"{4,4,4,5,7,6,5,5,4,6}"
2024-12-29,LKCMB,Colombo,TGLFW,Lome,1,1,MSC,1,10,5005.3,198.8,3607,6456,12,12,12,{12}
2024-12-29,LKCMB,Colombo,USNYC,"New York NY/NJ",2,2,"APL; CMA CGM; COSCO; Hapag-Lloyd; OOCL; Wan Hai",6,25,22138.69230769231,1203.1153846153848,8004,13806,27,28,29,"{29,27}"
2024-12-29,LKCMB,Colombo,ZADUR,Durban,1,1,"Hapag-Lloyd; ONE",2,11,4033.6363636363635,325.45454545454544,2742,4253,11,11,11,{11}
2024-12-29,LRMLW,Monrovia,CISPY,"San Pedro, Ivory Coast",2,2,"Arkas Line; CMA CGM; Hapag-Lloyd",3,8,4215.5,867.25,1118,2556,1,3,5,"{1,5}"
2024-12-29,LTKLJ,"Klaipeda
",BEANR,Antwerp,2,2,MSC,1,4,4175,527.5,1800,2800,3,3.5,4,"{3,4}"
2024-12-29,LTKLJ,"Klaipeda
",DEBRV,Bremerhaven,1,1,MSC,1,21,14385.666666666666,932.4761904761905,8772,19224,2,2,2,{2}
2024-12-29,LTKLJ,"Klaipeda
",DEHAM,Hamburg,1,1,"COSCO; Yang Ming",2,1,1296,390,1296,1296,2,2,2,{2}
2024-12-29,LTKLJ,"Klaipeda
",FIKTK,Kotka,2,2,"CMA CGM; COSCO; MSC; OOCL",4,4,3042,702.5,1221,1719,1,1,1,"{1,1}"
2024-12-29,LTKLJ,"Klaipeda
",LVRIX,Riga,1,1,"Evergreen Line; ONE; X-Press; Yang Ming",4,2,1217,175,1170,1264,1,1,1,{1}
2024-12-29,LTKLJ,"Klaipeda
",PLGDN,Gdansk,3,2,"CMA CGM; COSCO; OOCL; Unifeeder",4,9,3836,744,1036,1400,1,1,1,"{1,1,1}"
2024-12-29,LTKLJ,"Klaipeda
",PLGDY,"Gdynia Poland",1,1,Hapag-Lloyd,1,1,2035.4285714285713,285.7142857142857,1781,1781,1,1,1,{1}
2024-12-29,LTKLJ,"Klaipeda
",SEAHU,Ahus,1,1,MSC,1,2,1026,197.5,956,1096,1,1,1,{1}
2024-12-29,LTKLJ,"Klaipeda
",SENRK,Norrköping,1,1,"CMA CGM",1,2,2126,650,2126,2126,3,3,3,{3}
2024-12-29,LTKLJ,"Klaipeda
",SESTO,Stockholm,1,1,"CMA CGM; COSCO; Evergreen Line; Hapag-Lloyd; OOCL; Unifeeder",6,5,1031.6,249.6,1025,1036,2,2,2,{2}
2024-12-29,LVRIX,Riga,BEANR,Antwerp,1,1,MSC,1,2,3005,50,3005,3005,4,4,4,{4}
2024-12-29,LVRIX,Riga,DEBRV,Bremerhaven,1,1,"CMA CGM; COSCO; Evergreen Line; Hapag-Lloyd; OOCL; Unifeeder",6,5,1031.6,249.6,1025,1036,2,2,2,{2}
2024-12-29,LVRIX,Riga,DEWVN,Wilhelmshaven,1,1,"CMA CGM; COSCO; Evergreen Line; Hapag-Lloyd; Maersk Line; OOCL; Unifeeder",7,3,1307,126.66666666666667,1036,1578,4,4,4,{4}
2024-12-29,LVRIX,Riga,FIKTK,Kotka,1,1,"CMA CGM; COSCO; OOCL",3,2,1477,266.5,1380,1574,1,1,1,{1}
2024-12-29,LVRIX,Riga,GBTEE,Teesport,1,1,"CMA CGM",1,2,1400,372,1400,1400,3,3,3,{3}
2024-12-29,LVRIX,Riga,NLRTM,Rotterdam,1,1,"Evergreen Line; ONE; X-Press; Yang Ming",4,2,1217,175,1170,1264,6,6,6,{6}
2024-12-29,LYBEN,Bingazi,EGPSD,"Port Said",1,1,"Maersk Line; Unifeeder",2,1,2084.5714285714284,342.85714285714283,1216,1216,6,6,6,{6}
2024-12-29,LYBEN,Bingazi,LYKHM,Khoms,1,1,MSC,1,2,1348.5,256,957,1740,2,2,2,{2}
2024-12-29,LYKHM,Khoms,ITGIT,"Gioia Tauro",1,1,MSC,1,2,1348.5,256,957,1740,4,4,4,{4}
2024-12-29,LYMRA,Misurata,ESCAS,Castellon,1,1,Messina,1,3,9916.190476190475,685.7142857142857,1600,4406,3,3,3,{3}
2024-12-29,LYMRA,Misurata,LYTIP,Tripoli,1,1,MSC,1,1,957,252,957,957,0,0,0,{0}
2024-12-29,LYMRA,Misurata,MTMAR,"Malta (Marsaxlokk)",1,1,"CMA CGM",1,4,1866,352.25,1740,2190,1,1,1,{1}
2024-12-29,LYMRA,Misurata,TRALI,Aliaga,1,1,"CMA CGM",1,2,1302.5,285,1267,1338,3,3,3,{3}
2024-12-29,LYMRA,Misurata,TRISK,Iskenderun,1,1,Medkon,1,1,1304,,652,652,5,5,5,{5}
2024-12-29,LYTIP,Tripoli,ITGIT,"Gioia Tauro",1,1,MSC,1,1,957,252,957,957,1,1,1,{1}
2024-12-29,LYTIP,Tripoli,MTMAR,"Malta (Marsaxlokk)",1,1,"CMA CGM",1,4,1866,352.25,1740,2190,4,4,4,{4}
2024-12-29,LYTIP,Tripoli,TRIZM,Izmir,1,1,"CMA CGM",1,5,1478.4,339.6,1221,1841,4,4,4,{4}
2024-12-29,MAAGA,Agadir,ESALG,Algeciras,1,1,"CMA CGM; Hapag-Lloyd; Maersk Line; Marguisa; OOCL; X-Press",6,3,861.6666666666666,209.66666666666666,830,887,1,1,1,{1}
2024-12-29,MAAGA,Agadir,GBTIL,Tilbury,1,1,"CMA CGM",1,4,1685.5,382,1440,1800,4,4,4,{4}
2024-12-29,MAAGA,Agadir,MAPTM,Tanger,1,1,"CMA CGM",1,1,1036,250,1036,1036,2,2,2,{2}
2024-12-29,MAAGA,Agadir,NLRTM,Rotterdam,1,1,MSC,1,6,3036.3333333333335,250,2762,3430,5,5,5,{5}
2024-12-29,MAAGA,Agadir,PTSIE,Sines,1,1,"MSC; WEC Lines",2,2,868,234,868,868,2,2,2,{2}
2024-12-29,MACAS,Casablanca,ESALG,Algeciras,6,6,"APL; Arkas Line; CMA CGM; COSCO; Global Feeder Shipping; Maersk Line; Marguisa; ONE; X-Press; ZIM",10,19,8975.833333333332,1460.75,700,2741,1,1.5,4,"{1,2,1,1,4,2}"
2024-12-29,MACAS,Casablanca,ESBCN,Barcelona,2,2,"APL; Arkas Line; CMA CGM; Hapag-Lloyd; Maersk Line; Marguisa; X-Press; ZIM",8,8,3460,521.7333333333333,700,2954,2,2.5,3,"{3,2}"
2024-12-29,MACAS,Casablanca,ESLPA,"Las Palmas, Can Is",1,1,MSC,1,6,3036.3333333333335,250,2762,3430,2,2,2,{2}
2024-12-29,MACAS,Casablanca,ESSCT,Tenerife,1,1,"Grimaldi Lines",1,6,1768.6666666666667,,612,2000,1,1,1,{1}
2024-12-29,MACAS,Casablanca,ESVLC,Valencia,2,2,"Arkas Line; Global Feeder Shipping; ONE; ZIM",4,5,2156.333333333333,292.5,868,1440,2,2.5,3,"{3,2}"
2024-12-29,MACAS,Casablanca,FRMRS,"Marseilles-Fos (Marseilles)",1,1,"Arkas Line; CMA CGM",2,1,296,54,296,296,3,3,3,{3}
2024-12-29,MACAS,Casablanca,GIGIB,Gibraltar,1,1,"CMA CGM",1,3,861.3333333333334,194.66666666666666,809,907,0,0,0,{0}
2024-12-29,MACAS,Casablanca,ITSPE,"La Spezia",1,1,MSC,1,2,4318,600,4132,4504,3,3,3,{3}
2024-12-29,MACAS,Casablanca,MAAGA,Agadir,2,2,"CMA CGM",1,5,2721.5,632,1036,1800,1,1,1,"{1,1}"
2024-12-29,MACAS,Casablanca,MAPTM,Tanger,3,3,"CMA CGM; Maersk Line; X-Press",3,8,6295.428571428572,810.4285714285714,868,4506,0,1,2,"{0,1,2}"
2024-12-29,MACAS,Casablanca,PTFDF,"Figueira da Foz",1,1,"MSC; WEC Lines",2,1,624,80,624,624,2,2,2,{2}
2024-12-29,MACAS,Casablanca,PTLEI,Leixoes,2,2,"APL; Arkas Line; CMA CGM; Maersk Line; Marguisa; Messina; Tarros; X-Press; ZIM",9,9,2289.833333333333,290,700,1930,1,1.5,2,"{1,2}"
2024-12-29,MACAS,Casablanca,PTLIS,Lisbon,1,1,"COSCO; OOCL; Yang Ming",3,6,4901.5,468.6666666666667,4051,5618,1,1,1,{1}
2024-12-29,MACAS,Casablanca,PTSIE,Sines,2,2,MSC,1,9,2500.6666666666665,187.66666666666666,957,1484,1,1,1,"{1,1}"
2024-12-29,MACAS,Casablanca,SNDKR,Dakar,1,1,"Grimaldi Lines",1,4,3092.1428571428573,,1318,1568,3,3,3,{3}
2024-12-29,MAPTM,Tanger,AEAUH,"Abu Dhabi",1,1,"Maersk Line; MSC",2,15,16113.6,688.8666666666667,15150,18270,24,24,24,{24}
2024-12-29,MAPTM,Tanger,AEJEA,"Dubai, Jebel Ali",1,1,"CMA CGM; COSCO; Hapag-Lloyd; ONE; OOCL",5,12,9361.083333333334,757.5,8626,10100,27,27,27,{27}
2024-12-29,MAPTM,Tanger,BRSSA,Salvador,1,1,"CMA CGM; Maersk Line; Marguisa",3,6,9075,1500,8704,10034,10,10,10,{10}
2024-12-29,MAPTM,Tanger,BRSSZ,Santos,1,1,"CMA CGM; Maersk Line",2,9,10022,1422.2222222222222,9669,12846,14,14,14,{14}
2024-12-29,MAPTM,Tanger,CIABJ,Abidjan,1,1,"Maersk Line",1,3,4559.333333333333,383.3333333333333,4496,4650,8,8,8,{8}
2024-12-29,MAPTM,Tanger,EGPSD,"Port Said",2,2,"Maersk Line",1,15,13232.75,2361.5,4250,9962,6,6,6,"{6,6}"
2024-12-29,MAPTM,Tanger,ESALG,Algeciras,11,9,"CMA CGM; Maersk Line; Marguisa; X-Press",4,68,49855.41666666667,7094.849999999999,868,10500,0,1,4,"{4,4,2,1,0,1,1,0,1,1,1}"
2024-12-29,MAPTM,Tanger,ESGIJ,Gijon,1,1,"CMA CGM; Hapag-Lloyd; Maersk Line; Marguisa; OOCL; X-Press",6,3,861.6666666666666,209.66666666666666,830,887,3,3,3,{3}
2024-12-29,MAPTM,Tanger,ESVGO,Vigo,2,2,"Arkas Line; CMA CGM; Global Feeder Shipping; Hapag-Lloyd; ZIM",5,10,5578.333333333333,936.8571428571429,868,4664,2,3,4,"{2,4}"
2024-12-29,MAPTM,Tanger,ESVLC,Valencia,3,3,"Arkas Line; CMA CGM; Hapag-Lloyd; Maersk Line; MSC; OOCL",6,17,14321.571428571428,1457.4285714285716,2442,9200,1,1,3,"{1,3,1}"
2024-12-29,MAPTM,Tanger,FRDKK,Dunkirk,1,1,"CMA CGM; CNC Line-Cheng Lie Navigation Co. Ltd.; COSCO; Evergreen Line; OOCL",5,15,17522.066666666666,1158,17292,17859,4,4,4,{4}
2024-12-29,MAPTM,Tanger,FRMTX,Montoir,1,1,"CMA CGM; ONE",2,6,4290.666666666667,500,4250,4363,4,4,4,{4}
2024-12-29,MAPTM,Tanger,GBFXT,Felixstowe,2,2,"CMA CGM; Maersk Line; MSC; ONE",4,21,21817.6,1150.8666666666668,5089,18270,3,4,5,"{3,5}"
2024-12-29,MAPTM,Tanger,GBLGP,"London Gateway",1,1,"CMA CGM; Maersk Line",2,9,10022,1422.2222222222222,9669,12846,3,3,3,{3}
2024-12-29,MAPTM,Tanger,GBSOU,Southampton,2,2,"CMA CGM; COSCO; Hapag-Lloyd; Hyundai; ONE; OOCL; Yang Ming",7,28,30168.94871794872,1927.1794871794868,9448,20150,4,4,4,"{4,4}"
2024-12-29,MAPTM,Tanger,GMBJL,Banjul,1,1,"Maersk Line",1,6,372.8333333333333,36.666666666666664,373,1118,24,24,24,{24}
2024-12-29,MAPTM,Tanger,HKHKG,"Hong Kong",1,1,"Maersk Line; MSC",2,14,16070.57142857143,1344.5,13800,24116,32,32,32,{32}
2024-12-29,MAPTM,Tanger,ITCAG,Cagliari,1,1,"Maersk Line; X-Press",2,1,862,234,862,862,2,2,2,{2}
2024-12-29,MAPTM,Tanger,ITSAL,Salerno,1,1,"Arkas Line; CMA CGM; Hapag-Lloyd",3,7,4329,742.8571428571429,3832,4664,5,5,5,{5}
2024-12-29,MAPTM,Tanger,ITVDL,"Vado Ligure",1,1,"Maersk Line; X-Press",2,2,1170,254,1036,1304,3,3,3,{3}
2024-12-29,MAPTM,Tanger,MACAS,Casablanca,9,7,"APL; Arkas Line; CMA CGM; Global Feeder Shipping; Hapag-Lloyd; Maersk Line; Marguisa; ONE; X-Press; ZIM",10,24,12010.833333333332,1778.0666666666666,700,2954,0,1,2,"{2,0,1,0,1,1,1,1,1}"
2024-12-29,MAPTM,Tanger,MQFDF,Fort-de-France,1,1,"APL; CMA CGM; COSCO; Marfret",4,9,6829.555555555556,1431.7777777777778,6014,7327,10,10,10,{10}
2024-12-29,MAPTM,Tanger,MRNKC,Nouakchott,3,3,"Arkas Line; CMA CGM; Hapag-Lloyd; Maersk Line",4,12,4387.25,907.75,862,2268,2,6,7,"{7,6,2}"
2024-12-29,MAPTM,Tanger,NLRTM,Rotterdam,2,2,"CMA CGM; COSCO; Hapag-Lloyd; MSC; ONE; OOCL",6,22,19129.583333333336,2102.2,8626,12119,4,8.5,13,"{13,4}"
2024-12-29,MAPTM,Tanger,OMSLL,Salalah,2,2,"APL; CMA CGM; Maersk Line",3,26,15888.416666666666,1519.9404761904761,6188,10500,24,24,24,"{24,24}"
2024-12-29,MAPTM,Tanger,PTLIS,Lisbon,1,1,"Hapag-Lloyd; ZIM",2,7,1580.5714285714287,235.71428571428572,2742,2798,1,1,1,{1}
2024-12-29,MAPTM,Tanger,SGSIN,Singapore,3,3,"Hapag-Lloyd; Hyundai; Maersk Line; MSC; ONE; Yang Ming",6,48,55391.875,2749.875,13082,23964,27,27,29,"{27,29,27}"
2024-12-29,MAPTM,Tanger,SLFNA,Freetown,2,2,"CMA CGM; Maersk Line",2,7,6074.333333333334,1009.1666666666666,2468,3600,5,6.5,8,"{8,5}"
2024-12-29,MAPTM,Tanger,SNDKR,Dakar,1,1,"Maersk Line",1,2,1229.5,334.5,1118,1341,6,6,6,{6}
2024-12-29,MAPTM,Tanger,TGLFW,Lome,1,1,"APL; CMA CGM; Marguisa; Naviera DAL",4,6,3258.6666666666665,424.8333333333333,3091,3600,10,10,10,{10}
2024-12-29,MAPTM,Tanger,TRMER,Mersin,1,1,"Arkas Line; Hapag-Lloyd; Turkon",3,7,2214.4285714285716,438.85714285714283,1878,2826,10,10,10,{10}
2024-12-29,MAPTM,Tanger,USNYC,"New York NY/NJ",1,1,"APL; CMA CGM; Maersk Line",3,14,6429,544.8571428571429,6188,6802,9,9,9,{9}
2024-12-29,MEBAR,Bar,GRPIR,Piraeus,1,1,"CMA CGM; COSCO; Evergreen Line; Hapag-Lloyd; Maersk Line; X-Press",6,1,700,60,700,700,1,1,1,{1}
2024-12-29,MEBAR,Bar,ITTAR,Taranto,1,1,"CMA CGM",1,5,1478.4,339.6,1221,1841,1,1,1,{1}
2024-12-29,MFGES,Galisbay,GPPTP,Pointe-a-Pitre,1,1,Marfret,1,1,228,,228,228,2,2,2,{2}
2024-12-29,MFGES,Galisbay,GPSBH,"St Barthelemy",1,1,Marfret,1,1,500,125,500,500,1,1,1,{1}
2024-12-29,MGTOA,Tamatave/Toamasina,KEMBA,Mombasa,1,1,"CMA CGM",1,7,1730.2857142857142,287.85714285714283,1638,1858,6,6,6,{6}
2024-12-29,MGTOA,Tamatave/Toamasina,MZMPM,Maputo,1,1,PIL,1,7,2435.285714285714,210,1808,3081,3,3,3,{3}
2024-12-29,MGTOA,Tamatave/Toamasina,SCPOV,"Seychelles Is., Port Victoria",1,1,"Maersk Line",1,4,2469,475,2450,2478,5,5,5,{5}
2024-12-29,MHMAJ,Majuro,FMKSA,Kosrae,1,1,"COSCO; MELL; NPDL; PIL",4,3,2160,400,1080,1080,2,2,2,{2}
2024-12-29,MHMAJ,Majuro,KITRW,Tarawa,1,1,"Kyowa; ONE; Swire Shipping",3,4,3963.214285714286,,1617,2082,1,1,1,{1}
2024-12-29,MMRGN,Yangon,MYTPP,"Tanjung Pelepas",1,1,"Maersk Line",1,8,1740.25,375,1713,1800,4,4,4,{4}
2024-12-29,MPSPN,Saipan,FMYAP,Yap,1,1,"MELL; PIL",2,2,1554,200,777,777,3,3,3,{3}
2024-12-29,MPSPN,Saipan,KRPUS,Busan,1,1,"APL; CMA CGM; Swire Shipping",3,2,1711.5,351,1691,1732,4,4,4,{4}
2024-12-29,MQFDF,Fort-de-France,DMRSU,Roseau,1,1,"CMA CGM",1,3,773.3333333333334,164,677,966,1,1,1,{1}
2024-12-29,MQFDF,Fort-de-France,FRLRH,"La Rochelle",1,1,Soreidom,1,1,591.4285714285714,,138,138,7,7,7,{7}
2024-12-29,MQFDF,Fort-de-France,GPPTP,Pointe-a-Pitre,2,2,"APL; CMA CGM; COSCO; Marfret",4,15,10513.888888888889,2231.777777777778,3504,7327,1,1,1,"{1,1}"
2024-12-29,MQFDF,Fort-de-France,GPSBH,"St Barthelemy",1,1,Marfret,1,1,228,,228,228,2,2,2,{2}
2024-12-29,MQFDF,Fort-de-France,GYGEO,"Georgetown, Guyana",1,1,"Europe Caribbean Line; Seatrade",2,7,331.85714285714283,86.28571428571429,72,439,4,4,4,{4}
2024-12-29,MQFDF,Fort-de-France,JMKIN,Kingston,1,1,"CMA CGM; Marfret",2,6,3684.3333333333335,800,3504,4045,4,4,4,{4}
2024-12-29,MRNDB,Nouadhibou,ESLPA,"Las Palmas, Can Is",1,1,"CMA CGM",1,4,1594,312.75,1350,1714,2,2,2,{2}
2024-12-29,MRNDB,Nouadhibou,MRNKC,Nouakchott,1,1,"Maersk Line",1,4,1078.75,220.25,862,1740,5,5,5,{5}
2024-12-29,MRNKC,Nouakchott,ESALG,Algeciras,1,1,"Maersk Line",1,4,1078.75,220.25,862,1740,7,7,7,{7}
2024-12-29,MRNKC,Nouakchott,GNCKY,Conakry,1,1,"Arkas Line; Hapag-Lloyd",2,4,1714.5,374.75,1118,2268,2,2,2,{2}
2024-12-29,MRNKC,Nouakchott,MRNDB,Nouadhibou,1,1,"Maersk Line",1,4,1078.75,220.25,862,1740,4,4,4,{4}
2024-12-29,MRNKC,Nouakchott,SNDKR,Dakar,1,1,"CMA CGM",1,4,1594,312.75,1350,1714,1,1,1,{1}
2024-12-29,MTMAR,"Malta (Marsaxlokk)",DZALG,Algiers,1,1,"CMA CGM",1,4,2278.5,537.5,2126,2468,12,12,12,{12}
2024-12-29,MTMAR,"Malta (Marsaxlokk)",DZSKI,Skikda,1,1,"CMA CGM",1,1,1000,,1000,1000,3,3,3,{3}
2024-12-29,MTMAR,"Malta (Marsaxlokk)",EGALY,Alexandria,2,2,"CMA CGM; MSC; ONE",3,10,15941.5,1545.25,5089,16000,3,3,3,"{3,3}"
2024-12-29,MTMAR,"Malta (Marsaxlokk)",ESVLC,Valencia,1,1,"CMA CGM",1,6,3373.4285714285716,426.42857142857144,3450,4506,2,2,2,{2}
2024-12-29,MTMAR,"Malta (Marsaxlokk)",GRPIR,Piraeus,2,2,"CMA CGM; ONE",2,12,7664.0952380952385,926.4285714285714,3450,4506,3,3,3,"{3,3}"
2024-12-29,MTMAR,"Malta (Marsaxlokk)",GRSKG,Thessaloniki,1,1,"CMA CGM",1,4,1866,352.25,1740,2190,3,3,3,{3}
2024-12-29,MTMAR,"Malta (Marsaxlokk)",ITAOI,Ancona,1,1,"CMA CGM",1,5,1478.4,339.6,1221,1841,2,2,2,{2}
2024-12-29,MTMAR,"Malta (Marsaxlokk)",ITGOA,Genoa,1,1,"CMA CGM; COSCO; Hapag-Lloyd; OOCL",4,12,8546.75,877.5,7179,10100,2,2,2,{2}
2024-12-29,MTMAR,"Malta (Marsaxlokk)",ITLIV,Leghorn,1,1,"APL; CMA CGM; COSCO; Marfret",4,9,6829.555555555556,1431.7777777777778,6014,7327,1,1,1,{1}
2024-12-29,MTMAR,"Malta (Marsaxlokk)",ITSAL,Salerno,1,1,"CMA CGM",1,4,1733.5,294.75,1604,1809,1,1,1,{1}
2024-12-29,MTMAR,"Malta (Marsaxlokk)",LBBEY,Beirut,1,1,"CMA CGM",1,5,3065,305.6,2339,3430,4,4,4,{4}
2024-12-29,MTMAR,"Malta (Marsaxlokk)",LYMRA,Misurata,1,1,"CMA CGM",1,4,1866,352.25,1740,2190,0,0,0,{0}
2024-12-29,MTMAR,"Malta (Marsaxlokk)",LYTIP,Tripoli,1,1,"CMA CGM",1,5,1478.4,339.6,1221,1841,2,2,2,{2}
2024-12-29,MTMAR,"Malta (Marsaxlokk)",MAPTM,Tanger,2,2,"CMA CGM; ONE",2,11,8769,767.6,2339,6612,3,3.5,4,"{4,3}"
2024-12-29,MTMAR,"Malta (Marsaxlokk)",MYPKG,"Port Klang",1,1,"APL; CMA CGM; CNC Line-Cheng Lie Navigation Co. Ltd.; COSCO; Evergreen Line; OOCL",6,15,15338.133333333333,1066.6666666666667,15254,16020,36,36,36,{36}
2024-12-29,MTMAR,"Malta (Marsaxlokk)",SIKOP,Koper,1,1,MSC,1,2,1477,346,1296,1658,3,3,3,{3}
2024-12-29,MTMAR,"Malta (Marsaxlokk)",TNTUN,Tunis,1,1,MSC,1,1,800,100,800,800,1,1,1,{1}
2024-12-29,MTMAR,"Malta (Marsaxlokk)",TRMER,Mersin,1,1,MSC,1,3,1484,,1484,1484,4,4,4,{4}
2024-12-29,MUPLU,"Port Louis",AEAUH,"Abu Dhabi",1,1,MSC,1,10,5005.3,198.8,3607,6456,9,9,9,{9}
2024-12-29,MUPLU,"Port Louis",AUSYD,Sydney,1,1,"ANL; APL; CMA CGM; MSC",4,17,8897.117647058823,798.8235294117648,8269,9572,13,13,13,{13}
2024-12-29,MUPLU,"Port Louis",LKCMB,Colombo,1,1,MSC,1,9,7435.2222222222235,652.6666666666666,5364,8814,6,6,6,{6}
2024-12-29,MUPLU,"Port Louis",MGTOA,Tamatave/Toamasina,2,2,"Maersk Line; PIL",2,11,4904.285714285714,685,1808,3081,3,3,3,"{3,3}"
2024-12-29,MUPLU,"Port Louis",RELPT,"Le Port RE",1,1,MSC,1,13,8063.076923076923,317.92307692307685,6492,9200,0,0,0,{0}
2024-12-29,MUPLU,"Port Louis",REPDG,"Reunion Island",1,1,"CMA CGM",1,7,1730.2857142857142,287.85714285714283,1638,1858,1,1,1,{1}
2024-12-29,MUPLU,"Port Louis",SGSIN,Singapore,1,1,"CMA CGM; Maersk Line",2,7,3851.4285714285716,517.1428571428571,3650,4431,9,9,9,{9}
2024-12-29,MUPLU,"Port Louis",ZADUR,Durban,1,1,"CMA CGM; CNC Line-Cheng Lie Navigation Co. Ltd.; Maersk Line",3,9,7243.666666666667,1023.3333333333334,5754,10034,4,4,4,{4}
2024-12-29,MUPLU,"Port Louis",ZAZBA,"Ngqura (Coega)",1,1,MSC,1,9,7435.2222222222235,652.6666666666666,5364,8814,6,6,6,{6}
2024-12-29,MVMLE,Male,SCPOV,"Seychelles Is., Port Victoria",1,1,"CMA CGM; ONE; OOCL; X-Press",4,7,2632.5714285714284,438.57142857142856,2207,3635,7,7,7,{7}
2024-12-29,MXATM,Altamira,BEANR,Antwerp,1,1,MSC,1,5,4786.2,520,4250,5059,16,16,16,{16}
2024-12-29,MXATM,Altamira,BZBGK,"Big Creek",1,1,"Maersk Line",1,7,2566.8571428571427,501.42857142857144,2506,2602,5,5,5,{5}
2024-12-29,MXATM,Altamira,JMKIN,Kingston,1,1,"CMA CGM",1,3,1269,183.33333333333334,1200,1338,5,5,5,{5}
2024-12-29,MXATM,Altamira,MXPGO,Progreso,1,1,MSC,1,6,2728.1666666666665,387,2468,3426,2,2,2,{2}
2024-12-29,MXATM,Altamira,MXVER,Veracruz,2,2,"COSCO; Hapag-Lloyd; Seaboard Marine; X-Press; ZIM",5,6,3122.666666666667,570.6666666666667,1061,2566,1,1.5,2,"{1,2}"
2024-12-29,MXATM,Altamira,USHOU,"Houston TX",6,6,"APL; CMA CGM; COSCO; Evergreen Line; Hapag-Lloyd; Maersk Line; MSC; ONE; OOCL; ZIM",10,46,37231.968253968254,3250.1746031746034,4532,9200,1,2,2,"{2,1,2,2,1,2}"
2024-12-29,MXATM,Altamira,USMSY,"New Orleans LA",2,2,"Maersk Line; MSC; Stinnes",3,10,8914.047619047618,800.8571428571429,771,6572,2,2,2,"{2,2}"
2024-12-29,MXESE,Ensenada,COBUN,Buenaventura,1,1,"APL; CMA CGM; CNC Line-Cheng Lie Navigation Co. Ltd.; COSCO; Evergreen Line; OOCL",6,10,11916.4,1094.3,6350,16020,11,11,11,{11}
2024-12-29,MXESE,Ensenada,JPYOK,Yokohama,2,2,"APL; CMA CGM; COSCO; Evergreen Line; Hapag-Lloyd; Hyundai; MSC; ONE; OOCL; Wan Hai",10,25,19701.73717948718,1761.794871794872,8468,13280,13,15,17,"{13,17}"
2024-12-29,MXESE,Ensenada,MXZLO,"Manzanillo, MEX",2,2,"APL; CMA CGM; COSCO; Evergreen Line; Hapag-Lloyd; Hyundai; MSC; ONE; OOCL; Wan Hai",10,25,19701.73717948718,1761.794871794872,8468,13280,3,3.5,4,"{3,4}"
2024-12-29,MXLZC,"Lazaro Cardenas",CNSHA,Shanghai,1,1,"Hyundai; ONE",2,3,8978,485.3333333333333,4250,4728,18,18,18,{18}
2024-12-29,MXLZC,"Lazaro Cardenas",COCTG,Cartagena,1,1,ZIM,1,12,7253.083333333333,250,7000,7928,3,3,3,{3}
2024-12-29,MXLZC,"Lazaro Cardenas",GTPRQ,"Puerto Quetzal",3,3,"COSCO; Evergreen Line; Hapag-Lloyd; ONE; PIL; Wan Hai; Yang Ming",7,25,19417.263636363634,1153.1818181818182,2586,14000,2,2,3,"{3,2,2}"
2024-12-29,MXLZC,"Lazaro Cardenas",JPYOK,Yokohama,1,1,"Hapag-Lloyd; Hyundai; MSC; ONE",4,14,15069.285714285714,1238.0714285714287,10100,16520,19,19,19,{19}
2024-12-29,MXLZC,"Lazaro Cardenas",MXZLO,"Manzanillo, MEX",5,4,"APL; CMA CGM; COSCO; Evergreen Line; Hapag-Lloyd; Hyundai; Maersk Line; MSC; ONE; OOCL",10,42,42978.403846153844,3629.9615384615386,2339,15226,1,1,2,"{2,1,1,1,2}"
2024-12-29,MXLZC,"Lazaro Cardenas",PAROD,Rodman,2,2,"Hapag-Lloyd; Hyundai; MSC; ONE",4,28,24308.071428571428,1965.6428571428573,8772,16520,4,5.5,7,"{7,4}"
2024-12-29,MXLZC,"Lazaro Cardenas",PECLL,Callao,2,2,"APL; CMA CGM; COSCO; Evergreen Line; Hapag-Lloyd; Hyundai; MSC; ONE; OOCL; Wan Hai",10,24,21786.083333333336,2037.75,8468,13312,3,4.5,6,"{6,3}"
2024-12-29,MXLZC,"Lazaro Cardenas",SVAQJ,Acajutla,2,2,"APL; CMA CGM; Maersk Line; ONE",4,4,4808,1000,1131,2546,2,2.5,3,"{2,3}"
2024-12-29,MXLZC,"Lazaro Cardenas",USNTD,"Port Hueneme CA",1,1,"APL; CMA CGM; Maersk Line; MSC",4,5,3500,700,3500,3500,3,3,3,{3}
2024-12-29,MXPGO,Progreso,BSFPO,Freeport,1,1,MSC,1,6,2728.1666666666665,387,2468,3426,3,3,3,{3}
2024-12-29,MXPGO,Progreso,CRMOB,Moin,1,1,"Maersk Line",1,7,2594.285714285714,575.7142857142857,2530,2872,5,5,5,{5}
2024-12-29,MXPGO,Progreso,MXVER,Veracruz,1,1,"CMA CGM",1,3,1269,183.33333333333334,1200,1338,2,2,2,{2}
2024-12-29,MXPGO,Progreso,USPFN,"Panama City FL",1,1,"Linea Peninsular",1,1,366,40,366,366,3,3,3,{3}
2024-12-29,MXPMS,"Puerto Morelos",USPEF,"Port Everglades FL",1,1,"Hyde Shipping Corp.; Seaboard Marine",2,1,340,,340,340,3,3,3,{3}
2024-12-29,MXTUX,Tuxpan,USPME,"Port Manatee FL",1,1,"World Direct Shipping-WDS",1,1,1856,385,1856,1856,4,4,4,{4}
2024-12-29,MXVER,Veracruz,GTPBR,"Puerto Barrios",1,1,Hapag-Lloyd,1,3,2029,346.6666666666667,1740,2566,6,6,6,{6}
2024-12-29,MXVER,Veracruz,JMKIN,Kingston,1,1,"COSCO; Seaboard Marine; X-Press; ZIM",4,3,1093.6666666666667,224,1061,1118,6,6,6,{6}
2024-12-29,MXVER,Veracruz,MXATM,Altamira,11,11,"APL; CMA CGM; COSCO; Evergreen Line; Hapag-Lloyd; Maersk Line; MSC; ONE; OOCL; Stinnes; ZIM",11,70,51775.239682539686,5049.936507936508,771,9200,0,1,3,"{1,1,1,1,1,3,1,2,1,0,1}"
2024-12-29,MXVER,Veracruz,MXPGO,Progreso,1,1,"Maersk Line",1,7,2594.285714285714,575.7142857142857,2530,2872,2,2,2,{2}
2024-12-29,MXVER,Veracruz,USHOU,"Houston TX",1,1,"CMA CGM; COSCO; Maersk Line",3,8,6282.5,587.5,5576,6750,3,3,3,{3}
2024-12-29,MXZLO,"Manzanillo, MEX",CNSHA,Shanghai,1,1,"Maersk Line",1,10,13309,660,12846,15226,21,21,21,{21}
2024-12-29,MXZLO,"Manzanillo, MEX",GTPRQ,"Puerto Quetzal",3,3,"APL; CMA CGM; COSCO; Evergreen Line; Hapag-Lloyd; Hyundai; Maersk Line; MSC; ONE; OOCL",10,22,16360.403846153846,2309.9615384615386,2339,13280,2,3,3,"{2,3,3}"
2024-12-29,MXZLO,"Manzanillo, MEX",KRPUS,Busan,1,1,"COSCO; Evergreen Line; PIL; Wan Hai; Yang Ming",5,11,10910.363636363636,320.1818181818182,6350,14000,21,21,21,{21}
2024-12-29,MXZLO,"Manzanillo, MEX",MXESE,Ensenada,2,2,"APL; CMA CGM; COSCO; Evergreen Line; Hapag-Lloyd; Hyundai; MSC; ONE; OOCL; Wan Hai",10,25,19701.73717948718,1761.794871794872,8468,13280,3,3,3,"{3,3}"
2024-12-29,MXZLO,"Manzanillo, MEX",MXLZC,"Lazaro Cardenas",7,6,"APL; CMA CGM; COSCO; Evergreen Line; Hapag-Lloyd; Hyundai; MSC; ONE; OOCL; PIL; Wan Hai; Yang Ming",12,77,71341.91839826839,5667.074675324675,2586,16520,0,1,2,"{1,1,2,1,2,0,0}"
2024-12-29,MXZLO,"Manzanillo, MEX",PABLB,Balboa,3,3,"APL; CMA CGM; CNC Line-Cheng Lie Navigation Co. Ltd.; COSCO; Evergreen Line; Hapag-Lloyd; Maersk Line; OOCL; PIL; Wan Hai",10,33,32842.44696969697,2307.5454545454545,8452,15226,4,5,6,"{5,4,6}"
2024-12-29,MXZLO,"Manzanillo, MEX",USLAX,"Los Angeles CA",2,2,"Hapag-Lloyd; MSC; ONE",3,18,11883.285714285714,1152.5714285714284,2586,12119,2,2.5,3,"{2,3}"
2024-12-29,MYBKI,"Kota Kinabalu, Sabah",BNMUA,"Muara Port",1,1,"Evergreen Line",1,2,1618,170,1618,1618,1,1,1,{1}
2024-12-29,MYBKI,"Kota Kinabalu, Sabah",TWKHH,Kaohsiung,1,1,"Maersk Line",1,3,1777.3333333333333,306.3333333333333,1740,1798,5,5,5,{5}
2024-12-29,MYBTU,"Bintulu, Sarawak",BNMUA,"Muara Port",1,1,"Maersk Line",1,3,1777.3333333333333,306.3333333333333,1740,1798,1,1,1,{1}
2024-12-29,MYBTU,"Bintulu, Sarawak",TWKHH,Kaohsiung,1,1,"Evergreen Line",1,2,1618,170,1618,1618,4,4,4,{4}
2024-12-29,MYKCH,"Kuching, Sarawak",CNSWA,Shantou,1,1,"Maersk Line",1,5,2795.6,376.8,2754,2806,5,5,5,{5}
2024-12-29,MYKUA,Kuantan,HKHKG,"Hong Kong",1,1,"Evergreen Line",1,4,2628,142.5,2476,2926,3,3,3,{3}
2024-12-29,MYKUA,Kuantan,MYTPP,"Tanjung Pelepas",1,1,"Maersk Line",1,4,2285,598,2208,2362,1,1,1,{1}
2024-12-29,MYPEN,Penang,MYKUA,Kuantan,1,1,"Evergreen Line",1,4,2628,142.5,2476,2926,2,2,2,{2}
2024-12-29,MYPEN,Penang,MYPGU,"Pasir Gudang, Johor",1,1,MSC,1,5,2981,487.2,2700,3534,1,1,1,{1}
2024-12-29,MYPEN,Penang,MYPKG,"Port Klang",3,3,"CMA CGM; CNC Line-Cheng Lie Navigation Co. Ltd.; COSCO; IAL-Interasia Lines; Wan Hai",5,14,11023.916666666668,1210.6666666666665,2646,4404,1,2,2,"{2,2,1}"
2024-12-29,MYPEN,Penang,MYTPP,"Tanjung Pelepas",1,1,"Evergreen Line",1,4,2805.5,258,2476,2926,1,1,1,{1}
2024-12-29,MYPEN,Penang,SGSIN,Singapore,1,1,"Heung-A; KMTC",2,4,2628,272.5,2540,2778,2,2,2,{2}
2024-12-29,MYPEN,Penang,VNSGN,"Ho Chi Minh (VICT/Cat Lai)",1,1,"IAL-Interasia Lines; Wan Hai",2,4,1967.5,275,1756,2038,4,4,4,{4}
2024-12-29,MYPGU,"Pasir Gudang, Johor",HKHKG,"Hong Kong",1,1,"CMA CGM; CNC Line-Cheng Lie Navigation Co. Ltd.; KMTC; SITC Shipping; TS Lines",5,4,2680.75,350.5,2400,2824,4,4,4,{4}
2024-12-29,MYPGU,"Pasir Gudang, Johor",MYPKG,"Port Klang",2,2,"Evergreen Line",1,8,5692,228.5,2476,3110,1,1.5,2,"{2,1}"
2024-12-29,MYPGU,"Pasir Gudang, Johor",SGSIN,Singapore,3,3,"IAL-Interasia Lines; MSC; Wan Hai",3,13,8672.5,964.2,2646,3534,0,1,1,"{1,0,1}"
2024-12-29,MYPGU,"Pasir Gudang, Johor",THLCH,"Laem Chabang",1,1,"KMTC; ONE; SITC Shipping; Yang Ming",4,4,2676,313.25,2433,2940,2,2,2,{2}
2024-12-29,MYPGU,"Pasir Gudang, Johor",TWKHH,Kaohsiung,2,2,"COSCO; Evergreen Line; IAL-Interasia Lines; KMTC; Wan Hai; Yang Ming",6,13,6892.976190476191,703.6666666666667,2910,4890,2,3.5,5,"{5,2}"
2024-12-29,MYPKG,"Port Klang",AEJEA,"Dubai, Jebel Ali",4,4,"COSCO; Emirates Shipping; Global Feeder Shipping; Hapag-Lloyd; Heung-A; Hyundai; Maersk Line; ONE; Sinokor; TS Lines; X-Press; Yang Ming",12,23,20245.438095238096,1951.8095238095239,2954,8002,6,9.5,10,"{10,9,6,10}"
2024-12-29,MYPKG,"Port Klang",AEKLF,"Khor Fakkan",1,1,"Emirates Shipping; Global Feeder Shipping; KMTC; PIL; RCL; TS Lines",6,8,5878.5,386.25,5878,8110,14,14,14,{14}
2024-12-29,MYPKG,"Port Klang",AUFRE,Fremantle,1,1,"COSCO; OOCL; PIL; Yang Ming",4,5,4736,495.6,4250,5642,7,7,7,{7}
2024-12-29,MYPKG,"Port Klang",BDCGP,Chittagong,9,9,"CMA CGM; CNC Line-Cheng Lie Navigation Co. Ltd.; COSCO; Maersk Line; ONE; OOCL; Samudera; SOL; X-Press; Yang Ming",10,26,23995.904761904763,3489.9904761904763,1512,2954,3,5,8,"{5,7,4,3,8,5,5,5,6}"
2024-12-29,MYPKG,"Port Klang",CNNSA,Nansha,3,3,"Asean Seas Line; CMA CGM; CNC Line-Cheng Lie Navigation Co. Ltd.; COSCO; OOCL; Yang Ming",6,10,10796.25,941.5,1182,5688,2,6,6,"{6,6,2}"
2024-12-29,MYPKG,"Port Klang",CNSHA,Shanghai,2,2,"APL; CMA CGM; CNC Line-Cheng Lie Navigation Co. Ltd.; COSCO; Emirates Shipping; Evergreen Line; KMTC; ONE; OOCL",9,20,19380.880952380954,1361.5238095238096,5527,14500,7,7.5,8,"{7,8}"
2024-12-29,MYPKG,"Port Klang",CNSHK,Shekou,2,2,"APL; CMA CGM; CNC Line-Cheng Lie Navigation Co. Ltd.; COSCO; Evergreen Line; Feedertech; Heung-A; IAL-Interasia Lines; OOCL; Sinokor; Wan Hai",11,17,15441.71212121212,1620.1818181818182,4268,11388,5,5.5,6,"{5,6}"
2024-12-29,MYPKG,"Port Klang",CNTAO,Qingdao,4,4,"APL; CMA CGM; CNC Line-Cheng Lie Navigation Co. Ltd.; COSCO; Evergreen Line; Hapag-Lloyd; IAL-Interasia Lines; ONE; OOCL; PIL; Wan Hai",11,42,59869.46666666667,4285.619047619048,2553,23112,7,7.5,14,"{14,8,7,7}"
2024-12-29,MYPKG,"Port Klang",HKHKG,"Hong Kong",3,3,"CMA CGM; CNC Line-Cheng Lie Navigation Co. Ltd.; COSCO; Emirates Shipping; Evergreen Line; KMTC; ONE; RCL; TS Lines; X-Press",10,16,14217.452380952382,1578.0238095238096,2468,7164,4,5,5,"{5,4,5}"
2024-12-29,MYPKG,"Port Klang",IDBLW,Belawan,1,1,"IAL-Interasia Lines; Wan Hai",2,5,3026.8,240,3013,3036,2,2,2,{2}
2024-12-29,MYPKG,"Port Klang",IDJKT,"Jakarta, Java",3,3,"ANL; CMA CGM; CNC Line-Cheng Lie Navigation Co. Ltd.; Wan Hai",4,6,23397.285714285714,3175.714285714286,1638,5095,2,3,3,"{2,3,3}"
2024-12-29,MYPKG,"Port Klang",INCCU,Kolkata,2,2,"Gold Star Line; RCL; X-Press",3,5,2432.5714285714284,288.2857142857143,1018,1779,5,6,7,"{5,7}"
2024-12-29,MYPKG,"Port Klang",INKAT,Kattupalli,1,1,"BTL-Bengal Tiger Line; COSCO; ONE; OOCL; RCL; Samudera; X-Press",7,4,3788.5,432.5,2732,5014,5,5,5,{5}
2024-12-29,MYPKG,"Port Klang",INMAA,Chennai/Madras,4,4,"BTL-Bengal Tiger Line; CMA CGM; COSCO; Evergreen Line; IAL-Interasia Lines; KMTC; ONE; OOCL; RCL; Samudera; TS Lines; Unifeeder; Wan Hai; X-Press",14,19,16713.133333333335,1556.3333333333333,2456,7092,3,4,5,"{5,4,4,3}"
2024-12-29,MYPKG,"Port Klang",INNSA,"Mumbai (Nhava Sheva)",10,10,"BTL-Bengal Tiger Line; CMA CGM; COSCO; CULines-China United Lines; Emirates Shipping; Evergreen Line; Feedertech; Global Feeder Shipping; Gold Star Line; Hapag-Lloyd; Heung-A; Hyundai; IAL-Interasia Lines; KMTC; ONE; OOCL; PIL; RCL; Samudera; Sinokor; TS Lines; Wan Hai; X-Press; Yang Ming; ZIM",25,66,61719.39999999999,5688.922510822511,2553,9592,4,6,9,"{5,6,6,7,9,4,7,6,6,7}"
2024-12-29,MYPKG,"Port Klang",INPAV,Pipavav,1,1,"CMA CGM; ONE; RCL; Samudera; X-Press",5,5,6078.4,710,5018,7164,6,6,6,{6}
2024-12-29,MYPKG,"Port Klang",KEMBA,Mombasa,2,2,"APL; CMA CGM; CNC Line-Cheng Lie Navigation Co. Ltd.; COSCO; Evergreen Line; Gold Star Line; Hapag-Lloyd; ONE; OOCL; PIL; X-Press; ZIM",12,14,7756,652.7142857142858,2796,5047,10,11,12,"{10,12}"
2024-12-29,MYPKG,"Port Klang",KRPUS,Busan,2,2,"CMA CGM; CNC Line-Cheng Lie Navigation Co. Ltd.; COSCO; Evergreen Line; Global Feeder Shipping; OOCL; Sinokor; TS Lines",8,21,22539.066666666666,1522,3359,17859,8,8,8,"{8,8}"
2024-12-29,MYPKG,"Port Klang",LKCMB,Colombo,4,4,"APL; CMA CGM; CNC Line-Cheng Lie Navigation Co. Ltd.; COSCO; Evergreen Line; Feedertech; Hapag-Lloyd; Hyundai; IAL-Interasia Lines; OOCL; Unifeeder; Wan Hai",12,40,28598.09420289855,2575.840579710145,4178,15536,3,4,5,"{4,3,5,4}"
2024-12-29,MYPKG,"Port Klang",MVMLE,Male,1,1,"CMA CGM; ONE; OOCL; X-Press",4,7,2632.5714285714284,438.57142857142856,2207,3635,5,5,5,{5}
2024-12-29,MYPKG,"Port Klang",MYPEN,Penang,7,7,"CMA CGM; CNC Line-Cheng Lie Navigation Co. Ltd.; COSCO; Evergreen Line; Heung-A; IAL-Interasia Lines; KMTC; Wan Hai",8,30,21052.916666666668,2158.6666666666665,1756,4404,0,1,2,"{2,0,1,1,1,1,2}"
2024-12-29,MYPKG,"Port Klang",MYPGU,"Pasir Gudang, Johor",4,4,"CMA CGM; CNC Line-Cheng Lie Navigation Co. Ltd.; IAL-Interasia Lines; KMTC; ONE; SITC Shipping; TS Lines; Wan Hai; Yang Ming",9,16,11048.25,1140.75,2400,3055,1,1,1,"{1,1,1,1}"
2024-12-29,MYPKG,"Port Klang",MYTPP,"Tanjung Pelepas",4,4,"ANL; CMA CGM; Evergreen Line; Hapag-Lloyd; Maersk Line; MSC; ONE",7,23,17240.171428571426,1949.6571428571428,2702,10622,1,1.5,2,"{2,1,2,1}"
2024-12-29,MYPKG,"Port Klang",NGAPP,Apapa,1,1,"COSCO; Gold Star Line; ONE; OOCL; ZIM",5,12,3495.4166666666665,437.0833333333333,2824,5071,23,23,23,{23}
2024-12-29,MYPKG,"Port Klang",PHMNL,Manila,1,1,"APL; CMA CGM; CNC Line-Cheng Lie Navigation Co. Ltd.; COSCO; Evergreen Line",5,4,2911,400,2782,2954,6,6,6,{6}
2024-12-29,MYPKG,"Port Klang",SGSIN,Singapore,34,34,"ANL; APL; BTL-Bengal Tiger Line; Carpenters Shipping; CMA CGM; CNC Line-Cheng Lie Navigation Co. Ltd.; COSCO; CULines-China United Lines; Emirates Shipping; Evergreen Line; Feedertech; Gold Star Line; Hapag-Lloyd; Hyundai; IAL-Interasia Lines; KMTC; MSC; ONE; OOCL; PIL; RCL; Samudera; Sinokor; SOL; Swire Shipping; TS Lines; Unifeeder; Wan Hai; X-Press; Yang Ming; ZIM",31,211,156116.2799171843,15295.777376246944,1061,15536,0,1,3,"{1,1,1,1,1,2,0,1,1,0,0,2,0,1,1,3,1,1,1,2,3,2,0,1,2,2,1,1,0,1,0,1,1,3}"
2024-12-29,MYPKG,"Port Klang",THLCH,"Laem Chabang",1,1,"COSCO; Evergreen Line; Feedertech; Hyundai; Unifeeder",5,6,5009.333333333333,518.3333333333334,4308,5652,5,5,5,{5}
2024-12-29,MYPKG,"Port Klang",VNDAD,"Da Nang",1,1,"CMA CGM; CNC Line-Cheng Lie Navigation Co. Ltd.",2,5,2101.2,416.4,1756,2822,5,5,5,{5}
2024-12-29,MYPKG,"Port Klang",VNHPH,Haiphong,2,2,"CMA CGM; CNC Line-Cheng Lie Navigation Co. Ltd.; COSCO; Evergreen Line; Maersk Line; OOCL",6,16,10570.025641025642,916.9230769230769,1577,10960,5,5,5,"{5,5}"
2024-12-29,MYPKG,"Port Klang",VNSGN,"Ho Chi Minh (VICT/Cat Lai)",5,5,"CMA CGM; CNC Line-Cheng Lie Navigation Co. Ltd.; COSCO; KMTC; Namsung; ONE; OOCL; PIL; Wan Hai; Yang Ming",10,22,11517.15,1472.1,1500,3055,2,3,5,"{3,3,2,5,3}"
2024-12-29,MYPKG,"Port Klang",VNVUT,"Cai Mep",2,2,"APL; CMA CGM; COSCO; Evergreen Line; IAL-Interasia Lines; ONE; OOCL; Wan Hai",8,17,17149.46153846154,615.3846153846154,3055,15372,2,2.5,3,"{2,3}"
2024-12-29,MYTPP,"Tanjung Pelepas",BDCGP,Chittagong,1,1,"Maersk Line",1,5,2810,213.6,2806,2822,3,3,3,{3}
2024-12-29,MYTPP,"Tanjung Pelepas",CNNGB,Ningbo,1,1,"Maersk Line; X-Press",2,6,4361.666666666667,570.6666666666666,3158,5100,8,8,8,{8}
2024-12-29,MYTPP,"Tanjung Pelepas",CNNSA,Nansha,1,1,"Evergreen Line",1,4,2805.5,258,2476,2926,5,5,5,{5}
2024-12-29,MYTPP,"Tanjung Pelepas",CNQZH,Qinzhou,1,1,MSC,1,5,3032,334.4,2474,3398,4,4,4,{4}
2024-12-29,MYTPP,"Tanjung Pelepas",CNSHA,Shanghai,2,2,"CMA CGM; CNC Line-Cheng Lie Navigation Co. Ltd.; Maersk Line; MSC",4,24,25729.266666666666,1757.2,5754,20568,7,7.5,8,"{8,7}"
2024-12-29,MYTPP,"Tanjung Pelepas",CNTXG,Xingang/Tianjin,1,1,"APL; CMA CGM; CNC Line-Cheng Lie Navigation Co. Ltd.; COSCO; Evergreen Line; OOCL",6,14,16361.285714285714,500,12118,20150,9,9,9,{9}
2024-12-29,MYTPP,"Tanjung Pelepas",CNYTN,Yantian,1,1,"Maersk Line; MSC; ZIM",3,13,9405.076923076924,1147.2307692307693,8112,11860,6,6,6,{6}
2024-12-29,MYTPP,"Tanjung Pelepas",ESALG,Algeciras,1,1,"Maersk Line; MSC",2,15,18485.6,733.8666666666667,17816,20568,25,25,25,{25}
2024-12-29,MYTPP,"Tanjung Pelepas",GBFXT,Felixstowe,1,1,"Maersk Line; MSC",2,14,16070.57142857143,1344.5,13800,24116,28,28,28,{28}
2024-12-29,MYTPP,"Tanjung Pelepas",GHTEM,Tema,1,1,"CMA CGM; CNC Line-Cheng Lie Navigation Co. Ltd.; Maersk Line",3,13,13862.923076923076,1046.1538461538462,13092,15254,20,20,20,{20}
2024-12-29,MYTPP,"Tanjung Pelepas",HKHKG,"Hong Kong",1,1,"Maersk Line; MSC; ZIM",3,14,7372.714285714285,646.2857142857143,8112,11088,4,4,4,{4}
2024-12-29,MYTPP,"Tanjung Pelepas",IDJKT,"Jakarta, Java",1,1,"Maersk Line",1,3,1798.3333333333333,165,1577,2086,3,3,3,{3}
2024-12-29,MYTPP,"Tanjung Pelepas",IDPJG,Panjang,1,1,MSC,1,6,4175.5,378.8333333333333,2758,4892,4,4,4,{4}
2024-12-29,MYTPP,"Tanjung Pelepas",INENR,Ennore,1,1,"Maersk Line",1,2,2625.5,400,2553,2698,5,5,5,{5}
2024-12-29,MYTPP,"Tanjung Pelepas",KEMBA,Mombasa,1,1,"COSCO; Maersk Line; OOCL",3,7,3731.285714285714,422.42857142857144,3388,4253,13,13,13,{13}
2024-12-29,MYTPP,"Tanjung Pelepas",KRPUS,Busan,1,1,MSC,1,6,4175.5,378.8333333333333,2758,4892,9,9,9,{9}
2024-12-29,MYTPP,"Tanjung Pelepas",LKCMB,Colombo,3,3,"Maersk Line; MSC; ZIM",3,49,38545.420512820514,2236.112087912088,7846,19224,4,4,7,"{4,7,4}"
2024-12-29,MYTPP,"Tanjung Pelepas",MMRGN,Yangon,1,1,"Maersk Line",1,8,1740.25,375,1713,1800,5,5,5,{5}
2024-12-29,MYTPP,"Tanjung Pelepas",MUPLU,"Port Louis",1,1,"CMA CGM; CNC Line-Cheng Lie Navigation Co. Ltd.; Maersk Line",3,9,7243.666666666667,1023.3333333333334,5754,10034,9,9,9,{9}
2024-12-29,MYTPP,"Tanjung Pelepas",MYBTU,"Bintulu, Sarawak",1,1,"Maersk Line",1,3,1777.3333333333333,306.3333333333333,1740,1798,2,2,2,{2}
2024-12-29,MYTPP,"Tanjung Pelepas",MYKCH,"Kuching, Sarawak",1,1,"Maersk Line",1,5,2795.6,376.8,2754,2806,2,2,2,{2}
2024-12-29,MYTPP,"Tanjung Pelepas",MYPGU,"Pasir Gudang, Johor",1,1,"COSCO; Evergreen Line; Wan Hai; Yang Ming",4,7,2919.1428571428573,344,2910,2926,0,0,0,{0}
2024-12-29,MYTPP,"Tanjung Pelepas",MYPKG,"Port Klang",5,5,"CMA CGM; Maersk Line; MSC; ONE; OOCL; X-Press",6,27,14018.171428571428,1963.5380952380951,1577,5100,0,1,2,"{0,1,1,1,2}"
2024-12-29,MYTPP,"Tanjung Pelepas",MYTWU,"Tawau Sabah",1,1,"Maersk Line",1,8,1740.25,375,1713,1800,4,4,4,{4}
2024-12-29,MYTPP,"Tanjung Pelepas",NLRTM,Rotterdam,1,1,"Maersk Line; MSC",2,16,19224,764.5,15150,20568,29,29,29,{29}
2024-12-29,MYTPP,"Tanjung Pelepas",PGPOM,"Port Moresby",1,1,"Maersk Line",1,2,2898.8571428571427,597.1428571428571,1022,1114,11,11,11,{11}
2024-12-29,MYTPP,"Tanjung Pelepas",PTSIE,Sines,1,1,"Maersk Line; MSC",2,15,22164.266666666666,718.1333333333333,19200,24346,24,24,24,{24}
2024-12-29,MYTPP,"Tanjung Pelepas",REPDG,"Reunion Island",1,1,"CMA CGM; Maersk Line",2,7,3851.4285714285716,517.1428571428571,3650,4431,8,8,8,{8}
2024-12-29,MYTPP,"Tanjung Pelepas",SGSIN,Singapore,15,14,"ANL; CMA CGM; CNC Line-Cheng Lie Navigation Co. Ltd.; COSCO; Evergreen Line; Hapag-Lloyd; Maersk Line; MSC; ONE; OOCL",10,87,67627.41666666667,8420.121428571429,2208,10622,0,1,4,"{2,0,1,0,1,4,0,1,1,1,1,1,3,2,0}"
2024-12-29,MYTPP,"Tanjung Pelepas",TGLFW,Lome,1,1,"CMA CGM; Maersk Line",2,9,5200,481.77777777777777,4496,7117,22,22,22,{22}
2024-12-29,MYTPP,"Tanjung Pelepas",THLCH,"Laem Chabang",3,3,"Maersk Line; MSC; ZIM",3,26,14348.296703296703,1652.8644688644686,2702,9662,3,3,4,"{3,3,4}"
2024-12-29,MYTPP,"Tanjung Pelepas",TWKHH,Kaohsiung,1,1,"CMA CGM; CNC Line-Cheng Lie Navigation Co. Ltd.; COSCO; Evergreen Line; OOCL",5,14,23402.571428571428,114.28571428571429,20150,24000,9,9,9,{9}
2024-12-29,MYTPP,"Tanjung Pelepas",VNHPH,Haiphong,1,1,MSC,1,5,2981,487.2,2700,3534,5,5,5,{5}
2024-12-29,MYTPP,"Tanjung Pelepas",VNSGN,"Ho Chi Minh (VICT/Cat Lai)",1,1,"Maersk Line",1,6,2797.3333333333335,373.3333333333333,2754,2806,3,3,3,{3}
2024-12-29,MYTWU,"Tawau Sabah",PHGES,"General Santos",1,1,"Maersk Line",1,8,1740.25,375,1713,1800,3,3,3,{3}
2024-12-29,MZBEW,Beira,MUPLU,"Port Louis",1,1,"CMA CGM; Maersk Line",2,7,3851.4285714285716,517.1428571428571,3650,4431,10,10,10,{10}
2024-12-29,MZBEW,Beira,MZMNC,Nacala,2,2,"APL; CMA CGM; PIL",3,13,4433.619047619048,504.1666666666667,1708,3081,2,2,2,"{2,2}"
2024-12-29,MZBEW,Beira,MZMPM,Maputo,2,2,"Feedertech; MSC; ONE; OOCL; Unifeeder",5,13,6210.3,725,1713,4679,1,1,1,"{1,1}"
2024-12-29,MZMNC,Nacala,INNSA,"Mumbai (Nhava Sheva)",1,1,"UAFL-United Africa Feeder Line",1,2,5421,450,1740,1874,11,11,11,{11}
2024-12-29,MZMNC,Nacala,KEMBA,Mombasa,1,1,MSC,1,8,4181.5,295,3301,4679,2,2,2,{2}
2024-12-29,MZMNC,Nacala,SCPOV,"Seychelles Is., Port Victoria",1,1,"APL; CMA CGM",2,6,1998.3333333333333,294.1666666666667,1708,2490,4,4,4,{4}
2024-12-29,MZMNC,Nacala,SGSIN,Singapore,1,1,PIL,1,7,2435.285714285714,210,1808,3081,11,11,11,{11}
2024-12-29,MZMPM,Maputo,AEJEA,"Dubai, Jebel Ali",1,1,"Feedertech; ONE; OOCL; Unifeeder",4,5,2028.8,430,1713,3006,11,11,11,{11}
2024-12-29,MZMPM,Maputo,KEMBA,Mombasa,1,1,Messina,1,3,16191,1581,4498,6296,11,11,11,{11}
2024-12-29,MZMPM,Maputo,MZBEW,Beira,2,2,"CMA CGM; Maersk Line; PIL",3,14,6286.714285714286,727.1428571428571,1808,4431,1,1.5,2,"{1,2}"
2024-12-29,MZMPM,Maputo,MZMNC,Nacala,1,1,MSC,1,8,4181.5,295,3301,4679,3,3,3,{3}
2024-12-29,MZMPM,Maputo,ZADUR,Durban,1,1,MACS,1,6,3963.3333333333335,,1158,2208,8,8,8,{8}
2024-12-29,MZMPM,Maputo,ZARCB,"Richards Bay",1,1,"CSAL-Canada States Africa Line; GAL-Gulf Africa Line; MACS",3,3,4105.333333333333,,953,1100,1,1,1,{1}
2024-12-29,NALUD,Luderitz,ZACPT,"Cape Town",1,1,MACS,1,6,3963.3333333333335,,1158,2208,5,5,5,{5}
2024-12-29,NAWVB,"Walvis Bay",ESVGO,Vigo,1,1,MACS,1,6,3963.3333333333335,,1158,2208,17,17,17,{17}
2024-12-29,NAWVB,"Walvis Bay",NALUD,Luderitz,1,1,MACS,1,6,3963.3333333333335,,1158,2208,2,2,2,{2}
2024-12-29,NAWVB,"Walvis Bay",SGSIN,Singapore,1,1,"CMA CGM; CNC Line-Cheng Lie Navigation Co. Ltd.; COSCO; Hapag-Lloyd; Maersk Line; OOCL",6,12,8557.583333333334,870.4166666666666,7090,9326,19,19,19,{19}
2024-12-29,NAWVB,"Walvis Bay",ZACPT,"Cape Town",1,1,"CSAL-Canada States Africa Line; GAL-Gulf Africa Line; MACS",3,3,4105.333333333333,,953,1100,3,3,3,{3}
2024-12-29,NCNOU,Noumea,AUBNE,Brisbane,3,3,"ANL; APL; CMA CGM; Marfret",4,16,18721.285714285714,4632.571428571428,1064,2713,2,2,4,"{2,4,2}"
2024-12-29,NCNOU,Noumea,FJLTK,Lautoka,5,5,"Kyowa; MSC; NPDL; NYK Bulk and Projects; ONE; PFL; Swire Shipping",7,14,16767,835,914,2572,2,3,4,"{4,2,2,3,3}"
2024-12-29,NCNOU,Noumea,FJSUV,Suva,2,2,"Carpenters Shipping; Swire Shipping",2,6,8997.47619047619,1067.6190476190477,1678,2381,1,2,3,"{1,3}"
2024-12-29,NCNOU,Noumea,NCPNY,"Prony Bay",2,2,"Kyowa; ONE; Swire Shipping",3,7,12588.642857142857,,1617,2082,0,0,0,"{0,0}"
2024-12-29,NCNOU,Noumea,NZAKL,Auckland,2,2,"ANL; Swire Shipping",2,5,9721.42857142857,150,1096,2082,2,3,4,"{4,2}"
2024-12-29,NCPNY,"Prony Bay",PHSFS,"Subic Bay",1,1,"Swire Shipping",1,3,8625.42857142857,,2082,2082,10,10,10,{10}
2024-12-29,NCPNY,"Prony Bay",VUSAN,Santo,1,1,"Kyowa; ONE; Swire Shipping",3,4,3963.214285714286,,1617,2082,1,1,1,{1}
2024-12-29,NGAPP,Apapa,BJCOO,Cotonou,1,1,MSC,1,6,5599.666666666667,512.5,5001,5908,1,1,1,{1}
2024-12-29,NGAPP,Apapa,MAPTM,Tanger,1,1,"Maersk Line",1,6,4631.833333333333,407,4496,5085,10,10,10,{10}
2024-12-29,NGAPP,Apapa,NGONN,Onne,2,2,"CMA CGM; COSCO; Gold Star Line; Maersk Line; ONE; OOCL; ZIM",7,20,10133.272727272728,1032.5050505050506,4248,7117,1,2,3,"{3,1}"
2024-12-29,NGAPP,Apapa,NGTIN,"Lagos, Tin Can",1,1,"COSCO; Gold Star Line; ONE; OOCL; ZIM",5,12,3495.4166666666665,437.0833333333333,2824,5071,0,0,0,{0}
2024-12-29,NGAPP,Apapa,ZACPT,"Cape Town",1,1,"APL; CMA CGM; Maersk Line",3,10,5196.6,595,4496,6014,9,9,9,{9}
2024-12-29,NGAPP,Apapa,ZADUR,Durban,1,1,"Hapag-Lloyd; ONE",2,11,4033.6363636363635,325.45454545454544,2742,4253,17,17,17,{17}
2024-12-29,NGONN,Onne,BJCOO,Cotonou,1,1,"CMA CGM; Maersk Line",2,9,5200,481.77777777777777,4496,7117,3,3,3,{3}
2024-12-29,NGONN,Onne,CIABJ,Abidjan,2,2,"COSCO; Gold Star Line; ONE; OOCL; PIL; ZIM",6,23,9591.60606060606,642.5606060606061,3889,7092,1,2,3,"{3,1}"
2024-12-29,NGTIN,"Lagos, Tin Can",BJCOO,Cotonou,1,1,"COSCO; Gold Star Line; ONE; OOCL; ZIM",5,12,3495.4166666666665,437.0833333333333,2824,5071,1,1,1,{1}
2024-12-29,NGTIN,"Lagos, Tin Can",CMDLA,Douala,1,1,"Grimaldi Lines",1,4,3092.1428571428573,,1318,1568,3,3,3,{3}
2024-12-29,NGTIN,"Lagos, Tin Can",GHTEM,Tema,1,1,"Grimaldi Lines",1,6,1768.6666666666667,,612,2000,1,1,1,{1}
2024-12-29,NGTIN,"Lagos, Tin Can",NGAPP,Apapa,2,2,"Hapag-Lloyd; MSC; ONE",3,17,9633.30303030303,837.9545454545455,2742,5908,0,0,0,"{0,0}"
2024-12-29,NGTIN,"Lagos, Tin Can",NGONN,Onne,1,1,PIL,1,12,4658.333333333333,91.83333333333333,3889,7092,2,2,2,{2}
2024-12-29,NGTIN,"Lagos, Tin Can",TGLFW,Lome,1,1,MSC,1,7,5552.285714285715,384.85714285714283,4340,6008,2,2,2,{2}
2024-12-29,NGTIN,"Lagos, Tin Can",ZAZBA,"Ngqura (Coega)",1,1,MSC,1,10,5005.3,198.8,3607,6456,11,11,11,{11}
2024-12-29,NICIO,Corinto,CRCAL,"Puerto Caldera",1,1,"Hapag-Lloyd; ONE",2,4,2644.5,425,2586,2664,1,1,1,{1}
2024-12-29,NICIO,Corinto,GTPRQ,"Puerto Quetzal",1,1,"APL; CMA CGM; Maersk Line",3,3,2546,536,2546,2546,1,1,1,{1}
2024-12-29,NICIO,Corinto,HNSLO,"Puerto San Lorenzo",1,1,"COSCO; Evergreen Line; OOCL",3,4,2516.25,431.5,2339,2634,0,0,0,{0}
2024-12-29,NICIO,Corinto,PABLB,Balboa,1,1,"APL; CMA CGM; Maersk Line; MSC",4,5,3500,700,3500,3500,5,5,5,{5}
2024-12-29,NIRAM,Rama,USPEF,"Port Everglades FL",1,1,"King Ocean",1,1,205,,205,205,3,3,3,{3}
2024-12-29,NLAMS,Amsterdam,DEHAM,Hamburg,1,1,"Grimaldi Lines",1,6,1768.6666666666667,,612,2000,1,1,1,{1}
2024-12-29,NLAMS,Amsterdam,NOAES,Aalesund,1,1,Eimskip,1,3,60,,60,60,3,3,3,{3}
2024-12-29,NLMOE,Moerdijk,NLRTM,Rotterdam,1,1,"MSC; WEC Lines",2,3,866,178,862,868,1,1,1,{1}
2024-12-29,NLRTM,Rotterdam,BEANR,Antwerp,9,9,"CMA CGM; Evergreen Line; Hapag-Lloyd; Maersk Line; MSC; ONE; Stinnes; WEC Lines; X-Press; Yang Ming",10,47,39665.15873015873,4723.822222222222,1170,12119,0,1,1,"{1,1,0,0,1,1,1,1,1}"
2024-12-29,NLRTM,Rotterdam,CUMAR,Mariel,1,1,Nirint,1,3,2404.5714285714284,288,894,1368,14,14,14,{14}
2024-12-29,NLRTM,Rotterdam,DEBRV,Bremerhaven,9,9,"APL; CMA CGM; COSCO; Ellerman; Evergreen Line; Hapag-Lloyd; Maersk Line; Marguisa; MSC; ONE; OOCL; Unifeeder",12,71,61343.33968253968,6620.6873015873025,1025,20568,0,1,3,"{2,2,1,1,2,1,3,0,1}"
2024-12-29,NLRTM,Rotterdam,DEHAM,Hamburg,18,18,"ACL-Atlantic Container Line; ANL; APL; CMA CGM; COSCO; Evergreen Line; Hapag-Lloyd; Hyundai; Maersk Line; MSC; ONE; OOCL; Unifeeder; WEC Lines; Yang Ming; ZIM",16,181,146609.0501461387,11720.381649069883,1008,24136,1,1,3,"{1,2,1,1,1,2,2,1,1,2,1,2,1,1,3,2,2,1}"
2024-12-29,NLRTM,Rotterdam,DKFRC,Fredericia,1,1,"ONE; X-Press",2,2,1236,340.5,1036,1436,2,2,2,{2}
2024-12-29,NLRTM,Rotterdam,ESALG,Algeciras,1,1,"Hapag-Lloyd; Hyundai; ONE; Yang Ming",4,15,18566.333333333332,1173.3333333333333,13792,20150,5,5,5,{5}
2024-12-29,NLRTM,Rotterdam,ESBIO,Bilbao,2,2,"CMA CGM; MSC; WEC Lines",3,4,1866,178,862,1000,2,2.5,3,"{3,2}"
2024-12-29,NLRTM,Rotterdam,ESCAD,Cadiz,1,1,"CMA CGM; Ellerman",2,2,1390,375,1380,1400,4,4,4,{4}
2024-12-29,NLRTM,Rotterdam,ESGIJ,Gijon,1,1,"CMA CGM; COSCO; Evergreen Line; X-Press",4,3,403,98.57142857142857,868,1036,2,2,2,{2}
2024-12-29,NLRTM,Rotterdam,FIHEL,Helsinki,3,3,"CMA CGM; COSCO; ONE; OOCL; Unifeeder; X-Press; Yang Ming",7,7,3832,651,1036,1528,3,4,5,"{3,5,4}"
2024-12-29,NLRTM,Rotterdam,FRDKK,Dunkirk,1,1,"BG Freight Line; CMA CGM",2,1,508,,508,508,2,2,2,{2}
2024-12-29,NLRTM,Rotterdam,FRLEH,"Le Havre",2,2,"CMA CGM; MSC",2,10,4721.833333333334,632,1440,3430,1,2,3,"{3,1}"
2024-12-29,NLRTM,Rotterdam,GBBEL,Belfast,1,1,"BG Freight Line; CMA CGM; ONE",3,2,515.4285714285714,,902,902,5,5,5,{5}
2024-12-29,NLRTM,Rotterdam,GBFXT,Felixstowe,4,4,"BG Freight Line; CMA CGM; CNC Line-Cheng Lie Navigation Co. Ltd.; COSCO; Evergreen Line; Maersk Line; OOCL",7,28,34701.98809523809,1269.3690476190477,804,24000,1,1.5,3,"{3,1,2,1}"
2024-12-29,NLRTM,Rotterdam,GBGRG,Grangemouth,1,1,"BG Freight Line; CMA CGM; Maersk Line",3,1,1004,253,1004,1004,3,3,3,{3}
2024-12-29,NLRTM,Rotterdam,GBIMM,Immingham,1,1,MACS,1,6,3963.3333333333335,,1158,2208,6,6,6,{6}
2024-12-29,NLRTM,Rotterdam,GBLGP,"London Gateway",6,6,"ANL; APL; CMA CGM; COSCO; Hapag-Lloyd; Maersk Line; Marfret; MSC; ONE; OOCL; Unifeeder",11,52,36708.84285714285,5300.481746031746,809,12119,1,1,3,"{1,3,1,1,1,1}"
2024-12-29,NLRTM,Rotterdam,GBLIV,Liverpool,1,1,"BG Freight Line; CMA CGM",2,1,1004,253,1004,1004,2,2,2,{2}
2024-12-29,NLRTM,Rotterdam,GBSOU,Southampton,2,2,"BG Freight Line; CMA CGM; CNC Line-Cheng Lie Navigation Co. Ltd.; COSCO; Evergreen Line; Hapag-Lloyd; ONE; OOCL",8,15,23464.571428571428,2231.142857142857,1380,23112,1,2,3,"{1,3}"
2024-12-29,NLRTM,Rotterdam,GBTEE,Teesport,1,1,"CMA CGM; Eimskip; Hapag-Lloyd",3,2,1776.5,392.5,1678,1875,1,1,1,{1}
2024-12-29,NLRTM,Rotterdam,GBTIL,Tilbury,2,2,"CMA CGM",1,4,1205.904761904762,194.66666666666666,804,907,1,1,1,"{1,1}"
2024-12-29,NLRTM,Rotterdam,IEDUB,Dublin,6,6,"BG Freight Line; CMA CGM; COSCO; Eucon; Evergreen Line; Hapag-Lloyd; ONE; X-Press; Yang Ming",9,8,5801,908,750,1380,1,2.5,3,"{1,3,3,2,2,3}"
2024-12-29,NLRTM,Rotterdam,IEORK,Cork,1,1,"BG Freight Line; CMA CGM",2,1,804,,804,804,2,2,2,{2}
2024-12-29,NLRTM,Rotterdam,LKCMB,Colombo,1,1,"CMA CGM; CNC Line-Cheng Lie Navigation Co. Ltd.; COSCO; Evergreen Line; OOCL",5,14,23402.571428571428,114.28571428571429,20150,24000,26,26,26,{26}
2024-12-29,NLRTM,Rotterdam,LTKLJ,"Klaipeda
",2,2,"CMA CGM; COSCO; OOCL; Unifeeder",4,6,2436,372,1036,1400,2,2.5,3,"{2,3}"
2024-12-29,NLRTM,Rotterdam,LVRIX,Riga,1,1,"CMA CGM; COSCO; OOCL",3,2,1477,266.5,1380,1574,5,5,5,{5}
2024-12-29,NLRTM,Rotterdam,MAPTM,Tanger,1,1,"Maersk Line; MSC",2,14,16070.57142857143,1344.5,13800,24116,6,6,6,{6}
2024-12-29,NLRTM,Rotterdam,MYPKG,"Port Klang",1,1,"CMA CGM; CNC Line-Cheng Lie Navigation Co. Ltd.; COSCO; Evergreen Line; OOCL",5,15,17522.066666666666,1158,17292,17859,31,31,31,{31}
2024-12-29,NLRTM,Rotterdam,MYTPP,"Tanjung Pelepas",2,2,"APL; CMA CGM; CNC Line-Cheng Lie Navigation Co. Ltd.; COSCO; Evergreen Line; Maersk Line; MSC; OOCL",8,29,34846.885714285716,1233.8666666666668,12118,20568,30,30,30,"{30,30}"
2024-12-29,NLRTM,Rotterdam,NOHAU,Haugesund,1,1,"Arctic Container Line; CMA CGM",2,1,862,204,862,862,2,2,2,{2}
2024-12-29,NLRTM,Rotterdam,NOMSS,Moss,1,1,"CMA CGM; COSCO; Evergreen Line; Hapag-Lloyd; OOCL; Unifeeder",6,1,809,150,809,809,2,2,2,{2}
2024-12-29,NLRTM,Rotterdam,NOOSL,Oslo,1,1,"CMA CGM; COSCO; Evergreen Line; Hapag-Lloyd; Unifeeder",5,1,809,150,809,809,2,2,2,{2}
2024-12-29,NLRTM,Rotterdam,NOSVG,Stavanger,1,1,"CMA CGM; North Sea Container Line",2,2,862,219,862,862,2,2,2,{2}
2024-12-29,NLRTM,Rotterdam,PLGDY,"Gdynia Poland",1,1,"ONE; X-Press",2,1,1040.142857142857,192.85714285714286,809,809,4,4,4,{4}
2024-12-29,NLRTM,Rotterdam,PTLEI,Leixoes,2,2,"CMA CGM; Evergreen Line; ONE; OOCL; X-Press; Yang Ming",6,4,2490.642857142857,460.7142857142857,1036,1809,3,3.5,4,"{3,4}"
2024-12-29,NLRTM,Rotterdam,SEGOT,Gothenburg,2,2,"CMA CGM; ONE; Unifeeder; Yang Ming",4,3,2487.5,237,877,1781,1,2.5,4,"{4,1}"
2024-12-29,NLRTM,Rotterdam,SEHEL,Helsingborg,1,1,"CMA CGM; COSCO; Evergreen Line; Hapag-Lloyd; OOCL; Unifeeder",6,1,750,150,750,750,2,2,2,{2}
2024-12-29,NLRTM,Rotterdam,SEOXE,Oxelosund,1,1,"SCA Logistics",1,3,36,,36,36,3,3,3,{3}
2024-12-29,NLVLI,Flushing,FRLEH,"Le Havre",1,1,"CMA CGM",1,6,4281.5,536.3333333333334,4250,4367,0,0,0,{0}
2024-12-29,NLVLI,Flushing,FRURO,Rouen,1,1,"Europe Caribbean Line; Seatrade",2,7,331.85714285714283,86.28571428571429,72,439,2,2,2,{2}
2024-12-29,NLVLI,Flushing,GBHUL,Hull,1,1,"Europe Caribbean Line",1,4,738.2142857142857,,256,450,2,2,2,{2}
2024-12-29,NLVLI,Flushing,GBPME,Portsmouth,1,1,"Geest Line; Seatrade; StreamLines",3,5,463.2,189.6,436,564,2,2,2,{2}
2024-12-29,NLVLI,Flushing,SEWAL,Wallhamn,1,1,"Grimaldi Lines",1,4,729,,700,750,2,2,2,{2}
2024-12-29,NOAES,Aalesund,DEBRV,Bremerhaven,2,2,"CMA CGM; Maersk Line; MSC; North Sea Container Line",4,2,1914,504,957,957,2,2,2,"{2,2}"
2024-12-29,NOAES,Aalesund,DEHAM,Hamburg,1,1,"CMA CGM; North Sea Container Line",2,1,384,90,384,384,3,3,3,{3}
2024-12-29,NOAES,Aalesund,FOTHO,Thorshavn,1,1,Eimskip,1,3,60,,60,60,2,2,2,{2}
2024-12-29,NOAES,Aalesund,NOGJM,Gjemnes,1,1,"Arctic Container Line; CMA CGM",2,1,862,204,862,862,0,0,0,{0}
2024-12-29,NOAES,Aalesund,NOHAU,Haugesund,1,1,"CMA CGM; North Sea Container Line",2,2,862,219,862,862,0,0,0,{0}
2024-12-29,NOAES,Aalesund,NOTOS,Tromso,1,1,Eimskip,1,3,60,,60,60,2,2,2,{2}
2024-12-29,NOBGO,Bergen,NOAES,Aalesund,1,1,MSC,1,1,957,252,957,957,1,1,1,{1}
2024-12-29,NOBGO,Bergen,NOFRO,Floroe,2,2,"Arctic Container Line; CMA CGM; Maersk Line; North Sea Container Line",4,2,1819,456,862,957,0,0,0,"{0,0}"
2024-12-29,NOBGO,Bergen,NOHAU,Haugesund,2,2,"CMA CGM; Maersk Line; North Sea Container Line",3,3,1819,471,862,957,0,0,0,"{0,0}"
2024-12-29,NOBJF,"Batsfjord Norway",NOTOS,Tromso,1,1,Eimskip,1,3,60,,60,60,2,2,2,{2}
2024-12-29,NOBVK,Brevik,BEANR,Antwerp,1,1,"MSC; WEC Lines",2,1,1118,220,1118,1118,2,2,2,{2}
2024-12-29,NOBVK,Brevik,DEHAM,Hamburg,1,1,"CMA CGM; COSCO; Maersk Line; OOCL; Unifeeder",5,1,1008,238,1008,1008,2,2,2,{2}
2024-12-29,NOBVK,Brevik,NOFRK,Fredrikstad,1,1,"CMA CGM; COSCO; Evergreen Line; Hapag-Lloyd; Unifeeder",5,1,809,150,809,809,0,0,0,{0}
2024-12-29,NODRM,Drammen,NOOSL,Oslo,1,1,"CMA CGM; COSCO; Evergreen Line; Hapag-Lloyd; Maersk Line; OOCL; Unifeeder",7,1,868,300,868,868,0,0,0,{0}
2024-12-29,NOEGE,Egersund,NOSVG,Stavanger,1,1,"CMA CGM; Maersk Line; North Sea Container Line",3,1,957,252,957,957,0,0,0,{0}
2024-12-29,NOFRK,Fredrikstad,DEBRV,Bremerhaven,1,1,"CMA CGM; COSCO; Hapag-Lloyd; Maersk Line; OOCL; Unifeeder",6,1,868,150,868,868,2,2,2,{2}
2024-12-29,NOFRK,Fredrikstad,DKAAR,Aarhus,1,1,Eimskip,1,1,1750,460,875,875,2,2,2,{2}
2024-12-29,NOFRK,Fredrikstad,NLRTM,Rotterdam,1,1,"CMA CGM; COSCO; Evergreen Line; Hapag-Lloyd; Unifeeder",5,1,809,150,809,809,3,3,3,{3}
2024-12-29,NOFRO,Floroe,NOMAY,Maaloey,2,2,"Arctic Container Line; CMA CGM; Maersk Line; North Sea Container Line",4,2,1819,456,862,957,0,0,0,"{0,0}"
2024-12-29,NOGJM,Gjemnes,NLRTM,Rotterdam,1,1,"Arctic Container Line; CMA CGM",2,1,862,204,862,862,2,2,2,{2}
2024-12-29,NOHAU,Haugesund,NLRTM,Rotterdam,1,1,"CMA CGM; North Sea Container Line",2,2,862,219,862,862,0,0,0,{0}
2024-12-29,NOHAU,Haugesund,NOAES,Aalesund,1,1,"CMA CGM; North Sea Container Line",2,2,862,219,862,862,1,1,1,{1}
2024-12-29,NOHAU,Haugesund,NOSVG,Stavanger,2,2,"Arctic Container Line; CMA CGM; Maersk Line; North Sea Container Line",4,2,1819,456,862,957,0,0,0,"{0,0}"
2024-12-29,NOKRS,Kristiansand,DEBRV,Bremerhaven,1,1,"CMA CGM; COSCO; Evergreen Line; Hapag-Lloyd; Maersk Line; OOCL; Unifeeder",7,1,868,300,868,868,2,2,2,{2}
2024-12-29,NOKRS,Kristiansand,NOMSS,Moss,1,1,"CMA CGM; COSCO; Evergreen Line; Hapag-Lloyd; OOCL; Unifeeder",6,1,809,150,809,809,0,0,0,{0}
2024-12-29,NOKRS,Kristiansand,NOSVG,Stavanger,1,1,MSC,1,1,957,252,957,957,1,1,1,{1}
2024-12-29,NOLAR,"Larvik ",NLRTM,Rotterdam,1,1,"CMA CGM; COSCO; Evergreen Line; Hapag-Lloyd; OOCL; Unifeeder",6,1,750,150,750,750,3,3,3,{3}
2024-12-29,NOLAR,"Larvik ",NOBVK,Brevik,1,1,"MSC; WEC Lines",2,1,1118,220,1118,1118,0,0,0,{0}
2024-12-29,NOLAR,"Larvik ",NOKRS,Kristiansand,1,1,"CMA CGM; COSCO; Evergreen Line; Hapag-Lloyd; Maersk Line; OOCL; Unifeeder",7,1,868,300,868,868,1,1,1,{1}
2024-12-29,NOMAY,Maaloey,NOAES,Aalesund,2,2,"Arctic Container Line; CMA CGM; Maersk Line; North Sea Container Line",4,2,1819,456,862,957,1,1,1,"{1,1}"
2024-12-29,NOMSS,Moss,NLRTM,Rotterdam,1,1,"CMA CGM; COSCO; Evergreen Line; Hapag-Lloyd; OOCL; Unifeeder",6,1,809,150,809,809,2,2,2,{2}
2024-12-29,NOMSS,Moss,NOOSL,Oslo,2,2,"CMA CGM; COSCO; Evergreen Line; Hapag-Lloyd; Maersk Line; OOCL; Unifeeder",7,2,1817,388,809,1008,0,0.5,1,"{1,0}"
2024-12-29,NOOSL,Oslo,DEHAM,Hamburg,1,1,"CMA CGM; COSCO; Evergreen Line; Hapag-Lloyd; OOCL; Unifeeder",6,1,868,150,868,868,3,3,3,{3}
2024-12-29,NOOSL,Oslo,NOBVK,Brevik,2,2,"CMA CGM; COSCO; Evergreen Line; Hapag-Lloyd; Maersk Line; OOCL; Unifeeder",7,2,1817,388,809,1008,0,0.5,1,"{1,0}"
2024-12-29,NOOSL,Oslo,NOKRS,Kristiansand,1,1,"CMA CGM; COSCO; Evergreen Line; Hapag-Lloyd; OOCL; Unifeeder",6,1,809,150,809,809,1,1,1,{1}
2024-12-29,NOOSL,Oslo,NOLAR,"Larvik ",2,2,"CMA CGM; COSCO; Evergreen Line; Hapag-Lloyd; Maersk Line; MSC; OOCL; Unifeeder; WEC Lines",9,2,1986,520,868,1118,1,1,1,"{1,1}"
2024-12-29,NOSVG,Stavanger,NOAES,Aalesund,1,1,"CMA CGM; North Sea Container Line",2,1,384,90,384,384,3,3,3,{3}
2024-12-29,NOSVG,Stavanger,NOBGO,Bergen,5,4,"Arctic Container Line; CMA CGM; Maersk Line; MSC; North Sea Container Line",5,6,4595,1179,862,957,1,1,1,"{1,1,1,1,1}"
2024-12-29,NOTOS,Tromso,NOAES,Aalesund,1,1,Eimskip,1,3,60,,60,60,4,4,4,{4}
2024-12-29,NOTOS,Tromso,NOBJF,"Batsfjord Norway",1,1,Eimskip,1,3,60,,60,60,2,2,2,{2}
2024-12-29,NZAKL,Auckland,AUSYD,Sydney,1,1,"ANL; APL; CMA CGM; Hapag-Lloyd; Maersk Line; MSC",6,10,4518.1,399.1,3884,5466,4,4,4,{4}
2024-12-29,NZAKL,Auckland,NCNOU,Noumea,2,2,"ANL; CMA CGM",2,2,16403.14285714286,4044.4285714285716,1338,1740,4,4.5,5,"{5,4}"
2024-12-29,NZAKL,Auckland,NZLYT,Lyttelton,4,4,"ANL; APL; CMA CGM; COSCO; Maersk Line; ONE; OOCL; PIL",8,24,15773.547619047618,2104.3809523809523,1740,5506,2,2,2,"{2,2,2,2}"
2024-12-29,NZAKL,Auckland,NZNSN,Nelson,1,1,"Maersk Line",1,3,2280.8571428571427,,1774,1774,3,3,3,{3}
2024-12-29,NZAKL,Auckland,NZTIU,Timaru,1,1,"Swire Shipping",1,3,8625.42857142857,,2082,2082,2,2,2,{2}
2024-12-29,NZAKL,Auckland,NZTRG,Tauranga,2,2,"ANL; COSCO; OOCL",3,5,2644.333333333333,414,1023,1841,0,1,2,"{2,0}"
2024-12-29,NZAKL,Auckland,PFPPT,"Papeete, Tahiti",1,1,NPDL,1,1,1754.2857142857142,222.85714285714286,614,614,8,8,8,{8}
2024-12-29,NZLYT,Lyttelton,NZNPE,Napier,1,1,"COSCO; Maersk Line; ONE; OOCL",4,7,4169,637.2857142857143,4255,5301,1,1,1,{1}
2024-12-29,NZLYT,Lyttelton,NZPOE,"Port Chalmers",2,2,"ANL; CMA CGM; Maersk Line; ONE",4,11,8298.642857142857,1670.7857142857142,1740,6881,1,1.5,2,"{2,1}"
2024-12-29,NZLYT,Lyttelton,NZWLG,Wellington,2,2,"ANL; APL; CMA CGM; COSCO; OOCL; PIL",6,13,9302.047619047618,1073.595238095238,4211,5506,1,1,1,"{1,1}"
2024-12-29,NZMAP,"Marsden Point",NCNOU,Noumea,1,1,"Swire Shipping",1,3,8625.42857142857,,2082,2082,2,2,2,{2}
2024-12-29,NZNPE,Napier,NZLYT,Lyttelton,1,1,"Maersk Line; ONE",2,7,5996.142857142857,1277.2857142857142,5552,6881,2,2,2,{2}
2024-12-29,NZNPE,Napier,NZTRG,Tauranga,4,4,"ANL; APL; CMA CGM; COSCO; Maersk Line; ONE; OOCL; PIL",8,24,15773.547619047618,2104.3809523809523,1740,5506,0,1,3,"{0,1,1,3}"
2024-12-29,NZNSN,Nelson,NZNPE,Napier,1,1,"ANL; CMA CGM",2,4,2302.5,393.5,1740,2702,1,1,1,{1}
2024-12-29,NZNSN,Nelson,NZTIU,Timaru,1,1,"Maersk Line",1,3,2280.8571428571427,,1774,1774,2,2,2,{2}
2024-12-29,NZNSN,Nelson,NZTRG,Tauranga,1,1,MSC,1,4,2077.5,417,1114,2572,1,1,1,{1}
2024-12-29,NZPOE,"Port Chalmers",AUMEL,Melbourne,1,1,"Maersk Line",1,3,2280.8571428571427,,1774,1774,10,10,10,{10}
2024-12-29,NZPOE,"Port Chalmers",MYTPP,"Tanjung Pelepas",1,1,"Maersk Line; ONE",2,7,5996.142857142857,1277.2857142857142,5552,6881,17,17,17,{17}
2024-12-29,NZPOE,"Port Chalmers",NZNSN,Nelson,1,1,"ANL; CMA CGM",2,4,2302.5,393.5,1740,2702,1,1,1,{1}
2024-12-29,NZPOE,"Port Chalmers",NZTRG,Tauranga,1,1,"Hapag-Lloyd; Maersk Line; MSC",3,11,3409.090909090909,807.4545454545454,3075,3752,3,3,3,{3}
2024-12-29,NZTIU,Timaru,NZPOE,"Port Chalmers",1,1,"Maersk Line",1,3,2280.8571428571427,,1774,1774,1,1,1,{1}
2024-12-29,NZTIU,Timaru,NZTRG,Tauranga,1,1,"Swire Shipping",1,3,8625.42857142857,,2082,2082,2,2,2,{2}
2024-12-29,NZTRG,Tauranga,AUBEL,"Bell Bay, TAS",1,1,MSC,1,4,2077.5,417,1114,2572,6,6,6,{6}
2024-12-29,NZTRG,Tauranga,AUBNE,Brisbane,1,1,ANL,1,2,1096,150,1096,1096,4,4,4,{4}
2024-12-29,NZTRG,Tauranga,AUMEL,Melbourne,1,1,"COSCO; OOCL",2,3,1548.3333333333333,264,1023,1841,9,9,9,{9}
2024-12-29,NZTRG,Tauranga,AUSYD,Sydney,2,2,"ANL; CMA CGM; Hapag-Lloyd; Maersk Line; MSC",5,15,5711.590909090909,1200.9545454545455,1740,3752,4,4.5,5,"{5,4}"
2024-12-29,NZTRG,Tauranga,HKHKG,"Hong Kong",1,1,"ANL; APL; CMA CGM; COSCO; OOCL; PIL",6,7,4470.714285714285,563.4285714285714,4211,5506,14,14,14,{14}
2024-12-29,NZTRG,Tauranga,JPTYO,Tokyo,1,1,"COSCO; Maersk Line; ONE; OOCL",4,7,4169,637.2857142857143,4255,5301,13,13,13,{13}
2024-12-29,NZTRG,Tauranga,MYPKG,"Port Klang",1,1,"ANL; APL; CMA CGM; COSCO; OOCL; PIL",6,6,4831.333333333333,510.1666666666667,4255,5250,17,17,17,{17}
2024-12-29,NZTRG,Tauranga,NZAKL,Auckland,2,2,"ANL; CMA CGM",2,2,16403.14285714286,4044.4285714285716,1338,1740,2,2.5,3,"{2,3}"
2024-12-29,NZTRG,Tauranga,NZMAP,"Marsden Point",1,1,"Swire Shipping",1,3,8625.42857142857,,2082,2082,1,1,1,{1}
2024-12-29,NZTRG,Tauranga,NZNPE,Napier,1,1,"Maersk Line; ONE",2,7,5996.142857142857,1277.2857142857142,5552,6881,1,1,1,{1}
2024-12-29,NZTRG,Tauranga,PAMIT,Manzanillo,2,2,"ANL; APL; CMA CGM; Hapag-Lloyd; Maersk Line; Marfret; MSC",7,25,5727.233766233767,1395.5974025974024,1064,3752,18,18,18,"{18,18}"
2024-12-29,NZTRG,Tauranga,PFPPT,"Papeete, Tahiti",1,1,"ANL; APL; CMA CGM; Hapag-Lloyd; Maersk Line; MSC",6,10,4518.1,399.1,3884,5466,5,5,5,{5}
2024-12-29,NZWLG,Wellington,NZNPE,Napier,2,2,"ANL; APL; CMA CGM; COSCO; OOCL; PIL",6,13,9302.047619047618,1073.595238095238,4211,5506,1,1,1,"{1,1}"
2024-12-29,OMSLL,Salalah,AEJEA,"Dubai, Jebel Ali",3,3,"APL; CMA CGM; Maersk Line",3,38,22009.833333333332,2281.440476190476,4250,10500,2,3,3,"{3,3,2}"
2024-12-29,OMSLL,Salalah,DJJIB,Djibouti,1,1,"CMA CGM",1,3,2372.6666666666665,357.3333333333333,2034,2542,6,6,6,{6}
2024-12-29,OMSLL,Salalah,INNSA,"Mumbai (Nhava Sheva)",1,1,"Maersk Line",1,4,4564.75,187.5,4496,4771,4,4,4,{4}
2024-12-29,OMSLL,Salalah,KEMBA,Mombasa,1,1,"Maersk Line",1,4,4564.75,187.5,4496,4771,6,6,6,{6}
2024-12-29,OMSLL,Salalah,LKCMB,Colombo,1,1,MSC,1,4,4494,,4494,4494,4,4,4,{4}
2024-12-29,OMSLL,Salalah,MAPTM,Tanger,2,2,"APL; CMA CGM; Maersk Line",3,26,12550.416666666668,1306.357142857143,4250,9962,22,23.5,25,"{22,25}"
2024-12-29,OMSLL,Salalah,REREU,Reunion,1,1,"Maersk Line",1,4,2469,475,2450,2478,6,6,6,{6}
2024-12-29,OMSLL,Salalah,SOBBO,Berbera,1,1,"CMA CGM; Global Feeder Shipping; Hapag-Lloyd",3,3,2501,266.6666666666667,2452,2550,2,2,2,{2}
2024-12-29,OMSLL,Salalah,TZDAR,"Dar es Salaam",1,1,"Maersk Line",1,3,2460.6666666666665,284,2452,2478,9,9,9,{9}
2024-12-29,OMSLL,Salalah,USNYC,"New York NY/NJ",1,1,"Maersk Line; MSC; ZIM",3,13,8046.153846153846,614.7692307692307,7846,9662,26,26,26,{26}
2024-12-29,OMSOH,Sohar,INMUN,Mundra,3,3,"CMA CGM; COSCO; Feedertech; Hapag-Lloyd; MSC; OOCL; X-Press",7,16,12998.8,827.05,3424,6456,2,2,4,"{2,4,2}"
2024-12-29,OMSOH,Sohar,MYPKG,"Port Klang",1,1,"Emirates Shipping; KMTC; ONE",3,6,6295.666666666667,643.6666666666666,5527,6765,8,8,8,{8}
2024-12-29,OMSOH,Sohar,PKBQM,"Port Qasim",1,1,"CMA CGM; COSCO; X-Press",3,2,1702,306,1642,1762,2,2,2,{2}
2024-12-29,OMSOH,Sohar,PKKHI,Karachi,1,1,"CMA CGM",1,2,1713,188.5,1713,1713,2,2,2,{2}
2024-12-29,OMSOH,Sohar,SGSIN,Singapore,1,1,"Evergreen Line; Hapag-Lloyd; Hyundai; ONE; Yang Ming",5,9,15323.444444444447,1000,12552,16010,12,12,12,{12}
2024-12-29,PABLB,Balboa,CLARI,Arica,1,1,"Maersk Line",1,4,3947,1000,3947,3947,6,6,6,{6}
2024-12-29,PABLB,Balboa,COBUN,Buenaventura,2,2,"APL; CMA CGM; COSCO; Evergreen Line; King Ocean; ONE; OOCL; PIL; Wan Hai; X-Press; ZIM",11,13,10174.363636363636,1253.5454545454545,1341,10020,1,1,1,"{1,1}"
2024-12-29,PABLB,Balboa,CRCAL,"Puerto Caldera",2,2,"APL; CMA CGM; COSCO; Evergreen Line; Maersk Line; MSC; OOCL",7,9,6016.25,1131.5,2339,3500,2,2,2,"{2,2}"
2024-12-29,PABLB,Balboa,ECPBO,"Puerto Bolivar EC",1,1,"Maersk Line",1,9,4210.666666666667,1103,4045,4258,2,2,2,{2}
2024-12-29,PABLB,Balboa,KRPUS,Busan,1,1,"Maersk Line; MSC; ZIM",3,11,8849.454545454546,898.1818181818181,8269,9178,22,22,22,{22}
2024-12-29,PABLB,Balboa,MXLZC,"Lazaro Cardenas",1,1,"Maersk Line",1,10,13309,660,12846,15226,6,6,6,{6}
2024-12-29,PABLB,Balboa,NZTRG,Tauranga,1,1,"Hapag-Lloyd; Maersk Line; MSC",3,11,3409.090909090909,807.4545454545454,3075,3752,17,17,17,{17}
2024-12-29,PABLB,Balboa,PAMIT,Manzanillo,3,3,"CMA CGM; CNC Line-Cheng Lie Navigation Co. Ltd.; COSCO; Hapag-Lloyd; Maersk Line; OOCL",6,29,18119.75,2719.75,3075,13566,0,0,1,"{1,0,0}"
2024-12-29,PABLB,Balboa,PAROD,Rodman,1,1,"APL; CMA CGM; Maersk Line",3,3,2546,536,2546,2546,1,1,1,{1}
2024-12-29,PABLB,Balboa,PECLL,Callao,1,1,"Maersk Line",1,8,3209,791.75,3075,4132,4,4,4,{4}
2024-12-29,PABLB,Balboa,PEPIO,Pisco,1,1,"Maersk Line; MSC",2,2,2774.5,468,2546,3003,3,3,3,{3}
2024-12-29,PABLB,Balboa,SVAQJ,Acajutla,1,1,"CMA CGM; Maersk Line",2,1,3728.5714285714284,642.8571428571429,1740,1740,3,3,3,{3}
2024-12-29,PACTB,Cristobal,BRSSZ,Santos,1,1,MSC,1,11,6775,703.1818181818181,5550,8762,13,13,13,{13}
2024-12-29,PACTB,Cristobal,BSFPO,Freeport,1,1,MSC,1,11,6775,703.1818181818181,5550,8762,5,5,5,{5}
2024-12-29,PACTB,Cristobal,CNSHA,Shanghai,1,1,"Hapag-Lloyd; Wan Hai",2,13,13089.692307692309,584.6153846153846,8004,13806,31,31,31,{31}
2024-12-29,PACTB,Cristobal,COCTG,Cartagena,2,2,"Maersk Line; MSC",2,9,10947,638,2490,7849,1,1,1,"{1,1}"
2024-12-29,PACTB,Cristobal,CRMOB,Moin,1,1,"Ellerman; MSC",2,9,4294,1266.6666666666667,4112,4931,2,2,2,{2}
2024-12-29,PACTB,Cristobal,GBLGP,"London Gateway",1,1,MSC,1,9,9300,1306.888888888889,8800,11037,12,12,12,{12}
2024-12-29,PACTB,Cristobal,HNPCR,"Puerto Cortes",1,1,"Maersk Line; MSC",2,3,2945.6666666666665,528.6666666666666,2339,3674,1,1,1,{1}
2024-12-29,PACTB,Cristobal,ITGIT,"Gioia Tauro",1,1,MSC,1,14,9238.785714285714,727.5714285714286,8772,12119,17,17,17,{17}
2024-12-29,PACTB,Cristobal,MXVER,Veracruz,1,1,"Maersk Line; MSC",2,8,5967,638,4532,7849,6,6,6,{6}
2024-12-29,PACTB,Cristobal,PAMIT,Manzanillo,1,1,"MSC; ONE; ZIM",3,4,3030,559.25,2556,3649,2,2,2,{2}
2024-12-29,PACTB,Cristobal,PAROD,Rodman,2,2,"Ellerman; MSC",2,18,13594,2573.5555555555557,4112,11037,0,0.5,1,"{0,1}"
2024-12-29,PACTB,Cristobal,USPHL,"Philadelphia PA",1,1,MSC,1,3,3347,710,2872,3739,6,6,6,{6}
2024-12-29,PAMIT,Manzanillo,BEANR,Antwerp,1,1,"Maersk Line",1,8,3209,791.75,3075,4132,13,13,13,{13}
2024-12-29,PAMIT,Manzanillo,BRMAO,Manaus,1,1,"CMA CGM; COSCO; Maersk Line",3,4,3088,360,2602,3398,10,10,10,{10}
2024-12-29,PAMIT,Manzanillo,COBAQ,Barranquilla,2,2,"Caribbean Feeder; CMA CGM; COSCO; Evergreen Line; Hapag-Lloyd; Maersk Line; ONE; OOCL; Seaboard Marine; X-Press; ZIM",11,4,2760.666666666667,382,1020,1708,1,1.5,2,"{2,1}"
2024-12-29,PAMIT,Manzanillo,COBUN,Buenaventura,2,2,"CMA CGM; COSCO; Hapag-Lloyd; Maersk Line; OOCL",5,19,14395.866666666669,2605,4045,11519,2,2.5,3,"{2,3}"
2024-12-29,PAMIT,Manzanillo,COCTG,Cartagena,7,7,"Caribbean Feeder; CMA CGM; CNC Line-Cheng Lie Navigation Co. Ltd.; COSCO; Evergreen Line; Hapag-Lloyd; Maersk Line; MSC; OOCL; X-Press",10,39,40194.374242424245,5861.454545454545,2122,13566,1,1,2,"{1,1,2,2,1,1,1}"
2024-12-29,PAMIT,Manzanillo,COTRB,Turbo,2,2,"APL; CMA CGM; Maersk Line",3,8,4435.285714285714,1037.7142857142858,1841,2872,0,1,2,"{0,2}"
2024-12-29,PAMIT,Manzanillo,CRLIO,"Puerto Limon",1,1,Hapag-Lloyd,1,8,2728.125,569.75,2586,2837,0,0,0,{0}
2024-12-29,PAMIT,Manzanillo,CRMOB,Moin,4,4,"COSCO; Crowley; Evergreen Line; King Ocean; Maersk Line; OOCL; Seaboard Marine; X-Press; ZIM",9,14,8991.857142857143,2196.4285714285716,1080,3947,0,1,2,"{1,2,1,0}"
2024-12-29,PAMIT,Manzanillo,ECGYE,Guayaquil,1,1,"Seaboard Marine",1,3,1794,373.3333333333333,1732,1841,2,2,2,{2}
2024-12-29,PAMIT,Manzanillo,HNPCR,"Puerto Cortes",1,1,"Maersk Line; MSC",2,4,2509,500,2478,2550,3,3,3,{3}
2024-12-29,PAMIT,Manzanillo,JMKIN,Kingston,1,1,"Caribbean Feeder; Hapag-Lloyd; Maersk Line; ZIM",4,3,1809,300,1809,1809,2,2,2,{2}
2024-12-29,PAMIT,Manzanillo,MAPTM,Tanger,1,1,"Maersk Line",1,9,4210.666666666667,1103,4045,4258,11,11,11,{11}
2024-12-29,PAMIT,Manzanillo,PABLB,Balboa,1,1,"Maersk Line",1,8,3209,791.75,3075,4132,1,1,1,{1}
2024-12-29,PAMIT,Manzanillo,PACTB,Cristobal,2,2,"Maersk Line; MSC",2,4,7925.666666666666,528.6666666666666,2339,3674,0,0.5,1,"{0,1}"
2024-12-29,PAMIT,Manzanillo,PAONX,Colon,1,1,"COSCO; Evergreen Line; Maersk Line",3,1,1788,279,1788,1788,1,1,1,{1}
2024-12-29,PAMIT,Manzanillo,PAPAM,Almirante,1,1,"Maersk Line; MSC",2,2,2314,465,2122,2506,1,1,1,{1}
2024-12-29,PAMIT,Manzanillo,PAROD,Rodman,1,1,"Hapag-Lloyd; Hyundai; ONE; Yang Ming",4,13,13350.307692307691,1000,12552,13870,3,3,3,{3}
2024-12-29,PAMIT,Manzanillo,TTPOS,"Port of Spain",1,1,"MSC; ONE; ZIM",3,4,3030,559.25,2556,3649,2,2,2,{2}
2024-12-29,PAMIT,Manzanillo,USMIA,"Miami FL",1,1,"Seaboard Marine",1,3,1794,373.3333333333333,1732,1841,3,3,3,{3}
2024-12-29,PAMIT,Manzanillo,USNYC,"New York NY/NJ",1,1,"Hapag-Lloyd; Hyundai; ONE; Yang Ming",4,13,13350.307692307691,1000,12552,13870,5,5,5,{5}
2024-12-29,PAMIT,Manzanillo,USPEF,"Port Everglades FL",1,1,"CMA CGM; Hapag-Lloyd; Maersk Line",3,3,4429.666666666667,630,3947,5087,5,5,5,{5}
2024-12-29,PAMIT,Manzanillo,USPHL,"Philadelphia PA",1,1,"Seaboard Marine",1,3,2929.3333333333335,504.6666666666667,2526,3716,5,5,5,{5}
2024-12-29,PAMIT,Manzanillo,USSAV,"Savannah GA",1,1,"ANL; APL; CMA CGM; Marfret",4,14,2318.1428571428573,588.1428571428571,1064,2713,4,4,4,{4}
2024-12-29,PAONX,Colon,CNTAO,Qingdao,1,1,"APL; CMA CGM; COSCO; Evergreen Line; OOCL",5,11,11245.272727272726,626.8181818181819,8452,12118,24,24,24,{24}
2024-12-29,PAONX,Colon,JMKIN,Kingston,1,1,"COSCO; Evergreen Line; Maersk Line",3,1,1788,279,1788,1788,1,1,1,{1}
2024-12-29,PAONX,Colon,PACTB,Cristobal,3,3,MSC,1,34,25313.785714285714,2737.6421356421356,5550,12119,0,0,0,"{0,0,0}"
2024-12-29,PAONX,Colon,PAMIT,Manzanillo,2,2,"Evergreen Line; Maersk Line; MSC",3,3,5188,702,1708,3534,1,1,1,"{1,1}"
2024-12-29,PAONX,Colon,USSAV,"Savannah GA",2,2,"APL; CMA CGM; COSCO; Evergreen Line; OOCL",5,24,25339.734265734267,1242.2027972027972,8452,15372,5,5,5,"{5,5}"
2024-12-29,PAPAM,Almirante,GTPBR,"Puerto Barrios",1,1,"Great White Fleet",1,3,1841,462,1841,1841,2,2,2,{2}
2024-12-29,PAPAM,Almirante,PAMIT,Manzanillo,1,1,"Maersk Line; MSC",2,2,2314,465,2122,2506,3,3,3,{3}
2024-12-29,PAROD,Rodman,COBUN,Buenaventura,1,1,"Hapag-Lloyd; Hyundai; MSC; ONE",4,14,15069.285714285714,1238.0714285714287,10100,16520,1,1,1,{1}
2024-12-29,PAROD,Rodman,COCTG,Cartagena,1,1,"CMA CGM; Hapag-Lloyd; ONE; Yang Ming",4,11,4908.545454545455,330,4882,5014,2,2,2,{2}
2024-12-29,PAROD,Rodman,ECGYE,Guayaquil,2,2,"Ellerman; MSC",2,10,6840,1866.6666666666667,2546,4931,2,2,2,"{2,2}"
2024-12-29,PAROD,Rodman,KRPUS,Busan,1,1,"Maersk Line; MSC; ZIM",3,11,5933.727272727273,587.8181818181819,5466,6750,22,22,22,{22}
2024-12-29,PAROD,Rodman,MXLZC,"Lazaro Cardenas",1,1,"Hapag-Lloyd; Hyundai; MSC; ONE",4,13,10344.153846153846,1178.4615384615386,8553,13280,5,5,5,{5}
2024-12-29,PAROD,Rodman,MXZLO,"Manzanillo, MEX",1,1,MSC,1,14,9238.785714285714,727.5714285714286,8772,12119,5,5,5,{5}
2024-12-29,PAROD,Rodman,NICIO,Corinto,1,1,"APL; CMA CGM; Maersk Line",3,3,2546,536,2546,2546,4,4,4,{4}
2024-12-29,PAROD,Rodman,PACTB,Cristobal,1,1,MSC,1,9,9300,1306.888888888889,8800,11037,0,0,0,{0}
2024-12-29,PAROD,Rodman,PAONX,Colon,1,1,MSC,1,14,9238.785714285714,727.5714285714286,8772,12119,1,1,1,{1}
2024-12-29,PAROD,Rodman,PECLL,Callao,1,1,MSC,1,9,9300,1306.888888888889,8800,11037,4,4,4,{4}
2024-12-29,PAROD,Rodman,TWKHH,Kaohsiung,2,2,"Evergreen Line; Hapag-Lloyd; Hyundai; ONE; Yang Ming",5,24,20411.48951048951,1539.818181818182,6724,13870,29,29.5,30,"{30,29}"
2024-12-29,PAROD,Rodman,USLGB,"Long Beach CA",1,1,"CMA CGM; Hapag-Lloyd; ONE; Yang Ming",4,11,4908.545454545455,330,4882,5014,7,7,7,{7}
2024-12-29,PECLL,Callao,CLANF,Antofagasta,1,1,Hapag-Lloyd,1,2,1781,275,1781,1781,3,3,3,{3}
2024-12-29,PECLL,Callao,CLIQQ,Iquique,2,2,"CMA CGM; COSCO; Hapag-Lloyd; Hyundai; MSC; ONE; X-Press",7,13,15110.5,2280.416666666667,1341,13312,3,4,5,"{5,3}"
2024-12-29,PECLL,Callao,CLLQN,Lirquen,1,1,"APL; CMA CGM; COSCO; Evergreen Line; OOCL; Wan Hai",6,12,9357.583333333334,583.3333333333334,8468,10050,5,5,5,{5}
2024-12-29,PECLL,Callao,CLSAI,"San Antonio",4,4,"CMA CGM; COSCO; Hapag-Lloyd; Hyundai; Maersk Line; MSC; ONE; OOCL",8,39,37132.985714285714,4581.29365079365,2339,16520,3,3.5,4,"{3,3,4,4}"
2024-12-29,PECLL,Callao,CLVAP,Valparaiso,3,3,"APL; CMA CGM; COSCO; Evergreen Line; Maersk Line; OOCL; PIL; Wan Hai; Yang Ming",9,29,17904.763636363634,2022.2954545454545,3075,10020,4,4,4,"{4,4,4}"
2024-12-29,PECLL,Callao,ECGYE,Guayaquil,4,4,"CMA CGM; COSCO; Evergreen Line; Hapag-Lloyd; Hyundai; Maersk Line; MSC; ONE; PIL; Wan Hai; Yang Ming",11,37,27970.446053946052,2545.833832833833,2339,14000,2,2,3,"{3,2,2,2}"
2024-12-29,PECLL,Callao,ECPSJ,"Puerto de Posorja",2,2,"APL; CMA CGM; CNC Line-Cheng Lie Navigation Co. Ltd.; COSCO; Evergreen Line; Hapag-Lloyd; Maersk Line; OOCL",8,20,22101.6,2596.3,6350,16020,2,2.5,3,"{2,3}"
2024-12-29,PECLL,Callao,MXZLO,"Manzanillo, MEX",1,1,"Hapag-Lloyd; Hyundai; MSC; ONE",4,14,15069.285714285714,1238.0714285714287,10100,16520,7,7,7,{7}
2024-12-29,PECLL,Callao,PABLB,Balboa,1,1,"Maersk Line",1,4,3947,1000,3947,3947,4,4,4,{4}
2024-12-29,PECLL,Callao,PEPAI,Paita,5,5,"COSCO; King Ocean; Maersk Line; MSC; ONE; Seaboard Marine; X-Press; ZIM",8,21,16865.5,2913.822222222222,1296,11037,1,2,2,"{2,1,2,1,2}"
2024-12-29,PEPAI,Paita,ECGYE,Guayaquil,3,3,"COSCO; King Ocean; ONE; Seaboard Marine; X-Press; ZIM",6,10,4791,1138.9333333333334,1296,1841,0,1,1,"{0,1,1}"
2024-12-29,PEPAI,Paita,ECPBO,"Puerto Bolivar EC",1,1,"Ellerman; MSC",2,9,4294,1266.6666666666667,4112,4931,2,2,2,{2}
2024-12-29,PEPAI,Paita,ECPSJ,"Puerto de Posorja",2,2,"APL; CMA CGM; COSCO; Hapag-Lloyd; Marfret",5,17,9557.680555555555,2001.5277777777778,2586,7327,1,1,1,"{1,1}"
2024-12-29,PEPAI,Paita,GBDVR,Dover,1,1,"Europe Caribbean Line; Seatrade",2,7,331.85714285714283,86.28571428571429,72,439,15,15,15,{15}
2024-12-29,PEPAI,Paita,PABLB,Balboa,2,2,"Maersk Line; MSC",2,10,5983.5,1259.75,2546,4132,3,3.5,4,"{4,3}"
2024-12-29,PEPAI,Paita,PAROD,Rodman,1,1,MSC,1,9,9300,1306.888888888889,8800,11037,3,3,3,{3}
2024-12-29,PEPIO,Pisco,PECLL,Callao,2,2,"Maersk Line; MSC",2,11,12074.5,1774.888888888889,2546,11037,1,1,1,"{1,1}"
2024-12-29,PESVY,Salaverry,PEPAI,Paita,1,1,Hapag-Lloyd,1,8,2728.125,569.75,2586,2837,0,0,0,{0}
2024-12-29,PFPPT,"Papeete, Tahiti",KITRW,Tarawa,1,1,"Kyowa; NYK Bulk and Projects",2,2,3768,,914,970,9,9,9,{9}
2024-12-29,PFPPT,"Papeete, Tahiti",KRPUS,Busan,1,1,"Kyowa; NYK Bulk and Projects",2,2,4306.285714285715,,914,970,25,25,25,{25}
2024-12-29,PFPPT,"Papeete, Tahiti",NCNOU,Noumea,1,1,"ANL; APL; CMA CGM; Marfret",4,14,2318.1428571428573,588.1428571428571,1064,2713,8,8,8,{8}
2024-12-29,PFPPT,"Papeete, Tahiti",NZAKL,Auckland,1,1,NPDL,1,1,1754.2857142857142,222.85714285714286,614,614,12,12,12,{12}
2024-12-29,PFPPT,"Papeete, Tahiti",USSEA,"Seattle WA",1,1,"ANL; APL; CMA CGM; Hapag-Lloyd; Maersk Line; MSC",6,10,4518.1,399.1,3884,5466,14,14,14,{14}
2024-12-29,PFPPT,"Papeete, Tahiti",WSAPW,"Apia, W. Samoa",1,1,"Maersk Line; NPDL; Swire Shipping",3,2,3857,705.7142857142857,1102,1740,5,5,5,{5}
2024-12-29,PGKIM,Kimbe,PGRAB,Rabaul,1,1,"ANL; CMA CGM",2,1,7454.571428571428,2501.5714285714284,1338,1338,1,1,1,{1}
2024-12-29,PGLAE,Lae,NCNOU,Noumea,2,2,"Carpenters Shipping; Swire Shipping",2,6,8997.47619047619,1067.6190476190477,1678,2381,5,5,5,"{5,5}"
2024-12-29,PGLAE,Lae,PGKIM,Kimbe,1,1,"ANL; CMA CGM",2,1,7454.571428571428,2501.5714285714284,1338,1338,2,2,2,{2}
2024-12-29,PGLAE,Lae,PGMAG,Madang,2,2,"Carpenters Shipping; Maersk Line; Swire Shipping",3,5,7445.285714285714,1360,1022,2381,1,1.5,2,"{2,1}"
2024-12-29,PGLAE,Lae,PGPOM,"Port Moresby",3,3,"Kyowa; MELL; PIL; Swire Shipping",4,8,14298.095238095237,289.3333333333333,502,2800,1,2,5,"{5,2,1}"
2024-12-29,PGLAE,Lae,PGRAB,Rabaul,2,2,"ANL; CMA CGM",2,2,18820.285714285714,2785.7142857142853,1638,1740,1,1,1,"{1,1}"
2024-12-29,PGLAE,Lae,SBHIR,Honiara,2,2,"ANL; CMA CGM; COSCO; MELL; NPDL; PIL",6,4,11108.57142857143,1942.857142857143,1080,1740,2,2.5,3,"{2,3}"
2024-12-29,PGMAG,Madang,MYPKG,"Port Klang",2,2,"Carpenters Shipping; Swire Shipping",2,6,8997.47619047619,1067.6190476190477,1678,2381,7,8,9,"{7,9}"
2024-12-29,PGMAG,Madang,MYTPP,"Tanjung Pelepas",1,1,"Maersk Line",1,2,2898.8571428571427,597.1428571428571,1022,1114,13,13,13,{13}
2024-12-29,PGMAG,Madang,PGLAE,Lae,1,1,"ANL; CMA CGM",2,1,9126,1114.2857142857142,1638,1638,1,1,1,{1}
2024-12-29,PGPOM,"Port Moresby",AUTSV,Townsville,4,4,"ANL; CMA CGM; Kyowa; MELL; PIL; Swire Shipping",6,7,24492.95238095238,3075.047619047619,502,2800,2,2,5,"{2,2,5,2}"
2024-12-29,PGPOM,"Port Moresby",NCNOU,Noumea,1,1,"Swire Shipping",1,3,8625.42857142857,,2082,2082,5,5,5,{5}
2024-12-29,PGPOM,"Port Moresby",PGLAE,Lae,4,4,"ANL; Carpenters Shipping; CMA CGM; Swire Shipping",4,8,25400.619047619046,5112.047619047619,1338,2381,2,3,3,"{2,3,3,3}"
2024-12-29,PGPOM,"Port Moresby",SBNOR,Noro,1,1,"Maersk Line",1,2,2898.8571428571427,597.1428571428571,1022,1114,3,3,3,{3}
2024-12-29,PGRAB,Rabaul,PGLAE,Lae,1,1,Kyowa,1,2,1224,,502,506,2,2,2,{2}
2024-12-29,PGRAB,Rabaul,PGMAG,Madang,1,1,"Carpenters Shipping; Swire Shipping",2,3,4451.047619047619,304.76190476190476,1678,2082,1,1,1,{1}
2024-12-29,PGRAB,Rabaul,PGPOM,"Port Moresby",2,2,"ANL; CMA CGM",2,2,18820.285714285714,2785.7142857142853,1638,1740,2,2,2,"{2,2}"
2024-12-29,PGRAB,Rabaul,SBHIR,Honiara,1,1,"ANL; CMA CGM",2,1,7454.571428571428,2501.5714285714284,1338,1338,3,3,3,{3}
2024-12-29,PHBTG,Batangas,CNSHA,Shanghai,1,1,"CMA CGM; CNC Line-Cheng Lie Navigation Co. Ltd.; KMTC; SITC Shipping",4,4,2524.5,,2400,2698,3,3,3,{3}
2024-12-29,PHBTG,Batangas,PHCEB,Cebu,2,2,"CMA CGM; CNC Line-Cheng Lie Navigation Co. Ltd.; Evergreen Line",3,4,3418.5,379,1164,1984,1,1.5,2,"{1,2}"
2024-12-29,PHBTG,Batangas,PHCGY,"Cagayan de Oro",1,1,"Maersk Line",1,2,2636,200,2450,2822,3,3,3,{3}
2024-12-29,PHBTG,Batangas,PHDVO,Davao,2,2,"CMA CGM; CNC Line-Cheng Lie Navigation Co. Ltd.; SITC Shipping",3,6,4376.75,260,1781,2698,2,3,4,"{4,2}"
2024-12-29,PHBTG,Batangas,PHMNN,"Manila North Harbor",1,1,"RCL; SITC Shipping",2,3,1772.3333333333333,283.3333333333333,1707,1805,0,0,0,{0}
2024-12-29,PHBTG,Batangas,PHMNS,"Manila South Harbor",1,1,MSC,1,6,2430,412.5,2207,2556,2,2,2,{2}
2024-12-29,PHBTG,Batangas,PHSFS,"Subic Bay",1,1,"SITC Shipping",1,4,2499.75,85,2433,2700,0,0,0,{0}
2024-12-29,PHBTG,Batangas,TWTXG,Taichung,1,1,"Maersk Line",1,3,1778.6666666666667,333.3333333333333,1774,1781,2,2,2,{2}
2024-12-29,PHCEB,Cebu,CNYTN,Yantian,1,1,"Maersk Line",1,2,2636,200,2450,2822,4,4,4,{4}
2024-12-29,PHCEB,Cebu,PHCGY,"Cagayan de Oro",2,2,"CMA CGM; CNC Line-Cheng Lie Navigation Co. Ltd.; Evergreen Line; Wan Hai",4,4,3690.5,230,1708,1984,1,1,1,"{1,1}"
2024-12-29,PHCEB,Cebu,PHDVO,Davao,2,2,"Evergreen Line; SITC Shipping",2,6,4073.75,335,1164,2700,1,1,1,"{1,1}"
2024-12-29,PHCEB,Cebu,PHSFS,"Subic Bay",1,1,"Evergreen Line",1,4,1905.25,177.5,1809,1984,1,1,1,{1}
2024-12-29,PHCEB,Cebu,TWKHH,Kaohsiung,1,1,"BTL-Bengal Tiger Line; Evergreen Line; ONE; OOCL; X-Press; Yang Ming",6,1,1155,232,1155,1155,2,2,2,{2}
2024-12-29,PHCGY,"Cagayan de Oro",CNSHA,Shanghai,2,2,"Maersk Line; SITC Shipping",2,12,4261.5,375,1713,2698,4,4,4,"{4,4}"
2024-12-29,PHCGY,"Cagayan de Oro",CNSHK,Shekou,1,1,"CMA CGM; CNC Line-Cheng Lie Navigation Co. Ltd.",2,2,1844.5,129,1781,1908,5,5,5,{5}
2024-12-29,PHCGY,"Cagayan de Oro",PHCEB,Cebu,1,1,"Maersk Line",1,2,2636,200,2450,2822,1,1,1,{1}
2024-12-29,PHCGY,"Cagayan de Oro",PHDVO,Davao,2,2,"Evergreen Line; Wan Hai",2,4,3597,361.5,1708,1984,1,1.5,2,"{2,1}"
2024-12-29,PHDVO,Davao,CNSHA,Shanghai,1,1,"APL; CMA CGM; CNC Line-Cheng Lie Navigation Co. Ltd.; COSCO; ONE; OOCL; RCL",7,4,5555.5,520,4636,6350,3,3,3,{3}
2024-12-29,PHDVO,Davao,CNSHK,Shekou,1,1,MSC,1,6,2430,412.5,2207,2556,5,5,5,{5}
2024-12-29,PHDVO,Davao,CNTXG,Xingang/Tianjin,1,1,"SITC Shipping",1,4,2499.75,85,2433,2700,7,7,7,{7}
2024-12-29,PHDVO,Davao,HKHKG,"Hong Kong",2,2,"CMA CGM; CNC Line-Cheng Lie Navigation Co. Ltd.; Evergreen Line; Wan Hai",4,4,3701.5,361,1708,1984,3,3.5,4,"{3,4}"
2024-12-29,PHDVO,Davao,KRPTK,Pyongtaek,2,2,"CMA CGM; CNC Line-Cheng Lie Navigation Co. Ltd.; COSCO; Maersk Line",4,10,5632.4,978,2468,4275,6,6,6,"{6,6}"
2024-12-29,PHDVO,Davao,PHCGY,"Cagayan de Oro",2,2,"Maersk Line; SITC Shipping",2,12,4261.5,375,1713,2698,2,2,2,"{2,2}"
2024-12-29,PHDVO,Davao,PHGES,"General Santos",1,1,"Evergreen Line",1,2,1751,260.5,1708,1794,1,1,1,{1}
2024-12-29,PHDVO,Davao,TWKHH,Kaohsiung,2,2,"COSCO; Evergreen Line; Gold Star Line; Maersk Line; OOCL; Yang Ming; ZIM",7,6,5398.75,659.5,1164,4253,4,4.5,5,"{4,5}"
2024-12-29,PHGES,"General Santos",PHDVO,Davao,1,1,"Maersk Line",1,8,1740.25,375,1713,1800,2,2,2,{2}
2024-12-29,PHGES,"General Santos",TWKHH,Kaohsiung,1,1,"Evergreen Line",1,2,1751,260.5,1708,1794,5,5,5,{5}
2024-12-29,PHMNL,Manila,JPTYO,Tokyo,1,1,"APL; CMA CGM; CNC Line-Cheng Lie Navigation Co. Ltd.; COSCO; Evergreen Line",5,4,2911,400,2782,2954,6,6,6,{6}
2024-12-29,PHMNL,Manila,KRPUS,Busan,1,1,"Hyundai; ONE",2,3,2783.6666666666665,383,2553,2940,3,3,3,{3}
2024-12-29,PHMNL,Manila,TWKHH,Kaohsiung,1,1,"Wan Hai; Yang Ming",2,2,3034,,3013,3055,4,4,4,{4}
2024-12-29,PHMNN,"Manila North Harbor",CNNSA,Nansha,1,1,"RCL; SITC Shipping",2,3,1772.3333333333333,283.3333333333333,1707,1805,2,2,2,{2}
2024-12-29,PHMNN,"Manila North Harbor",CNSHK,Shekou,1,1,"Evergreen Line",1,4,1892.25,117,1792,1984,2,2,2,{2}
2024-12-29,PHMNN,"Manila North Harbor",CNTAO,Qingdao,1,1,"Asean Seas Line; Gold Star Line; ZIM",3,2,1706.5,267.5,1673,1740,6,6,6,{6}
2024-12-29,PHMNN,"Manila North Harbor",CNTXG,Xingang/Tianjin,1,1,"CMA CGM; CNC Line-Cheng Lie Navigation Co. Ltd.; OOCL",3,5,6395.2,998.6,5598,7327,7,7,7,{7}
2024-12-29,PHMNN,"Manila North Harbor",KRPUS,Busan,1,1,"CMA CGM; COSCO; Evergreen Line; KMTC; OOCL; RCL; TS Lines; Unifeeder",8,6,5921,676.6666666666666,5300,7092,5,5,5,{5}
2024-12-29,PHMNN,"Manila North Harbor",PHBTG,Batangas,1,1,"CMA CGM; CNC Line-Cheng Lie Navigation Co. Ltd.",2,2,1855.5,260,1781,1930,0,0,0,{0}
2024-12-29,PHMNN,"Manila North Harbor",PHCEB,Cebu,1,1,"SITC Shipping",1,4,2499.75,85,2433,2700,3,3,3,{3}
2024-12-29,PHMNN,"Manila North Harbor",PHDVO,Davao,1,1,"Maersk Line",1,5,2528,510.6,2474,2546,12,12,12,{12}
2024-12-29,PHMNN,"Manila North Harbor",PHMNS,"Manila South Harbor",3,3,"CMA CGM; CNC Line-Cheng Lie Navigation Co. Ltd.; COSCO; Sinotrans; SITC Shipping",5,9,8789.4,1233.9,2400,4275,0,0,1,"{1,0,0}"
2024-12-29,PHMNN,"Manila North Harbor",PHSFS,"Subic Bay",1,1,"Sinotrans; Wan Hai",2,2,1992,125,1946,2038,0,0,0,{0}
2024-12-29,PHMNN,"Manila North Harbor",THLCH,"Laem Chabang",1,1,"Evergreen Line; X-Press",2,4,2914,344,2910,2926,4,4,4,{4}
2024-12-29,PHMNN,"Manila North Harbor",TWKHH,Kaohsiung,4,4,"CMA CGM; CNC Line-Cheng Lie Navigation Co. Ltd.; Evergreen Line; Hyundai; MSC; ONE; OOCL; X-Press; Yang Ming",9,14,12707.666666666666,1156,1708,5018,1,2,3,"{3,1,1,3}"
2024-12-29,PHMNN,"Manila North Harbor",VNSGN,"Ho Chi Minh (VICT/Cat Lai)",1,1,"KMTC; Namsung",2,3,1594.6666666666667,243.33333333333334,1585,1614,2,2,2,{2}
2024-12-29,PHMNN,"Manila North Harbor",VNUIH,"Qui Nhon",1,1,"APL; CMA CGM; CNC Line-Cheng Lie Navigation Co. Ltd.; COSCO; Hyundai",5,5,1829.8,226,1708,1952,2,2,2,{2}
2024-12-29,PHMNS,"Manila South Harbor",CNFQG,Fuqing,1,1,"CMA CGM; CNC Line-Cheng Lie Navigation Co. Ltd.; COSCO",3,2,3085,566.5,2782,3388,2,2,2,{2}
2024-12-29,PHMNS,"Manila South Harbor",CNSHA,Shanghai,1,1,"Sinotrans; SITC Shipping",2,2,2600,200,2400,2800,7,7,7,{7}
2024-12-29,PHMNS,"Manila South Harbor",CNXMN,Xiamen,1,1,"SITC Shipping",1,1,1032,100,1032,1032,2,2,2,{2}
2024-12-29,PHMNS,"Manila South Harbor",PHBTG,Batangas,2,2,"Evergreen Line; SITC Shipping",2,6,4095.25,250,1164,2698,0,0.5,1,"{1,0}"
2024-12-29,PHMNS,"Manila South Harbor",PHDVO,Davao,2,2,"CMA CGM; CNC Line-Cheng Lie Navigation Co. Ltd.; COSCO; MSC",4,11,5534.4,879.9,2207,4275,2,3,4,"{4,2}"
2024-12-29,PHMNS,"Manila South Harbor",PHMNN,"Manila North Harbor",2,2,"Maersk Line; Sinotrans; Wan Hai",3,7,4520,635.6,1946,2546,0,0.5,1,"{1,0}"
2024-12-29,PHSFS,"Subic Bay",CNSHA,Shanghai,1,1,"Sinotrans; Wan Hai",2,2,1992,125,1946,2038,4,4,4,{4}
2024-12-29,PHSFS,"Subic Bay",PHBTG,Batangas,1,1,"SITC Shipping",1,4,2499.75,85,2433,2700,1,1,1,{1}
2024-12-29,PHSFS,"Subic Bay",PHCEB,Cebu,1,1,"Evergreen Line; Wan Hai",2,2,1846,101,1708,1984,1,1,1,{1}
2024-12-29,PHSFS,"Subic Bay",PHMNN,"Manila North Harbor",2,2,"MSC; SITC Shipping",2,10,6689.75,648.3333333333334,2433,5018,0,0,0,"{0,0}"
2024-12-29,PHSFS,"Subic Bay",THSRI,Sriracha,1,1,"Swire Shipping",1,3,8625.42857142857,,2082,2082,6,6,6,{6}
2024-12-29,PHSFS,"Subic Bay",TWKHH,Kaohsiung,1,1,"Evergreen Line",1,4,1905.25,177.5,1809,1984,1,1,1,{1}
2024-12-29,PKBQM,"Port Qasim",INHZA,Hazira,1,1,"Hyundai; ONE",2,11,4408.454545454545,581.8181818181819,6350,7164,1,1,1,{1}
2024-12-29,PKBQM,"Port Qasim",INMUN,Mundra,2,2,"CMA CGM; Evergreen Line; Feedertech; Maersk Line; ONE; Wan Hai; X-Press",7,9,8022.35,673.5,2756,4771,1,1.5,2,"{2,1}"
2024-12-29,PKBQM,"Port Qasim",INNSA,"Mumbai (Nhava Sheva)",4,4,"APL; CMA CGM; COSCO; Hapag-Lloyd; MSC; OOCL",6,50,33674.193806193805,2705.5594405594406,5888,13200,2,2,2,"{2,2,2,2}"
2024-12-29,PKBQM,"Port Qasim",INPAV,Pipavav,1,1,"APL; CMA CGM; Maersk Line",3,14,6429,544.8571428571429,6188,6802,2,2,2,{2}
2024-12-29,PKBQM,"Port Qasim",PKKHI,Karachi,3,3,"APL; CMA CGM; CNC Line-Cheng Lie Navigation Co. Ltd.; COSCO; Gold Star Line; ONE; OOCL; RCL; Samudera; X-Press; ZIM",11,14,15698.4,1593.5714285714284,1642,9200,0,0,1,"{0,0,1}"
2024-12-29,PKGWD,Gwadar,AEJEA,"Dubai, Jebel Ali",1,1,"CMA CGM; COSCO; X-Press",3,2,1702,306,1642,1762,0,0,0,{0}
2024-12-29,PKKHI,Karachi,AEJEA,"Dubai, Jebel Ali",5,5,"CMA CGM; Messina; Sidra; UAFL-United Africa Feeder Line; Unifeeder; Wan Hai",6,10,27877.190476190473,3239.5,1600,4406,2,2,4,"{4,2,2,2,2}"
2024-12-29,PKKHI,Karachi,INIXY,Kandla,1,1,Hapag-Lloyd,1,3,3430.3333333333335,496.6666666666667,3237,3649,1,1,1,{1}
2024-12-29,PKKHI,Karachi,INMUN,Mundra,5,4,"CMA CGM; COSCO; Evergreen Line; Feedertech; Hyundai; KMTC; ONE; OOCL; Sinokor; TS Lines; Unifeeder; Wan Hai; X-Press",13,50,30760.333333333332,2984.541666666667,4308,11010,1,1,3,"{3,1,1,1,1}"
2024-12-29,PKKHI,Karachi,INNSA,"Mumbai (Nhava Sheva)",4,4,"CMA CGM; COSCO; Hapag-Lloyd; ONE; OOCL; RCL; Samudera; X-Press",8,42,35588.84871794872,3098.846153846154,5018,14074,1,1.5,3,"{1,3,2,1}"
2024-12-29,PKKHI,Karachi,LKCMB,Colombo,2,2,"CMA CGM; COSCO; Gold Star Line; OOCL; Yang Ming; ZIM",6,11,13605.966666666667,1130.3333333333333,4253,9580,4,4.5,5,"{4,5}"
2024-12-29,PKKHI,Karachi,MYPKG,"Port Klang",3,3,"COSCO; CULines-China United Lines; Emirates Shipping; Evergreen Line; Global Feeder Shipping; IAL-Interasia Lines; KMTC; PIL; RCL; Sinokor; TS Lines",11,18,16599.885714285716,1472.457142857143,3359,8002,2,7,9,"{7,9,2}"
2024-12-29,PKKHI,Karachi,PKGWD,Gwadar,1,1,"CMA CGM; COSCO; X-Press",3,2,1702,306,1642,1762,3,3,3,{3}
2024-12-29,PKKHI,Karachi,SGSIN,Singapore,2,2,"APL; CMA CGM; CNC Line-Cheng Lie Navigation Co. Ltd.; COSCO; Gold Star Line; ONE; OOCL; RCL; Samudera; X-Press; ZIM",11,8,12283.714285714286,1171.857142857143,1528,9200,9,9,9,"{9,9}"
2024-12-29,PLGDN,Gdansk,DEBRV,Bremerhaven,2,2,"CMA CGM; COSCO; Maersk Line; MSC",4,17,20611.6,1383.8666666666668,2126,20568,3,3,3,"{3,3}"
2024-12-29,PLGDN,Gdansk,DEWVN,Wilhelmshaven,1,1,"CMA CGM; CNC Line-Cheng Lie Navigation Co. Ltd.; COSCO; Evergreen Line; OOCL",5,15,23547.533333333333,300,21413,24188,3,3,3,{3}
2024-12-29,PLGDN,Gdansk,FIKTK,Kotka,1,1,"COSCO; OOCL",2,1,1084,250,1084,1084,2,2,2,{2}
2024-12-29,PLGDN,Gdansk,FRLEH,"Le Havre",1,1,"CMA CGM; CNC Line-Cheng Lie Navigation Co. Ltd.; COSCO; Evergreen Line; OOCL",5,15,17522.066666666666,1158,17292,17859,3,3,3,{3}
2024-12-29,PLGDN,Gdansk,GBTEE,Teesport,2,1,"CMA CGM",1,6,2800,744,1400,1400,2,2.5,3,"{3,2}"
2024-12-29,PLGDN,Gdansk,LTKLJ,"Klaipeda
",1,1,"CMA CGM",1,2,2126,650,2126,2126,1,1,1,{1}
2024-12-29,PLGDN,Gdansk,PLGDY,"Gdynia Poland",3,3,"CMA CGM; COSCO; MSC; OOCL; Unifeeder",5,26,16744.666666666664,1234.9761904761904,1036,19224,0,1,1,"{1,0,1}"
2024-12-29,PLGDN,Gdansk,SENRK,Norrköping,1,1,"CMA CGM; COSCO; Evergreen Line; Hapag-Lloyd; Maersk Line; OOCL; Unifeeder",7,3,1307,126.66666666666667,1036,1578,2,2,2,{2}
2024-12-29,PLGDY,"Gdynia Poland",BEANR,Antwerp,1,1,"ONE; X-Press",2,2,1236,340.5,1036,1436,2,2,2,{2}
2024-12-29,PLGDY,"Gdynia Poland",DEBRV,Bremerhaven,2,2,"CMA CGM; COSCO; Evergreen Line; OOCL",4,3,2145,452.5,822,1425,2,2.5,3,"{3,2}"
2024-12-29,PLGDY,"Gdynia Poland",DEHAM,Hamburg,3,3,"Hapag-Lloyd; ONE; X-Press",3,4,3449.5,561.2857142857142,660,1781,1,2,2,"{2,2,1}"
2024-12-29,PLGDY,"Gdynia Poland",DEWVN,Wilhelmshaven,1,1,ONE,1,1,1085,250,1085,1085,1,1,1,{1}
2024-12-29,PLGDY,"Gdynia Poland",FIHEL,Helsinki,1,1,"Hapag-Lloyd; ONE",2,2,1440,316,1440,1440,2,2,2,{2}
2024-12-29,PLGDY,"Gdynia Poland",FIRAU,"Rauma Finland",1,1,"ONE; X-Press",2,2,1236,340.5,1036,1436,2,2,2,{2}
2024-12-29,PLGDY,"Gdynia Poland",GBIMM,Immingham,1,1,"CMA CGM; Unifeeder",2,2,945.5,188,917,974,2,2,2,{2}
2024-12-29,PLGDY,"Gdynia Poland",LTKLJ,"Klaipeda
",2,2,"COSCO; MSC; Yang Ming",3,22,15681.666666666666,1322.4761904761904,1296,19224,0,0.5,1,"{0,1}"
2024-12-29,PLGDY,"Gdynia Poland",NLRTM,Rotterdam,1,1,"CMA CGM; COSCO; OOCL; Unifeeder",4,3,1036,,1036,1036,3,3,3,{3}
2024-12-29,PLGDY,"Gdynia Poland",PLGDN,Gdansk,1,1,"CMA CGM; COSCO; Evergreen Line; Hapag-Lloyd; Maersk Line; OOCL; Unifeeder",7,3,1307,126.66666666666667,1036,1578,1,1,1,{1}
2024-12-29,PLSZZ,Szczecin,DEBRV,Bremerhaven,1,1,"CMA CGM; Maersk Line; OOCL; Unifeeder",4,1,750,150,750,750,1,1,1,{1}
2024-12-29,PLSZZ,Szczecin,PLGDY,"Gdynia Poland",1,1,"CMA CGM; Unifeeder",2,2,945.5,188,917,974,1,1,1,{1}
2024-12-29,PLSZZ,Szczecin,SEHEL,Helsingborg,2,1,"CMA CGM; Maersk Line; OOCL; Unifeeder",4,2,1500,300,750,750,0,0,0,"{0,0}"
2024-12-29,PRSJU,"San Juan PR",BEANR,Antwerp,1,1,Dole,1,5,299,55.6,264,439,10,10,10,{10}
2024-12-29,PRSJU,"San Juan PR",CASJB,"Saint John, New Brunswick",1,1,"APL; CMA CGM",2,3,1691,294,1691,1691,6,6,6,{6}
2024-12-29,PRSJU,"San Juan PR",COSMR,"Santa Marta",1,1,Dole,1,5,299,55.6,264,439,2,2,2,{2}
2024-12-29,PRSJU,"San Juan PR",DOCAU,Caucedo,3,3,"CMA CGM; Evergreen Line; Maersk Line; MSC; Unifeeder; ZIM",6,6,5863,903.3333333333334,1114,3534,1,1,2,"{1,2,1}"
2024-12-29,PRSJU,"San Juan PR",JMKIN,Kingston,1,1,"COSCO; Seaboard Marine; X-Press; ZIM",4,3,1093.6666666666667,224,1061,1118,2,2,2,{2}
2024-12-29,PRSJU,"San Juan PR",MFGES,Galisbay,1,1,Marfret,1,1,500,125,500,500,1,1,1,{1}
2024-12-29,PRSJU,"San Juan PR",SXSXM,"St Maarten",1,1,"CMA CGM",1,1,120,24,120,120,1,1,1,{1}
2024-12-29,PRSJU,"San Juan PR",USHOU,"Houston TX",1,1,"NSA-National Shipping of America",1,1,1140,172,570,570,6,6,6,{6}
2024-12-29,PRSJU,"San Juan PR",USJAX,"Jacksonville FL",4,4,"Crowley; Maersk Line; TOTE Maritime",3,4,11000,1136,2400,3100,2,3,3,"{3,3,2,3}"
2024-12-29,PRSJU,"San Juan PR",VICZB,"St John VI",1,1,"Tropical Shipping",1,2,1148,260,1148,1148,1,1,1,{1}
2024-12-29,PTFDF,"Figueira da Foz",PTLEI,Leixoes,1,1,"MSC; WEC Lines",2,1,624,80,624,624,1,1,1,{1}
2024-12-29,PTLEI,Leixoes,ESBIO,Bilbao,2,2,"MSC; WEC Lines",2,5,1557.2857142857142,319.42857142857144,804,868,2,2,2,"{2,2}"
2024-12-29,PTLEI,Leixoes,ESCAS,Castellon,1,1,"Borchard Lines Ltd",1,5,868,185.4,868,868,3,3,3,{3}
2024-12-29,PTLEI,Leixoes,ESFRO,Ferrol,2,2,"CMA CGM; Ellerman",2,4,2279,490.5,889,1400,1,1,1,"{1,1}"
2024-12-29,PTLEI,Leixoes,ESVGO,Vigo,2,2,"APL; Arkas Line; CMA CGM; Maersk Line; Marguisa; MSC; WEC Lines; X-Press; ZIM",9,6,1578,261.3333333333333,700,868,0,0.5,1,"{0,1}"
2024-12-29,PTLEI,Leixoes,GBLIV,Liverpool,1,1,"Borchard Lines Ltd",1,5,868,185.4,868,868,3,3,3,{3}
2024-12-29,PTLEI,Leixoes,NAWVB,"Walvis Bay",1,1,MACS,1,6,3963.3333333333335,,1158,2208,15,15,15,{15}
2024-12-29,PTLEI,Leixoes,NLRTM,Rotterdam,1,1,MACS,1,6,3963.3333333333335,,1158,2208,2,2,2,{2}
2024-12-29,PTLEI,Leixoes,PTLIS,Lisbon,8,8,"CMA CGM; Evergreen Line; Global Feeder Shipping; GS Lines; ONE; OOCL; PSL; X-Press; Yang Ming; ZIM",10,14,24152.761904761905,3019.0714285714284,868,1922,0,1,3,"{0,3,1,2,1,0,1,1}"
2024-12-29,PTLEI,Leixoes,PTSET,Setubal,3,3,"Arkas Line; CMA CGM; Messina; MSC; Tarros; WEC Lines",6,9,3209.833333333333,439.16666666666663,624,1930,0,1,1,"{1,1,0}"
2024-12-29,PTLEI,Leixoes,SNDKR,Dakar,1,1,"Grimaldi Lines",1,2,3313.714285714286,,612,1321,5,5,5,{5}
2024-12-29,PTLIS,Lisbon,CVRAI,Praia,1,1,"GS Lines",1,1,6832,808,1708,1708,6,6,6,{6}
2024-12-29,PTLIS,Lisbon,ESALG,Algeciras,4,4,"CMA CGM; COSCO; ONE; OOCL; X-Press",5,12,8496.5,1352.25,1025,4882,1,1,2,"{1,1,2,1}"
2024-12-29,PTLIS,Lisbon,ESLPA,"Las Palmas, Can Is",1,1,"GS Lines",1,1,4880,577.1428571428571,1708,1708,3,3,3,{3}
2024-12-29,PTLIS,Lisbon,ESVGO,Vigo,1,1,"CMA CGM; Evergreen Line; OOCL; X-Press",4,2,1430.142857142857,217.71428571428572,1528,1809,1,1,1,{1}
2024-12-29,PTLIS,Lisbon,GBFXT,Felixstowe,1,1,"COSCO; OOCL; Yang Ming",3,6,4901.5,468.6666666666667,4051,5618,2,2,2,{2}
2024-12-29,PTLIS,Lisbon,GBLGP,"London Gateway",1,1,"ONE; Yang Ming",2,2,1060.5,243,1036,1085,3,3,3,{3}
2024-12-29,PTLIS,Lisbon,MAPTM,Tanger,2,2,"APL; Arkas Line; CMA CGM; Global Feeder Shipping; Maersk Line; Marguisa; X-Press; ZIM",8,6,1961.3333333333333,277.3333333333333,700,1440,1,1,1,"{1,1}"
2024-12-29,PTLIS,Lisbon,STTMS,"Sao Tome",1,1,PSL,1,2,5748.285714285715,235.71428571428572,1829,1829,14,14,14,{14}
2024-12-29,PTLIS,Lisbon,USNYC,"New York NY/NJ",1,1,"Hapag-Lloyd; ZIM",2,7,1580.5714285714287,235.71428571428572,2742,2798,8,8,8,{8}
2024-12-29,PTSET,Setubal,ESLPA,"Las Palmas, Can Is",1,1,"MSC; WEC Lines",2,3,866,178,862,868,2,2,2,{2}
2024-12-29,PTSET,Setubal,FRMRS,"Marseilles-Fos (Marseilles)",1,1,"Arkas Line; CMA CGM; Messina; Tarros",4,6,1577.8333333333333,206.66666666666666,1267,1930,4,4,4,{4}
2024-12-29,PTSET,Setubal,FRMTX,Montoir,1,1,"CMA CGM; MSC; WEC Lines",3,2,1008,152.5,1008,1008,3,3,3,{3}
2024-12-29,PTSET,Setubal,MACAS,Casablanca,1,1,"MSC; WEC Lines",2,1,624,80,624,624,1,1,1,{1}
2024-12-29,PTSET,Setubal,PTLEI,Leixoes,4,4,"CMA CGM; Ellerman; MSC; WEC Lines",4,9,3836.285714285714,809.9285714285714,804,1400,0,1,2,"{0,2,1,1}"
2024-12-29,PTSIE,Sines,BRRIO,"Rio de Janeiro",1,1,"Hapag-Lloyd; MSC",2,10,9768.5,1344.7,8800,12119,11,11,11,{11}
2024-12-29,PTSIE,Sines,BSFPO,Freeport,1,1,"Maersk Line; MSC",2,9,7402.333333333333,586.8888888888889,6008,9200,12,12,12,{12}
2024-12-29,PTSIE,Sines,CAHAL,Halifax,1,1,MSC,1,6,4022.6666666666665,409.1666666666667,3007,4392,10,10,10,{10}
2024-12-29,PTSIE,Sines,DOCAU,Caucedo,1,1,MSC,1,9,9300,1306.888888888889,8800,11037,7,7,7,{7}
2024-12-29,PTSIE,Sines,ESCAD,Cadiz,1,1,"MSC; WEC Lines",2,2,868,234,868,868,1,1,1,{1}
2024-12-29,PTSIE,Sines,ESGIJ,Gijon,1,1,"MSC; WEC Lines",2,3,2405,338.6666666666667,1658,2825,3,3,3,{3}
2024-12-29,PTSIE,Sines,ESLPA,"Las Palmas, Can Is",1,1,"MSC; Stinnes",2,9,9153.111111111111,1021.2222222222221,6456,12119,2,2,2,{2}
2024-12-29,PTSIE,Sines,ESVLC,Valencia,3,3,MSC,1,23,16146.809523809523,1001.952380952381,957,16520,2,2,2,"{2,2,2}"
2024-12-29,PTSIE,Sines,FRLEH,"Le Havre",2,2,"Maersk Line; MSC; WEC Lines; ZIM",4,20,27422.86666666667,1168.1333333333332,4900,24346,2,2.5,3,"{2,3}"
2024-12-29,PTSIE,Sines,GBLIV,Liverpool,1,1,MSC,1,5,4732.8,576.8,4132,5060,3,3,3,{3}
2024-12-29,PTSIE,Sines,ITGIT,"Gioia Tauro",1,1,"MSC; WEC Lines; ZIM",3,5,5258.6,450,4900,6350,3,3,3,{3}
2024-12-29,PTSIE,Sines,PAROD,Rodman,1,1,MSC,1,14,9238.785714285714,727.5714285714286,8772,12119,11,11,11,{11}
2024-12-29,PTSIE,Sines,PTSET,Setubal,1,1,"MSC; WEC Lines",2,3,866,178,862,868,1,1,1,{1}
2024-12-29,PTSIE,Sines,USNYC,"New York NY/NJ",1,1,"Maersk Line; MSC",2,7,8479.142857142857,650,7846,9200,7,7,7,{7}
2024-12-29,PWROR,Koror,HKHKG,"Hong Kong",1,1,"MELL; PIL",2,2,1554,200,777,777,13,13,13,{13}
2024-12-29,QAHMD,Hamad,AEAUH,"Abu Dhabi",2,2,"COSCO; Evergreen Line; Hapag-Lloyd; Hyundai; ONE; OOCL; Yang Ming",7,12,17523.444444444445,1150,2200,16010,1,1,1,"{1,1}"
2024-12-29,QAHMD,Hamad,AEJEA,"Dubai, Jebel Ali",1,1,"COSCO; Hapag-Lloyd; Hyundai; ONE; Yang Ming",5,7,5179.571428571428,407.14285714285717,5500,6589,0,0,0,{0}
2024-12-29,QAHMD,Hamad,CNNSA,Nansha,1,1,"Emirates Shipping; Global Feeder Shipping; ONE; TS Lines",4,5,4048.6,422,2954,4498,13,13,13,{13}
2024-12-29,QAHMD,Hamad,IQUQR,"Umm Qasr",2,2,"CMA CGM; COSCO; Hapag-Lloyd; Hyundai; ONE; Yang Ming",6,10,8384.238095238095,919.1428571428571,2546,6589,2,2,2,"{2,2}"
2024-12-29,QAHMD,Hamad,SADMM,Dammam,4,4,"CMA CGM; CNC Line-Cheng Lie Navigation Co. Ltd.; COSCO; Evergreen Line; MSC; OOCL; Unifeeder; Wan Hai",8,32,42033.23809523809,3342.6190476190477,2546,16616,0,0.5,1,"{0,0,1,1}"
2024-12-29,RELPT,"Le Port RE",PKBQM,"Port Qasim",1,1,MSC,1,13,8063.076923076923,317.92307692307685,6492,9200,11,11,11,{11}
2024-12-29,REPDG,"Reunion Island",MGTOA,Tamatave/Toamasina,1,1,"CMA CGM",1,7,1730.2857142857142,287.85714285714283,1638,1858,3,3,3,{3}
2024-12-29,REPDG,"Reunion Island",MUPLU,"Port Louis",1,1,"ANL; APL; CMA CGM; MSC",4,17,8897.117647058823,798.8235294117648,8269,9572,1,1,1,{1}
2024-12-29,REPDG,"Reunion Island",MZMPM,Maputo,1,1,"CMA CGM; Maersk Line",2,7,3851.4285714285716,517.1428571428571,3650,4431,10,10,10,{10}
2024-12-29,REREU,Reunion,MUPLU,"Port Louis",1,1,"Maersk Line",1,4,2469,475,2450,2478,10,10,10,{10}
2024-12-29,ROCND,Constanta,BGVAR,Varna,1,1,"ONE; Yang Ming",2,1,1800,200,1800,1800,1,1,1,{1}
2024-12-29,ROCND,Constanta,GRPIR,Piraeus,2,2,"Arkas Line; CMA CGM; COSCO; Evergreen Line; Hapag-Lloyd; OOCL; ZIM",7,3,3477,528.5,1604,1788,2,2.5,3,"{2,3}"
2024-12-29,ROCND,Constanta,TRAMB,"Istanbul (Ambarli)",3,3,"Arkas Line; Hapag-Lloyd; ONE; Turkon; ZIM",5,10,5587.333333333333,1075.0666666666666,1022,2954,1,1,2,"{1,1,2}"
2024-12-29,ROCND,Constanta,TRIZT,Izmit,1,1,"CMA CGM",1,6,3373.4285714285716,426.42857142857144,3450,4506,2,2,2,{2}
2024-12-29,ROCND,Constanta,TRTEK,Tekirdag,2,2,MSC,1,8,3540.133333333333,424.4,1205,2480,1,1,1,"{1,1}"
2024-12-29,RULED,"St Petersburg",LTKLJ,"Klaipeda
",1,1,MSC,1,2,1719,400,1719,1719,2,2,2,{2}
2024-12-29,RULED,"St Petersburg",LVRIX,Riga,1,1,MSC,1,2,3005,50,3005,3005,2,2,2,{2}
2024-12-29,RUNVS,Novorossiysk,EGEDK,"El Dekheila",1,1,"Arkas Line",1,2,933.8571428571429,241.71428571428572,1022,1157,5,5,5,{5}
2024-12-29,RUNVS,Novorossiysk,ROCND,Constanta,1,1,MSC,1,5,2181.8,324.4,1740,2480,1,1,1,{1}
2024-12-29,RUNVS,Novorossiysk,TRAMB,"Istanbul (Ambarli)",1,1,"Arkas Line",1,1,1208,178,1208,1208,0,0,0,{0}
2024-12-29,RUVVO,Vladivostok,KRPUS,Busan,2,2,"Heung-A; Sinokor",2,5,2788,235.5,1091,1809,2,3,4,"{4,2}"
2024-12-29,SADMM,Dammam,AEAUH,"Abu Dhabi",3,3,"APL; CMA CGM; CNC Line-Cheng Lie Navigation Co. Ltd.; COSCO; Evergreen Line; MSC; ONE; OOCL; PIL",9,18,25977.59523809524,1806.142857142857,2546,20988,1,1,2,"{1,1,2}"
2024-12-29,SADMM,Dammam,AEJEA,"Dubai, Jebel Ali",1,1,"ONE; Samudera",2,4,2977.5,325,2742,3100,1,1,1,{1}
2024-12-29,SADMM,Dammam,IQUQR,"Umm Qasr",2,2,MSC,1,13,18031.166666666664,1311.5833333333333,3424,16616,0,0.5,1,"{0,1}"
2024-12-29,SADMM,Dammam,KRPUS,Busan,1,1,"Emirates Shipping; Global Feeder Shipping; KMTC; PIL; RCL; TS Lines",6,8,5878.5,386.25,5878,8110,16,16,16,{16}
2024-12-29,SADMM,Dammam,KWKWI,Kuwait,1,1,Hapag-Lloyd,1,3,3430.3333333333335,496.6666666666667,3237,3649,1,1,1,{1}
2024-12-29,SADMM,Dammam,SAJUB,Jubail,4,4,"Evergreen Line; Hapag-Lloyd; Hyundai; Maersk Line; MSC; ONE; Unifeeder; Wan Hai; Yang Ming",9,37,37776.00396825397,3176.785714285714,2546,16520,0,0,1,"{1,0,0,0}"
2024-12-29,SADMM,Dammam,SGSIN,Singapore,1,1,"CMA CGM; CNC Line-Cheng Lie Navigation Co. Ltd.; COSCO; Evergreen Line; OOCL",5,7,11339.42857142857,794,9661,12917,9,9,9,{9}
2024-12-29,SAJED,Jeddah,AEJEA,"Dubai, Jebel Ali",1,1,"CMA CGM; Evergreen Line; Feedertech; ONE; Wan Hai; X-Press",6,5,3457.6,486,2756,4252,7,7,7,{7}
2024-12-29,SAJED,Jeddah,BHKBS,"Khalifa Bin Salman Port",1,1,"CMA CGM",1,3,2372.6666666666665,357.3333333333333,2034,2542,6,6,6,{6}
2024-12-29,SAJED,Jeddah,DJJIB,Djibouti,2,2,"CMA CGM; Messina",2,5,12334.190476190475,1043.7142857142858,1209,4406,2,4,6,"{6,2}"
2024-12-29,SAJED,Jeddah,EGPSD,"Port Said",1,1,"CMA CGM",1,5,3065,305.6,2339,3430,2,2,2,{2}
2024-12-29,SAJED,Jeddah,EGSOK,Sokhna,3,3,"APL; CMA CGM; CNC Line-Cheng Lie Navigation Co. Ltd.; Evergreen Line; Feedertech; ONE; OOCL; PIL; Wan Hai; X-Press",10,21,14532.6,825.25,2756,6606,1,1,2,"{1,2,1}"
2024-12-29,SAJED,Jeddah,INMUN,Mundra,2,2,"CMA CGM; COSCO; Evergreen Line; ONE; Sidra; X-Press",6,5,10680.25,1689.2857142857142,1728,2902,6,7.5,9,"{6,9}"
2024-12-29,SAJED,Jeddah,JOAQB,Aqaba,4,4,"Arkas Line; CMA CGM; COSCO; Evergreen Line; Hapag-Lloyd; Medkon; MSC; ONE; Turkon; X-Press",10,12,15681.75,2031.25,1131,16000,1,1.5,2,"{2,1,2,1}"
2024-12-29,SAJED,Jeddah,KEMBA,Mombasa,1,1,Messina,1,3,16191,1581,4498,6296,12,12,12,{12}
2024-12-29,SAJED,Jeddah,LYMRA,Misurata,1,1,Messina,1,3,9916.190476190475,685.7142857142857,1600,4406,6,6,6,{6}
2024-12-29,SAJED,Jeddah,MYPKG,"Port Klang",1,1,"APL; CMA CGM; CNC Line-Cheng Lie Navigation Co. Ltd.; COSCO; Evergreen Line; OOCL",6,11,10146.545454545454,1066.1818181818182,9289,11388,13,13,13,{13}
2024-12-29,SAJED,Jeddah,SAKAC,"King Abdullah City",1,1,"Maersk Line",1,3,7111.333333333333,1600,7090,7154,1,1,1,{1}
2024-12-29,SAJED,Jeddah,SDPZU,"Port Sudan",1,1,"CMA CGM; Hapag-Lloyd; X-Press",3,1,4292.571428571428,,1878,1878,1,1,1,{1}
2024-12-29,SAJED,Jeddah,SOBBO,Berbera,1,1,"Feedertech; PIL",2,3,1808,250,1808,1808,2,2,2,{2}
2024-12-29,SAJED,Jeddah,YEADE,Aden,1,1,"CMA CGM; Hapag-Lloyd; Maersk Line",3,1,3730,,1865,1865,2,2,2,{2}
2024-12-29,SAJUB,Jubail,AEAUH,"Abu Dhabi",1,1,MSC,1,14,13646.142857142857,814.2857142857143,12400,16520,1,1,1,{1}
2024-12-29,SAJUB,Jubail,AEJEA,"Dubai, Jebel Ali",3,3,"CMA CGM; Maersk Line; Unifeeder; Wan Hai",4,17,12039.083333333334,1793.1666666666667,2546,9962,1,1,2,"{1,2,1}"
2024-12-29,SAJUB,Jubail,QAHMD,Hamad,1,1,"Evergreen Line; Hapag-Lloyd; Hyundai; ONE; Yang Ming",5,9,15323.444444444447,1000,12552,16010,1,1,1,{1}
2024-12-29,SAKAC,"King Abdullah City",EGPSD,"Port Said",1,1,"Maersk Line",1,3,7111.333333333333,1600,7090,7154,2,2,2,{2}
2024-12-29,SAKAC,"King Abdullah City",EGSOK,Sokhna,1,1,MSC,1,1,1118,,1118,1118,2,2,2,{2}
2024-12-29,SAKAC,"King Abdullah City",SAJED,Jeddah,1,1,MSC,1,4,10237.5,1083.25,6750,16000,0,0,0,{0}
2024-12-29,SBHIR,Honiara,FJSUV,Suva,1,1,"COSCO; MELL; NPDL; PIL",4,3,2160,400,1080,1080,4,4,4,{4}
2024-12-29,SBHIR,Honiara,PGLAE,Lae,1,1,"Carpenters Shipping; Swire Shipping",2,3,4546.428571428571,762.8571428571429,1794,2381,3,3,3,{3}
2024-12-29,SBHIR,Honiara,VUSAN,Santo,3,3,"ANL; CMA CGM; Kyowa; NYK Bulk and Projects",4,4,20709.428571428572,4044.4285714285716,914,1740,2,3,3,"{3,3,2}"
2024-12-29,SBHIR,Honiara,VUVLI,"Port Vila",1,1,"Kyowa; NYK Bulk and Projects",2,2,3768,,914,970,2,2,2,{2}
2024-12-29,SBNOR,Noro,PGLAE,Lae,1,1,"Maersk Line",1,2,2898.8571428571427,597.1428571428571,1022,1114,3,3,3,{3}
2024-12-29,SCPOV,"Seychelles Is., Port Victoria",AEJEA,"Dubai, Jebel Ali",1,1,"APL; CMA CGM",2,6,1998.3333333333333,294.1666666666667,1708,2490,9,9,9,{9}
2024-12-29,SCPOV,"Seychelles Is., Port Victoria",KMMUT,Mutsamudu,1,1,"UAFL-United Africa Feeder Line",1,2,5421,450,1740,1874,4,4,4,{4}
2024-12-29,SCPOV,"Seychelles Is., Port Victoria",OMSLL,Salalah,1,1,"Maersk Line",1,4,2469,475,2450,2478,1,1,1,{1}
2024-12-29,SCPOV,"Seychelles Is., Port Victoria",TZDAR,"Dar es Salaam",1,1,"CMA CGM; ONE; OOCL; X-Press",4,7,2632.5714285714284,438.57142857142856,2207,3635,1,1,1,{1}
2024-12-29,SDPZU,"Port Sudan",SAJED,Jeddah,1,1,"CMA CGM; Hapag-Lloyd; X-Press",3,1,4292.571428571428,,1878,1878,1,1,1,{1}
2024-12-29,SDPZU,"Port Sudan",SAKAC,"King Abdullah City",1,1,MSC,1,1,1118,,1118,1118,1,1,1,{1}
2024-12-29,SEAHU,Ahus,DELBC,Lubeck,1,1,MSC,1,2,1026,197.5,956,1096,1,1,1,{1}
2024-12-29,SEAHU,Ahus,SESOE,Sodertalje,1,1,"CMA CGM; ONE; X-Press",3,1,658,100,658,658,1,1,1,{1}
2024-12-29,SEGOT,Gothenburg,BEANR,Antwerp,1,1,MSC,1,1,2474,550,2474,2474,2,2,2,{2}
2024-12-29,SEGOT,Gothenburg,DEBRV,Bremerhaven,2,2,"CMA CGM; COSCO; OOCL; Unifeeder; X-Press; Yang Ming",6,2,1885,234,877,1008,1,2,3,"{1,3}"
2024-12-29,SEGOT,Gothenburg,DEHAM,Hamburg,1,1,"ACL-Atlantic Container Line; Hapag-Lloyd",2,5,3809,200,3809,3809,3,3,3,{3}
2024-12-29,SEGOT,Gothenburg,DKAAL,Aalborg,1,1,"CMA CGM; COSCO; Evergreen Line; Maersk Line; OOCL; Unifeeder",6,1,868,234,868,868,1,1,1,{1}
2024-12-29,SEGOT,Gothenburg,DKAAR,Aarhus,1,1,"Maersk Line; MSC",2,16,19224,764.5,15150,20568,1,1,1,{1}
2024-12-29,SEGOT,Gothenburg,NOOSL,Oslo,1,1,"CMA CGM; COSCO; Evergreen Line; Hapag-Lloyd; OOCL; Unifeeder",6,1,868,150,868,868,1,1,1,{1}
2024-12-29,SEGOT,Gothenburg,SEHEL,Helsingborg,1,1,"ONE; Yang Ming",2,2,1610.5,237,1440,1781,1,1,1,{1}
2024-12-29,SEGVX,Gavle,DEHAM,Hamburg,1,1,"CMA CGM",1,2,2126,650,2126,2126,3,3,3,{3}
2024-12-29,SEGVX,Gavle,LTKLJ,"Klaipeda
",1,1,MSC,1,2,2300,142.5,1800,2800,1,1,1,{1}
2024-12-29,SEGVX,Gavle,PLGDY,"Gdynia Poland",1,1,"ONE; X-Press",2,2,1236,340.5,1036,1436,1,1,1,{1}
2024-12-29,SEHAD,Halmstad,DKAAR,Aarhus,1,1,"CMA CGM; COSCO; Evergreen Line; Maersk Line; OOCL; Unifeeder",6,1,868,234,868,868,1,1,1,{1}
2024-12-29,SEHAD,Halmstad,DKCPH,Copenhagen,1,1,MSC,1,1,1402,250,1402,1402,1,1,1,{1}
2024-12-29,SEHEL,Helsingborg,DKAAR,Aarhus,2,2,"Eimskip; ONE; Royal Arctic Line; Yang Ming",4,5,3758.5,737,1440,2148,1,1.5,2,"{1,2}"
2024-12-29,SEHEL,Helsingborg,DKCPH,Copenhagen,1,1,"CMA CGM; COSCO; Evergreen Line; Hapag-Lloyd; Unifeeder",5,1,868,234,868,868,1,1,1,{1}
2024-12-29,SEHEL,Helsingborg,NOLAR,"Larvik ",1,1,"CMA CGM; COSCO; Evergreen Line; Hapag-Lloyd; OOCL; Unifeeder",6,1,750,150,750,750,1,1,1,{1}
2024-12-29,SEHEL,Helsingborg,PLSZZ,Szczecin,2,1,"CMA CGM; Maersk Line; OOCL; Unifeeder",4,2,1500,300,750,750,1,1,1,"{1,1}"
2024-12-29,SEHEL,Helsingborg,SEGOT,Gothenburg,1,1,MSC,1,1,2474,550,2474,2474,0,0,0,{0}
2024-12-29,SEIGG,Iggesund,DEKEL,Kiel,1,1,"SCA Logistics",1,3,36,,36,36,2,2,2,{2}
2024-12-29,SEMMA,Malmo,SEAHU,Ahus,1,1,"CMA CGM; ONE; X-Press",3,1,658,100,658,658,1,1,1,{1}
2024-12-29,SEMMA,Malmo,SEUME,Umea,1,1,"SCA Logistics",1,3,36,,36,36,2,2,2,{2}
2024-12-29,SENRK,Norrköping,FIRAU,"Rauma Finland",1,1,"CMA CGM; COSCO; Evergreen Line; Hapag-Lloyd; Maersk Line; OOCL; Unifeeder",7,3,1307,126.66666666666667,1036,1578,2,2,2,{2}
2024-12-29,SENRK,Norrköping,SEGVX,Gavle,1,1,"CMA CGM",1,2,2126,650,2126,2126,1,1,1,{1}
2024-12-29,SENRK,Norrköping,SESTO,Stockholm,1,1,MSC,1,2,2300,142.5,1800,2800,1,1,1,{1}
2024-12-29,SEOXE,Oxelosund,SEUME,Umea,1,1,"SCA Logistics",1,3,36,,36,36,1,1,1,{1}
2024-12-29,SESDL,Sundsvall,DEKEL,Kiel,1,1,"SCA Logistics",1,3,36,,36,36,2,2,2,{2}
2024-12-29,SESOE,Sodertalje,DEHAM,Hamburg,1,1,"CMA CGM; ONE; X-Press",3,1,658,100,658,658,2,2,2,{2}
2024-12-29,SESTO,Stockholm,FIKTK,Kotka,1,1,"CMA CGM; COSCO; Evergreen Line; Hapag-Lloyd; OOCL; Unifeeder",6,5,1031.6,249.6,1025,1036,1,1,1,{1}
2024-12-29,SESTO,Stockholm,SEGVX,Gavle,1,1,MSC,1,2,2300,142.5,1800,2800,1,1,1,{1}
2024-12-29,SEUME,Umea,GBTIL,Tilbury,1,1,"SCA Logistics",1,3,36,,36,36,5,5,5,{5}
2024-12-29,SEUME,Umea,SEIGG,Iggesund,1,1,"SCA Logistics",1,3,36,,36,36,1,1,1,{1}
2024-12-29,SEUME,Umea,SESDL,Sundsvall,1,1,"SCA Logistics",1,3,36,,36,36,1,1,1,{1}
2024-12-29,SEWAL,Wallhamn,BEANR,Antwerp,1,1,"Grimaldi Lines",1,4,729,,700,750,3,3,3,{3}
2024-12-29,SGSIN,Singapore,AEAUH,"Abu Dhabi",1,1,"CMA CGM; CNC Line-Cheng Lie Navigation Co. Ltd.; COSCO; Evergreen Line; OOCL",5,7,11339.42857142857,794,9661,12917,10,10,10,{10}
2024-12-29,SGSIN,Singapore,AEJEA,"Dubai, Jebel Ali",4,4,"APL; CMA CGM; CNC Line-Cheng Lie Navigation Co. Ltd.; COSCO; Emirates Shipping; Evergreen Line; Hapag-Lloyd; Hyundai; KMTC; MSC; ONE; OOCL; PIL; Yang Ming",14,31,54573.20634920635,3776.142857142857,5527,20988,8,9,10,"{9,8,9,10}"
2024-12-29,SGSIN,Singapore,AUBNE,Brisbane,2,2,"ANL; COSCO; Hapag-Lloyd; Maersk Line; ONE; OOCL; PIL",7,11,10182.833333333332,869.8666666666666,4253,6554,10,11.5,13,"{13,10}"
2024-12-29,SGSIN,Singapore,AUFRE,Fremantle,3,3,"ANL; Austral Asia Line; COSCO; Hapag-Lloyd; Maersk Line; ONE; OOCL",7,9,10220.142857142857,1009.5238095238095,979,5006,7,7,8,"{8,7,7}"
2024-12-29,SGSIN,Singapore,AUMEL,Melbourne,2,2,"ANL; CMA CGM; COSCO; Hapag-Lloyd; Maersk Line; ONE; OOCL; PIL; Yang Ming",9,12,12879.42857142857,1364.2285714285715,4211,10622,10,11.5,13,"{13,10}"
2024-12-29,SGSIN,Singapore,AUSYD,Sydney,1,1,"Maersk Line; ONE",2,7,5996.142857142857,1277.2857142857142,5552,6881,11,11,11,{11}
2024-12-29,SGSIN,Singapore,BDCGP,Chittagong,8,8,"APL; CMA CGM; CNC Line-Cheng Lie Navigation Co. Ltd.; COSCO; ONE; OOCL; PIL; Samudera; Yang Ming",9,9,22561,2788,728,1911,4,5,6,"{5,4,5,5,4,4,6,5}"
2024-12-29,SGSIN,Singapore,BHKBS,"Khalifa Bin Salman Port",1,1,COSCO,1,1,20642.85714285714,1942.857142857143,4250,4250,9,9,9,{9}
2024-12-29,SGSIN,Singapore,BRRIO,"Rio de Janeiro",2,2,"CMA CGM; COSCO; Evergreen Line; OOCL; PIL; Yang Ming",6,25,23595.589743589742,3044.4358974358975,8452,14100,22,22,22,"{22,22}"
2024-12-29,SGSIN,Singapore,BRSSZ,Santos,2,2,"Hapag-Lloyd; Maersk Line; MSC; ONE; ZIM",5,26,20931.230769230773,2787.3076923076924,8850,12119,21,21.5,22,"{21,22}"
2024-12-29,SGSIN,Singapore,CGPNR,"Pointe Noire",1,1,"CMA CGM; CNC Line-Cheng Lie Navigation Co. Ltd.; COSCO; Hapag-Lloyd; Maersk Line; OOCL",6,12,8557.583333333334,870.4166666666666,7090,9326,23,23,23,{23}
2024-12-29,SGSIN,Singapore,CIABJ,Abidjan,1,1,"COSCO; Gold Star Line; ONE; OOCL; ZIM",5,11,4933.272727272727,550.7272727272727,4248,7092,20,20,20,{20}
2024-12-29,SGSIN,Singapore,CNDCB,"Da Chan Bay",1,1,"Hyundai; ONE; Sinokor",3,16,6809.5,632.6875,5023,11010,4,4,4,{4}
2024-12-29,SGSIN,Singapore,CNNGB,Ningbo,1,1,"Hyundai; Sinokor",2,5,2037.6,405.6,1809,2190,6,6,6,{6}
2024-12-29,SGSIN,Singapore,CNNSA,Nansha,3,3,"CMA CGM; CNC Line-Cheng Lie Navigation Co. Ltd.; COSCO; Gold Star Line; Hapag-Lloyd; Maersk Line; ONE; PIL; ZIM",9,19,13517.523809523811,1287.6666666666665,2796,5928,4,5,5,"{5,5,4}"
2024-12-29,SGSIN,Singapore,CNQZH,Qinzhou,1,1,COSCO,1,2,1745.5,293.5,1706,1785,5,5,5,{5}
2024-12-29,SGSIN,Singapore,CNSHA,Shanghai,12,12,"APL; CMA CGM; CNC Line-Cheng Lie Navigation Co. Ltd.; COSCO; CULines-China United Lines; Evergreen Line; Gold Star Line; Hapag-Lloyd; Hyundai; IAL-Interasia Lines; Maersk Line; MSC; ONE; OOCL; PIL; RCL; Wan Hai; Yang Ming; ZIM",19,103,85030.56428571428,4769.126190476191,2664,20568,2,7,11,"{7,7,5,7,9,7,10,7,6,11,2,9}"
2024-12-29,SGSIN,Singapore,CNSHK,Shekou,3,3,"CMA CGM; CNC Line-Cheng Lie Navigation Co. Ltd.; COSCO; Hapag-Lloyd; Maersk Line; MSC; OOCL",7,31,34354.4,2910.333333333333,4250,19224,3,4,4,"{4,3,4}"
2024-12-29,SGSIN,Singapore,CNTAO,Qingdao,9,9,"APL; BTL-Bengal Tiger Line; CMA CGM; CNC Line-Cheng Lie Navigation Co. Ltd.; COSCO; Emirates Shipping; Evergreen Line; Gold Star Line; Hapag-Lloyd; KMTC; Maersk Line; ONE; OOCL; PIL; RCL; X-Press; ZIM",17,86,82955.70770895769,6061.119214119214,3110,21413,6,8,9,"{7,8,8,9,9,6,9,7,9}"
2024-12-29,SGSIN,Singapore,CNTXG,Xingang/Tianjin,4,4,"Evergreen Line; Feedertech; Hapag-Lloyd; Hyundai; Maersk Line; MSC; ONE; PIL; Samudera; TS Lines; Yang Ming",11,51,46682.6369047619,2712.7797619047615,3889,23964,5,9.5,10,"{10,5,9,10}"
2024-12-29,SGSIN,Singapore,CNXMN,Xiamen,1,1,"Maersk Line; MSC; ZIM",3,12,8380.416666666666,749.1666666666666,8010,8814,5,5,5,{5}
2024-12-29,SGSIN,Singapore,CNYGP,Yangpu,1,1,COSCO,1,3,1730,200,1710,1740,3,3,3,{3}
2024-12-29,SGSIN,Singapore,CNYTN,Yantian,3,3,"CMA CGM; CNC Line-Cheng Lie Navigation Co. Ltd.; COSCO; Evergreen Line; Hapag-Lloyd; Hyundai; Maersk Line; MSC; ONE; OOCL; Yang Ming",11,45,70120.33333333333,2886,15500,24232,4,4,5,"{4,4,5}"
2024-12-29,SGSIN,Singapore,DJJIB,Djibouti,2,2,"APL; CMA CGM; CNC Line-Cheng Lie Navigation Co. Ltd.; OOCL; PIL",5,16,11075,339.25,4211,6606,9,9.5,10,"{9,10}"
2024-12-29,SGSIN,Singapore,EGALY,Alexandria,2,2,"APL; CMA CGM; CNC Line-Cheng Lie Navigation Co. Ltd.; COSCO; Evergreen Line; MSC; OOCL",7,29,23721.9898989899,1274.5151515151515,2680,16000,15,23,31,"{31,15}"
2024-12-29,SGSIN,Singapore,EGDAM,Damietta,1,1,"Hapag-Lloyd; Hyundai; ONE; Yang Ming",4,15,12522.6,702.2,13169,15500,30,30,30,{30}
2024-12-29,SGSIN,Singapore,EGPSD,"Port Said",1,1,"Maersk Line; MSC",2,16,15192.625,641.625,13082,15516,29,29,29,{29}
2024-12-29,SGSIN,Singapore,ESVLC,Valencia,3,3,"APL; CMA CGM; CNC Line-Cheng Lie Navigation Co. Ltd.; COSCO; Evergreen Line; Maersk Line; MSC; OOCL",8,44,52212.41428571429,3340.7904761904765,8508,24232,27,27,30,"{27,30,27}"
2024-12-29,SGSIN,Singapore,FRDKK,Dunkirk,1,1,"CMA CGM; CNC Line-Cheng Lie Navigation Co. Ltd.; COSCO; Evergreen Line; Hapag-Lloyd; OOCL",6,14,22084.571428571428,1853.142857142857,17292,23112,27,27,27,{27}
2024-12-29,SGSIN,Singapore,GBFXT,Felixstowe,1,1,"CMA CGM; CNC Line-Cheng Lie Navigation Co. Ltd.; COSCO; Evergreen Line; OOCL",5,15,23547.533333333333,300,21413,24188,30,30,30,{30}
2024-12-29,SGSIN,Singapore,GHTEM,Tema,2,2,"MSC; PIL",2,25,18474.94871794872,755.9102564102565,3889,16000,20,22.5,25,"{20,25}"
2024-12-29,SGSIN,Singapore,GRPIR,Piraeus,2,2,"CMA CGM; CNC Line-Cheng Lie Navigation Co. Ltd.; COSCO; Evergreen Line; Hapag-Lloyd; Hyundai; ONE; OOCL; Yang Ming",9,29,34406.671428571426,1442.952380952381,14026,21413,30,30.5,31,"{30,31}"
2024-12-29,SGSIN,Singapore,HKHKG,"Hong Kong",16,16,"CMA CGM; CNC Line-Cheng Lie Navigation Co. Ltd.; COSCO; Evergreen Line; Gold Star Line; Hapag-Lloyd; Heung-A; Hyundai; IAL-Interasia Lines; KMTC; Maersk Line; MSC; ONE; OOCL; PIL; RCL; Wan Hai; Yang Ming; ZIM",19,146,132268.21575091576,12027.94358974359,2540,16010,1,4,5,"{4,1,5,4,4,3,5,4,5,4,3,5,4,4,3,3}"
2024-12-29,SGSIN,Singapore,IDJKT,"Jakarta, Java",8,8,"Carpenters Shipping; CMA CGM; CNC Line-Cheng Lie Navigation Co. Ltd.; COSCO; Hapag-Lloyd; Heung-A; KMTC; Maersk Line; MSC; ONE; OOCL; Sinokor; Swire Shipping",13,38,34888.37857142857,4358.1238095238095,1794,7327,2,2,3,"{2,3,2,2,3,2,2,3}"
2024-12-29,SGSIN,Singapore,IDSRG,"Semarang, Java",1,1,MSC,1,7,2940.1428571428573,521.4285714285714,2702,3534,4,4,4,{4}
2024-12-29,SGSIN,Singapore,IDSUB,"Surabaya, Java",2,2,"ANL; APL; CMA CGM; MSC",4,7,4260.571428571428,534.4,618,3398,3,3,3,"{3,3}"
2024-12-29,SGSIN,Singapore,ILASH,Ashdod,1,1,"Maersk Line; MSC",2,15,19157.06666666667,1685.3333333333333,18500,19224,29,29,29,{29}
2024-12-29,SGSIN,Singapore,INCCU,Kolkata,5,5,"BTL-Bengal Tiger Line; CMA CGM; ONE; OOCL; PIL; Samudera; SOL; X-Press; Yang Ming",9,10,5201.142857142858,436.2857142857143,600,1155,5,6,7,"{6,7,6,6,5}"
2024-12-29,SGSIN,Singapore,INENR,Ennore,1,1,"ANL; APL; CMA CGM; MSC",4,17,8897.117647058823,798.8235294117648,8269,9572,4,4,4,{4}
2024-12-29,SGSIN,Singapore,INMAA,Chennai/Madras,2,2,"CMA CGM; Evergreen Line; IAL-Interasia Lines; PIL; RCL",5,7,5833.2,498.6,1730,4275,4,4.5,5,"{4,5}"
2024-12-29,SGSIN,Singapore,INNSA,"Mumbai (Nhava Sheva)",4,4,"APL; CMA CGM; CNC Line-Cheng Lie Navigation Co. Ltd.; COSCO; Gold Star Line; Hyundai; ONE; OOCL; RCL; Samudera; Sinokor; X-Press; ZIM",13,28,22070.714285714286,2129.5446428571427,1528,11010,7,7,7,"{7,7,7,7}"
2024-12-29,SGSIN,Singapore,JPTYO,Tokyo,1,1,"Hapag-Lloyd; ONE",2,4,5223.25,532.5,4432,6927,8,8,8,{8}
2024-12-29,SGSIN,Singapore,JPUKB,Kobe,1,1,"ANL; APL; CMA CGM; COSCO; Evergreen Line; Hapag-Lloyd; Hyundai; ONE; OOCL; Yang Ming",10,19,8613.894736842105,792,8212,9040,8,8,8,{8}
2024-12-29,SGSIN,Singapore,KEMBA,Mombasa,1,1,MSC,1,5,4265,440.8,4056,4549,10,10,10,{10}
2024-12-29,SGSIN,Singapore,KRPUS,Busan,1,1,"Hapag-Lloyd; Hyundai; ONE; Yang Ming",4,15,18566.333333333332,1173.3333333333333,13792,20150,2,2,2,{2}
2024-12-29,SGSIN,Singapore,LKCMB,Colombo,5,5,"APL; CMA CGM; CNC Line-Cheng Lie Navigation Co. Ltd.; COSCO; Evergreen Line; Gold Star Line; Hapag-Lloyd; Hyundai; MSC; ONE; OOCL; RCL; Wan Hai; Yang Ming; ZIM",15,52,55378.83516483517,2442.6153846153848,4494,20150,3,4,5,"{4,4,5,3,4}"
2024-12-29,SGSIN,Singapore,MAPTM,Tanger,2,2,"CMA CGM; CNC Line-Cheng Lie Navigation Co. Ltd.; COSCO; Evergreen Line; Hapag-Lloyd; Hyundai; ONE; OOCL; Yang Ming",9,30,36088.399999999994,2331.333333333333,13792,20150,25,28,31,"{31,25}"
2024-12-29,SGSIN,Singapore,MUPLU,"Port Louis",2,2,"MSC; PIL",2,16,9870.507936507938,862.6666666666666,1808,8814,9,9.5,10,"{10,9}"
2024-12-29,SGSIN,Singapore,MYPEN,Penang,1,1,MSC,1,5,2981,487.2,2700,3534,3,3,3,{3}
2024-12-29,SGSIN,Singapore,MYPGU,"Pasir Gudang, Johor",1,1,"IAL-Interasia Lines; KMTC; Wan Hai",3,6,3973.8333333333335,359.6666666666667,3013,4890,0,0,0,{0}
2024-12-29,SGSIN,Singapore,MYPKG,"Port Klang",38,38,"ANL; APL; BTL-Bengal Tiger Line; CMA CGM; CNC Line-Cheng Lie Navigation Co. Ltd.; COSCO; CULines-China United Lines; Emirates Shipping; Evergreen Line; Feedertech; Gold Star Line; Hapag-Lloyd; Heung-A; Hyundai; IAL-Interasia Lines; KMTC; Namsung; ONE; OOCL; PIL; RCL; Samudera; SITC Shipping; SOL; TS Lines; Unifeeder; Wan Hai; X-Press; Yang Ming; ZIM",30,199,176991.94420289854,18468.791661961226,1500,15536,0,1,3,"{0,1,2,2,0,1,1,1,2,1,2,1,1,1,1,1,1,1,0,0,0,1,1,1,2,1,2,2,1,2,1,1,2,1,1,1,3,1}"
2024-12-29,SGSIN,Singapore,MYTPP,"Tanjung Pelepas",13,12,"CMA CGM; CNC Line-Cheng Lie Navigation Co. Ltd.; COSCO; Maersk Line; MSC; ONE; OOCL; X-Press; ZIM",9,97,60420.505494505494,6550.705616605617,2207,15254,0,1,4,"{4,3,1,1,0,1,2,0,1,1,1,1,1}"
2024-12-29,SGSIN,Singapore,NLRTM,Rotterdam,3,3,"ANL; APL; CMA CGM; CNC Line-Cheng Lie Navigation Co. Ltd.; COSCO; Evergreen Line; Hapag-Lloyd; Hyundai; ONE; OOCL; Yang Ming",11,48,54800.199498746864,1936.0190476190476,8212,24136,26,29,31,"{26,31,29}"
2024-12-29,SGSIN,Singapore,NZAKL,Auckland,1,1,"ANL; APL; CMA CGM; COSCO; OOCL; PIL",6,6,4831.333333333333,510.1666666666667,4255,5250,14,14,14,{14}
2024-12-29,SGSIN,Singapore,PGPOM,"Port Moresby",1,1,"Carpenters Shipping; Swire Shipping",2,3,4451.047619047619,304.76190476190476,1678,2082,10,10,10,{10}
2024-12-29,SGSIN,Singapore,PHMNN,"Manila North Harbor",2,2,"CMA CGM; COSCO; Evergreen Line; KMTC; OOCL; RCL; TS Lines; Unifeeder",8,10,8985,762.6666666666666,2926,7092,2,2.5,3,"{3,2}"
2024-12-29,SGSIN,Singapore,PHSFS,"Subic Bay",1,1,MSC,1,6,4190,563.3333333333334,3534,5018,5,5,5,{5}
2024-12-29,SGSIN,Singapore,PKKHI,Karachi,1,1,"COSCO; OOCL; Yang Ming",3,6,4563.166666666667,428.3333333333333,4253,4730,7,7,7,{7}
2024-12-29,SGSIN,Singapore,THLCH,"Laem Chabang",9,9,"APL; BTL-Bengal Tiger Line; CMA CGM; CNC Line-Cheng Lie Navigation Co. Ltd.; COSCO; Evergreen Line; Hapag-Lloyd; Hyundai; Maersk Line; MSC; ONE; OOCL; PIL; RCL; Samudera; X-Press; Yang Ming",17,105,103004.96721877156,6910.750103519668,2732,24346,1,4,6,"{6,4,2,4,4,1,4,2,5}"
2024-12-29,SGSIN,Singapore,TRAMB,"Istanbul (Ambarli)",1,1,"Hapag-Lloyd; Hyundai; ONE; Yang Ming",4,15,11976.333333333334,786.6666666666666,11976,14100,36,36,36,{36}
2024-12-29,SGSIN,Singapore,TWKHH,Kaohsiung,6,6,"ANL; CMA CGM; CNC Line-Cheng Lie Navigation Co. Ltd.; COSCO; Evergreen Line; Gold Star Line; Hapag-Lloyd; Hyundai; IAL-Interasia Lines; Maersk Line; ONE; OOCL; PIL; Wan Hai; Yang Ming; ZIM",16,42,31071.333333333336,2496.6277777777777,2806,14100,4,5,8,"{4,5,5,8,4,5}"
2024-12-29,SGSIN,Singapore,TWTXG,Taichung,1,1,"Maersk Line",1,2,2309,373,2298,2320,4,4,4,{4}
2024-12-29,SGSIN,Singapore,TZDAR,"Dar es Salaam",1,1,"Gold Star Line; Hapag-Lloyd; ONE; PIL; ZIM",5,7,3243.5714285714284,240.85714285714286,2664,3889,12,12,12,{12}
2024-12-29,SGSIN,Singapore,USNYC,"New York NY/NJ",1,1,"Maersk Line; MSC; ZIM",3,14,7372.714285714285,646.2857142857143,8112,11088,32,32,32,{32}
2024-12-29,SGSIN,Singapore,VNHPH,Haiphong,2,2,"COSCO; IAL-Interasia Lines; ONE; OOCL; PIL; Samudera; Wan Hai",7,7,5577.3,445,907,4738,4,4.5,5,"{4,5}"
2024-12-29,SGSIN,Singapore,VNSGN,"Ho Chi Minh (VICT/Cat Lai)",2,2,"COSCO; Evergreen Line; Maersk Line",3,8,4629,598,2208,2476,2,3,4,"{4,2}"
2024-12-29,SGSIN,Singapore,VNVUT,"Cai Mep",4,4,"APL; CMA CGM; CNC Line-Cheng Lie Navigation Co. Ltd.; COSCO; Evergreen Line; Hapag-Lloyd; Hyundai; MSC; ONE; OOCL; Samudera; TS Lines; Wan Hai; X-Press; Yang Ming",15,41,35606.01923076923,2612.9965034965035,3534,16000,2,2.5,4,"{2,4,3,2}"
2024-12-29,SGSIN,Singapore,ZADUR,Durban,2,2,"COSCO; Evergreen Line; Gold Star Line; Hapag-Lloyd; ONE; OOCL; PIL; ZIM",8,18,9199.666666666668,813.7777777777777,3889,5652,15,20,25,"{15,25}"
2024-12-29,SIKOP,Koper,CNTAO,Qingdao,1,1,"Tailwind Shipping Lines",1,6,11551.333333333334,1104.6666666666667,4957,6881,38,38,38,{38}
2024-12-29,SIKOP,Koper,GRPIR,Piraeus,1,1,"CMA CGM; COSCO; Evergreen Line; OOCL; Tarros; Unimed Feeder Services-UFS; X-Press",7,4,2650.75,332.5,2300,2926,4,4,4,{4}
2024-12-29,SIKOP,Koper,HRRJK,Rijeka,2,2,"Hapag-Lloyd; MSC",2,5,4026.3333333333335,753,1296,2702,1,1.5,2,"{1,2}"
2024-12-29,SIKOP,Koper,ITRAN,Ravenna,2,2,"Maersk Line; MSC",2,5,4010.833333333333,492.16666666666663,1078,2908,0,0.5,1,"{0,1}"
2024-12-29,SIKOP,Koper,ITTRS,Trieste,5,5,"APL; CMA CGM; CNC Line-Cheng Lie Navigation Co. Ltd.; COSCO; Evergreen Line; Maersk Line; MSC; ONE; OOCL; Yang Ming",10,36,31017.753787878788,2665.306818181818,1042,15516,0,0,1,"{0,0,1,0,0}"
2024-12-29,SIKOP,Koper,ITVCE,Venice,2,2,"COSCO; OOCL; ZIM",3,4,3154.5,760,1061,1922,1,1,1,"{1,1}"
2024-12-29,SIKOP,Koper,MEBAR,Bar,1,1,"CMA CGM",1,5,1478.4,339.6,1221,1841,1,1,1,{1}
2024-12-29,SLFNA,Freetown,GNCKY,Conakry,2,2,"CMA CGM; Maersk Line",2,7,6074.333333333334,1009.1666666666666,2468,3600,1,1.5,2,"{2,1}"
2024-12-29,SLFNA,Freetown,LRMLW,Monrovia,1,1,"Arkas Line; Hapag-Lloyd",2,4,1714.5,374.75,1118,2268,4,4,4,{4}
2024-12-29,SNDKR,Dakar,CIABJ,Abidjan,3,3,"CMA CGM; Grimaldi Lines; MSC",3,17,12925.928571428572,921.1904761904761,1318,6008,3,4,7,"{3,4,7}"
2024-12-29,SNDKR,Dakar,ESALG,Algeciras,1,1,"Maersk Line",1,2,1229.5,334.5,1118,1341,5,5,5,{5}
2024-12-29,SNDKR,Dakar,ESLPA,"Las Palmas, Can Is",1,1,MSC,1,6,3036.3333333333335,250,2762,3430,3,3,3,{3}
2024-12-29,SNDKR,Dakar,GBTIL,Tilbury,1,1,"CMA CGM",1,6,4281.5,536.3333333333334,4250,4367,10,10,10,{10}
2024-12-29,SNDKR,Dakar,GHTEM,Tema,1,1,"COSCO; OOCL",2,2,4046.8571428571427,752,1732,1809,7,7,7,{7}
2024-12-29,SNDKR,Dakar,GNCKY,Conakry,1,1,MSC,1,6,3036.3333333333335,250,2762,3430,1,1,1,{1}
2024-12-29,SNDKR,Dakar,MRNDB,Nouadhibou,1,1,"CMA CGM",1,4,1594,312.75,1350,1714,2,2,2,{2}
2024-12-29,SNDKR,Dakar,TGLFW,Lome,2,2,"Grimaldi Lines",1,5,6333.142857142857,,612,1321,6,7,8,"{8,6}"
2024-12-29,SOBBO,Berbera,INMUN,Mundra,1,1,"Feedertech; PIL",2,3,1808,250,1808,1808,6,6,6,{6}
2024-12-29,SOBBO,Berbera,YEADE,Aden,1,1,"CMA CGM; Global Feeder Shipping; Hapag-Lloyd",3,3,2501,266.6666666666667,2452,2550,1,1,1,{1}
2024-12-29,SOMGQ,Mogadishu,AEJEA,"Dubai, Jebel Ali",1,1,"CMA CGM",1,7,1730.2857142857142,287.85714285714283,1638,1858,9,9,9,{9}
2024-12-29,SOMGQ,Mogadishu,KEMBA,Mombasa,1,1,"APL; CMA CGM",2,6,1998.3333333333333,294.1666666666667,1708,2490,2,2,2,{2}
2024-12-29,SRPBM,Paramaribo,ECPBO,"Puerto Bolivar EC",1,1,"Europe Caribbean Line; Seatrade",2,7,331.85714285714283,86.28571428571429,72,439,8,8,8,{8}
2024-12-29,SRPBM,Paramaribo,GYGEO,"Georgetown, Guyana",1,1,"Europe Caribbean Line",1,4,738.2142857142857,,256,450,5,5,5,{5}
2024-12-29,SRPBM,Paramaribo,JMKIN,Kingston,1,1,"CMA CGM; COSCO",2,3,1253,334,1118,1345,6,6,6,{6}
2024-12-29,SRPBM,Paramaribo,TTPOS,"Port of Spain",2,2,"Caribbean Feeder; Hapag-Lloyd; Maersk Line; MSC; ZIM",5,4,2580,300,771,1809,2,2,2,"{2,2}"
2024-12-29,SRPBM,Paramaribo,USMIA,"Miami FL",1,1,"Seaboard Marine",1,2,1114,220,1114,1114,2,2,2,{2}
2024-12-29,SRPBM,Paramaribo,USPAB,"Palm Beach FL",1,1,"Tropical Shipping",1,2,1148,260,1148,1148,5,5,5,{5}
2024-12-29,STTMS,"Sao Tome",AOLAD,Luanda,1,1,PSL,1,2,5748.285714285715,235.71428571428572,1829,1829,4,4,4,{4}
2024-12-29,SVAQJ,Acajutla,CRCAL,"Puerto Caldera",1,1,"COSCO; Evergreen Line; OOCL",3,4,2516.25,431.5,2339,2634,2,2,2,{2}
2024-12-29,SVAQJ,Acajutla,MXLZC,"Lazaro Cardenas",1,1,ONE,1,1,2262,464,1131,1131,4,4,4,{4}
2024-12-29,SVAQJ,Acajutla,PABLB,Balboa,2,2,"APL; CMA CGM; Maersk Line",3,4,6274.571428571428,1178.857142857143,1740,2546,2,2,2,"{2,2}"
2024-12-29,SXSXM,"St Maarten",AGSJO,"St John's, Antigua",2,2,"CMA CGM; Tropical Shipping",2,5,1684.8333333333335,351,677,973,2,2,2,"{2,2}"
2024-12-29,SXSXM,"St Maarten",DOSDQ,"Santo Domingo",1,1,Marfret,1,1,500,125,500,500,3,3,3,{3}
2024-12-29,SXSXM,"St Maarten",GPPTP,Pointe-a-Pitre,1,1,"CMA CGM",1,1,120,24,120,120,1,1,1,{1}
2024-12-29,SXSXM,"St Maarten",KNBAS,"Basseterre, St Kitts",1,1,"King Ocean; Seaboard Marine",2,2,1296,195,1296,1296,1,1,1,{1}
2024-12-29,SXSXM,"St Maarten",LCSLU,"Castries, St Lucia",1,1,"CMA CGM; COSCO",2,3,1253,334,1118,1345,1,1,1,{1}
2024-12-29,SXSXM,"St Maarten",VGRAD,Tortola,2,2,"CMA CGM; Tropical Shipping",2,3,1268,284,120,1148,1,1,1,"{1,1}"
2024-12-29,SXSXM,"St Maarten",VISTT,"St Thomas VI",1,1,"CMA CGM",1,1,120,24,120,120,0,0,0,{0}
2024-12-29,SYLTK,Lattakia,LBBEY,Beirut,1,1,"Arkas Line; CMA CGM; Messina; Tarros",4,6,1577.8333333333333,206.66666666666666,1267,1930,0,0,0,{0}
2024-12-29,SYLTK,Lattakia,TRISK,Iskenderun,1,1,"CMA CGM",1,2,861,89,847,875,1,1,1,{1}
2024-12-29,SYLTK,Lattakia,TRIZM,Izmir,1,1,MSC,1,4,1014.5,139,847,1158,3,3,3,{3}
2024-12-29,SYLTK,Lattakia,TRMER,Mersin,1,1,"Arkas Line; CMA CGM; Hapag-Lloyd; Maersk Line; OOCL",5,4,2469,381,2442,2478,1,1,1,{1}
2024-12-29,SYTTS,Tartus,SYLTK,Lattakia,2,2,"CMA CGM; MSC",2,6,1875.5,228,847,1158,0,0.5,1,"{1,0}"
2024-12-29,TCPLS,Providenciales,TCXSC,"South Caicos, Cockburn Harbour",1,1,"Tropical Shipping",1,1,306,66,306,306,2,2,2,{2}
2024-12-29,TCPLS,Providenciales,USPAB,"Palm Beach FL",1,1,"Tropical Shipping",1,1,306,66,306,306,3,3,3,{3}
2024-12-29,TCXSC,"South Caicos, Cockburn Harbour",USPAB,"Palm Beach FL",1,1,"Tropical Shipping",1,1,306,66,306,306,3,3,3,{3}
2024-12-29,TGLFW,Lome,AOLAD,Luanda,1,1,"Grimaldi Lines",1,2,3313.714285714286,,612,1321,3,3,3,{3}
2024-12-29,TGLFW,Lome,BJCOO,Cotonou,2,2,"Grimaldi Lines; MSC",2,14,8097.442857142858,198.8,1318,6456,0,0.5,1,"{0,1}"
2024-12-29,TGLFW,Lome,CIABJ,Abidjan,2,2,MSC,1,20,19368.9010989011,1048.934065934066,4340,16000,1,2,3,"{3,1}"
2024-12-29,TGLFW,Lome,CMDLA,Douala,1,1,"Grimaldi Lines",1,3,3019.4285714285716,,1321,1321,4,4,4,{4}
2024-12-29,TGLFW,Lome,GQBSG,Bata,1,1,"APL; CMA CGM; Marguisa; Naviera DAL",4,6,3258.6666666666665,424.8333333333333,3091,3600,3,3,3,{3}
2024-12-29,TGLFW,Lome,INMUN,Mundra,1,1,MSC,1,18,13575.444444444447,208.33333333333334,2680,16000,21,21,21,{21}
2024-12-29,TGLFW,Lome,MYPKG,"Port Klang",2,2,"COSCO; Gold Star Line; ONE; OOCL; PIL; ZIM",6,24,8153.75,528.9166666666666,2824,7092,24,25.5,27,"{27,24}"
2024-12-29,TGLFW,Lome,NGAPP,Apapa,1,1,"CMA CGM; Maersk Line",2,9,5200,481.77777777777777,4496,7117,1,1,1,{1}
2024-12-29,TGLFW,Lome,NGTIN,"Lagos, Tin Can",3,3,"MSC; PIL",2,25,15810.285714285714,989.1904761904761,3889,7092,1,2,3,"{2,3,1}"
2024-12-29,THBKK,"Bangkok (Old Port)",THLCH,"Laem Chabang",26,26,"APL; Asean Seas Line; CK Line; CMA CGM; CNC Line-Cheng Lie Navigation Co. Ltd.; COSCO; CULines-China United Lines; Dongjin Shipping; Evergreen Line; Heung-A; Hyundai; IAL-Interasia Lines; KMTC; Maersk Line; Namsung; ONE; OOCL; PanCon; PanOcean; RCL; Sinokor; Sinotrans; SITC Shipping; SM Line; TS Lines; Wan Hai; Yang Ming; ZIM",28,85,46704.96904761905,5674.80476190476,1223,2208,0,1,2,"{1,0,0,0,1,1,0,0,1,1,1,2,1,1,0,1,0,1,0,0,1,1,1,1,1,1}"
2024-12-29,THBKK,"Bangkok (Old Port)",VNSGN,"Ho Chi Minh (VICT/Cat Lai)",3,3,"CK Line; Gold Star Line; Jin Jiang; KMTC; PanOcean; SITC Shipping; ZIM",7,10,5359.416666666667,376.66666666666663,1608,1908,1,1,3,"{3,1,1}"
2024-12-29,THLCH,"Laem Chabang",CNNGB,Ningbo,2,2,"COSCO; Maersk Line; MSC; OOCL; RCL",5,18,23695.266666666666,908.8,1223,24346,7,10,13,"{7,13}"
2024-12-29,THLCH,"Laem Chabang",CNNSA,Nansha,4,4,"Asean Seas Line; CMA CGM; CNC Line-Cheng Lie Navigation Co. Ltd.; COSCO; IAL-Interasia Lines; OOCL; Wan Hai",7,11,9784.416666666668,1263.25,1774,4250,4,4.5,5,"{5,4,4,5}"
2024-12-29,THLCH,"Laem Chabang",CNQZH,Qinzhou,1,1,"Maersk Line; Wan Hai; Yang Ming",3,3,1836,192.33333333333334,1800,1908,3,3,3,{3}
2024-12-29,THLCH,"Laem Chabang",CNSHA,Shanghai,2,2,"CMA CGM; CNC Line-Cheng Lie Navigation Co. Ltd.; Evergreen Line; MSC",4,7,4629.583333333334,568.3333333333333,1792,2824,6,6.5,7,"{7,6}"
2024-12-29,THLCH,"Laem Chabang",CNSHK,Shekou,3,3,"COSCO; KMTC; ONE; OOCL; PanOcean; SITC Shipping; SM Line; Yang Ming",8,11,7231.666666666667,925.5,1708,2940,4,4,5,"{4,4,5}"
2024-12-29,THLCH,"Laem Chabang",CNXMN,Xiamen,1,1,"Maersk Line",1,5,2769.2,512.6,2556,2940,6,6,6,{6}
2024-12-29,THLCH,"Laem Chabang",HKHKG,"Hong Kong",8,8,"APL; CK Line; CMA CGM; CNC Line-Cheng Lie Navigation Co. Ltd.; COSCO; Evergreen Line; Gold Star Line; Heung-A; Hyundai; KMTC; ONE; OOCL; Sinokor; TS Lines; Wan Hai; X-Press; Yang Ming; ZIM",18,27,19939.666666666664,2418.6666666666665,1585,5688,3,4,5,"{4,4,3,4,4,5,4,4}"
2024-12-29,THLCH,"Laem Chabang",IDJKT,"Jakarta, Java",1,1,"KMTC; Namsung; Sinokor",3,4,2610.5,239,2540,2806,3,3,3,{3}
2024-12-29,THLCH,"Laem Chabang",MYPKG,"Port Klang",1,1,MSC,1,5,3032,334.4,2474,3398,2,2,2,{2}
2024-12-29,THLCH,"Laem Chabang",PHMNN,"Manila North Harbor",1,1,"APL; CMA CGM; CNC Line-Cheng Lie Navigation Co. Ltd.; COSCO; Hyundai",5,5,1829.8,226,1708,1952,5,5,5,{5}
2024-12-29,THLCH,"Laem Chabang",SGSIN,Singapore,6,6,"BTL-Bengal Tiger Line; CMA CGM; COSCO; Evergreen Line; Feedertech; Hyundai; Maersk Line; MSC; ONE; OOCL; PIL; RCL; Samudera; Unifeeder; X-Press; Yang Ming; ZIM",17,39,31536.88717948718,3053.235897435898,2732,9662,2,3.5,6,"{3,4,4,6,2,3}"
2024-12-29,THLCH,"Laem Chabang",THBKK,"Bangkok (Old Port)",22,22,"APL; Asean Seas Line; CK Line; CMA CGM; CNC Line-Cheng Lie Navigation Co. Ltd.; COSCO; CULines-China United Lines; Dongjin Shipping; Evergreen Line; Gold Star Line; Heung-A; Hyundai; IAL-Interasia Lines; Jin Jiang; KMTC; Maersk Line; Namsung; ONE; OOCL; PanCon; PanOcean; RCL; Sinokor; SITC Shipping; SM Line; TS Lines; Wan Hai; Yang Ming; ZIM",29,71,39719.719047619044,4943.138095238096,1585,2208,0,1,3,"{2,0,1,0,1,1,0,0,1,3,1,2,1,1,1,0,1,0,1,0,1,1}"
2024-12-29,THLCH,"Laem Chabang",TWKHH,Kaohsiung,2,2,"CMA CGM; CNC Line-Cheng Lie Navigation Co. Ltd.; Evergreen Line; Wan Hai",4,8,3656.25,547.75,1708,1984,4,4,4,"{4,4}"
2024-12-29,THLCH,"Laem Chabang",VNHPH,Haiphong,5,5,"CMA CGM; CNC Line-Cheng Lie Navigation Co. Ltd.; COSCO; Evergreen Line; Maersk Line; MSC; ONE; RCL",8,21,12148.859523809522,1363.4952380952382,1668,4253,3,4,5,"{4,3,5,5,4}"
2024-12-29,THLCH,"Laem Chabang",VNSGN,"Ho Chi Minh (VICT/Cat Lai)",16,16,"CK Line; CMA CGM; CNC Line-Cheng Lie Navigation Co. Ltd.; CULines-China United Lines; Dongjin Shipping; Evergreen Line; Heung-A; KMTC; Maersk Line; Namsung; ONE; OOCL; PanCon; PanOcean; RCL; Sinokor; Sinotrans; SITC Shipping; SM Line; Yang Ming",20,53,29565.28571428571,3455.9880952380954,1614,2664,1,2,3,"{2,1,2,2,3,2,2,2,2,2,3,3,2,2,2,2}"
2024-12-29,THLCH,"Laem Chabang",VNVUT,"Cai Mep",9,9,"APL; Asean Seas Line; CMA CGM; CNC Line-Cheng Lie Navigation Co. Ltd.; COSCO; Evergreen Line; Hapag-Lloyd; Hyundai; MSC; ONE; OOCL; Yang Ming; ZIM",13,100,88013.42875723311,6352.880872750438,1673,19224,1,3,5,"{3,3,1,3,3,3,4,5,2}"
2024-12-29,THSRI,Sriracha,TWKHH,Kaohsiung,1,1,"Swire Shipping",1,3,8625.42857142857,,2082,2082,5,5,5,{5}
2024-12-29,TLDIL,"Dili, East Timor",AUDRW,Darwin,1,1,"ANL; APL; CMA CGM",3,2,1228.5714285714287,200,618,1102,2,2,2,{2}
2024-12-29,TNSFA,Sfax,TNTUN,Tunis,1,1,Medkon,1,1,1764.2857142857142,,650,650,2,2,2,{2}
2024-12-29,TNSFA,Sfax,TRIZM,Izmir,1,1,"Arkas Line; Hapag-Lloyd",2,2,1615,271.42857142857144,1122,1139,7,7,7,{7}
2024-12-29,TNTUN,Tunis,ESVLC,Valencia,1,1,Medkon,1,1,353,,353,353,2,2,2,{2}
2024-12-29,TNTUN,Tunis,FRMRS,"Marseilles-Fos (Marseilles)",1,1,"CMA CGM",1,2,230,25.714285714285715,760,850,2,2,2,{2}
2024-12-29,TNTUN,Tunis,ITGIT,"Gioia Tauro",3,3,MSC,1,3,1818,100,426,800,1,2,2,"{2,2,1}"
2024-12-29,TNTUN,Tunis,TRAMB,"Istanbul (Ambarli)",1,1,Medkon,1,1,1764.2857142857142,,650,650,5,5,5,{5}
2024-12-29,TOTBU,Nuku'alofa,WSAPW,"Apia, W. Samoa",3,3,"Kyowa; NYK Bulk and Projects; ONE; Swire Shipping",4,8,12037.5,,914,2082,1,2,2,"{1,2,2}"
2024-12-29,TRALI,Aliaga,GBFXT,Felixstowe,1,1,"Borchard Lines Ltd; COSCO; Hapag-Lloyd; Maersk Line; OOCL; Turkon",6,5,7803.8,668,6478,8749,10,10,10,{10}
2024-12-29,TRALI,Aliaga,GRPIR,Piraeus,3,3,"COSCO; Hapag-Lloyd; MSC; ZIM",4,16,8551.3,1142.9416666666666,1740,4839,0,1,2,"{1,2,0}"
2024-12-29,TRALI,Aliaga,ILHFA,Haifa,1,1,Medkon,1,2,1687.142857142857,178.57142857142858,1162,1200,2,2,2,{2}
2024-12-29,TRALI,Aliaga,ITGIT,"Gioia Tauro",1,1,MSC,1,6,1016.6666666666666,187.66666666666666,957,1104,3,3,3,{3}
2024-12-29,TRALI,Aliaga,ITSAL,Salerno,1,1,"Hapag-Lloyd; ZIM",2,7,1580.5714285714287,235.71428571428572,2742,2798,3,3,3,{3}
2024-12-29,TRALI,Aliaga,ITTRS,Trieste,1,1,"Maersk Line; MSC",2,3,1453.3333333333333,174.66666666666666,1078,1842,3,3,3,{3}
2024-12-29,TRALI,Aliaga,MTMAR,"Malta (Marsaxlokk)",1,1,"CMA CGM",1,6,3373.4285714285716,426.42857142857144,3450,4506,2,2,2,{2}
2024-12-29,TRALI,Aliaga,PTSIE,Sines,1,1,"MSC; WEC Lines; ZIM",3,5,5258.6,450,4900,6350,5,5,5,{5}
2024-12-29,TRALI,Aliaga,TNSFA,Sfax,1,1,Medkon,1,1,1764.2857142857142,,650,650,4,4,4,{4}
2024-12-29,TRALI,Aliaga,TRAMB,"Istanbul (Ambarli)",3,3,"Arkas Line; CMA CGM; COSCO; Evergreen Line; ONE; OOCL",6,10,7423.928571428572,526.7857142857142,1445,4600,1,1,1,"{1,1,1}"
2024-12-29,TRALI,Aliaga,TRGEM,"Istanbul (Gemlik)",2,2,"CMA CGM",1,6,3036,579.75,1267,1809,2,2,2,"{2,2}"
2024-12-29,TRALI,Aliaga,TRMER,Mersin,2,2,"Admiral; Arkas Line; Hapag-Lloyd; Hyundai; ONE; OOCL; Tarros; Turkon; Yang Ming",9,17,15772.761904761905,1362.3809523809523,2478,14100,3,3,3,"{3,3}"
2024-12-29,TRAMB,"Istanbul (Ambarli)",BGBOJ,Burgas,2,2,"Arkas Line; CMA CGM; Hapag-Lloyd; Maersk Line; ZIM",5,6,4193,558.4,1445,2954,1,1.5,2,"{2,1}"
2024-12-29,TRAMB,"Istanbul (Ambarli)",BGVAR,Varna,1,1,"Arkas Line; COSCO",2,1,1445,120,1445,1445,1,1,1,{1}
2024-12-29,TRAMB,"Istanbul (Ambarli)",CNDCB,"Da Chan Bay",1,1,ZIM,1,15,7906.8,503.3333333333333,5300,10062,41,41,41,{41}
2024-12-29,TRAMB,"Istanbul (Ambarli)",DZAAE,Annaba,1,1,"Arkas Line; Hapag-Lloyd",2,2,2077.714285714286,400.2857142857143,1201,1223,2,2,2,{2}
2024-12-29,TRAMB,"Istanbul (Ambarli)",EGALY,Alexandria,1,1,"CMA CGM",1,2,1302.5,285,1267,1338,2,2,2,{2}
2024-12-29,TRAMB,"Istanbul (Ambarli)",GEPTI,Poti,4,4,"Arkas Line; CMA CGM; Maersk Line; ONE; Turkon; Unifeeder",6,7,5059,1006,1022,1604,3,4,5,"{4,3,4,5}"
2024-12-29,TRAMB,"Istanbul (Ambarli)",GRPIR,Piraeus,2,2,"APL; CMA CGM; CNC Line-Cheng Lie Navigation Co. Ltd.; COSCO; Evergreen Line; ONE; OOCL",7,21,17532.64285714286,920.1428571428571,4253,14500,1,1,1,"{1,1}"
2024-12-29,TRAMB,"Istanbul (Ambarli)",MTMAR,"Malta (Marsaxlokk)",1,1,"CMA CGM",1,4,1733.5,294.75,1604,1809,4,4,4,{4}
2024-12-29,TRAMB,"Istanbul (Ambarli)",ROCND,Constanta,1,1,"ONE; Yang Ming",2,1,1800,200,1800,1800,2,2,2,{2}
2024-12-29,TRAMB,"Istanbul (Ambarli)",TNSFA,Sfax,1,1,"Arkas Line; Hapag-Lloyd",2,2,1615,271.42857142857144,1122,1139,4,4,4,{4}
2024-12-29,TRAMB,"Istanbul (Ambarli)",TRALI,Aliaga,1,1,"Admiral; Arkas Line; Hapag-Lloyd; OOCL; Tarros; Turkon",6,2,3796.4285714285716,575.7142857142857,2478,2837,2,2,2,{2}
2024-12-29,TRAMB,"Istanbul (Ambarli)",TRDIL,Diliskelesi,1,1,"Arkas Line",1,1,1208,178,1208,1208,1,1,1,{1}
2024-12-29,TRAMB,"Istanbul (Ambarli)",TRDRC,Derince,1,1,ZIM,1,3,1817.3333333333333,322.6666666666667,1484,1984,0,0,0,{0}
2024-12-29,TRAMB,"Istanbul (Ambarli)",TRGEB,"Istanbul (Gebze)",4,4,"CMA CGM; Medkon; ONE",3,15,11115.52380952381,1105,650,4506,0,1,1,"{1,1,1,0}"
2024-12-29,TRAMB,"Istanbul (Ambarli)",TRGEM,"Istanbul (Gemlik)",4,4,"Arkas Line; Borchard Lines Ltd; COSCO; Hapag-Lloyd; Maersk Line; MSC; OOCL; Turkon; WEC Lines; ZIM",10,17,18367.9,1873.9,2207,8749,0,1,1,"{0,1,1,1}"
2024-12-29,TRAMB,"Istanbul (Ambarli)",TRIZM,Izmir,1,1,"Arkas Line; Maersk Line; Tarros; Turkon",4,2,1655,214,1529,1781,1,1,1,{1}
2024-12-29,TRAMB,"Istanbul (Ambarli)",TRIZT,Izmit,6,6,"Arkas Line; CMA CGM; Evergreen Line; Hapag-Lloyd; Hyundai; Maersk Line; Medkon; ONE; Turkon; Yang Ming",10,38,24220.928571428572,3421.6904761904757,1445,14100,0,1,1,"{1,0,1,1,1,1}"
2024-12-29,TRAMB,"Istanbul (Ambarli)",TRMER,Mersin,1,1,Medkon,1,2,1687.142857142857,178.57142857142858,1162,1200,0,0,0,{0}
2024-12-29,TRAMB,"Istanbul (Ambarli)",TRTEK,Tekirdag,2,2,"Maersk Line; MSC",2,20,21338.86666666667,2009.7333333333331,1740,19224,0,0.5,1,"{0,1}"
2024-12-29,TRDIL,Diliskelesi,RUNVS,Novorossiysk,1,1,"Arkas Line",1,1,1208,178,1208,1208,3,3,3,{3}
2024-12-29,TRDRC,Derince,TRAMB,"Istanbul (Ambarli)",1,1,ZIM,1,15,7906.8,503.3333333333333,5300,10062,1,1,1,{1}
2024-12-29,TRDRC,Derince,TRGEM,"Istanbul (Gemlik)",1,1,ZIM,1,3,1817.3333333333333,322.6666666666667,1484,1984,1,1,1,{1}
2024-12-29,TRDRC,Derince,TRTEK,Tekirdag,1,1,MSC,1,6,1016.6666666666666,187.66666666666666,957,1104,0,0,0,{0}
2024-12-29,TRGEB,"Istanbul (Gebze)",GRPIR,Piraeus,1,1,"CMA CGM",1,1,1000,,1000,1000,2,2,2,{2}
2024-12-29,TRGEB,"Istanbul (Gebze)",ITTRS,Trieste,1,1,"Maersk Line; MSC",2,2,2557.5,317.5,2207,2908,3,3,3,{3}
2024-12-29,TRGEB,"Istanbul (Gebze)",TRALI,Aliaga,2,2,"CMA CGM; Medkon",2,7,5137.714285714286,426.42857142857144,650,4506,1,1.5,2,"{1,2}"
2024-12-29,TRGEB,"Istanbul (Gebze)",TRAMB,"Istanbul (Ambarli)",2,2,"Arkas Line; Borchard Lines Ltd; COSCO; Hapag-Lloyd; Maersk Line; OOCL; Tarros; Turkon",8,7,9458.8,882,1529,8749,0,0.5,1,"{1,0}"
2024-12-29,TRGEB,"Istanbul (Gebze)",TRGEM,"Istanbul (Gemlik)",7,7,"Arkas Line; CMA CGM; Maersk Line; Medkon; MSC; ONE; Tarros; Turkon",8,25,16445.37619047619,1921.1714285714286,847,4992,0,0,1,"{1,0,0,0,1,0,1}"
2024-12-29,TRGEB,"Istanbul (Gebze)",TRTEK,Tekirdag,1,1,MSC,1,5,4732.8,576.8,4132,5060,0,0,0,{0}
2024-12-29,TRGEM,"Istanbul (Gemlik)",GRPIR,Piraeus,1,1,"Arkas Line; CMA CGM; Evergreen Line",3,2,1531.5,204.5,1445,1618,2,2,2,{2}
2024-12-29,TRGEM,"Istanbul (Gemlik)",MAPTM,Tanger,1,1,"Arkas Line; Hapag-Lloyd",2,5,2748,438.4,2478,2954,6,6,6,{6}
2024-12-29,TRGEM,"Istanbul (Gemlik)",MTMAR,"Malta (Marsaxlokk)",1,1,"CMA CGM",1,5,1478.4,339.6,1221,1841,5,5,5,{5}
2024-12-29,TRGEM,"Istanbul (Gemlik)",TRALI,Aliaga,3,3,"Borchard Lines Ltd; COSCO; Hapag-Lloyd; Maersk Line; Medkon; MSC; OOCL; Turkon",8,12,11672.742857142857,1170.9714285714285,1162,8749,1,2,3,"{1,2,3}"
2024-12-29,TRGEM,"Istanbul (Gemlik)",TRAMB,"Istanbul (Ambarli)",3,3,"Admiral; Arkas Line; CMA CGM; Hapag-Lloyd; Maersk Line; OOCL; Tarros; Turkon",8,6,6702.928571428572,1185.7142857142858,1267,2837,1,1,1,"{1,1,1}"
2024-12-29,TRGEM,"Istanbul (Gemlik)",TRGEB,"Istanbul (Gebze)",3,3,"Arkas Line; CMA CGM; Maersk Line; MSC; Tarros; Turkon",6,7,3669.5,353,847,1781,0,1,1,"{1,1,0}"
2024-12-29,TRGEM,"Istanbul (Gemlik)",TRIZM,Izmir,5,5,"Arkas Line; CMA CGM; Hapag-Lloyd; Maersk Line; MSC; ONE; Turkon; ZIM",8,22,12227.761904761906,1898.1904761904761,1205,4363,1,1,3,"{1,1,1,3,1}"
2024-12-29,TRGEM,"Istanbul (Gemlik)",TRIZT,Izmit,2,2,"Arkas Line; CMA CGM; Hapag-Lloyd",3,9,4481.5,733.15,1604,2954,0,0.5,1,"{1,0}"
2024-12-29,TRGEM,"Istanbul (Gemlik)",TRTEK,Tekirdag,5,5,"Maersk Line; MSC; WEC Lines; ZIM",4,15,15078.933333333334,1596.5,847,6350,0,0,2,"{0,1,2,0,0}"
2024-12-29,TRHAY,Haydarpasa,TRGEM,"Istanbul (Gemlik)",1,1,"CMA CGM",1,1,1000,,1000,1000,0,0,0,{0}
2024-12-29,TRISK,Iskenderun,EGALY,Alexandria,1,1,"Admiral; Arkas Line; Hapag-Lloyd; OOCL; Tarros; Turkon",6,2,3796.4285714285716,575.7142857142857,2478,2837,1,1,1,{1}
2024-12-29,TRISK,Iskenderun,EGEDK,"El Dekheila",1,1,"COSCO; OOCL; Yang Ming",3,6,4901.5,468.6666666666667,4051,5618,2,2,2,{2}
2024-12-29,TRISK,Iskenderun,EGPSD,"Port Said",2,2,"Maersk Line; Messina; Unifeeder",3,4,18198,2091,2007,6296,1,1.5,2,"{2,1}"
2024-12-29,TRISK,Iskenderun,GRPIR,Piraeus,1,1,"ONE; Yang Ming",2,1,1916.5714285714287,377.14285714285717,1118,1118,2,2,2,{2}
2024-12-29,TRISK,Iskenderun,ITNAP,Naples,1,1,"MSC; WEC Lines",2,5,9192.4,748.8,8384,9600,4,4,4,{4}
2024-12-29,TRISK,Iskenderun,LBBEY,Beirut,2,2,"CMA CGM; ONE",2,8,6565,551,847,6612,1,1,1,"{1,1}"
2024-12-29,TRISK,Iskenderun,MTMAR,"Malta (Marsaxlokk)",1,1,"CMA CGM",1,5,3065,305.6,2339,3430,3,3,3,{3}
2024-12-29,TRISK,Iskenderun,SAJED,Jeddah,1,1,"Arkas Line; Hapag-Lloyd; Medkon; Turkon",4,2,1165,221,1131,1199,4,4,4,{4}
2024-12-29,TRISK,Iskenderun,SYLTK,Lattakia,1,1,"Arkas Line; CMA CGM; Messina; Tarros",4,6,1577.8333333333333,206.66666666666666,1267,1930,0,0,0,{0}
2024-12-29,TRISK,Iskenderun,TRALI,Aliaga,1,1,"CMA CGM; COSCO; ONE; OOCL",4,7,4447.428571428572,202.28571428571428,4253,4600,2,2,2,{2}
2024-12-29,TRISK,Iskenderun,TRIZM,Izmir,1,1,"Borchard Lines Ltd",1,5,868,185.4,868,868,1,1,1,{1}
2024-12-29,TRISK,Iskenderun,TRMER,Mersin,10,10,"Admiral; Arkas Line; Evergreen Line; Hapag-Lloyd; Maersk Line; Medkon; MSC; ONE; OOCL; Tarros; Turkon; Unimed Feeder Services-UFS",12,25,22601.90476190476,2696.8095238095234,652,6008,0,1,1,"{0,1,0,1,1,0,1,0,1,1}"
2024-12-29,TRIZM,Izmir,EGALY,Alexandria,1,1,"Borchard Lines Ltd",1,5,868,185.4,868,868,1,1,1,{1}
2024-12-29,TRIZM,Izmir,ESALG,Algeciras,2,2,"Arkas Line; CMA CGM; Hapag-Lloyd; Maersk Line; OOCL; Turkon",6,11,4683.428571428572,819.8571428571429,1878,2826,5,5,5,"{5,5}"
2024-12-29,TRIZM,Izmir,FRFOS,"Marseilles-Fos (Fos)",1,1,"Arkas Line; CMA CGM; Hapag-Lloyd; Maersk Line; Turkon",5,3,2547,536.6666666666666,2452,2702,4,4,4,{4}
2024-12-29,TRIZM,Izmir,GRPIR,Piraeus,4,4,"CMA CGM; COSCO; Evergreen Line; MSC; OOCL; Tarros; Unimed Feeder Services-UFS; X-Press; ZIM",9,12,7360.416666666666,945.1666666666667,1200,2926,1,1.5,2,"{1,1,2,2}"
2024-12-29,TRIZM,Izmir,GRSKG,Thessaloniki,1,1,COSCO,1,3,2334,464.6666666666667,1922,2741,1,1,1,{1}
2024-12-29,TRIZM,Izmir,ITSAL,Salerno,3,3,"Arkas Line; Borchard Lines Ltd; CMA CGM; Maersk Line; ONE; Tarros; Turkon",7,11,7052.666666666667,924.3333333333334,889,4363,2,2,3,"{2,3,2}"
2024-12-29,TRIZM,Izmir,SAJED,Jeddah,1,1,"Arkas Line; Medkon; Turkon",3,2,1741,352,1604,1878,5,5,5,{5}
2024-12-29,TRIZM,Izmir,TRGEB,"Istanbul (Gebze)",2,2,"CMA CGM; MSC",2,10,6211.200000000001,916.4,1221,5060,1,1,1,"{1,1}"
2024-12-29,TRIZM,Izmir,TRIZT,Izmit,2,2,"Arkas Line; Hapag-Lloyd",2,4,3692.714285714286,671.7142857142858,1122,1223,2,2,2,"{2,2}"
2024-12-29,TRIZM,Izmir,TRTEK,Tekirdag,1,1,MSC,1,4,1014.5,139,847,1158,2,2,2,{2}
2024-12-29,TRIZT,Izmit,ITGIT,"Gioia Tauro",1,1,MSC,1,14,13646.142857142857,814.2857142857143,12400,16520,2,2,2,{2}
2024-12-29,TRIZT,Izmit,MAPTM,Tanger,1,1,"Maersk Line",1,9,4210.666666666667,1103,4045,4258,6,6,6,{6}
2024-12-29,TRIZT,Izmit,TRALI,Aliaga,2,2,"Hapag-Lloyd; Hyundai; ONE; Yang Ming; ZIM",5,22,13556.904761904763,1022.3809523809523,2742,14100,0,1,2,"{0,2}"
2024-12-29,TRIZT,Izmit,TRAMB,"Istanbul (Ambarli)",9,9,"APL; Arkas Line; CMA CGM; CNC Line-Cheng Lie Navigation Co. Ltd.; COSCO; Evergreen Line; Hapag-Lloyd; Maersk Line; MSC; OOCL",10,62,50182.39047619048,5661.883333333333,1122,19224,0,1,3,"{3,0,0,0,1,1,0,3,1}"
2024-12-29,TRIZT,Izmit,TRGEM,"Istanbul (Gemlik)",5,5,"Admiral; Arkas Line; CMA CGM; Evergreen Line; Hapag-Lloyd; Maersk Line; MSC; OOCL; Tarros; Turkon",10,19,12271.157142857144,2080.138095238095,1445,2837,0,1,1,"{1,1,1,1,0}"
2024-12-29,TRIZT,Izmit,TRIZM,Izmir,1,1,"Arkas Line; Medkon; Turkon",3,2,1741,352,1604,1878,1,1,1,{1}
2024-12-29,TRMER,Mersin,DZALG,Algiers,1,1,MSC,1,3,1484,,1484,1484,5,5,5,{5}
2024-12-29,TRMER,Mersin,EGALY,Alexandria,2,2,"Medkon; MSC",2,4,2662.333333333333,100,652,1512,1,1.5,2,"{1,2}"
2024-12-29,TRMER,Mersin,EGDAM,Damietta,1,1,"Hapag-Lloyd; Hyundai; ONE; Yang Ming",4,15,11976.333333333334,786.6666666666666,11976,14100,2,2,2,{2}
2024-12-29,TRMER,Mersin,EGPSD,"Port Said",2,2,"Maersk Line; MSC",2,3,5938,600,2550,3388,1,2.5,4,"{1,4}"
2024-12-29,TRMER,Mersin,ESVLC,Valencia,1,1,MSC,1,7,5552.285714285715,384.85714285714283,4340,6008,5,5,5,{5}
2024-12-29,TRMER,Mersin,GRPIR,Piraeus,1,1,"ONE; Unimed Feeder Services-UFS",2,1,2256,400,1128,1128,2,2,2,{2}
2024-12-29,TRMER,Mersin,ILASH,Ashdod,2,2,"Hapag-Lloyd; Medkon; ZIM",3,9,4786.357142857143,486.44642857142856,657,4839,1,1.5,2,"{2,1}"
2024-12-29,TRMER,Mersin,ILHFA,Haifa,1,1,"Borchard Lines Ltd",1,3,1107,210.33333333333334,889,1216,1,1,1,{1}
2024-12-29,TRMER,Mersin,ITNAP,Naples,1,1,MSC,1,2,2390.5,400,2303,2478,4,4,4,{4}
2024-12-29,TRMER,Mersin,ITVDL,"Vado Ligure",1,1,"Arkas Line; Maersk Line",2,4,2179.5,307.5,1604,2474,7,7,7,{7}
2024-12-29,TRMER,Mersin,LBBEY,Beirut,1,1,MSC,1,4,1014.5,139,847,1158,0,0,0,{0}
2024-12-29,TRMER,Mersin,LYTIP,Tripoli,1,1,"CMA CGM",1,4,1866,352.25,1740,2190,1,1,1,{1}
2024-12-29,TRMER,Mersin,TRALI,Aliaga,1,1,"Maersk Line; MSC",2,3,1453.3333333333333,174.66666666666666,1078,1842,2,2,2,{2}
2024-12-29,TRMER,Mersin,TRAMB,"Istanbul (Ambarli)",2,2,"Arkas Line; Hapag-Lloyd; Medkon; Turkon",4,9,3901.5714285714284,617.4285714285714,1162,2826,3,3.5,4,"{3,4}"
2024-12-29,TRMER,Mersin,TRDRC,Derince,1,1,ZIM,1,15,7906.8,503.3333333333333,5300,10062,3,3,3,{3}
2024-12-29,TRMER,Mersin,TRISK,Iskenderun,6,6,"Admiral; Arkas Line; CMA CGM; COSCO; Hapag-Lloyd; Medkon; MSC; ONE; OOCL; Tarros; Turkon; WEC Lines; Yang Ming",13,22,25510.185714285715,2608.752380952381,657,9600,1,1,3,"{1,3,2,1,1,1}"
2024-12-29,TRMER,Mersin,TRIZM,Izmir,2,2,"Arkas Line; CMA CGM; Evergreen Line; Hapag-Lloyd; Maersk Line; OOCL",6,6,4003,571,1200,2478,2,2.5,3,"{2,3}"
2024-12-29,TRMER,Mersin,TRIZT,Izmit,2,2,"Admiral; Arkas Line; Hapag-Lloyd; OOCL; Tarros; Turkon; ZIM",7,9,5377,811.4285714285713,2478,2837,3,3.5,4,"{3,4}"
2024-12-29,TRSZF,Samsun,GRPIR,Piraeus,1,1,"CMA CGM; Unifeeder",2,2,1212,189,1208,1216,4,4,4,{4}
2024-12-29,TRTEK,Tekirdag,BGBOJ,Burgas,1,1,MSC,1,1,1740,300,1740,1740,1,1,1,{1}
2024-12-29,TRTEK,Tekirdag,EGPSD,"Port Said",1,1,"Maersk Line; MSC",2,15,19157.06666666667,1685.3333333333333,18500,19224,1,1,1,{1}
2024-12-29,TRTEK,Tekirdag,GBFXT,Felixstowe,1,1,MSC,1,3,4961.333333333333,450,4900,4992,7,7,7,{7}
2024-12-29,TRTEK,Tekirdag,GEPTI,Poti,2,2,MSC,1,2,2145,340,858,1287,1,1.5,2,"{1,2}"
2024-12-29,TRTEK,Tekirdag,GRPIR,Piraeus,1,1,MSC,1,5,4732.8,576.8,4132,5060,1,1,1,{1}
2024-12-29,TRTEK,Tekirdag,GRSKG,Thessaloniki,2,2,MSC,1,6,2132.5,359,847,1158,1,1,1,"{1,1}"
2024-12-29,TRTEK,Tekirdag,RUNVS,Novorossiysk,1,1,MSC,1,5,2181.8,324.4,1740,2480,2,2,2,{2}
2024-12-29,TRTEK,Tekirdag,TRALI,Aliaga,2,2,"MSC; WEC Lines; ZIM",3,11,6275.266666666667,637.6666666666666,957,6350,0,1.5,3,"{0,3}"
2024-12-29,TRTEK,Tekirdag,TRGEB,"Istanbul (Gebze)",2,2,"Maersk Line; MSC",2,5,3915.833333333333,417.5,1205,2908,0,0,0,"{0,0}"
2024-12-29,TRTEK,Tekirdag,TRGEM,"Istanbul (Gemlik)",1,1,MSC,1,4,1014.5,139,847,1158,2,2,2,{2}
2024-12-29,TRTEK,Tekirdag,TRIZT,Izmit,2,2,MSC,1,19,15827.942857142858,1138.6857142857143,1740,16520,0,0,0,"{0,0}"
2024-12-29,TRTZX,Trabzon,TRGEM,"Istanbul (Gemlik)",1,1,MSC,1,1,1287,240,1287,1287,3,3,3,{3}
2024-12-29,TRTZX,Trabzon,TRTEK,Tekirdag,1,1,MSC,1,1,858,100,858,858,1,1,1,{1}
2024-12-29,TTPOS,"Port of Spain",BBBGI,Bridgetown,1,1,"Caribbean Feeder; Hapag-Lloyd; ZIM",3,3,1172.3333333333333,300.3333333333333,1061,1338,1,1,1,{1}
2024-12-29,TTPOS,"Port of Spain",BRMAO,Manaus,1,1,"MSC; ONE; ZIM",3,4,3030,559.25,2556,3649,2,2,2,{2}
2024-12-29,TTPOS,"Port of Spain",COCTG,Cartagena,1,1,"Caribbean Feeder; Hapag-Lloyd; Maersk Line; ZIM",4,3,1809,300,1809,1809,4,4,4,{4}
2024-12-29,TTPOS,"Port of Spain",GDSTG,"St George's",1,1,"CMA CGM",1,3,773.3333333333334,164,677,966,1,1,1,{1}
2024-12-29,TTPOS,"Port of Spain",GFDDC,"Degrad des Cannes",1,1,"CMA CGM",1,3,773.3333333333334,164,677,966,4,4,4,{4}
2024-12-29,TTPOS,"Port of Spain",GYGEO,"Georgetown, Guyana",4,4,"Caribbean Feeder; CMA CGM; COSCO; Hapag-Lloyd; MSC; ZIM",6,8,3563.333333333333,654.3333333333333,367,1345,1,2,2,"{2,2,2,1}"
2024-12-29,TTPOS,"Port of Spain",JMKIN,Kingston,1,1,"APL; CMA CGM",2,3,1279.3333333333333,399,1201,1341,3,3,3,{3}
2024-12-29,TTPOS,"Port of Spain",USPEF,"Port Everglades FL",1,1,"King Ocean; Seaboard Marine",2,2,1296,195,1296,1296,5,5,5,{5}
2024-12-29,TTPTS,"Point Lisas",BBBGI,Bridgetown,1,1,"Seaboard Marine",1,2,1114,220,1114,1114,1,1,1,{1}
2024-12-29,TTPTS,"Point Lisas",GDSTG,"St George's",1,1,"Tropical Shipping",1,2,1148,260,1148,1148,1,1,1,{1}
2024-12-29,TTPTS,"Point Lisas",GYGEO,"Georgetown, Guyana",2,2,"Caribbean Feeder; Europe Caribbean Line; Maersk Line",3,5,1600.2142857142858,204,256,862,2,2.5,3,"{2,3}"
2024-12-29,TTPTS,"Point Lisas",SRPBM,Paramaribo,1,1,"Caribbean Feeder; Hapag-Lloyd; Maersk Line; ZIM",4,3,1809,300,1809,1809,2,2,2,{2}
2024-12-29,TTPTS,"Point Lisas",TTPOS,"Port of Spain",1,1,"APL; CMA CGM",2,3,1279.3333333333333,399,1201,1341,1,1,1,{1}
2024-12-29,TWKEL,Keelung,CNNGB,Ningbo,1,1,"Maersk Line",1,5,2810,213.6,2806,2822,2,2,2,{2}
2024-12-29,TWKEL,Keelung,CNSHA,Shanghai,2,2,"ANL; APL; CMA CGM; COSCO; Hapag-Lloyd; Hyundai; MSC; ONE; OOCL; PIL",10,19,16899.214285714286,2017.845238095238,4211,13312,2,2.5,3,"{2,3}"
2024-12-29,TWKEL,Keelung,HKHKG,"Hong Kong",2,2,"Evergreen Line; ONE; OOCL; TS Lines; Wan Hai; Yang Ming",6,7,6847.583333333334,692.8333333333333,2578,4506,1,1.5,2,"{2,1}"
2024-12-29,TWKEL,Keelung,JPTYO,Tokyo,2,2,"APL; CMA CGM; CNC Line-Cheng Lie Navigation Co. Ltd.; Yang Ming",4,8,3603,421,1707,1930,3,3,3,"{3,3}"
2024-12-29,TWKEL,Keelung,KRINC,Inchon,1,1,"KMTC; TS Lines; Yang Ming",3,2,1795,234,1781,1809,2,2,2,{2}
2024-12-29,TWKEL,Keelung,KRPUS,Busan,1,1,"KMTC; Sinokor",2,3,1748,213,1626,1809,2,2,2,{2}
2024-12-29,TWKEL,Keelung,TWKHH,Kaohsiung,8,8,"CMA CGM; CNC Line-Cheng Lie Navigation Co. Ltd.; Evergreen Line; Hapag-Lloyd; Hyundai; IAL-Interasia Lines; ONE; TS Lines; Wan Hai; Yang Ming",10,28,22706.595238095237,2356.0833333333335,1096,8626,0,1,2,"{1,1,0,0,1,0,2,1}"
2024-12-29,TWKEL,Keelung,TWTXG,Taichung,6,6,"CMA CGM; CNC Line-Cheng Lie Navigation Co. Ltd.; COSCO; Ehime Ocean Line; IAL-Interasia Lines; KMTC; OOCL; TS Lines; Wan Hai; Yang Ming",10,20,10770.883333333333,1595,1020,3036,0,0,1,"{0,0,1,0,1,0}"
2024-12-29,TWKEL,Keelung,USLAX,"Los Angeles CA",1,1,"Hapag-Lloyd; Hyundai; ONE; Yang Ming",4,7,8405.42857142857,700,8240,8626,15,15,15,{15}
2024-12-29,TWKHH,Kaohsiung,AUMEL,Melbourne,2,2,"ANL; CMA CGM; CNC Line-Cheng Lie Navigation Co. Ltd.; COSCO; Evergreen Line; Hapag-Lloyd; OOCL; PIL; Sinotrans; TS Lines; Yang Ming",11,13,10767.52380952381,1425.3333333333335,4662,7092,12,12,12,"{12,12}"
2024-12-29,TWKHH,Kaohsiung,CAVAN,"Vancouver BC",1,1,"APL; CMA CGM; COSCO; Evergreen Line; OOCL",5,6,5806.333333333333,644,5590,5920,15,15,15,{15}
2024-12-29,TWKHH,Kaohsiung,CNDLC,Dalian,1,1,"Evergreen Line; X-Press",2,4,2914,344,2910,2926,5,5,5,{5}
2024-12-29,TWKHH,Kaohsiung,CNNGB,Ningbo,2,2,"Hapag-Lloyd; Hyundai; ONE; Yang Ming",4,21,29115.4,1538.0666666666666,5642,24136,3,3.5,4,"{4,3}"
2024-12-29,TWKHH,Kaohsiung,CNNSA,Nansha,3,3,"COSCO; Evergreen Line; IAL-Interasia Lines; TS Lines; Wan Hai; Yang Ming",6,13,6704.142857142857,788.5,1096,2926,1,1,1,"{1,1,1}"
2024-12-29,TWKHH,Kaohsiung,CNSHA,Shanghai,5,5,"APL; CMA CGM; COSCO; Evergreen Line; Gold Star Line; Hapag-Lloyd; Maersk Line; MSC; OOCL; PIL; Sinotrans; Swire Shipping; TS Lines; Wan Hai; Yang Ming; ZIM",16,31,30386.39935064935,2287.378787878788,2082,10020,2,3,3,"{3,2,3,3,2}"
2024-12-29,TWKHH,Kaohsiung,CNSHK,Shekou,9,8,"CMA CGM; CNC Line-Cheng Lie Navigation Co. Ltd.; COSCO; Evergreen Line; Hapag-Lloyd; Hyundai; MSC; ONE; OOCL; PIL; Wan Hai; Yang Ming",12,63,58174.45093795093,4007.7770562770565,1792,16010,1,1,3,"{1,1,1,3,1,2,1,1,1}"
2024-12-29,TWKHH,Kaohsiung,CNSWA,Shantou,1,1,"Evergreen Line",1,4,1905.25,177.5,1809,1984,1,1,1,{1}
2024-12-29,TWKHH,Kaohsiung,CNTAO,Qingdao,3,3,"CMA CGM; CNC Line-Cheng Lie Navigation Co. Ltd.; COSCO; Evergreen Line; Hyundai; IAL-Interasia Lines; KMTC; OOCL; Wan Hai",9,23,31122.071428571428,778.6190476190477,1781,24000,3,3,4,"{3,4,3}"
2024-12-29,TWKHH,Kaohsiung,CNTXG,Xingang/Tianjin,1,1,"Kyowa; ONE; Swire Shipping",3,4,3963.214285714286,,1617,2082,5,5,5,{5}
2024-12-29,TWKHH,Kaohsiung,CNXMN,Xiamen,9,9,"ANL; CMA CGM; CNC Line-Cheng Lie Navigation Co. Ltd.; COSCO; Evergreen Line; Gold Star Line; Hapag-Lloyd; Hyundai; Maersk Line; ONE; OOCL; PIL; Wan Hai; Yang Ming; ZIM",15,63,58801.867216117214,4280.873015873016,1740,13870,1,2,2,"{2,1,2,2,2,1,1,2,1}"
2024-12-29,TWKHH,Kaohsiung,CNYTN,Yantian,3,3,"APL; CMA CGM; CNC Line-Cheng Lie Navigation Co. Ltd.; COSCO; Evergreen Line; Hapag-Lloyd; Hyundai; ONE; OOCL; Yang Ming",10,46,51422.49420289855,2306.9072463768116,9415,24136,1,2,2,"{2,2,1}"
2024-12-29,TWKHH,Kaohsiung,GUGUM,Guam,1,1,"MELL; PIL",2,2,1554,200,777,777,5,5,5,{5}
2024-12-29,TWKHH,Kaohsiung,HKHKG,"Hong Kong",20,20,"APL; CMA CGM; CNC Line-Cheng Lie Navigation Co. Ltd.; COSCO; Evergreen Line; Hapag-Lloyd; Hyundai; IAL-Interasia Lines; KMTC; Maersk Line; ONE; OOCL; TS Lines; Wan Hai; Yang Ming",15,105,92019.71716616716,7538.238511488511,1040,21413,1,1,2,"{2,1,1,1,2,1,1,1,1,2,1,1,1,1,1,1,2,1,1,1}"
2024-12-29,TWKHH,Kaohsiung,JPHKT,Hakata,1,1,"CMA CGM; CNC Line-Cheng Lie Navigation Co. Ltd.; ONE",3,3,1708,202,1708,1708,3,3,3,{3}
2024-12-29,TWKHH,Kaohsiung,JPNAH,"Naha (Okinawa Is)",1,1,"CMA CGM; CNC Line-Cheng Lie Navigation Co. Ltd.; Ehime Ocean Line",3,2,1034,160,1020,1048,2,2,2,{2}
2024-12-29,TWKHH,Kaohsiung,JPTYO,Tokyo,1,1,"COSCO; OOCL",2,4,4497.25,400,4250,4583,3,3,3,{3}
2024-12-29,TWKHH,Kaohsiung,JPUKB,Kobe,1,1,"Evergreen Line",1,3,1618,209.66666666666666,1618,1618,4,4,4,{4}
2024-12-29,TWKHH,Kaohsiung,KRINC,Inchon,1,1,"Evergreen Line",1,4,2628,142.5,2476,2926,3,3,3,{3}
2024-12-29,TWKHH,Kaohsiung,KRKAN,Gwangyang,1,1,"Evergreen Line",1,4,3064,86,2926,3110,2,2,2,{2}
2024-12-29,TWKHH,Kaohsiung,KRPUS,Busan,2,2,"Hapag-Lloyd; Hyundai; Maersk Line; ONE; Yang Ming",5,18,13533.47619047619,998.6666666666666,1774,14100,2,2.5,3,"{2,3}"
2024-12-29,TWKHH,Kaohsiung,MYPGU,"Pasir Gudang, Johor",1,1,"Evergreen Line",1,4,3064,86,2926,3110,5,5,5,{5}
2024-12-29,TWKHH,Kaohsiung,NZAKL,Auckland,1,1,"ANL; APL; CMA CGM; COSCO; OOCL; PIL",6,7,4470.714285714285,563.4285714285714,4211,5506,14,14,14,{14}
2024-12-29,TWKHH,Kaohsiung,PHCEB,Cebu,2,2,"BTL-Bengal Tiger Line; Evergreen Line; ONE; OOCL; X-Press; Yang Ming",6,5,3060.25,409.5,1155,1984,3,3,3,"{3,3}"
2024-12-29,TWKHH,Kaohsiung,PHCGY,"Cagayan de Oro",1,1,"Evergreen Line",1,2,1751,260.5,1708,1794,4,4,4,{4}
2024-12-29,TWKHH,Kaohsiung,PHMNN,"Manila North Harbor",4,4,"CMA CGM; CNC Line-Cheng Lie Navigation Co. Ltd.; Evergreen Line; Hyundai; ONE; OOCL; X-Press; Yang Ming",8,12,10259.916666666666,967.6666666666667,1708,4728,1,2,3,"{2,2,3,1}"
2024-12-29,TWKHH,Kaohsiung,PHMNS,"Manila South Harbor",1,1,"Evergreen Line",1,2,1574,250,1164,1984,1,1,1,{1}
2024-12-29,TWKHH,Kaohsiung,PHSFS,"Subic Bay",1,1,"Evergreen Line; Wan Hai",2,2,1846,101,1708,1984,1,1,1,{1}
2024-12-29,TWKHH,Kaohsiung,SGSIN,Singapore,3,3,"Austral Asia Line; Evergreen Line; Feedertech; ONE; Samudera; TS Lines",6,14,11459.071428571428,1036.4285714285716,979,7024,4,5,7,"{7,4,5}"
2024-12-29,TWKHH,Kaohsiung,TWKEL,Keelung,4,4,"Evergreen Line; Hapag-Lloyd; Hyundai; Maersk Line; ONE; OOCL; TS Lines; Yang Ming",8,18,15086.095238095239,1383.9333333333332,1096,8626,0,0.5,1,"{1,1,0,0}"
2024-12-29,TWKHH,Kaohsiung,TWTPE,Taipei,5,5,"COSCO; Evergreen Line; IAL-Interasia Lines; Wan Hai; Yang Ming",5,21,11270.892857142857,1291.5833333333333,1774,2926,0,1,1,"{1,0,0,1,1}"
2024-12-29,TWKHH,Kaohsiung,TWTXG,Taichung,9,9,"APL; CMA CGM; CNC Line-Cheng Lie Navigation Co. Ltd.; Evergreen Line; KMTC; OOCL; TS Lines; Wan Hai; Yang Ming",9,31,18809.333333333336,2195.333333333333,1500,3055,0,0,3,"{0,0,0,0,1,3,1,0,1}"
2024-12-29,TWKHH,Kaohsiung,USLGB,"Long Beach CA",1,1,"COSCO; Evergreen Line; ONE; OOCL",4,7,13678.857142857143,862.8571428571429,13208,14500,13,13,13,{13}
2024-12-29,TWKHH,Kaohsiung,VNC8Q,"Chu Lai",1,1,"CMA CGM; CNC Line-Cheng Lie Navigation Co. Ltd.",2,4,1824.5,257.25,1756,1952,2,2,2,{2}
2024-12-29,TWKHH,Kaohsiung,VNDAD,"Da Nang",2,2,"Evergreen Line; IAL-Interasia Lines; Wan Hai",3,6,4022,266.66666666666663,1984,2038,2,2,2,"{2,2}"
2024-12-29,TWKHH,Kaohsiung,VNHPH,Haiphong,5,5,"CMA CGM; CNC Line-Cheng Lie Navigation Co. Ltd.; Evergreen Line; ONE; TS Lines; Wan Hai",6,11,7398.333333333333,787.6666666666666,1040,1984,2,2,3,"{2,3,2,2,3}"
2024-12-29,TWKHH,Kaohsiung,VNSGN,"Ho Chi Minh (VICT/Cat Lai)",1,1,"Evergreen Line",1,3,1618,209.66666666666666,1618,1618,3,3,3,{3}
2024-12-29,TWKHH,Kaohsiung,VNVUT,"Cai Mep",1,1,"APL; CMA CGM; COSCO; Evergreen Line; ONE; OOCL",6,8,14829.5,125,12118,15372,9,9,9,{9}
2024-12-29,TWTPE,Taipei,CNNGB,Ningbo,1,1,"ONE; Wan Hai",2,8,10665.125,650,4532,13458,0,0,0,{0}
2024-12-29,TWTPE,Taipei,CNXMN,Xiamen,1,1,"APL; CMA CGM; CNC Line-Cheng Lie Navigation Co. Ltd.; OOCL",4,8,4948,,4948,4948,1,1,1,{1}
2024-12-29,TWTPE,Taipei,CNYTN,Yantian,2,2,"CMA CGM; CNC Line-Cheng Lie Navigation Co. Ltd.; COSCO; Evergreen Line; Hapag-Lloyd; OOCL; Wan Hai",7,27,36492.26373626373,698.901098901099,8004,24000,2,2,2,"{2,2}"
2024-12-29,TWTPE,Taipei,HKHKG,"Hong Kong",2,2,"Evergreen Line; IAL-Interasia Lines; Wan Hai; Yang Ming",4,6,4969,430,1809,3055,1,1.5,2,"{2,1}"
2024-12-29,TWTPE,Taipei,JPHKT,Hakata,1,1,"IAL-Interasia Lines; Wan Hai",2,3,2038,166.66666666666666,2038,2038,2,2,2,{2}
2024-12-29,TWTPE,Taipei,JPOSA,Osaka,2,2,"Evergreen Line; IAL-Interasia Lines; Wan Hai; Yang Ming",4,6,3712.25,597.25,1774,2038,2,2.5,3,"{3,2}"
2024-12-29,TWTPE,Taipei,JPTYO,Tokyo,4,4,"COSCO; Evergreen Line; IAL-Interasia Lines; Wan Hai; Yang Ming",5,20,10515.442857142858,1272.75,1708,3036,3,3,3,"{3,3,3,3}"
2024-12-29,TWTPE,Taipei,KRINC,Inchon,2,2,"IAL-Interasia Lines; Wan Hai",2,8,5182,402,2038,3055,2,2,2,"{2,2}"
2024-12-29,TWTPE,Taipei,KRPUS,Busan,1,1,"Evergreen Line",1,3,1879,136.66666666666666,1809,1984,3,3,3,{3}
2024-12-29,TWTPE,Taipei,TWKHH,Kaohsiung,5,5,"APL; CMA CGM; COSCO; Evergreen Line; IAL-Interasia Lines; ONE; OOCL; Wan Hai",8,21,22336.25,937.9166666666666,1774,15372,0,1,1,"{0,1,1,1,1}"
2024-12-29,TWTPE,Taipei,TWTXG,Taichung,6,6,"COSCO; Evergreen Line; IAL-Interasia Lines; Wan Hai; Yang Ming",5,26,15168.059523809523,1312.8333333333335,1756,3055,0,1,1,"{1,0,0,1,1,1}"
2024-12-29,TWTXG,Taichung,CNQZL,Quanzhou,1,1,"COSCO; OOCL",2,4,1997.75,370.25,1708,2272,0,0,0,{0}
2024-12-29,TWTXG,Taichung,CNXMN,Xiamen,3,3,"Maersk Line; Wan Hai",2,9,6623.666666666667,831.3333333333333,1774,3055,0,1,2,"{1,0,2}"
2024-12-29,TWTXG,Taichung,TWKEL,Keelung,3,3,"APL; CMA CGM; CNC Line-Cheng Lie Navigation Co. Ltd.; KMTC; TS Lines; Yang Ming",6,10,5398,655,1707,1930,1,1,1,"{1,1,1}"
2024-12-29,TWTXG,Taichung,TWKHH,Kaohsiung,11,11,"CMA CGM; CNC Line-Cheng Lie Navigation Co. Ltd.; COSCO; Ehime Ocean Line; Evergreen Line; IAL-Interasia Lines; KMTC; TS Lines; Wan Hai; Yang Ming",10,40,22142.692857142858,2323.8333333333335,1020,3055,0,1,1,"{1,1,1,0,0,1,0,1,0,0,1}"
2024-12-29,TWTXG,Taichung,TWTPE,Taipei,8,6,"Evergreen Line; IAL-Interasia Lines; Wan Hai; Yang Ming",4,29,18690.05,1949.25,1708,3055,0,0,1,"{1,0,0,0,0,0,0,1}"
2024-12-29,TWTXG,Taichung,VNSGN,"Ho Chi Minh (VICT/Cat Lai)",2,2,"Evergreen Line; IAL-Interasia Lines; OOCL; Wan Hai; Yang Ming",5,7,4684.833333333334,585.3333333333333,1756,2940,3,3.5,4,"{4,3}"
2024-12-29,TZDAR,"Dar es Salaam",INNSA,"Mumbai (Nhava Sheva)",1,1,"APL; CMA CGM; Emirates Shipping; Hapag-Lloyd",4,6,4110,483.5,3820,4298,20,20,20,{20}
2024-12-29,TZDAR,"Dar es Salaam",KEMBA,Mombasa,1,1,MSC,1,5,4265,440.8,4056,4549,2,2,2,{2}
2024-12-29,TZDAR,"Dar es Salaam",LKCMB,Colombo,1,1,"CMA CGM; ONE; OOCL; X-Press",4,7,2632.5714285714284,438.57142857142856,2207,3635,14,14,14,{14}
2024-12-29,TZDAR,"Dar es Salaam",MYPKG,"Port Klang",1,1,"Gold Star Line; Hapag-Lloyd; ONE; PIL; ZIM",5,7,3243.5714285714284,240.85714285714286,2664,3889,11,11,11,{11}
2024-12-29,TZDAR,"Dar es Salaam",OMSLL,Salalah,1,1,"Maersk Line",1,3,2460.6666666666665,284,2452,2478,10,10,10,{10}
2024-12-29,USBAL,"Baltimore MD",LKCMB,Colombo,1,1,"Maersk Line; MSC; ZIM",3,13,9405.076923076924,1147.2307692307693,8112,11860,28,28,28,{28}
2024-12-29,USBAL,"Baltimore MD",MYPKG,"Port Klang",1,1,"APL; CMA CGM; COSCO; Evergreen Line; OOCL",5,13,14094.46153846154,615.3846153846154,11000,15372,39,39,39,{39}
2024-12-29,USBAL,"Baltimore MD",USCHS,"Charleston SC",2,2,"CMA CGM; Hapag-Lloyd; Maersk Line; MSC",4,14,11204.666666666668,1333.181818181818,3947,8762,3,3,3,"{3,3}"
2024-12-29,USBAL,"Baltimore MD",USNYC,"New York NY/NJ",1,1,MSC,1,14,8465.57142857143,685.5,5888,13200,1,1,1,{1}
2024-12-29,USBAL,"Baltimore MD",USORF,"Norfolk VA",3,3,"ACL-Atlantic Container Line; Hapag-Lloyd; Maersk Line; MSC; ZIM",5,26,13828.527777777777,866.4444444444445,1774,7928,0,1,1,"{1,0,1}"
2024-12-29,USBAL,"Baltimore MD",USSAV,"Savannah GA",2,2,"Maersk Line; MSC",2,13,12687.809523809523,1100.8333333333333,3398,9200,3,3,3,"{3,3}"
2024-12-29,USBOS,"Boston MA",USNYC,"New York NY/NJ",2,2,"APL; CMA CGM; COSCO; Ellerman; Evergreen Line; MSC; OOCL",7,20,15539.272727272726,1893.4848484848485,4112,12118,1,2,3,"{3,1}"
2024-12-29,USBOS,"Boston MA",VNVUT,"Cai Mep",1,1,ZIM,1,12,7253.083333333333,250,7000,7928,38,38,38,{38}
2024-12-29,USCHS,"Charleston SC",BEANR,Antwerp,1,1,"Maersk Line; MSC",2,7,5721,592.8571428571429,5550,6572,13,13,13,{13}
2024-12-29,USCHS,"Charleston SC",BSFPO,Freeport,1,1,"Maersk Line; MSC",2,9,2766.4444444444443,416.44444444444446,1774,4549,2,2,2,{2}
2024-12-29,USCHS,"Charleston SC",GBSOU,Southampton,1,1,"APL; CMA CGM; COSCO; Evergreen Line; OOCL",5,7,9697,564,6350,13208,17,17,17,{17}
2024-12-29,USCHS,"Charleston SC",MAPTM,Tanger,1,1,"Maersk Line; MSC",2,7,8479.142857142857,650,7846,9200,11,11,11,{11}
2024-12-29,USCHS,"Charleston SC",MXATM,Altamira,1,1,"Maersk Line; MSC",2,7,5721,592.8571428571429,5550,6572,5,5,5,{5}
2024-12-29,USCHS,"Charleston SC",MYPKG,"Port Klang",1,1,"APL; CMA CGM; CNC Line-Cheng Lie Navigation Co. Ltd.; COSCO; Evergreen Line; OOCL",6,23,13809.260869565218,1152.1739130434783,9415,15536,38,38,38,{38}
2024-12-29,USCHS,"Charleston SC",PKBQM,"Port Qasim",2,2,"APL; CMA CGM; COSCO; Hapag-Lloyd; OOCL",5,23,17145.545454545456,1702.1363636363637,8073,10642,33,34.5,36,"{36,33}"
2024-12-29,USCHS,"Charleston SC",THLCH,"Laem Chabang",1,1,"APL; CMA CGM; COSCO; Evergreen Line; OOCL",5,13,13481.46153846154,569.2307692307693,13092,16000,43,43,43,{43}
2024-12-29,USCHS,"Charleston SC",USBOS,"Boston MA",1,1,"APL; CMA CGM; COSCO; Evergreen Line; OOCL",5,11,11245.272727272726,626.8181818181819,8452,12118,3,3,3,{3}
2024-12-29,USCHS,"Charleston SC",USHOU,"Houston TX",1,1,"Maersk Line; MSC",2,6,4450.666666666667,575,4154,4658,6,6,6,{6}
2024-12-29,USCHS,"Charleston SC",USILM,"Wilmington NC",1,1,"Hapag-Lloyd; Hyundai; ONE; Yang Ming",4,12,13277.083333333334,850,12552,13470,2,2,2,{2}
2024-12-29,USCHS,"Charleston SC",USJAX,"Jacksonville FL",1,1,"Hapag-Lloyd; Maersk Line",2,7,5603.857142857143,1125,4975,6494,1,1,1,{1}
2024-12-29,USCHS,"Charleston SC",USMIA,"Miami FL",2,2,"APL; CMA CGM; CNC Line-Cheng Lie Navigation Co. Ltd.; COSCO; Evergreen Line; OOCL",6,20,15230.120879120881,1366.2087912087914,5920,10960,2,2,2,"{2,2}"
2024-12-29,USCHS,"Charleston SC",USNYC,"New York NY/NJ",1,1,"Hapag-Lloyd; Hyundai; ONE; Yang Ming",4,14,13981.42857142857,800,13870,14026,4,4,4,{4}
2024-12-29,USCHS,"Charleston SC",USORF,"Norfolk VA",2,2,"Hyundai; MSC; ONE",3,25,12874.025974025975,1267.318181818182,5888,13200,1,1.5,2,"{1,2}"
2024-12-29,USCHS,"Charleston SC",USPEF,"Port Everglades FL",1,1,"CMA CGM; Hapag-Lloyd; Maersk Line",3,3,4429.666666666667,630,3947,5087,2,2,2,{2}
2024-12-29,USCHS,"Charleston SC",USPHL,"Philadelphia PA",1,1,MSC,1,6,12711.285714285714,144.04761904761907,8089,8089,1,1,1,{1}
2024-12-29,USCHS,"Charleston SC",USSAV,"Savannah GA",7,7,"APL; CMA CGM; Hapag-Lloyd; Maersk Line; MSC; ONE; Wan Hai; Yang Ming; ZIM",9,80,58573.830835830835,5222.394605394606,3075,15124,0,1,4,"{2,1,1,0,1,4,1}"
2024-12-29,USCHT,"Chester PA",USILM,"Wilmington NC",1,1,ICL,1,4,3097.5,500,3091,3108,3,3,3,{3}
2024-12-29,USEWR,"NYC Ro/Ro (FAPS)",JMKIN,Kingston,1,1,"Seaboard Marine",1,3,2929.3333333333335,504.6666666666667,2526,3716,5,5,5,{5}
2024-12-29,USFEB,"Fernandina Beach FL",BMBDA,Hamilton,1,1,"Somers Isles",1,1,730,,365,365,4,4,4,{4}
2024-12-29,USFPO,"Freeport TX",USGPT,"Gulfport MS",2,2,"Dole; Great White Fleet",2,5,3661,1372,1820,1841,2,2.5,3,"{2,3}"
2024-12-29,USGPT,"Gulfport MS",GTPBR,"Puerto Barrios",1,1,Crowley,1,1,972,170,972,972,3,3,3,{3}
2024-12-29,USGPT,"Gulfport MS",USPEF,"Port Everglades FL",1,1,"Great White Fleet",1,3,1841,462,1841,1841,6,6,6,{6}
2024-12-29,USGPT,"Gulfport MS",USTPA,"Tampa FL",1,1,Dole,1,2,1820,910,1820,1820,1,1,1,{1}
2024-12-29,USHNL,"Honolulu HI",KRKAN,Gwangyang,1,1,"ANL; CMA CGM",2,6,5095,330,5095,5095,12,12,12,{12}
2024-12-29,USHNL,"Honolulu HI",KRPUS,Busan,1,1,ONE,1,3,2088.6666666666665,313.3333333333333,1042,1049,23,23,23,{23}
2024-12-29,USHNL,"Honolulu HI",USITO,"Hilo HI",1,1,"Maersk Line; Matson",2,5,3353.2,228.8,2526,3620,5,5,5,{5}
2024-12-29,USHNL,"Honolulu HI",USLGB,"Long Beach CA",1,1,"Pasha Hawaii",1,2,2026.5,100,1400,2653,8,8,8,{8}
2024-12-29,USHNL,"Honolulu HI",USOAK,"Oakland CA",1,1,"Pasha Hawaii",1,2,2525,400,2525,2525,5,5,5,{5}
2024-12-29,USHNL,"Honolulu HI",USOGG,"Kahului HI",1,1,"Maersk Line; Matson",2,2,2510.5,408,1994,3027,0,0,0,{0}
2024-12-29,USHNL,"Honolulu HI",USTIW,"Tacoma WA",1,1,Matson,1,2,2958.5,353,2890,3027,6,6,6,{6}
2024-12-29,USHOU,"Houston TX",ESVLC,Valencia,1,1,"Hapag-Lloyd; ZIM",2,7,4895.428571428572,316,4612,5087,17,17,17,{17}
2024-12-29,USHOU,"Houston TX",FRLEH,"Le Havre",1,1,"Hapag-Lloyd; ONE",2,6,5884.333333333333,486,4890,6921,13,13,13,{13}
2024-12-29,USHOU,"Houston TX",HNPCR,"Puerto Cortes",1,1,"CMA CGM; COSCO; OOCL",3,3,1723.6666666666667,349,1691,1740,5,5,5,{5}
2024-12-29,USHOU,"Houston TX",NAWVB,"Walvis Bay",1,1,"CSAL-Canada States Africa Line; GAL-Gulf Africa Line; MACS",3,3,4105.333333333333,,953,1100,25,25,25,{25}
2024-12-29,USHOU,"Houston TX",PACTB,Cristobal,1,1,"Maersk Line; MSC",2,8,5967,638,4532,7849,7,7,7,{7}
2024-12-29,USHOU,"Houston TX",USMOB,"Mobile AL",4,4,"APL; CMA CGM; CNC Line-Cheng Lie Navigation Co. Ltd.; COSCO; Evergreen Line; Hapag-Lloyd; Hyundai; Maersk Line; MSC; ONE; OOCL; Yang Ming; ZIM",13,45,33140.79020979021,2986.6923076923076,6402,11388,1,1.5,2,"{1,1,2,2}"
2024-12-29,USHOU,"Houston TX",USMSY,"New Orleans LA",7,7,"APL; CMA CGM; COSCO; Evergreen Line; Hapag-Lloyd; Maersk Line; MSC; ONE; OOCL; Seaboard Marine; ZIM",11,49,37833.60028860029,3824.6594516594514,1809,9200,1,2,4,"{4,3,2,2,3,1,2}"
2024-12-29,USHOU,"Houston TX",USORF,"Norfolk VA",2,2,"APL; CMA CGM; Maersk Line; MSC",4,20,10879.666666666668,1119.857142857143,4154,6802,7,7,7,"{7,7}"
2024-12-29,USHOU,"Houston TX",USPEF,"Port Everglades FL",1,1,"NSA-National Shipping of America",1,1,1140,172,570,570,4,4,4,{4}
2024-12-29,USILG,"Wilmington DE",COSMR,"Santa Marta",2,2,Dole,1,2,9836,3040,2046,2872,3,3.5,4,"{4,3}"
2024-12-29,USILG,"Wilmington DE",CRMOB,Moin,1,1,Dole,1,1,5744,1060,2872,2872,5,5,5,{5}
2024-12-29,USILG,"Wilmington DE",USMIA,"Miami FL",1,1,"Seaboard Marine",1,2,973,170,972,974,2,2,2,{2}
2024-12-29,USILG,"Wilmington DE",USSAV,"Savannah GA",1,1,"Maersk Line",1,3,3947,1000,3947,3947,1,1,1,{1}
2024-12-29,USILM,"Wilmington NC",BEANR,Antwerp,1,1,ICL,1,4,3097.5,500,3091,3108,11,11,11,{11}
2024-12-29,USILM,"Wilmington NC",USNYC,"New York NY/NJ",1,1,"Maersk Line; MSC; ZIM",3,12,8380.416666666666,749.1666666666666,8010,8814,2,2,2,{2}
2024-12-29,USILM,"Wilmington NC",USORF,"Norfolk VA",2,2,"Hapag-Lloyd; Hyundai; Maersk Line; MSC; ONE; Yang Ming",6,16,15786.083333333334,1350,2478,13470,1,1.5,2,"{1,2}"
2024-12-29,USILM,"Wilmington NC",USSAV,"Savannah GA",1,1,"Maersk Line; MSC",2,4,2509,500,2478,2550,1,1,1,{1}
2024-12-29,USITO,"Hilo HI",USKWH,Kawaihae,1,1,"Maersk Line; Matson",2,2,2510.5,408,1994,3027,0,0,0,{0}
2024-12-29,USITO,"Hilo HI",USLAX,"Los Angeles CA",1,1,"Maersk Line; Matson",2,5,3353.2,228.8,2526,3620,23,23,23,{23}
2024-12-29,USJAX,"Jacksonville FL",BSFPO,Freeport,2,2,"Ellerman; MSC",2,10,10067.428571428572,1266.6666666666667,3674,4931,2,2,2,"{2,2}"
2024-12-29,USJAX,"Jacksonville FL",CUMAR,Mariel,1,1,Crowley,1,2,972,85,972,972,5,5,5,{5}
2024-12-29,USJAX,"Jacksonville FL",PRSJU,"San Juan PR",4,4,"Crowley; Maersk Line; TOTE Maritime",3,4,11000,1136,2400,3100,3,3,3,"{3,3,3,3}"
2024-12-29,USJAX,"Jacksonville FL",USCHS,"Charleston SC",2,2,"Hapag-Lloyd; Hyundai; ONE; Yang Ming",4,25,18389.883116883117,1381.818181818182,6350,14026,0,0,0,"{0,0}"
2024-12-29,USJAX,"Jacksonville FL",USNYC,"New York NY/NJ",1,1,MSC,1,6,2728.1666666666665,387,2468,3426,3,3,3,{3}
2024-12-29,USJAX,"Jacksonville FL",USPEF,"Port Everglades FL",2,2,"Crowley; Hapag-Lloyd; King Ocean; Maersk Line; Seaboard Marine",5,9,6893.857142857143,1515,1284,6494,1,1.5,2,"{2,1}"
2024-12-29,USJAX,"Jacksonville FL",USSAV,"Savannah GA",1,1,"Maersk Line; MSC; ZIM",3,12,8380.416666666666,749.1666666666666,8010,8814,0,0,0,{0}
2024-12-29,USKWH,Kawaihae,USOAK,"Oakland CA",1,1,"Maersk Line; Matson",2,2,2510.5,408,1994,3027,1,1,1,{1}
2024-12-29,USLAX,"Los Angeles CA",CNSHA,Shanghai,1,1,ZIM,1,5,5072.6,660,4520,5504,17,17,17,{17}
2024-12-29,USLAX,"Los Angeles CA",JPYOK,Yokohama,1,1,"Maersk Line; MSC",2,8,11130,775,9038,13092,12,12,12,{12}
2024-12-29,USLAX,"Los Angeles CA",MXLZC,"Lazaro Cardenas",2,2,"APL; CMA CGM; Maersk Line; MSC",4,19,12738.785714285714,1427.5714285714284,3500,12119,4,5,6,"{6,4}"
2024-12-29,USLAX,"Los Angeles CA",MXZLO,"Manzanillo, MEX",1,1,"Hapag-Lloyd; ONE",2,4,2644.5,425,2586,2664,4,4,4,{4}
2024-12-29,USLAX,"Los Angeles CA",NZAKL,Auckland,1,1,"ANL; APL; CMA CGM; Hapag-Lloyd; Maersk Line; MSC",6,10,4518.1,399.1,3884,5466,21,21,21,{21}
2024-12-29,USLAX,"Los Angeles CA",USHNL,"Honolulu HI",1,1,"Maersk Line; Matson",2,5,3353.2,228.8,2526,3620,4,4,4,{4}
2024-12-29,USLAX,"Los Angeles CA",USOAK,"Oakland CA",11,11,"ANL; APL; CMA CGM; CNC Line-Cheng Lie Navigation Co. Ltd.; COSCO; Evergreen Line; Hapag-Lloyd; Hyundai; Maersk Line; MSC; ONE; OOCL; Samudera; X-Press; Yang Ming",15,116,105722.58417783589,7456.615471485035,5095,15536,1,2,18,"{1,2,1,1,18,2,1,2,2,2,1}"
2024-12-29,USLAX,"Los Angeles CA",VNHPH,Haiphong,1,1,"APL; CMA CGM; COSCO; Evergreen Line; ONE; OOCL",6,8,8974.125,600,7092,10642,24,24,24,{24}
2024-12-29,USLAX,"Los Angeles CA",VNVUT,"Cai Mep",1,1,ZIM,1,6,5344,975,5300,5504,22,22,22,{22}
2024-12-29,USLGB,"Long Beach CA",CAPRR,"Prince Rupert BC",1,1,"APL; CMA CGM; COSCO; Evergreen Line; OOCL; Yang Ming",6,7,11167.57142857143,722.8571428571429,10000,13500,4,4,4,{4}
2024-12-29,USLGB,"Long Beach CA",CNNGB,Ningbo,2,2,"Matson; Sea Lead",2,11,5251,201.66666666666666,1000,4253,13,20,27,"{27,13}"
2024-12-29,USLGB,"Long Beach CA",CNYTN,Yantian,1,1,MSC,1,7,10134,,10134,10134,21,21,21,{21}
2024-12-29,USLGB,"Long Beach CA",KRPUS,Busan,2,2,"APL; CMA CGM; COSCO; Evergreen Line; Maersk Line; MSC; OOCL",7,14,29454.25,1762.4583333333335,13000,19154,16,18,20,"{16,20}"
2024-12-29,USLGB,"Long Beach CA",TWKHH,Kaohsiung,1,1,"COSCO; OOCL",2,6,8611,720,8063,10020,18,18,18,{18}
2024-12-29,USLGB,"Long Beach CA",USHNL,"Honolulu HI",3,3,"Maersk Line; Matson; Pasha Hawaii",3,6,7062,908,1400,3027,4,4,4,"{4,4,4}"
2024-12-29,USLGB,"Long Beach CA",USOAK,"Oakland CA",6,6,"CMA CGM; Hapag-Lloyd; Hyundai; Maersk Line; MSC; NPDL; ONE; Swire Shipping; Wan Hai; Yang Ming",10,59,58464.34505772006,4545.968253968254,1102,19224,1,2,15,"{3,2,2,15,2,1}"
2024-12-29,USLGB,"Long Beach CA",USPDX,"Portland OR",1,1,"Hyundai; SM Line",2,6,6655,600,6655,6655,2,2,2,{2}
2024-12-29,USLGB,"Long Beach CA",VNHPH,Haiphong,1,1,"APL; CMA CGM; CNC Line-Cheng Lie Navigation Co. Ltd.; COSCO; Evergreen Line; ONE; OOCL",7,7,10003.285714285714,514.2857142857143,10000,10020,19,19,19,{19}
2024-12-29,USLGB,"Long Beach CA",VNVUT,"Cai Mep",1,1,"COSCO; Evergreen Line; ONE; OOCL",4,7,13678.857142857143,862.8571428571429,13208,14500,22,22,22,{22}
2024-12-29,USMIA,"Miami FL",BSFPO,Freeport,3,3,"Maersk Line; MSC; ZIM",3,34,20708.77489177489,1820.992784992785,5466,11088,1,1,8,"{1,1,8}"
2024-12-29,USMIA,"Miami FL",CRMOB,Moin,1,1,"Seaboard Marine",1,3,1794,373.3333333333333,1732,1841,3,3,3,{3}
2024-12-29,USMIA,"Miami FL",DOHAI,"Rio Haina",3,3,"Antillean Marine; Seaboard Marine",2,6,3010.4285714285716,499,202,1809,3,4,4,"{4,3,4}"
2024-12-29,USMIA,"Miami FL",DOPOP,"Puerto Plata",1,1,"Antillean Marine",1,1,167,,167,167,4,4,4,{4}
2024-12-29,USMIA,"Miami FL",ESALG,Algeciras,1,1,"APL; CMA CGM; COSCO; Hapag-Lloyd; ONE; OOCL; Yang Ming; ZIM",8,6,8738,728.3333333333334,8063,9954,14,14,14,{14}
2024-12-29,USMIA,"Miami FL",GTSTC,"Santo Tomas de Castilla",1,1,"Seaboard Marine",1,2,973,170,972,974,3,3,3,{3}
2024-12-29,USMIA,"Miami FL",HTPAP,Port-au-Prince,1,1,"Antillean Marine",1,1,205,,205,205,3,3,3,{3}
2024-12-29,USMIA,"Miami FL",JMKIN,Kingston,1,1,"Seaboard Marine",1,2,1755.5,300,1730,1781,2,2,2,{2}
2024-12-29,USMIA,"Miami FL",MXVER,Veracruz,2,2,"APL; CMA CGM; COSCO; Evergreen Line; Maersk Line; MSC; OOCL",7,16,13860.761904761905,1201.1746031746034,5920,9200,3,3.5,4,"{3,4}"
2024-12-29,USMIA,"Miami FL",MYPKG,"Port Klang",1,1,"CMA CGM; CNC Line-Cheng Lie Navigation Co. Ltd.; COSCO; Evergreen Line; OOCL",5,13,8771.692307692309,751.9230769230769,6881,10960,36,36,36,{36}
2024-12-29,USMIA,"Miami FL",USPHL,"Philadelphia PA",1,1,ZIM,1,5,1656,334.6,1296,1781,3,3,3,{3}
2024-12-29,USMIA,"Miami FL",USSAV,"Savannah GA",2,2,"MSC; Seaboard Marine",2,8,14466.785714285714,444.04761904761904,1730,8089,1,1.5,2,"{2,1}"
2024-12-29,USMOB,"Mobile AL",BSFPO,Freeport,1,1,"Maersk Line; MSC",2,7,5721,592.8571428571429,5550,6572,3,3,3,{3}
2024-12-29,USMOB,"Mobile AL",PAROD,Rodman,1,1,"Evergreen Line; Hapag-Lloyd; Hyundai; ONE; Yang Ming",5,11,7061.181818181818,539.8181818181819,6724,8110,4,4,4,{4}
2024-12-29,USMOB,"Mobile AL",USHOU,"Houston TX",1,1,"Maersk Line; MSC; ZIM",3,11,5933.727272727273,587.8181818181819,5466,6750,2,2,2,{2}
2024-12-29,USMOB,"Mobile AL",USMSY,"New Orleans LA",1,1,"APL; CMA CGM; CNC Line-Cheng Lie Navigation Co. Ltd.; COSCO; Evergreen Line; OOCL",6,13,9056.153846153846,1005.6923076923077,7327,11388,2,2,2,{2}
2024-12-29,USMOB,"Mobile AL",USTPA,"Tampa FL",2,2,"APL; CMA CGM; COSCO; Evergreen Line; Maersk Line; MSC; OOCL; ZIM",8,21,17023.454545454544,1441.181818181818,6402,9178,1,1,1,"{1,1}"
2024-12-29,USMSY,"New Orleans LA",COCTG,Cartagena,1,1,"Hapag-Lloyd; Maersk Line; MSC; ONE",4,9,6624.444444444444,609,5642,7179,1,1,1,{1}
2024-12-29,USMSY,"New Orleans LA",CUMAR,Mariel,1,1,"Seaboard Marine",1,2,2186.5,310.5,1809,2564,1,1,1,{1}
2024-12-29,USMSY,"New Orleans LA",FRLEH,"Le Havre",1,1,"APL; CMA CGM; COSCO; Evergreen Line; OOCL",5,7,6458.428571428572,614.2857142857143,5920,7092,16,16,16,{16}
2024-12-29,USMSY,"New Orleans LA",GBIMM,Immingham,1,1,Stinnes,1,3,3193.047619047619,208,771,904,15,15,15,{15}
2024-12-29,USMSY,"New Orleans LA",GTPBR,"Puerto Barrios",1,1,"Maersk Line; MSC",2,3,2945.6666666666665,528.6666666666666,2339,3674,3,3,3,{3}
2024-12-29,USMSY,"New Orleans LA",JMKIN,Kingston,1,1,"CMA CGM; COSCO; Maersk Line",3,8,6282.5,587.5,5576,6750,4,4,4,{4}
2024-12-29,USMSY,"New Orleans LA",SGSIN,Singapore,1,1,"APL; CMA CGM; CNC Line-Cheng Lie Navigation Co. Ltd.; COSCO; Evergreen Line; OOCL",6,13,9056.153846153846,1005.6923076923077,7327,11388,40,40,40,{40}
2024-12-29,USMSY,"New Orleans LA",USHOU,"Houston TX",1,1,"CSAL-Canada States Africa Line; GAL-Gulf Africa Line; MACS",3,3,4105.333333333333,,953,1100,3,3,3,{3}
2024-12-29,USMSY,"New Orleans LA",USMIA,"Miami FL",2,2,"Maersk Line; MSC; ZIM",3,20,13336.060606060606,1174.7070707070707,5466,9200,1,2,3,"{3,1}"
2024-12-29,USMSY,"New Orleans LA",USMOB,"Mobile AL",1,1,"Maersk Line; MSC",2,7,5721,592.8571428571429,5550,6572,1,1,1,{1}
2024-12-29,USNTD,"Port Hueneme CA",CRCAL,"Puerto Caldera",1,1,"CMA CGM",1,3,1312,634,1312,1312,12,12,12,{12}
2024-12-29,USNTD,"Port Hueneme CA",USLAX,"Los Angeles CA",1,1,"APL; CMA CGM; Maersk Line; MSC",4,5,3500,700,3500,3500,1,1,1,{1}
2024-12-29,USNYC,"New York NY/NJ",AEAUH,"Abu Dhabi",1,1,MSC,1,14,8465.57142857143,685.5,5888,13200,39,39,39,{39}
2024-12-29,USNYC,"New York NY/NJ",BMBDA,Hamilton,1,1,"Bermuda Container Line; ZIM",2,1,460,,460,460,2,2,2,{2}
2024-12-29,USNYC,"New York NY/NJ",CAHAL,Halifax,2,2,"Hapag-Lloyd; Hyundai; ONE; Yang Ming; ZIM",5,19,15637.42857142857,1134.6,1296,14026,2,2,2,"{2,2}"
2024-12-29,USNYC,"New York NY/NJ",CAMTR,Montreal,1,1,MSC,1,6,2728.1666666666665,387,2468,3426,5,5,5,{5}
2024-12-29,USNYC,"New York NY/NJ",DEBRV,Bremerhaven,1,1,"Maersk Line; MSC",2,6,4208.666666666667,450.8333333333333,3398,5078,11,11,11,{11}
2024-12-29,USNYC,"New York NY/NJ",JMKIN,Kingston,1,1,"APL; CMA CGM",2,3,1691,294,1691,1691,4,4,4,{4}
2024-12-29,USNYC,"New York NY/NJ",MAPTM,Tanger,1,1,"APL; CMA CGM; Maersk Line",3,14,6429,544.8571428571429,6188,6802,6,6,6,{6}
2024-12-29,USNYC,"New York NY/NJ",PAMIT,Manzanillo,1,1,"Maersk Line",1,9,4210.666666666667,1103,4045,4258,6,6,6,{6}
2024-12-29,USNYC,"New York NY/NJ",PAONX,Colon,1,1,"APL; CMA CGM; COSCO; Evergreen Line; OOCL",5,11,11245.272727272726,626.8181818181819,8452,12118,5,5,5,{5}
2024-12-29,USNYC,"New York NY/NJ",SGSIN,Singapore,2,2,"Maersk Line; MSC; ZIM",3,18,21091.70238095238,893.2142857142857,8010,8814,29,30,31,"{31,29}"
2024-12-29,USNYC,"New York NY/NJ",USBAL,"Baltimore MD",3,3,"ACL-Atlantic Container Line; CMA CGM; Hapag-Lloyd; Maersk Line; MSC",5,17,11005.111111111111,1246.4444444444443,1774,5087,2,2,2,"{2,2,2}"
2024-12-29,USNYC,"New York NY/NJ",USBOS,"Boston MA",1,1,ZIM,1,12,7253.083333333333,250,7000,7928,1,1,1,{1}
2024-12-29,USNYC,"New York NY/NJ",USCHS,"Charleston SC",3,3,"APL; CMA CGM; Maersk Line; MSC; ZIM",5,35,19522.714285714286,1784.0000000000002,5550,11088,2,3,3,"{3,2,3}"
2024-12-29,USNYC,"New York NY/NJ",USORF,"Norfolk VA",20,20,"APL; Arkas Line; CMA CGM; CNC Line-Cheng Lie Navigation Co. Ltd.; COSCO; Evergreen Line; Hapag-Lloyd; Hyundai; Maersk Line; MSC; ONE; OOCL; Turkon; Wan Hai; Yang Ming; ZIM",16,208,169040.16529846966,13241.360601355167,1878,15536,1,1,3,"{2,1,3,1,2,1,1,1,1,2,1,2,2,3,2,1,1,1,1,1}"
2024-12-29,USNYC,"New York NY/NJ",USPHL,"Philadelphia PA",3,3,"ACL-Atlantic Container Line; Ellerman; Hapag-Lloyd; Maersk Line; MSC; ONE; Yang Ming",7,21,16561.857142857145,3020.866666666667,4112,6969,1,1,2,"{1,2,1}"
2024-12-29,USNYC,"New York NY/NJ",USSAV,"Savannah GA",4,4,"ANL; APL; CMA CGM; COSCO; Evergreen Line; Hyundai; Marfret; MSC; ONE; OOCL",10,52,28673.630369630373,2424.6918081918084,1064,16000,2,2,2,"{2,2,2,2}"
2024-12-29,USOAK,"Oakland CA",CNSHK,Shekou,1,1,"ONE; Wan Hai",2,8,10665.125,650,4532,13458,2,2,2,{2}
2024-12-29,USOAK,"Oakland CA",CNTAO,Qingdao,1,1,"Maersk Line; MSC",2,7,10870.285714285714,871.4285714285714,9162,11294,16,16,16,{16}
2024-12-29,USOAK,"Oakland CA",HKHKG,"Hong Kong",1,1,"Hapag-Lloyd; Hyundai; ONE; Yang Ming",4,9,13158.222222222223,877.7777777777779,6258,14100,16,16,16,{16}
2024-12-29,USOAK,"Oakland CA",JPTYO,Tokyo,2,2,"ANL; APL; CMA CGM; COSCO; Evergreen Line; Hapag-Lloyd; Hyundai; ONE; OOCL; Samudera; X-Press; Yang Ming",12,30,17216.894736842107,1352.7272727272727,6661,9592,11,12,13,"{13,11}"
2024-12-29,USOAK,"Oakland CA",JPUKB,Kobe,1,1,"Hapag-Lloyd; Hyundai; ONE; Yang Ming",4,7,9830.857142857143,857.1428571428571,10100,11860,12,12,12,{12}
2024-12-29,USOAK,"Oakland CA",JPYOK,Yokohama,1,1,"ANL; APL; CMA CGM; CNC Line-Cheng Lie Navigation Co. Ltd.; Maersk Line",5,7,5734.285714285715,785.7142857142857,5598,6552,11,11,11,{11}
2024-12-29,USOAK,"Oakland CA",KRPUS,Busan,3,3,"APL; CMA CGM; COSCO; Evergreen Line; Hapag-Lloyd; Hyundai; MSC; ONE; OOCL; Yang Ming",10,36,36567.73809523809,2537.3333333333335,8452,19224,16,16,17,"{17,16,16}"
2024-12-29,USOAK,"Oakland CA",PAROD,Rodman,1,1,"CMA CGM; Hapag-Lloyd; ONE; Yang Ming",4,11,4908.545454545455,330,4882,5014,9,9,9,{9}
2024-12-29,USOAK,"Oakland CA",PFPPT,"Papeete, Tahiti",1,1,"Maersk Line; NPDL; Swire Shipping",3,2,3857,705.7142857142857,1102,1740,11,11,11,{11}
2024-12-29,USOAK,"Oakland CA",TWKEL,Keelung,1,1,"Hapag-Lloyd; Hyundai; ONE; Yang Ming",4,7,8405.42857142857,700,8240,8626,14,14,14,{14}
2024-12-29,USOAK,"Oakland CA",TWKHH,Kaohsiung,2,2,"APL; CMA CGM; CNC Line-Cheng Lie Navigation Co. Ltd.; COSCO; Evergreen Line; ONE; OOCL",7,31,28638.760869565216,1277.1739130434783,9415,15536,16,18.5,21,"{16,21}"
2024-12-29,USOAK,"Oakland CA",USHNL,"Honolulu HI",2,2,"ANL; CMA CGM; Matson",3,8,8053.5,683,2890,5095,4,5,6,"{6,4}"
2024-12-29,USOAK,"Oakland CA",USLAX,"Los Angeles CA",2,2,"ANL; APL; CMA CGM; Hapag-Lloyd; Maersk Line; MSC",6,24,13756.885714285714,1126.6714285714286,3884,12119,5,5.5,6,"{5,6}"
2024-12-29,USOAK,"Oakland CA",USLGB,"Long Beach CA",2,2,"Maersk Line; Matson; Pasha Hawaii",3,4,5035.5,808,1994,3027,3,3,3,"{3,3}"
2024-12-29,USOGG,"Kahului HI",USITO,"Hilo HI",1,1,"Maersk Line; Matson",2,2,2510.5,408,1994,3027,4,4,4,{4}
2024-12-29,USORF,"Norfolk VA",BEANR,Antwerp,2,2,"Hapag-Lloyd; Maersk Line; MSC; ONE; Yang Ming",5,11,11371.666666666668,1061,4154,6921,10,10.5,11,"{11,10}"
2024-12-29,USORF,"Norfolk VA",COCTG,Cartagena,2,2,"CMA CGM; COSCO; Hapag-Lloyd; Hyundai; ONE; Yang Ming",6,18,15855.583333333334,1384.3333333333335,2339,13470,4,4.5,5,"{4,5}"
2024-12-29,USORF,"Norfolk VA",GBSOU,Southampton,1,1,"ACL-Atlantic Container Line; Hapag-Lloyd; ONE; Yang Ming",4,5,6664,629.2,5962,6969,12,12,12,{12}
2024-12-29,USORF,"Norfolk VA",JMKIN,Kingston,2,2,"Hapag-Lloyd; Maersk Line; MSC; ZIM",4,19,17268.04761904762,2150,2572,15124,5,5.5,6,"{6,5}"
2024-12-29,USORF,"Norfolk VA",PKBQM,"Port Qasim",1,1,"Hyundai; ONE",2,11,4408.454545454545,581.8181818181819,6350,7164,32,32,32,{32}
2024-12-29,USORF,"Norfolk VA",SEGOT,Gothenburg,1,1,"ACL-Atlantic Container Line; Hapag-Lloyd",2,5,3809,200,3809,3809,12,12,12,{12}
2024-12-29,USORF,"Norfolk VA",USBAL,"Baltimore MD",6,6,"APL; CMA CGM; COSCO; Evergreen Line; Maersk Line; MSC; OOCL; ZIM",8,64,51427.919413919415,4252.130536130536,3398,15372,0,1.5,3,"{1,3,0,2,1,2}"
2024-12-29,USORF,"Norfolk VA",USCHS,"Charleston SC",4,4,"Hapag-Lloyd; Maersk Line; MSC; Wan Hai",4,35,25910.660561660563,2701.059829059829,1774,13806,1,2,2,"{1,2,2,2}"
2024-12-29,USORF,"Norfolk VA",USJAX,"Jacksonville FL",1,1,"Ellerman; MSC",2,9,4294,1266.6666666666667,4112,4931,2,2,2,{2}
2024-12-29,USORF,"Norfolk VA",USNYC,"New York NY/NJ",2,2,"APL; CMA CGM; Maersk Line; ZIM",4,26,13682.083333333332,794.8571428571429,6188,7928,1,2,3,"{1,3}"
2024-12-29,USORF,"Norfolk VA",USPHL,"Philadelphia PA",1,1,"Maersk Line; MSC",2,4,2509,500,2478,2550,2,2,2,{2}
2024-12-29,USORF,"Norfolk VA",USSAV,"Savannah GA",14,14,"APL; Arkas Line; CMA CGM; CNC Line-Cheng Lie Navigation Co. Ltd.; COSCO; Evergreen Line; Hapag-Lloyd; Hyundai; Maersk Line; MSC; ONE; OOCL; Turkon; Yang Ming; ZIM",15,152,119181.31731312165,9307.70442419899,1878,15536,1,2,3,"{2,3,2,2,1,2,2,2,1,2,2,2,2,2}"
2024-12-29,USPAB,"Palm Beach FL",BSFPO,Freeport,3,1,"Tropical Shipping",1,3,396,,132,132,0,0,0,"{0,0,0}"
2024-12-29,USPAB,"Palm Beach FL",BSNAS,Nassau,3,1,"Tropical Shipping",1,3,1176,,392,392,1,1,1,"{1,1,1}"
2024-12-29,USPAB,"Palm Beach FL",PRSJU,"San Juan PR",1,1,"Tropical Shipping",1,2,1148,260,1148,1148,3,3,3,{3}
2024-12-29,USPAB,"Palm Beach FL",TCPLS,Providenciales,2,2,"Tropical Shipping",1,2,612,132,306,306,2,2,2,"{2,2}"
2024-12-29,USPAB,"Palm Beach FL",VICTD,"St Croix VI",1,1,"Tropical Shipping",1,2,1148,260,1148,1148,3,3,3,{3}
2024-12-29,USPAB,"Palm Beach FL",VICZB,"St John VI",1,1,"Tropical Shipping",1,2,911.5,187,850,973,3,3,3,{3}
2024-12-29,USPAE,"Everett WA",CAVAN,"Vancouver BC",1,1,"Swire Shipping",1,2,7021.714285714285,,2048,2048,7,7,7,{7}
2024-12-29,USPAE,"Everett WA",USSEA,"Seattle WA",2,2,"Swire Shipping",1,5,12754.666666666668,345.3333333333333,2048,2381,1,1.5,2,"{2,1}"
2024-12-29,USPDX,"Portland OR",CAVAN,"Vancouver BC",1,1,"MSC; ZIM",2,9,8188.666666666667,956.7777777777779,6492,9400,1,1,1,{1}
2024-12-29,USPDX,"Portland OR",KRPUS,Busan,1,1,"Hyundai; SM Line",2,6,6655,600,6655,6655,14,14,14,{14}
2024-12-29,USPEF,"Port Everglades FL",AWBAR,Barcadera,1,1,"King Ocean",1,2,1484,,1484,1484,3,3,3,{3}
2024-12-29,USPEF,"Port Everglades FL",BRSSZ,Santos,1,1,"Hapag-Lloyd; Maersk Line",2,7,5603.857142857143,1125,4975,6494,10,10,10,{10}
2024-12-29,USPEF,"Port Everglades FL",BSNAS,Nassau,2,1,MSC,1,2,732,92,366,366,1,1,1,"{1,1}"
2024-12-29,USPEF,"Port Everglades FL",BZBZE,"Belize City",1,1,"Hyde Shipping Corp.; Seaboard Marine",2,1,340,,340,340,3,3,3,{3}
2024-12-29,USPEF,"Port Everglades FL",COCTG,Cartagena,2,2,"CMA CGM; Hapag-Lloyd; Maersk Line; ONE; Yang Ming",5,14,9338.212121212122,960,3947,5087,3,3,3,"{3,3}"
2024-12-29,USPEF,"Port Everglades FL",CRMOB,Moin,2,2,"Crowley; Great White Fleet; King Ocean; Seaboard Marine",4,5,3131,852,1284,1841,3,3,3,"{3,3}"
2024-12-29,USPEF,"Port Everglades FL",DOCAU,Caucedo,1,1,MSC,1,1,5773.428571428572,,3674,3674,2,2,2,{2}
2024-12-29,USPEF,"Port Everglades FL",DOHAI,"Rio Haina",3,3,"Crowley; King Ocean",2,4,2404.0714285714284,536.1428571428571,366,972,3,3,4,"{3,4,3}"
2024-12-29,USPEF,"Port Everglades FL",GTSTC,"Santo Tomas de Castilla",3,3,"Crowley; King Ocean; Maersk Line; MSC",4,6,4455,840,972,2550,2,3,3,"{3,2,3}"
2024-12-29,USPEF,"Port Everglades FL",HTPAP,Port-au-Prince,1,1,"King Ocean",1,1,326,40,326,326,3,3,3,{3}
2024-12-29,USPEF,"Port Everglades FL",JMKIN,Kingston,2,2,"APL; CMA CGM; Maersk Line",3,6,3505.666666666667,850.3333333333333,1201,2578,2,2.5,3,"{3,2}"
2024-12-29,USPEF,"Port Everglades FL",KYGEC,Georgetown,2,2,"Crowley; Hyde Shipping Corp.; MSC; Seaboard Marine",4,2,1016,100,508,508,2,2,2,"{2,2}"
2024-12-29,USPEF,"Port Everglades FL",NIRAM,Rama,1,1,"King Ocean",1,1,205,,205,205,4,4,4,{4}
2024-12-29,USPEF,"Port Everglades FL",PRSJU,"San Juan PR",1,1,"NSA-National Shipping of America",1,1,1140,172,570,570,3,3,3,{3}
2024-12-29,USPEF,"Port Everglades FL",SXSXM,"St Maarten",1,1,"King Ocean; Seaboard Marine",2,2,1296,195,1296,1296,3,3,3,{3}
2024-12-29,USPEF,"Port Everglades FL",USILM,"Wilmington NC",1,1,"Maersk Line; MSC",2,4,2509,500,2478,2550,2,2,2,{2}
2024-12-29,USPEF,"Port Everglades FL",USJAX,"Jacksonville FL",2,2,"Crowley; King Ocean; Seaboard Marine",3,4,2262,475,972,1296,2,2,2,"{2,2}"
2024-12-29,USPEF,"Port Everglades FL",USNYC,"New York NY/NJ",1,1,"CMA CGM; Hapag-Lloyd; Maersk Line",3,3,4429.666666666667,630,3947,5087,3,3,3,{3}
2024-12-29,USPEF,"Port Everglades FL",USPHL,"Philadelphia PA",1,1,"CMA CGM; COSCO; ONE",3,6,2578.5,534.3333333333334,2339,2824,3,3,3,{3}
2024-12-29,USPEF,"Port Everglades FL",VISTT,"St Thomas VI",1,1,Crowley,1,1,1408,232,704,704,4,4,4,{4}
2024-12-29,USPFN,"Panama City FL",MXPGO,Progreso,1,1,"Linea Peninsular",1,1,366,40,366,366,2,2,2,{2}
2024-12-29,USPHL,"Philadelphia PA",BSFPO,Freeport,1,1,MSC,1,3,3347,710,2872,3739,4,4,4,{4}
2024-12-29,USPHL,"Philadelphia PA",NLRTM,Rotterdam,1,1,"ANL; APL; CMA CGM; Marfret",4,14,2318.1428571428573,588.1428571428571,1064,2713,11,11,11,{11}
2024-12-29,USPHL,"Philadelphia PA",USCHS,"Charleston SC",1,1,"Hapag-Lloyd; Maersk Line; MSC",3,11,3409.090909090909,807.4545454545454,3075,3752,4,4,4,{4}
2024-12-29,USPHL,"Philadelphia PA",USEWR,"NYC Ro/Ro (FAPS)",1,1,"Seaboard Marine",1,3,2929.3333333333335,504.6666666666667,2526,3716,1,1,1,{1}
2024-12-29,USPHL,"Philadelphia PA",USILG,"Wilmington DE",1,1,"Maersk Line",1,3,3947,1000,3947,3947,2,2,2,{2}
2024-12-29,USPHL,"Philadelphia PA",USILM,"Wilmington NC",1,1,"Maersk Line; MSC",2,4,2509,500,2478,2550,3,3,3,{3}
2024-12-29,USPHL,"Philadelphia PA",USNYC,"New York NY/NJ",3,3,"CMA CGM; COSCO; MSC; ONE; ZIM",5,17,16945.785714285714,1012.9809523809524,1296,8089,0,1,2,"{2,0,1}"
2024-12-29,USPHL,"Philadelphia PA",USORF,"Norfolk VA",3,3,"ACL-Atlantic Container Line; Ellerman; Hapag-Lloyd; Maersk Line; MSC; ONE; Yang Ming",7,21,16561.857142857145,3020.866666666667,4112,6969,0,1,2,"{1,2,0}"
2024-12-29,USPME,"Port Manatee FL",MXTUX,Tuxpan,1,1,"World Direct Shipping-WDS",1,1,1856,385,1856,1856,3,3,3,{3}
2024-12-29,USPWM,"Portland, ME",CAHAL,Halifax,1,1,Eimskip,1,3,882.6666666666666,189.66666666666666,698,1025,1,1,1,{1}
2024-12-29,USSAN,"San Diego CA",ECGYE,Guayaquil,1,1,Dole,1,3,1540,770,1540,1540,8,8,8,{8}
2024-12-29,USSAV,"Savannah GA",CNTXG,Xingang/Tianjin,1,1,"APL; CMA CGM; COSCO; Evergreen Line; OOCL",5,11,13364,763.6363636363636,13092,13500,32,32,32,{32}
2024-12-29,USSAV,"Savannah GA",COCTG,Cartagena,1,1,"Maersk Line",1,3,3947,1000,3947,3947,5,5,5,{5}
2024-12-29,USSAV,"Savannah GA",EGDAM,Damietta,1,1,"Hapag-Lloyd; ZIM",2,7,1580.5714285714287,235.71428571428572,2742,2798,16,16,16,{16}
2024-12-29,USSAV,"Savannah GA",ESALG,Algeciras,1,1,"CMA CGM; COSCO; ONE; OOCL",4,7,4447.428571428572,202.28571428571428,4253,4600,11,11,11,{11}
2024-12-29,USSAV,"Savannah GA",ESVLC,Valencia,1,1,"Hapag-Lloyd; ZIM",2,8,4035.5,353.875,3429,4839,12,12,12,{12}
2024-12-29,USSAV,"Savannah GA",JMKIN,Kingston,2,2,"ANL; APL; CMA CGM; Marfret",4,16,3511.1428571428573,893.1428571428571,1064,2713,3,3.5,4,"{3,4}"
2024-12-29,USSAV,"Savannah GA",MAPTM,Tanger,1,1,"Arkas Line; Hapag-Lloyd; Turkon",3,7,2214.4285714285716,438.85714285714283,1878,2826,11,11,11,{11}
2024-12-29,USSAV,"Savannah GA",MYTPP,"Tanjung Pelepas",1,1,"Maersk Line; MSC; ZIM",3,13,8046.153846153846,614.7692307692307,7846,9662,31,31,31,{31}
2024-12-29,USSAV,"Savannah GA",PABLB,Balboa,1,1,"Hapag-Lloyd; Maersk Line; MSC",3,11,3409.090909090909,807.4545454545454,3075,3752,4,4,4,{4}
2024-12-29,USSAV,"Savannah GA",PACTB,Cristobal,2,2,"Hapag-Lloyd; MSC; Wan Hai",3,24,19864.69230769231,1287.7972027972028,5550,13806,1,4.5,8,"{1,8}"
2024-12-29,USSAV,"Savannah GA",PAMIT,Manzanillo,1,1,"Hapag-Lloyd; Hyundai; ONE; Yang Ming",4,13,13350.307692307691,1000,12552,13870,6,6,6,{6}
2024-12-29,USSAV,"Savannah GA",USCHS,"Charleston SC",11,11,"APL; CMA CGM; CNC Line-Cheng Lie Navigation Co. Ltd.; COSCO; Evergreen Line; Hapag-Lloyd; Hyundai; Maersk Line; MSC; ONE; OOCL; Yang Ming",12,129,117083.31623087058,7695.829923699489,5888,16000,0,1,4,"{1,0,2,0,1,0,1,1,0,4,2}"
2024-12-29,USSAV,"Savannah GA",USHOU,"Houston TX",1,1,"APL; CMA CGM; Maersk Line",3,14,6429,544.8571428571429,6188,6802,4,4,4,{4}
2024-12-29,USSAV,"Savannah GA",USILM,"Wilmington NC",1,1,"Maersk Line; MSC; ZIM",3,12,8380.416666666666,749.1666666666666,8010,8814,4,4,4,{4}
2024-12-29,USSAV,"Savannah GA",USJAX,"Jacksonville FL",2,2,"Hapag-Lloyd; Hyundai; ONE; Yang Ming",4,25,18389.883116883117,1381.818181818182,6350,14026,0,0,0,"{0,0}"
2024-12-29,USSAV,"Savannah GA",USMIA,"Miami FL",3,3,"APL; CMA CGM; COSCO; Hapag-Lloyd; Maersk Line; MSC; ONE; OOCL; Seaboard Marine; Yang Ming; ZIM",11,22,17866.214285714286,1674.6190476190477,1730,11088,1,2,2,"{2,1,2}"
2024-12-29,USSAV,"Savannah GA",USNYC,"New York NY/NJ",2,2,"APL; CMA CGM; COSCO; Evergreen Line; Maersk Line; MSC; OOCL",7,19,18303.128205128207,1066.2179487179487,3398,15372,2,3.5,5,"{5,2}"
2024-12-29,USSAV,"Savannah GA",USORF,"Norfolk VA",2,2,"Hapag-Lloyd; Maersk Line; MSC; ONE; Yang Ming; ZIM",6,17,21498.333333333336,1936,6921,15124,1,2,3,"{1,3}"
2024-12-29,USSAV,"Savannah GA",USPEF,"Port Everglades FL",1,1,"Maersk Line; MSC",2,4,2509,500,2478,2550,2,2,2,{2}
2024-12-29,USSAV,"Savannah GA",USPHL,"Philadelphia PA",1,1,"ANL; APL; CMA CGM; Marfret",4,14,2318.1428571428573,588.1428571428571,1064,2713,2,2,2,{2}
2024-12-29,USSEA,"Seattle WA",CAVAN,"Vancouver BC",3,3,"ANL; APL; CMA CGM; Hapag-Lloyd; Maersk Line; MSC; Swire Shipping",7,15,17272.76666666667,744.4333333333334,2048,5466,2,2,2,"{2,2,2}"
2024-12-29,USSEA,"Seattle WA",CNLYG,Lianyungang,1,1,"COSCO; Evergreen Line; OOCL",3,6,4412.166666666667,307,4252,5050,19,19,19,{19}
2024-12-29,USSEA,"Seattle WA",KRKAN,Gwangyang,1,1,"APL; CMA CGM; CNC Line-Cheng Lie Navigation Co. Ltd.; COSCO; OOCL",5,7,9593,794,7327,10642,13,13,13,{13}
2024-12-29,USSEA,"Seattle WA",KRPUS,Busan,1,1,"SM Line",1,6,4293.333333333333,356.6666666666667,4211,4380,12,12,12,{12}
2024-12-29,USSEA,"Seattle WA",TWKHH,Kaohsiung,1,1,"APL; CMA CGM; COSCO; Evergreen Line; OOCL",5,6,5806.333333333333,644,5590,5920,16,16,16,{16}
2024-12-29,USSEA,"Seattle WA",USPDX,"Portland OR",1,1,"MSC; ZIM",2,9,8188.666666666667,956.7777777777779,6492,9400,3,3,3,{3}
2024-12-29,USSEA,"Seattle WA",VNHPH,Haiphong,1,1,"Swire Shipping",1,3,5500,568,2750,2750,19,19,19,{19}
2024-12-29,USTIW,"Tacoma WA",CAVAN,"Vancouver BC",3,3,"Hapag-Lloyd; Hyundai; ONE; Yang Ming",4,22,24913.03174603175,1984.3650793650793,5512,12690,0,0,2,"{0,2,0}"
2024-12-29,USTIW,"Tacoma WA",JPYOK,Yokohama,1,1,"Maersk Line",1,6,3232.5,566.1666666666666,2526,3649,15,15,15,{15}
2024-12-29,USTIW,"Tacoma WA",KRPUS,Busan,1,1,"Hapag-Lloyd; Hyundai; ONE; Yang Ming",4,8,11868,1037.5,6258,13792,14,14,14,{14}
2024-12-29,USTIW,"Tacoma WA",USOAK,"Oakland CA",1,1,Matson,1,2,2958.5,353,2890,3027,3,3,3,{3}
2024-12-29,USTPA,"Tampa FL",CNSHA,Shanghai,1,1,"APL; CMA CGM; COSCO; Evergreen Line; OOCL",5,10,8174,543,6402,8888,30,30,30,{30}
2024-12-29,USTPA,"Tampa FL",CRMOB,Moin,2,2,SeacatLine,1,3,1065,,467,598,2,3.5,5,"{5,2}"
2024-12-29,USTPA,"Tampa FL",GTPBR,"Puerto Barrios",1,1,Dole,1,2,1820,910,1820,1820,2,2,2,{2}
2024-12-29,USTPA,"Tampa FL",PABLB,Balboa,1,1,"Maersk Line; MSC; ZIM",3,11,8849.454545454546,898.1818181818181,8269,9178,7,7,7,{7}
2024-12-29,UYMVD,Montevideo,ARBUE,"Buenos Aires",3,3,"CMA CGM; COSCO; Evergreen Line; Hapag-Lloyd; MSC; ONE; OOCL; PIL; Yang Ming",9,34,26173.692307692305,2748.8269230769233,4051,13264,0,1,1,"{1,1,0}"
2024-12-29,UYMVD,Montevideo,ARZAE,Zarate,1,1,"Grimaldi Lines",1,4,2642,,1321,1321,1,1,1,{1}
2024-12-29,UYMVD,Montevideo,BRIOA,"Porto Itapoa",1,1,"Hapag-Lloyd; Maersk Line; ONE; ZIM",4,13,9387.46153846154,1500,8850,11888,4,4,4,{4}
2024-12-29,UYMVD,Montevideo,BRNVT,Navegantes,1,1,"Hapag-Lloyd; MSC; ZIM",3,9,9267.888888888889,1291.4444444444441,8762,11010,3,3,3,{3}
2024-12-29,UYMVD,Montevideo,BRRIG,"Rio Grande",4,4,"CMA CGM; Hapag-Lloyd; Maersk Line; MSC; ONE",5,39,33189.944444444445,4079.1040404040405,5550,12846,1,1,2,"{2,1,1,1}"
2024-12-29,VCKTN,"Kingstown, St Vincent",BBBGI,Bridgetown,1,1,"King Ocean; Seaboard Marine",2,2,1296,195,1296,1296,1,1,1,{1}
2024-12-29,VCKTN,"Kingstown, St Vincent",GDSTG,"St George's",1,1,"Geest Line; Seatrade; StreamLines",3,5,463.2,189.6,436,564,0,0,0,{0}
2024-12-29,VCKTN,"Kingstown, St Vincent",LCSLU,"Castries, St Lucia",1,1,"CMA CGM",1,3,773.3333333333334,164,677,966,1,1,1,{1}
2024-12-29,VEGUT,Guanta,VEPBL,"Puerto Cabello",1,1,"Caribbean Feeder; Hapag-Lloyd; X-Press",3,1,5048,962,2524,2524,1,1,1,{1}
2024-12-29,VELAG,"La Guaira",VEGUT,Guanta,1,1,"Caribbean Feeder; Hapag-Lloyd; X-Press",3,1,5048,962,2524,2524,0,0,0,{0}
2024-12-29,VELAG,"La Guaira",VEPBL,"Puerto Cabello",3,3,"CMA CGM; King Ocean; Maersk Line; MSC",4,7,5501.833333333334,1205.3333333333333,957,2578,1,1,1,"{1,1,1}"
2024-12-29,VEPBL,"Puerto Cabello",COCTG,Cartagena,1,1,"CMA CGM; Maersk Line",2,3,2226.3333333333335,451.3333333333333,1841,2578,2,2,2,{2}
2024-12-29,VEPBL,"Puerto Cabello",DOHAI,"Rio Haina",1,1,"King Ocean",1,2,961.5,289,957,966,3,3,3,{3}
2024-12-29,VEPBL,"Puerto Cabello",PAMIT,Manzanillo,3,3,"Caribbean Feeder; Hapag-Lloyd; Maersk Line; MSC; X-Press",5,4,12342,1427,2122,2524,3,4,4,"{3,4,4}"
2024-12-29,VGRAD,Tortola,DOCAU,Caucedo,1,1,"Tropical Shipping",1,2,1148,260,1148,1148,2,2,2,{2}
2024-12-29,VGRAD,Tortola,PRSJU,"San Juan PR",1,1,"CMA CGM",1,1,120,24,120,120,1,1,1,{1}
2024-12-29,VGRAD,Tortola,SXSXM,"St Maarten",1,1,"Tropical Shipping",1,2,911.5,187,850,973,0,0,0,{0}
2024-12-29,VGVIJ,"Virgin Gorda",SXSXM,"St Maarten",1,1,"Tropical Shipping",1,2,1148,260,1148,1148,1,1,1,{1}
2024-12-29,VGVIJ,"Virgin Gorda",VGRAD,Tortola,1,1,"Tropical Shipping",1,2,911.5,187,850,973,1,1,1,{1}
2024-12-29,VICTD,"St Croix VI",AIRBY,Anguilla,1,1,"Tropical Shipping",1,2,1148,260,1148,1148,1,1,1,{1}
2024-12-29,VICTD,"St Croix VI",USPEF,"Port Everglades FL",1,1,Crowley,1,1,1408,232,704,704,6,6,6,{6}
2024-12-29,VICZB,"St John VI",VISTT,"St Thomas VI",2,2,"Tropical Shipping",1,4,2059.5,447,850,1148,0,0,0,"{0,0}"
2024-12-29,VISTT,"St Thomas VI",KNBAS,"Basseterre, St Kitts",1,1,"CMA CGM",1,1,120,24,120,120,1,1,1,{1}
2024-12-29,VISTT,"St Thomas VI",VGVIJ,"Virgin Gorda",2,2,"Tropical Shipping",1,4,2059.5,447,850,1148,0,0,0,"{0,0}"
2024-12-29,VISTT,"St Thomas VI",VICTD,"St Croix VI",1,1,Crowley,1,1,1408,232,704,704,1,1,1,{1}
2024-12-29,VNC8Q,"Chu Lai",KRPUS,Busan,1,1,"APL; CMA CGM; CNC Line-Cheng Lie Navigation Co. Ltd.; COSCO; Hyundai",5,5,1829.8,226,1708,1952,6,6,6,{6}
2024-12-29,VNC8Q,"Chu Lai",THLCH,"Laem Chabang",1,1,"CMA CGM; CNC Line-Cheng Lie Navigation Co. Ltd.",2,4,1824.5,257.25,1756,1952,3,3,3,{3}
2024-12-29,VNC8Q,"Chu Lai",VNDAD,"Da Nang",1,1,"SITC Shipping",1,3,1797,162.66666666666666,1781,1805,0,0,0,{0}
2024-12-29,VNDAD,"Da Nang",CNNGB,Ningbo,1,1,"Asean Seas Line",1,2,1024,,1024,1024,2,2,2,{2}
2024-12-29,VNDAD,"Da Nang",CNSHK,Shekou,2,2,"IAL-Interasia Lines; SITC Shipping; Wan Hai",3,6,3741,446,1756,2038,1,1.5,2,"{1,2}"
2024-12-29,VNDAD,"Da Nang",CNTAO,Qingdao,1,1,"Asean Seas Line; Yang Ming",2,2,1673,190,1673,1673,3,3,3,{3}
2024-12-29,VNDAD,"Da Nang",CNYTN,Yantian,2,2,"Maersk Line; MSC",2,9,3987.142857142857,624.5,1774,2556,1,1.5,2,"{2,1}"
2024-12-29,VNDAD,"Da Nang",HKHKG,"Hong Kong",1,1,"COSCO; Evergreen Line",2,4,2344,,2300,2476,3,3,3,{3}
2024-12-29,VNDAD,"Da Nang",VNHPH,Haiphong,3,3,"CMA CGM; CNC Line-Cheng Lie Navigation Co. Ltd.; SITC Shipping; Yang Ming",4,12,4772.533333333333,662.65,953,2822,2,2,2,"{2,2,2}"
2024-12-29,VNDAD,"Da Nang",VNSGN,"Ho Chi Minh (VICT/Cat Lai)",4,4,"COSCO; Evergreen Line; IAL-Interasia Lines; Wan Hai; Yang Ming",5,13,8279,510.24999999999994,1500,3055,1,1.5,2,"{1,2,2,1}"
2024-12-29,VNHPH,Haiphong,CNNGB,Ningbo,2,2,"COSCO; NBOSCO; Sinotrans; SITC Shipping",4,7,2148,191.25,1023,1103,4,4,4,"{4,4}"
2024-12-29,VNHPH,Haiphong,CNNSA,Nansha,2,2,"SITC Shipping; TS Lines",2,6,2159.6666666666665,220,953,1182,0,1,2,"{0,2}"
2024-12-29,VNHPH,Haiphong,CNQZH,Qinzhou,6,6,"Asean Seas Line; CK Line; CMA CGM; CNC Line-Cheng Lie Navigation Co. Ltd.; Evergreen Line; KMTC; Maersk Line; OOCL; PIL; TS Lines",10,14,8402.654761904761,676.8571428571429,907,2086,1,1,1,"{1,1,1,1,1,1}"
2024-12-29,VNHPH,Haiphong,CNSHA,Shanghai,1,1,"COSCO; IAL-Interasia Lines; ONE; OOCL; Samudera; Wan Hai",6,5,4219.8,270,3013,4738,5,5,5,{5}
2024-12-29,VNHPH,Haiphong,CNSHK,Shekou,5,5,"CMA CGM; CNC Line-Cheng Lie Navigation Co. Ltd.; Dongjin Shipping; Dong Young; Evergreen Line; Heung-A; KMTC; Namsung; ONE; RCL; Sinokor; SITC Shipping; Wan Hai",13,12,6639.666666666667,546.3333333333334,1000,1984,1,2,2,"{2,2,2,1,1}"
2024-12-29,VNHPH,Haiphong,CNSWA,Shantou,1,1,"CK Line; KMTC; SM Line",3,2,1000,,1000,1000,1,1,1,{1}
2024-12-29,VNHPH,Haiphong,CNXMN,Xiamen,2,2,"APL; CMA CGM; COSCO; Dong Young; Evergreen Line; Namsung; ONE; OOCL; SM Line",9,10,10044.625,710,1023,10642,3,4,5,"{5,3}"
2024-12-29,VNHPH,Haiphong,CNYGP,Yangpu,1,1,"CMA CGM; CNC Line-Cheng Lie Navigation Co. Ltd.; COSCO",3,3,3513.6666666666665,366.6666666666667,2838,4253,1,1,1,{1}
2024-12-29,VNHPH,Haiphong,CNYTN,Yantian,6,6,"CMA CGM; CNC Line-Cheng Lie Navigation Co. Ltd.; COSCO; Evergreen Line; Hapag-Lloyd; Hyundai; MSC; ONE; OOCL; Samudera; X-Press; Yang Ming; ZIM",13,58,47665.44230769231,4044.1281274281273,2700,13792,1,2,3,"{2,3,2,2,2,1}"
2024-12-29,VNHPH,Haiphong,CNZHA,Zhanjiang,1,1,"CMA CGM; CNC Line-Cheng Lie Navigation Co. Ltd.",2,5,2101.2,416.4,1756,2822,2,2,2,{2}
2024-12-29,VNHPH,Haiphong,HKHKG,"Hong Kong",8,8,"CNC Line-Cheng Lie Navigation Co. Ltd.; COSCO; Evergreen Line; Heung-A; Hyundai; Maersk Line; Namsung; OOCL; PanCon; Sinokor; Yang Ming",11,23,13021.371428571427,880.0785714285714,1011,4253,1,1.5,2,"{2,1,1,1,1,2,2,2}"
2024-12-29,VNHPH,Haiphong,KRPUS,Busan,1,1,MSC,1,7,2940.1428571428573,521.4285714285714,2702,3534,6,6,6,{6}
2024-12-29,VNHPH,Haiphong,MYTPP,"Tanjung Pelepas",1,1,MSC,1,5,2981,487.2,2700,3534,5,5,5,{5}
2024-12-29,VNHPH,Haiphong,TWKHH,Kaohsiung,5,5,"CMA CGM; CNC Line-Cheng Lie Navigation Co. Ltd.; Evergreen Line; ONE; Wan Hai",5,12,8137.25,744.6666666666666,1040,1984,2,2,3,"{2,2,3,2,2}"
2024-12-29,VNHPH,Haiphong,VNC8Q,"Chu Lai",1,1,"SITC Shipping",1,3,1797,162.66666666666666,1781,1805,2,2,2,{2}
2024-12-29,VNHPH,Haiphong,VNDAD,"Da Nang",4,4,"Asean Seas Line; Maersk Line; Yang Ming",3,11,5919.142857142857,588.25,1024,1891,1,1,2,"{1,2,1,1}"
2024-12-29,VNHPH,Haiphong,VNSGN,"Ho Chi Minh (VICT/Cat Lai)",1,1,"Swire Shipping",1,3,5500,568,2750,2750,3,3,3,{3}
2024-12-29,VNHPH,Haiphong,VNVUT,"Cai Mep",3,3,"APL; CMA CGM; CNC Line-Cheng Lie Navigation Co. Ltd.; COSCO; Evergreen Line; MSC; ONE; OOCL; Wan Hai",9,18,23405.744047619046,1615.6190476190477,2646,13458,2,3,3,"{2,3,3}"
2024-12-29,VNSGN,"Ho Chi Minh (VICT/Cat Lai)",CNNGB,Ningbo,3,3,"CMA CGM; CNC Line-Cheng Lie Navigation Co. Ltd.; CULines-China United Lines; OOCL; RCL; Sinotrans; SITC Shipping",7,12,6242.233333333334,812.3333333333334,1668,2954,4,5,5,"{5,5,4}"
2024-12-29,VNSGN,"Ho Chi Minh (VICT/Cat Lai)",CNNSA,Nansha,2,2,"Maersk Line; ONE; SITC Shipping",3,5,3603.75,311,1781,1908,3,3,3,"{3,3}"
2024-12-29,VNSGN,"Ho Chi Minh (VICT/Cat Lai)",CNSHA,Shanghai,5,5,"CNC Line-Cheng Lie Navigation Co. Ltd.; COSCO; Evergreen Line; Gold Star Line; Heung-A; Jin Jiang; KMTC; Maersk Line; ONE; OOCL; Sinokor; ZIM",12,17,9855.416666666668,1140.6666666666665,1608,2800,4,5,7,"{5,5,6,4,7}"
2024-12-29,VNSGN,"Ho Chi Minh (VICT/Cat Lai)",CNSHK,Shekou,5,5,"CMA CGM; CNC Line-Cheng Lie Navigation Co. Ltd.; COSCO; KMTC; Namsung; ONE; OOCL; PIL; SITC Shipping; TS Lines; Wan Hai; Yang Ming",12,19,12085.833333333332,1678.1833333333334,1708,3036,3,3,4,"{3,4,3,3,3}"
2024-12-29,VNSGN,"Ho Chi Minh (VICT/Cat Lai)",CNTAO,Qingdao,1,1,"CNC Line-Cheng Lie Navigation Co. Ltd.; COSCO; Evergreen Line; OOCL",4,4,1771.25,271,1707,1930,6,6,6,{6}
2024-12-29,VNSGN,"Ho Chi Minh (VICT/Cat Lai)",CNXMN,Xiamen,1,1,"SITC Shipping",1,4,1797.75,122,1781,1805,4,4,4,{4}
2024-12-29,VNSGN,"Ho Chi Minh (VICT/Cat Lai)",CNYTN,Yantian,1,1,"Maersk Line",1,6,2797.3333333333335,373.3333333333333,2754,2806,3,3,3,{3}
2024-12-29,VNSGN,"Ho Chi Minh (VICT/Cat Lai)",HKHKG,"Hong Kong",8,8,"COSCO; Evergreen Line; IAL-Interasia Lines; KMTC; Maersk Line; Namsung; OOCL; RCL; Sinokor; Wan Hai; Yang Ming",11,28,17485.833333333332,2061.5,1585,3055,2,2.5,3,"{3,3,3,2,3,2,2,2}"
2024-12-29,VNSGN,"Ho Chi Minh (VICT/Cat Lai)",JPTYO,Tokyo,1,1,"CMA CGM; CNC Line-Cheng Lie Navigation Co. Ltd.",2,4,1824.5,257.25,1756,1952,8,8,8,{8}
2024-12-29,VNSGN,"Ho Chi Minh (VICT/Cat Lai)",JPUKB,Kobe,1,1,ONE,1,3,2521.3333333333335,400,2450,2664,7,7,7,{7}
2024-12-29,VNSGN,"Ho Chi Minh (VICT/Cat Lai)",KHKOS,Sihanoukville,3,3,"Maersk Line; SITC Shipping; Wan Hai",3,10,6120.75,970,1781,2362,1,2,3,"{2,3,1}"
2024-12-29,VNSGN,"Ho Chi Minh (VICT/Cat Lai)",KRINC,Inchon,4,4,"CK Line; Dongjin Shipping; Heung-A; KMTC; Namsung; PanCon; PanOcean; Sinokor; SM Line",9,12,7131,782,1614,1900,5,5.5,7,"{5,5,7,6}"
2024-12-29,VNSGN,"Ho Chi Minh (VICT/Cat Lai)",KRKAN,Gwangyang,2,2,"CK Line; Dongjin Shipping; KMTC; Namsung; PanCon; PanOcean; SM Line",7,6,3615.333333333333,327.33333333333337,1679,1891,6,6,6,"{6,6}"
2024-12-29,VNSGN,"Ho Chi Minh (VICT/Cat Lai)",KRPTK,Pyongtaek,1,1,"Heung-A; Sinokor",2,3,2058.285714285714,321.9047619047619,1785,1809,6,6,6,{6}
2024-12-29,VNSGN,"Ho Chi Minh (VICT/Cat Lai)",KRPUS,Busan,1,1,"Evergreen Line; Heung-A; KMTC; ONE; Sinokor",5,3,1748,236,1626,1809,5,5,5,{5}
2024-12-29,VNSGN,"Ho Chi Minh (VICT/Cat Lai)",MYPKG,"Port Klang",2,2,"IAL-Interasia Lines; Wan Hai",2,8,4503.5,400,1756,3055,3,3.5,4,"{3,4}"
2024-12-29,VNSGN,"Ho Chi Minh (VICT/Cat Lai)",MYTPP,"Tanjung Pelepas",1,1,"Maersk Line",1,3,1777.3333333333333,306.3333333333333,1740,1798,2,2,2,{2}
2024-12-29,VNSGN,"Ho Chi Minh (VICT/Cat Lai)",PHBTG,Batangas,2,2,"Maersk Line; RCL; SITC Shipping",3,6,3551,616.6666666666666,1707,1805,3,3,3,"{3,3}"
2024-12-29,VNSGN,"Ho Chi Minh (VICT/Cat Lai)",SGSIN,Singapore,2,2,"COSCO; OOCL; Yang Ming",3,8,3662.75,556.5,1500,2272,2,2.5,3,"{3,2}"
2024-12-29,VNSGN,"Ho Chi Minh (VICT/Cat Lai)",THBKK,"Bangkok (Old Port)",2,2,"Namsung; PanOcean; Sinotrans; SITC Shipping; SM Line",5,7,3582.5,209,1679,1891,3,3.5,4,"{3,4}"
2024-12-29,VNSGN,"Ho Chi Minh (VICT/Cat Lai)",THLCH,"Laem Chabang",14,14,"CK Line; Dongjin Shipping; Evergreen Line; Gold Star Line; Heung-A; Hyundai; KMTC; Maersk Line; Namsung; ONE; OOCL; PanCon; PanOcean; Sinokor; SM Line; Yang Ming; ZIM",17,48,28451.035714285714,3350.571428571429,1585,2940,1,2,3,"{2,2,2,1,3,2,2,2,2,3,2,3,2,3}"
2024-12-29,VNSGN,"Ho Chi Minh (VICT/Cat Lai)",TWKHH,Kaohsiung,5,4,"Evergreen Line; IAL-Interasia Lines; OOCL; Wan Hai; Yang Ming",5,16,11626.666666666668,1122,1618,3055,3,3,4,"{3,4,3,3,3}"
2024-12-29,VNSGN,"Ho Chi Minh (VICT/Cat Lai)",USSEA,"Seattle WA",1,1,"Swire Shipping",1,3,5500,568,2750,2750,17,17,17,{17}
2024-12-29,VNSGN,"Ho Chi Minh (VICT/Cat Lai)",VNDAD,"Da Nang",2,2,"IAL-Interasia Lines; Wan Hai; Yang Ming",3,7,3609,469.5833333333333,1500,2038,1,1.5,2,"{1,2}"
2024-12-29,VNSGN,"Ho Chi Minh (VICT/Cat Lai)",VNUIH,"Qui Nhon",1,1,"COSCO; Evergreen Line",2,4,2344,,2300,2476,1,1,1,{1}
2024-12-29,VNSGN,"Ho Chi Minh (VICT/Cat Lai)",VNVUT,"Cai Mep",1,1,MSC,1,6,2430,412.5,2207,2556,0,0,0,{0}
2024-12-29,VNUIH,"Qui Nhon",SGSIN,Singapore,1,1,PIL,1,2,1357.5,175,907,1808,4,4,4,{4}
2024-12-29,VNUIH,"Qui Nhon",VNC8Q,"Chu Lai",1,1,"APL; CMA CGM; CNC Line-Cheng Lie Navigation Co. Ltd.; COSCO; Hyundai",5,5,1829.8,226,1708,1952,0,0,0,{0}
2024-12-29,VNUIH,"Qui Nhon",VNDAD,"Da Nang",2,2,"COSCO; Evergreen Line; MSC",3,10,4774,412.5,2207,2556,1,1,1,"{1,1}"
2024-12-29,VNVUT,"Cai Mep",CNNSA,Nansha,2,2,"Asean Seas Line; COSCO; Evergreen Line; ONE; OOCL; ZIM",6,9,15480.357142857143,1067.857142857143,1673,14500,0,1,2,"{2,0}"
2024-12-29,VNVUT,"Cai Mep",CNSHA,Shanghai,1,1,MSC,1,6,3362,516.6666666666666,2702,4268,5,5,5,{5}
2024-12-29,VNVUT,"Cai Mep",CNSHK,Shekou,3,3,"APL; CMA CGM; CNC Line-Cheng Lie Navigation Co. Ltd.; COSCO; Evergreen Line; IAL-Interasia Lines; ONE; OOCL; Wan Hai",9,25,22776.278846153844,1655.6923076923076,3055,13458,2,2,3,"{2,3,2}"
2024-12-29,VNVUT,"Cai Mep",CNTAO,Qingdao,1,1,MSC,1,13,13816.615384615385,664.0769230769231,7849,16000,7,7,7,{7}
2024-12-29,VNVUT,"Cai Mep",CNXMN,Xiamen,2,2,"APL; CMA CGM; CNC Line-Cheng Lie Navigation Co. Ltd.; COSCO; Evergreen Line; ONE; OOCL",7,20,24097.747252747256,1129.6703296703297,10000,15372,3,3,3,"{3,3}"
2024-12-29,VNVUT,"Cai Mep",CNYTN,Yantian,4,4,"APL; CMA CGM; CNC Line-Cheng Lie Navigation Co. Ltd.; COSCO; Evergreen Line; Hapag-Lloyd; Hyundai; ONE; OOCL; Yang Ming; ZIM",11,47,43511.70531400967,3893.840579710145,5300,15536,2,2.5,3,"{2,2,3,3}"
2024-12-29,VNVUT,"Cai Mep",ESVLC,Valencia,1,1,ZIM,1,15,7906.8,503.3333333333333,5300,10062,30,30,30,{30}
2024-12-29,VNVUT,"Cai Mep",GBLIV,Liverpool,1,1,MSC,1,15,11637.466666666665,480.8666666666667,4392,16000,32,32,32,{32}
2024-12-29,VNVUT,"Cai Mep",HKHKG,"Hong Kong",2,2,"APL; CMA CGM; COSCO; Evergreen Line; Maersk Line; MSC; OOCL",7,21,24611.46153846154,1344.2307692307693,9038,16000,3,3,3,"{3,3}"
2024-12-29,VNVUT,"Cai Mep",JPSMZ,Shimizu,1,1,ONE,1,3,2833.6666666666665,410.6666666666667,2785,2858,6,6,6,{6}
2024-12-29,VNVUT,"Cai Mep",JPYOK,Yokohama,1,1,"ONE; TS Lines; Wan Hai",3,4,4130.25,382.5,3534,4506,7,7,7,{7}
2024-12-29,VNVUT,"Cai Mep",KRPUS,Busan,1,1,MSC,1,21,14385.666666666666,932.4761904761905,8772,19224,5,5,5,{5}
2024-12-29,VNVUT,"Cai Mep",MYTPP,"Tanjung Pelepas",1,1,MSC,1,6,4190,563.3333333333334,3534,5018,2,2,2,{2}
2024-12-29,VNVUT,"Cai Mep",SGSIN,Singapore,6,6,"APL; CMA CGM; CNC Line-Cheng Lie Navigation Co. Ltd.; COSCO; Evergreen Line; Hapag-Lloyd; Hyundai; Maersk Line; MSC; ONE; OOCL; Wan Hai; Yang Ming; ZIM",14,85,73466.82936773372,4625.308345277911,2207,24136,2,2,4,"{4,2,3,2,2,2}"
2024-12-29,VNVUT,"Cai Mep",THLCH,"Laem Chabang",2,2,MSC,1,9,6912.833333333334,830.1666666666666,2646,4892,2,2.5,3,"{3,2}"
2024-12-29,VNVUT,"Cai Mep",TWTPE,Taipei,1,1,"APL; CMA CGM; COSCO; Evergreen Line; ONE; OOCL",6,8,14829.5,125,12118,15372,3,3,3,{3}
2024-12-29,VNVUT,"Cai Mep",VNHPH,Haiphong,2,2,"Hapag-Lloyd; Hyundai; ONE; Samudera; X-Press; Yang Ming; ZIM",7,23,15856.083333333332,810.7272727272727,6661,9592,2,2.5,3,"{2,3}"
2024-12-29,VUSAN,Santo,FJLTK,Lautoka,1,1,"ANL; NPDL",2,1,1557,,519,519,2,2,2,{2}
2024-12-29,VUSAN,Santo,TWKHH,Kaohsiung,1,1,"Kyowa; ONE; Swire Shipping",3,4,3963.214285714286,,1617,2082,2,2,2,{2}
2024-12-29,VUSAN,Santo,VUVLI,"Port Vila",3,3,"ANL; CMA CGM; Kyowa; NYK Bulk and Projects",4,4,20709.428571428572,4044.4285714285716,914,1740,1,1,1,"{1,1,1}"
2024-12-29,VUVLI,"Port Vila",AUSYD,Sydney,1,1,"NPDL; PFL; Swire Shipping",3,2,2652,418,1102,1550,6,6,6,{6}
2024-12-29,VUVLI,"Port Vila",NCNOU,Noumea,3,3,"Kyowa; NYK Bulk and Projects; ONE; Swire Shipping",4,8,12037.5,,914,2082,1,1,2,"{1,1,2}"
2024-12-29,VUVLI,"Port Vila",NZTRG,Tauranga,2,2,"ANL; CMA CGM",2,2,16403.14285714286,4044.4285714285716,1338,1740,3,4,5,"{3,5}"
2024-12-29,WSAPW,"Apia, W. Samoa",ASPPG,"Pago Pago",4,4,"Kyowa; Maersk Line; NPDL; NYK Bulk and Projects; ONE; Swire Shipping",6,10,15894.5,705.7142857142857,914,2082,0,0,1,"{0,1,0,0}"
2024-12-29,YEADE,Aden,DJJIB,Djibouti,2,2,"CMA CGM; Global Feeder Shipping; Hapag-Lloyd; Maersk Line",4,4,6231,266.6666666666667,1865,2550,1,1.5,2,"{2,1}"
2024-12-29,YEADE,Aden,SAJED,Jeddah,1,1,"CMA CGM; Hapag-Lloyd; Maersk Line",3,1,3730,,1865,1865,3,3,3,{3}
2024-12-29,YEHOD,Hodeidah,DJJIB,Djibouti,2,2,"CMA CGM; PIL",2,3,2845.142857142857,371.2857142857143,1118,1808,2,2,2,"{2,2}"
2024-12-29,YEHOD,Hodeidah,SAJED,Jeddah,1,1,"CMA CGM",1,2,2418,358,1209,1209,17,17,17,{17}
2024-12-29,YEHOD,Hodeidah,YEADE,Aden,1,1,"CMA CGM; Hapag-Lloyd; Maersk Line",3,1,3730,,1865,1865,1,1,1,{1}
2024-12-29,ZACPT,"Cape Town",ESLPA,"Las Palmas, Can Is",1,1,"MSC; Stinnes",2,9,9153.111111111111,1021.2222222222221,6456,12119,12,12,12,{12}
2024-12-29,ZACPT,"Cape Town",GBLGP,"London Gateway",1,1,"Hapag-Lloyd; Maersk Line; Marguisa; ONE",4,9,7016.444444444444,1413.7777777777778,6589,7164,16,16,16,{16}
2024-12-29,ZACPT,"Cape Town",NAWVB,"Walvis Bay",1,1,MACS,1,6,3963.3333333333335,,1158,2208,5,5,5,{5}
2024-12-29,ZACPT,"Cape Town",SGSIN,Singapore,1,1,"COSCO; Evergreen Line; Gold Star Line; Hapag-Lloyd; ONE; OOCL; PIL; ZIM",8,9,4510,363.11111111111103,3889,5652,18,18,18,{18}
2024-12-29,ZACPT,"Cape Town",USNYC,"New York NY/NJ",1,1,"Maersk Line; MSC",2,9,2766.4444444444443,416.44444444444446,1774,4549,21,21,21,{21}
2024-12-29,ZACPT,"Cape Town",ZADUR,Durban,1,1,"CSAL-Canada States Africa Line; GAL-Gulf Africa Line; MACS",3,3,4105.333333333333,,953,1100,3,3,3,{3}
2024-12-29,ZACPT,"Cape Town",ZAPLZ,"Port Elizabeth",1,1,MACS,1,6,3963.3333333333335,,1158,2208,4,4,4,{4}
2024-12-29,ZACPT,"Cape Town",ZAZBA,"Ngqura (Coega)",2,2,"APL; CMA CGM; Maersk Line; MSC; Stinnes",5,19,14349.711111111112,1616.2222222222222,4496,12119,0,2,4,"{0,4}"
2024-12-29,ZADUR,Durban,AEJEA,"Dubai, Jebel Ali",2,2,"CMA CGM; Hapag-Lloyd; Maersk Line; ONE",4,18,6730.493506493506,816.3116883116883,2490,4253,17,19,21,"{17,21}"
2024-12-29,ZADUR,Durban,GHTEM,Tema,1,1,"Hapag-Lloyd; ONE",2,11,4033.6363636363635,325.45454545454544,2742,4253,14,14,14,{14}
2024-12-29,ZADUR,Durban,MUPLU,"Port Louis",1,1,MSC,1,9,7435.2222222222235,652.6666666666666,5364,8814,5,5,5,{5}
2024-12-29,ZADUR,Durban,MYTPP,"Tanjung Pelepas",1,1,"CMA CGM; CNC Line-Cheng Lie Navigation Co. Ltd.; Maersk Line",3,9,7243.666666666667,1023.3333333333334,5754,10034,18,18,18,{18}
2024-12-29,ZADUR,Durban,MZMPM,Maputo,2,2,"CSAL-Canada States Africa Line; GAL-Gulf Africa Line; MACS; Messina",4,6,20296.333333333332,1581,953,6296,1,1,1,"{1,1}"
2024-12-29,ZADUR,Durban,SGSIN,Singapore,1,1,"COSCO; Evergreen Line; Gold Star Line; Hapag-Lloyd; ONE; OOCL; PIL; ZIM",8,9,4689.666666666667,450.6666666666667,4253,5652,15,15,15,{15}
2024-12-29,ZADUR,Durban,ZACPT,"Cape Town",4,4,"COSCO; Evergreen Line; Gold Star Line; Hapag-Lloyd; MACS; Maersk Line; Marguisa; MSC; ONE; OOCL; PIL; ZIM",12,33,18256.222222222223,2193.3333333333335,1158,7164,5,5,6,"{5,6,5,5}"
2024-12-29,ZADUR,Durban,ZAPLZ,"Port Elizabeth",1,1,Hapag-Lloyd,1,6,2679,416.6666666666667,2782,3739,10,10,10,{10}
2024-12-29,ZADUR,Durban,ZAZBA,"Ngqura (Coega)",1,1,"MSC; Stinnes",2,9,9153.111111111111,1021.2222222222221,6456,12119,2,2,2,{2}
2024-12-29,ZAPLZ,"Port Elizabeth",AOLAD,Luanda,1,1,Hapag-Lloyd,1,6,2679,416.6666666666667,2782,3739,5,5,5,{5}
2024-12-29,ZAPLZ,"Port Elizabeth",MZMPM,Maputo,1,1,MACS,1,6,3963.3333333333335,,1158,2208,2,2,2,{2}
2024-12-29,ZAPLZ,"Port Elizabeth",ZADUR,Durban,1,1,"Maersk Line; MSC",2,9,2766.4444444444443,416.44444444444446,1774,4549,2,2,2,{2}
2024-12-29,ZARCB,"Richards Bay",USMSY,"New Orleans LA",1,1,"CSAL-Canada States Africa Line; GAL-Gulf Africa Line; MACS",3,3,4105.333333333333,,953,1100,34,34,34,{34}
2024-12-29,ZAZBA,"Ngqura (Coega)",AEJEA,"Dubai, Jebel Ali",1,1,"APL; CMA CGM; Maersk Line",3,10,5196.6,595,4496,6014,17,17,17,{17}
2024-12-29,ZAZBA,"Ngqura (Coega)",MUPLU,"Port Louis",1,1,MSC,1,10,5005.3,198.8,3607,6456,5,5,5,{5}
2024-12-29,ZAZBA,"Ngqura (Coega)",ZACPT,"Cape Town",1,1,"MSC; Stinnes",2,9,9153.111111111111,1021.2222222222221,6456,12119,2,2,2,{2}
2024-12-29,ZAZBA,"Ngqura (Coega)",ZADUR,Durban,3,3,"Hapag-Lloyd; Maersk Line; Marguisa; MSC; ONE; Stinnes",6,27,23604.777777777777,3087.6666666666665,5364,12119,2,3,4,"{3,4,2}"
