period,origin,namea,destination,nameb,connections,distinct_services,companies,num_companies,num_vessels,weekly_teu,weekly_rplugs,min_vessel,max_vessel,min_days,median_days,max_days,available_transit_times
2024-03-31,AEAUH,"Abu Dhabi",AEJEA,"Dubai, Jebel Ali",7,7,"CMA CGM; CNC Line-Cheng Lie Navigation Co. Ltd.; COSCO; Evergreen Line; Hapag-Lloyd; Hyundai; Maersk Line; MSC; ONE; OOCL; SeaLand; Yang Ming",12,66,69980.54499389499,5332.70518925519,1714,19224,0,0,1,"{1,0,0,1,1,0,0}"
2024-03-31,AEAUH,"Abu Dhabi",CNTXG,Xingang/Tianjin,1,1,MSC,1,9,14305.222222222223,844.4444444444445,13092,15413,20,20,20,{20}
2024-03-31,AEAUH,"Abu Dhabi",INMUN,Mundra,1,1,"CMA CGM",1,3,3491,513,3405,3534,5,5,5,{5}
2024-03-31,AEAUH,"Abu Dhabi",IQUQR,"Umm Qasr",2,2,"CMA CGM",1,6,6321.666666666666,894.3333333333333,2468,3534,2,2.5,3,"{3,2}"
2024-03-31,AEAUH,"Abu Dhabi",MYPKG,"Port Klang",1,1,"APL; CMA CGM; CNC Line-Cheng Lie Navigation Co. Ltd.; COSCO; Evergreen Line; ONE; OOCL; PIL",8,7,19784.285714285714,714.2857142857143,18982,20988,9,9,9,{9}
2024-03-31,AEAUH,"Abu Dhabi",OMSOH,Sohar,2,2,"CMA CGM; COSCO; OOCL",3,5,4582,221,1714,2544,1,1.5,2,"{1,2}"
2024-03-31,AEAUH,"Abu Dhabi",PKKHI,Karachi,1,1,"CMA CGM; COSCO; Hapag-Lloyd; ONE; OOCL",5,12,11818.166666666666,691.6666666666666,10106,14074,3,3,3,{3}
2024-03-31,AEAUH,"Abu Dhabi",QAHMD,Hamad,1,1,MSC,1,9,14305.222222222223,844.4444444444445,13092,15413,0,0,0,{0}
2024-03-31,AEAUH,"Abu Dhabi",SADMM,Dammam,2,2,"APL; CMA CGM; CNC Line-Cheng Lie Navigation Co. Ltd.; COSCO; Evergreen Line; ONE; OOCL; PIL",8,9,22328.285714285714,714.2857142857143,2544,20988,1,1.5,2,"{2,1}"
2024-03-31,AEJEA,"Dubai, Jebel Ali",AEAUH,"Abu Dhabi",4,4,"APL; CMA CGM; CNC Line-Cheng Lie Navigation Co. Ltd.; COSCO; Evergreen Line; Hapag-Lloyd; MSC; ONE; OOCL; PIL",10,31,48738.341269841265,2631.7301587301586,2468,20988,0,1,1,"{1,0,1,1}"
2024-03-31,AEJEA,"Dubai, Jebel Ali",AESHJ,Sharjah,2,2,"CMA CGM; COSCO; OOCL; X-Press",4,5,3776,677.5,1714,2200,0,0.5,1,"{1,0}"
2024-03-31,AEJEA,"Dubai, Jebel Ali",BHKBS,"Khalifa Bin Salman Port",2,2,"CMA CGM; COSCO; Feedertech; ONE; OOCL; Sea Lead; TS Lines; X-Press",8,6,5178,642.5,1730,3586,0,0.5,1,"{0,1}"
2024-03-31,AEJEA,"Dubai, Jebel Ali",CNNGB,Ningbo,1,1,"Maersk Line; MSC; SeaLand",3,15,15886.066666666668,702.2,15226,18270,13,13,13,{13}
2024-03-31,AEJEA,"Dubai, Jebel Ali",DJJIB,Djibouti,1,1,"Feedertech; PIL",2,3,1631.6666666666667,320,1080,2007,4,4,4,{4}
2024-03-31,AEJEA,"Dubai, Jebel Ali",INCOK,Cochin,2,2,"CMA CGM; Evergreen Line; Feedertech; ONE; RCL; Samudera; X-Press",7,7,5636.75,986.8333333333333,2542,3091,4,5,6,"{6,4}"
2024-03-31,AEJEA,"Dubai, Jebel Ali",INMUN,Mundra,6,6,"CMA CGM; Feedertech; Global Feeder Shipping; Hapag-Lloyd; Maersk Line; ONE; SeaLand",7,44,25492.924386724382,3063.2937950937953,385,10500,3,3,4,"{4,3,3,3,3,3}"
2024-03-31,AEJEA,"Dubai, Jebel Ali",INNSA,"Mumbai (Nhava Sheva)",1,1,"CMA CGM",1,3,2830.6666666666665,381.3333333333333,2468,3534,4,4,4,{4}
2024-03-31,AEJEA,"Dubai, Jebel Ali",IQUQR,"Umm Qasr",1,1,"APL; CMA CGM; CNC Line-Cheng Lie Navigation Co. Ltd.; COSCO; Evergreen Line; OOCL",6,12,8968,227.41666666666666,7024,11888,1,1,1,{1}
2024-03-31,AEJEA,"Dubai, Jebel Ali",KEMBA,Mombasa,2,2,"APL; CMA CGM; Emirates Shipping; Hapag-Lloyd",4,11,5835.166666666667,856.4333333333334,1638,4250,7,8,9,"{7,9}"
2024-03-31,AEJEA,"Dubai, Jebel Ali",LKCMB,Colombo,1,1,"Maersk Line; SeaLand; X-Press",3,6,4370.666666666667,351.6666666666667,3158,5018,5,5,5,{5}
2024-03-31,AEJEA,"Dubai, Jebel Ali",MYPKG,"Port Klang",2,2,"APL; CMA CGM; CNC Line-Cheng Lie Navigation Co. Ltd.; COSCO; Evergreen Line; OOCL",6,25,24125.53846153846,1430.8012820512822,7024,17292,10,10,10,"{10,10}"
2024-03-31,AEJEA,"Dubai, Jebel Ali",OMSLL,Salalah,1,1,"CMA CGM; Global Feeder Shipping; Hapag-Lloyd",3,3,2066.6666666666665,256.6666666666667,1613,2452,3,3,3,{3}
2024-03-31,AEJEA,"Dubai, Jebel Ali",OMSOH,Sohar,3,3,"CMA CGM; Evergreen Line; Feedertech; Global Feeder Shipping; Hapag-Lloyd; Hyundai; Maersk Line; ONE; SeaLand; X-Press; Yang Ming",11,13,22229.61111111111,2031.888888888889,2824,16010,1,1,1,"{1,1,1}"
2024-03-31,AEJEA,"Dubai, Jebel Ali",PKBQM,"Port Qasim",4,4,"APL; CMA CGM; COSCO; Feedertech; Maersk Line; MSC; ONE; SeaLand; Wan Hai; X-Press",10,34,19326.036263736263,2210.6758241758243,1714,9400,1,2,4,"{2,4,1,2}"
2024-03-31,AEJEA,"Dubai, Jebel Ali",PKKHI,Karachi,5,5,"CMA CGM; COSCO; Evergreen Line; Feedertech; Hapag-Lloyd; Hyundai; ONE; OOCL; Wan Hai; X-Press",10,34,28307.09090909091,2957.9545454545455,2546,10114,1,3,3,"{3,3,1,3,2}"
2024-03-31,AEJEA,"Dubai, Jebel Ali",QAHMD,Hamad,3,3,"CMA CGM; CNC Line-Cheng Lie Navigation Co. Ltd.; COSCO; Evergreen Line; Feedertech; Hapag-Lloyd; Hyundai; ONE; OOCL; Wan Hai; X-Press; Yang Ming",12,16,19898.571428571428,1892.2857142857142,2546,12917,0,0,1,"{1,0,0}"
2024-03-31,AEJEA,"Dubai, Jebel Ali",SADMM,Dammam,3,3,"Emirates Shipping; Evergreen Line; Global Feeder Shipping; Hapag-Lloyd; Hyundai; KMTC; ONE; PIL; RCL; Yang Ming",10,19,25427.8253968254,2250.746031746032,3237,16010,1,1,3,"{3,1,1}"
2024-03-31,AEJEA,"Dubai, Jebel Ali",SAJED,Jeddah,2,2,"Feedertech; Messina; ONE; Wan Hai; X-Press",5,8,11571.657142857144,1113.4285714285716,1740,4406,6,6.5,7,"{7,6}"
2024-03-31,AEJEA,"Dubai, Jebel Ali",SCPOV,"Seychelles Is., Port Victoria",1,1,"UAFL-United Africa Feeder Line",1,2,4646.571428571428,385.7142857142857,1740,1874,8,8,8,{8}
2024-03-31,AEJEA,"Dubai, Jebel Ali",SGSIN,Singapore,3,3,"COSCO; Hapag-Lloyd; Hyundai; Maersk Line; MSC; ONE; SeaLand; Yang Ming",8,36,34708.67857142857,2556.964285714286,5512,19224,5,11,11,"{5,11,11}"
2024-03-31,AEKLF,"Khor Fakkan",OMSOH,Sohar,1,1,"Emirates Shipping; Global Feeder Shipping; KMTC; PIL; RCL",5,7,6874.714285714285,744.8571428571429,6540,8110,1,1,1,{1}
2024-03-31,AESHJ,Sharjah,BHKBS,"Khalifa Bin Salman Port",2,2,"CMA CGM; COSCO; OOCL; X-Press",4,5,3776,677.5,1714,2200,0,0.5,1,"{0,1}"
2024-03-31,AGSJO,"St John's, Antigua",CWWIL,Willemstad,1,1,"Geest Line; Seatrade; StreamLines",3,5,488.8,189.6,436,564,2,2,2,{2}
2024-03-31,AGSJO,"St John's, Antigua",KNBAS,"Basseterre, St Kitts",1,1,"Tropical Shipping",1,2,911.5,187,850,973,1,1,1,{1}
2024-03-31,AGSJO,"St John's, Antigua",TTPOS,"Port of Spain",1,1,"CMA CGM",1,3,770.3333333333334,153.33333333333334,677,957,3,3,3,{3}
2024-03-31,AGSJO,"St John's, Antigua",TTPTS,"Point Lisas",1,1,"Seaboard Marine",1,2,1114,220,1114,1114,2,2,2,{2}
2024-03-31,AIRBY,Anguilla,BBBGI,Bridgetown,1,1,"Tropical Shipping",1,2,1148,260,1148,1148,0,0,0,{0}
2024-03-31,ALDRZ,Durres,GRPIR,Piraeus,1,1,"APL; CMA CGM; COSCO; Hapag-Lloyd; Maersk Line; SeaLand; X-Press",7,1,1700,200,1700,1700,3,3,3,{3}
2024-03-31,AOLAD,Luanda,AOLOB,Lobito,1,1,PSL,1,2,5473,687.1428571428571,1118,1829,4,4,4,{4}
2024-03-31,AOLAD,Luanda,CGPNR,"Pointe Noire",2,2,"Grimaldi Lines; Hapag-Lloyd",2,7,9420.214285714286,1049.5,1321,3739,1,1,1,"{1,1}"
2024-03-31,AOLAD,Luanda,CMDLA,Douala,1,1,"Maersk Line; SeaLand",2,5,4180,382.8,2474,5466,5,5,5,{5}
2024-03-31,AOLAD,Luanda,GALBV,Libreville,1,1,"CMA CGM; Hapag-Lloyd",2,8,4047.375,551,3237,4431,3,3,3,{3}
2024-03-31,AOLAD,Luanda,NAWVB,"Walvis Bay",1,1,"CMA CGM; CNC Line-Cheng Lie Navigation Co. Ltd.; COSCO; Hapag-Lloyd; Maersk Line; OOCL",6,12,8534.583333333334,703,8269,8845,3,3,3,{3}
2024-03-31,AOLOB,Lobito,AOMSZ,Namibe,1,1,PSL,1,2,5473,687.1428571428571,1118,1829,2,2,2,{2}
2024-03-31,AOMSZ,Namibe,PTLEI,Leixoes,1,1,PSL,1,2,5473,687.1428571428571,1118,1829,25,25,25,{25}
2024-03-31,ARBUE,"Buenos Aires",BRIOA,"Porto Itapoa",1,1,"COSCO; ONE; OOCL",3,8,4402,405,4051,5047,3,3,3,{3}
2024-03-31,ARBUE,"Buenos Aires",BRRIG,"Rio Grande",3,3,"CMA CGM; COSCO; Evergreen Line; Hamburg Sud; Hapag-Lloyd; Maersk Line; MSC; ONE; OOCL; PIL; SeaLand; Yang Ming",12,33,27487.032967032967,3600.6373626373625,4896,14092,1,2,3,"{1,2,3}"
2024-03-31,ARBUE,"Buenos Aires",UYMVD,Montevideo,6,6,"CMA CGM; COSCO; Hamburg Sud; Hapag-Lloyd; Hyundai; Maersk Line; MSC; ONE; SeaLand; ZIM",10,63,46070.14273504273,6091.5179487179485,4620,11800,0,1,1,"{0,1,0,1,1,1}"
2024-03-31,ARZAE,Zarate,BRSSZ,Santos,1,1,"Grimaldi Lines",1,4,2642,,1321,1321,6,6,6,{6}
2024-03-31,ASPPG,"Pago Pago",NCNOU,Noumea,1,1,"Kyowa; ONE; Swire Shipping",3,4,3699,,1617,2082,5,5,5,{5}
2024-03-31,ASPPG,"Pago Pago",PFPPT,"Papeete, Tahiti",2,2,"Kyowa; NYK Bulk and Projects",2,4,7805.142857142857,,914,970,4,4,4,"{4,4}"
2024-03-31,ASPPG,"Pago Pago",TOTBU,Nuku'alofa,1,1,"ANL; NPDL; PIL",3,3,3695,555,1713,1730,3,3,3,{3}
2024-03-31,ASPPG,"Pago Pago",USLGB,"Long Beach CA",1,1,"Maersk Line; Matson; Swire Shipping",3,2,4744.571428571428,882.1428571428571,1740,1756,14,14,14,{14}
2024-03-31,AUADL,Adelaide,AUFRE,Fremantle,3,3,"ANL; APL; CMA CGM; COSCO; Hapag-Lloyd; Maersk Line; MSC; ONE; OOCL; PIL; Yang Ming",11,28,22088.858928571426,2047.042857142857,4250,9572,5,5,5,"{5,5,5}"
2024-03-31,AUADL,Adelaide,AUMEL,Melbourne,1,1,"MSC; ZIM",2,7,3543.714285714286,396.85714285714283,2475,5059,3,3,3,{3}
2024-03-31,AUADL,Adelaide,IDJKT,"Jakarta, Java",1,1,"COSCO; OOCL; PIL",3,5,4383,371.2,4253,4578,9,9,9,{9}
2024-03-31,AUADL,Adelaide,NZTRG,Tauranga,1,1,"ANL; APL; CMA CGM; Hapag-Lloyd; Maersk Line; MSC; SeaLand",7,11,4519.454545454545,408.2727272727273,3884,5466,13,13,13,{13}
2024-03-31,AUBEL,"Bell Bay, TAS",AUSYD,Sydney,2,2,"COSCO; MSC; OOCL",3,6,2137.666666666667,447,998,2078,2,4.5,7,"{7,2}"
2024-03-31,AUBNE,Brisbane,AUMEL,Melbourne,3,3,"Austral Asia Line; Gold Star Line; Hapag-Lloyd; Maersk Line; MSC; SeaLand; ZIM",7,18,12990.339285714286,1769.5238095238096,979,6690,4,4,5,"{4,5,4}"
2024-03-31,AUBNE,Brisbane,AUNTL,"Newcastle, AU",1,1,"NPDL; PFL",2,3,3202.333333333333,481,1713,1730,2,2,2,{2}
2024-03-31,AUBNE,Brisbane,AUSYD,Sydney,4,4,"ANL; APL; CMA CGM; COSCO; Hapag-Lloyd; Maersk Line; Marfret; MSC; ONE; OOCL; PIL; ZIM",12,34,15771.047619047618,2066.342857142857,2256,6574,2,2.5,3,"{3,3,2,2}"
2024-03-31,AUBNE,Brisbane,AUTSV,Townsville,1,1,"ANL; CMA CGM",2,1,7010,1250,1402,1402,2,2,2,{2}
2024-03-31,AUBNE,Brisbane,CNTAO,Qingdao,2,2,"Maersk Line; ONE; PIL; SeaLand; Sea Lead; TS Lines; Yang Ming",7,13,9963.761904761905,758.6190476190476,2683,6800,13,14.5,16,"{13,16}"
2024-03-31,AUBNE,Brisbane,CNXMN,Xiamen,1,1,"ANL; CMA CGM; COSCO; OOCL; PIL",5,5,5119.6,523.2,4253,5888,10,10,10,{10}
2024-03-31,AUBNE,Brisbane,JPYOK,Yokohama,1,1,"ANL; CMA CGM; CNC Line-Cheng Lie Navigation Co. Ltd.; COSCO; OOCL",5,6,5611.5,651,5089,6014,9,9,9,{9}
2024-03-31,AUBNE,Brisbane,KRPUS,Busan,2,2,"Evergreen Line; Gold Star Line; Hapag-Lloyd; Hyundai; MSC; ONE; ZIM",7,13,11390.833333333332,1328.857142857143,4620,6690,12,13.5,15,"{12,15}"
2024-03-31,AUBNE,Brisbane,MYTPP,"Tanjung Pelepas",3,3,"ANL; Hapag-Lloyd; Maersk Line; MSC; ONE; ZIM",6,22,12521.047619047618,1438.8571428571427,2475,6574,12,15,16,"{15,16,12}"
2024-03-31,AUBNE,Brisbane,NCNOU,Noumea,2,2,"MSC; Swire Shipping",2,5,4105.666666666667,707,1114,2078,2,2.5,3,"{3,2}"
2024-03-31,AUBNE,Brisbane,NZAKL,Auckland,1,1,"COSCO; Maersk Line; ONE; OOCL; SeaLand",5,7,4169,637.2857142857143,4255,5301,4,4,4,{4}
2024-03-31,AUBNE,Brisbane,PGPOM,"Port Moresby",1,1,"ANL; CMA CGM",2,1,4888.714285714285,848.5714285714286,1037,1037,4,4,4,{4}
2024-03-31,AUBNE,Brisbane,SGSIN,Singapore,1,1,"COSCO; OOCL; PIL; Yang Ming",4,5,4439,398.8,4211,4578,11,11,11,{11}
2024-03-31,AUBNE,Brisbane,TWKHH,Kaohsiung,2,2,"ANL; APL; CMA CGM; COSCO; Evergreen Line; Hapag-Lloyd; OOCL; PIL; Sinotrans; TS Lines; Yang Ming",11,13,13049.238095238095,1101.047619047619,4662,8888,10,14.5,19,"{10,19}"
2024-03-31,AUDRW,Darwin,SGSIN,Singapore,1,1,"ANL; APL; CMA CGM",3,2,1228.5714285714287,200,618,1102,8,8,8,{8}
2024-03-31,AUFRE,Fremantle,AUADL,Adelaide,1,1,"MSC; ZIM",2,7,3543.714285714286,396.85714285714283,2475,5059,4,4,4,{4}
2024-03-31,AUFRE,Fremantle,AUSYD,Sydney,1,1,"COSCO; OOCL; PIL; Yang Ming",4,5,5056.6,493.4,4250,5888,6,6,6,{6}
2024-03-31,AUFRE,Fremantle,JPUKB,Kobe,1,1,"Austral Asia Line",1,3,2797.1428571428573,95.23809523809526,979,979,34,34,34,{34}
2024-03-31,AUFRE,Fremantle,MYPKG,"Port Klang",2,2,"ANL; COSCO; Hapag-Lloyd; Maersk Line; ONE; OOCL",6,10,11601.238095238095,1007.1428571428571,2200,9010,7,8,9,"{9,7}"
2024-03-31,AUFRE,Fremantle,MYTPP,"Tanjung Pelepas",1,1,"Maersk Line; ONE",2,3,3985,433.3333333333333,3158,4544,8,8,8,{8}
2024-03-31,AUFRE,Fremantle,SGSIN,Singapore,2,2,"ANL; APL; CMA CGM; COSCO; MSC; OOCL; PIL; Yang Ming",8,21,14022.2875,1289.9,4250,9572,6,6.5,7,"{7,6}"
2024-03-31,AUGLT,Gladstone,SGSIN,Singapore,2,2,"ANL; CMA CGM",2,2,18352.285714285714,2728.5714285714284,1638,1740,11,11.5,12,"{11,12}"
2024-03-31,AUMEL,Melbourne,AUADL,Adelaide,4,4,"ANL; APL; CMA CGM; COSCO; Hapag-Lloyd; Maersk Line; MSC; OOCL; PIL; SeaLand; Yang Ming",11,37,22924.742045454543,2069.3727272727274,3884,9572,2,2,2,"{2,2,2,2}"
2024-03-31,AUMEL,Melbourne,AUBEL,"Bell Bay, TAS",1,1,"COSCO; OOCL",2,3,700,158,998,1102,2,2,2,{2}
2024-03-31,AUMEL,Melbourne,AUBNE,Brisbane,6,6,"ANL; APL; CMA CGM; COSCO; Evergreen Line; Hapag-Lloyd; Hyundai; Maersk Line; ONE; OOCL; PIL; SeaLand; Sea Lead; Swire Shipping; TS Lines; Yang Ming",16,32,31644.8619047619,2941.1523809523806,1118,8888,3,3.5,5,"{3,3,3,5,4,4}"
2024-03-31,AUMEL,Melbourne,AUNTL,"Newcastle, AU",1,1,"Austral Asia Line",1,3,3593.714285714286,221.66666666666669,979,2014,4,4,4,{4}
2024-03-31,AUMEL,Melbourne,AUPKL,"Port Kembla",1,1,"Swire Shipping",1,1,3800,142.85714285714286,665,665,8,8,8,{8}
2024-03-31,AUMEL,Melbourne,AUSYD,Sydney,6,6,"ANL; CMA CGM; CNC Line-Cheng Lie Navigation Co. Ltd.; COSCO; Evergreen Line; Gold Star Line; Hapag-Lloyd; Maersk Line; MSC; ONE; OOCL; PIL; SeaLand; Sinotrans; TS Lines; Yang Ming; ZIM",17,36,30833.642857142855,3475.514285714286,1762,9010,1,2,9,"{9,2,2,3,1,1}"
2024-03-31,AUMEL,Melbourne,NZAKL,Auckland,2,2,"ANL; CMA CGM; NPDL; PFL",4,7,5496.833333333333,871.5,1713,2702,4,5.5,7,"{4,7}"
2024-03-31,AUMEL,Melbourne,NZBLU,Bluff,1,1,"MSC; ZIM",2,7,3543.714285714286,396.85714285714283,2475,5059,3,3,3,{3}
2024-03-31,AUMEL,Melbourne,NZPOE,"Port Chalmers",1,1,"Hapag-Lloyd; Maersk Line; MSC; SeaLand",4,8,3401.625,817,3078,3752,6,6,6,{6}
2024-03-31,AUMEL,Melbourne,NZTRG,Tauranga,1,1,"ANL; APL; CMA CGM; Marfret",4,14,2410.714285714286,653.1428571428571,2256,2713,10,10,10,{10}
2024-03-31,AUNTL,"Newcastle, AU",AUSYD,Sydney,1,1,"NPDL; PFL",2,3,3202.333333333333,481,1713,1730,2,2,2,{2}
2024-03-31,AUNTL,"Newcastle, AU",KRINC,Inchon,1,1,"Austral Asia Line",1,3,3593.714285714286,221.66666666666669,979,2014,17,17,17,{17}
2024-03-31,AUNTL,"Newcastle, AU",NZAKL,Auckland,1,1,"Swire Shipping",1,1,3800,142.85714285714286,665,665,7,7,7,{7}
2024-03-31,AUPKL,"Port Kembla",AUNTL,"Newcastle, AU",1,1,"Swire Shipping",1,1,3800,142.85714285714286,665,665,11,11,11,{11}
2024-03-31,AUSYD,Sydney,AUADL,Adelaide,1,1,"ANL; Hapag-Lloyd; Maersk Line; ONE",4,7,8066.571428571428,757.1428571428571,6350,9010,5,5,5,{5}
2024-03-31,AUSYD,Sydney,AUBNE,Brisbane,6,6,"ANL; CMA CGM; CNC Line-Cheng Lie Navigation Co. Ltd.; COSCO; Evergreen Line; Gold Star Line; Hapag-Lloyd; Maersk Line; MSC; ONE; OOCL; PIL; Sinotrans; TS Lines; Yang Ming; ZIM",16,34,27700.071428571428,3020.704761904762,1114,6690,1,2.5,3,"{3,1,3,1,2,3}"
2024-03-31,AUSYD,Sydney,AUMEL,Melbourne,13,13,"ANL; APL; CMA CGM; COSCO; Evergreen Line; Hapag-Lloyd; Hyundai; Maersk Line; Marfret; MSC; NPDL; ONE; OOCL; PFL; PIL; SeaLand; Sea Lead; Swire Shipping; TS Lines; Yang Ming",20,90,62477.15156926406,6535.167965367965,1118,9572,1,2,4,"{2,2,2,2,4,3,2,2,3,1,1,2,2}"
2024-03-31,AUSYD,Sydney,NZAKL,Auckland,3,3,"COSCO; Maersk Line; MSC; OOCL; SeaLand; ZIM",6,16,6182,1186.6666666666665,998,4800,4,5,5,"{4,5,5}"
2024-03-31,AUSYD,Sydney,NZTRG,Tauranga,1,1,"Maersk Line; ONE",2,7,6044.428571428572,1329.4285714285713,5905,6881,4,4,4,{4}
2024-03-31,AUTSV,Townsville,AUGLT,Gladstone,2,2,"ANL; CMA CGM",2,2,18352.285714285714,2728.5714285714284,1638,1740,1,1.5,2,"{1,2}"
2024-03-31,AUTSV,Townsville,CNSHA,Shanghai,1,1,"MELL; PIL; Swire Shipping",3,3,5533.333333333333,378.6666666666667,2750,2800,13,13,13,{13}
2024-03-31,AUTSV,Townsville,KRPUS,Busan,1,1,Kyowa,1,3,940.6666666666666,,403,506,17,17,17,{17}
2024-03-31,AUTSV,Townsville,PGPOM,"Port Moresby",1,1,"ANL; CMA CGM",2,1,7010,1250,1402,1402,3,3,3,{3}
2024-03-31,AWBAR,Barcadera,CWWIL,Willemstad,2,2,"CMA CGM; King Ocean",2,4,3962,184,1484,2478,1,1,1,"{1,1}"
2024-03-31,AWORJ,Aruba,COCTG,Cartagena,1,1,"APL; Caribbean Feeder; CMA CGM; COSCO; Hapag-Lloyd; OOCL; Seaboard Marine; X-Press; ZIM",9,3,968.3333333333334,208.33333333333334,877,1020,1,1,1,{1}
2024-03-31,BBBGI,Bridgetown,BQSAB,Saba,1,1,"King Ocean; Seaboard Marine",2,2,1296,195,1296,1296,0,0,0,{0}
2024-03-31,BBBGI,Bridgetown,COCTG,Cartagena,1,1,"Caribbean Feeder; Hapag-Lloyd; ZIM",3,3,1174.6666666666667,281.3333333333333,1061,1345,4,4,4,{4}
2024-03-31,BBBGI,Bridgetown,GPSBH,"St Barthelemy",1,1,"Tropical Shipping",1,2,1148,260,1148,1148,0,0,0,{0}
2024-03-31,BBBGI,Bridgetown,KYGEC,Georgetown,1,1,"Seaboard Marine",1,2,1114,220,1114,1114,3,3,3,{3}
2024-03-31,BBBGI,Bridgetown,LCSLU,"Castries, St Lucia",1,1,"APL; CMA CGM",2,3,1168,276.6666666666667,1102,1284,0,0,0,{0}
2024-03-31,BBBGI,Bridgetown,TTPOS,"Port of Spain",1,1,"Caribbean Feeder; Hapag-Lloyd; ZIM",3,3,1174.6666666666667,281.3333333333333,1061,1345,2,2,2,{2}
2024-03-31,BBBGI,Bridgetown,VCKTN,"Kingstown, St Vincent",2,2,"CMA CGM; Geest Line; Seatrade; StreamLines",4,8,1259.1333333333334,342.93333333333334,436,957,1,1,1,"{1,1}"
2024-03-31,BDCGP,Chittagong,BDMGL,Mongla,2,2,"Maersk Line; PIL; SeaLand",3,6,4355.6,526.8,728,2806,1,1.5,2,"{1,2}"
2024-03-31,BDCGP,Chittagong,MMRGN,Yangon,1,1,"SITC Shipping",1,6,2632.6666666666665,,2600,2698,2,2,2,{2}
2024-03-31,BDCGP,Chittagong,MYPKG,"Port Klang",3,3,"APL; CMA CGM; CNC Line-Cheng Lie Navigation Co. Ltd.; Maersk Line; OOCL; SeaLand; X-Press",7,11,8408.342857142856,1572.9714285714285,1049,2954,5,5,6,"{5,6,5}"
2024-03-31,BDCGP,Chittagong,MYTPP,"Tanjung Pelepas",1,1,"Maersk Line; SeaLand",2,6,2806,356,2806,2806,8,8,8,{8}
2024-03-31,BDCGP,Chittagong,SGSIN,Singapore,13,13,"APL; CMA CGM; CNC Line-Cheng Lie Navigation Co. Ltd.; COSCO; Hyundai; MSC; ONE; OOCL; PIL; Samudera; Sinokor; SOL; X-Press; Yang Ming",14,26,31038.4,4563.4,938,2782,4,5,7,"{5,5,5,4,4,5,5,5,5,5,7,5,4}"
2024-03-31,BDMGL,Mongla,MYTPP,"Tanjung Pelepas",1,1,"Maersk Line; SeaLand",2,5,2795.6,376.8,2754,2806,4,4,4,{4}
2024-03-31,BDMGL,Mongla,SGSIN,Singapore,1,1,PIL,1,1,1560,150,728,728,5,5,5,{5}
2024-03-31,BEANR,Antwerp,BEZEE,Zeebrugge,1,1,"CMA CGM; COSCO; Evergreen Line; X-Press",4,1,868,150,868,868,1,1,1,{1}
2024-03-31,BEANR,Antwerp,CAHAL,Halifax,1,1,"CMA CGM; Hapag-Lloyd; ONE; Yang Ming",4,11,4908.545454545455,330,4882,5014,7,7,7,{7}
2024-03-31,BEANR,Antwerp,CAMTR,Montreal,1,1,"CMA CGM; Maersk Line; SeaLand",3,4,3343.5,550,3091,3596,10,10,10,{10}
2024-03-31,BEANR,Antwerp,CASJB,"Saint John, New Brunswick",1,1,Hapag-Lloyd,1,7,2653.285714285714,642.8571428571429,2572,2756,13,13,13,{13}
2024-03-31,BEANR,Antwerp,CNNGB,Ningbo,1,1,MSC,1,14,10258.92857142857,691.9285714285714,3700,16616,38,38,38,{38}
2024-03-31,BEANR,Antwerp,CNSHA,Shanghai,1,1,"CMA CGM; COSCO; Evergreen Line; OOCL",4,12,19226.666666666668,912.6666666666666,14074,20988,31,31,31,{31}
2024-03-31,BEANR,Antwerp,DEBRE,Bremen,2,2,"G2 Ocean; Stinnes",2,6,10466.190476190475,208,771,1914,1,1,1,"{1,1}"
2024-03-31,BEANR,Antwerp,DEBRV,Bremerhaven,4,4,"COSCO; Hapag-Lloyd; Maersk Line; MSC; OOCL; SeaLand",6,23,14823.414285714287,2155.095238095238,2506,5060,1,1.5,2,"{2,1,1,2}"
2024-03-31,BEANR,Antwerp,DEHAM,Hamburg,7,7,"APL; CMA CGM; CNC Line-Cheng Lie Navigation Co. Ltd.; COSCO; Evergreen Line; Grimaldi Lines; Hapag-Lloyd; MSC; ONE; OOCL; Stinnes; Yang Ming",12,47,50305.387301587296,3261.936507936508,612,20150,1,2,3,"{2,1,3,2,1,3,2}"
2024-03-31,BEANR,Antwerp,DKAAR,Aarhus,1,1,MSC,1,1,4250,550,4250,4250,3,3,3,{3}
2024-03-31,BEANR,Antwerp,ESBIO,Bilbao,1,1,"MSC; WEC Lines",2,3,2031.6666666666667,330,1728,2474,3,3,3,{3}
2024-03-31,BEANR,Antwerp,ESVGO,Vigo,1,1,"Hapag-Lloyd; MSC; WEC Lines",3,2,1008,152.5,1008,1008,3,3,3,{3}
2024-03-31,BEANR,Antwerp,ESVLC,Valencia,1,1,"MSC; WEC Lines",2,5,8670,838.4,8204,9200,4,4,4,{4}
2024-03-31,BEANR,Antwerp,FIHEL,Helsinki,1,1,MSC,1,2,1875,385,1875,1875,5,5,5,{5}
2024-03-31,BEANR,Antwerp,FRDKK,Dunkirk,2,2,"CMA CGM; COSCO; Hapag-Lloyd; ONE; OOCL",5,13,13818.166666666666,691.6666666666666,1000,14074,1,6.5,12,"{12,1}"
2024-03-31,BEANR,Antwerp,FRLEH,"Le Havre",11,11,"ANL; APL; CMA CGM; CNC Line-Cheng Lie Navigation Co. Ltd.; COSCO; Evergreen Line; Hapag-Lloyd; Maersk Line; Marfret; MSC; ONE; OOCL; Yang Ming; ZIM",14,103,87460.93701714952,8815.197635697636,2440,23112,1,1,3,"{1,1,1,2,2,3,2,1,1,1,1}"
2024-03-31,BEANR,Antwerp,FRURO,Rouen,1,1,"BOCS-Bremen Overseas Chartering and Shipping",1,3,953,,953,953,5,5,5,{5}
2024-03-31,BEANR,Antwerp,GBBEL,Belfast,1,1,"CMA CGM; Eucon; Hapag-Lloyd",3,1,972,170,972,972,2,2,2,{2}
2024-03-31,BEANR,Antwerp,GBDVR,Dover,1,1,Soreidom,1,2,1095.2857142857142,31.428571428571427,348,349,4,4,4,{4}
2024-03-31,BEANR,Antwerp,GBFXT,Felixstowe,2,2,"Ellerman; Maersk Line; MSC; SeaLand",4,25,26216.363636363636,1790,4112,24346,1,2,3,"{3,1}"
2024-03-31,BEANR,Antwerp,GBLGP,"London Gateway",5,5,"Hapag-Lloyd; Hyundai; Maersk Line; MSC; ONE; SeaLand; Yang Ming",7,51,56514.12222222223,4813.596825396826,2572,23964,1,1,1,"{1,1,1,1,1}"
2024-03-31,BEANR,Antwerp,GBLIV,Liverpool,1,1,"ACL-Atlantic Container Line; Hapag-Lloyd",2,5,3809,200,3809,3809,3,3,3,{3}
2024-03-31,BEANR,Antwerp,GBSOU,Southampton,2,2,"Hapag-Lloyd; Hyundai; ICL; ONE; Yang Ming",5,19,24033.366666666665,1580.8666666666666,3091,24136,0,1,2,"{2,0}"
2024-03-31,BEANR,Antwerp,GBTEE,Teesport,1,1,"MSC; WEC Lines",2,1,1008,150,1008,1008,2,2,2,{2}
2024-03-31,BEANR,Antwerp,GRPIR,Piraeus,3,3,"Borchard Lines Ltd; COSCO; Hapag-Lloyd; Maersk Line; MSC; OOCL; SeaLand; Turkon; Yang Ming",9,14,16768.699999999997,1503.5,4250,8749,8,8,9,"{9,8,8}"
2024-03-31,BEANR,Antwerp,IEDUB,Dublin,1,1,"CMA CGM; Eucon; Hapag-Lloyd",3,1,750,170,750,750,2,2,2,{2}
2024-03-31,BEANR,Antwerp,LTKLJ,"Klaipeda
",1,1,"CMA CGM; Evergreen Line; Hapag-Lloyd; OOCL; Unifeeder",5,2,1030.5,249.5,1025,1036,2,2,2,{2}
2024-03-31,BEANR,Antwerp,MACAS,Casablanca,1,1,"Grimaldi Lines",1,6,1727.1666666666667,,1318,2000,4,4,4,{4}
2024-03-31,BEANR,Antwerp,MAPTM,Tanger,2,2,"CMA CGM; COSCO; Hamburg Sud; Hapag-Lloyd; Maersk Line; ONE; OOCL",7,20,18730.09090909091,2425.4545454545455,8626,10114,3,5,7,"{3,7}"
2024-03-31,BEANR,Antwerp,NLRTM,Rotterdam,14,14,"APL; CMA CGM; COSCO; Ellerman; Eucon; Evergreen Line; Hapag-Lloyd; Maersk Line; MSC; ONE; OOCL; SeaLand; Unifeeder; X-Press; Yang Ming",15,86,79661.61720779221,7032.734126984127,660,24346,0,1,4,"{0,1,2,1,0,1,4,0,1,1,1,1,0,1}"
2024-03-31,BEANR,Antwerp,NLVLI,Flushing,3,3,"CMA CGM; Europe Caribbean Line",2,12,5949.357142857143,681.8333333333333,336,4957,0,0,2,"{0,0,2}"
2024-03-31,BEANR,Antwerp,NOLAR,"Larvik ",1,1,"MSC; WEC Lines",2,1,1118,220,1118,1118,2,2,2,{2}
2024-03-31,BEANR,Antwerp,PLGDN,Gdansk,1,1,MSC,1,14,10258.92857142857,691.9285714285714,3700,16616,3,3,3,{3}
2024-03-31,BEANR,Antwerp,PRSJU,"San Juan PR",1,1,Dole,1,5,268,42.8,264,284,11,11,11,{11}
2024-03-31,BEANR,Antwerp,PTLEI,Leixoes,3,3,"Borchard Lines Ltd; Grimaldi Lines; MACS",3,14,8488.809523809523,166.8,868,2208,3,4,6,"{3,6,4}"
2024-03-31,BEANR,Antwerp,PTLIS,Lisbon,2,2,"CMA CGM; COSCO; Hapag-Lloyd; ONE; OOCL",5,16,8449.375,956,3237,5047,4,4,4,"{4,4}"
2024-03-31,BEANR,Antwerp,PTSIE,Sines,1,1,"MSC; WEC Lines; ZIM",3,5,4978.6,510,4900,5059,4,4,4,{4}
2024-03-31,BEANR,Antwerp,RULED,"St Petersburg",1,1,MSC,1,3,4017.6666666666665,614.6666666666666,3007,5001,4,4,4,{4}
2024-03-31,BEANR,Antwerp,SEHEL,Helsingborg,1,1,MSC,1,1,1719,400,1719,1719,2,2,2,{2}
2024-03-31,BEANR,Antwerp,SENRK,Norrköping,1,1,MSC,1,2,2328,335,1856,2800,3,3,3,{3}
2024-03-31,BEANR,Antwerp,TRGEB,"Istanbul (Gebze)",1,1,MSC,1,3,4955.333333333333,360,4882,4992,7,7,7,{7}
2024-03-31,BEZEE,Zeebrugge,ESVLC,Valencia,1,1,"CMA CGM; CNC Line-Cheng Lie Navigation Co. Ltd.; COSCO; Evergreen Line; OOCL",5,12,19883.333333333332,474.5,14500,21413,5,5,5,{5}
2024-03-31,BEZEE,Zeebrugge,IEDUB,Dublin,1,1,"CMA CGM; COSCO; Evergreen Line; X-Press",4,1,868,150,868,868,2,2,2,{2}
2024-03-31,BEZEE,Zeebrugge,NLRTM,Rotterdam,2,2,"ANL; APL; CMA CGM; Marfret",4,16,3810.714285714286,1025.142857142857,1400,2713,1,1.5,2,"{2,1}"
2024-03-31,BEZEE,Zeebrugge,PLGDN,Gdansk,1,1,"CMA CGM; CNC Line-Cheng Lie Navigation Co. Ltd.; COSCO; Evergreen Line; OOCL",5,13,20323.846153846152,534.6153846153846,2506,24188,3,3,3,{3}
2024-03-31,BGBOJ,Burgas,BGVAR,Varna,1,1,"Arkas Line; CMA CGM; Hapag-Lloyd; Maersk Line; ZIM",5,1,1445,120,1445,1445,2,2,2,{2}
2024-03-31,BGBOJ,Burgas,GEBUS,Batumi,1,1,MSC,1,2,957,122,957,957,2,2,2,{2}
2024-03-31,BGBOJ,Burgas,ROCND,Constanta,1,1,"Arkas Line; Hapag-Lloyd",2,5,2730.8,512.8,2478,2826,0,0,0,{0}
2024-03-31,BGVAR,Varna,GRPIR,Piraeus,2,2,"Arkas Line; CMA CGM; COSCO; Evergreen Line; Hapag-Lloyd; OOCL; ZIM",7,3,4844,538.5,1574,1788,2,2.5,3,"{2,3}"
2024-03-31,BGVAR,Varna,ROCND,Constanta,1,1,"ONE; Yang Ming",2,1,1800,200,1800,1800,1,1,1,{1}
2024-03-31,BGVAR,Varna,TRAMB,"Istanbul (Ambarli)",2,2,"Arkas Line; CMA CGM; Hapag-Lloyd; Maersk Line; ZIM",5,4,2614,382.6666666666667,925,1484,1,1.5,2,"{1,2}"
2024-03-31,BHKBS,"Khalifa Bin Salman Port",AEAUH,"Abu Dhabi",2,2,"CMA CGM; COSCO; OOCL",3,5,4582,221,1714,2544,1,1.5,2,"{2,1}"
2024-03-31,BHKBS,"Khalifa Bin Salman Port",AEJEA,"Dubai, Jebel Ali",1,1,"CMA CGM; COSCO; X-Press",3,2,1738,456.5,1714,1762,2,2,2,{2}
2024-03-31,BHKBS,"Khalifa Bin Salman Port",KEMBA,Mombasa,1,1,"COSCO; OOCL; Sea Lead; TS Lines",4,4,1934,192.5,1730,2200,7,7,7,{7}
2024-03-31,BHKBS,"Khalifa Bin Salman Port",MYPKG,"Port Klang",1,1,"CMA CGM; CNC Line-Cheng Lie Navigation Co. Ltd.; COSCO; Evergreen Line; OOCL",5,12,19883.333333333332,474.5,14500,21413,7,7,7,{7}
2024-03-31,BHKBS,"Khalifa Bin Salman Port",QAHMD,Hamad,1,1,"CMA CGM; Feedertech; ONE; X-Press",4,2,3244,450,2902,3586,0,0,0,{0}
2024-03-31,BJCOO,Cotonou,GQBSG,Bata,1,1,"APL; CMA CGM; Marguisa; Naviera DAL",4,6,3360.5,433.1666666666667,3091,3600,2,2,2,{2}
2024-03-31,BJCOO,Cotonou,NGAPP,Apapa,2,2,"Arkas Line; CMA CGM; COSCO; Gold Star Line; Hapag-Lloyd; ONE; OOCL; ZIM",8,17,7056.433333333334,608.2,2008,4360,0,1,2,"{2,0}"
2024-03-31,BJCOO,Cotonou,NGTIN,"Lagos, Tin Can",2,2,"Grimaldi Lines",1,10,4819.309523809524,,1318,2000,0,0,0,"{0,0}"
2024-03-31,BJCOO,Cotonou,SGSIN,Singapore,1,1,"CMA CGM; CNC Line-Cheng Lie Navigation Co. Ltd.; Maersk Line",3,9,5169.444444444444,465.11111111111103,4496,7117,21,21,21,{21}
2024-03-31,BMBDA,Hamilton,USFEB,"Fernandina Beach FL",1,1,"Somers Isles",1,1,730,,365,365,4,4,4,{4}
2024-03-31,BMBDA,Hamilton,USNYC,"New York NY/NJ",1,1,"Bermuda Container Line; ZIM",2,1,460,,460,460,2,2,2,{2}
2024-03-31,BNMUA,"Muara Port",MYBTU,"Bintulu, Sarawak",1,1,"Evergreen Line",1,2,1801,85,1618,1984,0,0,0,{0}
2024-03-31,BNMUA,"Muara Port",MYTWU,"Tawau Sabah",1,1,"Maersk Line; SeaLand",2,8,1726.625,336.625,1713,1740,1,1,1,{1}
2024-03-31,BQKRA,Bonaire,COCTG,Cartagena,1,1,"King Ocean",1,2,1484,184,1484,1484,1,1,1,{1}
2024-03-31,BQSAB,Saba,GDSTG,"St George's",1,1,"King Ocean; Seaboard Marine",2,2,1296,195,1296,1296,1,1,1,{1}
2024-03-31,BRIBB,Imbituba,BRSSZ,Santos,1,1,"CMA CGM; COSCO; Maersk Line; SeaLand",4,8,6558.75,562.5,5576,8530,1,1,1,{1}
2024-03-31,BRIOA,"Porto Itapoa",ARBUE,"Buenos Aires",1,1,"Hamburg Sud; Hapag-Lloyd; Maersk Line; ONE; ZIM",5,13,9111.153846153846,1515.3846153846155,8850,11800,5,5,5,{5}
2024-03-31,BRIOA,"Porto Itapoa",BRNVT,Navegantes,2,2,"CMA CGM; COSCO; Evergreen Line; Hapag-Lloyd; MSC; OOCL; PIL",7,22,19745.3,2396.166666666667,6606,13264,1,1,1,"{1,1}"
2024-03-31,BRIOA,"Porto Itapoa",BRPNG,Paranagua,4,4,"CMA CGM; COSCO; Hamburg Sud; Hapag-Lloyd; Maersk Line; Marguisa; MSC; ONE; OOCL; SeaLand; ZIM",11,35,28545.278846153844,4154.009615384615,4051,11800,1,1,1,"{1,1,1,1}"
2024-03-31,BRIOA,"Porto Itapoa",BRRIO,"Rio de Janeiro",1,1,"Hamburg Sud; Hapag-Lloyd; Maersk Line; SeaLand",4,7,4256.714285714285,524.5714285714286,3500,5085,2,2,2,{2}
2024-03-31,BRIOA,"Porto Itapoa",BRSSZ,Santos,1,1,"Hamburg Sud; Hapag-Lloyd; Maersk Line; SeaLand",4,7,5375.571428571428,1160.7142857142858,4896,5552,2,2,2,{2}
2024-03-31,BRIOA,"Porto Itapoa",UYMVD,Montevideo,1,1,"Hapag-Lloyd; MSC; ZIM",3,9,9159.888888888889,1330,8762,9400,3,3,3,{3}
2024-03-31,BRMAO,Manaus,BRMCP,Macapa,2,2,"CMA CGM; COSCO; MSC; ONE; ZIM",5,8,6257.25,834.25,2510,3649,1,2,3,"{1,3}"
2024-03-31,BRMCP,Macapa,BRMAO,Manaus,2,2,"CMA CGM; COSCO; MSC; ONE; ZIM",5,8,6257.25,834.25,2510,3649,2,2.5,3,"{3,2}"
2024-03-31,BRMCP,Macapa,BRVDC,"Vila do Conde (near Belem)",2,2,"CMA CGM; COSCO; MSC; ONE; ZIM",5,8,6257.25,834.25,2510,3649,1,2,3,"{1,3}"
2024-03-31,BRNVT,Navegantes,ARBUE,"Buenos Aires",1,1,"Hapag-Lloyd; MSC",2,10,9324.8,1285.5,8800,11010,3,3,3,{3}
2024-03-31,BRNVT,Navegantes,BRPNG,Paranagua,5,5,"CMA CGM; COSCO; Evergreen Line; Hamburg Sud; Hapag-Lloyd; Hyundai; Maersk Line; MSC; ONE; OOCL; PIL; SeaLand; Yang Ming; ZIM",14,54,37924.988888888896,4128.748717948718,4620,14092,0,1,3,"{0,1,1,3,1}"
2024-03-31,BRNVT,Navegantes,BRSSZ,Santos,4,4,"CMA CGM; COSCO; Evergreen Line; Hapag-Lloyd; MSC; ONE; OOCL; PIL; ZIM",9,38,37646.35042735043,4777.474358974359,2782,13264,1,2,3,"{2,1,3,2}"
2024-03-31,BRNVT,Navegantes,UYMVD,Montevideo,2,2,"CMA CGM; COSCO; Evergreen Line; Hapag-Lloyd; MSC; ONE; OOCL; PIL; Yang Ming",9,26,22111.46153846154,2439.923076923077,8452,14092,3,3,3,"{3,3}"
2024-03-31,BRPEC,"Pecem (near Fortaleza)",ESLPA,"Las Palmas, Can Is",1,1,"Hapag-Lloyd; MSC; ZIM",3,9,9159.888888888889,1330,8762,9400,7,7,7,{7}
2024-03-31,BRPEC,"Pecem (near Fortaleza)",MAPTM,Tanger,1,1,"Hapag-Lloyd; MSC",2,10,9324.8,1285.5,8800,11010,9,9,9,{9}
2024-03-31,BRPEC,"Pecem (near Fortaleza)",USNYC,"New York NY/NJ",1,1,"Hamburg Sud; Hapag-Lloyd; Maersk Line; SeaLand",4,7,5375.571428571428,1160.7142857142858,4896,5552,9,9,9,{9}
2024-03-31,BRPNG,Paranagua,ARBUE,"Buenos Aires",2,2,"CMA CGM; COSCO; Hamburg Sud; Hyundai; Maersk Line",5,21,14836.666666666668,2085,4728,9669,2,2.5,3,"{2,3}"
2024-03-31,BRPNG,Paranagua,BRIBB,Imbituba,1,1,"CMA CGM; COSCO; Maersk Line; SeaLand",4,8,6558.75,562.5,5576,8530,0,0,0,{0}
2024-03-31,BRPNG,Paranagua,BRIOA,"Porto Itapoa",2,2,"CMA CGM; COSCO; Evergreen Line; Hapag-Lloyd; MSC; OOCL; PIL; ZIM",8,21,19580.38888888889,2440.666666666667,6606,13264,0,0.5,1,"{0,1}"
2024-03-31,BRPNG,Paranagua,BRNVT,Navegantes,4,3,"CMA CGM; COSCO; Evergreen Line; Hapag-Lloyd; MSC; ONE; OOCL; PIL; Yang Ming",9,43,40177.42307692308,4776.7307692307695,2782,14092,1,1.5,2,"{2,1,2,1}"
2024-03-31,BRPNG,Paranagua,BRSSZ,Santos,9,9,"CMA CGM; COSCO; Evergreen Line; Hamburg Sud; Hapag-Lloyd; Maersk Line; Marguisa; MSC; ONE; OOCL; PIL; SeaLand; Yang Ming; ZIM",14,86,70971.60106837607,9397.758333333333,4051,14092,1,1,2,"{2,1,2,2,1,2,1,1,1}"
2024-03-31,BRPNG,Paranagua,UYMVD,Montevideo,2,2,"COSCO; Grimaldi Lines; ONE; OOCL",4,12,7044,405,1321,5047,3,3,3,"{3,3}"
2024-03-31,BRRIG,"Rio Grande",BRIOA,"Porto Itapoa",1,1,"Hamburg Sud; Hapag-Lloyd; Maersk Line; SeaLand",4,7,5375.571428571428,1160.7142857142858,4896,5552,1,1,1,{1}
2024-03-31,BRRIG,"Rio Grande",BRNVT,Navegantes,4,4,"CMA CGM; COSCO; Evergreen Line; Hamburg Sud; Hapag-Lloyd; Maersk Line; MSC; ONE; OOCL; PIL; SeaLand; Yang Ming; ZIM",13,42,32757.32222222222,3643.748717948718,4620,14092,1,2,3,"{2,1,3,2}"
2024-03-31,BRRIG,"Rio Grande",BRPNG,Paranagua,2,2,"CMA CGM; COSCO; Hamburg Sud; Hapag-Lloyd; Maersk Line; MSC; ONE",7,22,21145.46153846154,2887.3076923076924,9669,11923,2,2.5,3,"{3,2}"
2024-03-31,BRRIG,"Rio Grande",CLSAI,"San Antonio",1,1,"Hamburg Sud; Hapag-Lloyd; Maersk Line; SeaLand",4,7,4256.714285714285,524.5714285714286,3500,5085,8,8,8,{8}
2024-03-31,BRRIO,"Rio de Janeiro",BRPEC,"Pecem (near Fortaleza)",1,1,"Hapag-Lloyd; MSC; ZIM",3,9,9159.888888888889,1330,8762,9400,4,4,4,{4}
2024-03-31,BRRIO,"Rio de Janeiro",BRSSA,Salvador,5,5,"CMA CGM; COSCO; Hamburg Sud; Hapag-Lloyd; Maersk Line; MSC; SeaLand; ZIM",8,43,33714.546428571426,4189.6392857142855,4896,11010,2,3,4,"{4,4,2,3,3}"
2024-03-31,BRRIO,"Rio de Janeiro",BRSSZ,Santos,6,6,"CMA CGM; COSCO; Evergreen Line; Grimaldi Lines; Hamburg Sud; Hapag-Lloyd; Maersk Line; Marguisa; MSC; OOCL; PIL; SeaLand; Yang Ming; ZIM",14,49,45093.403174603176,5792.686813186813,1321,14092,1,2,3,"{2,1,3,1,2,2}"
2024-03-31,BRRIO,"Rio de Janeiro",BRVIX,Vitoria,1,1,"Grimaldi Lines",1,4,2642,,1321,1321,1,1,1,{1}
2024-03-31,BRRIO,"Rio de Janeiro",COCTG,Cartagena,1,1,"Hamburg Sud; Hapag-Lloyd; Maersk Line; MSC; ONE; SeaLand; ZIM",7,9,6299.2222222222235,758.3333333333334,4620,8004,10,10,10,{10}
2024-03-31,BRRIO,"Rio de Janeiro",ESALG,Algeciras,1,1,"COSCO; ONE; OOCL",3,8,4402,405,4051,5047,12,12,12,{12}
2024-03-31,BRSPB,Sepetiba,MAPTM,Tanger,1,1,"CMA CGM; Maersk Line; Marguisa; SeaLand",4,6,9075,1500,8704,10034,15,15,15,{15}
2024-03-31,BRSSA,Salvador,BRPEC,"Pecem (near Fortaleza)",2,2,"Hamburg Sud; Hapag-Lloyd; Maersk Line; MSC; SeaLand",5,17,14700.371428571427,2446.214285714286,4896,11010,2,2.5,3,"{3,2}"
2024-03-31,BRSSA,Salvador,BRRIO,"Rio de Janeiro",2,2,"CMA CGM; Hapag-Lloyd; Maersk Line; Marguisa; MSC; SeaLand; ZIM",7,15,18234.88888888889,2830,8704,10034,2,2,2,"{2,2}"
2024-03-31,BRSSA,Salvador,BRSUA,Suape,1,1,"MSC; ZIM",2,10,6498.3,447.3,5550,8089,1,1,1,{1}
2024-03-31,BRSSA,Salvador,COCTG,Cartagena,2,2,"CMA CGM; COSCO; Hamburg Sud; Maersk Line; MSC; SeaLand; ZIM",7,16,12515.875,1296.125,5527,8530,8,9.5,11,"{11,8}"
2024-03-31,BRSSZ,Santos,ARBUE,"Buenos Aires",3,3,"Hamburg Sud; Hapag-Lloyd; Maersk Line; MSC; ONE; SeaLand; ZIM",7,26,18173.093650793653,2366.3476190476194,4620,8089,3,4,4,"{4,4,3}"
2024-03-31,BRSSZ,Santos,BRIOA,"Porto Itapoa",4,4,"CMA CGM; Hamburg Sud; Hapag-Lloyd; Maersk Line; Marguisa; MSC; ONE; SeaLand; ZIM",9,37,33468.07884615385,5034.509615384615,5527,11800,2,2,2,"{2,2,2,2}"
2024-03-31,BRSSZ,Santos,BRNVT,Navegantes,1,1,Hyundai,1,12,5167.666666666667,485,4728,6763,2,2,2,{2}
2024-03-31,BRSSZ,Santos,BRPNG,Paranagua,8,8,"CMA CGM; COSCO; Evergreen Line; Grimaldi Lines; Hamburg Sud; Hapag-Lloyd; Maersk Line; MSC; ONE; OOCL; PIL; SeaLand; Yang Ming; ZIM",14,76,64963.60042735043,7448.089743589744,1321,14092,1,1.5,2,"{1,2,2,2,1,1,1,2}"
2024-03-31,BRSSZ,Santos,BRRIG,"Rio Grande",1,1,"Hamburg Sud; Hapag-Lloyd; Maersk Line; SeaLand",4,7,4256.714285714285,524.5714285714286,3500,5085,2,2,2,{2}
2024-03-31,BRSSZ,Santos,BRRIO,"Rio de Janeiro",9,9,"CMA CGM; COSCO; Grimaldi Lines; Hamburg Sud; Hapag-Lloyd; Maersk Line; MSC; ONE; OOCL; SeaLand; ZIM",11,73,56217.657539682536,6682.972619047619,1321,11010,1,1,2,"{1,1,1,1,2,2,1,2,1}"
2024-03-31,BRSSZ,Santos,BRSPB,Sepetiba,1,1,"CMA CGM; Maersk Line; Marguisa; SeaLand",4,6,9075,1500,8704,10034,1,1,1,{1}
2024-03-31,BRSSZ,Santos,MAPTM,Tanger,1,1,"CMA CGM; COSCO; Hamburg Sud; Maersk Line",4,9,9669,1600,9669,9669,13,13,13,{13}
2024-03-31,BRSSZ,Santos,SGSIN,Singapore,5,5,"CMA CGM; COSCO; Evergreen Line; Hamburg Sud; Hapag-Lloyd; Hyundai; Maersk Line; MSC; ONE; OOCL; PIL; Yang Ming; ZIM",13,63,46810.782051282054,5550.974358974359,4728,14092,23,24,31,"{23,24,30,31,23}"
2024-03-31,BRSSZ,Santos,ZADUR,Durban,1,1,Hapag-Lloyd,1,4,6589.5,1049.5,2782,3739,21,21,21,{21}
2024-03-31,BRSUA,Suape,BRSSA,Salvador,1,1,"Hapag-Lloyd; MSC; ZIM",3,9,9159.888888888889,1330,8762,9400,2,2,2,{2}
2024-03-31,BRSUA,Suape,BRSSZ,Santos,1,1,"Hamburg Sud; Hapag-Lloyd; Maersk Line; MSC; ONE; SeaLand; ZIM",7,9,6299.2222222222235,758.3333333333334,4620,8004,3,3,3,{3}
2024-03-31,BRSUA,Suape,PAONX,Colon,1,1,"MSC; ZIM",2,10,6498.3,447.3,5550,8089,9,9,9,{9}
2024-03-31,BRVDC,"Vila do Conde (near Belem)",COCTG,Cartagena,2,2,"CMA CGM; COSCO; MSC; ONE; ZIM",5,8,6257.25,834.25,2510,3649,3,5,7,"{3,7}"
2024-03-31,BRVIX,Vitoria,BRRIO,"Rio de Janeiro",1,1,"Grimaldi Lines",1,4,2642,,1321,1321,1,1,1,{1}
2024-03-31,BRVIX,Vitoria,ESSCT,Tenerife,1,1,"Grimaldi Lines",1,4,2642,,1321,1321,9,9,9,{9}
2024-03-31,BSFPO,Freeport,ESALG,Algeciras,1,1,"Maersk Line; MSC; SeaLand",3,9,7495.888888888889,656.8888888888889,6478,9200,12,12,12,{12}
2024-03-31,BSFPO,Freeport,MXVER,Veracruz,1,1,MSC,1,6,2591.1666666666665,339,2480,2785,5,5,5,{5}
2024-03-31,BSFPO,Freeport,MYTPP,"Tanjung Pelepas",1,1,"Maersk Line; MSC; SeaLand; ZIM",4,13,8396.76923076923,706.3076923076923,8112,11088,33,33,33,{33}
2024-03-31,BSFPO,Freeport,PAROD,Rodman,2,2,"Ellerman; Maersk Line; MSC; SeaLand; ZIM",5,22,11569,1796.090909090909,4112,13102,4,4.5,5,"{4,5}"
2024-03-31,BSFPO,Freeport,TRTEK,Tekirdag,1,1,MSC,1,9,5498.2222222222235,580,4549,8386,24,24,24,{24}
2024-03-31,BSFPO,Freeport,USCHS,"Charleston SC",1,1,"Maersk Line; MSC; SeaLand",3,7,5922.142857142857,647.2857142857143,5550,6422,1,1,1,{1}
2024-03-31,BSFPO,Freeport,USJAX,"Jacksonville FL",1,1,MSC,1,6,2591.1666666666665,339,2480,2785,1,1,1,{1}
2024-03-31,BSFPO,Freeport,USMIA,"Miami FL",1,1,"Maersk Line; MSC; SeaLand",3,9,7495.888888888889,656.8888888888889,6478,9200,0,0,0,{0}
2024-03-31,BSFPO,Freeport,USNYC,"New York NY/NJ",1,1,"MSC; ZIM",2,10,6498.3,447.3,5550,8089,3,3,3,{3}
2024-03-31,BSFPO,Freeport,USPAB,"Palm Beach FL",3,1,"Tropical Shipping",1,3,396,,132,132,1,1,1,"{1,1,1}"
2024-03-31,BSFPO,Freeport,USPEF,"Port Everglades FL",1,1,MSC,1,2,1970,366,1858,2082,1,1,1,{1}
2024-03-31,BSFPO,Freeport,USSAV,"Savannah GA",1,1,MSC,1,13,8716.307692307691,769.4615384615385,7403,9400,1,1,1,{1}
2024-03-31,BSFPO,Freeport,ZAPLZ,"Port Elizabeth",1,1,"Maersk Line; MSC",2,8,2939.5,451.125,1798,4549,18,18,18,{18}
2024-03-31,BSNAS,Nassau,USPAB,"Palm Beach FL",3,1,"Tropical Shipping",1,3,1176,,392,392,1,1,1,"{1,1,1}"
2024-03-31,BSNAS,Nassau,USPEF,"Port Everglades FL",2,1,MSC,1,2,2244,300,1122,1122,1,2,3,"{1,3}"
2024-03-31,BSNAS,Nassau,USSAV,"Savannah GA",1,1,"APL; CMA CGM",2,3,1168,276.6666666666667,1102,1284,2,2,2,{2}
2024-03-31,BSZSA,"San Salvador Island",USHOU,"Houston TX",1,1,"Seaboard Marine",1,2,2564,171,2564,2564,2,2,2,{2}
2024-03-31,BSZSA,"San Salvador Island",USILG,"Wilmington DE",1,1,"Seaboard Marine",1,2,973,170,972,974,8,8,8,{8}
2024-03-31,BZBGK,"Big Creek",PAMIT,Manzanillo,1,1,"Maersk Line; SeaLand",2,7,2567.714285714286,501.42857142857144,2506,2602,4,4,4,{4}
2024-03-31,BZBZE,"Belize City",JMKIN,Kingston,1,1,"Caribbean Feeder; CMA CGM; Hapag-Lloyd; ZIM",4,1,448,40,448,448,3,3,3,{3}
2024-03-31,BZBZE,"Belize City",MXPMS,"Puerto Morelos",1,1,"Hyde Shipping Corp.; Seaboard Marine",2,1,333,,333,333,1,1,1,{1}
2024-03-31,CAHAL,Halifax,AEJEA,"Dubai, Jebel Ali",1,1,"Hapag-Lloyd; Hyundai; ONE; Yang Ming",4,13,14026,800,14026,14026,22,22,22,{22}
2024-03-31,CAHAL,Halifax,CAMTR,Montreal,1,1,MSC,1,5,4313.6,341.4,3987,4626,3,3,3,{3}
2024-03-31,CAHAL,Halifax,CANWP,Argentia,1,1,Eimskip,1,3,882.6666666666666,189.66666666666666,698,1025,2,2,2,{2}
2024-03-31,CAHAL,Halifax,DEBRV,Bremerhaven,1,1,"CMA CGM; Maersk Line; SeaLand",3,4,3343.5,550,3091,3596,9,9,9,{9}
2024-03-31,CAHAL,Halifax,ESVGO,Vigo,1,1,Nirint,1,3,2254.285714285714,270,894,1368,8,8,8,{8}
2024-03-31,CAHAL,Halifax,GBSOU,Southampton,1,1,"CMA CGM; Hapag-Lloyd; ONE; Yang Ming",4,11,4908.545454545455,330,4882,5014,8,8,8,{8}
2024-03-31,CAHAL,Halifax,JMKIN,Kingston,1,1,ZIM,1,4,1239.5,260.5,966,1756,5,5,5,{5}
2024-03-31,CAHAL,Halifax,PTSIE,Sines,1,1,MSC,1,5,4542.8,472.8,3987,5100,10,10,10,{10}
2024-03-31,CAHAL,Halifax,USNYC,"New York NY/NJ",4,4,"ACL-Atlantic Container Line; APL; CMA CGM; CNC Line-Cheng Lie Navigation Co. Ltd.; COSCO; Evergreen Line; Hapag-Lloyd; Hyundai; ONE; OOCL; Yang Ming; ZIM",12,47,35904.90476190476,2437.095238095238,3429,16020,2,2,2,"{2,2,2,2}"
2024-03-31,CAHAL,Halifax,USPAB,"Palm Beach FL",1,1,"Tropical Shipping",1,2,1116.5,255,1085,1148,4,4,4,{4}
2024-03-31,CAHAL,Halifax,USPEF,"Port Everglades FL",1,1,"CMA CGM; Hapag-Lloyd; ONE; Yang Ming",4,11,4908.545454545455,330,4882,5014,4,4,4,{4}
2024-03-31,CAMTR,Montreal,BEANR,Antwerp,1,1,"COSCO; Hapag-Lloyd; MSC; OOCL",4,5,4456,570.8,3016,5060,10,10,10,{10}
2024-03-31,CAMTR,Montreal,CAHAL,Halifax,2,2,"CMA CGM; Maersk Line; MSC; SeaLand",4,9,7886.3,1022.8,3091,5100,2,2.5,3,"{3,2}"
2024-03-31,CAMTR,Montreal,CASJB,"Saint John, New Brunswick",1,1,MSC,1,6,2591.1666666666665,339,2480,2785,9,9,9,{9}
2024-03-31,CAMTR,Montreal,GBSOU,Southampton,1,1,"Hapag-Lloyd; OOCL",2,5,4259.8,460,4043,4402,12,12,12,{12}
2024-03-31,CAMTR,Montreal,MAPTM,Tanger,1,1,"Arkas Line; CMA CGM; Hapag-Lloyd",3,7,3719,821.2857142857143,2475,4115,15,15,15,{15}
2024-03-31,CAMTR,Montreal,PTSIE,Sines,1,1,MSC,1,5,4313.6,341.4,3987,4626,7,7,7,{7}
2024-03-31,CANWP,Argentia,ISREY,Reykjavik,1,1,Eimskip,1,3,882.6666666666666,189.66666666666666,698,1025,10,10,10,{10}
2024-03-31,CAPRR,"Prince Rupert BC",CAVAN,"Vancouver BC",2,2,"APL; CMA CGM; COSCO; Evergreen Line; Maersk Line; MSC; OOCL; SeaLand",8,14,14725.75,1395.75,4253,9640,1,1.5,2,"{2,1}"
2024-03-31,CAPRR,"Prince Rupert BC",CNTXG,Xingang/Tianjin,1,1,"APL; CMA CGM; COSCO; Evergreen Line; OOCL; Yang Ming",6,8,9831.875,762.5,8495,10050,23,23,23,{23}
2024-03-31,CAPRR,"Prince Rupert BC",USTIW,"Tacoma WA",1,1,"Hapag-Lloyd; Hyundai; ONE; Yang Ming",4,6,10959,933.3333333333334,8652,11860,2,2,2,{2}
2024-03-31,CASJB,"Saint John, New Brunswick",BSFPO,Freeport,1,1,MSC,1,6,2591.1666666666665,339,2480,2785,8,8,8,{8}
2024-03-31,CASJB,"Saint John, New Brunswick",CAHAL,Halifax,1,1,"CMA CGM; Hapag-Lloyd; ONE; Yang Ming",4,11,4908.545454545455,330,4882,5014,2,2,2,{2}
2024-03-31,CASJB,"Saint John, New Brunswick",USNYC,"New York NY/NJ",1,1,"APL; CMA CGM",2,3,1717.6666666666667,293,1700,1740,3,3,3,{3}
2024-03-31,CASJB,"Saint John, New Brunswick",USORF,"Norfolk VA",1,1,Hapag-Lloyd,1,7,2653.285714285714,642.8571428571429,2572,2756,3,3,3,{3}
2024-03-31,CASJF,"St John's, Newfoundland",CAMTR,Montreal,1,1,"Arkas Line; CMA CGM; Hapag-Lloyd",3,7,3719,821.2857142857143,2475,4115,4,4,4,{4}
2024-03-31,CAVAN,"Vancouver BC",CNTAO,Qingdao,1,1,Westwood,1,2,6729.142857142857,,2048,2048,15,15,15,{15}
2024-03-31,CAVAN,"Vancouver BC",CNYTN,Yantian,1,1,"APL; CMA CGM; COSCO; Evergreen Line; OOCL",5,6,6474,358,4253,8530,19,19,19,{19}
2024-03-31,CAVAN,"Vancouver BC",JPSMZ,Shimizu,1,1,Westwood,1,2,7314.285714285715,,2048,2048,13,13,13,{13}
2024-03-31,CAVAN,"Vancouver BC",JPTMK,Tomakomai,1,1,"Swire Shipping",1,3,3834.285714285714,306.2857142857143,2082,2546,12,12,12,{12}
2024-03-31,CAVAN,"Vancouver BC",JPTYO,Tokyo,2,2,"APL; CMA CGM; COSCO; Evergreen Line; Hapag-Lloyd; Hyundai; ONE; OOCL; Yang Ming",9,15,12768.086734693878,1158.9464285714284,6046,8508,8,11.5,15,"{15,8}"
2024-03-31,CAVAN,"Vancouver BC",JPYOK,Yokohama,1,1,"Maersk Line; MSC; SeaLand",3,8,8251.75,1037.75,7090,9640,17,17,17,{17}
2024-03-31,CAVAN,"Vancouver BC",KRKAN,Gwangyang,1,1,"APL; CMA CGM; CNC Line-Cheng Lie Navigation Co. Ltd.; COSCO; OOCL",5,7,10143.42857142857,691.4285714285714,9452,10960,19,19,19,{19}
2024-03-31,CAVAN,"Vancouver BC",KRPUS,Busan,1,1,"Hapag-Lloyd; Hyundai; ONE; Yang Ming",4,6,10959,933.3333333333334,8652,11860,13,13,13,{13}
2024-03-31,CAVAN,"Vancouver BC",USOAK,"Oakland CA",1,1,"ANL; APL; CMA CGM; Hapag-Lloyd; Maersk Line; MSC; SeaLand",7,11,4519.454545454545,408.2727272727273,3884,5466,4,4,4,{4}
2024-03-31,CAVAN,"Vancouver BC",USSEA,"Seattle WA",3,3,"APL; CMA CGM; COSCO; Evergreen Line; MSC; OOCL; SM Line; ZIM",8,18,17699.833333333332,1347.5,2741,9400,0,0,1,"{0,0,1}"
2024-03-31,CAVAN,"Vancouver BC",USTIW,"Tacoma WA",1,1,"Hapag-Lloyd; Hyundai; ONE; Yang Ming",4,9,11612.666666666666,911.1111111111111,9954,12690,2,2,2,{2}
2024-03-31,CGPNR,"Pointe Noire",AOLAD,Luanda,2,2,"CMA CGM; Hapag-Lloyd; Maersk Line; SeaLand",4,13,8227.375,933.8,2474,5466,3,3.5,4,"{3,4}"
2024-03-31,CGPNR,"Pointe Noire",BRPNG,Paranagua,1,1,Hapag-Lloyd,1,4,6589.5,1049.5,2782,3739,12,12,12,{12}
2024-03-31,CGPNR,"Pointe Noire",CMDLA,Douala,1,1,"Grimaldi Lines",1,3,2830.714285714286,,1321,1321,2,2,2,{2}
2024-03-31,CGPNR,"Pointe Noire",CMKBI,Kribi,1,1,"CMA CGM; CNC Line-Cheng Lie Navigation Co. Ltd.; COSCO; Hapag-Lloyd; Maersk Line; OOCL",6,12,8534.583333333334,703,8269,8845,2,2,2,{2}
2024-03-31,CGPNR,"Pointe Noire",GAPOG,"Port Gentil",1,1,"BOCS-Bremen Overseas Chartering and Shipping",1,3,953,,953,953,4,4,4,{4}
2024-03-31,CGPNR,"Pointe Noire",GHTEM,Tema,1,1,"CMA CGM; Maersk Line",2,10,5271.7,607.6,4496,6014,2,2,2,{2}
2024-03-31,CGPNR,"Pointe Noire",LKCMB,Colombo,1,1,"CMA CGM; CNC Line-Cheng Lie Navigation Co. Ltd.; Maersk Line",3,13,13675.076923076924,769.2307692307693,13092,15294,18,18,18,{18}
2024-03-31,CGPNR,"Pointe Noire",ZAZBA,"Ngqura (Coega)",1,1,MSC,1,13,14635.692307692309,1046.1538461538462,13800,16616,7,7,7,{7}
2024-03-31,CIABJ,Abidjan,CGPNR,"Pointe Noire",2,2,"CMA CGM; CNC Line-Cheng Lie Navigation Co. Ltd.; Maersk Line; MSC",4,26,28310.769230769234,1815.3846153846155,13092,16616,4,5,6,"{4,6}"
2024-03-31,CIABJ,Abidjan,CISPY,"San Pedro, Ivory Coast",1,1,MSC,1,6,2495.8571428571427,185.71428571428572,2440,3007,1,1,1,{1}
2024-03-31,CIABJ,Abidjan,ESLPA,"Las Palmas, Can Is",1,1,MSC,1,6,5557.833333333333,605.3333333333334,5059,6008,5,5,5,{5}
2024-03-31,CIABJ,Abidjan,GALBV,Libreville,1,1,"BOCS-Bremen Overseas Chartering and Shipping",1,3,953,,953,953,5,5,5,{5}
2024-03-31,CIABJ,Abidjan,GHTEM,Tema,1,1,MSC,1,8,5684.125,526.25,5550,5888,1,1,1,{1}
2024-03-31,CIABJ,Abidjan,MYPKG,"Port Klang",1,1,"COSCO; Gold Star Line; ONE; OOCL; ZIM",5,12,2783.8333333333335,229,2008,4250,25,25,25,{25}
2024-03-31,CIABJ,Abidjan,NLAMS,Amsterdam,1,1,"Grimaldi Lines",1,6,1727.1666666666667,,1318,2000,12,12,12,{12}
2024-03-31,CIABJ,Abidjan,SLFNA,Freetown,1,1,"CMA CGM",1,5,3309.4,487.8,3091,3534,3,3,3,{3}
2024-03-31,CIABJ,Abidjan,SNDKR,Dakar,2,2,"CMA CGM; MSC",2,14,10092.125,1029.5833333333333,4253,5888,3,4,5,"{3,5}"
2024-03-31,CIABJ,Abidjan,TGLFW,Lome,2,2,"Grimaldi Lines; PIL",2,16,7158.226190476191,78.66666666666667,1318,4800,1,1,1,"{1,1}"
2024-03-31,CISPY,"San Pedro, Ivory Coast",CIABJ,Abidjan,1,1,"CMA CGM",1,5,3309.4,487.8,3091,3534,2,2,2,{2}
2024-03-31,CISPY,"San Pedro, Ivory Coast",ESLPA,"Las Palmas, Can Is",1,1,MSC,1,6,2495.8571428571427,185.71428571428572,2440,3007,5,5,5,{5}
2024-03-31,CISPY,"San Pedro, Ivory Coast",GMBJL,Banjul,1,1,"Arkas Line; Hapag-Lloyd",2,3,1801.3333333333333,264.6666666666667,1732,1932,3,3,3,{3}
2024-03-31,CLANF,Antofagasta,CLSAI,"San Antonio",1,1,"Hamburg Sud; Hapag-Lloyd; Maersk Line; SeaLand",4,7,4256.714285714285,524.5714285714286,3500,5085,2,2,2,{2}
2024-03-31,CLANF,Antofagasta,CLVAP,Valparaiso,2,2,"Hapag-Lloyd; Hyundai; MSC; ONE",4,14,13848.333333333334,1646.0833333333333,1781,13312,1,1.5,2,"{1,2}"
2024-03-31,CLARI,Arica,CLANF,Antofagasta,1,1,"Hamburg Sud; Hapag-Lloyd; Maersk Line; SeaLand",4,7,4256.714285714285,524.5714285714286,3500,5085,1,1,1,{1}
2024-03-31,CLARI,Arica,CLIQQ,Iquique,2,2,"APL; CMA CGM; COSCO; Maersk Line; ONE; SeaLand; X-Press",7,5,7319,1660,1686,3947,1,1,1,"{1,1}"
2024-03-31,CLCNL,Coronel,CLVAP,Valparaiso,2,2,"Hapag-Lloyd; Hyundai; MSC; ONE",4,21,23582.555555555555,2937.8611111111113,9326,13312,0,1,2,"{2,0}"
2024-03-31,CLCNL,Coronel,PECLL,Callao,1,1,"Hapag-Lloyd; Hyundai; MSC; ONE",4,14,14070.57142857143,1123.7857142857142,10100,16520,6,6,6,{6}
2024-03-31,CLIQQ,Iquique,CLANF,Antofagasta,1,1,"Hapag-Lloyd; Hyundai; MSC; ONE",4,12,12067.333333333334,1396.0833333333333,9326,13312,0,0,0,{0}
2024-03-31,CLIQQ,Iquique,CLSAI,"San Antonio",1,1,"Maersk Line; SeaLand",2,4,3947,1000,3947,3947,3,3,3,{3}
2024-03-31,CLIQQ,Iquique,PECLL,Callao,1,1,"APL; CMA CGM; COSCO; ONE; X-Press",5,1,3372,660,1686,1686,7,7,7,{7}
2024-03-31,CLLQN,Lirquen,CLCNL,Coronel,1,1,"Hapag-Lloyd; Hyundai; MSC; ONE",4,14,14070.57142857143,1123.7857142857142,10100,16520,0,0,0,{0}
2024-03-31,CLLQN,Lirquen,CLSAI,"San Antonio",2,2,"APL; CMA CGM; COSCO; Evergreen Line; OOCL; Wan Hai; ZIM",7,17,11486.757575757576,1045.3030303030303,1296,14092,1,1.5,2,"{2,1}"
2024-03-31,CLSAI,"San Antonio",CLCNL,Coronel,1,1,MSC,1,9,11515.222222222223,1541.7777777777778,9400,12119,1,1,1,{1}
2024-03-31,CLSAI,"San Antonio",CLLQN,Lirquen,2,2,"APL; CMA CGM; COSCO; Evergreen Line; Hapag-Lloyd; Hyundai; MSC; ONE; OOCL; Wan Hai",10,25,24010.66233766234,1787.4220779220777,8530,16520,0,1,2,"{0,2}"
2024-03-31,CLSAI,"San Antonio",CLSVE,"San Vicente",2,2,"Hamburg Sud; Hapag-Lloyd; Maersk Line; SeaLand",4,11,8203.714285714286,1524.5714285714284,3500,5085,1,2,3,"{3,1}"
2024-03-31,CLSAI,"San Antonio",HKHKG,"Hong Kong",1,1,"APL; CMA CGM; COSCO; Evergreen Line; OOCL; PIL; Wan Hai",7,11,9689,868,8452,14074,26,26,26,{26}
2024-03-31,CLSAI,"San Antonio",KRPUS,Busan,1,1,ZIM,1,10,4010.8,323.6,3450,4308,25,25,25,{25}
2024-03-31,CLSAI,"San Antonio",MXZLO,"Manzanillo, MEX",1,1,"APL; CMA CGM; COSCO; Evergreen Line; OOCL; Wan Hai",6,11,9940.09090909091,663.6363636363636,8530,14092,9,9,9,{9}
2024-03-31,CLSAI,"San Antonio",PECLL,Callao,4,4,"CMA CGM; COSCO; Hamburg Sud; Hapag-Lloyd; Maersk Line; ONE; OOCL; SeaLand; ZIM",9,29,18160.580952380955,2896.5714285714284,1064,11519,3,4.5,6,"{3,6,5,4}"
2024-03-31,CLSVE,"San Vicente",BRIOA,"Porto Itapoa",1,1,"Hamburg Sud; Hapag-Lloyd; Maersk Line; SeaLand",4,7,4256.714285714285,524.5714285714286,3500,5085,8,8,8,{8}
2024-03-31,CLSVE,"San Vicente",PECLL,Callao,2,2,"Hapag-Lloyd; Maersk Line; SeaLand",3,6,5728,1250,1781,3947,5,5,5,"{5,5}"
2024-03-31,CLVAP,Valparaiso,CLCNL,Coronel,1,1,"Hapag-Lloyd; Hyundai; MSC; ONE",4,12,12067.333333333334,1396.0833333333333,9326,13312,2,2,2,{2}
2024-03-31,CLVAP,Valparaiso,CLSVE,"San Vicente",1,1,Hapag-Lloyd,1,2,1781,250,1781,1781,1,1,1,{1}
2024-03-31,CLVAP,Valparaiso,CNNGB,Ningbo,1,1,"PIL; Wan Hai; Yang Ming",3,10,3543.7,235,3889,5512,26,26,26,{26}
2024-03-31,CLVAP,Valparaiso,HKHKG,"Hong Kong",1,1,"Hapag-Lloyd; Hyundai; MSC; ONE",4,12,12067.333333333334,1396.0833333333333,9326,13312,22,22,22,{22}
2024-03-31,CLVAP,Valparaiso,PABLB,Balboa,1,1,"Maersk Line; SeaLand",2,8,3486.875,841.5,3075,5301,6,6,6,{6}
2024-03-31,CLVAP,Valparaiso,PECLL,Callao,1,1,MSC,1,9,11515.222222222223,1541.7777777777778,9400,12119,3,3,3,{3}
2024-03-31,CMDLA,Douala,BEANR,Antwerp,1,1,"Grimaldi Lines",1,3,2830.714285714286,,1321,1321,16,16,16,{16}
2024-03-31,CMDLA,Douala,ESVLC,Valencia,1,1,"Grimaldi Lines",1,4,3092.1428571428573,,1318,1568,28,28,28,{28}
2024-03-31,CMDLA,Douala,FRLRH,"La Rochelle",1,1,"BOCS-Bremen Overseas Chartering and Shipping",1,3,953,,953,953,24,24,24,{24}
2024-03-31,CMDLA,Douala,GALBV,Libreville,1,1,"Grimaldi Lines",1,3,2479.2380952380954,,612,1321,1,1,1,{1}
2024-03-31,CMDLA,Douala,MAPTM,Tanger,1,1,"Maersk Line; SeaLand",2,5,4180,382.8,2474,5466,9,9,9,{9}
2024-03-31,CMKBI,Kribi,AOLAD,Luanda,1,1,"CMA CGM; CNC Line-Cheng Lie Navigation Co. Ltd.; COSCO; Hapag-Lloyd; Maersk Line; OOCL",6,12,8534.583333333334,703,8269,8845,4,4,4,{4}
2024-03-31,CMKBI,Kribi,ESVLC,Valencia,1,1,"APL; CMA CGM; Marguisa; Naviera DAL",4,6,3360.5,433.1666666666667,3091,3600,13,13,13,{13}
2024-03-31,CMKBI,Kribi,FRLEH,"Le Havre",1,1,"CMA CGM; Hapag-Lloyd",2,8,4047.375,551,3237,4431,17,17,17,{17}
2024-03-31,CNCGS,Changshu,KRPUS,Busan,1,1,Westwood,1,2,6729.142857142857,,2048,2048,0,0,0,{0}
2024-03-31,CNDCB,"Da Chan Bay",CNXMN,Xiamen,1,1,"Gold Star Line; ZIM",2,15,6973.866666666667,616.6666666666666,4132,10062,1,1,1,{1}
2024-03-31,CNDCB,"Da Chan Bay",KRPUS,Busan,1,1,"Hyundai; Sinokor",2,9,7235.111111111111,277.77777777777777,6763,8652,7,7,7,{7}
2024-03-31,CNDCB,"Da Chan Bay",LKCMB,Colombo,1,1,"Tailwind Shipping Lines",1,6,9160.333333333334,1143,4957,6296,7,7,7,{7}
2024-03-31,CNDCB,"Da Chan Bay",MYPKG,"Port Klang",2,2,"Emirates Shipping; Evergreen Line; Global Feeder Shipping; Gold Star Line; KMTC; ONE; PIL; RCL; X-Press; ZIM",10,14,12986.142857142857,1266.4285714285716,4250,10062,4,4.5,5,"{5,4}"
2024-03-31,CNDCB,"Da Chan Bay",SGSIN,Singapore,1,1,OOCL,1,4,4579.25,400,4578,4583,4,4,4,{4}
2024-03-31,CNDCB,"Da Chan Bay",VNVUT,"Cai Mep",2,2,"Gold Star Line; MSC; ZIM",3,21,11188.033333333333,1085.6666666666665,3534,10062,2,2.5,3,"{2,3}"
2024-03-31,CNDLC,Dalian,CNLYG,Lianyungang,1,1,"CMA CGM; CNC Line-Cheng Lie Navigation Co. Ltd.; OOCL",3,5,6829.6,988.6,5920,7117,2,2,2,{2}
2024-03-31,CNDLC,Dalian,CNTAO,Qingdao,8,8,"CMA CGM; CNC Line-Cheng Lie Navigation Co. Ltd.; COSCO; Evergreen Line; IAL-Interasia Lines; Kambara Kisen Co., Ltd.; Maersk Line; Mingsheng; OOCL; SeaLand; Wan Hai; Yang Ming",12,39,37686.875,3173.875,650,20988,1,2,3,"{2,2,1,3,1,2,1,2}"
2024-03-31,CNDLC,Dalian,CNTXG,Xingang/Tianjin,12,12,"CMA CGM; CNC Line-Cheng Lie Navigation Co. Ltd.; COSCO; Evergreen Line; Heung-A; KMTC; Maersk Line; MSC; OOCL; RCL; SeaLand; Sinokor; SITC Shipping; Yang Ming",14,60,56092.19047619047,4611.728571428572,1011,20568,0,1.5,3,"{3,1,2,2,0,0,1,2,2,1,1,2}"
2024-03-31,CNDLC,Dalian,CNWEI,Weihai,2,2,"Dong Young; Doowoo Shipping; Sinokor",3,2,1424,210,700,724,0,0.5,1,"{0,1}"
2024-03-31,CNDLC,Dalian,JPHKT,Hakata,2,2,"COSCO; Sinotrans; SITC Shipping; StarOcean",4,3,1308,300,349,1011,1,1.5,2,"{1,2}"
2024-03-31,CNDLC,Dalian,JPOSA,Osaka,1,1,StarOcean,1,2,1660,284,1613,1707,3,3,3,{3}
2024-03-31,CNDLC,Dalian,JPTYO,Tokyo,2,2,COSCO,1,2,6890,1324,1705,1740,3,3.5,4,"{3,4}"
2024-03-31,CNDLC,Dalian,JPYKK,Yokkaichi,1,1,"SITC Shipping",1,2,1032,170,1024,1040,2,2,2,{2}
2024-03-31,CNDLC,Dalian,KRINC,Inchon,2,2,"APL; CMA CGM; CNC Line-Cheng Lie Navigation Co. Ltd.; COSCO; Hyundai; SITC Shipping",6,8,3614.4,374.26666666666665,1756,1952,1,1,1,"{1,1}"
2024-03-31,CNDLC,Dalian,KRKPO,Pohang,1,1,"CK Line; KMTC",2,2,1030,,1000,1060,2,2,2,{2}
2024-03-31,CNDLC,Dalian,KRPUS,Busan,6,6,"APL; CMA CGM; CNC Line-Cheng Lie Navigation Co. Ltd.; COSCO; Easline Shipping; Evergreen Line; Gold Star Line; Hapag-Lloyd; Maersk Line; MSC; ONE; OOCL; RCL; SeaLand; X-Press; Yang Ming; ZIM",17,43,41503.44170168068,2501.4301470588234,1432,16652,2,2,2,"{2,2,2,2,2,2}"
2024-03-31,CNFOC,Fuzhou,CNSWA,Shantou,1,1,MSC,1,5,2881.4,436.4,2524,3534,2,2,2,{2}
2024-03-31,CNFOC,Fuzhou,PHMNS,"Manila South Harbor",1,1,"Sinotrans; Wan Hai",2,2,1992,125,1946,2038,2,2,2,{2}
2024-03-31,CNFQG,Fuqing,CNSHA,Shanghai,1,1,"CMA CGM; CNC Line-Cheng Lie Navigation Co. Ltd.; COSCO",3,2,1735,325,1730,1740,2,2,2,{2}
2024-03-31,CNFQG,Fuqing,CNSHK,Shekou,1,1,"COSCO; Evergreen Line; OOCL; Wan Hai",4,6,5380.166666666667,512.1666666666666,4051,6030,2,2,2,{2}
2024-03-31,CNFQG,Fuqing,HKHKG,"Hong Kong",1,1,"Evergreen Line",1,4,2693,172,2476,2910,2,2,2,{2}
2024-03-31,CNFQG,Fuqing,KRPUS,Busan,1,1,"CK Line; KMTC; SM Line",3,2,1030,,1000,1060,3,3,3,{3}
2024-03-31,CNFQG,Fuqing,VNHPH,Haiphong,1,1,"APL; CMA CGM; COSCO; Evergreen Line; ONE; OOCL",6,8,9733.25,962.5,9200,10642,5,5,5,{5}
2024-03-31,CNGGZ,"Huangpu (Guangzhou)",CNNSA,Nansha,1,1,"Heung-A; PanOcean; Sinokor",3,2,1069.5,152,1021,1118,0,0,0,{0}
2024-03-31,CNLYG,Lianyungang,CNTAO,Qingdao,6,6,"CMA CGM; CNC Line-Cheng Lie Navigation Co. Ltd.; COSCO; ONE; OOCL; Sinotrans; SITC Shipping",7,18,18843.85,2264.85,1042,7117,0,1,2,"{1,2,0,2,1,1}"
2024-03-31,CNLYG,Lianyungang,HKHKG,"Hong Kong",1,1,"CMA CGM; CNC Line-Cheng Lie Navigation Co. Ltd.",2,3,2808.6666666666665,566.6666666666666,2782,2822,3,3,3,{3}
2024-03-31,CNLYG,Lianyungang,KRPUS,Busan,1,1,"Easline Shipping; Heung-A",2,1,1728,264,1728,1728,1,1,1,{1}
2024-03-31,CNLYG,Lianyungang,MYTPP,"Tanjung Pelepas",1,1,"Maersk Line; SeaLand",2,6,5790.833333333333,523,5527,5928,9,9,9,{9}
2024-03-31,CNNGB,Ningbo,AUSYD,Sydney,1,1,"ANL; APL; CMA CGM; COSCO; OOCL; PIL",6,6,8497.666666666666,643.3333333333334,8102,8888,10,10,10,{10}
2024-03-31,CNNGB,Ningbo,CNDCB,"Da Chan Bay",2,2,"Emirates Shipping; Evergreen Line; Gold Star Line; KMTC; ONE; Tailwind Shipping Lines; X-Press; ZIM",8,13,15271.761904761905,1664.5714285714284,4250,10062,3,3,3,"{3,3}"
2024-03-31,CNNGB,Ningbo,CNFOC,Fuzhou,1,1,"Sinotrans; Wan Hai",2,2,1992,125,1946,2038,2,2,2,{2}
2024-03-31,CNNGB,Ningbo,CNFQG,Fuqing,2,2,"COSCO; Evergreen Line; OOCL; Wan Hai",4,10,8073.166666666667,684.1666666666666,2476,6030,1,1.5,2,"{2,1}"
2024-03-31,CNNGB,Ningbo,CNNSA,Nansha,14,14,"APL; CMA CGM; CNC Line-Cheng Lie Navigation Co. Ltd.; COSCO; Evergreen Line; Gold Star Line; Hapag-Lloyd; Hyundai; IAL-Interasia Lines; Maersk Line; MELL; MSC; ONE; OOCL; PIL; SeaLand; Swire Shipping; Wan Hai; X-Press; Yang Ming; ZIM",21,115,103562.24084249082,6257.023504273505,2646,20988,2,3,4,"{3,4,2,2,2,3,3,3,2,2,2,3,4,3}"
2024-03-31,CNNGB,Ningbo,CNQZL,Quanzhou,1,1,"APL; CMA CGM; CNC Line-Cheng Lie Navigation Co. Ltd.; COSCO; ONE; OOCL",6,4,5794.25,697.5,5060,6881,2,2,2,{2}
2024-03-31,CNNGB,Ningbo,CNSHA,Shanghai,57,56,"ANL; APL; Asean Seas Line; CK Line; CMA CGM; CNC Line-Cheng Lie Navigation Co. Ltd.; COSCO; CULines-China United Lines; Dongjin Shipping; Dong Young; Evergreen Line; Gold Star Line; Hapag-Lloyd; Heung-A; Hyundai; Kambara Kisen Co., Ltd.; KMTC; Maersk Line; Matson; MSC; Namsung; NBOSCO; ONE; OOCL; PanCon; PanOcean; PIL; RCL; SeaLand; Sinokor; Sinotrans; SITC Shipping; SM Line; TaiYoung Shipping; Wan Hai; X-Press; Yang Ming; ZIM",38,445,450619.10073676327,30795.738340825843,702,24346,0,2,3,"{3,1,0,2,3,0,1,1,2,2,1,2,1,1,2,3,2,1,3,1,3,2,2,2,2,1,1,1,2,0,1,2,2,1,1,2,1,2,2,2,1,2,1,1,2,0,1,2,2,1,3,3,0,1,2,1,2}"
2024-03-31,CNNGB,Ningbo,CNSHK,Shekou,25,25,"ANL; APL; CMA CGM; CNC Line-Cheng Lie Navigation Co. Ltd.; COSCO; CULines-China United Lines; Emirates Shipping; Evergreen Line; Feedertech; Global Feeder Shipping; Gold Star Line; Hapag-Lloyd; Heung-A; Hyundai; IAL-Interasia Lines; KMTC; Maersk Line; MSC; ONE; OOCL; PIL; RCL; Samudera; SeaLand; Sinokor; Sinotrans; TS Lines; Wan Hai; X-Press; Yang Ming; ZIM",31,219,186174.98885836388,15445.875976800977,1713,19224,1,3,4,"{2,3,2,3,2,3,3,2,3,4,3,3,3,3,3,1,2,3,3,3,2,2,3,4,3}"
2024-03-31,CNNGB,Ningbo,CNTAO,Qingdao,1,1,"Maersk Line; SeaLand",2,5,2287.6,557.6,2208,2362,2,2,2,{2}
2024-03-31,CNNGB,Ningbo,CNTXG,Xingang/Tianjin,2,2,"APL; CMA CGM; CNC Line-Cheng Lie Navigation Co. Ltd.; COSCO; Evergreen Line; OOCL; PIL",7,11,19602,455,4738,14424,4,5,6,"{4,6}"
2024-03-31,CNNGB,Ningbo,CNWZO,"Wenzhou CN",1,1,"KMTC; SITC Shipping",2,4,1793.75,122,1781,1808,1,1,1,{1}
2024-03-31,CNNGB,Ningbo,CNXMN,Xiamen,18,18,"APL; CMA CGM; CNC Line-Cheng Lie Navigation Co. Ltd.; COSCO; Evergreen Line; Gold Star Line; Hapag-Lloyd; Hyundai; KMTC; Maersk Line; MSC; ONE; OOCL; Sinotrans; SITC Shipping; TS Lines; Yang Ming; ZIM",18,140,134392.35354090354,8804.311660561661,1042,24188,1,2,4,"{2,2,3,2,3,2,2,3,3,1,2,1,2,2,3,2,1,4}"
2024-03-31,CNNGB,Ningbo,CNYTN,Yantian,6,6,"CMA CGM; CNC Line-Cheng Lie Navigation Co. Ltd.; COSCO; Evergreen Line; Hamburg Sud; Hapag-Lloyd; Hyundai; Maersk Line; MSC; ONE; OOCL; PIL; SeaLand; Yang Ming; ZIM",15,78,79560.64852402499,6498.346218487395,4620,23112,2,3,4,"{2,3,2,3,4,4}"
2024-03-31,CNNGB,Ningbo,CNZPU,"Zhapu Pt",1,1,"COSCO; NBOSCO",2,3,1100,80,1100,1100,1,1,1,{1}
2024-03-31,CNNGB,Ningbo,HKHKG,"Hong Kong",3,3,"CNC Line-Cheng Lie Navigation Co. Ltd.; COSCO; Evergreen Line; IAL-Interasia Lines; ONE; OOCL; Samudera; Wan Hai",8,11,10713.85,693.5,1809,5652,2,2,3,"{3,2,2}"
2024-03-31,CNNGB,Ningbo,IDJKT,"Jakarta, Java",2,2,"COSCO; KMTC; Namsung; ONE; SITC Shipping; TS Lines",6,8,4763,515,1626,2954,5,6,7,"{5,7}"
2024-03-31,CNNGB,Ningbo,JPHKT,Hakata,2,2,"COSCO; NBOSCO; Sinotrans; SITC Shipping",4,7,2172.75,181.25,1042,1103,1,2,3,"{3,1}"
2024-03-31,CNNGB,Ningbo,JPNGO,Nagoya,3,3,"COSCO; Hapag-Lloyd; Hyundai; NBOSCO; ONE; Yang Ming",6,13,7871.836734693878,548.5714285714286,1100,6724,2,3,3,"{3,3,2}"
2024-03-31,CNNGB,Ningbo,JPTYO,Tokyo,1,1,"COSCO; NBOSCO; Sinotrans; SITC Shipping",4,1,1096,150,1096,1096,2,2,2,{2}
2024-03-31,CNNGB,Ningbo,JPUKB,Kobe,1,1,"Taicang Container Lines",1,2,1091,140,1091,1091,2,2,2,{2}
2024-03-31,CNNGB,Ningbo,KRPUS,Busan,12,12,"APL; CMA CGM; CNC Line-Cheng Lie Navigation Co. Ltd.; COSCO; Dong Young; Evergreen Line; Hapag-Lloyd; Heung-A; Hyundai; KMTC; Maersk Line; MSC; Namsung; ONE; OOCL; SeaLand; Sinokor; Yang Ming; ZIM",19,95,91022.64881784882,7367.789726939727,1000,16520,1,1.5,3,"{2,1,2,1,1,2,2,1,3,1,2,1}"
2024-03-31,CNNGB,Ningbo,MXZLO,"Manzanillo, MEX",1,1,"APL; CMA CGM; COSCO; Evergreen Line; OOCL; PIL; Wan Hai",7,11,9689,868,8452,14074,20,20,20,{20}
2024-03-31,CNNGB,Ningbo,MYPKG,"Port Klang",1,1,"KMTC; Maersk Line; SITC Shipping; TS Lines; Yang Ming",5,4,2480,300,2401,2546,7,7,7,{7}
2024-03-31,CNNGB,Ningbo,PHMNN,"Manila North Harbor",3,3,"Asean Seas Line; Gold Star Line; Maersk Line; SeaLand; Sinotrans; SITC Shipping; ZIM",7,8,7067,965,1740,2806,3,3,4,"{3,3,4}"
2024-03-31,CNNGB,Ningbo,SGSIN,Singapore,3,3,"CMA CGM; COSCO; Evergreen Line; Gold Star Line; Hapag-Lloyd; ONE; OOCL; PIL; Yang Ming; ZIM",10,24,29509.916666666668,1831.4166666666665,4253,20988,4,5,7,"{4,7,5}"
2024-03-31,CNNGB,Ningbo,THLCH,"Laem Chabang",1,1,"APL; CMA CGM; CNC Line-Cheng Lie Navigation Co. Ltd.; COSCO; Hyundai",5,5,1817.4,211.6,1756,1952,6,6,6,{6}
2024-03-31,CNNGB,Ningbo,TWKHH,Kaohsiung,7,7,"APL; CMA CGM; CNC Line-Cheng Lie Navigation Co. Ltd.; COSCO; Evergreen Line; Hapag-Lloyd; Hyundai; Maersk Line; ONE; OOCL; SeaLand; Yang Ming",12,52,60583.365173715174,4529.890262515262,1700,20988,1,2,4,"{2,4,1,2,2,2,3}"
2024-03-31,CNNGB,Ningbo,TWTPE,Taipei,3,3,"APL; CMA CGM; CNC Line-Cheng Lie Navigation Co. Ltd.; COSCO; Evergreen Line; Hapag-Lloyd; OOCL; Wan Hai",8,33,39092.36538461538,785.3269230769231,4132,24000,1,1,2,"{1,1,2}"
2024-03-31,CNNGB,Ningbo,USLAX,"Los Angeles CA",1,1,"APL; CMA CGM; COSCO; Evergreen Line; OOCL",5,7,8468,943.7142857142857,8452,8508,14,14,14,{14}
2024-03-31,CNNGB,Ningbo,USLGB,"Long Beach CA",2,2,"APL; CMA CGM; CNC Line-Cheng Lie Navigation Co. Ltd.; COSCO; Evergreen Line; ONE; OOCL; Wan Hai",8,15,18432.892857142855,580,3013,13500,13,13.5,14,"{13,14}"
2024-03-31,CNNGB,Ningbo,VNSGN,"Ho Chi Minh (VICT/Cat Lai)",3,3,"CNC Line-Cheng Lie Navigation Co. Ltd.; COSCO; Evergreen Line; Maersk Line; OOCL; SeaLand",6,14,7048.15,1076.5,2086,2742,4,4,5,"{5,4,4}"
2024-03-31,CNNJI,Nanjing,CNTAC,Taicang,2,2,"Taicang Container Lines",1,5,2154,306.66666666666663,1049,1091,1,2,3,"{1,3}"
2024-03-31,CNNJI,Nanjing,CNZJG,Zhangjiagang,2,2,"Namsung; Sinokor",2,2,1803,,712,1091,0,0.5,1,"{0,1}"
2024-03-31,CNNSA,Nansha,CNDLC,Dalian,1,1,"COSCO; OOCL; Yang Ming",3,4,5336.5,463,4738,5688,6,6,6,{6}
2024-03-31,CNNSA,Nansha,CNRZH,Rizhao,1,1,"CMA CGM; CNC Line-Cheng Lie Navigation Co. Ltd.; COSCO; OOCL",4,3,4183.666666666667,400,4051,4250,3,3,3,{3}
2024-03-31,CNNSA,Nansha,CNSHA,Shanghai,1,1,"APL; CMA CGM; CNC Line-Cheng Lie Navigation Co. Ltd.; COSCO",4,6,4320.166666666667,532.6666666666666,4250,4404,4,4,4,{4}
2024-03-31,CNNSA,Nansha,CNSHK,Shekou,13,13,"APL; Asean Seas Line; CMA CGM; CNC Line-Cheng Lie Navigation Co. Ltd.; COSCO; Evergreen Line; Gold Star Line; Hapag-Lloyd; Heung-A; MSC; ONE; OOCL; PanOcean; PIL; RCL; Sea Lead; Sinokor; SITC Shipping; TS Lines; Wan Hai; Yang Ming; ZIM",22,68,68071.95299145298,4757.427350427351,1021,17292,0,1,1,"{1,0,0,1,1,1,1,0,0,0,0,1,1}"
2024-03-31,CNNSA,Nansha,CNTAO,Qingdao,2,2,"CMA CGM; CNC Line-Cheng Lie Navigation Co. Ltd.; COSCO; Gold Star Line; Hapag-Lloyd; ONE; PIL; ZIM",8,11,7887.857142857143,643.5714285714286,2742,4738,2,3,4,"{4,2}"
2024-03-31,CNNSA,Nansha,CNXMN,Xiamen,2,2,"Asean Seas Line; Sinokor",2,3,3825.714285714286,160.71428571428572,1118,2206,1,1.5,2,"{1,2}"
2024-03-31,CNNSA,Nansha,CNYTN,Yantian,8,8,"APL; CMA CGM; COSCO; Evergreen Line; Hapag-Lloyd; Hyundai; Maersk Line; MSC; ONE; OOCL; SeaLand; Yang Ming; ZIM",13,79,94524.99578754578,6523.792307692308,1049,24116,0,0.5,2,"{1,0,0,1,0,2,2,0}"
2024-03-31,CNNSA,Nansha,HKHKG,"Hong Kong",9,9,"CMA CGM; CNC Line-Cheng Lie Navigation Co. Ltd.; COSCO; Evergreen Line; Gold Star Line; IAL-Interasia Lines; Maersk Line; MELL; MSC; NPDL; ONE; OOCL; PIL; SeaLand; Swire Shipping; Wan Hai; ZIM",17,51,58960.69285714286,4186.3452380952385,1080,21413,0,1,1,"{0,1,0,1,1,1,0,1,1}"
2024-03-31,CNNSA,Nansha,IDJKT,"Jakarta, Java",3,3,"APL; CMA CGM; CNC Line-Cheng Lie Navigation Co. Ltd.; COSCO; KMTC; ONE; OOCL; SITC Shipping",8,12,12470,1085.5,2400,6881,5,6,7,"{6,5,7}"
2024-03-31,CNNSA,Nansha,IDSUB,"Surabaya, Java",1,1,"CMA CGM; CNC Line-Cheng Lie Navigation Co. Ltd.; ONE; RCL",4,3,2569.6666666666665,366.6666666666667,2468,2664,5,5,5,{5}
2024-03-31,CNNSA,Nansha,JPHKT,Hakata,1,1,"ONE; SITC Shipping",2,4,1815.5,172,1781,1868,3,3,3,{3}
2024-03-31,CNNSA,Nansha,JPYOK,Yokohama,1,1,"Maersk Line; SeaLand",2,5,2134.8,158.4,2086,2208,5,5,5,{5}
2024-03-31,CNNSA,Nansha,KRPUS,Busan,1,1,"Hyundai; Namsung; ONE; PIL; TS Lines",5,4,2164.75,328,1708,2693,4,4,4,{4}
2024-03-31,CNNSA,Nansha,MYPKG,"Port Klang",3,3,"APL; CMA CGM; CNC Line-Cheng Lie Navigation Co. Ltd.; COSCO; IAL-Interasia Lines; Wan Hai",6,14,11573.416666666666,1129.4166666666667,2646,5095,5,5,6,"{5,6,5}"
2024-03-31,CNNSA,Nansha,MYTPP,"Tanjung Pelepas",1,1,"CMA CGM; CNC Line-Cheng Lie Navigation Co. Ltd.; COSCO; Hapag-Lloyd; Maersk Line; OOCL",6,12,8534.583333333334,703,8269,8845,4,4,4,{4}
2024-03-31,CNNSA,Nansha,PHMNN,"Manila North Harbor",2,2,"APL; CMA CGM; CNC Line-Cheng Lie Navigation Co. Ltd.",3,7,5787.9,771,1781,4636,2,2.5,3,"{2,3}"
2024-03-31,CNNSA,Nansha,SGSIN,Singapore,12,12,"APL; CMA CGM; CNC Line-Cheng Lie Navigation Co. Ltd.; COSCO; Evergreen Line; Gold Star Line; Hapag-Lloyd; IAL-Interasia Lines; Maersk Line; ONE; OOCL; PIL; SeaLand; Wan Hai; X-Press; ZIM",16,101,75604.5793040293,4504.345848595848,2008,20988,4,4,7,"{4,4,4,4,4,5,4,7,5,4,5,4}"
2024-03-31,CNNSA,Nansha,THLCH,"Laem Chabang",2,2,"CMA CGM; CNC Line-Cheng Lie Navigation Co. Ltd.; COSCO; OOCL; TS Lines",5,7,5864.166666666667,740,1096,4250,4,4,4,"{4,4}"
2024-03-31,CNNSA,Nansha,TWKHH,Kaohsiung,2,2,"Evergreen Line; Maersk Line; SeaLand",3,7,4247,250,1751,2476,1,1.5,2,"{2,1}"
2024-03-31,CNNSA,Nansha,VNHPH,Haiphong,1,1,"Asean Seas Line",1,1,998,254,998,998,2,2,2,{2}
2024-03-31,CNNSA,Nansha,VNSGN,"Ho Chi Minh (VICT/Cat Lai)",2,2,"Evergreen Line; TS Lines; Wan Hai; Yang Ming",4,7,4502.5,513.1666666666667,1708,2954,2,2.5,3,"{3,2}"
2024-03-31,CNNSA,Nansha,VNUIH,"Qui Nhon",1,1,MSC,1,6,2132.6666666666665,291.6666666666667,1728,2495,2,2,2,{2}
2024-03-31,CNNTG,Nantong,CNTAC,Taicang,1,1,Sinokor,1,1,629,60,629,629,1,1,1,{1}
2024-03-31,CNQZH,Qinzhou,CNNGB,Ningbo,1,1,"Maersk Line; SeaLand; Wan Hai; Yang Ming",4,3,1779.6666666666667,335.3333333333333,1730,1809,5,5,5,{5}
2024-03-31,CNQZH,Qinzhou,CNNSA,Nansha,1,1,"Asean Seas Line; CMA CGM; CNC Line-Cheng Lie Navigation Co. Ltd.; ONE; OOCL",5,1,1930,220,1930,1930,2,2,2,{2}
2024-03-31,CNQZH,Qinzhou,CNXMN,Xiamen,1,1,"CK Line; KMTC; Namsung",3,2,1000,,1000,1000,2,2,2,{2}
2024-03-31,CNQZH,Qinzhou,CNZHA,Zhanjiang,1,1,"Evergreen Line",1,4,1901.5,105.5,1708,1984,2,2,2,{2}
2024-03-31,CNQZH,Qinzhou,HKHKG,"Hong Kong",2,2,"COSCO; Evergreen Line; MSC; OOCL; Yang Ming",5,8,4016.8,629.8,1378,2824,1,1.5,2,"{2,1}"
2024-03-31,CNQZH,Qinzhou,JPTYO,Tokyo,1,1,"TS Lines",1,3,1153.3333333333333,160,1096,1182,7,7,7,{7}
2024-03-31,CNQZH,Qinzhou,THLCH,"Laem Chabang",1,1,PIL,1,2,842,100,777,907,4,4,4,{4}
2024-03-31,CNQZH,Qinzhou,VNHPH,Haiphong,1,1,COSCO,1,2,1653,143.5,1521,1785,1,1,1,{1}
2024-03-31,CNQZH,Qinzhou,VNUIH,"Qui Nhon",1,1,PIL,1,2,1329.5,175,851,1808,2,2,2,{2}
2024-03-31,CNQZL,Quanzhou,CNSWA,Shantou,1,1,"APL; CMA CGM; CNC Line-Cheng Lie Navigation Co. Ltd.; COSCO; ONE; OOCL",6,4,5794.25,697.5,5060,6881,2,2,2,{2}
2024-03-31,CNQZL,Quanzhou,CNXMN,Xiamen,1,1,"SITC Shipping",1,1,787,80,787,787,0,0,0,{0}
2024-03-31,CNQZL,Quanzhou,VNSGN,"Ho Chi Minh (VICT/Cat Lai)",1,1,OOCL,1,4,2217.75,407.5,2190,2272,3,3,3,{3}
2024-03-31,CNRZH,Rizhao,CNTAO,Qingdao,2,2,"CMA CGM; CNC Line-Cheng Lie Navigation Co. Ltd.; COSCO; OOCL; Sinokor",5,5,5275.166666666667,501,1054,4250,1,1,1,"{1,1}"
2024-03-31,CNRZH,Rizhao,CNXMN,Xiamen,1,1,"CNC Line-Cheng Lie Navigation Co. Ltd.; COSCO; Evergreen Line; OOCL",4,4,2625.75,360.5,2442,2742,3,3,3,{3}
2024-03-31,CNSHA,Shanghai,AUBNE,Brisbane,1,1,"Austral Asia Line",1,3,3593.714285714286,221.66666666666669,979,2014,23,23,23,{23}
2024-03-31,CNSHA,Shanghai,BDCGP,Chittagong,1,1,"Hyundai; Sinokor",2,5,2018.6,422.4,1714,2190,12,12,12,{12}
2024-03-31,CNSHA,Shanghai,CAPRR,"Prince Rupert BC",1,1,"APL; CMA CGM; COSCO; Evergreen Line; OOCL",5,6,6474,358,4253,8530,11,11,11,{11}
2024-03-31,CNSHA,Shanghai,CNDCB,"Da Chan Bay",1,1,"Gold Star Line; ZIM",2,15,6973.866666666667,616.6666666666666,4132,10062,2,2,2,{2}
2024-03-31,CNSHA,Shanghai,CNDLC,Dalian,2,2,"Maersk Line; MSC; SeaLand; SITC Shipping",4,19,22061.6,815.4666666666666,2433,20568,2,2,2,"{2,2}"
2024-03-31,CNSHA,Shanghai,CNNGB,Ningbo,99,99,"ANL; APL; Asean Seas Line; CMA CGM; CNC Line-Cheng Lie Navigation Co. Ltd.; COSCO; CULines-China United Lines; Dong Young; Emirates Shipping; Evergreen Line; Feedertech; Global Feeder Shipping; Gold Star Line; Hamburg Sud; Hapag-Lloyd; Heung-A; Hyundai; IAL-Interasia Lines; KMTC; Maersk Line; MELL; MSC; Namsung; ONE; OOCL; PIL; RCL; Samudera; SeaLand; Sinokor; Sinotrans; SITC Shipping; Swire Shipping; TS Lines; Wan Hai; X-Press; Yang Ming; ZIM",38,779,713829.6301895819,53855.021415512594,1000,24188,0,1,4,"{2,2,2,1,1,2,2,2,1,1,1,1,1,3,2,2,0,1,1,2,2,0,1,4,2,2,2,2,1,4,2,2,1,2,1,1,1,3,1,0,3,2,1,2,1,2,1,1,2,1,1,1,1,0,1,2,0,1,1,1,3,1,1,2,0,2,3,1,2,0,1,1,2,1,2,1,0,1,1,1,2,1,0,1,1,0,1,2,2,1,0,0,1,2,3,1,1,2,2}"
2024-03-31,CNSHA,Shanghai,CNNSA,Nansha,3,3,"Maersk Line; MSC; PIL; SeaLand; Sea Lead; TS Lines; Yang Ming",7,34,34367.092307692306,2026.6871794871795,2683,18270,2,3,3,"{3,2,3}"
2024-03-31,CNSHA,Shanghai,CNSHK,Shekou,9,9,"APL; CMA CGM; CNC Line-Cheng Lie Navigation Co. Ltd.; COSCO; CULines-China United Lines; Evergreen Line; Hapag-Lloyd; Hyundai; IAL-Interasia Lines; KMTC; Maersk Line; MSC; Namsung; ONE; OOCL; PIL; RCL; SeaLand; SITC Shipping; TS Lines; Unifeeder; Wan Hai; X-Press; Yang Ming",24,69,55118.57211538462,3478.524038461538,831,15516,2,3,4,"{3,2,4,3,3,3,3,2,4}"
2024-03-31,CNSHA,Shanghai,CNSWA,Shantou,2,2,"APL; CMA CGM; CNC Line-Cheng Lie Navigation Co. Ltd.; COSCO; IAL-Interasia Lines; ONE; Wan Hai",7,10,7285.916666666667,682.6666666666666,2782,4404,2,2,2,"{2,2}"
2024-03-31,CNSHA,Shanghai,CNTAO,Qingdao,10,10,"APL; CMA CGM; CNC Line-Cheng Lie Navigation Co. Ltd.; COSCO; Evergreen Line; Gold Star Line; Hapag-Lloyd; Hyundai; Maersk Line; MSC; ONE; OOCL; PIL; SeaLand; Wan Hai; Yang Ming; ZIM",17,98,90222.16666666666,6923.583333333333,3889,16020,2,3,5,"{5,3,2,3,3,3,2,3,2,2}"
2024-03-31,CNSHA,Shanghai,CNTXG,Xingang/Tianjin,2,2,"CMA CGM; COSCO; Evergreen Line; Maersk Line; MSC; OOCL; SeaLand",7,27,37865.46666666667,1673.4666666666667,14074,20988,3,3,3,"{3,3}"
2024-03-31,CNSHA,Shanghai,CNWZO,"Wenzhou CN",2,2,"SITC Shipping",1,8,5132.5,,2433,2700,1,1.5,2,"{1,2}"
2024-03-31,CNSHA,Shanghai,CNXMN,Xiamen,12,12,"APL; Asean Seas Line; CMA CGM; CNC Line-Cheng Lie Navigation Co. Ltd.; COSCO; Emirates Shipping; Evergreen Line; Global Feeder Shipping; Gold Star Line; Hapag-Lloyd; Hyundai; Jin Jiang; KMTC; Maersk Line; MSC; ONE; OOCL; PIL; RCL; SeaLand; SITC Shipping; Yang Ming; ZIM",23,79,90327.14761904762,6408.07380952381,1182,24116,2,2,4,"{2,3,2,2,2,3,4,2,2,2,3,3}"
2024-03-31,CNSHA,Shanghai,CNYTN,Yantian,6,6,"APL; CMA CGM; CNC Line-Cheng Lie Navigation Co. Ltd.; COSCO; Evergreen Line; Hapag-Lloyd; Hyundai; Maersk Line; MSC; ONE; OOCL; SeaLand; Yang Ming",13,78,92761.10952380951,4959.42380952381,3700,24346,2,3,5,"{3,2,2,3,3,5}"
2024-03-31,CNSHA,Shanghai,HKHKG,"Hong Kong",5,5,"Asean Seas Line; CMA CGM; CNC Line-Cheng Lie Navigation Co. Ltd.; COSCO; Evergreen Line; IAL-Interasia Lines; KMTC; Maersk Line; ONE; OOCL; SeaLand; SITC Shipping; TS Lines; Wan Hai; Yang Ming",15,19,14244.761904761905,1218.452380952381,953,6800,1,3,4,"{3,2,4,1,3}"
2024-03-31,CNSHA,Shanghai,IDJKT,"Jakarta, Java",2,2,"Evergreen Line; Heung-A; Sinokor",3,8,3883.5,409.25,1809,2902,7,7,7,"{7,7}"
2024-03-31,CNSHA,Shanghai,JPFKY,Fukuyama,1,1,Mingsheng,1,1,704,116,704,704,3,3,3,{3}
2024-03-31,CNSHA,Shanghai,JPHKT,Hakata,4,4,"COSCO; Dongjin Shipping; HASCO; Jin Jiang; Namsung; Sinotrans; SITC Shipping",7,5,3702,120,720,1020,1,1.5,2,"{2,1,1,2}"
2024-03-31,CNSHA,Shanghai,JPIMI,Imari,2,2,"Kambara Kisen Co., Ltd.",1,4,2111,160,1020,1091,2,2,2,"{2,2}"
2024-03-31,CNSHA,Shanghai,JPMOJ,Moji,1,1,"Centrans; StarOcean; TS Lines",3,1,706,100,706,706,2,2,2,{2}
2024-03-31,CNSHA,Shanghai,JPNGO,Nagoya,3,3,"COSCO; Jin Jiang; Sinotrans; SITC Shipping",4,7,3466,243,668,1805,2,3,3,"{3,3,2}"
2024-03-31,CNSHA,Shanghai,JPOSA,Osaka,8,8,"Centrans; COSCO; Jin Jiang; SITC Shipping; StarOcean; TS Lines",6,12,7576.5,687.5,668,1182,2,2,3,"{2,2,2,3,2,2,2,3}"
2024-03-31,CNSHA,Shanghai,JPSBK,Sakaisenboku,1,1,"SITC Shipping",1,4,1787,61,1781,1805,2,2,2,{2}
2024-03-31,CNSHA,Shanghai,JPTYO,Tokyo,4,4,"COSCO; Jin Jiang; Sinotrans",3,4,4311,160,1020,1100,3,3,3,"{3,3,3,3}"
2024-03-31,CNSHA,Shanghai,JPYOK,Yokohama,6,6,"Centrans; COSCO; HASCO; Sinotrans; SITC Shipping; StarOcean; Swire Shipping; TS Lines",8,14,13232.166666666668,467.5,698,2082,2,3,10,"{10,3,3,3,3,2}"
2024-03-31,CNSHA,Shanghai,KHKOS,Sihanoukville,1,1,"Maersk Line; SeaLand; Wan Hai; Yang Ming",4,3,1779.6666666666667,335.3333333333333,1730,1809,6,6,6,{6}
2024-03-31,CNSHA,Shanghai,KRINC,Inchon,7,6,"CK Line; COSCO; Dongjin Shipping; Dong Young; Heung-A; KMTC; Namsung; NBOSCO; PanCon; Sinokor; TaiYoung Shipping",11,7,10349,392,1000,1785,1,2,2,"{2,2,2,2,2,1,2}"
2024-03-31,CNSHA,Shanghai,KRKAN,Gwangyang,1,1,"Hapag-Lloyd; Hyundai; ONE; Yang Ming",4,6,9842.833333333334,850,8652,10081,1,1,1,{1}
2024-03-31,CNSHA,Shanghai,KRPTK,Pyongtaek,1,1,Sinokor,1,1,868,150,868,868,1,1,1,{1}
2024-03-31,CNSHA,Shanghai,KRPUS,Busan,25,25,"ANL; APL; CMA CGM; CNC Line-Cheng Lie Navigation Co. Ltd.; COSCO; Evergreen Line; Hapag-Lloyd; Heung-A; Hyundai; KMTC; Maersk Line; MSC; Namsung; ONE; OOCL; PanCon; PanOcean; SeaLand; Sinokor; SM Line; Yang Ming; ZIM",22,184,168838.75178987678,15184.735528360528,702,15294,1,2,3,"{1,1,1,2,2,1,2,1,1,1,1,2,1,2,3,2,2,2,1,3,3,1,2,2,2}"
2024-03-31,CNSHA,Shanghai,MXLZC,"Lazaro Cardenas",1,1,ZIM,1,12,7155.916666666667,426.3333333333333,6402,7928,14,14,14,{14}
2024-03-31,CNSHA,Shanghai,MXZLO,"Manzanillo, MEX",1,1,"COSCO; Evergreen Line; PIL; Wan Hai; Yang Ming",5,11,9862.09090909091,557.4545454545455,6350,13216,17,17,17,{17}
2024-03-31,CNSHA,Shanghai,MYTPP,"Tanjung Pelepas",2,2,"Maersk Line; MSC; SeaLand",3,21,22301.6,1171.4666666666667,2806,20568,6,6,6,"{6,6}"
2024-03-31,CNSHA,Shanghai,PAONX,Colon,1,1,"APL; CMA CGM; COSCO; Evergreen Line; OOCL",5,11,13301.545454545454,800,13092,13500,20,20,20,{20}
2024-03-31,CNSHA,Shanghai,RUVYP,Vostochniy,1,1,Sinokor,1,2,2707.714285714286,160.71428571428572,2006,2206,5,5,5,{5}
2024-03-31,CNSHA,Shanghai,SGSIN,Singapore,1,1,"Heung-A; KMTC",2,4,2730,396.5,2540,2824,5,5,5,{5}
2024-03-31,CNSHA,Shanghai,THLCH,"Laem Chabang",2,2,"CMA CGM; CNC Line-Cheng Lie Navigation Co. Ltd.; CULines-China United Lines; Heung-A; KMTC; OOCL; RCL; Sinokor; TS Lines",9,6,3575.3333333333335,475.66666666666663,1668,1909,6,6.5,7,"{7,6}"
2024-03-31,CNSHA,Shanghai,TWKHH,Kaohsiung,4,4,"ANL; Austral Asia Line; CMA CGM; CNC Line-Cheng Lie Navigation Co. Ltd.; COSCO; Evergreen Line; OOCL",7,16,12944.642857142857,1260.2380952380952,979,6014,2,2.5,6,"{3,6,2,2}"
2024-03-31,CNSHA,Shanghai,USLAX,"Los Angeles CA",2,2,"ANL; CMA CGM; Hapag-Lloyd; Hyundai; ONE; Yang Ming",6,13,16702.666666666664,1249.5238095238094,5095,12690,12,13,14,"{12,14}"
2024-03-31,CNSHA,Shanghai,USLGB,"Long Beach CA",3,3,"APL; CMA CGM; COSCO; Evergreen Line; Maersk Line; Matson; MSC; OOCL; SeaLand; Yang Ming",10,21,28600.875,1979.5,4250,16652,11,12,14,"{12,14,11}"
2024-03-31,CNSHA,Shanghai,VNHPH,Haiphong,2,2,"CK Line; KMTC; SITC Shipping; SM Line",4,5,2827,162.66666666666666,1000,1805,4,4,4,"{4,4}"
2024-03-31,CNSHA,Shanghai,VNSGN,"Ho Chi Minh (VICT/Cat Lai)",5,5,"Heung-A; KMTC; Namsung; PanOcean; Sinokor; SITC Shipping; SM Line",7,19,9851.166666666666,929.4166666666666,1038,2806,4,5,5,"{4,4,5,5,5}"
2024-03-31,CNSHD,Shidao,CNTAO,Qingdao,1,1,"Sinokor; SITC Shipping",2,2,1071,72.5,1042,1100,0,0,0,{0}
2024-03-31,CNSHK,Shekou,AUSYD,Sydney,2,2,"ANL; CMA CGM; COSCO; OOCL; PIL; Sea Lead; TS Lines; Yang Ming",8,11,8964.933333333334,801.5333333333333,2683,5888,11,12,13,"{13,11}"
2024-03-31,CNSHK,Shekou,CNDLC,Dalian,1,1,"SITC Shipping",1,3,1797,162.66666666666666,1781,1805,4,4,4,{4}
2024-03-31,CNSHK,Shekou,CNNGB,Ningbo,1,1,"APL; CMA CGM; CNC Line-Cheng Lie Navigation Co. Ltd.; COSCO; Evergreen Line; OOCL",6,12,8217.916666666666,942.8333333333334,6350,9452,2,2,2,{2}
2024-03-31,CNSHK,Shekou,CNNSA,Nansha,10,10,"APL; Asean Seas Line; CMA CGM; CNC Line-Cheng Lie Navigation Co. Ltd.; COSCO; Evergreen Line; Gold Star Line; Maersk Line; ONE; OOCL; RCL; TS Lines; Wan Hai; Yang Ming; ZIM",15,47,47212.89358974359,4304.2307692307695,998,15294,0,1,1,"{1,1,1,1,1,1,0,0,1,1}"
2024-03-31,CNSHK,Shekou,CNSHA,Shanghai,3,3,"APL; CMA CGM; CNC Line-Cheng Lie Navigation Co. Ltd.; COSCO; Evergreen Line; Feedertech; Heung-A; IAL-Interasia Lines; OOCL; Sinokor; SITC Shipping; Wan Hai; Yang Ming",13,19,17752.04761904762,1694.357142857143,831,14414,3,4,4,"{4,4,3}"
2024-03-31,CNSHK,Shekou,CNSWA,Shantou,1,1,"Heung-A; PanOcean; Sinokor",3,2,1069.5,152,1021,1118,1,1,1,{1}
2024-03-31,CNSHK,Shekou,CNXMN,Xiamen,12,12,"Dong Young; Evergreen Line; Heung-A; IAL-Interasia Lines; KMTC; Namsung; ONE; OOCL; Sinokor; SITC Shipping; TS Lines; Wan Hai; Yang Ming",13,44,30325.000000000004,2297.0833333333335,953,13458,0,1,2,"{1,1,1,1,1,1,0,1,1,1,1,2}"
2024-03-31,CNSHK,Shekou,CNYTN,Yantian,2,2,MSC,1,11,5014.066666666667,728.0666666666666,1728,3534,0,0.5,1,"{0,1}"
2024-03-31,CNSHK,Shekou,HKHKG,"Hong Kong",11,11,"APL; Asean Seas Line; CMA CGM; CNC Line-Cheng Lie Navigation Co. Ltd.; COSCO; Evergreen Line; Hapag-Lloyd; Hyundai; MSC; ONE; OOCL; PIL; RCL; SITC Shipping; Wan Hai; Yang Ming",16,79,77277.62387612388,6485.381285381286,1162,16520,0,1,1,"{1,1,1,1,0,1,1,0,1,1,1}"
2024-03-31,CNSHK,Shekou,IDJKT,"Jakarta, Java",3,3,"COSCO; Evergreen Line; Gold Star Line; OOCL; Wan Hai; Yang Ming; ZIM",7,14,9635.22619047619,929.8333333333334,2646,4253,4,6,6,"{6,6,4}"
2024-03-31,CNSHK,Shekou,IDSUB,"Surabaya, Java",1,1,"COSCO; Evergreen Line",2,4,2392.5,131.5,1984,2634,5,5,5,{5}
2024-03-31,CNSHK,Shekou,JPNGO,Nagoya,1,1,"KMTC; SITC Shipping",2,4,1793.75,122,1781,1808,4,4,4,{4}
2024-03-31,CNSHK,Shekou,JPOSA,Osaka,2,2,"Evergreen Line; IAL-Interasia Lines; ONE; OOCL; Wan Hai",5,8,6263,438.5,1809,4578,3,3.5,4,"{3,4}"
2024-03-31,CNSHK,Shekou,JPTYO,Tokyo,2,2,"Evergreen Line; IAL-Interasia Lines; Wan Hai",3,7,3885.5,535.5,1756,2038,4,4,4,"{4,4}"
2024-03-31,CNSHK,Shekou,KHKOS,Sihanoukville,2,2,"COSCO; Maersk Line; OOCL; RCL; SeaLand; TS Lines",6,6,3321,446,1223,1930,4,4,4,"{4,4}"
2024-03-31,CNSHK,Shekou,KRINC,Inchon,6,6,"Dongjin Shipping; Heung-A; KMTC; Maersk Line; Namsung; OOCL; PanOcean; RCL; Sinokor; SITC Shipping; SM Line; TS Lines; Yang Ming",13,19,12257.166666666666,1352.4166666666667,1011,2940,3,3.5,4,"{4,3,4,3,3,4}"
2024-03-31,CNSHK,Shekou,KRPUS,Busan,3,3,"CMA CGM; CNC Line-Cheng Lie Navigation Co. Ltd.; KMTC; Maersk Line; MSC; ONE; SeaLand; SITC Shipping; TS Lines; Yang Ming",10,24,19854.25,2002.5,2400,19224,4,4,4,"{4,4,4}"
2024-03-31,CNSHK,Shekou,MYKUA,Kuantan,1,1,"Maersk Line; SeaLand",2,5,2287.6,557.6,2208,2362,1,1,1,{1}
2024-03-31,CNSHK,Shekou,MYPKG,"Port Klang",9,9,"APL; CMA CGM; CNC Line-Cheng Lie Navigation Co. Ltd.; COSCO; Evergreen Line; Feedertech; Global Feeder Shipping; Hapag-Lloyd; Heung-A; Hyundai; IAL-Interasia Lines; MSC; ONE; OOCL; Sinokor; Wan Hai; Yang Ming",17,57,38231.10238095238,3569.7261904761904,2474,11888,2,5,6,"{6,5,5,4,4,2,5,5,5}"
2024-03-31,CNSHK,Shekou,MYTPP,"Tanjung Pelepas",3,3,"CMA CGM; CNC Line-Cheng Lie Navigation Co. Ltd.; Maersk Line; SeaLand; X-Press",5,23,15333.625,1999.4027777777778,1713,10034,4,4,4,"{4,4,4}"
2024-03-31,CNSHK,Shekou,SGSIN,Singapore,35,35,"APL; CMA CGM; CNC Line-Cheng Lie Navigation Co. Ltd.; COSCO; CULines-China United Lines; Emirates Shipping; Evergreen Line; Gold Star Line; Hapag-Lloyd; Hyundai; IAL-Interasia Lines; KMTC; Maersk Line; MSC; Namsung; ONE; OOCL; PIL; RCL; Samudera; SeaLand; Sinokor; TS Lines; Unifeeder; Wan Hai; X-Press; Yang Ming; ZIM",28,320,301172.7448260073,21630.650595238098,1708,19224,3,4,5,"{4,5,4,4,5,5,3,4,4,5,3,4,4,4,4,4,4,5,4,4,4,4,4,4,5,4,3,4,4,4,5,4,4,4,4}"
2024-03-31,CNSHK,Shekou,THLCH,"Laem Chabang",6,6,"APL; CK Line; CMA CGM; CNC Line-Cheng Lie Navigation Co. Ltd.; COSCO; Evergreen Line; IAL-Interasia Lines; KMTC; Namsung; ONE; OOCL; RCL; Wan Hai; Yang Ming",14,21,14122.25,1694.6666666666665,1614,5688,3,4,4,"{4,4,4,3,4,3}"
2024-03-31,CNSHK,Shekou,TWKEL,Keelung,1,1,"KMTC; Sinokor",2,3,1734.3333333333333,196.33333333333334,1585,1809,2,2,2,{2}
2024-03-31,CNSHK,Shekou,TWKHH,Kaohsiung,3,3,"ANL; APL; CMA CGM; COSCO; Evergreen Line; Hapag-Lloyd; ONE; OOCL; PIL; Sinotrans; TS Lines; Yang Ming",12,18,11022.821428571428,1077.642857142857,1809,5920,1,1,2,"{1,1,2}"
2024-03-31,CNSHK,Shekou,TWTXG,Taichung,1,1,"IAL-Interasia Lines; Wan Hai",2,5,3026.8,240,3013,3036,1,1,1,{1}
2024-03-31,CNSHK,Shekou,VNDAD,"Da Nang",1,1,"COSCO; Evergreen Line; IAL-Interasia Lines; Wan Hai",4,3,2599.6666666666665,190.66666666666666,1708,3055,2,2,2,{2}
2024-03-31,CNSHK,Shekou,VNHPH,Haiphong,4,4,"Evergreen Line; SITC Shipping; TS Lines; Wan Hai",4,12,5151,598,831,1984,1,2,2,"{2,2,1,2}"
2024-03-31,CNSHK,Shekou,VNSGN,"Ho Chi Minh (VICT/Cat Lai)",5,5,"CMA CGM; CNC Line-Cheng Lie Navigation Co. Ltd.; IAL-Interasia Lines; KMTC; MSC; ONE; OOCL; RCL; Wan Hai; Yang Ming",10,17,14655.75,1856.6666666666665,1728,3055,2,3,3,"{3,3,3,2,3}"
2024-03-31,CNSHK,Shekou,VNVUT,"Cai Mep",2,2,"Hapag-Lloyd; ONE; Wan Hai",3,20,20359.5,467.5,3013,13806,3,3,3,"{3,3}"
2024-03-31,CNSHP,Qinhuangdao,CNTXG,Xingang/Tianjin,1,1,"SITC Shipping",1,2,1032,170,1024,1040,2,2,2,{2}
2024-03-31,CNSWA,Shantou,CNFQG,Fuqing,1,1,"CK Line; KMTC; SM Line",3,2,1030,,1000,1060,1,1,1,{1}
2024-03-31,CNSWA,Shantou,CNNSA,Nansha,2,2,"Maersk Line; SeaLand; Wan Hai",3,8,4970.27619047619,509.3047619047619,1049,3013,1,1.5,2,"{2,1}"
2024-03-31,CNSWA,Shantou,CNSHK,Shekou,3,3,"APL; CMA CGM; CNC Line-Cheng Lie Navigation Co. Ltd.; COSCO; IAL-Interasia Lines; ONE; OOCL; Wan Hai",8,14,13080.166666666668,1380.1666666666665,2782,6881,1,1,1,"{1,1,1}"
2024-03-31,CNSWA,Shantou,HKHKG,"Hong Kong",3,3,"CMA CGM; CNC Line-Cheng Lie Navigation Co. Ltd.; Evergreen Line; MSC; ONE",5,14,8754.05,1020.9,1809,4636,0,1,2,"{2,1,0}"
2024-03-31,CNSWA,Shantou,KRINC,Inchon,1,1,"Heung-A; PanOcean; Sinokor",3,2,1069.5,152,1021,1118,3,3,3,{3}
2024-03-31,CNTAC,Taicang,CNNGB,Ningbo,1,1,"Taicang Container Lines",1,2,1091,140,1091,1091,1,1,1,{1}
2024-03-31,CNTAC,Taicang,CNNJI,Nanjing,1,1,"Taicang Container Lines",1,3,1063,166.66666666666666,1049,1091,1,1,1,{1}
2024-03-31,CNTAC,Taicang,CNSHA,Shanghai,1,1,"SITC Shipping",1,3,1044.6666666666667,40,1011,1100,1,1,1,{1}
2024-03-31,CNTAC,Taicang,JPNGO,Nagoya,1,1,"Taicang Container Lines",1,3,1063,166.66666666666666,1049,1091,2,2,2,{2}
2024-03-31,CNTAC,Taicang,JPOSA,Osaka,2,2,"NBOSCO; Taicang Container Lines",2,3,2143,240,1043,1100,2,2,2,"{2,2}"
2024-03-31,CNTAC,Taicang,JPTYO,Tokyo,1,1,"Taicang Container Lines",1,3,1063,166.66666666666666,1049,1091,4,4,4,{4}
2024-03-31,CNTAC,Taicang,KRINC,Inchon,2,2,"CK Line; Sinokor",2,2,1231,60,602,629,2,2.5,3,"{3,2}"
2024-03-31,CNTAO,Qingdao,CNCGS,Changshu,1,1,Westwood,1,2,6729.142857142857,,2048,2048,2,2,2,{2}
2024-03-31,CNTAO,Qingdao,CNDCB,"Da Chan Bay",1,1,MSC,1,6,4214.166666666667,469,3534,4892,3,3,3,{3}
2024-03-31,CNTAO,Qingdao,CNDLC,Dalian,1,1,MSC,1,7,3047.8571428571427,479.42857142857144,2474,4268,1,1,1,{1}
2024-03-31,CNTAO,Qingdao,CNLYG,Lianyungang,3,3,"CMA CGM; CNC Line-Cheng Lie Navigation Co. Ltd.; Easline Shipping; Heung-A; Maersk Line; SeaLand",6,10,10327.5,1353.6666666666665,1728,5928,1,1,1,"{1,1,1}"
2024-03-31,CNTAO,Qingdao,CNNGB,Ningbo,12,12,"APL; CMA CGM; CNC Line-Cheng Lie Navigation Co. Ltd.; COSCO; Evergreen Line; Gold Star Line; Hapag-Lloyd; Hyundai; Maersk Line; MSC; ONE; OOCL; PIL; SeaLand; Tailwind Shipping Lines; Yang Ming; ZIM",17,91,109766.21839826838,8213.038961038961,2476,15294,1,2,3,"{3,2,3,2,3,2,1,2,3,2,1,3}"
2024-03-31,CNTAO,Qingdao,CNRZH,Rizhao,1,1,"CNC Line-Cheng Lie Navigation Co. Ltd.; COSCO; Evergreen Line; OOCL",4,4,2625.75,360.5,2442,2742,1,1,1,{1}
2024-03-31,CNTAO,Qingdao,CNSHA,Shanghai,50,50,"ANL; APL; Asean Seas Line; CMA CGM; CNC Line-Cheng Lie Navigation Co. Ltd.; COSCO; CULines-China United Lines; Emirates Shipping; Evergreen Line; Global Feeder Shipping; Gold Star Line; Hapag-Lloyd; Heung-A; Hyundai; IAL-Interasia Lines; KMTC; Maersk Line; MSC; Namsung; ONE; OOCL; PanOcean; PIL; RCL; SeaLand; Sea Lead; Sinokor; SITC Shipping; SM Line; TS Lines; Unifeeder; Wan Hai; X-Press; Yang Ming; ZIM",35,348,351893.8018342768,25669.81698024198,1700,24188,1,2,6,"{4,2,2,1,1,1,2,3,6,3,1,2,2,3,1,3,1,2,4,2,2,2,3,2,1,2,3,2,3,3,3,1,2,3,3,1,3,3,2,3,5,2,1,1,1,1,4,1,3,4}"
2024-03-31,CNTAO,Qingdao,CNSWA,Shantou,1,1,"CMA CGM; CNC Line-Cheng Lie Navigation Co. Ltd.",2,5,3932.4,532,2592,4636,4,4,4,{4}
2024-03-31,CNTAO,Qingdao,CNTXG,Xingang/Tianjin,2,2,"APL; CMA CGM; CNC Line-Cheng Lie Navigation Co. Ltd.; COSCO; MSC",5,19,18955.858974358976,1578.8205128205127,4250,16616,3,3.5,4,"{4,3}"
2024-03-31,CNTAO,Qingdao,CNYTN,Yantian,1,1,"Hapag-Lloyd; Hyundai; ONE; Yang Ming",4,13,13236.153846153846,938.4615384615385,12552,13470,4,4,4,{4}
2024-03-31,CNTAO,Qingdao,HKHKG,"Hong Kong",2,2,"CMA CGM; CNC Line-Cheng Lie Navigation Co. Ltd.; COSCO; Evergreen Line; KMTC; OOCL; RCL; Wan Hai; Yang Ming",9,7,7879.666666666666,983.5833333333333,2378,5688,3,3,3,"{3,3}"
2024-03-31,CNTAO,Qingdao,JPFKY,Fukuyama,1,1,"Kambara Kisen Co., Ltd.",1,3,1091,,1091,1091,3,3,3,{3}
2024-03-31,CNTAO,Qingdao,JPHKT,Hakata,1,1,"COSCO; Sinotrans; SITC Shipping",3,4,1072.75,141.25,1042,1103,1,1,1,{1}
2024-03-31,CNTAO,Qingdao,JPIMI,Imari,1,1,Mingsheng,1,2,876,144,650,1102,1,1,1,{1}
2024-03-31,CNTAO,Qingdao,JPNGO,Nagoya,1,1,"Centrans; Jin Jiang; StarOcean",3,1,1022,277,1022,1022,3,3,3,{3}
2024-03-31,CNTAO,Qingdao,JPOSA,Osaka,3,3,"Centrans; COSCO; Jin Jiang; Sinotrans; SITC Shipping",5,5,3215,120,1011,1106,2,2,3,"{2,2,3}"
2024-03-31,CNTAO,Qingdao,JPTYO,Tokyo,3,3,"Centrans; COSCO; Jin Jiang; Sinokor; Sinotrans; SITC Shipping",6,6,4415,380.5,1042,2546,3,3,4,"{4,3,3}"
2024-03-31,CNTAO,Qingdao,JPYOK,Yokohama,1,1,"Maersk Line; SeaLand",2,8,1726.625,336.625,1713,1740,3,3,3,{3}
2024-03-31,CNTAO,Qingdao,KRINC,Inchon,2,1,"CK Line; PanOcean; SITC Shipping",3,2,1864,300,932,932,1,1,1,"{1,1}"
2024-03-31,CNTAO,Qingdao,KRKAN,Gwangyang,4,4,"CMA CGM; CNC Line-Cheng Lie Navigation Co. Ltd.; COSCO; Emirates Shipping; KMTC; Maersk Line; MSC; SeaLand; TS Lines",9,37,43006.3054945055,2487.6021978021977,4275,20568,1,2,2,"{2,2,1,2}"
2024-03-31,CNTAO,Qingdao,KRKUV,Kunsan,2,2,"Dongjin Shipping; Evergreen Line; PanOcean",3,3,5350,461,1024,5652,1,1.5,2,"{1,2}"
2024-03-31,CNTAO,Qingdao,KRPTK,Pyongtaek,2,2,"Sinokor; SITC Shipping",2,3,2189,292.5,1042,1118,1,1,1,"{1,1}"
2024-03-31,CNTAO,Qingdao,KRPUS,Busan,23,23,"APL; Centrans; CK Line; CMA CGM; CNC Line-Cheng Lie Navigation Co. Ltd.; COSCO; Evergreen Line; Hapag-Lloyd; Heung-A; Hyundai; IAL-Interasia Lines; KMTC; Kyowa; Maersk Line; MSC; Namsung; ONE; OOCL; PanCon; PanOcean; PIL; SeaLand; Sinokor; Swire Shipping; TaiYoung Shipping; Wan Hai; Yang Ming; ZIM",28,181,188323.39242979247,13252.16398046398,706,24116,0,2,4,"{1,2,4,2,2,1,1,1,1,2,4,2,1,1,2,0,2,2,2,1,3,1,1}"
2024-03-31,CNTAO,Qingdao,SGSIN,Singapore,1,1,"CMA CGM; CNC Line-Cheng Lie Navigation Co. Ltd.; OOCL",3,5,6829.6,988.6,5920,7117,8,8,8,{8}
2024-03-31,CNTAO,Qingdao,THLCH,"Laem Chabang",1,1,"ONE; SITC Shipping",2,4,1815.5,172,1781,1868,7,7,7,{7}
2024-03-31,CNTAO,Qingdao,TWKHH,Kaohsiung,1,1,"Evergreen Line; Feedertech; KMTC; ONE; Samudera; TS Lines",6,7,5664.285714285715,607,4250,7024,3,3,3,{3}
2024-03-31,CNTAO,Qingdao,TWTPE,Taipei,1,1,"Evergreen Line",1,3,1845.3333333333333,134,1708,1984,3,3,3,{3}
2024-03-31,CNTXG,Xingang/Tianjin,CNDLC,Dalian,13,13,"APL; CK Line; CMA CGM; CNC Line-Cheng Lie Navigation Co. Ltd.; COSCO; Easline Shipping; Evergreen Line; Gold Star Line; Kambara Kisen Co., Ltd.; KMTC; Maersk Line; Mingsheng; MSC; OOCL; RCL; SeaLand; SITC Shipping; StarOcean; Wan Hai; Yang Ming; ZIM",21,63,67624.97797619048,5547.495833333333,650,20988,1,1,2,"{2,1,2,1,1,2,1,1,1,1,2,2,1}"
2024-03-31,CNTXG,Xingang/Tianjin,CNLYG,Lianyungang,1,1,COSCO,1,2,5178,455,4738,5618,1,1,1,{1}
2024-03-31,CNTXG,Xingang/Tianjin,CNNGB,Ningbo,1,1,"APL; CMA CGM; CNC Line-Cheng Lie Navigation Co. Ltd.; COSCO; Evergreen Line; OOCL",6,14,18943,585.7142857142857,13806,20150,4,4,4,{4}
2024-03-31,CNTXG,Xingang/Tianjin,CNRZH,Rizhao,1,1,Sinokor,1,2,1091.5,101,1054,1129,3,3,3,{3}
2024-03-31,CNTXG,Xingang/Tianjin,CNSHA,Shanghai,1,1,"Austral Asia Line",1,3,3593.714285714286,221.66666666666669,979,2014,4,4,4,{4}
2024-03-31,CNTXG,Xingang/Tianjin,CNTAO,Qingdao,17,17,"APL; CMA CGM; CNC Line-Cheng Lie Navigation Co. Ltd.; COSCO; Evergreen Line; Feedertech; Hapag-Lloyd; Hyundai; KMTC; Kyowa; Maersk Line; MSC; Namsung; ONE; OOCL; PIL; RCL; Samudera; SeaLand; SITC Shipping; Swire Shipping; TS Lines; Yang Ming; ZIM",24,116,112113.45833333333,6523.828571428571,953,23964,1,3,4,"{4,2,4,3,3,2,2,4,1,3,2,3,2,3,1,4,1}"
2024-03-31,CNTXG,Xingang/Tianjin,CNYNT,Yantai,6,6,"CMA CGM; CNC Line-Cheng Lie Navigation Co. Ltd.; COSCO; Easline Shipping; Sinotrans; SITC Shipping",6,14,9502.02380952381,549.7142857142858,907,2700,0,1,2,"{1,0,1,1,2,1}"
2024-03-31,CNTXG,Xingang/Tianjin,KRINC,Inchon,3,3,"COSCO; Dongjin Shipping; MSC; Namsung",4,8,5484.166666666667,519,554,4892,2,2,2,"{2,2,2}"
2024-03-31,CNTXG,Xingang/Tianjin,KRPUS,Busan,8,8,"APL; CMA CGM; CNC Line-Cheng Lie Navigation Co. Ltd.; COSCO; Evergreen Line; Hapag-Lloyd; Heung-A; Maersk Line; MSC; ONE; OOCL; SeaLand; Sinokor; TaiYoung Shipping; Yang Ming",15,47,62117.68119658119,4454.731623931624,1050,20568,2,2,4,"{2,4,2,3,2,2,2,2}"
2024-03-31,CNTXG,Xingang/Tianjin,TWKHH,Kaohsiung,1,1,MSC,1,7,3047.8571428571427,479.42857142857144,2474,4268,4,4,4,{4}
2024-03-31,CNWEI,Weihai,CNDLC,Dalian,3,3,"COSCO; StarOcean",2,3,7239,1504,349,1740,1,2,2,"{1,2,2}"
2024-03-31,CNWEI,Weihai,CNTAO,Qingdao,1,1,Centrans,1,1,706,118,706,706,2,2,2,{2}
2024-03-31,CNWEI,Weihai,CNYNT,Yantai,1,1,"COSCO; Sinotrans; SITC Shipping",3,1,542,200,542,542,1,1,1,{1}
2024-03-31,CNWEI,Weihai,KRPTK,Pyongtaek,1,1,Sinokor,1,1,724,150,724,724,3,3,3,{3}
2024-03-31,CNWEI,Weihai,KRPUS,Busan,1,1,"Dong Young; Doowoo Shipping",2,1,700,60,700,700,1,1,1,{1}
2024-03-31,CNWZO,"Wenzhou CN",CNXMN,Xiamen,1,1,"SITC Shipping",1,4,2566.5,,2433,2700,1,1,1,{1}
2024-03-31,CNWZO,"Wenzhou CN",PHMNS,"Manila South Harbor",1,1,"SITC Shipping",1,4,2566,,2433,2700,2,2,2,{2}
2024-03-31,CNWZO,"Wenzhou CN",THLCH,"Laem Chabang",1,1,"KMTC; SITC Shipping",2,4,1793.75,122,1781,1808,5,5,5,{5}
2024-03-31,CNXMN,Xiamen,CNDCB,"Da Chan Bay",1,1,"Emirates Shipping; Global Feeder Shipping; KMTC; PIL; RCL",5,7,6874.714285714285,744.8571428571429,6540,8110,1,1,1,{1}
2024-03-31,CNXMN,Xiamen,CNNGB,Ningbo,3,3,"APL; CMA CGM; CNC Line-Cheng Lie Navigation Co. Ltd.; COSCO; Evergreen Line; Maersk Line; MSC; ONE; OOCL; SeaLand; ZIM",11,26,29105.571428571428,2391.7619047619046,8112,13500,1,2,2,"{1,2,2}"
2024-03-31,CNXMN,Xiamen,CNNSA,Nansha,8,8,"APL; CMA CGM; CNC Line-Cheng Lie Navigation Co. Ltd.; COSCO; Evergreen Line; Gold Star Line; KMTC; Maersk Line; MSC; ONE; OOCL; SeaLand; SITC Shipping; ZIM",14,70,82639.55036630036,5261.813186813187,2008,24116,1,1,2,"{1,1,1,2,1,2,1,1}"
2024-03-31,CNXMN,Xiamen,CNSHA,Shanghai,7,7,"ANL; APL; CMA CGM; COSCO; Evergreen Line; Hapag-Lloyd; Heung-A; Hyundai; ONE; OOCL; PIL; Sinokor; SITC Shipping; Yang Ming; ZIM",15,52,48188.90076590076,3192.9386446886447,1781,14100,2,2,3,"{3,2,3,2,2,2,3}"
2024-03-31,CNXMN,Xiamen,CNSHK,Shekou,6,6,"APL; CMA CGM; CNC Line-Cheng Lie Navigation Co. Ltd.; COSCO; Evergreen Line; Hapag-Lloyd; Hyundai; MSC; ONE; OOCL; Yang Ming",11,56,49849.936507936516,3438.623015873016,1984,16520,1,2,2,"{2,2,1,1,2,2}"
2024-03-31,CNXMN,Xiamen,CNTAO,Qingdao,1,1,"CMA CGM; CNC Line-Cheng Lie Navigation Co. Ltd.; Maersk Line",3,13,13675.076923076924,769.2307692307693,13092,15294,3,3,3,{3}
2024-03-31,CNXMN,Xiamen,CNYTN,Yantian,6,6,"APL; CMA CGM; CNC Line-Cheng Lie Navigation Co. Ltd.; COSCO; Evergreen Line; Hapag-Lloyd; Hyundai; Maersk Line; MSC; ONE; OOCL; SeaLand; Yang Ming; ZIM",14,60,62424.56585081585,4333.054778554779,2506,24188,1,2,2,"{2,2,2,1,2,2}"
2024-03-31,CNXMN,Xiamen,HKHKG,"Hong Kong",7,7,"ANL; APL; Asean Seas Line; CMA CGM; CNC Line-Cheng Lie Navigation Co. Ltd.; COSCO; Evergreen Line; Gold Star Line; Hapag-Lloyd; Maersk Line; ONE; OOCL; PIL; RCL; SeaLand; Sinotrans; SITC Shipping; TS Lines; Wan Hai; ZIM",20,34,25242.905555555557,2328.624603174603,1042,8888,1,1,2,"{1,2,2,1,1,2,1}"
2024-03-31,CNXMN,Xiamen,JPMOJ,Moji,1,1,"TS Lines; Wan Hai; Yang Ming",3,3,2601,407.6666666666667,1909,2954,3,3,3,{3}
2024-03-31,CNXMN,Xiamen,JPNGO,Nagoya,1,1,"Evergreen Line; Yang Ming",2,4,2940,363,2940,2940,4,4,4,{4}
2024-03-31,CNXMN,Xiamen,JPOSA,Osaka,1,1,"Evergreen Line; Wan Hai",2,3,1830.6666666666667,193,1708,1984,3,3,3,{3}
2024-03-31,CNXMN,Xiamen,JPTYO,Tokyo,4,4,"COSCO; Evergreen Line; IAL-Interasia Lines; ONE; OOCL; SITC Shipping; Wan Hai; Yang Ming",8,14,7579.166666666666,677.5,953,3055,3,4,4,"{4,4,4,3}"
2024-03-31,CNXMN,Xiamen,JPUKB,Kobe,1,1,"TS Lines",1,2,1806.5,225,1805,1808,4,4,4,{4}
2024-03-31,CNXMN,Xiamen,KRINC,Inchon,5,5,"CK Line; CMA CGM; CNC Line-Cheng Lie Navigation Co. Ltd.; COSCO; Dong Young; Evergreen Line; Heung-A; KMTC; Namsung; OOCL; Sinokor; SITC Shipping; SM Line; TS Lines; Wan Hai; Yang Ming",16,17,11751.333333333332,1177.5833333333333,1000,5688,2,2,3,"{2,3,2,3,2}"
2024-03-31,CNXMN,Xiamen,KRKAN,Gwangyang,1,1,"Heung-A; Sinokor",2,3,1062.6666666666667,66.66666666666667,1043,1102,2,2,2,{2}
2024-03-31,CNXMN,Xiamen,KRPTK,Pyongtaek,1,1,"Dong Young; KMTC; Namsung",3,2,1005.5,,1000,1011,3,3,3,{3}
2024-03-31,CNXMN,Xiamen,KRPUS,Busan,3,3,"CK Line; Gold Star Line; Hyundai; KMTC; Namsung; ONE; Sinokor; SITC Shipping; TS Lines; ZIM",10,22,11413.2,1101.3333333333333,1626,10062,3,3,3,"{3,3,3}"
2024-03-31,CNXMN,Xiamen,MYTPP,"Tanjung Pelepas",1,1,"Maersk Line; MSC",2,13,18002.153846153848,913.3076923076923,15600,23656,4,4,4,{4}
2024-03-31,CNXMN,Xiamen,PHMNN,"Manila North Harbor",2,2,"Asean Seas Line; CMA CGM; CNC Line-Cheng Lie Navigation Co. Ltd.; COSCO",4,3,2853,325,1118,1740,2,2.5,3,"{3,2}"
2024-03-31,CNXMN,Xiamen,PHMNS,"Manila South Harbor",1,1,"SITC Shipping",1,1,787,80,787,787,3,3,3,{3}
2024-03-31,CNXMN,Xiamen,PHSFS,"Subic Bay",1,1,"SITC Shipping",1,4,2566.5,,2433,2700,2,2,2,{2}
2024-03-31,CNXMN,Xiamen,SGSIN,Singapore,2,2,"KMTC; MSC; ONE; SITC Shipping; Yang Ming",5,9,5650.2,855.75,2566,3534,4,4.5,5,"{4,5}"
2024-03-31,CNXMN,Xiamen,THLCH,"Laem Chabang",3,3,"Gold Star Line; Jin Jiang; KMTC; MSC; ONE; TS Lines; Yang Ming; ZIM",8,11,6178.8,799.1333333333333,1608,2824,4,5,6,"{6,4,5}"
2024-03-31,CNXMN,Xiamen,TWKHH,Kaohsiung,4,4,"APL; CMA CGM; COSCO; Evergreen Line; Hapag-Lloyd; Hyundai; Maersk Line; ONE; OOCL; SeaLand; Yang Ming",11,40,43409.61109366824,2717.007326007326,2754,24136,1,1,2,"{1,1,1,2}"
2024-03-31,CNXMN,Xiamen,TWTPE,Taipei,1,1,"ONE; Wan Hai",2,8,8877.75,,3013,13458,1,1,1,{1}
2024-03-31,CNXMN,Xiamen,USLAX,"Los Angeles CA",1,1,"Maersk Line; MSC",2,8,11118.5,675,9038,13000,14,14,14,{14}
2024-03-31,CNXMN,Xiamen,VNSGN,"Ho Chi Minh (VICT/Cat Lai)",6,6,"CNC Line-Cheng Lie Navigation Co. Ltd.; COSCO; Evergreen Line; Gold Star Line; Maersk Line; OOCL; SeaLand; Sinotrans; SITC Shipping; Wan Hai; Yang Ming; ZIM",12,22,12762.416666666666,1443,1730,2940,3,3,4,"{3,3,4,3,3,3}"
2024-03-31,CNXMN,Xiamen,VNVUT,"Cai Mep",1,1,"Maersk Line; MSC",2,8,11118.5,675,9038,13000,3,3,3,{3}
2024-03-31,CNYNT,Yantai,CNDLC,Dalian,1,1,"COSCO; Sinotrans; SITC Shipping",3,2,959,120,907,1011,1,1,1,{1}
2024-03-31,CNYNT,Yantai,CNTAO,Qingdao,3,3,"Namsung; PanCon; PanOcean; Sinokor; SITC Shipping",5,7,4586.5,224,1009,2700,2,2,3,"{3,2,2}"
2024-03-31,CNYNT,Yantai,CNTXG,Xingang/Tianjin,1,1,"CMA CGM; CNC Line-Cheng Lie Navigation Co. Ltd.; Easline Shipping",3,1,1974.857142857143,269.7142857142857,1728,1728,2,2,2,{2}
2024-03-31,CNYNT,Yantai,JPOSA,Osaka,1,1,"COSCO; Sinotrans; SITC Shipping",3,1,542,200,542,542,3,3,3,{3}
2024-03-31,CNYNT,Yantai,JPTYO,Tokyo,2,2,"COSCO; Sinotrans; SITC Shipping",3,5,2990.666666666667,40,1011,1946,3,3.5,4,"{3,4}"
2024-03-31,CNYTN,Yantian,AUBNE,Brisbane,1,1,"Gold Star Line; MSC; ZIM",3,7,5995,730.8571428571429,5315,6690,9,9,9,{9}
2024-03-31,CNYTN,Yantian,AUSYD,Sydney,2,2,"Evergreen Line; Hapag-Lloyd; Hyundai; Maersk Line; ONE; SeaLand",6,13,11514.261904761905,1078.2857142857142,4620,6800,11,11.5,12,"{11,12}"
2024-03-31,CNYTN,Yantian,CNNGB,Ningbo,7,7,"CMA CGM; CNC Line-Cheng Lie Navigation Co. Ltd.; COSCO; Evergreen Line; Hapag-Lloyd; Hyundai; Maersk Line; MSC; ONE; OOCL; SeaLand; SM Line; Yang Ming",13,69,68061.68414918415,5318.681235431235,2741,16652,2,3,4,"{2,3,2,4,2,4,3}"
2024-03-31,CNYTN,Yantian,CNNSA,Nansha,1,1,Sinokor,1,2,2707.714285714286,160.71428571428572,2006,2206,0,0,0,{0}
2024-03-31,CNYTN,Yantian,CNSHA,Shanghai,4,4,"Hapag-Lloyd; Hyundai; Maersk Line; MSC; ONE; SeaLand; Yang Ming; ZIM",8,39,39730.83333333333,3527.7777777777774,6296,13312,2,3,7,"{2,3,3,7}"
2024-03-31,CNYTN,Yantian,CNSHK,Shekou,1,1,MSC,1,6,2132.6666666666665,291.6666666666667,1728,2495,0,0,0,{0}
2024-03-31,CNYTN,Yantian,CNTAO,Qingdao,2,2,"CMA CGM; CNC Line-Cheng Lie Navigation Co. Ltd.; COSCO; Evergreen Line; Maersk Line; MSC; OOCL; SeaLand",8,27,44081.27472527472,2202.043956043956,2506,24188,3,4,5,"{3,5}"
2024-03-31,CNYTN,Yantian,CNXMN,Xiamen,4,4,"APL; CMA CGM; CNC Line-Cheng Lie Navigation Co. Ltd.; COSCO; Evergreen Line; Maersk Line; MSC; OOCL; SeaLand; ZIM",10,38,43970.47402597403,3286.7619047619046,8112,13500,1,2,3,"{3,1,2,2}"
2024-03-31,CNYTN,Yantian,HKHKG,"Hong Kong",10,10,"APL; CMA CGM; COSCO; Evergreen Line; Hamburg Sud; Hapag-Lloyd; Hyundai; Maersk Line; MSC; ONE; OOCL; PIL; SeaLand; Yang Ming; ZIM",15,76,61610.030036630036,6117.190476190476,1049,24136,0,1,2,"{2,2,1,0,0,0,1,1,1,1}"
2024-03-31,CNYTN,Yantian,JPYOK,Yokohama,1,1,"Maersk Line; SeaLand",2,6,2806,356,2806,2806,4,4,4,{4}
2024-03-31,CNYTN,Yantian,KRPUS,Busan,2,2,"Hapag-Lloyd; Hyundai; Maersk Line; MSC; ONE; Yang Ming; ZIM",7,20,22655.080808080813,1708.3838383838383,8189,14100,2,2.5,3,"{2,3}"
2024-03-31,CNYTN,Yantian,LKCMB,Colombo,1,1,"Hapag-Lloyd; Hyundai; ONE; Yang Ming",4,14,20901.714285714286,1321.4285714285713,13870,23964,6,6,6,{6}
2024-03-31,CNYTN,Yantian,MYPGU,"Pasir Gudang, Johor",1,1,"Evergreen Line",1,4,2693,172,2476,2910,4,4,4,{4}
2024-03-31,CNYTN,Yantian,MYTPP,"Tanjung Pelepas",4,4,"Maersk Line; MSC; SeaLand",3,58,65495.79523809524,2702.9285714285716,3700,24346,3,4,4,"{4,4,4,3}"
2024-03-31,CNYTN,Yantian,PAONX,Colon,1,1,"APL; CMA CGM; COSCO; Evergreen Line; OOCL",5,13,14006.307692307691,830.7692307692307,12118,15372,23,23,23,{23}
2024-03-31,CNYTN,Yantian,SGSIN,Singapore,9,9,"APL; CMA CGM; CNC Line-Cheng Lie Navigation Co. Ltd.; COSCO; Evergreen Line; Hapag-Lloyd; Hyundai; Maersk Line; MSC; ONE; OOCL; SeaLand; Yang Ming",13,124,174755.3020371785,8435.832665373842,2506,24188,3,4,5,"{4,4,3,4,4,3,5,4,4}"
2024-03-31,CNYTN,Yantian,TWKHH,Kaohsiung,5,5,"APL; CMA CGM; COSCO; Evergreen Line; Hapag-Lloyd; Hyundai; ONE; OOCL; PIL; Wan Hai; Yang Ming; ZIM",12,42,44880.72619047619,3256.904761904762,5590,14500,1,1,2,"{1,1,1,2,2}"
2024-03-31,CNYTN,Yantian,USHOU,"Houston TX",1,1,"APL; CMA CGM; COSCO; Evergreen Line; OOCL",5,10,8398.5,633,8063,8888,26,26,26,{26}
2024-03-31,CNYTN,Yantian,USLAX,"Los Angeles CA",4,4,"APL; CMA CGM; CNC Line-Cheng Lie Navigation Co. Ltd.; COSCO; Evergreen Line; Hapag-Lloyd; Hyundai; ONE; OOCL; Samudera; X-Press; Yang Ming",12,48,44320.176984126985,3129.7285714285713,6350,16020,14,14.5,15,"{15,14,14,15}"
2024-03-31,CNYTN,Yantian,USNYC,"New York NY/NJ",1,1,"Hapag-Lloyd; Hyundai; ONE; Yang Ming",4,13,13382.307692307691,892.3076923076923,12552,14100,33,33,33,{33}
2024-03-31,CNYTN,Yantian,USTIW,"Tacoma WA",1,1,"APL; CMA CGM; COSCO; Evergreen Line; OOCL",5,8,7096.25,730.375,6046,8508,16,16,16,{16}
2024-03-31,CNYTN,Yantian,VNHPH,Haiphong,1,1,MSC,1,5,2881.4,436.4,2524,3534,2,2,2,{2}
2024-03-31,CNYTN,Yantian,VNVUT,"Cai Mep",4,4,"APL; CMA CGM; CNC Line-Cheng Lie Navigation Co. Ltd.; COSCO; Evergreen Line; Hapag-Lloyd; Hyundai; Maersk Line; MSC; ONE; OOCL; SeaLand; Yang Ming; ZIM",14,61,63368.873992673995,3397.769597069597,8112,24136,2,2,3,"{2,2,3,2}"
2024-03-31,CNZHA,Zhanjiang,CNNSA,Nansha,1,1,"CMA CGM; CNC Line-Cheng Lie Navigation Co. Ltd.",2,5,2178.8,416,1756,2782,2,2,2,{2}
2024-03-31,CNZHA,Zhanjiang,HKHKG,"Hong Kong",1,1,"Evergreen Line",1,4,1901.5,105.5,1708,1984,1,1,1,{1}
2024-03-31,CNZJG,Zhangjiagang,CNTAC,Taicang,1,1,"CK Line; Sinokor",2,1,602,,602,602,1,1,1,{1}
2024-03-31,CNZJG,Zhangjiagang,KRPUS,Busan,2,2,"Namsung; Sinokor",2,2,1803,,712,1091,1,1.5,2,"{2,1}"
2024-03-31,CNZPU,"Zhapu Pt",CNNGB,Ningbo,3,2,"COSCO; NBOSCO",2,9,3300,160,1100,1100,1,1,1,"{1,1,1}"
2024-03-31,CNZPU,"Zhapu Pt",CNTAC,Taicang,1,1,NBOSCO,1,2,1100,60,1100,1100,1,1,1,{1}
2024-03-31,CNZPU,"Zhapu Pt",JPHKT,Hakata,1,1,"COSCO; NBOSCO",2,3,1100,80,1100,1100,3,3,3,{3}
2024-03-31,COBAQ,Barranquilla,COCTG,Cartagena,3,3,"APL; Caribbean Feeder; CMA CGM; COSCO; Evergreen Line; Hapag-Lloyd; Maersk Line; OOCL; Seaboard Marine; SeaLand; X-Press; ZIM",12,6,3590.8333333333335,811.8333333333334,877,1713,1,1,1,"{1,1,1}"
2024-03-31,COBAQ,Barranquilla,PAMIT,Manzanillo,1,1,"CMA CGM",1,1,1841,462,1841,1841,1,1,1,{1}
2024-03-31,COBAQ,Barranquilla,USPEF,"Port Everglades FL",1,1,"King Ocean",1,2,1484,184,1484,1484,5,5,5,{5}
2024-03-31,COBUN,Buenaventura,ECGYE,Guayaquil,3,3,"CMA CGM; COSCO; King Ocean; ONE; X-Press; ZIM",6,18,7523.8,1242.9333333333334,1064,4308,1,2,2,"{2,2,1}"
2024-03-31,COBUN,Buenaventura,ECPSJ,"Puerto de Posorja",1,1,"CMA CGM; COSCO; Hapag-Lloyd; Maersk Line; OOCL",5,10,10185.2,1502,9010,11519,2,2,2,{2}
2024-03-31,COBUN,Buenaventura,PABLB,Balboa,1,1,"Maersk Line; SeaLand",2,9,4210.666666666667,1103,4045,4258,1,1,1,{1}
2024-03-31,COBUN,Buenaventura,PAROD,Rodman,1,1,"Hapag-Lloyd; Hyundai; MSC; ONE",4,12,10064,1085,8553,13000,3,3,3,{3}
2024-03-31,COBUN,Buenaventura,PECLL,Callao,7,7,"APL; CMA CGM; CNC Line-Cheng Lie Navigation Co. Ltd.; COSCO; Evergreen Line; Hapag-Lloyd; Hyundai; Maersk Line; MSC; ONE; OOCL; PIL; SeaLand; Wan Hai; Yang Ming",15,70,67092.326984127,6270.230158730159,3003,16520,0,3,5,"{3,4,4,3,3,5,0}"
2024-03-31,COBUN,Buenaventura,PEPAI,Paita,2,2,"APL; CMA CGM; COSCO; Hapag-Lloyd; Marfret; Marguisa",6,17,9598.236111111111,1947.0833333333333,2586,6927,1,2,3,"{1,3}"
2024-03-31,COCTG,Cartagena,BRSSZ,Santos,2,2,"CMA CGM; COSCO; Hamburg Sud; Maersk Line; MSC; SeaLand; ZIM",7,16,12515.875,1296.125,5527,8530,12,13,14,"{12,14}"
2024-03-31,COCTG,Cartagena,BRSUA,Suape,1,1,"Hamburg Sud; Hapag-Lloyd; Maersk Line; MSC; ONE; SeaLand; ZIM",7,9,6299.2222222222235,758.3333333333334,4620,8004,7,7,7,{7}
2024-03-31,COCTG,Cartagena,COBAQ,Barranquilla,2,2,"CMA CGM; King Ocean",2,3,3325,646,1484,1841,1,1,1,"{1,1}"
2024-03-31,COCTG,Cartagena,COBUN,Buenaventura,3,3,"APL; CMA CGM; COSCO; Hapag-Lloyd; Marfret; Marguisa; ONE",7,23,11770.236111111111,2435.4166666666665,1064,6927,3,4,4,"{4,4,3}"
2024-03-31,COCTG,Cartagena,COSMR,"Santa Marta",3,3,"CMA CGM; Evergreen Line; Maersk Line; Marfret; Seaboard Marine; SeaLand",6,9,6294.5,1349.8333333333335,1118,4045,1,1,1,"{1,1,1}"
2024-03-31,COCTG,Cartagena,COTRB,Turbo,1,1,"Maersk Line; SeaLand",2,3,3947,1000,3947,3947,2,2,2,{2}
2024-03-31,COCTG,Cartagena,CRMOB,Moin,1,1,"COSCO; OOCL; Seaboard Marine; X-Press; ZIM",5,2,1040.5,196,1020,1061,2,2,2,{2}
2024-03-31,COCTG,Cartagena,CUMAR,Mariel,1,1,"Hapag-Lloyd; Maersk Line",2,1,5058,800,2529,2529,3,3,3,{3}
2024-03-31,COCTG,Cartagena,CWWIL,Willemstad,1,1,"APL; Caribbean Feeder; CMA CGM; COSCO; Hapag-Lloyd; OOCL; Seaboard Marine; X-Press; ZIM",9,3,968.3333333333334,208.33333333333334,877,1020,2,2,2,{2}
2024-03-31,COCTG,Cartagena,DOCAU,Caucedo,3,3,"CMA CGM; COSCO; Evergreen Line; Hapag-Lloyd; Maersk Line; MSC; ONE; OOCL; SeaLand; Yang Ming",10,23,18627.745454545457,2332,3534,11519,2,2,2,"{2,2,2}"
2024-03-31,COCTG,Cartagena,ESALG,Algeciras,1,1,"APL; CMA CGM; COSCO; Marfret; Marguisa",5,9,6870.111111111111,1377.3333333333333,6800,6927,10,10,10,{10}
2024-03-31,COCTG,Cartagena,ESVGO,Vigo,1,1,Hapag-Lloyd,1,8,2728.125,569.75,2586,2837,10,10,10,{10}
2024-03-31,COCTG,Cartagena,HNPCR,"Puerto Cortes",1,1,"CMA CGM; Maersk Line",2,3,2003,294,1691,2578,2,2,2,{2}
2024-03-31,COCTG,Cartagena,JMKIN,Kingston,7,7,"APL; Caribbean Feeder; CMA CGM; CNC Line-Cheng Lie Navigation Co. Ltd.; COSCO; Hapag-Lloyd; Maersk Line; OOCL; Seaboard Marine; SeaLand; X-Press; ZIM",12,35,26433.166666666668,2631.1666666666665,877,11388,1,2,4,"{2,1,2,4,2,1,3}"
2024-03-31,COCTG,Cartagena,KRPUS,Busan,1,1,"Hapag-Lloyd; Hyundai; ONE; Yang Ming",4,13,13236.153846153846,938.4615384615385,12552,13470,27,27,27,{27}
2024-03-31,COCTG,Cartagena,MXVER,Veracruz,1,1,"Hamburg Sud; Hapag-Lloyd; Maersk Line; MSC; ONE; SeaLand; ZIM",7,9,6299.2222222222235,758.3333333333334,4620,8004,5,5,5,{5}
2024-03-31,COCTG,Cartagena,PACTB,Cristobal,3,3,"Hamburg Sud; Maersk Line; MSC; ONE; SeaLand; ZIM",6,15,10436.708333333332,1499.5416666666667,1118,6750,1,1,3,"{1,1,3}"
2024-03-31,COCTG,Cartagena,PAMIT,Manzanillo,4,4,"APL; Caribbean Feeder; CMA CGM; COSCO; Hapag-Lloyd; Maersk Line; OOCL; SeaLand; ZIM",9,24,19607.075,3366.833333333333,1730,11519,1,1,2,"{1,1,2,1}"
2024-03-31,COCTG,Cartagena,PAONX,Colon,1,1,MSC,1,9,11515.222222222223,1541.7777777777778,9400,12119,1,1,1,{1}
2024-03-31,COCTG,Cartagena,PAROD,Rodman,1,1,"CMA CGM; Hapag-Lloyd; ONE; Yang Ming",4,11,4908.545454545455,330,4882,5014,2,2,2,{2}
2024-03-31,COCTG,Cartagena,USBAL,"Baltimore MD",1,1,ZIM,1,12,7155.916666666667,426.3333333333333,6402,7928,4,4,4,{4}
2024-03-31,COCTG,Cartagena,USPEF,"Port Everglades FL",1,1,"CMA CGM; ONE",2,6,2172,488.3333333333333,1064,2602,4,4,4,{4}
2024-03-31,COCTG,Cartagena,USSAV,"Savannah GA",2,2,"Hapag-Lloyd; Hyundai; ONE; Yang Ming",4,14,15472.153846153846,1378.4615384615386,1118,13470,1,3,5,"{1,5}"
2024-03-31,COCTG,Cartagena,VELAG,"La Guaira",1,1,"Maersk Line; SeaLand",2,1,4244,800,2122,2122,3,3,3,{3}
2024-03-31,COCTG,Cartagena,VEPBL,"Puerto Cabello",1,1,"Maersk Line; MSC; SeaLand",3,1,4980,740,2490,2490,2,2,2,{2}
2024-03-31,COSMR,"Santa Marta",COCTG,Cartagena,1,1,"COSCO; OOCL; Seaboard Marine; X-Press; ZIM",5,2,1040.5,196,1020,1061,1,1,1,{1}
2024-03-31,COSMR,"Santa Marta",COTRB,Turbo,1,1,Dole,1,5,268,42.8,264,284,2,2,2,{2}
2024-03-31,COSMR,"Santa Marta",CRLIO,"Puerto Limon",1,1,Hapag-Lloyd,1,7,2653.285714285714,642.8571428571429,2572,2756,2,2,2,{2}
2024-03-31,COSMR,"Santa Marta",DOHAI,"Rio Haina",1,1,"Seaboard Marine",1,2,1504.5,383.5,1296,1713,2,2,2,{2}
2024-03-31,COSMR,"Santa Marta",DOMAN,"Manzanillo, Dom Rep",1,1,"Geest Line; Seatrade; StreamLines",3,5,488.8,189.6,436,564,2,2,2,{2}
2024-03-31,COSMR,"Santa Marta",MQFDF,Fort-de-France,1,1,"CMA CGM; Marfret",2,6,3672,746.3333333333334,3430,4045,3,3,3,{3}
2024-03-31,COSMR,"Santa Marta",PAMIT,Manzanillo,1,1,"Evergreen Line; Maersk Line; SeaLand",3,1,1118,220,1118,1118,1,1,1,{1}
2024-03-31,COTRB,Turbo,COCTG,Cartagena,1,1,"CMA CGM",1,1,1841,462,1841,1841,1,1,1,{1}
2024-03-31,COTRB,Turbo,COSMR,"Santa Marta",1,1,"Geest Line; Seatrade; StreamLines",3,5,488.8,189.6,436,564,2,2,2,{2}
2024-03-31,COTRB,Turbo,CRMOB,Moin,1,1,Dole,1,5,268,42.8,264,284,2,2,2,{2}
2024-03-31,COTRB,Turbo,PAMIT,Manzanillo,1,1,"Maersk Line; SeaLand",2,3,3947,1000,3947,3947,1,1,1,{1}
2024-03-31,CRCAL,"Puerto Caldera",GTPRQ,"Puerto Quetzal",4,4,"APL; CMA CGM; Dole; Hapag-Lloyd; Maersk Line; ONE; SeaLand",7,16,8233.6,2424,1268,3500,1,1,2,"{2,1,1,1}"
2024-03-31,CRCAL,"Puerto Caldera",NICIO,Corinto,2,2,"CMA CGM; COSCO; Evergreen Line; ONE; OOCL; X-Press; ZIM",7,7,4117.25,748.8333333333333,1402,2546,1,1.5,2,"{1,2}"
2024-03-31,CRCAL,"Puerto Caldera",PABLB,Balboa,1,1,"COSCO; Evergreen Line; OOCL; ZIM",4,4,2286.25,465.5,1714,2546,2,2,2,{2}
2024-03-31,CRLIO,"Puerto Limon",COCTG,Cartagena,1,1,Hapag-Lloyd,1,8,2728.125,569.75,2586,2837,1,1,1,{1}
2024-03-31,CRLIO,"Puerto Limon",DOCAU,Caucedo,1,1,Hapag-Lloyd,1,7,2653.285714285714,642.8571428571429,2572,2756,2,2,2,{2}
2024-03-31,CRMOB,Moin,BEANR,Antwerp,1,1,"Ellerman; MSC",2,11,5504.363636363637,1242,4112,13102,12,12,12,{12}
2024-03-31,CRMOB,Moin,COCTG,Cartagena,2,2,"APL; CMA CGM; COSCO; Marfret; Marguisa",5,15,10542.111111111111,2123.6666666666665,3430,6927,1,1.5,2,"{1,2}"
2024-03-31,CRMOB,Moin,GBSOU,Southampton,1,1,"Maersk Line; SeaLand",2,7,2567.714285714286,501.42857142857144,2506,2602,13,13,13,{13}
2024-03-31,CRMOB,Moin,HNPCA,"Puerto Castilla",2,2,Dole,1,2,8184,3960,2046,2046,1,1,1,"{1,1}"
2024-03-31,CRMOB,Moin,HNPCR,"Puerto Cortes",1,1,"COSCO; OOCL; Seaboard Marine; X-Press; ZIM",5,2,1040.5,196,1020,1061,2,2,2,{2}
2024-03-31,CRMOB,Moin,JMKIN,Kingston,1,1,ZIM,1,3,1543.3333333333333,306.6666666666667,1118,1756,4,4,4,{4}
2024-03-31,CRMOB,Moin,PAMIT,Manzanillo,4,4,"Crowley; Great White Fleet; King Ocean; Seaboard Marine",4,11,7495,1786,1284,2572,0,1,2,"{2,1,1,0}"
2024-03-31,CRMOB,Moin,PRSJU,"San Juan PR",1,1,Dole,1,5,268,42.8,264,284,3,3,3,{3}
2024-03-31,CRMOB,Moin,USPEF,"Port Everglades FL",1,1,"Crowley; King Ocean; Seaboard Marine",3,2,1290,390,1284,1296,3,3,3,{3}
2024-03-31,CRMOB,Moin,USPHL,"Philadelphia PA",1,1,"Maersk Line; SeaLand",2,3,3947,1000,3947,3947,5,5,5,{5}
2024-03-31,CRMOB,Moin,USTPA,"Tampa FL",1,1,SeacatLine,1,2,511,,467,555,5,5,5,{5}
2024-03-31,CUMAR,Mariel,CUMOA,Moa,1,1,Nirint,1,3,2254.285714285714,270,894,1368,2,2,2,{2}
2024-03-31,CUMAR,Mariel,PAMIT,Manzanillo,1,1,"Hapag-Lloyd; Maersk Line",2,1,5058,800,2529,2529,6,6,6,{6}
2024-03-31,CUMOA,Moa,CAHAL,Halifax,1,1,Nirint,1,3,2254.285714285714,270,894,1368,5,5,5,{5}
2024-03-31,CUSCU,"Santiago de Cuba",JMKIN,Kingston,1,1,"CMA CGM",1,1,4874.285714285715,857.1428571428571,1706,1706,15,15,15,{15}
2024-03-31,CVRAI,Praia,CVVXE,"St Vincente",1,1,"GS Lines",1,1,5499.428571428572,610.2857142857143,1604,1604,1,1,1,{1}
2024-03-31,CVVXE,"St Vincente",GWOXB,Bissau,1,1,"GS Lines",1,1,5499.428571428572,610.2857142857143,1604,1604,2,2,2,{2}
2024-03-31,CWWIL,Willemstad,AWORJ,Aruba,1,1,"APL; Caribbean Feeder; CMA CGM; COSCO; Hapag-Lloyd; OOCL; Seaboard Marine; X-Press; ZIM",9,3,968.3333333333334,208.33333333333334,877,1020,0,0,0,{0}
2024-03-31,CWWIL,Willemstad,BQKRA,Bonaire,1,1,"King Ocean",1,2,1484,184,1484,1484,1,1,1,{1}
2024-03-31,CWWIL,Willemstad,COTRB,Turbo,1,1,"Geest Line; Seatrade; StreamLines",3,5,488.8,189.6,436,564,2,2,2,{2}
2024-03-31,CWWIL,Willemstad,VEPBL,"Puerto Cabello",2,2,"CMA CGM; King Ocean",2,3,4392,504,957,2478,1,1,1,"{1,1}"
2024-03-31,CYLMS,Limassol,EGALY,Alexandria,1,1,"Borchard Lines Ltd",1,2,666,116,660,672,1,1,1,{1}
2024-03-31,CYLMS,Limassol,EGPSD,"Port Said",2,2,"CMA CGM; COSCO; OOCL; Yang Ming",4,4,2290,361.5,847,1574,1,1,1,"{1,1}"
2024-03-31,CYLMS,Limassol,GRLAV,Lavrio,1,1,Salamis,1,1,608,,608,608,2,2,2,{2}
2024-03-31,CYLMS,Limassol,GRPIR,Piraeus,3,3,"Blue Ice Lines; OOCL; Salamis; Unifeeder; ZIM",5,3,3568,736,698,1085,1,2,3,"{1,3,2}"
2024-03-31,CYLMS,Limassol,GRSKG,Thessaloniki,1,1,Salamis,1,1,507,80,507,507,2,2,2,{2}
2024-03-31,CYLMS,Limassol,ILASH,Ashdod,1,1,"Borchard Lines Ltd",1,3,1216,200,1216,1216,1,1,1,{1}
2024-03-31,CYLMS,Limassol,ILHFA,Haifa,2,2,"Borchard Lines Ltd; Salamis",2,6,1476,166.8,608,868,1,1,1,"{1,1}"
2024-03-31,CYLMS,Limassol,ITRAN,Ravenna,1,1,"Borchard Lines Ltd",1,2,666,116,660,672,4,4,4,{4}
2024-03-31,CYLMS,Limassol,LBBEY,Beirut,3,3,"APL; CMA CGM; COSCO; Evergreen Line; Hapag-Lloyd; Maersk Line; MSC; OOCL; SeaLand; Tarros; Unimed Feeder Services-UFS; X-Press",12,11,5296.833333333333,850.5,1078,2926,0,1,1,"{0,1,1}"
2024-03-31,DEBRE,Bremen,ESBIO,Bilbao,1,1,Stinnes,1,3,3193.047619047619,208,771,904,3,3,3,{3}
2024-03-31,DEBRE,Bremen,USMOB,"Mobile AL",1,1,"G2 Ocean",1,3,7273.142857142857,,945,1914,54,54,54,{54}
2024-03-31,DEBRV,Bremerhaven,BEANR,Antwerp,9,9,"Borchard Lines Ltd; CMA CGM; COSCO; Ellerman; Hapag-Lloyd; Maersk Line; MSC; ONE; OOCL; SeaLand; Turkon; WEC Lines; ZIM",13,78,65215.14605394605,6561.87728937729,1856,16616,1,2,2,"{2,2,1,1,1,2,1,2,2}"
2024-03-31,DEBRV,Bremerhaven,DEHAM,Hamburg,11,9,"CMA CGM; COSCO; Evergreen Line; Hapag-Lloyd; Maersk Line; OOCL; SeaLand; Unifeeder",8,24,16606,3170.166666666667,658,3596,1,2,2,"{2,2,1,2,1,1,1,1,2,2,2}"
2024-03-31,DEBRV,Bremerhaven,DEWVN,Wilhelmshaven,2,2,"CMA CGM; COSCO; Evergreen Line; Hapag-Lloyd; Maersk Line; MSC; OOCL; SeaLand; Unifeeder",9,16,20493.6,1069.4666666666667,998,20568,1,1.5,2,"{2,1}"
2024-03-31,DEBRV,Bremerhaven,DKAAR,Aarhus,1,1,"Maersk Line; MSC; SeaLand",3,15,19495.6,815.4666666666666,18270,20568,2,2,2,{2}
2024-03-31,DEBRV,Bremerhaven,DKCPH,Copenhagen,1,1,"CMA CGM",1,1,1000,,1000,1000,4,4,4,{4}
2024-03-31,DEBRV,Bremerhaven,EGALY,Alexandria,1,1,"Maersk Line; SeaLand",2,5,3793.2,637.2,2824,4504,13,13,13,{13}
2024-03-31,DEBRV,Bremerhaven,ESALG,Algeciras,1,1,"Hapag-Lloyd; Maersk Line; Marguisa; ONE; SeaLand",5,9,6980,1147.111111111111,6589,7154,5,5,5,{5}
2024-03-31,DEBRV,Bremerhaven,FITOR,"Tornio Finland",2,2,"APL; CMA CGM; X-Press",3,2,4144,1000,1036,1036,4,4.5,5,"{5,4}"
2024-03-31,DEBRV,Bremerhaven,FRLEH,"Le Havre",2,2,"APL; CMA CGM; COSCO; Evergreen Line; Hapag-Lloyd; MSC; OOCL",7,12,14739.42857142857,1236.2285714285713,3016,13208,1,1,1,"{1,1}"
2024-03-31,DEBRV,Bremerhaven,LTKLJ,"Klaipeda
",1,1,"Ellerman; MSC",2,11,5504.363636363637,1242,4112,13102,4,4,4,{4}
2024-03-31,DEBRV,Bremerhaven,MXVER,Veracruz,2,2,"Maersk Line; MSC; SeaLand",3,13,6574.214285714286,947.0952380952381,2506,5059,17,17.5,18,"{18,17}"
2024-03-31,DEBRV,Bremerhaven,NLRTM,Rotterdam,2,2,"CMA CGM; Maersk Line; MSC; SeaLand",4,19,21982.3,1310.8,3091,20568,1,1.5,2,"{2,1}"
2024-03-31,DEBRV,Bremerhaven,NOEGE,Egersund,1,1,"Maersk Line; SeaLand",2,1,957,,957,957,1,1,1,{1}
2024-03-31,DEBRV,Bremerhaven,NOMSS,Moss,1,1,"CMA CGM; Maersk Line; OOCL; SeaLand; Unifeeder",5,1,1008,238,1008,1008,1,1,1,{1}
2024-03-31,DEBRV,Bremerhaven,NOSVG,Stavanger,1,1,"CMA CGM; North Sea Container Line",2,1,957,252,957,957,2,2,2,{2}
2024-03-31,DEBRV,Bremerhaven,PLGDN,Gdansk,2,2,"CMA CGM; Maersk Line; MSC; SeaLand",4,17,20843.3,1362.8,1922,20568,3,3,3,"{3,3}"
2024-03-31,DEBRV,Bremerhaven,SAJED,Jeddah,1,1,"Maersk Line; SeaLand",2,9,7325.2222222222235,268.8888888888889,6802,7849,17,17,17,{17}
2024-03-31,DEBRV,Bremerhaven,SEGOT,Gothenburg,1,1,"Maersk Line; MSC; SeaLand",3,15,19495.6,815.4666666666666,18270,20568,1,1,1,{1}
2024-03-31,DEBRV,Bremerhaven,SEHEL,Helsingborg,1,1,"Eimskip; Royal Arctic Line",2,3,2148,500,2148,2148,2,2,2,{2}
2024-03-31,DEBRV,Bremerhaven,USCHS,"Charleston SC",1,1,"APL; CMA CGM; COSCO; Evergreen Line; OOCL",5,7,6800.428571428572,514.2857142857143,6078,8530,10,10,10,{10}
2024-03-31,DEBRV,Bremerhaven,USNYC,"New York NY/NJ",1,1,"Maersk Line; MSC; SeaLand",3,7,5922.142857142857,647.2857142857143,5550,6422,7,7,7,{7}
2024-03-31,DEBRV,Bremerhaven,USORF,"Norfolk VA",1,1,"Maersk Line; MSC",2,6,4450.666666666667,575,4154,4658,11,11,11,{11}
2024-03-31,DEHAM,Hamburg,BEANR,Antwerp,14,14,"ACL-Atlantic Container Line; ANL; APL; CMA CGM; COSCO; Evergreen Line; Hamburg Sud; Hapag-Lloyd; Hyundai; Maersk Line; MSC; ONE; OOCL; SeaLand; Yang Ming; ZIM",16,144,145865.70005411256,10564.91875901876,1220,24136,1,1,2,"{1,1,2,2,1,1,2,1,1,1,1,1,2,1}"
2024-03-31,DEHAM,Hamburg,BRVIX,Vitoria,1,1,"Grimaldi Lines",1,4,2642,,1321,1321,17,17,17,{17}
2024-03-31,DEHAM,Hamburg,CAMTR,Montreal,1,1,"Hapag-Lloyd; OOCL",2,5,4259.8,460,4043,4402,14,14,14,{14}
2024-03-31,DEHAM,Hamburg,COCTG,Cartagena,1,1,"Maersk Line; SeaLand",2,8,3486.875,841.5,3075,5301,14,14,14,{14}
2024-03-31,DEHAM,Hamburg,DEBRV,Bremerhaven,8,8,"APL; Borchard Lines Ltd; CMA CGM; COSCO; Hapag-Lloyd; Maersk Line; MSC; OOCL; SeaLand; Turkon; Unifeeder; WEC Lines; X-Press; ZIM",14,38,38162.85384615385,4937.115384615385,1008,11010,0,1,1,"{0,1,0,1,1,1,1,1}"
2024-03-31,DEHAM,Hamburg,DEWVN,Wilhelmshaven,3,3,"CMA CGM; COSCO; Evergreen Line; Hapag-Lloyd; ONE; Unifeeder",6,9,7703.571428571428,874,868,6661,0,1,2,"{0,2,1}"
2024-03-31,DEHAM,Hamburg,DKFRC,Fredericia,2,2,"CMA CGM; COSCO; Evergreen Line; Hapag-Lloyd; ONE; OOCL; Unifeeder; X-Press",8,2,1698,398,700,998,1,1,1,"{1,1}"
2024-03-31,DEHAM,Hamburg,DKKAL,Kalundborg,1,1,"CMA CGM; COSCO; Evergreen Line; OOCL; Unifeeder",5,1,660,100,660,660,1,1,1,{1}
2024-03-31,DEHAM,Hamburg,FIKTK,Kotka,1,1,"CMA CGM",1,2,1428.5,365.5,1421,1436,4,4,4,{4}
2024-03-31,DEHAM,Hamburg,FIRAU,"Rauma Finland",1,1,"CMA CGM",1,2,1000,,1000,1000,6,6,6,{6}
2024-03-31,DEHAM,Hamburg,FRLEH,"Le Havre",3,3,"ANL; APL; CMA CGM; COSCO; Evergreen Line; Grimaldi Lines; Hapag-Lloyd; Hyundai; MSC; ONE; OOCL; Stinnes; Yang Ming",13,29,19630.721755368813,1986.4575163398692,612,12119,1,1,3,"{3,1,1}"
2024-03-31,DEHAM,Hamburg,GBFXT,Felixstowe,1,1,"Maersk Line; SeaLand",2,4,3596,600,3596,3596,2,2,2,{2}
2024-03-31,DEHAM,Hamburg,GBIMM,Immingham,2,2,"CMA CGM; MACS; Unifeeder",3,8,5735.595238095238,188,917,2208,0,1,2,"{0,2}"
2024-03-31,DEHAM,Hamburg,GBLGP,"London Gateway",2,2,"CMA CGM; COSCO; Hapag-Lloyd; ONE; OOCL; Yang Ming",6,16,15982.09090909091,1311.4545454545455,6921,10114,1,1,1,"{1,1}"
2024-03-31,DEHAM,Hamburg,GBTIL,Tilbury,1,1,"Grimaldi Lines",1,6,1727.1666666666667,,1318,2000,2,2,2,{2}
2024-03-31,DEHAM,Hamburg,LTKLJ,"Klaipeda
",3,3,"CMA CGM; COSCO; Hapag-Lloyd; Maersk Line; OOCL; SeaLand; Unifeeder",7,7,6152.5,1153,1025,3596,2,2,3,"{2,3,2}"
2024-03-31,DEHAM,Hamburg,MTMAR,"Malta (Marsaxlokk)",1,1,"CMA CGM; ONE",2,5,4065.2,500,3100,4363,8,8,8,{8}
2024-03-31,DEHAM,Hamburg,NLRTM,Rotterdam,8,8,"APL; CMA CGM; CNC Line-Cheng Lie Navigation Co. Ltd.; COSCO; Evergreen Line; Hapag-Lloyd; North Sea Container Line; ONE; OOCL; Yang Ming",10,61,75845.96776556775,3023.1483516483513,660,24000,0,1,1,"{1,1,1,1,1,1,1,0}"
2024-03-31,DEHAM,Hamburg,NODRM,Drammen,1,1,"CMA CGM; COSCO; Evergreen Line; Hapag-Lloyd; OOCL; Unifeeder",6,1,868,300,868,868,2,2,2,{2}
2024-03-31,DEHAM,Hamburg,PLGDN,Gdansk,2,2,"CMA CGM; CNC Line-Cheng Lie Navigation Co. Ltd.; COSCO; Evergreen Line; Hapag-Lloyd; Maersk Line; OOCL; Unifeeder",8,18,18872.466666666667,1408.4,1036,20600,3,3.5,4,"{4,3}"
2024-03-31,DEHAM,Hamburg,PLGDY,"Gdynia Poland",2,2,"COSCO; Hapag-Lloyd; ONE; Yang Ming",4,3,2736,706,1296,1440,3,3.5,4,"{4,3}"
2024-03-31,DEHAM,Hamburg,PLSZZ,Szczecin,1,1,"CMA CGM; OOCL; Unifeeder",3,1,658,150,658,658,1,1,1,{1}
2024-03-31,DEHAM,Hamburg,SEGVX,Gavle,1,1,"CMA CGM; Evergreen Line; Hapag-Lloyd; Maersk Line; OOCL; Unifeeder",6,3,1096,233.33333333333334,1036,1216,3,3,3,{3}
2024-03-31,DEHAM,Hamburg,SEHAD,Halmstad,1,1,"CMA CGM",1,1,868,234,868,868,2,2,2,{2}
2024-03-31,DEHAM,Hamburg,SEHEL,Helsingborg,1,1,"CMA CGM; COSCO; OOCL; SeaLand; Unifeeder",5,1,868,150,868,868,2,2,2,{2}
2024-03-31,DEHAM,Hamburg,SEMMA,Malmo,1,1,"CMA CGM; X-Press",2,1,658,100,658,658,2,2,2,{2}
2024-03-31,DEHAM,Hamburg,USNYC,"New York NY/NJ",1,1,"ACL-Atlantic Container Line; Hapag-Lloyd; ONE; Yang Ming",4,5,8031.6,1500,8004,8073,10,10,10,{10}
2024-03-31,DEKEL,Kiel,SEIGG,Iggesund,1,1,"SCA Logistics",1,3,36,,36,36,3,3,3,{3}
2024-03-31,DEKEL,Kiel,SEMMA,Malmo,1,1,"SCA Logistics",1,3,36,,36,36,1,1,1,{1}
2024-03-31,DELBC,Lubeck,FIKTK,Kotka,1,1,"Finnlines Services",1,1,470,75,470,470,2,2,2,{2}
2024-03-31,DEWVN,Wilhelmshaven,DEHAM,Hamburg,1,1,"CMA CGM; COSCO; Evergreen Line; Hapag-Lloyd; OOCL; Unifeeder",6,1,998,254,998,998,1,1,1,{1}
2024-03-31,DEWVN,Wilhelmshaven,MAPTM,Tanger,1,1,"Maersk Line; MSC; SeaLand",3,15,19495.6,815.4666666666666,18270,20568,4,4,4,{4}
2024-03-31,DEWVN,Wilhelmshaven,MXVER,Veracruz,1,1,"Hapag-Lloyd; ONE",2,7,5967.571428571428,490,4890,6661,12,12,12,{12}
2024-03-31,DEWVN,Wilhelmshaven,NLRTM,Rotterdam,1,1,"Hapag-Lloyd; Hyundai; ONE; Yang Ming",4,13,18733.53846153846,1115.3846153846155,14993,20150,1,1,1,{1}
2024-03-31,DEWVN,Wilhelmshaven,PLGDY,"Gdynia Poland",1,1,Hapag-Lloyd,1,1,868,150,868,868,2,2,2,{2}
2024-03-31,DEWVN,Wilhelmshaven,SEHEL,Helsingborg,1,1,"CMA CGM; COSCO; Evergreen Line; Hapag-Lloyd; Unifeeder",5,1,868,234,868,868,1,1,1,{1}
2024-03-31,DEWVN,Wilhelmshaven,SGSIN,Singapore,1,1,"CMA CGM; CNC Line-Cheng Lie Navigation Co. Ltd.; COSCO; Evergreen Line; OOCL",5,13,20323.846153846152,534.6153846153846,2506,24188,27,27,27,{27}
2024-03-31,DJJIB,Djibouti,AEJEA,"Dubai, Jebel Ali",1,1,"CMA CGM; Global Feeder Shipping; Hapag-Lloyd",3,3,2066.6666666666665,256.6666666666667,1613,2452,9,9,9,{9}
2024-03-31,DJJIB,Djibouti,INMUN,Mundra,1,1,Messina,1,3,8946.857142857143,651.4285714285714,3016,4406,5,5,5,{5}
2024-03-31,DJJIB,Djibouti,KEMBA,Mombasa,1,1,"CMA CGM",1,6,1535,142,1114,1740,6,6,6,{6}
2024-03-31,DJJIB,Djibouti,SAJED,Jeddah,2,2,"APL; CMA CGM; CNC Line-Cheng Lie Navigation Co. Ltd.; Evergreen Line; Feedertech; OOCL; PIL",7,11,5885.666666666667,514.75,1080,4380,2,3,4,"{2,4}"
2024-03-31,DJJIB,Djibouti,SGSIN,Singapore,1,1,"APL; CMA CGM; CNC Line-Cheng Lie Navigation Co. Ltd.; Evergreen Line; OOCL",5,8,4254,194.75,4132,4380,11,11,11,{11}
2024-03-31,DJJIB,Djibouti,YEHOD,Hodeidah,2,2,"CMA CGM; PIL",2,5,2808.095238095238,403.0952380952381,907,2078,5,6,7,"{5,7}"
2024-03-31,DKAAL,Aalborg,DEHAM,Hamburg,1,1,"CMA CGM; COSCO; Evergreen Line; OOCL; Unifeeder",5,1,660,100,660,660,2,2,2,{2}
2024-03-31,DKAAR,Aarhus,DEBRV,Bremerhaven,2,2,"CMA CGM; COSCO; Evergreen Line; Hapag-Lloyd; Maersk Line; MSC; OOCL; SeaLand; Unifeeder",9,16,20493.6,1069.4666666666667,998,20568,1,2,3,"{1,3}"
2024-03-31,DKAAR,Aarhus,DKFRC,Fredericia,1,1,MSC,1,1,4250,550,4250,4250,1,1,1,{1}
2024-03-31,DKAAR,Aarhus,FOTHO,Thorshavn,2,2,Eimskip,1,2,3146,700,698,875,2,2,2,"{2,2}"
2024-03-31,DKAAR,Aarhus,ISREY,Reykjavik,1,1,"Eimskip; Royal Arctic Line",2,3,2148,500,2148,2148,4,4,4,{4}
2024-03-31,DKAAR,Aarhus,NLRTM,Rotterdam,1,1,"CMA CGM; Evergreen Line; Hapag-Lloyd; ONE; OOCL; Unifeeder",6,1,804,,804,804,3,3,3,{3}
2024-03-31,DKAAR,Aarhus,SEGOT,Gothenburg,3,3,"CMA CGM; COSCO; Evergreen Line; Maersk Line; MSC; ONE; OOCL; SeaLand; Unifeeder; Yang Ming",10,20,21746.85,1179.7166666666667,660,20568,1,1,1,"{1,1,1}"
2024-03-31,DKCPH,Copenhagen,DEBRV,Bremerhaven,1,1,"CMA CGM",1,1,1000,,1000,1000,3,3,3,{3}
2024-03-31,DKCPH,Copenhagen,DEHAM,Hamburg,1,1,"CMA CGM; COSCO; Evergreen Line; Hapag-Lloyd; Unifeeder",5,1,868,234,868,868,2,2,2,{2}
2024-03-31,DKCPH,Copenhagen,NOFRK,Fredrikstad,1,1,"CMA CGM; COSCO; OOCL; SeaLand; Unifeeder",5,1,868,150,868,868,1,1,1,{1}
2024-03-31,DKCPH,Copenhagen,SEGOT,Gothenburg,2,2,"CMA CGM; ONE; X-Press",3,2,1568,378,700,868,1,1,1,"{1,1}"
2024-03-31,DKFRC,Fredericia,BEANR,Antwerp,1,1,MSC,1,1,4250,550,4250,4250,2,2,2,{2}
2024-03-31,DKFRC,Fredericia,DKAAR,Aarhus,1,1,"CMA CGM; COSCO; Evergreen Line; Hapag-Lloyd; OOCL; Unifeeder",6,1,998,254,998,998,0,0,0,{0}
2024-03-31,DKFRC,Fredericia,DKCPH,Copenhagen,1,1,"CMA CGM; ONE; X-Press",3,1,700,144,700,700,1,1,1,{1}
2024-03-31,DKKAL,Kalundborg,DKAAR,Aarhus,1,1,"CMA CGM; COSCO; Evergreen Line; OOCL; Unifeeder",5,1,660,100,660,660,0,0,0,{0}
2024-03-31,DMRSU,Roseau,GPPTP,Pointe-a-Pitre,1,1,"CMA CGM",1,3,770.3333333333334,153.33333333333334,677,957,1,1,1,{1}
2024-03-31,DMRSU,Roseau,KNBAS,"Basseterre, St Kitts",1,1,"Geest Line; Seatrade; StreamLines",3,5,488.8,189.6,436,564,1,1,1,{1}
2024-03-31,DMRSU,Roseau,LCSLU,"Castries, St Lucia",1,1,"King Ocean; Seaboard Marine",2,2,1296,195,1296,1296,1,1,1,{1}
2024-03-31,DOCAU,Caucedo,BBBGI,Bridgetown,1,1,"Caribbean Feeder; Hapag-Lloyd; ZIM",3,3,1174.6666666666667,281.3333333333333,1061,1345,2,2,2,{2}
2024-03-31,DOCAU,Caucedo,BEANR,Antwerp,1,1,Hapag-Lloyd,1,7,2653.285714285714,642.8571428571429,2572,2756,12,12,12,{12}
2024-03-31,DOCAU,Caucedo,BRSSZ,Santos,1,1,"MSC; ZIM",2,10,6498.3,447.3,5550,8089,13,13,13,{13}
2024-03-31,DOCAU,Caucedo,BSFPO,Freeport,1,1,"MSC; ZIM",2,10,6498.3,447.3,5550,8089,2,2,2,{2}
2024-03-31,DOCAU,Caucedo,CAHAL,Halifax,1,1,"Tropical Shipping",1,2,1116.5,255,1085,1148,1,1,1,{1}
2024-03-31,DOCAU,Caucedo,CASJB,"Saint John, New Brunswick",1,1,"CMA CGM; Hapag-Lloyd; ONE; Yang Ming",4,11,4908.545454545455,330,4882,5014,9,9,9,{9}
2024-03-31,DOCAU,Caucedo,COCTG,Cartagena,3,3,"CMA CGM; COSCO; Hapag-Lloyd; Maersk Line; MSC; OOCL",6,27,24428.547222222223,3613.527777777778,2586,12119,2,2,3,"{2,3,2}"
2024-03-31,DOCAU,Caucedo,DOHAI,"Rio Haina",3,3,"Caribbean Feeder; COSCO; Evergreen Line; Hapag-Lloyd; Maersk Line; MSC; Seaboard Marine; SeaLand; ZIM",9,6,7056.5,1211,1296,3534,0,1,1,"{1,0,1}"
2024-03-31,DOCAU,Caucedo,HTPAP,Port-au-Prince,1,1,"Unifeeder; ZIM",2,1,1114,220,1114,1114,2,2,2,{2}
2024-03-31,DOCAU,Caucedo,JMKIN,Kingston,1,1,"APL; CMA CGM; COSCO; Marfret; Marguisa",5,9,6870.111111111111,1377.3333333333333,6800,6927,2,2,2,{2}
2024-03-31,DOCAU,Caucedo,MXPGO,Progreso,1,1,"CMA CGM",1,3,1218.6666666666667,256.6666666666667,1118,1338,4,4,4,{4}
2024-03-31,DOCAU,Caucedo,NLRTM,Rotterdam,2,2,"CMA CGM; COSCO; Hapag-Lloyd; Maersk Line; MSC; OOCL",6,19,21700.422222222223,3043.777777777778,9010,12119,10,10,10,"{10,10}"
2024-03-31,DOCAU,Caucedo,PAONX,Colon,1,1,"Evergreen Line; Maersk Line; MSC; SeaLand",4,2,3534,500,3534,3534,3,3,3,{3}
2024-03-31,DOCAU,Caucedo,PRSJU,"San Juan PR",1,1,"APL; CMA CGM",2,3,1717.6666666666667,293,1700,1740,1,1,1,{1}
2024-03-31,DOCAU,Caucedo,SGSIN,Singapore,1,1,"CMA CGM; CNC Line-Cheng Lie Navigation Co. Ltd.; COSCO; Hapag-Lloyd; OOCL",5,12,10225.083333333334,875,8888,11388,28,28,28,{28}
2024-03-31,DOCAU,Caucedo,TTPOS,"Port of Spain",1,1,"CMA CGM; COSCO",2,3,1176,276.6666666666667,1114,1296,2,2,2,{2}
2024-03-31,DOCAU,Caucedo,TTPTS,"Point Lisas",1,1,"Caribbean Feeder; Hapag-Lloyd; Maersk Line; SeaLand; ZIM",5,3,1782.6666666666667,316.6666666666667,1730,1809,2,2,2,{2}
2024-03-31,DOCAU,Caucedo,USHOU,"Houston TX",1,1,"Hapag-Lloyd; ONE",2,3,2848.3333333333335,380,2566,3237,5,5,5,{5}
2024-03-31,DOCAU,Caucedo,USNYC,"New York NY/NJ",1,1,MSC,1,11,11193.90909090909,789.3636363636364,4953,15294,4,4,4,{4}
2024-03-31,DOCAU,Caucedo,USPAB,"Palm Beach FL",1,1,"Tropical Shipping",1,2,911.5,187,850,973,6,6,6,{6}
2024-03-31,DOHAI,"Rio Haina",AGSJO,"St John's, Antigua",1,1,"Seaboard Marine",1,2,1114,220,1114,1114,1,1,1,{1}
2024-03-31,DOHAI,"Rio Haina",CWWIL,Willemstad,1,1,"King Ocean",1,1,1914,504,957,957,2,2,2,{2}
2024-03-31,DOHAI,"Rio Haina",DOCAU,Caucedo,1,1,"APL; CMA CGM",2,3,1717.6666666666667,293,1700,1740,1,1,1,{1}
2024-03-31,DOHAI,"Rio Haina",DOPOP,"Puerto Plata",3,3,"Antillean Marine; Seaboard Marine",2,4,2591.5714285714284,377,205,1713,1,1,1,"{1,1,1}"
2024-03-31,DOHAI,"Rio Haina",HTLFF,"Port Lafito",1,1,"Seaboard Marine",1,3,2548,525.3333333333334,2526,2572,1,1,1,{1}
2024-03-31,DOHAI,"Rio Haina",HTPAP,Port-au-Prince,1,1,"Crowley; Maersk Line; SeaLand",3,1,974,170,974,974,1,1,1,{1}
2024-03-31,DOHAI,"Rio Haina",JMKIN,Kingston,1,1,"Caribbean Feeder; COSCO; Hapag-Lloyd; Seaboard Marine; SeaLand; ZIM",6,2,1552.5,345,1296,1809,2,2,2,{2}
2024-03-31,DOHAI,"Rio Haina",PRSJU,"San Juan PR",2,2,"COSCO; Evergreen Line; Maersk Line; MSC; Seaboard Marine; SeaLand; X-Press; ZIM",8,5,5168.333333333333,804.3333333333333,1341,3534,0,0.5,1,"{0,1}"
2024-03-31,DOHAI,"Rio Haina",USJAX,"Jacksonville FL",1,1,MSC,1,2,1970,366,1858,2082,5,5,5,{5}
2024-03-31,DOHAI,"Rio Haina",USMIA,"Miami FL",1,1,"Seaboard Marine",1,2,1504.5,383.5,1296,1713,2,2,2,{2}
2024-03-31,DOHAI,"Rio Haina",USPEF,"Port Everglades FL",2,2,"King Ocean",1,2,3846,1156,957,966,3,3,3,"{3,3}"
2024-03-31,DOHAI,"Rio Haina",VELAG,"La Guaira",1,1,"King Ocean",1,1,1932,652,966,966,3,3,3,{3}
2024-03-31,DOMAN,"Manzanillo, Dom Rep",NLVLI,Flushing,1,1,"Geest Line; Seatrade; StreamLines",3,5,488.8,189.6,436,564,11,11,11,{11}
2024-03-31,DOPOP,"Puerto Plata",USMIA,"Miami FL",3,3,"Antillean Marine; Seaboard Marine",2,4,2591.5714285714284,377,205,1713,3,4,4,"{4,3,4}"
2024-03-31,DOSDQ,"Santo Domingo",PRSJU,"San Juan PR",1,1,Marfret,1,1,500,125,500,500,2,2,2,{2}
2024-03-31,DZAAE,Annaba,ESVLC,Valencia,1,1,MSC,1,1,1098,220,1098,1098,2,2,2,{2}
2024-03-31,DZALG,Algiers,EGPSD,"Port Said",1,1,"CMA CGM",1,4,2309.25,325,2200,2468,5,5,5,{5}
2024-03-31,DZALG,Algiers,ESBCN,Barcelona,1,1,X-Press,1,1,868,234,868,868,2,2,2,{2}
2024-03-31,DZALG,Algiers,ESVLC,Valencia,2,2,"Arkas Line; Evergreen Line; X-Press",3,3,2654.1428571428573,231.42857142857142,387,1445,1,2,3,"{1,3}"
2024-03-31,DZALG,Algiers,ITGOA,Genoa,2,2,"CMA CGM; CNAN-MED; Messina; Tarros",4,4,3018.3571428571427,474.14285714285717,809,1528,2,4,6,"{2,6}"
2024-03-31,DZALG,Algiers,ITSPE,"La Spezia",1,1,MSC,1,2,1118,220,1118,1118,5,5,5,{5}
2024-03-31,DZALG,Algiers,MACAS,Casablanca,2,2,MSC,1,6,2482.333333333333,476.66666666666663,951,1842,2,2,2,"{2,2}"
2024-03-31,DZALG,Algiers,MAPTM,Tanger,1,1,"Maersk Line; SeaLand",2,2,909.5,212,862,957,2,2,2,{2}
2024-03-31,DZALG,Algiers,MTMAR,"Malta (Marsaxlokk)",1,1,MSC,1,3,1007,230.66666666666666,951,1104,2,2,2,{2}
2024-03-31,DZALG,Algiers,TRIZM,Izmir,1,1,"Arkas Line; Hapag-Lloyd",2,3,1724.2857142857142,254.28571428571428,1199,1223,6,6,6,{6}
2024-03-31,DZALG,Algiers,TRMER,Mersin,1,1,"Arkas Line",1,2,1898,583.1428571428571,1022,1022,7,7,7,{7}
2024-03-31,DZALG,Algiers,TRTEK,Tekirdag,1,1,MSC,1,3,1475.3333333333333,246,1100,1842,4,4,4,{4}
2024-03-31,DZBJA,Bejaia,DZALG,Algiers,1,1,"Arkas Line; Hapag-Lloyd",2,3,1724.2857142857142,254.28571428571428,1199,1223,0,0,0,{0}
2024-03-31,DZBJA,Bejaia,ESVLC,Valencia,1,1,MSC,1,1,2237.1428571428573,385.7142857142857,1740,1740,1,1,1,{1}
2024-03-31,DZBJA,Bejaia,MTMAR,"Malta (Marsaxlokk)",1,1,"CMA CGM",1,2,1256,218,1208,1304,4,4,4,{4}
2024-03-31,DZMOS,Mostaganem,DZSKI,Skikda,1,1,"CMA CGM",1,1,303,,303,303,2,2,2,{2}
2024-03-31,DZMOS,Mostaganem,ITLIV,Leghorn,1,1,"CMA CGM",1,3,1116.6666666666667,220,1114,1118,2,2,2,{2}
2024-03-31,DZORN,Oran,DZMOS,Mostaganem,1,1,"CMA CGM",1,3,1116.6666666666667,220,1114,1118,0,0,0,{0}
2024-03-31,DZORN,Oran,ESVGO,Vigo,1,1,"CMA CGM",1,2,1321,329,1304,1338,4,4,4,{4}
2024-03-31,DZORN,Oran,ESVLC,Valencia,2,2,"CMA CGM; MSC",2,3,2354.285714285714,345,1100,1756,1,1.5,2,"{2,1}"
2024-03-31,DZSKI,Skikda,DZBJA,Bejaia,1,1,"Arkas Line; Hapag-Lloyd",2,3,1724.2857142857142,254.28571428571428,1199,1223,1,1,1,{1}
2024-03-31,DZSKI,Skikda,ESVLC,Valencia,1,1,MSC,1,1,1730,200,1730,1730,1,1,1,{1}
2024-03-31,DZSKI,Skikda,FRMRS,"Marseilles-Fos (Marseilles)",1,1,"CMA CGM",1,1,303,,303,303,2,2,2,{2}
2024-03-31,DZSKI,Skikda,TRGEM,"Istanbul (Gemlik)",1,1,"CMA CGM",1,5,1875,353.8,1740,2260,5,5,5,{5}
2024-03-31,ECGYE,Guayaquil,CLARI,Arica,1,1,"Hamburg Sud; Hapag-Lloyd; Maersk Line; SeaLand",4,7,4256.714285714285,524.5714285714286,3500,5085,4,4,4,{4}
2024-03-31,ECGYE,Guayaquil,COBUN,Buenaventura,1,1,"Hapag-Lloyd; Hyundai; MSC; ONE",4,12,10064,1085,8553,13000,2,2,2,{2}
2024-03-31,ECGYE,Guayaquil,COCTG,Cartagena,1,1,"CMA CGM; ONE",2,6,2172,488.3333333333333,1064,2602,4,4,4,{4}
2024-03-31,ECGYE,Guayaquil,CRCAL,"Puerto Caldera",1,1,Dole,1,3,1540,770,1540,1540,2,2,2,{2}
2024-03-31,ECGYE,Guayaquil,CRMOB,Moin,1,1,"APL; CMA CGM; COSCO; Marfret; Marguisa",5,9,6870.111111111111,1377.3333333333333,6800,6927,5,5,5,{5}
2024-03-31,ECGYE,Guayaquil,ECPBO,"Puerto Bolivar EC",1,1,"Ellerman; MSC",2,11,5504.363636363637,1242,4112,13102,3,3,3,{3}
2024-03-31,ECGYE,Guayaquil,JMKIN,Kingston,1,1,ZIM,1,6,1546.6666666666667,381.6666666666667,1296,1740,4,4,4,{4}
2024-03-31,ECGYE,Guayaquil,MXZLO,"Manzanillo, MEX",1,1,"COSCO; Evergreen Line; PIL; Wan Hai; Yang Ming",5,11,9862.09090909091,557.4545454545455,6350,13216,7,7,7,{7}
2024-03-31,ECGYE,Guayaquil,PABLB,Balboa,2,2,"COSCO; King Ocean; Maersk Line; ONE; SeaLand; X-Press; ZIM",7,11,5551.666666666667,1534,1341,4258,2,2.5,3,"{3,2}"
2024-03-31,ECGYE,Guayaquil,PAMIT,Manzanillo,2,2,"Hapag-Lloyd; Seaboard Marine",2,11,4544.125,978.4166666666667,1732,2837,3,3,3,"{3,3}"
2024-03-31,ECGYE,Guayaquil,PECLL,Callao,4,4,"CMA CGM; COSCO; King Ocean; ONE; Seaboard Marine; X-Press; ZIM",7,21,9339.8,1651.6,1064,4308,2,2.5,3,"{2,3,3,2}"
2024-03-31,ECGYE,Guayaquil,PEPAI,Paita,2,2,"Ellerman; Europe Caribbean Line; MSC; Seatrade",4,18,5836.22077922078,1328.2857142857142,72,13102,1,1,1,"{1,1}"
2024-03-31,ECPBO,"Puerto Bolivar EC",ECGYE,Guayaquil,3,3,"Ellerman; Europe Caribbean Line; Maersk Line; MSC; SeaLand; Seatrade",6,27,10046.887445887447,2431.285714285714,72,13102,2,2,3,"{2,2,3}"
2024-03-31,ECPSJ,"Puerto de Posorja",ECGYE,Guayaquil,2,2,"APL; CMA CGM; COSCO; Hapag-Lloyd; Marfret; Marguisa",6,17,9598.236111111111,1947.0833333333333,2586,6927,1,1,1,"{1,1}"
2024-03-31,ECPSJ,"Puerto de Posorja",MXLZC,"Lazaro Cardenas",1,1,"APL; CMA CGM; CNC Line-Cheng Lie Navigation Co. Ltd.; COSCO; Evergreen Line; OOCL",6,12,15206.833333333334,1016.6666666666666,13892,16020,5,5,5,{5}
2024-03-31,ECPSJ,"Puerto de Posorja",PABLB,Balboa,1,1,"Maersk Line; SeaLand",2,10,13005.3,697,9000,15413,2,2,2,{2}
2024-03-31,ECPSJ,"Puerto de Posorja",PAMIT,Manzanillo,1,1,"CMA CGM; COSCO; Hapag-Lloyd; Maersk Line; OOCL",5,10,10185.2,1502,9010,11519,3,3,3,{3}
2024-03-31,ECPSJ,"Puerto de Posorja",PECLL,Callao,1,1,"CMA CGM; COSCO; Hapag-Lloyd; Maersk Line; OOCL",5,10,10185.2,1502,9010,11519,2,2,2,{2}
2024-03-31,EETLL,"Tallinn Estonia",FIHEL,Helsinki,1,1,"Hapag-Lloyd; ONE",2,2,1440,316,1440,1440,5,5,5,{5}
2024-03-31,EETLL,"Tallinn Estonia",LVRIX,Riga,1,1,"CMA CGM",1,2,1400,372,1400,1400,1,1,1,{1}
2024-03-31,EETLL,"Tallinn Estonia",NLRTM,Rotterdam,1,1,"CMA CGM; Evergreen Line; Hapag-Lloyd; OOCL; Unifeeder",5,2,1030.5,249.5,1025,1036,3,3,3,{3}
2024-03-31,EETLL,"Tallinn Estonia",PLGDN,Gdansk,1,1,"CMA CGM",1,2,1428.5,365.5,1421,1436,2,2,2,{2}
2024-03-31,EGALY,Alexandria,CYLMS,Limassol,1,1,"APL; CMA CGM; COSCO; Evergreen Line; Hapag-Lloyd; OOCL; Tarros; Unimed Feeder Services-UFS; X-Press",9,4,2593.25,390,1868,2926,1,1,1,{1}
2024-03-31,EGALY,Alexandria,EGDAM,Damietta,4,4,"Hapag-Lloyd; MSC; ONE; OOCL; Unifeeder; Yang Ming; ZIM",7,11,7756.738095238095,1341.952380952381,1085,3534,0,0,1,"{0,1,0,0}"
2024-03-31,EGALY,Alexandria,EGPSD,"Port Said",2,2,"Admiral; Arkas Line; CMA CGM; Hapag-Lloyd; ONE; OOCL; Tarros; Turkon",8,8,8753.428571428572,1009.3809523809523,2478,5700,1,1,1,"{1,1}"
2024-03-31,EGALY,Alexandria,ILASH,Ashdod,3,3,"Borchard Lines Ltd; Medkon; ZIM",3,7,2934.5,610.6666666666667,660,1484,1,1,1,"{1,1,1}"
2024-03-31,EGALY,Alexandria,ITRAN,Ravenna,1,1,"Maersk Line; MSC; SeaLand",3,3,1119.3333333333333,238,1078,1162,4,4,4,{4}
2024-03-31,EGALY,Alexandria,ITSAL,Salerno,3,3,"Arkas Line; Borchard Lines Ltd; CMA CGM; Messina; ONE; Tarros",6,17,7517.666666666667,876.8,868,5700,2,4,4,"{4,2,4}"
2024-03-31,EGALY,Alexandria,LBBEY,Beirut,4,4,"APL; Arkas Line; CMA CGM; CNC Line-Cheng Lie Navigation Co. Ltd.; COSCO; Evergreen Line; Hapag-Lloyd; Maersk Line; Medkon; OOCL; SeaLand",11,22,12815.714285714286,1253.4285714285716,707,14414,1,1.5,2,"{1,1,2,2}"
2024-03-31,EGALY,Alexandria,LYMRA,Misurata,2,2,"Arkas Line; CMA CGM",2,4,2934,708.1428571428571,1022,1036,3,3,3,"{3,3}"
2024-03-31,EGALY,Alexandria,MTMAR,"Malta (Marsaxlokk)",1,1,"CMA CGM",1,4,2309.25,325,2200,2468,3,3,3,{3}
2024-03-31,EGALY,Alexandria,MYPKG,"Port Klang",1,1,"APL; CMA CGM; CNC Line-Cheng Lie Navigation Co. Ltd.; COSCO; Evergreen Line; OOCL",6,14,8551.214285714286,658.4285714285714,5618,14414,29,29,29,{29}
2024-03-31,EGALY,Alexandria,SIKOP,Koper,1,1,"APL; CMA CGM; CNC Line-Cheng Lie Navigation Co. Ltd.; COSCO; Evergreen Line; OOCL",6,10,13507.714285714286,1193.857142857143,5250,14414,3,3,3,{3}
2024-03-31,EGALY,Alexandria,TRISK,Iskenderun,2,2,"Maersk Line; Messina; SeaLand",3,8,14938.438095238093,1661.009523809524,1422,4504,1,1,1,"{1,1}"
2024-03-31,EGALY,Alexandria,TRIZM,Izmir,1,1,"Borchard Lines Ltd",1,3,1216,200,1216,1216,3,3,3,{3}
2024-03-31,EGALY,Alexandria,TRMER,Mersin,3,3,"Arkas Line; Hapag-Lloyd; Maersk Line; Marguisa; SeaLand; Turkon; ZIM",7,19,8241.357142857143,1079.0714285714284,1604,4839,2,2,2,"{2,2,2}"
2024-03-31,EGDAM,Damietta,ESBCN,Barcelona,1,1,"Hapag-Lloyd; Hyundai; ONE; Yang Ming",4,15,12458.6,635.5333333333334,13100,15500,4,4,4,{4}
2024-03-31,EGDAM,Damietta,ESVLC,Valencia,1,1,"MSC; ZIM",2,5,6818.6,380,6644,7000,4,4,4,{4}
2024-03-31,EGDAM,Damietta,GRPIR,Piraeus,2,2,"COSCO; Hapag-Lloyd; ONE; OOCL; Yang Ming",5,14,7232.662337662337,788.2251082251082,1085,8749,1,1,1,"{1,1}"
2024-03-31,EGDAM,Damietta,ILASH,Ashdod,1,1,"OOCL; Unifeeder; ZIM",3,1,2170,472,1085,1085,0,0,0,{0}
2024-03-31,EGDAM,Damietta,JOAQB,Aqaba,1,1,"CMA CGM; COSCO; Hapag-Lloyd; OOCL",4,12,8113,729.1666666666666,7179,9326,2,2,2,{2}
2024-03-31,EGDAM,Damietta,NLRTM,Rotterdam,1,1,"ANL; APL; CMA CGM; COSCO; Evergreen Line; Hapag-Lloyd; Hyundai; ONE; OOCL; Yang Ming",10,17,8058.705882352941,746.2352941176471,8212,9040,10,10,10,{10}
2024-03-31,EGDAM,Damietta,SAJED,Jeddah,3,3,"COSCO; Hapag-Lloyd; Hyundai; ONE; OOCL; Yang Ming",6,39,30540.075524475527,1993.267599067599,5500,15500,2,3,12,"{3,12,2}"
2024-03-31,EGDAM,Damietta,SIKOP,Koper,2,2,"Hapag-Lloyd; ONE; Yang Ming",3,7,4101.071428571428,669.952380952381,1085,3534,3,4,5,"{3,5}"
2024-03-31,EGDAM,Damietta,TRISK,Iskenderun,1,1,"COSCO; OOCL; Yang Ming",3,2,1429,272.5,1284,1574,1,1,1,{1}
2024-03-31,EGDAM,Damietta,TRMER,Mersin,1,1,"Hapag-Lloyd; ZIM",2,7,2343.4285714285716,388,2339,3237,9,9,9,{9}
2024-03-31,EGDAM,Damietta,TRTEK,Tekirdag,1,1,MSC,1,3,1485.6666666666667,200,1205,1740,3,3,3,{3}
2024-03-31,EGDAM,Damietta,USNYC,"New York NY/NJ",1,1,"APL; CMA CGM; COSCO; Hapag-Lloyd; ONE; OOCL",6,10,9112,740,9954,10642,14,14,14,{14}
2024-03-31,EGEDK,"El Dekheila",GRPIR,Piraeus,1,1,"COSCO; OOCL; Yang Ming",3,5,4590.4,454,4250,5618,1,1,1,{1}
2024-03-31,EGEDK,"El Dekheila",ITNAP,Naples,1,1,"MSC; WEC Lines",2,5,8670,838.4,8204,9200,2,2,2,{2}
2024-03-31,EGEDK,"El Dekheila",RUNVS,Novorossiysk,1,1,"Arkas Line",1,2,1179,269.5,1157,1201,3,3,3,{3}
2024-03-31,EGPSD,"Port Said",AEAUH,"Abu Dhabi",1,1,"Maersk Line; MSC; SeaLand",3,16,14406.25,1271.25,19154,19224,32,32,32,{32}
2024-03-31,EGPSD,"Port Said",EGALY,Alexandria,2,2,"CMA CGM",1,6,3170.25,414,847,2468,1,2,3,"{1,3}"
2024-03-31,EGPSD,"Port Said",EGDAM,Damietta,1,1,"COSCO; OOCL; Yang Ming",3,2,1429,272.5,1284,1574,1,1,1,{1}
2024-03-31,EGPSD,"Port Said",GBLGP,"London Gateway",1,1,"Maersk Line; SeaLand",2,5,3793.2,637.2,2824,4504,8,8,8,{8}
2024-03-31,EGPSD,"Port Said",GRPIR,Piraeus,1,1,"Maersk Line; MSC; SeaLand",3,16,14406.25,1271.25,19154,19224,3,3,3,{3}
2024-03-31,EGPSD,"Port Said",JOAQB,Aqaba,1,1,Messina,1,3,8946.857142857143,651.4285714285714,3016,4406,1,1,1,{1}
2024-03-31,EGPSD,"Port Said",LBBEY,Beirut,2,2,"Admiral; Arkas Line; CMA CGM; Hapag-Lloyd; ONE; OOCL; Tarros; Turkon",8,8,8753.428571428572,1009.3809523809523,2478,5700,0,0.5,1,"{1,0}"
2024-03-31,EGPSD,"Port Said",MAPTM,Tanger,1,1,"Maersk Line",1,3,7111.333333333333,1600,7090,7154,6,6,6,{6}
2024-03-31,EGPSD,"Port Said",SAJED,Jeddah,3,3,"APL; CMA CGM; CNC Line-Cheng Lie Navigation Co. Ltd.; COSCO; Evergreen Line; Maersk Line; Messina; OOCL",8,16,31764.28571428571,3817.666666666667,1422,14414,2,2,4,"{2,4,2}"
2024-03-31,EGPSD,"Port Said",SIKOP,Koper,1,1,"Maersk Line; MSC; SeaLand",3,16,15314.9375,608.3125,15150,15516,4,4,4,{4}
2024-03-31,EGPSD,"Port Said",TRISK,Iskenderun,1,1,"Maersk Line; SeaLand",2,1,2478,400,2478,2478,3,3,3,{3}
2024-03-31,EGSOK,Sokhna,JOAQB,Aqaba,3,3,"APL; CMA CGM; CNC Line-Cheng Lie Navigation Co. Ltd.; COSCO; Evergreen Line; OOCL; PIL",7,23,20213,336.75,1114,14424,1,1,1,"{1,1,1}"
2024-03-31,EGSOK,Sokhna,SAJED,Jeddah,1,1,"Feedertech; ONE; Wan Hai; X-Press",4,5,2624.8,462,1740,3158,1,1,1,{1}
2024-03-31,ERMSW,Massawa,SOBBO,Berbera,1,1,"CMA CGM",1,3,1672.6666666666667,231.66666666666666,1302,2078,2,2,2,{2}
2024-03-31,ESACE,Arrecife,ESBCN,Barcelona,1,1,"Nisa Maritima",1,2,946,210,942,950,7,7,7,{7}
2024-03-31,ESACE,Arrecife,ESCAD,Cadiz,1,1,"MSC; WEC Lines",2,2,868,150,868,868,2,2,2,{2}
2024-03-31,ESACE,Arrecife,ESSVQ,Seville,1,1,"CMA CGM",1,2,500,125,500,500,2,2,2,{2}
2024-03-31,ESAGP,Malaga,ESVLC,Valencia,1,1,Hapag-Lloyd,1,8,2728.125,569.75,2586,2837,1,1,1,{1}
2024-03-31,ESALC,Alicante,ESBCN,Barcelona,1,1,"Arkas Line; Boluda Lines; CMA CGM",3,2,803.5,180,803,804,2,2,2,{2}
2024-03-31,ESALC,Alicante,ESLPA,"Las Palmas, Can Is",2,2,"CMA CGM; Yaiza Shipping",2,3,764,130.28571428571428,206,1036,3,3.5,4,"{4,3}"
2024-03-31,ESALG,Algeciras,BRRIO,"Rio de Janeiro",1,1,"Hapag-Lloyd; MSC",2,10,9324.8,1285.5,8800,11010,13,13,13,{13}
2024-03-31,ESALG,Algeciras,BRSSZ,Santos,1,1,"COSCO; ONE; OOCL",3,8,4402,405,4051,5047,12,12,12,{12}
2024-03-31,ESALG,Algeciras,CGPNR,"Pointe Noire",1,1,"Maersk Line; SeaLand",2,5,4180,382.8,2474,5466,11,11,11,{11}
2024-03-31,ESALG,Algeciras,DEBRV,Bremerhaven,1,1,"Maersk Line; MSC; SeaLand",3,15,18638.8,760.8,17816,20568,5,5,5,{5}
2024-03-31,ESALG,Algeciras,DZORN,Oran,1,1,"CMA CGM",1,3,1116.6666666666667,220,1114,1118,1,1,1,{1}
2024-03-31,ESALG,Algeciras,EGALY,Alexandria,1,1,"Arkas Line; Maersk Line; Marguisa; SeaLand",4,4,2179.5,351.5,1604,2474,6,6,6,{6}
2024-03-31,ESALG,Algeciras,ESBCN,Barcelona,1,1,"Maersk Line; MSC; SeaLand",3,9,7495.888888888889,656.8888888888889,6478,9200,1,1,1,{1}
2024-03-31,ESALG,Algeciras,ESSCT,Tenerife,1,1,"CMA CGM; Hapag-Lloyd; Maersk Line; Marguisa; OOCL; X-Press",6,3,872.3333333333334,212.66666666666666,862,887,3,3,3,{3}
2024-03-31,ESALG,Algeciras,ESVGO,Vigo,1,1,X-Press,1,1,862,234,862,862,2,2,2,{2}
2024-03-31,ESALG,Algeciras,GRPIR,Piraeus,1,1,"Maersk Line; SeaLand",2,9,4210.666666666667,1103,4045,4258,4,4,4,{4}
2024-03-31,ESALG,Algeciras,ITLIV,Leghorn,1,1,"APL; CMA CGM; COSCO; Hapag-Lloyd; ONE; OOCL; Yang Ming; ZIM",8,6,8537.166666666666,716.6666666666666,8063,8749,2,2,2,{2}
2024-03-31,ESALG,Algeciras,MACAS,Casablanca,4,4,"APL; Arkas Line; CMA CGM; Marguisa; Messina; Tarros; X-Press; ZIM",8,15,6665.866666666667,1145.942857142857,700,4178,0,1,1,"{0,1,1,1}"
2024-03-31,ESALG,Algeciras,MAPTM,Tanger,13,13,"APL; Arkas Line; CMA CGM; Global Feeder Shipping; Hapag-Lloyd; Maersk Line; Marguisa; Naviera DAL; OOCL; SeaLand; X-Press; ZIM",12,59,38891.308333333334,6280.052380952382,700,10034,0,0,3,"{0,2,0,0,3,0,1,1,2,0,1,0,0}"
2024-03-31,ESALG,Algeciras,MTMAR,"Malta (Marsaxlokk)",1,1,"APL; CMA CGM; COSCO; Marfret; Marguisa",5,9,6870.111111111111,1377.3333333333333,6800,6927,2,2,2,{2}
2024-03-31,ESALG,Algeciras,NLRTM,Rotterdam,3,3,"COSCO; Hapag-Lloyd; Hyundai; Maersk Line; ONE; OOCL; SeaLand; Yang Ming",8,31,32628.93650793651,1995.3174603174602,4051,23964,3,4,4,"{3,4,4}"
2024-03-31,ESALG,Algeciras,OMSLL,Salalah,2,2,"APL; CMA CGM; Maersk Line; SeaLand",4,23,16070.484126984124,1456.1587301587301,4253,10500,22,22.5,23,"{23,22}"
2024-03-31,ESALG,Algeciras,PTLEI,Leixoes,1,1,"GS Lines",1,1,5499.428571428572,610.2857142857143,1604,1604,1,1,1,{1}
2024-03-31,ESALG,Algeciras,PTSIE,Sines,1,1,"Maersk Line; MSC; SeaLand",3,9,7495.888888888889,656.8888888888889,6478,9200,2,2,2,{2}
2024-03-31,ESALG,Algeciras,SAJED,Jeddah,1,1,"CMA CGM; COSCO; Hapag-Lloyd; ONE; OOCL",5,12,11818.166666666666,691.6666666666666,10106,14074,7,7,7,{7}
2024-03-31,ESALG,Algeciras,SGSIN,Singapore,2,2,"Hapag-Lloyd; Hyundai; Maersk Line; MSC; ONE; SeaLand; Yang Ming",7,29,41647.86666666667,1628.8666666666666,14952,24346,27,29,31,"{31,27}"
2024-03-31,ESALG,Algeciras,SNDKR,Dakar,1,1,"CMA CGM",1,5,3309.4,487.8,3091,3534,6,6,6,{6}
2024-03-31,ESALG,Algeciras,TGLFW,Lome,1,1,"Maersk Line",1,4,4496,262.5,4496,4496,9,9,9,{9}
2024-03-31,ESALG,Algeciras,TRISK,Iskenderun,1,1,"CMA CGM; COSCO; ONE; OOCL",4,6,4381.833333333333,369.3333333333333,4250,4600,5,5,5,{5}
2024-03-31,ESALG,Algeciras,USNYC,"New York NY/NJ",5,5,"APL; Arkas Line; CMA CGM; COSCO; Hapag-Lloyd; Maersk Line; MSC; ONE; OOCL; SeaLand; Turkon",11,43,25155.85714285714,3117.3333333333335,1878,8762,7,9,10,"{9,7,10,10,9}"
2024-03-31,ESALG,Algeciras,ZAZBA,"Ngqura (Coega)",1,1,"Hapag-Lloyd; Maersk Line; Marguisa; ONE; SeaLand",5,9,6980,1147.111111111111,6589,7154,15,15,15,{15}
2024-03-31,ESBCN,Barcelona,DOCAU,Caucedo,1,1,Hapag-Lloyd,1,8,2728.125,569.75,2586,2837,11,11,11,{11}
2024-03-31,ESBCN,Barcelona,DZAAE,Annaba,1,1,MSC,1,1,1098,220,1098,1098,1,1,1,{1}
2024-03-31,ESBCN,Barcelona,DZALG,Algiers,1,1,"Maersk Line; SeaLand",2,2,909.5,212,862,957,1,1,1,{1}
2024-03-31,ESBCN,Barcelona,DZBJA,Bejaia,1,1,MSC,1,1,2237.1428571428573,385.7142857142857,1740,1740,1,1,1,{1}
2024-03-31,ESBCN,Barcelona,DZSKI,Skikda,1,1,MSC,1,1,1730,200,1730,1730,1,1,1,{1}
2024-03-31,ESBCN,Barcelona,EGALY,Alexandria,1,1,"Hapag-Lloyd; ZIM",2,8,3917,301,3429,4839,5,5,5,{5}
2024-03-31,ESBCN,Barcelona,ESCAD,Cadiz,1,1,"Arkas Line; Boluda Lines; CMA CGM",3,2,803.5,180,803,804,3,3,3,{3}
2024-03-31,ESBCN,Barcelona,ESCAS,Castellon,1,1,"Borchard Lines Ltd",1,3,1216,200,1216,1216,1,1,1,{1}
2024-03-31,ESBCN,Barcelona,ESSAG,Sagunto,1,1,"Nisa Maritima",1,2,946,210,942,950,1,1,1,{1}
2024-03-31,ESBCN,Barcelona,ESVLC,Valencia,17,17,"APL; Arkas Line; CMA CGM; COSCO; Hapag-Lloyd; Hyundai; Maersk Line; Marfret; Marguisa; MSC; ONE; OOCL; SeaLand; WEC Lines; X-Press; Yang Ming; ZIM",17,127,95186.20896358544,8693.958916900096,700,16652,0,1,2,"{0,1,1,1,1,1,2,1,1,0,0,1,1,1,1,1,1}"
2024-03-31,ESBCN,Barcelona,FRFOS,"Marseilles-Fos (Fos)",2,2,"APL; CMA CGM; CNC Line-Cheng Lie Navigation Co. Ltd.; COSCO; Evergreen Line; Messina; OOCL",7,16,24104.395604395602,1854.8131868131868,3016,17292,1,1,1,"{1,1}"
2024-03-31,ESBCN,Barcelona,GRPIR,Piraeus,3,3,"Arkas Line; CMA CGM; Hapag-Lloyd; Hyundai; Maersk Line; ONE; SeaLand; Turkon; Yang Ming",9,21,18756.620512820515,1805.5692307692307,2452,16010,1,4,4,"{1,4,4}"
2024-03-31,ESBCN,Barcelona,ITGIT,"Gioia Tauro",2,2,"Maersk Line; MSC; SeaLand",3,23,31253.317460317463,2324.3174603174602,6478,24116,2,2,2,"{2,2}"
2024-03-31,ESBCN,Barcelona,ITGOA,Genoa,1,1,"Arkas Line; CMA CGM; Hapag-Lloyd; Maersk Line; OOCL; SeaLand",6,4,2469,381,2442,2478,1,1,1,{1}
2024-03-31,ESBCN,Barcelona,ITLIV,Leghorn,1,1,"Hapag-Lloyd; MSC; ZIM",3,9,9159.888888888889,1330,8762,9400,3,3,3,{3}
2024-03-31,ESBCN,Barcelona,MACAS,Casablanca,2,2,"CMA CGM; Global Feeder Shipping; ZIM",3,4,1175,276.66666666666663,296,907,2,2.5,3,"{3,2}"
2024-03-31,ESBCN,Barcelona,MTMAR,"Malta (Marsaxlokk)",1,1,MSC,1,5,4738.2,465.6,4300,5089,2,2,2,{2}
2024-03-31,ESBCN,Barcelona,SIKOP,Koper,1,1,"Tailwind Shipping Lines",1,6,9160.333333333334,1143,4957,6296,3,3,3,{3}
2024-03-31,ESBCN,Barcelona,TRALI,Aliaga,1,1,"Global Feeder Shipping; ONE",2,2,806,165,803,809,4,4,4,{4}
2024-03-31,ESBCN,Barcelona,TRAMB,"Istanbul (Ambarli)",1,1,Medkon,1,2,801.1428571428571,134.85714285714286,698,704,2,2,2,{2}
2024-03-31,ESBIO,Bilbao,BEANR,Antwerp,1,1,"MSC; WEC Lines",2,3,2031.6666666666667,330,1728,2474,2,2,2,{2}
2024-03-31,ESBIO,Bilbao,ESALG,Algeciras,1,1,"CMA CGM; Hapag-Lloyd; Maersk Line; Marguisa; OOCL; X-Press",6,3,872.3333333333334,212.66666666666666,862,887,3,3,3,{3}
2024-03-31,ESBIO,Bilbao,ESGIJ,Gijon,3,3,"CMA CGM; COSCO; Evergreen Line; MSC; WEC Lines; X-Press",6,9,3365.952380952381,660.5714285714286,868,2474,0,1,1,"{0,1,1}"
2024-03-31,ESBIO,Bilbao,GBLIV,Liverpool,2,2,"CMA CGM; MSC; WEC Lines",3,4,1718,360,850,868,2,2.5,3,"{2,3}"
2024-03-31,ESBIO,Bilbao,GBTHP,Thamesport,1,1,"Hapag-Lloyd; MSC; WEC Lines",3,2,1008,152.5,1008,1008,2,2,2,{2}
2024-03-31,ESBIO,Bilbao,GBTIL,Tilbury,2,2,"CMA CGM; Ellerman",2,3,1919.5,215,803,1036,2,2.5,3,"{2,3}"
2024-03-31,ESBIO,Bilbao,MXVER,Veracruz,1,1,Stinnes,1,3,3193.047619047619,208,771,904,16,16,16,{16}
2024-03-31,ESBIO,Bilbao,NLRTM,Rotterdam,1,1,Nirint,1,3,2254.285714285714,270,894,1368,3,3,3,{3}
2024-03-31,ESBIO,Bilbao,SRPBM,Paramaribo,1,1,"Europe Caribbean Line",1,4,624.8571428571429,,336,450,11,11,11,{11}
2024-03-31,ESCAD,Cadiz,ESALC,Alicante,1,1,"Arkas Line; Boluda Lines; CMA CGM",3,2,803.5,180,803,804,1,1,1,{1}
2024-03-31,ESCAD,Cadiz,ESCAR,"Cartagena, Spain",1,1,"MSC; WEC Lines",2,2,868,150,868,868,1,1,1,{1}
2024-03-31,ESCAD,Cadiz,ESHUV,Huelva,1,1,"CMA CGM",1,3,802.3333333333334,193.33333333333334,750,907,1,1,1,{1}
2024-03-31,ESCAD,Cadiz,ESLPA,"Las Palmas, Can Is",1,1,"Boluda Lines; CMA CGM",2,2,1036,250,1036,1036,2,2,2,{2}
2024-03-31,ESCAD,Cadiz,ESSPC,"Santa Cruz de la Palma",1,1,"Arkas Line; Boluda Lines; CMA CGM",3,2,803.5,180,803,804,2,2,2,{2}
2024-03-31,ESCAD,Cadiz,PTSET,Setubal,1,1,Ellerman,1,2,919.5,215,803,1036,1,1,1,{1}
2024-03-31,ESCAR,"Cartagena, Spain",ESVLC,Valencia,1,1,"MSC; WEC Lines",2,2,868,150,868,868,1,1,1,{1}
2024-03-31,ESCAS,Castellon,ESBCN,Barcelona,2,2,"Arkas Line; CMA CGM; Hapag-Lloyd; Maersk Line; Messina; SeaLand; Turkon",7,6,11556.52380952381,1113.4285714285716,2452,4406,0,0.5,1,"{0,1}"
2024-03-31,ESCAS,Castellon,ITGOA,Genoa,1,1,"Borchard Lines Ltd",1,3,1216,200,1216,1216,2,2,2,{2}
2024-03-31,ESCAS,Castellon,ITSAL,Salerno,1,1,"Borchard Lines Ltd",1,5,868,166.8,868,868,3,3,3,{3}
2024-03-31,ESCAS,Castellon,PTLEI,Leixoes,1,1,"Borchard Lines Ltd",1,5,868,166.8,868,868,3,3,3,{3}
2024-03-31,ESFRO,Ferrol,ESLPA,"Las Palmas, Can Is",1,1,"CMA CGM",1,3,802.3333333333334,193.33333333333334,750,907,3,3,3,{3}
2024-03-31,ESFRO,Ferrol,GBTIL,Tilbury,1,1,"CMA CGM",1,2,916.5,178.5,877,956,2,2,2,{2}
2024-03-31,ESFRO,Ferrol,IEDUB,Dublin,1,1,"CMA CGM",1,2,635,82.5,889,889,1,1,1,{1}
2024-03-31,ESFUE,"Puerto del Rosario",ESACE,Arrecife,1,1,"MSC; WEC Lines",2,2,868,150,868,868,1,1,1,{1}
2024-03-31,ESGIJ,Gijon,ESBIO,Bilbao,2,2,"CMA CGM; Hapag-Lloyd; Maersk Line; Marguisa; MSC; OOCL; WEC Lines; X-Press",8,6,2904,542.6666666666666,862,2474,0,1,2,"{2,0}"
2024-03-31,ESGIJ,Gijon,ESVGO,Vigo,2,2,"MSC; WEC Lines",2,6,2899.666666666667,564,868,2474,1,1,1,"{1,1}"
2024-03-31,ESGIJ,Gijon,NLRTM,Rotterdam,1,1,"CMA CGM; COSCO; Evergreen Line; X-Press",4,3,466.2857142857143,96.57142857142857,868,1528,3,3,3,{3}
2024-03-31,ESHUV,Huelva,GBTIL,Tilbury,1,1,"CMA CGM",1,3,802.3333333333334,193.33333333333334,750,907,4,4,4,{4}
2024-03-31,ESLPA,"Las Palmas, Can Is",ESALG,Algeciras,1,1,"CMA CGM",1,5,1618.6,340.6,1350,1740,8,8,8,{8}
2024-03-31,ESLPA,"Las Palmas, Can Is",ESCAD,Cadiz,1,1,"Arkas Line; Boluda Lines; CMA CGM",3,2,803.5,180,803,804,4,4,4,{4}
2024-03-31,ESLPA,"Las Palmas, Can Is",ESSCT,Tenerife,5,5,"CMA CGM; MSC; Nisa Maritima; WEC Lines; Yaiza Shipping",5,11,3690.3333333333335,787.3333333333334,206,950,1,1,1,"{1,1,1,1,1}"
2024-03-31,ESLPA,"Las Palmas, Can Is",ESSPC,"Santa Cruz de la Palma",4,4,"Arkas Line; Boluda Lines; CMA CGM",3,8,2897.5,685.2857142857142,500,1036,0,0.5,1,"{0,0,1,1}"
2024-03-31,ESLPA,"Las Palmas, Can Is",ESVLC,Valencia,1,1,"Hapag-Lloyd; MSC; ZIM",3,9,9159.888888888889,1330,8762,9400,3,3,3,{3}
2024-03-31,ESLPA,"Las Palmas, Can Is",GBTIL,Tilbury,1,1,MSC,1,6,5557.833333333333,605.3333333333334,5059,6008,3,3,3,{3}
2024-03-31,ESLPA,"Las Palmas, Can Is",ITGIT,"Gioia Tauro",1,1,MSC,1,8,5684.125,526.25,5550,5888,19,19,19,{19}
2024-03-31,ESLPA,"Las Palmas, Can Is",MAAGA,Agadir,2,2,"CMA CGM; Hapag-Lloyd; Maersk Line; Marguisa; MSC; OOCL; X-Press",7,9,3368.190476190476,398.3809523809524,862,3007,1,1,1,"{1,1}"
2024-03-31,ESLPA,"Las Palmas, Can Is",NLRTM,Rotterdam,1,1,"MSC; Stinnes",2,9,9092.777777777777,1240.2222222222222,5782,12119,6,6,6,{6}
2024-03-31,ESLPA,"Las Palmas, Can Is",SNDKR,Dakar,2,2,MSC,1,14,8179.982142857143,711.9642857142858,2440,5888,3,3,3,"{3,3}"
2024-03-31,ESLPA,"Las Palmas, Can Is",ZACPT,"Cape Town",1,1,"MSC; Stinnes",2,9,9092.777777777777,1240.2222222222222,5782,12119,15,15,15,{15}
2024-03-31,ESMOT,Motril,ITSVN,Savona,1,1,"G2 Ocean",1,3,7273.142857142857,,945,1914,0,0,0,{0}
2024-03-31,ESMPG,Marin,ESALG,Algeciras,1,1,X-Press,1,1,862,234,862,862,2,2,2,{2}
2024-03-31,ESSAG,Sagunto,ESALG,Algeciras,1,1,"Arkas Line; CMA CGM; Hapag-Lloyd",3,7,3719,821.2857142857143,2475,4115,1,1,1,{1}
2024-03-31,ESSAG,Sagunto,ESLPA,"Las Palmas, Can Is",1,1,"Nisa Maritima",1,2,946,210,942,950,4,4,4,{4}
2024-03-31,ESSCT,Tenerife,BEANR,Antwerp,1,1,"Grimaldi Lines",1,4,2642,,1321,1321,7,7,7,{7}
2024-03-31,ESSCT,Tenerife,BJCOO,Cotonou,1,1,"Grimaldi Lines",1,6,1727.1666666666667,,1318,2000,8,8,8,{8}
2024-03-31,ESSCT,Tenerife,ESACE,Arrecife,1,1,"Nisa Maritima",1,2,946,210,942,950,1,1,1,{1}
2024-03-31,ESSCT,Tenerife,ESALC,Alicante,1,1,"Yaiza Shipping",1,1,206,,206,206,2,2,2,{2}
2024-03-31,ESSCT,Tenerife,ESFUE,"Puerto del Rosario",1,1,"MSC; WEC Lines",2,2,868,150,868,868,1,1,1,{1}
2024-03-31,ESSCT,Tenerife,ESLPA,"Las Palmas, Can Is",1,1,"CMA CGM; Hapag-Lloyd; Maersk Line; Marguisa; OOCL; X-Press",6,3,872.3333333333334,212.66666666666666,862,887,0,0,0,{0}
2024-03-31,ESSCT,Tenerife,MAAGA,Agadir,1,1,"MSC; WEC Lines",2,3,868,234,868,868,1,1,1,{1}
2024-03-31,ESSCT,Tenerife,MACAS,Casablanca,1,1,"CMA CGM",1,3,802.3333333333334,193.33333333333334,750,907,2,2,2,{2}
2024-03-31,ESSPC,"Santa Cruz de la Palma",ESACE,Arrecife,1,1,"CMA CGM",1,2,500,125,500,500,1,1,1,{1}
2024-03-31,ESSPC,"Santa Cruz de la Palma",ESALC,Alicante,1,1,"CMA CGM",1,2,558,130.28571428571428,917,1036,3,3,3,{3}
2024-03-31,ESSPC,"Santa Cruz de la Palma",ESLPA,"Las Palmas, Can Is",2,1,"Arkas Line; Boluda Lines; CMA CGM",3,4,1607,360,803,804,0,0,0,"{0,0}"
2024-03-31,ESSPC,"Santa Cruz de la Palma",ESVLC,Valencia,1,1,"Boluda Lines; CMA CGM",2,2,1036,250,1036,1036,7,7,7,{7}
2024-03-31,ESSVQ,Seville,ESLPA,"Las Palmas, Can Is",1,1,"CMA CGM",1,2,500,125,500,500,1,1,1,{1}
2024-03-31,ESVGO,Vigo,CASJF,"St John's, Newfoundland",1,1,"Arkas Line; CMA CGM; Hapag-Lloyd",3,7,3719,821.2857142857143,2475,4115,8,8,8,{8}
2024-03-31,ESVGO,Vigo,DZORN,Oran,1,1,"CMA CGM",1,2,1321,329,1304,1338,3,3,3,{3}
2024-03-31,ESVGO,Vigo,ESBIO,Bilbao,2,2,"MSC; Nirint; WEC Lines",3,6,3122.285714285714,504,868,1368,1,2,3,"{3,1}"
2024-03-31,ESVGO,Vigo,ESMPG,Marin,1,1,X-Press,1,1,862,234,862,862,0,0,0,{0}
2024-03-31,ESVGO,Vigo,MAPTM,Tanger,2,2,"CMA CGM; Hapag-Lloyd",2,12,3894.0535714285716,879.1785714285714,1220,2837,0,1,2,"{0,2}"
2024-03-31,ESVGO,Vigo,NLRTM,Rotterdam,1,1,"CMA CGM; Evergreen Line; OOCL; X-Press",4,2,1275.357142857143,282.85714285714283,1762,1809,3,3,3,{3}
2024-03-31,ESVGO,Vigo,PTLEI,Leixoes,4,4,"CMA CGM; Global Feeder Shipping; Hapag-Lloyd; MACS; MSC; WEC Lines; ZIM",7,13,7731.595238095238,625.1666666666666,862,2208,0,1,5,"{5,1,0,1}"
2024-03-31,ESVGO,Vigo,PTLIS,Lisbon,1,1,"APL; Arkas Line; CMA CGM; Marguisa; X-Press; ZIM",6,3,708,116.66666666666667,700,724,1,1,1,{1}
2024-03-31,ESVGO,Vigo,PTSET,Setubal,1,1,"MSC; WEC Lines",2,3,868,234,868,868,1,1,1,{1}
2024-03-31,ESVGO,Vigo,PTSIE,Sines,1,1,"MSC; WEC Lines",2,3,2031.6666666666667,330,1728,2474,1,1,1,{1}
2024-03-31,ESVLC,Valencia,BRSUA,Suape,1,1,"Hapag-Lloyd; MSC; ZIM",3,9,9159.888888888889,1330,8762,9400,13,13,13,{13}
2024-03-31,ESVLC,Valencia,CAHAL,Halifax,1,1,"Hapag-Lloyd; ZIM",2,8,3917,301,3429,4839,10,10,10,{10}
2024-03-31,ESVLC,Valencia,CAMTR,Montreal,1,1,MSC,1,5,4542.8,472.8,3987,5100,9,9,9,{9}
2024-03-31,ESVLC,Valencia,DZALG,Algiers,5,5,"CNAN-MED; Messina; MSC; Tarros; X-Press",5,10,5920.190476190476,1007.8095238095239,387,1842,0,1,3,"{1,0,3,1,1}"
2024-03-31,ESVLC,Valencia,DZORN,Oran,2,2,"CMA CGM; MSC",2,3,2354.285714285714,345,1100,1756,1,1.5,2,"{2,1}"
2024-03-31,ESVLC,Valencia,EGDAM,Damietta,1,1,"CMA CGM; COSCO; Hapag-Lloyd; OOCL",4,12,8113,729.1666666666666,7179,9326,4,4,4,{4}
2024-03-31,ESVLC,Valencia,ESALG,Algeciras,5,5,"APL; Arkas Line; CMA CGM; Maersk Line; Marguisa; MSC; Naviera DAL; SeaLand; X-Press; ZIM",10,26,16326.255555555555,2012.5222222222221,700,9200,2,2,3,"{2,2,2,3,3}"
2024-03-31,ESVLC,Valencia,ESBCN,Barcelona,13,13,"APL; Arkas Line; CMA CGM; CNC Line-Cheng Lie Navigation Co. Ltd.; COSCO; Evergreen Line; Global Feeder Shipping; Hapag-Lloyd; Maersk Line; Medkon; MSC; ONE; OOCL; SeaLand; WEC Lines; ZIM",16,65,67618.34163614163,6826.651282051283,698,24116,0,1,2,"{2,0,2,1,1,2,2,1,2,0,2,0,0}"
2024-03-31,ESVLC,Valencia,ESCAD,Cadiz,1,1,"Boluda Lines; CMA CGM",2,2,1036,250,1036,1036,3,3,3,{3}
2024-03-31,ESVLC,Valencia,ESCAS,Castellon,1,1,"Arkas Line; CMA CGM; Hapag-Lloyd; Maersk Line; SeaLand; Turkon",6,3,2609.6666666666665,462,2452,2824,0,0,0,{0}
2024-03-31,ESVLC,Valencia,ESLPA,"Las Palmas, Can Is",2,2,"MSC; WEC Lines",2,10,6552.125,676.25,868,5888,3,3.5,4,"{3,4}"
2024-03-31,ESVLC,Valencia,FRSET,Sete,1,1,"Grimaldi Lines",1,4,3092.1428571428573,,1318,1568,2,2,2,{2}
2024-03-31,ESVLC,Valencia,GBLGP,"London Gateway",1,1,"MSC; ZIM",2,5,6818.6,380,6644,7000,5,5,5,{5}
2024-03-31,ESVLC,Valencia,GRPIR,Piraeus,3,3,"CMA CGM; CNC Line-Cheng Lie Navigation Co. Ltd.; COSCO; Evergreen Line; Hapag-Lloyd; OOCL",6,35,44080.878787878784,1966.6666666666665,7179,21413,3,4,4,"{3,4,4}"
2024-03-31,ESVLC,Valencia,ITCVV,Civitavecchia,1,1,Hapag-Lloyd,1,8,2728.125,569.75,2586,2837,1,1,1,{1}
2024-03-31,ESVLC,Valencia,ITGIT,"Gioia Tauro",2,2,"Maersk Line; MSC; SeaLand; WEC Lines",4,12,16841.571428571428,1534.1142857142856,7846,9200,2,2.5,3,"{2,3}"
2024-03-31,ESVLC,Valencia,ITGOA,Genoa,1,1,"Hapag-Lloyd; Hyundai; ONE; Yang Ming",4,15,12458.6,635.5333333333334,13100,15500,2,2,2,{2}
2024-03-31,ESVLC,Valencia,ITLIV,Leghorn,1,1,"Hapag-Lloyd; ZIM",2,7,4803.714285714285,373.14285714285717,4253,5087,3,3,3,{3}
2024-03-31,ESVLC,Valencia,ITSPE,"La Spezia",1,1,"ANL; APL; CMA CGM; MSC",4,16,8965.6875,796.5,8269,9572,1,1,1,{1}
2024-03-31,ESVLC,Valencia,MACAS,Casablanca,3,3,"Arkas Line; Evergreen Line; Maersk Line; Marguisa; MSC; SeaLand; WEC Lines",7,8,7855.642857142857,857.9285714285714,1200,4340,2,2,3,"{3,2,2}"
2024-03-31,ESVLC,Valencia,MAPTM,Tanger,1,1,"APL; CMA CGM; COSCO; Marfret; Marguisa",5,9,6870.111111111111,1377.3333333333333,6800,6927,1,1,1,{1}
2024-03-31,ESVLC,Valencia,MXVER,Veracruz,2,2,"CMA CGM; COSCO; Hapag-Lloyd; OOCL; ZIM",5,14,7272.428571428571,778.2857142857143,1740,5087,14,14,14,"{14,14}"
2024-03-31,ESVLC,Valencia,PTSIE,Sines,4,4,MSC,1,46,40958.04705882353,2404.673202614379,4300,16652,1,2,2,"{2,2,2,1}"
2024-03-31,ESVLC,Valencia,USNYC,"New York NY/NJ",1,1,"APL; CMA CGM; COSCO; Hapag-Lloyd; ONE; OOCL; Yang Ming; ZIM",8,6,8537.166666666666,716.6666666666666,8063,8749,11,11,11,{11}
2024-03-31,FIHEL,Helsinki,DELBC,Lubeck,1,1,"Finnlines Services",1,1,470,75,470,470,2,2,2,{2}
2024-03-31,FIHEL,Helsinki,EETLL,"Tallinn Estonia",2,2,"CMA CGM",1,4,2828.5,737.5,1400,1436,1,1,1,"{1,1}"
2024-03-31,FIHEL,Helsinki,FIKTK,Kotka,1,1,"ONE; X-Press; Yang Ming",3,2,1036,250,1036,1036,0,0,0,{0}
2024-03-31,FIHEL,Helsinki,FIRAU,"Rauma Finland",2,2,"Hapag-Lloyd; MSC; ONE",3,4,3315,701,1440,1875,0,0.5,1,"{0,1}"
2024-03-31,FIHEL,Helsinki,PLGDN,Gdansk,3,3,"APL; CMA CGM; COSCO; ONE; OOCL; Unifeeder",6,5,3498.785714285714,767.8571428571429,1025,1638,1,2,3,"{2,3,1}"
2024-03-31,FIKTK,Kotka,BEANR,Antwerp,1,1,"ONE; X-Press; Yang Ming",3,2,1036,250,1036,1036,4,4,4,{4}
2024-03-31,FIKTK,Kotka,DEBRV,Bremerhaven,1,1,"Maersk Line; SeaLand",2,4,3596,600,3596,3596,4,4,4,{4}
2024-03-31,FIKTK,Kotka,FIHEL,Helsinki,4,4,"CMA CGM; COSCO; Finnlines Services; OOCL; Unifeeder",5,6,4514,994.5,470,1638,0,1,1,"{1,0,1,1}"
2024-03-31,FIKTK,Kotka,NLRTM,Rotterdam,1,1,"CMA CGM; COSCO; Evergreen Line; OOCL; Samskip; Unifeeder",6,2,1055,242.5,1025,1085,4,4,4,{4}
2024-03-31,FIOUL,"Oulu Finland",DEHAM,Hamburg,2,2,"APL; CMA CGM; X-Press",3,2,4144,1000,1036,1036,5,6,7,"{5,7}"
2024-03-31,FIRAU,"Rauma Finland",BEANR,Antwerp,1,1,MSC,1,2,1875,385,1875,1875,5,5,5,{5}
2024-03-31,FIRAU,"Rauma Finland",DEBRV,Bremerhaven,1,1,"CMA CGM",1,2,1000,,1000,1000,5,5,5,{5}
2024-03-31,FIRAU,"Rauma Finland",DEHAM,Hamburg,1,1,"Hapag-Lloyd; ONE",2,2,1440,316,1440,1440,2,2,2,{2}
2024-03-31,FITOR,"Tornio Finland",FIOUL,"Oulu Finland",2,2,"APL; CMA CGM; X-Press",3,2,4144,1000,1036,1036,1,1,1,"{1,1}"
2024-03-31,FJLTK,Lautoka,AUBEL,"Bell Bay, TAS",1,1,MSC,1,3,1437.6666666666667,289,1114,2078,2,2,2,{2}
2024-03-31,FJLTK,Lautoka,FJSUV,Suva,5,5,"Kyowa; NPDL; NYK Bulk and Projects; ONE; Swire Shipping",5,11,16767.142857142855,418,519,2082,0,1,1,"{1,0,1,1,1}"
2024-03-31,FJLTK,Lautoka,MHMAJ,Majuro,1,1,"COSCO; MELL; NPDL; PIL",4,3,2160,400,1080,1080,5,5,5,{5}
2024-03-31,FJLTK,Lautoka,NZTRG,Tauranga,1,1,"ANL; NPDL",2,1,2204,440,1102,1102,3,3,3,{3}
2024-03-31,FJLTK,Lautoka,PGRAB,Rabaul,1,1,"Carpenters Shipping; Swire Shipping",2,3,4971.285714285715,533.4761904761905,1678,2381,6,6,6,{6}
2024-03-31,FJSUV,Suva,FJLTK,Lautoka,4,4,"ANL; Carpenters Shipping; COSCO; MELL; MSC; NPDL; PIL; Swire Shipping",8,10,10772.952380952382,1662.4761904761904,1080,2381,0,1,2,"{1,0,1,2}"
2024-03-31,FJSUV,Suva,SBHIR,Honiara,1,1,"Carpenters Shipping; Swire Shipping",2,3,4849.523809523809,813.7142857142857,1794,2381,5,5,5,{5}
2024-03-31,FJSUV,Suva,TOTBU,Nuku'alofa,3,3,"Kyowa; NYK Bulk and Projects; ONE; Swire Shipping",4,8,11504.142857142857,,914,2082,2,2,2,"{2,2,2}"
2024-03-31,FJSUV,Suva,VUSAN,Santo,1,1,NPDL,1,1,2595,,519,519,5,5,5,{5}
2024-03-31,FJSUV,Suva,VUVLI,"Port Vila",1,1,"Swire Shipping",1,2,2668,418,1118,1550,2,2,2,{2}
2024-03-31,FMKSA,Kosrae,FMPNI,Pohnpei,1,1,"COSCO; MELL; NPDL; PIL",4,3,2160,400,1080,1080,2,2,2,{2}
2024-03-31,FMPNI,Pohnpei,CNNSA,Nansha,1,1,"COSCO; MELL; NPDL; PIL",4,3,2160,400,1080,1080,8,8,8,{8}
2024-03-31,FMYAP,Yap,PWROR,Koror,1,1,MELL,1,1,2331,300,777,777,2,2,2,{2}
2024-03-31,FOTHO,Thorshavn,DEBRV,Bremerhaven,1,1,"Eimskip; Royal Arctic Line",2,3,2148,500,2148,2148,2,2,2,{2}
2024-03-31,FOTHO,Thorshavn,GBIMM,Immingham,2,2,Eimskip,1,2,3146,700,698,875,2,2.5,3,"{3,2}"
2024-03-31,FOTHO,Thorshavn,ISREY,Reykjavik,2,2,Eimskip,1,2,3146,700,698,875,2,2.5,3,"{2,3}"
2024-03-31,FRCFR,Caen,BEANR,Antwerp,1,1,"BOCS-Bremen Overseas Chartering and Shipping",1,3,953,,953,953,3,3,3,{3}
2024-03-31,FRDKK,Dunkirk,BEANR,Antwerp,2,2,"CMA CGM",1,8,5324.5,681.8333333333333,877,4957,1,1,1,"{1,1}"
2024-03-31,FRDKK,Dunkirk,DEHAM,Hamburg,1,1,"CMA CGM; CNC Line-Cheng Lie Navigation Co. Ltd.; COSCO; Evergreen Line; OOCL",5,15,17776.466666666667,1175.0666666666668,17292,20600,2,2,2,{2}
2024-03-31,FRDKK,Dunkirk,FRLEH,"Le Havre",3,3,"ANL; APL; CMA CGM; COSCO; Hapag-Lloyd; Marfret; MSC; ONE; OOCL",9,32,19786.714285714283,1950.1428571428569,2256,14074,1,1,1,"{1,1,1}"
2024-03-31,FRDKK,Dunkirk,FRMTX,Montoir,1,1,"BG Freight Line; CMA CGM",2,1,868,150,868,868,1,1,1,{1}
2024-03-31,FRDKK,Dunkirk,GBLGP,"London Gateway",1,1,"CMA CGM; Marfret",2,6,3672,746.3333333333334,3430,4045,1,1,1,{1}
2024-03-31,FRDKK,Dunkirk,GBLIV,Liverpool,1,1,"CMA CGM",1,2,1371,374.5,1338,1404,1,1,1,{1}
2024-03-31,FRDKK,Dunkirk,NLVLI,Flushing,1,1,"CMA CGM",1,1,2000,,1000,1000,1,1,1,{1}
2024-03-31,FRFOS,"Marseilles-Fos (Fos)",DZALG,Algiers,1,1,MSC,1,2,1118,220,1118,1118,2,2,2,{2}
2024-03-31,FRFOS,"Marseilles-Fos (Fos)",DZBJA,Bejaia,1,1,"CMA CGM",1,2,1256,218,1208,1304,3,3,3,{3}
2024-03-31,FRFOS,"Marseilles-Fos (Fos)",ESBCN,Barcelona,5,5,"APL; Arkas Line; CMA CGM; COSCO; Hapag-Lloyd; Hyundai; Maersk Line; Marguisa; MSC; ONE; OOCL; SeaLand; Yang Ming; ZIM",14,52,46162.46757164404,3271.2202111613874,1604,16652,1,1,2,"{1,2,1,1,1}"
2024-03-31,FRFOS,"Marseilles-Fos (Fos)",ESSAG,Sagunto,1,1,"Arkas Line; CMA CGM; Hapag-Lloyd",3,7,3719,821.2857142857143,2475,4115,1,1,1,{1}
2024-03-31,FRFOS,"Marseilles-Fos (Fos)",ESVLC,Valencia,4,4,"Arkas Line; CMA CGM; CNC Line-Cheng Lie Navigation Co. Ltd.; COSCO; Evergreen Line; Hapag-Lloyd; Maersk Line; MSC; OOCL; SeaLand; Turkon",11,25,25495.003787878788,1971.25,1114,20988,1,1,2,"{1,1,2,1}"
2024-03-31,FRFOS,"Marseilles-Fos (Fos)",ITGOA,Genoa,3,3,"APL; CMA CGM; CNC Line-Cheng Lie Navigation Co. Ltd.; COSCO; Evergreen Line; Messina; OOCL; ZIM",8,18,25383.895604395602,2124.813186813187,1155,17292,1,1,2,"{1,1,2}"
2024-03-31,FRFOS,"Marseilles-Fos (Fos)",ITSPE,"La Spezia",1,1,MSC,1,15,9291.866666666667,790.4,8386,12119,1,1,1,{1}
2024-03-31,FRFOS,"Marseilles-Fos (Fos)",REPDG,"Reunion Island",1,1,"ANL; APL; CMA CGM; MSC",4,16,8965.6875,796.5,8269,9572,17,17,17,{17}
2024-03-31,FRLEH,"Le Havre",BEANR,Antwerp,3,3,"APL; CMA CGM; COSCO; Evergreen Line; Hapag-Lloyd; MSC; OOCL",7,18,14865.470238095237,1679.9523809523807,3007,8530,1,2,4,"{1,4,2}"
2024-03-31,FRLEH,"Le Havre",DEWVN,Wilhelmshaven,1,1,"Hapag-Lloyd; Hyundai; ONE; Yang Ming",4,13,18733.53846153846,1115.3846153846155,14993,20150,2,2,2,{2}
2024-03-31,FRLEH,"Le Havre",DOCAU,Caucedo,1,1,"CMA CGM; COSCO; Hapag-Lloyd; Maersk Line; OOCL",5,10,10185.2,1502,9010,11519,11,11,11,{11}
2024-03-31,FRLEH,"Le Havre",EGDAM,Damietta,1,1,"COSCO; Hapag-Lloyd; ONE; OOCL; Yang Ming",5,11,5980.090909090909,519.2727272727273,5500,8749,9,9,9,{9}
2024-03-31,FRLEH,"Le Havre",ESALG,Algeciras,1,1,"CMA CGM; COSCO; Hapag-Lloyd; ONE; OOCL",5,12,11818.166666666666,691.6666666666666,10106,14074,4,4,4,{4}
2024-03-31,FRLEH,"Le Havre",ESGIJ,Gijon,1,1,"MSC; WEC Lines",2,3,2031.6666666666667,330,1728,2474,1,1,1,{1}
2024-03-31,FRLEH,"Le Havre",ESVGO,Vigo,1,1,"CMA CGM",1,4,1165.9285714285713,309.42857142857144,1220,1440,3,3,3,{3}
2024-03-31,FRLEH,"Le Havre",ESVLC,Valencia,2,2,"ANL; APL; CMA CGM; MSC",4,21,13703.8875,1262.1,4300,9572,4,4,4,"{4,4}"
2024-03-31,FRLEH,"Le Havre",FRDKK,Dunkirk,1,1,"CMA CGM; CNC Line-Cheng Lie Navigation Co. Ltd.; COSCO; Evergreen Line; OOCL",5,15,17776.466666666667,1175.0666666666668,17292,20600,2,2,2,{2}
2024-03-31,FRLEH,"Le Havre",FRMTX,Montoir,2,2,"CMA CGM; Marfret",2,12,8080,1249.6666666666667,3430,4957,1,1.5,2,"{1,2}"
2024-03-31,FRLEH,"Le Havre",GBLGP,"London Gateway",2,2,"Hapag-Lloyd; MSC; ONE",3,20,14666.725274725275,1123.6153846153848,4890,9640,1,1.5,2,"{1,2}"
2024-03-31,FRLEH,"Le Havre",GBLIV,Liverpool,1,1,"COSCO; Hapag-Lloyd; MSC; OOCL",4,5,4456,570.8,3016,5060,2,2,2,{2}
2024-03-31,FRLEH,"Le Havre",GHTEM,Tema,1,1,MSC,1,6,5557.833333333333,605.3333333333334,5059,6008,3,3,3,{3}
2024-03-31,FRLEH,"Le Havre",ILASH,Ashdod,1,1,"MSC; ZIM",2,5,6818.6,380,6644,7000,6,6,6,{6}
2024-03-31,FRLEH,"Le Havre",MACAS,Casablanca,1,1,MSC,1,6,2495.8571428571427,185.71428571428572,2440,3007,4,4,4,{4}
2024-03-31,FRLEH,"Le Havre",MAPTM,Tanger,2,2,"Maersk Line; MSC; SeaLand",3,28,33888.22051282052,1615.5076923076922,15226,23656,4,4,4,"{4,4}"
2024-03-31,FRLEH,"Le Havre",MTMAR,"Malta (Marsaxlokk)",1,1,"CMA CGM; ONE",2,6,4957,433.6666666666667,4268,5700,7,7,7,{7}
2024-03-31,FRLEH,"Le Havre",NLRTM,Rotterdam,2,2,"ACL-Atlantic Container Line; CMA CGM; Hapag-Lloyd; ONE; Yang Ming",5,16,12940.145454545454,1830,4882,8073,1,1,1,"{1,1}"
2024-03-31,FRLEH,"Le Havre",PTSIE,Sines,2,2,"Hapag-Lloyd; MSC; Stinnes",3,19,18417.577777777777,2525.722222222222,5782,12119,2,2.5,3,"{3,2}"
2024-03-31,FRLEH,"Le Havre",SGSIN,Singapore,2,2,"ANL; APL; CMA CGM; CNC Line-Cheng Lie Navigation Co. Ltd.; COSCO; Evergreen Line; Hapag-Lloyd; Hyundai; ONE; OOCL; Yang Ming",11,31,29921.920168067227,2574.6638655462184,8212,23112,28,28.5,29,"{28,29}"
2024-03-31,FRLEH,"Le Havre",SNDKR,Dakar,1,1,"Grimaldi Lines",1,3,2479.2380952380954,,612,1321,7,7,7,{7}
2024-03-31,FRLEH,"Le Havre",USBOS,"Boston MA",1,1,"Ellerman; MSC",2,11,5504.363636363637,1242,4112,13102,8,8,8,{8}
2024-03-31,FRLEH,"Le Havre",USNYC,"New York NY/NJ",3,3,"ANL; APL; CMA CGM; COSCO; Evergreen Line; Maersk Line; Marfret; MSC; OOCL",9,27,17193.47619047619,1822.7380952380954,2256,13208,8,9,11,"{11,9,8}"
2024-03-31,FRLRH,"La Rochelle",FRCFR,Caen,1,1,"BOCS-Bremen Overseas Chartering and Shipping",1,3,953,,953,953,3,3,3,{3}
2024-03-31,FRLRH,"La Rochelle",VGRAD,Tortola,1,1,Soreidom,1,1,492.85714285714283,,138,138,13,13,13,{13}
2024-03-31,FRMRS,"Marseilles-Fos (Marseilles)",DZALG,Algiers,1,1,"CMA CGM",1,2,835.5,177,809,862,2,2,2,{2}
2024-03-31,FRMRS,"Marseilles-Fos (Marseilles)",DZMOS,Mostaganem,1,1,"CMA CGM",1,1,303,,303,303,2,2,2,{2}
2024-03-31,FRMRS,"Marseilles-Fos (Marseilles)",DZSKI,Skikda,1,1,"CMA CGM",1,5,1875,353.8,1740,2260,6,6,6,{6}
2024-03-31,FRMRS,"Marseilles-Fos (Marseilles)",ESBCN,Barcelona,3,3,"APL; Borchard Lines Ltd; CMA CGM; COSCO; Marfret; Marguisa",6,13,8382.111111111111,1631.3333333333333,296,6927,1,1,1,"{1,1,1}"
2024-03-31,FRMRS,"Marseilles-Fos (Marseilles)",ESVLC,Valencia,1,1,"CNAN-MED; Messina; Tarros",3,2,2182.8571428571427,297.14285714285717,1528,1528,1,1,1,{1}
2024-03-31,FRMRS,"Marseilles-Fos (Marseilles)",ITGOA,Genoa,2,2,"Arkas Line; CMA CGM; Grimaldi Lines; Messina; Tarros",5,10,4784.809523809524,276.3333333333333,1318,1930,1,1,1,"{1,1}"
2024-03-31,FRMRS,"Marseilles-Fos (Marseilles)",TNTUN,Tunis,1,1,"CMA CGM",1,2,230,25.714285714285715,760,850,2,2,2,{2}
2024-03-31,FRMTX,Montoir,ESALG,Algeciras,1,1,"CMA CGM",1,6,4408,503.3333333333333,4253,4957,3,3,3,{3}
2024-03-31,FRMTX,Montoir,GBSOU,Southampton,1,1,"BG Freight Line; CMA CGM",2,1,868,150,868,868,2,2,2,{2}
2024-03-31,FRMTX,Montoir,GPPTP,Pointe-a-Pitre,1,1,"CMA CGM; Marfret",2,6,3672,746.3333333333334,3430,4045,8,8,8,{8}
2024-03-31,FRSET,Sete,FRMRS,"Marseilles-Fos (Marseilles)",1,1,"Grimaldi Lines",1,4,3092.1428571428573,,1318,1568,1,1,1,{1}
2024-03-31,FRURO,Rouen,CIABJ,Abidjan,1,1,"BOCS-Bremen Overseas Chartering and Shipping",1,3,953,,953,953,16,16,16,{16}
2024-03-31,FRURO,Rouen,GPPTP,Pointe-a-Pitre,1,1,"Europe Caribbean Line; Seatrade",2,7,331.85714285714283,86.28571428571429,72,439,10,10,10,{10}
2024-03-31,GALBV,Libreville,BEANR,Antwerp,1,1,"Grimaldi Lines",1,3,2479.2380952380954,,612,1321,19,19,19,{19}
2024-03-31,GALBV,Libreville,CGPNR,"Pointe Noire",1,1,"BOCS-Bremen Overseas Chartering and Shipping",1,3,953,,953,953,6,6,6,{6}
2024-03-31,GALBV,Libreville,CMKBI,Kribi,1,1,"CMA CGM; Hapag-Lloyd",2,8,4047.375,551,3237,4431,1,1,1,{1}
2024-03-31,GAPOG,"Port Gentil",CMDLA,Douala,1,1,"BOCS-Bremen Overseas Chartering and Shipping",1,3,953,,953,953,6,6,6,{6}
2024-03-31,GBBEL,Belfast,BEANR,Antwerp,1,1,"CMA CGM; Eucon; Hapag-Lloyd",3,1,972,170,972,972,3,3,3,{3}
2024-03-31,GBBEL,Belfast,GBGRK,Greenock,2,2,"BG Freight Line; CMA CGM",2,3,2239,608.5,868,1404,0,0.5,1,"{1,0}"
2024-03-31,GBBEL,Belfast,IEDUB,Dublin,1,1,"CMA CGM; Unifeeder; X-Press",3,1,803,180,803,803,1,1,1,{1}
2024-03-31,GBBEL,Belfast,NLRTM,Rotterdam,1,1,"BG Freight Line; CMA CGM",2,2,717.1428571428571,180.71428571428572,1004,1004,4,4,4,{4}
2024-03-31,GBDVR,Dover,GYGEO,"Georgetown, Guyana",1,1,Soreidom,1,2,1095.2857142857142,31.428571428571427,348,349,14,14,14,{14}
2024-03-31,GBDVR,Dover,NLVLI,Flushing,1,1,"Europe Caribbean Line; Seatrade",2,7,331.85714285714283,86.28571428571429,72,439,3,3,3,{3}
2024-03-31,GBFXT,Felixstowe,BEANR,Antwerp,2,2,MSC,1,17,15214.261904761905,1051.9285714285716,3700,16616,1,1,1,"{1,1}"
2024-03-31,GBFXT,Felixstowe,BEZEE,Zeebrugge,1,1,"CMA CGM; CNC Line-Cheng Lie Navigation Co. Ltd.; COSCO; Evergreen Line; OOCL",5,13,20323.846153846152,534.6153846153846,2506,24188,1,1,1,{1}
2024-03-31,GBFXT,Felixstowe,DEBRV,Bremerhaven,1,1,"Maersk Line; SeaLand",2,9,7325.2222222222235,268.8888888888889,6802,7849,2,2,2,{2}
2024-03-31,GBFXT,Felixstowe,DEHAM,Hamburg,7,7,"Borchard Lines Ltd; CMA CGM; CNC Line-Cheng Lie Navigation Co. Ltd.; COSCO; Evergreen Line; Hapag-Lloyd; Maersk Line; MSC; ONE; OOCL; SeaLand; Turkon; WEC Lines; Yang Ming; ZIM",15,58,74583.81538461539,3396.4991452991453,4250,24000,1,1,2,"{1,1,1,2,1,2,2}"
2024-03-31,GBFXT,Felixstowe,ESALG,Algeciras,1,1,"Maersk Line; MSC; SeaLand",3,14,20712,548,23656,24346,4,4,4,{4}
2024-03-31,GBFXT,Felixstowe,FIKTK,Kotka,1,1,"Maersk Line; SeaLand",2,4,3596,600,3596,3596,4,4,4,{4}
2024-03-31,GBFXT,Felixstowe,FRLEH,"Le Havre",1,1,"Ellerman; MSC",2,11,5504.363636363637,1242,4112,13102,1,1,1,{1}
2024-03-31,GBFXT,Felixstowe,GBHUL,Hull,1,1,"APL; BG Freight Line; CMA CGM",3,1,907,200,907,907,1,1,1,{1}
2024-03-31,GBFXT,Felixstowe,GBTEE,Teesport,2,2,"BG Freight Line; CMA CGM; Unifeeder",3,2,1845,400,809,1036,2,2,2,"{2,2}"
2024-03-31,GBFXT,Felixstowe,NLRTM,Rotterdam,2,2,"Maersk Line; MSC",2,26,26701.307692307695,1546.923076923077,7943,23656,1,1,1,"{1,1}"
2024-03-31,GBGRG,Grangemouth,BEANR,Antwerp,1,1,"MSC; WEC Lines",2,1,1008,150,1008,1008,2,2,2,{2}
2024-03-31,GBGRG,Grangemouth,GBLGP,"London Gateway",1,1,"CMA CGM; Unifeeder",2,1,809,150,809,809,1,1,1,{1}
2024-03-31,GBGRG,Grangemouth,NLRTM,Rotterdam,1,1,"CMA CGM",1,1,750,190,750,750,2,2,2,{2}
2024-03-31,GBGRK,Greenock,ESBIO,Bilbao,1,1,"CMA CGM",1,1,850,126,850,850,3,3,3,{3}
2024-03-31,GBGRK,Greenock,GBBEL,Belfast,1,1,"CMA CGM; Unifeeder; X-Press",3,1,803,180,803,803,2,2,2,{2}
2024-03-31,GBGRK,Greenock,IEDUB,Dublin,1,1,"BG Freight Line; CMA CGM",2,1,868,234,868,868,2,2,2,{2}
2024-03-31,GBGRK,Greenock,NLRTM,Rotterdam,1,1,"CMA CGM",1,2,1371,374.5,1338,1404,2,2,2,{2}
2024-03-31,GBHUL,Hull,ESBIO,Bilbao,1,1,"Europe Caribbean Line",1,4,624.8571428571429,,336,450,4,4,4,{4}
2024-03-31,GBHUL,Hull,GBIMM,Immingham,1,1,"APL; BG Freight Line; CMA CGM",3,1,907,200,907,907,1,1,1,{1}
2024-03-31,GBIMM,Immingham,BEANR,Antwerp,2,2,"MACS; Stinnes",2,9,7983.142857142857,208,771,2208,2,8.5,15,"{2,15}"
2024-03-31,GBIMM,Immingham,DKAAR,Aarhus,1,1,Eimskip,1,1,1396,240,698,698,4,4,4,{4}
2024-03-31,GBIMM,Immingham,GBNCL,"Newcastle UK",1,1,"APL; BG Freight Line; CMA CGM",3,1,907,200,907,907,1,1,1,{1}
2024-03-31,GBIMM,Immingham,NLRTM,Rotterdam,1,1,"CMA CGM; Unifeeder",2,2,945.5,188,917,974,1,1,1,{1}
2024-03-31,GBIMM,Immingham,NOFRK,Fredrikstad,1,1,Eimskip,1,1,1750,460,875,875,3,3,3,{3}
2024-03-31,GBIMM,Immingham,PLSZZ,Szczecin,1,1,"CMA CGM; Unifeeder",2,2,945.5,188,917,974,3,3,3,{3}
2024-03-31,GBLGP,"London Gateway",BEANR,Antwerp,4,4,"CMA CGM; COSCO; Hapag-Lloyd; Marfret; MSC; ONE; OOCL; Stinnes",8,33,27793.440115440113,3302.010101010101,3430,12119,1,1.5,2,"{1,2,2,1}"
2024-03-31,GBLGP,"London Gateway",DEBRV,Bremerhaven,1,1,"Hapag-Lloyd; Maersk Line; Marguisa; ONE; SeaLand",5,9,6980,1147.111111111111,6589,7154,1,1,1,{1}
2024-03-31,GBLGP,"London Gateway",DEHAM,Hamburg,5,5,"CMA CGM; COSCO; Hapag-Lloyd; Maersk Line; MSC; ONE; OOCL; Yang Ming",8,46,32545.376623376622,4354.62987012987,2572,11519,0,1,2,"{1,1,0,1,2}"
2024-03-31,GBLGP,"London Gateway",FRDKK,Dunkirk,2,2,"ANL; APL; CMA CGM; Marfret; MSC",5,20,7968.547619047618,1258.4761904761904,2256,6008,0,0.5,1,"{0,1}"
2024-03-31,GBLGP,"London Gateway",FRLEH,"Le Havre",1,1,"Maersk Line; MSC; SeaLand",3,15,15886.066666666668,702.2,15226,18270,1,1,1,{1}
2024-03-31,GBLGP,"London Gateway",LKCMB,Colombo,1,1,MSC,1,13,8699.153846153846,633.6153846153846,7943,9640,27,27,27,{27}
2024-03-31,GBLGP,"London Gateway",MAPTM,Tanger,1,1,"Hapag-Lloyd; Hyundai; ONE; Yang Ming",4,14,20901.714285714286,1321.4285714285713,13870,23964,2,2,2,{2}
2024-03-31,GBLGP,"London Gateway",NLRTM,Rotterdam,8,8,"ANL; APL; CMA CGM; COSCO; Hamburg Sud; Maersk Line; MSC; ONE; SeaLand; Unifeeder; WEC Lines; Yang Ming; ZIM",13,49,44691.2375,5047.85,809,9669,0,1,2,"{0,0,1,1,1,1,2,0}"
2024-03-31,GBLGP,"London Gateway",PTSIE,Sines,1,1,MSC,1,9,11515.222222222223,1541.7777777777778,9400,12119,3,3,3,{3}
2024-03-31,GBLGP,"London Gateway",USCHS,"Charleston SC",1,1,"Hapag-Lloyd; ONE; Yang Ming",3,5,6921,486,6921,6921,10,10,10,{10}
2024-03-31,GBLIV,Liverpool,CAHAL,Halifax,1,1,"ACL-Atlantic Container Line; Hapag-Lloyd",2,5,3809,200,3809,3809,7,7,7,{7}
2024-03-31,GBLIV,Liverpool,CAMTR,Montreal,1,1,"COSCO; Hapag-Lloyd; MSC; OOCL",4,5,4456,570.8,3016,5060,11,11,11,{11}
2024-03-31,GBLIV,Liverpool,ESBIO,Bilbao,1,1,"MSC; WEC Lines",2,3,868,234,868,868,2,2,2,{2}
2024-03-31,GBLIV,Liverpool,FRLEH,"Le Havre",1,1,MSC,1,5,4738.2,465.6,4300,5089,7,7,7,{7}
2024-03-31,GBLIV,Liverpool,GBBEL,Belfast,1,1,"BG Freight Line; CMA CGM",2,1,868,234,868,868,1,1,1,{1}
2024-03-31,GBLIV,Liverpool,GBGRK,Greenock,1,1,"CMA CGM",1,1,850,126,850,850,1,1,1,{1}
2024-03-31,GBLIV,Liverpool,IEDUB,Dublin,2,2,"Borchard Lines Ltd; CMA CGM",2,7,2239,541.3,868,1404,2,2,2,"{2,2}"
2024-03-31,GBLIV,Liverpool,NLRTM,Rotterdam,1,1,"BG Freight Line; CMA CGM",2,1,1004,253,1004,1004,2,2,2,{2}
2024-03-31,GBLIV,Liverpool,PTSET,Setubal,1,1,"CMA CGM",1,2,635,82.5,889,889,4,4,4,{4}
2024-03-31,GBNCL,"Newcastle UK",NLRTM,Rotterdam,2,2,"APL; BG Freight Line; CMA CGM",3,2,1943,450,907,1036,1,1,1,"{1,1}"
2024-03-31,GBPME,Portsmouth,BBBGI,Bridgetown,1,1,"Geest Line; Seatrade; StreamLines",3,5,488.8,189.6,436,564,11,11,11,{11}
2024-03-31,GBSOU,Southampton,BEANR,Antwerp,5,5,"APL; CMA CGM; CNC Line-Cheng Lie Navigation Co. Ltd.; COSCO; Evergreen Line; Hapag-Lloyd; Maersk Line; ONE; OOCL; SeaLand",10,38,43039.357142857145,3955.285714285714,2506,23112,1,1,2,"{1,1,1,2,1}"
2024-03-31,GBSOU,Southampton,ESALG,Algeciras,1,1,"Hapag-Lloyd; Hyundai; ONE; Yang Ming",4,15,20935.866666666665,1080.8666666666666,14952,24136,4,4,4,{4}
2024-03-31,GBSOU,Southampton,FRLEH,"Le Havre",3,3,"ACL-Atlantic Container Line; CMA CGM; Hapag-Lloyd; Hyundai; ONE; Yang Ming",6,29,31673.683916083915,2945.3846153846152,4882,20150,1,1,1,"{1,1,1}"
2024-03-31,GBSOU,Southampton,GBGRK,Greenock,1,1,"CMA CGM; Unifeeder; X-Press",3,1,803,180,803,803,1,1,1,{1}
2024-03-31,GBSOU,Southampton,IEDUB,Dublin,1,1,"BG Freight Line; CMA CGM",2,1,1004,253,1004,1004,3,3,3,{3}
2024-03-31,GBSOU,Southampton,IEORK,Cork,1,1,ICL,1,4,3097.5,500,3091,3108,1,1,1,{1}
2024-03-31,GBSOU,Southampton,NLRTM,Rotterdam,2,2,"BG Freight Line; CMA CGM; COSCO; Hapag-Lloyd; ONE; OOCL",6,13,12686.166666666666,841.6666666666666,868,14074,1,2,3,"{3,1}"
2024-03-31,GBTEE,Teesport,BEZEE,Zeebrugge,1,1,"CMA CGM",1,2,1400,372,1400,1400,1,1,1,{1}
2024-03-31,GBTEE,Teesport,GBGRG,Grangemouth,3,3,"CMA CGM; MSC; Unifeeder; WEC Lines",4,3,2567,490,750,1008,0,1,1,"{0,1,1}"
2024-03-31,GBTEE,Teesport,GBNCL,"Newcastle UK",1,1,"BG Freight Line; CMA CGM",2,1,1036,250,1036,1036,1,1,1,{1}
2024-03-31,GBTEE,Teesport,GBTIL,Tilbury,1,1,"CMA CGM",1,3,1400,372,1400,1400,1,1,1,{1}
2024-03-31,GBTEE,Teesport,ISGRT,Grundartangi,1,1,"Eimskip; Hapag-Lloyd",2,2,1776.5,392.5,1678,1875,5,5,5,{5}
2024-03-31,GBTEE,Teesport,NLRTM,Rotterdam,2,2,"CMA CGM; Ellerman",2,5,2319.5,587,803,1400,1,1.5,2,"{1,2}"
2024-03-31,GBTHP,Thamesport,NLMOE,Moerdijk,1,1,"Hapag-Lloyd; MSC; WEC Lines",3,2,1008,152.5,1008,1008,1,1,1,{1}
2024-03-31,GBTIL,Tilbury,BEANR,Antwerp,2,2,"Grimaldi Lines; MSC",2,12,7285,605.3333333333334,1318,6008,1,3,5,"{1,5}"
2024-03-31,GBTIL,Tilbury,DEHAM,Hamburg,1,1,"CMA CGM",1,3,802.3333333333334,193.33333333333334,750,907,2,2,2,{2}
2024-03-31,GBTIL,Tilbury,FRDKK,Dunkirk,2,2,"CMA CGM",1,8,5324.5,681.8333333333333,877,4957,1,1,1,"{1,1}"
2024-03-31,GBTIL,Tilbury,GBTEE,Teesport,1,1,Ellerman,1,2,919.5,215,803,1036,1,1,1,{1}
2024-03-31,GBTIL,Tilbury,LTKLJ,"Klaipeda
",1,1,"CMA CGM",1,3,1400,372,1400,1400,3,3,3,{3}
2024-03-31,GBTIL,Tilbury,NLRTM,Rotterdam,3,3,"CMA CGM; SCA Logistics",2,8,2201.9285714285716,309.42857142857144,36,1440,0,1,1,"{1,0,1}"
2024-03-31,GDSTG,"St George's",BBBGI,Bridgetown,1,1,"CMA CGM",1,3,770.3333333333334,153.33333333333334,677,957,1,1,1,{1}
2024-03-31,GDSTG,"St George's",LCSLU,"Castries, St Lucia",1,1,"Geest Line; Seatrade; StreamLines",3,5,488.8,189.6,436,564,1,1,1,{1}
2024-03-31,GDSTG,"St George's",SRPBM,Paramaribo,1,1,"Tropical Shipping",1,2,1148,260,1148,1148,1,1,1,{1}
2024-03-31,GDSTG,"St George's",TTPOS,"Port of Spain",1,1,"King Ocean; Seaboard Marine",2,2,1296,195,1296,1296,1,1,1,{1}
2024-03-31,GEBUS,Batumi,ROCND,Constanta,1,1,"COSCO; OOCL",2,1,3148,310,1574,1574,2,2,2,{2}
2024-03-31,GEBUS,Batumi,TRTEK,Tekirdag,1,1,MSC,1,2,957,122,957,957,3,3,3,{3}
2024-03-31,GEPTI,Poti,ROCND,Constanta,1,1,"Arkas Line; CMA CGM; Evergreen Line; Hapag-Lloyd; ZIM",5,2,1696,228.5,1604,1788,2,2,2,{2}
2024-03-31,GEPTI,Poti,TRAMB,"Istanbul (Ambarli)",2,2,"Arkas Line; Turkon; ZIM",3,2,4189,178,1221,1484,2,2,2,"{2,2}"
2024-03-31,GEPTI,Poti,TRGEM,"Istanbul (Gemlik)",1,1,"Arkas Line; CMA CGM",2,2,1604,325,1604,1604,2,2,2,{2}
2024-03-31,GEPTI,Poti,TRSZF,Samsun,1,1,"CMA CGM; Unifeeder",2,2,1110.5,89,1000,1221,1,1,1,{1}
2024-03-31,GFDDC,"Degrad des Cannes",TTPOS,"Port of Spain",1,1,"CMA CGM",1,3,770.3333333333334,153.33333333333334,677,957,2,2,2,{2}
2024-03-31,GHTEM,Tema,BJCOO,Cotonou,2,2,"Arkas Line; CMA CGM; COSCO; Gold Star Line; Hapag-Lloyd; ONE; OOCL; ZIM",8,17,7056.433333333334,608.2,2008,4360,1,1,1,"{1,1}"
2024-03-31,GHTEM,Tema,CIABJ,Abidjan,2,2,"CMA CGM; CNC Line-Cheng Lie Navigation Co. Ltd.; Grimaldi Lines; Maersk Line",4,19,15402.24358974359,769.2307692307693,1318,15294,1,3,5,"{1,5}"
2024-03-31,GHTEM,Tema,MAPTM,Tanger,1,1,"Maersk Line",1,4,4496,262.5,4496,4496,7,7,7,{7}
2024-03-31,GHTEM,Tema,NGAPP,Apapa,1,1,"CMA CGM; Maersk Line",2,10,5271.7,607.6,4496,6014,4,4,4,{4}
2024-03-31,GHTEM,Tema,NGTIN,"Lagos, Tin Can",1,1,"Hapag-Lloyd; ONE",2,11,3682.4545454545455,386.3636363636364,2664,4258,2,2,2,{2}
2024-03-31,GHTEM,Tema,TGLFW,Lome,5,5,"COSCO; Gold Star Line; MSC; ONE; OOCL; PIL; ZIM",7,51,34287.567307692305,2733.487179487179,2824,16616,1,1,11,"{1,1,11,1,1}"
2024-03-31,GIGIB,Gibraltar,ESCAD,Cadiz,1,1,"CMA CGM",1,3,802.3333333333334,193.33333333333334,750,907,1,1,1,{1}
2024-03-31,GLGOH,Nuuk,ISREY,Reykjavik,1,1,"Eimskip; Royal Arctic Line",2,3,2148,500,2148,2148,4,4,4,{4}
2024-03-31,GMBJL,Banjul,MAPTM,Tanger,1,1,"Arkas Line; Hapag-Lloyd",2,3,1801.3333333333333,264.6666666666667,1732,1932,4,4,4,{4}
2024-03-31,GNCKY,Conakry,CIABJ,Abidjan,1,1,MSC,1,6,2495.8571428571427,185.71428571428572,2440,3007,2,2,2,{2}
2024-03-31,GNCKY,Conakry,ESALG,Algeciras,1,1,"Maersk Line; SeaLand",2,3,3551.3333333333335,500,3534,3586,6,6,6,{6}
2024-03-31,GNCKY,Conakry,LRMLW,Monrovia,1,1,"CMA CGM",1,5,3309.4,487.8,3091,3534,2,2,2,{2}
2024-03-31,GNCKY,Conakry,SLFNA,Freetown,1,1,"Arkas Line; Hapag-Lloyd",2,3,1801.3333333333333,264.6666666666667,1732,1932,0,0,0,{0}
2024-03-31,GPBBR,"Basse Terre",BEANR,Antwerp,1,1,Soreidom,1,2,1095.2857142857142,31.428571428571427,348,349,21,21,21,{21}
2024-03-31,GPBBR,"Basse Terre",GPPTP,Pointe-a-Pitre,1,1,Soreidom,1,1,492.85714285714283,,138,138,2,2,2,{2}
2024-03-31,GPPTP,Pointe-a-Pitre,DOCAU,Caucedo,1,1,"APL; CMA CGM; COSCO; Marfret; Marguisa",5,9,6870.111111111111,1377.3333333333333,6800,6927,4,4,4,{4}
2024-03-31,GPPTP,Pointe-a-Pitre,FRDKK,Dunkirk,1,1,"CMA CGM; Marfret",2,6,3672,746.3333333333334,3430,4045,9,9,9,{9}
2024-03-31,GPPTP,Pointe-a-Pitre,GPSBH,"St Barthelemy",1,1,"CMA CGM",1,1,120,24,120,120,1,1,1,{1}
2024-03-31,GPPTP,Pointe-a-Pitre,MQFDF,Fort-de-France,4,4,"CMA CGM; Europe Caribbean Line; Marfret; Seatrade; Soreidom",5,15,4724.714285714285,832.6190476190477,72,4045,1,1.5,3,"{1,1,3,2}"
2024-03-31,GPPTP,Pointe-a-Pitre,SXSXM,"St Maarten",1,1,"CMA CGM",1,3,770.3333333333334,153.33333333333334,677,957,1,1,1,{1}
2024-03-31,GPSBH,"St Barthelemy",LCSLU,"Castries, St Lucia",1,1,"Tropical Shipping",1,2,1148,260,1148,1148,1,1,1,{1}
2024-03-31,GPSBH,"St Barthelemy",MFGES,Galisbay,1,1,Marfret,1,1,228,,228,228,1,1,1,{1}
2024-03-31,GPSBH,"St Barthelemy",SXSXM,"St Maarten",3,2,"CMA CGM; Marfret",2,3,740,173,120,500,0,0,0,"{0,0,0}"
2024-03-31,GQBSG,Bata,GQSSG,Malabo,1,1,"APL; CMA CGM; Marguisa; Naviera DAL",4,6,3360.5,433.1666666666667,3091,3600,1,1,1,{1}
2024-03-31,GQSSG,Malabo,CMKBI,Kribi,1,1,"APL; CMA CGM; Marguisa; Naviera DAL",4,6,3360.5,433.1666666666667,3091,3600,3,3,3,{3}
2024-03-31,GRLAV,Lavrio,CYLMS,Limassol,1,1,Salamis,1,1,608,,608,608,2,2,2,{2}
2024-03-31,GRPIR,Piraeus,ALDRZ,Durres,1,1,"APL; CMA CGM; COSCO; Hapag-Lloyd; Maersk Line; SeaLand; X-Press",7,1,1700,200,1700,1700,2,2,2,{2}
2024-03-31,GRPIR,Piraeus,BHKBS,"Khalifa Bin Salman Port",1,1,"CMA CGM; CNC Line-Cheng Lie Navigation Co. Ltd.; COSCO; Evergreen Line; OOCL",5,12,19883.333333333332,474.5,14500,21413,9,9,9,{9}
2024-03-31,GRPIR,Piraeus,CYLMS,Limassol,4,4,"Blue Ice Lines; CMA CGM; COSCO; Maersk Line; MSC; OOCL; SeaLand; Unifeeder; Yang Ming; ZIM",10,10,4830.583333333333,853,698,1781,1,2,3,"{2,1,2,3}"
2024-03-31,GRPIR,Piraeus,DEHAM,Hamburg,1,1,"CMA CGM; CNC Line-Cheng Lie Navigation Co. Ltd.; COSCO; Evergreen Line; OOCL",5,12,19883.333333333332,474.5,14500,21413,6,6,6,{6}
2024-03-31,GRPIR,Piraeus,DZALG,Algiers,1,1,"Arkas Line; Evergreen Line",2,2,2267.1428571428573,231.42857142857142,1200,1445,4,4,4,{4}
2024-03-31,GRPIR,Piraeus,EGALY,Alexandria,5,5,"APL; CMA CGM; CNC Line-Cheng Lie Navigation Co. Ltd.; COSCO; Evergreen Line; Hapag-Lloyd; ONE; OOCL; Tarros; Unifeeder; Unimed Feeder Services-UFS; X-Press; Yang Ming; ZIM",14,26,17415.535714285717,2190.3809523809523,1085,14414,1,2,4,"{2,1,4,3,1}"
2024-03-31,GRPIR,Piraeus,EGDAM,Damietta,1,1,"ONE; Yang Ming",2,3,1252.5714285714287,268.95238095238096,1085,1118,1,1,1,{1}
2024-03-31,GRPIR,Piraeus,EGPSD,"Port Said",1,1,"Maersk Line; MSC; SeaLand",3,16,14406.25,1271.25,19154,19224,2,2,2,{2}
2024-03-31,GRPIR,Piraeus,GEBUS,Batumi,1,1,"COSCO; OOCL",2,1,3148,310,1574,1574,5,5,5,{5}
2024-03-31,GRPIR,Piraeus,GEPTI,Poti,1,1,"Arkas Line; CMA CGM; Evergreen Line; Hapag-Lloyd; ZIM",5,2,1696,228.5,1604,1788,4,4,4,{4}
2024-03-31,GRPIR,Piraeus,GRSKG,Thessaloniki,4,4,"Arkas Line; Maersk Line; MSC; OOCL; Salamis; SeaLand",6,15,12175.166666666668,1868.5,700,4545,1,1,4,"{1,1,1,4}"
2024-03-31,GRPIR,Piraeus,HRRJK,Rijeka,1,1,"CMA CGM; COSCO; OOCL; X-Press; Yang Ming; ZIM",6,2,1785,280,1702,1868,5,5,5,{5}
2024-03-31,GRPIR,Piraeus,ILASH,Ashdod,1,1,"Evergreen Line",1,2,1618,229.5,1618,1618,2,2,2,{2}
2024-03-31,GRPIR,Piraeus,ILHFA,Haifa,2,2,"MSC; ZIM",2,5,3469.666666666667,500,1205,1984,2,2.5,3,"{2,3}"
2024-03-31,GRPIR,Piraeus,ITAOI,Ancona,1,1,"APL; CMA CGM; COSCO; Evergreen Line; Hapag-Lloyd; OOCL; Tarros; Unimed Feeder Services-UFS; X-Press",9,4,2593.25,390,1868,2926,3,3,3,{3}
2024-03-31,GRPIR,Piraeus,ITBRI,Bari,1,1,"CMA CGM; COSCO; Evergreen Line; Hapag-Lloyd; Maersk Line; SeaLand; X-Press",7,1,700,60,700,700,2,2,2,{2}
2024-03-31,GRPIR,Piraeus,ITGIT,"Gioia Tauro",1,1,MSC,1,4,4374.5,381.5,4250,4545,1,1,1,{1}
2024-03-31,GRPIR,Piraeus,ITGOA,Genoa,2,2,"Hapag-Lloyd; Hyundai; ONE; Yang Ming; ZIM",5,21,17333.153846153844,1131.7692307692307,3429,16010,2,2.5,3,"{3,2}"
2024-03-31,GRPIR,Piraeus,ITNAP,Naples,1,1,"COSCO; OOCL; Yang Ming",3,1,925,200,925,925,2,2,2,{2}
2024-03-31,GRPIR,Piraeus,ITSAL,Salerno,2,2,"COSCO; MSC; OOCL; Yang Ming",4,9,6916.15,779.5,2078,5618,2,2,2,"{2,2}"
2024-03-31,GRPIR,Piraeus,ITSPE,"La Spezia",1,1,"CMA CGM; CNC Line-Cheng Lie Navigation Co. Ltd.; COSCO; Evergreen Line; OOCL",5,11,16084.545454545454,763,11888,20988,2,2,2,{2}
2024-03-31,GRPIR,Piraeus,ITVDL,"Vado Ligure",1,1,"CMA CGM; COSCO; ONE; OOCL",4,6,4381.833333333333,369.3333333333333,4250,4600,3,3,3,{3}
2024-03-31,GRPIR,Piraeus,MTMAR,"Malta (Marsaxlokk)",1,1,"CMA CGM; COSCO; Hapag-Lloyd; OOCL",4,12,8113,729.1666666666666,7179,9326,2,2,2,{2}
2024-03-31,GRPIR,Piraeus,NLRTM,Rotterdam,2,2,"CMA CGM; COSCO; Evergreen Line; Hapag-Lloyd; ONE; OOCL; Yang Ming",7,23,25206.757575757576,1431.939393939394,5500,20988,8,11,14,"{8,14}"
2024-03-31,GRPIR,Piraeus,ROCND,Constanta,1,1,"CMA CGM",1,5,3645.2,585.8,3426,4178,3,3,3,{3}
2024-03-31,GRPIR,Piraeus,SGSIN,Singapore,2,2,"CMA CGM; CNC Line-Cheng Lie Navigation Co. Ltd.; COSCO; Evergreen Line; Hapag-Lloyd; Hyundai; ONE; OOCL; Yang Ming",9,24,29500.6993006993,1593.7692307692307,11888,20988,18,20,22,"{18,22}"
2024-03-31,GRPIR,Piraeus,TRAMB,"Istanbul (Ambarli)",4,4,"Arkas Line; CMA CGM; Evergreen Line; Hapag-Lloyd; Maersk Line; MSC; SeaLand; Turkon; Unifeeder; WEC Lines; ZIM",11,11,9862.766666666666,1261,1000,5059,1,1,2,"{1,1,2,1}"
2024-03-31,GRPIR,Piraeus,TRGEB,"Istanbul (Gebze)",1,1,"Borchard Lines Ltd; COSCO; Hapag-Lloyd; Maersk Line; OOCL; SeaLand; Turkon",7,5,7803.8,668,6478,8749,1,1,1,{1}
2024-03-31,GRPIR,Piraeus,TRGEM,"Istanbul (Gemlik)",1,1,"Arkas Line; Hapag-Lloyd",2,5,2730.8,512.8,2478,2826,1,1,1,{1}
2024-03-31,GRPIR,Piraeus,TRISK,Iskenderun,1,1,"Arkas Line; CMA CGM; Messina; Tarros",4,6,1692.6666666666667,276.3333333333333,1445,1930,4,4,4,{4}
2024-03-31,GRPIR,Piraeus,TRIZM,Izmir,1,1,MSC,1,5,4738.2,465.6,4300,5089,1,1,1,{1}
2024-03-31,GRPIR,Piraeus,TRIZT,Izmit,1,1,"Maersk Line; MSC; SeaLand",3,16,14406.25,1271.25,19154,19224,1,1,1,{1}
2024-03-31,GRPIR,Piraeus,TRMER,Mersin,2,2,"COSCO; MSC; OOCL; Yang Ming",4,14,10088.622222222224,1034,4250,8386,2,2,2,"{2,2}"
2024-03-31,GRSKG,Thessaloniki,CYLMS,Limassol,1,1,"OOCL; Salamis",2,1,700,144,700,700,3,3,3,{3}
2024-03-31,GRSKG,Thessaloniki,GRPIR,Piraeus,2,2,"Arkas Line; CMA CGM; Evergreen Line",3,5,2748.25,422.5,1164,1781,2,2.5,3,"{3,2}"
2024-03-31,GRSKG,Thessaloniki,ILHFA,Haifa,1,1,Salamis,1,1,507,80,507,507,3,3,3,{3}
2024-03-31,GRSKG,Thessaloniki,TRALI,Aliaga,1,1,"Arkas Line",1,1,2890,240,1445,1445,4,4,4,{4}
2024-03-31,GRSKG,Thessaloniki,TRAMB,"Istanbul (Ambarli)",1,1,"CMA CGM; ONE",2,5,4065.2,500,3100,4363,2,2,2,{2}
2024-03-31,GRSKG,Thessaloniki,TRIZM,Izmir,2,2,"MSC; ZIM",2,7,5543.5,644.1666666666667,925,4545,1,1,1,"{1,1}"
2024-03-31,GRSKG,Thessaloniki,TRIZT,Izmit,2,2,"Maersk Line; MSC; SeaLand",3,13,6536.416666666667,1428.5,2078,4258,1,1,1,"{1,1}"
2024-03-31,GTPBR,"Puerto Barrios",COCTG,Cartagena,1,1,"CMA CGM; COSCO; OOCL",3,3,1707.3333333333333,329,1691,1740,3,3,3,{3}
2024-03-31,GTPBR,"Puerto Barrios",GTSTC,"Santo Tomas de Castilla",1,1,Crowley,1,1,972,170,972,972,0,0,0,{0}
2024-03-31,GTPBR,"Puerto Barrios",HNPCR,"Puerto Cortes",3,3,"Dole; Hapag-Lloyd; Maersk Line; MSC; ONE; SeaLand",6,8,7238,1818.6666666666665,1820,3237,0,0,1,"{1,0,0}"
2024-03-31,GTPBR,"Puerto Barrios",USFPO,"Freeport TX",1,1,"Great White Fleet",1,3,1841,462,1841,1841,3,3,3,{3}
2024-03-31,GTPBR,"Puerto Barrios",USHOU,"Houston TX",2,2,"CMA CGM; COSCO; Maersk Line; MSC; OOCL; SeaLand",6,6,4277,857.6666666666666,1691,2824,3,3,3,"{3,3}"
2024-03-31,GTPBR,"Puerto Barrios",USPEF,"Port Everglades FL",1,1,"Maersk Line; MSC; SeaLand",3,4,2508,484,2478,2546,2,2,2,{2}
2024-03-31,GTPRQ,"Puerto Quetzal",COBUN,Buenaventura,2,2,"Hapag-Lloyd; Hyundai; MSC; ONE; PIL; Wan Hai; Yang Ming",7,22,13607.7,1320,3889,13000,3,3,3,"{3,3}"
2024-03-31,GTPRQ,"Puerto Quetzal",MXLZC,"Lazaro Cardenas",3,3,"APL; CMA CGM; Maersk Line; ONE; SeaLand; X-Press; ZIM",7,11,7687,1499.3333333333333,1402,3500,2,2,3,"{2,3,2}"
2024-03-31,GTPRQ,"Puerto Quetzal",MXZLO,"Manzanillo, MEX",1,1,"Hapag-Lloyd; ONE",2,5,2115.6,340,2586,2664,3,3,3,{3}
2024-03-31,GTPRQ,"Puerto Quetzal",NICIO,Corinto,1,1,"APL; CMA CGM; Maersk Line; SeaLand",4,5,3310,680,2550,3500,2,2,2,{2}
2024-03-31,GTPRQ,"Puerto Quetzal",PECLL,Callao,1,1,"COSCO; Evergreen Line; PIL; Wan Hai; Yang Ming",5,11,9862.09090909091,557.4545454545455,6350,13216,6,6,6,{6}
2024-03-31,GTPRQ,"Puerto Quetzal",SVAQJ,Acajutla,3,3,"CMA CGM; COSCO; Evergreen Line; Hapag-Lloyd; ONE; OOCL; X-Press; ZIM",8,12,6232.85,1088.8333333333333,1402,2664,0,1,1,"{1,1,0}"
2024-03-31,GTPRQ,"Puerto Quetzal",USNTD,"Port Hueneme CA",1,1,"CMA CGM",1,3,1268,634,1268,1268,5,5,5,{5}
2024-03-31,GTPRQ,"Puerto Quetzal",USSAN,"San Diego CA",1,1,Dole,1,3,1540,770,1540,1540,5,5,5,{5}
2024-03-31,GTSTC,"Santo Tomas de Castilla",BSZSA,"San Salvador Island",1,1,"Seaboard Marine",1,2,2564,171,2564,2564,1,1,1,{1}
2024-03-31,GTSTC,"Santo Tomas de Castilla",DOCAU,Caucedo,1,1,"Caribbean Feeder; COSCO; Hapag-Lloyd; Seaboard Marine; SeaLand; ZIM",6,2,1552.5,345,1296,1809,4,4,4,{4}
2024-03-31,GTSTC,"Santo Tomas de Castilla",HNPCR,"Puerto Cortes",6,6,"Crowley; King Ocean; Maersk Line; MSC; Seaboard Marine; SeaLand; ZIM",7,13,7636.5,1424.5,966,2546,0,1,1,"{1,1,1,1,0,1}"
2024-03-31,GTSTC,"Santo Tomas de Castilla",PAMIT,Manzanillo,1,1,"COSCO; OOCL; Seaboard Marine; X-Press; ZIM",5,2,1040.5,196,1020,1061,2,2,2,{2}
2024-03-31,GTSTC,"Santo Tomas de Castilla",USPEF,"Port Everglades FL",1,1,"CMA CGM; Maersk Line",2,3,2003,294,1691,2578,3,3,3,{3}
2024-03-31,GUGUM,Guam,MPSPN,Saipan,2,2,"APL; CMA CGM; MELL; Swire Shipping",4,3,4042.5,651,777,1732,1,1.5,2,"{2,1}"
2024-03-31,GWOXB,Bissau,ESALG,Algeciras,1,1,"GS Lines",1,1,5499.428571428572,610.2857142857143,1604,1604,6,6,6,{6}
2024-03-31,GWOXB,Bissau,MRNDB,Nouadhibou,1,1,"CMA CGM",1,5,1618.6,340.6,1350,1740,7,7,7,{7}
2024-03-31,GYGEO,"Georgetown, Guyana",BEANR,Antwerp,1,1,"Europe Caribbean Line",1,4,624.8571428571429,,336,450,22,22,22,{22}
2024-03-31,GYGEO,"Georgetown, Guyana",COCTG,Cartagena,1,1,ZIM,1,3,1543.3333333333333,306.6666666666667,1118,1756,5,5,5,{5}
2024-03-31,GYGEO,"Georgetown, Guyana",GPBBR,"Basse Terre",1,1,Soreidom,1,2,1095.2857142857142,31.428571428571427,348,349,3,3,3,{3}
2024-03-31,GYGEO,"Georgetown, Guyana",SRPBM,Paramaribo,2,2,"CMA CGM; COSCO; Europe Caribbean Line; Seatrade",4,10,1507.857142857143,362.95238095238096,72,1296,1,1.5,2,"{2,1}"
2024-03-31,GYGEO,"Georgetown, Guyana",TTPOS,"Port of Spain",3,3,"Caribbean Feeder; CMA CGM; COSCO; Hapag-Lloyd; ZIM",5,7,2711.666666666667,598,361,1345,1,2,4,"{2,4,1}"
2024-03-31,GYGEO,"Georgetown, Guyana",TTPTS,"Point Lisas",1,1,"Europe Caribbean Line",1,4,624.8571428571429,,336,450,3,3,3,{3}
2024-03-31,HKHKG,"Hong Kong",AUBNE,Brisbane,1,1,"COSCO; Maersk Line; ONE; OOCL; SeaLand",5,7,4169,637.2857142857143,4255,5301,11,11,11,{11}
2024-03-31,HKHKG,"Hong Kong",CNDLC,Dalian,2,2,"COSCO; Evergreen Line; IAL-Interasia Lines; Wan Hai",4,5,6925.666666666666,471.66666666666663,1708,5652,4,4.5,5,"{5,4}"
2024-03-31,HKHKG,"Hong Kong",CNFOC,Fuzhou,1,1,MSC,1,5,2881.4,436.4,2524,3534,2,2,2,{2}
2024-03-31,HKHKG,"Hong Kong",CNNGB,Ningbo,5,5,"APL; CMA CGM; CNC Line-Cheng Lie Navigation Co. Ltd.; COSCO; Evergreen Line; Hapag-Lloyd; Hyundai; Maersk Line; MSC; ONE; OOCL; PIL; SeaLand; Wan Hai; Yang Ming",15,48,42919.34567099567,3471.8402597402596,2208,16520,2,3,4,"{2,3,4,3,3}"
2024-03-31,HKHKG,"Hong Kong",CNNSA,Nansha,9,9,"APL; CMA CGM; CNC Line-Cheng Lie Navigation Co. Ltd.; COSCO; Evergreen Line; Gold Star Line; Hapag-Lloyd; IAL-Interasia Lines; Maersk Line; MSC; ONE; OOCL; PIL; SeaLand; TS Lines; Wan Hai; ZIM",17,49,26126.424786324787,2547.9299145299146,1096,11088,0,0,1,"{1,0,1,0,0,0,0,1,1}"
2024-03-31,HKHKG,"Hong Kong",CNSHA,Shanghai,10,10,"CMA CGM; COSCO; Evergreen Line; Gold Star Line; Hamburg Sud; Hapag-Lloyd; Heung-A; KMTC; Maersk Line; MSC; ONE; OOCL; PIL; TS Lines; X-Press; Yang Ming; ZIM",17,63,51627.62051282052,5648.466666666667,1800,14092,2,4,7,"{4,2,3,4,4,3,4,4,4,7}"
2024-03-31,HKHKG,"Hong Kong",CNSHK,Shekou,37,34,"ANL; APL; CK Line; CMA CGM; CNC Line-Cheng Lie Navigation Co. Ltd.; COSCO; Evergreen Line; Gold Star Line; Hapag-Lloyd; Heung-A; IAL-Interasia Lines; KMTC; Maersk Line; MSC; Namsung; ONE; OOCL; PIL; RCL; Samudera; SeaLand; Sinokor; SITC Shipping; TS Lines; Wan Hai; Yang Ming; ZIM",27,143,100848.22619047623,11723.369047619048,1043,8888,0,0,2,"{2,0,0,0,0,2,1,0,0,0,1,0,0,0,1,1,2,0,0,0,1,0,0,0,0,1,1,2,0,1,0,0,1,0,1,0,1}"
2024-03-31,HKHKG,"Hong Kong",CNTAO,Qingdao,5,5,"CMA CGM; COSCO; Emirates Shipping; Evergreen Line; Hapag-Lloyd; Hyundai; KMTC; MSC; ONE; OOCL; PIL; TS Lines; Yang Ming",13,52,50963.306349206345,3971.326984126984,4275,16010,4,4,5,"{4,4,4,5,4}"
2024-03-31,HKHKG,"Hong Kong",CNTXG,Xingang/Tianjin,2,2,"APL; CMA CGM; CNC Line-Cheng Lie Navigation Co. Ltd.; COSCO; Gold Star Line; OOCL; RCL; ZIM",8,10,9231.666666666666,1146.952380952381,2782,8888,4,4.5,5,"{5,4}"
2024-03-31,HKHKG,"Hong Kong",CNXMN,Xiamen,4,4,"CK Line; CMA CGM; CNC Line-Cheng Lie Navigation Co. Ltd.; COSCO; Evergreen Line; Heung-A; Hyundai; KMTC; OOCL; Sinokor; TS Lines; Wan Hai; Yang Ming",13,13,10222,1307.25,1378,5688,1,1,1,"{1,1,1,1}"
2024-03-31,HKHKG,"Hong Kong",CNYTN,Yantian,13,13,"APL; CMA CGM; CNC Line-Cheng Lie Navigation Co. Ltd.; COSCO; Evergreen Line; Gold Star Line; Hapag-Lloyd; Hyundai; Maersk Line; MSC; ONE; OOCL; PIL; SeaLand; Wan Hai; Yang Ming; ZIM",17,117,139980.03568653567,8560.034021534022,2476,21413,0,1,2,"{1,2,1,0,1,1,0,0,1,2,2,1,1}"
2024-03-31,HKHKG,"Hong Kong",JPMIZ,Mizushima,1,1,"Wan Hai",1,2,1040,,1040,1040,4,4,4,{4}
2024-03-31,HKHKG,"Hong Kong",JPOSA,Osaka,1,1,OOCL,1,3,4579.666666666667,400,4578,4583,3,3,3,{3}
2024-03-31,HKHKG,"Hong Kong",JPTYO,Tokyo,1,1,"IAL-Interasia Lines; Wan Hai",2,4,2958.75,275,2708,3055,3,3,3,{3}
2024-03-31,HKHKG,"Hong Kong",KHKOS,Sihanoukville,2,2,"CNC Line-Cheng Lie Navigation Co. Ltd.; Evergreen Line; RCL; SITC Shipping",4,7,3510.916666666667,313.1666666666667,1162,1984,3,3,3,"{3,3}"
2024-03-31,HKHKG,"Hong Kong",KRINC,Inchon,1,1,"Maersk Line; SeaLand",2,6,5790.833333333333,523,5527,5928,4,4,4,{4}
2024-03-31,HKHKG,"Hong Kong",KRKAN,Gwangyang,1,1,"Heung-A; KMTC; Sinokor",3,4,3829.5,324,2540,4275,3,3,3,{3}
2024-03-31,HKHKG,"Hong Kong",KRPUS,Busan,5,5,"Hapag-Lloyd; Heung-A; Hyundai; MSC; Namsung; ONE; PanCon; Sinokor; Yang Ming",9,42,32138.282051282054,2603.0769230769233,1011,16010,3,3,4,"{3,4,4,3,3}"
2024-03-31,HKHKG,"Hong Kong",MYBKI,"Kota Kinabalu, Sabah",1,1,"Evergreen Line",1,2,1801,85,1618,1984,4,4,4,{4}
2024-03-31,HKHKG,"Hong Kong",MYPKG,"Port Klang",2,2,"CMA CGM; CNC Line-Cheng Lie Navigation Co. Ltd.; KMTC; ONE; OOCL; SITC Shipping; TS Lines; Wan Hai",8,8,7108.75,710.5,2400,4538,5,5,5,"{5,5}"
2024-03-31,HKHKG,"Hong Kong",MYTPP,"Tanjung Pelepas",1,1,"Maersk Line; SeaLand",2,5,2103.942857142857,274.9714285714286,1049,2806,3,3,3,{3}
2024-03-31,HKHKG,"Hong Kong",PGLAE,Lae,2,2,"COSCO; MELL; NPDL; PIL; Swire Shipping",5,6,7693.333333333333,778.6666666666667,1080,2800,8,9,10,"{8,10}"
2024-03-31,HKHKG,"Hong Kong",SGSIN,Singapore,7,7,"CMA CGM; COSCO; Evergreen Line; Hamburg Sud; Hapag-Lloyd; Heung-A; Hyundai; IAL-Interasia Lines; KMTC; Maersk Line; MSC; ONE; OOCL; PIL; Sinokor; Wan Hai; Yang Ming; ZIM",18,65,64903.97649572649,6487.529914529915,2540,14100,3,4,6,"{5,3,3,6,3,5,4}"
2024-03-31,HKHKG,"Hong Kong",THLCH,"Laem Chabang",3,3,"APL; CMA CGM; OOCL; Wan Hai; Yang Ming",5,11,8159.166666666667,919.75,1708,4583,3,4,4,"{4,4,3}"
2024-03-31,HKHKG,"Hong Kong",TWKEL,Keelung,2,2,"ANL; APL; CMA CGM; COSCO; Hapag-Lloyd; Hyundai; MSC; ONE; OOCL; PIL",10,19,16598.333333333336,1963.5119047619046,4211,13312,2,2.5,3,"{2,3}"
2024-03-31,HKHKG,"Hong Kong",TWKHH,Kaohsiung,14,14,"APL; CMA CGM; CNC Line-Cheng Lie Navigation Co. Ltd.; COSCO; Evergreen Line; Gold Star Line; Hapag-Lloyd; Hyundai; IAL-Interasia Lines; KMTC; MELL; ONE; OOCL; PIL; TS Lines; Wan Hai; Yang Ming; ZIM",18,81,73476.25555555556,5356.5055555555555,777,24136,1,1,2,"{1,1,2,1,1,2,2,2,2,1,1,2,1,1}"
2024-03-31,HKHKG,"Hong Kong",VNDAD,"Da Nang",1,1,"SITC Shipping",1,3,999.6666666666666,,953,1023,2,2,2,{2}
2024-03-31,HKHKG,"Hong Kong",VNHPH,Haiphong,14,14,"Asean Seas Line; CK Line; CMA CGM; CNC Line-Cheng Lie Navigation Co. Ltd.; COSCO; Dong Young; Evergreen Line; Heung-A; Hyundai; KMTC; Maersk Line; Namsung; ONE; OOCL; PanCon; SeaLand; Sinokor; Sinotrans; SITC Shipping; Yang Ming",20,35,19291.916666666664,1508.9166666666665,1000,1984,1,1,5,"{1,5,1,2,2,2,2,1,1,1,1,1,1,2}"
2024-03-31,HKHKG,"Hong Kong",VNSGN,"Ho Chi Minh (VICT/Cat Lai)",4,4,"CK Line; Dongjin Shipping; Evergreen Line; Hyundai; KMTC; Namsung; OOCL; PanCon; Sinokor; SM Line; Yang Ming",11,12,7988.666666666667,932.9999999999999,1585,2940,1,2,3,"{3,2,1,2}"
2024-03-31,HNPCA,"Puerto Castilla",USFPO,"Freeport TX",1,1,Dole,1,2,1820,910,1820,1820,3,3,3,{3}
2024-03-31,HNPCA,"Puerto Castilla",USILG,"Wilmington DE",2,2,Dole,1,2,8184,3960,2046,2046,4,4,4,"{4,4}"
2024-03-31,HNPCR,"Puerto Cortes",BSZSA,"San Salvador Island",1,1,"Seaboard Marine",1,2,973,170,972,974,0,0,0,{0}
2024-03-31,HNPCR,"Puerto Cortes",DOCAU,Caucedo,1,1,"Hapag-Lloyd; ONE",2,3,2848.3333333333335,380,2566,3237,4,4,4,{4}
2024-03-31,HNPCR,"Puerto Cortes",GTPBR,"Puerto Barrios",4,3,"CMA CGM; COSCO; Maersk Line; MSC; OOCL; SeaLand",6,13,8492.333333333334,1670.6666666666665,1691,2824,0,0.5,1,"{1,0,1,0}"
2024-03-31,HNPCR,"Puerto Cortes",GTSTC,"Santo Tomas de Castilla",4,4,"Caribbean Feeder; CMA CGM; COSCO; Hapag-Lloyd; Maersk Line; OOCL; Seaboard Marine; SeaLand; X-Press; ZIM",10,9,7160,1006,1020,2578,0,0.5,1,"{1,1,0,0}"
2024-03-31,HNPCR,"Puerto Cortes",HNPCA,"Puerto Castilla",1,1,Dole,1,2,1820,910,1820,1820,1,1,1,{1}
2024-03-31,HNPCR,"Puerto Cortes",JMKIN,Kingston,1,1,ZIM,1,4,1239.5,260.5,966,1756,2,2,2,{2}
2024-03-31,HNPCR,"Puerto Cortes",PAMIT,Manzanillo,2,2,"Maersk Line; MSC; SeaLand",3,7,5077.666666666666,1012.6666666666666,2339,2824,4,4,4,"{4,4}"
2024-03-31,HNPCR,"Puerto Cortes",USGPT,"Gulfport MS",1,1,Crowley,1,1,972,170,972,972,3,3,3,{3}
2024-03-31,HNPCR,"Puerto Cortes",USPEF,"Port Everglades FL",2,2,"Crowley; King Ocean",2,2,1944,340,972,972,3,3,3,"{3,3}"
2024-03-31,HNSLO,"Puerto San Lorenzo",MXZLO,"Manzanillo, MEX",1,1,"COSCO; Evergreen Line; OOCL; ZIM",4,4,2286.25,465.5,1714,2546,4,4,4,{4}
2024-03-31,HRPLE,Ploce,MEBAR,Bar,2,2,"CMA CGM; COSCO; Evergreen Line; Hapag-Lloyd; Maersk Line; MSC; SeaLand; X-Press",8,3,2954.5,504,700,2824,1,1,1,"{1,1}"
2024-03-31,HRRJK,Rijeka,EGPSD,"Port Said",1,1,"APL; CMA CGM; CNC Line-Cheng Lie Navigation Co. Ltd.; COSCO; Evergreen Line; OOCL",6,10,13507.714285714286,1193.857142857143,5250,14414,4,4,4,{4}
2024-03-31,HRRJK,Rijeka,HRPLE,Ploce,1,1,MSC,1,2,2254.5,444,1685,2824,1,1,1,{1}
2024-03-31,HRRJK,Rijeka,ITAOI,Ancona,1,1,Hapag-Lloyd,1,4,2848.5,401,2400,3534,1,1,1,{1}
2024-03-31,HRRJK,Rijeka,ITTRS,Trieste,2,2,"CMA CGM; Maersk Line; MSC; SeaLand",4,20,16660.6875,918.8125,1267,15516,1,1,1,"{1,1}"
2024-03-31,HRRJK,Rijeka,SIKOP,Koper,1,1,"CMA CGM; COSCO; OOCL; X-Press; Yang Ming; ZIM",6,2,1785,280,1702,1868,1,1,1,{1}
2024-03-31,HTCAP,Cap-Haitien,HTPAP,Port-au-Prince,1,1,"Antillean Marine",1,1,615,,205,205,1,1,1,{1}
2024-03-31,HTCAP,Cap-Haitien,USMIA,"Miami FL",1,1,"Antillean Marine",1,2,263.57142857142856,,205,205,3,3,3,{3}
2024-03-31,HTCAP,Cap-Haitien,USPEF,"Port Everglades FL",2,2,"APL; CMA CGM; King Ocean",3,4,2143.333333333333,631,864,1341,2,2.5,3,"{3,2}"
2024-03-31,HTLFF,"Port Lafito",CRMOB,Moin,1,1,"Seaboard Marine",1,3,2548,525.3333333333334,2526,2572,3,3,3,{3}
2024-03-31,HTLFF,"Port Lafito",HTCAP,Cap-Haitien,1,1,"APL; CMA CGM",2,3,1279.3333333333333,399,1201,1341,2,2,2,{2}
2024-03-31,HTPAP,Port-au-Prince,HTCAP,Cap-Haitien,2,2,"Antillean Marine; King Ocean",2,3,1127.5714285714284,232,205,864,1,1,1,"{1,1}"
2024-03-31,HTPAP,Port-au-Prince,JMKIN,Kingston,1,1,"APL; Caribbean Feeder; CMA CGM; COSCO; Hapag-Lloyd; OOCL; Seaboard Marine; X-Press; ZIM",9,3,968.3333333333334,208.33333333333334,877,1020,1,1,1,{1}
2024-03-31,HTPAP,Port-au-Prince,PAMIT,Manzanillo,1,1,"COSCO; Evergreen Line; Maersk Line",3,1,1788,279,1788,1788,1,1,1,{1}
2024-03-31,HTPAP,Port-au-Prince,PRSJU,"San Juan PR",1,1,"Unifeeder; ZIM",2,1,1114,220,1114,1114,3,3,3,{3}
2024-03-31,HTPAP,Port-au-Prince,USMIA,"Miami FL",1,1,"Antillean Marine",1,1,615,,205,205,3,3,3,{3}
2024-03-31,HTPAP,Port-au-Prince,USPEF,"Port Everglades FL",1,1,"Crowley; Maersk Line; SeaLand",3,1,974,170,974,974,2,2,2,{2}
2024-03-31,IDBLW,Belawan,MYPKG,"Port Klang",1,1,"IAL-Interasia Lines; Wan Hai",2,5,3026.8,240,3013,3036,2,2,2,{2}
2024-03-31,IDJKT,"Jakarta, Java",AUBNE,Brisbane,1,1,"MSC; ZIM",2,9,3312,548.6666666666666,2478,4800,13,13,13,{13}
2024-03-31,IDJKT,"Jakarta, Java",AUFRE,Fremantle,1,1,"MSC; ZIM",2,7,3543.714285714286,396.85714285714283,2475,5059,5,5,5,{5}
2024-03-31,IDJKT,"Jakarta, Java",CNSHK,Shekou,2,2,"Heung-A; OOCL; Sinokor",3,8,5936,609.25,1809,4583,6,6.5,7,"{6,7}"
2024-03-31,IDJKT,"Jakarta, Java",IDSRG,"Semarang, Java",3,3,"CMA CGM; CNC Line-Cheng Lie Navigation Co. Ltd.; Evergreen Line; KMTC; SITC Shipping; Wan Hai; Yang Ming",7,14,8309.97619047619,578.3333333333334,2400,3013,0,1,2,"{1,2,0}"
2024-03-31,IDJKT,"Jakarta, Java",IDSUB,"Surabaya, Java",10,10,"ANL; APL; CMA CGM; CNC Line-Cheng Lie Navigation Co. Ltd.; COSCO; Evergreen Line; Gold Star Line; Heung-A; KMTC; Maersk Line; Namsung; ONE; OOCL; SeaLand; Sinokor; SITC Shipping; TS Lines; Yang Ming; ZIM",19,37,51735.969047619044,6328.171428571429,1626,7117,1,1,3,"{2,1,1,3,1,2,1,1,1,2}"
2024-03-31,IDJKT,"Jakarta, Java",MYPGU,"Pasir Gudang, Johor",1,1,"COSCO; OOCL",2,4,4151.25,388,4051,4253,1,1,1,{1}
2024-03-31,IDJKT,"Jakarta, Java",MYPKG,"Port Klang",3,3,"CMA CGM; CNC Line-Cheng Lie Navigation Co. Ltd.; COSCO; MSC; ONE; OOCL; PIL; RCL",8,13,9900.866666666667,1197.8666666666668,2468,4578,2,3,4,"{2,4,3}"
2024-03-31,IDJKT,"Jakarta, Java",MYTPP,"Tanjung Pelepas",2,2,"Evergreen Line; Maersk Line; SeaLand; Yang Ming",4,13,8709.97619047619,867,2910,5928,2,2.5,3,"{3,2}"
2024-03-31,IDJKT,"Jakarta, Java",PHBTG,Batangas,1,1,MSC,1,6,2132.6666666666665,291.6666666666667,1728,2495,5,5,5,{5}
2024-03-31,IDJKT,"Jakarta, Java",SGSIN,Singapore,5,5,"APL; CMA CGM; CNC Line-Cheng Lie Navigation Co. Ltd.; COSCO; Evergreen Line; Hapag-Lloyd; MSC; ONE; Wan Hai",9,23,18760.466666666667,1797.8,1984,5095,2,3,4,"{3,2,2,3,4}"
2024-03-31,IDJKT,"Jakarta, Java",VNSGN,"Ho Chi Minh (VICT/Cat Lai)",1,1,"KMTC; Namsung; Sinokor",3,4,2600.5,229.75,2500,2806,4,4,4,{4}
2024-03-31,IDMAK,Makassar,PHBTG,Batangas,1,1,"CMA CGM; CNC Line-Cheng Lie Navigation Co. Ltd.; KMTC; SITC Shipping",4,4,2524.5,,2400,2698,3,3,3,{3}
2024-03-31,IDPJG,Panjang,IDJKT,"Jakarta, Java",1,1,MSC,1,6,4214.166666666667,469,3534,4892,0,0,0,{0}
2024-03-31,IDSRG,"Semarang, Java",IDJKT,"Jakarta, Java",2,2,"CMA CGM; CNC Line-Cheng Lie Navigation Co. Ltd.; COSCO; Evergreen Line; ONE; RCL",6,7,4962.166666666666,498.1666666666667,1984,2664,0,0.5,1,"{1,0}"
2024-03-31,IDSRG,"Semarang, Java",IDSUB,"Surabaya, Java",4,4,"CMA CGM; CNC Line-Cheng Lie Navigation Co. Ltd.; Evergreen Line; KMTC; MSC; SITC Shipping; Wan Hai; Yang Ming",8,21,11357.833333333334,1057.7619047619048,2400,4268,0,1,2,"{2,1,1,0}"
2024-03-31,IDSUB,"Surabaya, Java",CNSHK,Shekou,1,1,"Namsung; ONE; SITC Shipping; TS Lines",4,4,2661,275,2400,2954,6,6,6,{6}
2024-03-31,IDSUB,"Surabaya, Java",HKHKG,"Hong Kong",1,1,"Heung-A; KMTC; Sinokor",3,4,3829.5,324,2540,4275,5,5,5,{5}
2024-03-31,IDSUB,"Surabaya, Java",IDJKT,"Jakarta, Java",3,3,"Evergreen Line; Maersk Line; MSC; SeaLand; Yang Ming",5,18,11330.77619047619,1376.8,2524,5928,1,2,3,"{1,2,3}"
2024-03-31,IDSUB,"Surabaya, Java",IDMAK,Makassar,1,1,"CMA CGM; CNC Line-Cheng Lie Navigation Co. Ltd.; KMTC; SITC Shipping",4,4,2524.5,,2400,2698,2,2,2,{2}
2024-03-31,IDSUB,"Surabaya, Java",IDSRG,"Semarang, Java",2,2,"CMA CGM; CNC Line-Cheng Lie Navigation Co. Ltd.; COSCO; Evergreen Line; ONE; RCL",6,7,4962.166666666666,498.1666666666667,1984,2664,1,1,1,"{1,1}"
2024-03-31,IDSUB,"Surabaya, Java",PGLAE,Lae,1,1,"ANL; CMA CGM",2,1,9694.285714285714,1671.4285714285713,1740,1740,9,9,9,{9}
2024-03-31,IDSUB,"Surabaya, Java",PGMAG,Madang,1,1,"ANL; CMA CGM",2,1,8658,1057.142857142857,1638,1638,7,7,7,{7}
2024-03-31,IDSUB,"Surabaya, Java",PHDVO,Davao,2,2,"APL; CMA CGM; CNC Line-Cheng Lie Navigation Co. Ltd.; COSCO; Gold Star Line; ONE; OOCL; Yang Ming; ZIM",9,8,9644,1049,2646,6881,4,4.5,5,"{4,5}"
2024-03-31,IDSUB,"Surabaya, Java",PHMNN,"Manila North Harbor",1,1,"CMA CGM; CNC Line-Cheng Lie Navigation Co. Ltd.; OOCL",3,5,6829.6,988.6,5920,7117,7,7,7,{7}
2024-03-31,IDSUB,"Surabaya, Java",SGSIN,Singapore,1,1,MSC,1,7,3047.8571428571427,479.42857142857144,2474,4268,3,3,3,{3}
2024-03-31,IDSUB,"Surabaya, Java",TLDIL,"Dili, East Timor",1,1,"ANL; APL; CMA CGM",3,2,1228.5714285714287,200,618,1102,3,3,3,{3}
2024-03-31,IDSUB,"Surabaya, Java",TWKHH,Kaohsiung,1,1,"Evergreen Line; Yang Ming",2,7,2919.1428571428573,344,2910,2926,5,5,5,{5}
2024-03-31,IDSUB,"Surabaya, Java",TWTPE,Taipei,1,1,"Wan Hai",1,3,2866.3333333333335,234.33333333333334,2646,3013,5,5,5,{5}
2024-03-31,IDSUB,"Surabaya, Java",VNSGN,"Ho Chi Minh (VICT/Cat Lai)",2,2,"COSCO; Evergreen Line; Heung-A; KMTC; ONE; Sinokor",6,8,4628.75,440,1626,2902,3,3.5,4,"{3,4}"
2024-03-31,IEDUB,Dublin,BEANR,Antwerp,3,3,"Borchard Lines Ltd; CMA CGM; COSCO; Eucon; Evergreen Line; Hapag-Lloyd; X-Press",7,7,2708,486.8,868,972,1,2,3,"{3,1,2}"
2024-03-31,IEDUB,Dublin,GBBEL,Belfast,1,1,"CMA CGM",1,2,1371,374.5,1338,1404,1,1,1,{1}
2024-03-31,IEDUB,Dublin,GBLIV,Liverpool,2,2,"BG Freight Line; CMA CGM",2,3,1503,316.5,868,889,1,1.5,2,"{2,1}"
2024-03-31,IEDUB,Dublin,IEORK,Cork,3,3,"BG Freight Line; CMA CGM; Eucon; Hapag-Lloyd; Unifeeder; X-Press",6,3,2557,603,750,1004,1,1,2,"{1,2,1}"
2024-03-31,IEDUB,Dublin,NLRTM,Rotterdam,4,4,"BG Freight Line; CMA CGM; COSCO; Eucon; Evergreen Line; Hapag-Lloyd; X-Press; Yang Ming",8,4,4276,728,804,1528,2,2,3,"{2,3,2,2}"
2024-03-31,IEORK,Cork,BEANR,Antwerp,1,1,"CMA CGM; Eucon; Hapag-Lloyd",3,1,750,170,750,750,3,3,3,{3}
2024-03-31,IEORK,Cork,GBSOU,Southampton,1,1,"CMA CGM; Unifeeder; X-Press",3,1,803,180,803,803,1,1,1,{1}
2024-03-31,IEORK,Cork,NLRTM,Rotterdam,2,2,"BG Freight Line; CMA CGM",2,2,1906,423,902,1004,1,2,3,"{1,3}"
2024-03-31,IEORK,Cork,USCHT,"Chester PA",1,1,ICL,1,4,3097.5,500,3091,3108,9,9,9,{9}
2024-03-31,ILASH,Ashdod,EGALY,Alexandria,1,1,MSC,1,3,1485.6666666666667,200,1205,1740,1,1,1,{1}
2024-03-31,ILASH,Ashdod,ILHFA,Haifa,8,8,"Borchard Lines Ltd; Evergreen Line; Hapag-Lloyd; Medkon; MSC; OOCL; Unifeeder; ZIM",8,25,18737.6,2263.166666666667,660,7000,0,0.5,2,"{0,0,0,2,1,1,1,0}"
2024-03-31,ILASH,Ashdod,SIKOP,Koper,2,2,"Maersk Line; MSC; SeaLand; ZIM",4,4,2719,534,1061,1658,4,4.5,5,"{4,5}"
2024-03-31,ILASH,Ashdod,TRGEM,"Istanbul (Gemlik)",3,3,"Admiral; Turkon; ZIM",3,7,4794.333333333334,886,801,1984,3,3,3,"{3,3,3}"
2024-03-31,ILASH,Ashdod,TRMER,Mersin,4,4,"Borchard Lines Ltd; Gold Star Line; Medkon; ZIM",4,24,9714.866666666667,1099.4666666666667,657,10062,1,1.5,2,"{2,1,2,1}"
2024-03-31,ILHFA,Haifa,CYLMS,Limassol,4,4,"Borchard Lines Ltd; OOCL; Salamis; Unifeeder; ZIM",5,5,3951,668,507,1085,0,1,2,"{0,1,1,2}"
2024-03-31,ILHFA,Haifa,EGALY,Alexandria,1,1,"Borchard Lines Ltd",1,3,1216,200,1216,1216,2,2,2,{2}
2024-03-31,ILHFA,Haifa,EGDAM,Damietta,1,1,"MSC; ZIM",2,5,6818.6,380,6644,7000,2,2,2,{2}
2024-03-31,ILHFA,Haifa,EGEDK,"El Dekheila",1,1,"COSCO; OOCL; Yang Ming",3,5,4590.4,454,4250,5618,1,1,1,{1}
2024-03-31,ILHFA,Haifa,FRFOS,"Marseilles-Fos (Fos)",1,1,ZIM,1,2,1279.5,270,1155,1404,5,5,5,{5}
2024-03-31,ILHFA,Haifa,ILASH,Ashdod,8,8,"Admiral; Borchard Lines Ltd; Gold Star Line; Maersk Line; Medkon; MSC; SeaLand; Turkon; ZIM",9,32,16565.533333333333,2283.4666666666667,657,10062,0,1,2,"{1,1,2,1,0,0,1,1}"
2024-03-31,ILHFA,Haifa,ITSAL,Salerno,1,1,MSC,1,9,5498.2222222222235,580,4549,8386,4,4,4,{4}
2024-03-31,ILHFA,Haifa,ITVDL,"Vado Ligure",1,1,"Arkas Line; Maersk Line; Marguisa; SeaLand",4,4,2179.5,351.5,1604,2474,5,5,5,{5}
2024-03-31,ILHFA,Haifa,ROCND,Constanta,1,1,ZIM,1,3,1169,262.6666666666667,925,1484,4,4,4,{4}
2024-03-31,ILHFA,Haifa,TRALI,Aliaga,1,1,"Hapag-Lloyd; ZIM",2,8,3917,301,3429,4839,1,1,1,{1}
2024-03-31,ILHFA,Haifa,TRGEB,"Istanbul (Gebze)",1,1,Medkon,1,2,1099.5,232,1061,1138,4,4,4,{4}
2024-03-31,ILHFA,Haifa,TRISK,Iskenderun,1,1,"Evergreen Line",1,2,1618,229.5,1618,1618,2,2,2,{2}
2024-03-31,INCCU,Kolkata,INHAL,Haldia,1,1,"CMA CGM; OOCL; SOL; Yang Ming",4,3,1123.6666666666667,237.33333333333334,1061,1155,1,1,1,{1}
2024-03-31,INCCU,Kolkata,MYPKG,"Port Klang",2,2,"Gold Star Line; RCL; X-Press",3,5,2049.4285714285716,222.57142857142856,628,1528,5,5.5,6,"{5,6}"
2024-03-31,INCCU,Kolkata,SGSIN,Singapore,4,4,"ANL; BTL-Bengal Tiger Line; CMA CGM; ONE; OOCL; PIL; Samudera; X-Press",8,9,3115,318.1428571428571,600,1528,3,5,6,"{3,5,6,5}"
2024-03-31,INCOK,Cochin,AEJEA,"Dubai, Jebel Ali",1,1,"CMA CGM; Evergreen Line; Feedertech; RCL; X-Press",5,3,2808,481.3333333333333,2732,2910,4,4,4,{4}
2024-03-31,INCOK,Cochin,EGDAM,Damietta,1,1,"COSCO; Hapag-Lloyd; ONE; OOCL; Yang Ming",5,11,5980.090909090909,519.2727272727273,5500,8749,9,9,9,{9}
2024-03-31,INCOK,Cochin,LKCMB,Colombo,2,2,"CMA CGM; Evergreen Line; Feedertech; ONE; RCL; Samudera; X-Press",7,7,5636.75,986.8333333333333,2542,3091,1,1,1,"{1,1}"
2024-03-31,INCOK,Cochin,MYPKG,"Port Klang",1,1,"IAL-Interasia Lines; Wan Hai",2,6,3865.6666666666665,466.6666666666667,2646,4532,5,5,5,{5}
2024-03-31,INENR,Ennore,INVTZ,Vishakhapatnam,1,1,"Maersk Line; SeaLand",2,2,2783,493,2742,2824,1,1,1,{1}
2024-03-31,INENR,Ennore,LKCMB,Colombo,1,1,"ANL; APL; CMA CGM; MSC",4,16,8965.6875,796.5,8269,9572,1,1,1,{1}
2024-03-31,INHAL,Haldia,MYPKG,"Port Klang",1,1,"CMA CGM; OOCL; SOL; Yang Ming",4,3,1123.6666666666667,237.33333333333334,1061,1155,6,6,6,{6}
2024-03-31,INHZA,Hazira,INMUN,Mundra,4,4,"COSCO; Emirates Shipping; Evergreen Line; Gold Star Line; KMTC; MSC; ONE; OOCL; X-Press; ZIM",10,32,25796.582417582416,1487.2979242979243,1714,10062,1,2,2,"{2,1,2,2}"
2024-03-31,INHZA,Hazira,INNSA,"Mumbai (Nhava Sheva)",2,2,"CMA CGM; Feedertech; Hapag-Lloyd; ONE; X-Press",5,13,7873.454545454546,836.3636363636364,2664,4258,1,1,1,"{1,1}"
2024-03-31,INIXY,Kandla,INNSA,"Mumbai (Nhava Sheva)",1,1,Hapag-Lloyd,1,3,3428,417,3237,3649,1,1,1,{1}
2024-03-31,INKAT,Kattupalli,BRSSZ,Santos,1,1,Hyundai,1,12,5167.666666666667,485,4728,6763,22,22,22,{22}
2024-03-31,INKAT,Kattupalli,INNSA,"Mumbai (Nhava Sheva)",1,1,"Hyundai; Sinokor",2,9,7235.111111111111,277.77777777777777,6763,8652,4,4,4,{4}
2024-03-31,INKAT,Kattupalli,LKCMB,Colombo,1,1,"COSCO; Hapag-Lloyd; ONE; OOCL; Yang Ming",5,11,5980.090909090909,519.2727272727273,5500,8749,3,3,3,{3}
2024-03-31,INKAT,Kattupalli,MYPKG,"Port Klang",3,3,"BTL-Bengal Tiger Line; COSCO; Evergreen Line; IAL-Interasia Lines; KMTC; ONE; OOCL; RCL; Samudera; Wan Hai; X-Press",11,15,12252.933333333334,1173.6666666666667,2824,5014,5,5,7,"{5,5,7}"
2024-03-31,INKAT,Kattupalli,SGSIN,Singapore,1,1,"Hyundai; Sinokor",2,9,7235.111111111111,277.77777777777777,6763,8652,8,8,8,{8}
2024-03-31,INKAT,Kattupalli,VNC8Q,"Chu Lai",1,1,"Gold Star Line; ZIM",2,2,1847,184,787,1060,8,8,8,{8}
2024-03-31,INKRI,Krishnapatnum,INKAT,Kattupalli,1,1,"COSCO; Hapag-Lloyd; ONE; OOCL; Yang Ming",5,11,5980.090909090909,519.2727272727273,5500,8749,2,2,2,{2}
2024-03-31,INMAA,Chennai/Madras,INKAT,Kattupalli,2,2,"COSCO; Evergreen Line; IAL-Interasia Lines; KMTC; ONE; OOCL; Samudera; Wan Hai",8,11,8441.433333333334,719.6666666666667,3013,4890,0,0,0,"{0,0}"
2024-03-31,INMAA,Chennai/Madras,INVTZ,Vishakhapatnam,2,2,"BTL-Bengal Tiger Line; CMA CGM; COSCO; CULines-China United Lines; Evergreen Line; Hapag-Lloyd; KMTC; ONE; OOCL; RCL; TS Lines; Unifeeder; Wan Hai; X-Press",14,8,8008.5,774.3333333333333,1858,6456,1,1,1,"{1,1}"
2024-03-31,INMAA,Chennai/Madras,LKCMB,Colombo,2,2,"CMA CGM; Evergreen Line; Feedertech; Maersk Line; RCL; SeaLand; X-Press",7,12,10133.222222222223,750.2222222222222,2732,7849,2,2,2,"{2,2}"
2024-03-31,INMUN,Mundra,AEAUH,"Abu Dhabi",2,2,"CMA CGM; COSCO; OOCL",3,6,5529,734,1714,3534,3,5,7,"{3,7}"
2024-03-31,INMUN,Mundra,AEJEA,"Dubai, Jebel Ali",5,5,"APL; CMA CGM; COSCO; Emirates Shipping; Feedertech; Hapag-Lloyd; ONE; OOCL; PIL; Sea Lead; TS Lines; X-Press",12,17,13641.333333333334,1853.4333333333332,1080,4250,3,3,4,"{3,4,4,3,3}"
2024-03-31,INMUN,Mundra,CNDLC,Dalian,1,1,MSC,1,17,13916.64705882353,643.1176470588235,12400,16652,24,24,24,{24}
2024-03-31,INMUN,Mundra,EGDAM,Damietta,1,1,"APL; CMA CGM; COSCO; Hapag-Lloyd; ONE; OOCL",6,10,9112,740,9954,10642,14,14,14,{14}
2024-03-31,INMUN,Mundra,GBFXT,Felixstowe,1,1,MSC,1,13,8699.153846153846,633.6153846153846,7943,9640,33,33,33,{33}
2024-03-31,INMUN,Mundra,INHZA,Hazira,2,2,"CMA CGM; Feedertech; Hapag-Lloyd; ONE; X-Press",5,13,7873.454545454546,836.3636363636364,2664,4258,1,1.5,2,"{1,2}"
2024-03-31,INMUN,Mundra,INNSA,"Mumbai (Nhava Sheva)",7,7,"APL; CMA CGM; COSCO; Feedertech; Hapag-Lloyd; Maersk Line; ONE; SeaLand; Wan Hai; X-Press",10,51,32100.569841269837,3117.7301587301586,385,10500,1,2,3,"{2,2,1,2,3,3,1}"
2024-03-31,INMUN,Mundra,INPAV,Pipavav,1,1,"Global Feeder Shipping; Maersk Line; SeaLand",3,2,2913.5,493,2824,3003,1,1,1,{1}
2024-03-31,INMUN,Mundra,LKCMB,Colombo,5,5,"CMA CGM; COSCO; Emirates Shipping; Evergreen Line; Feedertech; Gold Star Line; Hyundai; KMTC; MSC; ONE; Samudera; TS Lines; X-Press; ZIM",14,39,31505.35531135531,2963.032967032967,4250,10062,4,4,5,"{5,4,4,4,4}"
2024-03-31,INMUN,Mundra,MYPKG,"Port Klang",2,2,"COSCO; Evergreen Line; Feedertech; Heung-A; IAL-Interasia Lines; OOCL; Sinokor; Wan Hai; Yang Ming",9,12,8639.5,912.6666666666666,2646,6030,7,7.5,8,"{7,8}"
2024-03-31,INMUN,Mundra,OMSLL,Salalah,2,2,"Maersk Line; MSC; SeaLand",3,13,17644.833333333336,730.5555555555555,4496,14952,2,2.5,3,"{3,2}"
2024-03-31,INMUN,Mundra,PKBQM,"Port Qasim",1,1,"APL; CMA CGM; CNC Line-Cheng Lie Navigation Co. Ltd.; COSCO; Gold Star Line; OOCL; RCL; X-Press; ZIM",9,7,7924.571428571428,514.8571428571429,5920,8586,2,2,2,{2}
2024-03-31,INMUN,Mundra,PKKHI,Karachi,6,6,"COSCO; CULines-China United Lines; Emirates Shipping; Evergreen Line; Global Feeder Shipping; Hyundai; KMTC; Messina; MSC; PIL; RCL; Sinokor; TS Lines",13,44,41047.73015873016,2819.6752136752134,3016,15294,0,1,1,"{1,1,1,1,0,1}"
2024-03-31,INMUN,Mundra,SADMM,Dammam,1,1,"ONE; Samudera",2,4,2828.75,505.5,2542,3091,3,3,3,{3}
2024-03-31,INMUN,Mundra,SAJED,Jeddah,3,3,"CMA CGM; COSCO; Hapag-Lloyd; ONE; OOCL",5,35,28992.257575757576,2246.2878787878785,7179,14074,2,5,6,"{6,5,2}"
2024-03-31,INMUN,Mundra,TRALI,Aliaga,1,1,"MSC; ZIM",2,9,8948,111.11111111111111,8948,8948,29,29,29,{29}
2024-03-31,INNSA,"Mumbai (Nhava Sheva)",AEJEA,"Dubai, Jebel Ali",3,3,"CMA CGM; Feedertech; Hapag-Lloyd; ONE; Wan Hai; X-Press",6,10,10243.8,1329,1740,4250,2,3,3,"{3,2,3}"
2024-03-31,INNSA,"Mumbai (Nhava Sheva)",CGPNR,"Pointe Noire",1,1,"CMA CGM; Maersk Line",2,10,5271.7,607.6,4496,6014,20,20,20,{20}
2024-03-31,INNSA,"Mumbai (Nhava Sheva)",INCOK,Cochin,1,1,"IAL-Interasia Lines; Wan Hai",2,6,3865.6666666666665,466.6666666666667,2646,4532,2,2,2,{2}
2024-03-31,INNSA,"Mumbai (Nhava Sheva)",INHZA,Hazira,4,4,"COSCO; Emirates Shipping; Evergreen Line; Gold Star Line; KMTC; MSC; ONE; OOCL; X-Press; ZIM",10,32,25796.582417582416,1487.2979242979243,1714,10062,1,1,2,"{1,1,1,2}"
2024-03-31,INNSA,"Mumbai (Nhava Sheva)",INMUN,Mundra,18,18,"APL; CMA CGM; CNC Line-Cheng Lie Navigation Co. Ltd.; COSCO; CULines-China United Lines; Emirates Shipping; Evergreen Line; Feedertech; Global Feeder Shipping; Gold Star Line; Hapag-Lloyd; Heung-A; Hyundai; IAL-Interasia Lines; KMTC; MSC; ONE; OOCL; PIL; RCL; Samudera; Sea Lead; Sinokor; TS Lines; Wan Hai; X-Press; Yang Ming; ZIM",28,133,112525.37876012876,9221.611322011322,1730,14952,1,1.5,3,"{1,1,2,1,1,1,2,1,2,2,2,2,2,1,1,3,1,2}"
2024-03-31,INNSA,"Mumbai (Nhava Sheva)",INPAV,Pipavav,3,3,"APL; CMA CGM; CNC Line-Cheng Lie Navigation Co. Ltd.; COSCO; Gold Star Line; Hapag-Lloyd; Hyundai; ONE; OOCL; RCL; Samudera; X-Press; Yang Ming; ZIM",14,23,24196.8,1744.752380952381,5506,9592,1,1,2,"{1,1,2}"
2024-03-31,INNSA,"Mumbai (Nhava Sheva)",KEMBA,Mombasa,1,1,"Feedertech; ONE",2,5,1119,178.6,385,1794,8,8,8,{8}
2024-03-31,INNSA,"Mumbai (Nhava Sheva)",LKCMB,Colombo,3,3,"CMA CGM; Hapag-Lloyd; MSC; ONE; RCL; Samudera; X-Press",7,29,20546.654545454545,1763.9944055944056,2664,15294,2,3,3,"{2,3,3}"
2024-03-31,INNSA,"Mumbai (Nhava Sheva)",MAPTM,Tanger,1,1,"Maersk Line; SeaLand",2,9,9823.555555555553,933.4444444444445,8112,10500,25,25,25,{25}
2024-03-31,INNSA,"Mumbai (Nhava Sheva)",MYPKG,"Port Klang",1,1,"Evergreen Line; Hapag-Lloyd; IAL-Interasia Lines; Wan Hai",4,5,4538.4,503.4,4178,5652,6,6,6,{6}
2024-03-31,INNSA,"Mumbai (Nhava Sheva)",OMSLL,Salalah,1,1,"APL; CMA CGM; Maersk Line; SeaLand",4,14,6246.928571428572,522.7142857142857,4253,6802,3,3,3,{3}
2024-03-31,INNSA,"Mumbai (Nhava Sheva)",PKBQM,"Port Qasim",1,1,"Maersk Line; SeaLand",2,4,4633.5,225,4496,4771,2,2,2,{2}
2024-03-31,INNSA,"Mumbai (Nhava Sheva)",PKKHI,Karachi,2,2,"CMA CGM; Evergreen Line; KMTC; ONE; TS Lines; UAFL-United Africa Feeder Line; X-Press; ZIM",8,8,10598.904761904761,972.3809523809523,1740,7092,1,1.5,2,"{1,2}"
2024-03-31,INNSA,"Mumbai (Nhava Sheva)",SAJED,Jeddah,1,1,"APL; CMA CGM; Hapag-Lloyd; ONE",4,10,5780.2,394.6,5780,6969,5,5,5,{5}
2024-03-31,INNSA,"Mumbai (Nhava Sheva)",SGSIN,Singapore,1,1,"CMA CGM; COSCO",2,5,4798.6,77.2,4715,5050,7,7,7,{7}
2024-03-31,INNSA,"Mumbai (Nhava Sheva)",ZADUR,Durban,1,1,"CMA CGM; Maersk Line",2,7,2682.714285714286,464.2857142857143,2490,2826,11,11,11,{11}
2024-03-31,INPAV,Pipavav,AEJEA,"Dubai, Jebel Ali",1,1,"Global Feeder Shipping; Maersk Line; SeaLand",3,2,2913.5,493,2824,3003,3,3,3,{3}
2024-03-31,INPAV,Pipavav,INNSA,"Mumbai (Nhava Sheva)",1,1,"APL; CMA CGM; Maersk Line; SeaLand",4,14,6246.928571428572,522.7142857142857,4253,6802,1,1,1,{1}
2024-03-31,INPAV,Pipavav,LKCMB,Colombo,1,1,"Hapag-Lloyd; Hyundai; ONE; Samudera; X-Press; Yang Ming",6,10,8595.8,697.8,6350,9592,2,2,2,{2}
2024-03-31,INPAV,Pipavav,MYPKG,"Port Klang",1,1,"APL; CMA CGM; CNC Line-Cheng Lie Navigation Co. Ltd.; COSCO; Gold Star Line; OOCL; RCL; ZIM",8,7,6423,580.2857142857143,5506,8888,7,7,7,{7}
2024-03-31,INPAV,Pipavav,PKBQM,"Port Qasim",1,1,"CMA CGM; ONE; RCL; Samudera; X-Press",5,5,5770.2,608.4,4957,6612,1,1,1,{1}
2024-03-31,INPAV,Pipavav,PKKHI,Karachi,1,1,"CMA CGM; COSCO; Gold Star Line; OOCL; ZIM",5,6,9178,466.6666666666667,8530,9572,2,2,2,{2}
2024-03-31,INVTZ,Vishakhapatnam,INKRI,Krishnapatnum,1,1,"COSCO; Hapag-Lloyd; ONE; OOCL; Yang Ming",5,11,5980.090909090909,519.2727272727273,5500,8749,2,2,2,{2}
2024-03-31,INVTZ,Vishakhapatnam,MYPKG,"Port Klang",1,1,"CMA CGM; COSCO; CULines-China United Lines; Evergreen Line; Hapag-Lloyd; KMTC; OOCL; RCL; TS Lines; Unifeeder",10,6,5709,474.3333333333333,5117,6456,3,3,3,{3}
2024-03-31,INVTZ,Vishakhapatnam,MYTPP,"Tanjung Pelepas",1,1,"Maersk Line; SeaLand",2,2,2783,493,2742,2824,4,4,4,{4}
2024-03-31,INVTZ,Vishakhapatnam,SGSIN,Singapore,1,1,"BTL-Bengal Tiger Line; Evergreen Line; ONE; Wan Hai; X-Press",5,2,2299.5,300,1858,2741,4,4,4,{4}
2024-03-31,IQUQR,"Umm Qasr",AEAUH,"Abu Dhabi",1,1,MSC,1,9,14305.222222222223,844.4444444444445,13092,15413,5,5,5,{5}
2024-03-31,IQUQR,"Umm Qasr",AEJEA,"Dubai, Jebel Ali",2,2,"APL; CMA CGM; CNC Line-Cheng Lie Navigation Co. Ltd.; COSCO; Evergreen Line; Hapag-Lloyd; OOCL",7,15,12396,644.4166666666666,3237,11888,2,2.5,3,"{2,3}"
2024-03-31,IQUQR,"Umm Qasr",QAHMD,Hamad,2,2,"CMA CGM; COSCO; Hapag-Lloyd; Hyundai; ONE; Yang Ming",6,10,9767.428571428572,998.7142857142858,3405,6589,2,3,4,"{2,4}"
2024-03-31,IQUQR,"Umm Qasr",SADMM,Dammam,1,1,"CMA CGM",1,3,2830.6666666666665,381.3333333333333,2468,3534,1,1,1,{1}
2024-03-31,ISGRT,Grundartangi,ISREY,Reykjavik,1,1,"Eimskip; Hapag-Lloyd",2,2,1776.5,392.5,1678,1875,1,1,1,{1}
2024-03-31,ISREY,Reykjavik,GLGOH,Nuuk,1,1,"Eimskip; Royal Arctic Line",2,3,2148,500,2148,2148,5,5,5,{5}
2024-03-31,ISREY,Reykjavik,ISRFJ,"Reydarfjordur Iceland",1,1,"Eimskip; Royal Arctic Line",2,3,2148,500,2148,2148,1,1,1,{1}
2024-03-31,ISREY,Reykjavik,ISVES,"Vestmannaeyjar Iceland",2,2,Eimskip,1,2,3146,700,698,875,1,1.5,2,"{1,2}"
2024-03-31,ISREY,Reykjavik,NLRTM,Rotterdam,1,1,"Eimskip; Hapag-Lloyd",2,2,1776.5,392.5,1678,1875,4,4,4,{4}
2024-03-31,ISREY,Reykjavik,USPWM,"Portland, ME",1,1,Eimskip,1,3,882.6666666666666,189.66666666666666,698,1025,8,8,8,{8}
2024-03-31,ISRFJ,"Reydarfjordur Iceland",FOTHO,Thorshavn,1,1,"Eimskip; Royal Arctic Line",2,3,2148,500,2148,2148,2,2,2,{2}
2024-03-31,ISVES,"Vestmannaeyjar Iceland",FOTHO,Thorshavn,2,2,Eimskip,1,2,3146,700,698,875,1,1,1,"{1,1}"
2024-03-31,ITAOI,Ancona,GRPIR,Piraeus,2,2,"CMA CGM; COSCO; ONE; OOCL; X-Press; Yang Ming; ZIM",7,5,3037.5714285714284,548.952380952381,1085,1868,2,2.5,3,"{3,2}"
2024-03-31,ITAOI,Ancona,HRRJK,Rijeka,1,1,"CMA CGM",1,4,1345.75,310.5,1267,1440,1,1,1,{1}
2024-03-31,ITAOI,Ancona,ITRAN,Ravenna,1,1,"APL; CMA CGM; COSCO; Evergreen Line; Hapag-Lloyd; OOCL; Tarros; Unimed Feeder Services-UFS; X-Press",9,4,2593.25,390,1868,2926,2,2,2,{2}
2024-03-31,ITAOI,Ancona,TRAMB,"Istanbul (Ambarli)",1,1,Hapag-Lloyd,1,4,2848.5,401,2400,3534,5,5,5,{5}
2024-03-31,ITBRI,Bari,HRPLE,Ploce,1,1,"CMA CGM; COSCO; Evergreen Line; Hapag-Lloyd; Maersk Line; SeaLand; X-Press",7,1,700,60,700,700,0,0,0,{0}
2024-03-31,ITCAG,Cagliari,MAPTM,Tanger,1,1,"Maersk Line; X-Press",2,1,862,234,862,862,3,3,3,{3}
2024-03-31,ITCVV,Civitavecchia,FRFOS,"Marseilles-Fos (Fos)",1,1,MSC,1,15,9291.866666666667,790.4,8386,12119,2,2,2,{2}
2024-03-31,ITCVV,Civitavecchia,ITLIV,Leghorn,1,1,Hapag-Lloyd,1,8,2728.125,569.75,2586,2837,0,0,0,{0}
2024-03-31,ITGIT,"Gioia Tauro",BGBOJ,Burgas,1,1,MSC,1,2,957,122,957,957,4,4,4,{4}
2024-03-31,ITGIT,"Gioia Tauro",GRSKG,Thessaloniki,1,1,MSC,1,4,2325.75,325.5,2078,2480,3,3,3,{3}
2024-03-31,ITGIT,"Gioia Tauro",ITCVV,Civitavecchia,1,1,MSC,1,15,9291.866666666667,790.4,8386,12119,2,2,2,{2}
2024-03-31,ITGIT,"Gioia Tauro",ITGOA,Genoa,1,1,MSC,1,17,13916.64705882353,643.1176470588235,12400,16652,1,1,1,{1}
2024-03-31,ITGIT,"Gioia Tauro",ITLIV,Leghorn,1,1,MSC,1,8,5684.125,526.25,5550,5888,3,3,3,{3}
2024-03-31,ITGIT,"Gioia Tauro",ITNAP,Naples,3,3,"Maersk Line; MSC; SeaLand",3,21,19981.060317460317,1694.0031746031746,3987,9200,2,2,3,"{3,2,2}"
2024-03-31,ITGIT,"Gioia Tauro",MAPTM,Tanger,1,1,"Maersk Line; MSC; SeaLand",3,14,23757.428571428572,1667.4285714285713,23656,24116,2,2,2,{2}
2024-03-31,ITGIT,"Gioia Tauro",MTMAR,"Malta (Marsaxlokk)",1,1,MSC,1,2,2254.5,444,1685,2824,0,0,0,{0}
2024-03-31,ITGIT,"Gioia Tauro",PTSIE,Sines,1,1,MSC,1,4,4374.5,381.5,4250,4545,3,3,3,{3}
2024-03-31,ITGIT,"Gioia Tauro",TRISK,Iskenderun,1,1,"MSC; WEC Lines",2,5,8670,838.4,8204,9200,3,3,3,{3}
2024-03-31,ITGOA,Genoa,CYLMS,Limassol,1,1,"Borchard Lines Ltd",1,3,1216,200,1216,1216,4,4,4,{4}
2024-03-31,ITGOA,Genoa,EGALY,Alexandria,1,1,"Arkas Line; CMA CGM; Hapag-Lloyd; Maersk Line; OOCL; SeaLand",6,4,2469,381,2442,2478,3,3,3,{3}
2024-03-31,ITGOA,Genoa,EGDAM,Damietta,1,1,"Hapag-Lloyd; Hyundai; ONE; Yang Ming",4,15,12458.6,635.5333333333334,13100,15500,5,5,5,{5}
2024-03-31,ITGOA,Genoa,ESALG,Algeciras,2,2,"Arkas Line; CMA CGM; Maersk Line; Messina; MSC; SeaLand; Tarros",7,13,9864.238095238095,972.047619047619,1445,8762,2,2.5,3,"{2,3}"
2024-03-31,ITGOA,Genoa,ESBCN,Barcelona,5,5,"CMA CGM; COSCO; Hapag-Lloyd; MSC; OOCL; ZIM",6,35,18460.35357142857,2121.835714285714,1740,5100,1,1,2,"{2,1,1,1,1}"
2024-03-31,ITGOA,Genoa,ESVLC,Valencia,1,1,"Hapag-Lloyd; MSC; ZIM",3,9,9159.888888888889,1330,8762,9400,1,1,1,{1}
2024-03-31,ITGOA,Genoa,FRFOS,"Marseilles-Fos (Fos)",5,5,"APL; CMA CGM; CNC Line-Cheng Lie Navigation Co. Ltd.; COSCO; Evergreen Line; Hapag-Lloyd; MSC; ONE; OOCL; Yang Ming; ZIM",11,40,39535.503787878784,2955.083333333333,1114,20988,1,1,6,"{1,6,1,1,1}"
2024-03-31,ITGOA,Genoa,FRMRS,"Marseilles-Fos (Marseilles)",3,3,"APL; CMA CGM; COSCO; Marfret; Marguisa",5,16,9580.611111111111,1908.1333333333332,809,6927,1,1,2,"{2,1,1}"
2024-03-31,ITGOA,Genoa,ITGIT,"Gioia Tauro",1,1,MSC,1,4,2325.75,325.5,2078,2480,2,2,2,{2}
2024-03-31,ITGOA,Genoa,ITLIV,Leghorn,2,2,"Arkas Line; CMA CGM; Grimaldi Lines; Hapag-Lloyd",4,11,6811.142857142857,821.2857142857143,1318,4115,0,0,0,"{0,0}"
2024-03-31,ITGOA,Genoa,ITNAP,Naples,1,1,Messina,1,3,8946.857142857143,651.4285714285714,3016,4406,1,1,1,{1}
2024-03-31,ITGOA,Genoa,ITSAL,Salerno,2,2,"Messina; ZIM",2,5,12424.738095238094,1293.8095238095239,1155,4406,1,1.5,2,"{1,2}"
2024-03-31,ITGOA,Genoa,ITSPE,"La Spezia",4,4,"Arkas Line; CMA CGM; CNAN-MED; Hapag-Lloyd; Hyundai; Messina; MSC; ONE; Tarros; Yang Ming",10,38,31208.324714501185,2047.3630683042447,1445,16652,0,0,1,"{0,0,0,1}"
2024-03-31,ITGOA,Genoa,MTMAR,"Malta (Marsaxlokk)",1,1,"APL; CMA CGM; CNC Line-Cheng Lie Navigation Co. Ltd.; COSCO; Evergreen Line; OOCL",6,13,15157.53846153846,1203.3846153846155,13208,17292,1,1,1,{1}
2024-03-31,ITGOA,Genoa,TRGEM,"Istanbul (Gemlik)",1,1,"Arkas Line; Maersk Line; Tarros",3,2,1529,178,1529,1529,4,4,4,{4}
2024-03-31,ITLIV,Leghorn,ESMOT,Motril,1,1,"G2 Ocean",1,3,7273.142857142857,,945,1914,0,0,0,{0}
2024-03-31,ITLIV,Leghorn,FRFOS,"Marseilles-Fos (Fos)",1,1,"Arkas Line; CMA CGM; Hapag-Lloyd",3,7,3719,821.2857142857143,2475,4115,1,1,1,{1}
2024-03-31,ITLIV,Leghorn,ITGOA,Genoa,9,9,"APL; CMA CGM; COSCO; Hapag-Lloyd; Maersk Line; Marfret; Marguisa; MSC; ONE; OOCL; SeaLand; Yang Ming; ZIM",13,62,51614.16904761904,6281.657142857143,1114,9400,0,1,2,"{1,1,1,2,1,1,0,2,1}"
2024-03-31,ITLIV,Leghorn,ITNAP,Naples,1,1,"G2 Ocean",1,3,7273.142857142857,,945,1914,6,6,6,{6}
2024-03-31,ITLIV,Leghorn,ITSAL,Salerno,1,1,"Grimaldi Lines",1,4,3092.1428571428573,,1318,1568,1,1,1,{1}
2024-03-31,ITNAP,Naples,EGPSD,"Port Said",1,1,Messina,1,3,8946.857142857143,651.4285714285714,3016,4406,3,3,3,{3}
2024-03-31,ITNAP,Naples,GRPIR,Piraeus,1,1,"COSCO; OOCL; Yang Ming",3,1,925,200,925,925,2,2,2,{2}
2024-03-31,ITNAP,Naples,ITLIV,Leghorn,1,1,"Maersk Line; MSC; SeaLand",3,7,8171.571428571428,695.7142857142857,7846,8762,3,3,3,{3}
2024-03-31,ITNAP,Naples,ITSPE,"La Spezia",2,2,"Maersk Line; MSC; SeaLand; WEC Lines",4,14,16165.888888888889,1495.2888888888888,6478,9200,1,2,3,"{1,3}"
2024-03-31,ITNAP,Naples,NLRTM,Rotterdam,1,1,"G2 Ocean",1,3,7273.142857142857,,945,1914,0,0,0,{0}
2024-03-31,ITNAP,Naples,PTSIE,Sines,1,1,MSC,1,5,4313.6,341.4,3987,4626,3,3,3,{3}
2024-03-31,ITRAN,Ravenna,ILHFA,Haifa,1,1,ZIM,1,2,1061,232,1061,1061,5,5,5,{5}
2024-03-31,ITRAN,Ravenna,ITTRS,Trieste,1,1,"APL; CMA CGM; COSCO; Evergreen Line; Hapag-Lloyd; OOCL; Tarros; Unimed Feeder Services-UFS; X-Press",9,4,2593.25,390,1868,2926,1,1,1,{1}
2024-03-31,ITRAN,Ravenna,ITVCE,Venice,2,2,"Borchard Lines Ltd; Maersk Line; MSC; SeaLand",4,4,2324,418,660,1658,1,1.5,2,"{1,2}"
2024-03-31,ITRAN,Ravenna,SIKOP,Koper,1,1,"Maersk Line; MSC; SeaLand",3,3,1119.3333333333333,238,1078,1162,0,0,0,{0}
2024-03-31,ITRAN,Ravenna,TRAMB,"Istanbul (Ambarli)",1,1,"Maersk Line; MSC; SeaLand",3,3,1209.7619047619048,142.85714285714286,820,2207,3,3,3,{3}
2024-03-31,ITSAL,Salerno,CYLMS,Limassol,1,1,"Borchard Lines Ltd",1,5,868,166.8,868,868,4,4,4,{4}
2024-03-31,ITSAL,Salerno,EGALY,Alexandria,1,1,Messina,1,3,11145.238095238094,1023.8095238095239,1422,4406,3,3,3,{3}
2024-03-31,ITSAL,Salerno,ESCAS,Castellon,1,1,"Borchard Lines Ltd",1,5,868,166.8,868,868,2,2,2,{2}
2024-03-31,ITSAL,Salerno,FRMRS,"Marseilles-Fos (Marseilles)",1,1,"Borchard Lines Ltd",1,3,1216,200,1216,1216,2,2,2,{2}
2024-03-31,ITSAL,Salerno,GBFXT,Felixstowe,1,1,"COSCO; OOCL; Yang Ming",3,5,4590.4,454,4250,5618,6,6,6,{6}
2024-03-31,ITSAL,Salerno,GRPIR,Piraeus,1,1,"Arkas Line; CMA CGM; Messina; Tarros",4,6,1692.6666666666667,276.3333333333333,1445,1930,3,3,3,{3}
2024-03-31,ITSAL,Salerno,ILASH,Ashdod,1,1,ZIM,1,2,1279.5,270,1155,1404,4,4,4,{4}
2024-03-31,ITSAL,Salerno,ITGOA,Genoa,3,3,"Arkas Line; CMA CGM; Hapag-Lloyd; MSC",4,16,7919.75,1500.5857142857144,1740,4115,1,2,2,"{1,2,2}"
2024-03-31,ITSAL,Salerno,ITSPE,"La Spezia",2,2,"Arkas Line; CMA CGM; Maersk Line; Messina; Tarros",5,8,3221.666666666667,454.3333333333333,1445,1930,1,2,3,"{3,1}"
2024-03-31,ITSAL,Salerno,MACAS,Casablanca,1,1,"Grimaldi Lines",1,4,3092.1428571428573,,1318,1568,3,3,3,{3}
2024-03-31,ITSAL,Salerno,MAPTM,Tanger,3,3,"CMA CGM; Hapag-Lloyd; ONE; ZIM",4,18,11365.628571428571,1321.6666666666667,2339,5700,1,3,3,"{3,1,3}"
2024-03-31,ITSAL,Salerno,PTSIE,Sines,1,1,MSC,1,9,5498.2222222222235,580,4549,8386,3,3,3,{3}
2024-03-31,ITSPE,"La Spezia",ESALG,Algeciras,1,1,"CMA CGM; COSCO; ONE; OOCL",4,6,4381.833333333333,369.3333333333333,4250,4600,3,3,3,{3}
2024-03-31,ITSPE,"La Spezia",ESBCN,Barcelona,3,3,"Maersk Line; MSC; SeaLand; WEC Lines",4,26,20196.755555555555,1722.2888888888888,2478,12119,1,2,2,"{2,1,2}"
2024-03-31,ITSPE,"La Spezia",FRFOS,"Marseilles-Fos (Fos)",4,4,"ANL; APL; CMA CGM; Hapag-Lloyd; Hyundai; MSC; ONE; Yang Ming",8,48,37416.488404977375,2490.386877828054,1118,16652,1,1,2,"{1,2,1,1}"
2024-03-31,ITSPE,"La Spezia",FRMRS,"Marseilles-Fos (Marseilles)",1,1,"CNAN-MED; Messina; Tarros",3,2,2182.8571428571427,297.14285714285717,1528,1528,1,1,1,{1}
2024-03-31,ITSPE,"La Spezia",GBLGP,"London Gateway",1,1,"MSC; WEC Lines",2,5,8670,838.4,8204,9200,8,8,8,{8}
2024-03-31,ITSPE,"La Spezia",ITGOA,Genoa,4,4,"Arkas Line; CMA CGM; CNC Line-Cheng Lie Navigation Co. Ltd.; COSCO; Evergreen Line; Maersk Line; Messina; OOCL; Tarros",9,26,21774.926406926406,1622.4761904761904,1445,20988,0,1,2,"{0,1,2,1}"
2024-03-31,ITSPE,"La Spezia",ITSAL,Salerno,1,1,"Arkas Line; CMA CGM; Messina; Tarros",4,6,1692.6666666666667,276.3333333333333,1445,1930,1,1,1,{1}
2024-03-31,ITSVN,Savona,ITLIV,Leghorn,2,1,"G2 Ocean",1,6,14546.285714285714,,945,1914,1,1,1,"{1,1}"
2024-03-31,ITTAR,Taranto,MTMAR,"Malta (Marsaxlokk)",1,1,"CMA CGM",1,4,1345.75,310.5,1267,1440,2,2,2,{2}
2024-03-31,ITTAR,Taranto,TNSFA,Sfax,1,1,Medkon,1,2,801.1428571428571,134.85714285714286,698,704,5,5,5,{5}
2024-03-31,ITTRS,Trieste,HRRJK,Rijeka,2,2,"APL; CMA CGM; CNC Line-Cheng Lie Navigation Co. Ltd.; COSCO; Evergreen Line; Maersk Line; MSC; OOCL; SeaLand",9,26,28822.651785714286,1802.169642857143,5250,15516,0,0.5,1,"{1,0}"
2024-03-31,ITTRS,Trieste,ITRAN,Ravenna,1,1,"Maersk Line; MSC; SeaLand",3,2,1658,302,1658,1658,1,1,1,{1}
2024-03-31,ITTRS,Trieste,ITVCE,Venice,5,5,"APL; CMA CGM; COSCO; Evergreen Line; Hapag-Lloyd; Maersk Line; MSC; ONE; OOCL; SeaLand; Tarros; Unimed Feeder Services-UFS; X-Press; Yang Ming",14,17,7520.666666666667,1350.3095238095239,820,2926,0,1,1,"{1,0,0,1,1}"
2024-03-31,ITTRS,Trieste,MAPTM,Tanger,1,1,"Maersk Line; MSC; SeaLand",3,16,15314.9375,608.3125,15150,15516,5,5,5,{5}
2024-03-31,ITVCE,Venice,CYLMS,Limassol,1,1,"Borchard Lines Ltd",1,2,666,116,660,672,4,4,4,{4}
2024-03-31,ITVCE,Venice,GRPIR,Piraeus,1,1,"Maersk Line; MSC; SeaLand",3,3,1119.3333333333333,238,1078,1162,3,3,3,{3}
2024-03-31,ITVCE,Venice,HRRJK,Rijeka,1,1,Hapag-Lloyd,1,4,2848.5,401,2400,3534,1,1,1,{1}
2024-03-31,ITVCE,Venice,ILHFA,Haifa,1,1,"Maersk Line; MSC; SeaLand",3,2,1658,302,1658,1658,5,5,5,{5}
2024-03-31,ITVCE,Venice,ITAOI,Ancona,2,2,"CMA CGM; COSCO; ONE; OOCL; X-Press; Yang Ming; ZIM",7,5,3037.5714285714284,548.952380952381,1085,1868,0,0.5,1,"{1,0}"
2024-03-31,ITVCE,Venice,ITRAN,Ravenna,1,1,ZIM,1,2,1061,232,1061,1061,0,0,0,{0}
2024-03-31,ITVCE,Venice,SIKOP,Koper,3,3,"APL; CMA CGM; COSCO; Evergreen Line; Hapag-Lloyd; Maersk Line; MSC; OOCL; SeaLand; Tarros; Unimed Feeder Services-UFS; X-Press",12,11,5148.761904761905,843.3571428571429,820,2926,0,0,1,"{1,0,0}"
2024-03-31,ITVDL,"Vado Ligure",FRFOS,"Marseilles-Fos (Fos)",1,1,"Arkas Line; Maersk Line; Marguisa; SeaLand",4,4,2179.5,351.5,1604,2474,1,1,1,{1}
2024-03-31,ITVDL,"Vado Ligure",ITSPE,"La Spezia",1,1,"CMA CGM; COSCO; ONE; OOCL",4,6,4381.833333333333,369.3333333333333,4250,4600,1,1,1,{1}
2024-03-31,JMKIN,Kingston,AWBAR,Barcadera,1,1,"CMA CGM",1,2,2478,,2478,2478,2,2,2,{2}
2024-03-31,JMKIN,Kingston,BSNAS,Nassau,1,1,"APL; CMA CGM",2,3,1168,276.6666666666667,1102,1284,3,3,3,{3}
2024-03-31,JMKIN,Kingston,BZBZE,"Belize City",1,1,"Caribbean Feeder; CMA CGM; Hapag-Lloyd; ZIM",4,1,448,40,448,448,2,2,2,{2}
2024-03-31,JMKIN,Kingston,COBAQ,Barranquilla,1,1,"Seaboard Marine",1,2,1504.5,383.5,1296,1713,2,2,2,{2}
2024-03-31,JMKIN,Kingston,COCTG,Cartagena,2,2,"APL; CMA CGM; COSCO; Maersk Line; Marfret; Marguisa; SeaLand",7,17,13428.861111111111,1939.8333333333333,5576,8530,1,1.5,2,"{2,1}"
2024-03-31,JMKIN,Kingston,COSMR,"Santa Marta",1,1,Hapag-Lloyd,1,7,2653.285714285714,642.8571428571429,2572,2756,3,3,3,{3}
2024-03-31,JMKIN,Kingston,CRMOB,Moin,1,1,"CMA CGM; Marfret",2,6,3672,746.3333333333334,3430,4045,4,4,4,{4}
2024-03-31,JMKIN,Kingston,CUSCU,"Santiago de Cuba",1,1,"CMA CGM",1,1,4874.285714285715,857.1428571428571,1706,1706,1,1,1,{1}
2024-03-31,JMKIN,Kingston,DOCAU,Caucedo,4,4,"Caribbean Feeder; CMA CGM; CNC Line-Cheng Lie Navigation Co. Ltd.; COSCO; Hapag-Lloyd; Maersk Line; OOCL; SeaLand; ZIM",9,21,14358.416666666668,1749.6666666666667,1061,11388,2,2,2,"{2,2,2,2}"
2024-03-31,JMKIN,Kingston,DOHAI,"Rio Haina",3,3,"APL; CMA CGM; COSCO; Seaboard Marine; X-Press; ZIM",6,9,5900,1122.6666666666665,1341,2572,1,1,2,"{1,1,2}"
2024-03-31,JMKIN,Kingston,HNPCR,"Puerto Cortes",3,3,"Caribbean Feeder; CMA CGM; COSCO; Hapag-Lloyd; OOCL; Seaboard Marine; SeaLand; ZIM",8,7,5823.833333333333,845,1296,2564,1,2,2,"{2,1,2}"
2024-03-31,JMKIN,Kingston,HTLFF,"Port Lafito",1,1,"APL; CMA CGM",2,3,1279.3333333333333,399,1201,1341,1,1,1,{1}
2024-03-31,JMKIN,Kingston,HTPAP,Port-au-Prince,2,2,"APL; Caribbean Feeder; CMA CGM; COSCO; Evergreen Line; Hapag-Lloyd; Maersk Line; OOCL; Seaboard Marine; X-Press; ZIM",11,4,2756.3333333333335,487.33333333333337,877,1788,1,1.5,2,"{1,2}"
2024-03-31,JMKIN,Kingston,KRPUS,Busan,1,1,"Maersk Line; MSC; SeaLand; ZIM",4,12,14307.666666666666,1433.3333333333333,11800,15124,35,35,35,{35}
2024-03-31,JMKIN,Kingston,KYGEC,Georgetown,1,1,"Seaboard Marine; ZIM",2,1,370,,370,370,1,1,1,{1}
2024-03-31,JMKIN,Kingston,MXATM,Altamira,2,2,"COSCO; Seaboard Marine; X-Press; ZIM",4,7,2873.833333333333,564.8333333333333,966,1781,4,4,4,"{4,4}"
2024-03-31,JMKIN,Kingston,MXVER,Veracruz,1,1,"CMA CGM; COSCO; Maersk Line; SeaLand",4,8,6558.75,562.5,5576,8530,4,4,4,{4}
2024-03-31,JMKIN,Kingston,PAMIT,Manzanillo,2,2,"APL; Caribbean Feeder; CMA CGM; COSCO; Hapag-Lloyd; OOCL; Seaboard Marine; X-Press; ZIM",9,7,4289.333333333333,583.3333333333334,877,3534,2,2,2,"{2,2}"
2024-03-31,JMKIN,Kingston,PECLL,Callao,1,1,ZIM,1,6,1546.6666666666667,381.6666666666667,1296,1740,7,7,7,{7}
2024-03-31,JMKIN,Kingston,PFPPT,"Papeete, Tahiti",1,1,"ANL; APL; CMA CGM; Marfret",4,14,2410.714285714286,653.1428571428571,2256,2713,13,13,13,{13}
2024-03-31,JMKIN,Kingston,PRSJU,"San Juan PR",1,1,"CMA CGM",1,3,1218.6666666666667,256.6666666666667,1118,1338,3,3,3,{3}
2024-03-31,JMKIN,Kingston,SXSXM,"St Maarten",1,1,"APL; CMA CGM",2,3,1168,276.6666666666667,1102,1284,3,3,3,{3}
2024-03-31,JMKIN,Kingston,TTPTS,"Point Lisas",1,1,"APL; CMA CGM",2,3,1279.3333333333333,399,1201,1341,4,4,4,{4}
2024-03-31,JMKIN,Kingston,USCHS,"Charleston SC",1,1,"Maersk Line; MSC; SeaLand; ZIM",4,12,14307.666666666666,1433.3333333333333,11800,15124,2,2,2,{2}
2024-03-31,JMKIN,Kingston,USNYC,"New York NY/NJ",1,1,ZIM,1,4,1239.5,260.5,966,1756,3,3,3,{3}
2024-03-31,JMKIN,Kingston,USSAV,"Savannah GA",1,1,ZIM,1,6,1546.6666666666667,381.6666666666667,1296,1740,3,3,3,{3}
2024-03-31,JMKIN,Kingston,VELAG,"La Guaira",1,1,"CMA CGM; Maersk Line",2,3,2003,294,1691,2578,2,2,2,{2}
2024-03-31,JMKIN,Kingston,VEPBL,"Puerto Cabello",1,1,ZIM,1,3,1543.3333333333333,306.6666666666667,1118,1756,2,2,2,{2}
2024-03-31,JOAQB,Aqaba,DJJIB,Djibouti,1,1,"APL; CMA CGM; CNC Line-Cheng Lie Navigation Co. Ltd.; Evergreen Line; OOCL",5,8,4254,194.75,4132,4380,4,4,4,{4}
2024-03-31,JOAQB,Aqaba,SAJED,Jeddah,4,4,"APL; CMA CGM; CNC Line-Cheng Lie Navigation Co. Ltd.; COSCO; Evergreen Line; Hapag-Lloyd; Messina; OOCL; PIL",9,30,33018.857142857145,1522.595238095238,1114,14424,1,2,4,"{4,1,2,2}"
2024-03-31,JPCHB,Chiba,JPSMZ,Shimizu,1,1,"IAL-Interasia Lines; Wan Hai",2,5,3026.8,240,3013,3036,1,1,1,{1}
2024-03-31,JPCHF,"Shimonoseki (Chofu)",JPUKB,Kobe,1,1,Kyowa,1,3,940.6666666666666,,403,506,1,1,1,{1}
2024-03-31,JPFKY,Fukuyama,JPHIJ,Hiroshima,1,1,"Wan Hai",1,2,1040,,1040,1040,0,0,0,{0}
2024-03-31,JPFKY,Fukuyama,JPMIZ,Mizushima,5,4,"Kambara Kisen Co., Ltd.; Mingsheng",2,10,4782,420,650,1102,0,0,1,"{0,0,1,0,0}"
2024-03-31,JPHBK,Hibiki,JPMOJ,Moji,1,1,"HASCO; Jin Jiang",2,1,720,,720,720,1,1,1,{1}
2024-03-31,JPHBK,Hibiki,KRPUS,Busan,2,2,"Dongjin Shipping; Maersk Line; Namsung; SeaLand",4,6,3137.8,158.4,1003,2208,1,1,1,"{1,1}"
2024-03-31,JPHIC,Hitachinaka,JPSDJ,"Sendai (Honshu)",1,1,"KMTC; Namsung",2,3,1000,,1000,1000,1,1,1,{1}
2024-03-31,JPHIJ,Hiroshima,CNTXG,Xingang/Tianjin,1,1,Mingsheng,1,2,876,144,650,1102,6,6,6,{6}
2024-03-31,JPHIJ,Hiroshima,JPHSM,Hososhima,1,1,"Kambara Kisen Co., Ltd.",1,3,1091,,1091,1091,0,0,0,{0}
2024-03-31,JPHIJ,Hiroshima,JPIYM,"Iyomishima (Shikoku)",1,1,Mingsheng,1,1,704,116,704,704,0,0,0,{0}
2024-03-31,JPHIJ,Hiroshima,JPOIT,Oita,1,1,"Kambara Kisen Co., Ltd.",1,1,1020,160,1020,1020,1,1,1,{1}
2024-03-31,JPHIJ,Hiroshima,JPSBS,Shibushi,1,1,"Kambara Kisen Co., Ltd.",1,3,1091,,1091,1091,1,1,1,{1}
2024-03-31,JPHIJ,Hiroshima,TWKEL,Keelung,1,1,"Wan Hai",1,2,1040,,1040,1040,3,3,3,{3}
2024-03-31,JPHKT,Hakata,CNSHA,Shanghai,3,3,"Centrans; Evergreen Line; Maersk Line; SeaLand; StarOcean; TS Lines",6,7,4095,520,706,1781,1,1,3,"{1,3,1}"
2024-03-31,JPHKT,Hakata,CNWEI,Weihai,1,1,Centrans,1,1,706,118,706,706,2,2,2,{2}
2024-03-31,JPHKT,Hakata,JPHBK,Hibiki,2,2,"Dongjin Shipping; HASCO; Jin Jiang; Namsung",4,2,1723,,720,1003,0,0,0,"{0,0}"
2024-03-31,JPHKT,Hakata,JPMOJ,Moji,6,5,"COSCO; Jin Jiang; NBOSCO; Sinotrans; SITC Shipping; StarOcean; Taicang Container Lines",7,10,5430,640,349,1100,0,0,1,"{1,0,0,1,0,0}"
2024-03-31,JPHKT,Hakata,JPOSA,Osaka,4,3,"COSCO; ONE; Sinotrans; SITC Shipping; Swire Shipping",5,15,7795.285714285714,760.7857142857142,1042,2546,1,1,1,"{1,1,1,1}"
2024-03-31,JPHKT,Hakata,JPTKY,Tokuyama,1,1,"IAL-Interasia Lines; Wan Hai",2,4,1784,342.25,1774,1800,0,0,0,{0}
2024-03-31,JPHKT,Hakata,JPTYO,Tokyo,1,1,"CMA CGM; CNC Line-Cheng Lie Navigation Co. Ltd.; ONE",3,3,1708,202,1708,1708,3,3,3,{3}
2024-03-31,JPHKT,Hakata,JPUKB,Kobe,2,2,"COSCO; IAL-Interasia Lines; NBOSCO; Wan Hai",4,7,2970.5,305,1100,2038,1,1,1,"{1,1}"
2024-03-31,JPHKT,Hakata,JPYOK,Yokohama,1,1,"APL; CMA CGM; Swire Shipping",3,2,1711.5,351,1691,1732,2,2,2,{2}
2024-03-31,JPHKT,Hakata,KRPUS,Busan,2,2,"Evergreen Line; TS Lines; Wan Hai; Yang Ming",4,6,4446.333333333333,541.6666666666667,1708,2954,1,1.5,2,"{2,1}"
2024-03-31,JPHKT,Hakata,KRUSN,Ulsan,1,1,"Evergreen Line; ONE",2,4,1940.25,52.5,1809,1984,1,1,1,{1}
2024-03-31,JPHKT,Hakata,TWTPE,Taipei,1,1,"Evergreen Line; Wan Hai; Yang Ming",3,2,1923.5,230,1809,2038,1,1,1,{1}
2024-03-31,JPHSM,Hososhima,JPSBS,Shibushi,2,2,"Ehime Ocean Line; Kambara Kisen Co., Ltd.",2,5,2125,160,1020,1091,0,0,0,"{0,0}"
2024-03-31,JPIMI,Imari,JPFKY,Fukuyama,3,3,"Kambara Kisen Co., Ltd.; Mingsheng",2,6,2987,304,650,1102,1,1,1,"{1,1,1}"
2024-03-31,JPISI,Ishikari,JPSKT,Sakata,1,1,"KMTC; Namsung",2,3,1000,,1000,1000,2,2,2,{2}
2024-03-31,JPIWK,Iwakuni,JPHKT,Hakata,1,1,"Evergreen Line",1,3,1618,170,1618,1618,1,1,1,{1}
2024-03-31,JPIYM,"Iyomishima (Shikoku)",CNSHA,Shanghai,1,1,Mingsheng,1,1,704,116,704,704,3,3,3,{3}
2024-03-31,JPKIJ,"Niigata (N Coast)",JPSMN,"Sakaiminato (N Coast)",1,1,"KMTC; Namsung",2,3,1004.3333333333334,40,953,1060,1,1,1,{1}
2024-03-31,JPKIJ,"Niigata (N Coast)",JPTOY,"Toyama (N Coast)",2,2,"CK Line; KMTC; Namsung; PanCon",4,4,2058.5,132,1000,1060,0,0.5,1,"{1,0}"
2024-03-31,JPKIS,Kamaishi,JPKIJ,"Niigata (N Coast)",1,1,"KMTC; Namsung",2,3,1004.3333333333334,40,953,1060,2,2,2,{2}
2024-03-31,JPKNZ,"Kanazawa (N Coast)",KRUSN,Ulsan,1,1,"KMTC; Namsung; PanCon",3,2,1028.5,132,1009,1048,1,1,1,{1}
2024-03-31,JPKWS,Kawasaki,JPHIC,Hitachinaka,1,1,"KMTC; Namsung",2,3,1000,,1000,1000,1,1,1,{1}
2024-03-31,JPKWS,Kawasaki,JPNGO,Nagoya,1,1,"SITC Shipping",1,3,999.6666666666666,,953,1023,1,1,1,{1}
2024-03-31,JPKWS,Kawasaki,JPTYO,Tokyo,1,1,"Hapag-Lloyd; ONE",2,4,4650.5,322.5,4432,5014,0,0,0,{0}
2024-03-31,JPKWS,Kawasaki,JPYOK,Yokohama,2,2,"KMTC; SITC Shipping; Taicang Container Lines",3,6,2884.75,262,1091,1808,0,0.5,1,"{0,1}"
2024-03-31,JPKWS,Kawasaki,TWTPE,Taipei,1,1,"IAL-Interasia Lines; Wan Hai",2,4,1901.5,335.5,1756,2038,3,3,3,{3}
2024-03-31,JPMIZ,Mizushima,JPFKY,Fukuyama,1,1,"Wan Hai",1,2,1040,,1040,1040,1,1,1,{1}
2024-03-31,JPMIZ,Mizushima,JPHIJ,Hiroshima,4,3,"Kambara Kisen Co., Ltd.; Mingsheng",2,8,3906,276,704,1091,1,1,1,"{1,1,1,1}"
2024-03-31,JPMIZ,Mizushima,JPOSA,Osaka,1,1,"Wan Hai",1,2,1040,,1040,1040,0,0,0,{0}
2024-03-31,JPMIZ,Mizushima,JPTAK,"Takamatsu (Shikoku)",1,1,Mingsheng,1,2,876,144,650,1102,0,0,0,{0}
2024-03-31,JPMOJ,Moji,CNDLC,Dalian,1,1,"Maersk Line; SeaLand",2,8,1726.625,336.625,1713,1740,1,1,1,{1}
2024-03-31,JPMOJ,Moji,CNNGB,Ningbo,1,1,"COSCO; Sinotrans; SITC Shipping",3,4,1072.75,141.25,1042,1103,2,2,2,{2}
2024-03-31,JPMOJ,Moji,CNNSA,Nansha,1,1,"COSCO; Evergreen Line; OOCL; Yang Ming",4,3,1396,120,1378,1432,4,4,4,{4}
2024-03-31,JPMOJ,Moji,CNSHA,Shanghai,3,3,"COSCO; HASCO; Jin Jiang; Sinotrans; SITC Shipping",5,4,2699,120,720,1020,3,3,3,"{3,3,3}"
2024-03-31,JPMOJ,Moji,CNTAC,Taicang,1,1,"Taicang Container Lines",1,1,1043,180,1043,1043,2,2,2,{2}
2024-03-31,JPMOJ,Moji,CNTXG,Xingang/Tianjin,1,1,"COSCO; Sinotrans; SITC Shipping",3,2,959,120,907,1011,3,3,3,{3}
2024-03-31,JPMOJ,Moji,CNWEI,Weihai,1,1,StarOcean,1,1,349,180,349,349,2,2,2,{2}
2024-03-31,JPMOJ,Moji,JPHBK,Hibiki,1,1,"Maersk Line; SeaLand",2,5,2134.8,158.4,2086,2208,1,1,1,{1}
2024-03-31,JPMOJ,Moji,JPHKT,Hakata,6,6,"Centrans; Evergreen Line; IAL-Interasia Lines; ONE; StarOcean; TS Lines; Wan Hai; Yang Ming",8,15,9660.75,1250.4166666666667,706,2954,0,1,1,"{1,1,0,1,1,0}"
2024-03-31,JPMOJ,Moji,JPOSA,Osaka,1,1,"COSCO; NBOSCO",2,3,1100,40,1100,1100,1,1,1,{1}
2024-03-31,JPMYJ,"Matsuyama (Shikoku)",JPOIT,Oita,1,1,"Ehime Ocean Line",1,2,1034,160,1020,1048,0,0,0,{0}
2024-03-31,JPNAH,"Naha (Okinawa Is)",JPSBS,Shibushi,1,1,"Ehime Ocean Line",1,2,1034,160,1020,1048,2,2,2,{2}
2024-03-31,JPNAH,"Naha (Okinawa Is)",KRPUS,Busan,1,1,"ANL; APL; CMA CGM; CNC Line-Cheng Lie Navigation Co. Ltd.; Maersk Line",5,7,6815.142857142857,602.5714285714286,5506,7846,2,2,2,{2}
2024-03-31,JPNAH,"Naha (Okinawa Is)",TWKEL,Keelung,1,1,"Ehime Ocean Line",1,2,1034,160,1020,1048,1,1,1,{1}
2024-03-31,JPNAO,Naoetsu,KRPUS,Busan,1,1,"CK Line; KMTC",2,2,1030,,1000,1060,2,2,2,{2}
2024-03-31,JPNGO,Nagoya,CNDLC,Dalian,1,1,"SITC Shipping",1,3,1044.6666666666667,40,1011,1100,2,2,2,{2}
2024-03-31,JPNGO,Nagoya,CNNJI,Nanjing,1,1,"Taicang Container Lines",1,2,1091,140,1091,1091,4,4,4,{4}
2024-03-31,JPNGO,Nagoya,CNSHA,Shanghai,2,2,"COSCO; Sinotrans; SITC Shipping",3,5,1998.6666666666665,,953,1040,2,2.5,3,"{2,3}"
2024-03-31,JPNGO,Nagoya,CNTAC,Taicang,2,2,"SITC Shipping; Taicang Container Lines",2,6,2107.666666666667,206.66666666666666,1011,1100,2,2.5,3,"{2,3}"
2024-03-31,JPNGO,Nagoya,CNTAO,Qingdao,1,1,"Centrans; Jin Jiang; StarOcean",3,1,1022,277,1022,1022,3,3,3,{3}
2024-03-31,JPNGO,Nagoya,CNTXG,Xingang/Tianjin,3,3,"COSCO; Sinotrans; SITC Shipping; StarOcean",4,6,4617,404,1011,1946,4,5,6,"{6,4,5}"
2024-03-31,JPNGO,Nagoya,CNWEI,Weihai,2,2,COSCO,1,2,6890,1324,1705,1740,3,3,3,"{3,3}"
2024-03-31,JPNGO,Nagoya,CNXMN,Xiamen,1,1,"Hapag-Lloyd; Hyundai; ONE; Yang Ming",4,7,5671.836734693878,428.57142857142856,6350,6724,6,6,6,{6}
2024-03-31,JPNGO,Nagoya,HKHKG,"Hong Kong",1,1,OOCL,1,3,4579.666666666667,400,4578,4583,3,3,3,{3}
2024-03-31,JPNGO,Nagoya,JPMOJ,Moji,1,1,"COSCO; Evergreen Line; OOCL; Yang Ming",4,3,1396,120,1378,1432,2,2,2,{2}
2024-03-31,JPNGO,Nagoya,JPOSA,Osaka,2,2,"Maersk Line; SeaLand; TS Lines",3,8,3316.8,303.4,1182,2208,1,1,1,"{1,1}"
2024-03-31,JPNGO,Nagoya,JPSMZ,Shimizu,5,5,"COSCO; Jin Jiang; NBOSCO; Swire Shipping; Westwood",5,11,19645.714285714286,446.2857142857143,668,2546,0,0,1,"{1,0,0,0,1}"
2024-03-31,JPNGO,Nagoya,JPTYO,Tokyo,10,9,"ANL; APL; CMA CGM; COSCO; Evergreen Line; Hapag-Lloyd; Hyundai; KMTC; NBOSCO; ONE; OOCL; Sinotrans; SITC Shipping; Taicang Container Lines; Yang Ming",15,63,32616.998499399757,3025.708683473389,1024,9040,0,1,1,"{1,1,1,0,0,1,1,1,1,1}"
2024-03-31,JPNGO,Nagoya,JPUKB,Kobe,10,10,"APL; CMA CGM; CNC Line-Cheng Lie Navigation Co. Ltd.; Evergreen Line; IAL-Interasia Lines; Maersk Line; ONE; OOCL; SeaLand; TS Lines; Wan Hai; Yang Ming",12,45,22441.60119047619,2866.125,1096,4538,0,1,2,"{1,0,1,2,1,1,1,1,1,1}"
2024-03-31,JPNGO,Nagoya,JPYKK,Yokkaichi,8,8,"APL; CMA CGM; CNC Line-Cheng Lie Navigation Co. Ltd.; COSCO; Evergreen Line; Hapag-Lloyd; Hyundai; IAL-Interasia Lines; ONE; OOCL; SITC Shipping; Wan Hai",12,31,23401.55,2280.0833333333335,831,5014,0,0,1,"{0,1,0,0,0,0,0,1}"
2024-03-31,JPNGO,Nagoya,JPYOK,Yokohama,5,5,"CNC Line-Cheng Lie Navigation Co. Ltd.; IAL-Interasia Lines; Kyowa; NYK Bulk and Projects; ONE; OOCL; TS Lines; Wan Hai",8,15,14749.059523809523,726,403,4578,1,1,2,"{1,2,1,2,1}"
2024-03-31,JPNGO,Nagoya,KRPUS,Busan,1,1,MSC,1,6,4261.333333333333,575,3739,4549,3,3,3,{3}
2024-03-31,JPNGO,Nagoya,THLCH,"Laem Chabang",1,1,ONE,1,3,2574.6666666666665,462,2450,2824,6,6,6,{6}
2024-03-31,JPNGO,Nagoya,TWTPE,Taipei,1,1,"Evergreen Line",1,3,1984,200,1984,1984,3,3,3,{3}
2024-03-31,JPOIT,Oita,CNSHA,Shanghai,1,1,"Kambara Kisen Co., Ltd.",1,1,1020,160,1020,1020,2,2,2,{2}
2024-03-31,JPOIT,Oita,JPHSM,Hososhima,1,1,"Ehime Ocean Line",1,2,1034,160,1020,1048,1,1,1,{1}
2024-03-31,JPOMZ,Omaezaki,JPNGO,Nagoya,1,1,"APL; CMA CGM; CNC Line-Cheng Lie Navigation Co. Ltd.; COSCO",4,4,3236,462.5,2954,3586,1,1,1,{1}
2024-03-31,JPONA,Onahama,JPSDJ,"Sendai (Honshu)",1,1,"KMTC; Namsung",2,3,1004.3333333333334,40,953,1060,1,1,1,{1}
2024-03-31,JPOSA,Osaka,CNTAO,Qingdao,1,1,"APL; CMA CGM; COSCO; Evergreen Line; OOCL",5,8,7096.25,730.375,6046,8508,4,4,4,{4}
2024-03-31,JPOSA,Osaka,CNZPU,"Zhapu Pt",1,1,"COSCO; NBOSCO",2,3,1100,80,1100,1100,5,5,5,{5}
2024-03-31,JPOSA,Osaka,JPMIZ,Mizushima,1,1,"Wan Hai",1,2,1040,,1040,1040,1,1,1,{1}
2024-03-31,JPOSA,Osaka,JPNGO,Nagoya,4,4,"SITC Shipping; Swire Shipping; Westwood",3,10,18862.714285714286,406.2857142857143,831,2546,1,1.5,2,"{2,2,1,1}"
2024-03-31,JPOSA,Osaka,JPSBK,Sakaisenboku,2,2,"SITC Shipping",1,6,2798,181,1011,1805,0,0,0,"{0,0}"
2024-03-31,JPOSA,Osaka,JPSMZ,Shimizu,1,1,"Evergreen Line; Wan Hai",2,3,1830.6666666666667,193,1708,1984,1,1,1,{1}
2024-03-31,JPOSA,Osaka,JPTYO,Tokyo,1,1,"Taicang Container Lines",1,2,1091,140,1091,1091,1,1,1,{1}
2024-03-31,JPOSA,Osaka,JPUKB,Kobe,30,29,"Centrans; CNC Line-Cheng Lie Navigation Co. Ltd.; COSCO; Evergreen Line; IAL-Interasia Lines; Jin Jiang; Maersk Line; NBOSCO; ONE; OOCL; SeaLand; Sinotrans; SITC Shipping; StarOcean; Taicang Container Lines; TS Lines; Wan Hai; Yang Ming",18,76,46563.799999999996,5010.15,542,4583,0,0,1,"{1,0,1,1,0,0,1,0,1,1,1,0,0,1,1,1,0,0,0,0,0,0,1,0,1,0,1,1,0,0}"
2024-03-31,JPOSA,Osaka,JPYKK,Yokkaichi,1,1,ONE,1,3,2574.6666666666665,462,2450,2824,2,2,2,{2}
2024-03-31,JPOSA,Osaka,KRPUS,Busan,3,3,"ANL; CMA CGM; CNC Line-Cheng Lie Navigation Co. Ltd.; COSCO; Hyundai; ONE; OOCL; Swire Shipping",8,12,16610.5,1086.3333333333333,2082,6014,1,3,3,"{3,1,3}"
2024-03-31,JPOSA,Osaka,KRUSN,Ulsan,1,1,"IAL-Interasia Lines; Wan Hai",2,4,1870.5,225,1368,2038,1,1,1,{1}
2024-03-31,JPOSA,Osaka,TWKEL,Keelung,2,2,"APL; CMA CGM; TS Lines; Yang Ming",4,7,2955.833333333333,360,1096,1805,3,3,3,"{3,3}"
2024-03-31,JPOSA,Osaka,TWKHH,Kaohsiung,1,1,"APL; CMA CGM; CNC Line-Cheng Lie Navigation Co. Ltd.",3,4,1799,258,1707,1952,3,3,3,{3}
2024-03-31,JPOSA,Osaka,TWTPE,Taipei,1,1,"IAL-Interasia Lines; Wan Hai",2,4,2958.75,275,2708,3055,3,3,3,{3}
2024-03-31,JPOSA,Osaka,TWTXG,Taichung,1,1,OOCL,1,4,2217.75,407.5,2190,2272,2,2,2,{2}
2024-03-31,JPSBK,Sakaisenboku,JPUKB,Kobe,3,2,"SITC Shipping",1,10,4585,242,1011,1805,0,1,1,"{1,1,0}"
2024-03-31,JPSBS,Shibushi,CNNGB,Ningbo,1,1,"Kambara Kisen Co., Ltd.",1,3,1091,,1091,1091,2,2,2,{2}
2024-03-31,JPSBS,Shibushi,CNTXG,Xingang/Tianjin,1,1,"Kambara Kisen Co., Ltd.",1,3,1091,,1091,1091,5,5,5,{5}
2024-03-31,JPSBS,Shibushi,JPNAH,"Naha (Okinawa Is)",1,1,"Ehime Ocean Line",1,2,1034,160,1020,1048,3,3,3,{3}
2024-03-31,JPSBS,Shibushi,KRPUS,Busan,1,1,"Ehime Ocean Line",1,2,1034,160,1020,1048,2,2,2,{2}
2024-03-31,JPSDJ,"Sendai (Honshu)",JPKIS,Kamaishi,1,1,"KMTC; Namsung",2,3,1004.3333333333334,40,953,1060,1,1,1,{1}
2024-03-31,JPSDJ,"Sendai (Honshu)",JPTMK,Tomakomai,1,1,"KMTC; Namsung",2,3,1000,,1000,1000,1,1,1,{1}
2024-03-31,JPSKT,Sakata,JPSMN,"Sakaiminato (N Coast)",1,1,"KMTC; Namsung",2,3,1000,,1000,1000,2,2,2,{2}
2024-03-31,JPSMN,"Sakaiminato (N Coast)",KRPUS,Busan,2,2,"KMTC; Namsung",2,6,2004.3333333333335,40,953,1060,1,1.5,2,"{2,1}"
2024-03-31,JPSMZ,Shimizu,CNSHA,Shanghai,1,1,"Jin Jiang",1,1,668,60,668,668,2,2,2,{2}
2024-03-31,JPSMZ,Shimizu,JPNGO,Nagoya,6,6,"APL; CMA CGM; CNC Line-Cheng Lie Navigation Co. Ltd.; IAL-Interasia Lines; ONE; OOCL; SITC Shipping; Wan Hai",8,21,12952.216666666667,1235,1011,4538,0,1,1,"{1,1,1,1,0,1}"
2024-03-31,JPSMZ,Shimizu,JPONA,Onahama,1,1,"KMTC; Namsung",2,3,1004.3333333333334,40,953,1060,1,1,1,{1}
2024-03-31,JPSMZ,Shimizu,JPTYO,Tokyo,7,6,"COSCO; Hyundai; NBOSCO; ONE; Swire Shipping; Westwood",6,18,31796.666666666668,1232.2857142857142,1100,2858,1,1,2,"{1,2,1,1,1,2,1}"
2024-03-31,JPSMZ,Shimizu,JPUKB,Kobe,1,1,"ANL; APL; CMA CGM; COSCO; Evergreen Line; Hapag-Lloyd; Hyundai; ONE; OOCL; Yang Ming",10,17,8058.705882352941,746.2352941176471,8212,9040,1,1,1,{1}
2024-03-31,JPSMZ,Shimizu,JPYKK,Yokkaichi,1,1,"Evergreen Line",1,3,1984,200,1984,1984,0,0,0,{0}
2024-03-31,JPSMZ,Shimizu,JPYOK,Yokohama,2,2,"Evergreen Line; Wan Hai; Yang Ming",3,10,4749.809523809524,537,1708,2926,0,0.5,1,"{1,0}"
2024-03-31,JPTAK,"Takamatsu (Shikoku)",JPHIJ,Hiroshima,1,1,Mingsheng,1,2,876,144,650,1102,1,1,1,{1}
2024-03-31,JPTKY,Tokuyama,CNSHA,Shanghai,1,1,COSCO,1,1,1049,180,1049,1049,2,2,2,{2}
2024-03-31,JPTKY,Tokuyama,TWTPE,Taipei,1,1,"IAL-Interasia Lines; Wan Hai",2,4,1784,342.25,1774,1800,2,2,2,{2}
2024-03-31,JPTMK,Tomakomai,JPISI,Ishikari,1,1,"KMTC; Namsung",2,3,1000,,1000,1000,1,1,1,{1}
2024-03-31,JPTMK,Tomakomai,KRPUS,Busan,1,1,"Swire Shipping",1,3,3834.285714285714,306.2857142857143,2082,2546,0,0,0,{0}
2024-03-31,JPTOY,"Toyama (N Coast)",JPKNZ,"Kanazawa (N Coast)",1,1,"KMTC; Namsung; PanCon",3,2,1028.5,132,1009,1048,1,1,1,{1}
2024-03-31,JPTOY,"Toyama (N Coast)",JPNAO,Naoetsu,1,1,"CK Line; KMTC",2,2,1030,,1000,1060,1,1,1,{1}
2024-03-31,JPTYO,Tokyo,CNSHA,Shanghai,4,4,"Centrans; COSCO; HASCO; Sinotrans; SITC Shipping; StarOcean; TS Lines",7,8,3859.5,427.5,698,1182,3,3.5,4,"{3,3,4,4}"
2024-03-31,JPTYO,Tokyo,HKHKG,"Hong Kong",1,1,"IAL-Interasia Lines; ONE; OOCL; Wan Hai",4,4,4322.75,386,4211,4578,4,4,4,{4}
2024-03-31,JPTYO,Tokyo,JPKWS,Kawasaki,3,3,"Hapag-Lloyd; KMTC; ONE; SITC Shipping; Taicang Container Lines",5,10,7535.25,584.5,1091,5014,0,1,1,"{1,0,1}"
2024-03-31,JPTYO,Tokyo,JPNGO,Nagoya,1,1,OOCL,1,4,4579.25,400,4578,4583,2,2,2,{2}
2024-03-31,JPTYO,Tokyo,JPOSA,Osaka,1,1,"APL; CMA CGM; COSCO; Evergreen Line; OOCL",5,8,7096.25,730.375,6046,8508,1,1,1,{1}
2024-03-31,JPTYO,Tokyo,JPSMZ,Shimizu,5,5,"ANL; APL; CMA CGM; CNC Line-Cheng Lie Navigation Co. Ltd.; COSCO; Evergreen Line; Hapag-Lloyd; Hyundai; ONE; OOCL; SITC Shipping; Wan Hai; Yang Ming",13,34,18093.265406162467,1707.235294117647,1011,9040,1,1,1,"{1,1,1,1,1}"
2024-03-31,JPTYO,Tokyo,JPUKB,Kobe,3,3,"COSCO; Hapag-Lloyd; Hyundai; Maersk Line; ONE; OOCL; SeaLand; Yang Ming",8,23,21453.503401360544,1976.968253968254,4255,12690,1,1,2,"{2,1,1}"
2024-03-31,JPTYO,Tokyo,JPYOK,Yokohama,44,43,"APL; Centrans; CMA CGM; CNC Line-Cheng Lie Navigation Co. Ltd.; COSCO; Evergreen Line; Hapag-Lloyd; Hyundai; IAL-Interasia Lines; Jin Jiang; MSC; NBOSCO; ONE; OOCL; Sinokor; Sinotrans; SITC Shipping; StarOcean; Swire Shipping; Taicang Container Lines; TS Lines; Wan Hai; Westwood; Yang Ming",24,128,95374.20476190477,9598.869047619048,953,5014,0,0,1,"{0,1,1,0,1,0,0,0,0,1,0,0,0,0,0,0,1,1,0,0,1,0,0,0,0,0,0,0,1,1,1,0,0,0,0,0,0,0,0,0,1,0,0,0}"
2024-03-31,JPTYO,Tokyo,KRPUS,Busan,1,1,"Hapag-Lloyd; Hyundai; ONE; Samudera; X-Press; Yang Ming",6,10,8595.8,697.8,6350,9592,2,2,2,{2}
2024-03-31,JPTYO,Tokyo,SGSIN,Singapore,1,1,"ANL; APL; CMA CGM; COSCO; Evergreen Line; Hapag-Lloyd; Hyundai; ONE; OOCL; Yang Ming",10,17,8058.705882352941,746.2352941176471,8212,9040,7,7,7,{7}
2024-03-31,JPTYO,Tokyo,TWKEL,Keelung,1,1,"CNC Line-Cheng Lie Navigation Co. Ltd.; TS Lines",2,4,1680.5,340,1096,1909,3,3,3,{3}
2024-03-31,JPTYO,Tokyo,TWTPE,Taipei,1,1,"Evergreen Line; Wan Hai",2,3,1830.6666666666667,193,1708,1984,3,3,3,{3}
2024-03-31,JPTYO,Tokyo,USLAX,"Los Angeles CA",1,1,"ANL; APL; CMA CGM; COSCO; Evergreen Line; Hapag-Lloyd; Hyundai; ONE; OOCL; Yang Ming",10,17,8058.705882352941,746.2352941176471,8212,9040,11,11,11,{11}
2024-03-31,JPTYO,Tokyo,USPAE,"Everett WA",2,2,Westwood,1,4,14043.428571428572,,2048,2048,13,13,13,"{13,13}"
2024-03-31,JPTYO,Tokyo,USTIW,"Tacoma WA",1,1,"Hapag-Lloyd; Hyundai; ONE; Yang Ming",4,7,5671.836734693878,428.57142857142856,6350,6724,10,10,10,{10}
2024-03-31,JPUKB,Kobe,CNLYG,Lianyungang,2,2,"COSCO; ONE; Sinotrans; SITC Shipping",4,8,2888.25,313.25,1042,1868,2,2.5,3,"{2,3}"
2024-03-31,JPUKB,Kobe,CNNGB,Ningbo,1,1,"Maersk Line; SeaLand",2,6,2806,356,2806,2806,3,3,3,{3}
2024-03-31,JPUKB,Kobe,CNSHA,Shanghai,7,7,"Centrans; Jin Jiang; Maersk Line; SeaLand; StarOcean; TS Lines",6,16,7269.125,744.125,668,1740,2,2,4,"{4,2,3,2,3,2,2}"
2024-03-31,JPUKB,Kobe,CNTAO,Qingdao,3,3,"Centrans; COSCO; Hapag-Lloyd; Hyundai; Jin Jiang; ONE; Sinotrans; Yang Ming",8,9,13811.666666666666,966.6666666666666,1096,12690,3,3,3,"{3,3,3}"
2024-03-31,JPUKB,Kobe,CNWEI,Weihai,1,1,"COSCO; Sinotrans; SITC Shipping",3,1,542,200,542,542,2,2,2,{2}
2024-03-31,JPUKB,Kobe,CNZPU,"Zhapu Pt",1,1,"COSCO; NBOSCO",2,3,1100,40,1100,1100,3,3,3,{3}
2024-03-31,JPUKB,Kobe,JPHKT,Hakata,1,1,"Taicang Container Lines",1,1,1043,180,1043,1043,1,1,1,{1}
2024-03-31,JPUKB,Kobe,JPIWK,Iwakuni,1,1,"Evergreen Line",1,3,1618,170,1618,1618,1,1,1,{1}
2024-03-31,JPUKB,Kobe,JPMOJ,Moji,5,5,"COSCO; Evergreen Line; IAL-Interasia Lines; Maersk Line; ONE; SeaLand; Sinotrans; SITC Shipping; Wan Hai; Yang Ming",10,19,8855.3,924.4,1042,2208,1,1,1,"{1,1,1,1,1}"
2024-03-31,JPUKB,Kobe,JPNGO,Nagoya,9,8,"ANL; APL; CMA CGM; CNC Line-Cheng Lie Navigation Co. Ltd.; COSCO; Evergreen Line; Hapag-Lloyd; Hyundai; IAL-Interasia Lines; Kyowa; NBOSCO; NYK Bulk and Projects; ONE; OOCL; TS Lines; Wan Hai; Yang Ming",17,58,37638.30802320928,2707.042016806723,403,9040,0,1,1,"{1,1,1,1,1,0,1,1,1}"
2024-03-31,JPUKB,Kobe,JPOSA,Osaka,15,15,"APL; CMA CGM; CNC Line-Cheng Lie Navigation Co. Ltd.; COSCO; Evergreen Line; Hyundai; IAL-Interasia Lines; NBOSCO; ONE; OOCL; SITC Shipping; Taicang Container Lines; TS Lines; Wan Hai; Yang Ming",15,50,27328.166666666668,3561.833333333333,831,3055,0,0,1,"{0,0,0,0,0,0,1,0,0,0,0,0,0,0,0}"
2024-03-31,JPUKB,Kobe,JPSMZ,Shimizu,1,1,"SITC Shipping",1,2,1011,120,1011,1011,1,1,1,{1}
2024-03-31,JPUKB,Kobe,JPTKY,Tokuyama,1,1,COSCO,1,1,1049,180,1049,1049,1,1,1,{1}
2024-03-31,JPUKB,Kobe,JPTYO,Tokyo,2,2,"OOCL; StarOcean",2,5,6239.666666666667,684,1613,4583,1,1,1,"{1,1}"
2024-03-31,JPUKB,Kobe,KRPUS,Busan,6,6,"Austral Asia Line; CMA CGM; CNC Line-Cheng Lie Navigation Co. Ltd.; COSCO; Maersk Line; ONE; OOCL; SeaLand; SITC Shipping; TS Lines",10,23,14061.392857142857,1528.5238095238096,979,5301,1,1.5,3,"{1,2,1,3,1,2}"
2024-03-31,JPUKB,Kobe,SGSIN,Singapore,2,2,"APL; CMA CGM; CNC Line-Cheng Lie Navigation Co. Ltd.; COSCO; Hapag-Lloyd; ONE",6,8,7886.5,785,2954,5014,7,7,7,"{7,7}"
2024-03-31,JPUKB,Kobe,TWKEL,Keelung,2,2,"ONE; OOCL; TS Lines; Wan Hai",4,7,5544.75,520,1182,4538,2,2.5,3,"{2,3}"
2024-03-31,JPUKB,Kobe,TWKHH,Kaohsiung,2,2,"Hapag-Lloyd; Hyundai; ONE; OOCL; Yang Ming",5,13,16191.916666666666,1311.111111111111,4578,12690,3,3.5,4,"{3,4}"
2024-03-31,JPUKB,Kobe,TWTXG,Taichung,1,1,"Evergreen Line; Yang Ming",2,7,2919.1428571428573,344,2910,2926,3,3,3,{3}
2024-03-31,JPYKK,Yokkaichi,JPNGO,Nagoya,4,4,"Evergreen Line; MSC; ONE; SITC Shipping",4,14,9852,1407,1024,4549,0,1,1,"{1,1,0,1}"
2024-03-31,JPYKK,Yokkaichi,JPSMZ,Shimizu,1,1,"Hyundai; ONE",2,3,2671,435.3333333333333,2553,2796,1,1,1,{1}
2024-03-31,JPYKK,Yokkaichi,JPUKB,Kobe,3,3,"APL; CMA CGM; CNC Line-Cheng Lie Navigation Co. Ltd.; COSCO; Hapag-Lloyd; ONE; OOCL",7,12,12465.75,1185,2954,5014,1,1,1,"{1,1,1}"
2024-03-31,JPYKK,Yokkaichi,KRPUS,Busan,1,1,"SITC Shipping",1,3,985,100,831,1100,2,2,2,{2}
2024-03-31,JPYKK,Yokkaichi,TWKEL,Keelung,2,2,"IAL-Interasia Lines; Wan Hai",2,9,4803.8,559.75,1708,3036,2,2.5,3,"{2,3}"
2024-03-31,JPYKK,Yokkaichi,TWTPE,Taipei,1,1,"Evergreen Line",1,4,2476,,2476,2476,2,2,2,{2}
2024-03-31,JPYOK,Yokohama,CAPRR,"Prince Rupert BC",1,1,"Maersk Line; MSC; SeaLand",3,8,8251.75,1037.75,7090,9640,9,9,9,{9}
2024-03-31,JPYOK,Yokohama,CNLYG,Lianyungang,1,1,"COSCO; Sinotrans",2,2,2246,308,1946,2546,7,7,7,{7}
2024-03-31,JPYOK,Yokohama,CNNGB,Ningbo,2,2,"COSCO; NBOSCO; Sinotrans; SITC Shipping",4,4,2196,230,1096,1100,3,3.5,4,"{3,4}"
2024-03-31,JPYOK,Yokohama,CNSHA,Shanghai,8,8,"APL; CMA CGM; COSCO; Evergreen Line; IAL-Interasia Lines; Jin Jiang; KMTC; ONE; OOCL; Sinotrans; SITC Shipping; Wan Hai",12,27,20809.59090909091,1278.6363636363635,1020,14092,2,2,4,"{2,2,2,2,3,2,4,3}"
2024-03-31,JPYOK,Yokohama,CNSHP,Qinhuangdao,1,1,"SITC Shipping",1,2,1032,170,1024,1040,5,5,5,{5}
2024-03-31,JPYOK,Yokohama,CNTAC,Taicang,1,1,"Taicang Container Lines",1,3,1063,166.66666666666666,1049,1091,4,4,4,{4}
2024-03-31,JPYOK,Yokohama,CNTAO,Qingdao,3,3,"Centrans; Jin Jiang; Maersk Line; SeaLand; Sinokor; SITC Shipping",6,10,4725.666666666666,576.6666666666667,1042,3003,3,3,5,"{3,3,5}"
2024-03-31,JPYOK,Yokohama,CNXMN,Xiamen,1,1,"Maersk Line; MSC",2,8,11118.5,675,9038,13000,4,4,4,{4}
2024-03-31,JPYOK,Yokohama,CNZPU,"Zhapu Pt",2,2,"COSCO; NBOSCO",2,5,2200,100,1100,1100,4,4,4,"{4,4}"
2024-03-31,JPYOK,Yokohama,GUGUM,Guam,1,1,"APL; CMA CGM; Swire Shipping",3,2,1711.5,351,1691,1732,3,3,3,{3}
2024-03-31,JPYOK,Yokohama,JPCHB,Chiba,1,1,"IAL-Interasia Lines; Wan Hai",2,5,3026.8,240,3013,3036,0,0,0,{0}
2024-03-31,JPYOK,Yokohama,JPKWS,Kawasaki,2,2,"IAL-Interasia Lines; SITC Shipping; Wan Hai",3,7,2901.1666666666665,335.5,953,2038,0,0.5,1,"{1,0}"
2024-03-31,JPYOK,Yokohama,JPNAH,"Naha (Okinawa Is)",1,1,"ANL; APL; CMA CGM; CNC Line-Cheng Lie Navigation Co. Ltd.; Maersk Line",5,7,6815.142857142857,602.5714285714286,5506,7846,3,3,3,{3}
2024-03-31,JPYOK,Yokohama,JPNGO,Nagoya,21,21,"APL; CMA CGM; CNC Line-Cheng Lie Navigation Co. Ltd.; COSCO; Evergreen Line; Hapag-Lloyd; IAL-Interasia Lines; Maersk Line; ONE; OOCL; SeaLand; Sinotrans; SITC Shipping; StarOcean; Taicang Container Lines; TS Lines; Wan Hai; Yang Ming",18,74,46462.48452380952,5451.441666666667,1011,5014,0,1,2,"{1,1,1,1,0,1,1,1,1,1,1,2,0,2,1,1,1,2,1,0,2}"
2024-03-31,JPYOK,Yokohama,JPOMZ,Omaezaki,1,1,"APL; CMA CGM; CNC Line-Cheng Lie Navigation Co. Ltd.; COSCO",4,4,3236,462.5,2954,3586,1,1,1,{1}
2024-03-31,JPYOK,Yokohama,JPOSA,Osaka,2,2,"ANL; CMA CGM; CNC Line-Cheng Lie Navigation Co. Ltd.; COSCO; OOCL; Swire Shipping",6,9,13939.5,651,2082,6014,1,1.5,2,"{1,2}"
2024-03-31,JPYOK,Yokohama,JPSMZ,Shimizu,2,2,"APL; CMA CGM; CNC Line-Cheng Lie Navigation Co. Ltd.; Evergreen Line",4,7,3783,458,1707,1984,1,1,1,"{1,1}"
2024-03-31,JPYOK,Yokohama,JPTYO,Tokyo,9,9,"Centrans; CNC Line-Cheng Lie Navigation Co. Ltd.; COSCO; Evergreen Line; HASCO; IAL-Interasia Lines; ONE; OOCL; Sinotrans; SITC Shipping; StarOcean; TS Lines; Wan Hai",13,26,17100.833333333336,1761.5,698,4578,0,0,1,"{0,0,0,1,0,1,1,0,1}"
2024-03-31,JPYOK,Yokohama,JPUKB,Kobe,2,2,"Hyundai; Maersk Line; ONE; SeaLand",4,9,5477,791.3333333333333,2553,2806,1,1.5,2,"{2,1}"
2024-03-31,JPYOK,Yokohama,JPYKK,Yokkaichi,1,1,MSC,1,6,4261.333333333333,575,3739,4549,1,1,1,{1}
2024-03-31,JPYOK,Yokohama,KRPUS,Busan,5,5,"APL; CMA CGM; CNC Line-Cheng Lie Navigation Co. Ltd.; COSCO; Evergreen Line; Hapag-Lloyd; Hyundai; Maersk Line; MSC; ONE; OOCL; SeaLand; Westwood",13,48,54907.44047619048,4263.202380952381,2048,16520,2,3,7,"{3,2,3,7,2}"
2024-03-31,JPYOK,Yokohama,MHMAJ,Majuro,1,1,"Kyowa; ONE; Swire Shipping",3,4,3699,,1617,2082,7,7,7,{7}
2024-03-31,JPYOK,Yokohama,MXESE,Ensenada,1,1,"Hapag-Lloyd; Hyundai; MSC; ONE",4,12,10064,1085,8553,13000,12,12,12,{12}
2024-03-31,JPYOK,Yokohama,MXZLO,"Manzanillo, MEX",1,1,"Maersk Line; SeaLand",2,10,13005.3,697,9000,15413,14,14,14,{14}
2024-03-31,JPYOK,Yokohama,PGLAE,Lae,1,1,Kyowa,1,3,940.6666666666666,,403,506,9,9,9,{9}
2024-03-31,JPYOK,Yokohama,SBHIR,Honiara,2,2,"Kyowa; NYK Bulk and Projects",2,4,7805.142857142857,,914,970,11,11.5,12,"{12,11}"
2024-03-31,JPYOK,Yokohama,THLCH,"Laem Chabang",1,1,ONE,1,3,2833.6666666666665,410.6666666666667,2785,2858,7,7,7,{7}
2024-03-31,JPYOK,Yokohama,TWKEL,Keelung,1,1,"Evergreen Line; Yang Ming",2,4,2940,363,2940,2940,3,3,3,{3}
2024-03-31,JPYOK,Yokohama,USHNL,"Honolulu HI",1,1,ONE,1,3,2088.6666666666665,313.3333333333333,1042,1049,13,13,13,{13}
2024-03-31,JPYOK,Yokohama,USORF,"Norfolk VA",1,1,"CMA CGM; CNC Line-Cheng Lie Navigation Co. Ltd.; COSCO; Evergreen Line; OOCL",5,12,9266.25,639.5,6350,10622,23,23,23,{23}
2024-03-31,JPYOK,Yokohama,USPAE,"Everett WA",1,1,"Swire Shipping",1,3,3834.285714285714,306.2857142857143,2082,2546,13,13,13,{13}
2024-03-31,KEMBA,Mombasa,ITGOA,Genoa,1,1,Messina,1,3,11145.238095238094,1023.8095238095239,1422,4406,20,20,20,{20}
2024-03-31,KEMBA,Mombasa,KMLOG,"Longoni Comoros Is",2,2,"CMA CGM",1,12,3369.166666666667,488.8333333333333,1114,2268,3,3.5,4,"{4,3}"
2024-03-31,KEMBA,Mombasa,MYPKG,"Port Klang",1,1,"Gold Star Line; Hapag-Lloyd; ONE; PIL; ZIM",5,7,3271.8571428571427,318.57142857142856,2742,4250,13,13,13,{13}
2024-03-31,KEMBA,Mombasa,MYTPP,"Tanjung Pelepas",1,1,"COSCO; Maersk Line; OOCL; SeaLand",4,7,3816,379.7142857142857,3421,4253,11,11,11,{11}
2024-03-31,KEMBA,Mombasa,MZBEW,Beira,1,1,"Feedertech; ONE",2,5,1119,178.6,385,1794,4,4,4,{4}
2024-03-31,KEMBA,Mombasa,OMSLL,Salalah,1,1,"Maersk Line; SeaLand",2,4,4633.5,225,4496,4771,6,6,6,{6}
2024-03-31,KEMBA,Mombasa,SAJED,Jeddah,1,1,"CMA CGM",1,6,1535,142,1114,1740,10,10,10,{10}
2024-03-31,KEMBA,Mombasa,SGSIN,Singapore,1,1,"APL; CMA CGM; CNC Line-Cheng Lie Navigation Co. Ltd.; COSCO; Evergreen Line; OOCL; X-Press",7,7,4228.142857142857,296.57142857142856,3158,5090,11,11,11,{11}
2024-03-31,KEMBA,Mombasa,TZDAR,"Dar es Salaam",2,2,"APL; CMA CGM; COSCO; Emirates Shipping; Hapag-Lloyd; OOCL; Sea Lead; TS Lines",8,9,5935,702.1,1730,4250,1,1.5,2,"{1,2}"
2024-03-31,KEMBA,Mombasa,ZADUR,Durban,1,1,Messina,1,3,11145.238095238094,1023.8095238095239,1422,4406,7,7,7,{7}
2024-03-31,KHKOS,Sihanoukville,THBKK,"Bangkok (Old Port)",4,4,"COSCO; Maersk Line; OOCL; RCL; SeaLand; SITC Shipping; TS Lines; Wan Hai; Yang Ming",9,13,6887.666666666667,842.3333333333333,1223,1930,1,1.5,2,"{2,1,1,2}"
2024-03-31,KHKOS,Sihanoukville,THLCH,"Laem Chabang",3,3,"CNC Line-Cheng Lie Navigation Co. Ltd.; Evergreen Line; RCL; SITC Shipping; Wan Hai",5,8,7586.916666666667,813.1666666666667,1162,2038,1,1,1,"{1,1,1}"
2024-03-31,KHKOS,Sihanoukville,VNSGN,"Ho Chi Minh (VICT/Cat Lai)",2,2,"Gold Star Line; IAL-Interasia Lines; Jin Jiang; Wan Hai; ZIM",5,7,3622.833333333333,377.66666666666663,1368,2038,1,2,3,"{3,1}"
2024-03-31,KITRW,Tarawa,KRPUS,Busan,1,1,"Kyowa; NYK Bulk and Projects",2,2,3768,,914,970,11,11,11,{11}
2024-03-31,KITRW,Tarawa,VUVLI,"Port Vila",1,1,"Kyowa; ONE; Swire Shipping",3,4,3699,,1617,2082,3,3,3,{3}
2024-03-31,KMLOG,"Longoni Comoros Is",KEMBA,Mombasa,1,1,"CMA CGM",1,6,1535,142,1114,1740,3,3,3,{3}
2024-03-31,KMLOG,"Longoni Comoros Is",MZBEW,Beira,1,1,"CMA CGM",1,6,1834.1666666666667,346.8333333333333,1638,2268,2,2,2,{2}
2024-03-31,KMMUT,Mutsamudu,MZMNC,Nacala,1,1,"UAFL-United Africa Feeder Line",1,2,4646.571428571428,385.7142857142857,1740,1874,1,1,1,{1}
2024-03-31,KNBAS,"Basseterre, St Kitts",AGSJO,"St John's, Antigua",1,1,"Geest Line; Seatrade; StreamLines",3,5,488.8,189.6,436,564,0,0,0,{0}
2024-03-31,KNBAS,"Basseterre, St Kitts",DMRSU,Roseau,1,1,"King Ocean; Seaboard Marine",2,2,1296,195,1296,1296,0,0,0,{0}
2024-03-31,KNBAS,"Basseterre, St Kitts",DOCAU,Caucedo,1,1,"Tropical Shipping",1,2,911.5,187,850,973,0,0,0,{0}
2024-03-31,KNBAS,"Basseterre, St Kitts",GPSBH,"St Barthelemy",1,1,"CMA CGM",1,1,120,24,120,120,0,0,0,{0}
2024-03-31,KRINC,Inchon,CNDLC,Dalian,2,2,"KMTC; Maersk Line; OOCL; RCL; SeaLand; Yang Ming",6,9,8463.5,871.3333333333333,2378,5928,1,1,1,"{1,1}"
2024-03-31,KRINC,Inchon,CNNGB,Ningbo,2,2,"CK Line; COSCO; Heung-A; NBOSCO; PanCon; TaiYoung Shipping",6,2,2109,104,1009,1100,2,2,2,"{2,2}"
2024-03-31,KRINC,Inchon,CNSHA,Shanghai,3,3,"APL; CMA CGM; CNC Line-Cheng Lie Navigation Co. Ltd.; COSCO; Hapag-Lloyd; Hyundai; ONE; Sinokor; Yang Ming",9,12,12528.233333333334,1211.6,868,10081,1,2,2,"{2,1,2}"
2024-03-31,KRINC,Inchon,CNTAO,Qingdao,10,9,"CK Line; CMA CGM; CNC Line-Cheng Lie Navigation Co. Ltd.; Evergreen Line; Heung-A; KMTC; Maersk Line; MSC; PanOcean; Sinokor; SITC Shipping; SM Line; TS Lines; Yang Ming",14,32,21246.833333333336,2446.5,932,4892,1,1,1,"{1,1,1,1,1,1,1,1,1,1}"
2024-03-31,KRINC,Inchon,CNTXG,Xingang/Tianjin,5,5,"Austral Asia Line; CMA CGM; CNC Line-Cheng Lie Navigation Co. Ltd.; COSCO; Dongjin Shipping; Evergreen Line; Namsung; OOCL; SITC Shipping; Wan Hai; Yang Ming",11,15,12703.380952380952,906.9166666666667,554,5688,1,2,3,"{3,2,1,1,3}"
2024-03-31,KRINC,Inchon,CNZJG,Zhangjiagang,1,1,"CK Line; Sinokor",2,1,602,,602,602,3,3,3,{3}
2024-03-31,KRINC,Inchon,HKHKG,"Hong Kong",3,3,"Dong Young; Heung-A; Hyundai; KMTC; Namsung; ONE; PanCon; Sinokor",8,6,3083.5,,1000,1091,3,3,4,"{3,3,4}"
2024-03-31,KRINC,Inchon,KRKAN,Gwangyang,6,6,"CK Line; CMA CGM; CNC Line-Cheng Lie Navigation Co. Ltd.; Dong Young; IAL-Interasia Lines; KMTC; Namsung; PanOcean; SM Line; Wan Hai",10,19,11166.25,1417.25,1024,3013,1,1,2,"{2,1,2,1,1,1}"
2024-03-31,KRINC,Inchon,KRKUV,Kunsan,1,1,"Dongjin Shipping; Dong Young; KMTC; Namsung; Sinokor; TaiYoung Shipping",6,1,1000,,1000,1000,1,1,1,{1}
2024-03-31,KRINC,Inchon,KRPTK,Pyongtaek,3,3,"CK Line; Dongjin Shipping; Heung-A; Namsung; Sinokor",5,6,3421,219.66666666666666,629,1809,0,1,1,"{1,1,0}"
2024-03-31,KRINC,Inchon,KRPUS,Busan,4,4,"CK Line; Dongjin Shipping; Heung-A; KMTC; Namsung; PanCon; PanOcean; Sinokor; SM Line; TS Lines; Yang Ming",11,11,7711,675.9166666666666,1000,2940,2,2,2,"{2,2,2,2}"
2024-03-31,KRINC,Inchon,KRTSN,Seosan,5,4,"COSCO; Dong Young; Heung-A; KMTC; Namsung; PanOcean; Sinokor",7,6,8309.5,440,1021,1785,0,1,1,"{0,0,1,1,1}"
2024-03-31,KRKAN,Gwangyang,CNDLC,Dalian,1,1,"Heung-A; Sinokor",2,1,1050,178,1050,1050,2,2,2,{2}
2024-03-31,KRKAN,Gwangyang,CNNGB,Ningbo,8,8,"ANL; CMA CGM; COSCO; Dongjin Shipping; KMTC; MSC; Namsung; PanCon; PanOcean; Sinokor; SM Line",11,28,30134.19230769231,2266.010989010989,702,16616,1,2,5,"{2,3,2,2,2,1,5,1}"
2024-03-31,KRKAN,Gwangyang,CNNJI,Nanjing,2,2,"Namsung; Sinokor",2,2,1803,,712,1091,2,2,2,"{2,2}"
2024-03-31,KRKAN,Gwangyang,CNSHA,Shanghai,12,12,"CK Line; CMA CGM; CNC Line-Cheng Lie Navigation Co. Ltd.; COSCO; Dong Young; Evergreen Line; Global Feeder Shipping; Heung-A; Hyundai; KMTC; Maersk Line; Namsung; ONE; PIL; SeaLand; Sinokor; SM Line; TS Lines",18,59,40575.404700854706,2845.158547008547,1000,15294,0,1,2,"{2,1,1,1,1,1,1,1,0,1,2,2}"
2024-03-31,KRKAN,Gwangyang,CNTAO,Qingdao,5,5,"CK Line; Dongjin Shipping; Easline Shipping; Hapag-Lloyd; Heung-A; Hyundai; ONE; PanOcean; Sinokor; TaiYoung Shipping; Yang Ming",11,10,16427,1776.3333333333335,907,11860,1,1,2,"{1,2,1,1,1}"
2024-03-31,KRKAN,Gwangyang,CNTXG,Xingang/Tianjin,3,3,"CMA CGM; CNC Line-Cheng Lie Navigation Co. Ltd.; Easline Shipping; Heung-A; KMTC; Namsung; Sinokor; TaiYoung Shipping",8,5,4491.190476190476,459.7142857142857,953,1728,1,2,4,"{2,1,4}"
2024-03-31,KRKAN,Gwangyang,CNYNT,Yantai,1,1,"Namsung; PanCon; PanOcean; Sinokor",4,1,1009,104,1009,1009,1,1,1,{1}
2024-03-31,KRKAN,Gwangyang,CNYTN,Yantian,1,1,"APL; CMA CGM; CNC Line-Cheng Lie Navigation Co. Ltd.; COSCO; OOCL",5,7,10143.42857142857,691.4285714285714,9452,10960,4,4,4,{4}
2024-03-31,KRKAN,Gwangyang,HKHKG,"Hong Kong",1,1,"CK Line; Hyundai; KMTC; Sinokor",4,3,1778.3333333333333,209.66666666666666,1626,1900,2,2,2,{2}
2024-03-31,KRKAN,Gwangyang,KRINC,Inchon,3,3,"Evergreen Line; Hapag-Lloyd; Hyundai; Namsung; ONE; PanCon; Yang Ming",7,11,12699.166666666668,984,1011,10081,1,1,1,"{1,1,1}"
2024-03-31,KRKAN,Gwangyang,KRPUS,Busan,14,14,"CK Line; CMA CGM; CNC Line-Cheng Lie Navigation Co. Ltd.; COSCO; Dongjin Shipping; Dong Young; Emirates Shipping; Evergreen Line; Hapag-Lloyd; Heung-A; Hyundai; IAL-Interasia Lines; KMTC; Namsung; ONE; PanCon; PanOcean; Sinokor; SM Line; TS Lines; Wan Hai; Yang Ming",22,50,37593.0119047619,4212.8214285714275,1021,10081,0,1,2,"{1,1,1,1,0,1,2,0,1,0,2,0,1,2}"
2024-03-31,KRKAN,Gwangyang,KRUSN,Ulsan,3,3,"Heung-A; KMTC; Maersk Line; MSC; SeaLand; Sinokor",6,22,23530.966666666667,1151.4666666666667,1043,20568,0,1,2,"{2,1,0}"
2024-03-31,KRKAN,Gwangyang,RUVVO,Vladivostok,1,1,"Heung-A; Sinokor",2,3,1062.6666666666667,66.66666666666667,1043,1102,2,2,2,{2}
2024-03-31,KRKAN,Gwangyang,TWKEL,Keelung,2,2,"KMTC; TS Lines; Wan Hai; Yang Ming",4,5,4975.5,694.1666666666667,1809,2954,2,2,2,"{2,2}"
2024-03-31,KRKAN,Gwangyang,TWTXG,Taichung,1,1,"CMA CGM; CNC Line-Cheng Lie Navigation Co. Ltd.",2,4,1793.75,308,1708,1930,1,1,1,{1}
2024-03-31,KRKPO,Pohang,KRPUS,Busan,1,1,"CK Line; KMTC",2,2,1030,,1000,1060,1,1,1,{1}
2024-03-31,KRKPO,Pohang,KRUSN,Ulsan,1,1,"Heung-A; KMTC",2,4,2730,396.5,2540,2824,1,1,1,{1}
2024-03-31,KRKPO,Pohang,PHMNN,"Manila North Harbor",1,1,"KMTC; Namsung",2,3,1686.3333333333333,243.33333333333334,1585,1860,3,3,3,{3}
2024-03-31,KRKUV,Kunsan,CNNGB,Ningbo,2,2,"Dongjin Shipping; Dong Young; Evergreen Line; KMTC; Namsung; Sinokor; TaiYoung Shipping",7,3,5326,281,1000,5652,1,1.5,2,"{1,2}"
2024-03-31,KRKUV,Kunsan,KRPUS,Busan,1,1,"Dongjin Shipping; PanOcean",2,1,1024,180,1024,1024,2,2,2,{2}
2024-03-31,KRPTK,Pyongtaek,CNDLC,Dalian,3,3,"CMA CGM; CNC Line-Cheng Lie Navigation Co. Ltd.; Maersk Line; SeaLand; Sinokor",5,10,7271.9,1164.5,724,4636,1,1,2,"{2,1,1}"
2024-03-31,KRPTK,Pyongtaek,CNNTG,Nantong,1,1,Sinokor,1,1,629,60,629,629,2,2,2,{2}
2024-03-31,KRPTK,Pyongtaek,CNSHD,Shidao,1,1,"Sinokor; SITC Shipping",2,2,1071,72.5,1042,1100,0,0,0,{0}
2024-03-31,KRPTK,Pyongtaek,CNTAO,Qingdao,1,1,Sinokor,1,1,1118,220,1118,1118,3,3,3,{3}
2024-03-31,KRPTK,Pyongtaek,KRINC,Inchon,2,2,"Dong Young; KMTC; Namsung; Sinokor",4,3,1873.5,150,868,1011,1,1.5,2,"{1,2}"
2024-03-31,KRPTK,Pyongtaek,KRKAN,Gwangyang,1,1,"CK Line; Dongjin Shipping; Namsung; Sinokor",4,3,1741,159.66666666666666,1614,1809,1,1,1,{1}
2024-03-31,KRPTK,Pyongtaek,KRPUS,Busan,1,1,"Heung-A; Sinokor",2,3,1070,156.66666666666666,1038,1118,1,1,1,{1}
2024-03-31,KRPTK,Pyongtaek,VNHPH,Haiphong,1,1,"Dongjin Shipping; Heung-A; Sinokor",3,2,1051,,1011,1091,5,5,5,{5}
2024-03-31,KRPUS,Busan,CAPRR,"Prince Rupert BC",1,1,"Hapag-Lloyd; Hyundai; ONE; Yang Ming",4,6,10959,933.3333333333334,8652,11860,10,10,10,{10}
2024-03-31,KRPUS,Busan,CAVAN,"Vancouver BC",3,3,"Hapag-Lloyd; Hyundai; MSC; ONE; SM Line; Yang Ming; ZIM",7,21,23409.166666666664,1847.9444444444443,2741,12690,10,11,14,"{10,14,11}"
2024-03-31,KRPUS,Busan,CNDLC,Dalian,5,5,"APL; CMA CGM; CNC Line-Cheng Lie Navigation Co. Ltd.; COSCO; Dong Young; Doowoo Shipping; Evergreen Line; Hapag-Lloyd; Hyundai; MSC; ONE; OOCL; X-Press; Yang Ming",14,14,10605.566666666668,1140.6,700,4892,1,2,3,"{2,3,3,1,2}"
2024-03-31,KRPUS,Busan,CNGGZ,"Huangpu (Guangzhou)",1,1,"Heung-A; PanOcean; Sinokor",3,2,1069.5,152,1021,1118,4,4,4,{4}
2024-03-31,KRPUS,Busan,CNLYG,Lianyungang,1,1,COSCO,1,1,1702,200,1702,1702,3,3,3,{3}
2024-03-31,KRPUS,Busan,CNNGB,Ningbo,6,6,"APL; CMA CGM; CNC Line-Cheng Lie Navigation Co. Ltd.; COSCO; Emirates Shipping; Evergreen Line; Hapag-Lloyd; Hyundai; KMTC; Maersk Line; MSC; ONE; OOCL; SeaLand; TS Lines; Yang Ming",16,67,82540.37509157509,6175.194871794871,4275,24116,1,2,2,"{2,2,1,2,2,2}"
2024-03-31,KRPUS,Busan,CNNSA,Nansha,1,1,"Maersk Line; MSC; SeaLand",3,8,14518,975,13050,16652,5,5,5,{5}
2024-03-31,KRPUS,Busan,CNSHA,Shanghai,25,25,"APL; Austral Asia Line; CMA CGM; CNC Line-Cheng Lie Navigation Co. Ltd.; COSCO; Evergreen Line; Gold Star Line; Hapag-Lloyd; Heung-A; Hyundai; IAL-Interasia Lines; KMTC; Maersk Line; MSC; Namsung; ONE; OOCL; PanOcean; PIL; RCL; Samudera; SeaLand; Sinokor; SITC Shipping; SM Line; Wan Hai; X-Press; Yang Ming; ZIM",29,228,203960.08207935857,15661.30074174192,831,23964,1,1,9,"{1,9,1,2,1,2,1,1,2,2,2,1,1,1,3,1,3,2,2,1,1,1,1,2,1}"
2024-03-31,KRPUS,Busan,CNSHK,Shekou,2,2,"APL; CMA CGM; CNC Line-Cheng Lie Navigation Co. Ltd.; COSCO; Evergreen Line; OOCL",6,22,28714.54761904762,2210.5238095238096,5250,16020,3,3,3,"{3,3}"
2024-03-31,KRPUS,Busan,CNTAO,Qingdao,15,15,"ANL; APL; CMA CGM; CNC Line-Cheng Lie Navigation Co. Ltd.; COSCO; CULines-China United Lines; Emirates Shipping; Evergreen Line; Global Feeder Shipping; Gold Star Line; Hapag-Lloyd; Hyundai; KMTC; Maersk Line; MSC; Namsung; ONE; OOCL; PIL; RCL; SeaLand; SITC Shipping; TS Lines; Unifeeder; Yang Ming; ZIM",26,125,114815.1236874237,10634.565323565324,2400,15413,1,1,8,"{2,3,3,8,1,1,1,1,1,3,2,1,1,1,1}"
2024-03-31,KRPUS,Busan,CNTXG,Xingang/Tianjin,4,4,"COSCO; Evergreen Line; Hapag-Lloyd; ONE; OOCL; Sinokor; Yang Ming; ZIM",8,14,11901.3,1312.6,1054,4308,2,2.5,4,"{2,2,3,4}"
2024-03-31,KRPUS,Busan,CNXMN,Xiamen,1,1,"Maersk Line; MSC; SeaLand",3,8,8251.75,1037.75,7090,9640,3,3,3,{3}
2024-03-31,KRPUS,Busan,CNYTN,Yantian,2,2,"Hapag-Lloyd; Hyundai; ONE; SM Line; Yang Ming",5,19,17402.47435897436,1255.6410256410256,2741,14100,3,3,3,"{3,3}"
2024-03-31,KRPUS,Busan,COCTG,Cartagena,1,1,"Hapag-Lloyd; Hyundai; ONE; Yang Ming",4,13,13236.153846153846,938.4615384615385,12552,13470,27,27,27,{27}
2024-03-31,KRPUS,Busan,HKHKG,"Hong Kong",4,4,"CK Line; CMA CGM; CNC Line-Cheng Lie Navigation Co. Ltd.; Dongjin Shipping; Heung-A; KMTC; Namsung; PanCon; Sinokor; SM Line",10,12,8332.166666666668,747.3333333333333,1000,4275,3,3,4,"{3,3,3,4}"
2024-03-31,KRPUS,Busan,JMKIN,Kingston,1,1,"Maersk Line; MSC; SeaLand; ZIM",4,12,14307.666666666666,1433.3333333333333,11800,15124,21,21,21,{21}
2024-03-31,KRPUS,Busan,JPCHF,"Shimonoseki (Chofu)",1,1,Kyowa,1,3,940.6666666666666,,403,506,1,1,1,{1}
2024-03-31,KRPUS,Busan,JPHKT,Hakata,3,3,"APL; CMA CGM; Maersk Line; SeaLand; Swire Shipping",5,8,7316.785714285714,907.2857142857142,1691,2546,1,1,2,"{1,1,2}"
2024-03-31,KRPUS,Busan,JPKIJ,"Niigata (N Coast)",2,2,"CK Line; KMTC; Namsung; PanCon",4,4,2058.5,132,1000,1060,2,2.5,3,"{2,3}"
2024-03-31,KRPUS,Busan,JPKWS,Kawasaki,1,1,"KMTC; Namsung",2,3,1000,,1000,1000,2,2,2,{2}
2024-03-31,KRPUS,Busan,JPMOJ,Moji,2,2,"Centrans; Maersk Line; SeaLand",3,9,2432.625,454.625,706,1740,0,0,0,"{0,0}"
2024-03-31,KRPUS,Busan,JPMYJ,"Matsuyama (Shikoku)",1,1,"Ehime Ocean Line",1,2,1034,160,1020,1048,1,1,1,{1}
2024-03-31,KRPUS,Busan,JPNGO,Nagoya,1,1,"Hyundai; ONE",2,3,2671,435.3333333333333,2553,2796,3,3,3,{3}
2024-03-31,KRPUS,Busan,JPOSA,Osaka,2,2,Westwood,1,4,14043.428571428572,,2048,2048,2,3,4,"{2,4}"
2024-03-31,KRPUS,Busan,JPSMZ,Shimizu,1,1,"KMTC; Namsung",2,3,1004.3333333333334,40,953,1060,4,4,4,{4}
2024-03-31,KRPUS,Busan,JPTYO,Tokyo,1,1,MSC,1,6,4261.333333333333,575,3739,4549,7,7,7,{7}
2024-03-31,KRPUS,Busan,JPUKB,Kobe,2,2,"Kyowa; NYK Bulk and Projects",2,4,7805.142857142857,,914,970,2,2,2,"{2,2}"
2024-03-31,KRPUS,Busan,JPYOK,Yokohama,6,6,"CMA CGM; CNC Line-Cheng Lie Navigation Co. Ltd.; COSCO; Evergreen Line; Hapag-Lloyd; Hyundai; Kyowa; Maersk Line; MSC; ONE; OOCL; SeaLand; Swire Shipping",13,49,46374.96666666666,3772.583333333333,1042,15413,1,2,3,"{1,3,2,2,2,2}"
2024-03-31,KRPUS,Busan,KRINC,Inchon,2,2,"CMA CGM; CNC Line-Cheng Lie Navigation Co. Ltd.; Heung-A; Hyundai; KMTC; ONE; Sinokor; SITC Shipping; TS Lines",9,6,3813,335.5,1043,2954,1,1.5,2,"{2,1}"
2024-03-31,KRPUS,Busan,KRKAN,Gwangyang,31,31,"ANL; CK Line; CMA CGM; CNC Line-Cheng Lie Navigation Co. Ltd.; COSCO; Dongjin Shipping; Easline Shipping; Evergreen Line; Global Feeder Shipping; Hapag-Lloyd; Heung-A; Hyundai; KMTC; Maersk Line; MSC; Namsung; ONE; PanCon; PanOcean; PIL; SeaLand; Sinokor; SM Line; TS Lines; Wan Hai; Yang Ming",26,105,91001.71056166057,7865.903052503052,702,16616,0,1,2,"{1,0,1,1,0,1,1,1,1,1,1,1,0,0,1,1,1,1,0,0,0,1,2,1,1,0,0,1,1,1,1}"
2024-03-31,KRPUS,Busan,KRKPO,Pohang,2,2,"Heung-A; KMTC; Namsung",3,7,4416.333333333333,639.8333333333334,1585,2824,0,0.5,1,"{1,0}"
2024-03-31,KRPUS,Busan,KRUSN,Ulsan,15,15,"CK Line; Dong Young; Evergreen Line; Heung-A; KMTC; Maersk Line; MSC; Namsung; ONE; SeaLand; Sinokor; TaiYoung Shipping; Wan Hai",13,62,53717.45416666667,3314.2791666666667,907,20568,0,1,1,"{1,0,0,1,1,0,1,1,0,1,0,1,0,1,0}"
2024-03-31,KRPUS,Busan,MXESE,Ensenada,1,1,"APL; CMA CGM; COSCO; Evergreen Line; OOCL; Wan Hai",6,11,9940.09090909091,663.6363636363636,8530,14092,14,14,14,{14}
2024-03-31,KRPUS,Busan,MXLZC,"Lazaro Cardenas",1,1,ZIM,1,10,4010.8,323.6,3450,4308,15,15,15,{15}
2024-03-31,KRPUS,Busan,MXZLO,"Manzanillo, MEX",6,6,"APL; CMA CGM; CNC Line-Cheng Lie Navigation Co. Ltd.; COSCO; Evergreen Line; Hapag-Lloyd; Hyundai; MSC; ONE; OOCL; PIL; Wan Hai; Yang Ming",13,71,66307.43051948052,5435.899350649351,3889,16520,13,15,21,"{15,13,15,15,21,18}"
2024-03-31,KRPUS,Busan,PACTB,Cristobal,1,1,"Maersk Line; MSC; SeaLand; ZIM",4,12,8274.5,647.0833333333334,6730,9400,22,22,22,{22}
2024-03-31,KRPUS,Busan,PAONX,Colon,1,1,"APL; CMA CGM; COSCO; Evergreen Line; OOCL",5,11,12138,509.6363636363636,11000,13806,21,21,21,{21}
2024-03-31,KRPUS,Busan,PGLAE,Lae,1,1,"Swire Shipping",1,3,8328,,2082,2082,7,7,7,{7}
2024-03-31,KRPUS,Busan,PHMNL,Manila,1,1,"Hyundai; ONE",2,3,2671,435.3333333333333,2553,2796,4,4,4,{4}
2024-03-31,KRPUS,Busan,RUVYP,Vostochniy,2,2,"Heung-A; Sinokor",2,4,2888.5,384,1054,1809,2,2,2,"{2,2}"
2024-03-31,KRPUS,Busan,TWKEL,Keelung,3,3,"CMA CGM; CNC Line-Cheng Lie Navigation Co. Ltd.; IAL-Interasia Lines; ONE; TS Lines; Wan Hai",6,9,5385,652,1368,2038,2,3,3,"{3,3,2}"
2024-03-31,KRPUS,Busan,TWKHH,Kaohsiung,2,2,"COSCO; Evergreen Line; IAL-Interasia Lines; PIL; Wan Hai; Yang Ming",6,15,12687.34090909091,855.2045454545455,2646,13216,2,2.5,3,"{2,3}"
2024-03-31,KRPUS,Busan,USHOU,"Houston TX",3,3,"APL; CMA CGM; CNC Line-Cheng Lie Navigation Co. Ltd.; COSCO; Evergreen Line; Hapag-Lloyd; Hyundai; Maersk Line; MSC; ONE; OOCL; Yang Ming; ZIM",13,34,24532.007575757576,2315.378787878788,6350,9452,25,26,28,"{25,26,28}"
2024-03-31,KRPUS,Busan,USLAX,"Los Angeles CA",1,1,"ANL; APL; CMA CGM; CNC Line-Cheng Lie Navigation Co. Ltd.; Maersk Line",5,7,6815.142857142857,602.5714285714286,5506,7846,13,13,13,{13}
2024-03-31,KRPUS,Busan,USLGB,"Long Beach CA",5,5,"APL; CMA CGM; COSCO; Evergreen Line; Hapag-Lloyd; Hyundai; Maersk Line; MSC; ONE; OOCL; SeaLand; Yang Ming",12,41,59050.230158730155,4308.437118437118,8400,15294,11,12,13,"{13,12,11,12,13}"
2024-03-31,KRPUS,Busan,USMOB,"Mobile AL",1,1,"Maersk Line; MSC; SeaLand; ZIM",4,11,6064.636363636363,554.0909090909091,5248,6750,23,23,23,{23}
2024-03-31,KRPUS,Busan,USNYC,"New York NY/NJ",2,2,"APL; CMA CGM; COSCO; Evergreen Line; Maersk Line; MSC; OOCL; SeaLand; ZIM",9,23,22463.363636363636,1838.5151515151515,8112,15294,25,25.5,26,"{25,26}"
2024-03-31,KRPUS,Busan,USSEA,"Seattle WA",1,1,"APL; CMA CGM; CNC Line-Cheng Lie Navigation Co. Ltd.; COSCO; OOCL",5,7,10143.42857142857,691.4285714285714,9452,10960,10,10,10,{10}
2024-03-31,KRPUS,Busan,USTIW,"Tacoma WA",1,1,"Maersk Line; SeaLand",2,6,2556.6666666666665,504.1666666666667,1774,3003,11,11,11,{11}
2024-03-31,KRPUS,Busan,VNHPH,Haiphong,1,1,"Dong Young; Namsung; SM Line",3,2,1071,200,1024,1118,4,4,4,{4}
2024-03-31,KRPUS,Busan,VNSGN,"Ho Chi Minh (VICT/Cat Lai)",3,3,"CK Line; Dongjin Shipping; Heung-A; KMTC; Namsung; PanCon; PanOcean; Sinokor; SM Line",9,9,5278.666666666667,601.3333333333333,1614,1811,5,5,5,"{5,5,5}"
2024-03-31,KRPUS,Busan,VNVUT,"Cai Mep",1,1,MSC,1,6,4261.333333333333,575,3739,4549,5,5,5,{5}
2024-03-31,KRTSN,Seosan,CNNGB,Ningbo,4,3,"COSCO; Dong Young; KMTC; Namsung",4,4,7240,288,1091,1785,1,1,2,"{1,1,2,1}"
2024-03-31,KRTSN,Seosan,KRKAN,Gwangyang,1,1,"Heung-A; PanOcean; Sinokor",3,2,1069.5,152,1021,1118,2,2,2,{2}
2024-03-31,KRUSN,Ulsan,CNNGB,Ningbo,3,3,"Maersk Line; MSC; SeaLand",3,46,53449.3375,2184.5791666666664,15150,20568,1,2,2,"{2,2,1}"
2024-03-31,KRUSN,Ulsan,CNSHA,Shanghai,1,1,"KMTC; Namsung; Sinokor",3,4,2600.5,229.75,2500,2806,1,1,1,{1}
2024-03-31,KRUSN,Ulsan,CNTXG,Xingang/Tianjin,1,1,"CK Line; KMTC",2,2,1030,,1000,1060,3,3,3,{3}
2024-03-31,KRUSN,Ulsan,HKHKG,"Hong Kong",2,2,"Heung-A; KMTC; Sinokor",3,6,2797,263,1043,1809,2,3,4,"{2,4}"
2024-03-31,KRUSN,Ulsan,KRKAN,Gwangyang,8,8,"CK Line; Dong Young; Heung-A; KMTC; Namsung; Sinokor; TaiYoung Shipping",7,15,9703.083333333334,1018.25,907,1809,0,1,2,"{0,1,0,1,1,2,1,1}"
2024-03-31,KRUSN,Ulsan,KRPUS,Busan,4,4,"Heung-A; IAL-Interasia Lines; KMTC; Namsung; PanCon; Sinokor; Wan Hai",7,14,9458.5,1077.5,1009,4275,1,1,1,"{1,1,1,1}"
2024-03-31,KRUSN,Ulsan,TWTPE,Taipei,2,2,"Evergreen Line; ONE; Wan Hai",3,8,3978.25,240,1809,2038,1,1.5,2,"{2,1}"
2024-03-31,KRUSN,Ulsan,VNSGN,"Ho Chi Minh (VICT/Cat Lai)",1,1,"Evergreen Line; Heung-A; KMTC; ONE; Sinokor",5,3,1801,258.6666666666667,1785,1809,5,5,5,{5}
2024-03-31,KWKWI,Kuwait,IQUQR,"Umm Qasr",1,1,Hapag-Lloyd,1,3,3428,417,3237,3649,2,2,2,{2}
2024-03-31,KYGEC,Georgetown,JMKIN,Kingston,1,1,"Seaboard Marine; ZIM",2,1,370,,370,370,4,4,4,{4}
2024-03-31,KYGEC,Georgetown,SRPBM,Paramaribo,1,1,"Seaboard Marine",1,2,1114,220,1114,1114,2,2,2,{2}
2024-03-31,KYGEC,Georgetown,USPEF,"Port Everglades FL",1,1,"Hyde Shipping Corp.; Seaboard Marine",2,1,508,50,508,508,2,2,2,{2}
2024-03-31,LBBEY,Beirut,CYLMS,Limassol,1,1,"CMA CGM",1,2,861,89,847,875,1,1,1,{1}
2024-03-31,LBBEY,Beirut,EGALY,Alexandria,2,2,"Arkas Line; CMA CGM; Maersk Line; Messina; MSC; SeaLand; Tarros",7,9,2812,514.3333333333333,1078,1930,1,1,1,"{1,1}"
2024-03-31,LBBEY,Beirut,LBKYE,"Tripoli Lebanon",2,2,"APL; CMA CGM; CNC Line-Cheng Lie Navigation Co. Ltd.; COSCO; Evergreen Line; OOCL",6,16,9412.214285714286,747.4285714285714,847,14414,0,0,0,"{0,0}"
2024-03-31,LBBEY,Beirut,SAJED,Jeddah,1,1,"APL; CMA CGM; CNC Line-Cheng Lie Navigation Co. Ltd.; COSCO; Evergreen Line; OOCL",6,13,15157.53846153846,1203.3846153846155,13208,17292,3,3,3,{3}
2024-03-31,LBBEY,Beirut,SYLTK,Lattakia,1,1,"Arkas Line; CMA CGM; Hapag-Lloyd; Maersk Line; OOCL; SeaLand",6,4,2469,381,2442,2478,1,1,1,{1}
2024-03-31,LBBEY,Beirut,TRISK,Iskenderun,1,1,"Admiral; Arkas Line; Hapag-Lloyd; OOCL; Tarros; Turkon",6,2,3796.4285714285716,575.7142857142857,2478,2837,0,0,0,{0}
2024-03-31,LBBEY,Beirut,TRIZM,Izmir,1,1,"APL; CMA CGM; COSCO; Evergreen Line; Hapag-Lloyd; OOCL; Tarros; Unimed Feeder Services-UFS; X-Press",9,4,2593.25,390,1868,2926,2,2,2,{2}
2024-03-31,LBBEY,Beirut,TRMER,Mersin,3,3,"CMA CGM; Medkon; ONE",3,12,7475.75,781.1666666666667,707,5700,1,1,1,"{1,1,1}"
2024-03-31,LBKYE,"Tripoli Lebanon",SYTTS,Tartus,1,1,"CMA CGM",1,2,861,89,847,875,1,1,1,{1}
2024-03-31,LBKYE,"Tripoli Lebanon",TRIZT,Izmit,1,1,"APL; CMA CGM; CNC Line-Cheng Lie Navigation Co. Ltd.; COSCO; Evergreen Line; OOCL",6,14,8551.214285714286,658.4285714285714,5618,14414,3,3,3,{3}
2024-03-31,LCSLU,"Castries, St Lucia",DMRSU,Roseau,1,1,"Geest Line; Seatrade; StreamLines",3,5,488.8,189.6,436,564,0,0,0,{0}
2024-03-31,LCSLU,"Castries, St Lucia",JMKIN,Kingston,1,1,"APL; CMA CGM",2,3,1168,276.6666666666667,1102,1284,2,2,2,{2}
2024-03-31,LCSLU,"Castries, St Lucia",LCVIF,"Vieux Fort",1,1,"Tropical Shipping",1,2,1148,260,1148,1148,0,0,0,{0}
2024-03-31,LCSLU,"Castries, St Lucia",MQFDF,Fort-de-France,1,1,"CMA CGM",1,3,770.3333333333334,153.33333333333334,677,957,1,1,1,{1}
2024-03-31,LCSLU,"Castries, St Lucia",VCKTN,"Kingstown, St Vincent",1,1,"King Ocean; Seaboard Marine",2,2,1296,195,1296,1296,0,0,0,{0}
2024-03-31,LCVIF,"Vieux Fort",TTPTS,"Point Lisas",1,1,"Tropical Shipping",1,2,1148,260,1148,1148,1,1,1,{1}
2024-03-31,LKCMB,Colombo,AEJEA,"Dubai, Jebel Ali",1,1,"COSCO; Evergreen Line; Feedertech; Hyundai",4,6,5061,478.3333333333333,4308,5652,6,6,6,{6}
2024-03-31,LKCMB,Colombo,BEANR,Antwerp,1,1,"APL; CMA CGM; CNC Line-Cheng Lie Navigation Co. Ltd.; COSCO; Evergreen Line; OOCL",6,14,18943,585.7142857142857,13806,20150,27,27,27,{27}
2024-03-31,LKCMB,Colombo,CAHAL,Halifax,1,1,"Hapag-Lloyd; Hyundai; ONE; Yang Ming",4,13,14026,800,14026,14026,27,27,27,{27}
2024-03-31,LKCMB,Colombo,ESALG,Algeciras,1,1,"Hapag-Lloyd; Hyundai; ONE; Yang Ming",4,14,20901.714285714286,1321.4285714285713,13870,23964,25,25,25,{25}
2024-03-31,LKCMB,Colombo,ESBCN,Barcelona,1,1,"Tailwind Shipping Lines",1,6,9160.333333333334,1143,4957,6296,25,25,25,{25}
2024-03-31,LKCMB,Colombo,ILHFA,Haifa,1,1,"Gold Star Line; ZIM",2,15,6973.866666666667,616.6666666666666,4132,10062,28,28,28,{28}
2024-03-31,LKCMB,Colombo,INCOK,Cochin,2,2,"CMA CGM; COSCO; Evergreen Line; Feedertech; Hapag-Lloyd; ONE; OOCL; RCL; X-Press; Yang Ming",10,14,8788.090909090908,1000.6060606060605,2732,8749,1,1,1,"{1,1}"
2024-03-31,LKCMB,Colombo,INMAA,Chennai/Madras,2,2,"CMA CGM; Evergreen Line; Feedertech; Maersk Line; RCL; SeaLand; X-Press",7,12,10133.222222222223,750.2222222222222,2732,7849,1,1.5,2,"{1,2}"
2024-03-31,LKCMB,Colombo,INMUN,Mundra,2,2,"CMA CGM; COSCO; MSC",3,18,15892.6,846.4307692307693,4715,15294,4,4,4,"{4,4}"
2024-03-31,LKCMB,Colombo,INNSA,"Mumbai (Nhava Sheva)",3,3,"APL; CMA CGM; CNC Line-Cheng Lie Navigation Co. Ltd.; COSCO; Evergreen Line; Gold Star Line; Hapag-Lloyd; IAL-Interasia Lines; MSC; OOCL; RCL; Wan Hai; ZIM",13,21,23972.733333333334,1589.24126984127,4178,14952,3,3,4,"{3,3,4}"
2024-03-31,LKCMB,Colombo,INVTZ,Vishakhapatnam,1,1,"COSCO; Hapag-Lloyd; ONE; OOCL; Yang Ming",5,11,5980.090909090909,519.2727272727273,5500,8749,10,10,10,{10}
2024-03-31,LKCMB,Colombo,MAPTM,Tanger,3,3,"ANL; APL; CMA CGM; CNC Line-Cheng Lie Navigation Co. Ltd.; COSCO; Evergreen Line; Maersk Line; MSC; OOCL; SeaLand",10,52,39004.65892857143,2634.7952380952383,8269,18270,14,20,21,"{21,20,14}"
2024-03-31,LKCMB,Colombo,MUPLU,"Port Louis",1,1,MSC,1,9,7444.666666666667,633.6666666666666,4392,13800,3,3,3,{3}
2024-03-31,LKCMB,Colombo,MYPKG,"Port Klang",8,8,"CMA CGM; COSCO; Emirates Shipping; Evergreen Line; Feedertech; Gold Star Line; Hapag-Lloyd; Hyundai; KMTC; MSC; ONE; OOCL; RCL; Samudera; TS Lines; X-Press; Yang Ming; ZIM",18,60,52691.88095238095,4687.335531135531,4250,15294,3,4.5,6,"{4,5,5,4,6,3,5,3}"
2024-03-31,LKCMB,Colombo,MYTPP,"Tanjung Pelepas",2,2,"CMA CGM; CNC Line-Cheng Lie Navigation Co. Ltd.; COSCO; Evergreen Line; Maersk Line; MSC; OOCL; SeaLand; ZIM",9,25,32763.615384615383,1243.4102564102564,8112,24000,4,6,8,"{4,8}"
2024-03-31,LKCMB,Colombo,OMSLL,Salalah,2,2,"Maersk Line; MSC; SeaLand; ZIM",4,21,16370.555555555558,1128.0555555555557,6802,9962,4,4,4,"{4,4}"
2024-03-31,LKCMB,Colombo,PKBQM,"Port Qasim",1,1,MSC,1,13,8699.153846153846,633.6153846153846,7943,9640,8,8,8,{8}
2024-03-31,LKCMB,Colombo,PKKHI,Karachi,1,1,"COSCO; Evergreen Line; OOCL; Wan Hai",4,6,5380.166666666667,512.1666666666666,4051,6030,4,4,4,{4}
2024-03-31,LKCMB,Colombo,SGSIN,Singapore,8,8,"CMA CGM; CNC Line-Cheng Lie Navigation Co. Ltd.; COSCO; Evergreen Line; Gold Star Line; Maersk Line; MSC; ONE; OOCL; Samudera; SeaLand; X-Press; ZIM",13,72,72630.6314102564,5097.942307692308,2260,23656,4,5,6,"{5,5,4,5,5,5,5,6}"
2024-03-31,LKCMB,Colombo,USNYC,"New York NY/NJ",2,2,"Hapag-Lloyd; MSC; Wan Hai",3,25,20198.05769230769,1236.9615384615386,6350,13806,22,26,30,"{22,30}"
2024-03-31,LKCMB,Colombo,ZADUR,Durban,1,1,"Hapag-Lloyd; ONE",2,11,3682.4545454545455,386.3636363636364,2664,4258,11,11,11,{11}
2024-03-31,LRMLW,Monrovia,CISPY,"San Pedro, Ivory Coast",2,2,"Arkas Line; CMA CGM; Hapag-Lloyd",3,8,5110.733333333334,752.4666666666667,1732,3534,1,1.5,2,"{1,2}"
2024-03-31,LTKLJ,"Klaipeda
",DEBRV,Bremerhaven,1,1,MSC,1,14,10258.92857142857,691.9285714285714,3700,16616,2,2,2,{2}
2024-03-31,LTKLJ,"Klaipeda
",DEHAM,Hamburg,1,1,"COSCO; ONE; Yang Ming",3,1,1296,390,1296,1296,1,1,1,{1}
2024-03-31,LTKLJ,"Klaipeda
",FIKTK,Kotka,1,1,"CMA CGM; COSCO; OOCL; Unifeeder",4,2,1531.5,304,1425,1638,1,1,1,{1}
2024-03-31,LTKLJ,"Klaipeda
",LVRIX,Riga,2,2,"CMA CGM; Evergreen Line; Hapag-Lloyd; ONE; OOCL; Unifeeder; X-Press; Yang Ming",8,4,1893.5,427.5,809,1036,1,1.5,2,"{1,2}"
2024-03-31,LTKLJ,"Klaipeda
",PLGDN,Gdansk,1,1,"Maersk Line; SeaLand",2,4,3596,600,3596,3596,0,0,0,{0}
2024-03-31,LTKLJ,"Klaipeda
",PLGDY,"Gdynia Poland",4,3,"CMA CGM; Ellerman; Hapag-Lloyd; MSC",4,18,9329.363636363636,2235,1025,13102,0,0.5,1,"{1,0,1,0}"
2024-03-31,LTKLJ,"Klaipeda
",SENRK,Norrköping,1,1,"CMA CGM",1,2,2204.5,602,1922,2487,1,1,1,{1}
2024-03-31,LVRIX,Riga,DEHAM,Hamburg,1,1,"CMA CGM",1,2,2204.5,602,1922,2487,4,4,4,{4}
2024-03-31,LVRIX,Riga,EETLL,"Tallinn Estonia",1,1,"CMA CGM; Evergreen Line; Hapag-Lloyd; OOCL; Unifeeder",5,2,1030.5,249.5,1025,1036,1,1,1,{1}
2024-03-31,LVRIX,Riga,FIKTK,Kotka,1,1,"CMA CGM; COSCO; Evergreen Line; OOCL; Samskip; Unifeeder",6,2,1055,242.5,1025,1085,2,2,2,{2}
2024-03-31,LVRIX,Riga,FRLEH,"Le Havre",1,1,MSC,1,3,4017.6666666666665,614.6666666666666,3007,5001,6,6,6,{6}
2024-03-31,LVRIX,Riga,GBTEE,Teesport,1,1,"CMA CGM",1,2,1400,372,1400,1400,3,3,3,{3}
2024-03-31,LVRIX,Riga,PLGDN,Gdansk,1,1,"ONE; X-Press; Yang Ming",3,2,863,178,809,917,1,1,1,{1}
2024-03-31,LYBEN,Bingazi,TRIZM,Izmir,1,1,"CMA CGM",1,4,1345.75,310.5,1267,1440,2,2,2,{2}
2024-03-31,LYMRA,Misurata,DZALG,Algiers,1,1,"Arkas Line",1,2,1898,583.1428571428571,1022,1022,4,4,4,{4}
2024-03-31,LYMRA,Misurata,ESCAS,Castellon,1,1,Messina,1,3,8946.857142857143,651.4285714285714,3016,4406,4,4,4,{4}
2024-03-31,LYMRA,Misurata,LYTIP,Tripoli,1,1,"CMA CGM",1,4,1584.25,222.5,1200,1781,1,1,1,{1}
2024-03-31,LYMRA,Misurata,TRALI,Aliaga,2,2,"CMA CGM; Medkon",2,4,1931,241,652,1138,3,4.5,6,"{3,6}"
2024-03-31,LYTIP,Tripoli,MTMAR,"Malta (Marsaxlokk)",1,1,"CMA CGM",1,4,1584.25,222.5,1200,1781,1,1,1,{1}
2024-03-31,MAAGA,Agadir,ESALG,Algeciras,1,1,"CMA CGM; Hapag-Lloyd; Maersk Line; Marguisa; OOCL; X-Press",6,3,872.3333333333334,212.66666666666666,862,887,1,1,1,{1}
2024-03-31,MAAGA,Agadir,MACAS,Casablanca,1,1,"MSC; WEC Lines",2,3,868,234,868,868,1,1,1,{1}
2024-03-31,MAAGA,Agadir,MAPTM,Tanger,1,1,"CMA CGM",1,4,1165.9285714285713,309.42857142857144,1220,1440,1,1,1,{1}
2024-03-31,MAAGA,Agadir,NLRTM,Rotterdam,1,1,MSC,1,6,2495.8571428571427,185.71428571428572,2440,3007,5,5,5,{5}
2024-03-31,MACAS,Casablanca,ESALG,Algeciras,3,3,"APL; Arkas Line; CMA CGM; Global Feeder Shipping; Maersk Line; Marguisa; SeaLand; X-Press; ZIM",9,10,3766.5,690.8333333333334,700,2474,1,2,2,"{2,2,1}"
2024-03-31,MACAS,Casablanca,ESBCN,Barcelona,2,2,"APL; Arkas Line; CMA CGM; Hapag-Lloyd; Marguisa; X-Press; ZIM",7,8,3438.8,629.4666666666666,700,2826,2,2.5,3,"{2,3}"
2024-03-31,MACAS,Casablanca,ESLPA,"Las Palmas, Can Is",1,1,MSC,1,6,2495.8571428571427,185.71428571428572,2440,3007,2,2,2,{2}
2024-03-31,MACAS,Casablanca,ESSCT,Tenerife,1,1,"Grimaldi Lines",1,6,1727.1666666666667,,1318,2000,1,1,1,{1}
2024-03-31,MACAS,Casablanca,ESVLC,Valencia,1,1,"Global Feeder Shipping; ZIM",2,3,879,222.66666666666666,862,907,2,2,2,{2}
2024-03-31,MACAS,Casablanca,FRMRS,"Marseilles-Fos (Marseilles)",1,1,"CMA CGM",1,1,296,54,296,296,3,3,3,{3}
2024-03-31,MACAS,Casablanca,GIGIB,Gibraltar,1,1,"CMA CGM",1,3,802.3333333333334,193.33333333333334,750,907,1,1,1,{1}
2024-03-31,MACAS,Casablanca,GRPIR,Piraeus,1,1,"Arkas Line; Evergreen Line",2,2,2267.1428571428573,231.42857142857142,1200,1445,5,5,5,{5}
2024-03-31,MACAS,Casablanca,ITSPE,"La Spezia",1,1,"MSC; WEC Lines",2,2,3409,275,2478,4340,3,3,3,{3}
2024-03-31,MACAS,Casablanca,MAAGA,Agadir,1,1,"CMA CGM",1,4,1165.9285714285713,309.42857142857144,1220,1440,1,1,1,{1}
2024-03-31,MACAS,Casablanca,MAPTM,Tanger,2,2,"CMA CGM; X-Press",2,6,4265.2,752.9428571428571,868,4178,1,1,1,"{1,1}"
2024-03-31,MACAS,Casablanca,PTLEI,Leixoes,2,2,"APL; Arkas Line; CMA CGM; Marguisa; Messina; Tarros; X-Press; ZIM",8,9,2400.666666666667,393,700,1930,2,2,2,"{2,2}"
2024-03-31,MACAS,Casablanca,PTSIE,Sines,3,3,"MSC; WEC Lines",2,9,3350.333333333333,710.6666666666666,868,1842,1,1,1,"{1,1,1}"
2024-03-31,MACAS,Casablanca,SNDKR,Dakar,1,1,"Grimaldi Lines",1,4,3092.1428571428573,,1318,1568,3,3,3,{3}
2024-03-31,MAPTM,Tanger,AEAUH,"Abu Dhabi",1,1,"Maersk Line; MSC; SeaLand",3,15,15886.066666666668,702.2,15226,18270,25,25,25,{25}
2024-03-31,MAPTM,Tanger,BRSSA,Salvador,1,1,"CMA CGM; Maersk Line; Marguisa; SeaLand",4,6,9075,1500,8704,10034,9,9,9,{9}
2024-03-31,MAPTM,Tanger,BRSSZ,Santos,1,1,"CMA CGM; COSCO; Hamburg Sud; Maersk Line",4,9,9669,1600,9669,9669,14,14,14,{14}
2024-03-31,MAPTM,Tanger,CAHAL,Halifax,1,1,"APL; CMA CGM; CNC Line-Cheng Lie Navigation Co. Ltd.; COSCO; Evergreen Line; OOCL",6,21,14152.904761904761,1136.095238095238,9289,16020,7,7,7,{7}
2024-03-31,MAPTM,Tanger,CGPNR,"Pointe Noire",1,1,"CMA CGM; Hapag-Lloyd",2,8,4047.375,551,3237,4431,13,13,13,{13}
2024-03-31,MAPTM,Tanger,EGALY,Alexandria,1,1,"Arkas Line; Hapag-Lloyd; Turkon",3,7,2144.8571428571427,426.57142857142856,1878,2824,7,7,7,{7}
2024-03-31,MAPTM,Tanger,EGPSD,"Port Said",1,1,"Maersk Line",1,3,7111.333333333333,1600,7090,7154,4,4,4,{4}
2024-03-31,MAPTM,Tanger,ESAGP,Malaga,1,1,Hapag-Lloyd,1,8,2728.125,569.75,2586,2837,2,2,2,{2}
2024-03-31,MAPTM,Tanger,ESALG,Algeciras,8,7,"CMA CGM; Maersk Line; Marguisa; SeaLand; X-Press",5,48,39925.28888888889,5939.687301587302,868,10500,0,1,1,"{1,1,1,1,0,0,0,1}"
2024-03-31,MAPTM,Tanger,ESBCN,Barcelona,1,1,"Maersk Line; SeaLand",2,2,909.5,212,862,957,1,1,1,{1}
2024-03-31,MAPTM,Tanger,ESGIJ,Gijon,1,1,"CMA CGM; Hapag-Lloyd; Maersk Line; Marguisa; OOCL; X-Press",6,3,872.3333333333334,212.66666666666666,862,887,2,2,2,{2}
2024-03-31,MAPTM,Tanger,ESVGO,Vigo,3,3,"Arkas Line; CMA CGM; Global Feeder Shipping; Hapag-Lloyd; ZIM",5,12,5652.5,1293.952380952381,862,4115,2,2,2,"{2,2,2}"
2024-03-31,MAPTM,Tanger,ESVLC,Valencia,2,2,"Arkas Line; CMA CGM; Hapag-Lloyd; Maersk Line; MSC; OOCL; SeaLand",7,11,10640.571428571428,1076.7142857142858,2442,8762,1,1,1,"{1,1}"
2024-03-31,MAPTM,Tanger,GBFXT,Felixstowe,2,2,"CMA CGM; Maersk Line; MSC; ONE; SeaLand",5,21,20843.066666666666,1135.8666666666668,4268,18270,3,3.5,4,"{4,3}"
2024-03-31,MAPTM,Tanger,GBLGP,"London Gateway",2,2,"ANL; APL; CMA CGM; COSCO; Hamburg Sud; Maersk Line; MSC",7,25,18634.6875,2396.5,8269,9669,3,7,11,"{3,11}"
2024-03-31,MAPTM,Tanger,GBSOU,Southampton,3,3,"CMA CGM; COSCO; Hapag-Lloyd; Hyundai; ONE; OOCL; Yang Ming",7,30,34616.90512820512,2307.051282051282,3100,20150,2,4,4,"{4,4,2}"
2024-03-31,MAPTM,Tanger,GBTIL,Tilbury,1,1,"CMA CGM",1,4,1165.9285714285713,309.42857142857144,1220,1440,4,4,4,{4}
2024-03-31,MAPTM,Tanger,GHTEM,Tema,1,1,"Arkas Line; CMA CGM; Hapag-Lloyd; ONE",4,5,4272.6,379.2,4250,4360,11,11,11,{11}
2024-03-31,MAPTM,Tanger,ITCAG,Cagliari,1,1,"Maersk Line; X-Press",2,1,862,234,862,862,2,2,2,{2}
2024-03-31,MAPTM,Tanger,ITSAL,Salerno,1,1,"Arkas Line; CMA CGM; Hapag-Lloyd",3,7,3719,821.2857142857143,2475,4115,5,5,5,{5}
2024-03-31,MAPTM,Tanger,ITSPE,"La Spezia",1,1,"CMA CGM; COSCO; OOCL",3,7,2468.714285714286,405.14285714285717,1740,2824,4,4,4,{4}
2024-03-31,MAPTM,Tanger,LKCMB,Colombo,1,1,"Maersk Line; MSC",2,13,18002.153846153848,913.3076923076923,15600,23656,24,24,24,{24}
2024-03-31,MAPTM,Tanger,MACAS,Casablanca,5,4,"APL; Arkas Line; CMA CGM; Global Feeder Shipping; Hapag-Lloyd; Marguisa; X-Press; ZIM",8,18,6191.728571428572,1278.2285714285713,700,2826,0,1,2,"{0,2,0,1,1}"
2024-03-31,MAPTM,Tanger,MQFDF,Fort-de-France,1,1,"APL; CMA CGM; COSCO; Marfret; Marguisa",5,9,6870.111111111111,1377.3333333333333,6800,6927,12,12,12,{12}
2024-03-31,MAPTM,Tanger,MRNKC,Nouakchott,2,2,"Arkas Line; CMA CGM; Hapag-Lloyd",3,8,3419.9333333333334,605.2666666666667,1350,1932,4,4,4,"{4,4}"
2024-03-31,MAPTM,Tanger,MTMAR,"Malta (Marsaxlokk)",1,1,"CMA CGM",1,5,3645.2,585.8,3426,4178,4,4,4,{4}
2024-03-31,MAPTM,Tanger,NLRTM,Rotterdam,3,3,"CMA CGM; CNC Line-Cheng Lie Navigation Co. Ltd.; COSCO; Evergreen Line; Hapag-Lloyd; MSC; ONE; OOCL",8,35,40249.10519480519,3939.3831168831166,8626,23112,3,4,4,"{4,4,3}"
2024-03-31,MAPTM,Tanger,PTLIS,Lisbon,1,1,"Hapag-Lloyd; ZIM",2,7,2343.4285714285716,388,2339,3237,1,1,1,{1}
2024-03-31,MAPTM,Tanger,SAJED,Jeddah,1,1,"CMA CGM; COSCO; Hapag-Lloyd; ONE; OOCL",5,11,9061.09090909091,825.4545454545454,8626,10114,5,5,5,{5}
2024-03-31,MAPTM,Tanger,SGSIN,Singapore,4,4,"Hapag-Lloyd; Hyundai; Maersk Line; MSC; ONE; SeaLand; Yang Ming",7,59,79469.68035714285,4412.636309523809,13870,24116,27,27.5,29,"{28,29,27,27}"
2024-03-31,MAPTM,Tanger,SLFNA,Freetown,1,1,"Maersk Line; SeaLand",2,3,3551.3333333333335,500,3534,3586,7,7,7,{7}
2024-03-31,MAPTM,Tanger,SNDKR,Dakar,2,2,"CMA CGM; Maersk Line; SeaLand",3,9,7536.666666666666,951,2496,4957,5,5.5,6,"{5,6}"
2024-03-31,MAPTM,Tanger,TGLFW,Lome,1,1,"APL; CMA CGM; Marguisa; Naviera DAL",4,6,3360.5,433.1666666666667,3091,3600,10,10,10,{10}
2024-03-31,MEBAR,Bar,GRPIR,Piraeus,1,1,"CMA CGM; COSCO; Evergreen Line; Hapag-Lloyd; Maersk Line; SeaLand; X-Press",7,1,700,60,700,700,1,1,1,{1}
2024-03-31,MEBAR,Bar,ITGIT,"Gioia Tauro",1,1,MSC,1,2,2254.5,444,1685,2824,2,2,2,{2}
2024-03-31,MEBAR,Bar,ITTAR,Taranto,1,1,"CMA CGM",1,4,1345.75,310.5,1267,1440,1,1,1,{1}
2024-03-31,MFGES,Galisbay,GPPTP,Pointe-a-Pitre,1,1,Marfret,1,1,228,,228,228,2,2,2,{2}
2024-03-31,MFGES,Galisbay,GPSBH,"St Barthelemy",1,1,Marfret,1,1,500,125,500,500,1,1,1,{1}
2024-03-31,MGTOA,Tamatave/Toamasina,SCPOV,"Seychelles Is., Port Victoria",1,1,"Maersk Line",1,4,2488,425,2450,2546,6,6,6,{6}
2024-03-31,MHMAJ,Majuro,FMKSA,Kosrae,1,1,"COSCO; MELL; NPDL; PIL",4,3,2160,400,1080,1080,2,2,2,{2}
2024-03-31,MHMAJ,Majuro,KITRW,Tarawa,1,1,"Kyowa; ONE; Swire Shipping",3,4,3699,,1617,2082,1,1,1,{1}
2024-03-31,MMRGN,Yangon,MYPKG,"Port Klang",1,1,"SITC Shipping",1,6,2632.6666666666665,,2600,2698,3,3,3,{3}
2024-03-31,MMRGN,Yangon,MYTPP,"Tanjung Pelepas",1,1,"Maersk Line; SeaLand",2,8,1726.625,336.625,1713,1740,7,7,7,{7}
2024-03-31,MPSPN,Saipan,FMYAP,Yap,1,1,MELL,1,1,2331,300,777,777,3,3,3,{3}
2024-03-31,MPSPN,Saipan,KRPUS,Busan,1,1,"APL; CMA CGM; Swire Shipping",3,2,1711.5,351,1691,1732,5,5,5,{5}
2024-03-31,MQFDF,Fort-de-France,DMRSU,Roseau,1,1,"CMA CGM",1,3,770.3333333333334,153.33333333333334,677,957,1,1,1,{1}
2024-03-31,MQFDF,Fort-de-France,FRLRH,"La Rochelle",1,1,Soreidom,1,1,492.85714285714283,,138,138,6,6,6,{6}
2024-03-31,MQFDF,Fort-de-France,GPPTP,Pointe-a-Pitre,2,2,"APL; CMA CGM; COSCO; Marfret; Marguisa",5,15,10542.111111111111,2123.6666666666665,3430,6927,1,1,1,"{1,1}"
2024-03-31,MQFDF,Fort-de-France,GPSBH,"St Barthelemy",1,1,Marfret,1,1,228,,228,228,2,2,2,{2}
2024-03-31,MQFDF,Fort-de-France,GYGEO,"Georgetown, Guyana",1,1,"Europe Caribbean Line; Seatrade",2,7,331.85714285714283,86.28571428571429,72,439,4,4,4,{4}
2024-03-31,MQFDF,Fort-de-France,JMKIN,Kingston,1,1,"CMA CGM; Marfret",2,6,3672,746.3333333333334,3430,4045,2,2,2,{2}
2024-03-31,MRNDB,Nouadhibou,ESLPA,"Las Palmas, Can Is",1,1,"CMA CGM",1,5,1618.6,340.6,1350,1740,2,2,2,{2}
2024-03-31,MRNKC,Nouakchott,GNCKY,Conakry,1,1,"Arkas Line; Hapag-Lloyd",2,3,1801.3333333333333,264.6666666666667,1732,1932,1,1,1,{1}
2024-03-31,MRNKC,Nouakchott,GWOXB,Bissau,1,1,"CMA CGM",1,5,1618.6,340.6,1350,1740,3,3,3,{3}
2024-03-31,MRNKC,Nouakchott,LRMLW,Monrovia,1,1,"Arkas Line; Hapag-Lloyd",2,3,1801.3333333333333,264.6666666666667,1732,1932,3,3,3,{3}
2024-03-31,MTMAR,"Malta (Marsaxlokk)",DZALG,Algiers,2,2,"CMA CGM; MSC",2,7,3784.583333333333,571,1100,2468,1,3.5,6,"{1,6}"
2024-03-31,MTMAR,"Malta (Marsaxlokk)",EGALY,Alexandria,1,1,"CMA CGM; ONE",2,6,4957,433.6666666666667,4268,5700,2,2,2,{2}
2024-03-31,MTMAR,"Malta (Marsaxlokk)",ESVLC,Valencia,2,2,"APL; CMA CGM; CNC Line-Cheng Lie Navigation Co. Ltd.; COSCO; Evergreen Line; OOCL",6,18,18802.738461538458,1789.1846153846154,3426,17292,2,2.5,3,"{3,2}"
2024-03-31,MTMAR,"Malta (Marsaxlokk)",FRFOS,"Marseilles-Fos (Fos)",1,1,"CMA CGM",1,2,1256,218,1208,1304,2,2,2,{2}
2024-03-31,MTMAR,"Malta (Marsaxlokk)",GRPIR,Piraeus,2,2,"CMA CGM; MSC",2,10,8383.4,1051.4,3426,5089,1,2,3,"{1,3}"
2024-03-31,MTMAR,"Malta (Marsaxlokk)",GRSKG,Thessaloniki,2,2,"CMA CGM; ONE",2,9,5649.45,722.5,1200,4363,3,3,3,"{3,3}"
2024-03-31,MTMAR,"Malta (Marsaxlokk)",ITAOI,Ancona,1,1,"CMA CGM",1,4,1345.75,310.5,1267,1440,2,2,2,{2}
2024-03-31,MTMAR,"Malta (Marsaxlokk)",ITGOA,Genoa,1,1,"CMA CGM; COSCO; Hapag-Lloyd; OOCL",4,12,8113,729.1666666666666,7179,9326,2,2,2,{2}
2024-03-31,MTMAR,"Malta (Marsaxlokk)",ITLIV,Leghorn,1,1,"APL; CMA CGM; COSCO; Marfret; Marguisa",5,9,6870.111111111111,1377.3333333333333,6800,6927,2,2,2,{2}
2024-03-31,MTMAR,"Malta (Marsaxlokk)",ITSAL,Salerno,1,1,"CMA CGM",1,5,1875,353.8,1740,2260,1,1,1,{1}
2024-03-31,MTMAR,"Malta (Marsaxlokk)",LBBEY,Beirut,1,1,"APL; CMA CGM; CNC Line-Cheng Lie Navigation Co. Ltd.; COSCO; Evergreen Line; OOCL",6,13,15157.53846153846,1203.3846153846155,13208,17292,2,2,2,{2}
2024-03-31,MTMAR,"Malta (Marsaxlokk)",LYBEN,Bingazi,1,1,"CMA CGM",1,4,1345.75,310.5,1267,1440,2,2,2,{2}
2024-03-31,MTMAR,"Malta (Marsaxlokk)",LYMRA,Misurata,1,1,"CMA CGM",1,4,1584.25,222.5,1200,1781,1,1,1,{1}
2024-03-31,MTMAR,"Malta (Marsaxlokk)",SIKOP,Koper,1,1,MSC,1,2,2254.5,444,1685,2824,3,3,3,{3}
2024-03-31,MTMAR,"Malta (Marsaxlokk)",TRMER,Mersin,1,1,MSC,1,3,1007,230.66666666666666,951,1104,3,3,3,{3}
2024-03-31,MUPLU,"Port Louis",AUSYD,Sydney,1,1,"ANL; APL; CMA CGM; MSC",4,16,8965.6875,796.5,8269,9572,13,13,13,{13}
2024-03-31,MUPLU,"Port Louis",LKCMB,Colombo,1,1,MSC,1,9,7444.666666666667,633.6666666666666,4392,13800,7,7,7,{7}
2024-03-31,MUPLU,"Port Louis",MGTOA,Tamatave/Toamasina,1,1,"Maersk Line",1,4,2488,425,2450,2546,7,7,7,{7}
2024-03-31,MUPLU,"Port Louis",MYTPP,"Tanjung Pelepas",1,1,"CMA CGM; CNC Line-Cheng Lie Navigation Co. Ltd.; Maersk Line; SeaLand",4,9,9236.333333333334,1311.111111111111,8714,10034,3,3,3,{3}
2024-03-31,MUPLU,"Port Louis",ZADUR,Durban,2,2,"CMA CGM; CNC Line-Cheng Lie Navigation Co. Ltd.; Maersk Line; MSC; SeaLand",5,18,16681,1944.7777777777778,4392,13800,6,9,12,"{12,6}"
2024-03-31,MVMLE,Male,SCPOV,"Seychelles Is., Port Victoria",1,1,"CMA CGM; Evergreen Line; ONE; OOCL; X-Press",5,8,2495.625,411.75,2260,2578,5,5,5,{5}
2024-03-31,MXATM,Altamira,BEANR,Antwerp,1,1,MSC,1,6,4006.5,445.6666666666667,2556,5059,17,17,17,{17}
2024-03-31,MXATM,Altamira,BZBGK,"Big Creek",1,1,"Maersk Line; SeaLand",2,7,2567.714285714286,501.42857142857144,2506,2602,5,5,5,{5}
2024-03-31,MXATM,Altamira,GTSTC,"Santo Tomas de Castilla",1,1,ZIM,1,4,1239.5,260.5,966,1756,4,4,4,{4}
2024-03-31,MXATM,Altamira,JMKIN,Kingston,1,1,"CMA CGM",1,3,1218.6666666666667,256.6666666666667,1118,1338,4,4,4,{4}
2024-03-31,MXATM,Altamira,MXPGO,Progreso,1,1,MSC,1,6,2591.1666666666665,339,2480,2785,2,2,2,{2}
2024-03-31,MXATM,Altamira,MXVER,Veracruz,2,2,"COSCO; Hapag-Lloyd; ONE; Seaboard Marine; X-Press; ZIM",6,6,4482.666666666667,684.3333333333333,1341,3237,1,1.5,2,"{2,1}"
2024-03-31,MXATM,Altamira,USHOU,"Houston TX",7,7,"APL; CMA CGM; COSCO; Evergreen Line; Hamburg Sud; Hapag-Lloyd; Maersk Line; MSC; ONE; OOCL; SeaLand; ZIM",12,54,39792.66468253968,3931.418650793651,1740,9200,1,2,6,"{2,6,2,2,2,4,1}"
2024-03-31,MXATM,Altamira,USMSY,"New Orleans LA",2,2,"Maersk Line; MSC; SeaLand; Stinnes",4,10,9115.190476190475,855.2857142857143,771,6422,2,2.5,3,"{2,3}"
2024-03-31,MXESE,Ensenada,JPYOK,Yokohama,2,2,"APL; CMA CGM; COSCO; Evergreen Line; Hapag-Lloyd; Hyundai; MSC; ONE; OOCL; Wan Hai",10,23,20004.09090909091,1748.6363636363635,8530,14092,13,15.5,18,"{13,18}"
2024-03-31,MXESE,Ensenada,MXZLO,"Manzanillo, MEX",2,2,"APL; CMA CGM; COSCO; Evergreen Line; Hapag-Lloyd; Hyundai; MSC; ONE; OOCL; Wan Hai",10,23,20004.09090909091,1748.6363636363635,8530,14092,3,3,3,"{3,3}"
2024-03-31,MXLZC,"Lazaro Cardenas",CNSHA,Shanghai,1,1,"Maersk Line; SeaLand",2,10,13005.3,697,9000,15413,20,20,20,{20}
2024-03-31,MXLZC,"Lazaro Cardenas",COBUN,Buenaventura,2,2,"APL; CMA CGM; CNC Line-Cheng Lie Navigation Co. Ltd.; COSCO; Evergreen Line; OOCL; ZIM",7,22,19217.633333333335,1340.2666666666667,3450,16020,5,5,5,"{5,5}"
2024-03-31,MXLZC,"Lazaro Cardenas",COCTG,Cartagena,1,1,ZIM,1,12,7155.916666666667,426.3333333333333,6402,7928,6,6,6,{6}
2024-03-31,MXLZC,"Lazaro Cardenas",ECPSJ,"Puerto de Posorja",1,1,"Maersk Line; SeaLand",2,10,13005.3,697,9000,15413,5,5,5,{5}
2024-03-31,MXLZC,"Lazaro Cardenas",GTPRQ,"Puerto Quetzal",6,6,"APL; CMA CGM; COSCO; Evergreen Line; Hapag-Lloyd; Maersk Line; ONE; OOCL; PIL; SeaLand; Wan Hai; X-Press; Yang Ming; ZIM",14,38,22948.640909090907,2561.287878787879,1402,13216,2,2,4,"{2,3,2,2,2,4}"
2024-03-31,MXLZC,"Lazaro Cardenas",JPYOK,Yokohama,1,1,"Hapag-Lloyd; Hyundai; MSC; ONE",4,14,14070.57142857143,1123.7857142857142,10100,16520,15,15,15,{15}
2024-03-31,MXLZC,"Lazaro Cardenas",MXZLO,"Manzanillo, MEX",2,2,"APL; CMA CGM; CNC Line-Cheng Lie Navigation Co. Ltd.; COSCO; Evergreen Line; Hapag-Lloyd; Hyundai; MSC; ONE; OOCL",10,24,25270.833333333336,2101.6666666666665,8553,16020,1,1.5,2,"{1,2}"
2024-03-31,MXLZC,"Lazaro Cardenas",PAROD,Rodman,1,1,"Hapag-Lloyd; Hyundai; MSC; ONE",4,14,14070.57142857143,1123.7857142857142,10100,16520,4,4,4,{4}
2024-03-31,MXLZC,"Lazaro Cardenas",PECLL,Callao,1,1,"Hapag-Lloyd; Hyundai; MSC; ONE",4,12,12067.333333333334,1396.0833333333333,9326,13312,7,7,7,{7}
2024-03-31,MXLZC,"Lazaro Cardenas",SVAQJ,Acajutla,1,1,"APL; CMA CGM; Maersk Line; SeaLand",4,3,2546,536,2546,2546,3,3,3,{3}
2024-03-31,MXLZC,"Lazaro Cardenas",USNTD,"Port Hueneme CA",1,1,"APL; CMA CGM; Maersk Line; SeaLand",4,5,3310,680,2550,3500,3,3,3,{3}
2024-03-31,MXPGO,Progreso,BSFPO,Freeport,1,1,MSC,1,6,2591.1666666666665,339,2480,2785,3,3,3,{3}
2024-03-31,MXPGO,Progreso,MXVER,Veracruz,1,1,"CMA CGM",1,3,1218.6666666666667,256.6666666666667,1118,1338,3,3,3,{3}
2024-03-31,MXPGO,Progreso,USPFN,"Panama City FL",2,2,"Linea Peninsular",1,2,732,100,366,366,2,2.5,3,"{2,3}"
2024-03-31,MXPMS,"Puerto Morelos",USPEF,"Port Everglades FL",1,1,"Hyde Shipping Corp.; Seaboard Marine",2,1,333,,333,333,3,3,3,{3}
2024-03-31,MXTAM,Tampico,USPME,"Port Manatee FL",1,1,"World Direct Shipping-WDS",1,1,768,132.57142857142858,672,672,4,4,4,{4}
2024-03-31,MXVER,Veracruz,GTPBR,"Puerto Barrios",1,1,"Hapag-Lloyd; ONE",2,3,2848.3333333333335,380,2566,3237,7,7,7,{7}
2024-03-31,MXVER,Veracruz,JMKIN,Kingston,1,1,"COSCO; Seaboard Marine; X-Press; ZIM",4,3,1634.3333333333333,304.3333333333333,1341,1781,5,5,5,{5}
2024-03-31,MXVER,Veracruz,MXATM,Altamira,12,12,"APL; CMA CGM; COSCO; Evergreen Line; Hamburg Sud; Hapag-Lloyd; Maersk Line; MSC; ONE; OOCL; SeaLand; Stinnes; ZIM",13,79,53369.75992063492,5682.180555555557,771,9200,0,1,3,"{1,0,1,1,3,1,2,1,0,1,1,2}"
2024-03-31,MXVER,Veracruz,USHOU,"Houston TX",1,1,"CMA CGM; COSCO; Maersk Line; SeaLand",4,8,6558.75,562.5,5576,8530,5,5,5,{5}
2024-03-31,MXZLO,"Manzanillo, MEX",GTPRQ,"Puerto Quetzal",1,1,"Hapag-Lloyd; Hyundai; MSC; ONE",4,12,10064,1085,8553,13000,2,2,2,{2}
2024-03-31,MXZLO,"Manzanillo, MEX",JPYOK,Yokohama,1,1,"APL; CMA CGM; CNC Line-Cheng Lie Navigation Co. Ltd.; COSCO; Evergreen Line; OOCL",6,12,15206.833333333334,1016.6666666666666,13892,16020,16,16,16,{16}
2024-03-31,MXZLO,"Manzanillo, MEX",KRPUS,Busan,1,1,"COSCO; Evergreen Line; PIL; Wan Hai; Yang Ming",5,11,9862.09090909091,557.4545454545455,6350,13216,22,22,22,{22}
2024-03-31,MXZLO,"Manzanillo, MEX",MXESE,Ensenada,2,2,"APL; CMA CGM; COSCO; Evergreen Line; Hapag-Lloyd; Hyundai; MSC; ONE; OOCL; Wan Hai",10,23,20004.09090909091,1748.6363636363635,8530,14092,3,3,3,"{3,3}"
2024-03-31,MXZLO,"Manzanillo, MEX",MXLZC,"Lazaro Cardenas",11,9,"APL; CMA CGM; CNC Line-Cheng Lie Navigation Co. Ltd.; COSCO; Evergreen Line; Hapag-Lloyd; Hyundai; Maersk Line; MSC; ONE; OOCL; PIL; SeaLand; Wan Hai; Yang Ming; ZIM",16,107,102543.55043290043,8332.275974025973,1714,16520,0,1,2,"{0,2,0,2,1,1,1,0,1,2,1}"
2024-03-31,MXZLO,"Manzanillo, MEX",PABLB,Balboa,2,2,"APL; CMA CGM; CNC Line-Cheng Lie Navigation Co. Ltd.; COSCO; Evergreen Line; Hapag-Lloyd; OOCL; PIL; Wan Hai",9,23,19914.083333333336,1743,8452,14074,4,4.5,5,"{5,4}"
2024-03-31,MXZLO,"Manzanillo, MEX",PACTB,Cristobal,1,1,MSC,1,11,11193.90909090909,789.3636363636364,4953,15294,5,5,5,{5}
2024-03-31,MXZLO,"Manzanillo, MEX",PAROD,Rodman,1,1,MSC,1,15,9291.866666666667,790.4,8386,12119,1,1,1,{1}
2024-03-31,MXZLO,"Manzanillo, MEX",PECLL,Callao,1,1,"APL; CMA CGM; COSCO; Evergreen Line; OOCL; Wan Hai",6,11,9940.09090909091,663.6363636363636,8530,14092,7,7,7,{7}
2024-03-31,MXZLO,"Manzanillo, MEX",USLAX,"Los Angeles CA",2,2,"Hapag-Lloyd; MSC; ONE",3,20,11407.466666666667,1130.4,2586,12119,3,3,3,"{3,3}"
2024-03-31,MYBKI,"Kota Kinabalu, Sabah",BNMUA,"Muara Port",1,1,"Evergreen Line",1,2,1801,85,1618,1984,1,1,1,{1}
2024-03-31,MYBKI,"Kota Kinabalu, Sabah",TWKHH,Kaohsiung,1,1,"Maersk Line; SeaLand",2,3,1753.3333333333333,316.6666666666667,1730,1798,2,2,2,{2}
2024-03-31,MYBTU,"Bintulu, Sarawak",MYBKI,"Kota Kinabalu, Sabah",1,1,"Maersk Line; SeaLand",2,3,1753.3333333333333,316.6666666666667,1730,1798,3,3,3,{3}
2024-03-31,MYBTU,"Bintulu, Sarawak",TWKHH,Kaohsiung,1,1,"Evergreen Line",1,2,1801,85,1618,1984,2,2,2,{2}
2024-03-31,MYKCH,"Kuching, Sarawak",CNSWA,Shantou,1,1,"Maersk Line; SeaLand",2,5,2103.942857142857,274.9714285714286,1049,2806,5,5,5,{5}
2024-03-31,MYKUA,Kuantan,HKHKG,"Hong Kong",1,1,"Evergreen Line",1,4,2693,172,2476,2910,4,4,4,{4}
2024-03-31,MYKUA,Kuantan,SGSIN,Singapore,1,1,"Maersk Line; SeaLand",2,5,2287.6,557.6,2208,2362,1,1,1,{1}
2024-03-31,MYPEN,Penang,MYKUA,Kuantan,1,1,"Evergreen Line",1,4,2693,172,2476,2910,1,1,1,{1}
2024-03-31,MYPEN,Penang,MYPGU,"Pasir Gudang, Johor",1,1,MSC,1,5,2881.4,436.4,2524,3534,2,2,2,{2}
2024-03-31,MYPEN,Penang,MYPKG,"Port Klang",4,4,"APL; CMA CGM; CNC Line-Cheng Lie Navigation Co. Ltd.; COSCO; IAL-Interasia Lines; Maersk Line; SeaLand; Wan Hai",8,19,14049.016666666666,1713.0166666666667,2208,4738,1,1.5,2,"{1,1,2,2}"
2024-03-31,MYPEN,Penang,MYTPP,"Tanjung Pelepas",1,1,"Evergreen Line",1,4,2476,,2476,2476,1,1,1,{1}
2024-03-31,MYPEN,Penang,SGSIN,Singapore,2,2,"Heung-A; Hyundai; KMTC; Namsung; ONE; PIL; TS Lines",7,8,4894.75,724.5,1708,2824,2,2.5,3,"{3,2}"
2024-03-31,MYPEN,Penang,VNSGN,"Ho Chi Minh (VICT/Cat Lai)",2,2,"IAL-Interasia Lines; KMTC; Maersk Line; SITC Shipping; TS Lines; Wan Hai; Yang Ming",7,8,4381.5,635.5,1756,2546,3,3.5,4,"{3,4}"
2024-03-31,MYPGU,"Pasir Gudang, Johor",HKHKG,"Hong Kong",1,1,"CMA CGM; CNC Line-Cheng Lie Navigation Co. Ltd.; KMTC; SITC Shipping; TS Lines",5,4,2746,335.5,2400,2954,3,3,3,{3}
2024-03-31,MYPGU,"Pasir Gudang, Johor",MYPKG,"Port Klang",2,2,"Evergreen Line",1,8,5611,516,2476,2926,1,1,1,"{1,1}"
2024-03-31,MYPGU,"Pasir Gudang, Johor",SGSIN,Singapore,4,4,"COSCO; IAL-Interasia Lines; MSC; OOCL; Wan Hai",5,17,12816.65,1397.15,2524,4253,0,0,1,"{0,0,1,0}"
2024-03-31,MYPGU,"Pasir Gudang, Johor",THLCH,"Laem Chabang",1,1,"KMTC; ONE; SITC Shipping; Yang Ming",4,4,2702,395.75,2566,2940,2,2,2,{2}
2024-03-31,MYPGU,"Pasir Gudang, Johor",TWKHH,Kaohsiung,2,2,"Evergreen Line; IAL-Interasia Lines; KMTC; Wan Hai; Yang Ming",5,13,6892.976190476191,703.6666666666667,2910,4890,5,5.5,6,"{6,5}"
2024-03-31,MYPKG,"Port Klang",AEJEA,"Dubai, Jebel Ali",4,4,"APL; CMA CGM; CNC Line-Cheng Lie Navigation Co. Ltd.; COSCO; Emirates Shipping; Evergreen Line; Global Feeder Shipping; Hapag-Lloyd; Hyundai; KMTC; Maersk Line; ONE; OOCL; PIL; RCL; SeaLand; X-Press; Yang Ming",18,32,26489.809523809523,1809.6547619047622,3158,11888,8,9.5,11,"{9,8,10,11}"
2024-03-31,MYPKG,"Port Klang",AUFRE,Fremantle,1,1,"COSCO; OOCL; PIL; Yang Ming",4,5,5056.6,493.4,4250,5888,7,7,7,{7}
2024-03-31,MYPKG,"Port Klang",BDCGP,Chittagong,10,10,"APL; CMA CGM; CNC Line-Cheng Lie Navigation Co. Ltd.; COSCO; Maersk Line; ONE; OOCL; PIL; Samudera; SeaLand; SITC Shipping; SOL; X-Press; Yang Ming",14,31,25492.509523809524,3304.9714285714285,1049,2954,3,4.5,6,"{4,5,5,6,6,4,4,3,5,4}"
2024-03-31,MYPKG,"Port Klang",CNNGB,Ningbo,1,1,"APL; CMA CGM; CNC Line-Cheng Lie Navigation Co. Ltd.; COSCO; Evergreen Line; OOCL; PIL",7,9,14424,,14424,14424,6,6,6,{6}
2024-03-31,MYPKG,"Port Klang",CNNSA,Nansha,2,2,"CMA CGM; CNC Line-Cheng Lie Navigation Co. Ltd.; COSCO; OOCL; Yang Ming",5,8,9952.5,788,4250,5688,6,6,6,"{6,6}"
2024-03-31,MYPKG,"Port Klang",CNSHA,Shanghai,1,1,"APL; CMA CGM; CNC Line-Cheng Lie Navigation Co. Ltd.; COSCO; Evergreen Line; OOCL",6,14,8551.214285714286,658.4285714285714,5618,14414,6,6,6,{6}
2024-03-31,MYPKG,"Port Klang",CNSHK,Shekou,2,2,"APL; CMA CGM; CNC Line-Cheng Lie Navigation Co. Ltd.; COSCO; Evergreen Line; Feedertech; Heung-A; IAL-Interasia Lines; OOCL; Sinokor; Wan Hai; Yang Ming",12,16,16767.04761904762,1594.357142857143,2646,14414,4,4.5,5,"{4,5}"
2024-03-31,MYPKG,"Port Klang",CNTAO,Qingdao,3,3,"APL; CMA CGM; CNC Line-Cheng Lie Navigation Co. Ltd.; COSCO; Evergreen Line; IAL-Interasia Lines; ONE; OOCL; PIL; Wan Hai",10,26,38807.490842490835,2384.3369963369964,2646,20988,2,7,8,"{2,8,7}"
2024-03-31,MYPKG,"Port Klang",HKHKG,"Hong Kong",3,3,"CMA CGM; CNC Line-Cheng Lie Navigation Co. Ltd.; COSCO; Emirates Shipping; Evergreen Line; KMTC; ONE; RCL; TS Lines; X-Press; ZIM",11,16,14036.428571428572,1455.904761904762,2468,7092,5,5,6,"{6,5,5}"
2024-03-31,MYPKG,"Port Klang",IDBLW,Belawan,1,1,"IAL-Interasia Lines; Wan Hai",2,5,3026.8,240,3013,3036,2,2,2,{2}
2024-03-31,MYPKG,"Port Klang",IDJKT,"Jakarta, Java",2,2,"ANL; CMA CGM",2,2,18352.285714285714,2728.5714285714284,1638,1740,3,3,3,"{3,3}"
2024-03-31,MYPKG,"Port Klang",INCCU,Kolkata,3,3,"ANL; BTL-Bengal Tiger Line; CMA CGM; Gold Star Line; ONE; OOCL; RCL; X-Press",8,7,2966.4285714285716,325.57142857142856,628,1528,4,5,5,"{5,5,4}"
2024-03-31,MYPKG,"Port Klang",INKAT,Kattupalli,2,2,"BTL-Bengal Tiger Line; COSCO; Hyundai; ONE; OOCL; RCL; Samudera; Sinokor; X-Press",9,13,11046.611111111111,731.7777777777778,2824,8652,5,5.5,6,"{6,5}"
2024-03-31,MYPKG,"Port Klang",INMAA,Chennai/Madras,4,4,"BTL-Bengal Tiger Line; CMA CGM; COSCO; CULines-China United Lines; Evergreen Line; Hapag-Lloyd; IAL-Interasia Lines; KMTC; ONE; OOCL; RCL; Samudera; TS Lines; Unifeeder; Wan Hai; X-Press",16,19,16449.933333333334,1494,1858,6456,4,4,5,"{5,4,4,4}"
2024-03-31,MYPKG,"Port Klang",INNSA,"Mumbai (Nhava Sheva)",10,10,"CMA CGM; COSCO; CULines-China United Lines; Emirates Shipping; Evergreen Line; Feedertech; Global Feeder Shipping; Gold Star Line; Hapag-Lloyd; Heung-A; Hyundai; IAL-Interasia Lines; KMTC; ONE; OOCL; PIL; RCL; Samudera; Sinokor; TS Lines; Wan Hai; X-Press; Yang Ming; ZIM",24,67,56398.60952380953,4868.109523809524,2646,10062,1,7,8,"{5,7,8,8,6,7,7,7,6,1}"
2024-03-31,MYPKG,"Port Klang",INPAV,Pipavav,1,1,"CMA CGM; ONE; RCL; Samudera; X-Press",5,5,5770.2,608.4,4957,6612,6,6,6,{6}
2024-03-31,MYPKG,"Port Klang",KEMBA,Mombasa,2,2,"APL; CMA CGM; CNC Line-Cheng Lie Navigation Co. Ltd.; COSCO; Evergreen Line; Gold Star Line; Hapag-Lloyd; ONE; OOCL; PIL; X-Press; ZIM",12,14,7500,615.1428571428571,2742,5090,10,11,12,"{10,12}"
2024-03-31,MYPKG,"Port Klang",KRPUS,Busan,3,3,"CMA CGM; CNC Line-Cheng Lie Navigation Co. Ltd.; COSCO; Emirates Shipping; Evergreen Line; Global Feeder Shipping; KMTC; OOCL; PIL; RCL; Sinokor",11,28,28271.34761904762,2185.9238095238097,3620,20600,6,8,8,"{6,8,8}"
2024-03-31,MYPKG,"Port Klang",LKCMB,Colombo,4,4,"APL; CMA CGM; CNC Line-Cheng Lie Navigation Co. Ltd.; COSCO; Evergreen Line; Feedertech; Hapag-Lloyd; Hyundai; IAL-Interasia Lines; OOCL; Wan Hai",11,38,29132.47142857143,2629.995238095238,4051,16020,3,3.5,5,"{4,3,3,5}"
2024-03-31,MYPKG,"Port Klang",MVMLE,Male,1,1,"CMA CGM; Evergreen Line; ONE; OOCL; X-Press",5,8,2495.625,411.75,2260,2578,9,9,9,{9}
2024-03-31,MYPKG,"Port Klang",MYPEN,Penang,9,9,"APL; CMA CGM; CNC Line-Cheng Lie Navigation Co. Ltd.; COSCO; Evergreen Line; Heung-A; Hyundai; IAL-Interasia Lines; KMTC; Maersk Line; Namsung; ONE; PIL; SITC Shipping; TS Lines; Wan Hai; Yang Ming",17,38,26206.666666666668,2687.4166666666665,1708,4738,0,1,2,"{2,1,2,1,1,1,0,1,1}"
2024-03-31,MYPKG,"Port Klang",MYPGU,"Pasir Gudang, Johor",4,4,"CMA CGM; CNC Line-Cheng Lie Navigation Co. Ltd.; IAL-Interasia Lines; KMTC; ONE; SITC Shipping; TS Lines; Wan Hai; Yang Ming",9,16,11232,1304,2400,3055,1,1,1,"{1,1,1,1}"
2024-03-31,MYPKG,"Port Klang",MYTPP,"Tanjung Pelepas",4,4,"ANL; Evergreen Line; Hapag-Lloyd; Maersk Line; MSC; ONE; SeaLand",7,23,16320.028571428571,2138.1714285714284,2208,9010,1,2,2,"{2,2,1,2}"
2024-03-31,MYPKG,"Port Klang",NGAPP,Apapa,1,1,"COSCO; Gold Star Line; ONE; OOCL; ZIM",5,12,4343.833333333333,477.0833333333333,2824,5071,26,26,26,{26}
2024-03-31,MYPKG,"Port Klang",PHMNL,Manila,1,1,"APL; CMA CGM; CNC Line-Cheng Lie Navigation Co. Ltd.; COSCO",4,4,3236,462.5,2954,3586,7,7,7,{7}
2024-03-31,MYPKG,"Port Klang",SGSIN,Singapore,37,37,"ANL; APL; BTL-Bengal Tiger Line; Carpenters Shipping; CMA CGM; CNC Line-Cheng Lie Navigation Co. Ltd.; COSCO; CULines-China United Lines; Emirates Shipping; Evergreen Line; Feedertech; Gold Star Line; Hapag-Lloyd; Hyundai; IAL-Interasia Lines; KMTC; Maersk Line; MSC; ONE; OOCL; PIL; RCL; Samudera; SeaLand; SOL; Swire Shipping; TS Lines; Unifeeder; Wan Hai; X-Press; Yang Ming; ZIM",32,254,199952.13968253968,17408.877594627596,1049,21413,0,1,2,"{1,2,1,1,2,1,2,2,1,0,2,1,1,2,1,1,2,1,1,1,1,0,1,1,0,1,1,1,2,1,0,1,0,1,1,1,2}"
2024-03-31,MYPKG,"Port Klang",THLCH,"Laem Chabang",1,1,"COSCO; Evergreen Line; Feedertech; Hyundai",4,6,5061,478.3333333333333,4308,5652,6,6,6,{6}
2024-03-31,MYPKG,"Port Klang",VNDAD,"Da Nang",1,1,"CMA CGM; CNC Line-Cheng Lie Navigation Co. Ltd.",2,5,2178.8,416,1756,2782,4,4,4,{4}
2024-03-31,MYPKG,"Port Klang",VNSGN,"Ho Chi Minh (VICT/Cat Lai)",5,5,"CMA CGM; CNC Line-Cheng Lie Navigation Co. Ltd.; OOCL; SITC Shipping; Wan Hai; Yang Ming",6,23,11508.816666666666,1322.5,1730,2954,2,3,5,"{2,5,3,3,2}"
2024-03-31,MYPKG,"Port Klang",VNVUT,"Cai Mep",3,3,"APL; CMA CGM; CNC Line-Cheng Lie Navigation Co. Ltd.; COSCO; Evergreen Line; IAL-Interasia Lines; ONE; OOCL; Wan Hai",9,29,27297.05769230769,1444.1858974358975,4211,15372,2,3,4,"{2,3,4}"
2024-03-31,MYTPP,"Tanjung Pelepas",BDCGP,Chittagong,1,1,"Maersk Line; SeaLand",2,5,2795.6,376.8,2754,2806,3,3,3,{3}
2024-03-31,MYTPP,"Tanjung Pelepas",BNMUA,"Muara Port",1,1,"Maersk Line; SeaLand",2,8,1726.625,336.625,1713,1740,2,2,2,{2}
2024-03-31,MYTPP,"Tanjung Pelepas",CNNSA,Nansha,1,1,"Evergreen Line",1,4,2476,,2476,2476,3,3,3,{3}
2024-03-31,MYTPP,"Tanjung Pelepas",CNQZH,Qinzhou,1,1,MSC,1,5,2620.8,509.8,2524,2824,4,4,4,{4}
2024-03-31,MYTPP,"Tanjung Pelepas",CNSHA,Shanghai,2,2,"CMA CGM; CNC Line-Cheng Lie Navigation Co. Ltd.; Maersk Line; MSC; SeaLand",5,24,27875.13333333333,2071.911111111111,8714,20568,7,8,9,"{7,9}"
2024-03-31,MYTPP,"Tanjung Pelepas",CNTXG,Xingang/Tianjin,1,1,"APL; CMA CGM; CNC Line-Cheng Lie Navigation Co. Ltd.; COSCO; Evergreen Line; OOCL",6,14,18943,585.7142857142857,13806,20150,10,10,10,{10}
2024-03-31,MYTPP,"Tanjung Pelepas",CNYTN,Yantian,1,1,"Maersk Line; MSC; SeaLand; ZIM",4,12,9407,1120.3333333333333,8112,11078,5,5,5,{5}
2024-03-31,MYTPP,"Tanjung Pelepas",ESALG,Algeciras,1,1,"Maersk Line; MSC; SeaLand",3,15,18638.8,760.8,17816,20568,25,25,25,{25}
2024-03-31,MYTPP,"Tanjung Pelepas",GBFXT,Felixstowe,2,2,"Maersk Line; MSC",2,27,28261.082417582416,1605.2362637362637,3700,23656,29,30,31,"{29,31}"
2024-03-31,MYTPP,"Tanjung Pelepas",GHTEM,Tema,1,1,"CMA CGM; CNC Line-Cheng Lie Navigation Co. Ltd.; Maersk Line",3,13,13675.076923076924,769.2307692307693,13092,15294,21,21,21,{21}
2024-03-31,MYTPP,"Tanjung Pelepas",HKHKG,"Hong Kong",1,1,"Maersk Line; MSC; SeaLand; ZIM",4,13,8396.76923076923,706.3076923076923,8112,11088,4,4,4,{4}
2024-03-31,MYTPP,"Tanjung Pelepas",IDJKT,"Jakarta, Java",1,1,"MSC; ZIM",2,9,3312,548.6666666666666,2478,4800,2,2,2,{2}
2024-03-31,MYTPP,"Tanjung Pelepas",IDPJG,Panjang,1,1,MSC,1,6,4214.166666666667,469,3534,4892,4,4,4,{4}
2024-03-31,MYTPP,"Tanjung Pelepas",INENR,Ennore,1,1,"Maersk Line; SeaLand",2,2,2783,493,2742,2824,6,6,6,{6}
2024-03-31,MYTPP,"Tanjung Pelepas",KEMBA,Mombasa,1,1,"COSCO; Maersk Line; OOCL; SeaLand",4,7,3816,379.7142857142857,3421,4253,13,13,13,{13}
2024-03-31,MYTPP,"Tanjung Pelepas",KRPUS,Busan,1,1,MSC,1,6,4214.166666666667,469,3534,4892,7,7,7,{7}
2024-03-31,MYTPP,"Tanjung Pelepas",LKCMB,Colombo,2,2,"Maersk Line; MSC; SeaLand; ZIM",4,27,24931.4,1561.3666666666668,7846,18270,3,4,5,"{3,5}"
2024-03-31,MYTPP,"Tanjung Pelepas",MMRGN,Yangon,1,1,"Maersk Line; SeaLand",2,8,1726.625,336.625,1713,1740,4,4,4,{4}
2024-03-31,MYTPP,"Tanjung Pelepas",MUPLU,"Port Louis",1,1,"CMA CGM; CNC Line-Cheng Lie Navigation Co. Ltd.; Maersk Line; SeaLand",4,9,9236.333333333334,1311.111111111111,8714,10034,9,9,9,{9}
2024-03-31,MYTPP,"Tanjung Pelepas",MYKCH,"Kuching, Sarawak",1,1,"Maersk Line; SeaLand",2,5,2103.942857142857,274.9714285714286,1049,2806,2,2,2,{2}
2024-03-31,MYTPP,"Tanjung Pelepas",MYPEN,Penang,1,1,"Maersk Line; SeaLand",2,5,2287.6,557.6,2208,2362,2,2,2,{2}
2024-03-31,MYTPP,"Tanjung Pelepas",MYPGU,"Pasir Gudang, Johor",1,1,"Evergreen Line; Yang Ming",2,7,2919.1428571428573,344,2910,2926,0,0,0,{0}
2024-03-31,MYTPP,"Tanjung Pelepas",MYPKG,"Port Klang",5,5,"CMA CGM; Evergreen Line; Maersk Line; MSC; ONE; OOCL; SeaLand; X-Press",8,31,13908.90119047619,1686.054761904762,1049,5018,0,1,1,"{0,1,1,1,1}"
2024-03-31,MYTPP,"Tanjung Pelepas",NLRTM,Rotterdam,1,1,"Maersk Line; MSC; SeaLand",3,15,19495.6,815.4666666666666,18270,20568,29,29,29,{29}
2024-03-31,MYTPP,"Tanjung Pelepas",PGPOM,"Port Moresby",1,1,"Maersk Line; SeaLand",2,2,3219.1428571428573,629.7142857142857,1068,1304,12,12,12,{12}
2024-03-31,MYTPP,"Tanjung Pelepas",PTSIE,Sines,1,1,"Maersk Line; MSC; SeaLand",3,14,20712,548,23656,24346,25,25,25,{25}
2024-03-31,MYTPP,"Tanjung Pelepas",REPDG,"Reunion Island",1,1,"CMA CGM; Maersk Line",2,7,3606.714285714286,485.85714285714283,3398,3650,9,9,9,{9}
2024-03-31,MYTPP,"Tanjung Pelepas",SGSIN,Singapore,18,17,"ANL; CMA CGM; CNC Line-Cheng Lie Navigation Co. Ltd.; COSCO; Evergreen Line; Hapag-Lloyd; Maersk Line; MSC; ONE; OOCL; SeaLand; ZIM",12,111,77300.42142857143,9529.371428571429,1730,9010,0,1,4,"{1,0,1,1,1,1,1,1,1,1,1,1,1,2,1,3,3,4}"
2024-03-31,MYTPP,"Tanjung Pelepas",TGLFW,Lome,1,1,"CMA CGM; CNC Line-Cheng Lie Navigation Co. Ltd.; Maersk Line",3,9,5169.444444444444,465.11111111111103,4496,7117,22,22,22,{22}
2024-03-31,MYTPP,"Tanjung Pelepas",THLCH,"Laem Chabang",3,3,"Maersk Line; MSC; ZIM",3,24,15041.390476190476,1798.595238095238,2474,9962,3,3,5,"{3,5,3}"
2024-03-31,MYTPP,"Tanjung Pelepas",TWKHH,Kaohsiung,1,1,"CMA CGM; CNC Line-Cheng Lie Navigation Co. Ltd.; COSCO; Evergreen Line; OOCL",5,13,23356.615384615383,123.07692307692308,20150,24000,4,4,4,{4}
2024-03-31,MYTPP,"Tanjung Pelepas",VNHPH,Haiphong,1,1,MSC,1,5,2881.4,436.4,2524,3534,4,4,4,{4}
2024-03-31,MYTWU,"Tawau Sabah",PHGES,"General Santos",1,1,"Maersk Line; SeaLand",2,8,1726.625,336.625,1713,1740,2,2,2,{2}
2024-03-31,MZBEW,Beira,MZMNC,Nacala,1,1,"CMA CGM",1,6,1834.1666666666667,346.8333333333333,1638,2268,5,5,5,{5}
2024-03-31,MZBEW,Beira,MZMPM,Maputo,1,1,"Feedertech; ONE",2,5,1119,178.6,385,1794,2,2,2,{2}
2024-03-31,MZBEW,Beira,REPDG,"Reunion Island",1,1,"CMA CGM; Maersk Line",2,7,3606.714285714286,485.85714285714283,3398,3650,5,5,5,{5}
2024-03-31,MZMNC,Nacala,INNSA,"Mumbai (Nhava Sheva)",1,1,"UAFL-United Africa Feeder Line",1,2,4646.571428571428,385.7142857142857,1740,1874,11,11,11,{11}
2024-03-31,MZMNC,Nacala,SCPOV,"Seychelles Is., Port Victoria",1,1,"CMA CGM",1,6,1834.1666666666667,346.8333333333333,1638,2268,6,6,6,{6}
2024-03-31,MZMPM,Maputo,AEJEA,"Dubai, Jebel Ali",1,1,"Feedertech; ONE",2,5,1119,178.6,385,1794,12,12,12,{12}
2024-03-31,MZMPM,Maputo,KEMBA,Mombasa,1,1,Messina,1,3,11145.238095238094,1023.8095238095239,1422,4406,6,6,6,{6}
2024-03-31,MZMPM,Maputo,MZBEW,Beira,1,1,"CMA CGM; Maersk Line",2,7,3606.714285714286,485.85714285714283,3398,3650,4,4,4,{4}
2024-03-31,MZMPM,Maputo,ZADUR,Durban,1,1,MACS,1,6,4790.095238095238,,1842,2208,11,11,11,{11}
2024-03-31,MZMPM,Maputo,ZARCB,"Richards Bay",1,1,"CSAL-Canada States Africa Line; GAL-Gulf Africa Line; MACS",3,3,4084.285714285714,,953,953,1,1,1,{1}
2024-03-31,NAWVB,"Walvis Bay",ESVGO,Vigo,1,1,MACS,1,6,4790.095238095238,,1842,2208,15,15,15,{15}
2024-03-31,NAWVB,"Walvis Bay",SGSIN,Singapore,1,1,"CMA CGM; CNC Line-Cheng Lie Navigation Co. Ltd.; COSCO; Hapag-Lloyd; Maersk Line; OOCL",6,12,8534.583333333334,703,8269,8845,19,19,19,{19}
2024-03-31,NAWVB,"Walvis Bay",ZACPT,"Cape Town",2,2,"CSAL-Canada States Africa Line; GAL-Gulf Africa Line; MACS",3,9,8874.380952380952,,953,2208,6,7,8,"{6,8}"
2024-03-31,NCNOU,Noumea,AUBNE,Brisbane,3,3,"ANL; APL; CMA CGM; Marfret",4,16,14309.428571428572,2751.714285714286,1037,2713,2,3,5,"{5,2,3}"
2024-03-31,NCNOU,Noumea,FJLTK,Lautoka,4,4,"Kyowa; NPDL; NYK Bulk and Projects; ONE; Swire Shipping",5,9,14099.142857142857,,519,2082,1,2.5,6,"{6,3,2,1}"
2024-03-31,NCNOU,Noumea,FJSUV,Suva,3,3,"Carpenters Shipping; MSC; Swire Shipping",3,9,11258.476190476189,1636.1904761904761,1114,2381,3,3,3,"{3,3,3}"
2024-03-31,NCNOU,Noumea,NCPNY,"Prony Bay",2,2,"Kyowa; ONE; Swire Shipping",3,6,6367,418,1118,2082,0,0,0,"{0,0}"
2024-03-31,NCNOU,Noumea,NZAKL,Auckland,1,1,"Swire Shipping",1,3,8328,,2082,2082,3,3,3,{3}
2024-03-31,NCNOU,Noumea,PHSFS,"Subic Bay",1,1,"Swire Shipping",1,3,8328,,2082,2082,16,16,16,{16}
2024-03-31,NCPNY,"Prony Bay",FJLTK,Lautoka,1,1,"Swire Shipping",1,2,2668,418,1118,1550,3,3,3,{3}
2024-03-31,NCPNY,"Prony Bay",VUSAN,Santo,1,1,"Kyowa; ONE; Swire Shipping",3,4,3699,,1617,2082,2,2,2,{2}
2024-03-31,NGAPP,Apapa,CIABJ,Abidjan,1,1,MSC,1,6,5557.833333333333,605.3333333333334,5059,6008,2,2,2,{2}
2024-03-31,NGAPP,Apapa,GHTEM,Tema,1,1,"Maersk Line",1,4,4496,262.5,4496,4496,2,2,2,{2}
2024-03-31,NGAPP,Apapa,NGONN,Onne,2,2,"CMA CGM; CNC Line-Cheng Lie Navigation Co. Ltd.; COSCO; Gold Star Line; Maersk Line; ONE; OOCL; ZIM",8,21,7953.277777777777,694.1111111111111,2008,7117,1,2,3,"{1,3}"
2024-03-31,NGAPP,Apapa,NGTIN,"Lagos, Tin Can",2,2,"Arkas Line; CMA CGM; COSCO; Gold Star Line; Hapag-Lloyd; ONE; OOCL; ZIM",8,17,8616.433333333334,856.2833333333333,2824,5071,0,0,0,"{0,0}"
2024-03-31,NGAPP,Apapa,ZACPT,"Cape Town",1,1,"CMA CGM; Maersk Line",2,10,5271.7,607.6,4496,6014,7,7,7,{7}
2024-03-31,NGAPP,Apapa,ZADUR,Durban,1,1,"Hapag-Lloyd; ONE",2,11,3682.4545454545455,386.3636363636364,2664,4258,12,12,12,{12}
2024-03-31,NGONN,Onne,BJCOO,Cotonou,1,1,"CMA CGM; CNC Line-Cheng Lie Navigation Co. Ltd.; Maersk Line",3,9,5169.444444444444,465.11111111111103,4496,7117,3,3,3,{3}
2024-03-31,NGONN,Onne,CIABJ,Abidjan,2,2,"COSCO; Gold Star Line; ONE; OOCL; PIL; ZIM",6,24,6849.916666666667,307.6666666666667,2008,4800,1,1.5,2,"{1,2}"
2024-03-31,NGTIN,"Lagos, Tin Can",CMDLA,Douala,1,1,"Grimaldi Lines",1,4,3092.1428571428573,,1318,1568,3,3,3,{3}
2024-03-31,NGTIN,"Lagos, Tin Can",GHTEM,Tema,2,2,"COSCO; Gold Star Line; Grimaldi Lines; ONE; OOCL; ZIM",6,18,6071,477.0833333333333,1318,5071,1,1.5,2,"{1,2}"
2024-03-31,NGTIN,"Lagos, Tin Can",MAPTM,Tanger,1,1,"Arkas Line; CMA CGM; Hapag-Lloyd; ONE",4,5,4272.6,379.2,4250,4360,12,12,12,{12}
2024-03-31,NGTIN,"Lagos, Tin Can",NGAPP,Apapa,2,2,"Hapag-Lloyd; MSC; ONE",3,17,9240.287878787878,991.6969696969697,2664,6008,0,0,0,"{0,0}"
2024-03-31,NGTIN,"Lagos, Tin Can",NGONN,Onne,1,1,PIL,1,12,4066.0833333333335,78.66666666666667,3889,4800,2,2,2,{2}
2024-03-31,NGTIN,"Lagos, Tin Can",TGLFW,Lome,1,1,MSC,1,8,5684.125,526.25,5550,5888,2,2,2,{2}
2024-03-31,NICIO,Corinto,CRCAL,"Puerto Caldera",1,1,"Hapag-Lloyd; ONE",2,5,2115.6,340,2586,2664,8,8,8,{8}
2024-03-31,NICIO,Corinto,GTPRQ,"Puerto Quetzal",2,2,"APL; CMA CGM; Maersk Line; ONE; SeaLand; X-Press; ZIM",7,6,4377,819.3333333333333,1402,2546,1,2,3,"{1,3}"
2024-03-31,NICIO,Corinto,HNSLO,"Puerto San Lorenzo",1,1,"COSCO; Evergreen Line; OOCL; ZIM",4,4,2286.25,465.5,1714,2546,1,1,1,{1}
2024-03-31,NICIO,Corinto,PABLB,Balboa,1,1,"APL; CMA CGM; Maersk Line; SeaLand",4,5,3310,680,2550,3500,5,5,5,{5}
2024-03-31,NIRAM,Rama,USPEF,"Port Everglades FL",1,1,"King Ocean",1,1,205,,205,205,6,6,6,{6}
2024-03-31,NLAMS,Amsterdam,DEHAM,Hamburg,1,1,"Grimaldi Lines",1,6,1727.1666666666667,,1318,2000,1,1,1,{1}
2024-03-31,NLMOE,Moerdijk,NLRTM,Rotterdam,1,1,"Hapag-Lloyd; MSC; WEC Lines",3,2,1008,152.5,1008,1008,1,1,1,{1}
2024-03-31,NLRTM,Rotterdam,BEANR,Antwerp,13,13,"CMA CGM; COSCO; Evergreen Line; G2 Ocean; Hapag-Lloyd; Maersk Line; MSC; ONE; OOCL; SeaLand; Unifeeder; WEC Lines; Yang Ming",13,72,76416.60793650793,6615.115873015873,945,24346,0,1,2,"{2,1,1,0,1,1,1,1,1,1,1,0,0}"
2024-03-31,NLRTM,Rotterdam,BEZEE,Zeebrugge,1,1,"CMA CGM; CNC Line-Cheng Lie Navigation Co. Ltd.; COSCO; Evergreen Line; OOCL",5,12,19883.333333333332,474.5,14500,21413,1,1,1,{1}
2024-03-31,NLRTM,Rotterdam,CUMAR,Mariel,1,1,Nirint,1,3,2254.285714285714,270,894,1368,16,16,16,{16}
2024-03-31,NLRTM,Rotterdam,DEBRV,Bremerhaven,7,7,"APL; CMA CGM; COSCO; Ellerman; Evergreen Line; Hapag-Lloyd; Maersk Line; MSC; ONE; OOCL; SeaLand",11,65,64274.79696969697,5151.133333333333,4112,20568,1,2,4,"{2,4,1,1,2,2,1}"
2024-03-31,NLRTM,Rotterdam,DEHAM,Hamburg,16,16,"ACL-Atlantic Container Line; ANL; APL; CMA CGM; COSCO; Evergreen Line; Hamburg Sud; Hapag-Lloyd; Hyundai; MACS; Maersk Line; MSC; ONE; OOCL; SeaLand; Unifeeder; Yang Ming; ZIM",18,153,139730.2300207146,11965.695700378054,917,24136,0,1,3,"{1,1,0,2,1,1,2,2,1,1,1,2,1,1,1,3}"
2024-03-31,NLRTM,Rotterdam,ESBIO,Bilbao,2,2,"CMA CGM; COSCO; Evergreen Line; X-Press",4,4,1466.2857142857142,96.57142857142857,868,1528,2,2,2,"{2,2}"
2024-03-31,NLRTM,Rotterdam,ESCAD,Cadiz,1,1,Ellerman,1,2,919.5,215,803,1036,4,4,4,{4}
2024-03-31,NLRTM,Rotterdam,ESFRO,Ferrol,1,1,"CMA CGM",1,3,802.3333333333334,193.33333333333334,750,907,2,2,2,{2}
2024-03-31,NLRTM,Rotterdam,FIHEL,Helsinki,3,3,"APL; CMA CGM; ONE; OOCL; Unifeeder; X-Press; Yang Ming",7,6,3319.285714285714,835.8571428571429,1025,1400,3,4,4,"{4,3,4}"
2024-03-31,NLRTM,Rotterdam,FRDKK,Dunkirk,2,2,"BG Freight Line; CMA CGM",2,3,2239,524.5,868,1404,1,1,1,"{1,1}"
2024-03-31,NLRTM,Rotterdam,FRLEH,"Le Havre",2,2,"CMA CGM; Maersk Line; MSC",3,17,19168.08241758242,1222.7362637362637,1220,23656,1,1.5,2,"{2,1}"
2024-03-31,NLRTM,Rotterdam,GBBEL,Belfast,1,1,"BG Freight Line; CMA CGM",2,2,717.1428571428571,180.71428571428572,1004,1004,3,3,3,{3}
2024-03-31,NLRTM,Rotterdam,GBFXT,Felixstowe,6,6,"APL; BG Freight Line; CMA CGM; CNC Line-Cheng Lie Navigation Co. Ltd.; COSCO; Evergreen Line; Maersk Line; MSC; OOCL; SeaLand; Unifeeder",11,34,46445.17094017094,1497.5213675213674,809,24000,0,1,3,"{1,1,3,1,0,0}"
2024-03-31,NLRTM,Rotterdam,GBLGP,"London Gateway",7,7,"ANL; APL; CMA CGM; COSCO; Hapag-Lloyd; Maersk Line; Marfret; Marguisa; MSC; ONE; OOCL; SeaLand; Stinnes; Yang Ming",14,71,48375.582972582975,6752.248917748917,2256,12119,0,1,1,"{1,1,1,1,1,0,1}"
2024-03-31,NLRTM,Rotterdam,GBLIV,Liverpool,1,1,"BG Freight Line; CMA CGM",2,1,1004,253,1004,1004,3,3,3,{3}
2024-03-31,NLRTM,Rotterdam,GBSOU,Southampton,2,2,"BG Freight Line; CMA CGM; CNC Line-Cheng Lie Navigation Co. Ltd.; COSCO; Evergreen Line; Hapag-Lloyd; OOCL",7,15,22867.214285714286,2081.4285714285716,1004,23112,1,1.5,2,"{2,1}"
2024-03-31,NLRTM,Rotterdam,GBTEE,Teesport,2,2,"CMA CGM; Eimskip; Hapag-Lloyd",3,3,2526.5,582.5,750,1875,1,2.5,4,"{1,4}"
2024-03-31,NLRTM,Rotterdam,IEDUB,Dublin,5,5,"BG Freight Line; CMA CGM; COSCO; Eucon; Evergreen Line; Hapag-Lloyd; X-Press; Yang Ming",8,5,5248,898,804,1528,1,2,3,"{3,2,3,1,2}"
2024-03-31,NLRTM,Rotterdam,IEORK,Cork,1,1,"BG Freight Line; CMA CGM",2,1,902,170,902,902,2,2,2,{2}
2024-03-31,NLRTM,Rotterdam,LKCMB,Colombo,1,1,"CMA CGM; CNC Line-Cheng Lie Navigation Co. Ltd.; COSCO; Evergreen Line; OOCL",5,13,23356.615384615383,123.07692307692308,20150,24000,26,26,26,{26}
2024-03-31,NLRTM,Rotterdam,LTKLJ,"Klaipeda
",1,1,"CMA CGM",1,3,1400,372,1400,1400,4,4,4,{4}
2024-03-31,NLRTM,Rotterdam,LVRIX,Riga,1,1,"CMA CGM; COSCO; Evergreen Line; OOCL; Samskip; Unifeeder",6,2,1055,242.5,1025,1085,5,5,5,{5}
2024-03-31,NLRTM,Rotterdam,MYPKG,"Port Klang",1,1,"CMA CGM; CNC Line-Cheng Lie Navigation Co. Ltd.; COSCO; Evergreen Line; OOCL",5,15,17776.466666666667,1175.0666666666668,17292,20600,29,29,29,{29}
2024-03-31,NLRTM,Rotterdam,MYTPP,"Tanjung Pelepas",2,2,"APL; CMA CGM; CNC Line-Cheng Lie Navigation Co. Ltd.; COSCO; Evergreen Line; Maersk Line; MSC; OOCL; SeaLand",9,29,37581.8,1346.5142857142855,13806,20568,28,29,30,"{28,30}"
2024-03-31,NLRTM,Rotterdam,NOHAU,Haugesund,1,1,"CMA CGM; North Sea Container Line",2,2,862,219,862,862,4,4,4,{4}
2024-03-31,NLRTM,Rotterdam,NOMSS,Moss,1,1,"CMA CGM; COSCO; Evergreen Line; Hapag-Lloyd; OOCL; Unifeeder",6,1,822,150,822,822,2,2,2,{2}
2024-03-31,NLRTM,Rotterdam,NOOSL,Oslo,3,3,"CMA CGM; COSCO; Evergreen Line; Hapag-Lloyd; ONE; OOCL; Samskip; Unifeeder",8,3,2363,340,750,809,1,2,2,"{2,2,1}"
2024-03-31,NLRTM,Rotterdam,NOSVG,Stavanger,2,2,"APL; CMA CGM; North Sea Container Line",3,2,1522,320,660,862,2,2,2,"{2,2}"
2024-03-31,NLRTM,Rotterdam,PLGDY,"Gdynia Poland",2,2,"ONE; X-Press; Yang Ming",3,6,2454.25,442.25,809,1781,3,3,3,"{3,3}"
2024-03-31,NLRTM,Rotterdam,PTLEI,Leixoes,2,2,"CMA CGM; Evergreen Line; ONE; OOCL; X-Press; Yang Ming",6,6,2866.607142857143,547.1071428571429,1436,1809,2,3.5,5,"{2,5}"
2024-03-31,NLRTM,Rotterdam,PTSET,Setubal,1,1,"CMA CGM",1,2,916.5,178.5,877,956,3,3,3,{3}
2024-03-31,NLRTM,Rotterdam,SAKAC,"King Abdullah City",1,1,MSC,1,9,13011.333333333334,505.55555555555554,8034,14952,13,13,13,{13}
2024-03-31,NLRTM,Rotterdam,SEGOT,Gothenburg,2,2,"CMA CGM; COSCO; Evergreen Line; Maersk Line; OOCL; Unifeeder; X-Press; Yang Ming",8,2,1668,234,660,1008,2,3,4,"{4,2}"
2024-03-31,NLRTM,Rotterdam,SEOXE,Oxelosund,1,1,"SCA Logistics",1,3,36,,36,36,3,3,3,{3}
2024-03-31,NLRTM,Rotterdam,SGSIN,Singapore,1,1,"Hapag-Lloyd; Hyundai; ONE; Yang Ming",4,13,18733.53846153846,1115.3846153846155,14993,20150,25,25,25,{25}
2024-03-31,NLVLI,Flushing,BEANR,Antwerp,1,1,"CMA CGM",1,1,2000,,1000,1000,0,0,0,{0}
2024-03-31,NLVLI,Flushing,FRLEH,"Le Havre",1,1,"CMA CGM",1,6,4408,503.3333333333333,4253,4957,1,1,1,{1}
2024-03-31,NLVLI,Flushing,FRURO,Rouen,1,1,"Europe Caribbean Line; Seatrade",2,7,331.85714285714283,86.28571428571429,72,439,2,2,2,{2}
2024-03-31,NLVLI,Flushing,GBHUL,Hull,1,1,"Europe Caribbean Line",1,4,624.8571428571429,,336,450,0,0,0,{0}
2024-03-31,NLVLI,Flushing,GBPME,Portsmouth,1,1,"Geest Line; Seatrade; StreamLines",3,5,488.8,189.6,436,564,2,2,2,{2}
2024-03-31,NLVLI,Flushing,NLRTM,Rotterdam,1,1,"CMA CGM",1,2,916.5,178.5,877,956,1,1,1,{1}
2024-03-31,NOAES,Aalesund,DEBRV,Bremerhaven,2,2,"CMA CGM; Maersk Line; North Sea Container Line; SeaLand",4,2,1914,252,957,957,2,2,2,"{2,2}"
2024-03-31,NOBGO,Bergen,NOFRO,Floroe,1,1,"CMA CGM; North Sea Container Line",2,1,957,252,957,957,0,0,0,{0}
2024-03-31,NOBGO,Bergen,NOFUS,Fusa,1,1,"Maersk Line; SeaLand",2,1,957,,957,957,0,0,0,{0}
2024-03-31,NOBGO,Bergen,NOHAU,Haugesund,2,2,"APL; CMA CGM; North Sea Container Line",3,2,1522,320,660,862,0,0,0,"{0,0}"
2024-03-31,NOBVK,Brevik,BEANR,Antwerp,1,1,"MSC; WEC Lines",2,1,1118,220,1118,1118,1,1,1,{1}
2024-03-31,NOBVK,Brevik,DEHAM,Hamburg,1,1,"CMA CGM; Maersk Line; OOCL; SeaLand; Unifeeder",5,1,1008,238,1008,1008,2,2,2,{2}
2024-03-31,NOBVK,Brevik,NLRTM,Rotterdam,1,1,"CMA CGM; COSCO; Evergreen Line; Hapag-Lloyd; Samskip; Unifeeder",6,1,750,190,750,750,3,3,3,{3}
2024-03-31,NODRM,Drammen,NOOSL,Oslo,1,1,"CMA CGM; COSCO; Evergreen Line; Hapag-Lloyd; OOCL; Unifeeder",6,1,868,300,868,868,0,0,0,{0}
2024-03-31,NOEGE,Egersund,NOSVG,Stavanger,1,1,"Maersk Line; SeaLand",2,1,957,,957,957,0,0,0,{0}
2024-03-31,NOFRK,Fredrikstad,DEBRV,Bremerhaven,1,1,"CMA CGM; COSCO; OOCL; SeaLand; Unifeeder",5,1,868,150,868,868,1,1,1,{1}
2024-03-31,NOFRK,Fredrikstad,DKAAR,Aarhus,1,1,Eimskip,1,1,1750,460,875,875,2,2,2,{2}
2024-03-31,NOFRK,Fredrikstad,NLRTM,Rotterdam,1,1,"CMA CGM; COSCO; Evergreen Line; Hapag-Lloyd; OOCL; Unifeeder",6,1,822,150,822,822,2,2,2,{2}
2024-03-31,NOFRO,Floroe,DEHAM,Hamburg,1,1,"APL; CMA CGM; North Sea Container Line",3,1,660,116,660,660,2,2,2,{2}
2024-03-31,NOFRO,Floroe,NOGJM,Gjemnes,1,1,"CMA CGM",1,1,862,204,862,862,1,1,1,{1}
2024-03-31,NOFRO,Floroe,NOMAY,Maaloey,1,1,"CMA CGM; North Sea Container Line",2,1,957,252,957,957,0,0,0,{0}
2024-03-31,NOFUS,Fusa,NOMAY,Maaloey,1,1,"Maersk Line; SeaLand",2,1,957,,957,957,1,1,1,{1}
2024-03-31,NOGJM,Gjemnes,NLRTM,Rotterdam,1,1,"CMA CGM",1,1,862,204,862,862,2,2,2,{2}
2024-03-31,NOHAU,Haugesund,NOBGO,Bergen,1,1,"CMA CGM; North Sea Container Line",2,1,957,252,957,957,1,1,1,{1}
2024-03-31,NOHAU,Haugesund,NOFRO,Floroe,2,2,"APL; CMA CGM; North Sea Container Line",3,2,1522,320,660,862,1,1,1,"{1,1}"
2024-03-31,NOHAU,Haugesund,NOSVG,Stavanger,1,1,"CMA CGM; North Sea Container Line",2,2,862,219,862,862,0,0,0,{0}
2024-03-31,NOKRS,Kristiansand,DEBRV,Bremerhaven,1,1,"CMA CGM; COSCO; Evergreen Line; Hapag-Lloyd; OOCL; Unifeeder",6,1,868,300,868,868,2,2,2,{2}
2024-03-31,NOKRS,Kristiansand,NLRTM,Rotterdam,1,1,"CMA CGM; COSCO; Evergreen Line; Hapag-Lloyd; OOCL; Samskip; Unifeeder",7,1,809,150,809,809,2,2,2,{2}
2024-03-31,NOLAR,"Larvik ",NOFRK,Fredrikstad,1,1,"CMA CGM; COSCO; Evergreen Line; Hapag-Lloyd; OOCL; Unifeeder",6,1,822,150,822,822,1,1,1,{1}
2024-03-31,NOLAR,"Larvik ",NOKRS,Kristiansand,1,1,"CMA CGM; COSCO; Evergreen Line; Hapag-Lloyd; OOCL; Unifeeder",6,1,868,300,868,868,1,1,1,{1}
2024-03-31,NOLAR,"Larvik ",NOOSL,Oslo,1,1,"MSC; WEC Lines",2,1,1118,220,1118,1118,0,0,0,{0}
2024-03-31,NOMAY,Maaloey,NOAES,Aalesund,2,2,"CMA CGM; Maersk Line; North Sea Container Line; SeaLand",4,2,1914,252,957,957,0,0,0,"{0,0}"
2024-03-31,NOMSS,Moss,NOKRS,Kristiansand,1,1,"CMA CGM; COSCO; Evergreen Line; Hapag-Lloyd; OOCL; Samskip; Unifeeder",7,1,809,150,809,809,1,1,1,{1}
2024-03-31,NOMSS,Moss,NOLAR,"Larvik ",1,1,"CMA CGM; COSCO; Evergreen Line; Hapag-Lloyd; OOCL; Unifeeder",6,1,822,150,822,822,1,1,1,{1}
2024-03-31,NOMSS,Moss,NOOSL,Oslo,1,1,"CMA CGM; Maersk Line; OOCL; SeaLand; Unifeeder",5,1,1008,238,1008,1008,0,0,0,{0}
2024-03-31,NOOSL,Oslo,DKAAR,Aarhus,1,1,"CMA CGM; Evergreen Line; Hapag-Lloyd; ONE; OOCL; Unifeeder",6,1,804,,804,804,0,0,0,{0}
2024-03-31,NOOSL,Oslo,NOBVK,Brevik,3,3,"CMA CGM; COSCO; Evergreen Line; Hapag-Lloyd; Maersk Line; MSC; OOCL; Samskip; SeaLand; Unifeeder; WEC Lines",11,3,2876,648,750,1118,0,1,1,"{0,1,1}"
2024-03-31,NOOSL,Oslo,NOLAR,"Larvik ",1,1,"CMA CGM; COSCO; Evergreen Line; Hapag-Lloyd; OOCL; Unifeeder",6,1,868,300,868,868,1,1,1,{1}
2024-03-31,NOOSL,Oslo,NOMSS,Moss,1,1,"CMA CGM; COSCO; Evergreen Line; Hapag-Lloyd; OOCL; Samskip; Unifeeder",7,1,809,150,809,809,0,0,0,{0}
2024-03-31,NOSVG,Stavanger,NLRTM,Rotterdam,1,1,"CMA CGM; North Sea Container Line",2,2,862,219,862,862,10,10,10,{10}
2024-03-31,NOSVG,Stavanger,NOBGO,Bergen,3,3,"APL; CMA CGM; Maersk Line; North Sea Container Line; SeaLand",5,3,2479,320,660,957,1,1,1,"{1,1,1}"
2024-03-31,NOSVG,Stavanger,NOHAU,Haugesund,1,1,"CMA CGM; North Sea Container Line",2,1,957,252,957,957,0,0,0,{0}
2024-03-31,NZAKL,Auckland,AUBNE,Brisbane,2,2,"MSC; NPDL; PFL; ZIM",4,10,6746.047619047618,877.8571428571429,1713,5059,4,15,26,"{26,4}"
2024-03-31,NZAKL,Auckland,AUSYD,Sydney,1,1,"ANL; APL; CMA CGM; Hapag-Lloyd; Maersk Line; MSC; SeaLand",7,11,4519.454545454545,408.2727272727273,3884,5466,3,3,3,{3}
2024-03-31,NZAKL,Auckland,FJSUV,Suva,1,1,"ANL; NPDL",2,1,2204,440,1102,1102,3,3,3,{3}
2024-03-31,NZAKL,Auckland,NCNOU,Noumea,3,3,"ANL; CMA CGM; NPDL",3,3,14493.714285714286,2098.5714285714284,519,1402,2,3,15,"{15,2,3}"
2024-03-31,NZAKL,Auckland,NZLYT,Lyttelton,3,3,"ANL; APL; CMA CGM; COSCO; Maersk Line; ONE; OOCL; PIL; SeaLand",9,20,13391.333333333332,1764.5476190476193,4211,5920,2,2,2,"{2,2,2}"
2024-03-31,NZAKL,Auckland,NZNSN,Nelson,2,2,"Maersk Line; MSC; SeaLand; ZIM",4,13,5482,1028.6666666666665,1762,4800,2,2.5,3,"{2,3}"
2024-03-31,NZAKL,Auckland,NZPOE,"Port Chalmers",1,1,"ANL; CMA CGM",2,4,2294.5,390.5,1930,2702,3,3,3,{3}
2024-03-31,NZAKL,Auckland,NZTIU,Timaru,1,1,"Swire Shipping",1,3,8328,,2082,2082,2,2,2,{2}
2024-03-31,NZAKL,Auckland,NZTRG,Tauranga,2,2,"COSCO; OOCL; Swire Shipping",3,4,4500,300.8571428571429,665,1102,0,0.5,1,"{1,0}"
2024-03-31,NZAKL,Auckland,PFPPT,"Papeete, Tahiti",1,1,NPDL,1,1,3620.8571428571427,722.8571428571429,1102,1102,10,10,10,{10}
2024-03-31,NZAKL,Auckland,WSAPW,"Apia, W. Samoa",1,1,"ANL; NPDL; PIL",3,3,3695,555,1713,1730,15,15,15,{15}
2024-03-31,NZBLU,Bluff,NZNPE,Napier,1,1,"MSC; ZIM",2,7,3543.714285714286,396.85714285714283,2475,5059,2,2,2,{2}
2024-03-31,NZLYT,Lyttelton,NZNPE,Napier,1,1,"COSCO; Maersk Line; ONE; OOCL; SeaLand",5,7,4169,637.2857142857143,4255,5301,1,1,1,{1}
2024-03-31,NZLYT,Lyttelton,NZNSN,Nelson,1,1,"ANL; CMA CGM",2,4,2294.5,390.5,1930,2702,2,2,2,{2}
2024-03-31,NZLYT,Lyttelton,NZPOE,"Port Chalmers",2,2,"Maersk Line; MSC; ONE; ZIM",4,16,9356.428571428572,1878.095238095238,2478,6881,1,1.5,2,"{2,1}"
2024-03-31,NZLYT,Lyttelton,NZWLG,Wellington,2,2,"ANL; APL; CMA CGM; COSCO; OOCL; PIL",6,13,9222.333333333332,1127.2619047619048,4211,5920,1,1,1,"{1,1}"
2024-03-31,NZMAP,"Marsden Point",NCNOU,Noumea,1,1,"Swire Shipping",1,3,8328,,2082,2082,3,3,3,{3}
2024-03-31,NZNPE,Napier,NZLYT,Lyttelton,1,1,"Maersk Line; ONE",2,7,6044.428571428572,1329.4285714285713,5905,6881,2,2,2,{2}
2024-03-31,NZNPE,Napier,NZTRG,Tauranga,5,5,"ANL; APL; CMA CGM; COSCO; Maersk Line; MSC; ONE; OOCL; PIL; SeaLand; ZIM",11,31,19229.54761904762,2551.904761904762,1930,5920,0,1,1,"{1,0,1,1,1}"
2024-03-31,NZNSN,Nelson,NZNPE,Napier,1,1,"ANL; CMA CGM",2,4,2294.5,390.5,1930,2702,1,1,1,{1}
2024-03-31,NZNSN,Nelson,NZTIU,Timaru,1,1,"Maersk Line; SeaLand",2,4,2170,480,1762,2824,2,2,2,{2}
2024-03-31,NZNSN,Nelson,NZWLG,Wellington,1,1,"MSC; ZIM",2,9,3312,548.6666666666666,2478,4800,0,0,0,{0}
2024-03-31,NZPOE,"Port Chalmers",AUBNE,Brisbane,1,1,"MSC; ZIM",2,9,3312,548.6666666666666,2478,4800,6,6,6,{6}
2024-03-31,NZPOE,"Port Chalmers",AUMEL,Melbourne,1,1,"Maersk Line; SeaLand",2,4,2170,480,1762,2824,4,4,4,{4}
2024-03-31,NZPOE,"Port Chalmers",MYTPP,"Tanjung Pelepas",1,1,"Maersk Line; ONE",2,7,6044.428571428572,1329.4285714285713,5905,6881,17,17,17,{17}
2024-03-31,NZPOE,"Port Chalmers",NZLYT,Lyttelton,1,1,"ANL; CMA CGM",2,4,2294.5,390.5,1930,2702,0,0,0,{0}
2024-03-31,NZPOE,"Port Chalmers",NZTRG,Tauranga,1,1,"Hapag-Lloyd; Maersk Line; MSC; SeaLand",4,8,3401.625,817,3078,3752,3,3,3,{3}
2024-03-31,NZTIU,Timaru,NZPOE,"Port Chalmers",1,1,"Maersk Line; SeaLand",2,4,2170,480,1762,2824,1,1,1,{1}
2024-03-31,NZTIU,Timaru,NZTRG,Tauranga,1,1,"Swire Shipping",1,3,8328,,2082,2082,2,2,2,{2}
2024-03-31,NZTRG,Tauranga,AUBNE,Brisbane,1,1,"Hapag-Lloyd; Maersk Line; MSC; SeaLand",4,8,3401.625,817,3078,3752,5,5,5,{5}
2024-03-31,NZTRG,Tauranga,AUMEL,Melbourne,2,2,"COSCO; OOCL; Swire Shipping",3,4,4500,300.8571428571429,665,1102,5,6.5,8,"{8,5}"
2024-03-31,NZTRG,Tauranga,AUSYD,Sydney,1,1,"ANL; CMA CGM",2,4,2294.5,390.5,1930,2702,4,4,4,{4}
2024-03-31,NZTRG,Tauranga,HKHKG,"Hong Kong",1,1,"ANL; APL; CMA CGM; COSCO; OOCL; PIL",6,7,4531,567.4285714285714,4211,5920,14,14,14,{14}
2024-03-31,NZTRG,Tauranga,JPTYO,Tokyo,1,1,"COSCO; Maersk Line; ONE; OOCL; SeaLand",5,7,4169,637.2857142857143,4255,5301,13,13,13,{13}
2024-03-31,NZTRG,Tauranga,MYPKG,"Port Klang",1,1,"ANL; APL; CMA CGM; COSCO; OOCL; PIL",6,6,4691.333333333333,559.8333333333334,4250,5250,16,16,16,{16}
2024-03-31,NZTRG,Tauranga,NZAKL,Auckland,4,4,"ANL; CMA CGM; MSC; NPDL; ZIM",5,10,17646.428571428572,2935.4285714285716,1037,5059,0,2,3,"{2,0,2,3}"
2024-03-31,NZTRG,Tauranga,NZMAP,"Marsden Point",1,1,"Swire Shipping",1,3,8328,,2082,2082,0,0,0,{0}
2024-03-31,NZTRG,Tauranga,NZNPE,Napier,1,1,"Maersk Line; ONE",2,7,6044.428571428572,1329.4285714285713,5905,6881,1,1,1,{1}
2024-03-31,NZTRG,Tauranga,PABLB,Balboa,1,1,"Hapag-Lloyd; Maersk Line; MSC; SeaLand",4,8,3401.625,817,3078,3752,15,15,15,{15}
2024-03-31,NZTRG,Tauranga,PAMIT,Manzanillo,1,1,"ANL; APL; CMA CGM; Marfret",4,14,2410.714285714286,653.1428571428571,2256,2713,16,16,16,{16}
2024-03-31,NZTRG,Tauranga,PFPPT,"Papeete, Tahiti",1,1,"ANL; APL; CMA CGM; Hapag-Lloyd; Maersk Line; MSC; SeaLand",7,11,4519.454545454545,408.2727272727273,3884,5466,5,5,5,{5}
2024-03-31,NZWLG,Wellington,NZLYT,Lyttelton,1,1,"MSC; ZIM",2,9,3312,548.6666666666666,2478,4800,1,1,1,{1}
2024-03-31,NZWLG,Wellington,NZNPE,Napier,2,2,"ANL; APL; CMA CGM; COSCO; OOCL; PIL",6,13,9222.333333333332,1127.2619047619048,4211,5920,1,1,1,"{1,1}"
2024-03-31,OMSLL,Salalah,AEJEA,"Dubai, Jebel Ali",2,2,"APL; CMA CGM; Maersk Line; SeaLand",4,23,16070.484126984124,1456.1587301587301,4253,10500,3,3,3,"{3,3}"
2024-03-31,OMSLL,Salalah,ESALG,Algeciras,2,2,"APL; CMA CGM; Maersk Line; SeaLand",4,23,13572.150793650795,791.6031746031746,4253,7849,10,17,24,"{24,10}"
2024-03-31,OMSLL,Salalah,INNSA,"Mumbai (Nhava Sheva)",1,1,"Maersk Line; SeaLand",2,4,4633.5,225,4496,4771,5,5,5,{5}
2024-03-31,OMSLL,Salalah,KEMBA,Mombasa,1,1,"Maersk Line; SeaLand",2,4,4633.5,225,4496,4771,5,5,5,{5}
2024-03-31,OMSLL,Salalah,LKCMB,Colombo,1,1,"Maersk Line; SeaLand",2,9,7325.2222222222235,268.8888888888889,6802,7849,5,5,5,{5}
2024-03-31,OMSLL,Salalah,REREU,Reunion,1,1,"Maersk Line",1,4,2488,425,2450,2546,7,7,7,{7}
2024-03-31,OMSLL,Salalah,SAJED,Jeddah,1,1,MSC,1,9,13011.333333333334,505.55555555555554,8034,14952,3,3,3,{3}
2024-03-31,OMSLL,Salalah,SOBBO,Berbera,1,1,"CMA CGM; Global Feeder Shipping; Hapag-Lloyd",3,3,2066.6666666666665,256.6666666666667,1613,2452,2,2,2,{2}
2024-03-31,OMSLL,Salalah,USNYC,"New York NY/NJ",1,1,"Maersk Line; MSC; ZIM",3,12,9045.333333333334,859.1666666666666,7846,9962,25,25,25,{25}
2024-03-31,OMSOH,Sohar,AEAUH,"Abu Dhabi",1,1,"CMA CGM",1,2,2544,,2544,2544,2,2,2,{2}
2024-03-31,OMSOH,Sohar,AEJEA,"Dubai, Jebel Ali",1,1,"Global Feeder Shipping; Maersk Line; SeaLand",3,2,2913.5,493,2824,3003,1,1,1,{1}
2024-03-31,OMSOH,Sohar,INMUN,Mundra,1,1,"CMA CGM; Feedertech; Hapag-Lloyd; ONE; X-Press",5,2,4191,450,4132,4250,2,2,2,{2}
2024-03-31,OMSOH,Sohar,INNSA,"Mumbai (Nhava Sheva)",1,1,"COSCO; OOCL",2,3,2038,221,1714,2200,4,4,4,{4}
2024-03-31,OMSOH,Sohar,MYPKG,"Port Klang",2,2,"Emirates Shipping; Evergreen Line; Global Feeder Shipping; Hapag-Lloyd; Hyundai; KMTC; ONE; PIL; RCL; Yang Ming",10,16,21999.825396825396,1833.7460317460318,6540,16010,9,9.5,10,"{10,9}"
2024-03-31,OMSOH,Sohar,PKKHI,Karachi,1,1,"CMA CGM",1,2,2544,,2544,2544,2,2,2,{2}
2024-03-31,OMSOH,Sohar,SGSIN,Singapore,1,1,"CMA CGM; CNC Line-Cheng Lie Navigation Co. Ltd.; COSCO; Evergreen Line; OOCL",5,7,10978.142857142857,898.5714285714286,9452,12917,9,9,9,{9}
2024-03-31,PABLB,Balboa,CLARI,Arica,1,1,"Maersk Line; SeaLand",2,4,3947,1000,3947,3947,6,6,6,{6}
2024-03-31,PABLB,Balboa,CNXMN,Xiamen,1,1,"Maersk Line; MSC; ZIM",3,11,8738.636363636364,797.2727272727273,8189,9178,28,28,28,{28}
2024-03-31,PABLB,Balboa,COBUN,Buenaventura,3,3,"APL; CMA CGM; COSCO; Evergreen Line; King Ocean; Maersk Line; ONE; OOCL; PIL; SeaLand; Wan Hai; X-Press; ZIM",13,15,14033,1699,1341,14074,1,2,2,"{2,2,1}"
2024-03-31,PABLB,Balboa,CRCAL,"Puerto Caldera",3,3,"APL; CMA CGM; COSCO; Evergreen Line; Maersk Line; ONE; OOCL; SeaLand; X-Press; ZIM",10,12,7427.25,1428.8333333333333,1402,3500,2,2,3,"{2,2,3}"
2024-03-31,PABLB,Balboa,ECPBO,"Puerto Bolivar EC",1,1,"Maersk Line; SeaLand",2,9,4210.666666666667,1103,4045,4258,2,2,2,{2}
2024-03-31,PABLB,Balboa,MXZLO,"Manzanillo, MEX",1,1,"Maersk Line; SeaLand",2,10,13005.3,697,9000,15413,5,5,5,{5}
2024-03-31,PABLB,Balboa,NZTRG,Tauranga,1,1,"Hapag-Lloyd; Maersk Line; MSC; SeaLand",4,8,3401.625,817,3078,3752,17,17,17,{17}
2024-03-31,PABLB,Balboa,PAMIT,Manzanillo,3,3,"CMA CGM; CNC Line-Cheng Lie Navigation Co. Ltd.; COSCO; Hapag-Lloyd; Maersk Line; OOCL; SeaLand",7,29,17922.625,2819.5,3075,11388,0,1,1,"{1,0,1}"
2024-03-31,PABLB,Balboa,PAROD,Rodman,1,1,"APL; CMA CGM; Maersk Line; SeaLand",4,3,2546,536,2546,2546,1,1,1,{1}
2024-03-31,PABLB,Balboa,PECLL,Callao,1,1,"Maersk Line; SeaLand",2,8,3486.875,841.5,3075,5301,3,3,3,{3}
2024-03-31,PACTB,Cristobal,CNSHA,Shanghai,1,1,"Hapag-Lloyd; Wan Hai",2,12,11481.75,467.5,6350,13806,30,30,30,{30}
2024-03-31,PACTB,Cristobal,COCTG,Cartagena,3,3,"Hamburg Sud; Maersk Line; MSC; SeaLand; ZIM",5,10,15181.125,2273.625,2122,6750,1,1,1,"{1,1,1}"
2024-03-31,PACTB,Cristobal,CRMOB,Moin,2,2,"Ellerman; MSC; ZIM",3,14,7047.69696969697,1548.6666666666667,1118,13102,1,1.5,2,"{1,2}"
2024-03-31,PACTB,Cristobal,DOCAU,Caucedo,3,3,"MSC; ZIM",2,30,29207.431313131314,2778.4414141414145,4953,15294,2,2,3,"{2,2,3}"
2024-03-31,PACTB,Cristobal,HNPCR,"Puerto Cortes",1,1,"Maersk Line; MSC; SeaLand",3,3,2569.6666666666665,528.6666666666666,2339,2824,2,2,2,{2}
2024-03-31,PACTB,Cristobal,ITGIT,"Gioia Tauro",1,1,MSC,1,15,9291.866666666667,790.4,8386,12119,16,16,16,{16}
2024-03-31,PACTB,Cristobal,MXVER,Veracruz,1,1,"Hamburg Sud; Maersk Line; MSC; SeaLand; ZIM",5,8,5957.125,733.625,5527,6750,4,4,4,{4}
2024-03-31,PACTB,Cristobal,PAMIT,Manzanillo,1,1,"MSC; ONE; ZIM",3,4,2936.25,459.25,2510,3649,3,3,3,{3}
2024-03-31,PACTB,Cristobal,PAROD,Rodman,1,1,MSC,1,9,11515.222222222223,1541.7777777777778,9400,12119,0,0,0,{0}
2024-03-31,PACTB,Cristobal,USSAV,"Savannah GA",1,1,"Maersk Line; MSC; SeaLand; ZIM",4,12,8274.5,647.0833333333334,6730,9400,4,4,4,{4}
2024-03-31,PAMIT,Manzanillo,BEANR,Antwerp,1,1,"Maersk Line; SeaLand",2,8,3486.875,841.5,3075,5301,13,13,13,{13}
2024-03-31,PAMIT,Manzanillo,BRMCP,Macapa,1,1,"CMA CGM; COSCO",2,4,3321,375,2954,3534,7,7,7,{7}
2024-03-31,PAMIT,Manzanillo,COBAQ,Barranquilla,1,1,"APL; Caribbean Feeder; CMA CGM; COSCO; Hapag-Lloyd; OOCL; Seaboard Marine; X-Press; ZIM",9,3,968.3333333333334,208.33333333333334,877,1020,2,2,2,{2}
2024-03-31,PAMIT,Manzanillo,COBUN,Buenaventura,2,2,"CMA CGM; COSCO; Hapag-Lloyd; Maersk Line; OOCL; SeaLand",6,19,14395.866666666669,2605,4045,11519,2,2.5,3,"{3,2}"
2024-03-31,PAMIT,Manzanillo,COCTG,Cartagena,4,4,"CMA CGM; CNC Line-Cheng Lie Navigation Co. Ltd.; COSCO; Evergreen Line; Hapag-Lloyd; Maersk Line; MSC; OOCL; SeaLand",9,25,29002.283333333333,3677,2529,11519,1,1,2,"{1,2,1,1}"
2024-03-31,PAMIT,Manzanillo,COSMR,"Santa Marta",1,1,"COSCO; OOCL; Seaboard Marine; X-Press; ZIM",5,2,1040.5,196,1020,1061,1,1,1,{1}
2024-03-31,PAMIT,Manzanillo,COTRB,Turbo,1,1,"CMA CGM",1,1,1841,462,1841,1841,2,2,2,{2}
2024-03-31,PAMIT,Manzanillo,CRLIO,"Puerto Limon",1,1,Hapag-Lloyd,1,8,2728.125,569.75,2586,2837,0,0,0,{0}
2024-03-31,PAMIT,Manzanillo,CRMOB,Moin,3,3,"Crowley; King Ocean; Maersk Line; Seaboard Marine; SeaLand",5,12,7804.714285714286,1891.4285714285716,1284,3947,0,1,2,"{0,1,2}"
2024-03-31,PAMIT,Manzanillo,ECGYE,Guayaquil,1,1,"Seaboard Marine",1,3,1816,408.6666666666667,1732,1875,2,2,2,{2}
2024-03-31,PAMIT,Manzanillo,HNPCR,"Puerto Cortes",1,1,"Maersk Line; MSC; SeaLand",3,4,2508,484,2478,2546,3,3,3,{3}
2024-03-31,PAMIT,Manzanillo,JMKIN,Kingston,1,1,"Caribbean Feeder; Hapag-Lloyd; Maersk Line; SeaLand; ZIM",5,3,1782.6666666666667,316.6666666666667,1730,1809,2,2,2,{2}
2024-03-31,PAMIT,Manzanillo,MAPTM,Tanger,1,1,"Maersk Line; SeaLand",2,9,4210.666666666667,1103,4045,4258,11,11,11,{11}
2024-03-31,PAMIT,Manzanillo,PABLB,Balboa,1,1,"Maersk Line; SeaLand",2,8,3486.875,841.5,3075,5301,2,2,2,{2}
2024-03-31,PAMIT,Manzanillo,PACTB,Cristobal,3,3,"Maersk Line; MSC; SeaLand",3,5,11793.666666666666,2068.6666666666665,2122,2824,0,1,1,"{1,0,1}"
2024-03-31,PAMIT,Manzanillo,PAONX,Colon,2,2,"COSCO; Evergreen Line; Maersk Line; SeaLand",4,2,2906,499,1118,1788,1,1,1,"{1,1}"
2024-03-31,PAMIT,Manzanillo,PAPAM,Almirante,1,1,"Great White Fleet",1,3,1841,462,1841,1841,1,1,1,{1}
2024-03-31,PAMIT,Manzanillo,TTPOS,"Port of Spain",1,1,"MSC; ONE; ZIM",3,4,2936.25,459.25,2510,3649,1,1,1,{1}
2024-03-31,PAMIT,Manzanillo,USMIA,"Miami FL",1,1,"Seaboard Marine",1,3,1816,408.6666666666667,1732,1875,3,3,3,{3}
2024-03-31,PAMIT,Manzanillo,USPEF,"Port Everglades FL",1,1,"APL; CMA CGM; Hapag-Lloyd; Maersk Line; SeaLand",5,3,4152.333333333333,706.6666666666666,3947,4255,5,5,5,{5}
2024-03-31,PAMIT,Manzanillo,USPHL,"Philadelphia PA",2,2,"Hapag-Lloyd; Maersk Line; MSC; Seaboard Marine; SeaLand",5,6,6105.333333333334,1273.3333333333335,2526,3752,5,5,5,"{5,5}"
2024-03-31,PAMIT,Manzanillo,USSAV,"Savannah GA",1,1,"ANL; APL; CMA CGM; Marfret",4,14,2410.714285714286,653.1428571428571,2256,2713,3,3,3,{3}
2024-03-31,PAONX,Colon,CNTAO,Qingdao,1,1,"APL; CMA CGM; COSCO; Evergreen Line; OOCL",5,11,12138,509.6363636363636,11000,13806,24,24,24,{24}
2024-03-31,PAONX,Colon,COBAQ,Barranquilla,1,1,"Evergreen Line; Maersk Line; SeaLand",3,1,1118,220,1118,1118,1,1,1,{1}
2024-03-31,PAONX,Colon,JMKIN,Kingston,1,1,"COSCO; Evergreen Line; Maersk Line",3,1,1788,279,1788,1788,2,2,2,{2}
2024-03-31,PAONX,Colon,PACTB,Cristobal,3,3,"MSC; ZIM",2,34,27305.388888888887,2779.477777777778,5550,12119,0,0,0,"{0,0,0}"
2024-03-31,PAONX,Colon,PAMIT,Manzanillo,1,1,"Evergreen Line; Maersk Line; MSC; SeaLand",4,2,3534,500,3534,3534,1,1,1,{1}
2024-03-31,PAONX,Colon,USNYC,"New York NY/NJ",1,1,"APL; CMA CGM; COSCO; Evergreen Line; OOCL",5,11,13301.545454545454,800,13092,13500,5,5,5,{5}
2024-03-31,PAONX,Colon,USSAV,"Savannah GA",2,2,"APL; CMA CGM; COSCO; Evergreen Line; OOCL",5,24,26144.30769230769,1340.4055944055945,11000,15372,4,4.5,5,"{4,5}"
2024-03-31,PAPAM,Almirante,GTPBR,"Puerto Barrios",1,1,"Great White Fleet",1,3,1841,462,1841,1841,2,2,2,{2}
2024-03-31,PAROD,Rodman,COBUN,Buenaventura,2,2,"Hapag-Lloyd; Hyundai; MSC; ONE",4,23,25585.793650793654,2665.563492063492,9400,16520,1,1.5,2,"{1,2}"
2024-03-31,PAROD,Rodman,COCTG,Cartagena,1,1,"CMA CGM; Hapag-Lloyd; ONE; Yang Ming",4,11,4908.545454545455,330,4882,5014,2,2,2,{2}
2024-03-31,PAROD,Rodman,ECGYE,Guayaquil,1,1,"Ellerman; MSC",2,11,5504.363636363637,1242,4112,13102,2,2,2,{2}
2024-03-31,PAROD,Rodman,KRPUS,Busan,1,1,"Maersk Line; MSC; SeaLand; ZIM",4,11,6064.636363636363,554.0909090909091,5248,6750,24,24,24,{24}
2024-03-31,PAROD,Rodman,MXLZC,"Lazaro Cardenas",1,1,"Hapag-Lloyd; Hyundai; MSC; ONE",4,12,10064,1085,8553,13000,5,5,5,{5}
2024-03-31,PAROD,Rodman,MXZLO,"Manzanillo, MEX",1,1,MSC,1,15,9291.866666666667,790.4,8386,12119,5,5,5,{5}
2024-03-31,PAROD,Rodman,NICIO,Corinto,1,1,"APL; CMA CGM; Maersk Line; SeaLand",4,3,2546,536,2546,2546,2,2,2,{2}
2024-03-31,PAROD,Rodman,PABLB,Balboa,1,1,"Maersk Line; SeaLand",2,2,3003,400,3003,3003,1,1,1,{1}
2024-03-31,PAROD,Rodman,PACTB,Cristobal,1,1,MSC,1,9,11515.222222222223,1541.7777777777778,9400,12119,0,0,0,{0}
2024-03-31,PAROD,Rodman,PAONX,Colon,1,1,MSC,1,15,9291.866666666667,790.4,8386,12119,1,1,1,{1}
2024-03-31,PAROD,Rodman,USLAX,"Los Angeles CA",1,1,"CMA CGM; Hapag-Lloyd; ONE; Yang Ming",4,11,4908.545454545455,330,4882,5014,7,7,7,{7}
2024-03-31,PECLL,Callao,CLANF,Antofagasta,1,1,Hapag-Lloyd,1,2,1781,250,1781,1781,3,3,3,{3}
2024-03-31,PECLL,Callao,CLARI,Arica,1,1,"APL; CMA CGM; COSCO; ONE; X-Press",5,1,3372,660,1686,1686,3,3,3,{3}
2024-03-31,PECLL,Callao,CLIQQ,Iquique,1,1,"Hapag-Lloyd; Hyundai; MSC; ONE",4,12,12067.333333333334,1396.0833333333333,9326,13312,2,2,2,{2}
2024-03-31,PECLL,Callao,CLLQN,Lirquen,1,1,ZIM,1,6,1546.6666666666667,381.6666666666667,1296,1740,6,6,6,{6}
2024-03-31,PECLL,Callao,CLSAI,"San Antonio",7,7,"APL; CMA CGM; COSCO; Evergreen Line; Hapag-Lloyd; Hyundai; Maersk Line; MSC; ONE; OOCL; PIL; Wan Hai; ZIM",13,71,61582.884559884566,6511.1331890331885,1064,16520,3,4,5,"{4,3,4,4,3,4,5}"
2024-03-31,PECLL,Callao,CLVAP,Valparaiso,2,2,"Maersk Line; PIL; SeaLand; Wan Hai; Yang Ming",5,18,7030.575,1076.5,3075,5512,4,4,4,"{4,4}"
2024-03-31,PECLL,Callao,ECGYE,Guayaquil,4,4,"CMA CGM; COSCO; Evergreen Line; Hamburg Sud; Hapag-Lloyd; Hyundai; Maersk Line; MSC; ONE; PIL; SeaLand; Wan Hai; Yang Ming",13,36,26354.805194805194,2655.3593073593074,1064,13216,2,2,2,"{2,2,2,2}"
2024-03-31,PECLL,Callao,ECPSJ,"Puerto de Posorja",2,2,"APL; CMA CGM; CNC Line-Cheng Lie Navigation Co. Ltd.; COSCO; Evergreen Line; Hapag-Lloyd; Maersk Line; OOCL",8,22,25392.033333333333,2518.6666666666665,9010,16020,2,3.5,5,"{5,2}"
2024-03-31,PECLL,Callao,MXZLO,"Manzanillo, MEX",1,1,"Hapag-Lloyd; Hyundai; MSC; ONE",4,14,14070.57142857143,1123.7857142857142,10100,16520,7,7,7,{7}
2024-03-31,PECLL,Callao,PABLB,Balboa,1,1,"Maersk Line; SeaLand",2,4,3947,1000,3947,3947,4,4,4,{4}
2024-03-31,PECLL,Callao,PAROD,Rodman,1,1,MSC,1,9,11515.222222222223,1541.7777777777778,9400,12119,4,4,4,{4}
2024-03-31,PECLL,Callao,PEPAI,Paita,4,4,"COSCO; King Ocean; Maersk Line; ONE; Seaboard Marine; SeaLand; X-Press; ZIM",8,13,7706.666666666667,1621.3333333333335,1296,3003,1,1,2,"{2,1,1,1}"
2024-03-31,PEPAI,Paita,ECGYE,Guayaquil,3,3,"COSCO; King Ocean; ONE; Seaboard Marine; X-Press; ZIM",6,11,4703.666666666667,1221.3333333333335,1296,1875,1,1,2,"{1,2,1}"
2024-03-31,PEPAI,Paita,ECPSJ,"Puerto de Posorja",2,2,"APL; CMA CGM; COSCO; Hapag-Lloyd; Marfret; Marguisa",6,17,9598.236111111111,1947.0833333333333,2586,6927,1,1,1,"{1,1}"
2024-03-31,PEPAI,Paita,GBDVR,Dover,1,1,"Europe Caribbean Line; Seatrade",2,7,331.85714285714283,86.28571428571429,72,439,15,15,15,{15}
2024-03-31,PEPAI,Paita,PACTB,Cristobal,1,1,"Ellerman; MSC",2,11,5504.363636363637,1242,4112,13102,4,4,4,{4}
2024-03-31,PEPAI,Paita,PAROD,Rodman,1,1,"Maersk Line; SeaLand",2,2,3003,400,3003,3003,2,2,2,{2}
2024-03-31,PFPPT,"Papeete, Tahiti",KITRW,Tarawa,1,1,"Kyowa; NYK Bulk and Projects",2,2,3768,,914,970,9,9,9,{9}
2024-03-31,PFPPT,"Papeete, Tahiti",KRPUS,Busan,1,1,"Kyowa; NYK Bulk and Projects",2,2,4037.1428571428573,,914,970,24,24,24,{24}
2024-03-31,PFPPT,"Papeete, Tahiti",NCNOU,Noumea,1,1,"ANL; APL; CMA CGM; Marfret",4,14,2410.714285714286,653.1428571428571,2256,2713,10,10,10,{10}
2024-03-31,PFPPT,"Papeete, Tahiti",NZAKL,Auckland,1,1,NPDL,1,1,3620.8571428571427,722.8571428571429,1102,1102,13,13,13,{13}
2024-03-31,PFPPT,"Papeete, Tahiti",USSEA,"Seattle WA",1,1,"ANL; APL; CMA CGM; Hapag-Lloyd; Maersk Line; MSC; SeaLand",7,11,4519.454545454545,408.2727272727273,3884,5466,15,15,15,{15}
2024-03-31,PFPPT,"Papeete, Tahiti",WSAPW,"Apia, W. Samoa",1,1,"Maersk Line; Matson; Swire Shipping",3,2,4744.571428571428,882.1428571428571,1740,1756,8,8,8,{8}
2024-03-31,PGKIM,Kimbe,PGRAB,Rabaul,1,1,"ANL; CMA CGM",2,1,4888.714285714285,848.5714285714286,1037,1037,1,1,1,{1}
2024-03-31,PGLAE,Lae,NCNOU,Noumea,2,2,"Carpenters Shipping; Swire Shipping",2,6,9820.809523809523,1347.1904761904761,1678,2381,4,4.5,5,"{4,5}"
2024-03-31,PGLAE,Lae,PGKIM,Kimbe,1,1,"ANL; CMA CGM",2,1,4888.714285714285,848.5714285714286,1037,1037,1,1,1,{1}
2024-03-31,PGLAE,Lae,PGMAG,Madang,2,2,"Carpenters Shipping; Maersk Line; SeaLand; Swire Shipping",4,5,8068.666666666666,1443.4285714285713,1068,2381,1,2,3,"{1,3}"
2024-03-31,PGLAE,Lae,PGPOM,"Port Moresby",2,2,"MELL; PIL; Swire Shipping",3,6,13861.333333333332,378.6666666666667,2082,2800,2,3.5,5,"{2,5}"
2024-03-31,PGLAE,Lae,PGRAB,Rabaul,3,3,"ANL; CMA CGM; Kyowa",3,5,19292.95238095238,2728.5714285714284,403,1740,1,1,2,"{2,1,1}"
2024-03-31,PGLAE,Lae,SBHIR,Honiara,2,2,"ANL; CMA CGM; COSCO; MELL; NPDL; PIL",6,4,9170,1650,1080,1402,3,4,5,"{5,3}"
2024-03-31,PGMAG,Madang,MYPKG,"Port Klang",2,2,"Carpenters Shipping; Swire Shipping",2,6,9820.809523809523,1347.1904761904761,1678,2381,9,11,13,"{9,13}"
2024-03-31,PGMAG,Madang,MYTPP,"Tanjung Pelepas",1,1,"Maersk Line; SeaLand",2,2,3219.1428571428573,629.7142857142857,1068,1304,11,11,11,{11}
2024-03-31,PGMAG,Madang,PGLAE,Lae,1,1,"ANL; CMA CGM",2,1,8658,1057.142857142857,1638,1638,0,0,0,{0}
2024-03-31,PGPOM,"Port Moresby",AUTSV,Townsville,4,4,"ANL; CMA CGM; Kyowa; MELL; PIL; Swire Shipping",6,8,24826.285714285714,3107.2380952380954,403,2800,2,2,5,"{2,5,2,2}"
2024-03-31,PGPOM,"Port Moresby",NCNOU,Noumea,1,1,"Swire Shipping",1,3,8328,,2082,2082,4,4,4,{4}
2024-03-31,PGPOM,"Port Moresby",PGLAE,Lae,4,4,"ANL; Carpenters Shipping; CMA CGM; Swire Shipping",4,8,21719.52380952381,3445.7619047619046,1037,2381,2,3,4,"{3,4,2,3}"
2024-03-31,PGPOM,"Port Moresby",SBNOR,Noro,1,1,"Maersk Line; SeaLand",2,2,3219.1428571428573,629.7142857142857,1068,1304,3,3,3,{3}
2024-03-31,PGRAB,Rabaul,PGMAG,Madang,1,1,"Carpenters Shipping; Swire Shipping",2,3,4971.285714285715,533.4761904761905,1678,2381,1,1,1,{1}
2024-03-31,PGRAB,Rabaul,PGPOM,"Port Moresby",3,3,"ANL; CMA CGM; Kyowa",3,5,19292.95238095238,2728.5714285714284,403,1740,2,2,2,"{2,2,2}"
2024-03-31,PGRAB,Rabaul,SBHIR,Honiara,1,1,"ANL; CMA CGM",2,1,4888.714285714285,848.5714285714286,1037,1037,2,2,2,{2}
2024-03-31,PHBTG,Batangas,CNSHA,Shanghai,1,1,"CMA CGM; CNC Line-Cheng Lie Navigation Co. Ltd.; KMTC; SITC Shipping",4,4,2524.5,,2400,2698,3,3,3,{3}
2024-03-31,PHBTG,Batangas,PHDVO,Davao,2,2,"APL; CMA CGM; CNC Line-Cheng Lie Navigation Co. Ltd.; SITC Shipping",4,6,4421.5,239,1781,2700,3,3.5,4,"{4,3}"
2024-03-31,PHBTG,Batangas,PHMNN,"Manila North Harbor",2,2,"Maersk Line; RCL; SeaLand; SITC Shipping; TS Lines",5,6,3380.666666666667,516,1162,1808,0,0,0,"{0,0}"
2024-03-31,PHBTG,Batangas,PHMNS,"Manila South Harbor",2,2,"Evergreen Line; MSC; ONE",3,10,4072.9166666666665,344.1666666666667,1728,2495,1,1.5,2,"{2,1}"
2024-03-31,PHCEB,Cebu,PHDVO,Davao,1,1,"SITC Shipping",1,4,2566.5,,2433,2700,5,5,5,{5}
2024-03-31,PHCEB,Cebu,TWKHH,Kaohsiung,2,2,"Evergreen Line; OOCL; X-Press; Yang Ming",4,2,1871,350,707,1164,2,2.5,3,"{2,3}"
2024-03-31,PHCGY,"Cagayan de Oro",CNSHA,Shanghai,2,2,"Maersk Line; SeaLand; SITC Shipping",3,12,4292.625,336.625,1713,2700,4,4.5,5,"{5,4}"
2024-03-31,PHCGY,"Cagayan de Oro",PHDVO,Davao,1,1,"Evergreen Line",1,2,1682,255.5,1570,1794,1,1,1,{1}
2024-03-31,PHDVO,Davao,CNSHA,Shanghai,1,1,"APL; CMA CGM; CNC Line-Cheng Lie Navigation Co. Ltd.; COSCO; ONE; OOCL",6,4,5794.25,697.5,5060,6881,5,5,5,{5}
2024-03-31,PHDVO,Davao,CNSHK,Shekou,1,1,MSC,1,6,2132.6666666666665,291.6666666666667,1728,2495,5,5,5,{5}
2024-03-31,PHDVO,Davao,CNTXG,Xingang/Tianjin,1,1,"SITC Shipping",1,4,2566.5,,2433,2700,4,4,4,{4}
2024-03-31,PHDVO,Davao,HKHKG,"Hong Kong",1,1,"APL; CMA CGM; CNC Line-Cheng Lie Navigation Co. Ltd.",3,2,1855.5,239,1781,1930,4,4,4,{4}
2024-03-31,PHDVO,Davao,KRPTK,Pyongtaek,2,2,"CMA CGM; CNC Line-Cheng Lie Navigation Co. Ltd.; Maersk Line; SeaLand",4,9,6547.9,1014.5,2546,4636,6,6.5,7,"{7,6}"
2024-03-31,PHDVO,Davao,PHCGY,"Cagayan de Oro",2,2,"Maersk Line; SeaLand; SITC Shipping",3,12,4292.625,336.625,1713,2700,2,2,2,"{2,2}"
2024-03-31,PHDVO,Davao,PHGES,"General Santos",1,1,"Evergreen Line",1,2,1682,255.5,1570,1794,1,1,1,{1}
2024-03-31,PHDVO,Davao,TWKHH,Kaohsiung,1,1,"COSCO; Gold Star Line; OOCL; Yang Ming; ZIM",5,4,3849.75,351.5,2646,4253,4,4,4,{4}
2024-03-31,PHGES,"General Santos",PHDVO,Davao,1,1,"Maersk Line; SeaLand",2,8,1726.625,336.625,1713,1740,1,1,1,{1}
2024-03-31,PHGES,"General Santos",TWKHH,Kaohsiung,1,1,"Evergreen Line",1,2,1682,255.5,1570,1794,4,4,4,{4}
2024-03-31,PHMNL,Manila,JPTYO,Tokyo,1,1,"APL; CMA CGM; CNC Line-Cheng Lie Navigation Co. Ltd.; COSCO",4,4,3236,462.5,2954,3586,7,7,7,{7}
2024-03-31,PHMNL,Manila,KRPUS,Busan,1,1,"Hyundai; ONE",2,3,2671,435.3333333333333,2553,2796,4,4,4,{4}
2024-03-31,PHMNL,Manila,TWKHH,Kaohsiung,1,1,"Wan Hai; Yang Ming",2,1,2535,250,2535,2535,1,1,1,{1}
2024-03-31,PHMNN,"Manila North Harbor",CNNSA,Nansha,2,2,"Asean Seas Line; RCL; SITC Shipping",3,4,2708.666666666667,260.6666666666667,1118,1805,2,2,2,"{2,2}"
2024-03-31,PHMNN,"Manila North Harbor",CNSHK,Shekou,1,1,"Evergreen Line",1,4,1901.5,105.5,1708,1984,1,1,1,{1}
2024-03-31,PHMNN,"Manila North Harbor",CNTXG,Xingang/Tianjin,1,1,"CMA CGM; CNC Line-Cheng Lie Navigation Co. Ltd.; OOCL",3,5,6829.6,988.6,5920,7117,5,5,5,{5}
2024-03-31,PHMNN,"Manila North Harbor",KRPUS,Busan,1,1,"CMA CGM; COSCO; CULines-China United Lines; Evergreen Line; Hapag-Lloyd; KMTC; OOCL; RCL; TS Lines; Unifeeder",10,6,5709,474.3333333333333,5117,6456,5,5,5,{5}
2024-03-31,PHMNN,"Manila North Harbor",PHBTG,Batangas,1,1,"APL; CMA CGM; CNC Line-Cheng Lie Navigation Co. Ltd.",3,2,1855.5,239,1781,1930,0,0,0,{0}
2024-03-31,PHMNN,"Manila North Harbor",PHCEB,Cebu,1,1,"SITC Shipping",1,4,2566.5,,2433,2700,2,2,2,{2}
2024-03-31,PHMNN,"Manila North Harbor",PHMNS,"Manila South Harbor",7,7,"Asean Seas Line; CMA CGM; CNC Line-Cheng Lie Navigation Co. Ltd.; COSCO; Gold Star Line; Hyundai; Maersk Line; MSC; SeaLand; Sinotrans; SITC Shipping; ZIM",12,24,21245.638095238093,2723.8571428571427,1700,4728,0,0,1,"{0,1,1,0,0,0,0}"
2024-03-31,PHMNN,"Manila North Harbor",PHSFS,"Subic Bay",1,1,"Sinotrans; Wan Hai",2,2,1992,125,1946,2038,0,0,0,{0}
2024-03-31,PHMNN,"Manila North Harbor",TWKHH,Kaohsiung,2,2,"Evergreen Line; ONE; OOCL; X-Press; Yang Ming",5,5,4658,644,1740,2926,1,1.5,2,"{1,2}"
2024-03-31,PHMNN,"Manila North Harbor",TWTXG,Taichung,1,1,"Maersk Line; SeaLand; TS Lines",3,3,1790,255.33333333333334,1781,1808,1,1,1,{1}
2024-03-31,PHMNN,"Manila North Harbor",VNSGN,"Ho Chi Minh (VICT/Cat Lai)",1,1,"KMTC; Namsung",2,3,1686.3333333333333,243.33333333333334,1585,1860,2,2,2,{2}
2024-03-31,PHMNN,"Manila North Harbor",VNUIH,"Qui Nhon",1,1,"APL; CMA CGM; CNC Line-Cheng Lie Navigation Co. Ltd.; COSCO; Hyundai",5,5,1817.4,211.6,1756,1952,2,2,2,{2}
2024-03-31,PHMNS,"Manila South Harbor",CNFQG,Fuqing,1,1,"CMA CGM; CNC Line-Cheng Lie Navigation Co. Ltd.; COSCO",3,2,1735,325,1730,1740,2,2,2,{2}
2024-03-31,PHMNS,"Manila South Harbor",CNQZL,Quanzhou,1,1,"SITC Shipping",1,1,787,80,787,787,3,3,3,{3}
2024-03-31,PHMNS,"Manila South Harbor",CNSHA,Shanghai,1,1,"Sinotrans; SITC Shipping",2,2,2616.5,200,2433,2800,7,7,7,{7}
2024-03-31,PHMNS,"Manila South Harbor",CNTAO,Qingdao,2,2,"Asean Seas Line; CMA CGM; CNC Line-Cheng Lie Navigation Co. Ltd.; Gold Star Line; Hyundai; ZIM",6,5,6084.9047619047615,609.3571428571429,1700,4728,5,5,5,"{5,5}"
2024-03-31,PHMNS,"Manila South Harbor",PHBTG,Batangas,1,1,"SITC Shipping",1,4,2566,,2433,2700,1,1,1,{1}
2024-03-31,PHMNS,"Manila South Harbor",PHDVO,Davao,3,3,"CMA CGM; CNC Line-Cheng Lie Navigation Co. Ltd.; Maersk Line; MSC; SeaLand",5,15,8680.566666666666,1306.1666666666667,1728,4636,2,3,4,"{4,2,3}"
2024-03-31,PHMNS,"Manila South Harbor",PHMNN,"Manila North Harbor",1,1,"Sinotrans; Wan Hai",2,2,1992,125,1946,2038,0,0,0,{0}
2024-03-31,PHMNS,"Manila South Harbor",PHSFS,"Subic Bay",1,1,"Evergreen Line; ONE",2,4,1940.25,52.5,1809,1984,1,1,1,{1}
2024-03-31,PHMNS,"Manila South Harbor",TWKHH,Kaohsiung,1,1,MSC,1,6,4261.333333333333,575,3739,4549,4,4,4,{4}
2024-03-31,PHSFS,"Subic Bay",CNNSA,Nansha,1,1,"Evergreen Line; ONE",2,4,1940.25,52.5,1809,1984,4,4,4,{4}
2024-03-31,PHSFS,"Subic Bay",CNSHA,Shanghai,1,1,"Sinotrans; Wan Hai",2,2,1992,125,1946,2038,4,4,4,{4}
2024-03-31,PHSFS,"Subic Bay",PHMNL,Manila,1,1,"Wan Hai; Yang Ming",2,1,2535,250,2535,2535,2,2,2,{2}
2024-03-31,PHSFS,"Subic Bay",PHMNN,"Manila North Harbor",2,2,"MSC; SITC Shipping",2,10,6827.833333333333,575,2433,4549,0,0.5,1,"{1,0}"
2024-03-31,PHSFS,"Subic Bay",THSRI,Sriracha,1,1,"Swire Shipping",1,3,8328,,2082,2082,6,6,6,{6}
2024-03-31,PKBQM,"Port Qasim",INMUN,Mundra,3,3,"APL; CMA CGM; Feedertech; Hapag-Lloyd; Maersk Line; ONE; SeaLand; Wan Hai; X-Press",9,19,13038.5,1081.6,1740,6969,1,2,2,"{2,1,2}"
2024-03-31,PKBQM,"Port Qasim",INNSA,"Mumbai (Nhava Sheva)",3,3,"APL; CMA CGM; COSCO; Hapag-Lloyd; MSC; ONE; OOCL",7,36,26527.46153846154,2143.0769230769233,7403,10642,1,2,2,"{2,2,1}"
2024-03-31,PKBQM,"Port Qasim",INPAV,Pipavav,1,1,"APL; CMA CGM; Maersk Line; SeaLand",4,14,6246.928571428572,522.7142857142857,4253,6802,2,2,2,{2}
2024-03-31,PKBQM,"Port Qasim",PKKHI,Karachi,3,3,"APL; CMA CGM; CNC Line-Cheng Lie Navigation Co. Ltd.; COSCO; Gold Star Line; ONE; OOCL; RCL; Samudera; X-Press; ZIM",11,14,15432.771428571428,1579.7571428571428,1714,8586,0,0,0,"{0,0,0}"
2024-03-31,PKGWD,Gwadar,AEJEA,"Dubai, Jebel Ali",1,1,"CMA CGM; COSCO; X-Press",3,2,1738,456.5,1714,1762,2,2,2,{2}
2024-03-31,PKKHI,Karachi,AEJEA,"Dubai, Jebel Ali",3,3,"Feedertech; Messina; UAFL-United Africa Feeder Line; Wan Hai; X-Press",5,7,16237.428571428572,1545.142857142857,1740,4406,0,2,2,"{0,2,2}"
2024-03-31,PKKHI,Karachi,INIXY,Kandla,1,1,Hapag-Lloyd,1,3,3428,417,3237,3649,1,1,1,{1}
2024-03-31,PKKHI,Karachi,INKAT,Kattupalli,1,1,"Hyundai; Sinokor",2,9,7235.111111111111,277.77777777777777,6763,8652,9,9,9,{9}
2024-03-31,PKKHI,Karachi,INMUN,Mundra,3,3,"CMA CGM; COSCO; Evergreen Line; Feedertech; Hyundai; KMTC; ONE; OOCL; TS Lines; Wan Hai; X-Press; ZIM",12,18,16393.5,1577.1666666666665,4051,7092,1,1,1,"{1,1,1}"
2024-03-31,PKKHI,Karachi,INNSA,"Mumbai (Nhava Sheva)",5,5,"CMA CGM; COSCO; Hapag-Lloyd; MSC; ONE; OOCL; RCL; Samudera; X-Press",9,53,45856.45757575757,3623.918648018648,4957,15294,1,2,2,"{2,2,2,2,1}"
2024-03-31,PKKHI,Karachi,LKCMB,Colombo,2,2,"CMA CGM; COSCO; Gold Star Line; OOCL; Yang Ming; ZIM",6,12,13620.833333333332,885,4250,9572,4,4,4,"{4,4}"
2024-03-31,PKKHI,Karachi,MYPKG,"Port Klang",3,3,"COSCO; CULines-China United Lines; Emirates Shipping; Evergreen Line; Global Feeder Shipping; KMTC; PIL; RCL; Sinokor; TS Lines",10,19,13771.761904761905,1121.2380952380952,3620,6655,8,8,9,"{8,9,8}"
2024-03-31,PKKHI,Karachi,OMSOH,Sohar,1,1,"CMA CGM",1,2,2544,,2544,2544,3,3,3,{3}
2024-03-31,PKKHI,Karachi,PKGWD,Gwadar,1,1,"CMA CGM; COSCO; X-Press",3,2,1738,456.5,1714,1762,1,1,1,{1}
2024-03-31,PKKHI,Karachi,SGSIN,Singapore,1,1,"APL; CMA CGM; CNC Line-Cheng Lie Navigation Co. Ltd.; COSCO; Gold Star Line; OOCL; RCL; X-Press; ZIM",9,7,7924.571428571428,514.8571428571429,5920,8586,8,8,8,{8}
2024-03-31,PLGDN,Gdansk,DEBRV,Bremerhaven,2,2,"CMA CGM; Maersk Line; MSC; SeaLand",4,17,20067.3,1126.3,1421,20568,2,2.5,3,"{3,2}"
2024-03-31,PLGDN,Gdansk,DEWVN,Wilhelmshaven,1,1,"CMA CGM; CNC Line-Cheng Lie Navigation Co. Ltd.; COSCO; Evergreen Line; OOCL",5,13,20323.846153846152,534.6153846153846,2506,24188,2,2,2,{2}
2024-03-31,PLGDN,Gdansk,FIKTK,Kotka,1,1,COSCO,1,1,1084,250,1084,1084,2,2,2,{2}
2024-03-31,PLGDN,Gdansk,LTKLJ,"Klaipeda
",1,1,"CMA CGM",1,2,2204.5,602,1922,2487,0,0,0,{0}
2024-03-31,PLGDN,Gdansk,NLRTM,Rotterdam,2,2,"CMA CGM; CNC Line-Cheng Lie Navigation Co. Ltd.; COSCO; Evergreen Line; ONE; OOCL; X-Press; Yang Ming",8,17,18639.466666666667,1353.0666666666668,809,20600,1,3.5,6,"{1,6}"
2024-03-31,PLGDN,Gdansk,PLGDY,"Gdynia Poland",4,4,"APL; CMA CGM; COSCO; Maersk Line; MSC; ONE; OOCL; SeaLand; Unifeeder",9,22,16269.714285714284,1809.7857142857142,1025,16616,0,0,1,"{0,0,1,0}"
2024-03-31,PLGDN,Gdansk,SENRK,Norrköping,1,1,"CMA CGM; Evergreen Line; Hapag-Lloyd; Maersk Line; OOCL; Unifeeder",6,3,1096,233.33333333333334,1036,1216,1,1,1,{1}
2024-03-31,PLGDY,"Gdynia Poland",DEBRV,Bremerhaven,2,2,"CMA CGM; COSCO; Maersk Line; OOCL; SeaLand; Unifeeder",6,6,5127.5,904,1425,3596,1,2,3,"{1,3}"
2024-03-31,PLGDY,"Gdynia Poland",DEHAM,Hamburg,2,2,Hapag-Lloyd,1,2,1893,399,868,1025,2,2.5,3,"{2,3}"
2024-03-31,PLGDY,"Gdynia Poland",DKAAR,Aarhus,1,1,"ONE; Yang Ming",2,4,1591.25,264.25,1436,1781,2,2,2,{2}
2024-03-31,PLGDY,"Gdynia Poland",EETLL,"Tallinn Estonia",1,1,"Hapag-Lloyd; ONE",2,2,1440,316,1440,1440,2,2,2,{2}
2024-03-31,PLGDY,"Gdynia Poland",GBIMM,Immingham,1,1,"CMA CGM; Unifeeder",2,2,945.5,188,917,974,3,3,3,{3}
2024-03-31,PLGDY,"Gdynia Poland",GBTEE,Teesport,2,1,"CMA CGM",1,6,2800,744,1400,1400,2,2,2,"{2,2}"
2024-03-31,PLGDY,"Gdynia Poland",LTKLJ,"Klaipeda
",3,3,"COSCO; MSC; ONE; X-Press; Yang Ming",5,17,12417.92857142857,1259.9285714285716,809,16616,0,1,1,"{0,1,1}"
2024-03-31,PLGDY,"Gdynia Poland",NLRTM,Rotterdam,1,1,"APL; CMA CGM; ONE; OOCL; Unifeeder",5,2,883.2857142857143,213.85714285714286,1025,1036,2,2,2,{2}
2024-03-31,PLGDY,"Gdynia Poland",SEGOT,Gothenburg,1,1,"Ellerman; MSC",2,11,5504.363636363637,1242,4112,13102,2,2,2,{2}
2024-03-31,PLSZZ,Szczecin,DEBRV,Bremerhaven,1,1,"CMA CGM; OOCL; Unifeeder",3,1,658,150,658,658,2,2,2,{2}
2024-03-31,PLSZZ,Szczecin,PLGDY,"Gdynia Poland",1,1,"CMA CGM; Unifeeder",2,2,945.5,188,917,974,1,1,1,{1}
2024-03-31,PLSZZ,Szczecin,SEHEL,Helsingborg,1,1,"CMA CGM; OOCL; Unifeeder",3,1,658,150,658,658,1,1,1,{1}
2024-03-31,PRSJU,"San Juan PR",BEANR,Antwerp,1,1,Dole,1,5,268,42.8,264,284,10,10,10,{10}
2024-03-31,PRSJU,"San Juan PR",CASJB,"Saint John, New Brunswick",1,1,"APL; CMA CGM",2,3,1717.6666666666667,293,1700,1740,5,5,5,{5}
2024-03-31,PRSJU,"San Juan PR",COSMR,"Santa Marta",1,1,Dole,1,5,268,42.8,264,284,3,3,3,{3}
2024-03-31,PRSJU,"San Juan PR",DOCAU,Caucedo,3,3,"CMA CGM; Evergreen Line; Maersk Line; MSC; SeaLand; Unifeeder; ZIM",7,6,5866.666666666667,976.6666666666667,1114,3534,1,1,2,"{1,1,2}"
2024-03-31,PRSJU,"San Juan PR",JMKIN,Kingston,1,1,"COSCO; Seaboard Marine; X-Press; ZIM",4,3,1634.3333333333333,304.3333333333333,1341,1781,2,2,2,{2}
2024-03-31,PRSJU,"San Juan PR",MFGES,Galisbay,1,1,Marfret,1,1,500,125,500,500,1,1,1,{1}
2024-03-31,PRSJU,"San Juan PR",SXSXM,"St Maarten",1,1,"CMA CGM",1,1,120,24,120,120,1,1,1,{1}
2024-03-31,PRSJU,"San Juan PR",USHOU,"Houston TX",1,1,"NSA-National Shipping of America",1,1,1140,172,570,570,5,5,5,{5}
2024-03-31,PRSJU,"San Juan PR",USJAX,"Jacksonville FL",4,4,"Crowley; TOTE Maritime",2,4,11000,1136,2400,3100,2,2.5,3,"{2,2,3,3}"
2024-03-31,PRSJU,"San Juan PR",VICZB,"St John VI",1,1,"Tropical Shipping",1,2,1116.5,255,1085,1148,1,1,1,{1}
2024-03-31,PTLEI,Leixoes,ESBIO,Bilbao,1,1,"Hapag-Lloyd; MSC; WEC Lines",3,2,1008,152.5,1008,1008,1,1,1,{1}
2024-03-31,PTLEI,Leixoes,ESCAS,Castellon,1,1,"Borchard Lines Ltd",1,5,868,166.8,868,868,3,3,3,{3}
2024-03-31,PTLEI,Leixoes,ESFRO,Ferrol,2,2,"CMA CGM",1,4,1551.5,261,877,956,1,1,1,"{1,1}"
2024-03-31,PTLEI,Leixoes,ESVGO,Vigo,2,2,"APL; Arkas Line; CMA CGM; Marguisa; MSC; WEC Lines; X-Press; ZIM",8,6,1576,350.6666666666667,700,868,1,1,1,"{1,1}"
2024-03-31,PTLEI,Leixoes,GBLIV,Liverpool,1,1,"Borchard Lines Ltd",1,5,868,166.8,868,868,3,3,3,{3}
2024-03-31,PTLEI,Leixoes,NAWVB,"Walvis Bay",1,1,MACS,1,6,4790.095238095238,,1842,2208,15,15,15,{15}
2024-03-31,PTLEI,Leixoes,NLRTM,Rotterdam,1,1,MACS,1,6,4790.095238095238,,1842,2208,1,1,1,{1}
2024-03-31,PTLEI,Leixoes,PTLIS,Lisbon,7,7,"CMA CGM; Evergreen Line; Global Feeder Shipping; GS Lines; Hapag-Lloyd; MSC; ONE; OOCL; PSL; WEC Lines; X-Press; Yang Ming; ZIM",13,16,16780.535714285714,2469.702380952381,862,1829,1,1,2,"{2,2,1,1,2,1,1}"
2024-03-31,PTLEI,Leixoes,PTSET,Setubal,1,1,"Arkas Line; CMA CGM; Messina; Tarros",4,6,1692.6666666666667,276.3333333333333,1445,1930,1,1,1,{1}
2024-03-31,PTLEI,Leixoes,SNDKR,Dakar,1,1,"Grimaldi Lines",1,3,2830.714285714286,,1321,1321,5,5,5,{5}
2024-03-31,PTLIS,Lisbon,CVRAI,Praia,1,1,"GS Lines",1,1,5499.428571428572,610.2857142857143,1604,1604,5,5,5,{5}
2024-03-31,PTLIS,Lisbon,ESALG,Algeciras,3,3,"CMA CGM; COSCO; Hapag-Lloyd; ONE; OOCL",5,18,9503.875,1206,1036,5047,2,2,3,"{2,3,2}"
2024-03-31,PTLIS,Lisbon,ESVGO,Vigo,1,1,"CMA CGM; Evergreen Line; OOCL; X-Press",4,2,1275.357142857143,282.85714285714283,1762,1809,1,1,1,{1}
2024-03-31,PTLIS,Lisbon,GBLGP,"London Gateway",1,1,"ONE; Yang Ming",2,4,1591.25,264.25,1436,1781,3,3,3,{3}
2024-03-31,PTLIS,Lisbon,MAPTM,Tanger,2,2,"APL; Arkas Line; CMA CGM; Global Feeder Shipping; Marguisa; X-Press; ZIM",7,6,1587,339.3333333333333,700,907,1,1,1,"{1,1}"
2024-03-31,PTLIS,Lisbon,PTSET,Setubal,1,1,"Hapag-Lloyd; MSC; WEC Lines",3,2,1008,152.5,1008,1008,1,1,1,{1}
2024-03-31,PTLIS,Lisbon,STTMS,"Sao Tome",1,1,PSL,1,2,5473,687.1428571428571,1118,1829,14,14,14,{14}
2024-03-31,PTLIS,Lisbon,USNYC,"New York NY/NJ",1,1,"Hapag-Lloyd; ZIM",2,7,2343.4285714285716,388,2339,3237,5,5,5,{5}
2024-03-31,PTSET,Setubal,ESBIO,Bilbao,1,1,Ellerman,1,2,919.5,215,803,1036,1,1,1,{1}
2024-03-31,PTSET,Setubal,ESLPA,"Las Palmas, Can Is",1,1,"MSC; WEC Lines",2,3,868,234,868,868,3,3,3,{3}
2024-03-31,PTSET,Setubal,FRMRS,"Marseilles-Fos (Marseilles)",1,1,"Arkas Line; CMA CGM; Messina; Tarros",4,6,1692.6666666666667,276.3333333333333,1445,1930,3,3,3,{3}
2024-03-31,PTSET,Setubal,PTLEI,Leixoes,3,3,"CMA CGM; MSC; WEC Lines",3,7,2419.5,495,868,956,1,1,1,"{1,1,1}"
2024-03-31,PTSET,Setubal,PTSIE,Sines,1,1,"Hapag-Lloyd; MSC; WEC Lines",3,2,1008,152.5,1008,1008,1,1,1,{1}
2024-03-31,PTSIE,Sines,BEANR,Antwerp,1,1,"Maersk Line; MSC; SeaLand",3,14,20712,548,23656,24346,4,4,4,{4}
2024-03-31,PTSIE,Sines,BSFPO,Freeport,1,1,"Maersk Line; MSC; SeaLand",3,9,7495.888888888889,656.8888888888889,6478,9200,12,12,12,{12}
2024-03-31,PTSIE,Sines,CAHAL,Halifax,1,1,MSC,1,5,4313.6,341.4,3987,4626,8,8,8,{8}
2024-03-31,PTSIE,Sines,DOCAU,Caucedo,1,1,MSC,1,9,11515.222222222223,1541.7777777777778,9400,12119,9,9,9,{9}
2024-03-31,PTSIE,Sines,ESALG,Algeciras,1,1,"Hapag-Lloyd; MSC",2,10,9324.8,1285.5,8800,11010,1,1,1,{1}
2024-03-31,PTSIE,Sines,ESLPA,"Las Palmas, Can Is",1,1,"MSC; Stinnes",2,9,9092.777777777777,1240.2222222222222,5782,12119,1,1,1,{1}
2024-03-31,PTSIE,Sines,ESVLC,Valencia,2,2,MSC,1,6,2482.333333333333,476.66666666666663,951,1842,2,2,2,"{2,2}"
2024-03-31,PTSIE,Sines,FRLEH,"Le Havre",1,1,"MSC; WEC Lines",2,3,2031.6666666666667,330,1728,2474,2,2,2,{2}
2024-03-31,PTSIE,Sines,GBFXT,Felixstowe,1,1,"MSC; WEC Lines; ZIM",3,5,4978.6,510,4900,5059,5,5,5,{5}
2024-03-31,PTSIE,Sines,GBLGP,"London Gateway",1,1,MSC,1,4,4374.5,381.5,4250,4545,3,3,3,{3}
2024-03-31,PTSIE,Sines,GBLIV,Liverpool,1,1,MSC,1,5,4738.2,465.6,4300,5089,4,4,4,{4}
2024-03-31,PTSIE,Sines,GRPIR,Piraeus,1,1,"MSC; WEC Lines; ZIM",3,5,4978.6,510,4900,5059,6,6,6,{6}
2024-03-31,PTSIE,Sines,INMUN,Mundra,1,1,MSC,1,17,13916.64705882353,643.1176470588235,12400,16652,28,28,28,{28}
2024-03-31,PTSIE,Sines,ITGIT,"Gioia Tauro",1,1,MSC,1,5,4313.6,341.4,3987,4626,5,5,5,{5}
2024-03-31,PTSIE,Sines,ITLIV,Leghorn,1,1,MSC,1,5,4542.8,472.8,3987,5100,3,3,3,{3}
2024-03-31,PTSIE,Sines,NLRTM,Rotterdam,1,1,MSC,1,9,13011.333333333334,505.55555555555554,8034,14952,3,3,3,{3}
2024-03-31,PTSIE,Sines,PAROD,Rodman,1,1,MSC,1,15,9291.866666666667,790.4,8386,12119,17,17,17,{17}
2024-03-31,PTSIE,Sines,PTLEI,Leixoes,1,1,"Hapag-Lloyd; MSC; WEC Lines",3,2,1008,152.5,1008,1008,1,1,1,{1}
2024-03-31,PTSIE,Sines,PTSET,Setubal,1,1,"MSC; WEC Lines",2,3,868,234,868,868,1,1,1,{1}
2024-03-31,PTSIE,Sines,USBOS,"Boston MA",1,1,MSC,1,9,5498.2222222222235,580,4549,8386,8,8,8,{8}
2024-03-31,PWROR,Koror,HKHKG,"Hong Kong",1,1,MELL,1,1,2331,300,777,777,6,6,6,{6}
2024-03-31,QAHMD,Hamad,AEAUH,"Abu Dhabi",2,2,"CMA CGM; Evergreen Line; Hapag-Lloyd; Hyundai; ONE; Yang Ming",6,12,18616.11111111111,1601.888888888889,3405,16010,1,1.5,2,"{2,1}"
2024-03-31,QAHMD,Hamad,AEJEA,"Dubai, Jebel Ali",2,2,"CMA CGM; COSCO; Hapag-Lloyd; Hyundai; ONE; OOCL; Yang Ming",7,19,14389.428571428572,1214.8809523809523,5512,9326,0,0.5,1,"{0,1}"
2024-03-31,QAHMD,Hamad,INNSA,"Mumbai (Nhava Sheva)",1,1,"CMA CGM; Feedertech; ONE; X-Press",4,2,3244,450,2902,3586,4,4,4,{4}
2024-03-31,QAHMD,Hamad,IQUQR,"Umm Qasr",1,1,"COSCO; Hapag-Lloyd; Hyundai; ONE; Yang Ming",5,7,6276.428571428572,485.7142857142857,5512,6589,1,1,1,{1}
2024-03-31,QAHMD,Hamad,SADMM,Dammam,3,3,"CMA CGM; CNC Line-Cheng Lie Navigation Co. Ltd.; COSCO; Evergreen Line; Feedertech; MSC; OOCL; Wan Hai; X-Press",9,18,27927.36507936508,2251.015873015873,2546,15413,0,0,1,"{0,1,0}"
2024-03-31,REPDG,"Reunion Island",AEJEA,"Dubai, Jebel Ali",1,1,"CMA CGM; Maersk Line",2,7,2682.714285714286,464.2857142857143,2490,2826,11,11,11,{11}
2024-03-31,REPDG,"Reunion Island",MUPLU,"Port Louis",1,1,"ANL; APL; CMA CGM; MSC",4,16,8965.6875,796.5,8269,9572,1,1,1,{1}
2024-03-31,REPDG,"Reunion Island",MZMPM,Maputo,1,1,"CMA CGM; Maersk Line",2,7,3606.714285714286,485.85714285714283,3398,3650,6,6,6,{6}
2024-03-31,REPDG,"Reunion Island",SGSIN,Singapore,1,1,"CMA CGM; Maersk Line",2,7,3606.714285714286,485.85714285714283,3398,3650,16,16,16,{16}
2024-03-31,REREU,Reunion,MUPLU,"Port Louis",1,1,"Maersk Line",1,4,2488,425,2450,2546,2,2,2,{2}
2024-03-31,ROCND,Constanta,BGVAR,Varna,3,3,"Arkas Line; CMA CGM; COSCO; Evergreen Line; Hapag-Lloyd; OOCL; ZIM",7,6,6013,801.1666666666667,925,1788,0,0,1,"{0,0,1}"
2024-03-31,ROCND,Constanta,GRPIR,Piraeus,1,1,"APL; CMA CGM; CNC Line-Cheng Lie Navigation Co. Ltd.; COSCO; Evergreen Line; OOCL",6,14,8551.214285714286,658.4285714285714,5618,14414,3,3,3,{3}
2024-03-31,ROCND,Constanta,TRAMB,"Istanbul (Ambarli)",3,3,"Arkas Line; CMA CGM; Hapag-Lloyd; ONE; Yang Ming",5,11,8176,1298.6,1800,4178,1,2,2,"{2,1,2}"
2024-03-31,ROCND,Constanta,TRTEK,Tekirdag,2,2,MSC,1,7,3811.416666666667,525.5,1205,2480,1,1,1,"{1,1}"
2024-03-31,RULED,"St Petersburg",LVRIX,Riga,1,1,MSC,1,3,4017.6666666666665,614.6666666666666,3007,5001,2,2,2,{2}
2024-03-31,RUNVS,Novorossiysk,EGEDK,"El Dekheila",1,1,"Arkas Line",1,2,1179,269.5,1157,1201,8,8,8,{8}
2024-03-31,RUNVS,Novorossiysk,ROCND,Constanta,1,1,MSC,1,4,2325.75,325.5,2078,2480,2,2,2,{2}
2024-03-31,RUNVS,Novorossiysk,TRAMB,"Istanbul (Ambarli)",2,2,"Arkas Line; Medkon",2,3,1672.2857142857142,178,650,1208,2,3,4,"{2,4}"
2024-03-31,RUNVS,Novorossiysk,TRIZT,Izmit,1,1,Sidra,1,1,712,135,712,712,2,2,2,{2}
2024-03-31,RUVVO,Vladivostok,KRPUS,Busan,3,3,"Heung-A; Sinokor",2,7,3951.166666666667,450.6666666666667,1043,1809,1,2,3,"{3,1,2}"
2024-03-31,RUVYP,Vostochniy,CNYTN,Yantian,1,1,Sinokor,1,2,2707.714285714286,160.71428571428572,2006,2206,5,5,5,{5}
2024-03-31,RUVYP,Vostochniy,RUVVO,Vladivostok,2,2,"Heung-A; Sinokor",2,4,2888.5,384,1054,1809,0,0,0,"{0,0}"
2024-03-31,SADMM,Dammam,AEAUH,"Abu Dhabi",2,2,"APL; CMA CGM; CNC Line-Cheng Lie Navigation Co. Ltd.; COSCO; Evergreen Line; ONE; OOCL; PIL",8,10,22614.95238095238,1095.6190476190477,2468,20988,1,1,1,"{1,1}"
2024-03-31,SADMM,Dammam,AEJEA,"Dubai, Jebel Ali",1,1,"ONE; Samudera",2,4,2828.75,505.5,2542,3091,1,1,1,{1}
2024-03-31,SADMM,Dammam,AEKLF,"Khor Fakkan",1,1,"Emirates Shipping; Global Feeder Shipping; KMTC; PIL; RCL",5,7,6874.714285714285,744.8571428571429,6540,8110,2,2,2,{2}
2024-03-31,SADMM,Dammam,BHKBS,"Khalifa Bin Salman Port",1,1,"CMA CGM",1,2,2544,,2544,2544,1,1,1,{1}
2024-03-31,SADMM,Dammam,IQUQR,"Umm Qasr",1,1,MSC,1,9,14305.222222222223,844.4444444444445,13092,15413,2,2,2,{2}
2024-03-31,SADMM,Dammam,KWKWI,Kuwait,1,1,Hapag-Lloyd,1,3,3428,417,3237,3649,1,1,1,{1}
2024-03-31,SADMM,Dammam,OMSOH,Sohar,1,1,"CMA CGM; CNC Line-Cheng Lie Navigation Co. Ltd.; COSCO; Evergreen Line; OOCL",5,7,10978.142857142857,898.5714285714286,9452,12917,1,1,1,{1}
2024-03-31,SADMM,Dammam,SAJUB,Jubail,2,2,"Evergreen Line; Feedertech; Hapag-Lloyd; Hyundai; ONE; Wan Hai; X-Press; Yang Ming",8,11,17769.11111111111,1596.888888888889,2546,16010,0,0,0,"{0,0}"
2024-03-31,SAJED,Jeddah,AEJEA,"Dubai, Jebel Ali",4,4,"APL; CMA CGM; CNC Line-Cheng Lie Navigation Co. Ltd.; COSCO; Evergreen Line; Feedertech; Hapag-Lloyd; ONE; OOCL; Wan Hai; X-Press",11,41,38661.59603729604,3182.5058275058273,1740,17292,6,12,21,"{17,21,6,7}"
2024-03-31,SAJED,Jeddah,DJJIB,Djibouti,2,2,"CMA CGM; Messina",2,9,10481.857142857143,793.4285714285714,1114,4406,3,3,3,"{3,3}"
2024-03-31,SAJED,Jeddah,EGDAM,Damietta,1,1,"Hapag-Lloyd; Hyundai; ONE; Yang Ming",4,15,12458.6,635.5333333333334,13100,15500,3,3,3,{3}
2024-03-31,SAJED,Jeddah,EGSOK,Sokhna,4,4,"APL; CMA CGM; CNC Line-Cheng Lie Navigation Co. Ltd.; COSCO; Evergreen Line; Feedertech; ONE; OOCL; PIL; Wan Hai; X-Press",11,28,22837.8,798.75,1114,14424,1,1.5,3,"{2,1,1,3}"
2024-03-31,SAJED,Jeddah,ERMSW,Massawa,1,1,"CMA CGM",1,3,1672.6666666666667,231.66666666666666,1302,2078,2,2,2,{2}
2024-03-31,SAJED,Jeddah,ESVLC,Valencia,1,1,"CMA CGM; COSCO; Hapag-Lloyd; OOCL",4,12,8113,729.1666666666666,7179,9326,20,20,20,{20}
2024-03-31,SAJED,Jeddah,KEMBA,Mombasa,1,1,Messina,1,3,11145.238095238094,1023.8095238095239,1422,4406,10,10,10,{10}
2024-03-31,SAJED,Jeddah,LKCMB,Colombo,2,2,"COSCO; Hapag-Lloyd; MSC; ONE; OOCL; Yang Ming",6,20,18991.424242424244,1024.8282828282827,5500,14952,7,7,7,"{7,7}"
2024-03-31,SAJED,Jeddah,LYMRA,Misurata,1,1,Messina,1,3,8946.857142857143,651.4285714285714,3016,4406,7,7,7,{7}
2024-03-31,SAJED,Jeddah,MAPTM,Tanger,2,2,"CMA CGM; COSCO; Hapag-Lloyd; ONE; OOCL",5,23,20879.257575757576,1517.121212121212,8626,14074,16,20.5,25,"{25,16}"
2024-03-31,SAJED,Jeddah,MYPKG,"Port Klang",2,2,"APL; CMA CGM; CNC Line-Cheng Lie Navigation Co. Ltd.; COSCO; Evergreen Line; OOCL; PIL",7,19,27931.714285714286,1193.857142857143,5250,14424,12,20,28,"{28,12}"
2024-03-31,SAJED,Jeddah,OMSLL,Salalah,1,1,"Maersk Line; SeaLand",2,9,7325.2222222222235,268.8888888888889,6802,7849,4,4,4,{4}
2024-03-31,SAJED,Jeddah,PKBQM,"Port Qasim",1,1,"APL; CMA CGM; COSCO; Hapag-Lloyd; ONE; OOCL",6,10,9112,740,9954,10642,9,9,9,{9}
2024-03-31,SAJED,Jeddah,QAHMD,Hamad,1,1,"CMA CGM; COSCO; Hapag-Lloyd; OOCL",4,12,8113,729.1666666666666,7179,9326,22,22,22,{22}
2024-03-31,SAJED,Jeddah,SAKAC,"King Abdullah City",2,2,"Maersk Line; MSC",2,12,20122.666666666668,2105.5555555555557,7090,14952,0,0.5,1,"{0,1}"
2024-03-31,SAJED,Jeddah,SDPZU,"Port Sudan",1,1,X-Press,1,1,1638,,1638,1638,0,0,0,{0}
2024-03-31,SAJED,Jeddah,SGSIN,Singapore,2,2,"Hapag-Lloyd; Hyundai; ONE; Yang Ming",4,28,24559.984615384616,1473.9948717948719,6258,15500,6,15,24,"{6,24}"
2024-03-31,SAJED,Jeddah,SOBBO,Berbera,1,1,"Feedertech; PIL",2,3,1631.6666666666667,320,1080,2007,2,2,2,{2}
2024-03-31,SAJED,Jeddah,TRAMB,"Istanbul (Ambarli)",1,1,"Hapag-Lloyd; Hyundai; ONE; Yang Ming",4,13,12101.384615384615,838.4615384615385,6258,14100,28,28,28,{28}
2024-03-31,SAJED,Jeddah,USORF,"Norfolk VA",1,1,"APL; CMA CGM; Hapag-Lloyd; ONE",4,10,5780.2,394.6,5780,6969,25,25,25,{25}
2024-03-31,SAJUB,Jubail,AEJEA,"Dubai, Jebel Ali",1,1,"Feedertech; Wan Hai; X-Press",3,2,2644,508,2546,2742,1,1,1,{1}
2024-03-31,SAJUB,Jubail,QAHMD,Hamad,1,1,"Evergreen Line; Hapag-Lloyd; Hyundai; ONE; Yang Ming",5,9,15125.111111111111,1088.888888888889,14000,16010,1,1,1,{1}
2024-03-31,SAKAC,"King Abdullah City",EGPSD,"Port Said",1,1,"Maersk Line",1,3,7111.333333333333,1600,7090,7154,3,3,3,{3}
2024-03-31,SAKAC,"King Abdullah City",ESVLC,Valencia,1,1,MSC,1,9,13011.333333333334,505.55555555555554,8034,14952,8,8,8,{8}
2024-03-31,SAKAC,"King Abdullah City",SAJED,Jeddah,1,1,MSC,1,9,13011.333333333334,505.55555555555554,8034,14952,0,0,0,{0}
2024-03-31,SBHIR,Honiara,FJSUV,Suva,1,1,"COSCO; MELL; NPDL; PIL",4,3,2160,400,1080,1080,4,4,4,{4}
2024-03-31,SBHIR,Honiara,PGLAE,Lae,1,1,"Carpenters Shipping; Swire Shipping",2,3,4849.523809523809,813.7142857142857,1794,2381,3,3,3,{3}
2024-03-31,SBHIR,Honiara,VUSAN,Santo,3,3,"ANL; CMA CGM; Kyowa; NYK Bulk and Projects",4,4,15935.857142857141,2098.5714285714284,914,1402,2,2,3,"{2,3,2}"
2024-03-31,SBHIR,Honiara,VUVLI,"Port Vila",1,1,"Kyowa; NYK Bulk and Projects",2,2,3768,,914,970,2,2,2,{2}
2024-03-31,SBNOR,Noro,PGLAE,Lae,1,1,"Maersk Line; SeaLand",2,2,3219.1428571428573,629.7142857142857,1068,1304,3,3,3,{3}
2024-03-31,SCPOV,"Seychelles Is., Port Victoria",AEJEA,"Dubai, Jebel Ali",1,1,"CMA CGM",1,6,1834.1666666666667,346.8333333333333,1638,2268,7,7,7,{7}
2024-03-31,SCPOV,"Seychelles Is., Port Victoria",KMMUT,Mutsamudu,1,1,"UAFL-United Africa Feeder Line",1,2,4646.571428571428,385.7142857142857,1740,1874,4,4,4,{4}
2024-03-31,SCPOV,"Seychelles Is., Port Victoria",OMSLL,Salalah,1,1,"Maersk Line",1,4,2488,425,2450,2546,5,5,5,{5}
2024-03-31,SCPOV,"Seychelles Is., Port Victoria",TZDAR,"Dar es Salaam",1,1,"CMA CGM; Evergreen Line; ONE; OOCL; X-Press",5,8,2495.625,411.75,2260,2578,6,6,6,{6}
2024-03-31,SDPZU,"Port Sudan",SAJED,Jeddah,1,1,X-Press,1,1,1638,,1638,1638,3,3,3,{3}
2024-03-31,SEAHU,Ahus,SESOE,Sodertalje,1,1,"CMA CGM; X-Press",2,1,658,100,658,658,1,1,1,{1}
2024-03-31,SEGOT,Gothenburg,BEANR,Antwerp,2,2,"MSC; ONE; Yang Ming",3,5,3310.25,664.25,1436,1781,2,2,2,"{2,2}"
2024-03-31,SEGOT,Gothenburg,DEBRV,Bremerhaven,3,3,"CMA CGM; Ellerman; Maersk Line; MSC; SeaLand",5,27,25867.963636363635,2291.4666666666667,868,20568,0,1,2,"{0,1,2}"
2024-03-31,SEGOT,Gothenburg,DEHAM,Hamburg,1,1,"ACL-Atlantic Container Line; Hapag-Lloyd",2,5,3809,200,3809,3809,3,3,3,{3}
2024-03-31,SEGOT,Gothenburg,DKAAL,Aalborg,1,1,"CMA CGM; COSCO; Evergreen Line; OOCL; Unifeeder",5,1,660,100,660,660,1,1,1,{1}
2024-03-31,SEGOT,Gothenburg,DKAAR,Aarhus,1,1,"Maersk Line; MSC; SeaLand",3,15,19495.6,815.4666666666666,18270,20568,1,1,1,{1}
2024-03-31,SEGOT,Gothenburg,NLRTM,Rotterdam,1,1,"CMA CGM; COSCO; Evergreen Line; OOCL; X-Press; Yang Ming",6,1,1008,234,1008,1008,2,2,2,{2}
2024-03-31,SEGOT,Gothenburg,SEHEL,Helsingborg,2,2,"CMA CGM; Maersk Line; ONE; OOCL; Unifeeder; X-Press",6,2,1360,144,660,700,1,1,1,"{1,1}"
2024-03-31,SEGVX,Gavle,DEBRV,Bremerhaven,3,2,"CMA CGM; Evergreen Line; Hapag-Lloyd; Maersk Line; MSC; OOCL; Unifeeder",7,8,4520,801.6666666666667,1036,2800,2,3,3,"{2,3,3}"
2024-03-31,SEGVX,Gavle,LVRIX,Riga,1,1,"CMA CGM",1,2,2204.5,602,1922,2487,1,1,1,{1}
2024-03-31,SEHAD,Halmstad,DKCPH,Copenhagen,1,1,"CMA CGM",1,1,868,234,868,868,0,0,0,{0}
2024-03-31,SEHEL,Helsingborg,BEANR,Antwerp,1,1,"CMA CGM; Maersk Line; OOCL; Unifeeder",4,1,660,,660,660,2,2,2,{2}
2024-03-31,SEHEL,Helsingborg,DEHAM,Hamburg,1,1,"CMA CGM; ONE; X-Press",3,1,700,144,700,700,3,3,3,{3}
2024-03-31,SEHEL,Helsingborg,DKAAR,Aarhus,1,1,"Eimskip; Royal Arctic Line",2,3,2148,500,2148,2148,1,1,1,{1}
2024-03-31,SEHEL,Helsingborg,DKCPH,Copenhagen,2,2,"CMA CGM; COSCO; Evergreen Line; Hapag-Lloyd; OOCL; SeaLand; Unifeeder",7,2,1736,384,868,868,0,0.5,1,"{1,0}"
2024-03-31,SEHEL,Helsingborg,PLSZZ,Szczecin,1,1,"CMA CGM; OOCL; Unifeeder",3,1,658,150,658,658,1,1,1,{1}
2024-03-31,SEHEL,Helsingborg,SEGOT,Gothenburg,1,1,MSC,1,1,1719,400,1719,1719,0,0,0,{0}
2024-03-31,SEIGG,Iggesund,DEKEL,Kiel,1,1,"SCA Logistics",1,3,36,,36,36,2,2,2,{2}
2024-03-31,SEMMA,Malmo,SEAHU,Ahus,1,1,"CMA CGM; X-Press",2,1,658,100,658,658,1,1,1,{1}
2024-03-31,SEMMA,Malmo,SEUME,Umea,1,1,"SCA Logistics",1,3,36,,36,36,2,2,2,{2}
2024-03-31,SENRK,Norrköping,SEGVX,Gavle,2,2,"CMA CGM; Evergreen Line; Hapag-Lloyd; Maersk Line; OOCL; Unifeeder",6,5,3300.5,835.3333333333334,1036,2487,1,1,1,"{1,1}"
2024-03-31,SENRK,Norrköping,SESTO,Stockholm,1,1,MSC,1,2,2328,335,1856,2800,1,1,1,{1}
2024-03-31,SEOXE,Oxelosund,SEUME,Umea,1,1,"SCA Logistics",1,3,36,,36,36,1,1,1,{1}
2024-03-31,SESDL,Sundsvall,DEKEL,Kiel,1,1,"SCA Logistics",1,3,36,,36,36,2,2,2,{2}
2024-03-31,SESOE,Sodertalje,DEHAM,Hamburg,1,1,"CMA CGM; X-Press",2,1,658,100,658,658,2,2,2,{2}
2024-03-31,SESTO,Stockholm,SEGVX,Gavle,1,1,MSC,1,2,2328,335,1856,2800,0,0,0,{0}
2024-03-31,SEUME,Umea,GBTIL,Tilbury,1,1,"SCA Logistics",1,3,36,,36,36,5,5,5,{5}
2024-03-31,SEUME,Umea,SESDL,Sundsvall,1,1,"SCA Logistics",1,3,36,,36,36,1,1,1,{1}
2024-03-31,SGSIN,Singapore,AEAUH,"Abu Dhabi",1,1,"CMA CGM; CNC Line-Cheng Lie Navigation Co. Ltd.; COSCO; Evergreen Line; OOCL",5,7,10978.142857142857,898.5714285714286,9452,12917,8,8,8,{8}
2024-03-31,SGSIN,Singapore,AEJEA,"Dubai, Jebel Ali",3,3,"APL; CMA CGM; CNC Line-Cheng Lie Navigation Co. Ltd.; COSCO; Evergreen Line; Hapag-Lloyd; Hyundai; MSC; ONE; OOCL; PIL; Yang Ming",12,25,49214.619047619046,2647.6190476190477,13092,20988,7,11,11,"{11,7,11}"
2024-03-31,SGSIN,Singapore,AUBNE,Brisbane,2,2,"ANL; COSCO; Hapag-Lloyd; Maersk Line; ONE; OOCL; PIL",7,11,10048.333333333332,864.5333333333333,4253,6574,10,11.5,13,"{13,10}"
2024-03-31,SGSIN,Singapore,AUFRE,Fremantle,3,3,"ANL; Austral Asia Line; COSCO; Maersk Line; ONE; OOCL",6,9,10316.809523809523,778.5714285714286,979,5006,7,8,12,"{8,7,12}"
2024-03-31,SGSIN,Singapore,AUMEL,Melbourne,2,2,"ANL; COSCO; Hapag-Lloyd; Maersk Line; ONE; OOCL; PIL; Yang Ming",8,12,12505.571428571428,1155.942857142857,4211,9010,8,10,12,"{8,12}"
2024-03-31,SGSIN,Singapore,AUSYD,Sydney,1,1,"Maersk Line; ONE",2,7,6044.428571428572,1329.4285714285713,5905,6881,11,11,11,{11}
2024-03-31,SGSIN,Singapore,BDCGP,Chittagong,8,8,"APL; CMA CGM; CNC Line-Cheng Lie Navigation Co. Ltd.; COSCO; MSC; ONE; OOCL; PIL; Samudera; Yang Ming",10,14,18934.3,2915,728,2782,4,5,5,"{5,4,4,5,5,5,5,5}"
2024-03-31,SGSIN,Singapore,BRRIO,"Rio de Janeiro",1,1,"CMA CGM; COSCO; Evergreen Line; OOCL; PIL; Yang Ming",6,13,10635,1152.6153846153845,8452,14092,22,22,22,{22}
2024-03-31,SGSIN,Singapore,BRSSZ,Santos,3,3,"CMA CGM; COSCO; Evergreen Line; Hamburg Sud; Hapag-Lloyd; Maersk Line; MSC; ONE; OOCL; PIL; ZIM",11,38,31008.115384615387,3913.3589743589746,6606,13264,22,23,24,"{23,22,24}"
2024-03-31,SGSIN,Singapore,CGPNR,"Pointe Noire",1,1,"CMA CGM; CNC Line-Cheng Lie Navigation Co. Ltd.; COSCO; Hapag-Lloyd; Maersk Line; OOCL",6,12,8534.583333333334,703,8269,8845,23,23,23,{23}
2024-03-31,SGSIN,Singapore,CNDCB,"Da Chan Bay",1,1,"Hyundai; Sinokor",2,9,7235.111111111111,277.77777777777777,6763,8652,5,5,5,{5}
2024-03-31,SGSIN,Singapore,CNNGB,Ningbo,2,2,"Hyundai; Maersk Line; SeaLand; Sinokor; X-Press",5,11,6389.266666666666,774.0666666666666,1714,5018,6,7,8,"{6,8}"
2024-03-31,SGSIN,Singapore,CNNSA,Nansha,3,3,"APL; CMA CGM; CNC Line-Cheng Lie Navigation Co. Ltd.; COSCO; Gold Star Line; Hapag-Lloyd; Maersk Line; ONE; PIL; SeaLand; ZIM",11,19,13382.857142857143,1374.238095238095,2742,5928,4,5,5,"{5,5,4}"
2024-03-31,SGSIN,Singapore,CNQZH,Qinzhou,2,2,"COSCO; PIL",2,4,2495,243.5,777,1785,5,6,7,"{5,7}"
2024-03-31,SGSIN,Singapore,CNSHA,Shanghai,11,11,"APL; CMA CGM; CNC Line-Cheng Lie Navigation Co. Ltd.; COSCO; Evergreen Line; Gold Star Line; Hapag-Lloyd; Hyundai; Maersk Line; MSC; ONE; OOCL; PIL; SeaLand; Wan Hai; Yang Ming; ZIM",17,102,92451.53241758244,4747.125152625153,2008,23656,5,7,9,"{7,6,7,9,7,7,7,7,7,5,6}"
2024-03-31,SGSIN,Singapore,CNSHK,Shekou,2,2,"CMA CGM; CNC Line-Cheng Lie Navigation Co. Ltd.; COSCO; Hapag-Lloyd; Maersk Line; MSC; OOCL; SeaLand",8,28,24631.333333333336,2146.25,8888,19224,4,4.5,5,"{5,4}"
2024-03-31,SGSIN,Singapore,CNTAO,Qingdao,9,9,"APL; CMA CGM; CNC Line-Cheng Lie Navigation Co. Ltd.; COSCO; Emirates Shipping; Evergreen Line; Gold Star Line; Hapag-Lloyd; KMTC; Maersk Line; MSC; ONE; OOCL; RCL; X-Press; ZIM",16,90,94704.15442890443,7049.23717948718,2824,23112,6,8,11,"{8,11,8,9,7,10,7,6,9}"
2024-03-31,SGSIN,Singapore,CNTXG,Xingang/Tianjin,5,5,"COSCO; Evergreen Line; Feedertech; Hapag-Lloyd; Hyundai; KMTC; Maersk Line; MSC; ONE; OOCL; PIL; Samudera; SeaLand; TS Lines; Yang Ming",15,53,50098.27083333333,3003.407738095238,3889,23964,4,8,10,"{9,10,5,8,4}"
2024-03-31,SGSIN,Singapore,CNXMN,Xiamen,2,2,"CMA CGM; CNC Line-Cheng Lie Navigation Co. Ltd.; Maersk Line; MSC; SeaLand; ZIM",6,25,21949.576923076922,1416.3141025641025,6730,15294,5,5,5,"{5,5}"
2024-03-31,SGSIN,Singapore,CNYTN,Yantian,3,3,"CMA CGM; CNC Line-Cheng Lie Navigation Co. Ltd.; COSCO; Evergreen Line; Hapag-Lloyd; Hyundai; Maersk Line; MSC; ONE; OOCL; SeaLand; Yang Ming",12,42,65017.14139194139,3282.910622710622,2506,24188,3,4,5,"{3,5,4}"
2024-03-31,SGSIN,Singapore,DJJIB,Djibouti,1,1,"APL; CMA CGM; CNC Line-Cheng Lie Navigation Co. Ltd.; Evergreen Line; OOCL",5,8,4254,194.75,4132,4380,10,10,10,{10}
2024-03-31,SGSIN,Singapore,EGALY,Alexandria,2,2,"APL; CMA CGM; CNC Line-Cheng Lie Navigation Co. Ltd.; COSCO; Evergreen Line; OOCL",6,24,22058.928571428572,1852.2857142857142,5250,14414,30,31,32,"{32,30}"
2024-03-31,SGSIN,Singapore,EGDAM,Damietta,1,1,"ANL; APL; CMA CGM; COSCO; Evergreen Line; Hapag-Lloyd; Hyundai; ONE; OOCL; Yang Ming",10,17,8058.705882352941,746.2352941176471,8212,9040,14,14,14,{14}
2024-03-31,SGSIN,Singapore,EGPSD,"Port Said",2,2,"Maersk Line; MSC; SeaLand",3,32,29721.1875,1879.5625,15150,19224,29,30,31,"{29,31}"
2024-03-31,SGSIN,Singapore,ESVLC,Valencia,1,1,"Maersk Line; MSC; SeaLand",3,14,23757.428571428572,1667.4285714285713,23656,24116,27,27,27,{27}
2024-03-31,SGSIN,Singapore,FRLEH,"Le Havre",1,1,"CMA CGM; CNC Line-Cheng Lie Navigation Co. Ltd.; COSCO; Evergreen Line; OOCL",5,15,17776.466666666667,1175.0666666666668,17292,20600,26,26,26,{26}
2024-03-31,SGSIN,Singapore,GBFXT,Felixstowe,1,1,"CMA CGM; CNC Line-Cheng Lie Navigation Co. Ltd.; COSCO; Evergreen Line; OOCL",5,13,20323.846153846152,534.6153846153846,2506,24188,33,33,33,{33}
2024-03-31,SGSIN,Singapore,GHTEM,Tema,3,3,"COSCO; Gold Star Line; MSC; ONE; OOCL; PIL; ZIM",7,37,21485.608974358976,1353.820512820513,2008,16616,20,25,26,"{26,25,20}"
2024-03-31,SGSIN,Singapore,GRPIR,Piraeus,4,4,"CMA CGM; CNC Line-Cheng Lie Navigation Co. Ltd.; COSCO; Evergreen Line; Hapag-Lloyd; Hyundai; ONE; OOCL; Yang Ming",9,48,68610.6993006993,2980.9358974358975,11888,21413,11,13,28,"{11,12,14,28}"
2024-03-31,SGSIN,Singapore,HKHKG,"Hong Kong",16,16,"APL; CMA CGM; CNC Line-Cheng Lie Navigation Co. Ltd.; COSCO; Evergreen Line; Gold Star Line; Hamburg Sud; Hapag-Lloyd; Heung-A; Hyundai; IAL-Interasia Lines; KMTC; Maersk Line; MSC; ONE; OOCL; PIL; RCL; Wan Hai; Yang Ming; ZIM",21,148,122135.50256410257,11305.257081807082,2540,16010,3,4,6,"{6,4,4,5,3,5,4,4,3,4,4,6,5,4,4,4}"
2024-03-31,SGSIN,Singapore,IDJKT,"Jakarta, Java",9,9,"APL; CMA CGM; CNC Line-Cheng Lie Navigation Co. Ltd.; COSCO; Hapag-Lloyd; Heung-A; KMTC; Maersk Line; MSC; ONE; OOCL; SeaLand; Sinokor; Wan Hai; ZIM",15,45,39186.764285714286,4071.6238095238095,1728,7117,2,2,3,"{2,3,2,2,2,3,2,2,2}"
2024-03-31,SGSIN,Singapore,IDSRG,"Semarang, Java",1,1,MSC,1,7,3047.8571428571427,479.42857142857144,2474,4268,4,4,4,{4}
2024-03-31,SGSIN,Singapore,IDSUB,"Surabaya, Java",2,2,"ANL; APL; CMA CGM; MSC",4,7,3849.3714285714286,709.8,618,2824,3,4,5,"{5,3}"
2024-03-31,SGSIN,Singapore,INCCU,Kolkata,4,4,"CMA CGM; ONE; OOCL; PIL; Samudera; SOL; Yang Ming",7,10,3321.666666666667,452.4761904761905,600,1528,5,6.5,11,"{8,5,11,5}"
2024-03-31,SGSIN,Singapore,INENR,Ennore,1,1,"ANL; APL; CMA CGM; MSC",4,16,8965.6875,796.5,8269,9572,4,4,4,{4}
2024-03-31,SGSIN,Singapore,INKAT,Kattupalli,1,1,Hyundai,1,12,5167.666666666667,485,4728,6763,4,4,4,{4}
2024-03-31,SGSIN,Singapore,INNSA,"Mumbai (Nhava Sheva)",2,2,"APL; CMA CGM; CNC Line-Cheng Lie Navigation Co. Ltd.; COSCO; Gold Star Line; ONE; OOCL; RCL; Samudera; X-Press; ZIM",11,11,10753.321428571428,1020.3571428571429,2542,8586,7,7,7,"{7,7}"
2024-03-31,SGSIN,Singapore,ITGIT,"Gioia Tauro",1,1,MSC,1,17,13916.64705882353,643.1176470588235,12400,16652,28,28,28,{28}
2024-03-31,SGSIN,Singapore,JPTYO,Tokyo,1,1,"Hapag-Lloyd; ONE",2,4,4650.5,322.5,4432,5014,8,8,8,{8}
2024-03-31,SGSIN,Singapore,JPUKB,Kobe,1,1,"ANL; APL; CMA CGM; COSCO; Evergreen Line; Hapag-Lloyd; Hyundai; ONE; OOCL; Yang Ming",10,17,8058.705882352941,746.2352941176471,8212,9040,7,7,7,{7}
2024-03-31,SGSIN,Singapore,KRPUS,Busan,1,1,"Hapag-Lloyd; Hyundai; ONE; Yang Ming",4,13,18733.53846153846,1115.3846153846155,14993,20150,5,5,5,{5}
2024-03-31,SGSIN,Singapore,LKCMB,Colombo,7,7,"APL; CMA CGM; CNC Line-Cheng Lie Navigation Co. Ltd.; COSCO; Evergreen Line; Gold Star Line; Hapag-Lloyd; Hyundai; MSC; ONE; OOCL; RCL; Wan Hai; Yang Ming; ZIM",15,73,74211.01666666668,3913.5974358974354,4392,20150,4,4,6,"{4,6,4,5,4,4,4}"
2024-03-31,SGSIN,Singapore,MAPTM,Tanger,2,2,"CMA CGM; CNC Line-Cheng Lie Navigation Co. Ltd.; COSCO; Evergreen Line; Hapag-Lloyd; Hyundai; ONE; OOCL; Yang Ming",9,27,40596.75274725274,2943.813186813187,14993,23112,24,25.5,27,"{24,27}"
2024-03-31,SGSIN,Singapore,MTMAR,"Malta (Marsaxlokk)",1,1,"APL; CMA CGM; CNC Line-Cheng Lie Navigation Co. Ltd.; COSCO; Evergreen Line; OOCL",6,13,15157.53846153846,1203.3846153846155,13208,17292,28,28,28,{28}
2024-03-31,SGSIN,Singapore,MYBTU,"Bintulu, Sarawak",1,1,"Maersk Line; SeaLand",2,3,1753.3333333333333,316.6666666666667,1730,1798,2,2,2,{2}
2024-03-31,SGSIN,Singapore,MYPEN,Penang,1,1,MSC,1,5,2881.4,436.4,2524,3534,5,5,5,{5}
2024-03-31,SGSIN,Singapore,MYPGU,"Pasir Gudang, Johor",1,1,"Evergreen Line; IAL-Interasia Lines; KMTC; Wan Hai",4,6,3973.8333333333335,359.6666666666667,3013,4890,0,0,0,{0}
2024-03-31,SGSIN,Singapore,MYPKG,"Port Klang",41,41,"ANL; APL; BTL-Bengal Tiger Line; CMA CGM; CNC Line-Cheng Lie Navigation Co. Ltd.; COSCO; CULines-China United Lines; Emirates Shipping; Evergreen Line; Feedertech; Gold Star Line; Hapag-Lloyd; Heung-A; Hyundai; IAL-Interasia Lines; KMTC; Namsung; ONE; OOCL; PIL; RCL; Samudera; Sinokor; SITC Shipping; SOL; TS Lines; Unifeeder; Wan Hai; X-Press; Yang Ming; ZIM",31,210,186543.79920634918,18478.492063492064,917,16020,0,1,3,"{1,1,0,1,1,1,1,1,1,1,2,1,0,1,0,1,2,1,0,2,1,2,0,2,0,1,1,1,2,1,3,1,1,1,2,1,1,1,1,1,1}"
2024-03-31,SGSIN,Singapore,MYTPP,"Tanjung Pelepas",16,15,"CMA CGM; CNC Line-Cheng Lie Navigation Co. Ltd.; COSCO; Evergreen Line; Maersk Line; MSC; ONE; OOCL; SeaLand; X-Press; ZIM",11,115,67570.99398656898,7867.36330891331,1049,15294,0,1,3,"{0,0,0,1,1,1,2,2,1,1,1,3,0,0,0,1}"
2024-03-31,SGSIN,Singapore,NLRTM,Rotterdam,2,2,"CMA CGM; CNC Line-Cheng Lie Navigation Co. Ltd.; COSCO; Evergreen Line; Hapag-Lloyd; Hyundai; ONE; OOCL; Yang Ming",9,28,44292.482051282044,1203.9435897435897,14952,24136,25,28,31,"{31,25}"
2024-03-31,SGSIN,Singapore,NZAKL,Auckland,1,1,"ANL; APL; CMA CGM; COSCO; OOCL; PIL",6,6,4691.333333333333,559.8333333333334,4250,5250,13,13,13,{13}
2024-03-31,SGSIN,Singapore,PGPOM,"Port Moresby",2,2,"Carpenters Shipping; Swire Shipping",2,6,9820.809523809523,1347.1904761904761,1678,2381,10,10,10,"{10,10}"
2024-03-31,SGSIN,Singapore,PHMNN,"Manila North Harbor",2,2,"CMA CGM; COSCO; CULines-China United Lines; Evergreen Line; Hapag-Lloyd; KMTC; OOCL; RCL; TS Lines; Unifeeder",10,10,8627,818.3333333333333,2910,6456,3,3.5,4,"{4,3}"
2024-03-31,SGSIN,Singapore,PHSFS,"Subic Bay",1,1,MSC,1,6,4261.333333333333,575,3739,4549,5,5,5,{5}
2024-03-31,SGSIN,Singapore,PKKHI,Karachi,1,1,"OOCL; Yang Ming",2,6,4442.833333333333,418.3333333333333,4250,4662,7,7,7,{7}
2024-03-31,SGSIN,Singapore,SAJED,Jeddah,3,3,"APL; CMA CGM; CNC Line-Cheng Lie Navigation Co. Ltd.; COSCO; Evergreen Line; Hapag-Lloyd; Hyundai; ONE; OOCL; PIL; Yang Ming",11,37,38983.984615384616,1473.9948717948719,6258,15500,10,11,27,"{27,10,11}"
2024-03-31,SGSIN,Singapore,THLCH,"Laem Chabang",11,11,"APL; BTL-Bengal Tiger Line; CMA CGM; CNC Line-Cheng Lie Navigation Co. Ltd.; COSCO; Evergreen Line; Hapag-Lloyd; Hyundai; Maersk Line; MSC; ONE; OOCL; PIL; RCL; Samudera; SeaLand; X-Press; Yang Ming; ZIM",19,114,112112.96587301587,7724.9148962148965,2478,24346,2,4,5,"{2,3,4,3,4,2,4,5,5,4,4}"
2024-03-31,SGSIN,Singapore,TWKHH,Kaohsiung,6,6,"APL; CMA CGM; CNC Line-Cheng Lie Navigation Co. Ltd.; COSCO; Evergreen Line; Hapag-Lloyd; Hyundai; IAL-Interasia Lines; Maersk Line; ONE; SeaLand; Wan Hai; Yang Ming",13,44,40640.192307692305,3338.969230769231,2754,14100,2,5,5,"{5,2,5,5,5,5}"
2024-03-31,SGSIN,Singapore,TZDAR,"Dar es Salaam",1,1,"Gold Star Line; Hapag-Lloyd; ONE; PIL; ZIM",5,9,2814.6666666666665,209.55555555555551,2664,3566,17,17,17,{17}
2024-03-31,SGSIN,Singapore,USNYC,"New York NY/NJ",1,1,"Maersk Line; MSC; SeaLand; ZIM",4,13,8396.76923076923,706.3076923076923,8112,11088,32,32,32,{32}
2024-03-31,SGSIN,Singapore,VNHPH,Haiphong,3,3,"COSCO; CULines-China United Lines; Evergreen Line; IAL-Interasia Lines; ONE; OOCL; PIL; RCL; Samudera; Wan Hai",10,13,10434.266666666666,887.6666666666667,851,5652,3,3,5,"{3,3,5}"
2024-03-31,SGSIN,Singapore,VNSGN,"Ho Chi Minh (VICT/Cat Lai)",4,4,"COSCO; Evergreen Line; Hyundai; Maersk Line; Namsung; ONE; PIL; SeaLand; TS Lines",9,19,9650.85,1373.1,1708,2806,1,2,3,"{2,1,2,3}"
2024-03-31,SGSIN,Singapore,VNVUT,"Cai Mep",4,4,"APL; CMA CGM; CNC Line-Cheng Lie Navigation Co. Ltd.; COSCO; Evergreen Line; Gold Star Line; Hapag-Lloyd; Hyundai; ONE; OOCL; Samudera; Wan Hai; X-Press; Yang Ming; ZIM",15,32,30354.466666666664,2482.3,4228,9592,2,2.5,4,"{2,4,2,3}"
2024-03-31,SGSIN,Singapore,ZADUR,Durban,2,2,"COSCO; Evergreen Line; Gold Star Line; Hapag-Lloyd; ONE; OOCL; PIL; ZIM",8,17,9420.305555555555,813.3055555555555,3889,6350,14,15.5,17,"{17,14}"
2024-03-31,SIKOP,Koper,CNTAO,Qingdao,1,1,"Tailwind Shipping Lines",1,6,9160.333333333334,1143,4957,6296,38,38,38,{38}
2024-03-31,SIKOP,Koper,GRPIR,Piraeus,1,1,"APL; CMA CGM; COSCO; Evergreen Line; Hapag-Lloyd; OOCL; Tarros; Unimed Feeder Services-UFS; X-Press",9,4,2593.25,390,1868,2926,2,2,2,{2}
2024-03-31,SIKOP,Koper,HRRJK,Rijeka,1,1,MSC,1,2,2254.5,444,1685,2824,0,0,0,{0}
2024-03-31,SIKOP,Koper,ITRAN,Ravenna,1,1,"Maersk Line; MSC; SeaLand",3,3,1209.7619047619048,142.85714285714286,820,2207,0,0,0,{0}
2024-03-31,SIKOP,Koper,ITTRS,Trieste,5,5,"APL; CMA CGM; CNC Line-Cheng Lie Navigation Co. Ltd.; COSCO; Evergreen Line; Maersk Line; MSC; ONE; OOCL; SeaLand; Yang Ming",11,34,32852.556547619046,2611.122023809524,1078,15516,0,0,0,"{0,0,0,0,0}"
2024-03-31,SIKOP,Koper,ITVCE,Venice,3,3,"CMA CGM; COSCO; Hapag-Lloyd; OOCL; X-Press; Yang Ming; ZIM",7,8,5694.5,913,1061,3534,0,1,1,"{1,1,0}"
2024-03-31,SIKOP,Koper,MEBAR,Bar,1,1,"CMA CGM",1,4,1345.75,310.5,1267,1440,2,2,2,{2}
2024-03-31,SLFNA,Freetown,GNCKY,Conakry,1,1,"Maersk Line; SeaLand",2,3,3551.3333333333335,500,3534,3586,1,1,1,{1}
2024-03-31,SLFNA,Freetown,MAPTM,Tanger,1,1,"CMA CGM",1,5,3309.4,487.8,3091,3534,7,7,7,{7}
2024-03-31,SLFNA,Freetown,MRNKC,Nouakchott,1,1,"Arkas Line; Hapag-Lloyd",2,3,1801.3333333333333,264.6666666666667,1732,1932,0,0,0,{0}
2024-03-31,SNDKR,Dakar,CIABJ,Abidjan,3,3,"CMA CGM; Grimaldi Lines; MSC",3,18,13184.267857142857,1029.5833333333333,1318,5888,3,4,7,"{4,3,7}"
2024-03-31,SNDKR,Dakar,ESALG,Algeciras,1,1,"Maersk Line; SeaLand",2,3,3128.6666666666665,447.6666666666667,2496,4132,12,12,12,{12}
2024-03-31,SNDKR,Dakar,ESLPA,"Las Palmas, Can Is",1,1,MSC,1,8,5684.125,526.25,5550,5888,2,2,2,{2}
2024-03-31,SNDKR,Dakar,GBTIL,Tilbury,1,1,"CMA CGM",1,6,4408,503.3333333333333,4253,4957,11,11,11,{11}
2024-03-31,SNDKR,Dakar,GNCKY,Conakry,2,2,"CMA CGM; MSC",2,11,5805.257142857143,673.5142857142857,2440,3534,2,2,2,"{2,2}"
2024-03-31,SNDKR,Dakar,TGLFW,Lome,2,2,"Grimaldi Lines",1,6,5309.952380952382,,612,1321,4,5,6,"{6,4}"
2024-03-31,SOBBO,Berbera,DJJIB,Djibouti,2,2,"CMA CGM; Global Feeder Shipping; Hapag-Lloyd",3,6,3739.333333333333,488.33333333333337,1302,2452,1,1,1,"{1,1}"
2024-03-31,SOBBO,Berbera,INMUN,Mundra,1,1,"Feedertech; PIL",2,3,1631.6666666666667,320,1080,2007,5,5,5,{5}
2024-03-31,SRPBM,Paramaribo,ECPBO,"Puerto Bolivar EC",1,1,"Europe Caribbean Line; Seatrade",2,7,331.85714285714283,86.28571428571429,72,439,8,8,8,{8}
2024-03-31,SRPBM,Paramaribo,GYGEO,"Georgetown, Guyana",2,2,"CMA CGM; COSCO; Europe Caribbean Line",3,7,1800.857142857143,276.6666666666667,336,1296,1,2,3,"{3,1}"
2024-03-31,SRPBM,Paramaribo,TTPOS,"Port of Spain",1,1,"Caribbean Feeder; Hapag-Lloyd; Maersk Line; SeaLand; ZIM",5,3,1782.6666666666667,316.6666666666667,1730,1809,2,2,2,{2}
2024-03-31,SRPBM,Paramaribo,USMIA,"Miami FL",1,1,"Seaboard Marine",1,2,1114,220,1114,1114,2,2,2,{2}
2024-03-31,SRPBM,Paramaribo,USPAB,"Palm Beach FL",1,1,"Tropical Shipping",1,2,1148,260,1148,1148,5,5,5,{5}
2024-03-31,STTMS,"Sao Tome",AOLAD,Luanda,1,1,PSL,1,2,5473,687.1428571428571,1118,1829,5,5,5,{5}
2024-03-31,SVAQJ,Acajutla,CRCAL,"Puerto Caldera",1,1,"COSCO; Evergreen Line; OOCL; ZIM",4,4,2286.25,465.5,1714,2546,1,1,1,{1}
2024-03-31,SVAQJ,Acajutla,NICIO,Corinto,1,1,"Hapag-Lloyd; ONE",2,5,2115.6,340,2586,2664,1,1,1,{1}
2024-03-31,SVAQJ,Acajutla,PABLB,Balboa,2,2,"APL; CMA CGM; Maersk Line; ONE; SeaLand; X-Press; ZIM",7,6,4377,819.3333333333333,1402,2546,3,3,3,"{3,3}"
2024-03-31,SXSXM,"St Maarten",AGSJO,"St John's, Antigua",2,2,"CMA CGM; Tropical Shipping",2,5,1681.8333333333335,340.33333333333337,677,973,1,1,1,"{1,1}"
2024-03-31,SXSXM,"St Maarten",BBBGI,Bridgetown,1,1,"APL; CMA CGM",2,3,1168,276.6666666666667,1102,1284,1,1,1,{1}
2024-03-31,SXSXM,"St Maarten",DOSDQ,"Santo Domingo",1,1,Marfret,1,1,500,125,500,500,3,3,3,{3}
2024-03-31,SXSXM,"St Maarten",GPPTP,Pointe-a-Pitre,1,1,"CMA CGM",1,1,120,24,120,120,1,1,1,{1}
2024-03-31,SXSXM,"St Maarten",KNBAS,"Basseterre, St Kitts",1,1,"King Ocean; Seaboard Marine",2,2,1296,195,1296,1296,1,1,1,{1}
2024-03-31,SXSXM,"St Maarten",VGRAD,Tortola,2,2,"CMA CGM; Tropical Shipping",2,3,1236.5,279,120,1148,1,1,1,"{1,1}"
2024-03-31,SXSXM,"St Maarten",VISTT,"St Thomas VI",1,1,"CMA CGM",1,1,120,24,120,120,0,0,0,{0}
2024-03-31,SYLTK,Lattakia,LBBEY,Beirut,2,2,"Arkas Line; CMA CGM; Messina; Tarros",4,8,2553.666666666667,365.3333333333333,847,1930,0,1,2,"{2,0}"
2024-03-31,SYLTK,Lattakia,TRMER,Mersin,1,1,"Arkas Line; CMA CGM; Hapag-Lloyd; Maersk Line; OOCL; SeaLand",6,4,2469,381,2442,2478,2,2,2,{2}
2024-03-31,SYTTS,Tartus,SYLTK,Lattakia,1,1,"CMA CGM",1,2,861,89,847,875,0,0,0,{0}
2024-03-31,TCPLS,Providenciales,TCXSC,"South Caicos, Cockburn Harbour",1,1,"Tropical Shipping",1,1,157,,157,157,1,1,1,{1}
2024-03-31,TCPLS,Providenciales,USPAB,"Palm Beach FL",1,1,"Tropical Shipping",1,1,306,66,306,306,4,4,4,{4}
2024-03-31,TCXSC,"South Caicos, Cockburn Harbour",USPAB,"Palm Beach FL",1,1,"Tropical Shipping",1,1,157,,157,157,4,4,4,{4}
2024-03-31,TGLFW,Lome,AOLAD,Luanda,1,1,"Grimaldi Lines",1,3,2830.714285714286,,1321,1321,3,3,3,{3}
2024-03-31,TGLFW,Lome,BJCOO,Cotonou,2,2,"APL; CMA CGM; Grimaldi Lines; Marguisa; Naviera DAL",5,10,6452.642857142857,433.1666666666667,1318,3600,0,1.5,3,"{0,3}"
2024-03-31,TGLFW,Lome,CIABJ,Abidjan,2,2,MSC,1,21,20319.81730769231,1572.4038461538462,5550,16616,1,1,1,"{1,1}"
2024-03-31,TGLFW,Lome,CMDLA,Douala,1,1,"Grimaldi Lines",1,3,2479.2380952380954,,612,1321,4,4,4,{4}
2024-03-31,TGLFW,Lome,MYPKG,"Port Klang",2,2,"COSCO; Gold Star Line; ONE; OOCL; PIL; ZIM",6,24,8409.916666666666,555.75,2824,5071,24,24,24,"{24,24}"
2024-03-31,TGLFW,Lome,NGAPP,Apapa,2,2,"CMA CGM; CNC Line-Cheng Lie Navigation Co. Ltd.; Maersk Line",3,13,9665.444444444445,727.6111111111111,4496,7117,1,1.5,2,"{2,1}"
2024-03-31,TGLFW,Lome,NGTIN,"Lagos, Tin Can",3,3,"MSC; PIL",2,26,15308.041666666666,1210.2500000000002,3889,6008,1,1,3,"{1,1,3}"
2024-03-31,THBKK,"Bangkok (Old Port)",JPUKB,Kobe,1,1,"CNC Line-Cheng Lie Navigation Co. Ltd.; TS Lines",2,4,1680.5,340,1096,1909,11,11,11,{11}
2024-03-31,THBKK,"Bangkok (Old Port)",KHKOS,Sihanoukville,1,1,"Gold Star Line; Jin Jiang; ZIM",3,3,1752.3333333333333,152.66666666666666,1608,1868,1,1,1,{1}
2024-03-31,THBKK,"Bangkok (Old Port)",THLCH,"Laem Chabang",27,27,"APL; CK Line; CMA CGM; CNC Line-Cheng Lie Navigation Co. Ltd.; COSCO; CULines-China United Lines; Dongjin Shipping; Evergreen Line; Heung-A; Hyundai; IAL-Interasia Lines; KMTC; Maersk Line; Namsung; ONE; OOCL; PanCon; PanOcean; RCL; SeaLand; Sinokor; Sinotrans; SITC Shipping; SM Line; TS Lines; Wan Hai; Yang Ming",27,92,47405.95,5779.666666666667,1038,2208,0,1,2,"{0,1,1,1,1,1,1,1,1,1,1,1,0,1,2,1,1,0,1,1,1,1,1,1,1,1,0}"
2024-03-31,THLCH,"Laem Chabang",CNNGB,Ningbo,2,2,"COSCO; Maersk Line; MSC; OOCL; RCL; SeaLand",6,17,22243,738.6666666666666,1223,24346,6,7.5,9,"{9,6}"
2024-03-31,THLCH,"Laem Chabang",CNNSA,Nansha,3,3,"CMA CGM; CNC Line-Cheng Lie Navigation Co. Ltd.; COSCO; IAL-Interasia Lines; OOCL; Wan Hai",6,8,10043.666666666668,1242.25,1774,4250,4,4,4,"{4,4,4}"
2024-03-31,THLCH,"Laem Chabang",CNQZH,Qinzhou,1,1,"Maersk Line; SeaLand; Wan Hai; Yang Ming",4,3,1779.6666666666667,335.3333333333333,1730,1809,3,3,3,{3}
2024-03-31,THLCH,"Laem Chabang",CNSHA,Shanghai,1,1,"CNC Line-Cheng Lie Navigation Co. Ltd.; Evergreen Line",2,4,1920.25,52.5,1809,1984,6,6,6,{6}
2024-03-31,THLCH,"Laem Chabang",CNSHK,Shekou,3,3,"KMTC; ONE; OOCL; PanOcean; SITC Shipping; SM Line; Yang Ming",7,10,9048.333333333334,1026.75,1708,4583,4,4,6,"{4,4,6}"
2024-03-31,THLCH,"Laem Chabang",HKHKG,"Hong Kong",7,7,"APL; CK Line; CMA CGM; CNC Line-Cheng Lie Navigation Co. Ltd.; COSCO; Evergreen Line; Gold Star Line; Heung-A; Hyundai; KMTC; ONE; OOCL; Sinokor; TS Lines; Wan Hai; Yang Ming; ZIM",17,23,16924.333333333332,2112.583333333333,1585,5688,3,4,4,"{4,3,4,4,4,4,4}"
2024-03-31,THLCH,"Laem Chabang",IDJKT,"Jakarta, Java",1,1,"KMTC; Namsung; Sinokor",3,4,2600.5,229.75,2500,2806,3,3,3,{3}
2024-03-31,THLCH,"Laem Chabang",MYPKG,"Port Klang",1,1,MSC,1,5,2620.8,509.8,2524,2824,2,2,2,{2}
2024-03-31,THLCH,"Laem Chabang",PHMNN,"Manila North Harbor",1,1,"APL; CMA CGM; CNC Line-Cheng Lie Navigation Co. Ltd.; COSCO; Hyundai",5,5,1817.4,211.6,1756,1952,5,5,5,{5}
2024-03-31,THLCH,"Laem Chabang",SGSIN,Singapore,8,8,"BTL-Bengal Tiger Line; CMA CGM; COSCO; Evergreen Line; Feedertech; Hyundai; Maersk Line; MSC; ONE; OOCL; PIL; RCL; Samudera; X-Press; Yang Ming; ZIM",16,49,36495.200000000004,3916.366666666667,777,9962,2,4,5,"{5,5,5,4,4,2,4,3}"
2024-03-31,THLCH,"Laem Chabang",THBKK,"Bangkok (Old Port)",23,23,"APL; CK Line; CMA CGM; CNC Line-Cheng Lie Navigation Co. Ltd.; COSCO; CULines-China United Lines; Dongjin Shipping; Evergreen Line; Gold Star Line; Heung-A; Hyundai; IAL-Interasia Lines; Jin Jiang; KMTC; Maersk Line; Namsung; ONE; OOCL; PanCon; PanOcean; RCL; SeaLand; Sinokor; SITC Shipping; SM Line; TS Lines; Wan Hai; Yang Ming; ZIM",29,79,40370.78333333333,4935.000000000001,1038,2208,0,1,2,"{1,1,1,1,1,0,1,1,2,1,1,1,0,1,1,0,1,1,1,2,0,0,1}"
2024-03-31,THLCH,"Laem Chabang",TWKHH,Kaohsiung,2,2,"CNC Line-Cheng Lie Navigation Co. Ltd.; Evergreen Line; Wan Hai",3,8,3697.25,372.25,1708,1984,4,4,4,"{4,4}"
2024-03-31,THLCH,"Laem Chabang",VNHPH,Haiphong,5,5,"CMA CGM; CNC Line-Cheng Lie Navigation Co. Ltd.; COSCO; Evergreen Line; Maersk Line; MSC; ONE; OOCL; RCL; SeaLand",10,30,18018.40714285714,1582.8285714285714,1668,10622,4,4,5,"{4,4,5,5,4}"
2024-03-31,THLCH,"Laem Chabang",VNSGN,"Ho Chi Minh (VICT/Cat Lai)",19,19,"APL; CK Line; CMA CGM; CNC Line-Cheng Lie Navigation Co. Ltd.; CULines-China United Lines; Dongjin Shipping; Evergreen Line; Heung-A; IAL-Interasia Lines; KMTC; Maersk Line; Namsung; ONE; OOCL; PanCon; PanOcean; RCL; SeaLand; Sinokor; Sinotrans; SITC Shipping; SM Line; TS Lines; Wan Hai; Yang Ming",25,64,34880.91666666667,4059.333333333333,1038,3055,1,2,3,"{2,1,1,2,2,2,3,2,3,2,2,3,2,1,2,2,2,1,2}"
2024-03-31,THLCH,"Laem Chabang",VNVUT,"Cai Mep",7,7,"APL; CMA CGM; CNC Line-Cheng Lie Navigation Co. Ltd.; COSCO; Evergreen Line; Hapag-Lloyd; Hyundai; MSC; ONE; OOCL; Yang Ming",11,73,70583.88253968253,5398.214896214896,2664,16020,2,3,4,"{2,3,3,2,2,3,4}"
2024-03-31,THSRI,Sriracha,TWKHH,Kaohsiung,1,1,"Swire Shipping",1,3,8328,,2082,2082,4,4,4,{4}
2024-03-31,TLDIL,"Dili, East Timor",AUDRW,Darwin,1,1,"ANL; APL; CMA CGM",3,2,1228.5714285714287,200,618,1102,2,2,2,{2}
2024-03-31,TNBIZ,Bizerte,TRIZM,Izmir,1,1,"Arkas Line; Hapag-Lloyd",2,2,1326.2857142857142,188.57142857142858,1122,1199,2,2,2,{2}
2024-03-31,TNSFA,Sfax,TNBIZ,Bizerte,1,1,"Arkas Line; Hapag-Lloyd",2,2,1326.2857142857142,188.57142857142858,1122,1199,4,4,4,{4}
2024-03-31,TNSFA,Sfax,TNTUN,Tunis,1,1,Medkon,1,2,801.1428571428571,134.85714285714286,698,704,0,0,0,{0}
2024-03-31,TNTUN,Tunis,ESVLC,Valencia,1,1,Medkon,1,2,801.1428571428571,134.85714285714286,698,704,3,3,3,{3}
2024-03-31,TNTUN,Tunis,FRMRS,"Marseilles-Fos (Marseilles)",1,1,"CMA CGM",1,2,230,25.714285714285715,760,850,2,2,2,{2}
2024-03-31,TOTBU,Nuku'alofa,NZAKL,Auckland,1,1,"ANL; NPDL; PIL",3,3,3695,555,1713,1730,26,26,26,{26}
2024-03-31,TOTBU,Nuku'alofa,WSAPW,"Apia, W. Samoa",3,3,"Kyowa; NYK Bulk and Projects; ONE; Swire Shipping",4,8,11504.142857142857,,914,2082,2,2,2,"{2,2,2}"
2024-03-31,TRALI,Aliaga,EGALY,Alexandria,1,1,Medkon,1,2,1099.5,232,1061,1138,1,1,1,{1}
2024-03-31,TRALI,Aliaga,ESBCN,Barcelona,1,1,MSC,1,5,4738.2,465.6,4300,5089,4,4,4,{4}
2024-03-31,TRALI,Aliaga,GBFXT,Felixstowe,1,1,"Borchard Lines Ltd; COSCO; Hapag-Lloyd; Maersk Line; OOCL; SeaLand; Turkon",7,5,7803.8,668,6478,8749,10,10,10,{10}
2024-03-31,TRALI,Aliaga,GRPIR,Piraeus,4,4,"Hapag-Lloyd; MSC; ZIM",3,25,14589.472222222223,1607.5,2078,8386,0,0.5,2,"{1,2,0,0}"
2024-03-31,TRALI,Aliaga,ITSAL,Salerno,1,1,"Hapag-Lloyd; ZIM",2,7,2343.4285714285716,388,2339,3237,2,2,2,{2}
2024-03-31,TRALI,Aliaga,ITTAR,Taranto,1,1,Medkon,1,2,801.1428571428571,134.85714285714286,698,704,2,2,2,{2}
2024-03-31,TRALI,Aliaga,ITTRS,Trieste,1,1,"Maersk Line; MSC; SeaLand",3,3,1209.7619047619048,142.85714285714286,820,2207,2,2,2,{2}
2024-03-31,TRALI,Aliaga,MTMAR,"Malta (Marsaxlokk)",3,3,"CMA CGM; MSC",2,13,6995.533333333333,1185.6,1100,4178,2,2,5,"{5,2,2}"
2024-03-31,TRALI,Aliaga,PTSIE,Sines,1,1,"MSC; WEC Lines; ZIM",3,5,4978.6,510,4900,5059,5,5,5,{5}
2024-03-31,TRALI,Aliaga,TRAMB,"Istanbul (Ambarli)",3,3,"Arkas Line; CMA CGM; COSCO; Global Feeder Shipping; ONE; OOCL",6,9,8077.833333333333,774.3333333333333,803,4600,1,1,1,"{1,1,1}"
2024-03-31,TRALI,Aliaga,TRGEM,"Istanbul (Gemlik)",2,2,"CMA CGM; Medkon",2,4,1931,241,652,1138,1,1.5,2,"{1,2}"
2024-03-31,TRALI,Aliaga,TRMER,Mersin,2,2,"Admiral; Arkas Line; Hapag-Lloyd; Hyundai; ONE; OOCL; Tarros; Turkon; Yang Ming",9,15,15897.813186813186,1414.1758241758241,2478,14100,2,2.5,3,"{2,3}"
2024-03-31,TRALI,Aliaga,TRTEK,Tekirdag,1,1,"MSC; ZIM",2,9,8948,111.11111111111111,8948,8948,0,0,0,{0}
2024-03-31,TRAMB,"Istanbul (Ambarli)",BGBOJ,Burgas,2,2,"Arkas Line; CMA CGM; Hapag-Lloyd; Maersk Line; ZIM",5,6,4175.8,632.8,1445,2826,0,1.5,3,"{0,3}"
2024-03-31,TRAMB,"Istanbul (Ambarli)",BGVAR,Varna,1,1,"ONE; Yang Ming",2,1,1800,200,1800,1800,3,3,3,{3}
2024-03-31,TRAMB,"Istanbul (Ambarli)",CNDCB,"Da Chan Bay",1,1,"Gold Star Line; ZIM",2,15,6973.866666666667,616.6666666666666,4132,10062,41,41,41,{41}
2024-03-31,TRAMB,"Istanbul (Ambarli)",DZSKI,Skikda,1,1,"Arkas Line; Hapag-Lloyd",2,3,1724.2857142857142,254.28571428571428,1199,1223,7,7,7,{7}
2024-03-31,TRAMB,"Istanbul (Ambarli)",EGALY,Alexandria,1,1,"CMA CGM",1,2,1036,125,1036,1036,2,2,2,{2}
2024-03-31,TRAMB,"Istanbul (Ambarli)",GEPTI,Poti,3,3,"Arkas Line; CMA CGM; Turkon; Unifeeder; ZIM",5,5,3935.5,592,1000,1604,2,2,3,"{3,2,2}"
2024-03-31,TRAMB,"Istanbul (Ambarli)",GRPIR,Piraeus,2,2,"CMA CGM; COSCO; ONE; OOCL; Unifeeder",5,8,5492.333333333333,458.3333333333333,1000,4600,1,1.5,2,"{1,2}"
2024-03-31,TRAMB,"Istanbul (Ambarli)",GRSKG,Thessaloniki,1,1,ZIM,1,3,1169,262.6666666666667,925,1484,1,1,1,{1}
2024-03-31,TRAMB,"Istanbul (Ambarli)",ROCND,Constanta,1,1,"APL; CMA CGM; CNC Line-Cheng Lie Navigation Co. Ltd.; COSCO; Evergreen Line; OOCL",6,14,8551.214285714286,658.4285714285714,5618,14414,1,1,1,{1}
2024-03-31,TRAMB,"Istanbul (Ambarli)",RUNVS,Novorossiysk,1,1,Sidra,1,1,712,135,712,712,2,2,2,{2}
2024-03-31,TRAMB,"Istanbul (Ambarli)",TNSFA,Sfax,1,1,"Arkas Line; Hapag-Lloyd",2,2,1326.2857142857142,188.57142857142858,1122,1199,3,3,3,{3}
2024-03-31,TRAMB,"Istanbul (Ambarli)",TRALI,Aliaga,3,3,"Admiral; Arkas Line; CMA CGM; Hapag-Lloyd; Medkon; OOCL; Tarros; Turkon",8,9,6770.928571428572,1161.5142857142855,1061,2837,1,2,2,"{1,2,2}"
2024-03-31,TRAMB,"Istanbul (Ambarli)",TRGEB,"Istanbul (Gebze)",8,8,"Admiral; Arkas Line; CMA CGM; Global Feeder Shipping; Maersk Line; Medkon; ONE; Tarros",8,23,13138.161904761904,1915.6571428571428,650,4363,0,0,5,"{1,0,0,0,0,0,1,5}"
2024-03-31,TRAMB,"Istanbul (Ambarli)",TRGEM,"Istanbul (Gemlik)",5,5,"Arkas Line; Borchard Lines Ltd; COSCO; Hapag-Lloyd; Maersk Line; Medkon; MSC; OOCL; SeaLand; Turkon; WEC Lines; ZIM",12,20,17657.461904761905,1958.6571428571428,707,8749,0,1,1,"{0,1,1,1,0}"
2024-03-31,TRAMB,"Istanbul (Ambarli)",TRHAY,Haydarpasa,1,1,"Arkas Line; Evergreen Line",2,1,1164,200,1164,1164,0,0,0,{0}
2024-03-31,TRAMB,"Istanbul (Ambarli)",TRIZM,Izmir,4,4,"Admiral; Arkas Line; Maersk Line; Tarros; Turkon; ZIM",6,7,8359,828,1484,1984,0,0.5,3,"{3,0,1,0}"
2024-03-31,TRAMB,"Istanbul (Ambarli)",TRIZT,Izmit,7,7,"Arkas Line; CMA CGM; Hapag-Lloyd; Hyundai; Maersk Line; ONE; SeaLand; Turkon; Yang Ming",9,38,28013.07509157509,3649.032967032967,1208,14100,0,0,1,"{1,0,1,0,0,0,0}"
2024-03-31,TRAMB,"Istanbul (Ambarli)",TRTEK,Tekirdag,2,2,"Maersk Line; MSC; SeaLand",3,20,16732,1596.75,2078,19224,0,0.5,1,"{1,0}"
2024-03-31,TRDRC,Derince,TRALI,Aliaga,3,3,"Maersk Line; MSC; SeaLand",3,15,8183.317460317461,968.8571428571429,820,8386,1,1,2,"{1,1,2}"
2024-03-31,TRDRC,Derince,TRAMB,"Istanbul (Ambarli)",2,2,"Gold Star Line; ZIM",2,17,8957.866666666667,916.6666666666666,1984,10062,0,0.5,1,"{0,1}"
2024-03-31,TRDRC,Derince,TRIZM,Izmir,1,1,MSC,1,3,1485.6666666666667,200,1205,1740,1,1,1,{1}
2024-03-31,TRDRC,Derince,TRMER,Mersin,1,1,"MSC; ZIM",2,9,8948,111.11111111111111,8948,8948,1,1,1,{1}
2024-03-31,TRGEB,"Istanbul (Gebze)",ESVLC,Valencia,1,1,"Global Feeder Shipping; ONE",2,2,806,165,803,809,4,4,4,{4}
2024-03-31,TRGEB,"Istanbul (Gebze)",ILASH,Ashdod,1,1,Admiral,1,3,932.3333333333334,236,801,998,8,8,8,{8}
2024-03-31,TRGEB,"Istanbul (Gebze)",LYMRA,Misurata,1,1,Medkon,1,2,895,116,652,1138,3,3,3,{3}
2024-03-31,TRGEB,"Istanbul (Gebze)",RUNVS,Novorossiysk,1,1,Medkon,1,2,464.2857142857143,,650,650,3,3,3,{3}
2024-03-31,TRGEB,"Istanbul (Gebze)",TRALI,Aliaga,1,1,"CMA CGM",1,5,3645.2,585.8,3426,4178,1,1,1,{1}
2024-03-31,TRGEB,"Istanbul (Gebze)",TRAMB,"Istanbul (Ambarli)",1,1,"Borchard Lines Ltd; COSCO; Hapag-Lloyd; Maersk Line; OOCL; SeaLand; Turkon",7,5,7803.8,668,6478,8749,1,1,1,{1}
2024-03-31,TRGEB,"Istanbul (Gebze)",TRGEM,"Istanbul (Gemlik)",8,8,"Arkas Line; CMA CGM; Evergreen Line; Maersk Line; Medkon; MSC; ONE; Tarros",8,24,19698.12619047619,2380.957142857143,698,5089,0,0,1,"{1,0,0,0,0,0,0,1}"
2024-03-31,TRGEB,"Istanbul (Gebze)",TRIZM,Izmir,1,1,Medkon,1,2,934.5,125,707,1162,1,1,1,{1}
2024-03-31,TRGEM,"Istanbul (Gemlik)",GRPIR,Piraeus,1,1,"Arkas Line",1,1,2890,240,1445,1445,1,1,1,{1}
2024-03-31,TRGEM,"Istanbul (Gemlik)",GRSKG,Thessaloniki,1,1,"Arkas Line; Evergreen Line",2,1,1164,200,1164,1164,1,1,1,{1}
2024-03-31,TRGEM,"Istanbul (Gemlik)",MAPTM,Tanger,1,1,"Arkas Line; Hapag-Lloyd",2,5,2730.8,512.8,2478,2826,5,5,5,{5}
2024-03-31,TRGEM,"Istanbul (Gemlik)",MTMAR,"Malta (Marsaxlokk)",1,1,"CMA CGM",1,4,1345.75,310.5,1267,1440,4,4,4,{4}
2024-03-31,TRGEM,"Istanbul (Gemlik)",TRALI,Aliaga,2,2,"Borchard Lines Ltd; COSCO; Hapag-Lloyd; Maersk Line; Medkon; OOCL; SeaLand; Turkon",8,7,8604.942857142858,802.8571428571429,698,8749,2,2,2,"{2,2}"
2024-03-31,TRGEM,"Istanbul (Gemlik)",TRAMB,"Istanbul (Ambarli)",7,6,"Admiral; Arkas Line; CMA CGM; Hapag-Lloyd; Maersk Line; Medkon; OOCL; Tarros; Turkon",9,14,11488.928571428572,1729.7142857142858,652,2837,1,1,2,"{1,1,1,1,1,2,1}"
2024-03-31,TRGEM,"Istanbul (Gemlik)",TRDRC,Derince,2,2,"MSC; ZIM",2,5,3469.666666666667,500,1205,1984,1,1,1,"{1,1}"
2024-03-31,TRGEM,"Istanbul (Gemlik)",TRGEB,"Istanbul (Gebze)",1,1,Medkon,1,2,934.5,125,707,1162,1,1,1,{1}
2024-03-31,TRGEM,"Istanbul (Gemlik)",TRIZM,Izmir,4,4,"Admiral; Arkas Line; CMA CGM; Hapag-Lloyd; Maersk Line; ONE; SeaLand; Turkon",8,18,9752.057142857142,1624.5714285714284,801,4363,0,1,1,"{1,0,1,1}"
2024-03-31,TRGEM,"Istanbul (Gemlik)",TRIZT,Izmit,4,4,"Admiral; Arkas Line; CMA CGM; Hapag-Lloyd; MSC; Turkon",6,16,8809.55,1542.1,1740,2826,0,0.5,1,"{1,0,1,0}"
2024-03-31,TRGEM,"Istanbul (Gemlik)",TRTEK,Tekirdag,4,4,"Maersk Line; MSC; SeaLand; WEC Lines; ZIM",5,16,15881.895238095238,1478.457142857143,820,5089,0,0.5,1,"{0,0,1,1}"
2024-03-31,TRHAY,Haydarpasa,TRGEB,"Istanbul (Gebze)",1,1,"Arkas Line; Evergreen Line",2,1,1164,200,1164,1164,0,0,0,{0}
2024-03-31,TRISK,Iskenderun,EGALY,Alexandria,2,2,"Admiral; Arkas Line; CMA CGM; Hapag-Lloyd; ONE; OOCL; Tarros; Turkon",8,8,8753.428571428572,1009.3809523809523,2478,5700,1,1.5,2,"{1,2}"
2024-03-31,TRISK,Iskenderun,EGPSD,"Port Said",3,3,"Maersk Line; Messina; SeaLand",3,9,17416.438095238093,2061.0095238095237,1422,4504,1,2,2,"{2,2,1}"
2024-03-31,TRISK,Iskenderun,GRPIR,Piraeus,1,1,"COSCO; OOCL; Yang Ming",3,2,1429,272.5,1284,1574,4,4,4,{4}
2024-03-31,TRISK,Iskenderun,ILHFA,Haifa,2,2,"COSCO; Medkon; OOCL; Yang Ming",4,6,5247.4,570,657,5618,0,0.5,1,"{1,0}"
2024-03-31,TRISK,Iskenderun,INNSA,"Mumbai (Nhava Sheva)",1,1,"MSC; ZIM",2,9,8948,111.11111111111111,8948,8948,27,27,27,{27}
2024-03-31,TRISK,Iskenderun,SYLTK,Lattakia,1,1,"Arkas Line; CMA CGM; Messina; Tarros",4,6,1692.6666666666667,276.3333333333333,1445,1930,1,1,1,{1}
2024-03-31,TRISK,Iskenderun,TRALI,Aliaga,1,1,"CMA CGM; COSCO; ONE; OOCL",4,6,4381.833333333333,369.3333333333333,4250,4600,2,2,2,{2}
2024-03-31,TRISK,Iskenderun,TRMER,Mersin,3,3,"Admiral; Arkas Line; Evergreen Line; Hapag-Lloyd; MSC; OOCL; Tarros; Turkon; WEC Lines",9,9,14084.428571428572,1643.6142857142856,1618,9200,0,1,1,"{1,1,0}"
2024-03-31,TRIZM,Izmir,EGALY,Alexandria,2,2,"Medkon; ZIM",2,5,2103.5,387.6666666666667,707,1484,1,1.5,2,"{2,1}"
2024-03-31,TRIZM,Izmir,ESALG,Algeciras,2,2,"Arkas Line; CMA CGM; Hapag-Lloyd; Maersk Line; OOCL; SeaLand; Turkon",7,11,4613.857142857143,807.5714285714286,1878,2824,4,4.5,5,"{5,4}"
2024-03-31,TRIZM,Izmir,FRFOS,"Marseilles-Fos (Fos)",1,1,"Arkas Line; CMA CGM; Hapag-Lloyd; Maersk Line; SeaLand; Turkon",6,3,2609.6666666666665,462,2452,2824,3,3,3,{3}
2024-03-31,TRIZM,Izmir,GEPTI,Poti,1,1,ZIM,1,1,2968,,1484,1484,4,4,4,{4}
2024-03-31,TRIZM,Izmir,GRPIR,Piraeus,5,5,"APL; CMA CGM; COSCO; Evergreen Line; Hapag-Lloyd; MSC; OOCL; Tarros; Unimed Feeder Services-UFS; X-Press; ZIM",11,15,12055.416666666668,1501,1205,4545,0,1,2,"{2,0,1,0,1}"
2024-03-31,TRIZM,Izmir,ILHFA,Haifa,1,1,"Admiral; Turkon",2,2,1878,350,1878,1878,3,3,3,{3}
2024-03-31,TRIZM,Izmir,ITSAL,Salerno,3,3,"Arkas Line; Borchard Lines Ltd; CMA CGM; Maersk Line; ONE; Tarros",6,10,6810.2,878,1216,4363,1,2,2,"{2,2,1}"
2024-03-31,TRIZM,Izmir,TRAMB,"Istanbul (Ambarli)",1,1,Admiral,1,3,932.3333333333334,236,801,998,1,1,1,{1}
2024-03-31,TRIZM,Izmir,TRGEB,"Istanbul (Gebze)",2,2,"CMA CGM; MSC",2,9,6083.95,776.1,1267,5089,1,1,1,"{1,1}"
2024-03-31,TRIZM,Izmir,TRIZT,Izmit,2,2,"Arkas Line; Hapag-Lloyd",2,5,3050.5714285714284,442.8571428571429,1122,1223,1,1.5,2,"{1,2}"
2024-03-31,TRIZT,Izmit,MAPTM,Tanger,1,1,"Maersk Line; SeaLand",2,9,4210.666666666667,1103,4045,4258,6,6,6,{6}
2024-03-31,TRIZT,Izmit,RUNVS,Novorossiysk,1,1,"Arkas Line",1,1,1208,178,1208,1208,2,2,2,{2}
2024-03-31,TRIZT,Izmit,TRALI,Aliaga,4,4,"Hapag-Lloyd; Hyundai; MSC; ONE; Yang Ming; ZIM",6,28,19619.063186813186,1952.9615384615386,2078,14100,1,1,2,"{1,2,1,1}"
2024-03-31,TRIZT,Izmit,TRAMB,"Istanbul (Ambarli)",10,10,"Admiral; APL; Arkas Line; CMA CGM; CNC Line-Cheng Lie Navigation Co. Ltd.; COSCO; Evergreen Line; Hapag-Lloyd; Maersk Line; MSC; OOCL; SeaLand; Sidra; Turkon",14,61,39740.252380952385,5152.635714285714,712,19224,0,1,3,"{1,0,1,1,1,3,0,0,1,2}"
2024-03-31,TRIZT,Izmit,TRGEM,"Istanbul (Gemlik)",5,5,"Admiral; Arkas Line; CMA CGM; Hapag-Lloyd; Maersk Line; MSC; OOCL; SeaLand; Tarros; Turkon",10,17,13766.70238095238,2029.7857142857142,1445,2837,0,0,1,"{1,0,1,0,0}"
2024-03-31,TRMER,Mersin,DZALG,Algiers,1,1,MSC,1,3,1007,230.66666666666666,951,1104,5,5,5,{5}
2024-03-31,TRMER,Mersin,EGALY,Alexandria,2,2,"Arkas Line; Borchard Lines Ltd",2,7,2766,749.9428571428571,868,1022,2,2,2,"{2,2}"
2024-03-31,TRMER,Mersin,EGDAM,Damietta,1,1,"Hapag-Lloyd; Hyundai; ONE; Yang Ming",4,13,12101.384615384615,838.4615384615385,6258,14100,1,1,1,{1}
2024-03-31,TRMER,Mersin,EGEDK,"El Dekheila",1,1,"MSC; WEC Lines",2,5,8670,838.4,8204,9200,1,1,1,{1}
2024-03-31,TRMER,Mersin,ILASH,Ashdod,1,1,"Hapag-Lloyd; ZIM",2,8,3917,301,3429,4839,0,0,0,{0}
2024-03-31,TRMER,Mersin,ILHFA,Haifa,3,3,"Arkas Line; Borchard Lines Ltd; Maersk Line; Marguisa; MSC; SeaLand",6,16,8893.722222222223,1131.5,1216,8386,1,1,1,"{1,1,1}"
2024-03-31,TRMER,Mersin,MTMAR,"Malta (Marsaxlokk)",1,1,"CMA CGM",1,4,1584.25,222.5,1200,1781,5,5,5,{5}
2024-03-31,TRMER,Mersin,TRAMB,"Istanbul (Ambarli)",2,2,"Arkas Line; Hapag-Lloyd; Medkon; Turkon",4,9,3079.3571428571427,551.5714285714286,707,2824,2,2.5,3,"{3,2}"
2024-03-31,TRMER,Mersin,TRDRC,Derince,1,1,"Gold Star Line; ZIM",2,15,6973.866666666667,616.6666666666666,4132,10062,2,2,2,{2}
2024-03-31,TRMER,Mersin,TRISK,Iskenderun,5,5,"Admiral; Arkas Line; CMA CGM; COSCO; Hapag-Lloyd; Medkon; MSC; ONE; OOCL; Tarros; Turkon; Yang Ming; ZIM",13,23,22948.828571428574,1690.4920634920636,657,8948,1,1,1,"{1,1,1,1,1}"
2024-03-31,TRMER,Mersin,TRIZM,Izmir,2,2,"Arkas Line; CMA CGM; Evergreen Line; Hapag-Lloyd; Maersk Line; OOCL; SeaLand",7,6,4087,610.5,1618,2478,1,1.5,2,"{2,1}"
2024-03-31,TRMER,Mersin,TRIZT,Izmit,2,2,"Admiral; Arkas Line; Hapag-Lloyd; OOCL; Tarros; Turkon; ZIM",7,9,6139.857142857143,963.7142857142857,2339,3237,3,3.5,4,"{4,3}"
2024-03-31,TRSZF,Samsun,TRAMB,"Istanbul (Ambarli)",1,1,"CMA CGM; Unifeeder",2,2,1110.5,89,1000,1221,1,1,1,{1}
2024-03-31,TRTEK,Tekirdag,GBFXT,Felixstowe,1,1,MSC,1,3,4955.333333333333,360,4882,4992,7,7,7,{7}
2024-03-31,TRTEK,Tekirdag,GRPIR,Piraeus,1,1,"Maersk Line; MSC; SeaLand",3,16,14406.25,1271.25,19154,19224,1,1,1,{1}
2024-03-31,TRTEK,Tekirdag,ITGIT,"Gioia Tauro",1,1,MSC,1,2,957,122,957,957,3,3,3,{3}
2024-03-31,TRTEK,Tekirdag,ROCND,Constanta,1,1,MSC,1,3,1485.6666666666667,200,1205,1740,1,1,1,{1}
2024-03-31,TRTEK,Tekirdag,RUNVS,Novorossiysk,1,1,MSC,1,4,2325.75,325.5,2078,2480,1,1,1,{1}
2024-03-31,TRTEK,Tekirdag,TRALI,Aliaga,2,2,"MSC; WEC Lines; ZIM",3,10,9716.8,975.6,4300,5089,0,0.5,1,"{1,0}"
2024-03-31,TRTEK,Tekirdag,TRDRC,Derince,4,4,"Maersk Line; MSC; SeaLand; ZIM",4,24,17131.317460317463,1079.968253968254,820,8948,0,0.5,1,"{0,1,1,0}"
2024-03-31,TRTEK,Tekirdag,TRGEM,"Istanbul (Gemlik)",1,1,MSC,1,3,1485.6666666666667,200,1205,1740,0,0,0,{0}
2024-03-31,TRTEK,Tekirdag,TRIZT,Izmit,1,1,MSC,1,4,2325.75,325.5,2078,2480,0,0,0,{0}
2024-03-31,TTPOS,"Port of Spain",BBBGI,Bridgetown,1,1,"Caribbean Feeder; Hapag-Lloyd; ZIM",3,3,1174.6666666666667,281.3333333333333,1061,1345,0,0,0,{0}
2024-03-31,TTPOS,"Port of Spain",BRMCP,Macapa,1,1,"MSC; ONE; ZIM",3,4,2936.25,459.25,2510,3649,2,2,2,{2}
2024-03-31,TTPOS,"Port of Spain",COCTG,Cartagena,1,1,"Caribbean Feeder; Hapag-Lloyd; Maersk Line; SeaLand; ZIM",5,3,1782.6666666666667,316.6666666666667,1730,1809,4,4,4,{4}
2024-03-31,TTPOS,"Port of Spain",GDSTG,"St George's",1,1,"CMA CGM",1,3,770.3333333333334,153.33333333333334,677,957,1,1,1,{1}
2024-03-31,TTPOS,"Port of Spain",GFDDC,"Degrad des Cannes",1,1,"CMA CGM",1,3,770.3333333333334,153.33333333333334,677,957,4,4,4,{4}
2024-03-31,TTPOS,"Port of Spain",GYGEO,"Georgetown, Guyana",3,3,"Caribbean Feeder; CMA CGM; COSCO; Hapag-Lloyd; ZIM",5,7,2711.666666666667,598,361,1345,0,1,2,"{2,0,1}"
2024-03-31,TTPOS,"Port of Spain",JMKIN,Kingston,2,2,"APL; CMA CGM; COSCO",3,6,2455.333333333333,675.6666666666667,1114,1341,4,4,4,"{4,4}"
2024-03-31,TTPOS,"Port of Spain",USPEF,"Port Everglades FL",1,1,"King Ocean; Seaboard Marine",2,2,1296,195,1296,1296,5,5,5,{5}
2024-03-31,TTPTS,"Point Lisas",BBBGI,Bridgetown,1,1,"Seaboard Marine",1,2,1114,220,1114,1114,1,1,1,{1}
2024-03-31,TTPTS,"Point Lisas",GDSTG,"St George's",1,1,"Tropical Shipping",1,2,1148,260,1148,1148,1,1,1,{1}
2024-03-31,TTPTS,"Point Lisas",GYGEO,"Georgetown, Guyana",1,1,"Europe Caribbean Line",1,4,624.8571428571429,,336,450,3,3,3,{3}
2024-03-31,TTPTS,"Point Lisas",SRPBM,Paramaribo,1,1,"Caribbean Feeder; Hapag-Lloyd; Maersk Line; SeaLand; ZIM",5,3,1782.6666666666667,316.6666666666667,1730,1809,2,2,2,{2}
2024-03-31,TTPTS,"Point Lisas",TTPOS,"Port of Spain",1,1,"APL; CMA CGM",2,3,1279.3333333333333,399,1201,1341,0,0,0,{0}
2024-03-31,TWKEL,Keelung,CNNGB,Ningbo,1,1,"Maersk Line; SeaLand",2,5,2795.6,376.8,2754,2806,2,2,2,{2}
2024-03-31,TWKEL,Keelung,CNSHA,Shanghai,1,1,"ANL; APL; CMA CGM; COSCO; OOCL; PIL",6,7,4531,567.4285714285714,4211,5920,3,3,3,{3}
2024-03-31,TWKEL,Keelung,CNYTN,Yantian,1,1,"Hapag-Lloyd; Hyundai; MSC; ONE",4,12,12067.333333333334,1396.0833333333333,9326,13312,8,8,8,{8}
2024-03-31,TWKEL,Keelung,HKHKG,"Hong Kong",2,2,"Evergreen Line; ONE; OOCL; Wan Hai; Yang Ming",5,7,7080.083333333334,685.3333333333333,2578,4538,1,1.5,2,"{2,1}"
2024-03-31,TWKEL,Keelung,JPTYO,Tokyo,2,2,"APL; CMA CGM; CNC Line-Cheng Lie Navigation Co. Ltd.; Yang Ming",4,8,3601.5,458,1707,1952,3,3,3,"{3,3}"
2024-03-31,TWKEL,Keelung,KRINC,Inchon,1,1,"KMTC; TS Lines; Yang Ming",3,2,2374.5,286.5,1809,2940,2,2,2,{2}
2024-03-31,TWKEL,Keelung,KRPUS,Busan,1,1,"KMTC; Sinokor",2,3,1734.3333333333333,196.33333333333334,1585,1809,2,2,2,{2}
2024-03-31,TWKEL,Keelung,TWKHH,Kaohsiung,7,7,"APL; CMA CGM; CNC Line-Cheng Lie Navigation Co. Ltd.; Evergreen Line; Hapag-Lloyd; Hyundai; IAL-Interasia Lines; ONE; TS Lines; Wan Hai; Yang Ming",11,26,21165.833333333336,2306,1368,8652,1,1,1,"{1,1,1,1,1,1,1}"
2024-03-31,TWKEL,Keelung,TWTXG,Taichung,8,8,"CNC Line-Cheng Lie Navigation Co. Ltd.; Ehime Ocean Line; IAL-Interasia Lines; KMTC; TS Lines; Wan Hai; Yang Ming",7,25,13268.133333333333,1651.25,1020,3036,0,0.5,1,"{0,1,1,1,0,0,0,1}"
2024-03-31,TWKEL,Keelung,USLAX,"Los Angeles CA",1,1,"Hapag-Lloyd; Hyundai; ONE; Yang Ming",4,6,8437.333333333334,683.3333333333334,8240,8652,14,14,14,{14}
2024-03-31,TWKHH,Kaohsiung,AUMEL,Melbourne,2,2,"ANL; CMA CGM; CNC Line-Cheng Lie Navigation Co. Ltd.; COSCO; Evergreen Line; Hapag-Lloyd; OOCL; PIL; Sinotrans; TS Lines; Yang Ming",11,13,10163.071428571428,1108.7142857142858,4662,6014,11,12,13,"{11,13}"
2024-03-31,TWKHH,Kaohsiung,CAVAN,"Vancouver BC",1,1,"APL; CMA CGM; COSCO; Evergreen Line; OOCL",5,6,5903.333333333333,410.6666666666667,5590,6422,14,14,14,{14}
2024-03-31,TWKHH,Kaohsiung,CNDCB,"Da Chan Bay",1,1,OOCL,1,4,4579.25,400,4578,4583,2,2,2,{2}
2024-03-31,TWKHH,Kaohsiung,CNNGB,Ningbo,4,4,"APL; CMA CGM; CNC Line-Cheng Lie Navigation Co. Ltd.; COSCO; Evergreen Line; Hapag-Lloyd; Hyundai; ONE; OOCL; Yang Ming",10,46,50782.53673469387,2753.5214285714283,6350,24136,2,2,3,"{2,2,2,3}"
2024-03-31,TWKHH,Kaohsiung,CNNSA,Nansha,1,1,"IAL-Interasia Lines; Wan Hai",2,4,2825.25,297.75,2646,3013,1,1,1,{1}
2024-03-31,TWKHH,Kaohsiung,CNQZL,Quanzhou,1,1,OOCL,1,4,2217.75,407.5,2190,2272,1,1,1,{1}
2024-03-31,TWKHH,Kaohsiung,CNSHA,Shanghai,5,5,"APL; CMA CGM; COSCO; Evergreen Line; Gold Star Line; Hapag-Lloyd; MSC; OOCL; PIL; Sinotrans; Swire Shipping; TS Lines; Wan Hai; Yang Ming; ZIM",15,31,30679.654761904763,2252.214285714286,2082,14074,2,2,3,"{3,2,2,2,3}"
2024-03-31,TWKHH,Kaohsiung,CNSHK,Shekou,8,7,"CMA CGM; CNC Line-Cheng Lie Navigation Co. Ltd.; COSCO; Evergreen Line; Hapag-Lloyd; Hyundai; MSC; ONE; PIL; Wan Hai; Yang Ming",11,57,52091.86300921301,4275.041236541237,1809,16010,1,1,2,"{1,1,1,2,1,1,2,1}"
2024-03-31,TWKHH,Kaohsiung,CNSWA,Shantou,1,1,"Wan Hai",1,3,2866.3333333333335,234.33333333333334,2646,3013,1,1,1,{1}
2024-03-31,TWKHH,Kaohsiung,CNTAO,Qingdao,2,2,"CMA CGM; CNC Line-Cheng Lie Navigation Co. Ltd.; COSCO; Evergreen Line; IAL-Interasia Lines; KMTC; OOCL; Wan Hai",8,19,27330.448717948715,482.7435897435898,3013,24000,3,3.5,4,"{3,4}"
2024-03-31,TWKHH,Kaohsiung,CNTXG,Xingang/Tianjin,1,1,"Kyowa; ONE; Swire Shipping",3,4,3699,,1617,2082,2,2,2,{2}
2024-03-31,TWKHH,Kaohsiung,CNXMN,Xiamen,6,6,"ANL; APL; CMA CGM; CNC Line-Cheng Lie Navigation Co. Ltd.; COSCO; Evergreen Line; Gold Star Line; Hapag-Lloyd; Hyundai; ONE; OOCL; PIL; Wan Hai; Yang Ming; ZIM",15,50,46829.27991452991,3367.863247863248,3889,14100,1,2,2,"{2,2,2,1,1,2}"
2024-03-31,TWKHH,Kaohsiung,CNYTN,Yantian,2,2,"APL; CMA CGM; COSCO; Evergreen Line; Hapag-Lloyd; Hyundai; ONE; OOCL; Yang Ming",9,23,28032.116666666665,1811.2416666666666,6046,24136,1,1.5,2,"{2,1}"
2024-03-31,TWKHH,Kaohsiung,GUGUM,Guam,1,1,MELL,1,1,2331,300,777,777,5,5,5,{5}
2024-03-31,TWKHH,Kaohsiung,HKHKG,"Hong Kong",23,23,"APL; CMA CGM; CNC Line-Cheng Lie Navigation Co. Ltd.; COSCO; Evergreen Line; Hapag-Lloyd; Hyundai; IAL-Interasia Lines; KMTC; Maersk Line; ONE; OOCL; SeaLand; TS Lines; Wan Hai; Yang Ming",16,114,91849.65054945055,7977.8864024864015,1040,20988,0,1,2,"{1,2,1,1,1,1,1,1,1,2,2,2,1,0,1,1,1,1,1,1,1,1,1}"
2024-03-31,TWKHH,Kaohsiung,IDSUB,"Surabaya, Java",1,1,"Evergreen Line; Yang Ming",2,7,2919.1428571428573,344,2910,2926,5,5,5,{5}
2024-03-31,TWKHH,Kaohsiung,JPHKT,Hakata,1,1,"CMA CGM; CNC Line-Cheng Lie Navigation Co. Ltd.; ONE",3,3,1708,202,1708,1708,3,3,3,{3}
2024-03-31,TWKHH,Kaohsiung,JPNAH,"Naha (Okinawa Is)",1,1,"Ehime Ocean Line",1,2,1034,160,1020,1048,2,2,2,{2}
2024-03-31,TWKHH,Kaohsiung,JPOSA,Osaka,1,1,"Evergreen Line",1,3,1618,170,1618,1618,4,4,4,{4}
2024-03-31,TWKHH,Kaohsiung,JPTYO,Tokyo,1,1,OOCL,1,4,4579.25,400,4578,4583,4,4,4,{4}
2024-03-31,TWKHH,Kaohsiung,KRINC,Inchon,1,1,"Evergreen Line",1,4,2693,172,2476,2910,3,3,3,{3}
2024-03-31,TWKHH,Kaohsiung,KRKAN,Gwangyang,1,1,"Evergreen Line",1,4,2918,344,2910,2926,2,2,2,{2}
2024-03-31,TWKHH,Kaohsiung,KRPUS,Busan,2,2,"Hapag-Lloyd; Hyundai; Maersk Line; ONE; SeaLand; Yang Ming",6,16,13872.384615384615,1088.4615384615386,1751,14100,2,2.5,3,"{3,2}"
2024-03-31,TWKHH,Kaohsiung,MYPGU,"Pasir Gudang, Johor",1,1,"Evergreen Line",1,4,2918,344,2910,2926,4,4,4,{4}
2024-03-31,TWKHH,Kaohsiung,MYTPP,"Tanjung Pelepas",1,1,"Maersk Line; SeaLand",2,5,2795.6,376.8,2754,2806,4,4,4,{4}
2024-03-31,TWKHH,Kaohsiung,NZAKL,Auckland,1,1,"ANL; APL; CMA CGM; COSCO; OOCL; PIL",6,7,4531,567.4285714285714,4211,5920,14,14,14,{14}
2024-03-31,TWKHH,Kaohsiung,PHBTG,Batangas,1,1,"Evergreen Line; ONE",2,4,1940.25,52.5,1809,1984,2,2,2,{2}
2024-03-31,TWKHH,Kaohsiung,PHCEB,Cebu,2,2,"Evergreen Line; OOCL; X-Press; Yang Ming",4,2,1871,350,707,1164,3,3,3,"{3,3}"
2024-03-31,TWKHH,Kaohsiung,PHCGY,"Cagayan de Oro",1,1,"Evergreen Line",1,2,1682,255.5,1570,1794,3,3,3,{3}
2024-03-31,TWKHH,Kaohsiung,PHMNN,"Manila North Harbor",3,3,"CMA CGM; CNC Line-Cheng Lie Navigation Co. Ltd.; Evergreen Line; Hyundai; ONE; OOCL; X-Press; Yang Ming",8,8,7891.4047619047615,732.3571428571429,1700,4728,1,2,2,"{1,2,2}"
2024-03-31,TWKHH,Kaohsiung,PHSFS,"Subic Bay",1,1,"Wan Hai; Yang Ming",2,1,2535,250,2535,2535,2,2,2,{2}
2024-03-31,TWKHH,Kaohsiung,SGSIN,Singapore,3,3,"Austral Asia Line; Evergreen Line; Feedertech; KMTC; ONE; Samudera; TS Lines",7,14,10937.428571428572,702.2380952380953,979,7024,4,5,6,"{4,5,6}"
2024-03-31,TWKHH,Kaohsiung,TWKEL,Keelung,3,3,"Evergreen Line; Hapag-Lloyd; Hyundai; Maersk Line; ONE; OOCL; SeaLand; Yang Ming",8,14,13950.266666666668,1370.4666666666667,2578,8652,1,1,1,"{1,1,1}"
2024-03-31,TWKHH,Kaohsiung,TWTPE,Taipei,5,5,"APL; CMA CGM; CNC Line-Cheng Lie Navigation Co. Ltd.; COSCO; Evergreen Line; IAL-Interasia Lines; OOCL; Wan Hai; Yang Ming",9,30,18341.72619047619,1345.4166666666667,1708,11888,0,1,1,"{1,0,1,1,1}"
2024-03-31,TWKHH,Kaohsiung,TWTXG,Taichung,12,12,"APL; CMA CGM; CNC Line-Cheng Lie Navigation Co. Ltd.; Evergreen Line; IAL-Interasia Lines; KMTC; Maersk Line; ONE; OOCL; SeaLand; TS Lines; Wan Hai; Yang Ming",13,42,24251.916666666664,2573.75,1368,2940,0,0,1,"{0,1,0,1,1,0,0,1,0,0,0,0}"
2024-03-31,TWKHH,Kaohsiung,USLGB,"Long Beach CA",1,1,"COSCO; Evergreen Line; ONE; OOCL",4,7,13695.142857142857,868.5714285714286,13208,14500,14,14,14,{14}
2024-03-31,TWKHH,Kaohsiung,VNDAD,"Da Nang",2,2,"Evergreen Line; IAL-Interasia Lines; Wan Hai",3,7,3854.5,425,1368,2038,2,2.5,3,"{3,2}"
2024-03-31,TWKHH,Kaohsiung,VNHPH,Haiphong,4,4,"CMA CGM; CNC Line-Cheng Lie Navigation Co. Ltd.; Evergreen Line; ONE; Wan Hai",5,8,6211.333333333333,625,1040,1984,2,2.5,3,"{2,3,2,3}"
2024-03-31,TWKHH,Kaohsiung,VNSGN,"Ho Chi Minh (VICT/Cat Lai)",1,1,"Evergreen Line",1,3,1618,170,1618,1618,4,4,4,{4}
2024-03-31,TWKHH,Kaohsiung,VNVUT,"Cai Mep",1,1,"COSCO; Evergreen Line; ONE; OOCL",4,7,13695.142857142857,868.5714285714286,13208,14500,4,4,4,{4}
2024-03-31,TWTPE,Taipei,CNSHA,Shanghai,1,1,"ONE; Wan Hai",2,8,8877.75,,3013,13458,1,1,1,{1}
2024-03-31,TWTPE,Taipei,CNSHK,Shekou,1,1,"Hapag-Lloyd; Wan Hai",2,12,11481.75,467.5,6350,13806,3,3,3,{3}
2024-03-31,TWTPE,Taipei,CNXMN,Xiamen,1,1,"APL; CMA CGM; CNC Line-Cheng Lie Navigation Co. Ltd.; Evergreen Line; OOCL",5,8,4254,194.75,4132,4380,1,1,1,{1}
2024-03-31,TWTPE,Taipei,CNYTN,Yantian,2,2,"APL; CMA CGM; CNC Line-Cheng Lie Navigation Co. Ltd.; COSCO; Evergreen Line; ONE; OOCL",7,22,35194.83760683761,456.4102564102564,11000,24000,2,2.5,3,"{2,3}"
2024-03-31,TWTPE,Taipei,HKHKG,"Hong Kong",1,1,"IAL-Interasia Lines; Wan Hai",2,4,2958.75,275,2708,3055,1,1,1,{1}
2024-03-31,TWTPE,Taipei,JPHKT,Hakata,2,2,"Evergreen Line; IAL-Interasia Lines; Wan Hai",3,7,3715.833333333333,359,1368,2038,2,2.5,3,"{2,3}"
2024-03-31,TWTPE,Taipei,JPOSA,Osaka,2,2,"Evergreen Line; IAL-Interasia Lines; Wan Hai; Yang Ming",4,6,3707.5,572.25,1774,2038,2,2.5,3,"{3,2}"
2024-03-31,TWTPE,Taipei,JPTYO,Tokyo,4,4,"Evergreen Line; IAL-Interasia Lines; Wan Hai; Yang Ming",4,20,10198.942857142858,903.75,1708,3036,3,3,3,"{3,3,3,3}"
2024-03-31,TWTPE,Taipei,KRINC,Inchon,2,2,"IAL-Interasia Lines; Wan Hai",2,8,4863.25,485.25,2038,3013,2,2,2,"{2,2}"
2024-03-31,TWTPE,Taipei,TWKHH,Kaohsiung,5,5,"Evergreen Line; IAL-Interasia Lines; ONE; Wan Hai",4,17,9384.25,921.75,1708,1984,0,1,1,"{1,1,1,0,1}"
2024-03-31,TWTPE,Taipei,TWTXG,Taichung,6,6,"Evergreen Line; IAL-Interasia Lines; Wan Hai; Yang Ming",4,24,14124.47619047619,1331.3333333333335,1756,3013,0,0,1,"{0,1,0,1,0,0}"
2024-03-31,TWTPE,Taipei,USLAX,"Los Angeles CA",1,1,"APL; CMA CGM; CNC Line-Cheng Lie Navigation Co. Ltd.; COSCO; Evergreen Line; OOCL",6,12,8968,227.41666666666666,7024,11888,13,13,13,{13}
2024-03-31,TWTXG,Taichung,CNSWA,Shantou,1,1,"Evergreen Line; ONE",2,4,1940.25,52.5,1809,1984,2,2,2,{2}
2024-03-31,TWTXG,Taichung,CNXMN,Xiamen,3,3,"Maersk Line; SeaLand; TS Lines; Wan Hai",4,10,5581.333333333333,759.5,1730,2038,0,1,1,"{1,1,0}"
2024-03-31,TWTXG,Taichung,HKHKG,"Hong Kong",1,1,"Evergreen Line; Wan Hai; Yang Ming",3,2,1923.5,230,1809,2038,2,2,2,{2}
2024-03-31,TWTXG,Taichung,TWKEL,Keelung,3,3,"APL; CMA CGM; CNC Line-Cheng Lie Navigation Co. Ltd.; KMTC; TS Lines; Yang Ming",6,10,5976,744.5,1707,2940,0,0,1,"{0,0,1}"
2024-03-31,TWTXG,Taichung,TWKHH,Kaohsiung,13,13,"CNC Line-Cheng Lie Navigation Co. Ltd.; Ehime Ocean Line; Evergreen Line; IAL-Interasia Lines; KMTC; OOCL; TS Lines; Wan Hai; Yang Ming",9,47,25527.359523809522,2824.5833333333335,1020,3036,0,1,1,"{0,0,0,1,1,1,0,0,1,1,1,0,1}"
2024-03-31,TWTXG,Taichung,TWTPE,Taipei,7,7,"Evergreen Line; IAL-Interasia Lines; Wan Hai; Yang Ming",4,30,16030.942857142856,1546.25,1368,3036,0,0,1,"{0,0,0,0,1,0,0}"
2024-03-31,TWTXG,Taichung,VNC8Q,"Chu Lai",1,1,"CMA CGM; CNC Line-Cheng Lie Navigation Co. Ltd.",2,4,1793.75,308,1708,1930,2,2,2,{2}
2024-03-31,TWTXG,Taichung,VNSGN,"Ho Chi Minh (VICT/Cat Lai)",2,2,"Evergreen Line; IAL-Interasia Lines; OOCL; Wan Hai; Yang Ming",5,7,4618.833333333334,645.8333333333333,1756,2940,3,3,3,"{3,3}"
2024-03-31,TZDAR,"Dar es Salaam",INNSA,"Mumbai (Nhava Sheva)",2,2,"APL; CMA CGM; COSCO; Emirates Shipping; Hapag-Lloyd; OOCL; Sea Lead; TS Lines",8,9,5935,702.1,1730,4250,7,10.5,14,"{7,14}"
2024-03-31,TZDAR,"Dar es Salaam",LKCMB,Colombo,1,1,"CMA CGM; Evergreen Line; ONE; OOCL; X-Press",5,8,2495.625,411.75,2260,2578,21,21,21,{21}
2024-03-31,TZDAR,"Dar es Salaam",MYPKG,"Port Klang",1,1,"Gold Star Line; Hapag-Lloyd; ONE; PIL; ZIM",5,9,2814.6666666666665,209.55555555555551,2664,3566,10,10,10,{10}
2024-03-31,USBAL,"Baltimore MD",LKCMB,Colombo,1,1,"Maersk Line; MSC; SeaLand; ZIM",4,12,9407,1120.3333333333333,8112,11078,28,28,28,{28}
2024-03-31,USBAL,"Baltimore MD",MYPKG,"Port Klang",1,1,"APL; CMA CGM; COSCO; Evergreen Line; OOCL",5,13,14006.307692307691,830.7692307692307,12118,15372,36,36,36,{36}
2024-03-31,USBAL,"Baltimore MD",USCHS,"Charleston SC",2,2,"APL; CMA CGM; Hapag-Lloyd; Maersk Line; MSC; SeaLand; ZIM",7,13,10650.633333333333,1153.9666666666667,3947,8089,2,2.5,3,"{2,3}"
2024-03-31,USBAL,"Baltimore MD",USORF,"Norfolk VA",3,3,"ACL-Atlantic Container Line; Hapag-Lloyd; Maersk Line; MSC; ZIM",5,25,13904.416666666668,1077.4583333333333,1798,7928,0,1,2,"{2,0,1}"
2024-03-31,USBAL,"Baltimore MD",USSAV,"Savannah GA",3,3,"Maersk Line; MSC; SeaLand",3,22,18169.126984126986,1779.8809523809523,4132,8762,2,2,3,"{3,2,2}"
2024-03-31,USBOS,"Boston MA",USNYC,"New York NY/NJ",3,3,"APL; CMA CGM; COSCO; Ellerman; Evergreen Line; MSC; OOCL",7,31,23140.58585858586,2331.6363636363635,4112,13806,1,1,2,"{1,2,1}"
2024-03-31,USBOS,"Boston MA",VNVUT,"Cai Mep",1,1,ZIM,1,12,7155.916666666667,426.3333333333333,6402,7928,39,39,39,{39}
2024-03-31,USCHS,"Charleston SC",BEANR,Antwerp,1,1,"Maersk Line; MSC; SeaLand",3,7,5922.142857142857,647.2857142857143,5550,6422,14,14,14,{14}
2024-03-31,USCHS,"Charleston SC",BSFPO,Freeport,2,2,"Maersk Line; MSC",2,21,11655.807692307691,1220.5865384615386,1798,9400,1,1,1,"{1,1}"
2024-03-31,USCHS,"Charleston SC",COCTG,Cartagena,1,1,ONE,1,1,2236,440,1118,1118,5,5,5,{5}
2024-03-31,USCHS,"Charleston SC",GBSOU,Southampton,1,1,"APL; CMA CGM; COSCO; Evergreen Line; OOCL",5,7,10283.42857142857,665.4285714285714,8063,13208,15,15,15,{15}
2024-03-31,USCHS,"Charleston SC",MAPTM,Tanger,1,1,"Maersk Line; MSC; SeaLand",3,7,8171.571428571428,695.7142857142857,7846,8762,11,11,11,{11}
2024-03-31,USCHS,"Charleston SC",MXATM,Altamira,1,1,"Maersk Line; MSC; SeaLand",3,7,5922.142857142857,647.2857142857143,5550,6422,5,5,5,{5}
2024-03-31,USCHS,"Charleston SC",MYPKG,"Port Klang",1,1,"APL; CMA CGM; CNC Line-Cheng Lie Navigation Co. Ltd.; COSCO; Evergreen Line; OOCL",6,21,14152.904761904761,1136.095238095238,9289,16020,33,33,33,{33}
2024-03-31,USCHS,"Charleston SC",PAMIT,Manzanillo,1,1,"Hapag-Lloyd; Maersk Line; MSC; SeaLand",4,3,3557.3333333333335,748,3460,3752,5,5,5,{5}
2024-03-31,USCHS,"Charleston SC",USBOS,"Boston MA",1,1,"APL; CMA CGM; COSCO; Evergreen Line; OOCL",5,11,12138,509.6363636363636,11000,13806,3,3,3,{3}
2024-03-31,USCHS,"Charleston SC",USHOU,"Houston TX",1,1,"Maersk Line; MSC",2,6,4450.666666666667,575,4154,4658,6,6,6,{6}
2024-03-31,USCHS,"Charleston SC",USILM,"Wilmington NC",1,1,"Hapag-Lloyd; Hyundai; ONE; Yang Ming",4,13,13236.153846153846,938.4615384615385,12552,13470,0,0,0,{0}
2024-03-31,USCHS,"Charleston SC",USJAX,"Jacksonville FL",1,1,"Hamburg Sud; Hapag-Lloyd; Maersk Line; SeaLand",4,7,5375.571428571428,1160.7142857142858,4896,5552,2,2,2,{2}
2024-03-31,USCHS,"Charleston SC",USMIA,"Miami FL",2,2,"APL; CMA CGM; CNC Line-Cheng Lie Navigation Co. Ltd.; COSCO; Evergreen Line; OOCL",6,19,16066.678571428572,1153.7857142857142,6078,10622,1,1.5,2,"{2,1}"
2024-03-31,USCHS,"Charleston SC",USNYC,"New York NY/NJ",1,1,"Hapag-Lloyd; Hyundai; ONE; Yang Ming",4,13,14026,800,14026,14026,3,3,3,{3}
2024-03-31,USCHS,"Charleston SC",USPEF,"Port Everglades FL",1,1,"APL; CMA CGM; Hapag-Lloyd; Maersk Line; SeaLand",5,3,4152.333333333333,706.6666666666666,3947,4255,2,2,2,{2}
2024-03-31,USCHS,"Charleston SC",USSAV,"Savannah GA",8,8,"APL; CMA CGM; Hapag-Lloyd; Hyundai; Maersk Line; MSC; ONE; SeaLand; Wan Hai; Yang Ming; ZIM",11,89,73014.92216117216,5350.063003663004,4253,15124,0,0.5,2,"{2,0,1,1,0,0,1,0}"
2024-03-31,USCHS,"Charleston SC",VNVUT,"Cai Mep",1,1,"APL; CMA CGM; COSCO; Evergreen Line; OOCL",5,11,13301.545454545454,800,13092,13500,32,32,32,{32}
2024-03-31,USCHT,"Chester PA",USILM,"Wilmington NC",1,1,ICL,1,4,3097.5,500,3091,3108,3,3,3,{3}
2024-03-31,USEPI,"Eastport ME",ITSVN,Savona,1,1,"G2 Ocean",1,3,7273.142857142857,,945,1914,14,14,14,{14}
2024-03-31,USEWR,"NYC Ro/Ro (FAPS)",JMKIN,Kingston,1,1,"Seaboard Marine",1,3,2548,525.3333333333334,2526,2572,5,5,5,{5}
2024-03-31,USFEB,"Fernandina Beach FL",BMBDA,Hamilton,1,1,"Somers Isles",1,1,730,,365,365,4,4,4,{4}
2024-03-31,USFPO,"Freeport TX",USGPT,"Gulfport MS",2,2,"Dole; Great White Fleet",2,5,3661,1372,1820,1841,2,2,2,"{2,2}"
2024-03-31,USGPT,"Gulfport MS",GTPBR,"Puerto Barrios",1,1,Crowley,1,1,972,170,972,972,3,3,3,{3}
2024-03-31,USGPT,"Gulfport MS",USPEF,"Port Everglades FL",1,1,"Great White Fleet",1,3,1841,462,1841,1841,7,7,7,{7}
2024-03-31,USGPT,"Gulfport MS",USTPA,"Tampa FL",1,1,Dole,1,2,1820,910,1820,1820,1,1,1,{1}
2024-03-31,USHNL,"Honolulu HI",KRPUS,Busan,2,2,"ANL; CMA CGM; ONE",3,10,7183.666666666666,596.1904761904761,1042,5095,17,20,23,"{23,17}"
2024-03-31,USHNL,"Honolulu HI",USITO,"Hilo HI",1,1,"Maersk Line; Matson",2,5,3453.4,244.8,3027,3620,5,5,5,{5}
2024-03-31,USHNL,"Honolulu HI",USLGB,"Long Beach CA",1,1,"Pasha Hawaii",1,2,2026.5,100,1400,2653,8,8,8,{8}
2024-03-31,USHNL,"Honolulu HI",USOAK,"Oakland CA",1,1,"Pasha Hawaii",1,2,2525,400,2525,2525,5,5,5,{5}
2024-03-31,USHNL,"Honolulu HI",USOGG,"Kahului HI",1,1,"Maersk Line; Matson",2,2,3027,407,3027,3027,0,0,0,{0}
2024-03-31,USHNL,"Honolulu HI",USTIW,"Tacoma WA",1,1,Matson,1,2,2454.5,300,2019,2890,5,5,5,{5}
2024-03-31,USHOU,"Houston TX",ESVLC,Valencia,1,1,"Hapag-Lloyd; ZIM",2,7,4803.714285714285,373.14285714285717,4253,5087,18,18,18,{18}
2024-03-31,USHOU,"Houston TX",FRLEH,"Le Havre",1,1,"Hapag-Lloyd; ONE",2,7,5967.571428571428,490,4890,6661,17,17,17,{17}
2024-03-31,USHOU,"Houston TX",HNPCR,"Puerto Cortes",1,1,"CMA CGM; COSCO; OOCL",3,3,1707.3333333333333,329,1691,1740,5,5,5,{5}
2024-03-31,USHOU,"Houston TX",MAPTM,Tanger,1,1,"CMA CGM; COSCO; OOCL",3,7,2468.714285714286,405.14285714285717,1740,2824,18,18,18,{18}
2024-03-31,USHOU,"Houston TX",MXATM,Altamira,1,1,"Hapag-Lloyd; ONE",2,3,2848.3333333333335,380,2566,3237,1,1,1,{1}
2024-03-31,USHOU,"Houston TX",MXPGO,Progreso,1,1,"Linea Peninsular",1,1,366,60,366,366,1,1,1,{1}
2024-03-31,USHOU,"Houston TX",NAWVB,"Walvis Bay",1,1,"CSAL-Canada States Africa Line; GAL-Gulf Africa Line; MACS",3,3,4084.285714285714,,953,953,32,32,32,{32}
2024-03-31,USHOU,"Houston TX",USMOB,"Mobile AL",5,5,"APL; CMA CGM; CNC Line-Cheng Lie Navigation Co. Ltd.; COSCO; Evergreen Line; Hamburg Sud; Hapag-Lloyd; Hyundai; Maersk Line; MSC; ONE; OOCL; SeaLand; Yang Ming; ZIM",15,52,38887.632575757576,3682.003787878788,5527,9452,1,2,2,"{2,2,2,2,1}"
2024-03-31,USHOU,"Houston TX",USMSY,"New Orleans LA",7,7,"APL; CMA CGM; COSCO; Evergreen Line; Hamburg Sud; Hapag-Lloyd; Maersk Line; MSC; ONE; OOCL; Seaboard Marine; SeaLand; ZIM",13,49,38352.592712842714,3745.7655122655124,2339,9200,1,2,3,"{1,2,3,2,2,2,2}"
2024-03-31,USHOU,"Houston TX",USORF,"Norfolk VA",2,2,"APL; CMA CGM; Maersk Line; MSC; SeaLand",5,20,10697.595238095239,1097.7142857142858,4154,6802,5,6,7,"{5,7}"
2024-03-31,USHOU,"Houston TX",USPEF,"Port Everglades FL",1,1,"NSA-National Shipping of America",1,1,1140,172,570,570,4,4,4,{4}
2024-03-31,USILG,"Wilmington DE",CRMOB,Moin,2,2,Dole,1,2,8184,3960,2046,2046,5,5,5,"{5,5}"
2024-03-31,USILG,"Wilmington DE",USMIA,"Miami FL",1,1,"Seaboard Marine",1,2,973,170,972,974,2,2,2,{2}
2024-03-31,USILG,"Wilmington DE",USSAV,"Savannah GA",1,1,"Maersk Line; SeaLand",2,3,3947,1000,3947,3947,1,1,1,{1}
2024-03-31,USILM,"Wilmington NC",BEANR,Antwerp,1,1,ICL,1,4,3097.5,500,3091,3108,11,11,11,{11}
2024-03-31,USILM,"Wilmington NC",USEPI,"Eastport ME",1,1,"G2 Ocean",1,3,7273.142857142857,,945,1914,2,2,2,{2}
2024-03-31,USILM,"Wilmington NC",USNYC,"New York NY/NJ",1,1,"Maersk Line; MSC; SeaLand; ZIM",4,12,8274.5,647.0833333333334,6730,9400,2,2,2,{2}
2024-03-31,USILM,"Wilmington NC",USORF,"Norfolk VA",2,2,"Hapag-Lloyd; Hyundai; Maersk Line; MSC; ONE; SeaLand; Yang Ming",7,17,15744.153846153846,1422.4615384615386,2478,13470,1,1.5,2,"{1,2}"
2024-03-31,USILM,"Wilmington NC",USSAV,"Savannah GA",1,1,"Maersk Line; MSC; SeaLand",3,4,2508,484,2478,2546,1,1,1,{1}
2024-03-31,USITO,"Hilo HI",USKWH,Kawaihae,1,1,"Maersk Line; Matson",2,2,3027,407,3027,3027,0,0,0,{0}
2024-03-31,USITO,"Hilo HI",USLAX,"Los Angeles CA",1,1,"Maersk Line; Matson",2,5,3453.4,244.8,3027,3620,23,23,23,{23}
2024-03-31,USJAX,"Jacksonville FL",BSFPO,Freeport,2,2,"Ellerman; MSC",2,13,7474.363636363637,1608,1858,13102,1,1.5,2,"{1,2}"
2024-03-31,USJAX,"Jacksonville FL",PRSJU,"San Juan PR",4,4,"Crowley; TOTE Maritime",2,4,11000,1136,2400,3100,3,3,3,"{3,3,3,3}"
2024-03-31,USJAX,"Jacksonville FL",USCHS,"Charleston SC",1,1,"Hapag-Lloyd; Hyundai; ONE; Yang Ming",4,13,14026,800,14026,14026,1,1,1,{1}
2024-03-31,USJAX,"Jacksonville FL",USILM,"Wilmington NC",1,1,"Maersk Line; MSC; SeaLand; ZIM",4,12,8274.5,647.0833333333334,6730,9400,1,1,1,{1}
2024-03-31,USJAX,"Jacksonville FL",USNYC,"New York NY/NJ",1,1,MSC,1,6,2591.1666666666665,339,2480,2785,3,3,3,{3}
2024-03-31,USJAX,"Jacksonville FL",USPEF,"Port Everglades FL",2,2,"Crowley; Hamburg Sud; Hapag-Lloyd; King Ocean; Maersk Line; Seaboard Marine; SeaLand",7,9,6665.571428571428,1550.7142857142858,1284,5552,1,1.5,2,"{2,1}"
2024-03-31,USKWH,Kawaihae,USOAK,"Oakland CA",1,1,"Maersk Line; Matson",2,2,3027,407,3027,3027,1,1,1,{1}
2024-03-31,USLAX,"Los Angeles CA",CNFQG,Fuqing,1,1,"APL; CMA CGM; COSCO; Evergreen Line; ONE; OOCL",6,8,9733.25,962.5,9200,10642,21,21,21,{21}
2024-03-31,USLAX,"Los Angeles CA",JPYOK,Yokohama,1,1,"Maersk Line; MSC",2,8,11118.5,675,9038,13000,16,16,16,{16}
2024-03-31,USLAX,"Los Angeles CA",MXZLO,"Manzanillo, MEX",2,2,"Hapag-Lloyd; MSC; ONE",3,20,11407.466666666667,1130.4,2586,12119,5,8.5,12,"{12,5}"
2024-03-31,USLAX,"Los Angeles CA",NZAKL,Auckland,1,1,"ANL; APL; CMA CGM; Hapag-Lloyd; Maersk Line; MSC; SeaLand",7,11,4519.454545454545,408.2727272727273,3884,5466,21,21,21,{21}
2024-03-31,USLAX,"Los Angeles CA",USHNL,"Honolulu HI",1,1,"Maersk Line; Matson",2,5,3453.4,244.8,3027,3620,4,4,4,{4}
2024-03-31,USLAX,"Los Angeles CA",USOAK,"Oakland CA",12,12,"ANL; APL; CMA CGM; CNC Line-Cheng Lie Navigation Co. Ltd.; COSCO; Evergreen Line; Hapag-Lloyd; Hyundai; Maersk Line; MSC; ONE; OOCL; Samudera; SeaLand; X-Press; Yang Ming",16,121,100579.1878448349,8193.006722689075,2550,16020,1,2,19,"{2,2,2,19,1,1,2,2,1,2,2,1}"
2024-03-31,USLAX,"Los Angeles CA",USTIW,"Tacoma WA",1,1,"APL; CMA CGM; CNC Line-Cheng Lie Navigation Co. Ltd.; COSCO; Evergreen Line; OOCL",6,12,8968,227.41666666666666,7024,11888,4,4,4,{4}
2024-03-31,USLGB,"Long Beach CA",CAPRR,"Prince Rupert BC",1,1,"APL; CMA CGM; COSCO; Evergreen Line; OOCL; Yang Ming",6,8,9831.875,762.5,8495,10050,5,5,5,{5}
2024-03-31,USLGB,"Long Beach CA",CNNGB,Ningbo,1,1,Matson,1,5,4251,242,4250,4253,21,21,21,{21}
2024-03-31,USLGB,"Long Beach CA",KRPUS,Busan,2,2,"APL; CMA CGM; COSCO; Evergreen Line; Maersk Line; MSC; ONE; OOCL; SeaLand",9,14,27844.666666666664,1881.6666666666665,13050,16652,16,18,20,"{20,16}"
2024-03-31,USLGB,"Long Beach CA",TWKHH,Kaohsiung,1,1,"COSCO; Evergreen Line; ONE; OOCL",4,7,13695.142857142857,868.5714285714286,13208,14500,17,17,17,{17}
2024-03-31,USLGB,"Long Beach CA",USHNL,"Honolulu HI",3,3,"Maersk Line; Matson; Pasha Hawaii",3,6,7578.5,907,1400,3027,4,4,4,"{4,4,4}"
2024-03-31,USLGB,"Long Beach CA",USOAK,"Oakland CA",6,6,"Hapag-Lloyd; Hyundai; Maersk Line; Matson; MSC; ONE; SeaLand; Swire Shipping; Wan Hai; Yang Ming",10,45,59345.884920634926,4283.913308913308,1740,15294,1,2,2,"{2,2,1,2,2,2}"
2024-03-31,USLGB,"Long Beach CA",VNHPH,Haiphong,1,1,"APL; CMA CGM; CNC Line-Cheng Lie Navigation Co. Ltd.; COSCO; Evergreen Line; ONE; OOCL",7,7,9555.142857142857,580,10000,13500,19,19,19,{19}
2024-03-31,USMIA,"Miami FL",BSFPO,Freeport,3,3,"Maersk Line; MSC; SeaLand; ZIM",4,33,21957.29448329448,1917.28749028749,5248,11088,1,1,1,"{1,1,1}"
2024-03-31,USMIA,"Miami FL",CRMOB,Moin,1,1,"Seaboard Marine",1,3,1816,408.6666666666667,1732,1875,3,3,3,{3}
2024-03-31,USMIA,"Miami FL",DOHAI,"Rio Haina",4,4,"Antillean Marine; Seaboard Marine",2,6,3705.5714285714284,597,205,1713,3,3.5,4,"{4,3,4,3}"
2024-03-31,USMIA,"Miami FL",ESALG,Algeciras,1,1,"APL; CMA CGM; COSCO; Hapag-Lloyd; ONE; OOCL; Yang Ming; ZIM",8,6,8537.166666666666,716.6666666666666,8063,8749,7,7,7,{7}
2024-03-31,USMIA,"Miami FL",GTSTC,"Santo Tomas de Castilla",1,1,"Seaboard Marine",1,2,973,170,972,974,3,3,3,{3}
2024-03-31,USMIA,"Miami FL",HTCAP,Cap-Haitien,1,1,"Antillean Marine",1,1,615,,205,205,3,3,3,{3}
2024-03-31,USMIA,"Miami FL",HTPAP,Port-au-Prince,1,1,"Antillean Marine",1,2,263.57142857142856,,205,205,3,3,3,{3}
2024-03-31,USMIA,"Miami FL",JMKIN,Kingston,2,2,"Seaboard Marine; ZIM",2,8,3051.166666666667,765.1666666666667,1296,1740,2,2,2,"{2,2}"
2024-03-31,USMIA,"Miami FL",MXVER,Veracruz,2,2,"APL; CMA CGM; COSCO; Evergreen Line; Maersk Line; MSC; OOCL; SeaLand",8,16,14296.31746031746,1171.1746031746034,6078,9200,3,3.5,4,"{4,3}"
2024-03-31,USMIA,"Miami FL",SGSIN,Singapore,1,1,"CMA CGM; CNC Line-Cheng Lie Navigation Co. Ltd.; COSCO; Evergreen Line; OOCL",5,12,9266.25,639.5,6350,10622,29,29,29,{29}
2024-03-31,USMIA,"Miami FL",USSAV,"Savannah GA",1,1,"Seaboard Marine",1,2,1504.5,383.5,1296,1713,2,2,2,{2}
2024-03-31,USMOB,"Mobile AL",BSFPO,Freeport,1,1,"Maersk Line; MSC; SeaLand",3,7,5922.142857142857,647.2857142857143,5550,6422,2,2,2,{2}
2024-03-31,USMOB,"Mobile AL",PACTB,Cristobal,1,1,"Hamburg Sud; Maersk Line; MSC; SeaLand; ZIM",5,8,5957.125,733.625,5527,6750,4,4,4,{4}
2024-03-31,USMOB,"Mobile AL",TWKHH,Kaohsiung,1,1,"Evergreen Line; Hapag-Lloyd; Hyundai; ONE; Yang Ming",5,11,7575.454545454545,575.2727272727273,6724,8560,35,35,35,{35}
2024-03-31,USMOB,"Mobile AL",USHOU,"Houston TX",1,1,"Maersk Line; MSC; SeaLand; ZIM",4,11,6064.636363636363,554.0909090909091,5248,6750,2,2,2,{2}
2024-03-31,USMOB,"Mobile AL",USMSY,"New Orleans LA",1,1,"APL; CMA CGM; CNC Line-Cheng Lie Navigation Co. Ltd.; COSCO; Evergreen Line; OOCL",6,12,8217.916666666666,942.8333333333334,6350,9452,2,2,2,{2}
2024-03-31,USMOB,"Mobile AL",USSSI,"Brunswick GA",1,1,"G2 Ocean",1,3,7273.142857142857,,945,1914,3,3,3,{3}
2024-03-31,USMOB,"Mobile AL",USTPA,"Tampa FL",2,2,"APL; CMA CGM; COSCO; Evergreen Line; Maersk Line; MSC; OOCL; ZIM",8,21,17137.136363636364,1430.2727272727273,8063,9178,1,1.5,2,"{2,1}"
2024-03-31,USMSY,"New Orleans LA",COCTG,Cartagena,1,1,"Hamburg Sud; Hapag-Lloyd; Maersk Line; MSC; ONE; SeaLand; ZIM",7,9,6299.2222222222235,758.3333333333334,4620,8004,4,4,4,{4}
2024-03-31,USMSY,"New Orleans LA",FRLEH,"Le Havre",1,1,"APL; CMA CGM; COSCO; Evergreen Line; OOCL",5,7,6800.428571428572,514.2857142857143,6078,8530,16,16,16,{16}
2024-03-31,USMSY,"New Orleans LA",GBIMM,Immingham,1,1,Stinnes,1,3,3193.047619047619,208,771,904,16,16,16,{16}
2024-03-31,USMSY,"New Orleans LA",GTPBR,"Puerto Barrios",1,1,"Maersk Line; MSC; SeaLand",3,3,2569.6666666666665,528.6666666666666,2339,2824,2,2,2,{2}
2024-03-31,USMSY,"New Orleans LA",JMKIN,Kingston,2,2,"CMA CGM; COSCO; Maersk Line; Seaboard Marine; SeaLand",5,10,9122.75,733.5,2564,8530,3,3,3,"{3,3}"
2024-03-31,USMSY,"New Orleans LA",SGSIN,Singapore,1,1,"APL; CMA CGM; CNC Line-Cheng Lie Navigation Co. Ltd.; COSCO; Evergreen Line; OOCL",6,12,8217.916666666666,942.8333333333334,6350,9452,33,33,33,{33}
2024-03-31,USMSY,"New Orleans LA",USHOU,"Houston TX",1,1,"CSAL-Canada States Africa Line; GAL-Gulf Africa Line; MACS",3,3,4084.285714285714,,953,953,8,8,8,{8}
2024-03-31,USMSY,"New Orleans LA",USMIA,"Miami FL",2,2,"Maersk Line; MSC; SeaLand; ZIM",4,20,13560.52525252525,1210.9797979797981,5248,9200,2,2.5,3,"{2,3}"
2024-03-31,USMSY,"New Orleans LA",USMOB,"Mobile AL",1,1,"Maersk Line; MSC; SeaLand",3,7,5922.142857142857,647.2857142857143,5550,6422,1,1,1,{1}
2024-03-31,USNTD,"Port Hueneme CA",CRCAL,"Puerto Caldera",1,1,"CMA CGM",1,3,1268,634,1268,1268,12,12,12,{12}
2024-03-31,USNTD,"Port Hueneme CA",USLAX,"Los Angeles CA",1,1,"APL; CMA CGM; Maersk Line; SeaLand",4,5,3310,680,2550,3500,1,1,1,{1}
2024-03-31,USNYC,"New York NY/NJ",BMBDA,Hamilton,1,1,"Bermuda Container Line; ZIM",2,1,460,,460,460,2,2,2,{2}
2024-03-31,USNYC,"New York NY/NJ",CAHAL,Halifax,2,2,"Hapag-Lloyd; Hyundai; ONE; Yang Ming; ZIM",5,17,15265.5,1060.5,966,14026,2,2.5,3,"{3,2}"
2024-03-31,USNYC,"New York NY/NJ",CAMTR,Montreal,1,1,MSC,1,6,2591.1666666666665,339,2480,2785,5,5,5,{5}
2024-03-31,USNYC,"New York NY/NJ",CNYTN,Yantian,1,1,MSC,1,11,11193.90909090909,789.3636363636364,4953,15294,35,35,35,{35}
2024-03-31,USNYC,"New York NY/NJ",DEBRV,Bremerhaven,1,1,"Maersk Line; MSC",2,6,4499.333333333333,504.1666666666667,4132,5078,11,11,11,{11}
2024-03-31,USNYC,"New York NY/NJ",ESALG,Algeciras,1,1,"APL; CMA CGM; Maersk Line; SeaLand",4,14,6246.928571428572,522.7142857142857,4253,6802,12,12,12,{12}
2024-03-31,USNYC,"New York NY/NJ",JMKIN,Kingston,1,1,"APL; CMA CGM",2,3,1717.6666666666667,293,1700,1740,5,5,5,{5}
2024-03-31,USNYC,"New York NY/NJ",PAMIT,Manzanillo,1,1,"Maersk Line; SeaLand",2,9,4210.666666666667,1103,4045,4258,6,6,6,{6}
2024-03-31,USNYC,"New York NY/NJ",PAONX,Colon,1,1,"APL; CMA CGM; COSCO; Evergreen Line; OOCL",5,11,12138,509.6363636363636,11000,13806,6,6,6,{6}
2024-03-31,USNYC,"New York NY/NJ",SGSIN,Singapore,1,1,"Maersk Line; MSC; SeaLand; ZIM",4,12,8274.5,647.0833333333334,6730,9400,31,31,31,{31}
2024-03-31,USNYC,"New York NY/NJ",USBAL,"Baltimore MD",3,3,"ACL-Atlantic Container Line; APL; CMA CGM; Hapag-Lloyd; Maersk Line; MSC; SeaLand",7,16,10900.833333333332,1357.7916666666665,1798,4549,2,2,2,"{2,2,2}"
2024-03-31,USNYC,"New York NY/NJ",USBOS,"Boston MA",1,1,ZIM,1,12,7155.916666666667,426.3333333333333,6402,7928,1,1,1,{1}
2024-03-31,USNYC,"New York NY/NJ",USCHS,"Charleston SC",3,3,"APL; CMA CGM; Maersk Line; MSC; SeaLand; ZIM",6,34,20565.840659340658,1876.3076923076924,4253,11088,2,2,3,"{2,2,3}"
2024-03-31,USNYC,"New York NY/NJ",USORF,"Norfolk VA",19,19,"APL; Arkas Line; CMA CGM; CNC Line-Cheng Lie Navigation Co. Ltd.; COSCO; Evergreen Line; Hapag-Lloyd; Hyundai; Maersk Line; MSC; ONE; OOCL; SeaLand; Turkon; Wan Hai; Yang Ming; ZIM",17,187,160618.88616383617,12566.868265068264,1064,16020,0,1,3,"{1,2,1,1,2,1,3,1,1,1,1,1,1,1,2,0,1,2,1}"
2024-03-31,USNYC,"New York NY/NJ",USPHL,"Philadelphia PA",4,4,"ACL-Atlantic Container Line; Ellerman; Hamburg Sud; Hapag-Lloyd; Maersk Line; MSC; ONE; SeaLand; Yang Ming",9,32,24409.75728715729,4482.714285714286,4112,13102,1,1,2,"{1,1,1,2}"
2024-03-31,USNYC,"New York NY/NJ",USSAV,"Savannah GA",3,3,"ANL; APL; CMA CGM; COSCO; Evergreen Line; Marfret; MSC; OOCL",8,38,24428.567432567434,2222.6043956043954,2256,13500,1,2,2,"{1,2,2}"
2024-03-31,USOAK,"Oakland CA",CNSHK,Shekou,1,1,"ONE; Wan Hai",2,8,8877.75,,3013,13458,17,17,17,{17}
2024-03-31,USOAK,"Oakland CA",CNTAO,Qingdao,1,1,"Maersk Line; MSC; SeaLand",3,7,10870.285714285714,871.4285714285714,9162,11294,22,22,22,{22}
2024-03-31,USOAK,"Oakland CA",CNYTN,Yantian,1,1,"APL; CMA CGM; CNC Line-Cheng Lie Navigation Co. Ltd.; COSCO; Evergreen Line; OOCL",6,21,14152.904761904761,1136.095238095238,9289,16020,16,16,16,{16}
2024-03-31,USOAK,"Oakland CA",HKHKG,"Hong Kong",1,1,"Hapag-Lloyd; Hyundai; ONE; Yang Ming",4,9,13916.444444444447,911.1111111111111,13082,14100,15,15,15,{15}
2024-03-31,USOAK,"Oakland CA",JPTYO,Tokyo,2,2,"ANL; APL; CMA CGM; COSCO; Evergreen Line; Hapag-Lloyd; Hyundai; ONE; OOCL; Samudera; X-Press; Yang Ming",12,27,16654.50588235294,1444.035294117647,6350,9592,8,9,10,"{8,10}"
2024-03-31,USOAK,"Oakland CA",JPUKB,Kobe,1,1,"Hapag-Lloyd; Hyundai; ONE; Yang Ming",4,6,11607.666666666666,966.6666666666666,9954,12690,7,7,7,{7}
2024-03-31,USOAK,"Oakland CA",JPYOK,Yokohama,1,1,"ANL; APL; CMA CGM; CNC Line-Cheng Lie Navigation Co. Ltd.; Maersk Line",5,7,6815.142857142857,602.5714285714286,5506,7846,11,11,11,{11}
2024-03-31,USOAK,"Oakland CA",KRPUS,Busan,3,3,"APL; CMA CGM; COSCO; Evergreen Line; Hapag-Lloyd; Hyundai; MSC; ONE; OOCL; Yang Ming",10,26,29404.833333333336,2562.945054945055,8400,15294,14,14,17,"{14,17,14}"
2024-03-31,USOAK,"Oakland CA",MXZLO,"Manzanillo, MEX",1,1,"APL; CMA CGM; Maersk Line; SeaLand",4,5,3310,680,2550,3500,6,6,6,{6}
2024-03-31,USOAK,"Oakland CA",PAROD,Rodman,1,1,"CMA CGM; Hapag-Lloyd; ONE; Yang Ming",4,11,4908.545454545455,330,4882,5014,9,9,9,{9}
2024-03-31,USOAK,"Oakland CA",PFPPT,"Papeete, Tahiti",1,1,"Maersk Line; Matson; Swire Shipping",3,2,4744.571428571428,882.1428571428571,1740,1756,10,10,10,{10}
2024-03-31,USOAK,"Oakland CA",TWKEL,Keelung,1,1,"Hapag-Lloyd; Hyundai; ONE; Yang Ming",4,6,8437.333333333334,683.3333333333334,8240,8652,13,13,13,{13}
2024-03-31,USOAK,"Oakland CA",TWTPE,Taipei,1,1,"APL; CMA CGM; COSCO; Evergreen Line; ONE; OOCL",6,9,11838.222222222223,333.3333333333333,11000,12118,35,35,35,{35}
2024-03-31,USOAK,"Oakland CA",USHNL,"Honolulu HI",2,2,"ANL; CMA CGM; Matson",3,9,7549.5,582.8571428571429,2019,5095,4,4,4,"{4,4}"
2024-03-31,USOAK,"Oakland CA",USLAX,"Los Angeles CA",2,2,"ANL; APL; CMA CGM; Hapag-Lloyd; Maersk Line; MSC; SeaLand",7,26,13811.321212121213,1198.6727272727273,3884,12119,3,3.5,4,"{3,4}"
2024-03-31,USOAK,"Oakland CA",USLGB,"Long Beach CA",2,2,"Maersk Line; Matson; Pasha Hawaii",3,4,5552,807,2525,3027,3,3,3,"{3,3}"
2024-03-31,USOGG,"Kahului HI",USITO,"Hilo HI",1,1,"Maersk Line; Matson",2,2,3027,407,3027,3027,4,4,4,{4}
2024-03-31,USORF,"Norfolk VA",BEANR,Antwerp,2,2,"Hapag-Lloyd; Maersk Line; MSC; ONE; Yang Ming",5,11,11371.666666666668,1061,4154,6921,9,9.5,10,"{9,10}"
2024-03-31,USORF,"Norfolk VA",COCTG,Cartagena,2,2,"CMA CGM; Hapag-Lloyd; Hyundai; ONE; Yang Ming",5,19,15408.153846153846,1426.7948717948718,1064,13470,3,4,5,"{3,5}"
2024-03-31,USORF,"Norfolk VA",GBSOU,Southampton,1,1,"ACL-Atlantic Container Line; Hapag-Lloyd; ONE; Yang Ming",4,5,8031.6,1500,8004,8073,11,11,11,{11}
2024-03-31,USORF,"Norfolk VA",JMKIN,Kingston,2,2,"Hapag-Lloyd; Maersk Line; MSC; SeaLand; ZIM",5,19,16960.95238095238,2076.190476190476,2572,15124,3,3.5,4,"{4,3}"
2024-03-31,USORF,"Norfolk VA",SAJED,Jeddah,1,1,"APL; CMA CGM; COSCO; Hapag-Lloyd; ONE; OOCL",6,10,9112,740,9954,10642,18,18,18,{18}
2024-03-31,USORF,"Norfolk VA",SEGOT,Gothenburg,1,1,"ACL-Atlantic Container Line; Hapag-Lloyd",2,5,3809,200,3809,3809,12,12,12,{12}
2024-03-31,USORF,"Norfolk VA",USBAL,"Baltimore MD",6,6,"APL; CMA CGM; COSCO; Evergreen Line; Maersk Line; MSC; OOCL; SeaLand; ZIM",9,57,48080.73467643467,4178.283516483516,4132,15372,1,1,3,"{1,1,3,1,1,1}"
2024-03-31,USORF,"Norfolk VA",USCHS,"Charleston SC",6,6,"APL; CMA CGM; Hamburg Sud; Hapag-Lloyd; Hyundai; Maersk Line; MSC; ONE; SeaLand; Wan Hai; Yang Ming",11,56,43409.995787545784,3941.246978021978,1798,14100,1,1.5,3,"{3,2,1,1,2,1}"
2024-03-31,USORF,"Norfolk VA",USJAX,"Jacksonville FL",1,1,"Ellerman; MSC",2,11,5504.363636363637,1242,4112,13102,2,2,2,{2}
2024-03-31,USORF,"Norfolk VA",USNYC,"New York NY/NJ",2,2,"APL; CMA CGM; Maersk Line; SeaLand; ZIM",5,26,13402.845238095239,949.047619047619,4253,7928,1,1.5,2,"{2,1}"
2024-03-31,USORF,"Norfolk VA",USPHL,"Philadelphia PA",1,1,"Maersk Line; MSC; SeaLand",3,4,2508,484,2478,2546,2,2,2,{2}
2024-03-31,USORF,"Norfolk VA",USSAV,"Savannah GA",11,11,"APL; Arkas Line; CMA CGM; CNC Line-Cheng Lie Navigation Co. Ltd.; COSCO; Evergreen Line; Hapag-Lloyd; Hyundai; Maersk Line; MSC; ONE; OOCL; Turkon; Yang Ming; ZIM",15,110,91154.56601731601,7019.9437229437235,1878,16020,1,2,3,"{2,2,2,2,1,2,1,2,2,3,2}"
2024-03-31,USPAB,"Palm Beach FL",BSFPO,Freeport,3,1,"Tropical Shipping",1,3,396,,132,132,0,0,0,"{0,0,0}"
2024-03-31,USPAB,"Palm Beach FL",BSNAS,Nassau,3,1,"Tropical Shipping",1,3,1176,,392,392,1,1,1,"{1,1,1}"
2024-03-31,USPAB,"Palm Beach FL",PRSJU,"San Juan PR",1,1,"Tropical Shipping",1,2,1116.5,255,1085,1148,3,3,3,{3}
2024-03-31,USPAB,"Palm Beach FL",TCPLS,Providenciales,2,2,"Tropical Shipping",1,2,463,66,157,306,2,2,2,"{2,2}"
2024-03-31,USPAB,"Palm Beach FL",VICTD,"St Croix VI",1,1,"Tropical Shipping",1,2,1148,260,1148,1148,3,3,3,{3}
2024-03-31,USPAB,"Palm Beach FL",VICZB,"St John VI",1,1,"Tropical Shipping",1,2,911.5,187,850,973,3,3,3,{3}
2024-03-31,USPAE,"Everett WA",CAVAN,"Vancouver BC",1,1,Westwood,1,2,6729.142857142857,,2048,2048,6,6,6,{6}
2024-03-31,USPAE,"Everett WA",USSEA,"Seattle WA",2,2,"Swire Shipping; Westwood",2,5,11148.57142857143,306.2857142857143,2048,2546,0,1,2,"{0,2}"
2024-03-31,USPDX,"Portland OR",CNYTN,Yantian,1,1,"MSC; ZIM",2,6,7776.333333333333,573.5,6296,9400,15,15,15,{15}
2024-03-31,USPEF,"Port Everglades FL",AWBAR,Barcadera,1,1,"King Ocean",1,2,1484,184,1484,1484,3,3,3,{3}
2024-03-31,USPEF,"Port Everglades FL",BRSSZ,Santos,1,1,"Hamburg Sud; Hapag-Lloyd; Maersk Line; SeaLand",4,7,5375.571428571428,1160.7142857142858,4896,5552,12,12,12,{12}
2024-03-31,USPEF,"Port Everglades FL",BSFPO,Freeport,1,1,MSC,1,9,5498.2222222222235,580,4549,8386,0,0,0,{0}
2024-03-31,USPEF,"Port Everglades FL",BSNAS,Nassau,2,1,MSC,1,2,2244,300,1122,1122,1,1,1,"{1,1}"
2024-03-31,USPEF,"Port Everglades FL",BZBZE,"Belize City",1,1,"Hyde Shipping Corp.; Seaboard Marine",2,1,333,,333,333,3,3,3,{3}
2024-03-31,USPEF,"Port Everglades FL",COCTG,Cartagena,2,2,"APL; CMA CGM; Hapag-Lloyd; Maersk Line; ONE; SeaLand; Yang Ming",7,14,9060.878787878788,1036.6666666666665,3947,5014,3,3,3,"{3,3}"
2024-03-31,USPEF,"Port Everglades FL",CRMOB,Moin,2,2,"Crowley; Great White Fleet; King Ocean; Seaboard Marine",4,5,3131,852,1284,1841,3,3.5,4,"{3,4}"
2024-03-31,USPEF,"Port Everglades FL",DOCAU,Caucedo,2,2,"MSC; ZIM",2,12,8468.3,813.3,1858,8089,3,3,3,"{3,3}"
2024-03-31,USPEF,"Port Everglades FL",DOHAI,"Rio Haina",3,3,"Crowley; King Ocean; Maersk Line; SeaLand",4,3,4820,1326,957,974,3,3,3,"{3,3,3}"
2024-03-31,USPEF,"Port Everglades FL",GTSTC,"Santo Tomas de Castilla",3,3,"Crowley; King Ocean; Maersk Line; MSC; SeaLand",5,6,4452,824,972,2546,2,3,3,"{3,2,3}"
2024-03-31,USPEF,"Port Everglades FL",HTPAP,Port-au-Prince,1,1,"King Ocean",1,1,864,232,864,864,3,3,3,{3}
2024-03-31,USPEF,"Port Everglades FL",JMKIN,Kingston,2,2,"APL; CMA CGM; Maersk Line",3,6,3282.333333333333,693,1201,2578,2,2.5,3,"{3,2}"
2024-03-31,USPEF,"Port Everglades FL",KYGEC,Georgetown,1,1,"Hyde Shipping Corp.; Seaboard Marine",2,1,508,50,508,508,3,3,3,{3}
2024-03-31,USPEF,"Port Everglades FL",NIRAM,Rama,1,1,"King Ocean",1,1,205,,205,205,1,1,1,{1}
2024-03-31,USPEF,"Port Everglades FL",PRSJU,"San Juan PR",1,1,"NSA-National Shipping of America",1,1,1140,172,570,570,3,3,3,{3}
2024-03-31,USPEF,"Port Everglades FL",SXSXM,"St Maarten",1,1,"King Ocean; Seaboard Marine",2,2,1296,195,1296,1296,3,3,3,{3}
2024-03-31,USPEF,"Port Everglades FL",USILM,"Wilmington NC",1,1,"Maersk Line; MSC; SeaLand",3,4,2508,484,2478,2546,2,2,2,{2}
2024-03-31,USPEF,"Port Everglades FL",USJAX,"Jacksonville FL",1,1,"Crowley; King Ocean; Seaboard Marine",3,2,1290,390,1284,1296,2,2,2,{2}
2024-03-31,USPEF,"Port Everglades FL",USNYC,"New York NY/NJ",1,1,"APL; CMA CGM; Hapag-Lloyd; Maersk Line; SeaLand",5,3,4152.333333333333,706.6666666666666,3947,4255,3,3,3,{3}
2024-03-31,USPEF,"Port Everglades FL",USPHL,"Philadelphia PA",1,1,"CMA CGM; ONE",2,6,2172,488.3333333333333,1064,2602,3,3,3,{3}
2024-03-31,USPEF,"Port Everglades FL",VISTT,"St Thomas VI",1,1,Crowley,1,1,1408,232,704,704,4,4,4,{4}
2024-03-31,USPFN,"Panama City FL",MXPGO,Progreso,1,1,"Linea Peninsular",1,1,366,40,366,366,2,2,2,{2}
2024-03-31,USPFN,"Panama City FL",USTPA,"Tampa FL",1,1,"Linea Peninsular",1,1,366,60,366,366,1,1,1,{1}
2024-03-31,USPHL,"Philadelphia PA",BEZEE,Zeebrugge,1,1,"ANL; APL; CMA CGM; Marfret",4,14,2410.714285714286,653.1428571428571,2256,2713,9,9,9,{9}
2024-03-31,USPHL,"Philadelphia PA",USCHS,"Charleston SC",1,1,"Hapag-Lloyd; Maersk Line; MSC; SeaLand",4,3,3557.3333333333335,748,3460,3752,3,3,3,{3}
2024-03-31,USPHL,"Philadelphia PA",USEWR,"NYC Ro/Ro (FAPS)",1,1,"Seaboard Marine",1,3,2548,525.3333333333334,2526,2572,1,1,1,{1}
2024-03-31,USPHL,"Philadelphia PA",USILG,"Wilmington DE",1,1,"Maersk Line; SeaLand",2,3,3947,1000,3947,3947,2,2,2,{2}
2024-03-31,USPHL,"Philadelphia PA",USILM,"Wilmington NC",1,1,"Maersk Line; MSC; SeaLand",3,4,2508,484,2478,2546,3,3,3,{3}
2024-03-31,USPHL,"Philadelphia PA",USMIA,"Miami FL",1,1,ZIM,1,6,1546.6666666666667,381.6666666666667,1296,1740,2,2,2,{2}
2024-03-31,USPHL,"Philadelphia PA",USNYC,"New York NY/NJ",1,1,"CMA CGM; ONE",2,6,2172,488.3333333333333,1064,2602,2,2,2,{2}
2024-03-31,USPHL,"Philadelphia PA",USORF,"Norfolk VA",4,4,"ACL-Atlantic Container Line; Ellerman; Hamburg Sud; Hapag-Lloyd; Maersk Line; MSC; ONE; SeaLand; Yang Ming",9,32,24409.757287157292,4482.714285714286,4112,13102,1,1.5,2,"{1,1,2,2}"
2024-03-31,USPME,"Port Manatee FL",MXTAM,Tampico,1,1,"World Direct Shipping-WDS",1,1,768,132.57142857142858,672,672,4,4,4,{4}
2024-03-31,USPWM,"Portland, ME",CAHAL,Halifax,1,1,Eimskip,1,3,882.6666666666666,189.66666666666666,698,1025,1,1,1,{1}
2024-03-31,USSAN,"San Diego CA",ECGYE,Guayaquil,1,1,Dole,1,3,1540,770,1540,1540,8,8,8,{8}
2024-03-31,USSAV,"Savannah GA",AEAUH,"Abu Dhabi",1,1,MSC,1,13,8716.307692307691,769.4615384615385,7403,9400,34,34,34,{34}
2024-03-31,USSAV,"Savannah GA",CNTAO,Qingdao,1,1,"APL; CMA CGM; COSCO; Evergreen Line; OOCL",5,11,13056.363636363636,718.1818181818181,10960,15294,35,35,35,{35}
2024-03-31,USSAV,"Savannah GA",COCTG,Cartagena,1,1,"Maersk Line; SeaLand",2,3,3947,1000,3947,3947,5,5,5,{5}
2024-03-31,USSAV,"Savannah GA",EGDAM,Damietta,1,1,"Hapag-Lloyd; ZIM",2,7,2343.4285714285716,388,2339,3237,16,16,16,{16}
2024-03-31,USSAV,"Savannah GA",ESALG,Algeciras,1,1,"CMA CGM; COSCO; ONE; OOCL",4,6,4381.833333333333,369.3333333333333,4250,4600,11,11,11,{11}
2024-03-31,USSAV,"Savannah GA",ESVLC,Valencia,1,1,"Hapag-Lloyd; ZIM",2,8,3917,301,3429,4839,14,14,14,{14}
2024-03-31,USSAV,"Savannah GA",JMKIN,Kingston,2,2,"ANL; APL; CMA CGM; Marfret",4,17,3578.714285714286,929.8095238095239,1102,2713,4,4,4,"{4,4}"
2024-03-31,USSAV,"Savannah GA",MAPTM,Tanger,1,1,"Arkas Line; Hapag-Lloyd; Turkon",3,7,2144.8571428571427,426.57142857142856,1878,2824,11,11,11,{11}
2024-03-31,USSAV,"Savannah GA",MYTPP,"Tanjung Pelepas",1,1,"Maersk Line; MSC; ZIM",3,12,9045.333333333334,859.1666666666666,7846,9962,31,31,31,{31}
2024-03-31,USSAV,"Savannah GA",PACTB,Cristobal,1,1,"Hapag-Lloyd; Wan Hai",2,12,11481.75,467.5,6350,13806,4,4,4,{4}
2024-03-31,USSAV,"Savannah GA",PKBQM,"Port Qasim",1,1,"APL; CMA CGM; Hapag-Lloyd; ONE",4,10,5780.2,394.6,5780,6969,26,26,26,{26}
2024-03-31,USSAV,"Savannah GA",SGSIN,Singapore,1,1,"Hapag-Lloyd; Hyundai; ONE; Yang Ming",4,13,13382.307692307691,892.3076923076923,12552,14100,27,27,27,{27}
2024-03-31,USSAV,"Savannah GA",USCHS,"Charleston SC",9,9,"APL; CMA CGM; CNC Line-Cheng Lie Navigation Co. Ltd.; COSCO; Evergreen Line; Hapag-Lloyd; Hyundai; Maersk Line; MSC; ONE; OOCL; SeaLand; Yang Ming",13,96,91502.16175491175,6594.297535797536,1118,16020,0,1,2,"{0,1,1,1,0,2,0,1,1}"
2024-03-31,USSAV,"Savannah GA",USHOU,"Houston TX",1,1,"APL; CMA CGM; Maersk Line; SeaLand",4,14,6246.928571428572,522.7142857142857,4253,6802,7,7,7,{7}
2024-03-31,USSAV,"Savannah GA",USILM,"Wilmington NC",1,1,"G2 Ocean",1,3,7273.142857142857,,945,1914,2,2,2,{2}
2024-03-31,USSAV,"Savannah GA",USJAX,"Jacksonville FL",2,2,"Hapag-Lloyd; Hyundai; Maersk Line; MSC; ONE; SeaLand; Yang Ming; ZIM",8,25,22300.5,1447.0833333333335,6730,14026,1,1.5,2,"{2,1}"
2024-03-31,USSAV,"Savannah GA",USMIA,"Miami FL",3,3,"APL; CMA CGM; COSCO; Hapag-Lloyd; Maersk Line; MSC; ONE; OOCL; Seaboard Marine; SeaLand; Yang Ming; ZIM",12,21,18438.4358974359,1806.474358974359,1296,11088,1,2,2,"{1,2,2}"
2024-03-31,USSAV,"Savannah GA",USNYC,"New York NY/NJ",2,2,"APL; CMA CGM; COSCO; Evergreen Line; Maersk Line; MSC; OOCL",7,19,18505.641025641024,1334.9358974358975,4132,15372,2,3,4,"{4,2}"
2024-03-31,USSAV,"Savannah GA",USORF,"Norfolk VA",2,2,"Hapag-Lloyd; Maersk Line; MSC; ONE; SeaLand; Yang Ming; ZIM",7,17,21228.666666666664,1919.3333333333333,6921,15124,2,2.5,3,"{3,2}"
2024-03-31,USSAV,"Savannah GA",USPEF,"Port Everglades FL",3,3,"Maersk Line; MSC; SeaLand; ZIM",4,23,14504.522222222224,1511.3,2478,8386,2,2,2,"{2,2,2}"
2024-03-31,USSAV,"Savannah GA",USPHL,"Philadelphia PA",2,2,"ANL; APL; CMA CGM; Marfret; ZIM",5,20,3957.3809523809523,1034.8095238095239,1296,2713,1,2,3,"{1,3}"
2024-03-31,USSEA,"Seattle WA",CAVAN,"Vancouver BC",4,4,"ANL; APL; CMA CGM; CNC Line-Cheng Lie Navigation Co. Ltd.; COSCO; Hapag-Lloyd; Maersk Line; MSC; OOCL; SeaLand; Swire Shipping; Westwood",12,23,25811.454545454544,1405.987012987013,2048,10960,1,2,2,"{2,2,2,1}"
2024-03-31,USSEA,"Seattle WA",KRPUS,Busan,1,1,"SM Line",1,6,4020.1666666666665,363.3333333333333,2741,4380,12,12,12,{12}
2024-03-31,USSEA,"Seattle WA",TWKHH,Kaohsiung,1,1,"APL; CMA CGM; COSCO; Evergreen Line; OOCL",5,6,5903.333333333333,410.6666666666667,5590,6422,16,16,16,{16}
2024-03-31,USSEA,"Seattle WA",USPDX,"Portland OR",1,1,"MSC; ZIM",2,6,7776.333333333333,573.5,6296,9400,1,1,1,{1}
2024-03-31,USSEA,"Seattle WA",VNHPH,Haiphong,1,1,"Swire Shipping",1,3,4169.333333333333,462,1123,2750,20,20,20,{20}
2024-03-31,USSSI,"Brunswick GA",USSAV,"Savannah GA",1,1,"G2 Ocean",1,3,7273.142857142857,,945,1914,2,2,2,{2}
2024-03-31,USTIW,"Tacoma WA",CAVAN,"Vancouver BC",3,3,"APL; CMA CGM; COSCO; Evergreen Line; Hapag-Lloyd; Hyundai; ONE; OOCL; Yang Ming",9,21,23727.086734693876,2092.279761904762,6046,11860,0,0,4,"{4,0,0}"
2024-03-31,USTIW,"Tacoma WA",JPTYO,Tokyo,1,1,"Hapag-Lloyd; Hyundai; ONE; Yang Ming",4,9,11612.666666666666,911.1111111111111,9954,12690,12,12,12,{12}
2024-03-31,USTIW,"Tacoma WA",JPYOK,Yokohama,1,1,"Maersk Line; SeaLand",2,6,2556.6666666666665,504.1666666666667,1774,3003,17,17,17,{17}
2024-03-31,USTIW,"Tacoma WA",TWKHH,Kaohsiung,1,1,"APL; CMA CGM; CNC Line-Cheng Lie Navigation Co. Ltd.; COSCO; Evergreen Line; OOCL",6,12,8968,227.41666666666666,7024,11888,15,15,15,{15}
2024-03-31,USTIW,"Tacoma WA",USOAK,"Oakland CA",1,1,Matson,1,2,2454.5,300,2019,2890,3,3,3,{3}
2024-03-31,USTPA,"Tampa FL",CNSHA,Shanghai,1,1,"APL; CMA CGM; COSCO; Evergreen Line; OOCL",5,10,8398.5,633,8063,8888,30,30,30,{30}
2024-03-31,USTPA,"Tampa FL",CRMOB,Moin,1,1,SeacatLine,1,2,511,,467,555,5,5,5,{5}
2024-03-31,USTPA,"Tampa FL",GTPBR,"Puerto Barrios",1,1,Dole,1,2,1820,910,1820,1820,3,3,3,{3}
2024-03-31,USTPA,"Tampa FL",PABLB,Balboa,1,1,"Maersk Line; MSC; ZIM",3,11,8738.636363636364,797.2727272727273,8189,9178,5,5,5,{5}
2024-03-31,USTPA,"Tampa FL",USHOU,"Houston TX",1,1,"Linea Peninsular",1,1,366,60,366,366,1,1,1,{1}
2024-03-31,UYMVD,Montevideo,ARBUE,"Buenos Aires",3,3,"CMA CGM; COSCO; Evergreen Line; Hapag-Lloyd; MSC; ONE; OOCL; PIL; Yang Ming",9,34,26513.46153846154,2844.923076923077,4051,14092,0,1,1,"{1,0,1}"
2024-03-31,UYMVD,Montevideo,ARZAE,Zarate,1,1,"Grimaldi Lines",1,4,2642,,1321,1321,1,1,1,{1}
2024-03-31,UYMVD,Montevideo,BRIOA,"Porto Itapoa",1,1,"Hamburg Sud; Hapag-Lloyd; Maersk Line; ONE; ZIM",5,13,9111.153846153846,1515.3846153846155,8850,11800,4,4,4,{4}
2024-03-31,UYMVD,Montevideo,BRNVT,Navegantes,1,1,"Hapag-Lloyd; MSC; ZIM",3,9,9159.888888888889,1330,8762,9400,3,3,3,{3}
2024-03-31,UYMVD,Montevideo,BRRIG,"Rio Grande",4,4,"CMA CGM; COSCO; Hamburg Sud; Hapag-Lloyd; Maersk Line; MSC; ONE; SeaLand; ZIM",9,38,31791.32222222222,4091.1333333333337,4620,11010,1,1.5,2,"{1,2,2,1}"
2024-03-31,UYMVD,Montevideo,BRSSZ,Santos,1,1,Hyundai,1,12,5167.666666666667,485,4728,6763,5,5,5,{5}
2024-03-31,VCKTN,"Kingstown, St Vincent",BBBGI,Bridgetown,1,1,"King Ocean; Seaboard Marine",2,2,1296,195,1296,1296,1,1,1,{1}
2024-03-31,VCKTN,"Kingstown, St Vincent",GDSTG,"St George's",1,1,"Geest Line; Seatrade; StreamLines",3,5,488.8,189.6,436,564,0,0,0,{0}
2024-03-31,VCKTN,"Kingstown, St Vincent",LCSLU,"Castries, St Lucia",1,1,"CMA CGM",1,3,770.3333333333334,153.33333333333334,677,957,1,1,1,{1}
2024-03-31,VELAG,"La Guaira",COCTG,Cartagena,1,1,"CMA CGM",1,2,2478,,2478,2478,2,2,2,{2}
2024-03-31,VELAG,"La Guaira",DOHAI,"Rio Haina",1,1,"King Ocean",1,1,1932,652,966,966,4,4,4,{4}
2024-03-31,VELAG,"La Guaira",GYGEO,"Georgetown, Guyana",1,1,ZIM,1,3,1543.3333333333333,306.6666666666667,1118,1756,3,3,3,{3}
2024-03-31,VELAG,"La Guaira",VEPBL,"Puerto Cabello",2,2,"CMA CGM; Maersk Line; SeaLand",3,4,6247,1094,1691,2578,1,1,1,"{1,1}"
2024-03-31,VEPBL,"Puerto Cabello",COCTG,Cartagena,1,1,"CMA CGM; Maersk Line",2,3,2003,294,1691,2578,3,3,3,{3}
2024-03-31,VEPBL,"Puerto Cabello",DOHAI,"Rio Haina",1,1,"King Ocean",1,1,1914,504,957,957,4,4,4,{4}
2024-03-31,VEPBL,"Puerto Cabello",PAMIT,Manzanillo,2,2,"Maersk Line; MSC; SeaLand",3,2,9224,1540,2122,2490,4,4,4,"{4,4}"
2024-03-31,VEPBL,"Puerto Cabello",VELAG,"La Guaira",2,2,"CMA CGM; ZIM",2,5,4021.333333333333,306.6666666666667,1118,2478,0,0.5,1,"{0,1}"
2024-03-31,VGRAD,Tortola,DOCAU,Caucedo,1,1,"Tropical Shipping",1,2,1116.5,255,1085,1148,2,2,2,{2}
2024-03-31,VGRAD,Tortola,GPBBR,"Basse Terre",1,1,Soreidom,1,1,492.85714285714283,,138,138,1,1,1,{1}
2024-03-31,VGRAD,Tortola,PRSJU,"San Juan PR",1,1,"CMA CGM",1,1,120,24,120,120,1,1,1,{1}
2024-03-31,VGRAD,Tortola,SXSXM,"St Maarten",1,1,"Tropical Shipping",1,2,911.5,187,850,973,0,0,0,{0}
2024-03-31,VGVIJ,"Virgin Gorda",SXSXM,"St Maarten",1,1,"Tropical Shipping",1,2,1116.5,255,1085,1148,1,1,1,{1}
2024-03-31,VGVIJ,"Virgin Gorda",VGRAD,Tortola,1,1,"Tropical Shipping",1,2,911.5,187,850,973,1,1,1,{1}
2024-03-31,VICTD,"St Croix VI",AIRBY,Anguilla,1,1,"Tropical Shipping",1,2,1148,260,1148,1148,1,1,1,{1}
2024-03-31,VICTD,"St Croix VI",USPEF,"Port Everglades FL",1,1,Crowley,1,1,1408,232,704,704,5,5,5,{5}
2024-03-31,VICZB,"St John VI",VISTT,"St Thomas VI",2,2,"Tropical Shipping",1,4,2028,442,850,1148,0,0,0,"{0,0}"
2024-03-31,VISTT,"St Thomas VI",KNBAS,"Basseterre, St Kitts",1,1,"CMA CGM",1,1,120,24,120,120,1,1,1,{1}
2024-03-31,VISTT,"St Thomas VI",VGVIJ,"Virgin Gorda",2,2,"Tropical Shipping",1,4,2028,442,850,1148,0,0,0,"{0,0}"
2024-03-31,VISTT,"St Thomas VI",VICTD,"St Croix VI",1,1,Crowley,1,1,1408,232,704,704,1,1,1,{1}
2024-03-31,VNC8Q,"Chu Lai",KRPUS,Busan,1,1,"APL; CMA CGM; CNC Line-Cheng Lie Navigation Co. Ltd.; COSCO; Hyundai",5,5,1817.4,211.6,1756,1952,6,6,6,{6}
2024-03-31,VNC8Q,"Chu Lai",THLCH,"Laem Chabang",1,1,"CMA CGM; CNC Line-Cheng Lie Navigation Co. Ltd.",2,4,1793.75,308,1708,1930,2,2,2,{2}
2024-03-31,VNC8Q,"Chu Lai",VNDAD,"Da Nang",1,1,"SITC Shipping",1,3,1797,162.66666666666666,1781,1805,0,0,0,{0}
2024-03-31,VNC8Q,"Chu Lai",VNHPH,Haiphong,1,1,"Gold Star Line; ZIM",2,2,1847,184,787,1060,2,2,2,{2}
2024-03-31,VNDAD,"Da Nang",CNNGB,Ningbo,1,1,"Asean Seas Line; OOCL",2,2,1481.5,106,1182,1781,3,3,3,{3}
2024-03-31,VNDAD,"Da Nang",CNSHK,Shekou,3,3,"Asean Seas Line; IAL-Interasia Lines; ONE; SITC Shipping; Wan Hai",5,8,5760.75,566.6666666666666,998,3055,2,2,2,"{2,2,2}"
2024-03-31,VNDAD,"Da Nang",CNTAO,Qingdao,1,1,"Asean Seas Line; OOCL; Yang Ming",3,2,1781,212,1781,1781,4,4,4,{4}
2024-03-31,VNDAD,"Da Nang",CNYTN,Yantian,2,2,"Maersk Line; MSC; SeaLand",3,9,3903.6666666666665,541.6666666666667,1728,2495,2,2.5,3,"{2,3}"
2024-03-31,VNDAD,"Da Nang",HKHKG,"Hong Kong",1,1,"COSCO; Evergreen Line",2,4,2392.5,131.5,1984,2634,2,2,2,{2}
2024-03-31,VNDAD,"Da Nang",VNHPH,Haiphong,3,3,"CMA CGM; CNC Line-Cheng Lie Navigation Co. Ltd.; SITC Shipping; Yang Ming",4,12,4958.466666666667,603.5,953,2782,2,2,2,"{2,2,2}"
2024-03-31,VNDAD,"Da Nang",VNSGN,"Ho Chi Minh (VICT/Cat Lai)",4,4,"COSCO; Evergreen Line; IAL-Interasia Lines; Wan Hai; Yang Ming",5,14,8234.166666666666,803.1666666666666,1368,3055,1,1.5,3,"{1,1,2,3}"
2024-03-31,VNHPH,Haiphong,CNNGB,Ningbo,1,1,"COSCO; Sinotrans; SITC Shipping",3,4,1072.75,141.25,1042,1103,4,4,4,{4}
2024-03-31,VNHPH,Haiphong,CNNSA,Nansha,1,1,"CMA CGM; CNC Line-Cheng Lie Navigation Co. Ltd.; ONE; RCL",4,2,1668,200,1668,1668,1,1,1,{1}
2024-03-31,VNHPH,Haiphong,CNQZH,Qinzhou,6,6,"Asean Seas Line; CK Line; CMA CGM; CNC Line-Cheng Lie Navigation Co. Ltd.; COSCO; Evergreen Line; KMTC; Namsung; ONE; OOCL; PIL; TS Lines; Yang Ming",13,15,8710.333333333332,780.5,851,1984,0,1,1,"{1,0,1,1,1,1}"
2024-03-31,VNHPH,Haiphong,CNSHA,Shanghai,2,2,"COSCO; CULines-China United Lines; Evergreen Line; IAL-Interasia Lines; ONE; OOCL; PIL; RCL; Samudera; Wan Hai",10,11,9104.766666666666,712.6666666666667,4211,5652,3,3.5,4,"{3,4}"
2024-03-31,VNHPH,Haiphong,CNSHK,Shekou,5,5,"Dongjin Shipping; Dong Young; Evergreen Line; Heung-A; KMTC; Namsung; Sinokor; SITC Shipping; Wan Hai",9,13,5871.833333333333,293,831,1984,1,2,2,"{2,2,1,2,1}"
2024-03-31,VNHPH,Haiphong,CNSWA,Shantou,1,1,"CK Line; KMTC; SM Line",3,2,1030,,1000,1060,2,2,2,{2}
2024-03-31,VNHPH,Haiphong,CNXMN,Xiamen,2,2,"APL; CMA CGM; COSCO; Dong Young; Evergreen Line; Namsung; ONE; OOCL; SM Line",9,10,10804.25,1162.5,1024,10642,2,2.5,3,"{3,2}"
2024-03-31,VNHPH,Haiphong,CNYTN,Yantian,5,5,"CMA CGM; CNC Line-Cheng Lie Navigation Co. Ltd.; COSCO; Evergreen Line; Hapag-Lloyd; Hyundai; MSC; ONE; OOCL; Samudera; X-Press; Yang Ming; ZIM",13,48,39512.03333333333,3111.144444444444,2524,12690,1,2,5,"{2,2,1,5,2}"
2024-03-31,VNHPH,Haiphong,CNZHA,Zhanjiang,1,1,"CMA CGM; CNC Line-Cheng Lie Navigation Co. Ltd.",2,5,2178.8,416,1756,2782,2,2,2,{2}
2024-03-31,VNHPH,Haiphong,HKHKG,"Hong Kong",6,6,"Heung-A; Hyundai; Maersk Line; Namsung; ONE; OOCL; PanCon; SeaLand; Sinokor; Yang Ming",10,17,8087.466666666667,512.5666666666666,1011,2208,1,2,2,"{2,2,2,1,2,1}"
2024-03-31,VNHPH,Haiphong,INKAT,Kattupalli,1,1,"Gold Star Line; ZIM",2,2,1847,184,787,1060,11,11,11,{11}
2024-03-31,VNHPH,Haiphong,JPTYO,Tokyo,1,1,"TS Lines",1,3,1182,145,1182,1182,7,7,7,{7}
2024-03-31,VNHPH,Haiphong,KRPUS,Busan,1,1,MSC,1,7,3047.8571428571427,479.42857142857144,2474,4268,5,5,5,{5}
2024-03-31,VNHPH,Haiphong,MYTPP,"Tanjung Pelepas",1,1,MSC,1,5,2881.4,436.4,2524,3534,5,5,5,{5}
2024-03-31,VNHPH,Haiphong,SGSIN,Singapore,1,1,COSCO,1,2,1653,143.5,1521,1785,5,5,5,{5}
2024-03-31,VNHPH,Haiphong,TWKHH,Kaohsiung,5,5,"CMA CGM; CNC Line-Cheng Lie Navigation Co. Ltd.; Evergreen Line; ONE; Wan Hai",5,12,8112.833333333333,730.5,1040,1984,2,2,3,"{2,2,3,2,2}"
2024-03-31,VNHPH,Haiphong,VNC8Q,"Chu Lai",1,1,"SITC Shipping",1,3,1797,162.66666666666666,1781,1805,2,2,2,{2}
2024-03-31,VNHPH,Haiphong,VNDAD,"Da Nang",5,5,"Asean Seas Line; Maersk Line; OOCL; SeaLand; Yang Ming",5,12,7811.5,1009.5,998,1805,1,1,1,"{1,1,1,1,1}"
2024-03-31,VNHPH,Haiphong,VNSGN,"Ho Chi Minh (VICT/Cat Lai)",1,1,"Swire Shipping",1,3,4169.333333333333,462,1123,2750,2,2,2,{2}
2024-03-31,VNHPH,Haiphong,VNVUT,"Cai Mep",1,1,"APL; CMA CGM; CNC Line-Cheng Lie Navigation Co. Ltd.; COSCO; Evergreen Line; ONE; OOCL",7,7,9555.142857142857,580,10000,13500,3,3,3,{3}
2024-03-31,VNSGN,"Ho Chi Minh (VICT/Cat Lai)",CNNGB,Ningbo,2,2,"CMA CGM; CNC Line-Cheng Lie Navigation Co. Ltd.; CULines-China United Lines; OOCL; RCL; Sinotrans; SITC Shipping",7,7,3533.666666666667,316.33333333333337,1668,1868,4,5,6,"{6,4}"
2024-03-31,VNSGN,"Ho Chi Minh (VICT/Cat Lai)",CNNSA,Nansha,2,2,"Hyundai; Namsung; ONE; PIL; SITC Shipping; TS Lines",6,8,3980.25,500,1708,2693,3,3,3,"{3,3}"
2024-03-31,VNSGN,"Ho Chi Minh (VICT/Cat Lai)",CNSHA,Shanghai,5,5,"CMA CGM; CNC Line-Cheng Lie Navigation Co. Ltd.; COSCO; Evergreen Line; Gold Star Line; Heung-A; Jin Jiang; KMTC; ONE; OOCL; Sinokor; ZIM",12,20,11847.233333333334,1493.1666666666665,1608,2954,4,5,5,"{5,5,5,5,4}"
2024-03-31,VNSGN,"Ho Chi Minh (VICT/Cat Lai)",CNSHK,Shekou,4,4,"KMTC; Maersk Line; OOCL; SeaLand; SITC Shipping; TS Lines; Yang Ming",7,17,8779.1,1387.1,1781,2546,1,3,3,"{3,1,3,3}"
2024-03-31,VNSGN,"Ho Chi Minh (VICT/Cat Lai)",CNTAO,Qingdao,1,1,"CNC Line-Cheng Lie Navigation Co. Ltd.; COSCO; Evergreen Line; OOCL",4,4,2625.75,360.5,2442,2742,6,6,6,{6}
2024-03-31,VNSGN,"Ho Chi Minh (VICT/Cat Lai)",CNXMN,Xiamen,2,2,"SITC Shipping",1,10,4419.666666666666,61,1781,2698,3,3.5,4,"{4,3}"
2024-03-31,VNSGN,"Ho Chi Minh (VICT/Cat Lai)",CNYTN,Yantian,1,1,"Maersk Line; SeaLand",2,6,2806,356,2806,2806,3,3,3,{3}
2024-03-31,VNSGN,"Ho Chi Minh (VICT/Cat Lai)",HKHKG,"Hong Kong",10,10,"APL; CMA CGM; CNC Line-Cheng Lie Navigation Co. Ltd.; COSCO; Evergreen Line; IAL-Interasia Lines; KMTC; Maersk Line; Namsung; OOCL; RCL; SeaLand; Sinokor; TS Lines; Wan Hai; Yang Ming",16,35,22944.43333333333,3279.5166666666664,1585,3055,2,3,3,"{2,3,3,3,3,3,2,2,3,2}"
2024-03-31,VNSGN,"Ho Chi Minh (VICT/Cat Lai)",JPOSA,Osaka,1,1,ONE,1,3,2574.6666666666665,462,2450,2824,6,6,6,{6}
2024-03-31,VNSGN,"Ho Chi Minh (VICT/Cat Lai)",JPTYO,Tokyo,1,1,"CMA CGM; CNC Line-Cheng Lie Navigation Co. Ltd.",2,4,1793.75,308,1708,1930,8,8,8,{8}
2024-03-31,VNSGN,"Ho Chi Minh (VICT/Cat Lai)",KHKOS,Sihanoukville,3,3,"IAL-Interasia Lines; SITC Shipping; Wan Hai",3,9,7733.5,786,1368,2038,1,3,3,"{3,1,3}"
2024-03-31,VNSGN,"Ho Chi Minh (VICT/Cat Lai)",KRINC,Inchon,4,4,"CK Line; CMA CGM; CNC Line-Cheng Lie Navigation Co. Ltd.; Dongjin Shipping; Heung-A; KMTC; Namsung; PanCon; PanOcean; Sinokor; SM Line",11,12,7022.666666666667,807.9999999999999,1614,1811,5,5,6,"{5,6,5,5}"
2024-03-31,VNSGN,"Ho Chi Minh (VICT/Cat Lai)",KRKAN,Gwangyang,2,2,"Evergreen Line; Heung-A; KMTC; Namsung; ONE; PanOcean; Sinokor; SM Line",8,6,3582.333333333333,570.6666666666667,1679,1891,5,5.5,6,"{5,6}"
2024-03-31,VNSGN,"Ho Chi Minh (VICT/Cat Lai)",KRPTK,Pyongtaek,1,1,"Heung-A; Sinokor",2,3,1070,156.66666666666666,1038,1118,7,7,7,{7}
2024-03-31,VNSGN,"Ho Chi Minh (VICT/Cat Lai)",KRPUS,Busan,1,1,"CK Line; Dongjin Shipping; KMTC; Namsung; PanCon; SM Line",6,3,1758.6666666666667,216.66666666666666,1585,1891,6,6,6,{6}
2024-03-31,VNSGN,"Ho Chi Minh (VICT/Cat Lai)",MYPKG,"Port Klang",3,3,"IAL-Interasia Lines; SITC Shipping; Wan Hai",3,14,6572.166666666666,523,1756,2698,2,3,4,"{3,4,2}"
2024-03-31,VNSGN,"Ho Chi Minh (VICT/Cat Lai)",MYTPP,"Tanjung Pelepas",1,1,"Maersk Line; SeaLand",2,3,1753.3333333333333,316.6666666666667,1730,1798,2,2,2,{2}
2024-03-31,VNSGN,"Ho Chi Minh (VICT/Cat Lai)",PHBTG,Batangas,2,2,"Maersk Line; RCL; SeaLand; SITC Shipping; TS Lines",5,6,3380.666666666667,516,1162,1808,3,3,3,"{3,3}"
2024-03-31,VNSGN,"Ho Chi Minh (VICT/Cat Lai)",SGSIN,Singapore,2,2,"OOCL; Yang Ming",2,8,3997.75,595,1730,2272,2,2.5,3,"{2,3}"
2024-03-31,VNSGN,"Ho Chi Minh (VICT/Cat Lai)",THBKK,"Bangkok (Old Port)",2,2,"Namsung; PanOcean; Sinotrans; SITC Shipping; SM Line",5,7,3580.333333333333,495,1679,1891,2,2.5,3,"{2,3}"
2024-03-31,VNSGN,"Ho Chi Minh (VICT/Cat Lai)",THLCH,"Laem Chabang",14,14,"CK Line; Dongjin Shipping; Evergreen Line; Gold Star Line; Heung-A; Hyundai; IAL-Interasia Lines; KMTC; Maersk Line; Namsung; ONE; OOCL; PanCon; PanOcean; SeaLand; Sinokor; SM Line; Wan Hai; Yang Ming; ZIM",20,47,27549.55,2848.3166666666666,1038,3055,1,2,4,"{2,2,2,2,2,4,1,2,3,3,2,2,3,2}"
2024-03-31,VNSGN,"Ho Chi Minh (VICT/Cat Lai)",TWKHH,Kaohsiung,5,4,"Evergreen Line; IAL-Interasia Lines; OOCL; Wan Hai; Yang Ming",5,17,10961.166666666668,1203.1666666666665,1368,2940,3,3,3,"{3,3,3,3,3}"
2024-03-31,VNSGN,"Ho Chi Minh (VICT/Cat Lai)",USSEA,"Seattle WA",1,1,"Swire Shipping",1,3,4169.333333333333,462,1123,2750,18,18,18,{18}
2024-03-31,VNSGN,"Ho Chi Minh (VICT/Cat Lai)",VNDAD,"Da Nang",2,2,"IAL-Interasia Lines; ONE; Wan Hai; Yang Ming",4,8,4745.75,337.5,1730,3055,1,2,3,"{3,1}"
2024-03-31,VNSGN,"Ho Chi Minh (VICT/Cat Lai)",VNUIH,"Qui Nhon",1,1,"COSCO; Evergreen Line",2,4,2392.5,131.5,1984,2634,1,1,1,{1}
2024-03-31,VNSGN,"Ho Chi Minh (VICT/Cat Lai)",VNVUT,"Cai Mep",1,1,MSC,1,6,2132.6666666666665,291.6666666666667,1728,2495,0,0,0,{0}
2024-03-31,VNUIH,"Qui Nhon",SGSIN,Singapore,1,1,PIL,1,2,1329.5,175,851,1808,4,4,4,{4}
2024-03-31,VNUIH,"Qui Nhon",VNC8Q,"Chu Lai",1,1,"APL; CMA CGM; CNC Line-Cheng Lie Navigation Co. Ltd.; COSCO; Hyundai",5,5,1817.4,211.6,1756,1952,0,0,0,{0}
2024-03-31,VNUIH,"Qui Nhon",VNDAD,"Da Nang",2,2,"COSCO; Evergreen Line; MSC",3,10,4525.166666666666,423.1666666666667,1728,2634,0,1,2,"{0,2}"
2024-03-31,VNVUT,"Cai Mep",CNNSA,Nansha,1,1,"COSCO; Evergreen Line; ONE; OOCL",4,7,13695.142857142857,868.5714285714286,13208,14500,3,3,3,{3}
2024-03-31,VNVUT,"Cai Mep",CNSHA,Shanghai,1,1,MSC,1,5,2948.2,460,2664,3534,7,7,7,{7}
2024-03-31,VNVUT,"Cai Mep",CNSHK,Shekou,3,3,"APL; CMA CGM; CNC Line-Cheng Lie Navigation Co. Ltd.; COSCO; Evergreen Line; IAL-Interasia Lines; ONE; OOCL; Wan Hai",9,24,21418.416666666664,1328.8333333333335,3013,13458,2,2,3,"{3,2,2}"
2024-03-31,VNVUT,"Cai Mep",CNXMN,Xiamen,2,2,"APL; CMA CGM; CNC Line-Cheng Lie Navigation Co. Ltd.; COSCO; Evergreen Line; ONE; OOCL",7,20,23561.45054945055,1410.7692307692307,10000,15372,3,3,3,"{3,3}"
2024-03-31,VNVUT,"Cai Mep",CNYTN,Yantian,1,1,"APL; CMA CGM; CNC Line-Cheng Lie Navigation Co. Ltd.; COSCO; Evergreen Line; OOCL",6,21,14152.904761904761,1136.095238095238,9289,16020,3,3,3,{3}
2024-03-31,VNVUT,"Cai Mep",HKHKG,"Hong Kong",5,5,"APL; CMA CGM; CNC Line-Cheng Lie Navigation Co. Ltd.; COSCO; Evergreen Line; Gold Star Line; Hapag-Lloyd; Hyundai; Maersk Line; MSC; ONE; OOCL; Yang Ming; ZIM",14,46,56482.4898989899,3080.1944444444443,7024,14100,1,3,3,"{3,3,1,2,3}"
2024-03-31,VNVUT,"Cai Mep",JPSMZ,Shimizu,1,1,ONE,1,3,2833.6666666666665,410.6666666666667,2785,2858,6,6,6,{6}
2024-03-31,VNVUT,"Cai Mep",JPYOK,Yokohama,1,1,"ONE; OOCL; Wan Hai",3,4,4362.75,375,4228,4538,7,7,7,{7}
2024-03-31,VNVUT,"Cai Mep",KRPUS,Busan,1,1,MSC,1,13,11094,769.2307692307693,8400,15294,5,5,5,{5}
2024-03-31,VNVUT,"Cai Mep",LKCMB,Colombo,1,1,"Gold Star Line; ZIM",2,15,6973.866666666667,616.6666666666666,4132,10062,5,5,5,{5}
2024-03-31,VNVUT,"Cai Mep",MYTPP,"Tanjung Pelepas",1,1,MSC,1,6,4261.333333333333,575,3739,4549,2,2,2,{2}
2024-03-31,VNVUT,"Cai Mep",SGSIN,Singapore,7,7,"APL; CMA CGM; CNC Line-Cheng Lie Navigation Co. Ltd.; COSCO; Evergreen Line; Hapag-Lloyd; Hyundai; Maersk Line; MSC; ONE; OOCL; SeaLand; Wan Hai; Yang Ming; ZIM",15,92,91009.29065934065,4956.936263736264,1728,24136,1,2,3,"{1,2,2,2,2,3,2}"
2024-03-31,VNVUT,"Cai Mep",THLCH,"Laem Chabang",1,1,MSC,1,6,4214.166666666667,469,3534,4892,2,2,2,{2}
2024-03-31,VNVUT,"Cai Mep",VNHPH,Haiphong,3,3,"Hapag-Lloyd; Hyundai; ONE; Samudera; X-Press; Yang Ming; ZIM",7,31,27364.383333333335,2035.2444444444443,6350,12690,2,3,3,"{3,2,3}"
2024-03-31,VUSAN,Santo,TWKHH,Kaohsiung,1,1,"Kyowa; ONE; Swire Shipping",3,4,3699,,1617,2082,8,8,8,{8}
2024-03-31,VUSAN,Santo,VUVLI,"Port Vila",4,4,"ANL; CMA CGM; Kyowa; NPDL; NYK Bulk and Projects",5,5,18530.85714285714,2098.5714285714284,519,1402,1,1,2,"{1,2,1,1}"
2024-03-31,VUVLI,"Port Vila",AUSYD,Sydney,1,1,"Swire Shipping",1,2,2668,418,1118,1550,8,8,8,{8}
2024-03-31,VUVLI,"Port Vila",NCNOU,Noumea,3,3,"Kyowa; NYK Bulk and Projects; ONE; Swire Shipping",4,8,11504.142857142857,,914,2082,1,1,2,"{1,2,1}"
2024-03-31,VUVLI,"Port Vila",NZAKL,Auckland,1,1,NPDL,1,1,2595,,519,519,6,6,6,{6}
2024-03-31,VUVLI,"Port Vila",NZTRG,Tauranga,2,2,"ANL; CMA CGM",2,2,11898.714285714286,2098.5714285714284,1037,1402,4,5,6,"{4,6}"
2024-03-31,WSAPW,"Apia, W. Samoa",ASPPG,"Pago Pago",5,5,"ANL; Kyowa; Maersk Line; Matson; NPDL; NYK Bulk and Projects; ONE; PIL; Swire Shipping",9,13,19943.714285714286,1437.142857142857,914,2082,0,0,1,"{0,0,0,1,0}"
2024-03-31,YEHOD,Hodeidah,DJJIB,Djibouti,1,1,PIL,1,2,1135.4285714285713,171.42857142857142,907,1080,1,1,1,{1}
2024-03-31,YEHOD,Hodeidah,SAJED,Jeddah,1,1,"CMA CGM",1,3,1672.6666666666667,231.66666666666666,1302,2078,4,4,4,{4}
2024-03-31,ZACPT,"Cape Town",AEJEA,"Dubai, Jebel Ali",1,1,"CMA CGM; Maersk Line",2,10,5271.7,607.6,4496,6014,23,23,23,{23}
2024-03-31,ZACPT,"Cape Town",AOLAD,Luanda,1,1,Hapag-Lloyd,1,4,6589.5,1049.5,2782,3739,5,5,5,{5}
2024-03-31,ZACPT,"Cape Town",ESLPA,"Las Palmas, Can Is",1,1,"MSC; Stinnes",2,9,9092.777777777777,1240.2222222222222,5782,12119,12,12,12,{12}
2024-03-31,ZACPT,"Cape Town",MZMPM,Maputo,1,1,MACS,1,6,4790.095238095238,,1842,2208,6,6,6,{6}
2024-03-31,ZACPT,"Cape Town",NAWVB,"Walvis Bay",1,1,MACS,1,6,4790.095238095238,,1842,2208,4,4,4,{4}
2024-03-31,ZACPT,"Cape Town",NLRTM,Rotterdam,1,1,"Hapag-Lloyd; Maersk Line; Marguisa; ONE; SeaLand",5,9,6980,1147.111111111111,6589,7154,17,17,17,{17}
2024-03-31,ZACPT,"Cape Town",SGSIN,Singapore,1,1,"COSCO; Evergreen Line; Gold Star Line; Hapag-Lloyd; ONE; OOCL; PIL; ZIM",8,9,4473.555555555556,357.55555555555554,3889,5364,19,19,19,{19}
2024-03-31,ZACPT,"Cape Town",USNYC,"New York NY/NJ",1,1,"Maersk Line; MSC",2,8,2939.5,451.125,1798,4549,12,12,12,{12}
2024-03-31,ZACPT,"Cape Town",ZADUR,Durban,1,1,"CSAL-Canada States Africa Line; GAL-Gulf Africa Line; MACS",3,3,4084.285714285714,,953,953,0,0,0,{0}
2024-03-31,ZACPT,"Cape Town",ZAZBA,"Ngqura (Coega)",1,1,"MSC; Stinnes",2,9,9092.777777777777,1240.2222222222222,5782,12119,1,1,1,{1}
2024-03-31,ZADUR,Durban,AEJEA,"Dubai, Jebel Ali",1,1,"Hapag-Lloyd; ONE",2,11,3682.4545454545455,386.3636363636364,2664,4258,22,22,22,{22}
2024-03-31,ZADUR,Durban,GHTEM,Tema,1,1,"Hapag-Lloyd; ONE",2,11,3682.4545454545455,386.3636363636364,2664,4258,14,14,14,{14}
2024-03-31,ZADUR,Durban,MUPLU,"Port Louis",2,2,"CMA CGM; CNC Line-Cheng Lie Navigation Co. Ltd.; Maersk Line; MSC; SeaLand",5,18,16681,1944.7777777777778,4392,13800,5,5.5,6,"{6,5}"
2024-03-31,ZADUR,Durban,MZMPM,Maputo,2,2,"CSAL-Canada States Africa Line; GAL-Gulf Africa Line; MACS; Messina",4,6,15229.523809523807,1023.8095238095239,953,4406,1,1,1,"{1,1}"
2024-03-31,ZADUR,Durban,SGSIN,Singapore,1,1,"COSCO; Evergreen Line; Gold Star Line; Hapag-Lloyd; ONE; OOCL; PIL; ZIM",8,8,4946.75,455.75,4253,6350,15,15,15,{15}
2024-03-31,ZADUR,Durban,ZACPT,"Cape Town",5,5,"COSCO; Evergreen Line; Gold Star Line; Hapag-Lloyd; MACS; Maersk Line; Marguisa; MSC; ONE; OOCL; PIL; SeaLand; ZIM",13,36,25772.65079365079,3005.291666666667,1798,7154,4,4,8,"{4,4,4,6,8}"
2024-03-31,ZADUR,Durban,ZAPLZ,"Port Elizabeth",1,1,"CMA CGM; Maersk Line",2,7,2682.714285714286,464.2857142857143,2490,2826,3,3,3,{3}
2024-03-31,ZADUR,Durban,ZAZBA,"Ngqura (Coega)",1,1,"MSC; Stinnes",2,9,9092.777777777777,1240.2222222222222,5782,12119,2,2,2,{2}
2024-03-31,ZAPLZ,"Port Elizabeth",REPDG,"Reunion Island",1,1,"CMA CGM; Maersk Line",2,7,2682.714285714286,464.2857142857143,2490,2826,10,10,10,{10}
2024-03-31,ZAPLZ,"Port Elizabeth",ZADUR,Durban,1,1,"Maersk Line; MSC",2,8,2939.5,451.125,1798,4549,1,1,1,{1}
2024-03-31,ZARCB,"Richards Bay",USMSY,"New Orleans LA",1,1,"CSAL-Canada States Africa Line; GAL-Gulf Africa Line; MACS",3,3,4084.285714285714,,953,953,24,24,24,{24}
2024-03-31,ZAZBA,"Ngqura (Coega)",LKCMB,Colombo,1,1,MSC,1,13,14635.692307692309,1046.1538461538462,13800,16616,11,11,11,{11}
2024-03-31,ZAZBA,"Ngqura (Coega)",ZACPT,"Cape Town",1,1,"MSC; Stinnes",2,9,9092.777777777777,1240.2222222222222,5782,12119,3,3,3,{3}
2024-03-31,ZAZBA,"Ngqura (Coega)",ZADUR,Durban,2,2,"Hapag-Lloyd; Maersk Line; Marguisa; MSC; ONE; SeaLand; Stinnes",7,18,16072.777777777777,2387.333333333333,5782,12119,4,4,4,"{4,4}"
