origin,destination,distinct_services,num_companies,num_vessels,weekly_teu,max_vessel,min_days,median_days,mode_days,avg_days,max_days
AEAUH,AEJEA,1,1,2,1329.461538,2472,0,0,0,0,0
AEJEA,AEKLF,1,2,6,2215.833333,2272,1,1,1,1,1
AEJEA,AESHJ,1,1,5,4267,4701,1,1,1,1,1
AEJEA,BHBAH,1,3,6,6321.166667,6477,2,2,2,2,2
AEJEA,CNDCB,1,1,10,8775.4,9200,13,13,13,13,13
AEJEA,CNSHA,1,1,5,4201.2,5042,21,21,21,21,21
AEJEA,DJJIB,2,2,5,3491.666667,3586,4,4,4,4,4
AEJEA,INNSA,2,2,18,11195,7455,3,3.5,3,3.5,4
AEJEA,INPAV,1,2,6,3514.333333,3604,5,5,5,5,5
AEJEA,IRBND,7,13,40,29914.83932,6572,1,1,1,1.571428571,3
AEJEA,KEMBA,2,4,3,1049.789474,1856,10,10,10,10,10
AEJEA,LKCMB,1,2,10,4639,5100,5,5,5,5,5
AEJEA,MYPKG,1,3,6,3033.833333,3108,7,7,7,7,7
AEJEA,NAWVB,1,2,8,1739.875,1900,15,15,15,15,15
AEJEA,OMSLL,2,2,11,6011.933333,3604,3,3,3,3,3
AEJEA,PKKHI,7,17,47,25759.0881,5770,2,2,2,2.571428571,4
AEJEA,SADMM,7,15,46,43330.14957,8600,1,2,2,1.571428571,2
AEJEA,SAJED,1,2,9,2515.333333,2578,6,6,6,6,6
AEJEA,SGSIN,6,13,59,55845.54646,14000,8,9,8,9.333333333,11
AEJEA,TZZNZ,1,1,2,995.1666667,1728,11,11,11,11,11
AEJEA,ZADUR,1,2,6,951.7666667,1597,15,15,15,15,15
AEKLF,AEJEA,3,8,25,11310.45833,5770,1,1,1,1.333333333,2
AEKLF,CNYTN,1,5,10,11216.8,11388,10,10,10,10,10
AEKLF,KEMBA,1,2,6,2215.833333,2272,10,10,10,10,10
AEKLF,MYPKG,4,9,35,27600.88889,8488,6,7.5,6,7.5,9
AEKLF,REPDG,1,2,4,1615.5,1638,7,7,7,7,7
AESHJ,AEJEA,1,2,5,2497.6,2556,1,1,1,1,1
AESHJ,OMSOH,1,1,5,4267,4701,1,1,1,1,1
AGSJO,SXSXM,1,1,3,657,657,0,0,0,0,0
AOLAD,AOLOB,2,3,7,2968.636364,3091,1,2.5,1,2.5,4
AOLAD,ARBUE,1,2,4,1210.3,1740,12,12,12,12,12
AOLAD,CGPNR,2,2,11,2427.560185,1900,1,1.5,1,1.5,2
AOLAD,NAWVB,1,2,7,624.7857143,1392,3,3,3,3,3
AOLAD,ZACPT,1,2,10,2032.2,2578,4,4,4,4,4
AOLAD,ZADUR,1,1,6,1363.384615,2758,12,12,12,12,12
AOLOB,AOMSZ,1,2,3,1503.25,1740,1,1,1,1,1
AOLOB,BEANR,1,1,4,1465.386364,3091,16,16,16,16,16
AOMSZ,PTLIS,1,2,3,1503.25,1740,16,16,16,16,16
ARBUE,BRNVT,1,5,7,5783.571429,5919,2,2,2,2,2
ARBUE,BRRIG,4,11,29,16611.73939,6589,1,1.5,1,1.5,2
ARBUE,BRSSZ,1,2,10,3507.4,3800,4,4,4,4,4
ARBUE,UYMVD,10,22,93,47386.70753,7450,0,1,1,1,2
ASPPG,USLGB,1,3,2,566.0666667,1304,11,11,11,11,11
AUADL,AUFRE,3,9,22,10414.64231,5087,4,4,4,4,4
AUADL,MYPKG,1,4,4,2440.5,2742,8,8,8,8,8
AUADL,NZAKL,1,5,4,1264,2572,6,6,6,6,6
AUADL,SGSIN,1,3,13,2860.692308,3534,10,10,10,10,10
AUBNE,AUSYD,4,18,23,12501.85385,4578,1,1.5,1,1.5,2
AUBNE,CNNGB,2,7,10,8072,5089,10,10.5,10,10.5,11
AUBNE,JPYOK,3,15,22,12389.5,4589,9,10,10,9.666666667,10
AUBNE,KRPUS,1,4,5,4057,4545,9,9,9,9,9
AUBNE,NZAKL,2,9,11,6594.466667,3586,3,3.5,3,3.5,4
AUBNE,SGSIN,1,1,7,2946.571429,3274,11,11,11,11,11
AUBNE,TWKEL,1,1,7,1231.111111,1728,10,10,10,10,10
AUBNE,TWKHH,2,11,10,8688.4,5042,9,10,9,10,11
AUDRW,PGPOM,1,1,3,665.6666667,1345,4,4,4,4,4
AUFRE,AUMEL,4,15,34,14758.01374,5087,4,4.5,4,4.75,6
AUFRE,AUSYD,2,8,9,4672.853846,4308,7,7,7,7,7
AUFRE,MYPKG,1,5,4,4596.75,5087,6,6,6,6,6
AUFRE,MYTPP,1,8,10,4354,4530,7,7,7,7,7
AUFRE,SGSIN,3,8,20,7525.892308,4953,3,6,6,5,6
AUMEL,AUADL,6,17,43,16979.83462,5087,1,1,1,1.166666667,2
AUMEL,AUBNE,3,9,15,12413.2,5089,2,2,2,2.333333333,3
AUMEL,AUFRE,1,8,10,4354,4530,5,5,5,5,5
AUMEL,AUSYD,11,24,70,33510.61485,5042,0,2,2,1.727272727,3
AUMEL,IDJKT,1,4,4,2303.5,2450,8,8,8,8,8
AUMEL,NZNPE,1,3,6,1199.333333,2556,4,4,4,4,4
AUMEL,NZTIU,1,4,10,3271.3,3752,5,5,5,5,5
AUMEL,SGSIN,1,5,4,3612,4578,9,9,9,9,9
AUSYD,AUBNE,5,20,32,20793.7,5042,1,1,1,1.4,2
AUSYD,AUMEL,13,28,88,39536.41795,5089,1,2,2,1.923076923,4
AUSYD,NZAKL,2,7,7,3375.04,2824,3,3,3,3,3
AUSYD,NZBLU,1,1,7,2946.571429,3274,5,5,5,5,5
AUSYD,NZTRG,1,1,7,1231.111111,1728,3,3,3,3,3
AUTSV,PHDVO,1,1,3,665.6666667,1345,9,9,9,9,9
AWORJ,CWWIL,2,3,5,2678.5,1795,1,1,1,1,1
AWORJ,HTPAP,1,2,6,1104.666667,1118,0,0,0,0,0
AWORJ,USFEB,1,1,1,712,712,4,4,4,4,4
BBBGI,TTPTS,1,1,3,657,657,1,1,1,1,1
BDCGP,BDMGL,1,3,1,339.9375,777,1,1,1,1,1
BDCGP,MYPEN,2,6,3,1559.5,1102,4,4.5,4,4.5,5
BDCGP,MYPKG,1,1,4,1611.75,1713,4,4,4,4,4
BDCGP,MYTPP,2,3,4,2517,1684,4,5,4,5,6
BDCGP,SGSIN,6,14,11,7657.5,1728,4,5,5,5,7
BDMGL,SGSIN,1,3,1,339.9375,777,4,4,4,4,4
BEANR,CAMTR,1,3,4,2890,2890,11,11,11,11,11
BEANR,CNNSA,1,5,10,10830.4,13092,24,24,24,24,24
BEANR,DEBRV,2,9,8,6238.75,4132,1,1.5,1,1.5,2
BEANR,DEHAM,3,5,19,9787.963636,4402,1,2,2,1.666666667,2
BEANR,DOCAU,1,4,8,4031.375,4178,10,10,10,10,10
BEANR,EGPSD,1,6,8,8171,8236,10,10,10,10,10
BEANR,ESALG,1,4,6,2634.5,2742,4,4,4,4,4
BEANR,ESBIO,1,1,5,1100.909091,1730,4,4,4,4,4
BEANR,FRLEH,9,12,57,34352.4316,9200,1,2,2,1.888888889,3
BEANR,GBFXT,8,11,69,55893.68875,14000,0,1.5,2,1.375,2
BEANR,GBLIV,1,1,4,2106.5,2800,2,2,2,2,2
BEANR,GBSOU,1,7,12,8770.916667,9012,1,1,1,1,1
BEANR,GBTHP,3,4,25,10984.54286,4890,1,1,1,1,1
BEANR,GBTIL,1,2,6,1662.759259,2550,1,1,1,1,1
BEANR,ITGIT,1,1,11,11940.18182,13800,8,8,8,8,8
BEANR,MAPTM,1,3,7,4257.714286,4268,4,4,4,4,4
BEANR,MYTPP,1,3,9,8368.333333,10070,19,19,19,19,19
BEANR,NLRTM,4,10,29,17756.7381,6350,1,1,1,1.25,2
BEANR,PACTB,1,1,4,2844.25,3091,13,13,13,13,13
BEANR,PTLIS,1,3,6,3247.666667,3534,3,3,3,3,3
BEANR,SAJED,3,7,25,19617.28571,8236,10,10,10,10.33333333,11
BEANR,SNDKR,1,3,5,1778.6,2135,7,7,7,7,7
BEANR,USNYC,1,6,3,2794.666667,2890,8,8,8,8,8
BEZEE,ESAGP,1,2,9,7689.888889,8488,5,5,5,5,5
BEZEE,GBSOU,1,4,11,10535.36364,11388,1,1,1,1,1
BEZEE,MYPKG,2,6,19,24220.30556,14074,24,30.5,24,30.5,37
BEZEE,NLRTM,4,7,35,32819.73506,11388,1,1,1,1.25,2
BHBAH,SADMM,1,3,6,6321.166667,6477,0,0,0,0,0
BHBAH,SGSIN,1,3,6,6321.166667,6477,9,9,9,9,9
BJCOO,CIABJ,1,2,5,2196.4,2226,2,2,2,2,2
BJCOO,CMDLA,1,2,6,2472,2478,2,2,2,2,2
BJCOO,ESAGP,2,2,8,4918,2556,8,8,8,8,8
BJCOO,ESALG,1,4,4,2196,2442,12,12,12,12,12
BJCOO,NGAPP,1,2,6,951.7666667,1597,1,1,1,1,1
BJCOO,NGTIN,1,5,11,2558.636364,2664,0,0,0,0,0
BJCOO,TGLFW,2,7,16,4755.036364,2664,0,0,0,0,0
BJCOO,ZADUR,1,2,10,2501.4,2572,11,11,11,11,11
BNMUA,MYBKI,1,1,2,454,1118,1,1,1,1,1
BQKRA,VELAG,1,2,6,1104.666667,1118,0,0,0,0,0
BRBEL,BRFOR,1,2,6,1678,1678,2,2,2,2,2
BRBEL,TTPOS,1,1,1,0,0,6,6,6,6,6
BRFOR,BRNAT,1,2,6,1678,1678,1,1,1,1,1
BRIOA,ARBUE,1,4,12,7262.166667,7450,3,3,3,3,3
BRIOA,BRNVT,1,3,6,3555.833333,3739,1,1,1,1,1
BRIOA,BRPNG,1,4,12,7262.166667,7450,2,2,2,2,2
BRITJ,BRPNG,5,16,37,18011.14286,4500,0,1,1,1,2
BRITJ,BRSSZ,5,15,45,17497.88442,4600,0,2,2,1.6,3
BRMAO,BRBEL,1,1,1,0,0,3,3,3,3,3
BRMAO,BRSTM,1,1,1,0,0,1,1,1,1,1
BRMAO,BRVDC,2,3,6,2004.25,1647,3,3.5,3,3.5,4
BRNAT,ESALG,1,2,6,1678,1678,8,8,8,8,8
BRNVT,BRIOA,1,3,6,3555.833333,3739,0,0,0,0,0
BRNVT,BRPNG,3,7,23,12777.09091,5610,0,1,0,1,2
BRNVT,BRRIG,1,5,7,5783.571429,5919,1,1,1,1,1
BRNVT,BRRIO,1,4,6,1649.833333,1730,2,2,2,2,2
BRNVT,BRSFS,1,3,8,5378.5,5800,0,0,0,0,0
BRNVT,BRSSZ,4,8,25,15890.85714,5762,0,1,0,1.25,3
BRPEC,BRSUA,1,1,6,2593.5,3007,9,9,9,9,9
BRPEC,GBTIL,1,2,7,3084.285714,3100,9,9,9,9,9
BRPEC,MAPTM,1,8,7,4240,4367,8,8,8,8,8
BRPEC,USNYC,1,4,6,4334.666667,4600,10,10,10,10,10
BRPEC,VELAG,1,1,7,2109.857143,3007,5,5,5,5,5
BRPNG,ARBUE,1,2,7,3084.285714,3100,3,3,3,3,3
BRPNG,BRITJ,3,12,23,10888.44286,4380,1,1,1,1,1
BRPNG,BRNVT,1,3,6,3555.833333,3739,1,1,1,1,1
BRPNG,BRRIG,1,1,6,5209.333333,5610,1,1,1,1,1
BRPNG,BRRIO,1,3,6,2786.5,2872,4,4,4,4,4
BRPNG,BRSFS,1,7,13,4931.153846,5605,1,1,1,1,1
BRPNG,BRSSZ,7,18,60,31539.83983,7450,1,2,2,2.142857143,3
BRPNG,UYMVD,1,2,11,4355,4500,2,2,2,2,2
BRRIG,BRIOA,1,4,12,7262.166667,7450,2,2,2,2,2
BRRIG,BRITJ,2,5,18,6322.038961,4380,1,1,1,1,1
BRRIG,BRNVT,3,8,21,15120.02381,5800,1,1,1,1,1
BRRIG,BRPNG,1,4,11,5688.272727,6589,2,2,2,2,2
BRRIG,BRSFS,2,6,12,5778.3,5059,2,2.5,2,2.5,3
BRRIG,BRSSZ,4,9,31,21202.47619,5919,2,2.5,2,2.5,3
BRRIO,BRNVT,1,1,6,5209.333333,5610,1,1,1,1,1
BRRIO,BRSSA,4,9,25,14479.14286,4600,2,3,3,2.75,3
BRRIO,BRSSZ,6,18,52,25484.05325,5919,1,1,1,3,12
BRRIO,BRSUA,1,4,8,4568,5059,4,4,4,4,4
BRRIO,BRVIX,1,4,6,1649.833333,1730,1,1,1,1,1
BRRIO,CGPNR,1,2,4,1210.3,1740,14,14,14,14,14
BRRIO,COCTG,1,3,6,2786.5,2872,13,13,13,13,13
BRRIO,DOCAU,1,4,7,5406.857143,5762,9,9,9,9,9
BRRIO,SGSIN,2,8,21,8578.890909,4520,22,22.5,22,22.5,23
BRRIO,ZACPT,1,7,13,4931.153846,5605,9,9,9,9,9
BRSFS,BRSSZ,4,15,33,16087.95385,5800,1,2,2,1.75,2
BRSPB,BEANR,1,5,7,5783.571429,5919,12,12,12,12,12
BRSPB,BRITJ,1,4,11,4282.545455,4600,1,1,1,1,1
BRSPB,BRSSZ,1,5,7,3995.142857,4367,1,1,1,1,1
BRSPB,BRSUA,1,3,8,5378.5,5800,3,3,3,3,3
BRSSA,BRPEC,1,1,6,2593.5,3007,2,2,2,2,2
BRSSA,BRRIO,1,1,6,5209.333333,5610,2,2,2,2,2
BRSSA,BRSUA,1,4,6,4334.666667,4600,1,1,1,1,1
BRSSA,COCTG,1,3,6,3555.833333,3739,8,8,8,8,8
BRSSA,ESLPA,1,3,6,3247.666667,3534,7,7,7,7,7
BRSSA,MAPTM,1,5,7,3995.142857,4367,10,10,10,10,10
BRSSA,MYPKG,1,3,11,4196.272727,4380,26,26,26,26,26
BRSSZ,ARBUE,9,20,77,43651.09324,5919,1,3,3,3.222222222,4
BRSSZ,BRIOA,1,4,12,7262.166667,7450,1,1,1,1,1
BRSSZ,BRITJ,2,3,17,7141.5,4500,3,3.5,3,3.5,4
BRSSZ,BRNVT,1,4,6,1649.833333,1730,1,1,1,1,1
BRSSZ,BRPEC,3,10,21,9434.142857,4367,4,5,5,4.666666667,5
BRSSZ,BRPNG,4,14,30,13972.72857,4380,2,2,2,2.25,3
BRSSZ,BRRIO,11,18,84,41960.84476,5762,1,1,1,1.454545455,2
BRSSZ,BRSPB,2,5,15,11162.07143,5919,1,1,1,1,1
BRSSZ,BRSSA,1,3,6,3247.666667,3534,3,3,3,3,3
BRSSZ,BRVIX,1,3,6,3247.666667,3534,3,3,3,3,3
BRSSZ,ESALG,2,6,17,6989.5,4500,10,10.5,10,10.5,11
BRSSZ,ESVLC,1,1,6,5209.333333,5610,15,15,15,15,15
BRSSZ,NLRTM,1,4,7,5854.571429,5905,15,15,15,15,15
BRSSZ,SGSIN,3,11,33,14981.74848,7450,22,26,22,25.33333333,28
BRSSZ,UYMVD,2,6,21,9195.672727,6589,3,3,3,3,3
BRSSZ,ZADUR,1,4,11,5688.272727,6589,13,13,13,13,13
BRSSZ,ZAPLZ,1,4,11,4282.545455,4600,10,10,10,10,10
BRSTM,BRVDC,1,1,1,0,0,1,1,1,1,1
BRSUA,ARBUE,1,3,8,5378.5,5800,7,7,7,7,7
BRSUA,BRPEC,1,4,6,4334.666667,4600,2,2,2,2,2
BRSUA,BRPNG,1,3,6,3555.833333,3739,4,4,4,4,4
BRSUA,BRSPB,2,7,18,8277.688312,4600,2,2.5,2,2.5,3
BRSUA,BRSSA,1,3,11,4196.272727,4380,1,1,1,1,1
BRSUA,BRSSZ,2,6,13,9741.52381,5762,4,4,4,4,4
BRSUA,DOCAU,1,4,8,4568,5059,7,7,7,7,7
BRSUA,ESLPA,1,3,8,5378.5,5800,7,7,7,7,7
BRSUA,MXVER,1,1,6,2593.5,3007,4,4,4,4,4
BRVDC,PAMIT,1,2,4,1518.5,1647,9,9,9,9,9
BRVDC,TTPOS,1,1,1,0,0,3,3,3,3,3
BRVDC,USSAV,1,1,2,485.75,1102,11,11,11,11,11
BRVIX,BRNVT,2,3,12,5841.166667,3534,2,2.5,2,2.5,3
BRVIX,BRRIG,1,1,7,2109.857143,3007,4,4,4,4,4
BRVIX,VEPSU,1,4,6,1649.833333,1730,8,8,8,8,8
BSFPO,DOCAU,1,4,8,4568,5059,4,4,4,4,4
BSFPO,ESBCN,1,1,6,4622.666667,5060,12,12,12,12,12
BSFPO,MXVER,1,1,7,6352.857143,6750,3,3,3,3,3
BSFPO,PACTB,1,1,7,3842.285714,4425,5,5,5,5,5
BSFPO,SAJED,1,1,6,8292.166667,9200,19,19,19,19,19
BSFPO,USCHS,1,4,8,4568,5059,3,3,3,3,3
BSFPO,USPHL,1,1,7,3842.285714,4425,2,2,2,2,2
BSFPO,USSAV,1,1,7,6352.857143,6750,1,1,1,1,1
BSFPO,ZAPLZ,1,3,8,2239.75,3044,21,21,21,21,21
BZBZE,USMIA,1,1,1,972,972,2,2,2,2,2
CAHAL,BEANR,1,3,14,4699.642857,4890,7,7,7,7,7
CAHAL,CANWP,1,1,1,191.6923077,712,2,2,2,2,2
CAHAL,CUHAV,1,1,3,1455.666667,1645,5,5,5,5,5
CAHAL,ITCAG,1,3,10,5689.8,5888,7,7,7,7,7
CAHAL,JMKIN,1,2,10,4945.2,5040,4,4,4,4,4
CAHAL,NLRTM,1,3,4,2890,2890,8,8,8,8,8
CAHAL,USNYC,2,3,24,10389.44286,5888,2,2,2,2,2
CAMTR,BEANR,1,2,3,4402,4402,7,7,7,7,7
CAMTR,CAHAL,1,3,4,2890,2890,3,3,3,3,3
CAMTR,ESALG,1,2,5,2057.2,2475,11,11,11,11,11
CAMTR,ESVLC,1,1,3,3712,4469,9,9,9,9,9
CAMTR,GBLIV,1,3,4,3397,4132,7,7,7,7,7
CAMTR,ITSPE,1,1,3,3305.333333,3600,10,10,10,10,10
CANWP,CASAT,1,1,1,191.6923077,712,2,2,2,2,2
CANWP,ISREY,1,1,1,174.5,698,6,6,6,6,6
CANWP,USBOS,1,1,1,174.5,698,4,4,4,4,4
CANWP,USORF,1,1,1,191.6923077,712,4,4,4,4,4
CAPRR,CAVAN,1,4,5,7663,8495,1,1,1,1,1
CAPRR,USLGB,1,4,6,5304.333333,5576,3,3,3,3,3
CAPRR,USSEA,1,4,5,5454.8,5744,2,2,2,2,2
CASAT,ISREY,1,1,1,191.6923077,712,5,5,5,5,5
CAVAN,CNNSA,1,1,5,3310.766667,3025,22,22,22,22,22
CAVAN,JPTYO,3,12,26,19901.47619,8749,10,11,10,11,12
CAVAN,JPYOK,2,6,22,13365.99048,9200,11,11,11,11,11
CAVAN,KRPUS,3,7,15,16012.4,6800,10,11,10,11,12
CAVAN,USLGB,1,5,4,1264,2572,3,3,3,3,3
CAVAN,USOAK,1,3,10,1783.3,1970,3,3,3,3,3
CAVAN,USPDX,1,1,6,1500.333333,2500,1,1,1,1,1
CAVAN,USSEA,5,11,29,30061.26832,8749,1,1,1,1.4,3
CGPNR,AOLAD,4,3,24,6071.270979,3091,1,3.5,1,4,8
CGPNR,GALBV,3,4,11,3733.618519,2506,1,1,1,1.666666667,3
CGPNR,MYTPP,1,2,9,2525.111111,2602,23,23,23,23,23
CGPNR,NGAPP,1,2,8,1739.875,1900,4,4,4,4,4
CGPNR,NGONN,1,2,9,2525.111111,2602,3,3,3,3,3
CIABJ,AOLAD,1,2,3,687.6851852,1835,5,5,5,5,5
CIABJ,BEANR,2,5,11,3441.359259,2550,11,11.5,11,11.5,12
CIABJ,BJCOO,2,2,8,4918,2556,1,1,1,1,1
CIABJ,CGPNR,1,2,3,615.5333333,1875,3,3,3,3,3
CIABJ,ESALG,2,2,13,3096.785714,2478,6,7,6,7,8
CIABJ,ESVLC,1,2,3,687.6851852,1835,8,8,8,8,8
CIABJ,GHTEM,1,2,11,4328.909091,4500,0,0,0,0,0
CIABJ,GHTKD,2,2,2,681.8594771,1730,0,0,0,0,0
CIABJ,INMUN,1,2,8,1739.875,1900,21,21,21,21,21
CIABJ,ITNAP,2,2,2,681.8594771,1730,9,9.5,9,9.5,10
CIABJ,LKCMB,2,4,19,4485.440909,3650,19,19,19,19,19
CIABJ,MYPKG,1,3,9,3020.333333,3430,21,21,21,21,21
CIABJ,NAWVB,1,2,11,4328.909091,4500,5,5,5,5,5
CIABJ,SNDKR,2,3,11,5146.233333,3424,4,4,4,4,4
CIABJ,TGLFW,1,2,5,2196.4,2226,1,1,1,1,1
CISPY,ESLPA,1,1,5,2471.2,3005,6,6,6,6,6
CLANF,CLMJS,1,3,5,1099.636364,1730,0,0,0,0,0
CLANF,PECLL,1,1,5,1100.909091,1730,3,3,3,3,3
CLARI,CLCNL,1,1,7,3842.285714,4425,2,2,2,2,2
CLCNL,CLSAI,1,2,8,4310.625,5059,2,2,2,2,2
CLCNL,CLVAP,1,1,7,3842.285714,4425,2,2,2,2,2
CLIQQ,CLMJS,1,3,11,5573.090909,5762,1,1,1,1,1
CLIQQ,CLSAI,4,8,29,12439.58485,6627,2,2,2,2.75,5
CLIQQ,CLVAP,2,4,20,11702,8411,2,2,2,2,2
CLLQN,CLVAP,2,4,15,7854.590909,5762,0,0,0,0,0
CLLQN,MXLZC,1,3,11,5573.090909,5762,10,10,10,10,10
CLLQN,PECLL,3,5,21,9626.271429,4738,3,4,3,4,5
CLMJS,CLCNL,1,2,8,4310.625,5059,3,3,3,3,3
CLMJS,CLVAP,2,3,20,8277.313131,5762,1,1.5,1,1.5,2
CLMJS,PECLL,1,3,5,1099.636364,1730,4,4,4,4,4
CLSAI,CLANF,2,3,10,2200.545455,1730,2,2,2,2,2
CLSAI,CLLQN,1,1,7,2943.571429,3100,1,1,1,1,1
CLSAI,CLSVE,2,6,17,9405.242424,6627,1,1.5,1,1.5,2
CLSAI,PABLB,1,2,8,4310.625,5059,9,9,9,9,9
CLSAI,PECLL,4,12,30,15165.64242,6627,2,4.5,5,4,5
CLSAI,PEMRI,1,1,3,873.3666667,1341,3,3,3,3,3
CLSVE,CLSAI,2,6,17,9405.242424,6627,1,1.5,1,1.5,2
CLSVE,CLVAP,1,4,10,3009.7,3398,0,0,0,0,0
CLSVE,MXZLO,1,4,10,3009.7,3398,10,10,10,10,10
CLSVE,PABLB,1,1,10,7300.8,8411,7,7,7,7,7
CLVAP,CLLQN,3,7,25,12255.79091,5762,1,1,1,1,1
CLVAP,CLSVE,2,5,20,10310.5,8411,1,1,1,1,1
CLVAP,PABLB,1,1,7,3842.285714,4425,6,6,6,6,6
CLVAP,PECLL,1,4,8,4031.375,4178,3,3,3,3,3
CLVAP,TWKEL,1,3,9,2704.222222,3091,22,22,22,22,22
CMDLA,CGPNR,1,2,9,2525.111111,2602,5,5,5,5,5
CMDLA,CIABJ,2,4,12,4134.759259,2550,2,2.5,2,2.5,3
CMDLA,GHTKD,1,1,5,2471.2,3005,1,1,1,1,1
CMDLA,ZADUR,1,2,9,2515.333333,2578,15,15,15,15,15
CNCWN,CNNGB,3,4,24,11696.68182,6627,2,2,2,2.333333333,3
CNCWN,CNNSA,2,5,22,13443.70455,11388,1,1,1,1,1
CNCWN,CNSHA,2,3,14,9037.8,8411,3,3,3,3,3
CNCWN,CNSHK,1,7,9,6503.777778,6750,1,1,1,1,1
CNCWN,CNTAO,1,3,10,6340,6350,5,5,5,5,5
CNCWN,CNXMN,3,6,28,21732.95455,11388,0,1,0,1,2
CNCWN,CNYTN,4,8,35,33117.06277,13800,0,0,0,0.25,1
CNCWN,HKHKG,17,17,143,120145.5275,14000,0,0,0,0.470588235,1
CNCWN,KRPUS,1,4,10,4235.8,4308,2,2,2,2,2
CNCWN,MYPKG,2,2,15,11220.83333,6589,4,4,4,4,4
CNCWN,MYTPP,1,4,11,8072,8488,3,3,3,3,3
CNCWN,PTSIE,1,1,11,11940.18182,13800,18,18,18,18,18
CNCWN,SGSIN,6,5,52,52818.62778,14000,3,3,3,3.166666667,4
CNCWN,THLCH,1,3,7,5272.857143,5928,4,4,4,4,4
CNCWN,TWKHH,1,1,3,1437,1440,3,3,3,3,3
CNDCB,CNNGB,1,1,10,8775.4,9200,3,3,3,3,3
CNDCB,CNSHA,1,7,12,8770.916667,9012,1,1,1,1,1
CNDCB,CNXMN,1,3,10,4401.2,4738,1,1,1,1,1
CNDCB,HKHKG,5,10,38,23878.79524,6400,0,0,0,0.2,1
CNDCB,MYPKG,1,5,10,4169.5,4255,4,4,4,4,4
CNDCB,SGSIN,3,9,24,14731.91667,9012,3,3,3,3.666666667,5
CNDCB,VNTCT,1,2,11,3607.363636,4308,3,3,3,3,3
CNDLC,CNTAO,9,22,57,40228.44274,13092,1,1,1,1.333333333,2
CNDLC,CNTXG,10,17,63,52043.31515,14000,0,1,1,0.9,1
CNDLC,JPMAI,1,1,2,570.5,585,3,3,3,3,3
CNDLC,JPTYO,1,1,2,725,725,4,4,4,4,4
CNDLC,KRPUS,5,14,11,12785.44444,8468,1,2,2,2.2,3
CNFAN,CNSHK,1,2,1,750,750,1,1,1,1,1
CNFOC,CNNGB,1,4,5,4344.4,5089,2,2,2,2,2
CNFOC,CNYTN,1,4,6,6627.833333,6655,1,1,1,1,1
CNFUG,CNCWN,1,3,11,2908.340909,3650,1,1,1,1,1
CNFUG,CNXMN,4,11,27,33752.66667,10100,1,1,1,1,1
CNFUG,HKHKG,1,2,10,2501.4,2572,1,1,1,1,1
CNFUG,KRPUS,1,2,11,4328.909091,4500,2,2,2,2,2
CNHUA,VNDAD,1,3,3,1625.333333,1800,1,1,1,1,1
CNLYG,CNSHA,2,6,9,10320.1,8530,2,2,2,2,2
CNLYG,CNTAO,3,6,5,1896,702,0,1,1,0.666666667,1
CNLYG,HKHKG,1,2,3,1725.333333,1970,4,4,4,4,4
CNNGB,AUBNE,1,8,10,4354,4530,9,9,9,9,9
CNNGB,CNCWN,4,14,36,26994.41414,11388,2,2,2,2,2
CNNGB,CNDCB,2,8,22,12940.41667,9012,2,2,2,2,2
CNNGB,CNFOC,1,4,6,6627.833333,6655,1,1,1,1,1
CNNGB,CNFUG,2,5,21,5409.740909,3650,1,2,1,2,3
CNNGB,CNNSA,3,5,19,12043.15909,6252,2,2,2,2.333333333,3
CNNGB,CNSHA,67,50,501,360924.3921,15550,0,1,1,0.940298507,3
CNNGB,CNSHK,9,22,64,46159.50962,14074,1,2,2,2,3
CNNGB,CNXMN,12,21,95,56742.7197,10070,1,2,2,1.583333333,2
CNNGB,CNYTN,10,19,88,59657.87702,13092,1,2,2,2.1,3
CNNGB,HKHKG,18,34,128,94900.53662,14000,1,2,2,2.444444444,4
CNNGB,JPTYO,1,1,9,4227,4229,2,2,2,2,2
CNNGB,JPYOK,1,4,9,4373.888889,5089,3,3,3,3,3
CNNGB,KRPUS,5,12,27,27998.36667,8530,1,2,1,2.2,5
CNNGB,MYPKG,1,1,8,1577.1,2702,7,7,7,7,7
CNNGB,RUVYP,1,1,2,1060,1060,4,4,4,4,4
CNNGB,SGSIN,3,9,19,10434.55556,6477,5,5,5,5.333333333,6
CNNGB,THLCH,1,1,3,1725,1725,6,6,6,6,6
CNNGB,TWKEL,2,7,13,9798.261905,5700,1,1.5,1,1.5,2
CNNGB,TWKHH,6,14,47,28553.1123,6572,1,2,2,1.833333333,3
CNNGB,TWTPE,2,6,16,11347.6,6627,1,1.5,1,1.5,2
CNNGB,USLGB,1,4,6,8188,8411,12,12,12,12,12
CNNGB,USTIW,1,2,14,5549.142857,5652,10,10,10,10,10
CNNSA,CNCWN,1,4,11,8072,8488,1,1,1,1,1
CNNSA,CNSHK,3,7,11,8115.2,5089,0,1,1,0.666666667,1
CNNSA,CNSWA,1,2,2,1378,1378,0,0,0,0,0
CNNSA,CNTXG,1,5,6,7757.944444,8468,3,3,3,3,3
CNNSA,CNXMN,1,4,11,8072,8488,2,2,2,2,2
CNNSA,CNYTN,3,6,32,22223.07792,11388,0,1,1,0.666666667,1
CNNSA,DEHAM,1,7,9,10331.88889,13092,22,22,22,22,22
CNNSA,HKHKG,10,18,71,59742.45,13800,1,1,1,1.3,2
CNNSA,IDJKT,1,2,2,1556.25,3467,5,5,5,5,5
CNNSA,JPUKB,1,1,10,8504.4,8950,3,3,3,3,3
CNNSA,MYPKG,1,3,11,2908.340909,3650,5,5,5,5,5
CNNSA,MYTPP,4,4,32,17155.50909,6252,4,4,4,4,4
CNSHA,CAPRR,1,4,5,7663,8495,10,10,10,10,10
CNSHA,CNCWN,2,4,15,11312.5,9200,3,3.5,3,3.5,4
CNSHA,CNDCB,3,7,22,9256.89697,4308,2,3,2,3,4
CNSHA,CNDLC,3,3,9,2523.666667,1512,2,3,3,2.666666667,3
CNSHA,CNFUG,1,7,10,8604,9110,2,2,2,2,2
CNSHA,CNNGB,73,47,565,369539.026,14074,1,1,1,1.178082192,3
CNSHA,CNNSA,4,6,41,29946.35584,13800,2,2.5,2,2.5,3
CNSHA,CNSHK,1,3,5,4341.2,4578,3,3,3,3,3
CNSHA,CNSWA,1,2,10,2032.2,2578,3,3,3,3,3
CNSHA,CNTAO,3,10,26,19075.23232,8749,1,2,2,1.666666667,2
CNSHA,CNTXG,2,3,9,3799.888889,2778,3,4.5,3,4.5,6
CNSHA,CNXMN,13,21,106,85902.54444,14000,1,2,2,1.769230769,3
CNSHA,CNYTN,6,16,49,49561.4596,14000,2,3,2,3,4
CNSHA,HKHKG,17,32,105,65704.22203,15550,2,3,3,2.705882353,5
CNSHA,JPFKY,1,1,1,556,556,3,3,3,3,3
CNSHA,JPHKT,2,5,2,1706,1118,2,2.5,2,2.5,3
CNSHA,JPIMI,1,1,3,880.6666667,932,2,2,2,2,2
CNSHA,JPNGO,7,11,20,12221.88889,6350,2,2,2,2,2
CNSHA,JPOSA,8,7,13,6706.75,1714,2,2,2,2.25,3
CNSHA,JPSMN,1,1,2,907,907,3,3,3,3,3
CNSHA,JPTYO,5,6,6,5043,1118,2,3,3,2.6,3
CNSHA,JPYOK,2,6,7,5128.9,5089,3,3,3,3,3
CNSHA,KRICH,4,8,4,3995,1725,2,2,2,2.25,3
CNSHA,KRKAN,1,3,5,6770.4,6800,1,1,1,1,1
CNSHA,KRKPO,1,1,4,2191,2824,3,3,3,3,3
CNSHA,KRPTK,1,1,4,1345.5,1350,1,1,1,1,1
CNSHA,KRPUS,33,37,216,136451.4366,9200,1,2,2,1.545454545,2
CNSHA,MXLZC,1,1,8,8562.5,8950,17,17,17,17,17
CNSHA,MXZLO,1,4,10,4066.4,4300,16,16,16,16,16
CNSHA,MYTPP,2,1,8,4341,2742,6,6.5,6,6.5,7
CNSHA,RUVYP,1,1,2,2832.666667,3108,3,3,3,3,3
CNSHA,THBKK,1,3,3,1097.333333,1228,6,6,6,6,6
CNSHA,THLCH,3,8,9,4080.333333,1708,5,6,6,5.666666667,6
CNSHA,TWKEL,1,3,11,6398.909091,6627,2,2,2,2,2
CNSHA,TWKHH,1,7,10,8383.8,8600,2,2,2,2,2
CNSHA,TWTPE,1,3,10,6828.4,7024,2,2,2,2,2
CNSHA,USLAX,2,6,11,11134.5,8819,11,11.5,11,11.5,12
CNSHA,USLGB,5,9,28,14542.84444,4520,10,12,12,11.8,14
CNSHA,USNYC,1,3,9,4902.888889,4922,24,24,24,24,24
CNSHA,VNHPH,1,2,2,981,1085,4,4,4,4,4
CNSHA,VNSGN,3,7,10,4465.166667,1740,4,5,5,4.666666667,5
CNSHK,AUSYD,1,3,5,3150.8,3534,11,11,11,11,11
CNSHK,CNNGB,2,8,20,11126.4,8600,2,2,2,2,2
CNSHK,CNSWA,1,2,2,706,706,1,1,1,1,1
CNSHK,CNXMN,7,11,26,17693.22222,8236,0,1,1,1.142857143,2
CNSHK,CNYTN,2,5,24,11236.94286,6750,0,0,0,0,0
CNSHK,HKHKG,20,25,88,75186.46746,14074,1,1,1,1.05,2
CNSHK,IDJKT,2,3,5,3801,2778,5,5,5,5,5
CNSHK,JPOSA,2,3,6,3093,1708,3,3.5,3,3.5,4
CNSHK,JPTYO,4,5,11,5529.333333,1800,4,4.5,4,4.5,5
CNSHK,KRICH,1,4,3,1601.666667,1713,4,4,4,4,4
CNSHK,KRKAN,1,2,2,650,650,2,2,2,2,2
CNSHK,MYPKG,5,13,35,22595.41111,8468,4,4,4,4.2,5
CNSHK,MYTPP,1,3,5,3284.4,3494,4,4,4,4,4
CNSHK,PHMNL,2,4,4,3810,2078,1,1.5,1,1.5,2
CNSHK,SGSIN,20,26,133,88343.82029,8600,3,4,4,3.8,5
CNSHK,THLCH,2,5,11,8112.857143,6500,4,4,4,4,4
CNSHK,TWKEL,1,3,3,1560.666667,1585,1,1,1,1,1
CNSHK,TWKHH,2,9,12,11776.42857,8440,1,1,1,1,1
CNSHK,VNSGN,1,2,3,1725.333333,1970,3,3,3,3,3
CNSWA,CNXMN,2,4,4,2084,1378,1,1,1,1,1
CNSWA,HKHKG,1,2,10,2032.2,2578,1,1,1,1,1
CNTAO,CAPRR,1,4,6,5304.333333,5576,10,10,10,10,10
CNTAO,CNDLC,1,1,2,570.5,585,1,1,1,1,1
CNTAO,CNLYG,3,7,12,12045.43333,8530,1,1,1,1,1
CNTAO,CNNGB,14,24,108,82234.56768,14000,1,2,2,1.785714286,4
CNTAO,CNSHA,27,39,192,113778.5553,10070,1,1,1,1.518518519,3
CNTAO,CNSHK,1,2,4,1404,1512,4,4,4,4,4
CNTAO,CNTXG,3,6,20,12746.64444,6572,1,2,2,1.666666667,2
CNTAO,HKHKG,4,6,10,6277.333333,2824,3,4,4,4,5
CNTAO,JPFKY,1,1,3,880.6666667,932,3,3,3,3,3
CNTAO,JPUKB,1,1,2,553,564,2,2,2,2,2
CNTAO,JPYOK,1,4,6,4458.833333,4701,3,3,3,3,3
CNTAO,KRICH,1,2,1,793,793,2,2,2,2,2
CNTAO,KRKAN,2,6,8,5008.5,4578,1,1.5,1,1.5,2
CNTAO,KRPUS,13,28,85,69708.94299,14000,1,2,2,1.923076923,3
CNTXG,CNDLC,12,28,64,50388.38718,13092,1,1,1,1.166666667,2
CNTXG,CNSHA,2,8,15,15384,11388,2,2.5,2,2.5,3
CNTXG,CNTAO,13,23,72,38283.36643,13092,1,2,2,1.846153846,2
CNTXG,CNYNT,1,2,1,1378,1378,1,1,1,1,1
CNTXG,KRICH,1,1,1,412,412,3,3,3,3,3
CNTXG,KRKAN,1,1,9,5867.111111,6572,2,2,2,2,2
CNTXG,KRPTK,1,4,4,2516.75,2578,1,1,1,1,1
CNTXG,KRPUS,5,12,28,24848.33333,14000,2,2,2,2.4,3
CNXMN,CNCWN,6,13,42,39373.29048,10100,1,1,1,1.333333333,2
CNXMN,CNDCB,2,6,15,8085,4922,1,1,1,1,1
CNXMN,CNFUG,1,2,11,4328.909091,4500,1,1,1,1,1
CNXMN,CNNGB,1,1,5,2715.8,2890,1,1,1,1,1
CNXMN,CNNSA,3,8,24,21555.7,8950,1,1,1,1,1
CNXMN,CNSHA,6,15,49,26754.54343,8411,1,2,1,2,3
CNXMN,CNSHK,1,5,11,2558.636364,2664,1,1,1,1,1
CNXMN,CNTAO,1,4,11,10535.36364,11388,3,3,3,3,3
CNXMN,CNYTN,5,8,46,35883.51111,10070,1,1,1,1,1
CNXMN,HKHKG,12,24,81,71256.85,14000,1,1,1,1.333333333,2
CNXMN,JPIMI,1,1,2,742,834,5,5,5,5,5
CNXMN,JPNGO,1,3,3,1634,1805,3,3,3,3,3
CNXMN,JPOSA,4,7,12,7414,2824,2,2.5,2,2.5,3
CNXMN,JPTYO,3,3,7,7654.5,4583,2,3,3,2.666666667,3
CNXMN,KRICH,4,9,12,5595.833333,2702,2,3,3,2.75,3
CNXMN,KRKAN,1,4,11,8072,8488,3,3,3,3,3
CNXMN,KRPUS,1,3,7,5272.857143,5928,2,2,2,2,2
CNXMN,TWKEL,1,2,4,1049.5,1118,1,1,1,1,1
CNXMN,TWKHH,7,15,54,41605.78889,8600,1,1,1,1.285714286,2
CNXMN,USLGB,1,2,5,8287,8495,14,14,14,14,14
CNYIK,CNTXG,1,1,2,725,725,1,1,1,1,1
CNYNT,CNTAO,2,4,2,1900,1064,1,1,1,1,1
CNYNT,KRPUS,1,2,1,1378,1378,2,2,2,2,2
CNYTN,CNCWN,3,1,30,37452.58182,14000,1,1,1,1,1
CNYTN,CNDCB,1,3,14,4699.642857,4890,1,1,1,1,1
CNYTN,CNDLC,1,5,10,11216.8,11388,4,4,4,4,4
CNYTN,CNNGB,4,7,23,22308.86667,8950,2,2,2,2,2
CNYTN,CNSHA,9,18,71,55341.66508,13092,2,2,2,2.333333333,3
CNYTN,CNSHK,1,3,6,8063,8063,1,1,1,1,1
CNYTN,CNXMN,2,4,9,9336.5,8495,1,1.5,1,1.5,2
CNYTN,ESALG,1,5,10,9256.9,9954,20,20,20,20,20
CNYTN,GBFXT,1,4,9,9387.333333,10070,19,19,19,19,19
CNYTN,HKHKG,23,28,194,126399.4043,15550,1,1,1,1.043478261,2
CNYTN,JPTYO,1,1,3,2558.666667,2708,3,3,3,3,3
CNYTN,JPUKB,1,5,10,8926,9300,3,3,3,3,3
CNYTN,MYPGU,1,1,4,2282,2492,3,3,3,3,3
CNYTN,MYPKG,4,9,33,32987.08333,14074,3,4.5,5,4.25,5
CNYTN,MYTPP,17,11,169,136285.096,15550,3,3,3,3.470588235,5
CNYTN,PAMIT,1,5,9,4836.333333,4922,21,21,21,21,21
CNYTN,PHMNL,1,1,3,1118,1118,3,3,3,3,3
CNYTN,SGSIN,15,20,116,93467.21984,13092,3,4,4,3.733333333,5
CNYTN,TWKHH,6,10,40,29427.08214,5888,1,1,1,1.333333333,2
CNYTN,TWTXG,1,3,4,1803,2080,2,2,2,2,2
CNYTN,USLAX,2,6,12,14387.28571,8073,12,13,12,13,14
CNYTN,USLGB,1,4,5,9523,10100,13,13,13,13,13
CNYTN,VNSGN,1,2,4,1651.25,1714,4,4,4,4,4
CNYTN,VNTCT,4,14,40,28329.58586,11388,2,2,2,2,2
CNZHA,CNYTN,1,3,3,911.6666667,972,1,1,1,1,1
CNZHA,HKHKG,1,1,3,1164,1164,1,1,1,1,1
COBAQ,COCTG,2,2,7,2589.75,1713,0,0.5,0,0.5,1
COBAQ,COSMR,2,2,5,2295.75,1713,0,0.5,0,0.5,1
COBAQ,PACTB,1,1,3,1063,1118,2,2,2,2,2
COBAQ,VEMAR,1,1,3,1006,1104,2,2,2,2,2
COBUN,ECGYE,5,13,41,13427.31111,4308,1,2,2,1.6,2
COBUN,MXLZC,1,1,8,4876.125,5089,5,5,5,5,5
COBUN,PABLB,2,3,4,4250,2556,1,1,1,1,1
COBUN,PAONX,1,1,3,873.3666667,1341,3,3,3,3,3
COBUN,PECLL,3,7,17,8041.9,4300,3,3,3,3.333333333,4
COCTG,BRSUA,1,3,6,3555.833333,3739,7,7,7,7,7
COCTG,COBAQ,3,3,10,3652.75,1713,1,1,1,1.333333333,2
COCTG,COSMR,1,1,3,3057.333333,3398,0,0,0,0,0
COCTG,CRLIO,1,1,3,1006,1104,2,2,2,2,2
COCTG,CWWIL,1,1,1,712,712,1,1,1,1,1
COCTG,DOCAU,3,4,19,8149.375,4178,2,2,2,2,2
COCTG,DOHAI,1,2,6,1856.833333,2078,2,2,2,2,2
COCTG,ESMOT,1,1,3,349,698,1,1,1,1,1
COCTG,GTPRQ,1,3,10,1783.3,1970,5,5,5,5,5
COCTG,GTSTC,1,3,6,2053.166667,2226,2,2,2,2,2
COCTG,JMKIN,1,4,11,4575.454545,5100,1,1,1,1,1
COCTG,MAPTM,1,3,10,1783.3,1970,10,10,10,10,10
COCTG,MXVER,1,3,6,3555.833333,3739,3,3,3,3,3
COCTG,MXZLO,1,1,6,1500.333333,2500,6,6,6,6,6
COCTG,PABLB,1,4,10,3271.3,3752,1,1,1,1,1
COCTG,PACTB,1,2,8,4310.625,5059,2,2,2,2,2
COCTG,PAMIT,4,9,28,11738.20833,4178,0,1,1,0.75,1
COCTG,PECLL,1,3,5,1099.636364,1730,5,5,5,5,5
COCTG,PRSJU,1,3,5,1099.636364,1730,3,3,3,3,3
COCTG,USPEF,1,5,6,3006.333333,3534,3,3,3,3,3
COCTG,USPHL,1,4,10,3271.3,3752,6,6,6,6,6
COCTG,VEPBL,1,2,4,2516,2524,2,2,2,2,2
COSMR,COCTG,1,1,1,712,712,1,1,1,1,1
COSMR,CRLIO,1,1,2,2046,2046,2,2,2,2,2
COSMR,PACTB,1,1,3,3057.333333,3398,1,1,1,1,1
COSMR,PAMIT,1,1,4,1583.75,1713,1,1,1,1,1
CRCAL,GTPRQ,2,2,6,2730,2007,1,1.5,1,1.5,2
CRCAL,MXPMD,1,1,1,652,1304,1,1,1,1,1
CRCAL,NICIO,1,1,4,2507.5,2556,2,2,2,2,2
CRCAL,PABLB,2,4,7,3782.833333,2556,2,2,2,2,2
CRLIO,COCTG,1,1,3,1063,1118,2,2,2,2,2
CRLIO,GTSTC,1,1,2,1110,1118,3,3,3,3,3
CRLIO,HNPCA,1,1,2,2046,2046,3,3,3,3,3
CRLIO,HNPCR,2,2,7,2646.75,1713,2,2,2,2,2
CRLIO,JMKIN,1,3,6,2053.166667,2226,2,2,2,2,2
CRLIO,PAMIT,5,6,20,8472.25,2592,1,1,1,1.4,2
CRLIO,PAPAM,1,1,2,2240.5,2474,2,2,2,2,2
CRLIO,USILG,1,1,2,2240.5,2474,4,4,4,4,4
CRLIO,USPEF,1,1,3,1006,1104,4,4,4,4,4
CRMOB,NLRTM,1,1,8,2577,2592,12,12,12,12,12
CRMOB,USMIA,1,1,4,1710.5,1713,3,3,3,3,3
CUHAV,GTSTC,1,1,1,0,0,2,2,2,2,2
CUHAV,ITSAL,1,1,3,1455.666667,1645,18,18,18,18,18
CVRAI,GWOXB,1,2,2,559,1118,2,2,2,2,2
CVVXE,CVRAI,1,2,2,559,1118,1,1,1,1,1
CWWIL,AWORJ,1,1,1,712,712,1,1,1,1,1
CWWIL,BQKRA,1,2,6,1104.666667,1118,1,1,1,1,1
CWWIL,COBAQ,1,1,3,1006,1104,1,1,1,1,1
CWWIL,COCTG,1,4,8,1914,2122,2,2,2,2,2
CWWIL,VEPBL,1,3,2,1672.5,1795,1,1,1,1,1
CYLMS,ILHFA,1,2,11,3607.363636,4308,2,2,2,2,2
DEBRV,BEANR,4,6,26,24714.64848,13800,2,2,2,2,2
DEBRV,DEHAM,3,5,26,20884.37825,13092,1,1,1,1.333333333,2
DEBRV,ESALG,1,2,7,3084.285714,3100,4,4,4,4,4
DEBRV,ESLPA,1,4,7,4527,4922,5,5,5,5,5
DEBRV,FRLEH,2,3,11,9749.857143,6750,2,2,2,2,2
DEBRV,GBFXT,3,3,28,22070.11746,9700,1,2,2,1.666666667,2
DEBRV,JOAQJ,1,2,7,6840,7455,10,10,10,10,10
DEBRV,MXATM,1,1,8,2577,2592,12,12,12,12,12
DEBRV,MXVER,1,3,6,3077.5,3607,14,14,14,14,14
DEBRV,NLRTM,5,13,48,39344.43741,15550,1,2,1,1.8,3
DEBRV,OMSLL,1,2,7,4227.571429,4367,14,14,14,14,14
DEBRV,PLGDN,1,1,11,14847.81818,15550,3,3,3,3,3
DEBRV,RULED,1,1,8,2577,2592,4,4,4,4,4
DEBRV,SGSIN,1,1,10,8504.4,8950,21,21,21,21,21
DEBRV,USCHS,2,6,11,6368.566667,3426,9,10,9,10,11
DEBRV,USNYC,1,4,5,4082,4082,10,10,10,10,10
DEHAM,BEANR,15,23,114,82398.48297,13092,1,2,2,1.866666667,3
DEHAM,BEZEE,3,7,30,32486.46919,14074,1,2,2,1.666666667,2
DEHAM,BRRIO,1,5,7,5783.571429,5919,13,13,13,13,13
DEHAM,CAMTR,1,2,3,4402,4402,7,7,7,7,7
DEHAM,DEBRV,1,1,11,11940.18182,13800,2,2,2,2,2
DEHAM,DOCAU,1,2,8,4310.625,5059,6,6,6,6,6
DEHAM,EGALY,1,2,11,3607.363636,4308,9,9,9,9,9
DEHAM,FRLEH,3,13,24,13116.25,6734,1,2,2,1.666666667,2
DEHAM,GBFXT,2,5,19,17435.12222,9954,1,1.5,1,1.5,2
DEHAM,GBSOU,2,9,21,19461.36364,11388,1,2,1,2,3
DEHAM,GBTHP,3,9,25,16990.8,8600,1,1,1,1.333333333,2
DEHAM,GBTIL,2,4,15,8289.089286,4268,2,2.5,2,2.5,3
DEHAM,MAPTM,1,2,6,1662.759259,2550,6,6,6,6,6
DEHAM,NLRTM,10,20,97,72700.69072,13880,0,2,2,1.3,2
DJJIB,AEAUH,1,1,2,1329.461538,2472,5,5,5,5,5
DJJIB,AEJEA,1,2,10,4639,5100,4,4,4,4,4
DJJIB,SAJED,5,6,14,11305.22821,4824,1,2,2,1.8,2
DJJIB,SGSIN,1,2,5,4318.6,4824,10,10,10,10,10
DKAAR,SEGOT,1,1,11,14847.81818,15550,1,1,1,1,1
DOCAU,BRSSZ,2,7,14,6217.833333,5059,11,11.5,11,11.5,12
DOCAU,BRSUA,1,4,7,5406.857143,5762,6,6,6,6,6
DOCAU,BSFPO,1,4,8,4568,5059,3,3,3,3,3
DOCAU,COCTG,2,6,16,8342,5059,2,2,2,2,2
DOCAU,ESVLC,1,1,6,1500.333333,2500,6,6,6,6,6
DOCAU,MXVER,1,4,7,5406.857143,5762,4,4,4,4,4
DOCAU,NLRTM,2,4,16,5945.375,4178,9,9.5,9,9.5,10
DOCAU,PRSJU,1,1,3,2204,2456,1,1,1,1,1
DOCAU,USORF,1,4,6,1649.833333,1730,4,4,4,4,4
DOCAU,VEPBL,2,5,17,7168.954545,5100,1,3.5,1,3.5,6
DOHAI,MQFDF,1,2,6,1856.833333,2078,2,2,2,2,2
DOHAI,VELAG,1,2,6,1856.833333,2078,2,2,2,2,2
ECESM,ECGYE,1,1,4,1710.5,1713,3,3,3,3,3
ECESM,PABLB,1,1,1,1296,1296,1,1,1,1,1
ECGYE,CLMJS,1,3,9,2704.222222,3091,5,5,5,5,5
ECGYE,COBUN,1,1,3,873.3666667,1341,2,2,2,2,2
ECGYE,COCTG,1,5,6,3006.333333,3534,4,4,4,4,4
ECGYE,CRCAL,1,1,3,1269,2007,4,4,4,4,4
ECGYE,ESMPG,1,1,5,1100.909091,1730,14,14,14,14,14
ECGYE,GTPRQ,1,4,10,4235.8,4308,4,4,4,4,4
ECGYE,MXZLO,1,3,9,2604.222222,2664,4,4,4,4,4
ECGYE,PABLB,3,4,15,5562.833333,2592,2,2,2,2.333333333,3
ECGYE,PACTB,1,4,8,1914,2122,1,1,1,1,1
ECGYE,PECLL,4,11,27,8803.4,3534,2,3,3,3,4
EGALY,CYLMS,1,2,11,3607.363636,4308,1,1,1,1,1
EGALY,ITTAR,1,2,14,5549.142857,5652,2,2,2,2,2
EGDAM,AUFRE,1,3,13,2860.692308,3534,20,20,20,20,20
EGDAM,CNSHA,1,6,8,4302.875,4738,22,22,22,22,22
EGDAM,EGPSD,3,5,31,21015,8488,1,1,1,1.333333333,2
EGDAM,ITGOA,1,7,9,6503.777778,6750,4,4,4,4,4
EGDAM,MTMAR,1,3,13,2860.692308,3534,4,4,4,4,4
EGDAM,SAJED,1,7,9,6503.777778,6750,3,3,3,3,3
EGDAM,TRAMB,1,6,8,4302.875,4738,4,4,4,4,4
EGDAM,USNYC,1,6,8,4238.5,4578,12,12,12,12,12
EGPSD,AEJEA,1,2,6,3514.333333,3604,9,9,9,9,9
EGPSD,AEKLF,2,6,19,13791.25,8488,8,8.5,8,8.5,9
EGPSD,CNSHA,1,3,6,5213.5,5248,17,17,17,17,17
EGPSD,DJJIB,1,2,10,4639,5100,3,3,3,3,3
EGPSD,ESALG,1,2,10,4639,5100,4,4,4,4,4
EGPSD,ESBCN,1,4,9,8329.333333,8750,4,4,4,4,4
EGPSD,FRLEH,1,3,10,6340,6350,8,8,8,8,8
EGPSD,GBFXT,1,1,10,8504.4,8950,7,7,7,7,7
EGPSD,ILASH,1,4,8,6365.5,6589,1,1,1,1,1
EGPSD,ITSPE,3,6,27,14283.61111,5744,4,4,4,4.333333333,5
EGPSD,ITTRS,1,3,9,6560,6802,4,4,4,4,4
EGPSD,MYPKG,2,6,20,11427.33333,6627,14,15,14,15,16
EGPSD,NLRTM,1,6,8,8171,8236,8,8,8,8,8
EGPSD,OMSLL,2,6,13,11866.33333,8750,5,5.5,5,5.5,6
EGPSD,SAJED,5,14,44,25082.11111,6802,2,3,2,2.8,4
EGPSD,SGSIN,4,9,34,25216.125,8236,13,17,18,16.25,18
EGPSD,SIKOP,1,4,8,4339.625,4728,6,6,6,6,6
EGPSD,TRAMB,2,4,13,8581.333333,5762,3,3,3,3,3
EGPSD,TRMER,1,2,6,3514.333333,3604,2,2,2,2,2
EGSOK,JOAQJ,2,8,10,8666.8,4824,1,1,1,1,1
EGSOK,SAJED,1,3,5,3284.4,3494,3,3,3,3,3
EGSOK,SDPZU,1,1,2,2165.5,2308,2,2,2,2,2
ESACE,ESMLN,1,1,3,349,698,3,3,3,3,3
ESAGP,ESALG,5,2,19,11448,2556,1,2,2,2.2,3
ESAGP,MAPTM,1,2,4,2284.5,2478,2,2,2,2,2
ESAGP,SGSIN,1,2,9,7689.888889,8488,18,18,18,18,18
ESALC,ESBCN,1,1,2,1267,1267,1,1,1,1,1
ESALC,ESSCT,1,1,1,868,868,3,3,3,3,3
ESALG,BEANR,1,2,6,2472,2478,5,5,5,5,5
ESALG,BRRIO,1,4,6,2634.5,2742,10,10,10,10,10
ESALG,BRSSZ,1,2,7,3084.285714,3100,14,14,14,14,14
ESALG,CNYTN,1,1,11,14847.81818,15550,21,21,21,21,21
ESALG,CVVXE,1,2,2,559,1118,5,5,5,5,5
ESALG,DEBRV,1,2,9,7689.888889,8488,4,4,4,4,4
ESALG,DEHAM,1,5,10,9256.9,9954,4,4,4,4,4
ESALG,EGPSD,2,7,19,10135.11111,5744,5,6,5,6,7
ESALG,ESAGP,1,2,4,2284.5,2478,0,0,0,0,0
ESALG,ESBCN,1,2,6,1856.833333,2078,2,2,2,2,2
ESALG,ESBIO,1,1,2,1048.5,1061,4,4,4,4,4
ESALG,ESVGO,1,2,7,624.7857143,1392,3,3,3,3,3
ESALG,ESVLC,4,7,33,15642.03333,5800,1,1,1,1.25,2
ESALG,FRLEH,1,3,9,6834.777778,6919,4,4,4,4,4
ESALG,MAPTM,12,6,55,26089.51905,4500,0,1.5,2,1.5,4
ESALG,MTMAR,1,4,6,2793.5,2825,5,5,5,5,5
ESALG,MYTPP,1,2,14,9556.428571,9700,18,18,18,18,18
ESALG,NGAPP,1,2,6,2472,2478,8,8,8,8,8
ESALG,NLRTM,3,7,19,7256.071429,3100,4,4,4,4.333333333,5
ESALG,PTLEI,2,2,9,1183.785714,1392,2,3,2,3,4
ESALG,PTLIS,1,2,5,2057.2,2475,1,1,1,1,1
ESALG,USNYC,3,7,25,11283.83333,5100,8,9,9,8.666666667,9
ESALG,ZADUR,1,2,6,1199.666667,1572,16,16,16,16,16
ESBCN,BRRIO,1,8,7,4240,4367,11,11,11,11,11
ESBCN,ESALG,1,2,11,4355,4500,1,1,1,1,1
ESBCN,ESVLC,15,27,100,54357.66811,6750,0,1,1,0.933333333,2
ESBCN,FRFOS,2,4,14,8759.685185,8488,0,0.5,0,0.5,1
ESBCN,FRSET,1,2,6,1856.833333,2078,1,1,1,1,1
ESBCN,ITGIT,1,1,6,4622.666667,5060,3,3,3,3,3
ESBCN,ITGOA,2,6,13,11866.33333,8750,2,2.5,2,2.5,3
ESBCN,ITSPE,1,1,9,13600,14000,2,2,2,2,2
ESBIO,ESMPG,2,2,7,2149.409091,1730,2,2,2,2,2
ESBIO,ESVGO,1,1,2,868,868,1,1,1,1,1
ESBIO,NLRTM,1,1,5,1100.909091,1730,2,2,2,2,2
ESCAD,ESTAR,1,1,2,868,868,1,1,1,1,1
ESCAD,GBFXT,1,1,3,349,698,3,3,3,3,3
ESCAS,ITNAP,1,1,2,1329.461538,2472,1,1,1,1,1
ESFUE,ESCAD,1,1,2,868,868,5,5,5,5,5
ESGIJ,ESBIO,1,1,2,868,868,2,2,2,2,2
ESLPA,BEANR,1,1,6,2949.833333,3424,7,7,7,7,7
ESLPA,BRSSA,1,1,6,5209.333333,5610,8,8,8,8,8
ESLPA,BRSUA,1,3,8,5378.5,5800,6,6,6,6,6
ESLPA,ESACE,1,1,3,349,698,1,1,1,1,1
ESLPA,ESALC,1,1,1,868,868,3,3,3,3,3
ESLPA,ESALG,2,4,10,6427,5800,2,2,2,2,2
ESLPA,ESFUE,1,1,2,868,868,0,0,0,0,0
ESLPA,ESSCT,4,5,13,9333.714286,9200,0,1,1,1.5,4
ESLPA,ESSVQ,2,1,2,1675,977,3,3,3,3,3
ESLPA,GIGIB,1,1,3,349,698,3,3,3,3,3
ESLPA,GQBSG,1,1,2,852.5416667,1795,9,9,9,9,9
ESLPA,MAAGA,1,1,5,2471.2,3005,1,1,1,1,1
ESLPA,NLRTM,3,9,20,14105.38095,9200,4,5,5,4.666666667,5
ESLPA,SNDKR,1,1,6,2949.833333,3424,3,3,3,3,3
ESLPA,TGLFW,1,1,5,2471.2,3005,8,8,8,8,8
ESLPA,ZACPT,1,4,7,4527,4922,11,11,11,11,11
ESMLN,COCTG,1,1,3,349,698,1,1,1,1,1
ESMOT,ESCAD,1,1,3,349,698,1,1,1,1,1
ESMPG,ESBIO,1,1,5,1100.909091,1730,2,2,2,2,2
ESMPG,PECLL,1,1,5,1100.909091,1730,6,6,6,6,6
ESMPG,PTLIS,1,1,2,1048.5,1061,1,1,1,1,1
ESSCT,ESLPA,5,4,9,4110.5,1061,1,1,1,1,1
ESSCT,ESSPC,1,1,2,1267,1267,1,1,1,1,1
ESSCT,ESVGO,1,1,2,868,868,3,3,3,3,3
ESSCT,ZACPT,1,3,7,6330.714286,9200,7,7,7,7,7
ESSPC,ESALC,1,1,2,1267,1267,4,4,4,4,4
ESSVQ,ESLPA,1,1,1,698,698,3,3,3,3,3
ESSVQ,ESSCT,1,1,1,977,977,3,3,3,3,3
ESTAR,ESBCN,1,1,2,868,868,1,1,1,1,1
ESTAR,GHTEM,1,2,1,345.4705882,1678,8,8,8,8,8
ESTAR,ILHFA,1,4,6,4250.5,4253,6,6,6,6,6
ESTAR,ITLIV,1,8,7,4240,4367,2,2,2,2,2
ESTAR,NGTIN,1,2,1,336.3888889,1730,9,9,9,9,9
ESTAR,USNYC,1,4,6,4250.5,4253,8,8,8,8,8
ESVGO,PTLEI,1,2,7,624.7857143,1392,1,1,1,1,1
ESVGO,PTSIE,1,1,2,868,868,1,1,1,1,1
ESVLC,AEJEA,1,1,10,11912.4,14000,12,12,12,12,12
ESVLC,CAMTR,1,1,3,3712,4469,8,8,8,8,8
ESVLC,COCTG,2,4,11,2599.969697,2500,12,12,12,12,12
ESVLC,DEBRV,1,2,5,6636.8,6750,5,5,5,5,5
ESVLC,EGDAM,1,7,9,6503.777778,6750,6,6,6,6,6
ESVLC,EGPSD,1,3,9,4936.166667,5688,5,5,5,5,5
ESVLC,ESALG,3,9,24,12140.94444,5744,1,1,1,1.333333333,2
ESVLC,ESBCN,3,5,23,22359.68519,14000,1,1,1,1.333333333,2
ESVLC,ESLPA,4,5,17,9984.7,5800,2,2.5,2,2.75,4
ESVLC,ESTAR,1,8,7,4240,4367,1,1,1,1,1
ESVLC,FRFOS,1,2,3,615.5333333,1875,2,2,2,2,2
ESVLC,GRPIR,1,5,8,5250,5250,4,4,4,4,4
ESVLC,ITCAG,2,2,11,3557.533333,2500,1,1.5,1,1.5,2
ESVLC,ITGIT,2,3,13,9596.9,5800,3,3.5,3,3.5,4
ESVLC,ITGOA,1,3,9,3851.333333,4024,2,2,2,2,2
ESVLC,ITLIV,1,1,2,852.5416667,1795,3,3,3,3,3
ESVLC,ITSAL,1,3,5,1099.636364,1730,3,3,3,3,3
ESVLC,ITTAR,1,2,14,5549.142857,5652,4,4,4,4,4
ESVLC,MACAS,1,1,3,3305.333333,3600,2,2,2,2,2
ESVLC,MAPTM,3,3,12,3160.051852,2078,2,2,2,2.333333333,3
ESVLC,NLRTM,1,1,11,10790.18182,13092,5,5,5,5,5
ESVLC,PACTB,1,1,8,4878.25,5301,10,10,10,10,10
ESVLC,PTLIS,1,1,3,1455.666667,1645,2,2,2,2,2
ESVLC,PTSIE,3,1,17,14050.4,5610,2,2,2,2.666666667,4
ESVLC,REPDG,1,1,13,3585.538462,4953,21,21,21,21,21
ESVLC,SAJED,1,2,11,4355,4500,7,7,7,7,7
ESVLC,USSAV,1,7,7,3274,3606,11,11,11,11,11
FJLTK,FJSUV,1,1,2,605.15,1730,0,0,0,0,0
FJLTK,NCNOU,1,3,6,1199.333333,2556,2,2,2,2,2
FJSUV,NZAKL,2,3,6,2342.15,1740,2,2.5,2,2.5,3
FJSUV,USOAK,1,7,5,2595.8,2742,12,12,12,12,12
FRDKK,BEANR,1,2,5,2196.4,2226,1,1,1,1,1
FRDKK,BEZEE,1,4,11,10535.36364,11388,0,0,0,0,0
FRDKK,DEHAM,1,1,5,1100.909091,1730,3,3,3,3,3
FRDKK,FRLEH,1,3,6,1199.333333,2556,1,1,1,1,1
FRDKK,NLRTM,1,4,11,10535.36364,11388,1,1,1,1,1
FRFOS,EGPSD,2,8,17,14694.83333,8750,4,4.5,4,4.5,5
FRFOS,ESALG,1,2,5,2057.2,2475,3,3,3,3,3
FRFOS,ESBCN,3,10,24,12940.27778,6750,1,1,1,1,1
FRFOS,ESVLC,1,4,6,2793.5,2825,1,1,1,1,1
FRFOS,ITGIT,1,1,9,13600,14000,3,3,3,3,3
FRFOS,ITGOA,3,4,17,9375.218519,8488,1,1,1,1.333333333,2
FRFOS,ITSPE,1,1,5,2471.2,3005,2,2,2,2,2
FRLEH,BEANR,2,5,12,6238.666667,3607,2,2,2,2,2
FRLEH,BRSSZ,1,4,7,5854.571429,5905,14,14,14,14,14
FRLEH,BRSUA,1,5,7,3995.142857,4367,11,11,11,11,11
FRLEH,COCTG,1,3,10,1783.3,1970,13,13,13,13,13
FRLEH,DEHAM,2,4,21,17627.98182,13800,2,2.5,2,2.5,3
FRLEH,ESALG,1,2,14,9556.428571,9700,5,5,5,5,5
FRLEH,ESLPA,2,3,13,9280.547619,9200,4,4.5,4,4.5,5
FRLEH,FRDKK,1,4,11,10535.36364,11388,1,1,1,1,1
FRLEH,FRMTX,1,2,5,2196.4,2226,2,2,2,2,2
FRLEH,GBLIV,1,3,4,3397,4132,1,1,1,1,1
FRLEH,GBSOU,2,10,14,10952.75,6350,1,1,1,1,1
FRLEH,GRPIR,1,4,8,5719.25,5770,6,6,6,6,6
FRLEH,ITGOA,1,3,13,2860.692308,3534,6,6,6,6,6
FRLEH,JMKIN,1,3,6,2053.166667,2226,10,10,10,10,10
FRLEH,MAPTM,2,7,16,9192.2,6734,3,3.5,3,3.5,4
FRLEH,MTMAR,1,5,10,11216.8,11388,6,6,6,6,6
FRLEH,NLRTM,3,8,28,31055.08333,14074,1,1,1,1,1
FRLEH,PTLEI,1,1,4,1465.386364,3091,2,2,2,2,2
FRLEH,SGSIN,1,5,10,8926,9300,20,20,20,20,20
FRLEH,SXSXM,1,2,6,1678,1678,8,8,8,8,8
FRLEH,TTPOS,1,4,8,1914,2122,10,10,10,10,10
FRLEH,USCHS,1,1,7,6352.857143,6750,10,10,10,10,10
FRLEH,USNYC,4,13,28,13627.65256,5100,7,7,7,7.5,9
FRMTX,MAPTM,1,2,5,2196.4,2226,3,3,3,3,3
FRSET,ITGOA,1,2,6,1856.833333,2078,2,2,2,2,2
FRURO,FRLEH,1,2,6,1678,1678,1,1,1,1,1
GALBV,CIABJ,1,2,3,687.6851852,1835,4,4,4,4,4
GALBV,ESALG,1,2,5,2430.4,2506,10,10,10,10,10
GALBV,SNDKR,1,2,3,615.5333333,1875,4,4,4,4,4
GBFXT,BEANR,3,8,25,16609.38586,8236,1,1,1,1.333333333,2
GBFXT,BEZEE,3,2,23,18757.46032,8488,1,1,1,1,1
GBFXT,DEBRV,5,8,43,28283.65137,9200,1,1,1,1.4,2
GBFXT,DEHAM,4,13,33,31152.73333,13092,1,1,1,1.5,3
GBFXT,ESSCT,1,1,3,349,698,5,5,5,5,5
GBFXT,FRLEH,3,3,26,14978.2619,9700,0,2,2,1.333333333,2
GBFXT,NLRTM,5,10,42,40354.58889,14000,0,1,1,1.8,6
GBFXT,PTFNC,1,1,3,349,698,4,4,4,4,4
GBFXT,SAJED,1,2,5,6636.8,6750,12,12,12,12,12
GBFXT,SGSIN,2,8,20,21122.07071,13092,21,21,21,21,21
GBLIV,BEANR,1,3,4,3397,4132,3,3,3,3,3
GBLIV,CAMTR,1,3,4,3397,4132,9,9,9,9,9
GBLIV,USCHT,1,1,4,2106.5,2800,10,10,10,10,10
GBSOU,BEANR,1,3,10,6340,6350,1,1,1,1,1
GBSOU,DEBRV,1,4,10,8116.7,8600,3,3,3,3,3
GBSOU,DEHAM,2,10,20,19820.8,11388,1,2,1,2,3
GBSOU,FRLEH,2,5,20,14613.8,9300,1,1,1,1,1
GBSOU,LBBEY,1,4,11,10535.36364,11388,8,8,8,8,8
GBSOU,NLRTM,1,4,8,5719.25,5770,1,1,1,1,1
GBSOU,SAJED,1,7,12,8770.916667,9012,13,13,13,13,13
GBSOU,USNYC,1,7,4,4612.75,5042,8,8,8,8,8
GBTHP,BEANR,1,3,5,1778.6,2135,1,1,1,1,1
GBTHP,DEBRV,2,4,11,6284.9,3607,1,1,1,1,1
GBTHP,DEHAM,1,3,14,4699.642857,4890,1,1,1,1,1
GBTHP,GRPIR,1,3,10,6828.4,7024,8,8,8,8,8
GBTHP,SGSIN,1,7,10,8383.8,8600,20,20,20,20,20
GBTIL,BEANR,2,4,15,8289.089286,4268,1,1.5,1,1.5,2
GBTIL,DEBRV,2,7,14,10310.57143,5919,2,2,2,2,2
GBTIL,DEHAM,4,7,36,12161.323,5905,1,2,2,1.75,2
GBTIL,FRURO,1,2,6,1678,1678,3,3,3,3,3
GBTIL,NLRTM,2,5,13,4283.619048,3100,1,1,1,1,1
GBTIL,PAMIT,1,1,7,2943.571429,3100,11,11,11,11,11
GDSTG,GYGEO,1,2,6,1104.666667,1118,2,2,2,2,2
GFDDC,BRBEL,1,2,6,1678,1678,3,3,3,3,3
GHTEM,BJCOO,2,7,17,3510.40303,2664,1,1.5,1,1.5,2
GHTEM,CIABJ,5,10,34,11204.10631,4500,1,1,1,1.2,2
GHTEM,CMDLA,1,2,6,1662.759259,2550,2,2,2,2,2
GHTEM,GHTKD,1,2,1,336.3888889,1730,1,1,1,1,1
GHTEM,NGAPP,2,7,15,5104.340909,3650,1,3,1,3,5
GHTEM,NGTIN,3,4,15,4872.403922,3424,1,1,1,1.666666667,3
GHTEM,TGLFW,1,5,11,2558.636364,2664,2,2,2,2,2
GHTKD,CIABJ,3,3,10,2258.959477,2702,1,1,1,1,1
GHTKD,CISPY,1,1,5,2471.2,3005,1,1,1,1,1
GHTKD,GHTEM,1,2,1,336.3888889,1730,0,0,0,0,0
GIGIB,COCTG,1,1,3,349,698,2,2,2,2,2
GMBJL,ESALG,1,2,3,1645.666667,1708,7,7,7,7,7
GMBJL,SLFNA,1,2,3,1305.5,1512,2,2,2,2,2
GNCKY,ESALG,1,2,3,1609.666667,1827,6,6,6,6,6
GNCKY,MAPTM,1,2,2,1506.3125,1901,5,5,5,5,5
GPPTP,MQFDF,1,2,6,1856.833333,2078,1,1,1,1,1
GPPTP,PAMIT,2,1,2,0,0,4,4.5,4,4.5,5
GQBSG,GQSSG,1,1,2,852.5416667,1795,3,3,3,3,3
GQSSG,ESVLC,1,1,2,852.5416667,1795,3,3,3,3,3
GRPIR,EGPSD,1,4,8,5719.25,5770,2,2,2,2,2
GRPIR,ITGOA,1,4,6,4250.5,4253,3,3,3,3,3
GRPIR,ITNAP,1,5,8,5250,5250,2,2,2,2,2
GRPIR,NLRTM,1,3,10,6828.4,7024,7,7,7,7,7
GRPIR,SAJED,2,4,18,18672.65,14000,5,5,5,5,5
GRPIR,SGSIN,1,5,8,5250,5250,14,14,14,14,14
GRPIR,TRAMB,1,1,8,11844.25,14000,3,3,3,3,3
GTPBR,HNPCR,3,3,4,3714.5,2474,0,0,0,0.333333333,1
GTPBR,USMIA,1,1,1,584,584,2,2,2,2,2
GTPRQ,COBUN,2,7,19,6840.022222,4308,2,2.5,2,2.5,3
GTPRQ,COCTG,1,3,10,1783.3,1970,5,5,5,5,5
GTPRQ,MXLZC,4,5,18,6684.133333,2556,2,2.5,2,2.5,3
GTPRQ,MXZLO,2,5,13,5696.8,4308,3,3,3,3,3
GTPRQ,SVAQJ,3,3,8,4620.5,2556,1,1,1,1,1
GTPRQ,USSAN,1,1,3,1269,2007,6,6,6,6,6
GTSTC,HNPCR,9,7,15,9084.166667,2226,1,1,1,1.111111111,2
GTSTC,PAMIT,1,1,4,1583.75,1713,3,3,3,3,3
GTSTC,USHOU,2,2,7,2646.75,1713,3,3,3,3,3
GTSTC,USMIA,2,1,2,1944,972,3,3,3,3,3
GTSTC,USPEF,2,2,3,1694,1118,3,3,3,3,3
GUGUM,CNNGB,1,1,5,2824,2824,7,7,7,7,7
GUGUM,CNXMN,1,1,5,2715.8,2890,5,5,5,5,5
GWOXB,MRNDB,1,2,2,559,1118,2,2,2,2,2
GYGEO,TTPTS,1,1,3,657,657,1,1,1,1,1
GYGEO,USPEF,1,2,6,1104.666667,1118,14,14,14,14,14
HKHKG,AUBNE,1,7,6,3542.666667,3586,10,10,10,10,10
HKHKG,AUMEL,1,8,5,4347.2,5042,12,12,12,12,12
HKHKG,AUSYD,2,6,10,9262.4,5089,9,9.5,9,9.5,10
HKHKG,BNMUA,1,1,2,454,1118,6,6,6,6,6
HKHKG,CNCWN,13,13,107,78766.70368,14000,1,1,1,1,1
HKHKG,CNDCB,2,5,17,10715.48571,6400,1,1,1,1,1
HKHKG,CNDLC,1,1,9,13600,14000,3,3,3,3,3
HKHKG,CNHUA,1,3,3,1625.333333,1800,0,0,0,0,0
HKHKG,CNNGB,6,14,45,38003.16667,14000,2,3,3,3.166666667,4
HKHKG,CNNSA,5,13,27,17570.53889,13092,0,1,0,0.8,2
HKHKG,CNSHA,18,29,123,83926.20736,10070,2,3,3,3,5
HKHKG,CNSHK,40,35,192,131494.1894,8600,0,0,0,0.25,1
HKHKG,CNTAO,3,10,23,22715.43182,13800,3,3,3,3.333333333,4
HKHKG,CNTXG,3,13,29,20130.55385,13092,4,4,4,4.333333333,5
HKHKG,CNXMN,9,18,39,30439.07937,8411,0,1,1,0.888888889,2
HKHKG,CNYTN,55,31,416,344866.333,15550,0,1,0,0.545454545,2
HKHKG,IDJKT,4,10,15,6785.166667,1805,5,5,5,5.25,6
HKHKG,JPOSA,1,1,3,2825,2908,3,3,3,3,3
HKHKG,JPTYO,4,9,12,9863.333333,5100,3,4,4,3.75,4
HKHKG,JPUKB,5,13,34,16648.92619,6734,3,3,3,3.4,4
HKHKG,KRICH,2,5,6,2631.5,1795,3,3,3,3,3
HKHKG,KRKAN,3,8,20,22042.31818,15550,3,3,3,3,3
HKHKG,KRPUS,10,27,74,40402.78157,7450,2,3,3,2.9,4
HKHKG,KRUSN,1,2,3,1798.333333,1860,3,3,3,3,3
HKHKG,MXLZC,1,3,11,5573.090909,5762,19,19,19,19,19
HKHKG,MYPKG,6,10,36,18242.18939,6589,2,4,4,4.5,8
HKHKG,MYTPP,3,6,26,15554.36667,7450,3,3,3,3.333333333,4
HKHKG,PABLB,1,4,9,4371.333333,4892,20,20,20,20,20
HKHKG,PGLAE,1,2,2,580,1740,5,5,5,5,5
HKHKG,PHMNL,6,9,20,8995.166667,2741,2,2,2,2,2
HKHKG,SGSIN,19,26,116,77698.37708,9110,3,3,3,3.473684211,5
HKHKG,THBKK,3,9,10,3868.833333,1708,4,4,4,4,4
HKHKG,THLCH,5,10,21,12788.20238,6400,3,4,4,4.2,6
HKHKG,TWKHH,24,24,134,75403.37298,8600,0,1,1,1.166666667,3
HKHKG,TWTXG,2,3,7,4184.333333,2646,1,1,1,1,1
HKHKG,USLAX,2,5,21,16058.14286,9700,13,14,13,14,15
HKHKG,USLGB,1,3,6,8063,8063,14,14,14,14,14
HKHKG,USNYC,1,2,9,4215.111111,4363,26,26,26,26,26
HKHKG,VNHPH,11,13,22,9241.166667,1164,1,2,2,2.181818182,4
HKHKG,VNSGN,12,18,39,17386.5,1800,2,2.5,2,2.5,3
HNPCA,USGPT,1,1,1,890,890,2,2,2,2,2
HNPCA,USPEF,1,1,2,2046,2046,2,2,2,2,2
HNPCR,BZBZE,1,1,1,972,972,1,1,1,1,1
HNPCR,CRLIO,3,4,11,6497.666667,2474,0,3,3,2,3
HNPCR,GTPBR,1,1,1,584,584,1,1,1,1,1
HNPCR,GTSTC,5,3,10,5174.75,1713,0,1,1,0.6,1
HNPCR,HNPCA,1,1,1,890,890,1,1,1,1,1
HNPCR,USGPT,2,1,2,1944,972,3,3,3,3,3
HNPCR,USHOU,1,1,1,1118,1118,2,2,2,2,2
HNPCR,USMIA,1,2,2,1118,1118,3,3,3,3,3
HNPCR,USMSY,1,1,1,907,907,3,3,3,3,3
HNPCR,USPEF,2,1,2,972,972,3,3,3,3,3
HRRJK,ITTRS,1,3,9,6560,6802,2,2,2,2,2
HTPAP,CWWIL,1,2,6,1104.666667,1118,1,1,1,1,1
HTPAP,GDSTG,1,2,6,1104.666667,1118,1,1,1,1,1
HTPAP,USMIA,1,1,3,657,657,3,3,3,3,3
IDJKT,AUFRE,1,1,7,2946.571429,3274,5,5,5,5,5
IDJKT,HKHKG,2,6,5,4026.333333,2778,5,5,5,5,5
IDJKT,IDSRG,3,5,12,4832.5,1805,1,1,1,1.333333333,2
IDJKT,IDSUB,4,8,15,7990.116667,2741,1,1,1,1.25,2
IDJKT,MYPKG,3,4,7,4986.4,3467,2,2,2,3,5
IDJKT,MYTPP,2,3,9,4347.25,2742,2,2,2,2,2
IDJKT,PGLAE,1,1,2,605.15,1730,10,10,10,10,10
IDJKT,PGMAG,1,1,2,271.8333333,585,8,8,8,8,8
IDJKT,PHMNL,2,7,8,4238.5,2578,5,5.5,5,5.5,6
IDJKT,SGSIN,4,11,15,8460.833333,2858,1,3,1,3,5
IDJKT,VNSGN,2,6,7,2695.5,1795,4,4.5,4,4.5,5
IDSRG,IDSUB,3,5,12,4832.5,1805,1,1,1,1,1
IDSUB,HKHKG,2,5,7,3600.833333,1860,4,4.5,4,4.5,5
IDSUB,IDJKT,3,7,13,6069,2742,1,1,1,1,1
IDSUB,PHDVO,1,1,5,1732.2,1740,4,4,4,4,4
IDSUB,PHMNL,1,4,4,2604.25,2741,5,5,5,5,5
IDSUB,SGSIN,1,2,3,1855.333333,1932,2,2,2,2,2
IDSUB,TWKHH,1,2,5,1618,1618,6,6,6,6,6
IDSUB,TWTPE,1,1,3,1412,1560,5,5,5,5,5
ILASH,EGALY,1,2,14,5549.142857,5652,1,1,1,1,1
ILASH,GBFXT,1,2,11,3607.363636,4308,10,10,10,10,10
ILASH,ITGOA,1,4,8,6365.5,6589,3,3,3,3,3
ILASH,MYPKG,1,2,11,3607.363636,4308,14,14,14,14,14
ILASH,TRAMB,1,5,10,4169.5,4255,4,4,4,4,4
ILHFA,GRPIR,1,4,6,4250.5,4253,3,3,3,3,3
ILHFA,ILASH,2,6,21,7776.863636,4308,1,1,1,1,1
ILHFA,INMUN,1,5,10,4169.5,4255,10,10,10,10,10
INCCU,INHAL,1,3,3,1246.933333,1118,2,2,2,2,2
INCCU,MYPKG,3,3,4,1228.9375,1016,5,5,5,5.333333333,6
INCCU,SGSIN,1,6,2,822.0625,1139,5,5,5,5,5
INHAL,INCCU,3,6,6,2278.995833,1118,0,1,1,0.666666667,1
INHAL,SGSIN,1,3,3,1246.933333,1118,5,5,5,5,5
INMAA,INVTZ,4,12,14,11509.03333,4230,0,1,1,0.75,1
INMAA,LKCMB,2,5,20,7088.263736,4367,2,2.5,2,2.5,3
INMAA,MYPEN,3,9,10,4802.333333,2080,3,4,4,3.666666667,4
INMAA,MYPKG,2,11,6,4178,2228,4,4,4,4,4
INMUN,AEJEA,1,2,6,951.7666667,1597,3,3,3,3,3
INMUN,AEKLF,1,2,4,1615.5,1638,2,2,2,2,2
INMUN,DJJIB,1,1,2,1329.461538,2472,4,4,4,4,4
INMUN,EGDAM,1,6,8,4238.5,4578,6,6,6,6,6
INMUN,INNSA,2,4,13,4761.875,3045,2,2,2,2,2
INMUN,LKCMB,3,10,18,10998.1,4506,2,4,4,3.333333333,4
INMUN,MYPKG,2,4,12,9630.833333,6000,6,6,6,6,6
INMUN,OMSLL,3,4,16,14778.08571,6750,2,3,3,2.666666667,3
INMUN,SAJED,2,7,15,9976.964286,5770,5,5.5,5,5.5,6
INNSA,AEJEA,3,6,18,8277.166667,3604,2,4,4,3.333333333,4
INNSA,AEKLF,1,2,8,1739.875,1900,2,2,2,2,2
INNSA,ILHFA,1,2,11,3607.363636,4308,9,9,9,9,9
INNSA,INMUN,7,14,45,29945.31667,6750,1,2,2,1.571428571,2
INNSA,INPAV,6,15,34,23663.06667,7455,0,1,1,0.833333333,2
INNSA,LKCMB,5,12,24,14297.28333,3660,2,3,3,2.6,3
INNSA,MYPEN,1,3,5,4286.2,4578,5,5,5,5,5
INNSA,MYPKG,1,4,4,4279.25,4363,5,5,5,5,5
INNSA,OMSLL,1,2,7,4308.857143,4338,3,3,3,3,3
INNSA,PKKHI,5,14,27,18954.28333,6252,1,2,2,2,3
INNSA,SAJED,2,5,20,8206.333333,4500,5,5.5,5,5.5,6
INNSA,ZADUR,1,2,6,2235.333333,2240,13,13,13,13,13
INPAV,INNSA,3,6,17,13958.53333,6252,1,1,1,1,1
INPAV,LKCMB,1,6,5,2811.2,3100,3,3,3,3,3
INPAV,MYPKG,1,2,6,4369,4578,5,5,5,5,5
INPAV,OMSLL,1,2,7,6840,7455,3,3,3,3,3
INPAV,PKKHI,3,6,15,7170.833333,3424,1,1,1,1.333333333,2
INPAV,SGSIN,1,3,5,2108,2200,8,8,8,8,8
INVTZ,MYPKG,2,6,5,4417.833333,3534,3,4,3,4,5
INVTZ,MYTPP,1,3,5,4167.2,4230,4,4,4,4,4
INVTZ,SGSIN,1,4,4,2924,3500,4,4,4,4,4
IRASA,SGSIN,1,1,9,5867.111111,6572,8,8,8,8,8
IRBKM,IRASA,1,1,9,5867.111111,6572,2,2,2,2,2
IRBND,AEJEA,3,5,25,13216.37179,6000,0,0,0,0.333333333,1
IRBND,CNTAO,1,1,6,6176.5,6589,16,16,16,16,16
IRBND,INMUN,2,2,8,5168.961538,4250,1,1.5,1,1.5,2
IRBND,IRBKM,1,1,9,5867.111111,6572,3,3,3,3,3
IRBND,MYPKG,2,6,12,9174.833333,6655,8,11,8,11,14
IRBND,PKKHI,2,7,12,11367.16667,6000,1,1.5,1,1.5,2
IRBND,THLCH,1,2,5,4964.6,5100,10,10,10,10,10
ISREY,CANWP,2,1,2,366.1923077,712,6,6,6,6,6
ISREY,NOSLX,1,1,1,174.5,698,4,4,4,4,4
ITCAG,CAHAL,1,3,10,5689.8,5888,7,7,7,7,7
ITCAG,DEHAM,1,3,7,4257.714286,4268,6,6,6,6,6
ITCAG,ITLIV,2,7,13,4774.333333,3606,2,2,2,2,2
ITCAG,ITSAL,1,2,5,2057.2,2475,1,1,1,1,1
ITCAG,SAJED,2,5,17,9947.514286,5888,5,5.5,5,5.5,6
ITGIT,ESVLC,2,2,14,20236.8,14000,3,3.5,3,3.5,4
ITGIT,ITLIV,1,3,8,5378.5,5800,3,3,3,3,3
ITGIT,ITNAP,3,1,19,13719.31667,5301,1,1,1,1.333333333,2
ITGIT,SAJED,1,1,9,13600,14000,4,4,4,4,4
ITGIT,SGSIN,1,1,11,11940.18182,13800,15,15,15,15,15
ITGOA,EGDAM,1,3,13,2860.692308,3534,5,5,5,5,5
ITGOA,EGPSD,1,3,9,3851.333333,4024,4,4,4,4,4
ITGOA,ESBCN,7,18,60,29113.64286,5800,1,2,1,1.714285714,3
ITGOA,ESCAS,1,1,2,1329.461538,2472,1,1,1,1,1
ITGOA,ESTAR,3,4,8,4932.359477,4253,2,2,2,2,2
ITGOA,FRFOS,6,14,44,26120.31111,8750,1,1.5,1,1.666666667,3
ITGOA,GBTIL,1,3,13,2860.692308,3534,6,6,6,6,6
ITGOA,ITLIV,4,7,20,9525.551852,6589,0,1,1,0.75,1
ITGOA,ITSPE,1,2,4,3537,4743,1,1,1,1,1
ITGOA,ITVDL,1,8,7,4240,4367,1,1,1,1,1
ITGOA,MTMAR,1,4,11,8072,8488,2,2,2,2,2
ITLIV,ESLPA,1,1,2,852.5416667,1795,5,5,5,5,5
ITLIV,ESVLC,1,2,6,1856.833333,2078,2,2,2,2,2
ITLIV,FRFOS,1,4,8,6365.5,6589,0,0,0,0,0
ITLIV,ITGOA,7,15,42,20699.2,5800,1,1,1,1.142857143,2
ITLIV,ITNAP,1,2,3,615.5333333,1875,2,2,2,2,2
ITLIV,ITSPE,1,1,5,4218.4,4504,3,3,3,3,3
ITLIV,ITVDL,1,3,5,1099.636364,1730,1,1,1,1,1
ITLIV,MTMAR,1,2,3,687.6851852,1835,1,1,1,1,1
ITMDC,ITGOA,1,1,2,1329.461538,2472,1,1,1,1,1
ITNAP,ITGOA,3,6,10,5931.859477,5250,1,2,2,1.666666667,2
ITNAP,ITLIV,1,1,5,4218.4,4504,2,2,2,2,2
ITNAP,ITSPE,2,1,14,9500.916667,5301,2,2.5,2,2.5,3
ITNAP,JOAQJ,1,1,2,1329.461538,2472,3,3,3,3,3
ITNAP,MTMAR,1,2,3,615.5333333,1875,1,1,1,1,1
ITSAL,ITLIV,3,6,13,4612.50303,2475,2,2,2,2,2
ITSAL,USNYC,1,1,5,839.8444444,1155,14,14,14,14,14
ITSPE,EGPSD,1,2,4,3537,4743,5,5,5,5,5
ITSPE,ESBCN,3,6,18,13424.11111,5744,1,2,2,1.666666667,2
ITSPE,ESVLC,3,1,18,11567.85,5301,2,2,2,2.333333333,3
ITSPE,FRFOS,1,1,9,13600,14000,2,2,2,2,2
ITSPE,ITGOA,2,4,18,8787.5,5688,1,1.5,1,1.5,2
ITTAR,ITGOA,1,2,14,5549.142857,5652,2,2,2,2,2
ITTAR,SAJED,1,2,14,5549.142857,5652,5,5,5,5,5
ITTRS,EGDAM,1,3,9,6560,6802,4,4,4,4,4
ITTRS,ITVCE,1,4,8,4339.625,4728,0,0,0,0,0
ITTRS,SIKOP,1,3,9,6560,6802,2,2,2,2,2
ITVCE,SIKOP,1,4,8,4339.625,4728,1,1,1,1,1
ITVDL,ESBCN,2,9,12,5339.636364,4367,2,2,2,2,2
JMKIN,BRVIX,1,1,7,2109.857143,3007,11,11,11,11,11
JMKIN,COCTG,2,3,10,4569.166667,2524,1,1.5,1,1.5,2
JMKIN,DOCAU,1,4,11,4575.454545,5100,1,1,1,1,1
JMKIN,ESTAR,1,4,6,4250.5,4253,11,11,11,11,11
JMKIN,HTPAP,1,1,3,657,657,1,1,1,1,1
JMKIN,JMMBJ,1,2,6,1104.666667,1118,1,1,1,1,1
JMKIN,LCSLU,1,2,6,1104.666667,1118,3,3,3,3,3
JMKIN,MXVER,1,1,1,0,0,4,4,4,4,4
JMKIN,NLRTM,1,3,6,2053.166667,2226,10,10,10,10,10
JMKIN,PAMIT,2,8,15,6035.666667,4922,1,1.5,1,1.5,2
JMKIN,TTPOS,2,5,17,6982.772727,4380,3,3.5,3,3.5,4
JMKIN,USJAX,1,2,6,1104.666667,1118,2,2,2,2,2
JMKIN,USLAX,1,2,10,4945.2,5040,9,9,9,9,9
JMKIN,USMSY,1,2,4,2516,2524,3,3,3,3,3
JMKIN,USSAV,3,9,25,10980.86667,5040,3,3,3,3,3
JMKIN,USTPA,1,1,7,2109.857143,3007,3,3,3,3,3
JMMBJ,AWORJ,1,2,6,1104.666667,1118,1,1,1,1,1
JOAQJ,DJJIB,1,2,5,4318.6,4824,1,1,1,1,1
JOAQJ,EGPSD,1,2,10,4639,5100,1,1,1,1,1
JOAQJ,EGSOK,1,3,5,3284.4,3494,1,1,1,1,1
JOAQJ,SAJED,2,3,9,8169.461538,7455,1,1,1,1,1
JOAQJ,SGSIN,1,6,5,4348.2,4738,12,12,12,12,12
JPCHB,JPTYO,1,3,3,1634,1805,0,0,0,0,0
JPCHB,JPYOK,1,3,3,1634,1805,1,1,1,1,1
JPFKY,JPMIZ,2,1,4,1436.666667,932,0,0,0,0,0
JPHHE,KRPUS,1,1,2,717,728,3,3,3,3,3
JPHIC,JPHKT,1,1,3,1167.923077,2169,2,2,2,2,2
JPHIJ,JPHKT,2,6,6,2691.666667,1800,1,1,1,1,1
JPHIJ,JPMOJ,2,6,6,2691.666667,1800,1,1,1,1,1
JPHIJ,JPMYJ,1,1,2,581,602,0,0,0,0,0
JPHIJ,JPOIT,1,1,1,556,556,1,1,1,1,1
JPHIJ,JPSBS,1,1,3,880.6666667,932,1,1,1,1,1
JPHKT,CNDLC,1,1,11,10790.18182,13092,2,2,2,2,2
JPHKT,JPMIZ,1,2,3,1504.666667,1706,0,0,0,0,0
JPHKT,JPMOJ,6,9,15,7739.666667,1800,0,0,0,0.166666667,1
JPHKT,JPNGO,1,4,5,4228.4,4814,2,2,2,2,2
JPHKT,KRPUS,7,12,21,8829.089744,2492,1,1,1,1,1
JPHKT,TWTXG,1,1,2,1391,1618,2,2,2,2,2
JPHSM,TWKEL,1,1,2,581,602,2,2,2,2,2
JPIMI,JPFKY,1,1,3,880.6666667,932,1,1,1,1,1
JPIMI,KRPUS,1,1,2,742,834,1,1,1,1,1
JPIWK,JPHKT,1,1,2,1391,1618,1,1,1,1,1
JPIWK,JPMOJ,1,1,2,1391,1618,0,0,0,0,0
JPKIJ,JPTMK,1,1,2,717,728,1,1,1,1,1
JPKIJ,JPTOY,2,1,4,1477.5,907,1,1,1,1,1
JPKNZ,CNSHA,1,1,2,907,907,3,3,3,3,3
JPKNZ,JPKIJ,1,1,2,907,907,1,1,1,1,1
JPKNZ,JPSMN,1,1,2,570.5,585,1,1,1,1,1
JPKWS,JPTYO,1,2,3,1120,1164,0,0,0,0,0
JPKWS,JPYOK,2,3,7,3579,2646,0,0,0,0,0
JPMAI,JPKIJ,1,1,2,570.5,585,2,2,2,2,2
JPMIZ,JPHIJ,2,1,4,1436.666667,932,1,1,1,1,1
JPMIZ,JPUKB,1,2,3,1504.666667,1706,1,1,1,1,1
JPMOJ,CNSHA,2,3,2,2093,1118,2,2.5,2,2.5,3
JPMOJ,HKHKG,1,2,2,1378,1378,3,3,3,3,3
JPMOJ,JPHKT,5,7,13,6583.666667,1800,1,1,1,1,1
JPMOJ,JPNAN,1,1,2,581,602,0,0,0,0,0
JPMOJ,JPTKY,2,2,5,2063,1088,0,0,0,0,0
JPMOJ,KRKAN,1,1,3,1576.666667,1578,1,1,1,1,1
JPMOJ,KRPUS,2,6,6,2691.666667,1800,1,1,1,1,1
JPMOJ,PHMNL,1,3,3,1708,1708,4,4,4,4,4
JPMOJ,TWKEL,1,3,2,1451,1740,2,2,2,2,2
JPMYJ,JPHSM,1,1,2,581,602,1,1,1,1,1
JPNAH,JPSBS,1,1,2,581,602,1,1,1,1,1
JPNAH,PHDVO,1,1,3,990,1150,10,10,10,10,10
JPNAN,JPHIJ,1,1,2,581,602,1,1,1,1,1
JPNGO,CNSHA,4,7,11,7431.333333,4520,2,2.5,2,2.5,3
JPNGO,CNYIK,1,1,2,725,725,5,5,5,5,5
JPNGO,HKHKG,1,2,3,1095,1200,4,4,4,4,4
JPNGO,JPCHB,1,3,3,1634,1805,1,1,1,1,1
JPNGO,JPMOJ,1,2,2,1378,1378,1,1,1,1,1
JPNGO,JPOSA,5,10,18,9283.589744,4589,0,1,1,0.8,1
JPNGO,JPSMZ,7,16,33,24995.72308,9300,0,0,0,0.428571429,1
JPNGO,JPTYO,11,15,57,36448.39286,8749,0,1,1,0.727272727,1
JPNGO,JPUKB,15,17,57,45031.41667,8749,1,1,1,1,1
JPNGO,JPYKK,7,10,20,11809.5,2908,0,0,0,0.142857143,1
JPNGO,JPYOK,4,8,26,16062.02222,8950,0,0.5,0,0.75,2
JPNGO,KRPUS,1,2,3,1076,1118,2,2,2,2,2
JPNGO,TWKHH,1,2,4,1651.25,1714,4,4,4,4,4
JPOIT,CNSHA,1,1,1,556,556,2,2,2,2,2
JPOMZ,JPSMZ,1,2,6,1561.833333,1675,0,0,0,0,0
JPOSA,CNSHA,1,1,1,668,668,2,2,2,2,2
JPOSA,CNTAO,1,2,14,5549.142857,5652,2,2,2,2,2
JPOSA,JPHIJ,2,6,6,2691.666667,1800,1,1.5,1,1.5,2
JPOSA,JPMOJ,2,4,3,2426,1740,1,1,1,1,1
JPOSA,JPNGO,5,8,14,6256.173077,2169,1,1,1,1,1
JPOSA,JPSMZ,3,5,10,7068.166667,2858,1,1,1,1,1
JPOSA,JPTYO,4,10,18,11700,5744,1,1.5,1,1.5,2
JPOSA,JPUKB,20,16,53,26678.33333,2824,1,1,1,1,1
JPOSA,JPYKK,1,3,3,1708,1708,1,1,1,1,1
JPOSA,KRPUS,3,15,22,12389.5,4589,1,2,2,1.666666667,2
JPOSA,TWKEL,6,6,18,8723.916667,1805,2,3,3,2.666666667,3
JPOSA,TWKHH,2,6,10,10085,5744,3,3,3,3,3
JPOTR,JPTOY,1,1,2,907,907,2,2,2,2,2
JPSBS,CNNGB,1,1,3,880.6666667,932,2,2,2,2,2
JPSBS,CNTXG,1,1,3,880.6666667,932,5,5,5,5,5
JPSBS,JPMOJ,1,1,2,581,602,1,1,1,1,1
JPSMN,CNTAO,1,1,2,570.5,585,5,5,5,5,5
JPSMN,JPKNZ,1,1,2,907,907,1,1,1,1,1
JPSMZ,CNSHA,2,1,2,1786,1118,3,3,3,3,3
JPSMZ,JPNGO,4,8,15,5963.833333,1708,1,1,1,1,1
JPSMZ,JPTYO,8,19,40,29360.88974,9300,0,1,1,0.75,1
JPSMZ,JPUKB,1,2,6,1561.833333,1675,1,1,1,1,1
JPSMZ,JPYKK,1,1,3,1618,1618,1,1,1,1,1
JPSMZ,JPYOK,2,5,6,3440,1740,0,0.5,0,0.5,1
JPTHS,CNSHA,1,1,1,850,850,2,2,2,2,2
JPTKY,JPMOJ,1,1,1,975,975,1,1,1,1,1
JPTKY,TWKEL,1,1,4,1088,1088,2,2,2,2,2
JPTMK,JPHHE,1,1,2,717,728,1,1,1,1,1
JPTMK,JPHIC,1,1,3,1167.923077,2169,2,2,2,2,2
JPTOY,JPKNZ,2,1,4,1477.5,907,1,1,1,1,1
JPTOY,JPOTR,1,1,2,907,907,2,2,2,2,2
JPTYO,CNSHA,1,2,2,784.5,834,3,3,3,3,3
JPTYO,CNYTN,1,5,10,8926,9300,4,4,4,4,4
JPTYO,HKHKG,1,5,10,6720.2,6734,3,3,3,3,3
JPTYO,JPCHB,1,3,3,1634,1805,1,1,1,1,1
JPTYO,JPKWS,1,2,3,1120,1164,1,1,1,1,1
JPTYO,JPNGO,7,14,31,28025.16667,8749,1,1,1,1,1
JPTYO,JPOMZ,1,2,6,1561.833333,1675,1,1,1,1,1
JPTYO,JPOSA,2,7,21,11051.14286,5744,1,1,1,1,1
JPTYO,JPSMZ,1,3,3,1708,1708,1,1,1,1,1
JPTYO,JPUKB,5,16,32,24329.20256,8749,1,1,1,1,1
JPTYO,JPYOK,36,25,103,61699.16667,5100,0,0,0,0.277777778,1
JPTYO,KRPUS,2,4,18,6831.222222,4229,2,2.5,2,2.5,3
JPTYO,PABLB,1,3,13,4762.769231,5100,17,17,17,17,17
JPTYO,PAONX,1,1,9,4227,4229,16,16,16,16,16
JPTYO,TWKEL,1,2,3,1732,1740,3,3,3,3,3
JPTYO,USLAX,2,11,11,9085.1,5100,10,10.5,10,10.5,11
JPTYO,USLGB,1,5,7,5502,5744,9,9,9,9,9
JPTYO,USPAE,1,1,3,1167.923077,2169,12,12,12,12,12
JPTYO,USSEA,1,3,14,4699.642857,4890,10,10,10,10,10
JPTYO,USTIW,1,5,6,5719.666667,6350,9,9,9,9,9
JPUKB,CNCWN,1,3,13,4762.769231,5100,3,3,3,3,3
JPUKB,CNLYG,1,1,2,553,564,9,9,9,9,9
JPUKB,CNSHA,5,5,7,3412.5,834,1,3,3,2.4,3
JPUKB,CNTAO,1,3,6,4307.5,4578,5,5,5,5,5
JPUKB,HKHKG,2,6,6,7125.333333,5100,3,3,3,3,3
JPUKB,JPHIJ,1,3,3,911.6666667,972,1,1,1,1,1
JPUKB,JPHKT,1,1,4,1088,1088,1,1,1,1,1
JPUKB,JPIWK,1,1,2,1391,1618,1,1,1,1,1
JPUKB,JPMIZ,1,2,3,1504.666667,1706,0,0,0,0,0
JPUKB,JPMOJ,3,5,9,4334.666667,1708,1,1,1,1,1
JPUKB,JPNGO,9,18,71,49831.84286,9300,0,1,1,1,2
JPUKB,JPOSA,15,15,43,25026.5,4583,0,0,0,0.066666667,1
JPUKB,JPSMZ,2,3,6,4327.666667,2646,1,1,1,1,1
JPUKB,JPTYO,3,8,20,8809.852564,5100,1,1,1,1,1
JPUKB,JPYKK,1,2,3,1120,1164,1,1,1,1,1
JPUKB,KRKAN,1,4,5,4228.4,4814,2,2,2,2,2
JPUKB,KRPUS,5,13,21,17498.25,8749,1,1,1,1,1
JPUKB,MYTPP,1,1,3,2558.666667,2708,7,7,7,7,7
JPUKB,THLCH,1,2,6,1561.833333,1675,7,7,7,7,7
JPUKB,TWKEL,2,3,7,5565.5,2908,2,2.5,2,2.5,3
JPUKB,TWKHH,2,8,20,10419.30952,6350,3,3,3,3,3
JPYKK,JPNGO,1,3,3,1708,1708,1,1,1,1,1
JPYKK,JPTHS,1,1,1,850,850,1,1,1,1,1
JPYKK,JPUKB,2,4,6,4533,2908,1,1,1,1,1
JPYKK,KRPUS,1,3,2,701,702,3,3,3,3,3
JPYKK,TWKEL,1,1,4,2459,2646,2,2,2,2,2
JPYKK,TWTPE,1,1,4,1648.5,1740,2,2,2,2,2
JPYKK,TWTXG,1,1,3,1618,1618,3,3,3,3,3
JPYKK,VNSGN,1,2,3,1120,1164,7,7,7,7,7
JPYOK,CNNGB,2,3,16,13250.4,8950,2,2,2,2,2
JPYOK,CNSHA,8,14,27,15858.8,9200,2,3,3,2.625,3
JPYOK,CNXMN,1,1,8,8562.5,8950,3,3,3,3,3
JPYOK,HKHKG,4,10,15,14305.75,8495,3,4,4,3.75,4
JPYOK,JPKWS,1,1,4,2459,2646,1,1,1,1,1
JPYOK,JPNGO,20,15,65,41618.66667,5100,1,1,1,1.05,2
JPYOK,JPOSA,2,14,16,8400.333333,4578,1,1,1,1,1
JPYOK,JPSMZ,4,9,11,5103,1708,1,1,1,1,1
JPYOK,JPTYO,2,4,5,2516.5,1740,1,1,1,1,1
JPYOK,JPUKB,2,7,19,8928.042857,4890,1,1.5,1,1.5,2
JPYOK,KRPUS,4,11,32,19099.72424,5762,2,2,2,2.25,3
JPYOK,MXESE,1,2,6,4746,4960,11,11,11,11,11
JPYOK,MXLZC,2,5,17,9250.013889,5089,13,13.5,13,13.5,14
JPYOK,MXZLO,2,4,19,9905.022222,8411,13,15,13,15,17
JPYOK,THLCH,1,2,3,1194,1228,8,8,8,8,8
JPYOK,TWKEL,4,7,21,9359.45,4738,2,2.5,2,2.75,4
JPYOK,TWKHH,2,4,14,10979.71429,5928,3,3.5,3,3.5,4
JPYOK,USLAX,2,7,11,8687.233333,4814,10,10.5,10,10.5,11
JPYOK,USLGB,1,4,5,4344.4,5089,10,10,10,10,10
KEMBA,AEJEA,1,2,1,366,1098,6,6,6,6,6
KEMBA,OMSLL,3,3,10,6785.933333,2556,6,6,6,6.333333333,7
KEMBA,PKKHI,1,1,2,995.1666667,1728,9,9,9,9,9
KEMBA,TZDAR,4,10,22,6278.502808,2670,1,3.5,1,3.25,5
KEMBA,TZTGT,2,3,6,1852.955556,2578,1,4.5,1,4.5,8
KEMBA,TZZNZ,2,4,8,2899.622807,2272,1,4.5,1,4.5,8
KHKOS,THLCH,1,2,4,1651.25,1714,1,1,1,1,1
KMMUT,KMYVA,1,1,2,995.1666667,1728,3,3,3,3,3
KMYVA,INNSA,1,2,6,2215.833333,2272,8,8,8,8,8
KMYVA,SCPOV,1,2,4,1615.5,1638,3,3,3,3,3
KMYVA,TZTGT,1,1,2,995.1666667,1728,1,1,1,1,1
KRICH,CNNGB,3,7,3,2270,868,2,2,2,2.333333333,3
KRICH,CNTAO,6,10,17,10053.16667,2824,1,1,1,1.166666667,2
KRICH,CNTXG,2,5,5,2928.75,2578,1,1.5,1,1.5,2
KRICH,HKHKG,1,2,2,706,706,2,2,2,2,2
KRICH,KRKAN,3,3,8,5672,2824,1,1,1,1,1
KRICH,KRPUS,3,7,10,4321,1795,1,1,1,1.333333333,2
KRICH,RUVVO,1,2,4,1049.5,1118,3,3,3,3,3
KRKAN,CNCWN,1,2,6,4369,4578,4,4,4,4,4
KRKAN,CNLYG,1,3,2,701,702,1,1,1,1,1
KRKAN,CNNGB,5,9,24,28752.01818,15550,1,1,1,1.4,2
KRKAN,CNSHA,6,11,22,17218.7,6655,1,1,1,1.5,3
KRKAN,CNTAO,3,9,11,9884.416667,6477,1,1,1,1.333333333,2
KRKAN,CNTXG,2,5,2,2153,1129,2,2,2,2,2
KRKAN,CNYNT,1,3,1,1064,1064,1,1,1,1,1
KRKAN,HKHKG,4,7,13,7864.333333,4578,2,2.5,2,2.5,3
KRKAN,JPTYO,1,1,2,2613.5,2692,2,2,2,2,2
KRKAN,JPUKB,1,3,6,4307.5,4578,1,1,1,1,1
KRKAN,JPYOK,1,1,8,4876.125,5089,2,2,2,2,2
KRKAN,KRPTK,1,1,2,2613.5,2692,1,1,1,1,1
KRKAN,KRPUS,14,25,78,64248.31111,9954,1,1,1,1.142857143,2
KRKAN,KRUSN,3,3,8,4289,2824,0,0,0,0.333333333,1
KRKAN,TWKEL,2,4,6,3356.666667,1800,2,2,2,2,2
KRKAN,TWKHH,1,3,5,6522.6,6800,1,1,1,1,1
KRKAN,TWTPE,1,1,4,2282,2492,1,1,1,1,1
KRKPO,KRUSN,1,1,4,2191,2824,0,0,0,0,0
KRMAS,JPTYO,1,3,2,701,702,3,3,3,3,3
KRPTK,CNDLC,1,1,4,1345.5,1350,1,1,1,1,1
KRPTK,CNTXG,1,1,2,2613.5,2692,2,2,2,2,2
KRPTK,KRPUS,1,4,4,2516.75,2578,1,1,1,1,1
KRPUS,CAPRR,1,4,5,5454.8,5744,9,9,9,9,9
KRPUS,CAVAN,1,5,6,8632.666667,8749,10,10,10,10,10
KRPUS,CNCWN,2,3,11,7661.5,6802,3,3,3,3,3
KRPUS,CNDLC,3,9,8,6006.833333,4701,2,4,4,3.333333333,4
KRPUS,CNLYG,1,2,1,642,642,3,3,3,3,3
KRPUS,CNNGB,10,24,64,60040.80404,13800,1,1.5,1,1.7,4
KRPUS,CNSHA,34,34,255,160687.2687,14000,1,1.5,1,1.647058824,4
KRPUS,CNSHK,2,7,16,11027.2,8580,3,3.5,3,3.5,4
KRPUS,CNTAO,8,18,72,49870.00556,14000,1,1,1,1.25,2
KRPUS,CNTXG,3,12,12,6479.8,4308,2,2,2,2.333333333,3
KRPUS,CNXMN,1,2,5,3362,3635,2,2,2,2,2
KRPUS,CNYNT,1,1,1,836,836,3,3,3,3,3
KRPUS,FJSUV,1,2,4,1737,1740,13,13,13,13,13
KRPUS,HKHKG,7,10,31,21278,8411,2,2,2,2.428571429,3
KRPUS,JPHKT,2,4,16,15018.58182,13092,1,1,1,1,1
KRPUS,JPKIJ,1,1,2,717,728,3,3,3,3,3
KRPUS,JPMOJ,1,1,3,1576.666667,1578,0,0,0,0,0
KRPUS,JPOSA,1,1,3,1167.923077,2169,2,2,2,2,2
KRPUS,JPUKB,1,3,13,4762.769231,5100,2,2,2,2,2
KRPUS,JPYOK,2,3,16,12046.8,8411,1,1.5,1,1.5,2
KRPUS,KRICH,3,7,11,6334.916667,2824,1,2,2,1.666666667,2
KRPUS,KRKAN,24,28,90,74994.675,8488,0,1,1,0.666666667,1
KRPUS,KRMAS,1,3,2,701,702,0,0,0,0,0
KRPUS,KRUSN,9,14,23,12384.16667,2824,0,1,1,0.666666667,1
KRPUS,MXESE,1,4,11,4575.454545,5100,13,13,13,13,13
KRPUS,MXZLO,6,12,61,24946.10404,6627,14,15,14,15,16
KRPUS,PABLB,2,3,19,9899.866667,5762,17,18,17,18,19
KRPUS,PACTB,1,4,11,5021.090909,5095,16,16,16,16,16
KRPUS,PHMNL,2,4,7,3566.75,2578,3,3.5,3,3.5,4
KRPUS,RUVVO,1,1,5,1732.2,1740,2,2,2,2,2
KRPUS,RUVYP,1,1,2,1101.5,1118,2,2,2,2,2
KRPUS,THLCH,1,2,3,1076,1118,6,6,6,6,6
KRPUS,TWKEL,2,4,12,3972.222222,2664,1,1.5,1,1.5,2
KRPUS,TWKHH,3,10,14,9680.595238,8440,2,2,2,2.333333333,3
KRPUS,USLAX,5,13,25,31462.8,8530,9,10,9,10,11
KRPUS,USLGB,3,6,16,15295.3,8580,10,10,10,10.33333333,11
KRPUS,USNYC,1,4,8,4024,4024,23,23,23,23,23
KRPUS,USSAV,1,4,8,4443.625,5500,20,20,20,20,20
KRPUS,USSEA,3,7,27,16676.75714,9200,8,10,8,9.666666667,11
KRPUS,USTIW,1,3,5,6522.6,6800,9,9,9,9,9
KRUSN,CNSHA,3,9,9,4117.5,2200,1,1,1,1,1
KRUSN,HKHKG,2,5,5,2210.666667,1585,2,2.5,2,2.5,3
KRUSN,KRKAN,4,3,6,3819,1118,1,1,1,1,1
KRUSN,KRPUS,4,4,14,7936.333333,2824,1,1,1,1,1
KRUSN,TWKEL,1,2,4,2579,2824,2,2,2,2,2
LBBEY,GRPIR,1,1,8,11844.25,14000,3,3,3,3,3
LBBEY,MTMAR,1,4,11,8072,8488,3,3,3,3,3
LBBEY,SAJED,1,4,11,10535.36364,11388,5,5,5,5,5
LBBEY,TRAMB,1,1,8,11844.25,14000,6,6,6,6,6
LCSLU,VCKTN,1,2,6,1104.666667,1118,1,1,1,1,1
LKCMB,AEJEA,3,9,16,13957.03333,6655,4,5,4,5,6
LKCMB,EGDAM,1,3,13,2860.692308,3534,10,10,10,10,10
LKCMB,ILASH,1,2,14,5549.142857,5652,9,9,9,9,9
LKCMB,ILHFA,1,5,10,4169.5,4255,9,9,9,9,9
LKCMB,INMAA,1,2,7,4227.571429,4367,3,3,3,3,3
LKCMB,INNSA,5,10,27,19501.86905,6750,2,2,2,2,2
LKCMB,INPAV,1,3,6,6158,6252,3,3,3,3,3
LKCMB,ITCAG,1,3,10,5689.8,5888,10,10,10,10,10
LKCMB,KEMBA,1,1,3,840.6222222,1932,9,9,9,9,9
LKCMB,MAPTM,1,7,10,8604,9110,12,12,12,12,12
LKCMB,MVMLE,1,2,3,893.1282051,1716,1,1,1,1,1
LKCMB,MYPEN,1,3,3,2360.333333,2553,4,4,4,4,4
LKCMB,MYPKG,10,22,62,27533.90245,6252,3,4,4,3.9,5
LKCMB,MYTPP,2,4,24,12377.54286,7024,3,3.5,3,3.5,4
LKCMB,OMSLL,2,2,17,8866.571429,5100,5,5,5,5,5
LKCMB,SAJED,1,3,10,6828.4,7024,6,6,6,6,6
LKCMB,SCPOV,1,2,3,1012.333333,2578,4,4,4,4,4
LKCMB,SGSIN,6,12,33,26784.05,9200,4,4.5,4,4.5,5
LKCMB,USNYC,1,4,9,4696.888889,5020,20,20,20,20,20
LKCMB,ZADUR,2,3,13,4599.1,3045,9,10.5,9,10.5,12
LRMLW,ESALG,1,2,3,1780,1876,5,5,5,5,5
LRMLW,MACAS,1,2,3,1305.5,1512,5,5,5,5,5
MAAGA,FRFOS,1,1,5,2471.2,3005,4,4,4,4,4
MACAS,CAMTR,1,1,3,3305.333333,3600,9,9,9,9,9
MACAS,MAPTM,1,2,3,1305.5,1512,1,1,1,1,1
MAPTM,AEJEA,1,4,11,5021.090909,5095,13,13,13,13,13
MAPTM,AOLAD,2,4,10,2128.035714,1740,10,11,10,11,12
MAPTM,BRRIO,1,2,11,4355,4500,13,13,13,13,13
MAPTM,CGPNR,1,2,5,2430.4,2506,14,14,14,14,14
MAPTM,CIABJ,2,2,8,4918,2556,8,8,8,8,8
MAPTM,DEBRV,1,2,14,9556.428571,9700,4,4,4,4,4
MAPTM,ESALG,1,2,6,2472,2478,2,2,2,2,2
MAPTM,ESVLC,1,8,7,4240,4367,2,2,2,2,2
MAPTM,GBFXT,2,2,17,15615.4,9200,4,4,4,4,4
MAPTM,GBSOU,3,10,28,25540.05,11388,3,3,3,3.333333333,4
MAPTM,GHTEM,1,4,4,2196,2442,8,8,8,8,8
MAPTM,GNCKY,1,2,3,1609.666667,1827,7,7,7,7,7
MAPTM,GPPTP,1,2,6,1856.833333,2078,8,8,8,8,8
MAPTM,ITCAG,1,3,7,4257.714286,4268,3,3,3,3,3
MAPTM,MRNKC,2,4,6,2951.166667,1708,4,4.5,4,4.5,5
MAPTM,NGAPP,2,4,10,4178.259259,2556,8,9,8,9,10
MAPTM,NLRTM,2,6,17,5778.442857,4367,4,4,4,4,4
MAPTM,SAJED,2,6,20,15495.6,9200,7,7.5,7,7.5,8
MAPTM,SLFNA,1,2,3,1780,1876,6,6,6,6,6
MAPTM,SNDKR,6,4,25,9251.264352,2578,4,4,4,4,4
MAPTM,TGLFW,1,2,4,2284.5,2478,7,7,7,7,7
MGTOA,KMYVA,1,2,4,1615.5,1638,2,2,2,2,2
MGTOA,MYTPP,1,2,5,2483.8,2546,11,11,11,11,11
MGTOA,MZMPM,1,2,5,1680.4,1740,4,4,4,4,4
MGTOA,SCPOV,1,2,4,1713,1713,3,3,3,3,3
MQFDF,DOHAI,1,2,6,1856.833333,2078,2,2,2,2,2
MQFDF,ESALG,1,2,6,1856.833333,2078,9,9,9,9,9
MRNDB,ESALG,1,2,2,559,1118,4,4,4,4,4
MRNKC,GMBJL,1,2,3,1645.666667,1708,2,2,2,2,2
MRNKC,SNDKR,1,2,3,1305.5,1512,1,1,1,1,1
MTMAR,AEKLF,1,5,10,11216.8,11388,9,9,9,9,9
MTMAR,EGDAM,1,4,11,8072,8488,3,3,3,3,3
MTMAR,ESVLC,3,4,17,9375.218519,8488,2,3,2,3,4
MTMAR,FRLEH,1,4,11,10535.36364,11388,5,5,5,5,5
MTMAR,ITGOA,1,3,13,2860.692308,3534,2,2,2,2,2
MTMAR,ITLIV,1,4,6,2793.5,2825,3,3,3,3,3
MTMAR,MAPTM,1,4,8,5719.25,5770,3,3,3,3,3
MUPLU,AUSYD,1,1,13,3585.538462,4953,12,12,12,12,12
MUPLU,MGTOA,2,4,8,3328.5,1713,1,2,1,2,3
MUPLU,MYPKG,1,2,5,956.8363636,1740,8,8,8,8,8
MUPLU,MYTPP,1,2,8,6774.25,8488,11,11,11,11,11
MUPLU,REPDG,2,3,18,5265.938462,4953,0,0.5,0,0.5,1
MUPLU,SGSIN,1,3,6,7562.666667,8411,7,7,7,7,7
MUPLU,ZADUR,2,5,11,10046.46667,8411,4,5,4,5,6
MVMLE,KEMBA,1,2,3,893.1282051,1716,9,9,9,9,9
MXATM,MXVER,7,8,36,21556.44048,6750,0,1,1,0.571428571,1
MXATM,PACTB,1,1,3,1074,1147,10,10,10,10,10
MXATM,USHOU,8,11,51,32044.38095,6750,1,1,1,1.25,2
MXATM,USTPA,1,1,1,0,0,2,2,2,2,2
MXESE,JPYOK,1,2,6,4746,4960,12,12,12,12,12
MXESE,MXZLO,2,6,17,9321.454545,5100,2,2.5,2,2.5,3
MXESE,USLAX,1,1,4,2507.5,2556,1,1,1,1,1
MXESE,USOAK,1,5,4,1264,2572,1,1,1,1,1
MXLZC,GTPRQ,3,8,24,8526.6,4308,1,2,2,1.666666667,2
MXLZC,JPYOK,1,3,11,5573.090909,5762,19,19,19,19,19
MXLZC,MXESE,1,2,6,4746,4960,3,3,3,3,3
MXLZC,MXZLO,4,8,30,16761,6627,0,0.5,0,0.5,1
MXLZC,PABLB,2,1,16,13438.625,8950,4,5,4,5,6
MXLZC,PAONX,1,4,9,4373.888889,5089,4,4,4,4,4
MXLZC,PECLL,1,3,11,6398.909091,6627,6,6,6,6,6
MXLZC,RUVYP,1,1,8,4876.125,5089,15,15,15,15,15
MXLZC,SVAQJ,1,3,1,1118,1118,2,2,2,2,2
MXLZC,SVLUN,1,3,3,1275.333333,1350,2,2,2,2,2
MXLZC,USLAX,1,4,7,5706.857143,5888,3,3,3,3,3
MXLZC,USLGB,1,3,10,1783.3,1970,4,4,4,4,4
MXMZT,MXZLO,1,1,1,652,1304,1,1,1,1,1
MXPGO,HNPCR,1,1,4,1583.75,1713,2,2,2,2,2
MXPMD,MXZLO,1,1,1,652,1304,3,3,3,3,3
MXVER,CRLIO,2,3,12,4152.25,2592,3,4,3,4,5
MXVER,HNPCR,1,1,3,2204,2456,2,2,2,2,2
MXVER,JMKIN,1,2,4,2516,2524,3,3,3,3,3
MXVER,MXATM,10,13,55,33118.38095,6750,1,1,1,1,1
MXVER,PACTB,1,1,3,3057.333333,3398,3,3,3,3,3
MXZLO,CNSHA,1,3,11,6398.909091,6627,18,18,18,18,18
MXZLO,COBUN,4,12,33,12061.82222,4300,5,5.5,5,5.5,6
MXZLO,GTPRQ,3,4,13,4717.222222,2664,2,2,2,2,2
MXZLO,JPTYO,1,3,9,2604.222222,2664,19,19,19,19,19
MXZLO,JPYOK,2,7,20,8637,4738,15,15.5,15,15.5,16
MXZLO,KRPUS,2,5,20,10310.5,8411,16,16,16,16,16
MXZLO,MXESE,1,1,4,2507.5,2556,4,4,4,4,4
MXZLO,MXLZC,4,9,34,21087.56623,6627,1,1,1,1,1
MXZLO,MXMZT,1,1,1,652,1304,1,1,1,1,1
MXZLO,PABLB,1,1,10,7300.8,8411,5,5,5,5,5
MXZLO,PACTB,1,4,11,4575.454545,5100,6,6,6,6,6
MXZLO,PAMIT,2,4,17,5696.606061,4380,5,6,5,6,7
MXZLO,PECLL,2,6,21,9974.290909,5762,6,6,6,6,6
MXZLO,TWKHH,1,4,10,4066.4,4300,19,19,19,19,19
MXZLO,USLAX,2,2,9,2961.333333,2500,3,3.5,3,3.5,4
MYBKI,PHCEB,1,1,2,454,1118,2,2,2,2,2
MYBTU,PHMNL,1,2,2,1024,1024,2,2,2,2,2
MYBTU,TWKHH,1,2,5,1618,1618,4,4,4,4,4
MYKCH,MYTMP,1,2,2,1024,1024,1,1,1,1,1
MYKUA,HKHKG,1,1,4,1648.5,1740,4,4,4,4,4
MYPEN,MYPGU,2,2,8,5038,2824,2,2.5,2,2.5,3
MYPEN,MYPKG,9,14,31,17438.16667,2824,1,1,1,1.222222222,2
MYPEN,MYTPP,1,1,4,1648.5,1740,1,1,1,1,1
MYPEN,SGSIN,3,7,10,7014.7,4578,1,2,2,1.666666667,2
MYPGU,MYTPP,1,1,4,2282,2492,0,0,0,0,0
MYPGU,SGSIN,4,5,19,8071.138889,2824,0,0.5,0,0.5,1
MYPKG,AEJEA,8,18,50,42243.25556,8468,6,7.5,7,7.5,9
MYPKG,AUBNE,1,4,5,2232.353846,4308,11,11,11,11,11
MYPKG,AUFRE,1,4,5,2232.353846,4308,8,8,8,8,8
MYPKG,BDCGP,5,15,10,6502,1728,4,4,4,4.6,6
MYPKG,BRRIO,1,4,10,4258.8,4380,8,8,8,8,8
MYPKG,BRSSZ,1,4,11,5688.272727,6589,22,22,22,22,22
MYPKG,CGPNR,1,2,10,2032.2,2578,19,19,19,19,19
MYPKG,CNCWN,2,4,15,12272.36364,11388,4,4.5,4,4.5,5
MYPKG,CNNGB,2,4,19,5052.533333,3430,6,7,6,7,8
MYPKG,CNNSA,3,8,28,20026.21717,8488,4,5,4,5,6
MYPKG,CNSHA,4,9,34,17766.74646,14074,6,6.5,6,6.5,7
MYPKG,CNTAO,2,4,18,11770.94444,6919,12,13.5,12,13.5,15
MYPKG,CNTXG,2,5,15,8078.166667,5762,7,8.5,7,8.5,10
MYPKG,CNXMN,1,2,11,3607.363636,4308,4,4,4,4,4
MYPKG,DEHAM,1,3,9,8368.333333,10070,18,18,18,18,18
MYPKG,DJJIB,1,2,5,4318.6,4824,8,8,8,8,8
MYPKG,EGDAM,1,6,8,4302.875,4738,11,11,11,11,11
MYPKG,EGPSD,2,7,18,13265.5,8750,11,12,11,12,13
MYPKG,FRLEH,2,6,19,24220.30556,14074,16,16.5,16,16.5,17
MYPKG,GBSOU,1,4,10,8116.7,8600,19,19,19,19,19
MYPKG,HKHKG,3,7,18,9655.772727,6589,4,4,4,4,4
MYPKG,IDJKT,1,2,4,2740.5,2858,2,2,2,2,2
MYPKG,INHAL,2,3,3,1032.0625,1016,4,4,4,4,4
MYPKG,INMAA,9,21,39,20426.05897,4230,3,4,4,3.888888889,5
MYPKG,INNSA,6,19,38,18284.7303,4308,5,6,6,6,8
MYPKG,KRPUS,1,5,10,4169.5,4255,8,8,8,8,8
MYPKG,LBBEY,1,4,11,8072,8488,12,12,12,12,12
MYPKG,LKCMB,5,12,30,13231.07222,4363,3,3,3,3.6,5
MYPKG,MAPTM,1,5,10,11216.8,11388,14,14,14,14,14
MYPKG,MTMAR,1,4,11,10535.36364,11388,12,12,12,12,12
MYPKG,MYPEN,6,4,24,13093,2824,1,1.5,1,1.5,2
MYPKG,MYPGU,2,2,8,5038,2824,1,1.5,1,1.5,2
MYPKG,MYTPP,4,7,36,30900.83333,13880,0,0,0,0.25,1
MYPKG,NAWVB,1,3,11,2908.340909,3650,15,15,15,15,15
MYPKG,NGTIN,1,3,9,3020.333333,3430,21,21,21,21,21
MYPKG,PHMNL,1,1,3,1725,1725,5,5,5,5,5
MYPKG,REPDG,1,2,5,956.8363636,1740,7,7,7,7,7
MYPKG,SAJED,3,12,27,18382.88889,6919,9,9,9,9.333333333,10
MYPKG,SGSIN,44,41,203,147788.5459,13880,0,1,1,0.977272727,2
MYPKG,ZADUR,2,7,18,6781.064935,4380,11,11,11,11,11
MYTMP,MYBTU,1,2,2,1024,1024,1,1,1,1,1
MYTPP,AEJEA,2,2,5,3491.666667,3586,8,8.5,8,8.5,9
MYTPP,BDCGP,3,3,8,4128.75,1713,4,4,4,4.333333333,5
MYTPP,CGPNR,1,2,9,2525.111111,2602,18,18,18,18,18
MYTPP,CNDLC,1,4,11,6383,6627,10,10,10,10,10
MYTPP,CNNSA,1,2,7,2131.285714,2670,3,3,3,3,3
MYTPP,CNTAO,2,6,14,12535.53333,10070,7,7.5,7,7.5,8
MYTPP,CNXMN,1,2,11,4328.909091,4500,6,6,6,6,6
MYTPP,EGPSD,2,3,19,15064.4,8950,12,12,12,12,12
MYTPP,ESALG,1,2,9,7689.888889,8488,15,15,15,15,15
MYTPP,ESVLC,1,1,11,10790.18182,13092,15,15,15,15,15
MYTPP,HKHKG,3,5,27,17596.63333,9200,4,4,4,4,4
MYTPP,IDSUB,1,1,4,2729.25,2742,5,5,5,5,5
MYTPP,KEMBA,2,7,12,3974.485714,2670,11,12.5,11,12.5,14
MYTPP,LKCMB,4,7,35,23500.14286,7024,3,4,4,3.75,4
MYTPP,MAPTM,2,2,24,18331.82857,9700,15,15,15,15,15
MYTPP,MUPLU,1,2,5,1680.4,1740,8,8,8,8,8
MYTPP,MYBTU,1,2,5,1618,1618,2,2,2,2,2
MYTPP,MYKUA,1,1,4,1648.5,1740,1,1,1,1,1
MYTPP,MYPKG,8,13,59,49771.96667,13880,1,1,1,1.125,2
MYTPP,NAWVB,1,2,11,4328.909091,4500,17,17,17,17,17
MYTPP,NLRTM,1,1,11,14847.81818,15550,18,18,18,18,18
MYTPP,PHMNL,1,1,4,2282,2492,4,4,4,4,4
MYTPP,SAJED,1,3,6,5213.5,5248,10,10,10,10,10
MYTPP,SGSIN,10,15,54,28658.06667,7450,1,1,1,1,1
MYTPP,TGLFW,1,2,10,2501.4,2572,23,23,23,23,23
MYTPP,THLCH,1,1,3,2558.666667,2708,2,2,2,2,2
MYTPP,TRIZT,1,4,11,6383,6627,15,15,15,15,15
MYTPP,TWKHH,2,4,24,12377.54286,7024,5,5.5,5,5.5,6
MYTPP,USNYC,1,3,15,8093.133333,9200,22,22,22,22,22
MYTPP,VNHPH,1,1,2,1510,1524,5,5,5,5,5
MYTPP,VNSGN,1,3,3,1618.666667,1708,2,2,2,2,2
MYTPP,VNTCT,1,2,14,9556.428571,9700,2,2,2,2,2
MYTPP,ZADUR,2,4,16,9798.375,8488,10,11.5,10,11.5,13
MZBEW,MZMNC,1,2,5,956.8363636,1740,5,5,5,5,5
MZMNC,KMYVA,1,2,6,2215.833333,2272,1,1,1,1,1
MZMNC,MUPLU,1,2,5,956.8363636,1740,6,6,6,6,6
MZMNC,MZBEW,1,2,5,956.8363636,1740,4,4,4,4,4
MZMPM,MGTOA,1,2,5,2483.8,2546,3,3,3,3,3
MZMPM,MYTPP,1,2,5,1680.4,1740,13,13,13,13,13
MZMPM,MZMNC,1,2,5,956.8363636,1740,3,3,3,3,3
NAWVB,AOLAD,1,2,8,1739.875,1900,4,4,4,4,4
NAWVB,CIABJ,1,2,7,624.7857143,1392,6,6,6,6,6
NAWVB,GHTEM,1,3,11,2908.340909,3650,7,7,7,7,7
NAWVB,MYTPP,1,2,11,4328.909091,4500,17,17,17,17,17
NAWVB,NGAPP,1,2,11,4328.909091,4500,6,6,6,6,6
NCNOU,AUSYD,1,3,6,1199.333333,2556,2,2,2,2,2
NCNOU,FJLTK,1,1,2,605.15,1730,1,1,1,1,1
NCNOU,MYPKG,1,2,4,1737,1740,12,12,12,12,12
NGAPP,BJCOO,2,6,10,4668,2478,1,1,1,1,1
NGAPP,ESAGP,1,2,4,2515.5,2556,8,8,8,8,8
NGAPP,GHTEM,1,2,11,4328.909091,4500,1,1,1,1,1
NGAPP,NGTIN,3,3,25,6310.975168,3650,0,2,0,2.333333333,5
NGAPP,ZADUR,1,2,6,951.7666667,1597,11,11,11,11,11
NGONN,ESAGP,1,2,4,2284.5,2478,9,9,9,9,9
NGONN,NGTIN,1,2,9,2525.111111,2602,1,1,1,1,1
NGTIN,CIABJ,2,4,17,5858.174242,3650,2,2,2,2,2
NGTIN,CMDLA,3,3,23,7511.644444,3005,2,2,2,2.666666667,4
NGTIN,GHTEM,4,7,20,5354.848148,2702,0,0.5,0,0.5,1
NGTIN,GHTKD,2,3,9,1922.570588,2702,1,1,1,1,1
NGTIN,TGLFW,3,5,22,7231.408333,3430,0,1,0,1.333333333,3
NGTIN,ZADUR,1,5,11,2558.636364,2664,13,13,13,13,13
NICIO,CRCAL,2,2,7,3968.5,2556,1,1.5,1,1.5,2
NICIO,SVAQJ,1,1,4,2507.5,2556,1,1,1,1,1
NLRTM,BEANR,2,5,17,12678.95833,10070,1,1.5,1,1.5,2
NLRTM,BEZEE,1,3,10,13486,13880,1,1,1,1,1
NLRTM,CAHAL,1,3,14,4699.642857,4890,7,7,7,7,7
NLRTM,DEBRV,10,8,77,60170.09048,15550,1,2,1,1.9,4
NLRTM,DEHAM,18,24,146,114107.2537,14074,1,1.5,1,1.555555556,3
NLRTM,EGPSD,1,3,10,6340,6350,9,9,9,9,9
NLRTM,ESALG,1,1,11,14847.81818,15550,4,4,4,4,4
NLRTM,ESVLC,1,1,10,11912.4,14000,5,5,5,5,5
NLRTM,FRDKK,2,4,11,2300.242424,2556,1,1.5,1,1.5,2
NLRTM,FRLEH,4,14,40,21682.01154,11388,1,1,1,1.25,2
NLRTM,GBFXT,6,16,40,34396.00317,13092,1,1,1,1,1
NLRTM,GBTIL,6,13,44,22570.01429,5919,1,1,1,1.166666667,2
NLRTM,HKHKG,1,4,9,9387.333333,10070,28,28,28,28,28
NLRTM,MAPTM,1,1,10,8775.4,9200,5,5,5,5,5
NLRTM,OMSLL,1,7,10,8604,9110,15,15,15,15,15
NLRTM,RULED,1,1,4,2844.25,3091,7,7,7,7,7
NLRTM,SGSIN,3,9,30,23061.4,9954,21,21,21,21.66666667,23
NOSLX,ISREY,1,1,1,174.5,698,4,4,4,4,4
NZAKL,AUMEL,2,7,7,3375.04,2824,6,6,6,6,6
NZAKL,AUSYD,1,4,10,3271.3,3752,3,3,3,3,3
NZAKL,NZLYT,3,10,15,9309.466667,3586,1,2,2,1.666666667,2
NZAKL,NZPOE,1,2,4,1737,1740,4,4,4,4,4
NZAKL,NZTRG,2,7,7,3375.04,2824,1,1,1,1,1
NZAKL,NZWLG,1,1,2,605.15,1730,1,1,1,1,1
NZAKL,PAMIT,1,4,10,3271.3,3752,17,17,17,17,17
NZAKL,PFPPT,1,5,4,1264,2572,5,5,5,5,5
NZBLU,NZPOE,1,1,7,2946.571429,3274,1,1,1,1,1
NZLYT,NZNPE,1,7,6,3542.666667,3586,1,1,1,1,1
NZLYT,NZPOE,1,5,4,2715,2826,1,1,1,1,1
NZLYT,NZTRG,1,2,4,1737,1740,2,2,2,2,2
NZLYT,NZWLG,2,6,12,5998.371429,3534,0,0.5,0,0.5,1
NZMAP,NZTRG,1,1,2,605.15,1730,0,0,0,0,0
NZMAP,PHSFS,1,1,2,605.15,1730,15,15,15,15,15
NZNPE,NZTRG,5,13,34,14011.67143,3752,0,1,0,0.8,2
NZNPE,NZWLG,1,1,7,2946.571429,3274,0,0,0,0,0
NZPOE,MYTPP,1,5,4,2715,2826,8,8,8,8,8
NZPOE,NZLYT,2,3,11,4683.571429,3274,1,1,1,1,1
NZPOE,NZNPE,1,4,10,3271.3,3752,2,2,2,2,2
NZTIU,NZPOE,1,4,10,3271.3,3752,1,1,1,1,1
NZTRG,AUBNE,2,2,14,4177.68254,3274,4,5,4,5,6
NZTRG,AUSYD,1,5,4,1264,2572,4,4,4,4,4
NZTRG,FJSUV,1,7,5,2595.8,2742,5,5,5,5,5
NZTRG,JPTYO,1,7,6,3542.666667,3586,11,11,11,11,11
NZTRG,MYPKG,1,5,5,3051.8,3534,12,12,12,12,12
NZTRG,NCNOU,1,2,4,1737,1740,3,3,3,3,3
NZTRG,NZAKL,1,4,10,3271.3,3752,1,1,1,1,1
NZTRG,NZMAP,1,1,2,605.15,1730,2,2,2,2,2
NZTRG,PACTB,1,3,6,1199.333333,2556,14,14,14,14,14
NZTRG,USHNL,1,7,2,779.24,2824,9,9,9,9,9
NZWLG,NZNPE,2,6,12,5998.371429,3534,1,1,1,1,1
NZWLG,NZTRG,1,1,2,605.15,1730,1,1,1,1,1
OMSLL,AEJEA,3,3,26,20190.33333,14000,2,3,2,3,4
OMSLL,AESHJ,1,2,5,2497.6,2556,4,4,4,4,4
OMSLL,DJJIB,1,1,2,2165.5,2308,1,1,1,1,1
OMSLL,EGPSD,3,7,20,13391.33333,6350,5,5,5,5.333333333,6
OMSLL,ESVLC,1,1,13,3585.538462,4953,13,13,13,13,13
OMSLL,GBFXT,2,5,14,8831.857143,6750,12,12.5,12,12.5,13
OMSLL,INNSA,1,2,5,6636.8,6750,5,5,5,5,5
OMSLL,KEMBA,1,2,2,1941.333333,2496,8,8,8,8,8
OMSLL,LKCMB,2,4,11,7764.571429,4743,5,5.5,5,5.5,6
OMSLL,REPDG,1,2,4,1713,1713,9,9,9,9,9
OMSLL,SAJED,3,4,22,18115.8,7455,3,3,3,3.333333333,4
OMSLL,SGSIN,2,10,19,16933.33333,9110,7,7.5,7,7.5,8
OMSLL,TZDAR,2,3,8,4844.6,2556,5,8,5,8,11
OMSLL,USNYC,2,3,13,12601.02381,9200,14,15.5,14,15.5,17
OMSOH,SGSIN,1,1,5,4267,4701,8,8,8,8,8
PABLB,COBUN,3,3,12,9126.125,5089,1,1,1,1.333333333,2
PABLB,CRCAL,1,1,4,2507.5,2556,2,2,2,2,2
PABLB,CRMOB,1,1,4,1710.5,1713,2,2,2,2,2
PABLB,ECESM,1,1,4,1710.5,1713,2,2,2,2,2
PABLB,ECGYE,1,1,8,2577,2592,2,2,2,2,2
PABLB,GTPRQ,1,3,3,1275.333333,1350,2,2,2,2,2
PABLB,JMKIN,1,2,10,4945.2,5040,1,1,1,1,1
PABLB,JPYOK,1,1,8,8562.5,8950,20,20,20,20,20
PABLB,KRPUS,1,3,9,4662.111111,5029,19,19,19,19,19
PABLB,MXZLO,1,1,10,7300.8,8411,5,5,5,5,5
PABLB,NZAKL,1,4,10,3271.3,3752,17,17,17,17,17
PABLB,PACTB,3,2,23,13031.16071,5301,0,1,0,1,2
PABLB,PAMIT,4,7,42,14982.98352,5100,0,0,0,0,0
PABLB,PECLL,4,3,32,18397.28214,8411,3,4,4,4,5
PABLB,PEPAI,2,4,4,2571.333333,1350,2,2,2,2,2
PABLB,USLAX,2,4,22,9717.435897,5762,7,7,7,7,7
PABLB,USLGB,1,1,8,4878.25,5301,8,8,8,8,8
PABLB,USMIA,1,1,9,4954.666667,5762,3,3,3,3,3
PABLB,USNYC,1,4,9,4371.333333,4892,6,6,6,6,6
PACTB,BSFPO,1,1,7,3842.285714,4425,3,3,3,3,3
PACTB,COCTG,1,1,3,3057.333333,3398,3,3,3,3,3
PACTB,CRLIO,1,1,3,1063,1118,3,3,3,3,3
PACTB,ECGYE,1,4,8,1914,2122,1,1,1,1,1
PACTB,ITGIT,1,1,8,4878.25,5301,12,12,12,12,12
PACTB,MXVER,1,1,3,1074,1147,9,9,9,9,9
PACTB,NLRTM,2,2,12,7154.875,5059,12,12.5,12,12.5,13
PACTB,PABLB,3,2,23,13031.16071,5301,1,1,1,1,1
PACTB,PAMIT,4,9,33,11720.16288,5100,0,0,0,0,0
PACTB,PFPPT,1,3,6,1199.333333,2556,9,9,9,9,9
PACTB,USHOU,1,4,11,5021.090909,5095,4,4,4,4,4
PACTB,USMOB,1,1,3,3057.333333,3398,5,5,5,5,5
PAMIT,BRMAO,2,1,2,0,0,10,10.5,10,10.5,11
PAMIT,COCTG,8,10,53,20442.71288,5100,1,1,1,1.125,2
PAMIT,CRLIO,3,3,9,4897.75,2456,0,1,0,1,2
PAMIT,CRMOB,1,1,8,2577,2592,0,0,0,0,0
PAMIT,DOCAU,1,1,6,1500.333333,2500,2,2,2,2,2
PAMIT,ECGYE,1,5,6,3006.333333,3534,2,2,2,2,2
PAMIT,ESALG,1,1,7,2943.571429,3100,10,10,10,10,10
PAMIT,JMKIN,4,12,32,13018.43939,4922,1,1.5,1,1.5,2
PAMIT,KRPUS,1,5,9,4836.333333,4922,20,20,20,20,20
PAMIT,MXATM,1,2,4,1575.25,1577,19,19,19,19,19
PAMIT,PABLB,5,4,41,16655.95177,5100,1,1,1,1.2,2
PAMIT,PACTB,3,6,22,7144.708333,4178,1,1,1,1,1
PAMIT,PECLL,1,4,8,4031.375,4178,4,4,4,4,4
PAMIT,TTPTS,1,2,6,1104.666667,1118,0,0,0,0,0
PAMIT,TWKHH,1,4,9,4371.333333,4892,25,25,25,25,25
PAMIT,USLAX,1,3,14,4699.642857,4890,7,7,7,7,7
PAMIT,USMIA,1,3,13,4762.769231,5100,3,3,3,3,3
PAMIT,USNYC,1,3,9,4662.111111,5029,3,3,3,3,3
PAMIT,USSAV,1,3,14,4699.642857,4890,4,4,4,4,4
PAMIT,VEPSU,1,2,4,1518.5,1647,4,4,4,4,4
PAONX,COBUN,1,1,3,873.3666667,1341,2,2,2,2,2
PAONX,TWTPE,1,1,8,4230,4363,23,23,23,23,23
PAONX,USCHS,1,1,9,4227,4229,4,4,4,4,4
PAONX,USLAX,1,1,9,4227,4229,8,8,8,8,8
PAONX,USSAV,2,5,17,8603.888889,5089,3,3,3,3,3
PAPAM,CRLIO,1,1,2,2240.5,2474,0,0,0,0,0
PECLL,CLARI,1,1,7,3842.285714,4425,1,1,1,1,1
PECLL,CLIQQ,7,14,60,29714.67576,8411,2,2,2,2.428571429,3
PECLL,CLMJS,1,2,8,4310.625,5059,4,4,4,4,4
PECLL,CLSAI,4,8,21,8743.541126,3534,4,5.5,6,5.25,6
PECLL,CLVAP,3,7,22,9322.575,4178,3,4,3,4,5
PECLL,COBUN,1,2,3,1694,2490,3,3,3,3,3
PECLL,COCTG,1,3,5,1099.636364,1730,6,6,6,6,6
PECLL,ECGYE,3,6,14,4980.609091,3534,2,3,2,3,4
PECLL,MXLZC,2,4,15,8680.409091,6627,6,6,6,6,6
PECLL,MXZLO,2,7,20,8467.6,4738,6,6,6,6,6
PECLL,PABLB,1,1,7,2943.571429,3100,4,4,4,4,4
PECLL,PACTB,1,4,8,4031.375,4178,3,3,3,3,3
PECLL,PEPAI,1,4,8,1914,2122,2,2,2,2,2
PEMRI,PECLL,1,1,3,873.3666667,1341,2,2,2,2,2
PEPAI,ECESM,1,1,1,1296,1296,1,1,1,1,1
PEPAI,ECGYE,2,5,11,3189.333333,2122,1,1.5,1,1.5,2
PFPPT,FJLTK,1,3,6,1199.333333,2556,5,5,5,5,5
PFPPT,MXESE,1,5,4,1264,2572,9,9,9,9,9
PFPPT,WSAPW,1,3,2,566.0666667,1304,3,3,3,3,3
PGLAE,NCNOU,1,1,2,605.15,1730,4,4,4,4,4
PGLAE,PGPOM,1,2,2,580,1740,3,3,3,3,3
PGLAE,PGRAB,1,1,2,271.8333333,585,1,1,1,1,1
PGMAG,MYPKG,1,1,2,271.8333333,585,9,9,9,9,9
PGMAG,PGLAE,1,1,2,271.8333333,585,2,2,2,2,2
PGPOM,AUTSV,1,1,3,665.6666667,1345,3,3,3,3,3
PGPOM,PGLAE,1,1,2,271.8333333,585,3,3,3,3,3
PGPOM,PGRAB,1,2,2,580,1740,3,3,3,3,3
PGRAB,PGMAG,1,1,2,271.8333333,585,1,1,1,1,1
PGRAB,PGPOM,1,1,2,271.8333333,585,1,1,1,1,1
PGRAB,SBHIR,1,2,2,580,1740,4,4,4,4,4
PHCEB,HKHKG,1,1,3,990,1150,4,4,4,4,4
PHCEB,PHCGY,2,2,5,1891,1440,1,1,1,1,1
PHCEB,TWKHH,2,3,2,2548,1510,2,2.5,2,2.5,3
PHCGY,PHDVO,2,2,6,1799.5,1350,1,2,1,2,3
PHCGY,TWKHH,1,1,3,1437,1440,3,3,3,3,3
PHDVO,CNSHA,2,1,9,3077.7,1740,5,5,5,5,5
PHDVO,PHGES,1,1,3,990,1150,1,1,1,1,1
PHDVO,PHMNL,1,1,7,1410.888889,1890,2,2,2,2,2
PHDVO,TWKHH,2,1,5,1119.666667,1345,5,5,5,5,5
PHGES,PHCEB,1,1,3,990,1150,2,2,2,2,2
PHMNL,AUDRW,1,1,3,665.6666667,1345,6,6,6,6,6
PHMNL,CNSHA,2,2,10,3135.888889,1890,2,3,2,3,4
PHMNL,CNSHK,1,2,2,1024,1024,2,2,2,2,2
PHMNL,HKHKG,5,11,14,9254,2741,1,2,2,2,3
PHMNL,IDJKT,1,4,4,2604.25,2741,6,6,6,6,6
PHMNL,IDSUB,1,4,4,1721.75,1800,5,5,5,5,5
PHMNL,JPOSA,2,3,7,4448.5,2858,4,4,4,4,4
PHMNL,JPTYO,1,2,3,1076,1118,4,4,4,4,4
PHMNL,KRPUS,2,6,7,3690.75,2578,3,3.5,3,3.5,4
PHMNL,MYKCH,1,2,2,1024,1024,3,3,3,3,3
PHMNL,MYTPP,1,1,3,1118,1118,8,8,8,8,8
PHMNL,PHCEB,1,1,3,1437,1440,1,1,1,1,1
PHMNL,PHCGY,1,1,4,1345.5,1350,3,3,3,3,3
PHMNL,SGSIN,2,6,8,5257.25,2858,3,3.5,3,3.5,4
PHMNL,THLCH,3,6,8,5183,2778,3,3,3,3.333333333,4
PHMNL,TWKEL,1,1,2,1496,1496,2,2,2,2,2
PHMNL,TWKHH,6,11,12,10250,2825,1,2,2,1.833333333,3
PHSFS,PHMNL,2,6,2,4193,2825,1,1,1,1,1
PHSFS,THSRI,1,1,2,605.15,1730,3,3,3,3,3
PKKHI,AEJEA,2,3,4,1678.95614,1856,4,4,4,4,4
PKKHI,INMUN,3,10,16,11177.93333,6000,0,1,0,1,2
PKKHI,INNSA,8,16,55,29581.07143,5770,1,2.5,2,2.5,4
PKKHI,INPAV,1,3,5,4286.2,4578,1,1,1,1,1
PKKHI,LKCMB,3,9,15,11220.83333,6252,4,4,4,4,4
PKKHI,MYPKG,1,3,5,3973.2,4498,6,6,6,6,6
PKKHI,SGSIN,3,7,18,11536.83333,5700,7,7,7,7.333333333,8
PLGDN,DKAAR,1,1,11,14847.81818,15550,2,2,2,2,2
PRSJU,ESVLC,1,3,5,1099.636364,1730,10,10,10,10,10
PRSJU,USHOU,1,1,3,2204,2456,4,4,4,4,4
PTFNC,ESSCT,1,1,3,349,698,1,1,1,1,1
PTLEI,ESVGO,1,2,7,624.7857143,1392,0,0,0,0,0
PTLEI,MAPTM,1,2,3,1503.25,1740,3,3,3,3,3
PTLEI,PTLIS,3,3,13,2649.172078,3091,1,2,2,1.666666667,2
PTLIS,BRSSZ,1,3,6,3247.666667,3534,11,11,11,11,11
PTLIS,CAHAL,1,1,3,1455.666667,1645,8,8,8,8,8
PTLIS,CAMTR,1,2,5,2057.2,2475,9,9,9,9,9
PTLIS,CGPNR,1,1,4,1465.386364,3091,10,10,10,10,10
PTLIS,ESALG,2,2,9,1183.785714,1392,2,2,2,2,2
PTLIS,ESSCT,1,1,2,1048.5,1061,2,2,2,2,2
PTLIS,PTLEI,1,2,3,1503.25,1740,2,2,2,2,2
PTSIE,ESGIJ,1,1,2,868,868,2,2,2,2,2
PTSIE,ESLPA,2,2,8,6077.333333,5610,1,1.5,1,1.5,2
PTSIE,FRLEH,1,1,11,11940.18182,13800,2,2,2,2,2
PTSIE,USBOS,1,1,5,4218.4,4504,7,7,7,7,7
PTSIE,USPEF,1,1,6,4622.666667,5060,10,10,10,10,10
REPDG,KEMBA,1,1,7,1410.888889,1890,2,2,2,2,2
REPDG,MGTOA,1,2,5,1680.4,1740,2,2,2,2,2
REPDG,MUPLU,3,5,21,6914.038462,4953,1,1,1,1,1
REPDG,MZMPM,1,2,5,956.8363636,1740,3,3,3,3,3
ROCND,TRAMB,1,2,9,5044.333333,5762,2,2,2,2,2
ROCND,TRGEM,1,5,10,4169.5,4255,2,2,2,2,2
ROCND,UAILK,2,10,19,10685.875,6627,0,0.5,0,0.5,1
RULED,BEANR,1,1,4,2844.25,3091,7,7,7,7,7
RULED,DEBRV,1,1,8,2577,2592,7,7,7,7,7
RUNVS,ROCND,1,5,10,4169.5,4255,1,1,1,1,1
RUVVO,CNTXG,1,1,2,1060,1060,3,3,3,3,3
RUVVO,HKHKG,1,1,2,2832.666667,3108,3,3,3,3,3
RUVVO,KRKAN,1,1,5,1732.2,1740,2,2,2,2,2
RUVVO,RUVYP,1,2,4,1049.5,1118,1,1,1,1,1
RUVYP,CNNGB,1,2,10,4945.2,5040,3,3,3,3,3
RUVYP,CNTAO,1,1,8,4876.125,5089,2,2,2,2,2
RUVYP,KRPUS,2,3,6,2151,1118,2,2,2,2,2
RUVYP,RUVVO,2,1,4,3892.666667,3108,1,1.5,1,1.5,2
SADMM,AEJEA,1,3,6,6321.166667,6477,0,0,0,0,0
SADMM,AEKLF,1,5,6,7757.944444,8468,1,1,1,1,1
SADMM,BHBAH,1,3,6,6321.166667,6477,1,1,1,1,1
SADMM,INMUN,1,1,3,4464,4506,3,3,3,3,3
SADMM,IRBND,2,5,12,12804.33333,6655,1,2,1,2,3
SADMM,MYPKG,1,3,6,8397.166667,8600,9,9,9,9,9
SADMM,SAJUB,1,1,13,3585.538462,4953,2,2,2,2,2
SAJED,AEJEA,5,12,44,40488.28095,14000,5,6,6,6.2,7
SAJED,AEKLF,3,5,27,15622.27778,6919,4,5,5,4.666666667,5
SAJED,CNYTN,1,3,5,3284.4,3494,17,17,17,17,17
SAJED,DJJIB,1,1,2,1329.461538,2472,1,1,1,1,1
SAJED,EGDAM,1,7,9,6503.777778,6750,2,2,2,2,2
SAJED,EGPSD,3,8,24,14109.16667,5762,2,2,2,2.333333333,3
SAJED,EGSOK,3,9,12,10832.3,4824,1,1,1,1.666666667,3
SAJED,ESALG,1,3,9,6834.777778,6919,6,6,6,6,6
SAJED,GRPIR,1,3,10,6828.4,7024,4,4,4,4,4
SAJED,ITCAG,1,3,7,4257.714286,4268,5,5,5,5,5
SAJED,ITGIT,1,2,5,6636.8,6750,4,4,4,4,4
SAJED,ITGOA,1,2,11,4355,4500,5,5,5,5,5
SAJED,ITMDC,1,1,2,1329.461538,2472,6,6,6,6,6
SAJED,JOAQJ,2,5,15,7923.4,5100,2,2.5,2,2.5,3
SAJED,LKCMB,5,9,47,30963.79524,9200,6,8,8,7.4,8
SAJED,MAPTM,2,2,16,9355.333333,7455,7,7.5,7,7.5,8
SAJED,MTMAR,1,4,8,5719.25,5770,6,6,6,6,6
SAJED,MYPKG,2,6,20,17095.36364,11388,12,13,12,13,14
SAJED,MYTPP,1,2,2,1730,3460,10,10,10,10,10
SAJED,NLRTM,1,5,10,8926,9300,9,9,9,9,9
SAJED,OMSLL,3,4,25,24591.8,14000,3,3,3,3.333333333,4
SAJED,PKKHI,1,6,8,4238.5,4578,5,5,5,5,5
SAJED,SDPZU,2,3,4,2894.266667,3586,1,2,1,2,3
SAJED,SGSIN,4,14,37,26898.31111,8236,9,10,10,10.25,12
SAJUB,OMSLL,1,1,13,3585.538462,4953,5,5,5,5,5
SBHIR,CNSHA,1,2,2,580,1740,21,21,21,21,21
SCPOV,INMUN,1,2,4,1615.5,1638,5,5,5,5,5
SCPOV,KEMBA,1,2,3,1012.333333,2578,4,4,4,4,4
SCPOV,OMSLL,1,2,4,1713,1713,7,7,7,7,7
SDPZU,MYTPP,1,2,3,1761.666667,3586,16,16,16,16,16
SDPZU,OMSLL,1,1,2,2165.5,2308,2,2,2,2,2
SDPZU,YEHOD,1,1,1,1132.6,1618,1,1,1,1,1
SEGOT,DEBRV,1,1,11,14847.81818,15550,2,2,2,2,2
SGSIN,AEJEA,4,8,20,23449.33333,8600,7,7.5,7,7.5,8
SGSIN,AUBNE,3,10,13,8967.3,4578,8,9,8,9,10
SGSIN,AUFRE,4,18,20,13099.25,5087,6,6,6,6,6
SGSIN,BDCGP,4,9,5,3054.9375,1709,4,4,4,4.25,5
SGSIN,BEANR,1,1,10,11912.4,14000,19,19,19,19,19
SGSIN,BRRIO,1,5,11,4212.181818,4380,21,21,21,21,21
SGSIN,BRSSZ,4,11,46,20020.81142,7450,20,21,21,21,22
SGSIN,CNCWN,5,4,46,52084.74848,14000,2,4,4,3.8,5
SGSIN,CNDCB,2,9,15,13862.25,9012,3,3.5,3,3.5,4
SGSIN,CNFUG,1,3,6,7562.666667,8411,5,5,5,5,5
SGSIN,CNNGB,4,7,35,29998.45556,13880,5,5.5,5,5.5,6
SGSIN,CNNSA,1,1,10,8504.4,8950,3,3,3,3,3
SGSIN,CNSHA,6,14,48,26633.49747,6802,5,5.5,5,5.666666667,7
SGSIN,CNSHK,2,1,6,7408,4583,3,3,3,3,3
SGSIN,CNTAO,5,11,31,27690.83333,14000,6,7,7,8.6,15
SGSIN,CNTXG,1,5,6,2702.5,2878,7,7,7,7,7
SGSIN,CNXMN,1,2,5,4318.6,4824,4,4,4,4,4
SGSIN,CNYTN,2,12,19,17052.08889,13092,3,3.5,3,3.5,4
SGSIN,DEHAM,1,7,12,8770.916667,9012,20,20,20,20,20
SGSIN,EGPSD,4,7,33,24372.23611,8236,11,11,11,11.5,13
SGSIN,GBSOU,1,3,10,5687.8,6750,19,19,19,19,19
SGSIN,GRPIR,1,5,8,5250,5250,14,14,14,14,14
SGSIN,HKHKG,33,39,241,162069.4687,9300,3,4,3,3.818181818,6
SGSIN,IDJKT,10,16,36,17360.67143,3274,1,2,2,2,3
SGSIN,INCCU,3,10,6,2265.870833,1139,4,5,4,5,6
SGSIN,INMAA,1,4,4,2924,3500,4,4,4,4,4
SGSIN,INNSA,4,10,19,12426.65,4498,5,5.5,5,5.75,7
SGSIN,INPAV,2,5,9,3922.166667,2553,6,6,6,6,6
SGSIN,IRBND,1,1,13,3585.538462,4953,11,11,11,11,11
SGSIN,ITGIT,1,1,9,13600,14000,13,13,13,13,13
SGSIN,KRKAN,3,10,21,19388.1,9954,6,6,6,6.666666667,8
SGSIN,KRPUS,6,16,39,30590.12626,13092,5,6,6,6.166666667,7
SGSIN,LBBEY,1,1,8,11844.25,14000,12,12,12,12,12
SGSIN,LKCMB,8,13,53,34605.31709,9110,3,4,4,3.875,4
SGSIN,MUPLU,2,5,11,10046.46667,8411,8,8,8,8,8
SGSIN,MYPGU,1,2,4,1622.25,1748,1,1,1,1,1
SGSIN,MYPKG,38,38,188,115905.1139,8600,1,1,1,1.315789474,3
SGSIN,MYTPP,8,16,38,18629.49167,3494,0,0,0,0.125,1
SGSIN,NLRTM,4,13,39,34112.62222,13092,18,18,18,18.25,19
SGSIN,NZAKL,1,5,4,2715,2826,12,12,12,12,12
SGSIN,OMSLL,2,4,16,14632.16667,9200,7,7,7,7,7
SGSIN,PHDVO,1,1,7,1410.888889,1890,4,4,4,4,4
SGSIN,PHMNL,2,3,6,4236.5,2858,4,4,4,4,4
SGSIN,PKKHI,1,3,5,4286.2,4578,7,7,7,7,7
SGSIN,REPDG,1,1,7,1410.888889,1890,8,8,8,8,8
SGSIN,SAJED,3,11,20,16558.6,9300,9,11,9,11,13
SGSIN,THLCH,8,18,34,21577.1119,8440,1,3,3,3,4
SGSIN,TWKHH,7,15,45,30640.13056,8600,4,5,5,4.571428571,5
SGSIN,USNYC,2,6,18,11160.22222,6350,20,20.5,20,20.5,21
SGSIN,VNDAD,1,1,3,1118,1118,3,3,3,3,3
SGSIN,VNSGN,1,3,4,1689.5,1740,3,3,3,3,3
SGSIN,VNTCT,5,11,40,28649.51429,6500,1,2,2,2.2,4
SGSIN,ZADUR,2,5,17,5645.93007,4600,13,13,13,13,13
SIKOP,EGPSD,1,4,8,4339.625,4728,5,5,5,5,5
SIKOP,HRRJK,1,3,9,6560,6802,1,1,1,1,1
SIKOP,ITTRS,1,4,8,4339.625,4728,1,1,1,1,1
SLFNA,LRMLW,2,4,6,3085.5,1876,1,1,1,1,1
SNDKR,CIABJ,3,2,11,3499.618519,2226,3,4,3,4,5
SNDKR,ESAGP,1,2,3,1730,1732,4,4,4,4,4
SNDKR,ESALG,1,2,6,1199.666667,1572,6,6,6,6,6
SNDKR,ESLPA,1,1,6,2949.833333,3424,3,3,3,3,3
SNDKR,ESVLC,1,2,3,615.5333333,1875,8,8,8,8,8
SNDKR,FRDKK,1,2,5,2196.4,2226,6,6,6,6,6
SNDKR,GHTEM,1,1,6,2949.833333,3424,5,5,5,5,5
SNDKR,GMBJL,1,2,3,1305.5,1512,1,1,1,1,1
SNDKR,GNCKY,1,2,2,1506.3125,1901,1,1,1,1,1
SNDKR,NGTIN,2,5,14,4293.933333,2578,4,4.5,4,4.5,5
SRPBM,GYGEO,1,1,3,657,657,2,2,2,2,2
SRPBM,JMKIN,1,2,6,1104.666667,1118,5,5,5,5,5
SVAQJ,CRCAL,1,1,1,652,1304,1,1,1,1,1
SVAQJ,GTPRQ,2,4,5,3625.5,2556,1,1,1,1,1
SVAQJ,NICIO,2,2,7,3968.5,2556,0,0.5,0,0.5,1
SVLUN,CRCAL,1,3,3,1275.333333,1350,2,2,2,2,2
SXSXM,BBBGI,1,1,3,657,657,1,1,1,1,1
SXSXM,TTPOS,1,2,6,1678,1678,1,1,1,1,1
TGLFW,BJCOO,3,9,26,7256.436364,2664,1,2,1,3.333333333,7
TGLFW,GHTEM,3,9,28,7318.844697,3430,0,0,0,0.333333333,1
TGLFW,NGONN,1,2,4,2284.5,2478,2,2,2,2,2
TGLFW,NGTIN,1,1,5,2471.2,3005,2,2,2,2,2
THBKK,HKHKG,1,3,3,1560.666667,1585,4,4,4,4,4
THBKK,JPOSA,1,1,3,1050,1050,8,8,8,8,8
THBKK,THLCH,20,23,64,26505.75,1805,0,1,1,0.55,1
THLCH,CNSHK,3,7,13,11139.7619,8440,4,4,4,4,4
THLCH,HKHKG,12,16,42,21423.01667,5100,3,3.5,3,3.5,4
THLCH,IDJKT,1,4,4,1575.5,1795,2,2,2,2,2
THLCH,JPOSA,1,1,4,1132.75,1221,12,12,12,12,12
THLCH,PHMNL,4,7,11,5076,1708,3,4,4,3.75,4
THLCH,SGSIN,10,16,51,31100.86429,6500,2,3,3,2.7,3
THLCH,THBKK,14,18,45,19380.41667,1805,1,1,1,1.071428571,2
THLCH,TWKEL,1,2,6,1561.833333,1675,4,4,4,4,4
THLCH,TWKHH,1,2,2,2425,2778,4,4,4,4,4
THLCH,VNSGN,7,16,23,9474.5,1714,2,2,2,2.142857143,3
THLCH,VNTCT,2,5,10,8169.619048,6400,2,2.5,2,2.5,3
THSRI,IDJKT,1,1,2,605.15,1730,3,3,3,3,3
THSRI,SGSIN,1,1,2,605.15,1730,5,5,5,5,5
TRAMB,EGPSD,2,4,15,8558.666667,5762,3,3.5,3,3.5,4
TRAMB,ESBCN,1,2,4,3537,4743,4,4,4,4,4
TRAMB,GRPIR,1,1,8,11844.25,14000,2,2,2,2,2
TRAMB,ILHFA,1,5,10,4169.5,4255,6,6,6,6,6
TRAMB,ROCND,2,10,19,10685.875,6627,2,2,2,2,2
TRAMB,RUNVS,1,5,10,4169.5,4255,2,2,2,2,2
TRAMB,TRIZM,1,1,5,839.8444444,1155,1,1,1,1,1
TRAMB,UAODS,1,2,9,5044.333333,5762,2,2,2,2,2
TRGEM,TRAMB,2,6,15,5009.344444,4255,1,1,1,1,1
TRIZM,ITSAL,1,1,5,839.8444444,1155,2,2,2,2,2
TRIZT,TRAMB,1,4,11,6383,6627,1,1,1,1,1
TRMER,TRAMB,1,2,6,3514.333333,3604,4,4,4,4,4
TRMER,TRGEM,1,1,5,839.8444444,1155,2,2,2,2,2
TTPOS,BRSSZ,1,3,6,2786.5,2872,11,11,11,11,11
TTPOS,BRSUA,1,3,11,4196.272727,4380,6,6,6,6,6
TTPOS,CWWIL,1,4,8,1914,2122,4,4,4,4,4
TTPOS,GFDDC,1,2,6,1678,1678,2,2,2,2,2
TTPOS,GPPTP,2,1,2,0,0,1,1.5,1,1.5,2
TTPTS,HTPAP,1,2,6,1104.666667,1118,0,0,0,0,0
TTPTS,JMKIN,1,1,3,657,657,5,5,5,5,5
TTPTS,SRPBM,1,1,3,657,657,3,3,3,3,3
TTPTS,VEEGU,1,2,6,1104.666667,1118,3,3,3,3,3
TWKEL,CNNGB,1,3,9,2604.222222,2664,0,0,0,0,0
TWKEL,CNNSA,1,3,4,1803,2080,3,3,3,3,3
TWKEL,CNTAO,1,1,7,1231.111111,1728,2,2,2,2,2
TWKEL,CNYTN,1,4,6,5575.833333,5700,1,1,1,1,1
TWKEL,HKHKG,7,16,49,27780.25988,6627,1,2,2,1.571428571,2
TWKEL,JPHKT,2,4,7,2554.166667,1706,2,2,2,2,2
TWKEL,JPNAH,1,1,2,581,602,1,1,1,1,1
TWKEL,JPOSA,2,5,6,3073.25,1748,1,1.5,1,1.5,2
TWKEL,JPTYO,3,5,14,4278.583333,1805,3,3,3,3.333333333,4
TWKEL,KRICH,1,1,3,1368,1368,3,3,3,3,3
TWKEL,KRPUS,1,3,3,1560.666667,1585,2,2,2,2,2
TWKEL,PHMNL,2,2,6,3321.5,2858,2,2.5,2,2.5,3
TWKEL,PHSFS,1,3,1,1368,1368,1,1,1,1,1
TWKEL,TWKHH,8,10,29,16492.1,5512,1,1,1,1,1
TWKEL,TWTXG,13,8,41,21654.58333,2646,0,1,1,0.615384615,1
TWKEL,USLAX,1,4,5,5509.6,5512,11,11,11,11,11
TWKHH,AUMEL,3,11,17,12092.5,4589,10,12,12,11.33333333,12
TWKHH,CAVAN,1,5,7,7719.428571,8440,11,11,11,11,11
TWKHH,CNCWN,3,4,23,17641.68254,6900,1,1,1,1.666666667,3
TWKHH,CNDLC,1,3,4,1802.5,1805,4,4,4,4,4
TWKHH,CNFUG,1,3,6,8063,8063,2,2,2,2,2
TWKHH,CNNGB,2,6,21,11403.85455,7024,2,2,2,2,2
TWKHH,CNNSA,1,1,2,1391,1618,0,0,0,0,0
TWKHH,CNSHA,9,12,43,25075.36667,5500,1,2,2,2.333333333,4
TWKHH,CNSHK,7,16,48,32304.42381,6500,1,1,1,1.428571429,2
TWKHH,CNXMN,2,8,13,11426.52381,6350,1,1.5,1,1.5,2
TWKHH,CNYTN,9,19,69,40264.63175,8236,0,1,1,1.111111111,4
TWKHH,HKHKG,33,29,173,123354.5353,8600,1,1,1,1.121212121,2
TWKHH,JPNAH,1,1,3,990,1150,2,2,2,2,2
TWKHH,JPOSA,1,5,7,5502,5744,2,2,2,2,2
TWKHH,KRKAN,1,7,10,8383.8,8600,2,2,2,2,2
TWKHH,KRPUS,3,7,20,9219.352564,5100,2,2,2,2,2
TWKHH,MYPKG,1,5,7,5502,5744,5,5,5,5,5
TWKHH,MYTPP,2,1,4,3006,1524,5,5,5,5,5
TWKHH,PAMIT,1,3,9,4662.111111,5029,18,18,18,18,18
TWKHH,PAONX,1,1,8,4230,4363,19,19,19,19,19
TWKHH,PHCEB,2,3,2,2548,1510,2,2.5,2,2.5,3
TWKHH,PHMNL,3,4,6,5422,2778,2,2,2,2,2
TWKHH,PHSFS,1,3,1,2825,2825,1,1,1,1,1
TWKHH,SGSIN,2,4,9,5621.7,4498,4,4,4,4,4
TWKHH,TWKEL,6,11,19,12051.01667,5512,0,1,1,1,2
TWKHH,TWTPE,3,3,14,10710,6046,0,0,0,0.333333333,1
TWKHH,TWTXG,11,7,36,15906.33333,1805,0,0,0,0.454545455,1
TWKHH,USLAX,1,3,7,6410.857143,6500,12,12,12,12,12
TWKHH,USOAK,1,4,7,5706.857143,5888,13,13,13,13,13
TWKHH,USTIW,1,4,5,4035,4444,12,12,12,12,12
TWKHH,VNDAD,1,2,3,1504.666667,1706,2,2,2,2,2
TWKHH,VNHPH,4,7,4,3518,1038,2,3,3,2.75,3
TWKHH,VNSGN,1,1,3,1576.666667,1578,2,2,2,2,2
TWTPE,CNCWN,1,4,11,6383,6627,1,1,1,1,1
TWTPE,CNXMN,1,3,5,8073,8073,1,1,1,1,1
TWTPE,HKHKG,3,4,23,16023,7024,1,1,1,1.333333333,2
TWTPE,IDSUB,1,2,5,1618,1618,5,5,5,5,5
TWTPE,JPHKT,1,1,4,2282,2492,2,2,2,2,2
TWTPE,JPTYO,2,2,8,4107.5,2646,3,3,3,3,3
TWTPE,JPUKB,1,1,4,1088,1088,3,3,3,3,3
TWTPE,KRICH,1,2,4,2579,2824,1,1,1,1,1
TWTPE,TWKHH,3,1,10,5321.5,2492,1,1,1,1,1
TWTPE,TWTXG,2,2,7,3060.5,1740,1,1,1,1,1
TWTPE,USLAX,1,2,6,5849,6046,12,12,12,12,12
TWTXG,CNDLC,1,2,3,1725.333333,1970,3,3,3,3,3
TWTXG,HKHKG,6,6,19,9552.916667,2080,1,1.5,1,1.833333333,3
TWTXG,THLCH,1,1,2,1163,1164,5,5,5,5,5
TWTXG,TWKEL,6,7,20,9148.166667,2080,1,1,1,1,1
TWTXG,TWKHH,10,7,30,16522.66667,2646,1,1,1,1,1
TWTXG,TWTPE,6,3,22,9616.5,2646,0,0,0,0.166666667,1
TWTXG,VNSGN,1,3,3,1652.666667,1800,3,3,3,3,3
TZDAR,KEMBA,4,10,16,7580.928205,2556,0,0.5,0,2.25,8
TZDAR,LKCMB,2,2,6,1905.461538,2578,6,6,6,6,6
TZDAR,MYPGU,1,1,7,1410.888889,1890,10,10,10,10,10
TZDAR,MYPKG,1,5,5,1843.2,2135,15,15,15,15,15
TZDAR,MYTPP,1,2,7,2131.285714,2670,12,12,12,12,12
TZDAR,MZMNC,1,2,6,2215.833333,2272,4,4,4,4,4
TZDAR,PKKHI,1,2,2,683.7894737,1856,14,14,14,14,14
TZDAR,SGSIN,1,1,3,840.6222222,1932,18,18,18,18,18
TZDAR,TZZNZ,1,2,6,2215.833333,2272,0,0,0,0,0
TZTGT,KEMBA,1,1,2,995.1666667,1728,2,2,2,2,2
TZTGT,TZDAR,2,3,6,1852.955556,2578,1,1,1,1,1
TZZNZ,KMMUT,1,1,2,995.1666667,1728,4,4,4,4,4
TZZNZ,TZDAR,2,4,8,2899.622807,2272,1,1,1,1,1
UAILK,EGDAM,1,6,8,4302.875,4738,4,4,4,4,4
UAILK,ROCND,1,2,9,5044.333333,5762,1,1,1,1,1
UAILK,UAODS,1,4,11,6383,6627,0,0,0,0,0
UAODS,EGDAM,1,4,11,6383,6627,7,7,7,7,7
UAODS,UAILK,1,2,9,5044.333333,5762,1,1,1,1,1
USBAL,PAONX,1,1,8,4230,4363,5,5,5,5,5
USBAL,USCHS,1,5,6,3006.333333,3534,2,2,2,2,2
USBAL,USNYC,2,2,13,8448.4,4504,0,0,0,0,0
USBAL,USORF,4,3,24,19574.11667,9200,1,1,1,1,1
USBAL,USSAV,1,4,8,4568,5059,2,2,2,2,2
USBOS,CAHAL,1,1,1,191.6923077,712,4,4,4,4,4
USBOS,CANWP,1,1,1,174.5,698,3,3,3,3,3
USBOS,CNTAO,1,4,9,4373.888889,5089,29,29,29,29,29
USBOS,SGSIN,1,5,9,5386.222222,5744,24,24,24,24,24
USBOS,USNYC,1,1,5,4218.4,4504,2,2,2,2,2
USBOS,USPHL,1,1,5,4823.8,5060,2,2,2,2,2
USCHS,BEANR,2,7,11,9194.607143,6750,10,10.5,10,10.5,11
USCHS,BSFPO,2,3,14,10531.91667,9200,1,1,1,1,1
USCHS,EGPSD,1,6,8,4238.5,4578,15,15,15,15,15
USCHS,ESVLC,1,1,5,4218.4,4504,9,9,9,9,9
USCHS,FRLEH,1,3,6,3077.5,3607,11,11,11,11,11
USCHS,JMKIN,1,5,9,4836.333333,4922,2,2,2,2,2
USCHS,NLRTM,1,7,4,4612.75,5042,10,10,10,10,10
USCHS,PAMIT,1,3,13,4762.769231,5100,3,3,3,3,3
USCHS,USILM,1,4,8,4443.625,5500,1,1,1,1,1
USCHS,USJAX,1,4,6,4334.666667,4600,1,1,1,1,1
USCHS,USMIA,3,7,20,11323.23333,5762,1,2,2,1.666666667,2
USCHS,USNYC,2,7,24,9783.86014,5100,1,1.5,1,1.5,2
USCHS,USORF,3,7,24,13103.85714,5059,1,1,1,1.333333333,2
USCHS,USPEF,1,5,6,3006.333333,3534,2,2,2,2,2
USCHS,USSAV,6,8,46,27955.20098,6750,0,0,0,0.5,2
USCHT,USILM,1,1,4,2106.5,2800,2,2,2,2,2
USDUT,JPYOK,1,4,5,4228.4,4814,7,7,7,7,7
USFEB,USMIA,1,1,1,712,712,1,1,1,1,1
USFRP,USMSY,1,1,4,1583.75,1713,2,2,2,2,2
USGPT,GTPBR,1,1,1,890,890,2,2,2,2,2
USGPT,GTSTC,2,1,2,1944,972,3,3,3,3,3
USHNL,GUGUM,1,1,5,2715.8,2890,9,9,9,9,9
USHNL,USLAX,1,1,2,2412.5,2653,10,10,10,10,10
USHNL,USOAK,2,8,4,3806.24,3027,4,5.5,4,5.5,7
USHNL,USPDX,1,1,2,2331,3027,4,4,4,4,4
USHOU,COCTG,1,3,6,3555.833333,3739,3,3,3,3,3
USHOU,CRLIO,1,1,3,1063,1118,4,4,4,4,4
USHOU,GTSTC,1,1,1,1118,1118,3,3,3,3,3
USHOU,JMKIN,1,1,7,2109.857143,3007,4,4,4,4,4
USHOU,MXATM,3,4,10,7777.333333,3398,1,1,1,1.333333333,2
USHOU,USFRP,1,1,4,1583.75,1713,1,1,1,1,1
USHOU,USMIA,2,6,11,7243.166667,4082,2,2.5,2,2.5,3
USHOU,USMOB,1,4,11,5021.090909,5095,1,1,1,1,1
USHOU,USMSY,6,11,39,25327.38095,6750,1,2,2,1.833333333,2
USHOU,USORF,1,2,10,4639,5100,4,4,4,4,4
USHOU,USSAV,1,4,5,3207.4,3237,3,3,3,3,3
USILG,COSMR,1,1,2,2046,2046,3,3,3,3,3
USILG,GTPBR,1,1,2,2240.5,2474,5,5,5,5,5
USILM,BEANR,1,1,4,2106.5,2800,11,11,11,11,11
USILM,HKHKG,1,4,8,4443.625,5500,26,26,26,26,26
USILM,USORF,1,2,2,1118,1118,1,1,1,1,1
USILM,USSAV,1,4,8,4024,4024,1,1,1,1,1
USJAX,BSFPO,1,1,7,3842.285714,4425,2,2,2,2,2
USJAX,USMIA,1,3,9,4662.111111,5029,1,1,1,1,1
USJAX,USPEF,3,7,14,7111.833333,4600,1,1,1,1.333333333,2
USJAX,USSAV,3,11,33,15557.86014,6350,0,1,1,0.666666667,1
USLAX,CNNGB,1,2,14,9556.428571,9700,14,14,14,14,14
USLAX,JPYOK,1,4,7,5706.857143,5888,12,12,12,12,12
USLAX,MXLZC,1,1,4,2507.5,2556,4,4,4,4,4
USLAX,MXZLO,3,5,16,8668.190476,5888,3,3,3,3.333333333,4
USLAX,TWKHH,2,4,16,11456.38095,6900,15,15.5,15,15.5,16
USLAX,USHNL,2,2,4,5439.5,3027,4,4,4,4,4
USLAX,USOAK,21,19,140,112661.3216,8819,1,1,1,1.095238095,2
USLGB,AUMEL,1,1,7,1231.111111,1728,18,18,18,18,18
USLGB,CNFOC,1,4,5,4344.4,5089,16,16,16,16,16
USLGB,CNYTN,1,1,5,2772.6,2825,17,17,17,17,17
USLGB,MXLZC,1,3,10,1783.3,1970,5,5,5,5,5
USLGB,NZAKL,2,7,7,3375.04,2824,14,14,14,14,14
USLGB,NZTRG,1,5,4,1264,2572,15,15,15,15,15
USLGB,PABLB,1,1,8,4878.25,5301,7,7,7,7,7
USLGB,TWKHH,1,3,6,8063,8063,16,16,16,16,16
USLGB,USHNL,1,1,5,2715.8,2890,7,7,7,7,7
USLGB,USOAK,12,16,71,58863.58333,10100,1,1,1,1.416666667,3
USLGB,VNTCT,1,2,5,8287,8495,17,17,17,17,17
USMIA,AGSJO,1,1,3,657,657,4,4,4,4,4
USMIA,CNSHA,1,2,9,4215.111111,4363,24,24,24,24,24
USMIA,COBAQ,1,1,1,712,712,4,4,4,4,4
USMIA,DOCAU,1,4,6,1649.833333,1730,4,4,4,4,4
USMIA,FRLEH,1,3,6,3161.166667,3426,13,13,13,13,13
USMIA,GTSTC,2,3,3,2090,1118,3,3,3,3,3
USMIA,HNPCR,3,2,3,2528,972,2,3,3,2.666666667,3
USMIA,MXVER,1,3,6,3161.166667,3426,3,3,3,3,3
USMIA,PABLB,1,1,9,4954.666667,5762,5,5,5,5,5
USMIA,PAMIT,3,8,22,10743.94444,5029,2,3,3,2.666666667,3
USMIA,USHOU,1,4,5,3207.4,3237,3,3,3,3,3
USMIA,USJAX,2,7,24,9783.86014,5100,1,1.5,1,1.5,2
USMIA,USNYC,1,1,4,1710.5,1713,3,3,3,3,3
USMIA,USORF,1,4,5,4082,4082,2,2,2,2,2
USMIA,USSAV,2,2,11,6072.666667,5762,1,1.5,1,1.5,2
USMOB,MXPGO,1,1,4,1583.75,1713,2,2,2,2,2
USMOB,USHOU,2,5,12,6191.857143,4082,2,2.5,2,2.5,3
USMOB,USMIA,1,4,11,5021.090909,5095,2,2,2,2,2
USMOB,USMSY,1,1,3,3057.333333,3398,1,1,1,1,1
USMSY,BSFPO,2,1,13,10975.52381,6750,2,2,2,2,2
USMSY,DOCAU,2,5,13,8000.357143,5762,3,3.5,3,3.5,4
USMSY,GTSTC,1,1,1,907,907,3,3,3,3,3
USMSY,USCHS,1,3,6,3077.5,3607,4,4,4,4,4
USMSY,USHOU,2,3,7,5573.333333,3398,2,2.5,2,2.5,3
USMSY,USMOB,1,1,4,1583.75,1713,1,1,1,1,1
USMSY,USPEF,1,7,7,3274,3606,3,3,3,3,3
USNYC,AEJEA,1,2,7,4308.857143,4338,18,18,18,18,18
USNYC,BEANR,1,3,13,4762.769231,5100,8,8,8,8,8
USNYC,CAHAL,3,5,34,15334.64286,5888,2,2,2,2.333333333,3
USNYC,DEBRV,1,1,5,4823.8,5060,10,10,10,10,10
USNYC,DEHAM,1,6,3,2794.666667,2890,9,9,9,9,9
USNYC,MAPTM,1,4,11,5021.090909,5095,9,9,9,9,9
USNYC,PAONX,1,1,9,4227,4229,4,4,4,4,4
USNYC,USBAL,6,10,41,26554.65,9200,1,1,1,1.666666667,4
USNYC,USBOS,2,5,14,9197.688889,5089,1,1.5,1,1.5,2
USNYC,USCHS,4,9,28,16930.03175,5020,2,2,2,2.25,3
USNYC,USILM,1,4,8,4024,4024,2,2,2,2,2
USNYC,USORF,15,24,132,66044.88987,9200,0,1,1,1.2,3
USNYC,USPHL,2,5,10,6045.166667,4600,1,1,1,1,1
USNYC,USSAV,5,13,38,17428.46667,5888,1,2,2,1.8,2
USOAK,CAVAN,2,2,14,6378.583333,5301,2,3,2,3,4
USOAK,CNFUG,1,4,5,9523,10100,18,18,18,18,18
USOAK,CNSHA,1,4,5,5516.8,5548,16,16,16,16,16
USOAK,CNTAO,2,5,10,11492,8530,13,14.5,13,14.5,16
USOAK,CNTXG,2,9,12,13614.83333,8819,19,19.5,19,19.5,20
USOAK,GUGUM,1,1,5,2824,2824,11,11,11,11,11
USOAK,HKHKG,1,3,7,6314.285714,6400,17,17,17,17,17
USOAK,JPTYO,6,12,46,28038.20256,5744,11,12,12,12.16666667,13
USOAK,JPYOK,3,7,25,13990.47619,4890,10,12,10,11.66666667,13
USOAK,KRPUS,4,12,20,20261.8,6800,11,13,13,12.5,13
USOAK,PABLB,1,3,14,4699.642857,4890,8,8,8,8,8
USOAK,PFPPT,1,3,2,566.0666667,1304,10,10,10,10,10
USOAK,RUVYP,1,2,10,4945.2,5040,13,13,13,13,13
USOAK,TWKEL,1,4,5,5509.6,5512,13,13,13,13,13
USOAK,TWKHH,2,7,13,14598.85714,8411,15,16,15,16,17
USOAK,TWTPE,1,3,5,8073,8073,20,20,20,20,20
USOAK,USDUT,1,4,5,4228.4,4814,5,5,5,5,5
USOAK,USHNL,1,1,2,2331,3027,4,4,4,4,4
USOAK,USLAX,3,5,15,10234.19048,5888,2,2,2,2,2
USOAK,USLGB,4,9,25,10036.59,5301,1,1.5,1,1.5,2
USOAK,USSEA,3,10,20,11064.8,8580,2,2,2,2.333333333,3
USOAK,USTIW,1,2,6,5849,6046,2,2,2,2,2
USORF,AEJEA,1,4,9,4696.888889,5020,19,19,19,19,19
USORF,BEANR,1,4,5,3207.4,3237,9,9,9,9,9
USORF,ESALG,1,2,10,4639,5100,9,9,9,9,9
USORF,NLRTM,1,4,5,4082,4082,8,8,8,8,8
USORF,USBOS,2,6,10,5577.91453,5744,2,2.5,2,2.5,3
USORF,USCHS,6,20,41,27083.85256,9200,1,1,1,1.333333333,2
USORF,USJAX,1,5,9,5774,6350,1,1,1,1,1
USORF,USMIA,1,2,2,1118,1118,2,2,2,2,2
USORF,USNYC,8,14,68,34340.82222,5888,1,1,1,1.375,2
USORF,USSAV,11,20,98,46885.79841,9200,1,1,1,1.454545455,2
USPAE,USSEA,1,1,3,1167.923077,2169,0,0,0,0,0
USPDX,CAVAN,1,4,5,5454.8,5744,1,1,1,1,1
USPDX,USOAK,1,1,6,1500.333333,2500,2,2,2,2,2
USPDX,USSEA,1,1,2,2331,3027,2,2,2,2,2
USPEF,AWORJ,1,3,2,1672.5,1795,4,4,4,4,4
USPEF,BRMAO,1,1,2,485.75,1102,8,8,8,8,8
USPEF,BRSUA,1,4,6,4334.666667,4600,9,9,9,9,9
USPEF,COCTG,1,5,6,3006.333333,3534,4,4,4,4,4
USPEF,CRLIO,2,2,5,2116,1118,3,3.5,3,3.5,4
USPEF,CUHAV,1,1,1,0,0,1,1,1,1,1
USPEF,GTSTC,1,1,1,972,972,2,2,2,2,2
USPEF,HNPCR,1,1,1,584,584,3,3,3,3,3
USPEF,ITCAG,1,7,7,3274,3606,15,15,15,15,15
USPEF,JMKIN,1,2,6,1104.666667,1118,2,2,2,2,2
USPEF,MXVER,2,8,13,7896.666667,5060,2,3,2,3,4
USPEF,USILG,1,1,2,2046,2046,2,2,2,2,2
USPEF,USNYC,1,5,6,3006.333333,3534,2,2,2,2,2
USPHL,GBTIL,1,3,6,1199.333333,2556,8,8,8,8,8
USPHL,USBAL,1,1,5,4823.8,5060,1,1,1,1,1
USPHL,USNYC,1,1,7,3842.285714,4425,1,1,1,1,1
USPHL,USORF,1,4,6,4334.666667,4600,1,1,1,1,1
USPHL,USSAV,2,4,14,4981.8,3752,2,2.5,2,2.5,3
USSAN,ECGYE,1,1,3,1269,2007,7,7,7,7,7
USSAV,BSFPO,2,4,15,10920.85714,6750,1,1.5,1,1.5,2
USSAV,COCTG,1,4,10,3271.3,3752,5,5,5,5,5
USSAV,ESALG,2,7,15,6644.833333,4024,9,10.5,9,10.5,12
USSAV,JMKIN,2,7,12,5449.833333,4253,2,2.5,2,2.5,3
USSAV,KRPUS,2,7,17,8926.888889,4922,26,26,26,26,26
USSAV,MYTPP,1,3,15,8093.133333,9200,28,28,28,28,28
USSAV,PAMIT,1,3,14,4699.642857,4890,3,3,3,3,3
USSAV,SGSIN,1,5,9,5774,6350,25,25,25,25,25
USSAV,TRMER,1,1,5,839.8444444,1155,16,16,16,16,16
USSAV,USCHS,8,18,70,38828.24228,6750,1,1,1,1,1
USSAV,USHOU,1,2,10,4639,5100,3,3,3,3,3
USSAV,USILM,1,2,2,1118,1118,1,1,1,1,1
USSAV,USJAX,2,4,16,8504.396825,5029,1,1,1,1,1
USSAV,USMIA,4,9,28,11946.77778,4892,1,1.5,1,1.5,2
USSAV,USMOB,1,4,5,4082,4082,3,3,3,3,3
USSAV,USNYC,2,3,18,9175.2,5040,1,2,1,2,3
USSAV,USORF,5,11,47,22667.62063,5888,1,1,1,1.2,2
USSAV,USPEF,2,8,9,3759.75,3606,2,2,2,2,2
USSAV,USPHL,1,3,6,1199.333333,2556,2,2,2,2,2
USSEA,CAVAN,10,21,67,51429.67546,9200,0,0,0,0.8,4
USSEA,JPTMK,1,1,3,1167.923077,2169,12,12,12,12,12
USSEA,JPYOK,1,4,5,7663,8495,10,10,10,10,10
USSEA,KRPUS,2,9,13,15736.92857,8580,13,13.5,13,13.5,14
USSEA,USOAK,3,5,24,11908.89286,5301,2,2,2,2.333333333,3
USSEA,USPDX,1,4,5,5454.8,5744,1,1,1,1,1
USSEA,USTIW,1,3,5,6522.6,6800,0,0,0,0,0
USTIW,CAVAN,3,7,25,15303.80952,6350,0,1,1,0.666666667,1
USTIW,TWKHH,1,2,6,5849,6046,15,15,15,15,15
USTIW,USSEA,1,3,5,6522.6,6800,1,1,1,1,1
USTPA,JMKIN,1,1,1,0,0,3,3,3,3,3
USTPA,USMOB,1,1,7,2109.857143,3007,2,2,2,2,2
UYMVD,ARBUE,2,6,21,9195.672727,6589,1,1.5,1,1.5,2
UYMVD,BRITJ,1,8,7,4240,4367,2,2,2,2,2
UYMVD,BRNVT,1,4,11,4320.090909,4520,2,2,2,2,2
UYMVD,BRPNG,1,7,13,4931.153846,5605,3,3,3,3,3
UYMVD,BRRIG,6,13,56,31658.77706,7450,1,1,1,1.333333333,2
UYMVD,BRSSZ,1,2,7,3084.285714,3100,3,3,3,3,3
VCKTN,TTPTS,1,2,6,1104.666667,1118,0,0,0,0,0
VEEGU,SRPBM,1,2,6,1104.666667,1118,0,0,0,0,0
VELAG,JMKIN,1,2,4,2516,2524,3,3,3,3,3
VELAG,PAMIT,2,4,12,2961.5,2078,1,2,1,2,3
VELAG,USJAX,1,3,2,1672.5,1795,4,4,4,4,4
VELAG,VEPBL,2,4,9,3782.357143,3007,0,0.5,0,0.5,1
VEMAR,AWORJ,1,1,3,1006,1104,2,2,2,2,2
VEPBL,BRVIX,1,1,6,2593.5,3007,4,4,4,4,4
VEPBL,CNCWN,1,4,11,4575.454545,5100,34,34,34,34,34
VEPBL,JMKIN,1,1,7,2109.857143,3007,3,3,3,3,3
VEPBL,VELAG,2,5,6,4188.5,2524,1,1,1,1,1
VEPSU,BRMAO,1,2,4,1518.5,1647,6,6,6,6,6
VEPSU,DOCAU,1,4,6,1649.833333,1730,1,1,1,1,1
VNDAD,VNHPH,1,1,3,1118,1118,2,2,2,2,2
VNDAD,VNSGN,2,4,6,3130,1800,1,1,1,1,1
VNHPH,CNFAN,1,2,1,750,750,1,1,1,1,1
VNHPH,CNSHA,1,2,2,981,1085,4,4,4,4,4
VNHPH,CNSHK,3,4,6,2878,1118,1,2,2,1.666666667,2
VNHPH,CNZHA,2,4,6,2075.666667,1164,1,1,1,1,1
VNHPH,HKHKG,6,6,12,4655.5,1118,1,2,2,2.166666667,4
VNHPH,TWKHH,5,7,6,5028,1524,1,2,2,2.4,4
VNSGN,CNNGB,1,2,3,1077.333333,1216,6,6,6,6,6
VNSGN,CNSHK,2,5,7,3152.166667,1795,3,3,3,3,3
VNSGN,HKHKG,8,15,26,12428.83333,1970,2,3,3,3,4
VNSGN,JPNGO,1,3,3,1097.333333,1228,6,6,6,6,6
VNSGN,JPTYO,1,3,3,1708,1708,6,6,6,6,6
VNSGN,JPUKB,1,2,3,1194,1228,6,6,6,6,6
VNSGN,KHKOS,1,2,4,1651.25,1714,2,2,2,2,2
VNSGN,KRICH,1,3,4,1689.5,1740,5,5,5,5,5
VNSGN,KRPUS,1,4,3,1456.333333,1708,5,5,5,5,5
VNSGN,SGSIN,3,7,10,4428.166667,1740,2,2,2,2.333333333,3
VNSGN,THBKK,6,11,19,7543.666667,1740,1,2,2,2.166666667,3
VNSGN,THLCH,3,10,11,4581.166667,1795,2,2,2,2.333333333,3
VNSGN,TWKHH,3,5,9,4525.333333,1800,3,3,3,3,3
VNTCT,CNNSA,3,5,22,19698.7619,9700,1,2,1,2,3
VNTCT,CNSHK,1,5,9,5774,6350,2,2,2,2,2
VNTCT,CNYTN,2,8,14,10774.85714,5928,2,2.5,2,2.5,3
VNTCT,HKHKG,1,3,7,6314.285714,6400,3,3,3,3,3
VNTCT,MYPKG,2,6,22,14142.72727,11388,1,1.5,1,1.5,2
VNTCT,SGSIN,3,12,29,17794.22222,6750,1,1,1,1.333333333,2
VNTCT,THLCH,1,3,10,5689.8,5888,3,3,3,3,3
VNTCT,TWKHH,1,3,7,6410.857143,6500,3,3,3,3,3
WSAPW,ASPPG,1,3,2,566.0666667,1304,0,0,0,0,0
YEHOD,SAJED,1,1,1,1132.6,1618,5,5,5,5,5
ZACPT,CGPNR,1,1,6,1363.384615,2758,6,6,6,6,6
ZACPT,ESLPA,2,7,14,10857.71429,9200,11,11,11,11,11
ZACPT,MUPLU,1,2,8,6774.25,8488,9,9,9,9,9
ZACPT,MYPKG,1,3,7,4222.428571,4380,14,14,14,14,14
ZACPT,SGSIN,1,2,8,3024.125,3494,15,15,15,15,15
ZACPT,SNDKR,1,2,6,1199.666667,1572,12,12,12,12,12
ZACPT,USNYC,1,3,8,2239.75,3044,18,18,18,18,18
ZACPT,ZADUR,1,2,10,2032.2,2578,3,3,3,3,3
ZACPT,ZAPLZ,1,4,7,4527,4922,3,3,3,3,3
ZACPT,ZAZBA,2,10,20,11261.86813,9200,2,2,2,2,2
ZADUR,AEJEA,2,4,14,5537.333333,3045,13,16,13,16,19
ZADUR,BRSUA,1,4,11,4282.545455,4600,10,10,10,10,10
ZADUR,CNTXG,1,1,6,1363.384615,2758,22,22,22,22,22
ZADUR,GHTEM,3,7,25,5087.50303,2702,6,11,6,9.666666667,12
ZADUR,HKHKG,1,4,11,4282.545455,4600,17,17,17,17,17
ZADUR,INNSA,1,2,6,951.7666667,1597,10,10,10,10,10
ZADUR,MYPKG,3,9,32,10279.10909,6589,10,11,10,11.33333333,13
ZADUR,MZMPM,1,2,5,2483.8,2546,1,1,1,1,1
ZADUR,SGSIN,1,2,10,2501.4,2572,14,14,14,14,14
ZADUR,ZACPT,6,11,42,16576.35485,4922,2,3,3,3.5,5
ZADUR,ZAPLZ,3,5,20,16572.25,8488,1,1,1,1.333333333,2
ZADUR,ZAZBA,1,3,7,6330.714286,9200,1,1,1,1,1
ZAPLZ,MUPLU,1,3,6,7562.666667,8411,2,2,2,2,2
ZAPLZ,OMSLL,1,2,6,2235.333333,2240,12,12,12,12,12
ZAPLZ,ZACPT,1,2,8,6774.25,8488,1,1,1,1,1
ZAPLZ,ZADUR,3,7,26,11049.29545,4922,1,1,1,1.333333333,2
ZAZBA,SGSIN,1,7,13,4931.153846,5605,18,18,18,18,18
ZAZBA,ZACPT,1,3,7,6330.714286,9200,3,3,3,3,3
ZAZBA,ZADUR,1,3,7,6330.714286,9200,2,2,2,2,2
