period,origin,namea,destination,nameb,connections,distinct_services,companies,num_companies,num_vessels,weekly_teu,weekly_rplugs,min_vessel,max_vessel,min_days,median_days,max_days,available_transit_times
2012-06-24,AEAUH,"Abu Dhabi",AEFJR,Fujairah,1,1,APL,1,4,3581.25,250,3500,3821,2,2,2,{2}
2012-06-24,AEAUH,"Abu Dhabi",AEJEA,"Dubai, Jebel Ali",1,1,APL,1,4,3581.25,250,3500,3821,1,1,1,{1}
2012-06-24,AEFJR,Fujairah,AEAUH,"Abu Dhabi",1,1,APL,1,4,3581.25,250,3500,3821,5,5,5,{5}
2012-06-24,AEJEA,"Dubai, Jebel Ali",AEAUH,"Abu Dhabi",1,1,APL,1,4,3581.25,250,3500,3821,1,1,1,{1}
2012-06-24,AEJEA,"Dubai, Jebel Ali",AEKLF,"Khor Fakkan",3,3,"CMA CGM; CSAV Norasia; Delmas; Emirates Shipping; Hanjin Shipping; KMTC; UASC",7,14,12124.6,1444.65714285714,1552,6919,0,2,2,"{2,0,2}"
2012-06-24,AEJEA,"Dubai, Jebel Ali",CNNGB,Ningbo,1,1,"ANL; CMA CGM; CSCL; Delmas; FESCO; MSC; UASC",7,11,12899.2727272727,836.363636363636,11388,13880,17,17,17,{17}
2012-06-24,AEJEA,"Dubai, Jebel Ali",CNNSA,Nansha,1,1,"Maersk Line; MCC",2,12,8474.75,709.166666666667,8004,8950,15,15,15,{15}
2012-06-24,AEJEA,"Dubai, Jebel Ali",DJJIB,Djibouti,1,1,"Maersk Line; Safmarine",2,5,2280.8,344,2226,2472,4,4,4,{4}
2012-06-24,AEJEA,"Dubai, Jebel Ali",INMUN,Mundra,1,1,APL,1,4,3581.25,250,3500,3821,5,5,5,{5}
2012-06-24,AEJEA,"Dubai, Jebel Ali",INNSA,"Mumbai (Nhava Sheva)",2,2,"Maersk Line; Safmarine; UASC",3,18,11112.8961038961,1631.77922077922,4132,6802,3,3.5,4,"{3,4}"
2012-06-24,AEJEA,"Dubai, Jebel Ali",INPAV,Pipavav,1,1,"Maersk Line; Safmarine",2,6,3574.33333333333,253.333333333333,3426,3604,5,5,5,{5}
2012-06-24,AEJEA,"Dubai, Jebel Ali",IRBND,"Bandar Abbas",5,5,"CSCL; Emirates Shipping; Evergreen Line; Hyundai; K Line; MCC; MOL; NYK; PIL; PO Shipping; TS Lines; Wan Hai; Yang Ming",13,30,24781.3333333333,2288.66666666667,2546,6800,0,1,1,"{1,0,1,1,1}"
2012-06-24,AEJEA,"Dubai, Jebel Ali",LKCMB,Colombo,1,1,"Maersk Line; Safmarine",2,10,4657.4,441.4,4154,5100,5,5,5,{5}
2012-06-24,AEJEA,"Dubai, Jebel Ali",MYPKG,"Port Klang",1,1,"ANL; CMA CGM; COSCO; CSCL; Hyundai; UASC",6,7,12818,957.142857142857,9580,14074,10,10,10,{10}
2012-06-24,AEJEA,"Dubai, Jebel Ali",NAWVB,"Walvis Bay",1,1,"CMA CGM; Delmas",2,10,1620.8,246.6,1638,2496,17,17,17,{17}
2012-06-24,AEJEA,"Dubai, Jebel Ali",OMSLL,Salalah,4,4,"CSAV; Maersk Line; MSC; Safmarine",4,21,12889.8833333333,1404.26666666667,2474,3660,3,3,4,"{3,3,3,4}"
2012-06-24,AEJEA,"Dubai, Jebel Ali",OMSOH,Sohar,1,1,"APL; Hamburg Sud; Hyundai; MOL",4,10,5458.2,479.6,4250,6350,1,1,1,{1}
2012-06-24,AEJEA,"Dubai, Jebel Ali",PKKHI,Karachi,5,5,"Alianca; ANL; CMA CGM; COSCO; Delmas; Evergreen Line; Hamburg Sud; Hanjin Shipping; Hapag-Lloyd; K Line; Maersk Line; OOCL; Safmarine; Simatech; UASC; Yang Ming",16,37,23647.1928571429,2617.8,3400,5905,2,2,2,"{2,2,2,2,2}"
2012-06-24,AEJEA,"Dubai, Jebel Ali",SADMM,Dammam,3,3,"APL; CMA CGM; COSCO; CSAV Norasia; Emirates Shipping; Hanjin Shipping; Hapag-Lloyd; Hyundai; Maersk Line; MOL; NYK; OOCL",12,24,21699.6601731602,1704.96536796537,6000,8600,0,1,1,"{1,1,0}"
2012-06-24,AEJEA,"Dubai, Jebel Ali",SGSIN,Singapore,4,4,"APL; CMA CGM; Hanjin Shipping; Hapag-Lloyd; Hyundai; MOL; MSC; NYK; OOCL",9,43,39797.1616161616,2951.47474747475,4340,14000,9,10,13,"{9,13,9,11}"
2012-06-24,AEJEA,"Dubai, Jebel Ali",TZTGT,Tanga,1,1,"UAFL-United Africa Feeder Line",1,2,3127.42857142857,252.571428571429,1684,1684,7,7,7,{7}
2012-06-24,AEJEA,"Dubai, Jebel Ali",ZADUR,Durban,1,1,"Gold Star Line; PIL",2,6,1926.57142857143,280.238095238095,1075,1597,12,12,12,{12}
2012-06-24,AEKLF,"Khor Fakkan",AEJEA,"Dubai, Jebel Ali",5,5,"ANL; CMA CGM; COSCO; CSCL; Delmas; FESCO; Hanjin Shipping; Hyundai; K Line; MSC; OOCL; UASC; Yang Ming",13,46,37023.3227272727,2931.90649350649,1638,14074,1,1,3,"{1,3,1,1,1}"
2012-06-24,AEKLF,"Khor Fakkan",IRBND,"Bandar Abbas",1,1,"CSAV Norasia; Hanjin Shipping; KMTC; UASC",4,6,6661,581,6541,6919,2,2,2,{2}
2012-06-24,AEKLF,"Khor Fakkan",KEMBA,Mombasa,1,1,"CMA CGM; Delmas; Emirates Shipping",3,5,2947.88571428571,435.085714285714,2200,2578,11,11,11,{11}
2012-06-24,AEKLF,"Khor Fakkan",MYPKG,"Port Klang",2,2,"ANL; CMA CGM; CSCL; Delmas; Hanjin Shipping; Maersk Line; MCC; Safmarine; UASC; Yang Ming",10,21,17849.1,977.472727272727,6919,13092,8,8.5,9,"{9,8}"
2012-06-24,AEKLF,"Khor Fakkan",REPDG,"Reunion Island",1,1,"CMA CGM; Delmas",2,5,1620,200,1608,1638,9,9,9,{9}
2012-06-24,AEKLF,"Khor Fakkan",TZDAR,"Dar es Salaam",1,1,"CMA CGM; Delmas; Emirates Shipping",3,3,2515.71428571429,428.571428571429,1552,1875,13,13,13,{13}
2012-06-24,AESHJ,Sharjah,AEJEA,"Dubai, Jebel Ali",1,1,"Maersk Line; Safmarine",2,5,2518.8,321.6,2474,2572,2,2,2,{2}
2012-06-24,AGSJO,"St John's, Antigua",BBBGI,Bridgetown,1,1,"Seaboard Marine",1,3,657,116,657,657,1,1,1,{1}
2012-06-24,AGSJO,"St John's, Antigua",USPAB,"Palm Beach FL",1,1,"Tropical Shipping",1,2,850,187,850,850,5,5,5,{5}
2012-06-24,AIAXA,Anguilla,BBBGI,Bridgetown,1,1,"Tropical Shipping",1,2,850,187,850,850,0,0,0,{0}
2012-06-24,AOLAD,Luanda,AOLOB,Lobito,2,2,"CMA CGM; Delmas; NileDutch",3,10,5916.57142857143,982.028571428571,1709,2600,1,4,7,"{7,1}"
2012-06-24,AOLAD,Luanda,ARBUE,"Buenos Aires",1,1,"Delmas; NileDutch",2,4,2545,391.428571428571,1740,1906,15,15,15,{15}
2012-06-24,AOLAD,Luanda,CGPNR,"Pointe Noire",1,1,"CMA CGM; Delmas",2,10,1620.8,246.6,1638,2496,4,4,4,{4}
2012-06-24,AOLAD,Luanda,NAWVB,"Walvis Bay",2,1,"Maersk Line; Safmarine",2,16,5815,675,1169,1740,7,8,9,"{9,7}"
2012-06-24,AOLAD,Luanda,NGTIN,"Lagos, Tin Can",2,1,"Maersk Line; Safmarine",2,16,5815,675,1169,1740,5,5,5,"{5,5}"
2012-06-24,AOLAD,Luanda,ZACPT,"Cape Town",1,1,"CMA CGM; Delmas",2,10,2305.3,408.7,2080,2758,5,5,5,{5}
2012-06-24,AOLAD,Luanda,ZADUR,Durban,1,1,NileDutch,1,7,4984.40816326531,812.326530612245,2478,3405,17,17,17,{17}
2012-06-24,AOLOB,Lobito,AOMSZ,Namibe,1,1,"CMA CGM; Delmas",2,5,1979.2,340.571428571429,1709,1740,1,1,1,{1}
2012-06-24,AOLOB,Lobito,BEANR,Antwerp,1,1,NileDutch,1,5,3937.37142857143,641.457142857143,2452,2600,25,25,25,{25}
2012-06-24,AOMSZ,Namibe,PTLIS,Lisbon,1,1,"CMA CGM; Delmas",2,5,1979.2,340.571428571429,1709,1740,14,14,14,{14}
2012-06-24,ARBHI,"Bahia Blanca",BRIBB,Imbituba,1,1,"Alianca; CSAV; Hamburg Sud; Libra-Montemar",4,7,2414,422,1620,2640,5,5,5,{5}
2012-06-24,ARBUE,"Buenos Aires",BRRIG,"Rio Grande",4,4,"Alianca; ANL; CMA CGM; CSAV; CSCL; Delmas; Hamburg Sud; Hapag-Lloyd; Libra-Montemar; Maersk Line; MSC; NileDutch; Safmarine",13,29,18938.2337662338,2247.28571428571,1740,6627,1,2,2,"{2,2,2,1}"
2012-06-24,ARBUE,"Buenos Aires",BRSSZ,Santos,1,1,"COSCO; Evergreen Line",2,10,3466.6,414.1,3400,3534,4,4,4,{4}
2012-06-24,ARBUE,"Buenos Aires",UYMVD,Montevideo,9,9,"Alianca; CCNI; CMA CGM; COSCO; CSAV; Hamburg Sud; Hanjin Shipping; Hapag-Lloyd; Hyundai; K Line; Libra-Montemar; Maersk Line; MCC; MOL; MSC; Niver Lines; NYK; PIL; Safmarine; ZIM",20,86,49685.4372710623,6918.79982517482,3078,8500,0,1,2,"{1,1,1,2,0,2,0,1,0}"
2012-06-24,ASPPG,"Pago Pago",USLGB,"Long Beach CA",1,1,"Alianca; Hamburg Sud; Polynesia Line",3,2,2599.28571428571,437.142857142857,1122,1304,12,12,12,{12}
2012-06-24,ASPPG,"Pago Pago",WSAPW,"Apia, W. Samoa",1,1,"Alianca; Hamburg Sud; Polynesia Line",3,2,2599.28571428571,437.142857142857,1122,1304,0,0,0,{0}
2012-06-24,AUADL,Adelaide,AUFRE,Fremantle,4,3,"ANL; APL; CMA CGM; COSCO; Delmas; Hapag-Lloyd; MOL; MSC; NYK; OOCL; PIL",11,27,24807.1230769231,2159.44615384615,3158,5087,4,4,4,"{4,4,4,4}"
2012-06-24,AUADL,Adelaide,AUMEL,Melbourne,1,1,MSC,1,7,2851.14285714286,142.571428571429,3029,4056,4,4,4,{4}
2012-06-24,AUADL,Adelaide,MYPKG,"Port Klang",1,1,"CSCL; Hapag-Lloyd; Hyundai; UASC",4,4,2832.5,350,1742,4300,9,9,9,{9}
2012-06-24,AUADL,Adelaide,NZAKL,Auckland,1,1,"Alianca; ANL; Hamburg Sud; Hapag-Lloyd; USL-US Lines",5,4,5273,1024.5,2474,2758,6,6,6,{6}
2012-06-24,AUADL,Adelaide,SGSIN,Singapore,1,1,"ANL; CMA CGM; Hapag-Lloyd",3,13,4220.61538461538,400.307692307692,3586,4308,8,8,8,{8}
2012-06-24,AUBNE,Brisbane,AUSYD,Sydney,4,4,"Alianca; ANL; APL; CMA CGM; COSCO; Delmas; Evergreen Line; Hamburg Sud; Hanjin Shipping; Hapag-Lloyd; K Line; Maersk Line; MCC; MOL; MSC; NYK; OOCL; PIL; RCL; Safmarine; Yang Ming",21,24,19459.1909090909,2015.48181818182,2378,5041,1,2,3,"{2,1,2,3}"
2012-06-24,AUBNE,Brisbane,CNNGB,Ningbo,2,2,"COSCO; Gold Star Line; K Line; NYK; OOCL; PIL; PO Shipping; TS Lines",8,11,6887.6,595.866666666667,2546,4250,11,12.5,14,"{14,11}"
2012-06-24,AUBNE,Brisbane,JPYOK,Yokohama,2,2,"Alianca; ANL; APL; COSCO; CSCL; Evergreen Line; Hamburg Sud; Hapag-Lloyd; K Line; Maersk Line; MCC; MOL; MSC; NYK; OOCL; Safmarine",16,17,8766.42424242424,1034.84848484848,4130,5041,10,10,10,"{10,10}"
2012-06-24,AUBNE,Brisbane,KRPUS,Busan,1,1,"Hanjin Shipping; PanOcean; Sinotrans; Yang Ming",4,5,4309.6,466,4250,4498,9,9,9,{9}
2012-06-24,AUBNE,Brisbane,NZAKL,Auckland,3,3,"Alianca; COSCO; Hamburg Sud; Hapag-Lloyd; Maersk Line; MOL; NYK; OOCL; PIL",9,20,9600.33333333333,1646.84444444444,2732,4298,3,4,4,"{4,4,3}"
2012-06-24,AUBNE,Brisbane,SGSIN,Singapore,1,1,MSC,1,7,2851.14285714286,142.571428571429,3029,4056,11,11,11,{11}
2012-06-24,AUBNE,Brisbane,TWKEL,Keelung,1,1,PIL,1,9,1797.20634920635,190.47619047619,1398,1728,10,10,10,{10}
2012-06-24,AUBNE,Brisbane,TWKHH,Kaohsiung,2,2,"Alianca; ANL; APL; CSCL; Hamburg Sud; Hapag-Lloyd; Hyundai; Maersk Line; MSC; OOCL",10,10,8273.4,893,3821,5905,9,10.5,12,"{12,9}"
2012-06-24,AUDRW,Darwin,PGPOM,"Port Moresby",1,1,MELL,1,3,2478.66666666667,548.666666666667,1114,1304,4,4,4,{4}
2012-06-24,AUFRE,Fremantle,AUADL,Adelaide,1,1,MSC,1,7,2851.14285714286,142.571428571429,3029,4056,5,5,5,{5}
2012-06-24,AUFRE,Fremantle,AUMEL,Melbourne,3,3,"Alianca; ANL; APL; CMA CGM; COSCO; Evergreen Line; Hamburg Sud; Hapag-Lloyd; K Line; Maersk Line; MCC; MOL; MSC; OOCL; PIL; Safmarine",16,28,13240.7062937063,1438.48951048951,3586,5087,5,5,5,"{5,5,5}"
2012-06-24,AUFRE,Fremantle,AUSYD,Sydney,1,1,"ANL; APL; CMA CGM; Delmas; Hapag-Lloyd; NYK; OOCL",7,5,8109.6,640.8,3158,4308,7,7,7,{7}
2012-06-24,AUFRE,Fremantle,MYPKG,"Port Klang",1,1,"COSCO; MOL; OOCL; PIL",4,4,4543,420,4253,5087,6,6,6,{6}
2012-06-24,AUFRE,Fremantle,MYTPP,"Tanjung Pelepas",1,1,"Alianca; ANL; APL; Evergreen Line; Hamburg Sud; Hapag-Lloyd; K Line; Maersk Line; MCC; MSC; Safmarine",11,11,4477.09090909091,618.181818181818,4300,5041,8,8,8,{8}
2012-06-24,AUFRE,Fremantle,SGSIN,Singapore,4,3,"ANL; APL; CMA CGM; Delmas; Hapag-Lloyd; K Line; Maersk Line; MSC; NYK; OOCL",10,25,21972.1230769231,1941.44615384615,1708,4469,6,7.5,8,"{8,7,8,6}"
2012-06-24,AUMEL,Melbourne,AUADL,Adelaide,7,6,"Alianca; ANL; APL; CMA CGM; COSCO; CSCL; Delmas; Hamburg Sud; Hapag-Lloyd; Hyundai; MOL; MSC; NYK; OOCL; PIL; UASC; USL-US Lines",17,48,37133.2384615385,3934.25384615385,1742,5087,1,1,2,"{1,2,1,2,1,1,2}"
2012-06-24,AUMEL,Melbourne,AUBNE,Brisbane,3,3,"ANL; APL; COSCO; CSCL; Gold Star Line; Hamburg Sud; Hapag-Lloyd; Hyundai; K Line; Maersk Line; NYK; OOCL; PIL; PO Shipping; TS Lines",15,16,11254.8,987.866666666667,2546,4578,2,3,3,"{3,3,2}"
2012-06-24,AUMEL,Melbourne,AUFRE,Fremantle,1,1,"Alianca; ANL; APL; Evergreen Line; Hamburg Sud; Hapag-Lloyd; K Line; Maersk Line; MCC; MSC; Safmarine",11,11,4477.09090909091,618.181818181818,4300,5041,5,5,5,{5}
2012-06-24,AUMEL,Melbourne,AUSYD,Sydney,9,9,"Alianca; ANL; APL; CMA CGM; COSCO; CSCL; Evergreen Line; Hamburg Sud; Hanjin Shipping; Hapag-Lloyd; Hyundai; K Line; Maersk Line; MCC; MOL; MSC; NYK; OOCL; PanOcean; PIL; Safmarine; Sinotrans; USL-US Lines; Yang Ming",24,65,38924.1888333888,4666.06093906094,1398,5905,1,2,4,"{1,2,2,4,2,2,2,2,2}"
2012-06-24,AUMEL,Melbourne,IDJKT,"Jakarta, Java",1,1,"Hanjin Shipping; Hapag-Lloyd; K Line; OOCL; RCL",5,4,2508,366.5,2378,2826,8,8,8,{8}
2012-06-24,AUMEL,Melbourne,NZNPE,Napier,1,1,"ANL; CMA CGM; Delmas; Marfret; USL-US Lines",5,6,4809.33333333333,960.666666666667,2262,2556,5,5,5,{5}
2012-06-24,AUMEL,Melbourne,NZPOE,"Port Chalmers",1,1,"Alianca; Hamburg Sud; Hapag-Lloyd; Maersk Line; MSC",5,10,3413.9,671.6,2824,4250,5,5,5,{5}
2012-06-24,AUMEL,Melbourne,SGSIN,Singapore,1,1,"COSCO; MOL; OOCL; PIL; Yang Ming",5,4,4364.5,390,4250,4578,8,8,8,{8}
2012-06-24,AUSYD,Sydney,AUBNE,Brisbane,4,4,"Alianca; ANL; APL; COSCO; CSCL; Evergreen Line; Hamburg Sud; Hanjin Shipping; Hapag-Lloyd; Hyundai; K Line; Maersk Line; MCC; MOL; MSC; NYK; OOCL; PanOcean; Safmarine; Sinotrans; Yang Ming",21,27,16982.2242424242,2001.84848484848,3821,5905,1,1.5,2,"{1,2,1,2}"
2012-06-24,AUSYD,Sydney,AUMEL,Melbourne,14,13,"Alianca; ANL; APL; CMA CGM; COSCO; CSCL; Delmas; Evergreen Line; Gold Star Line; Hamburg Sud; Hanjin Shipping; Hapag-Lloyd; Hyundai; K Line; Maersk Line; Marfret; MCC; MOL; MSC; NYK; OOCL; PIL; PO Shipping; RCL; Safmarine; TS Lines; UASC; USL-US Lines; Yang Ming",29,95,63417.8627039627,7509.068997669,1742,5041,1,2,3,"{2,1,2,2,2,1,1,1,2,2,1,3,2,2}"
2012-06-24,AUSYD,Sydney,NZAKL,Auckland,2,2,"Alianca; ANL; CMA CGM; Hamburg Sud; Hapag-Lloyd; Maersk Line; USL-US Lines",7,9,13073,1930.85714285714,2452,3534,3,3.5,4,"{4,3}"
2012-06-24,AUSYD,Sydney,NZBLU,Bluff,1,1,MSC,1,7,2851.14285714286,142.571428571429,3029,4056,3,3,3,{3}
2012-06-24,AUSYD,Sydney,NZTRG,Tauranga,1,1,PIL,1,9,1797.20634920635,190.47619047619,1398,1728,4,4,4,{4}
2012-06-24,AUTSV,Townsville,PHDVO,Davao,1,1,MELL,1,3,2478.66666666667,548.666666666667,1114,1304,9,9,9,{9}
2012-06-24,AWORJ,Aruba,BQKRA,Bonaire,1,1,"Alianca; Hamburg Sud; King Ocean",3,3,1773.33333333333,362,1706,1819,1,1,1,{1}
2012-06-24,AWORJ,Aruba,CWWIL,Willemstad,2,2,"King Ocean; SeaFreight Line; ZIM",3,8,2063.4,453.333333333333,957,1118,1,1,1,"{1,1}"
2012-06-24,BBBGI,Bridgetown,GPPTP,Pointe-a-Pitre,1,1,"CMA CGM",1,3,1296,390,1296,1296,1,1,1,{1}
2012-06-24,BBBGI,Bridgetown,LCSLU,"Castries, St Lucia",1,1,"Tropical Shipping",1,2,850,187,850,850,1,1,1,{1}
2012-06-24,BBBGI,Bridgetown,TTPTS,"Point Lisas",1,1,"Seaboard Marine",1,3,657,116,657,657,0,0,0,{0}
2012-06-24,BBBGI,Bridgetown,VISTT,"St Thomas VI",1,1,"Crowley; SeaFreight Line",2,2,1122,150,1122,1122,1,1,1,{1}
2012-06-24,BDCGP,Chittagong,BDMGL,Mongla,1,1,"Advance Container Lines; PIL",2,1,3760,292.571428571429,1645,1645,1,1,1,{1}
2012-06-24,BDCGP,Chittagong,INCCU,Kolkata,1,1,"Gold Star Line; HUBLine",2,1,1802.57142857143,257.142857142857,701,701,1,1,1,{1}
2012-06-24,BDCGP,Chittagong,MYPEN,Penang,1,1,"ANL; CMA CGM; Delmas",3,2,1059,160,1016,1102,3,3,3,{3}
2012-06-24,BDCGP,Chittagong,MYPKG,"Port Klang",2,2,"Gold Star Line; Hapag-Lloyd; MCC; X-Press",4,7,2883.2,441.6,1005,1713,4,4,4,"{4,4}"
2012-06-24,BDCGP,Chittagong,MYTPP,"Tanjung Pelepas",2,2,"Evergreen Line; MCC",2,4,3039,555,1118,1700,4,4.5,5,"{4,5}"
2012-06-24,BDCGP,Chittagong,SGSIN,Singapore,5,5,"Advance Container Lines; APL; Gold Star Line; Hanjin Shipping; Hapag-Lloyd; MCC; MOL; MSC; NYK; OEL-Orient Express Lines; OOCL; PIL; Samudera; X-Press",14,10,7981.5,645,1080,2300,4,5,5,"{4,5,4,5,5}"
2012-06-24,BDMGL,Mongla,SGSIN,Singapore,1,1,"Advance Container Lines; PIL",2,1,3760,292.571428571429,1645,1645,4,4,4,{4}
2012-06-24,BEANR,Antwerp,CAMTR,Montreal,1,1,"CMA CGM; Maersk Line",2,4,2890,350,2890,2890,11,11,11,{11}
2012-06-24,BEANR,Antwerp,CNYTN,Yantian,1,1,"COSCO; Evergreen Line; Hanjin Shipping; K Line; UASC; Yang Ming",6,10,11457,820,9000,13092,24,24,24,{24}
2012-06-24,BEANR,Antwerp,COSMR,"Santa Marta",1,1,"Maersk Line",1,8,2579.75,567.5,2556,2592,12,12,12,{12}
2012-06-24,BEANR,Antwerp,CYLMS,Limassol,1,1,"Borchard Lines Ltd",1,4,866.5,213,862,868,10,10,10,{10}
2012-06-24,BEANR,Antwerp,DEBRV,Bremerhaven,4,4,"ACL-Atlantic Container Line; Alianca; COSCO; Evergreen Line; Hamburg Sud; Hanjin Shipping; Hapag-Lloyd; K Line; Maersk Line; MSC; OOCL; Seago Line; Yang Ming; ZIM",14,19,14676.9666666667,1464.13333333333,2808,5042,2,2,3,"{2,2,3,2}"
2012-06-24,BEANR,Antwerp,DEHAM,Hamburg,5,5,"Alianca; APL; Gold Star Line; Hamburg Sud; Hapag-Lloyd; Hyundai; MOL; NYK; OOCL; Seago Line; ZIM",11,36,23187.2212121212,2154.31818181818,2061,9300,1,3,4,"{3,1,4,3,1}"
2012-06-24,BEANR,Antwerp,DOCAU,Caucedo,1,1,"Alianca; CMA CGM; Hamburg Sud; Hapag-Lloyd",4,8,4029.75,1098.625,3739,4178,10,10,10,{10}
2012-06-24,BEANR,Antwerp,ESALG,Algeciras,1,1,"COSCO; Hanjin Shipping; Maersk Line; MSC; Safmarine",5,7,5318.28571428571,1157.71428571429,3078,7450,4,4,4,{4}
2012-06-24,BEANR,Antwerp,ESVLC,Valencia,1,1,MSC,1,5,3594.2,452,1074,4549,4,4,4,{4}
2012-06-24,BEANR,Antwerp,FRDKK,Dunkirk,2,2,"ANL; CMA CGM; Delmas; MSC; OOCL",5,19,18645.4318181818,1497.81818181818,5700,14000,1,1.5,2,"{1,2}"
2012-06-24,BEANR,Antwerp,FRLEH,"Le Havre",8,8,"Alianca; CMA CGM; CSAV; Delmas; Hamburg Sud; Hapag-Lloyd; MSC; NileDutch; Stinnes; ZIM",10,56,35270.0261904762,5240.04285714286,1740,9200,1,2,3,"{2,1,2,2,2,1,3,2}"
2012-06-24,BEANR,Antwerp,GBFXT,Felixstowe,5,5,"APL; CMA CGM; CSAV; Hyundai; Maersk Line; MCC; MOL; MSC",8,43,28571.9460539461,2293.81078921079,3139,9700,1,2,2,"{2,2,2,1,2}"
2012-06-24,BEANR,Antwerp,GBLIV,Liverpool,1,1,ICL,1,4,2106.5,300,1574,2800,2,2,2,{2}
2012-06-24,BEANR,Antwerp,GBTHP,Thamesport,2,2,"ACL-Atlantic Container Line; Hapag-Lloyd; NYK; OOCL",4,19,7918.18571428572,784.857142857143,3200,4890,1,1,1,"{1,1}"
2012-06-24,BEANR,Antwerp,GBTIL,Tilbury,2,2,"CMA CGM; CSAV; Delmas; MSC",4,15,7135.5,1085.22222222222,2078,5301,1,1.5,2,"{1,2}"
2012-06-24,BEANR,Antwerp,GRPIR,Piraeus,2,2,"Alianca; Hamburg Sud; Hapag-Lloyd; Maersk Line; MSC; Seago Line",6,8,8196.25,752.5,3424,4545,7,7.5,8,"{8,7}"
2012-06-24,BEANR,Antwerp,ITGIT,"Gioia Tauro",1,1,"CSAV; MSC; SCI-Shipping Corp. of India",3,8,5348.375,449.875,3129,6750,7,7,7,{7}
2012-06-24,BEANR,Antwerp,MACAS,Casablanca,1,1,"Maersk Line; Seago Line",2,3,866,234,862,868,5,5,5,{5}
2012-06-24,BEANR,Antwerp,MAPTM,Tanger,1,1,"Alianca; Hamburg Sud; Hapag-Lloyd",3,7,5668.57142857143,766,5527,5905,4,4,4,{4}
2012-06-24,BEANR,Antwerp,MYTPP,"Tanjung Pelepas",1,1,"CSCL; Evergreen Line; Hanjin Shipping; ZIM",4,9,8557.55555555555,411.111111111111,8073,10070,20,20,20,{20}
2012-06-24,BEANR,Antwerp,NLRTM,Rotterdam,7,7,"CMA CGM; CSAV; Delmas; Hapag-Lloyd; Libra-Montemar; Maersk Line; MSC; OOCL; OPDR; Safmarine",10,42,36708.4632034632,3679.94805194805,868,14000,0,1,2,"{1,0,2,2,1,2,1}"
2012-06-24,BEANR,Antwerp,PABLB,Balboa,1,1,"CSAV; MSC",2,6,4228,798.333333333333,4112,4256,13,13,13,{13}
2012-06-24,BEANR,Antwerp,PTLEI,Leixoes,1,1,MSC,1,3,1725,217.333333333333,1384,2061,3,3,3,{3}
2012-06-24,BEANR,Antwerp,PTLIS,Lisbon,1,1,"Alianca; CMA CGM; CSAV; Delmas; Hamburg Sud; Hapag-Lloyd; Libra-Montemar; MSC",8,7,4003.71428571429,675.571428571429,3426,4250,3,3,3,{3}
2012-06-24,BEANR,Antwerp,PTSIE,Sines,1,1,"Hapag-Lloyd; MSC",2,4,3847.5,286,3200,4549,4,4,4,{4}
2012-06-24,BEANR,Antwerp,SGSIN,Singapore,2,2,"COSCO; Evergreen Line; Hanjin Shipping; K Line; UASC; Yang Ming",6,19,14843.8111111111,1040.55555555556,3017,8236,22,22,22,"{22,22}"
2012-06-24,BEANR,Antwerp,USNYC,"New York NY/NJ",1,1,"Alianca; Hamburg Sud; Hapag-Lloyd; Hyundai; NYK; OOCL",6,3,2761.33333333333,462,2670,2824,8,8,8,{8}
2012-06-24,BEZEE,Zeebrugge,BEANR,Antwerp,1,1,"CMA CGM; MSC",2,11,12945.2727272727,909.090909090909,12400,14000,2,2,2,{2}
2012-06-24,BEZEE,Zeebrugge,ESVLC,Valencia,1,1,"Maersk Line; MCC",2,10,7342.5,780.9,6418,8063,5,5,5,{5}
2012-06-24,BEZEE,Zeebrugge,NLRTM,Rotterdam,3,3,"ANL; CMA CGM; CSCL; Delmas; Evergreen Line; FESCO; Maersk Line; MCC; MSC; UASC",10,33,32620.1818181818,2302,7226,13880,1,1,2,"{1,1,2}"
2012-06-24,BEZEE,Zeebrugge,SAJED,Jeddah,1,1,"ANL; CMA CGM; CSCL; Evergreen Line; UASC; Yang Ming",6,10,13589.8,1000,12562,14074,13,13,13,{13}
2012-06-24,BHBAH,Bahrain,SGSIN,Singapore,1,1,"APL; Hyundai; MOL",3,7,6802.85714285714,458.571428571429,6000,8110,11,11,11,{11}
2012-06-24,BJCOO,Cotonou,CGPNR,"Pointe Noire",1,1,"CMA CGM; Delmas",2,8,1758.125,250.375,1542,2109,3,3,3,{3}
2012-06-24,BJCOO,Cotonou,CIABJ,Abidjan,2,1,"Gold Star Line",1,16,6466.78571428571,792.5,1742,3029,0,0,0,"{0,0}"
2012-06-24,BJCOO,Cotonou,GALBV,Libreville,1,1,"Maersk Line; Safmarine",2,6,2393.33333333333,365.666666666667,1730,2578,9,9,9,{9}
2012-06-24,BJCOO,Cotonou,NGAPP,Apapa,1,1,"Gold Star Line; PIL",2,6,1926.57142857143,280.238095238095,1075,1597,1,1,1,{1}
2012-06-24,BJCOO,Cotonou,NGONN,Onne,1,1,"CMA CGM; Delmas",2,13,3006.38461538461,446.384615384615,2810,3650,2,2,2,{2}
2012-06-24,BJCOO,Cotonou,NGTIN,"Lagos, Tin Can",2,2,"CMA CGM; CSCL; Delmas; Hapag-Lloyd; K Line; NileDutch; NYK",7,24,4907.11188811189,755.475524475524,2478,3650,1,1.5,2,"{1,2}"
2012-06-24,BNMUA,"Muara Port",MYBKI,"Kota Kinabalu, Sabah",3,3,MELL,1,5,6530,1634.5,1114,1350,1,1,1,"{1,1,1}"
2012-06-24,BQKRA,Bonaire,VELAG,"La Guaira",1,1,"SeaFreight Line; ZIM",2,5,1106.4,212,1096,1118,0,0,0,{0}
2012-06-24,BQKRA,Bonaire,VEPBL,"Puerto Cabello",1,1,"Alianca; Hamburg Sud; King Ocean",3,3,1773.33333333333,362,1706,1819,1,1,1,{1}
2012-06-24,BRBEL,Belem,BRFOR,Fortaleza,1,1,"CMA CGM; Delmas; Marfret",3,6,1678,240,1678,1678,2,2,2,{2}
2012-06-24,BRFOR,Fortaleza,BRNAT,Natal,1,1,"CMA CGM; Delmas; Marfret",3,6,1678,240,1678,1678,1,1,1,{1}
2012-06-24,BRIBB,Imbituba,BRNVT,Navegantes,1,1,"Alianca; CCNI; Hamburg Sud",3,7,4114.28571428571,628.571428571429,3739,4268,1,1,1,{1}
2012-06-24,BRIBB,Imbituba,BRSFS,"Sao Francisco do Sul",1,1,"Alianca; CSAV; Hamburg Sud; Libra-Montemar",4,7,2414,422,1620,2640,1,1,1,{1}
2012-06-24,BRIOA,"Porto Itapoa",ARBUE,"Buenos Aires",1,1,"Alianca; Hamburg Sud; Maersk Line; MCC; MOL; Safmarine",6,12,7787.58333333333,1425,7090,8500,3,3,3,{3}
2012-06-24,BRIOA,"Porto Itapoa",BRPNG,Paranagua,2,2,"Alianca; CCNI; Hamburg Sud; Maersk Line; MCC; MOL; Safmarine",7,19,11901.869047619,2053.57142857143,3739,8500,1,1.5,2,"{2,1}"
2012-06-24,BRIOA,"Porto Itapoa",BRSSZ,Santos,2,2,"Alianca; CMA CGM; COSCO; Hamburg Sud; Hanjin Shipping; Hapag-Lloyd; Maersk Line; MSC; Safmarine",9,14,12267.8571428571,2657,3078,7450,2,2,2,"{2,2}"
2012-06-24,BRITJ,Itajai,BRPNG,Paranagua,1,1,"Alianca; ANL; CMA CGM; CSAV; CSCL; Hamburg Sud; Libra-Montemar; Maersk Line; Safmarine",9,11,4223.27272727273,409.727272727273,3400,4600,1,1,1,{1}
2012-06-24,BRITJ,Itajai,BRSSZ,Santos,5,5,"Alianca; CCNI; CMA CGM; CSAV; Delmas; Hamburg Sud; Hanjin Shipping; Hapag-Lloyd; Libra-Montemar; Maersk Line; MCC; MOL; MSC; Safmarine; UASC; ZIM",16,47,23263.3127705628,3939.01082251082,2741,8500,2,3,4,"{3,2,4,3,2}"
2012-06-24,BRMAO,Manaus,BRVDC,"Vila do Conde (near Belem)",1,1,"APL; MOL",2,4,1494.25,249,1174,1645,4,4,4,{4}
2012-06-24,BRMCP,Macapa,BRMAO,Manaus,1,1,"APL; MOL",2,4,1494.25,249,1174,1645,3,3,3,{3}
2012-06-24,BRNAT,Natal,ESALG,Algeciras,1,1,"CMA CGM; Delmas; Marfret",3,6,1678,240,1678,1678,8,8,8,{8}
2012-06-24,BRNVT,Navegantes,BRIOA,"Porto Itapoa",1,1,"Alianca; CCNI; Hamburg Sud",3,7,4114.28571428571,628.571428571429,3739,4268,1,1,1,{1}
2012-06-24,BRNVT,Navegantes,BRPNG,Paranagua,2,2,"Alianca; Hamburg Sud; Hyundai; K Line; MOL; NYK; PIL",7,25,9725.37179487179,941.538461538462,4250,5605,0,0.5,1,"{1,0}"
2012-06-24,BRNVT,Navegantes,BRRIG,"Rio Grande",1,1,MSC,1,6,5497.83333333333,498.333333333333,5029,5800,1,1,1,{1}
2012-06-24,BRNVT,Navegantes,BRRIO,"Rio de Janeiro",2,2,"Alianca; CSAV; Evergreen Line; Hamburg Sud; Hanjin Shipping; Hapag-Lloyd; Hyundai; Libra-Montemar; NYK; Yang Ming",10,13,7052.33333333333,812.809523809524,2450,4600,2,2,2,"{2,2}"
2012-06-24,BRNVT,Navegantes,BRSPB,Sepetiba,1,1,"Alianca; CMA CGM; CSAV; Hamburg Sud; Libra-Montemar; MSC; Niver Lines; ZIM",8,8,5666.125,620.625,5550,5905,1,1,1,{1}
2012-06-24,BRNVT,Navegantes,BRSSZ,Santos,3,3,"CMA CGM; CSAV; Hapag-Lloyd; Libra-Montemar; Maersk Line; MSC; NYK; Safmarine; ZIM",9,22,14209.8928571429,1168.5,2480,5800,0,2,4,"{0,4,2}"
2012-06-24,BRPEC,"Pecem (near Fortaleza)",PACTB,Cristobal,1,1,"MSC; ZIM",2,7,2987,136.285714285714,2480,3398,7,7,7,{7}
2012-06-24,BRPEC,"Pecem (near Fortaleza)",USNYC,"New York NY/NJ",1,1,"Alianca; CSAV; Hamburg Sud; Libra-Montemar",4,7,4370,471.142857142857,4250,4600,11,11,11,{11}
2012-06-24,BRPNG,Paranagua,ARBUE,"Buenos Aires",2,2,"Alianca; CMA CGM; COSCO; Hamburg Sud; Hanjin Shipping; Hapag-Lloyd; Maersk Line; MSC; Safmarine",9,14,12267.8571428571,2657,3078,7450,1,2,3,"{3,1}"
2012-06-24,BRPNG,Paranagua,BRITJ,Itajai,3,3,"Alianca; CMA CGM; CSAV; Delmas; Hamburg Sud; Hapag-Lloyd; Libra-Montemar; Maersk Line; MSC; Safmarine; UASC",11,24,11163.7294372294,2134.37445887446,2741,4500,2,2,2,"{2,2,2}"
2012-06-24,BRPNG,Paranagua,BRNVT,Navegantes,2,2,"MSC; ZIM",2,13,8484.83333333333,634.619047619048,2480,5800,0,0,0,"{0,0}"
2012-06-24,BRPNG,Paranagua,BRSFS,"Sao Francisco do Sul",1,1,"Alianca; Hamburg Sud; MOL",3,13,5264.53846153846,541.538461538462,4250,5605,1,1,1,{1}
2012-06-24,BRPNG,Paranagua,BRSSZ,Santos,5,5,"Alianca; ANL; CCNI; CMA CGM; CSAV; CSCL; Hamburg Sud; Hyundai; K Line; Libra-Montemar; Maersk Line; MCC; MOL; MSC; NYK; PIL; Safmarine",17,53,26906.066017316,3703.2987012987,3400,8500,1,2,2,"{2,2,2,1,1}"
2012-06-24,BRRIG,"Rio Grande",BRIOA,"Porto Itapoa",3,3,"Alianca; CMA CGM; COSCO; Hamburg Sud; Hanjin Shipping; Hapag-Lloyd; Maersk Line; MCC; MOL; MSC; Safmarine",11,26,20055.4404761905,4082,3078,8500,1,1,2,"{2,1,1}"
2012-06-24,BRRIG,"Rio Grande",BRITJ,Itajai,1,1,"CCNI; Hanjin Shipping; Hapag-Lloyd; ZIM",4,11,4312,379.636363636364,4252,4532,2,2,2,{2}
2012-06-24,BRRIG,"Rio Grande",BRNVT,Navegantes,4,4,"Alianca; CMA CGM; CSAV; Hamburg Sud; Hapag-Lloyd; Libra-Montemar; Maersk Line; MSC; Niver Lines; NYK; Safmarine; ZIM",12,30,21259.0178571429,2123.98214285714,4250,5905,1,1.5,2,"{2,1,2,1}"
2012-06-24,BRRIG,"Rio Grande",BRPNG,Paranagua,1,1,"ANL; CMA CGM; CSAV; CSCL; Libra-Montemar; MSC",6,11,6320.09090909091,840,5618,6627,3,3,3,{3}
2012-06-24,BRRIG,"Rio Grande",BRSFS,"Sao Francisco do Sul",1,1,"Delmas; NileDutch",2,4,2545,391.428571428571,1740,1906,1,1,1,{1}
2012-06-24,BRRIG,"Rio Grande",BRSSZ,Santos,2,2,"CMA CGM; CSAV; Hapag-Lloyd; Libra-Montemar; MSC",5,14,9904.58333333333,905.833333333333,4050,5800,2,3,4,"{4,2}"
2012-06-24,BRRIG,"Rio Grande",CLSAI,"San Antonio",1,1,"Alianca; CSAV; Hamburg Sud; Libra-Montemar",4,7,2414,422,1620,2640,10,10,10,{10}
2012-06-24,BRRIO,"Rio de Janeiro",BRSSA,Salvador,3,3,"Alianca; CCNI; CMA CGM; CSAV; Delmas; Hamburg Sud; Hapag-Lloyd; Libra-Montemar; MSC; ZIM",10,21,11105,1440.42857142857,2480,4268,3,3,4,"{3,4,3}"
2012-06-24,BRRIO,"Rio de Janeiro",BRSSZ,Santos,7,7,"Alianca; ANL; CCNI; CMA CGM; CSAV; CSCL; Hamburg Sud; Hanjin Shipping; Hapag-Lloyd; Hyundai; K Line; Libra-Montemar; Maersk Line; MSC; Niver Lines; NYK; PIL; Safmarine; UASC; ZIM",20,67,35198.3739177489,4178.75487012987,4132,6627,1,1,2,"{1,2,1,1,2,1,1}"
2012-06-24,BRRIO,"Rio de Janeiro",BRSUA,Suape,2,2,"Alianca; CMA CGM; CSAV; Hamburg Sud; Hapag-Lloyd; Libra-Montemar; MSC; Niver Lines; ZIM",9,16,10072.875,1028.125,4050,5905,4,4,4,"{4,4}"
2012-06-24,BRRIO,"Rio de Janeiro",BRVIX,Vitoria,1,1,"Evergreen Line; Hanjin Shipping; Hapag-Lloyd; Hyundai; NYK; Yang Ming",6,6,2682.33333333333,341.666666666667,2450,2890,1,1,1,{1}
2012-06-24,BRRIO,"Rio de Janeiro",CGPNR,"Pointe Noire",1,1,"Delmas; NileDutch",2,4,2545,391.428571428571,1740,1906,10,10,10,{10}
2012-06-24,BRRIO,"Rio de Janeiro",DOCAU,Caucedo,1,1,"CSAV; Hapag-Lloyd; Libra-Montemar; Maersk Line; NYK",5,8,5519.75,487.5,5006,5762,11,11,11,{11}
2012-06-24,BRRIO,"Rio de Janeiro",SGSIN,Singapore,1,1,"Hyundai; K Line; NYK; PIL",4,12,4460.83333333333,400,4250,4651,24,24,24,{24}
2012-06-24,BRRIO,"Rio de Janeiro",ZACPT,"Cape Town",1,1,"Alianca; Hamburg Sud; MOL",3,13,5264.53846153846,541.538461538462,4250,5605,8,8,8,{8}
2012-06-24,BRRIO,"Rio de Janeiro",ZAPLZ,"Port Elizabeth",1,1,"Alianca; ANL; CMA CGM; CSAV; CSCL; Hamburg Sud; Libra-Montemar; Maersk Line; Safmarine",9,11,4223.27272727273,409.727272727273,3400,4600,8,8,8,{8}
2012-06-24,BRSFS,"Sao Francisco do Sul",BRSPB,Sepetiba,1,1,"Alianca; CSAV; Hamburg Sud; Libra-Montemar",4,7,2414,422,1620,2640,2,2,2,{2}
2012-06-24,BRSFS,"Sao Francisco do Sul",BRSSZ,Santos,2,2,"Alianca; Delmas; Hamburg Sud; MOL; NileDutch",5,17,7809.53846153846,932.967032967033,1740,5605,2,2.5,3,"{2,3}"
2012-06-24,BRSPB,Sepetiba,BEANR,Antwerp,1,1,"CMA CGM; CSAV; Hapag-Lloyd; Libra-Montemar; Maersk Line; MSC; Safmarine",7,7,5703.14285714286,544.714285714286,5550,5800,13,13,13,{13}
2012-06-24,BRSPB,Sepetiba,BRSSZ,Santos,3,3,"Alianca; CMA CGM; CSAV; Hamburg Sud; Hapag-Lloyd; Libra-Montemar; MSC; Niver Lines; ZIM",9,22,15029.6964285714,2541.91071428571,1620,7154,1,2,2,"{2,1,2}"
2012-06-24,BRSSA,Salvador,BRPEC,"Pecem (near Fortaleza)",2,2,"Alianca; CSAV; Hamburg Sud; Libra-Montemar; MSC; ZIM",6,14,7357,607.428571428571,2480,4600,2,2.5,3,"{3,2}"
2012-06-24,BRSSA,Salvador,BRPNG,Paranagua,1,1,MSC,1,6,5497.83333333333,498.333333333333,5029,5800,3,3,3,{3}
2012-06-24,BRSSA,Salvador,BRVIX,Vitoria,1,1,"MSC; ZIM",2,7,2987,136.285714285714,2480,3398,2,2,2,{2}
2012-06-24,BRSSA,Salvador,COCTG,Cartagena,1,1,"Alianca; CCNI; Hamburg Sud",3,7,4114.28571428571,628.571428571429,3739,4268,8,8,8,{8}
2012-06-24,BRSSA,Salvador,FRLEH,"Le Havre",1,1,"Alianca; CMA CGM; CSAV; Delmas; Hamburg Sud; Hapag-Lloyd; Libra-Montemar; MSC",8,7,4003.71428571429,675.571428571429,3426,4250,11,11,11,{11}
2012-06-24,BRSSZ,Santos,ARBUE,"Buenos Aires",8,8,"Alianca; CCNI; CMA CGM; CSAV; Hamburg Sud; Hanjin Shipping; Hapag-Lloyd; Hyundai; K Line; Libra-Montemar; Maersk Line; MOL; MSC; Niver Lines; NYK; PIL; Safmarine; ZIM",18,74,39703.1396520147,3852.65696803197,4050,5905,3,4,5,"{4,4,3,5,4,5,3,3}"
2012-06-24,BRSSZ,Santos,BRIBB,Imbituba,1,1,"Alianca; CCNI; Hamburg Sud",3,7,4114.28571428571,628.571428571429,3739,4268,2,2,2,{2}
2012-06-24,BRSSZ,Santos,BRIOA,"Porto Itapoa",1,1,"Alianca; Hamburg Sud; Maersk Line; MCC; MOL; Safmarine",6,12,7787.58333333333,1425,7090,8500,1,1,1,{1}
2012-06-24,BRSSZ,Santos,BRITJ,Itajai,1,1,"Alianca; ANL; CMA CGM; CSAV; CSCL; Hamburg Sud; Libra-Montemar; Maersk Line; Safmarine",9,11,4223.27272727273,409.727272727273,3400,4600,1,1,1,{1}
2012-06-24,BRSSZ,Santos,BRNVT,Navegantes,1,1,"Evergreen Line; Hanjin Shipping; Hapag-Lloyd; Hyundai; NYK; Yang Ming",6,6,2682.33333333333,341.666666666667,2450,2890,1,1,1,{1}
2012-06-24,BRSSZ,Santos,BRPNG,Paranagua,5,5,"Alianca; CMA CGM; COSCO; CSAV; Delmas; Hamburg Sud; Hanjin Shipping; Hapag-Lloyd; Libra-Montemar; Maersk Line; MSC; Safmarine; UASC",13,38,23431.5865800866,4791.37445887446,2741,7450,1,2,5,"{1,2,5,4,1}"
2012-06-24,BRSSZ,Santos,BRRIG,"Rio Grande",1,1,"Alianca; CSAV; Hamburg Sud; Libra-Montemar",4,7,2414,422,1620,2640,3,3,3,{3}
2012-06-24,BRSSZ,Santos,BRRIO,"Rio de Janeiro",10,10,"Alianca; ANL; CCNI; CMA CGM; CSAV; CSCL; Delmas; Hamburg Sud; Hapag-Lloyd; Hyundai; K Line; Libra-Montemar; Maersk Line; MOL; MSC; NileDutch; Niver Lines; NYK; PIL; Safmarine; ZIM",21,85,43191.2695221445,4698.74787712288,1740,5905,1,2,4,"{2,2,2,2,4,2,2,2,2,1}"
2012-06-24,BRSSZ,Santos,BRSPB,Sepetiba,1,1,"CMA CGM; CSAV; Hapag-Lloyd; Libra-Montemar; Maersk Line; MSC; Safmarine",7,7,5703.14285714286,544.714285714286,5550,5800,1,1,1,{1}
2012-06-24,BRSSZ,Santos,BRSSA,Salvador,1,1,"Alianca; CSAV; Hamburg Sud; Libra-Montemar",4,7,4370,471.142857142857,4250,4600,3,3,3,{3}
2012-06-24,BRSSZ,Santos,COCTG,Cartagena,1,1,"CMA CGM; Maersk Line; Safmarine",3,6,2793.83333333333,536.166666666667,2741,2872,13,13,13,{13}
2012-06-24,BRSSZ,Santos,ESALG,Algeciras,2,2,"COSCO; Hanjin Shipping; Maersk Line; MSC; Safmarine; UASC",6,18,9684.46753246753,2080.35064935065,3078,7450,10,10,10,"{10,10}"
2012-06-24,BRSSZ,Santos,ESVLC,Valencia,1,1,MSC,1,6,5497.83333333333,498.333333333333,5029,5800,18,18,18,{18}
2012-06-24,BRSSZ,Santos,MAPTM,Tanger,1,1,"Alianca; CMA CGM; Hamburg Sud; Hapag-Lloyd; MSC",5,7,6949.57142857143,1499.28571428571,5905,7154,10,10,10,{10}
2012-06-24,BRSSZ,Santos,SGSIN,Singapore,3,3,"Alianca; CCNI; COSCO; Evergreen Line; Hamburg Sud; Hanjin Shipping; Hapag-Lloyd; Maersk Line; MCC; MOL; Safmarine; ZIM",12,33,15566.1833333333,2218.73636363636,3400,8500,22,23,26,"{26,23,22}"
2012-06-24,BRSSZ,Santos,UYMVD,Montevideo,2,2,"ANL; CMA CGM; COSCO; CSAV; CSCL; Evergreen Line; Libra-Montemar; MSC",8,21,9786.69090909091,1254.1,3400,6627,3,3,3,"{3,3}"
2012-06-24,BRSSZ,Santos,ZADUR,Durban,1,1,"ANL; CMA CGM; CSAV; CSCL; Libra-Montemar; MSC",6,11,6320.09090909091,840,5618,6627,13,13,13,{13}
2012-06-24,BRSUA,Suape,BRRIO,"Rio de Janeiro",1,1,"Alianca; CMA CGM; CSAV; Hamburg Sud; Libra-Montemar; MSC; Niver Lines; ZIM",8,8,5666.125,620.625,5550,5905,4,4,4,{4}
2012-06-24,BRSUA,Suape,BRSSA,Salvador,1,1,"MSC; ZIM",2,7,2987,136.285714285714,2480,3398,2,2,2,{2}
2012-06-24,BRSUA,Suape,BRSSZ,Santos,3,3,"Alianca; CCNI; CSAV; Hamburg Sud; Hapag-Lloyd; Libra-Montemar; Maersk Line; NYK",8,22,14004.0357142857,1587.21428571429,3739,5762,4,4,5,"{4,5,4}"
2012-06-24,BRSUA,Suape,BRVIX,Vitoria,1,1,"CMA CGM; Maersk Line; Safmarine",3,6,2793.83333333333,536.166666666667,2741,2872,2,2,2,{2}
2012-06-24,BRSUA,Suape,DOCAU,Caucedo,1,1,"CMA CGM; CSAV; Hapag-Lloyd; Libra-Montemar; MSC",5,8,4406.75,407.5,4050,4814,6,6,6,{6}
2012-06-24,BRSUA,Suape,MAPTM,Tanger,1,1,"Alianca; CMA CGM; CSAV; Hamburg Sud; Libra-Montemar; MSC; Niver Lines; ZIM",8,8,5666.125,620.625,5550,5905,9,9,9,{9}
2012-06-24,BRVDC,"Vila do Conde (near Belem)",PAMIT,Manzanillo,1,1,"APL; MOL",2,4,1494.25,249,1174,1645,9,9,9,{9}
2012-06-24,BRVIX,Vitoria,BRPNG,Paranagua,1,1,"MSC; ZIM",2,7,2987,136.285714285714,2480,3398,3,3,3,{3}
2012-06-24,BRVIX,Vitoria,BRSSZ,Santos,1,1,"CMA CGM; Maersk Line; Safmarine",3,6,2793.83333333333,536.166666666667,2741,2872,3,3,3,{3}
2012-06-24,BRVIX,Vitoria,DOCAU,Caucedo,1,1,"Evergreen Line; Hanjin Shipping; Hapag-Lloyd; Hyundai; NYK; Yang Ming",6,6,2682.33333333333,341.666666666667,2450,2890,10,10,10,{10}
2012-06-24,BSFPO,Freeport,CAMTR,Montreal,1,1,MSC,1,3,2759.33333333333,150,2591,3007,8,8,8,{8}
2012-06-24,BSFPO,Freeport,DOCAU,Caucedo,1,1,"CMA CGM; CSAV; Hapag-Lloyd; Libra-Montemar; MSC",5,8,4406.75,407.5,4050,4814,2,2,2,{2}
2012-06-24,BSFPO,Freeport,MXVER,Veracruz,1,1,MSC,1,7,6014.42857142857,435.714285714286,4018,6750,3,3,3,{3}
2012-06-24,BSFPO,Freeport,PACTB,Cristobal,1,1,MSC,1,5,4421.8,602,3584,5301,5,5,5,{5}
2012-06-24,BSFPO,Freeport,USCHS,"Charleston SC",1,1,"CMA CGM; CSAV; Hapag-Lloyd; Libra-Montemar; MSC",5,8,4406.75,407.5,4050,4814,1,1,1,{1}
2012-06-24,BSFPO,Freeport,USORF,"Norfolk VA",1,1,MSC,1,13,8652.30769230769,665.384615384615,8034,9200,5,5,5,{5}
2012-06-24,BSFPO,Freeport,USPHL,"Philadelphia PA",1,1,MSC,1,2,3155,310,2470,3840,2,2,2,{2}
2012-06-24,BSFPO,Freeport,USSAV,"Savannah GA",1,1,MSC,1,7,6014.42857142857,435.714285714286,4018,6750,1,1,1,{1}
2012-06-24,BSFPO,Freeport,ZAPLZ,"Port Elizabeth",1,1,"Maersk Line; MSC; Safmarine",3,8,2462.75,145.125,1740,3456,20,20,20,{20}
2012-06-24,BSNAS,Nassau,USJAX,"Jacksonville FL",1,1,Crowley,1,1,373,40,373,373,2,2,2,{2}
2012-06-24,BSNAS,Nassau,USPEF,"Port Everglades FL",1,1,Crowley,1,1,373,40,373,373,1,1,1,{1}
2012-06-24,BZBGK,"Big Creek",PAMIT,Manzanillo,1,1,"Maersk Line",1,6,2545.33333333333,600,2530,2556,2,2,2,{2}
2012-06-24,BZBZE,"Belize City",USMIA,"Miami FL",1,1,"Seaboard Marine",1,1,660,116,660,660,3,3,3,{3}
2012-06-24,CAHAL,Halifax,BEANR,Antwerp,1,1,"ACL-Atlantic Container Line; Hapag-Lloyd; NYK; OOCL",4,14,4710.78571428571,384.857142857143,4545,4890,7,7,7,{7}
2012-06-24,CAHAL,Halifax,CANWP,Argentia,1,1,Eimskip,1,1,3051.42857142857,428.571428571429,712,712,2,2,2,{2}
2012-06-24,CAHAL,Halifax,CUHAV,Havana,1,1,"Melfi Marine",1,3,2935.71428571429,300,1334,1388,5,5,5,{5}
2012-06-24,CAHAL,Halifax,ITCAG,Cagliari,1,1,"Hapag-Lloyd; NYK; OOCL",3,10,5702.4,502.4,4960,5888,7,7,7,{7}
2012-06-24,CAHAL,Halifax,JMKIN,Kingston,1,1,"CSCL; ZIM",2,10,4941.3,485,4800,5040,4,4,4,{4}
2012-06-24,CAHAL,Halifax,NLRTM,Rotterdam,1,1,"CMA CGM; Maersk Line",2,4,2890,350,2890,2890,8,8,8,{8}
2012-06-24,CAHAL,Halifax,USNYC,"New York NY/NJ",2,2,"ACL-Atlantic Container Line; Hapag-Lloyd; NYK; OOCL",4,24,10413.1857142857,887.257142857143,4545,5888,2,2,2,"{2,2}"
2012-06-24,CAMTR,Montreal,BEANR,Antwerp,1,1,"Hapag-Lloyd; OOCL",2,3,4402,300,4402,4402,7,7,7,{7}
2012-06-24,CAMTR,Montreal,CAHAL,Halifax,1,1,"CMA CGM; Maersk Line",2,4,2890,350,2890,2890,3,3,3,{3}
2012-06-24,CAMTR,Montreal,DOCAU,Caucedo,1,1,MSC,1,3,2759.33333333333,150,2591,3007,8,8,8,{8}
2012-06-24,CAMTR,Montreal,ESALG,Algeciras,1,1,"Hanjin Shipping; Hapag-Lloyd",2,5,2600,169.2,2300,3017,11,11,11,{11}
2012-06-24,CAMTR,Montreal,GBLIV,Liverpool,1,1,"Hapag-Lloyd; MSC; OOCL",3,4,3243,299,2808,4340,7,7,7,{7}
2012-06-24,CAMTR,Montreal,ITGIT,"Gioia Tauro",1,1,MSC,1,4,3002.25,270.25,2394,3808,12,12,12,{12}
2012-06-24,CAMTR,Montreal,USNYC,"New York NY/NJ",1,1,MSC,1,6,3935.33333333333,370,4255,4992,1,1,1,{1}
2012-06-24,CANWP,Argentia,ISREY,Reykjavik,2,2,Eimskip,1,2,6042.85714285714,942.857142857143,698,712,5,5.5,6,"{5,6}"
2012-06-24,CANWP,Argentia,USBOS,"Boston MA",2,2,Eimskip,1,2,6042.85714285714,942.857142857143,698,712,3,3,3,"{3,3}"
2012-06-24,CAPRR,"Prince Rupert BC",CAVAN,"Vancouver BC",1,1,"COSCO; Hanjin Shipping; K Line; Yang Ming",4,6,7087.5,500.166666666667,5250,7455,1,1,1,{1}
2012-06-24,CAPRR,"Prince Rupert BC",USLGB,"Long Beach CA",1,1,"COSCO; Hanjin Shipping; K Line; Yang Ming",4,6,5304.33333333333,500.833333333333,5250,5576,4,4,4,{4}
2012-06-24,CAPRR,"Prince Rupert BC",USSEA,"Seattle WA",1,1,"COSCO; Hanjin Shipping; K Line; Yang Ming",4,6,5503,500,5302,5744,2,2,2,{2}
2012-06-24,CASJB,"Saint John, New Brunswick",USPAB,"Palm Beach FL",1,1,"Tropical Shipping",1,2,1080.5,216,1061,1100,4,4,4,{4}
2012-06-24,CAVAN,"Vancouver BC",CNNSA,Nansha,1,1,CSCL,1,6,2605,448.666666666667,2546,2732,18,18,18,{18}
2012-06-24,CAVAN,"Vancouver BC",JPTYO,Tokyo,4,4,"APL; COSCO; Evergreen Line; Hanjin Shipping; Hapag-Lloyd; Hyundai; K Line; MOL; NYK; OOCL; PIL; Yang Ming; ZIM",13,34,26469.7261904762,2282,5364,8749,10,11.5,13,"{13,11,12,10}"
2012-06-24,CAVAN,"Vancouver BC",JPYOK,Yokohama,2,2,"APL; CMA CGM; Hamburg Sud; Hyundai; Maersk Line; MCC; MOL; USL-US Lines",8,26,13954.2625,1230.975,4250,9200,11,12,13,"{13,11}"
2012-06-24,CAVAN,"Vancouver BC",KRPUS,Busan,3,3,"APL; COSCO; Hanjin Shipping; Hyundai; K Line; MOL; Yang Ming",7,17,16203.7666666667,1337.66666666667,3725,6763,13,13,15,"{15,13,13}"
2012-06-24,CAVAN,"Vancouver BC",USLGB,"Long Beach CA",1,1,"Alianca; ANL; Hamburg Sud; Hapag-Lloyd; USL-US Lines",5,4,5273,1024.5,2474,2758,3,3,3,{3}
2012-06-24,CAVAN,"Vancouver BC",USPDX,"Portland OR",1,1,"Alianca; Hamburg Sud; Hapag-Lloyd",3,10,2767.1,528.9,2520,2872,1,1,1,{1}
2012-06-24,CAVAN,"Vancouver BC",USSEA,"Seattle WA",3,3,"COSCO; Hanjin Shipping; K Line; MSC; Westwood; Yang Ming",6,19,16373.3,1916.9,2169,7455,1,1,4,"{4,1,1}"
2012-06-24,CAVAN,"Vancouver BC",USTIW,"Tacoma WA",2,2,"Hapag-Lloyd; NYK; OOCL; PIL; ZIM",5,13,16528.0952380952,1420,7179,8749,0,1.5,3,"{0,3}"
2012-06-24,CGPNR,"Pointe Noire",AOLAD,Luanda,4,4,"CMA CGM; Delmas; NileDutch",3,26,13772.0795918367,2253.91224489796,1740,3405,1,4.5,5,"{5,4,1,5}"
2012-06-24,CGPNR,"Pointe Noire",GALBV,Libreville,1,1,"CMA CGM; Delmas",2,8,1758.125,250.375,1542,2109,1,1,1,{1}
2012-06-24,CGPNR,"Pointe Noire",GHTEM,Tema,1,1,"Maersk Line; MCC; Safmarine",3,12,3426.83333333333,316.75,2008,4496,10,10,10,{10}
2012-06-24,CGPNR,"Pointe Noire",TGLFW,Lome,1,1,"CMA CGM; Delmas",2,10,1620.8,246.6,1638,2496,5,5,5,{5}
2012-06-24,CIABJ,Abidjan,BJCOO,Cotonou,3,3,"CMA CGM; Delmas; Gold Star Line; Maersk Line; Safmarine",5,22,7384.85119047619,1012.29166666667,1542,3029,2,3,4,"{3,4,2}"
2012-06-24,CIABJ,Abidjan,CISPY,"San Pedro, Ivory Coast",1,1,"Hapag-Lloyd; MOL; ZIM",3,6,2131.16666666667,285.5,2061,2262,1,1,1,{1}
2012-06-24,CIABJ,Abidjan,ESALG,Algeciras,2,2,"Evergreen Line; Hanjin Shipping; Hapag-Lloyd; MOL; UASC; ZIM",6,7,4746.07142857143,617.142857142857,1298,3681,8,9,10,"{10,8}"
2012-06-24,CIABJ,Abidjan,ITNAP,Naples,2,2,"COSCO; ZIM",2,3,15768,3330,1678,1900,10,11,12,"{12,10}"
2012-06-24,CIABJ,Abidjan,MAPTM,Tanger,1,1,"Maersk Line; Safmarine",2,6,2478,352,2478,2478,6,6,6,{6}
2012-06-24,CIABJ,Abidjan,MYPKG,"Port Klang",1,1,"Gold Star Line",1,8,3233.39285714286,396.25,1742,3029,24,24,24,{24}
2012-06-24,CIABJ,Abidjan,NAWVB,"Walvis Bay",2,2,"CMA CGM; Delmas; Maersk Line; MCC; Safmarine",5,24,7503.47552447552,637.293706293706,2810,4500,6,8,10,"{6,10}"
2012-06-24,CIABJ,Abidjan,NGTIN,"Lagos, Tin Can",1,1,MSC,1,5,3427,275.6,3139,3900,1,1,1,{1}
2012-06-24,CIABJ,Abidjan,SNDKR,Dakar,2,2,"CMA CGM; Delmas",2,13,4302.125,674.375,1542,2674,4,5,6,"{4,6}"
2012-06-24,CIABJ,Abidjan,ZAPLZ,"Port Elizabeth",1,1,"CMA CGM; Delmas",2,10,1620.8,246.6,1638,2496,9,9,9,{9}
2012-06-24,CISPY,"San Pedro, Ivory Coast",BEANR,Antwerp,1,1,"Hapag-Lloyd; MOL; ZIM",3,6,2131.16666666667,285.5,2061,2262,11,11,11,{11}
2012-06-24,CISPY,"San Pedro, Ivory Coast",ESLPA,"Las Palmas, Can Is",1,1,MSC,1,6,2851.83333333333,188.333333333333,2480,3424,5,5,5,{5}
2012-06-24,CISPY,"San Pedro, Ivory Coast",GHTKD,Takoradi,1,1,"CMA CGM; Delmas",2,5,1880.8,243.8,1728,2080,3,3,3,{3}
2012-06-24,CISPY,"San Pedro, Ivory Coast",NGTIN,"Lagos, Tin Can",1,1,MSC,1,6,2851.83333333333,188.333333333333,2480,3424,3,3,3,{3}
2012-06-24,CLANF,Antofagasta,CLMJS,Mejillones,1,1,"CCNI; CSAV; Libra-Montemar",3,6,3085,357.142857142857,1726,1728,2,2,2,{2}
2012-06-24,CLANF,Antofagasta,CLSAI,"San Antonio",1,1,"Alianca; CSAV; Hamburg Sud; Libra-Montemar",4,7,2414,422,1620,2640,2,2,2,{2}
2012-06-24,CLARI,Arica,CLANF,Antofagasta,1,1,"Alianca; CSAV; Hamburg Sud; Libra-Montemar",4,7,2414,422,1620,2640,0,0,0,{0}
2012-06-24,CLARI,Arica,CLCNL,Coronel,1,1,MSC,1,5,4421.8,602,3584,5301,3,3,3,{3}
2012-06-24,CLCNL,Coronel,CLSAI,"San Antonio",2,2,"CSAV; MSC",2,14,9316.13333333333,1265.22222222222,3584,5301,0,0.5,1,"{0,1}"
2012-06-24,CLIQQ,Iquique,CLMJS,Mejillones,1,1,"Alianca; CCNI; CSCL; Hamburg Sud; Hanjin Shipping; Hyundai",6,11,4610,465.454545454545,3398,5744,1,1,1,{1}
2012-06-24,CLIQQ,Iquique,CLSAI,"San Antonio",3,3,"CMA CGM; COSCO; CSAV; CSCL; Evergreen Line; Libra-Montemar; Maersk Line; MCC; MSC; PIL; Wan Hai",11,34,17407.25,1350.5,3800,9200,2,2,3,"{2,2,3}"
2012-06-24,CLIQQ,Iquique,CLVAP,Valparaiso,1,1,"Hapag-Lloyd; K Line; MOL; NYK",4,11,6170.36363636364,522.090909090909,5608,6500,1,1,1,{1}
2012-06-24,CLIQQ,Iquique,PECLL,Callao,1,1,"CCNI; CSAV; Libra-Montemar",3,6,3085,357.142857142857,1726,1728,3,3,3,{3}
2012-06-24,CLIQQ,Iquique,PEMRI,Matarani,1,1,"Evergreen Line",1,4,1357,288.5,1157,1550,1,1,1,{1}
2012-06-24,CLLQN,Lirquen,PECLL,Callao,1,1,"Hapag-Lloyd; K Line; MOL; NYK",4,11,6170.36363636364,522.090909090909,5608,6500,6,6,6,{6}
2012-06-24,CLMJS,Mejillones,CLCNL,Coronel,1,1,"CSAV; MSC",2,9,4894.33333333333,663.222222222222,4367,5301,2,2,2,{2}
2012-06-24,CLMJS,Mejillones,CLIQQ,Iquique,1,1,"CCNI; CSAV; Libra-Montemar",3,6,3085,357.142857142857,1726,1728,2,2,2,{2}
2012-06-24,CLMJS,Mejillones,CLVAP,Valparaiso,1,1,"Alianca; CCNI; CSCL; Hamburg Sud; Hanjin Shipping; Hyundai",6,11,4610,465.454545454545,3398,5744,2,2,2,{2}
2012-06-24,CLSAI,"San Antonio",CLANF,Antofagasta,1,1,"CCNI; CSAV; Libra-Montemar",3,6,3085,357.142857142857,1726,1728,2,2,2,{2}
2012-06-24,CLSAI,"San Antonio",CLSVE,"San Vicente",4,4,"Alianca; CCNI; CMA CGM; CSAV; CSCL; Hamburg Sud; Libra-Montemar; Maersk Line; MCC; MSC",10,37,18247.0833333333,1859,1620,9200,1,1,2,"{2,1,1,1}"
2012-06-24,CLSAI,"San Antonio",PABLB,Balboa,2,2,"CSAV; MSC",2,14,9316.13333333333,1265.22222222222,3584,5301,6,6.5,7,"{6,7}"
2012-06-24,CLSAI,"San Antonio",PAONX,Colon,1,1,"Evergreen Line",1,4,1357,288.5,1157,1550,12,12,12,{12}
2012-06-24,CLSAI,"San Antonio",PECLL,Callao,4,4,"Alianca; CCNI; CMA CGM; COSCO; CSAV; CSCL; Evergreen Line; Hamburg Sud; Libra-Montemar; MSC; PIL; Wan Hai",12,35,18629.75,1917.16666666667,1620,9200,4,4,5,"{4,4,5,4}"
2012-06-24,CLSVE,"San Vicente",ARBHI,"Bahia Blanca",1,1,"Alianca; CSAV; Hamburg Sud; Libra-Montemar",4,7,2414,422,1620,2640,6,6,6,{6}
2012-06-24,CLSVE,"San Vicente",CLSAI,"San Antonio",2,2,"Alianca; CCNI; CMA CGM; CSAV; CSCL; Hamburg Sud; Libra-Montemar; MSC",8,18,11661.75,1131.66666666667,2690,9200,1,1.5,2,"{1,2}"
2012-06-24,CLSVE,"San Vicente",PECLL,Callao,1,1,"Maersk Line; MCC",2,12,4171.33333333333,305.333333333333,4226,6214,5,5,5,{5}
2012-06-24,CLVAP,Valparaiso,CLLQN,Lirquen,1,1,"Hapag-Lloyd; K Line; MOL; NYK",4,11,6170.36363636364,522.090909090909,5608,6500,1,1,1,{1}
2012-06-24,CLVAP,Valparaiso,PECLL,Callao,2,2,"Alianca; APL; CMA CGM; Hamburg Sud; Hapag-Lloyd; MOL",6,11,6561.75,1687.29166666667,2490,4178,3,3,3,"{3,3}"
2012-06-24,CLVAP,Valparaiso,TWKEL,Keelung,1,1,"Alianca; CCNI; CSCL; Hamburg Sud; Hanjin Shipping; Hyundai",6,11,4610,465.454545454545,3398,5744,26,26,26,{26}
2012-06-24,CMDLA,Douala,CIABJ,Abidjan,2,2,"CMA CGM; Delmas; Maersk Line; Safmarine",4,16,4098.8,598.6,1638,2496,1,2,3,"{1,3}"
2012-06-24,CMDLA,Douala,CISPY,"San Pedro, Ivory Coast",2,2,"CMA CGM; Delmas; MSC",3,11,4732.63333333333,432.133333333333,1728,3424,5,5,5,"{5,5}"
2012-06-24,CMDLA,Douala,MAPTM,Tanger,1,1,"Maersk Line; Safmarine",2,5,2010,351.4,2474,2546,11,11,11,{11}
2012-06-24,CNCWN,Chiwan,CNNGB,Ningbo,1,1,"ANL; CMA CGM; Delmas; OOCL",4,6,1753.16666666667,327.833333333333,1740,1819,2,2,2,{2}
2012-06-24,CNCWN,Chiwan,CNNSA,Nansha,1,1,"CMA CGM; Delmas",2,13,3006.38461538461,446.384615384615,2810,3650,1,1,1,{1}
2012-06-24,CNCWN,Chiwan,CNSHA,Shanghai,1,1,"ANL; CMA CGM; CSCL; Delmas; UASC; USL-US Lines",6,11,4402.72727272727,303.636363636364,3388,5095,3,3,3,{3}
2012-06-24,CNCWN,Chiwan,CNXMN,Xiamen,3,3,"APL; CMA CGM; Delmas; Hyundai; MOL; MSC",6,20,20485.9675324675,1818.03246753247,877,14000,1,2,2,"{2,2,1}"
2012-06-24,CNCWN,Chiwan,CNYTN,Yantian,4,4,"ANL; APL; CMA CGM; CSCL; Delmas; FESCO; Hyundai; Maersk Line; MCC; MOL; MSC; Safmarine; UASC",13,42,34615.2297702298,2595.46253746254,5506,13880,0,0.5,1,"{0,1,0,1}"
2012-06-24,CNCWN,Chiwan,HKHKG,"Hong Kong",12,12,"ANL; APL; CMA CGM; CSAV; CSCL; Delmas; Hamburg Sud; Hapag-Lloyd; Hyundai; Libra-Montemar; Maersk Line; MCC; MOL; MSC; Safmarine; USL-US Lines",16,114,82055.5262570763,7230.87289377289,2468,14000,0,1,2,"{1,1,1,1,1,1,1,2,1,0,0,0}"
2012-06-24,CNCWN,Chiwan,KRPUS,Busan,1,1,"CMA CGM; CSAV; CSCL; Libra-Montemar; MSC",5,10,6810.3,671,5618,8488,3,3,3,{3}
2012-06-24,CNCWN,Chiwan,MYTPP,"Tanjung Pelepas",2,2,"Alianca; ANL; CMA CGM; CSAV; CSCL; Delmas; Hamburg Sud; Libra-Montemar; Maersk Line; MCC; Safmarine",11,22,14676.2727272727,837,3400,13092,4,4,4,"{4,4}"
2012-06-24,CNCWN,Chiwan,PTSIE,Sines,1,1,"CMA CGM; MSC",2,11,12926.1818181818,981.818181818182,12400,14000,20,20,20,{20}
2012-06-24,CNCWN,Chiwan,SGSIN,Singapore,5,5,"APL; CMA CGM; CSAV; CSAV Norasia; Delmas; Hapag-Lloyd; MSC; OOCL; Stinnes",9,54,40055.2,3378.09393939394,2080,14000,3,4,4,"{4,4,3,4,3}"
2012-06-24,CNCWN,Chiwan,TWKHH,Kaohsiung,1,1,APL,1,2,1440,174,1440,1440,3,3,3,{3}
2012-06-24,CNDCB,"Da Chan Bay",CNXMN,Xiamen,1,1,"Hapag-Lloyd; K Line; MOL; NYK",4,11,6170.36363636364,522.090909090909,5608,6500,1,1,1,{1}
2012-06-24,CNDCB,"Da Chan Bay",HKHKG,"Hong Kong",1,1,"Hapag-Lloyd; MOL; OOCL; RCL; Wan Hai",5,3,5091.33333333333,330,5087,5100,0,0,0,{0}
2012-06-24,CNDCB,"Da Chan Bay",MYPKG,"Port Klang",2,2,"CSCL; Gold Star Line; ZIM",3,21,7842.75454545455,647.645454545455,3429,4308,4,4.5,5,"{5,4}"
2012-06-24,CNDCB,"Da Chan Bay",SGSIN,Singapore,1,1,"Emirates Shipping; Hapag-Lloyd; KMTC; NYK; RCL",5,6,2834,414.833333333333,2577,3108,4,4,4,{4}
2012-06-24,CNDCB,"Da Chan Bay",VNTCT,"Cai Mep",1,1,"Evergreen Line; K Line; NYK; SITC Shipping",4,4,1708,202,1708,1708,4,4,4,{4}
2012-06-24,CNDLC,Dalian,CNSHP,Qinhuangdao,1,1,"SITC Shipping",1,3,831,130,831,831,1,1,1,{1}
2012-06-24,CNDLC,Dalian,CNTAO,Qingdao,9,9,"Alianca; ANL; APL; CMA CGM; CNC Line-Cheng Lie Navigation Co. Ltd.; COSCO; Evergreen Line; Hamburg Sud; Hanjin Shipping; Kambara Kisen Co., Ltd.; K Line; Maersk Line; MOL; MSC; OOCL; TS Lines; UASC; USL-US Lines; Yang Ming",19,53,41620.7051282051,3760.87179487179,556,13092,1,2,2,"{2,2,2,2,2,1,1,2,2}"
2012-06-24,CNDLC,Dalian,CNTXG,Xingang/Tianjin,12,12,"ANL; APL; CMA CGM; COSCO; CSCL; Delmas; Evergreen Line; Hyundai; Maersk Line; MCC; MELL; MOL; MSC; OOCL; PIL; Safmarine; SITC Shipping; UASC; Wan Hai",19,72,56133.3766233766,5803.91125541126,1102,14000,0,1,2,"{2,2,0,1,1,1,1,1,1,1,1,1}"
2012-06-24,CNDLC,Dalian,JPHKT,Hakata,1,1,"Goto Shipping; Puhai Shipping",2,1,342,40,342,342,2,2,2,{2}
2012-06-24,CNDLC,Dalian,JPMOJ,Moji,1,1,"Sinotrans; SITC Shipping",2,2,505,58,338,672,2,2,2,{2}
2012-06-24,CNDLC,Dalian,JPNGO,Nagoya,1,1,"SITC Shipping",1,3,1070,193.333333333333,1043,1118,2,2,2,{2}
2012-06-24,CNDLC,Dalian,JPOSA,Osaka,2,2,"COSCO; CSCL; Goto Shipping; Sinotrans; SITC Shipping",5,6,3661,405.5,831,2758,2,2.5,3,"{2,3}"
2012-06-24,CNDLC,Dalian,JPTYO,Tokyo,1,1,COSCO,1,3,542,200,542,542,4,4,4,{4}
2012-06-24,CNDLC,Dalian,KRICH,Inchon,2,1,"Puhai Shipping",1,2,632,60,316,316,1,1.5,2,"{2,1}"
2012-06-24,CNDLC,Dalian,KRPUS,Busan,5,5,"ANL; CK Line; CMA CGM; COSCO; CSCL; Dongjin Shipping; Dong Young; Heung-A; Hyundai; Namsung; PanOcean; Sinokor; SITC Shipping; TaiYoung Shipping; UASC",15,13,16302,1350.47619047619,712,14074,2,3,3,"{3,2,2,3,3}"
2012-06-24,CNFAN,Fangcheng,CNSHK,Shekou,1,1,"MELL; OOCL",2,1,1036,250,1036,1036,1,1,1,{1}
2012-06-24,CNFQG,Fuqing,CNCWN,Chiwan,1,1,"CMA CGM; Delmas",2,13,3006.38461538461,446.384615384615,2810,3650,1,1,1,{1}
2012-06-24,CNFQG,Fuqing,CNXMN,Xiamen,2,2,"ANL; CMA CGM; CSAV; Hapag-Lloyd; Maersk Line; MSC; Stinnes; USL-US Lines",8,21,18163.9,1329.33333333333,5527,13092,0,0.5,1,"{0,1}"
2012-06-24,CNFQG,Fuqing,CNYTN,Yantian,1,1,"CMA CGM; Maersk Line; MCC; Safmarine",4,8,6454.25,507.5,6456,8488,2,2,2,{2}
2012-06-24,CNFQG,Fuqing,KRPUS,Busan,1,1,"Maersk Line; MCC; Safmarine",3,11,4497.09090909091,190.909090909091,4496,4500,3,3,3,{3}
2012-06-24,CNLKU,Longkou,CNTXG,Xingang/Tianjin,1,1,"SITC Shipping",1,3,1070,193.333333333333,1043,1118,2,2,2,{2}
2012-06-24,CNLYG,Lianyungang,CNSHA,Shanghai,1,1,"CSCL; Evergreen Line; PO Shipping; ZIM",4,6,9219.66666666667,700,8468,9580,4,4,4,{4}
2012-06-24,CNLYG,Lianyungang,CNTAO,Qingdao,5,4,"CK Line; COSCO; CSCL; Dongjin Shipping; Goto Shipping; Heung-A; Namsung; PanOcean; TaiYoung Shipping; TS Lines",10,9,4086,601,564,1118,0,1,1,"{1,0,1,0,1}"
2012-06-24,CNLYG,Lianyungang,HKHKG,"Hong Kong",1,1,"CNC Line-Cheng Lie Navigation Co. Ltd.; K Line; TS Lines",3,3,1714.66666666667,300,1702,1740,4,4,4,{4}
2012-06-24,CNLYG,Lianyungang,KRPUS,Busan,1,1,"Puhai Shipping",1,1,392,30,392,392,2,2,2,{2}
2012-06-24,CNNGB,Ningbo,AUBNE,Brisbane,1,1,"Alianca; ANL; APL; Evergreen Line; Hamburg Sud; Hapag-Lloyd; K Line; Maersk Line; MCC; MSC; Safmarine",11,11,4477.09090909091,618.181818181818,4300,5041,10,10,10,{10}
2012-06-24,CNNGB,Ningbo,CNCWN,Chiwan,2,2,"ANL; APL; CMA CGM; CSAV; CSCL; Hamburg Sud; Hyundai; Libra-Montemar; MOL; MSC",10,21,11778.2909090909,1319.6,4250,6627,2,2.5,3,"{2,3}"
2012-06-24,CNNGB,Ningbo,CNDCB,"Da Chan Bay",2,2,"CSCL; Emirates Shipping; Hapag-Lloyd; KMTC; NYK; RCL; ZIM",7,16,7009.3,802.933333333333,2577,4308,1,2,3,"{1,3}"
2012-06-24,CNNGB,Ningbo,CNFQG,Fuqing,1,1,"CMA CGM; Maersk Line; MCC; Safmarine",4,8,6454.25,507.5,6456,8488,2,2,2,{2}
2012-06-24,CNNGB,Ningbo,CNNSA,Nansha,4,4,"ANL; CMA CGM; COSCO; Delmas; Maersk Line; MCC; Safmarine; TS Lines",8,33,24532.7337662338,1442.43181818182,3108,13092,2,2,3,"{3,2,2,2}"
2012-06-24,CNNGB,Ningbo,CNSHA,Shanghai,63,62,"ANL; APL; CK Line; CMA CGM; COSCO; CSAV; CSCL; Delmas; Dongjin Shipping; Dong Young; Evergreen Line; FESCO; Gold Star Line; Goto Shipping; Hanjin Shipping; Hapag-Lloyd; Heung-A; Hyundai; Kambara Kisen Co., Ltd.; K Line; KMTC; Libra-Montemar; Maersk Line; Matson; MCC; MOL; MSC; Namsung; NewPac; NYK; OOCL; PanCon; PanOcean; PIL; PO Shipping; Puhai Shipping; RCL; Safmarine; Sinokor; SITC Shipping; TaiYoung Shipping; TS Lines; UASC; Wan Hai; Yang Ming; ZIM",46,445,322244.747358197,28509.2514097014,392,15550,0,1,5,"{2,2,1,1,2,1,1,2,2,2,2,1,1,1,1,1,1,2,1,1,2,2,1,1,2,2,0,1,1,2,1,2,1,1,1,2,1,2,1,1,1,2,0,2,1,1,2,2,2,1,1,2,2,1,2,1,0,5,2,1,1,1,1}"
2012-06-24,CNNGB,Ningbo,CNSHK,Shekou,11,11,"Alianca; ANL; APL; CCNI; CMA CGM; COSCO; CSCL; Evergreen Line; Hamburg Sud; Hanjin Shipping; Hapag-Lloyd; Hyundai; K Line; MOL; NileDutch; NYK; OOCL; PanOcean; PIL; Sinotrans; UASC; Wan Hai; Yang Ming; ZIM",24,95,76906.2212945784,6803.27544836116,2478,14074,2,3,3,"{3,3,3,2,2,3,3,2,2,2,3}"
2012-06-24,CNNGB,Ningbo,CNXMN,Xiamen,7,7,"CMA CGM; COSCO; CSAV; CSAV Norasia; CSCL; Evergreen Line; Hanjin Shipping; Hapag-Lloyd; K Line; KMTC; Libra-Montemar; MSC; NileDutch; NYK; Sinotrans; SITC Shipping; UASC",17,49,27549.3248917749,2647.85281385281,831,8488,1,2,3,"{2,1,3,2,2,2,2}"
2012-06-24,CNNGB,Ningbo,CNYTN,Yantian,7,7,"Alianca; ANL; CMA CGM; COSCO; CSAV Norasia; CSCL; Delmas; Evergreen Line; Hamburg Sud; Hanjin Shipping; Hapag-Lloyd; Hyundai; K Line; Maersk Line; MCC; MOL; NYK; OOCL; Safmarine; X-Press; Yang Ming; ZIM",22,60,47558.7085858586,4874.48282828283,2200,14074,2,3,3,"{3,2,3,3,2,2,3}"
2012-06-24,CNNGB,Ningbo,HKHKG,"Hong Kong",14,14,"Alianca; ANL; CCNI; CMA CGM; CNC Line-Cheng Lie Navigation Co. Ltd.; COSCO; CSAV; CSAV Norasia; CSCL; Emirates Shipping; Evergreen Line; Hamburg Sud; Hanjin Shipping; Hapag-Lloyd; K Line; KMTC; Libra-Montemar; Maersk Line; MCC; MSC; OOCL; PIL; PO Shipping; RCL; Safmarine; SCI-Shipping Corp. of India; Sinotrans; SITC Shipping; TS Lines; USL-US Lines; Wan Hai; X-Press; Yang Ming; ZIM",34,113,73137.986509324,7136.85052447552,1043,14000,1,3,4,"{1,2,2,3,3,2,3,3,3,3,4,3,2,2}"
2012-06-24,CNNGB,Ningbo,JPTYO,Tokyo,1,1,"Evergreen Line",1,9,4229,450,4229,4229,2,2,2,{2}
2012-06-24,CNNGB,Ningbo,JPYOK,Yokohama,1,1,"COSCO; Hanjin Shipping; K Line; Yang Ming",4,9,4567.11111111111,356.888888888889,3764,5089,2,2,2,{2}
2012-06-24,CNNGB,Ningbo,KRPUS,Busan,3,3,"COSCO; CSCL; Evergreen Line; Hanjin Shipping; Hapag-Lloyd; K Line; MOL; NYK; PO Shipping; Yang Ming; ZIM",11,22,19594.8303030303,1492.09090909091,3725,9580,1,1,2,"{2,1,1}"
2012-06-24,CNNGB,Ningbo,MYPKG,"Port Klang",1,1,"Gold Star Line",1,8,3233.39285714286,396.25,1742,3029,7,7,7,{7}
2012-06-24,CNNGB,Ningbo,SGSIN,Singapore,3,3,"APL; COSCO; Evergreen Line; Hanjin Shipping; Hyundai; K Line; MOL; PIL; UASC; Yang Ming",10,25,20332.1428571429,1564.28571428571,1800,13092,5,5,6,"{5,6,5}"
2012-06-24,CNNGB,Ningbo,THLCH,"Laem Chabang",1,1,"Evergreen Line; Hanjin Shipping; K Line; SITC Shipping",4,4,2581,385.5,2450,2878,5,5,5,{5}
2012-06-24,CNNGB,Ningbo,TWKEL,Keelung,2,2,"CSCL; Emirates Shipping; Evergreen Line; Hyundai; K Line; MCC; MOL; NYK; PIL",9,14,10332.6666666667,856.083333333333,4014,6800,1,1.5,2,"{2,1}"
2012-06-24,CNNGB,Ningbo,TWKHH,Kaohsiung,7,7,"APL; COSCO; CSCL; Evergreen Line; Hanjin Shipping; Hyundai; K Line; KMTC; MOL; PanOcean; PIL; UASC; Wan Hai; Yang Ming",14,55,33449.4630952381,2999.29325396825,2728,6000,1,2,3,"{2,2,2,3,2,1,2}"
2012-06-24,CNNGB,Ningbo,TWTPE,Taipei,2,2,"ANL; CMA CGM; Evergreen Line; Maersk Line; MCC; MOL; Safmarine",7,17,11418.0303030303,950,4211,6696,1,1.5,2,"{1,2}"
2012-06-24,CNNGB,Ningbo,USLGB,"Long Beach CA",3,3,"CMA CGM; COSCO; Hanjin Shipping; K Line; Maersk Line; MSC; USL-US Lines; Wan Hai; Yang Ming",9,24,18189.7846153846,1494.98461538462,4252,9200,12,12,14,"{14,12,12}"
2012-06-24,CNNGB,Ningbo,USTIW,"Tacoma WA",1,1,"Evergreen Line; Hanjin Shipping; MOL; Yang Ming",4,14,5549.14285714286,562,5364,5652,10,10,10,{10}
2012-06-24,CNNSA,Nansha,CNCWN,Chiwan,1,1,"Alianca; ANL; CMA CGM; CSAV; CSCL; Hamburg Sud; Libra-Montemar; Maersk Line; Safmarine",9,11,4223.27272727273,409.727272727273,3400,4600,1,1,1,{1}
2012-06-24,CNNSA,Nansha,CNSHA,Shanghai,1,1,"CMA CGM; Maersk Line; MCC; Safmarine",4,8,6454.25,507.5,6456,8488,3,3,3,{3}
2012-06-24,CNNSA,Nansha,CNSHK,Shekou,3,3,"COSCO; Evergreen Line; Gold Star Line; IAL-Interasia Lines; K Line; NYK; OOCL; PIL; Wan Hai; Yang Ming",10,12,7130,639.166666666667,1510,4250,0,1,1,"{1,1,0}"
2012-06-24,CNNSA,Nansha,CNTAO,Qingdao,1,1,"Maersk Line; MCC",2,12,8474.75,709.166666666667,8004,8950,5,5,5,{5}
2012-06-24,CNNSA,Nansha,CNTXG,Xingang/Tianjin,1,1,"ANL; CMA CGM; COSCO; CSCL; Hyundai; UASC",6,7,12818,957.142857142857,9580,14074,6,6,6,{6}
2012-06-24,CNNSA,Nansha,CNYTN,Yantian,3,3,"ANL; CMA CGM; Delmas; Hapag-Lloyd; Maersk Line; MCC; NYK; OOCL; Safmarine",9,39,27854,1861.43939393939,8004,13092,0,1,1,"{1,0,1}"
2012-06-24,CNNSA,Nansha,DEHAM,Hamburg,1,1,"COSCO; Evergreen Line; Hanjin Shipping; K Line; PIL; Yang Ming",6,9,10522.3333333333,766.666666666667,9449,13092,22,22,22,{22}
2012-06-24,CNNSA,Nansha,HKHKG,"Hong Kong",5,5,"COSCO; CSCL; Hanjin Shipping; K Line; Maersk Line; MCC; PIL; PO Shipping; TS Lines; Wan Hai; ZIM",11,28,25597.1388888889,2525.86111111111,2546,8950,0,1,1,"{0,1,1,1,1}"
2012-06-24,CNNSA,Nansha,JPOSA,Osaka,1,1,"SITC Shipping",1,4,1172,137.5,1025,1221,5,5,5,{5}
2012-06-24,CNNSA,Nansha,MYPKG,"Port Klang",1,1,"CMA CGM; Delmas",2,13,3006.38461538461,446.384615384615,2810,3650,5,5,5,{5}
2012-06-24,CNNSA,Nansha,MYTPP,"Tanjung Pelepas",6,6,"ANL; CMA CGM; Delmas; Maersk Line; MCC; Safmarine; X-Press",7,52,33744.155988456,2479.15909090909,2008,9658,3,3.5,5,"{3,3,4,5,3,5}"
2012-06-24,CNSHA,Shanghai,CAPRR,"Prince Rupert BC",1,1,"COSCO; Hanjin Shipping; K Line; Yang Ming",4,6,7087.5,500.166666666667,5250,7455,10,10,10,{10}
2012-06-24,CNSHA,Shanghai,CNCWN,Chiwan,1,1,MSC,1,13,8652.30769230769,665.384615384615,8034,9200,3,3,3,{3}
2012-06-24,CNSHA,Shanghai,CNDCB,"Da Chan Bay",2,2,"Evergreen Line; Gold Star Line; K Line; NYK; SITC Shipping; ZIM",6,15,5375.45454545455,461.545454545455,1708,4253,3,3.5,4,"{4,3}"
2012-06-24,CNSHA,Shanghai,CNDLC,Dalian,4,4,"MELL; OOCL; PIL; Wan Hai",4,17,8644.95238095238,1715.88095238095,1114,1890,2,2.5,3,"{2,3,2,3}"
2012-06-24,CNSHA,Shanghai,CNFQG,Fuqing,1,1,"CMA CGM; Delmas",2,13,3006.38461538461,446.384615384615,2810,3650,2,2,2,{2}
2012-06-24,CNSHA,Shanghai,CNNGB,Ningbo,66,65,"Alianca; ANL; APL; CCNI; CMA CGM; CNC Line-Cheng Lie Navigation Co. Ltd.; COSCO; CSAV; CSAV Norasia; CSCL; Delmas; Emirates Shipping; Evergreen Line; Gold Star Line; Hamburg Sud; Hanjin Shipping; Hapag-Lloyd; Hyundai; K Line; KMTC; Libra-Montemar; Maersk Line; MCC; MOL; MSC; NileDutch; NYK; OOCL; PanOcean; PIL; PO Shipping; RCL; Safmarine; SCI-Shipping Corp. of India; Sinotrans; SITC Shipping; TS Lines; UASC; USL-US Lines; Wan Hai; X-Press; Yang Ming; ZIM",43,551,372485.229773599,34439.1681445539,1043,14074,0,1,2,"{1,1,2,0,1,1,1,1,1,1,0,0,1,1,1,1,1,1,0,1,1,2,1,1,1,1,0,1,1,2,2,0,2,2,1,1,1,2,1,1,1,1,1,1,1,1,1,2,1,2,1,1,2,1,2,2,1,1,1,1,1,2,1,1,1,1}"
2012-06-24,CNSHA,Shanghai,CNNSA,Nansha,3,3,"Maersk Line; MCC; Safmarine; X-Press",4,29,16196.7833333333,1359.91666666667,2008,8950,3,3,3,"{3,3,3}"
2012-06-24,CNSHA,Shanghai,CNSHK,Shekou,3,3,"ANL; APL; CSCL; Hamburg Sud; Hapag-Lloyd; Hyundai; Maersk Line; MOL; NYK; OOCL",10,24,18706.8333333333,1494.44444444444,4050,8600,2,2,3,"{3,2,2}"
2012-06-24,CNSHA,Shanghai,CNSWA,Shantou,1,1,"CMA CGM; Delmas",2,10,2305.3,408.7,2080,2758,2,2,2,{2}
2012-06-24,CNSHA,Shanghai,CNTAO,Qingdao,5,5,"CMA CGM; COSCO; CSAV; CSCL; Hanjin Shipping; Hapag-Lloyd; K Line; Libra-Montemar; NewPac; NYK; OOCL; PIL; SCI-Shipping Corp. of India; TS Lines; ZIM",15,29,25313.080952381,2836.7880952381,1740,8749,1,2,4,"{2,2,4,1,2}"
2012-06-24,CNSHA,Shanghai,CNXMN,Xiamen,10,10,"ANL; CMA CGM; COSCO; CSCL; Delmas; Evergreen Line; FESCO; Gold Star Line; Hanjin Shipping; Hapag-Lloyd; Hyundai; K Line; Maersk Line; MCC; MOL; MSC; NYK; OOCL; PIL; Safmarine; Samudera; UASC; Yang Ming; ZIM",24,90,72988.4267676768,5717.12626262626,1169,14000,1,2,3,"{2,2,2,1,2,3,3,1,1,2}"
2012-06-24,CNSHA,Shanghai,CNYTN,Yantian,10,10,"Alianca; ANL; APL; BTL-Bengal Tiger Line; CMA CGM; COSCO; CSCL; Evergreen Line; Hamburg Sud; Hanjin Shipping; Hapag-Lloyd; Hyundai; K Line; Maersk Line; MCC; MOL; MSC; NYK; OOCL; Safmarine; TS Lines; UASC; Yang Ming",23,90,80817.2696969697,6360.85454545455,2200,15550,2,3,4,"{2,4,2,3,3,2,4,2,3,3}"
2012-06-24,CNSHA,Shanghai,HKHKG,"Hong Kong",15,15,"Alianca; APL; CK Line; COSCO; CSCL; Gold Star Line; Hamburg Sud; Hanjin Shipping; Hapag-Lloyd; Heung-A; Hyundai; IAL-Interasia Lines; K Line; KMTC; Maersk Line; MCC; MOL; NYK; OOCL; PanOcean; PO Shipping; Sinokor; SITC Shipping; TS Lines; Wan Hai; X-Press; Yang Ming; ZIM",28,87,53368.3005827506,5341.65512820513,1025,8950,1,3,3,"{1,3,3,2,3,2,3,3,3,2,2,3,2,2,3}"
2012-06-24,CNSHA,Shanghai,JPFKY,Fukuyama,1,1,"Kambara Kisen Co., Ltd.",1,1,556,100,556,556,3,3,3,{3}
2012-06-24,CNSHA,Shanghai,JPHKT,Hakata,3,3,"CSCL; Dongjin Shipping; Dong Young; Goto Shipping; Namsung; Sinotrans; SITC Shipping; TaiYoung Shipping; TS Lines",9,4,2456,432,338,998,2,2,3,"{3,2,2}"
2012-06-24,CNSHA,Shanghai,JPIMI,Imari,1,1,"Kambara Kisen Co., Ltd.",1,3,880.666666666667,102,855,932,2,2,2,{2}
2012-06-24,CNSHA,Shanghai,JPNGO,Nagoya,6,6,"COSCO; CSCL; Goto Shipping; HASCO; Jin Jiang; SITC Shipping; TS Lines",7,8,4415,521,564,850,2,2,2,"{2,2,2,2,2,2}"
2012-06-24,CNSHA,Shanghai,JPOSA,Osaka,8,8,"Centrans; COSCO; CSCL; Goto Shipping; HASCO; Jin Jiang; Puhai Shipping; Sinokor; SITC Shipping; TS Lines",10,10,6730,1002,679,1118,2,2,3,"{2,2,2,3,2,2,2,2}"
2012-06-24,CNSHA,Shanghai,JPSMN,"Sakaiminato (N Coast)",1,1,"Kambara Kisen Co., Ltd.",1,2,907,120,907,907,3,3,3,{3}
2012-06-24,CNSHA,Shanghai,JPTYO,Tokyo,10,9,"Centrans; COSCO; CSCL; Evergreen Line; Goto Shipping; Hanjin Shipping; Jin Jiang; K Line; Puhai Shipping; Sinotrans; SITC Shipping; TS Lines; Yang Ming",13,21,10976.3333333333,2017.16666666667,698,2878,2,3,4,"{2,3,4,3,3,2,2,2,4,4}"
2012-06-24,CNSHA,Shanghai,JPUKB,Kobe,1,1,"ACL-Atlantic Container Line; Hapag-Lloyd; NYK; OOCL",4,14,4710.78571428571,384.857142857143,4545,4890,2,2,2,{2}
2012-06-24,CNSHA,Shanghai,KRICH,Inchon,3,3,"CK Line; Dong Young; Heung-A; MCC; Namsung; PanCon; PanOcean; TaiYoung Shipping",8,3,2751,667,698,1349,2,2,2,"{2,2,2}"
2012-06-24,CNSHA,Shanghai,KRKAN,Gwangyang,3,3,"APL; COSCO; Dong Young; Hanjin Shipping; Hyundai; K Line; MCC; MOL; Namsung; Yang Ming",10,12,12721.4,1020,962,6800,1,1,2,"{1,2,1}"
2012-06-24,CNSHA,Shanghai,KRKPO,Pohang,1,1,"KMTC; MCC; PanOcean",3,4,2824,586,2824,2824,3,3,3,{3}
2012-06-24,CNSHA,Shanghai,KRPUS,Busan,31,31,"ANL; APL; CMA CGM; COSCO; CSAV; CSCL; Delmas; Dong Young; Gold Star Line; Hanjin Shipping; Hapag-Lloyd; Heung-A; Hyundai; K Line; KMTC; Libra-Montemar; Maersk Line; MCC; MOL; MSC; Namsung; NYK; OOCL; PanCon; PanOcean; Puhai Shipping; Safmarine; Sinokor; Sinotrans; TaiYoung Shipping; TS Lines; UASC; USL-US Lines; X-Press; Yang Ming; ZIM",36,185,116298.958026696,10947.2272366522,392,9200,1,2,3,"{3,2,1,1,1,3,2,1,1,1,2,2,1,1,1,2,2,1,2,2,2,2,1,2,3,1,2,2,1,2,2}"
2012-06-24,CNSHA,Shanghai,MXLZC,"Lazaro Cardenas",1,1,"Maersk Line; MCC",2,9,8416.88888888889,702.444444444444,7226,8950,16,16,16,{16}
2012-06-24,CNSHA,Shanghai,MXZLO,"Manzanillo, MEX",1,1,"COSCO; Evergreen Line; PIL; Wan Hai",4,10,4554,363.5,3800,5100,16,16,16,{16}
2012-06-24,CNSHA,Shanghai,MYTPP,"Tanjung Pelepas",1,1,MCC,1,5,1697.2,341.6,1634,1713,7,7,7,{7}
2012-06-24,CNSHA,Shanghai,PHMNL,Manila,1,1,"CNC Line-Cheng Lie Navigation Co. Ltd.; Heung-A; PanOcean",3,3,1740,315,1740,1740,4,4,4,{4}
2012-06-24,CNSHA,Shanghai,RUVYP,Vostochniy,1,1,FESCO,1,2,3104,475,3100,3108,3,3,3,{3}
2012-06-24,CNSHA,Shanghai,SGSIN,Singapore,1,1,"CMA CGM; MSC",2,11,12945.2727272727,909.090909090909,12400,14000,5,5,5,{5}
2012-06-24,CNSHA,Shanghai,THLCH,"Laem Chabang",1,1,"OOCL; RCL",2,3,1250.66666666667,236.666666666667,1228,1296,6,6,6,{6}
2012-06-24,CNSHA,Shanghai,TWKEL,Keelung,2,2,"CMA CGM; CSAV; CSCL; Libra-Montemar; MCC; MSC",6,17,11487.5166666667,1250.46666666667,2732,9200,1,2.5,4,"{4,1}"
2012-06-24,CNSHA,Shanghai,TWKHH,Kaohsiung,1,1,"Gold Star Line; MCC",2,5,1717.8,198.8,1679,1728,3,3,3,{3}
2012-06-24,CNSHA,Shanghai,TWTPE,Taipei,1,1,"CMA CGM; Evergreen Line",2,11,7310.09090909091,801.090909090909,7024,8073,2,2,2,{2}
2012-06-24,CNSHA,Shanghai,USLAX,"Los Angeles CA",1,1,"ANL; CMA CGM; Maersk Line; MSC; USL-US Lines",5,6,9103.66666666667,743.333333333333,8189,11660,13,13,13,{13}
2012-06-24,CNSHA,Shanghai,USLGB,"Long Beach CA",3,3,"COSCO; Hanjin Shipping; K Line; Matson; PIL; Yang Ming",6,20,8959.67301587302,790.47619047619,1398,4520,10,12,14,"{14,12,10}"
2012-06-24,CNSHA,Shanghai,USNYC,"New York NY/NJ",2,2,"CMA CGM; CSCL; Hapag-Lloyd; NYK; OOCL; UASC; USL-US Lines",7,18,9130.44444444445,773.333333333333,4051,4922,24,25,26,"{26,24}"
2012-06-24,CNSHA,Shanghai,VNHPH,Haiphong,1,1,"Hanjin Shipping; Sinotrans",2,2,1073,234,1061,1085,6,6,6,{6}
2012-06-24,CNSHA,Shanghai,VNSGN,"Ho Chi Minh (VICT/Cat Lai)",2,2,"CNC Line-Cheng Lie Navigation Co. Ltd.; Hyundai; NYK; PanOcean; Yang Ming",5,6,2960.66666666667,383.666666666667,1005,1819,5,5,5,"{5,5}"
2012-06-24,CNSHA,Shanghai,VNTCT,"Cai Mep",1,1,"ANL; CMA CGM; CSCL; Delmas; Evergreen Line; MSC; UASC",7,11,11232.3636363636,763.636363636364,10960,11388,3,3,3,{3}
2012-06-24,CNSHK,Shekou,AUSYD,Sydney,1,1,"PO Shipping; TS Lines",2,5,3024.6,329.2,2546,3635,11,11,11,{11}
2012-06-24,CNSHK,Shekou,CNSHA,Shanghai,1,1,"COSCO; Hanjin Shipping; K Line; Yang Ming",4,6,7321.66666666667,516.666666666667,6655,7455,3,3,3,{3}
2012-06-24,CNSHK,Shekou,CNSWA,Shantou,1,1,"Heung-A; Namsung",2,2,706,165,706,706,1,1,1,{1}
2012-06-24,CNSHK,Shekou,CNXMN,Xiamen,7,7,"Alianca; CCNI; CNC Line-Cheng Lie Navigation Co. Ltd.; CSCL; Evergreen Line; Hamburg Sud; Hanjin Shipping; Heung-A; Hyundai; IAL-Interasia Lines; K Line; MCC; MOL; Wan Hai; Yang Ming; ZIM",16,31,14971.75,1706.62121212121,650,5744,0,1,2,"{2,0,1,2,1,1,1}"
2012-06-24,CNSHK,Shekou,CNYTN,Yantian,1,1,"APL; Hapag-Lloyd; Hyundai; MOL; NYK; OOCL",6,10,8342.3,606,6750,8600,1,1,1,{1}
2012-06-24,CNSHK,Shekou,HKHKG,"Hong Kong",28,28,"Alianca; ANL; APL; CCNI; CMA CGM; COSCO; CSCL; Evergreen Line; Gold Star Line; Hamburg Sud; Hanjin Shipping; Hapag-Lloyd; Heung-A; Hyundai; K Line; KMTC; Maersk Line; MCC; MELL; MOL; Namsung; NYK; OOCL; PanOcean; PIL; RCL; Sinokor; TS Lines; UASC; Wan Hai; Yang Ming; ZIM",32,163,117918.436147186,11069.1843434343,1018,14074,0,1,2,"{1,0,1,1,1,1,1,1,1,2,1,1,0,1,1,0,0,1,0,0,1,1,1,2,1,0,1,1}"
2012-06-24,CNSHK,Shekou,IDJKT,"Jakarta, Java",1,1,"Evergreen Line; Wan Hai",2,3,1515.33333333333,150,1368,1618,6,6,6,{6}
2012-06-24,CNSHK,Shekou,JPHKT,Hakata,1,1,"COSCO; Sinotrans; SITC Shipping",3,4,903,104,831,1016,5,5,5,{5}
2012-06-24,CNSHK,Shekou,JPOSA,Osaka,1,1,"CNC Line-Cheng Lie Navigation Co. Ltd.; TS Lines",2,4,1693.5,198,1679,1708,3,3,3,{3}
2012-06-24,CNSHK,Shekou,JPTYO,Tokyo,3,3,"Alianca; Evergreen Line; Hamburg Sud; IAL-Interasia Lines; TS Lines; Wan Hai",6,7,4436.5,442,1061,1800,5,5,6,"{5,5,6}"
2012-06-24,CNSHK,Shekou,KRICH,Inchon,2,2,"CNC Line-Cheng Lie Navigation Co. Ltd.; Heung-A; PanOcean; Yang Ming",4,6,3335.66666666667,570,1408,1819,3,3.5,4,"{3,4}"
2012-06-24,CNSHK,Shekou,KRPUS,Busan,1,1,"Heung-A; Namsung",2,2,650,50,650,650,2,2,2,{2}
2012-06-24,CNSHK,Shekou,MYPKG,"Port Klang",5,5,"ANL; CMA CGM; COSCO; CSCL; Evergreen Line; Hanjin Shipping; Hyundai; IAL-Interasia Lines; PO Shipping; TS Lines; UASC; Wan Hai; Yang Ming",13,33,30170.4333333333,2643.50952380952,1510,14074,4,4,5,"{5,5,4,4,4}"
2012-06-24,CNSHK,Shekou,MYTPP,"Tanjung Pelepas",1,1,"COSCO; Evergreen Line",2,7,5365.71428571429,489.428571428571,5090,5652,4,4,4,{4}
2012-06-24,CNSHK,Shekou,PHMNL,Manila,3,3,"Evergreen Line; OOCL; Sinotrans; SITC Shipping; Wan Hai; Yang Ming",6,7,5514.33333333333,946.666666666667,1043,2700,1,2,2,"{1,2,2}"
2012-06-24,CNSHK,Shekou,SGSIN,Singapore,18,18,"APL; CCNI; CMA CGM; COSCO; CSAV Norasia; CSCL; Emirates Shipping; Evergreen Line; Hanjin Shipping; Hapag-Lloyd; Hyundai; IAL-Interasia Lines; K Line; KMTC; MOL; NileDutch; NYK; OOCL; PIL; SCI-Shipping Corp. of India; UASC; Wan Hai; X-Press; Yang Ming; ZIM",25,123,93481.5779323851,9180.24579468151,2478,9449,3,4,5,"{5,3,3,3,3,3,5,4,4,4,4,4,4,3,4,5,4,3}"
2012-06-24,CNSHK,Shekou,THBKK,"Bangkok (Old Port)",1,1,"NYK; RCL",2,3,1064.33333333333,90,1018,1157,4,4,4,{4}
2012-06-24,CNSHK,Shekou,THLCH,"Laem Chabang",2,2,"CNC Line-Cheng Lie Navigation Co. Ltd.; CSCL; MCC; TS Lines; ZIM",5,8,4487.25,548.5,1679,3029,4,4,4,"{4,4}"
2012-06-24,CNSHK,Shekou,TWKEL,Keelung,1,1,"Hyundai; KMTC; Sinokor",3,3,1560.66666666667,216.666666666667,1512,1585,1,1,1,{1}
2012-06-24,CNSHK,Shekou,TWKHH,Kaohsiung,2,2,"APL; Hanjin Shipping; Hapag-Lloyd; Hyundai; MOL; NYK; OOCL; PanOcean; Sinotrans; Yang Ming",10,16,13038.6,1207.27272727273,4250,9300,1,1.5,2,"{2,1}"
2012-06-24,CNSHK,Shekou,VNSGN,"Ho Chi Minh (VICT/Cat Lai)",1,1,"CNC Line-Cheng Lie Navigation Co. Ltd.; K Line; TS Lines",3,3,1714.66666666667,300,1702,1740,3,3,3,{3}
2012-06-24,CNSHP,Qinhuangdao,CNTXG,Xingang/Tianjin,1,1,"SITC Shipping",1,3,831,130,831,831,2,2,2,{2}
2012-06-24,CNSWA,Shantou,CNXMN,Xiamen,2,2,"COSCO; Heung-A; Namsung; TS Lines",4,4,2084,295,706,1378,1,1,1,"{1,1}"
2012-06-24,CNSWA,Shantou,HKHKG,"Hong Kong",1,1,"CMA CGM; Delmas",2,10,2305.3,408.7,2080,2758,1,1,1,{1}
2012-06-24,CNTAO,Qingdao,CAPRR,"Prince Rupert BC",1,1,"COSCO; Hanjin Shipping; K Line; Yang Ming",4,6,5304.33333333333,500.833333333333,5250,5576,10,10,10,{10}
2012-06-24,CNTAO,Qingdao,CNLYG,Lianyungang,2,2,"CNC Line-Cheng Lie Navigation Co. Ltd.; CSCL; Evergreen Line; K Line; PO Shipping; TS Lines; ZIM",7,9,10934.3333333333,1000,1702,9580,1,1,1,"{1,1}"
2012-06-24,CNTAO,Qingdao,CNNGB,Ningbo,13,13,"APL; CMA CGM; COSCO; CSCL; Evergreen Line; Hanjin Shipping; Hapag-Lloyd; Hyundai; K Line; Maersk Line; MCC; MOL; MSC; NYK; OOCL; Safmarine; TS Lines; UASC; Yang Ming; ZIM",20,119,100321.021284271,7751.01183261183,2008,14000,1,2,4,"{3,2,2,2,1,2,3,1,4,1,2,2,2}"
2012-06-24,CNTAO,Qingdao,CNSHA,Shanghai,21,21,"Alianca; ANL; APL; CK Line; CMA CGM; CNC Line-Cheng Lie Navigation Co. Ltd.; COSCO; CSAV Norasia; CSCL; Delmas; Emirates Shipping; Evergreen Line; Hamburg Sud; Hanjin Shipping; Hapag-Lloyd; Heung-A; Hyundai; K Line; KMTC; Maersk Line; MCC; MOL; MSC; NileDutch; NYK; OOCL; PanOcean; PIL; RCL; Safmarine; TS Lines; UASC; USL-US Lines; Wan Hai; X-Press; Yang Ming",36,155,111653.113502371,10958.9084930942,1408,14000,1,2,3,"{1,2,2,1,1,2,2,2,2,2,2,1,2,1,1,3,1,2,3,2,1}"
2012-06-24,CNTAO,Qingdao,CNSHK,Shekou,1,1,"OOCL; Wan Hai",2,4,1404,97.5,1368,1512,4,4,4,{4}
2012-06-24,CNTAO,Qingdao,CNTXG,Xingang/Tianjin,1,1,"Maersk Line; MCC; Safmarine; X-Press",4,5,4295.2,334,4224,4425,2,2,2,{2}
2012-06-24,CNTAO,Qingdao,CNXMN,Xiamen,1,1,FESCO,1,2,1060,102,1060,1060,2,2,2,{2}
2012-06-24,CNTAO,Qingdao,HKHKG,"Hong Kong",3,3,"MCC; MELL",2,8,6617.66666666667,1738,1114,1713,4,4,5,"{4,4,5}"
2012-06-24,CNTAO,Qingdao,JPFKY,Fukuyama,1,1,"Kambara Kisen Co., Ltd.",1,3,880.666666666667,102,855,932,3,3,3,{3}
2012-06-24,CNTAO,Qingdao,JPMAI,Maizuru,1,1,"Kambara Kisen Co., Ltd.",1,2,570.5,75,556,585,3,3,3,{3}
2012-06-24,CNTAO,Qingdao,JPMOJ,Moji,1,1,"Centrans; Goto Shipping; Puhai Shipping; Sinotrans",4,2,877,231,877,877,3,3,3,{3}
2012-06-24,CNTAO,Qingdao,JPOSA,Osaka,2,2,"COSCO; CSCL; Goto Shipping; TS Lines",4,4,1682,331,564,1118,2,2,2,"{2,2}"
2012-06-24,CNTAO,Qingdao,JPTYO,Tokyo,3,3,"Centrans; CSCL; Goto Shipping; Puhai Shipping; Sinotrans; SITC Shipping; TS Lines",7,7,3097,631,877,1118,3,3,3,"{3,3,3}"
2012-06-24,CNTAO,Qingdao,KRICH,Inchon,2,1,"CK Line; PanOcean; TaiYoung Shipping",3,2,2024,180,1012,1012,2,2,2,"{2,2}"
2012-06-24,CNTAO,Qingdao,KRKAN,Gwangyang,1,1,"Dongjin Shipping; Namsung; PanOcean",3,2,701,,700,702,1,1,1,{1}
2012-06-24,CNTAO,Qingdao,KRPUS,Busan,14,14,"Alianca; ANL; APL; CK Line; CMA CGM; COSCO; CSAV; CSCL; Delmas; Dong Young; Hamburg Sud; Hanjin Shipping; Hapag-Lloyd; Heung-A; K Line; Libra-Montemar; Maersk Line; MCC; MOL; MSC; Namsung; NewPac; NYK; OOCL; PanCon; PanOcean; PIL; Safmarine; SCI-Shipping Corp. of India; Sinokor; TaiYoung Shipping; ZIM",32,82,57625.5860805861,5498.34928404928,585,13092,1,2,6,"{3,2,2,2,2,2,2,2,1,6,2,2,2,2}"
2012-06-24,CNTAO,Qingdao,SGSIN,Singapore,1,1,"Evergreen Line; K Line; Maersk Line; MCC; Safmarine; Simatech",6,6,2474.83333333333,243.666666666667,2878,4363,8,8,8,{8}
2012-06-24,CNTAO,Qingdao,THLCH,"Laem Chabang",1,1,"CK Line; CNC Line-Cheng Lie Navigation Co. Ltd.; Heung-A; PanOcean",4,3,1458.66666666667,208,1440,1496,8,8,8,{8}
2012-06-24,CNTXG,Xingang/Tianjin,CNDLC,Dalian,15,15,"Alianca; ANL; APL; CK Line; CMA CGM; CNC Line-Cheng Lie Navigation Co. Ltd.; COSCO; CSCL; Evergreen Line; Goto Shipping; Hamburg Sud; Hanjin Shipping; Heung-A; Hyundai; Kambara Kisen Co., Ltd.; K Line; Maersk Line; MOL; MSC; OOCL; PanOcean; Sinokor; Sinotrans; SITC Shipping; TaiYoung Shipping; TS Lines; UASC; USL-US Lines; Yang Ming",29,73,60577.7051282051,5566.84798534798,542,14074,1,1,2,"{1,1,1,1,2,2,2,1,1,1,2,1,2,1,1}"
2012-06-24,CNTXG,Xingang/Tianjin,CNSHA,Shanghai,1,1,"Maersk Line; MCC; Safmarine; X-Press",4,5,4295.2,334,4224,4425,3,3,3,{3}
2012-06-24,CNTXG,Xingang/Tianjin,CNTAO,Qingdao,12,12,"CMA CGM; CSAV; CSCL; Dong Young; Emirates Shipping; Evergreen Line; FESCO; Hapag-Lloyd; K Line; KMTC; Libra-Montemar; Maersk Line; MCC; MELL; MSC; Namsung; NileDutch; NYK; OOCL; PIL; RCL; Safmarine; Simatech; Wan Hai",24,63,37013.8575139147,5190.7680890538,1024,9700,1,2,2,"{2,2,2,1,2,2,1,2,2,1,1,2}"
2012-06-24,CNTXG,Xingang/Tianjin,CNYIK,Yingkou,1,1,COSCO,1,3,1855.33333333333,143.333333333333,1702,1932,2,2,2,{2}
2012-06-24,CNTXG,Xingang/Tianjin,CNYNT,Yantai,5,5,"COSCO; Sinotrans; SITC Shipping",3,12,4886,691.333333333333,338,1378,1,1,1,"{1,1,1,1,1}"
2012-06-24,CNTXG,Xingang/Tianjin,KRICH,Inchon,1,1,"Dong Young; Namsung",2,1,412,48,412,412,3,3,3,{3}
2012-06-24,CNTXG,Xingang/Tianjin,KRKAN,Gwangyang,3,3,"CMA CGM; COSCO; Hanjin Shipping; K Line; Maersk Line; MCC; MSC; Safmarine; UASC; Yang Ming",10,29,29665.6883116883,2181.81818181818,5700,14000,1,2,3,"{3,1,2}"
2012-06-24,CNTXG,Xingang/Tianjin,KRPTK,Pyongtaek,1,1,"Hanjin Shipping; Heung-A; MOL; PanOcean",4,4,2641,52,2535,2959,1,1,1,{1}
2012-06-24,CNTXG,Xingang/Tianjin,KRPUS,Busan,5,5,"ANL; APL; CMA CGM; CSCL; Delmas; Dongjin Shipping; Dong Young; Evergreen Line; Heung-A; Hyundai; Maersk Line; MCC; MOL; MSC; Namsung; Safmarine; Sinokor; TaiYoung Shipping; UASC",19,36,36478.7272727273,2813.63636363636,1129,14000,1,2,3,"{1,2,3,2,3}"
2012-06-24,CNWEI,Weihai,CNTAO,Qingdao,1,1,"Centrans; Goto Shipping; Puhai Shipping; Sinotrans",4,2,877,231,877,877,1,1,1,{1}
2012-06-24,CNXMN,Xiamen,CNCWN,Chiwan,2,2,"ANL; APL; CMA CGM; Maersk Line; MSC; USL-US Lines",6,12,15529.3333333333,1176.33333333333,4113,13092,1,1.5,2,"{2,1}"
2012-06-24,CNXMN,Xiamen,CNDLC,Dalian,1,1,COSCO,1,3,1855.33333333333,143.333333333333,1702,1932,5,5,5,{5}
2012-06-24,CNXMN,Xiamen,CNFQG,Fuqing,1,1,"Maersk Line; MCC; Safmarine",3,11,4497.09090909091,190.909090909091,4496,4500,1,1,1,{1}
2012-06-24,CNXMN,Xiamen,CNNGB,Ningbo,4,4,"CMA CGM; Delmas; Maersk Line; Matson; MCC; MSC; Safmarine",7,26,23014.4818181818,1961.81818181818,877,14000,1,2,3,"{3,2,2,1}"
2012-06-24,CNXMN,Xiamen,CNNSA,Nansha,2,2,"COSCO; Gold Star Line; K Line; Maersk Line; MCC; NYK; OOCL; PIL",8,15,12279.8888888889,969.111111111111,3764,8950,1,1,1,"{1,1}"
2012-06-24,CNXMN,Xiamen,CNSHA,Shanghai,5,5,"Alianca; ANL; CCNI; CMA CGM; CSCL; Delmas; Gold Star Line; Hamburg Sud; Hanjin Shipping; Hapag-Lloyd; Hyundai; K Line; Maersk Line; MCC; MOL; MSC; NYK; Safmarine; USL-US Lines; ZIM",20,48,31618.7070707071,2572.09090909091,3398,9658,2,3,3,"{3,2,3,3,3}"
2012-06-24,CNXMN,Xiamen,CNSHK,Shekou,5,5,"APL; CSAV Norasia; CSCL; Hanjin Shipping; Hapag-Lloyd; Hyundai; K Line; KMTC; MOL; NileDutch; NYK; OOCL; UASC; Yang Ming; ZIM",15,43,27660.0606060606,2506.47474747475,2478,9300,0,1,2,"{0,1,2,1,2}"
2012-06-24,CNXMN,Xiamen,CNTAO,Qingdao,1,1,"Maersk Line; MCC",2,10,7342.5,780.9,6418,8063,1,1,1,{1}
2012-06-24,CNXMN,Xiamen,CNYTN,Yantian,5,5,"CMA CGM; COSCO; CSCL; Evergreen Line; Hanjin Shipping; Hapag-Lloyd; Maersk Line; MCC; MSC; NYK; OOCL; Safmarine; ZIM",13,49,36196.2373737374,2792.32929292929,1713,14000,1,1,2,"{1,1,2,1,1}"
2012-06-24,CNXMN,Xiamen,HKHKG,"Hong Kong",12,12,"ANL; CMA CGM; COSCO; CSAV; CSCL; Delmas; Evergreen Line; FESCO; Hanjin Shipping; Hapag-Lloyd; K Line; Libra-Montemar; MOL; MSC; NYK; OOCL; Samudera; Sinotrans; SITC Shipping; TS Lines; UASC; USL-US Lines; Yang Ming; ZIM",24,78,63066.5222222222,5297.48888888889,831,13880,1,1,3,"{1,2,1,2,1,2,1,3,1,1,2,1}"
2012-06-24,CNXMN,Xiamen,JPIMI,Imari,1,1,Heung-A,1,2,650,50,650,650,5,5,5,{5}
2012-06-24,CNXMN,Xiamen,JPNGO,Nagoya,1,1,"CNC Line-Cheng Lie Navigation Co. Ltd.; Yang Ming",2,3,1782.66666666667,183.333333333333,1748,1800,4,4,4,{4}
2012-06-24,CNXMN,Xiamen,JPOSA,Osaka,5,5,"Evergreen Line; OOCL; Puhai Shipping; TS Lines; Wan Hai; Yang Ming",6,16,8487.66666666667,1156,614,2742,2,3,4,"{4,3,2,2,3}"
2012-06-24,CNXMN,Xiamen,JPTYO,Tokyo,4,4,"COSCO; CSCL; IAL-Interasia Lines; K Line; MCC; MELL; MOL; OOCL; TS Lines; Wan Hai; ZIM",11,12,10354.4166666667,1077.83333333333,1368,4583,3,3,4,"{3,4,3,3}"
2012-06-24,CNXMN,Xiamen,KRICH,Inchon,4,4,"CK Line; CNC Line-Cheng Lie Navigation Co. Ltd.; Heung-A; Hyundai; KMTC; Namsung; PanOcean; TS Lines",8,11,4912.66666666667,794.333333333333,706,1708,2,3,4,"{3,4,2,3}"
2012-06-24,CNXMN,Xiamen,KRPUS,Busan,1,1,"APL; Hamburg Sud; Hyundai; MOL",4,10,5458.2,479.6,4250,6350,2,2,2,{2}
2012-06-24,CNXMN,Xiamen,RUVYP,Vostochniy,1,1,FESCO,1,2,1060,102,1060,1060,3,3,3,{3}
2012-06-24,CNXMN,Xiamen,TWKHH,Kaohsiung,4,4,"COSCO; CSAV; Evergreen Line; Hanjin Shipping; Hapag-Lloyd; K Line; MSC; Stinnes; UASC; Yang Ming",10,40,28944.2253968254,2426.53968253968,5090,9200,1,1.5,2,"{1,1,2,2}"
2012-06-24,CNXMN,Xiamen,USLAX,"Los Angeles CA",1,1,"APL; Hyundai; MOL",3,7,6622.28571428571,593.714285714286,5506,6900,13,13,13,{13}
2012-06-24,CNXMN,Xiamen,USLGB,"Long Beach CA",1,1,"COSCO; Hanjin Shipping; K Line; PIL; PO Shipping; Wan Hai",6,5,8436,700,8200,8495,12,12,12,{12}
2012-06-24,CNXMN,Xiamen,VNSGN,"Ho Chi Minh (VICT/Cat Lai)",1,1,"Gold Star Line",1,4,1295,71,1169,1367,4,4,4,{4}
2012-06-24,CNYIK,Yingkou,CNNGB,Ningbo,1,1,COSCO,1,3,1855.33333333333,143.333333333333,1702,1932,3,3,3,{3}
2012-06-24,CNYIK,Yingkou,CNTXG,Xingang/Tianjin,1,1,COSCO,1,3,542,200,542,542,10,10,10,{10}
2012-06-24,CNYNT,Yantai,CNDLC,Dalian,2,2,"Sinotrans; SITC Shipping",2,5,1575,251.333333333333,338,1118,1,1,1,"{1,1}"
2012-06-24,CNYNT,Yantai,CNTAO,Qingdao,1,1,COSCO,1,1,1432,100,1432,1432,1,1,1,{1}
2012-06-24,CNYNT,Yantai,JPNGO,Nagoya,1,1,"SITC Shipping",1,3,1102,180,1102,1102,4,4,4,{4}
2012-06-24,CNYNT,Yantai,JPTYO,Tokyo,1,1,"SITC Shipping",1,3,831,130,831,831,3,3,3,{3}
2012-06-24,CNYNT,Yantai,KRPUS,Busan,1,1,COSCO,1,1,1378,130,1378,1378,2,2,2,{2}
2012-06-24,CNYTN,Yantian,AUMEL,Melbourne,1,1,"Alianca; ANL; APL; Hamburg Sud; Hapag-Lloyd; Hyundai; Maersk Line; MSC",8,5,3906.2,501,3821,5905,12,12,12,{12}
2012-06-24,CNYTN,Yantian,CNCWN,Chiwan,4,3,"ANL; APL; CMA CGM; Delmas; Hyundai; Maersk Line; MCC; MOL; MSC; Safmarine",10,40,42927.6493506493,2984.62337662338,5506,14000,0,1,2,"{1,1,0,2}"
2012-06-24,CNYTN,Yantian,CNNGB,Ningbo,6,6,"APL; COSCO; CSCL; Hanjin Shipping; Hapag-Lloyd; Hyundai; K Line; Maersk Line; MCC; MOL; NYK; OOCL; Yang Ming",13,53,38187.4068376068,3247.88461538462,2546,13100,1,2,3,"{2,3,2,1,2,2}"
2012-06-24,CNYTN,Yantian,CNNSA,Nansha,2,2,"ANL; CMA CGM; Delmas; Maersk Line; MCC; Safmarine",6,17,15287.8888888889,1137.5,5248,9658,1,1,1,"{1,1}"
2012-06-24,CNYTN,Yantian,CNSHA,Shanghai,8,8,"ACL-Atlantic Container Line; APL; CMA CGM; COSCO; CSCL; Evergreen Line; Hanjin Shipping; Hapag-Lloyd; Hyundai; K Line; Maersk Line; MCC; MOL; NYK; OOCL; PIL; UASC; USL-US Lines; Yang Ming",19,81,49722.4275793651,4206.5496031746,4051,13092,1,2.5,4,"{2,4,3,2,2,1,3,4}"
2012-06-24,CNYTN,Yantian,CNSHK,Shekou,3,3,"COSCO; Evergreen Line; Hanjin Shipping; Hapag-Lloyd; K Line; NYK; OOCL; X-Press; Yang Ming",9,17,19358.2666666667,1802.46666666667,3426,8063,1,1,1,"{1,1,1}"
2012-06-24,CNYTN,Yantian,CNTAO,Qingdao,1,1,"APL; Hapag-Lloyd; Hyundai; MOL; NYK; OOCL",6,10,8580,715,8411,8749,3,3,3,{3}
2012-06-24,CNYTN,Yantian,CNXMN,Xiamen,1,1,"COSCO; Hanjin Shipping; K Line; PIL; PO Shipping; Wan Hai",6,5,8436,700,8200,8495,1,1,1,{1}
2012-06-24,CNYTN,Yantian,GBFXT,Felixstowe,1,1,"CMA CGM; CSCL; Evergreen Line; Yang Ming; ZIM",5,9,9780.55555555555,755.555555555556,8073,14074,21,21,21,{21}
2012-06-24,CNYTN,Yantian,HKHKG,"Hong Kong",18,18,"Alianca; ANL; APL; COSCO; CSCL; Emirates Shipping; Evergreen Line; Hamburg Sud; Hanjin Shipping; Hapag-Lloyd; Hyundai; IAL-Interasia Lines; K Line; Maersk Line; MCC; MOL; MSC; NYK; OOCL; PIL; Safmarine; UASC; Wan Hai; Yang Ming",24,147,112327.727777778,10293.2777777778,836,15550,0,1,5,"{0,1,0,1,1,5,0,1,1,1,1,1,1,0,0,2,1,1}"
2012-06-24,CNYTN,Yantian,IDJKT,"Jakarta, Java",1,1,"Evergreen Line; Yang Ming",2,5,2438.8,338.2,1618,2908,5,5,5,{5}
2012-06-24,CNYTN,Yantian,JPNGO,Nagoya,1,1,"COSCO; Hanjin Shipping; K Line; MOL; Yang Ming",5,6,5616.66666666667,500,5608,5624,4,4,4,{4}
2012-06-24,CNYTN,Yantian,JPTYO,Tokyo,1,1,MCC,1,3,2762.66666666667,512,2732,2824,5,5,5,{5}
2012-06-24,CNYTN,Yantian,JPUKB,Kobe,1,1,"Maersk Line; MCC",2,11,8488.54545454545,702,7226,8950,5,5,5,{5}
2012-06-24,CNYTN,Yantian,MYPGU,"Pasir Gudang, Johor",1,1,"Evergreen Line",1,4,2182.5,278.5,2078,2492,3,3,3,{3}
2012-06-24,CNYTN,Yantian,MYPKG,"Port Klang",2,2,"ANL; CMA CGM; CSCL; Delmas; Evergreen Line; FESCO; MSC; UASC; Yang Ming",9,21,26489.0727272727,1836.36363636364,11388,14074,4,4,4,"{4,4}"
2012-06-24,CNYTN,Yantian,MYTPP,"Tanjung Pelepas",13,13,"ANL; CMA CGM; CSCL; Evergreen Line; Hanjin Shipping; Hapag-Lloyd; Maersk Line; MCC; MOL; NYK; OOCL; Safmarine; USL-US Lines; Yang Ming; ZIM",15,147,103451.041215729,8479.20429292929,4211,15550,3,3,4,"{4,4,3,4,3,3,4,4,3,3,3,3,3}"
2012-06-24,CNYTN,Yantian,PAMIT,Manzanillo,1,1,"Hapag-Lloyd; Hyundai; NYK; OOCL; ZIM",5,9,4853.33333333333,425.111111111111,4728,5018,21,21,21,{21}
2012-06-24,CNYTN,Yantian,PAONX,Colon,1,1,"COSCO; Hanjin Shipping",2,8,4053.25,350,3398,5089,20,20,20,{20}
2012-06-24,CNYTN,Yantian,PHMNL,Manila,1,1,"Gold Star Line; MCC",2,4,1077.75,220,957,1118,3,3,3,{3}
2012-06-24,CNYTN,Yantian,SGSIN,Singapore,16,16,"APL; BTL-Bengal Tiger Line; COSCO; CSAV Norasia; Evergreen Line; Hanjin Shipping; Hapag-Lloyd; Hyundai; K Line; Maersk Line; MOL; MSC; NYK; OOCL; Safmarine; TS Lines; UASC; Yang Ming",18,149,103915.956557332,8215.56306193806,2200,13102,3,3.5,5,"{3,4,4,3,3,3,4,3,3,4,4,5,4,3,4,3}"
2012-06-24,CNYTN,Yantian,TWKHH,Kaohsiung,6,6,"APL; COSCO; Evergreen Line; Gold Star Line; Hanjin Shipping; Hapag-Lloyd; Hyundai; K Line; MCC; MOL; Yang Ming",11,46,28288.9682539683,2567.08571428571,1679,8200,1,1.5,2,"{1,2,1,2,1,2}"
2012-06-24,CNYTN,Yantian,USLAX,"Los Angeles CA",3,3,"APL; CSAV Norasia; CSCL; Evergreen Line; Hanjin Shipping; Hapag-Lloyd; Hyundai; Maersk Line; MOL; NYK; OOCL; ZIM",12,24,21472.8863636364,1744.72727272727,6200,8468,12,14,15,"{12,15,14}"
2012-06-24,CNYTN,Yantian,USLGB,"Long Beach CA",1,1,"ANL; CMA CGM; Maersk Line; MSC; USL-US Lines",5,6,10937.8333333333,803.333333333333,9415,13092,13,13,13,{13}
2012-06-24,CNZHA,Zhanjiang,CNYTN,Yantian,1,1,"IAL-Interasia Lines; MOL; Wan Hai",3,3,936,33.3333333333333,836,1000,1,1,1,{1}
2012-06-24,COBAQ,Barranquilla,AWORJ,Aruba,1,1,"King Ocean",1,3,957,241.333333333333,957,957,2,2,2,{2}
2012-06-24,COBAQ,Barranquilla,COCTG,Cartagena,2,2,"Alianca; Hamburg Sud; King Ocean; Seaboard Marine",4,5,2607.83333333333,538,712,1819,1,1,1,"{1,1}"
2012-06-24,COBAQ,Barranquilla,PACTB,Cristobal,2,2,"Seaboard Marine",1,6,2243,446.666666666667,1114,1147,1,1.5,2,"{1,2}"
2012-06-24,COBUN,Buenaventura,ECGYE,Guayaquil,1,1,"Evergreen Line",1,4,1357,288.5,1157,1550,1,1,1,{1}
2012-06-24,COBUN,Buenaventura,PABLB,Balboa,3,3,"Alianca; APL; CCNI; CMA CGM; CSAV; CSCL; Hamburg Sud; Libra-Montemar; MOL; MSC",10,19,12322.1333333333,1709.66666666667,2490,8488,2,2,2,"{2,2,2}"
2012-06-24,COBUN,Buenaventura,PECLL,Callao,5,5,"APL; COSCO; Evergreen Line; Hapag-Lloyd; K Line; Maersk Line; MCC; MOL; MSC; NYK; PIL; Wan Hai",12,33,17773.1333333333,2280.83333333333,2078,6214,3,3,4,"{3,4,4,3,3}"
2012-06-24,COCTG,Cartagena,BRSUA,Suape,1,1,"Alianca; CCNI; Hamburg Sud",3,7,4114.28571428571,628.571428571429,3739,4268,8,8,8,{8}
2012-06-24,COCTG,Cartagena,COBAQ,Barranquilla,3,3,"King Ocean; Seaboard Marine",2,9,3200,688,957,1147,1,1,1,"{1,1,1}"
2012-06-24,COCTG,Cartagena,DOCAU,Caucedo,3,3,"Alianca; CMA CGM; Hamburg Sud; Hapag-Lloyd",4,22,8975.35,1872.025,2078,4178,2,2,3,"{2,3,2}"
2012-06-24,COCTG,Cartagena,GTPRQ,"Puerto Quetzal",1,1,"Alianca; CCNI; Hamburg Sud",3,4,1799.25,425.25,1740,1819,5,5,5,{5}
2012-06-24,COCTG,Cartagena,GTSTC,"Santo Tomas de Castilla",1,1,"CMA CGM; CSAV; Hapag-Lloyd",3,6,1877.16666666667,496.5,1740,2122,3,3,3,{3}
2012-06-24,COCTG,Cartagena,HTPAP,Port-au-Prince,1,1,"Seaboard Marine",1,2,834.5,176,712,957,3,3,3,{3}
2012-06-24,COCTG,Cartagena,JMKIN,Kingston,1,1,"CMA CGM; CSAV; CSCL; Libra-Montemar",4,12,4561,425.166666666667,4130,5100,1,1,1,{1}
2012-06-24,COCTG,Cartagena,MXVER,Veracruz,1,1,"Alianca; CCNI; Hamburg Sud",3,7,4114.28571428571,628.571428571429,3739,4268,6,6,6,{6}
2012-06-24,COCTG,Cartagena,MXZLO,"Manzanillo, MEX",1,1,"Alianca; Hamburg Sud; Hapag-Lloyd",3,10,2767.1,528.9,2520,2872,6,6,6,{6}
2012-06-24,COCTG,Cartagena,NLRTM,Rotterdam,1,1,"Alianca; CMA CGM; Hamburg Sud; Hapag-Lloyd",4,8,3438.25,650,3091,3739,13,13,13,{13}
2012-06-24,COCTG,Cartagena,PABLB,Balboa,1,1,"Alianca; Hamburg Sud; Hapag-Lloyd; Maersk Line; MSC",5,10,3413.9,671.6,2824,4250,2,2,2,{2}
2012-06-24,COCTG,Cartagena,PACTB,Cristobal,1,1,"CSAV; MSC",2,9,4894.33333333333,663.222222222222,4367,5301,1,1,1,{1}
2012-06-24,COCTG,Cartagena,PAMIT,Manzanillo,5,5,"Alianca; CCNI; CMA CGM; CSAV; Delmas; Hamburg Sud; Hapag-Lloyd; Libra-Montemar; Maersk Line; Marfret; Safmarine",11,34,15717,3268.125,2078,4178,1,2,3,"{1,3,1,2,2}"
2012-06-24,COCTG,Cartagena,PECLL,Callao,1,1,"CCNI; CSAV; Libra-Montemar",3,6,3085,357.142857142857,1726,1728,7,7,7,{7}
2012-06-24,COCTG,Cartagena,PRSJU,"San Juan PR",1,1,"CCNI; CSAV; Libra-Montemar",3,6,3085,357.142857142857,1726,1728,3,3,3,{3}
2012-06-24,COCTG,Cartagena,USMOB,"Mobile AL",1,1,MSC,1,3,2813.66666666667,190,2468,3007,6,6,6,{6}
2012-06-24,COCTG,Cartagena,USPEF,"Port Everglades FL",2,2,"Alianca; CCNI; CSAV; Hamburg Sud; King Ocean; Libra-Montemar",6,9,4753.16666666667,812,1706,3534,3,4,5,"{3,5}"
2012-06-24,COCTG,Cartagena,USPHL,"Philadelphia PA",1,1,"Alianca; Hamburg Sud; Hapag-Lloyd; Maersk Line; MSC",5,10,3413.9,671.6,2824,4250,6,6,6,{6}
2012-06-24,COCTG,Cartagena,VEPBL,"Puerto Cabello",2,2,"Alianca; CCNI; CMA CGM; CSAV; Delmas; Hamburg Sud",6,8,4079.75,631.25,1570,2524,2,2.5,3,"{2,3}"
2012-06-24,COPBO,"Puerto Bolivar",ECESM,Esmeraldas,1,1,"Maersk Line",1,2,2556,600,2556,2556,4,4,4,{4}
2012-06-24,COSMR,"Santa Marta",COBAQ,Barranquilla,1,1,"Seaboard Marine",1,2,834.5,176,712,957,1,1,1,{1}
2012-06-24,COSMR,"Santa Marta",CRLIO,"Puerto Limon",1,1,Dole,1,2,2046,990,2046,2046,2,2,2,{2}
2012-06-24,COSMR,"Santa Marta",NLRTM,Rotterdam,1,1,"Maersk Line",1,8,2579.75,567.5,2556,2592,11,11,11,{11}
2012-06-24,COSMR,"Santa Marta",PAMIT,Manzanillo,1,1,"Maersk Line",1,8,2579.75,567.5,2556,2592,2,2,2,{2}
2012-06-24,CRCAL,"Puerto Caldera",GTPRQ,"Puerto Quetzal",2,2,"CMA CGM; CSAV; Dole",3,5,2641.66666666667,600,890,1806,1,2,3,"{1,3}"
2012-06-24,CRCAL,"Puerto Caldera",NICIO,Corinto,1,1,"Hapag-Lloyd; NYK",2,3,2528,400,2442,2664,1,1,1,{1}
2012-06-24,CRCAL,"Puerto Caldera",PABLB,Balboa,2,2,"Alianca; APL; Evergreen Line; Hamburg Sud; Maersk Line; MOL",6,8,3796.33333333333,857.533333333333,1180,2556,2,2.5,3,"{2,3}"
2012-06-24,CRCAL,"Puerto Caldera",SVAQJ,Acajutla,1,1,"Evergreen Line; Maersk Line",2,5,2521,440.2,2450,2556,3,3,3,{3}
2012-06-24,CRLIO,"Puerto Limon",COCTG,Cartagena,1,1,"Seaboard Marine",1,3,1125,226.666666666667,1114,1147,2,2,2,{2}
2012-06-24,CRLIO,"Puerto Limon",DOCAU,Caucedo,1,1,"CMA CGM; Delmas; Marfret",3,6,2475.33333333333,533.333333333333,2078,2566,3,3,3,{3}
2012-06-24,CRLIO,"Puerto Limon",GDSTG,"St George's",1,1,"SeaFreight Line; ZIM",2,5,1106.4,212,1096,1118,0,0,0,{0}
2012-06-24,CRLIO,"Puerto Limon",GTSTC,"Santo Tomas de Castilla",1,1,"Crowley; Evergreen Line",2,2,1163,182.5,1121,1205,3,3,3,{3}
2012-06-24,CRLIO,"Puerto Limon",HNPCA,"Puerto Castilla",1,1,Dole,1,2,2046,990,2046,2046,2,2,2,{2}
2012-06-24,CRLIO,"Puerto Limon",HNPCR,"Puerto Cortes",2,2,"Maersk Line; Seaboard Marine",2,6,2838,603.666666666667,1114,1713,2,2,2,"{2,2}"
2012-06-24,CRLIO,"Puerto Limon",JMKIN,Kingston,1,1,"CMA CGM; CSAV; Hapag-Lloyd",3,6,1877.16666666667,496.5,1740,2122,2,2,2,{2}
2012-06-24,CRLIO,"Puerto Limon",PAMIT,Manzanillo,4,4,"Alianca; Crowley; Evergreen Line; Hamburg Sud; Hapag-Lloyd; King Ocean",6,13,5873.75,861.083333333333,957,2456,1,1.5,2,"{1,2,2,1}"
2012-06-24,CRLIO,"Puerto Limon",PAPAM,Almirante,1,1,"Great White Fleet",1,2,2240.5,530,2007,2474,1,1,1,{1}
2012-06-24,CRLIO,"Puerto Limon",USPEF,"Port Everglades FL",1,1,"King Ocean",1,3,957,241.333333333333,957,957,4,4,4,{4}
2012-06-24,CRMOB,Moin,IEORK,Cork,1,1,"Maersk Line",1,6,2545.33333333333,600,2530,2556,11,11,11,{11}
2012-06-24,CUHAV,Havana,CRLIO,"Puerto Limon",1,1,"Alianca; Hamburg Sud",2,4,1575.25,192.75,1570,1577,3,3,3,{3}
2012-06-24,CUHAV,Havana,GTSTC,"Santo Tomas de Castilla",1,1,Crowley,1,1,972,170,972,972,2,2,2,{2}
2012-06-24,CUHAV,Havana,ITSAL,Salerno,1,1,"Melfi Marine",1,3,2935.71428571429,300,1334,1388,23,23,23,{23}
2012-06-24,CVRAI,Praia,GWOXB,Bissau,1,1,"Maersk Line; Safmarine",2,2,2325,278,1000,1325,2,2,2,{2}
2012-06-24,CVVXE,"St Vincente",CVRAI,Praia,1,1,"Maersk Line; Safmarine",2,2,2325,278,1000,1325,1,1,1,{1}
2012-06-24,CWWIL,Willemstad,BQKRA,Bonaire,1,1,"SeaFreight Line; ZIM",2,5,1106.4,212,1096,1118,1,1,1,{1}
2012-06-24,CWWIL,Willemstad,VEMAR,Maracaibo,1,1,"King Ocean",1,3,957,241.333333333333,957,957,1,1,1,{1}
2012-06-24,CYLMS,Limassol,EGALY,Alexandria,1,1,"Alianca; Hamburg Sud; Hapag-Lloyd; Maersk Line; Seago Line",5,5,4277.8,556.8,4250,4380,1,1,1,{1}
2012-06-24,CYLMS,Limassol,ILASH,Ashdod,1,1,"Borchard Lines Ltd",1,4,866.5,213,862,868,1,1,1,{1}
2012-06-24,CYLMS,Limassol,ILHFA,Haifa,2,2,"Borchard Lines Ltd; Gold Star Line; ZIM",3,15,4533.95454545455,453.795454545455,862,4253,1,1,1,"{1,1}"
2012-06-24,CYLMS,Limassol,LBBEY,Beirut,1,1,MSC,1,5,3594.2,452,1074,4549,1,1,1,{1}
2012-06-24,DEBRV,Bremerhaven,BEANR,Antwerp,5,5,"Alianca; CMA CGM; COSCO; CSAV; Delmas; Hamburg Sud; Hanjin Shipping; Hapag-Lloyd; Libra-Montemar; Maersk Line; MSC; Safmarine; Seago Line",13,25,17373.75,2862.28571428571,862,7450,1,2,2,"{1,2,2,2,2}"
2012-06-24,DEBRV,Bremerhaven,BEZEE,Zeebrugge,2,2,"ANL; CMA CGM; CSCL; Delmas; Evergreen Line; FESCO; MSC; UASC",8,22,24131.6363636364,1600,10960,13880,2,2,2,"{2,2}"
2012-06-24,DEBRV,Bremerhaven,DEHAM,Hamburg,4,4,"CSAV; Hapag-Lloyd; Maersk Line; MCC; MSC; NYK; OOCL; Safmarine",8,40,25400.446969697,2319.94949494949,3200,9700,1,1.5,2,"{1,1,2,2}"
2012-06-24,DEBRV,Bremerhaven,DKCPH,Copenhagen,1,1,"Maersk Line; Seago Line",2,3,866,234,862,868,2,2,2,{2}
2012-06-24,DEBRV,Bremerhaven,ESLPA,"Las Palmas, Can Is",1,1,"DAL-Deutsche Afrika Linien; Maersk Line; MOL; Safmarine",4,8,4473.625,853.375,4045,4922,5,5,5,{5}
2012-06-24,DEBRV,Bremerhaven,FRLEH,"Le Havre",3,3,"CMA CGM; CSAV; Hapag-Lloyd; Libra-Montemar; Maersk Line; MSC; OOCL; Safmarine",8,18,14960.5714285714,1279.42857142857,2808,6750,2,2,3,"{2,2,3}"
2012-06-24,DEBRV,Bremerhaven,GBFXT,Felixstowe,3,3,"APL; CMA CGM; Hyundai; Maersk Line; MCC; MOL; MSC",7,20,16661.5,1890.5,4250,8063,1,1,2,"{1,2,1}"
2012-06-24,DEBRV,Bremerhaven,ILHFA,Haifa,1,1,"Alianca; Hamburg Sud; Hapag-Lloyd; Maersk Line; Seago Line",5,5,4277.8,556.8,4250,4380,9,9,9,{9}
2012-06-24,DEBRV,Bremerhaven,JOAQJ,Aqaba,1,1,"Maersk Line; Safmarine",2,7,6746.71428571429,709.142857142857,6673,6802,11,11,11,{11}
2012-06-24,DEBRV,Bremerhaven,LKCMB,Colombo,1,1,"Maersk Line; MCC",2,11,8488.54545454545,702,7226,8950,17,17,17,{17}
2012-06-24,DEBRV,Bremerhaven,MXVER,Veracruz,1,1,"Maersk Line",1,6,2545.33333333333,600,2530,2556,13,13,13,{13}
2012-06-24,DEBRV,Bremerhaven,NLRTM,Rotterdam,6,6,"APL; CMA CGM; COSCO; CSAV; Evergreen Line; Hanjin Shipping; Hyundai; K Line; Maersk Line; MCC; MOL; MSC; Yang Ming; ZIM",14,55,39282.1538461538,3799.10256410256,2556,15550,1,1.5,2,"{2,1,1,2,1,2}"
2012-06-24,DEBRV,Bremerhaven,PLGDN,Gdansk,1,1,"Maersk Line; MCC",2,12,14701.5,933.333333333333,13092,15550,3,3,3,{3}
2012-06-24,DEBRV,Bremerhaven,RULED,"St Petersburg",1,1,"Maersk Line",1,8,2579.75,567.5,2556,2592,4,4,4,{4}
2012-06-24,DEBRV,Bremerhaven,SEGOT,Gothenburg,1,1,"APL; Hapag-Lloyd; Hyundai; MOL; NYK; OOCL",6,11,8276.09090909091,691.818181818182,8063,9100,6,6,6,{6}
2012-06-24,DEBRV,Bremerhaven,USBAL,"Baltimore MD",1,1,"ACL-Atlantic Container Line; Hapag-Lloyd; OOCL",3,6,2614.16666666667,188.333333333333,2826,3607,9,9,9,{9}
2012-06-24,DEBRV,Bremerhaven,USCHS,"Charleston SC",2,2,"ACL-Atlantic Container Line; CMA CGM; CSAV; Delmas; Hapag-Lloyd; NYK; OOCL",7,11,6714.06666666667,900,3200,3586,10,10.5,11,"{11,10}"
2012-06-24,DEBRV,Bremerhaven,USNYC,"New York NY/NJ",1,1,"APL; CMA CGM; Hyundai; Maersk Line",4,5,4304.4,350,4082,4360,10,10,10,{10}
2012-06-24,DEHAM,Hamburg,BEANR,Antwerp,12,12,"Alianca; ANL; CMA CGM; COSCO; CSAV; CSCL; Delmas; Evergreen Line; Hamburg Sud; Hanjin Shipping; Hapag-Lloyd; Hyundai; K Line; Maersk Line; MCC; MSC; NYK; OOCL; SCI-Shipping Corp. of India; Stinnes; UASC; Yang Ming; ZIM",23,99,71571.1322871573,7147.4990981241,1740,13092,1,2,4,"{2,2,1,1,2,3,2,3,2,4,3,2}"
2012-06-24,DEHAM,Hamburg,BEZEE,Zeebrugge,1,1,"ANL; CMA CGM; CSCL; Evergreen Line; UASC; Yang Ming",6,10,13589.8,1000,12562,14074,2,2,2,{2}
2012-06-24,DEHAM,Hamburg,CAMTR,Montreal,1,1,"Hapag-Lloyd; OOCL",2,3,4402,300,4402,4402,7,7,7,{7}
2012-06-24,DEHAM,Hamburg,CYLMS,Limassol,1,1,"Gold Star Line; ZIM",2,11,3667.45454545455,259.545454545455,3429,4253,10,10,10,{10}
2012-06-24,DEHAM,Hamburg,DEBRV,Bremerhaven,4,4,"Alianca; ANL; CMA CGM; CSAV; CSCL; Delmas; Evergreen Line; FESCO; Hamburg Sud; Hapag-Lloyd; Libra-Montemar; Maersk Line; MSC; UASC",14,37,30715.1006493506,2843.07142857143,2556,13880,2,2,3,"{2,2,3,2}"
2012-06-24,DEHAM,Hamburg,DOCAU,Caucedo,1,1,"CSAV; MSC",2,9,4894.33333333333,663.222222222222,4367,5301,11,11,11,{11}
2012-06-24,DEHAM,Hamburg,EGALY,Alexandria,1,1,"Alianca; Hamburg Sud; Hapag-Lloyd; Seago Line",4,5,4257.6,568,4255,4268,9,9,9,{9}
2012-06-24,DEHAM,Hamburg,FRLEH,"Le Havre",2,2,"ACL-Atlantic Container Line; Alianca; CMA CGM; Delmas; Hamburg Sud; Hapag-Lloyd; NYK; OOCL; ZIM",9,10,7640.91666666667,1008.25,2078,5905,2,2.5,3,"{2,3}"
2012-06-24,DEHAM,Hamburg,GBFXT,Felixstowe,2,2,"COSCO; Evergreen Line; Hanjin Shipping; Hapag-Lloyd; K Line; Maersk Line; MCC; NYK; OOCL; Safmarine; UASC; Yang Ming",12,25,17113.3611111111,1380.55555555556,8120,9700,1,1.5,2,"{2,1}"
2012-06-24,DEHAM,Hamburg,GBSOU,Southampton,2,2,"APL; Hapag-Lloyd; Hyundai; MOL; NYK; OOCL",6,21,17204.3636363636,1437.72727272727,8100,9100,1,1,1,"{1,1}"
2012-06-24,DEHAM,Hamburg,GBTHP,Thamesport,3,3,"APL; CMA CGM; Evergreen Line; Hapag-Lloyd; Hyundai; MOL; NYK; OOCL; ZIM",9,27,17783.5575757576,1692.59090909091,2061,8600,2,2,2,"{2,2,2}"
2012-06-24,DEHAM,Hamburg,GBTIL,Tilbury,2,2,"Alianca; CMA CGM; Hamburg Sud; Hapag-Lloyd",4,15,9698.32142857143,1864.625,3739,5905,2,2.5,3,"{2,3}"
2012-06-24,DEHAM,Hamburg,NLRTM,Rotterdam,9,8,"ACL-Atlantic Container Line; ANL; APL; CMA CGM; COSCO; CSCL; Evergreen Line; Hanjin Shipping; Hapag-Lloyd; Hyundai; K Line; MOL; NYK; OOCL; OPDR; PIL; UASC; Yang Ming; ZIM",19,83,61775.8627150627,5025.38705738706,698,14074,1,1,2,"{1,2,1,2,1,1,2,2,1}"
2012-06-24,DJJIB,Djibouti,AEJEA,"Dubai, Jebel Ali",1,1,"Maersk Line; Safmarine",2,10,4657.4,441.4,4154,5100,4,4,4,{4}
2012-06-24,DJJIB,Djibouti,SAJED,Jeddah,4,4,"APL; CMA CGM; Maersk Line; MSC; Safmarine",5,18,13134.8833333333,1083.66666666667,2023,5888,1,2,3,"{3,1,2,2}"
2012-06-24,DJJIB,Djibouti,SGSIN,Singapore,1,1,"APL; CMA CGM",2,6,4591.5,373,4113,5888,10,10,10,{10}
2012-06-24,DKAAR,Aarhus,SEGOT,Gothenburg,1,1,"Maersk Line; MCC",2,12,14701.5,933.333333333333,13092,15550,1,1,1,{1}
2012-06-24,DKCPH,Copenhagen,SEHEL,Helsingborg,1,1,"Maersk Line; Seago Line",2,3,866,234,862,868,1,1,1,{1}
2012-06-24,DOBCC,"Boca Chica",DOHAI,"Rio Haina",1,1,"Seaboard Marine",1,1,972,170,972,972,1,1,1,{1}
2012-06-24,DOCAU,Caucedo,BRSSZ,Santos,2,2,"CMA CGM; CSAV; Evergreen Line; Hanjin Shipping; Hapag-Lloyd; Hyundai; Libra-Montemar; MSC; NYK; Yang Ming",10,14,7089.08333333333,749.166666666667,2450,4814,10,10.5,11,"{11,10}"
2012-06-24,DOCAU,Caucedo,BRSUA,Suape,2,2,"CSAV; Hapag-Lloyd; Libra-Montemar; Maersk Line; MSC; NYK; ZIM",7,15,8506.75,623.785714285714,2480,5762,6,6.5,7,"{7,6}"
2012-06-24,DOCAU,Caucedo,BSFPO,Freeport,2,2,"CMA CGM; CSAV; Hapag-Lloyd; Libra-Montemar; MSC",5,11,7166.08333333333,557.5,2591,4814,2,2,2,"{2,2}"
2012-06-24,DOCAU,Caucedo,COCTG,Cartagena,2,2,"Alianca; CMA CGM; CSAV; Hamburg Sud; Hapag-Lloyd; MSC",6,17,8924.08333333333,1761.84722222222,3739,5301,1,2,3,"{3,1}"
2012-06-24,DOCAU,Caucedo,GPPTP,Pointe-a-Pitre,1,1,"CMA CGM; Delmas; Marfret",3,6,2475.33333333333,533.333333333333,2078,2566,2,2,2,{2}
2012-06-24,DOCAU,Caucedo,MAPTM,Tanger,1,1,"Alianca; Hamburg Sud; Hapag-Lloyd",3,10,2767.1,528.9,2520,2872,10,10,10,{10}
2012-06-24,DOCAU,Caucedo,MXVER,Veracruz,1,1,"CSAV; Hapag-Lloyd; Libra-Montemar; Maersk Line; NYK",5,8,5519.75,487.5,5006,5762,4,4,4,{4}
2012-06-24,DOCAU,Caucedo,NLRTM,Rotterdam,1,1,"Alianca; CMA CGM; Hamburg Sud; Hapag-Lloyd",4,8,4029.75,1098.625,3739,4178,9,9,9,{9}
2012-06-24,DOCAU,Caucedo,PRSJU,"San Juan PR",1,1,Hapag-Lloyd,1,4,2178.5,244.5,2078,2456,2,2,2,{2}
2012-06-24,DOCAU,Caucedo,USORF,"Norfolk VA",1,1,"Evergreen Line; Hanjin Shipping; Hapag-Lloyd; Hyundai; NYK; Yang Ming",6,6,2682.33333333333,341.666666666667,2450,2890,4,4,4,{4}
2012-06-24,DOCAU,Caucedo,VEPBL,"Puerto Cabello",1,1,"CMA CGM; CSAV; CSCL; Libra-Montemar",4,12,4561,425.166666666667,4130,5100,1,1,1,{1}
2012-06-24,DOHAI,"Rio Haina",DOPOP,"Puerto Plata",1,1,"Seaboard Marine",1,3,1118,220,1118,1118,1,1,1,{1}
2012-06-24,DOHAI,"Rio Haina",HTPAP,Port-au-Prince,1,1,Crowley,1,1,972,170,972,972,2,2,2,{2}
2012-06-24,DOHAI,"Rio Haina",JMKIN,Kingston,1,1,"Seaboard Marine",1,2,966,252,966,966,1,1,1,{1}
2012-06-24,DOHAI,"Rio Haina",JMMBJ,"Montego Bay",1,1,"Seaboard Marine",1,2,966,252,966,966,1,1,1,{1}
2012-06-24,DOHAI,"Rio Haina",PRSJU,"San Juan PR",1,1,"CMA CGM",1,3,1296,390,1296,1296,1,1,1,{1}
2012-06-24,DOHAI,"Rio Haina",TTPOS,"Port of Spain",1,1,"Bernuth Lines",1,2,513.5,55,508,519,3,3,3,{3}
2012-06-24,DOHAI,"Rio Haina",USMIA,"Miami FL",1,1,"Seaboard Marine",1,1,972,170,972,972,3,3,3,{3}
2012-06-24,DOPOP,"Puerto Plata",DOHAI,"Rio Haina",1,1,"Seaboard Marine",1,2,966,252,966,966,1,1,1,{1}
2012-06-24,DOPOP,"Puerto Plata",USMIA,"Miami FL",1,1,"Seaboard Marine",1,3,1118,220,1118,1118,2,2,2,{2}
2012-06-24,ECESM,Esmeraldas,PABLB,Balboa,1,1,"Maersk Line",1,2,2556,600,2556,2556,3,3,3,{3}
2012-06-24,ECESM,Esmeraldas,PEPAI,Paita,1,1,"Maersk Line",1,2,2556,600,2556,2556,3,3,3,{3}
2012-06-24,ECGYE,Guayaquil,CLARI,Arica,1,1,"Alianca; CSAV; Hamburg Sud; Libra-Montemar",4,7,2414,422,1620,2640,4,4,4,{4}
2012-06-24,ECGYE,Guayaquil,CRCAL,"Puerto Caldera",1,1,Dole,1,3,896.666666666667,445,890,910,5,5,5,{5}
2012-06-24,ECGYE,Guayaquil,MXZLO,"Manzanillo, MEX",1,1,"Hapag-Lloyd; K Line; MOL; NYK",4,3,2094,421.333333333333,2078,2122,6,6,6,{6}
2012-06-24,ECGYE,Guayaquil,PABLB,Balboa,4,4,"Alianca; APL; CSAV; Hamburg Sud; Maersk Line; MOL; MSC; Safmarine",8,26,11051.3055555556,2432.94444444444,1180,4256,2,2.5,4,"{2,4,3,2}"
2012-06-24,ECGYE,Guayaquil,PAMIT,Manzanillo,1,1,"Alianca; CMA CGM; Hamburg Sud; Hapag-Lloyd",4,8,3438.25,650,3091,3739,3,3,3,{3}
2012-06-24,ECGYE,Guayaquil,PECLL,Callao,3,3,"Alianca; CCNI; CMA CGM; CSAV; Evergreen Line; Hamburg Sud; Hapag-Lloyd; Libra-Montemar",8,18,7775.08333333333,1388.5,1157,3739,2,3,5,"{5,2,3}"
2012-06-24,EGALY,Alexandria,EGPSD,"Port Said",1,1,"Alianca; Hamburg Sud; Hapag-Lloyd; Seago Line",4,5,4257.6,568,4255,4268,1,1,1,{1}
2012-06-24,EGALY,Alexandria,ILASH,Ashdod,1,1,"Alianca; Hamburg Sud; Hapag-Lloyd; Maersk Line; Seago Line",5,5,4277.8,556.8,4250,4380,2,2,2,{2}
2012-06-24,EGALY,Alexandria,ILHFA,Haifa,1,1,"MSC; ZIM",2,5,4238.2,512,3922,4549,0,0,0,{0}
2012-06-24,EGALY,Alexandria,ITTAR,Taranto,1,1,"Evergreen Line; Hanjin Shipping; MOL; Yang Ming",4,14,5549.14285714286,562,5364,5652,2,2,2,{2}
2012-06-24,EGALY,Alexandria,TRIZM,Izmir,1,1,"Borchard Lines Ltd",1,4,866.5,213,862,868,2,2,2,{2}
2012-06-24,EGALY,Alexandria,TRMER,Mersin,2,2,"MSC; Turkon",2,10,5943.71428571429,864.971428571429,1074,4549,2,2,2,"{2,2}"
2012-06-24,EGDAM,Damietta,AUFRE,Fremantle,1,1,"ANL; CMA CGM; Hapag-Lloyd",3,13,4220.61538461538,400.307692307692,3586,4308,19,19,19,{19}
2012-06-24,EGDAM,Damietta,EGPSD,"Port Said",1,1,"ANL; CMA CGM; Maersk Line; MCC; Safmarine",5,11,6441.36363636364,500,6200,6696,2,2,2,{2}
2012-06-24,EGDAM,Damietta,ITGOA,Genoa,1,1,"APL; Hapag-Lloyd; Hyundai; MOL; NYK; OOCL",6,9,6584.88888888889,510.333333333333,6200,6750,4,4,4,{4}
2012-06-24,EGDAM,Damietta,MTMAR,"Malta (Marsaxlokk)",1,1,"ANL; CMA CGM; Hapag-Lloyd",3,13,4220.61538461538,400.307692307692,3586,4308,4,4,4,{4}
2012-06-24,EGDAM,Damietta,SAJED,Jeddah,1,1,"APL; Hapag-Lloyd; Hyundai; MOL; NYK; OOCL",6,9,6584.88888888889,510.333333333333,6200,6750,3,3,3,{3}
2012-06-24,EGDAM,Damietta,USNYC,"New York NY/NJ",1,1,"ANL; APL; CMA CGM; Hapag-Lloyd; NYK; OOCL",6,8,3607.875,301,3808,4367,12,12,12,{12}
2012-06-24,EGPSD,"Port Said",AEKLF,"Khor Fakkan",2,2,"ANL; CMA CGM; Delmas; Maersk Line; MCC; OOCL; Safmarine",7,19,16172.25,943.272727272727,5700,13092,7,8,9,"{9,7}"
2012-06-24,EGPSD,"Port Said",CNXMN,Xiamen,1,1,"CMA CGM; Maersk Line; MCC; Safmarine",4,8,6435,437.5,5248,8500,18,18,18,{18}
2012-06-24,EGPSD,"Port Said",DJJIB,Djibouti,1,1,"Maersk Line; Safmarine",2,10,4657.4,441.4,4154,5100,3,3,3,{3}
2012-06-24,EGPSD,"Port Said",ESALG,Algeciras,3,3,"Alianca; APL; Evergreen Line; Hamburg Sud; Hanjin Shipping; Hapag-Lloyd; Hyundai; Maersk Line; MOL; Safmarine; Seago Line",11,25,14686.3,1225.4,4154,6350,4,5,6,"{4,6,5}"
2012-06-24,EGPSD,"Port Said",ILASH,Ashdod,2,2,"APL; COSCO; Evergreen Line; Hanjin Shipping; Hapag-Lloyd; Hyundai; K Line; MOL; NYK; OOCL; Yang Ming",11,18,14162.6666666667,1252,4960,8236,2,2,2,"{2,2}"
2012-06-24,EGPSD,"Port Said",ITNAP,Naples,1,1,"COSCO; Hanjin Shipping; K Line; Yang Ming",4,13,5389.38461538462,500.384615384615,5250,5744,4,4,4,{4}
2012-06-24,EGPSD,"Port Said",ITSPE,"La Spezia",2,2,"CSCL; Hanjin Shipping; K Line; UASC; Yang Ming",5,20,11362.1,926,3802,8530,3,4,5,"{3,5}"
2012-06-24,EGPSD,"Port Said",ITTRS,Trieste,1,1,"CMA CGM; Delmas; Maersk Line; MCC; Safmarine",5,9,6495.66666666667,545.666666666667,6214,6696,3,3,3,{3}
2012-06-24,EGPSD,"Port Said",LBBEY,Beirut,1,1,"Alianca; Hamburg Sud; Hapag-Lloyd; Seago Line",4,5,4257.6,568,4255,4268,2,2,2,{2}
2012-06-24,EGPSD,"Port Said",MYPKG,"Port Klang",2,2,"ANL; CMA CGM; Delmas; Maersk Line; MCC; Safmarine",6,20,15294.2525252525,1200,6200,9658,14,14.5,15,"{14,15}"
2012-06-24,EGPSD,"Port Said",SAJED,Jeddah,5,5,"ANL; APL; CMA CGM; CSCL; Delmas; Hanjin Shipping; Hapag-Lloyd; K Line; Maersk Line; MCC; NYK; OOCL; Safmarine; UASC; Yang Ming",15,43,25039.975,2026,3426,8530,2,3,3,"{3,3,2,3,3}"
2012-06-24,EGPSD,"Port Said",SGSIN,Singapore,4,4,"APL; COSCO; Evergreen Line; Hanjin Shipping; Hapag-Lloyd; Hyundai; K Line; MOL; NYK; OOCL; Yang Ming",11,41,25323.3512820513,1968.38461538462,4708,8236,13,14,16,"{13,14,16,14}"
2012-06-24,EGPSD,"Port Said",TRIZM,Izmir,1,1,"CMA CGM; Maersk Line; MCC; Safmarine",4,8,6435,437.5,5248,8500,4,4,4,{4}
2012-06-24,EGPSD,"Port Said",TRMER,Mersin,1,1,"Maersk Line; Safmarine",2,6,3574.33333333333,253.333333333333,3426,3604,3,3,3,{3}
2012-06-24,EGSOK,Sokhna,JOAQJ,Aqaba,3,3,"APL; CMA CGM; COSCO; CSCL; Evergreen Line; Hanjin Shipping; UASC; Yang Ming",8,20,14570.6428571429,1309.28571428571,4024,5888,1,1,1,"{1,1,1}"
2012-06-24,EGSOK,Sokhna,SDPZU,"Port Sudan",1,1,MSC,1,3,2681.33333333333,116.666666666667,2023,3016,1,1,1,{1}
2012-06-24,ESACE,Arrecife,ESCAR,"Cartagena, Spain",1,1,OPDR,1,3,1396,240,698,698,4,4,4,{4}
2012-06-24,ESACE,Arrecife,ESFUE,"Puerto del Rosario",1,1,"Boluda Lines",1,2,1048.5,165,1036,1061,1,1,1,{1}
2012-06-24,ESACE,Arrecife,ESSVQ,Seville,1,1,"Boluda Lines",1,1,754,48,754,754,2,2,2,{2}
2012-06-24,ESAGP,Malaga,BRRIO,"Rio de Janeiro",1,1,"Maersk Line; Safmarine; UASC",3,11,4366.18181818182,922.636363636364,4132,4500,12,12,12,{12}
2012-06-24,ESAGP,Malaga,ESALG,Algeciras,1,1,"ANL; CMA CGM; Delmas; Maersk Line; MCC; Safmarine",6,9,8852.88888888889,700,8200,9658,1,1,1,{1}
2012-06-24,ESALC,Alicante,ESBCN,Barcelona,1,1,"Boluda Lines; OPDR",2,2,1267,170,1267,1267,1,1,1,{1}
2012-06-24,ESALC,Alicante,ESSCT,Tenerife,1,1,"Yaiza Shipping",1,1,707,150,707,707,3,3,3,{3}
2012-06-24,ESALG,Algeciras,AOLAD,Luanda,2,1,"Maersk Line; Safmarine",2,16,5815,675,1169,1740,12,12.5,13,"{13,12}"
2012-06-24,ESALG,Algeciras,BEANR,Antwerp,1,1,"CMA CGM; Delmas",2,6,2241.16666666667,422,2078,2520,5,5,5,{5}
2012-06-24,ESALG,Algeciras,BRSSZ,Santos,1,1,"COSCO; Hanjin Shipping; Maersk Line; MSC; Safmarine",5,7,5318.28571428571,1157.71428571429,3078,7450,9,9,9,{9}
2012-06-24,ESALG,Algeciras,CIABJ,Abidjan,1,1,"Maersk Line; Safmarine",2,6,2393.33333333333,365.666666666667,1730,2578,10,10,10,{10}
2012-06-24,ESALG,Algeciras,CVVXE,"St Vincente",1,1,"Maersk Line; Safmarine",2,2,2325,278,1000,1325,5,5,5,{5}
2012-06-24,ESALG,Algeciras,DEBRV,Bremerhaven,1,1,"Hapag-Lloyd; Maersk Line; MCC; NYK; OOCL; Safmarine",6,16,8926.25,725,9030,9700,3,3,3,{3}
2012-06-24,ESALG,Algeciras,DEHAM,Hamburg,1,1,"COSCO; Hanjin Shipping; K Line; UASC; Yang Ming",5,11,10483.2727272727,772.727272727273,9000,13102,4,4,4,{4}
2012-06-24,ESALG,Algeciras,EGPSD,"Port Said",3,3,"ANL; APL; CMA CGM; Delmas; Evergreen Line; Hanjin Shipping; Hyundai; Maersk Line; MCC; MOL; Safmarine",11,29,19281.5888888889,1357.4,4154,9658,3,5,9,"{5,3,9}"
2012-06-24,ESALG,Algeciras,ESAGP,Malaga,1,1,"Maersk Line; Safmarine; UASC",3,11,4366.18181818182,922.636363636364,4132,4500,0,0,0,{0}
2012-06-24,ESALG,Algeciras,ESVGO,Vigo,2,1,"Maersk Line; Safmarine",2,16,5815,675,1169,1740,3,3,3,"{3,3}"
2012-06-24,ESALG,Algeciras,ESVLC,Valencia,3,3,"CMA CGM; Delmas; Hanjin Shipping; Hapag-Lloyd; K Line; UASC; Yang Ming",7,23,8324.125,795.375,1542,4545,1,1,2,"{1,1,2}"
2012-06-24,ESALG,Algeciras,GBFXT,Felixstowe,2,2,"Alianca; Hamburg Sud; Hapag-Lloyd; Maersk Line; Safmarine; Seago Line",6,12,11004.3142857143,1277.14285714286,4255,6802,3,3.5,4,"{3,4}"
2012-06-24,ESALG,Algeciras,GBTIL,Tilbury,1,1,"COSCO; Hanjin Shipping; Maersk Line; MSC; Safmarine",5,7,5318.28571428571,1157.71428571429,3078,7450,3,3,3,{3}
2012-06-24,ESALG,Algeciras,GHTEM,Tema,1,1,"Maersk Line; Safmarine",2,4,1971.25,205.5,1700,2474,9,9,9,{9}
2012-06-24,ESALG,Algeciras,GNCKY,Conakry,1,1,"Maersk Line; Safmarine",2,3,1600,,2400,2400,8,8,8,{8}
2012-06-24,ESALG,Algeciras,ITGOA,Genoa,1,1,"Maersk Line; Safmarine; UASC",3,11,4366.18181818182,922.636363636364,4132,4500,2,2,2,{2}
2012-06-24,ESALG,Algeciras,ITLIV,Leghorn,1,1,"CMA CGM; Delmas; Marfret",3,6,2475.33333333333,533.333333333333,2078,2566,2,2,2,{2}
2012-06-24,ESALG,Algeciras,MAPTM,Tanger,7,7,"CMA CGM; Delmas; Maersk Line; Safmarine",4,39,14058.455952381,2361.69642857143,1061,2674,0,1,2,"{0,1,1,0,2,0,1}"
2012-06-24,ESALG,Algeciras,MRNKC,Nouakchott,1,1,"Maersk Line; Safmarine",2,3,1747.66666666667,189.333333333333,1708,1827,5,5,5,{5}
2012-06-24,ESALG,Algeciras,MTMAR,"Malta (Marsaxlokk)",1,1,"CMA CGM; Hapag-Lloyd; Maersk Line; MOL; Safmarine",5,6,4287.16666666667,506.5,4178,4380,5,5,5,{5}
2012-06-24,ESALG,Algeciras,NGAPP,Apapa,3,3,"Hapag-Lloyd; Maersk Line; MOL; Safmarine; ZIM",5,15,6823.23809523809,1046.80952380952,1298,2506,9,9,11,"{11,9,9}"
2012-06-24,ESALG,Algeciras,NGTIN,"Lagos, Tin Can",1,1,"Evergreen Line; Hanjin Shipping; UASC",3,4,2871.5,300,2072,3681,11,11,11,{11}
2012-06-24,ESALG,Algeciras,NLRTM,Rotterdam,1,1,"CMA CGM; Delmas; Marfret",3,6,1678,240,1678,1678,4,4,4,{4}
2012-06-24,ESALG,Algeciras,PAMIT,Manzanillo,1,1,"Maersk Line; Safmarine",2,9,2968.22222222222,649.777777777778,2797,3100,17,17,17,{17}
2012-06-24,ESALG,Algeciras,PTLIS,Lisbon,1,1,"Hanjin Shipping; Hapag-Lloyd",2,5,2600,169.2,2300,3017,1,1,1,{1}
2012-06-24,ESALG,Algeciras,PTSIE,Sines,1,1,"CMA CGM; Delmas",2,5,1880.8,243.8,1728,2080,1,1,1,{1}
2012-06-24,ESALG,Algeciras,SGSIN,Singapore,1,1,"COSCO; Hanjin Shipping; K Line; UASC; Yang Ming",5,11,10483.2727272727,772.727272727273,9000,13102,20,20,20,{20}
2012-06-24,ESALG,Algeciras,SLFNA,Freetown,1,1,"Maersk Line; Safmarine",2,4,1604.5,183,1501,1708,7,7,7,{7}
2012-06-24,ESALG,Algeciras,SNDKR,Dakar,1,1,"Hapag-Lloyd; MOL; ZIM",3,6,2131.16666666667,285.5,2061,2262,2,2,2,{2}
2012-06-24,ESALG,Algeciras,TGLFW,Lome,1,1,"Maersk Line; Safmarine",2,5,2010,351.4,2474,2546,12,12,12,{12}
2012-06-24,ESALG,Algeciras,TRIZT,Izmit,1,1,"Maersk Line; Safmarine",2,9,2968.22222222222,649.777777777778,2797,3100,7,7,7,{7}
2012-06-24,ESALG,Algeciras,USNYC,"New York NY/NJ",2,2,"Hanjin Shipping; K Line; Maersk Line; Safmarine; UASC; Yang Ming",6,20,8623.4,817.2,3802,5100,8,10.5,13,"{8,13}"
2012-06-24,ESALG,Algeciras,USORF,"Norfolk VA",1,1,"APL; Evergreen Line; Hanjin Shipping; Hyundai; MOL",5,10,5771.3,216,4708,6350,8,8,8,{8}
2012-06-24,ESBCN,Barcelona,ESALG,Algeciras,1,1,"Maersk Line; Safmarine; UASC",3,11,4366.18181818182,922.636363636364,4132,4500,2,2,2,{2}
2012-06-24,ESBCN,Barcelona,ESVLC,Valencia,14,14,"Alianca; APL; Boluda Lines; CCNI; CMA CGM; COSCO; CSAV; CSCL; Delmas; Evergreen Line; Hamburg Sud; Hanjin Shipping; Hapag-Lloyd; Hyundai; K Line; Libra-Montemar; Maersk Line; Marfret; Melfi Marine; MOL; MSC; Niver Lines; NYK; OOCL; OPDR; Safmarine; UASC; WEC Lines; Yang Ming; ZIM",30,95,58148.5869047619,5921.12023809524,868,9449,0,1,2,"{2,1,1,1,1,1,0,1,2,1,0,1,1,0}"
2012-06-24,ESBCN,Barcelona,FRFOS,"Marseilles-Fos (Fos)",3,3,"ANL; CMA CGM; COSCO; Delmas; Evergreen Line; Hanjin Shipping; K Line; Maersk Line; MCC; Safmarine; Yang Ming",11,28,20376.4583333333,1433.20328282828,1542,13092,1,1,3,"{1,1,3}"
2012-06-24,ESBCN,Barcelona,ITGIT,"Gioia Tauro",2,2,MSC,1,19,18310.1428571429,1398.42857142857,4545,14000,3,3,3,"{3,3}"
2012-06-24,ESBIO,Bilbao,ESVGO,Vigo,1,1,"WEC Lines",1,2,868,234,868,868,1,1,1,{1}
2012-06-24,ESBIO,Bilbao,ESVIL,Vilagarcia,1,1,"Boluda Lines",1,2,1048.5,165,1036,1061,2,2,2,{2}
2012-06-24,ESCAD,Cadiz,ESALG,Algeciras,1,1,"CMA CGM; Delmas",2,5,1979.2,340.571428571429,1709,1740,1,1,1,{1}
2012-06-24,ESCAD,Cadiz,GBFXT,Felixstowe,2,1,OPDR,1,6,2792,480,698,698,3,3,3,"{3,3}"
2012-06-24,ESCAD,Cadiz,PTSIE,Sines,1,1,MSC,1,3,1725,217.333333333333,1384,2061,1,1,1,{1}
2012-06-24,ESCAR,"Cartagena, Spain",ESMOT,Motril,2,1,OPDR,1,6,2792,480,698,698,1,1,1,"{1,1}"
2012-06-24,ESCAR,"Cartagena, Spain",ESTAR,Tarragona,1,1,"WEC Lines",1,2,868,192,868,868,2,2,2,{2}
2012-06-24,ESCAS,Castellon,ITSAL,Salerno,1,1,"Borchard Lines Ltd",1,4,866.5,194.25,862,868,3,3,3,{3}
2012-06-24,ESFUE,"Puerto del Rosario",ESBIO,Bilbao,1,1,"Boluda Lines",1,2,1048.5,165,1036,1061,5,5,5,{5}
2012-06-24,ESFUE,"Puerto del Rosario",ESSCT,Tenerife,1,1,"WEC Lines",1,2,868,192,868,868,0,0,0,{0}
2012-06-24,ESGIJ,Gijon,ESBIO,Bilbao,1,1,"WEC Lines",1,2,868,234,868,868,2,2,2,{2}
2012-06-24,ESLPA,"Las Palmas, Can Is",BEANR,Antwerp,1,1,MSC,1,5,3427,275.6,3139,3900,7,7,7,{7}
2012-06-24,ESLPA,"Las Palmas, Can Is",BRSSA,Salvador,1,1,MSC,1,6,5497.83333333333,498.333333333333,5029,5800,9,9,9,{9}
2012-06-24,ESLPA,"Las Palmas, Can Is",ESACE,Arrecife,2,2,"Boluda Lines; OPDR",2,5,2444.5,405,698,1061,1,1,1,"{1,1}"
2012-06-24,ESLPA,"Las Palmas, Can Is",ESALC,Alicante,1,1,"Yaiza Shipping",1,1,707,150,707,707,3,3,3,{3}
2012-06-24,ESLPA,"Las Palmas, Can Is",ESCAR,"Cartagena, Spain",2,2,"OPDR; WEC Lines",2,5,2264,432,698,868,3,4,5,"{5,3}"
2012-06-24,ESLPA,"Las Palmas, Can Is",ESFUE,"Puerto del Rosario",1,1,"WEC Lines",1,2,868,192,868,868,2,2,2,{2}
2012-06-24,ESLPA,"Las Palmas, Can Is",ESSCT,Tenerife,2,2,"Boluda Lines; OPDR; WEC Lines",3,4,2135,404,868,1267,0,0.5,1,"{0,1}"
2012-06-24,ESLPA,"Las Palmas, Can Is",ESSVQ,Seville,2,2,"Boluda Lines",1,2,1781,340,804,977,3,3.5,4,"{4,3}"
2012-06-24,ESLPA,"Las Palmas, Can Is",FRFOS,"Marseilles-Fos (Fos)",1,1,MSC,1,6,2851.83333333333,188.333333333333,2480,3424,4,4,4,{4}
2012-06-24,ESLPA,"Las Palmas, Can Is",GQBSG,Bata,1,1,Marguisa,1,2,4588.5,580.857142857143,1641,1740,9,9,9,{9}
2012-06-24,ESLPA,"Las Palmas, Can Is",SNDKR,Dakar,2,2,MSC,1,11,6278.83333333333,463.933333333333,2480,3900,3,4,5,"{3,5}"
2012-06-24,ESLPA,"Las Palmas, Can Is",ZACPT,"Cape Town",2,2,"CSAV; DAL-Deutsche Afrika Linien; Hapag-Lloyd; Maersk Line; MOL; MSC; Safmarine; Stinnes",8,23,11699.6916666667,1379.375,4045,9200,11,13,15,"{11,15}"
2012-06-24,ESMOT,Motril,ESCAD,Cadiz,2,1,OPDR,1,6,2792,480,698,698,1,1,1,"{1,1}"
2012-06-24,ESSCT,Tenerife,ESACE,Arrecife,1,1,"Boluda Lines",1,1,754,48,754,754,1,1,1,{1}
2012-06-24,ESSCT,Tenerife,ESLPA,"Las Palmas, Can Is",6,5,"Boluda Lines; OPDR; WEC Lines; Yaiza Shipping",4,12,6392.5,1147,698,1061,1,1,1,"{1,1,1,1,1,1}"
2012-06-24,ESSCT,Tenerife,ESSPC,"Santa Cruz de la Palma",1,1,"Boluda Lines; OPDR",2,2,1267,170,1267,1267,1,1,1,{1}
2012-06-24,ESSCT,Tenerife,PTSIE,Sines,1,1,"WEC Lines",1,2,868,234,868,868,2,2,2,{2}
2012-06-24,ESSPC,"Santa Cruz de la Palma",ESALC,Alicante,1,1,"Boluda Lines; OPDR",2,2,1267,170,1267,1267,4,4,4,{4}
2012-06-24,ESSVQ,Seville,ESLPA,"Las Palmas, Can Is",1,1,"Boluda Lines",1,1,804,180,804,804,3,3,3,{3}
2012-06-24,ESSVQ,Seville,ESSCT,Tenerife,2,2,"Boluda Lines",1,2,1731,208,754,977,3,3.5,4,"{4,3}"
2012-06-24,ESTAR,Tarragona,ESBCN,Barcelona,1,1,"WEC Lines",1,2,868,192,868,868,2,2,2,{2}
2012-06-24,ESTAR,Tarragona,GHTEM,Tema,1,1,"COSCO; ZIM",2,1,10068,2400,1678,1678,10,10,10,{10}
2012-06-24,ESTAR,Tarragona,ILHFA,Haifa,1,1,"COSCO; CSCL; Hapag-Lloyd; ZIM",4,6,4250.5,388.333333333333,4250,4253,6,6,6,{6}
2012-06-24,ESTAR,Tarragona,NGTIN,"Lagos, Tin Can",1,1,"COSCO; ZIM",2,2,5700,930,1900,1900,11,11,11,{11}
2012-06-24,ESTAR,Tarragona,USNYC,"New York NY/NJ",1,1,"COSCO; CSCL; Hapag-Lloyd; ZIM",4,6,4250.5,388.333333333333,4250,4253,8,8,8,{8}
2012-06-24,ESVGO,Vigo,ESGIJ,Gijon,1,1,"WEC Lines",1,2,868,234,868,868,3,3,3,{3}
2012-06-24,ESVGO,Vigo,PTLEI,Leixoes,3,2,"Maersk Line; Safmarine; WEC Lines",3,18,6683,909,868,1740,0,1,1,"{0,1,1}"
2012-06-24,ESVIL,Vilagarcia,PTLIS,Lisbon,1,1,"Boluda Lines",1,2,1048.5,165,1036,1061,1,1,1,{1}
2012-06-24,ESVLC,Valencia,BRSUA,Suape,1,1,"Alianca; CMA CGM; CSAV; Hamburg Sud; Libra-Montemar; MSC; Niver Lines; ZIM",8,8,5666.125,620.625,5550,5905,9,9,9,{9}
2012-06-24,ESVLC,Valencia,CNSHA,Shanghai,1,1,"Maersk Line; MCC",2,10,7342.5,780.9,6418,8063,24,24,24,{24}
2012-06-24,ESVLC,Valencia,COCTG,Cartagena,1,1,"CCNI; CSAV; Libra-Montemar",3,6,3085,357.142857142857,1726,1728,10,10,10,{10}
2012-06-24,ESVLC,Valencia,CYLMS,Limassol,1,1,MSC,1,5,3594.2,452,1074,4549,6,6,6,{6}
2012-06-24,ESVLC,Valencia,EGDAM,Damietta,1,1,"APL; Hapag-Lloyd; Hyundai; MOL; NYK; OOCL",6,9,6584.88888888889,510.333333333333,6200,6750,6,6,6,{6}
2012-06-24,ESVLC,Valencia,EGPSD,"Port Said",1,1,"CSCL; Hanjin Shipping; UASC; Yang Ming",4,10,7396.1,550.2,6919,8530,6,6,6,{6}
2012-06-24,ESVLC,Valencia,ESAGP,Malaga,1,1,"ANL; CMA CGM; Delmas; Maersk Line; MCC; Safmarine",6,9,8852.88888888889,700,8200,9658,1,1,1,{1}
2012-06-24,ESVLC,Valencia,ESALG,Algeciras,1,1,"Hanjin Shipping; K Line; UASC; Yang Ming",4,10,3966,375.8,3802,4545,1,1,1,{1}
2012-06-24,ESVLC,Valencia,ESBCN,Barcelona,2,2,"ANL; CMA CGM; Delmas; Maersk Line; MCC; Safmarine",6,19,12211.125,677.647727272727,1542,13092,1,1,1,"{1,1}"
2012-06-24,ESVLC,Valencia,ESLPA,"Las Palmas, Can Is",4,4,"Boluda Lines; MSC; OPDR; WEC Lines",4,16,10484.6666666667,1048.66666666667,868,5800,3,3,4,"{3,3,3,4}"
2012-06-24,ESVLC,Valencia,FRFOS,"Marseilles-Fos (Fos)",1,1,MSC,1,13,4044.92307692308,457.846153846154,3500,4469,2,2,2,{2}
2012-06-24,ESVLC,Valencia,GBFXT,Felixstowe,1,1,"Alianca; Hamburg Sud; Maersk Line; Seago Line",4,4,4295.75,445,4043,4380,4,4,4,{4}
2012-06-24,ESVLC,Valencia,GNCKY,Conakry,1,1,MSC,1,5,2459.4,201.8,2415,2480,6,6,6,{6}
2012-06-24,ESVLC,Valencia,GPPTP,Pointe-a-Pitre,1,1,"CMA CGM; Delmas; Marfret",3,6,2475.33333333333,533.333333333333,2078,2566,10,10,10,{10}
2012-06-24,ESVLC,Valencia,GRPIR,Piraeus,1,1,"COSCO; CSCL; Evergreen Line; Hanjin Shipping; K Line; Yang Ming",6,9,8721.44444444445,700,8200,9449,5,5,5,{5}
2012-06-24,ESVLC,Valencia,ITCAG,Cagliari,2,2,"Alianca; Hamburg Sud; Hanjin Shipping; Hapag-Lloyd",4,15,5367.1,698.1,2300,3017,2,2,2,"{2,2}"
2012-06-24,ESVLC,Valencia,ITGIT,"Gioia Tauro",2,2,"Alianca; CMA CGM; CSAV; Hamburg Sud; Libra-Montemar; MSC; Niver Lines; ZIM",8,14,9601.45833333333,990.625,4255,5905,3,3,3,"{3,3}"
2012-06-24,ESVLC,Valencia,ITGOA,Genoa,1,1,"Hanjin Shipping; K Line; UASC; Yang Ming",4,10,3966,375.8,3802,4545,1,1,1,{1}
2012-06-24,ESVLC,Valencia,ITLIV,Leghorn,1,1,Marguisa,1,2,4588.5,580.857142857143,1641,1740,4,4,4,{4}
2012-06-24,ESVLC,Valencia,ITSAL,Salerno,1,1,"CCNI; CSAV; Libra-Montemar",3,6,3085,357.142857142857,1726,1728,5,5,5,{5}
2012-06-24,ESVLC,Valencia,ITSPE,"La Spezia",1,1,MSC,1,12,13426,1000,12562,14000,3,3,3,{3}
2012-06-24,ESVLC,Valencia,MAPTM,Tanger,2,2,"Alianca; CMA CGM; Hamburg Sud; Hapag-Lloyd; Maersk Line; MOL; Safmarine",7,16,7054.26666666667,1035.4,2520,4380,1,1.5,2,"{1,2}"
2012-06-24,ESVLC,Valencia,MYPKG,"Port Klang",1,1,"CMA CGM; MSC",2,11,12926.1818181818,981.818181818182,12400,14000,20,20,20,{20}
2012-06-24,ESVLC,Valencia,NLRTM,Rotterdam,1,1,"CSAV; MSC",2,7,6642,566,6402,6750,4,4,4,{4}
2012-06-24,ESVLC,Valencia,PACTB,Cristobal,1,1,MSC,1,10,4947.8,575.4,3922,5301,13,13,13,{13}
2012-06-24,ESVLC,Valencia,PTLIS,Lisbon,1,1,"Melfi Marine",1,3,2935.71428571429,300,1334,1388,3,3,3,{3}
2012-06-24,ESVLC,Valencia,PTSIE,Sines,3,3,MSC,1,17,11821.7261904762,1038.67857142857,2394,5086,1,1,2,"{2,1,1}"
2012-06-24,ESVLC,Valencia,USSAV,"Savannah GA",1,1,"Alianca; CCNI; CMA CGM; CSAV; Hamburg Sud; Hapag-Lloyd; Maersk Line",7,7,3244.57142857143,177.857142857143,2982,3400,11,11,11,{11}
2012-06-24,FJLTK,Lautoka,NCNOU,Noumea,1,1,"ANL; CMA CGM; Delmas; Marfret; USL-US Lines",5,6,4809.33333333333,960.666666666667,2262,2556,2,2,2,{2}
2012-06-24,FJSUV,Suva,NZAKL,Auckland,1,1,"ANL; CMA CGM; Delmas; OOCL",4,6,1753.16666666667,327.833333333333,1740,1819,3,3,3,{3}
2012-06-24,FJSUV,Suva,NZMAP,"Marsden Point",1,1,"Swire Shipping",1,2,6171.42857142857,714.285714285714,1728,1728,1,1,1,{1}
2012-06-24,FJSUV,Suva,USOAK,"Oakland CA",1,1,"Alianca; ANL; CMA CGM; Hamburg Sud; Hapag-Lloyd; Maersk Line; USL-US Lines",7,7,1865.85714285714,323.714285714286,2452,2824,13,13,13,{13}
2012-06-24,FRDKK,Dunkirk,BEANR,Antwerp,1,1,"CMA CGM; Delmas",2,5,2544,424,2466,2674,1,1,1,{1}
2012-06-24,FRDKK,Dunkirk,FRLEH,"Le Havre",3,3,"ANL; CMA CGM; Delmas; Marfret; OOCL; OPDR; USL-US Lines",7,16,11521.5833333333,1703.66666666667,868,5770,0,1,1,"{0,1,1}"
2012-06-24,FRDKK,Dunkirk,FRURO,Rouen,1,1,"CMA CGM; Maersk Line; Marfret; WEC Lines",4,4,2260,550,2260,2260,2,2,2,{2}
2012-06-24,FRDKK,Dunkirk,GBFXT,Felixstowe,1,1,"CMA CGM; MSC",2,11,12926.1818181818,981.818181818182,12400,14000,3,3,3,{3}
2012-06-24,FRFOS,"Marseilles-Fos (Fos)",EGPSD,"Port Said",1,1,"COSCO; Evergreen Line; Hanjin Shipping; K Line; Yang Ming",5,9,8165.33333333333,755.555555555556,8120,8236,8,8,8,{8}
2012-06-24,FRFOS,"Marseilles-Fos (Fos)",ESALG,Algeciras,1,1,"Hanjin Shipping; Hapag-Lloyd",2,5,2600,169.2,2300,3017,3,3,3,{3}
2012-06-24,FRFOS,"Marseilles-Fos (Fos)",ESBCN,Barcelona,7,7,"Alianca; APL; CMA CGM; CSAV; CSCL; Delmas; Hamburg Sud; Hanjin Shipping; Hapag-Lloyd; Hyundai; Libra-Montemar; Maersk Line; Marfret; MOL; MSC; Niver Lines; NYK; OOCL; Safmarine; UASC; Yang Ming; ZIM",22,61,42602.7138888889,4249.89166666667,2078,14000,1,1,2,"{1,1,1,1,1,1,2}"
2012-06-24,FRFOS,"Marseilles-Fos (Fos)",ITGOA,Genoa,3,3,"ANL; CMA CGM; Delmas; Maersk Line; MCC; MSC; Safmarine",7,25,15062.9583333333,865.981060606061,1542,13092,2,2,5,"{5,2,2}"
2012-06-24,FRFOS,"Marseilles-Fos (Fos)",ITSPE,"La Spezia",1,1,MSC,1,13,4044.92307692308,457.846153846154,3500,4469,1,1,1,{1}
2012-06-24,FRLEH,"Le Havre",BEANR,Antwerp,2,2,"ACL-Atlantic Container Line; CMA CGM; CSAV; Delmas; Hapag-Lloyd; OOCL",6,12,6120.83333333333,688.333333333333,2826,3607,1,1.5,2,"{2,1}"
2012-06-24,FRLEH,"Le Havre",BRSPB,Sepetiba,1,1,"Alianca; CMA CGM; Hamburg Sud; Hapag-Lloyd; MSC",5,7,6949.57142857143,1499.28571428571,5905,7154,14,14,14,{14}
2012-06-24,FRLEH,"Le Havre",DEHAM,Hamburg,1,1,"ANL; CMA CGM; CSCL; Delmas; Evergreen Line; MSC; UASC",7,11,11232.3636363636,763.636363636364,10960,11388,3,3,3,{3}
2012-06-24,FRLEH,"Le Havre",EGALY,Alexandria,1,1,"MSC; ZIM",2,5,4238.2,512,3922,4549,9,9,9,{9}
2012-06-24,FRLEH,"Le Havre",EGPSD,"Port Said",1,1,"ANL; CMA CGM; Delmas; OOCL",4,8,5719.25,516,5700,5770,10,10,10,{10}
2012-06-24,FRLEH,"Le Havre",ESALG,Algeciras,3,3,"CMA CGM; COSCO; Delmas; Hanjin Shipping; K Line; Maersk Line; Safmarine; UASC; Yang Ming",9,23,15202.4393939394,1546.72727272727,2078,13102,3,4,4,"{4,4,3}"
2012-06-24,FRLEH,"Le Havre",ESLPA,"Las Palmas, Can Is",2,2,"CSAV; Hapag-Lloyd; MSC; Stinnes",4,20,10653.0666666667,801.6,3139,9200,4,4,4,"{4,4}"
2012-06-24,FRLEH,"Le Havre",FRMTX,Montoir,2,2,"CMA CGM; Delmas; Maersk Line; Marfret; WEC Lines",5,9,4804,974,2260,2674,2,2,2,"{2,2}"
2012-06-24,FRLEH,"Le Havre",FRURO,Rouen,1,1,"CMA CGM; Delmas; OPDR",3,2,993,227,868,1118,1,1,1,{1}
2012-06-24,FRLEH,"Le Havre",GBFXT,Felixstowe,1,1,"Hapag-Lloyd; MSC",2,4,3847.5,286,3200,4549,1,1,1,{1}
2012-06-24,FRLEH,"Le Havre",GBLIV,Liverpool,1,1,"Hapag-Lloyd; MSC; OOCL",3,4,3243,299,2808,4340,1,1,1,{1}
2012-06-24,FRLEH,"Le Havre",GBSOU,Southampton,2,2,"ACL-Atlantic Container Line; Alianca; APL; Hamburg Sud; Hapag-Lloyd; Hyundai; MOL; NYK; OOCL; ZIM",10,14,15937.05,1310.25,5006,13100,0,0.5,1,"{0,1}"
2012-06-24,FRLEH,"Le Havre",ITGOA,Genoa,1,1,"ANL; CMA CGM; Hapag-Lloyd",3,13,4220.61538461538,400.307692307692,3586,4308,7,7,7,{7}
2012-06-24,FRLEH,"Le Havre",JMKIN,Kingston,2,2,"Alianca; CMA CGM; CSAV; Hamburg Sud; Hapag-Lloyd",5,14,5315.41666666667,1146.5,1740,3739,11,11,11,"{11,11}"
2012-06-24,FRLEH,"Le Havre",MTMAR,"Malta (Marsaxlokk)",1,1,"ANL; CMA CGM; CSCL; Delmas; FESCO; MSC; UASC",7,11,12899.2727272727,836.363636363636,11388,13880,7,7,7,{7}
2012-06-24,FRLEH,"Le Havre",NLRTM,Rotterdam,4,4,"Alianca; ANL; CMA CGM; CSAV; CSCL; Delmas; Evergreen Line; Hamburg Sud; Hapag-Lloyd; Libra-Montemar; Maersk Line; MCC; MSC; UASC; Yang Ming",15,39,38252.0597402597,3303.11688311688,3426,14074,2,2.5,3,"{3,3,2,2}"
2012-06-24,FRLEH,"Le Havre",OMSLL,Salalah,1,1,"Hapag-Lloyd; Maersk Line; MCC; NYK; OOCL; Safmarine",6,16,8926.25,725,9030,9700,15,15,15,{15}
2012-06-24,FRLEH,"Le Havre",PTLEI,Leixoes,1,1,NileDutch,1,5,3937.37142857143,641.457142857143,2452,2600,2,2,2,{2}
2012-06-24,FRLEH,"Le Havre",PTSIE,Sines,1,1,"CMA CGM; CSAV; Hapag-Lloyd; Libra-Montemar; Maersk Line; MSC; Safmarine",7,7,5703.14285714286,544.714285714286,5550,5800,3,3,3,{3}
2012-06-24,FRLEH,"Le Havre",SGSIN,Singapore,1,1,"APL; Hapag-Lloyd; Hyundai; MOL; NYK; OOCL",6,11,8624.36363636364,722.727272727273,8100,9100,22,22,22,{22}
2012-06-24,FRLEH,"Le Havre",SXSXM,"St Maarten-Philipsburg",1,1,"CMA CGM; Delmas; Marfret",3,6,1678,240,1678,1678,9,9,9,{9}
2012-06-24,FRLEH,"Le Havre",USBOS,"Boston MA",1,1,MSC,1,5,5059.4,490.8,5059,5060,8,8,8,{8}
2012-06-24,FRLEH,"Le Havre",USCHS,"Charleston SC",1,1,MSC,1,7,6014.42857142857,435.714285714286,4018,6750,9,9,9,{9}
2012-06-24,FRLEH,"Le Havre",USNYC,"New York NY/NJ",3,3,"ANL; APL; CMA CGM; COSCO; Delmas; Evergreen Line; Hanjin Shipping; Hyundai; K Line; Maersk Line; Marfret; MOL; USL-US Lines; Yang Ming; ZIM",15,23,14107.4871794872,1751.4358974359,2262,5042,7,8,8,"{8,8,7}"
2012-06-24,FRMTX,Montoir,ESALG,Algeciras,1,1,"CMA CGM; Delmas",2,5,2544,424,2466,2674,3,3,3,{3}
2012-06-24,FRMTX,Montoir,FRDKK,Dunkirk,1,1,"CMA CGM; Maersk Line; Marfret; WEC Lines",4,4,2260,550,2260,2260,1,1,1,{1}
2012-06-24,FRMTX,Montoir,GPPTP,Pointe-a-Pitre,1,1,"CMA CGM; Maersk Line; Marfret; WEC Lines",4,4,2260,550,2260,2260,9,9,9,{9}
2012-06-24,FRURO,Rouen,FRLEH,"Le Havre",2,2,"CMA CGM; Delmas; Maersk Line; Marfret; WEC Lines",5,10,3938,790,1678,2260,1,1,1,"{1,1}"
2012-06-24,FRURO,Rouen,MACAS,Casablanca,1,1,"CMA CGM; Delmas; OPDR",3,2,993,227,868,1118,1,1,1,{1}
2012-06-24,GALBV,Libreville,CIABJ,Abidjan,1,1,"CMA CGM; Delmas",2,8,1758.125,250.375,1542,2109,3,3,3,{3}
2012-06-24,GALBV,Libreville,MAPTM,Tanger,1,1,"Maersk Line; Safmarine",2,6,2393.33333333333,365.666666666667,1730,2578,12,12,12,{12}
2012-06-24,GBCDF,Cardiff,GBLIV,Liverpool,1,1,"Borchard Lines Ltd",1,4,866.5,194.25,862,868,1,1,1,{1}
2012-06-24,GBFXT,Felixstowe,BEANR,Antwerp,6,6,"Alianca; COSCO; Evergreen Line; Gold Star Line; Hamburg Sud; Hanjin Shipping; Hapag-Lloyd; K Line; Maersk Line; MSC; Safmarine; Seago Line; UASC; Yang Ming; ZIM",15,40,30788.7466089466,3082.24386724387,1074,8236,1,1,2,"{2,1,1,1,2,1}"
2012-06-24,GBFXT,Felixstowe,BEZEE,Zeebrugge,3,3,"CMA CGM; Maersk Line; MCC; MSC",4,32,28776.3181818182,2391.99090909091,6418,14000,1,1,2,"{1,2,1}"
2012-06-24,GBFXT,Felixstowe,DEBRV,Bremerhaven,6,6,"Alianca; APL; CMA CGM; Hamburg Sud; Hapag-Lloyd; Hyundai; Maersk Line; MCC; MOL; MSC; Seago Line",11,45,31692.9824175824,2596.65018315018,3200,8950,1,2,2,"{2,1,1,2,2,2}"
2012-06-24,GBFXT,Felixstowe,DEHAM,Hamburg,4,4,"CMA CGM; COSCO; CSAV; CSCL; Evergreen Line; Hanjin Shipping; Hapag-Lloyd; K Line; MSC; SCI-Shipping Corp. of India; Stinnes; UASC; Yang Ming; ZIM",14,42,33811.9972222222,2551.43055555556,3129,14074,0,1.5,2,"{1,2,0,2}"
2012-06-24,GBFXT,Felixstowe,ESSCT,Tenerife,1,1,OPDR,1,3,1396,240,698,698,5,5,5,{5}
2012-06-24,GBFXT,Felixstowe,ESVLC,Valencia,1,1,"CMA CGM; MSC",2,11,12926.1818181818,981.818181818182,12400,14000,5,5,5,{5}
2012-06-24,GBFXT,Felixstowe,FRLEH,"Le Havre",3,3,"Hapag-Lloyd; Maersk Line; MCC; MSC; NYK; OOCL; Safmarine",7,27,14831.25,1352.6,2478,9700,2,2,2,"{2,2,2}"
2012-06-24,GBFXT,Felixstowe,NLRTM,Rotterdam,5,4,"Alianca; Hamburg Sud; Hapag-Lloyd; Maersk Line; MSC; OPDR; Seago Line",7,20,16029.7,1835.1,698,5060,1,1,4,"{4,4,1,1,1}"
2012-06-24,GBFXT,Felixstowe,PTCNL,"Canical Madeira",1,1,OPDR,1,3,1396,240,698,698,4,4,4,{4}
2012-06-24,GBFXT,Felixstowe,SAJED,Jeddah,1,1,"CSAV; MSC",2,7,6642,566,6402,6750,12,12,12,{12}
2012-06-24,GBFXT,Felixstowe,SGSIN,Singapore,2,2,"COSCO; Evergreen Line; Hanjin Shipping; K Line; Maersk Line; MCC; PIL; Yang Ming",8,20,18254.696969697,1412.39393939394,8152,13092,20,20.5,21,"{21,20}"
2012-06-24,GBFXT,Felixstowe,USNYC,"New York NY/NJ",1,1,"APL; CMA CGM; Hyundai; Maersk Line; MOL",5,5,4259.6,618.8,4250,4298,8,8,8,{8}
2012-06-24,GBLIV,Liverpool,BEANR,Antwerp,1,1,"Hapag-Lloyd; MSC; OOCL",3,4,3243,299,2808,4340,3,3,3,{3}
2012-06-24,GBLIV,Liverpool,CAMTR,Montreal,1,1,"Hapag-Lloyd; MSC; OOCL",3,4,3243,299,2808,4340,9,9,9,{9}
2012-06-24,GBLIV,Liverpool,IEDUB,Dublin,1,1,"Borchard Lines Ltd",1,4,866.5,194.25,862,868,2,2,2,{2}
2012-06-24,GBLIV,Liverpool,USCHT,"Chester PA",1,1,ICL,1,4,2106.5,300,1574,2800,11,11,11,{11}
2012-06-24,GBSOU,Southampton,BEANR,Antwerp,1,1,"APL; Hapag-Lloyd; Hyundai; MOL; NYK; OOCL",6,11,8729,741.272727272727,6350,9300,1,1,1,{1}
2012-06-24,GBSOU,Southampton,DEHAM,Hamburg,2,2,"ANL; APL; CMA CGM; CSCL; Delmas; FESCO; Hapag-Lloyd; Hyundai; MOL; MSC; NYK; OOCL; UASC",13,21,23436.5727272727,1560.36363636364,8063,13880,1,1.5,2,"{2,1}"
2012-06-24,GBSOU,Southampton,FRLEH,"Le Havre",1,1,"APL; Hapag-Lloyd; Hyundai; MOL; NYK; OOCL",6,11,8624.36363636364,722.727272727273,8100,9100,0,0,0,{0}
2012-06-24,GBSOU,Southampton,LBBEY,Beirut,1,1,"ANL; CMA CGM; CSCL; Delmas; Evergreen Line; MSC; UASC",7,11,11232.3636363636,763.636363636364,10960,11388,10,10,10,{10}
2012-06-24,GBSOU,Southampton,MAPTM,Tanger,1,1,"APL; Hapag-Lloyd; Hyundai; MOL; NYK; OOCL",6,10,8580,715,8411,8749,3,3,3,{3}
2012-06-24,GBSOU,Southampton,NLRTM,Rotterdam,1,1,"ANL; CMA CGM; Delmas; OOCL",4,8,5719.25,516,5700,5770,1,1,1,{1}
2012-06-24,GBSOU,Southampton,USNYC,"New York NY/NJ",1,1,"ACL-Atlantic Container Line; Alianca; Hamburg Sud; Hapag-Lloyd; NYK; OOCL; ZIM",7,4,5399.75,586.25,5006,5905,8,8,8,{8}
2012-06-24,GBTHP,Thamesport,DEBRV,Bremerhaven,1,1,"ACL-Atlantic Container Line; Hapag-Lloyd; NYK; OOCL",4,5,3207.4,400,3200,3237,1,1,1,{1}
2012-06-24,GBTHP,Thamesport,DEHAM,Hamburg,1,1,"ACL-Atlantic Container Line; Hapag-Lloyd; NYK; OOCL",4,14,4710.78571428571,384.857142857143,4545,4890,2,2,2,{2}
2012-06-24,GBTHP,Thamesport,ESALG,Algeciras,1,1,"Hapag-Lloyd; MOL; ZIM",3,6,2131.16666666667,285.5,2061,2262,5,5,5,{5}
2012-06-24,GBTHP,Thamesport,FRLEH,"Le Havre",1,1,"ACL-Atlantic Container Line; Hapag-Lloyd; OOCL",3,6,2614.16666666667,188.333333333333,2826,3607,2,2,2,{2}
2012-06-24,GBTHP,Thamesport,GRPIR,Piraeus,1,1,"CMA CGM; Evergreen Line",2,11,7310.09090909091,801.090909090909,7024,8073,7,7,7,{7}
2012-06-24,GBTHP,Thamesport,OMSLL,Salalah,1,1,"APL; Hapag-Lloyd; Hyundai; MOL; NYK; OOCL",6,10,8342.3,606,6750,8600,13,13,13,{13}
2012-06-24,GBTIL,Tilbury,BEANR,Antwerp,2,2,"Alianca; CMA CGM; Hamburg Sud; Hapag-Lloyd",4,15,9698.32142857143,1864.625,3739,5905,1,1.5,2,"{1,2}"
2012-06-24,GBTIL,Tilbury,DEBRV,Bremerhaven,2,2,"CSAV; DAL-Deutsche Afrika Linien; Maersk Line; MOL; MSC; Safmarine",6,17,9367.95833333333,1516.59722222222,4045,5301,2,3.5,5,"{2,5}"
2012-06-24,GBTIL,Tilbury,DEHAM,Hamburg,3,3,"Alianca; ANL; CMA CGM; Delmas; Hamburg Sud; Hapag-Lloyd; MSC",7,26,13411.3534798535,2321.59340659341,2078,7154,2,2,3,"{2,2,3}"
2012-06-24,GBTIL,Tilbury,FRURO,Rouen,1,1,"CMA CGM; Delmas; Marfret",3,6,1678,240,1678,1678,2,2,2,{2}
2012-06-24,GBTIL,Tilbury,NLRTM,Rotterdam,4,4,"ANL; Borchard Lines Ltd; CMA CGM; COSCO; Delmas; Hanjin Shipping; Maersk Line; Marfret; MSC; Safmarine; USL-US Lines",11,23,13539.4523809524,2931.38095238095,862,7450,1,1,2,"{1,1,1,2}"
2012-06-24,GDSTG,"St George's",GYGEO,"Georgetown, Guyana",1,1,"SeaFreight Line; ZIM",2,5,1106.4,212,1096,1118,1,1,1,{1}
2012-06-24,GDSTG,"St George's",USMIA,"Miami FL",1,1,"Bernuth Lines",1,2,513.5,55,508,519,5,5,5,{5}
2012-06-24,GFDDC,"Degrad des Cannes",BRBEL,Belem,1,1,"CMA CGM; Delmas; Marfret",3,6,1678,240,1678,1678,2,2,2,{2}
2012-06-24,GHTEM,Tema,BJCOO,Cotonou,2,2,"Gold Star Line; PIL",2,14,5159.96428571429,676.488095238095,1075,3029,1,1,1,"{1,1}"
2012-06-24,GHTEM,Tema,CIABJ,Abidjan,3,3,"Evergreen Line; Hanjin Shipping; Hapag-Lloyd; MOL; MSC; UASC; ZIM",7,15,8429.66666666667,861.1,2061,3900,1,1,2,"{1,1,2}"
2012-06-24,GHTEM,Tema,CMDLA,Douala,1,1,"CMA CGM; Delmas",2,5,1880.8,243.8,1728,2080,4,4,4,{4}
2012-06-24,GHTEM,Tema,GHTKD,Takoradi,2,2,"COSCO; Maersk Line; Safmarine; ZIM",4,6,7671.25,1135.5,1700,2474,1,1,1,"{1,1}"
2012-06-24,GHTEM,Tema,NGTIN,"Lagos, Tin Can",2,2,"COSCO; MSC; ZIM",3,7,12919.8333333333,2588.33333333333,1678,3424,1,1,1,"{1,1}"
2012-06-24,GHTEM,Tema,TGLFW,Lome,1,1,"CSCL; Hapag-Lloyd; K Line; NileDutch; NYK",5,11,1900.72727272727,309.090909090909,2478,2986,3,3,3,{3}
2012-06-24,GHTEM,Tema,ZACPT,"Cape Town",1,1,"Maersk Line; MCC; Safmarine",3,12,3426.83333333333,316.75,2008,4496,10,10,10,{10}
2012-06-24,GHTKD,Takoradi,CIABJ,Abidjan,2,2,"COSCO; ZIM",2,3,15768,3330,1678,1900,0,0.5,1,"{1,0}"
2012-06-24,GHTKD,Takoradi,ESALG,Algeciras,1,1,"CMA CGM; Delmas",2,5,1880.8,243.8,1728,2080,8,8,8,{8}
2012-06-24,GHTKD,Takoradi,MAPTM,Tanger,1,1,"Maersk Line; Safmarine",2,4,1971.25,205.5,1700,2474,11,11,11,{11}
2012-06-24,GMBJL,Banjul,GNCKY,Conakry,1,1,"CMA CGM; Delmas",2,4,1594.25,215.75,1452,1901,1,1,1,{1}
2012-06-24,GMBJL,Banjul,MAPTM,Tanger,1,1,"Maersk Line; Safmarine",2,3,1747.66666666667,189.333333333333,1708,1827,7,7,7,{7}
2012-06-24,GNCKY,Conakry,ESALG,Algeciras,1,1,"Maersk Line; Safmarine",2,4,2491,389,2442,2546,16,16,16,{16}
2012-06-24,GNCKY,Conakry,MAPTM,Tanger,1,1,"Maersk Line; Safmarine",2,3,1600,,2400,2400,7,7,7,{7}
2012-06-24,GNCKY,Conakry,SLFNA,Freetown,1,1,"CMA CGM; Delmas",2,4,1594.25,215.75,1452,1901,0,0,0,{0}
2012-06-24,GNCKY,Conakry,TGLFW,Lome,1,1,MSC,1,5,2459.4,201.8,2415,2480,5,5,5,{5}
2012-06-24,GPPTP,Pointe-a-Pitre,ESALG,Algeciras,1,1,"CMA CGM; Delmas; Marfret",3,6,2475.33333333333,533.333333333333,2078,2566,8,8,8,{8}
2012-06-24,GPPTP,Pointe-a-Pitre,FRMTX,Montoir,1,1,"CMA CGM; Maersk Line; Marfret; WEC Lines",4,4,2260,550,2260,2260,8,8,8,{8}
2012-06-24,GPPTP,Pointe-a-Pitre,MQFDF,Fort-de-France,2,2,"CMA CGM; Delmas; Maersk Line; Marfret; WEC Lines",5,10,4735.33333333333,1083.33333333333,2078,2566,1,1.5,2,"{2,1}"
2012-06-24,GPPTP,Pointe-a-Pitre,USNYC,"New York NY/NJ",1,1,"CMA CGM",1,3,1296,390,1296,1296,6,6,6,{6}
2012-06-24,GQBSG,Bata,GQSSG,Malabo,1,1,Marguisa,1,2,4588.5,580.857142857143,1641,1740,3,3,3,{3}
2012-06-24,GQSSG,Malabo,ESVLC,Valencia,1,1,Marguisa,1,2,4588.5,580.857142857143,1641,1740,15,15,15,{15}
2012-06-24,GRPIR,Piraeus,CYLMS,Limassol,1,1,"Borchard Lines Ltd",1,4,866.5,194.25,862,868,2,2,2,{2}
2012-06-24,GRPIR,Piraeus,GBFXT,Felixstowe,1,1,"Hapag-Lloyd; MSC",2,4,3900.5,307.5,3424,4545,7,7,7,{7}
2012-06-24,GRPIR,Piraeus,GRSKG,Thessaloniki,1,1,"Hapag-Lloyd; MSC",2,4,3900.5,307.5,3424,4545,1,1,1,{1}
2012-06-24,GRPIR,Piraeus,ITGOA,Genoa,1,1,"COSCO; CSCL; Hapag-Lloyd; ZIM",4,6,4250.5,388.333333333333,4250,4253,3,3,3,{3}
2012-06-24,GRPIR,Piraeus,ITSPE,"La Spezia",1,1,"COSCO; CSCL; Evergreen Line; Hanjin Shipping; K Line; Yang Ming",6,9,8721.44444444445,700,8200,9449,3,3,3,{3}
2012-06-24,GRPIR,Piraeus,LKCMB,Colombo,1,1,"CMA CGM; Evergreen Line",2,11,7310.09090909091,801.090909090909,7024,8073,11,11,11,{11}
2012-06-24,GRPIR,Piraeus,NLRTM,Rotterdam,1,1,"CMA CGM; Evergreen Line",2,11,7310.09090909091,801.090909090909,7024,8073,8,8,8,{8}
2012-06-24,GRPIR,Piraeus,SAJED,Jeddah,1,1,"CSAV Norasia; MSC",2,11,13362,1072.72727272727,10640,14000,5,5,5,{5}
2012-06-24,GRPIR,Piraeus,SGSIN,Singapore,1,1,"COSCO; CSCL; Evergreen Line; Hanjin Shipping; K Line; Yang Ming",6,9,8721.44444444445,700,8200,9449,14,14,14,{14}
2012-06-24,GRPIR,Piraeus,TRAMB,"Istanbul (Ambarli)",1,1,"COSCO; CSCL; Hanjin Shipping; K Line; PIL; Wan Hai; Yang Ming; ZIM",8,8,5646.5,550,5500,6000,1,1,1,{1}
2012-06-24,GRPIR,Piraeus,TRIZT,Izmit,1,1,"Alianca; Hamburg Sud; Maersk Line; Seago Line",4,4,4295.75,445,4043,4380,3,3,3,{3}
2012-06-24,GRSKG,Thessaloniki,TRIZM,Izmir,1,1,"Hapag-Lloyd; MSC",2,4,3900.5,307.5,3424,4545,0,0,0,{0}
2012-06-24,GTPBR,"Puerto Barrios",HNPCR,"Puerto Cortes",2,2,"Dole; Great White Fleet",2,3,3130.5,975,890,2474,1,1.5,2,"{1,2}"
2012-06-24,GTPBR,"Puerto Barrios",USFPO,"Freeport TX",1,1,Dole,1,1,1157,250,1157,1157,3,3,3,{3}
2012-06-24,GTPBR,"Puerto Barrios",USMIA,"Miami FL",1,1,APL,1,1,584,144,584,584,2,2,2,{2}
2012-06-24,GTPRQ,"Puerto Quetzal",COCTG,Cartagena,1,1,"Alianca; CCNI; Hamburg Sud",3,4,1799.25,425.25,1740,1819,5,5,5,{5}
2012-06-24,GTPRQ,"Puerto Quetzal",MXLZC,"Lazaro Cardenas",4,4,"Alianca; APL; CMA CGM; CSAV; Evergreen Line; Hamburg Sud; Maersk Line; MOL",8,11,6845.33333333333,1270.53333333333,1180,2556,2,2.5,3,"{3,2,3,2}"
2012-06-24,GTPRQ,"Puerto Quetzal",MXZLO,"Manzanillo, MEX",2,2,"Alianca; CCNI; Hamburg Sud; Hapag-Lloyd; NYK",5,7,4327.25,825.25,1740,2664,3,3,3,"{3,3}"
2012-06-24,GTPRQ,"Puerto Quetzal",SVAQJ,Acajutla,3,3,"CMA CGM; CSAV; Evergreen Line; Hapag-Lloyd; Maersk Line; NYK",6,10,6794,995.2,1684,2664,1,1,2,"{2,1,1}"
2012-06-24,GTPRQ,"Puerto Quetzal",USNTD,"Port Hueneme CA",1,1,"Great White Fleet",1,2,3748.57142857143,760.714285714286,2490,2758,12,12,12,{12}
2012-06-24,GTPRQ,"Puerto Quetzal",USSAN,"San Diego CA",1,1,Dole,1,3,896.666666666667,445,890,910,5,5,5,{5}
2012-06-24,GTSTC,"Santo Tomas de Castilla",HNPCR,"Puerto Cortes",9,9,"APL; CMA CGM; Crowley; CSAV; Hapag-Lloyd; Maersk Line; Seaboard Marine",7,20,11369.6666666667,2034,660,2456,0,1,2,"{1,1,0,1,1,1,1,1,2}"
2012-06-24,GTSTC,"Santo Tomas de Castilla",USGPT,"Gulfport MS",1,1,Crowley,1,1,972,170,972,972,3,3,3,{3}
2012-06-24,GTSTC,"Santo Tomas de Castilla",USHOU,"Houston TX",3,3,"Maersk Line; Seaboard Marine",2,7,3956,823.666666666667,1114,1713,3,3,4,"{3,4,3}"
2012-06-24,GTSTC,"Santo Tomas de Castilla",USMIA,"Miami FL",2,2,"Seaboard Marine",1,2,1944,340,972,972,3,3,3,"{3,3}"
2012-06-24,GTSTC,"Santo Tomas de Castilla",USPEF,"Port Everglades FL",2,2,"Crowley; Evergreen Line; King Ocean",3,3,1747,322.5,584,1205,3,3.5,4,"{3,4}"
2012-06-24,GUGUM,Guam,CNXMN,Xiamen,1,1,Matson,1,5,2715.8,300,2019,2890,5,5,5,{5}
2012-06-24,GWOXB,Bissau,MRNDB,Nouadhibou,1,1,"Maersk Line; Safmarine",2,2,2325,278,1000,1325,2,2,2,{2}
2012-06-24,GYGEO,"Georgetown, Guyana",JMKIN,Kingston,1,1,"Seaboard Marine",1,3,657,116,657,657,7,7,7,{7}
2012-06-24,GYGEO,"Georgetown, Guyana",USPEF,"Port Everglades FL",1,1,"SeaFreight Line; ZIM",2,5,1106.4,212,1096,1118,1,1,1,{1}
2012-06-24,HKHKG,"Hong Kong",AUBNE,Brisbane,1,1,"Alianca; COSCO; Hamburg Sud; Hapag-Lloyd; MOL; NYK",6,6,3670,500,3534,4298,10,10,10,{10}
2012-06-24,HKHKG,"Hong Kong",AUSYD,Sydney,2,2,"ANL; APL; COSCO; CSCL; Gold Star Line; Hamburg Sud; Hapag-Lloyd; Hyundai; K Line; Maersk Line; NYK; OOCL; PIL",13,11,8230.2,658.666666666667,3764,4578,9,9.5,10,"{9,10}"
2012-06-24,HKHKG,"Hong Kong",BNMUA,"Muara Port",2,2,MELL,1,3,5298,1300,1304,1345,2,3,4,"{2,4}"
2012-06-24,HKHKG,"Hong Kong",CNCWN,Chiwan,10,10,"ANL; APL; CMA CGM; CSAV; CSAV Norasia; CSCL; Delmas; FESCO; Hapag-Lloyd; Libra-Montemar; MSC; OOCL; Stinnes; UASC; USL-US Lines",15,94,67360.6666666667,5690.92727272727,1440,14000,0,1,1,"{1,1,1,0,0,1,0,0,1,1}"
2012-06-24,HKHKG,"Hong Kong",CNDCB,"Da Chan Bay",1,1,"Hapag-Lloyd; K Line; MOL; NYK",4,11,6170.36363636364,522.090909090909,5608,6500,1,1,1,{1}
2012-06-24,HKHKG,"Hong Kong",CNDLC,Dalian,1,1,MSC,1,12,13426,1000,12562,14000,4,4,4,{4}
2012-06-24,HKHKG,"Hong Kong",CNNGB,Ningbo,7,7,"CMA CGM; COSCO; CSAV; CSCL; Evergreen Line; FESCO; Gold Star Line; Hanjin Shipping; K Line; KMTC; Libra-Montemar; MCC; MSC; PanOcean; PIL; Wan Hai; Yang Ming",17,54,37276.5576923077,3598.10683760684,1169,9200,2,2,3,"{3,3,2,3,2,2,2}"
2012-06-24,HKHKG,"Hong Kong",CNNSA,Nansha,3,3,"Alianca; ANL; CMA CGM; COSCO; CSAV; CSCL; Evergreen Line; Hamburg Sud; Hanjin Shipping; IAL-Interasia Lines; K Line; Libra-Montemar; Maersk Line; PIL; Safmarine; Wan Hai; Yang Ming",17,24,16394.6060606061,1378.89393939394,1510,13092,0,1,1,"{0,1,1}"
2012-06-24,HKHKG,"Hong Kong",CNSHA,Shanghai,16,16,"Alianca; APL; CMA CGM; COSCO; CSCL; Emirates Shipping; Evergreen Line; Hamburg Sud; Hanjin Shipping; Hapag-Lloyd; Heung-A; Hyundai; K Line; MOL; NYK; OOCL; PanOcean; PIL; PO Shipping; RCL; Samudera; Sinokor; Sinotrans; SITC Shipping; TS Lines; Wan Hai; X-Press; Yang Ming; ZIM",29,95,71351.6464646465,7053.11818181818,1043,14074,2,3,5,"{3,3,3,3,4,4,3,4,4,2,2,3,3,5,3,4}"
2012-06-24,HKHKG,"Hong Kong",CNSHK,Shekou,35,33,"Alianca; CCNI; CMA CGM; CNC Line-Cheng Lie Navigation Co. Ltd.; COSCO; CSCL; Emirates Shipping; Evergreen Line; Hamburg Sud; Hanjin Shipping; Hapag-Lloyd; Heung-A; Hyundai; IAL-Interasia Lines; K Line; KMTC; MCC; MOL; Namsung; NYK; OOCL; PanOcean; PIL; PO Shipping; RCL; SCI-Shipping Corp. of India; Sinokor; Sinotrans; SITC Shipping; TS Lines; Wan Hai; X-Press; Yang Ming; ZIM",34,151,99841.7563492063,10812.0075757576,650,9449,0,1,1,"{0,1,0,1,0,1,1,0,0,1,1,0,1,1,0,0,1,1,0,1,1,1,0,1,0,0,1,1,1,0,1,0,0,0,1}"
2012-06-24,HKHKG,"Hong Kong",CNSWA,Shantou,1,1,"COSCO; TS Lines",2,2,1378,130,1378,1378,1,1,1,{1}
2012-06-24,HKHKG,"Hong Kong",CNTAO,Qingdao,3,3,"CNC Line-Cheng Lie Navigation Co. Ltd.; COSCO; CSCL; Evergreen Line; Hanjin Shipping; K Line; MCC; Yang Ming",8,18,14339.5444444444,1833.3,2732,9449,4,4,5,"{4,4,5}"
2012-06-24,HKHKG,"Hong Kong",CNTXG,Xingang/Tianjin,6,6,"Alianca; APL; CMA CGM; CNC Line-Cheng Lie Navigation Co. Ltd.; COSCO; Evergreen Line; Hamburg Sud; Hanjin Shipping; K Line; MOL; MSC; OOCL; TS Lines; UASC; Yang Ming",15,54,45600.5839160839,3714.02331002331,1702,14000,3,4.5,7,"{7,5,4,4,6,3}"
2012-06-24,HKHKG,"Hong Kong",CNXMN,Xiamen,9,9,"APL; CK Line; CMA CGM; CNC Line-Cheng Lie Navigation Co. Ltd.; COSCO; Evergreen Line; Hamburg Sud; Hanjin Shipping; Heung-A; Hyundai; K Line; KMTC; Maersk Line; MELL; MOL; MSC; OOCL; PanOcean; TS Lines; UASC; USL-US Lines; Yang Ming",22,43,35090.9777777778,3385.48888888889,1061,9200,0,1,3,"{2,2,1,0,1,1,0,1,3}"
2012-06-24,HKHKG,"Hong Kong",CNYTN,Yantian,39,36,"Alianca; ANL; APL; CMA CGM; COSCO; CSCL; Evergreen Line; Gold Star Line; Hamburg Sud; Hanjin Shipping; Hapag-Lloyd; Hyundai; K Line; Maersk Line; MCC; MOL; MSC; NYK; OOCL; PIL; PO Shipping; UASC; USL-US Lines; Wan Hai; Yang Ming; ZIM",26,324,228361.687340437,20684.0097430347,957,14074,0,1,2,"{0,1,1,1,0,1,1,1,1,1,1,1,1,1,1,2,1,1,2,1,0,0,1,0,1,1,1,1,1,1,1,0,1,1,1,2,0,1,1}"
2012-06-24,HKHKG,"Hong Kong",IDJKT,"Jakarta, Java",4,4,"CNC Line-Cheng Lie Navigation Co. Ltd.; COSCO; Evergreen Line; Heung-A; K Line; KMTC; PanOcean; Sinokor; Sinotrans; TS Lines; Yang Ming",11,14,9449.33333333333,1289.41666666667,1432,3494,5,6,8,"{7,5,5,8}"
2012-06-24,HKHKG,"Hong Kong",JPOSA,Osaka,3,3,"Evergreen Line; MOL; OOCL",3,10,9108,1063,1618,4583,3,3,4,"{3,3,4}"
2012-06-24,HKHKG,"Hong Kong",JPTYO,Tokyo,4,4,"Evergreen Line; Hapag-Lloyd; IAL-Interasia Lines; K Line; MOL; NYK; OOCL; RCL; Wan Hai",9,13,11003,1114.66666666667,1613,5100,3,4,4,"{4,3,4,4}"
2012-06-24,HKHKG,"Hong Kong",JPUKB,Kobe,3,3,"APL; Hapag-Lloyd; Hyundai; IAL-Interasia Lines; MOL; NYK; OOCL; Wan Hai",8,17,12156.0303030303,1114.06060606061,836,9100,3,4,4,"{3,4,4}"
2012-06-24,HKHKG,"Hong Kong",KRICH,Inchon,2,2,"Gold Star Line; KMTC; MCC; PanOcean; Sinokor",5,6,2701.5,350.75,1060,1795,3,3,3,"{3,3}"
2012-06-24,HKHKG,"Hong Kong",KRKAN,Gwangyang,3,3,"CSCL; Emirates Shipping; Evergreen Line; Hanjin Shipping; Heung-A; Hyundai; Maersk Line; MCC; MOL; NYK; PanOcean",11,21,22443,1704.66666666667,1708,15550,3,3,3,"{3,3,3}"
2012-06-24,HKHKG,"Hong Kong",KRPUS,Busan,8,8,"Alianca; ANL; APL; CCNI; CMA CGM; CSAV; CSCL; Hamburg Sud; Hanjin Shipping; Hapag-Lloyd; Heung-A; Hyundai; K Line; Libra-Montemar; Maersk Line; MCC; MOL; MSC; Namsung; NYK; OOCL; PIL; Safmarine; ZIM",24,71,36216.3964646465,4340.42424242424,1005,8500,2,2.5,4,"{2,2,2,3,4,3,3,2}"
2012-06-24,HKHKG,"Hong Kong",KRUSN,Ulsan,1,1,"Hanjin Shipping; KMTC",2,3,1890,254.666666666667,1860,1950,3,3,3,{3}
2012-06-24,HKHKG,"Hong Kong",MYPKG,"Port Klang",3,3,"ANL; CMA CGM; CSAV; CSCL; Heung-A; Libra-Montemar; MOL; MSC; PanOcean; TS Lines; Wan Hai; X-Press",12,18,11657.2575757576,1548,2495,6627,4,4,4,"{4,4,4}"
2012-06-24,HKHKG,"Hong Kong",MYTMP,"Tanjung Manis",1,1,MELL,1,2,1232,334.5,1114,1350,4,4,4,{4}
2012-06-24,HKHKG,"Hong Kong",MYTPP,"Tanjung Pelepas",2,2,"Alianca; CMA CGM; Delmas; Hamburg Sud; Maersk Line; MCC; MOL; Safmarine",8,21,14283.25,1970.66666666667,6214,8500,3,3.5,4,"{3,4}"
2012-06-24,HKHKG,"Hong Kong",PABLB,Balboa,1,1,"Hapag-Lloyd; NYK; OOCL; ZIM",4,9,4574.44444444444,385.777777777778,4250,5042,21,21,21,{21}
2012-06-24,HKHKG,"Hong Kong",PGLAE,Lae,1,1,NewPac,1,2,5965.71428571429,1028.57142857143,1740,1740,9,9,9,{9}
2012-06-24,HKHKG,"Hong Kong",PHMNL,Manila,3,3,"CNC Line-Cheng Lie Navigation Co. Ltd.; COSCO; MCC; Yang Ming",4,9,5087,732,1296,1932,2,2,2,"{2,2,2}"
2012-06-24,HKHKG,"Hong Kong",SGSIN,Singapore,21,21,"Alianca; APL; CMA CGM; CNC Line-Cheng Lie Navigation Co. Ltd.; COSCO; CSCL; Emirates Shipping; Evergreen Line; Hamburg Sud; Hanjin Shipping; Hapag-Lloyd; Hyundai; K Line; KMTC; MCC; MELL; MOL; NYK; OOCL; PanOcean; PIL; RCL; Samudera; SCI-Shipping Corp. of India; Wan Hai; X-Press; Yang Ming",27,135,92343.8273504274,9038.58896658897,1713,9300,2,3,4,"{3,3,3,3,3,4,4,3,4,4,4,3,2,3,3,3,3,3,4,4,4}"
2012-06-24,HKHKG,"Hong Kong",THBKK,"Bangkok (Old Port)",1,1,"Alianca; Evergreen Line; Hamburg Sud; IAL-Interasia Lines; Wan Hai",5,3,1704,50,1512,1800,4,4,4,{4}
2012-06-24,HKHKG,"Hong Kong",THLCH,"Laem Chabang",8,8,"APL; CK Line; CNC Line-Cheng Lie Navigation Co. Ltd.; Evergreen Line; Hanjin Shipping; Hyundai; KMTC; MELL; MOL; OOCL; PanOcean; Sinokor; TS Lines; Wan Hai; Yang Ming",15,32,18872,1998.25,1088,6724,3,4,6,"{4,4,6,4,4,4,4,3}"
2012-06-24,HKHKG,"Hong Kong",TLDIL,"Dili, East Timor",1,1,MELL,1,3,2478.66666666667,548.666666666667,1114,1304,7,7,7,{7}
2012-06-24,HKHKG,"Hong Kong",TWKHH,Kaohsiung,18,18,"ANL; APL; CMA CGM; CNC Line-Cheng Lie Navigation Co. Ltd.; COSCO; CSAV; CSCL; Evergreen Line; Hamburg Sud; Hapag-Lloyd; Hyundai; K Line; Libra-Montemar; Maersk Line; MCC; MELL; MOL; NYK; OOCL; PIL; TS Lines; Wan Hai; Yang Ming; ZIM",24,98,59634.8657509157,5935.11923076923,925,8440,0,1,2,"{2,1,1,1,2,1,1,1,2,1,1,1,2,1,1,1,1,0}"
2012-06-24,HKHKG,"Hong Kong",TWTXG,Taichung,1,1,"Wan Hai",1,4,2496.75,341,2200,2646,1,1,1,{1}
2012-06-24,HKHKG,"Hong Kong",USLAX,"Los Angeles CA",1,1,"Hapag-Lloyd; Maersk Line; MCC; NYK; OOCL; Safmarine",6,16,8926.25,725,9030,9700,13,13,13,{13}
2012-06-24,HKHKG,"Hong Kong",VNCLN,"Cai Lan",1,1,MSC,1,3,1938,298.333333333333,1858,2098,2,2,2,{2}
2012-06-24,HKHKG,"Hong Kong",VNDAD,"Da Nang",1,1,"IAL-Interasia Lines; K Line; MOL; Wan Hai",4,3,1601.33333333333,197.333333333333,1368,1728,2,2,2,{2}
2012-06-24,HKHKG,"Hong Kong",VNHPH,Haiphong,13,13,"Bien Dong; COSCO; Evergreen Line; Heung-A; IAL-Interasia Lines; KMTC; MCC; MELL; MOL; Namsung; NYK; OOCL; PanOcean; RCL; Sinotrans; SITC Shipping; TS Lines; Wan Hai",18,28,12250.3333333333,1833.66666666667,420,1496,1,2,4,"{3,2,1,2,4,2,1,2,1,3,2,2,1}"
2012-06-24,HKHKG,"Hong Kong",VNSGN,"Ho Chi Minh (VICT/Cat Lai)",12,12,"Evergreen Line; Gold Star Line; Hanjin Shipping; Heung-A; Hyundai; KMTC; MCC; MOL; Namsung; OOCL; PanOcean; RCL; Sinokor; SITC Shipping; TS Lines; Wan Hai; Yang Ming",17,38,17222.1666666667,2188.41666666667,1005,1800,2,3,4,"{2,4,3,3,2,2,3,2,3,3,2,3}"
2012-06-24,HKHKG,"Hong Kong",VNTCT,"Cai Mep",1,1,"APL; Hapag-Lloyd; Hyundai; MOL; NYK; OOCL",6,11,8624.36363636364,722.727272727273,8100,9100,3,3,3,{3}
2012-06-24,HNPCA,"Puerto Castilla",USGPT,"Gulfport MS",1,1,Dole,1,1,890,445,890,890,2,2,2,{2}
2012-06-24,HNPCA,"Puerto Castilla",USPEF,"Port Everglades FL",1,1,Dole,1,2,2046,990,2046,2046,2,2,2,{2}
2012-06-24,HNPCR,"Puerto Cortes",BZBZE,"Belize City",1,1,"Seaboard Marine",1,1,660,116,660,660,1,1,1,{1}
2012-06-24,HNPCR,"Puerto Cortes",CRLIO,"Puerto Limon",3,3,"CMA CGM; CSAV; Great White Fleet; Hapag-Lloyd",4,12,6296.16666666667,1271,1740,2474,1,4,4,"{4,4,1}"
2012-06-24,HNPCR,"Puerto Cortes",GTPBR,"Puerto Barrios",2,2,"APL; Dole",2,2,1741,394,584,1157,0,0.5,1,"{0,1}"
2012-06-24,HNPCR,"Puerto Cortes",GTSTC,"Santo Tomas de Castilla",6,6,"Crowley; King Ocean; Maersk Line; Seaboard Marine",4,10,6338,1253.66666666667,584,1713,1,1,1,"{1,1,1,1,1,1}"
2012-06-24,HNPCR,"Puerto Cortes",HNPCA,"Puerto Castilla",1,1,Dole,1,1,890,445,890,890,1,1,1,{1}
2012-06-24,HNPCR,"Puerto Cortes",PAMIT,Manzanillo,1,1,"Maersk Line",1,3,1713,377,1713,1713,4,4,4,{4}
2012-06-24,HNPCR,"Puerto Cortes",USGPT,"Gulfport MS",1,1,Crowley,1,1,972,170,972,972,3,3,3,{3}
2012-06-24,HNPCR,"Puerto Cortes",USMIA,"Miami FL",1,1,"APL; Maersk Line",2,2,1118,220,1118,1118,3,3,3,{3}
2012-06-24,HNPCR,"Puerto Cortes",USMSY,"New Orleans LA",1,1,"Seaboard Marine",1,1,907,70,907,907,3,3,3,{3}
2012-06-24,HNPCR,"Puerto Cortes",USPEF,"Port Everglades FL",2,2,Crowley,1,2,1944,340,972,972,3,3,3,"{3,3}"
2012-06-24,HRRJK,Rijeka,ITTRS,Trieste,2,2,"CMA CGM; Delmas; Evergreen Line; Hanjin Shipping; Maersk Line; MCC; MOL; Safmarine; Yang Ming",9,23,12044.8095238095,1107.66666666667,5364,6696,1,1,1,"{1,1}"
2012-06-24,HTPAP,Port-au-Prince,TTPTS,"Point Lisas",1,1,"SeaFreight Line; ZIM",2,5,1106.4,212,1096,1118,1,1,1,{1}
2012-06-24,HTPAP,Port-au-Prince,USMIA,"Miami FL",2,2,"Seaboard Marine",1,5,1491.5,292,657,957,3,3,3,"{3,3}"
2012-06-24,HTPAP,Port-au-Prince,USNYC,"New York NY/NJ",1,1,"Seaboard Marine",1,2,966,252,966,966,2,2,2,{2}
2012-06-24,HTPAP,Port-au-Prince,USPEF,"Port Everglades FL",1,1,Crowley,1,1,972,170,972,972,2,2,2,{2}
2012-06-24,IDJKT,"Jakarta, Java",AUFRE,Fremantle,1,1,MSC,1,7,2851.14285714286,142.571428571429,3029,4056,5,5,5,{5}
2012-06-24,IDJKT,"Jakarta, Java",HKHKG,"Hong Kong",1,1,"Heung-A; PanOcean; Sinokor; TS Lines",4,3,1637.33333333333,257.333333333333,1432,1740,5,5,5,{5}
2012-06-24,IDJKT,"Jakarta, Java",IDSRG,"Semarang, Java",3,3,"Evergreen Line; Wan Hai; Yang Ming",3,13,5756.13333333333,688.2,1368,2908,1,1,2,"{1,1,2}"
2012-06-24,IDJKT,"Jakarta, Java",IDSUB,"Surabaya, Java",4,4,"CNC Line-Cheng Lie Navigation Co. Ltd.; Evergreen Line; Hanjin Shipping; K Line; KMTC; MCC; Yang Ming",7,17,9241.1,1712.36666666667,1713,2824,1,1.5,3,"{2,1,1,3}"
2012-06-24,IDJKT,"Jakarta, Java",MYPKG,"Port Klang",2,2,"COSCO; MOL; TS Lines",3,8,6351.25,817.25,2824,3534,3,3.5,4,"{4,3}"
2012-06-24,IDJKT,"Jakarta, Java",MYTPP,"Tanjung Pelepas",2,2,"Evergreen Line; MCC; Yang Ming",3,10,5244.4,907,1618,2908,2,2.5,3,"{2,3}"
2012-06-24,IDJKT,"Jakarta, Java",PGMAG,Madang,1,1,"ANL; CMA CGM",2,1,4101.42857142857,1080,957,957,8,8,8,{8}
2012-06-24,IDJKT,"Jakarta, Java",PGPOM,"Port Moresby",1,1,"Swire Shipping",1,2,6171.42857142857,714.285714285714,1728,1728,6,6,6,{6}
2012-06-24,IDJKT,"Jakarta, Java",PHMNL,Manila,1,1,"Hanjin Shipping; Heung-A; MOL; PanOcean",4,4,2641,52,2535,2959,6,6,6,{6}
2012-06-24,IDJKT,"Jakarta, Java",SGSIN,Singapore,4,4,"Hanjin Shipping; Hapag-Lloyd; K Line; KMTC; NYK; OOCL; RCL; Sinotrans; Yang Ming",9,15,11386.75,1325.83333333333,1585,4583,1,3.5,4,"{3,4,4,1}"
2012-06-24,IDJKT,"Jakarta, Java",TWKHH,Kaohsiung,1,1,"Evergreen Line; Yang Ming",2,2,1736,300,1732,1740,6,6,6,{6}
2012-06-24,IDJKT,"Jakarta, Java",VNSGN,"Ho Chi Minh (VICT/Cat Lai)",2,2,"Gold Star Line; K Line; KMTC; MCC; NYK; Sinokor",6,8,3242.5,380.75,1512,1795,4,4,4,"{4,4}"
2012-06-24,IDSRG,"Semarang, Java",IDSUB,"Surabaya, Java",3,3,"Evergreen Line; Wan Hai; Yang Ming",3,13,5756.13333333333,688.2,1368,2908,1,1,1,"{1,1,1}"
2012-06-24,IDSUB,"Surabaya, Java",HKHKG,"Hong Kong",1,1,"Hanjin Shipping; KMTC",2,3,1890,254.666666666667,1860,1950,5,5,5,{5}
2012-06-24,IDSUB,"Surabaya, Java",IDJKT,"Jakarta, Java",2,2,"Evergreen Line; MCC; Yang Ming",3,10,5244.4,907,1618,2908,1,1,1,"{1,1}"
2012-06-24,IDSUB,"Surabaya, Java",PHDVO,Davao,1,1,MCC,1,5,1733,324.4,1713,1740,3,3,3,{3}
2012-06-24,IDSUB,"Surabaya, Java",PHMNL,Manila,1,1,"CNC Line-Cheng Lie Navigation Co. Ltd.; Evergreen Line; K Line; Yang Ming",4,4,2812.5,564.5,2778,2824,5,5,5,{5}
2012-06-24,IDSUB,"Surabaya, Java",TWKHH,Kaohsiung,2,2,"Evergreen Line; Yang Ming",2,10,4240.8,538.2,1618,2908,6,6.5,7,"{7,6}"
2012-06-24,IDSUB,"Surabaya, Java",TWTPE,Taipei,1,1,"Evergreen Line; Wan Hai",2,3,1515.33333333333,150,1368,1618,5,5,5,{5}
2012-06-24,IEDUB,Dublin,PTLEI,Leixoes,1,1,"Borchard Lines Ltd",1,4,866.5,194.25,862,868,2,2,2,{2}
2012-06-24,IEORK,Cork,GBTIL,Tilbury,1,1,"Maersk Line",1,6,2545.33333333333,600,2530,2556,3,3,3,{3}
2012-06-24,ILASH,Ashdod,EGALY,Alexandria,1,1,"Evergreen Line; Hanjin Shipping; MOL; Yang Ming",4,14,5549.14285714286,562,5364,5652,1,1,1,{1}
2012-06-24,ILASH,Ashdod,EGPSD,"Port Said",1,1,"APL; Hapag-Lloyd; Hyundai; MOL; NYK; OOCL",6,9,5997.33333333333,496.444444444444,4960,6400,2,2,2,{2}
2012-06-24,ILASH,Ashdod,GBFXT,Felixstowe,2,2,"Alianca; Gold Star Line; Hamburg Sud; Hapag-Lloyd; Maersk Line; Seago Line; ZIM",7,16,7945.25454545455,816.345454545454,3429,4380,9,9.5,10,"{10,9}"
2012-06-24,ILASH,Ashdod,ILHFA,Haifa,1,1,"Borchard Lines Ltd",1,4,866.5,213,862,868,1,1,1,{1}
2012-06-24,ILASH,Ashdod,ITGOA,Genoa,1,1,"COSCO; Evergreen Line; Hanjin Shipping; K Line; Yang Ming",5,9,8165.33333333333,755.555555555556,8120,8236,4,4,4,{4}
2012-06-24,ILASH,Ashdod,LBBEY,Beirut,1,1,"Borchard Lines Ltd",1,4,866.5,194.25,862,868,1,1,1,{1}
2012-06-24,ILASH,Ashdod,MYPKG,"Port Klang",1,1,"Gold Star Line; ZIM",2,11,3667.45454545455,259.545454545455,3429,4253,13,13,13,{13}
2012-06-24,ILASH,Ashdod,NLRTM,Rotterdam,1,1,"MSC; ZIM",2,5,4238.2,512,3922,4549,15,15,15,{15}
2012-06-24,ILASH,Ashdod,TRAMB,"Istanbul (Ambarli)",1,1,"APL; Hapag-Lloyd; Hyundai; MOL; NYK; OOCL",6,9,5997.33333333333,496.444444444444,4960,6400,3,3,3,{3}
2012-06-24,ILHFA,Haifa,CYLMS,Limassol,1,1,"Alianca; Hamburg Sud; Hapag-Lloyd; Maersk Line; Seago Line",5,5,4277.8,556.8,4250,4380,1,1,1,{1}
2012-06-24,ILHFA,Haifa,EGALY,Alexandria,1,1,"Borchard Lines Ltd",1,4,866.5,213,862,868,1,1,1,{1}
2012-06-24,ILHFA,Haifa,GRPIR,Piraeus,1,1,"COSCO; CSCL; Hapag-Lloyd; ZIM",4,6,4250.5,388.333333333333,4250,4253,3,3,3,{3}
2012-06-24,ILHFA,Haifa,ILASH,Ashdod,4,3,"Borchard Lines Ltd; Gold Star Line; MSC; ZIM",4,31,12439.6090909091,1225.34090909091,862,4549,1,1,1,"{1,1,1,1}"
2012-06-24,ILHFA,Haifa,INMUN,Mundra,1,1,"CSCL; ZIM",2,10,4175.3,388.1,3429,4308,10,10,10,{10}
2012-06-24,ILHFA,Haifa,TRAMB,"Istanbul (Ambarli)",1,1,"CSCL; ZIM",2,10,4175.3,388.1,3429,4308,3,3,3,{3}
2012-06-24,INCCU,Kolkata,INHAL,Haldia,4,4,"Advance Container Lines; CMA CGM; Delmas; Gold Star Line; Hanjin Shipping; HUBLine; OEL-Orient Express Lines; PIL",8,7,4650.57142857143,587.428571428571,608,1118,1,1,2,"{1,2,1,1}"
2012-06-24,INCOK,Cochin,EGDAM,Damietta,1,1,"ANL; CMA CGM; Hapag-Lloyd",3,13,4220.61538461538,400.307692307692,3586,4308,8,8,8,{8}
2012-06-24,INCOK,Cochin,LKCMB,Colombo,1,1,"MOL; OOCL; Samudera",3,5,4160,463.6,3534,4380,1,1,1,{1}
2012-06-24,INHAL,Haldia,MYPKG,"Port Klang",3,3,"CMA CGM; Delmas; Gold Star Line; Hanjin Shipping; HUBLine; OEL-Orient Express Lines",6,5,3887.14285714286,513.142857142857,642,1118,4,4,5,"{5,4,4}"
2012-06-24,INHAL,Haldia,SGSIN,Singapore,1,1,"Advance Container Lines; PIL",2,2,763.428571428571,74.2857142857143,608,728,6,6,6,{6}
2012-06-24,INMAA,Chennai/Madras,INVTZ,Vishakhapatnam,3,3,"APL; BTL-Bengal Tiger Line; Hanjin Shipping; Hapag-Lloyd; K Line; Maersk Line; MCC; PIL; Safmarine; SCI-Shipping Corp. of India; X-Press",11,12,10236.4,1172.8,2535,4425,0,1,1,"{1,0,1}"
2012-06-24,INMAA,Chennai/Madras,LKCMB,Colombo,1,1,"ANL; CMA CGM; Hapag-Lloyd",3,13,4220.61538461538,400.307692307692,3586,4308,3,3,3,{3}
2012-06-24,INMAA,Chennai/Madras,MYPEN,Penang,3,3,"Evergreen Line; IAL-Interasia Lines; MOL; NYK; OOCL; PanOcean; RCL; Wan Hai; X-Press; Yang Ming",10,10,4499.33333333333,494.5,1050,1740,3,4,4,"{4,4,3}"
2012-06-24,INMAA,Chennai/Madras,MYPKG,"Port Klang",3,3,"BTL-Bengal Tiger Line; Hanjin Shipping; Hapag-Lloyd; Hyundai; K Line; NYK; OOCL; Safmarine; Samudera; TS Lines; Wan Hai; X-Press",12,9,5426.66666666667,497.333333333333,1510,2200,4,4,6,"{6,4,4}"
2012-06-24,INMUN,Mundra,AEJEA,"Dubai, Jebel Ali",1,1,"Gold Star Line; PIL",2,6,1926.57142857143,280.238095238095,1075,1597,3,3,3,{3}
2012-06-24,INMUN,Mundra,AEKLF,"Khor Fakkan",2,2,"CMA CGM; Delmas",2,15,3240.8,446.6,1608,2496,2,3,4,"{4,2}"
2012-06-24,INMUN,Mundra,EGDAM,Damietta,1,1,"ANL; APL; CMA CGM; Hapag-Lloyd; NYK; OOCL",6,8,3607.875,301,3808,4367,6,6,6,{6}
2012-06-24,INMUN,Mundra,ILHFA,Haifa,1,1,"Gold Star Line; ZIM",2,11,3667.45454545455,259.545454545455,3429,4253,8,8,8,{8}
2012-06-24,INMUN,Mundra,LKCMB,Colombo,2,2,"COSCO; CSCL; Evergreen Line; Maersk Line; OOCL; Simatech; ZIM",7,15,8176.1,948.1,3400,4363,3,3,3,"{3,3}"
2012-06-24,INMUN,Mundra,MYPEN,Penang,1,1,"COSCO; OOCL; Yang Ming",3,5,4230,400,3725,4583,7,7,7,{7}
2012-06-24,INMUN,Mundra,MYPKG,"Port Klang",1,1,"K Line; PIL; Wan Hai",3,6,5505.16666666667,426.666666666667,4380,6000,6,6,6,{6}
2012-06-24,INMUN,Mundra,OMSLL,Salalah,4,4,"APL; CSAV; Maersk Line; MSC; Safmarine; SCI-Shipping Corp. of India",6,26,22318.3392857143,1975.01785714286,3129,6802,3,4,5,"{4,5,4,3}"
2012-06-24,INMUN,Mundra,SAJED,Jeddah,2,2,"Alianca; ANL; CMA CGM; Delmas; Hamburg Sud; Hapag-Lloyd; OOCL",7,15,11387.8214285714,1282,5527,5905,5,5.5,6,"{6,5}"
2012-06-24,INNSA,"Mumbai (Nhava Sheva)",AEJEA,"Dubai, Jebel Ali",1,1,"Maersk Line; Safmarine",2,6,3574.33333333333,253.333333333333,3426,3604,4,4,4,{4}
2012-06-24,INNSA,"Mumbai (Nhava Sheva)",INCOK,Cochin,1,1,"MOL; OOCL; Samudera",3,5,4160,463.6,3534,4380,2,2,2,{2}
2012-06-24,INNSA,"Mumbai (Nhava Sheva)",INMUN,Mundra,8,8,"Alianca; ANL; APL; CMA CGM; CSAV; Delmas; Gold Star Line; Hamburg Sud; Hapag-Lloyd; Maersk Line; MSC; NYK; OOCL; PIL; Safmarine; SCI-Shipping Corp. of India; ZIM",17,62,39326.8116883117,3847.80140692641,1075,6802,1,1,3,"{2,3,1,1,1,1,2,1}"
2012-06-24,INNSA,"Mumbai (Nhava Sheva)",INPAV,Pipavav,4,4,"Alianca; APL; Emirates Shipping; Evergreen Line; Hamburg Sud; Hanjin Shipping; Hapag-Lloyd; KMTC; NYK; OOCL; RCL; X-Press; Yang Ming",13,22,13344.8333333333,1829.7,2577,4701,0,0.5,1,"{0,1,1,0}"
2012-06-24,INNSA,"Mumbai (Nhava Sheva)",LKCMB,Colombo,4,4,"APL; Evergreen Line; Hyundai; K Line; Maersk Line; MCC; MOL; NYK; PIL; Safmarine; SCI-Shipping Corp. of India; Simatech; Wan Hai",13,21,12288.6833333333,1286,1675,4380,2,3,3,"{3,2,3,3}"
2012-06-24,INNSA,"Mumbai (Nhava Sheva)",MYPKG,"Port Klang",1,1,"Evergreen Line; Hapag-Lloyd; Wan Hai; X-Press",4,4,4051,437.5,3450,4252,5,5,5,{5}
2012-06-24,INNSA,"Mumbai (Nhava Sheva)",OMSLL,Salalah,1,1,"Maersk Line; Safmarine",2,7,4292.57142857143,400,4154,4338,3,3,3,{3}
2012-06-24,INNSA,"Mumbai (Nhava Sheva)",PKKHI,Karachi,4,4,"APL; CMA CGM; Hanjin Shipping; KMTC; Maersk Line; MCC; MOL; PanOcean; Safmarine; UAFL-United Africa Feeder Line",10,18,17092.4214285714,1628.77142857143,1684,6712,1,2.5,4,"{4,1,2,3}"
2012-06-24,INNSA,"Mumbai (Nhava Sheva)",SAJED,Jeddah,2,2,"Hanjin Shipping; K Line; Maersk Line; Safmarine; UASC; Yang Ming",6,21,8332.18181818182,1298.43636363636,3802,4545,6,6,6,"{6,6}"
2012-06-24,INNSA,"Mumbai (Nhava Sheva)",SGSIN,Singapore,1,1,Hyundai,1,5,1943,173.4,2200,3115,9,9,9,{9}
2012-06-24,INPAV,Pipavav,INNSA,"Mumbai (Nhava Sheva)",4,4,"CMA CGM; Hyundai; Maersk Line; MCC; NYK; Safmarine",6,26,16682.0476190476,1526.66666666667,1675,6712,1,2,2,"{2,2,1,2}"
2012-06-24,INPAV,Pipavav,LKCMB,Colombo,3,3,"Alianca; Evergreen Line; Hamburg Sud; Hanjin Shipping; MOL; NYK; OOCL; RCL; Samudera; X-Press; Yang Ming",11,13,9198.33333333333,1410.86666666667,2078,4367,3,3,4,"{3,4,3}"
2012-06-24,INPAV,Pipavav,MYPKG,"Port Klang",2,2,"APL; Emirates Shipping; Hapag-Lloyd; KMTC; NYK; OOCL; RCL",7,12,6569.83333333333,785.5,2577,4701,5,6,7,"{5,7}"
2012-06-24,INVTZ,Vishakhapatnam,MYPKG,"Port Klang",1,1,"APL; BTL-Bengal Tiger Line; Hapag-Lloyd",3,2,3133,500,2732,3534,3,3,3,{3}
2012-06-24,INVTZ,Vishakhapatnam,MYTPP,"Tanjung Pelepas",1,1,"Maersk Line; MCC; Safmarine; X-Press",4,5,4295.2,334,4224,4425,4,4,4,{4}
2012-06-24,INVTZ,Vishakhapatnam,SGSIN,Singapore,1,1,"Hanjin Shipping; K Line; PIL; SCI-Shipping Corp. of India",4,5,2808.2,338.8,2535,3075,5,5,5,{5}
2012-06-24,IRBND,"Bandar Abbas",MYPKG,"Port Klang",2,2,"PO Shipping; TS Lines; Yang Ming",3,12,8307.33333333333,933.666666666667,2546,5548,9,9.5,10,"{9,10}"
2012-06-24,IRBND,"Bandar Abbas",PKKHI,Karachi,2,2,"CSCL; Emirates Shipping; Evergreen Line; Hyundai; K Line; MCC; MOL; NYK; PIL; Wan Hai",10,12,11497.3333333333,905,4380,6800,0,1.5,3,"{3,0}"
2012-06-24,IRBND,"Bandar Abbas",SGSIN,Singapore,1,1,"CSAV Norasia; Hanjin Shipping; KMTC; UASC",4,6,6661,581,6541,6919,9,9,9,{9}
2012-06-24,IRBND,"Bandar Abbas",THLCH,"Laem Chabang",1,1,"Evergreen Line; MOL",2,6,4976.66666666667,450,4211,5652,10,10,10,{10}
2012-06-24,ISREY,Reykjavik,CANWP,Argentia,1,1,Eimskip,1,1,3051.42857142857,428.571428571429,712,712,6,6,6,{6}
2012-06-24,ISREY,Reykjavik,NOSLX,Sortland,1,1,Eimskip,1,1,2991.42857142857,514.285714285714,698,698,2,2,2,{2}
2012-06-24,ITCAG,Cagliari,CAHAL,Halifax,1,1,"Hapag-Lloyd; NYK; OOCL",3,10,5702.4,502.4,4960,5888,7,7,7,{7}
2012-06-24,ITCAG,Cagliari,DEHAM,Hamburg,1,1,"Alianca; Hamburg Sud; Hapag-Lloyd",3,7,5668.57142857143,766,5527,5905,6,6,6,{6}
2012-06-24,ITCAG,Cagliari,ITLIV,Leghorn,2,2,"Alianca; CCNI; CMA CGM; CSAV; Hamburg Sud; Hapag-Lloyd; Maersk Line",7,17,6011.67142857143,706.757142857143,2520,3400,2,2,2,"{2,2}"
2012-06-24,ITCAG,Cagliari,ITSAL,Salerno,1,1,"Hanjin Shipping; Hapag-Lloyd",2,5,2600,169.2,2300,3017,1,1,1,{1}
2012-06-24,ITCAG,Cagliari,SAJED,Jeddah,2,2,"Alianca; Hamburg Sud; Hapag-Lloyd; NYK; OOCL",5,17,11370.9714285714,1268.4,4960,5905,5,5.5,6,"{5,6}"
2012-06-24,ITGIT,"Gioia Tauro",AEJEA,"Dubai, Jebel Ali",1,1,"CMA CGM; MSC",2,11,12945.2727272727,909.090909090909,12400,14000,11,11,11,{11}
2012-06-24,ITGIT,"Gioia Tauro",ESVLC,Valencia,3,3,"CSAV; MSC",2,23,23070.25,1836.25,2394,14000,2,2,4,"{2,2,4}"
2012-06-24,ITGIT,"Gioia Tauro",GBFXT,Felixstowe,1,1,"CSAV; MSC; SCI-Shipping Corp. of India",3,8,5348.375,449.875,3129,6750,7,7,7,{7}
2012-06-24,ITGIT,"Gioia Tauro",ITLIV,Leghorn,1,1,"Alianca; CMA CGM; CSAV; Hamburg Sud; Libra-Montemar; MSC; Niver Lines; ZIM",8,8,5666.125,620.625,5550,5905,3,3,3,{3}
2012-06-24,ITGIT,"Gioia Tauro",ITNAP,Naples,2,2,MSC,1,13,8819.47619047619,768.428571428571,4255,5086,1,1.5,2,"{2,1}"
2012-06-24,ITGIT,"Gioia Tauro",ITSPE,"La Spezia",1,1,MSC,1,10,4947.8,575.4,3922,5301,4,4,4,{4}
2012-06-24,ITGIT,"Gioia Tauro",LKCMB,Colombo,1,1,"CSAV; MSC; SCI-Shipping Corp. of India",3,8,5348.375,449.875,3129,6750,14,14,14,{14}
2012-06-24,ITGIT,"Gioia Tauro",REPDG,"Reunion Island",1,1,MSC,1,13,4044.92307692308,457.846153846154,3500,4469,14,14,14,{14}
2012-06-24,ITGIT,"Gioia Tauro",SAJED,Jeddah,1,1,MSC,1,12,13426,1000,12562,14000,5,5,5,{5}
2012-06-24,ITGOA,Genoa,EGDAM,Damietta,1,1,"ANL; CMA CGM; Hapag-Lloyd",3,13,4220.61538461538,400.307692307692,3586,4308,5,5,5,{5}
2012-06-24,ITGOA,Genoa,EGPSD,"Port Said",1,1,"Hanjin Shipping; K Line; UASC; Yang Ming",4,10,3966,375.8,3802,4545,5,5,5,{5}
2012-06-24,ITGOA,Genoa,ESBCN,Barcelona,6,6,"Alianca; CCNI; CMA CGM; COSCO; CSAV; CSCL; Evergreen Line; Hamburg Sud; Hanjin Shipping; Hapag-Lloyd; K Line; Maersk Line; Melfi Marine; Safmarine; UASC; Yang Ming",16,49,31399.2453102453,3231.84906204906,1334,9449,1,1.5,2,"{2,2,1,1,2,1}"
2012-06-24,ITGOA,Genoa,ESTAR,Tarragona,3,3,"COSCO; CSCL; Hapag-Lloyd; ZIM",4,9,20018.5,3718.33333333333,1678,4253,2,2,2,"{2,2,2}"
2012-06-24,ITGOA,Genoa,FRFOS,"Marseilles-Fos (Fos)",7,7,"Alianca; APL; CMA CGM; CSAV; CSCL; Delmas; Hamburg Sud; Hanjin Shipping; Hapag-Lloyd; Hyundai; Libra-Montemar; Maersk Line; Marfret; MOL; MSC; Niver Lines; NYK; OOCL; Safmarine; UASC; Yang Ming; ZIM",22,54,31776.7138888889,3419.09166666667,2078,8530,1,1,2,"{1,1,1,2,2,1,2}"
2012-06-24,ITGOA,Genoa,GBTIL,Tilbury,1,1,"ANL; CMA CGM; Hapag-Lloyd",3,13,4220.61538461538,400.307692307692,3586,4308,7,7,7,{7}
2012-06-24,ITGOA,Genoa,ITLIV,Leghorn,2,2,"CMA CGM; Delmas; MSC",3,14,4609.95833333333,438.708333333333,1542,3424,1,1.5,2,"{2,1}"
2012-06-24,ITGOA,Genoa,ITSPE,"La Spezia",1,1,"COSCO; CSCL; Evergreen Line; Hanjin Shipping; K Line; Yang Ming",6,9,8721.44444444445,700,8200,9449,1,1,1,{1}
2012-06-24,ITGOA,Genoa,MTMAR,"Malta (Marsaxlokk)",1,1,"ANL; CMA CGM; Delmas; Maersk Line; MCC; Safmarine",6,11,10453,427.272727272727,9415,13092,2,2,2,{2}
2012-06-24,ITGOA,Genoa,SAJED,Jeddah,1,1,"Maersk Line; Safmarine; UASC",3,11,4366.18181818182,922.636363636364,4132,4500,6,6,6,{6}
2012-06-24,ITLIV,Leghorn,ESALG,Algeciras,1,1,"CMA CGM; Delmas",2,8,1758.125,250.375,1542,2109,3,3,3,{3}
2012-06-24,ITLIV,Leghorn,ESLPA,"Las Palmas, Can Is",1,1,Marguisa,1,2,4588.5,580.857142857143,1641,1740,5,5,5,{5}
2012-06-24,ITLIV,Leghorn,ESVLC,Valencia,1,1,MSC,1,6,2851.83333333333,188.333333333333,2480,3424,3,3,3,{3}
2012-06-24,ITLIV,Leghorn,ITGOA,Genoa,7,7,"Alianca; CCNI; CMA CGM; CSAV; Delmas; Hamburg Sud; Hanjin Shipping; Hapag-Lloyd; Libra-Montemar; Maersk Line; Marfret; Melfi Marine; MOL; MSC; Niver Lines; Safmarine; ZIM",17,45,23976.0107142857,2836.41547619048,1334,5905,1,1,2,"{1,2,1,1,1,1,1}"
2012-06-24,ITLIV,Leghorn,ITSPE,"La Spezia",2,2,"COSCO; Hanjin Shipping; K Line; MSC; Yang Ming",5,19,9324.71794871795,870.384615384615,4255,5744,2,2.5,3,"{3,2}"
2012-06-24,ITLIV,Leghorn,ITVDL,"Vado Ligure",1,1,"CCNI; CSAV; Libra-Montemar",3,6,3085,357.142857142857,1726,1728,3,3,3,{3}
2012-06-24,ITNAP,Naples,GBFXT,Felixstowe,1,1,MSC,1,5,3594.2,452,1074,4549,7,7,7,{7}
2012-06-24,ITNAP,Naples,ITGIT,"Gioia Tauro",1,1,MSC,1,13,4044.92307692308,457.846153846154,3500,4469,1,1,1,{1}
2012-06-24,ITNAP,Naples,ITGOA,Genoa,2,2,"COSCO; ZIM",2,3,15768,3330,1678,1900,2,2.5,3,"{3,2}"
2012-06-24,ITNAP,Naples,ITLIV,Leghorn,2,2,"COSCO; Hanjin Shipping; K Line; MSC; Yang Ming",5,19,9324.71794871795,870.384615384615,4255,5744,1,1.5,2,"{2,1}"
2012-06-24,ITNAP,Naples,ITSPE,"La Spezia",1,1,MSC,1,7,4884.14285714286,398.428571428571,4545,5086,2,2,2,{2}
2012-06-24,ITSAL,Salerno,GBTIL,Tilbury,1,1,"Borchard Lines Ltd",1,4,866.5,213,862,868,8,8,8,{8}
2012-06-24,ITSAL,Salerno,GRPIR,Piraeus,1,1,"Borchard Lines Ltd",1,4,866.5,194.25,862,868,2,2,2,{2}
2012-06-24,ITSAL,Salerno,ITLIV,Leghorn,3,3,"CCNI; CSAV; Hanjin Shipping; Hapag-Lloyd; Libra-Montemar; Melfi Marine",6,14,8620.71428571429,826.342857142857,1334,3017,1,2,2,"{2,1,2}"
2012-06-24,ITSAL,Salerno,PTLEI,Leixoes,1,1,"Borchard Lines Ltd",1,4,866.5,194.25,862,868,4,4,4,{4}
2012-06-24,ITSAL,Salerno,USNYC,"New York NY/NJ",1,1,Turkon,1,5,2349.51428571429,412.971428571429,1625,1878,14,14,14,{14}
2012-06-24,ITSPE,"La Spezia",EGPSD,"Port Said",1,1,"COSCO; Hanjin Shipping; K Line; Yang Ming",4,13,5389.38461538462,500.384615384615,5250,5744,3,3,3,{3}
2012-06-24,ITSPE,"La Spezia",ESBCN,Barcelona,1,1,MSC,1,7,4884.14285714286,398.428571428571,4545,5086,2,2,2,{2}
2012-06-24,ITSPE,"La Spezia",ESVLC,Valencia,2,2,MSC,1,16,8883.13333333333,945.4,3922,5301,3,3,3,"{3,3}"
2012-06-24,ITSPE,"La Spezia",FRFOS,"Marseilles-Fos (Fos)",1,1,MSC,1,12,13426,1000,12562,14000,2,2,2,{2}
2012-06-24,ITSPE,"La Spezia",ITGOA,Genoa,4,3,"COSCO; CSCL; Evergreen Line; Hanjin Shipping; K Line; UASC; Yang Ming",7,38,28804.9888888889,2326,3802,9449,0,1,2,"{1,0,2,1}"
2012-06-24,ITSPE,"La Spezia",ITNAP,Naples,1,1,MSC,1,13,4044.92307692308,457.846153846154,3500,4469,2,2,2,{2}
2012-06-24,ITTAR,Taranto,LKCMB,Colombo,1,1,"Evergreen Line; Hanjin Shipping; MOL; Yang Ming",4,14,5549.14285714286,562,5364,5652,13,13,13,{13}
2012-06-24,ITTAR,Taranto,SIKOP,Koper,1,1,"Evergreen Line; Hanjin Shipping; MOL; Yang Ming",4,14,5549.14285714286,562,5364,5652,2,2,2,{2}
2012-06-24,ITTRS,Trieste,EGPSD,"Port Said",1,1,"CMA CGM; Delmas; Maersk Line; MCC; Safmarine",5,9,6495.66666666667,545.666666666667,6214,6696,6,6,6,{6}
2012-06-24,ITTRS,Trieste,ITTAR,Taranto,1,1,"Evergreen Line; Hanjin Shipping; MOL; Yang Ming",4,14,5549.14285714286,562,5364,5652,4,4,4,{4}
2012-06-24,ITTRS,Trieste,SIKOP,Koper,1,1,"CMA CGM; Delmas; Maersk Line; MCC; Safmarine",5,9,6495.66666666667,545.666666666667,6214,6696,2,2,2,{2}
2012-06-24,ITVDL,"Vado Ligure",ESBCN,Barcelona,1,1,"CCNI; CSAV; Libra-Montemar",3,6,3085,357.142857142857,1726,1728,3,3,3,{3}
2012-06-24,JMKIN,Kingston,COCTG,Cartagena,3,3,"Alianca; CCNI; CMA CGM; CSAV; Delmas; Hamburg Sud; Hapag-Lloyd",7,18,7819.91666666667,1585,1740,3739,2,2,2,"{2,2,2}"
2012-06-24,JMKIN,Kingston,DOCAU,Caucedo,2,2,"CMA CGM; CSAV; CSCL; Libra-Montemar; MSC; ZIM",6,19,7548,561.452380952381,2480,5100,1,1.5,2,"{1,2}"
2012-06-24,JMKIN,Kingston,DOHAI,"Rio Haina",2,2,"CMA CGM; Seaboard Marine",2,5,2262,642,966,1296,1,1.5,2,"{2,1}"
2012-06-24,JMKIN,Kingston,ESTAR,Tarragona,1,1,"COSCO; CSCL; Hapag-Lloyd; ZIM",4,6,4250.5,388.333333333333,4250,4253,11,11,11,{11}
2012-06-24,JMKIN,Kingston,HTPAP,Port-au-Prince,1,1,"Seaboard Marine",1,3,657,116,657,657,1,1,1,{1}
2012-06-24,JMKIN,Kingston,JMMBJ,"Montego Bay",1,1,"SeaFreight Line; ZIM",2,5,1106.4,212,1096,1118,1,1,1,{1}
2012-06-24,JMKIN,Kingston,LCSLU,"Castries, St Lucia",1,1,"SeaFreight Line; ZIM",2,5,1106.4,212,1096,1118,3,3,3,{3}
2012-06-24,JMKIN,Kingston,NLRTM,Rotterdam,1,1,"CMA CGM; CSAV; Hapag-Lloyd",3,6,1877.16666666667,496.5,1740,2122,10,10,10,{10}
2012-06-24,JMKIN,Kingston,PAMIT,Manzanillo,2,2,"ANL; CMA CGM; Delmas; Hapag-Lloyd; Hyundai; Marfret; NYK; OOCL; USL-US Lines; ZIM",10,15,9662.66666666667,1385.77777777778,2262,5018,1,1,1,"{1,1}"
2012-06-24,JMKIN,Kingston,TTPOS,"Port of Spain",1,1,"CMA CGM; Maersk Line; Safmarine",3,6,2793.83333333333,536.166666666667,2741,2872,3,3,3,{3}
2012-06-24,JMKIN,Kingston,USHOU,"Houston TX",1,1,"MSC; ZIM",2,7,2987,136.285714285714,2480,3398,4,4,4,{4}
2012-06-24,JMKIN,Kingston,USJAX,"Jacksonville FL",1,1,"SeaFreight Line; ZIM",2,5,1106.4,212,1096,1118,3,3,3,{3}
2012-06-24,JMKIN,Kingston,USLAX,"Los Angeles CA",1,1,"CSCL; ZIM",2,10,4941.3,485,4800,5040,9,9,9,{9}
2012-06-24,JMKIN,Kingston,USMSY,"New Orleans LA",1,1,"CCNI; CMA CGM; CSAV; Delmas",4,4,2504.5,438.5,2478,2524,4,4,4,{4}
2012-06-24,JMKIN,Kingston,USSAV,"Savannah GA",3,3,"ANL; CMA CGM; CSCL; Delmas; Hapag-Lloyd; Hyundai; Marfret; NYK; OOCL; USL-US Lines; ZIM",11,25,14603.9666666667,1870.77777777778,2262,5040,2,3,3,"{2,3,3}"
2012-06-24,JMMBJ,"Montego Bay",AWORJ,Aruba,1,1,"SeaFreight Line; ZIM",2,5,1106.4,212,1096,1118,1,1,1,{1}
2012-06-24,JMMBJ,"Montego Bay",HTPAP,Port-au-Prince,1,1,"Seaboard Marine",1,2,966,252,966,966,2,2,2,{2}
2012-06-24,JOAQJ,Aqaba,DJJIB,Djibouti,1,1,"APL; CMA CGM",2,6,4591.5,373,4113,5888,1,1,1,{1}
2012-06-24,JOAQJ,Aqaba,EGPSD,"Port Said",1,1,"Maersk Line; Safmarine",2,10,4657.4,441.4,4154,5100,1,1,1,{1}
2012-06-24,JOAQJ,Aqaba,SAJED,Jeddah,2,2,"COSCO; Evergreen Line; Maersk Line; Safmarine",4,14,12112.4285714286,1198.57142857143,5090,6802,3,3,3,"{3,3}"
2012-06-24,JOAQJ,Aqaba,SGSIN,Singapore,1,1,"CSCL; Hanjin Shipping; UASC; Yang Ming",4,7,4613.42857142857,446.857142857143,4024,5688,12,12,12,{12}
2012-06-24,JPCHB,Chiba,JPTYO,Tokyo,1,1,"CNC Line-Cheng Lie Navigation Co. Ltd.; Yang Ming",2,3,1782.66666666667,183.333333333333,1748,1800,0,0,0,{0}
2012-06-24,JPFKY,Fukuyama,JPMIZ,Mizushima,3,2,"Kambara Kisen Co., Ltd.",1,7,2317.33333333333,304,556,932,0,0,0,"{0,0,0}"
2012-06-24,JPHHE,Hachinohe,JPHKD,Hakodate,1,1,"Dong Young; Namsung",2,2,998,150,953,1043,1,1,1,{1}
2012-06-24,JPHIC,Hitachinaka,KRPUS,Busan,1,1,"Dong Young; MCC; Namsung",3,2,962,,962,962,2,2,2,{2}
2012-06-24,JPHIJ,Hiroshima,JPMOJ,Moji,1,1,"IAL-Interasia Lines; MOL; Wan Hai",3,3,936,33.3333333333333,836,1000,1,1,1,{1}
2012-06-24,JPHIJ,Hiroshima,JPMYJ,"Matsuyama (Shikoku)",1,1,NYK,1,2,581,100,560,602,0,0,0,{0}
2012-06-24,JPHIJ,Hiroshima,JPOIT,Oita,1,1,"Kambara Kisen Co., Ltd.",1,1,556,100,556,556,1,1,1,{1}
2012-06-24,JPHIJ,Hiroshima,JPSBS,Shibushi,2,1,"Kambara Kisen Co., Ltd.",1,6,1761.33333333333,204,855,932,1,1,1,"{1,1}"
2012-06-24,JPHKD,Hakodate,KRPUS,Busan,1,1,"Dong Young; Namsung",2,2,998,150,953,1043,3,3,3,{3}
2012-06-24,JPHKT,Hakata,CNDLC,Dalian,1,1,"Maersk Line; MCC",2,11,7732.36363636364,645.727272727273,8152,9700,2,2,2,{2}
2012-06-24,JPHKT,Hakata,CNSHA,Shanghai,1,1,"Sinotrans; SITC Shipping",2,2,505,58,338,672,2,2,2,{2}
2012-06-24,JPHKT,Hakata,JPMIZ,Mizushima,1,1,"MOL; Wan Hai",2,3,1632,130,1368,1800,0,0,0,{0}
2012-06-24,JPHKT,Hakata,JPMOJ,Moji,4,4,"CSCL; Goto Shipping; Puhai Shipping; Sinotrans; SITC Shipping; TS Lines; Wan Hai",7,8,2933,422,338,1088,0,1,1,"{1,0,1,1}"
2012-06-24,JPHKT,Hakata,JPNGO,Nagoya,1,1,"CMA CGM; Evergreen Line; Maersk Line; MSC",4,5,4139,380,4082,4367,2,2,2,{2}
2012-06-24,JPHKT,Hakata,JPOSA,Osaka,2,2,"COSCO; Sinotrans; SITC Shipping; Westwood",4,7,5241,945.333333333333,831,2169,1,1.5,2,"{1,2}"
2012-06-24,JPHKT,Hakata,KRKAN,Gwangyang,1,1,MCC,1,5,1733,324.4,1713,1740,2,2,2,{2}
2012-06-24,JPHKT,Hakata,KRPUS,Busan,5,5,"Centrans; Dongjin Shipping; Dong Young; Evergreen Line; Goto Shipping; IAL-Interasia Lines; MOL; Namsung; Puhai Shipping; Sinotrans; TaiYoung Shipping; Wan Hai; Yang Ming",13,15,6861.83333333333,897.5,877,2492,1,1,2,"{1,2,1,1,1}"
2012-06-24,JPHKT,Hakata,KRUSN,Ulsan,1,1,"IAL-Interasia Lines; MOL; Wan Hai",3,3,936,33.3333333333333,836,1000,1,1,1,{1}
2012-06-24,JPHKT,Hakata,TWTPE,Taipei,1,1,"Evergreen Line; Wan Hai; Yang Ming",3,2,1355.5,100,1162,1549,2,2,2,{2}
2012-06-24,JPHKT,Hakata,TWTXG,Taichung,1,1,"Evergreen Line",1,2,1618,170,1618,1618,2,2,2,{2}
2012-06-24,JPHSM,Hososhima,TWKEL,Keelung,1,1,NYK,1,2,581,100,560,602,2,2,2,{2}
2012-06-24,JPIMI,Imari,JPFKY,Fukuyama,1,1,"Kambara Kisen Co., Ltd.",1,3,880.666666666667,102,855,932,1,1,1,{1}
2012-06-24,JPIMI,Imari,KRPUS,Busan,1,1,Heung-A,1,2,650,50,650,650,1,1,1,{1}
2012-06-24,JPIWK,Iwakuni,JPMOJ,Moji,1,1,"Evergreen Line",1,2,1618,170,1618,1618,1,1,1,{1}
2012-06-24,JPKIJ,"Niigata (N Coast)",JPTMK,Tomakomai,1,1,"Dong Young; Namsung",2,2,998,150,953,1043,1,1,1,{1}
2012-06-24,JPKIJ,"Niigata (N Coast)",JPTOY,"Toyama (N Coast)",2,2,"Kambara Kisen Co., Ltd.",1,4,1477.5,195,556,907,1,1,1,"{1,1}"
2012-06-24,JPKNZ,"Kanazawa (N Coast)",CNSHA,Shanghai,1,1,"Kambara Kisen Co., Ltd.",1,2,907,120,907,907,3,3,3,{3}
2012-06-24,JPKNZ,"Kanazawa (N Coast)",CNTXG,Xingang/Tianjin,1,1,"Kambara Kisen Co., Ltd.",1,2,570.5,75,556,585,3,3,3,{3}
2012-06-24,JPKNZ,"Kanazawa (N Coast)",JPKIJ,"Niigata (N Coast)",1,1,"Kambara Kisen Co., Ltd.",1,2,907,120,907,907,1,1,1,{1}
2012-06-24,JPKWS,Kawasaki,JPNGO,Nagoya,1,1,"Wan Hai",1,4,2496.75,341,2200,2646,1,1,1,{1}
2012-06-24,JPKWS,Kawasaki,JPTYO,Tokyo,1,1,"K Line; NYK",2,4,1613,206,1613,1613,0,0,0,{0}
2012-06-24,JPMAI,Maizuru,JPKIJ,"Niigata (N Coast)",1,1,"Kambara Kisen Co., Ltd.",1,2,570.5,75,556,585,2,2,2,{2}
2012-06-24,JPMIZ,Mizushima,JPHIJ,Hiroshima,3,2,"Kambara Kisen Co., Ltd.",1,7,2317.33333333333,304,556,932,1,1,1,"{1,1,1}"
2012-06-24,JPMIZ,Mizushima,JPUKB,Kobe,1,1,"MOL; Wan Hai",2,3,1632,130,1368,1800,0,0,0,{0}
2012-06-24,JPMOJ,Moji,CNDLC,Dalian,1,1,"Goto Shipping; Puhai Shipping",2,1,342,40,342,342,3,3,3,{3}
2012-06-24,JPMOJ,Moji,CNSHA,Shanghai,3,3,"COSCO; CSCL; Evergreen Line; Goto Shipping; K Line; NYK; SITC Shipping; TS Lines",8,6,3730,636,998,1708,2,2,3,"{3,2,2}"
2012-06-24,JPMOJ,Moji,CNTXG,Xingang/Tianjin,1,1,"Sinotrans; SITC Shipping",2,2,505,58,338,672,3,3,3,{3}
2012-06-24,JPMOJ,Moji,CNXMN,Xiamen,1,1,"Puhai Shipping",1,2,614,100,614,614,7,7,7,{7}
2012-06-24,JPMOJ,Moji,JPHKT,Hakata,7,7,"Centrans; Evergreen Line; Goto Shipping; IAL-Interasia Lines; MOL; Puhai Shipping; Sinotrans; SITC Shipping; Wan Hai; Yang Ming",10,19,8140.83333333333,860.333333333333,338,1805,0,1,1,"{1,1,1,1,0,1,1}"
2012-06-24,JPMOJ,Moji,JPNAN,Nakanoseki,1,1,NYK,1,2,581,100,560,602,0,0,0,{0}
2012-06-24,JPMOJ,Moji,JPTKY,Tokuyama,1,1,"Wan Hai",1,4,1088,70,1088,1088,0,0,0,{0}
2012-06-24,JPMOJ,Moji,KRKAN,Gwangyang,1,1,"TS Lines",1,3,1612,177.333333333333,1574,1684,1,1,1,{1}
2012-06-24,JPMOJ,Moji,KRPUS,Busan,2,2,"COSCO; Sinotrans; SITC Shipping; TS Lines",4,6,2281,234,831,1378,1,1,1,"{1,1}"
2012-06-24,JPMOJ,Moji,TWKEL,Keelung,1,1,"TS Lines",1,3,1077,239.333333333333,1061,1085,3,3,3,{3}
2012-06-24,JPMYJ,"Matsuyama (Shikoku)",CNSHA,Shanghai,1,1,"Sinokor; SITC Shipping",2,1,704,116,704,704,2,2,2,{2}
2012-06-24,JPMYJ,"Matsuyama (Shikoku)",JPHSM,Hososhima,1,1,NYK,1,2,581,100,560,602,1,1,1,{1}
2012-06-24,JPNAH,"Naha (Okinawa Is)",JPSBS,Shibushi,1,1,NYK,1,2,581,100,560,602,1,1,1,{1}
2012-06-24,JPNAN,Nakanoseki,JPHIJ,Hiroshima,1,1,NYK,1,2,581,100,560,602,1,1,1,{1}
2012-06-24,JPNGO,Nagoya,CNDLC,Dalian,1,1,"SITC Shipping",1,3,1102,180,1102,1102,2,2,2,{2}
2012-06-24,JPNGO,Nagoya,CNNGB,Ningbo,1,1,"CSCL; Goto Shipping; TS Lines",3,3,908,250,908,908,2,2,2,{2}
2012-06-24,JPNGO,Nagoya,CNSHA,Shanghai,4,4,"COSCO; CSCL; Evergreen Line; Goto Shipping; Hanjin Shipping; HASCO; K Line; SITC Shipping; TS Lines",9,9,5221,655.5,831,2878,2,3,4,"{3,2,3,4}"
2012-06-24,JPNGO,Nagoya,CNTXG,Xingang/Tianjin,1,1,"CSCL; Goto Shipping",2,2,2758,301.5,2758,2758,4,4,4,{4}
2012-06-24,JPNGO,Nagoya,CNXMN,Xiamen,1,1,"COSCO; Hanjin Shipping; K Line; Yang Ming",4,6,4446.66666666667,300,4432,4520,5,5,5,{5}
2012-06-24,JPNGO,Nagoya,CNYIK,Yingkou,1,1,COSCO,1,3,542,200,542,542,4,4,4,{4}
2012-06-24,JPNGO,Nagoya,HKHKG,"Hong Kong",1,1,"Alianca; Evergreen Line; Hamburg Sud; IAL-Interasia Lines; Wan Hai",5,3,1704,50,1512,1800,4,4,4,{4}
2012-06-24,JPNGO,Nagoya,JPCHB,Chiba,1,1,"CNC Line-Cheng Lie Navigation Co. Ltd.; Yang Ming",2,3,1782.66666666667,183.333333333333,1748,1800,1,1,1,{1}
2012-06-24,JPNGO,Nagoya,JPMOJ,Moji,1,1,"COSCO; TS Lines",2,2,1378,130,1378,1378,1,1,1,{1}
2012-06-24,JPNGO,Nagoya,JPOSA,Osaka,2,2,"CNC Line-Cheng Lie Navigation Co. Ltd.; MELL; TS Lines; Yang Ming",4,6,3042.25,324.75,1264,1805,0,0.5,1,"{1,0}"
2012-06-24,JPNGO,Nagoya,JPSMZ,Shimizu,6,6,"APL; COSCO; Dongjin Shipping; Evergreen Line; Hanjin Shipping; Hapag-Lloyd; Hyundai; Jin Jiang; K Line; MOL; Namsung; NYK; OOCL; PanOcean; Westwood; Yang Ming",16,23,19776.9636363636,2049.66060606061,668,9100,0,1,1,"{0,1,1,0,1,1}"
2012-06-24,JPNGO,Nagoya,JPTOY,"Toyama (N Coast)",1,1,"SITC Shipping",1,3,1102,180,1102,1102,0,0,0,{0}
2012-06-24,JPNGO,Nagoya,JPTYO,Tokyo,6,6,"ACL-Atlantic Container Line; CNC Line-Cheng Lie Navigation Co. Ltd.; COSCO; Evergreen Line; Hanjin Shipping; Hapag-Lloyd; Hyundai; K Line; MOL; NYK; OOCL; SITC Shipping; TS Lines; Yang Ming",14,35,17569.5523809524,1722.85714285714,831,5624,1,1,1,"{1,1,1,1,1,1}"
2012-06-24,JPNGO,Nagoya,JPUKB,Kobe,14,13,"APL; CNC Line-Cheng Lie Navigation Co. Ltd.; COSCO; Evergreen Line; Hanjin Shipping; Hapag-Lloyd; Hyundai; IAL-Interasia Lines; K Line; MELL; MOL; NYK; OOCL; PIL; RCL; SITC Shipping; TS Lines; Wan Hai; Yang Ming; ZIM",20,58,48731.9333333333,4975.16666666667,564,8749,0,1,2,"{1,1,1,1,2,1,0,1,1,1,1,1,2,1}"
2012-06-24,JPNGO,Nagoya,JPYKK,Yokkaichi,7,7,"Evergreen Line; HASCO; OOCL; SITC Shipping; TS Lines; Wan Hai; Yang Ming",7,21,13226.5,1659.16666666667,850,4583,0,0,1,"{1,1,0,0,0,0,0}"
2012-06-24,JPNGO,Nagoya,JPYOK,Yokohama,3,3,"CMA CGM; CNC Line-Cheng Lie Navigation Co. Ltd.; Evergreen Line; Maersk Line; MCC; MELL; MSC; Yang Ming",8,20,14026.7954545455,1240.75,1264,8950,0,1,2,"{2,1,0}"
2012-06-24,JPNGO,Nagoya,KRPUS,Busan,2,2,"APL; CMA CGM; CNC Line-Cheng Lie Navigation Co. Ltd.; CSCL; Delmas; Evergreen Line; Heung-A; IAL-Interasia Lines; MCC; MOL; Wan Hai; ZIM",12,7,5289.08333333333,797.166666666667,2450,3029,2,3,4,"{4,2}"
2012-06-24,JPNGO,Nagoya,TWKHH,Kaohsiung,1,1,MCC,1,3,2762.66666666667,512,2732,2824,3,3,3,{3}
2012-06-24,JPOIT,Oita,CNSHA,Shanghai,1,1,"Kambara Kisen Co., Ltd.",1,1,556,100,556,556,2,2,2,{2}
2012-06-24,JPOMZ,Omaezaki,JPSMZ,Shimizu,1,1,"Hyundai; NYK",2,6,2578,373.333333333333,1675,2900,0,0,0,{0}
2012-06-24,JPOSA,Osaka,CNSHA,Shanghai,1,1,"COSCO; Hanjin Shipping; K Line; Yang Ming",4,5,4989,420,4367,5744,4,4,4,{4}
2012-06-24,JPOSA,Osaka,JPMOJ,Moji,1,1,"Evergreen Line; K Line; NYK; SITC Shipping",4,4,1708,202,1708,1708,1,1,1,{1}
2012-06-24,JPOSA,Osaka,JPNGO,Nagoya,3,3,"COSCO; Evergreen Line; Hyundai; NYK; Westwood",5,7,6507,1031.33333333333,975,2169,1,1,2,"{1,2,1}"
2012-06-24,JPOSA,Osaka,JPSMZ,Shimizu,2,2,"Evergreen Line; K Line; NYK; Wan Hai",4,7,4472.5,676,1728,2858,1,1,1,"{1,1}"
2012-06-24,JPOSA,Osaka,JPTKY,Tokuyama,1,1,COSCO,1,1,1024,180,1024,1024,1,1,1,{1}
2012-06-24,JPOSA,Osaka,JPTYO,Tokyo,1,1,OOCL,1,4,4484.25,400,4250,4583,2,2,2,{2}
2012-06-24,JPOSA,Osaka,JPUKB,Kobe,26,25,"Centrans; CNC Line-Cheng Lie Navigation Co. Ltd.; COSCO; CSCL; Evergreen Line; Goto Shipping; HASCO; IAL-Interasia Lines; Jin Jiang; MOL; OOCL; Puhai Shipping; Sinokor; Sinotrans; SITC Shipping; TS Lines; Wan Hai; Yang Ming",18,68,33683.6666666667,4252.66666666667,564,2758,0,1,1,"{1,1,1,1,1,1,1,1,1,1,1,1,1,1,1,1,1,1,1,0,1,0,1,1,1,0}"
2012-06-24,JPOSA,Osaka,JPYKK,Yokkaichi,1,1,MOL,1,4,3005.75,493,2824,3534,1,1,1,{1}
2012-06-24,JPOSA,Osaka,JPYOK,Yokohama,1,1,"Gold Star Line; MCC",2,4,1077.75,220,957,1118,1,1,1,{1}
2012-06-24,JPOSA,Osaka,KRPUS,Busan,3,3,"Alianca; ANL; APL; COSCO; CSCL; Evergreen Line; Hamburg Sud; Hanjin Shipping; Hapag-Lloyd; K Line; Maersk Line; MCC; MOL; MSC; NYK; OOCL; Safmarine; Yang Ming",18,31,14315.5670995671,1596.84848484848,4130,5652,2,2,3,"{2,2,3}"
2012-06-24,JPOSA,Osaka,TWKEL,Keelung,4,4,"CNC Line-Cheng Lie Navigation Co. Ltd.; Evergreen Line; MELL; MOL; TS Lines; Wan Hai; Yang Ming",7,13,5438.25,600.25,1061,1805,2,3,3,"{2,3,3,3}"
2012-06-24,JPOSA,Osaka,TWKHH,Kaohsiung,1,1,"MELL; OOCL",2,3,4581.33333333333,400,4578,4583,3,3,3,{3}
2012-06-24,JPOTR,Otaru,JPTOY,"Toyama (N Coast)",1,1,"Kambara Kisen Co., Ltd.",1,2,907,120,907,907,2,2,2,{2}
2012-06-24,JPSBS,Shibushi,CNNGB,Ningbo,1,1,"Kambara Kisen Co., Ltd.",1,3,880.666666666667,102,855,932,2,2,2,{2}
2012-06-24,JPSBS,Shibushi,CNTXG,Xingang/Tianjin,1,1,"Kambara Kisen Co., Ltd.",1,3,880.666666666667,102,855,932,5,5,5,{5}
2012-06-24,JPSBS,Shibushi,JPMOJ,Moji,1,1,NYK,1,2,581,100,560,602,1,1,1,{1}
2012-06-24,JPSDJ,"Sendai (Honshu)",JPHIC,Hitachinaka,1,1,"Dong Young; MCC; Namsung",3,2,962,,962,962,1,1,1,{1}
2012-06-24,JPSDJ,"Sendai (Honshu)",USLGB,"Long Beach CA",1,1,"Hanjin Shipping; Hapag-Lloyd; NYK; OOCL",4,5,3523.6,380,3380,3856,10,10,10,{10}
2012-06-24,JPSMN,"Sakaiminato (N Coast)",JPKNZ,"Kanazawa (N Coast)",1,1,"Kambara Kisen Co., Ltd.",1,2,907,120,907,907,1,1,1,{1}
2012-06-24,JPSMZ,Shimizu,CNSHA,Shanghai,2,2,"Jin Jiang",1,2,1336,120,668,668,3,3,3,"{3,3}"
2012-06-24,JPSMZ,Shimizu,CNTAO,Qingdao,1,1,"SITC Shipping",1,3,1102,180,1102,1102,5,5,5,{5}
2012-06-24,JPSMZ,Shimizu,JPNGO,Nagoya,3,3,"APL; CMA CGM; CNC Line-Cheng Lie Navigation Co. Ltd.; Delmas; Evergreen Line; Heung-A; Hyundai; IAL-Interasia Lines; MOL; NYK; Wan Hai",11,12,6691.33333333333,1047.33333333333,1618,2900,1,1,1,"{1,1,1}"
2012-06-24,JPSMZ,Shimizu,JPSDJ,"Sendai (Honshu)",1,1,"Dong Young; MCC; Namsung",3,2,962,,962,962,2,2,2,{2}
2012-06-24,JPSMZ,Shimizu,JPTYO,Tokyo,6,6,"APL; COSCO; Dongjin Shipping; Evergreen Line; Hanjin Shipping; Hapag-Lloyd; Hyundai; K Line; MOL; Namsung; NYK; OOCL; PanOcean; Wan Hai; Westwood; Yang Ming",16,28,23777.1303030303,2703.66060606061,700,9100,0,1,2,"{1,1,2,0,1,0}"
2012-06-24,JPSMZ,Shimizu,JPUKB,Kobe,1,1,"SITC Shipping",1,3,831,130,831,831,1,1,1,{1}
2012-06-24,JPSMZ,Shimizu,JPYKK,Yokkaichi,2,2,"Dongjin Shipping; Evergreen Line; Hanjin Shipping; K Line; Namsung; PanOcean; SITC Shipping",7,6,3282,385.5,700,2878,0,0.5,1,"{0,1}"
2012-06-24,JPSMZ,Shimizu,JPYOK,Yokohama,1,1,"Evergreen Line; Wan Hai",2,3,1732,260,1728,1740,1,1,1,{1}
2012-06-24,JPTHS,Toyohashi,CNSHA,Shanghai,1,1,"HASCO; SITC Shipping",2,1,850,80,850,850,2,2,2,{2}
2012-06-24,JPTKY,Tokuyama,JPMOJ,Moji,1,1,COSCO,1,1,1024,180,1024,1024,1,1,1,{1}
2012-06-24,JPTKY,Tokuyama,TWKEL,Keelung,1,1,"Wan Hai",1,4,1088,70,1088,1088,2,2,2,{2}
2012-06-24,JPTMK,Tomakomai,JPHHE,Hachinohe,1,1,"Dong Young; Namsung",2,2,998,150,953,1043,1,1,1,{1}
2012-06-24,JPTMK,Tomakomai,KRPUS,Busan,1,1,Westwood,1,3,4338,841.333333333333,2169,2169,4,4,4,{4}
2012-06-24,JPTOY,"Toyama (N Coast)",JPKNZ,"Kanazawa (N Coast)",2,2,"Kambara Kisen Co., Ltd.",1,4,1477.5,195,556,907,1,1,1,"{1,1}"
2012-06-24,JPTOY,"Toyama (N Coast)",JPOTR,Otaru,1,1,"Kambara Kisen Co., Ltd.",1,2,907,120,907,907,2,2,2,{2}
2012-06-24,JPTOY,"Toyama (N Coast)",JPTYO,Tokyo,1,1,"SITC Shipping",1,3,1102,180,1102,1102,0,0,0,{0}
2012-06-24,JPTYO,Tokyo,CNYTN,Yantian,1,1,"APL; Hyundai; MOL",3,8,6671.25,500,6350,6724,6,6,6,{6}
2012-06-24,JPTYO,Tokyo,HKHKG,"Hong Kong",2,2,"APL; Hapag-Lloyd; Hyundai; MOL; NYK; OOCL",6,15,11630.1136363636,1215.72727272727,2824,9100,3,3.5,4,"{4,3}"
2012-06-24,JPTYO,Tokyo,JPKWS,Kawasaki,1,1,"K Line; NYK",2,4,1613,206,1613,1613,1,1,1,{1}
2012-06-24,JPTYO,Tokyo,JPNGO,Nagoya,9,9,"CNC Line-Cheng Lie Navigation Co. Ltd.; COSCO; Dongjin Shipping; Evergreen Line; Hanjin Shipping; Hapag-Lloyd; K Line; MELL; MOL; Namsung; NYK; OOCL; PanOcean; PIL; SITC Shipping; TS Lines; Yang Ming; ZIM",18,39,31890.1,2790.75,700,8749,0,1,1,"{1,1,0,1,1,1,0,0,1}"
2012-06-24,JPTYO,Tokyo,JPOMZ,Omaezaki,1,1,"Hyundai; NYK",2,6,2578,373.333333333333,1675,2900,1,1,1,{1}
2012-06-24,JPTYO,Tokyo,JPOSA,Osaka,2,2,"COSCO; Evergreen Line; Hanjin Shipping; K Line; MOL; Yang Ming",6,19,10538.1428571429,982,4367,5744,1,1,1,"{1,1}"
2012-06-24,JPTYO,Tokyo,JPSDJ,"Sendai (Honshu)",1,1,"Hanjin Shipping; Hapag-Lloyd; NYK; OOCL",4,5,3523.6,380,3380,3856,1,1,1,{1}
2012-06-24,JPTYO,Tokyo,JPSMZ,Shimizu,1,1,"SITC Shipping",1,3,831,130,831,831,1,1,1,{1}
2012-06-24,JPTYO,Tokyo,JPUKB,Kobe,4,4,"Alianca; APL; CMA CGM; COSCO; Evergreen Line; Gold Star Line; Hamburg Sud; Hanjin Shipping; Hapag-Lloyd; Hyundai; K Line; Maersk Line; MCC; MOL; NYK; Yang Ming",16,28,14281.5038461538,1456.36923076923,957,5100,1,1,1,"{1,1,1,1}"
2012-06-24,JPTYO,Tokyo,JPYOK,Yokohama,42,40,"Alianca; APL; Centrans; CMA CGM; CNC Line-Cheng Lie Navigation Co. Ltd.; COSCO; CSCL; Delmas; Dongjin Shipping; Evergreen Line; Goto Shipping; Hamburg Sud; Hanjin Shipping; Hapag-Lloyd; Heung-A; Hyundai; IAL-Interasia Lines; Jin Jiang; K Line; MCC; MELL; MOL; Namsung; NYK; OOCL; PanOcean; Puhai Shipping; RCL; Sinotrans; SITC Shipping; TS Lines; Wan Hai; Yang Ming; ZIM",34,117,72763.5,9968.16666666667,542,5100,0,0,1,"{1,1,1,0,0,1,0,1,1,0,0,1,1,0,1,0,0,1,0,0,0,1,1,0,0,0,0,0,0,0,1,0,1,1,1,0,1,0,0,0,0,1}"
2012-06-24,JPTYO,Tokyo,KRPUS,Busan,1,1,"Evergreen Line",1,9,4229,450,4229,4229,3,3,3,{3}
2012-06-24,JPTYO,Tokyo,PABLB,Balboa,1,1,"APL; CMA CGM; Hyundai; Maersk Line; MOL",5,13,4756.15384615385,370.769230769231,4589,5014,17,17,17,{17}
2012-06-24,JPTYO,Tokyo,PAONX,Colon,1,1,"Evergreen Line",1,9,4229,450,4229,4229,17,17,17,{17}
2012-06-24,JPTYO,Tokyo,TWKEL,Keelung,1,1,"Hapag-Lloyd; K Line; MOL; NYK",4,11,6170.36363636364,522.090909090909,5608,6500,3,3,3,{3}
2012-06-24,JPTYO,Tokyo,TWTXG,Taichung,1,1,"Evergreen Line; Wan Hai",2,3,1732,260,1728,1740,4,4,4,{4}
2012-06-24,JPTYO,Tokyo,USLAX,"Los Angeles CA",1,1,"APL; COSCO; Evergreen Line; Hanjin Shipping; Hyundai; K Line; MOL; Yang Ming",8,5,4777.6,365.6,4589,5100,10,10,10,{10}
2012-06-24,JPTYO,Tokyo,USPAE,"Everett WA",1,1,Westwood,1,3,4338,841.333333333333,2169,2169,12,12,12,{12}
2012-06-24,JPTYO,Tokyo,USTIW,"Tacoma WA",2,2,"ACL-Atlantic Container Line; COSCO; Hanjin Shipping; Hapag-Lloyd; K Line; MOL; NYK; OOCL; Yang Ming",9,20,10327.4523809524,884.857142857143,4545,5624,9,9,9,"{9,9}"
2012-06-24,JPUKB,Kobe,CNCWN,Chiwan,2,2,"APL; CMA CGM; Hyundai; Maersk Line; MOL",5,16,7224.15384615385,770.769230769231,2468,5014,3,3.5,4,"{3,4}"
2012-06-24,JPUKB,Kobe,CNDLC,Dalian,1,1,"SITC Shipping",1,3,831,130,831,831,3,3,3,{3}
2012-06-24,JPUKB,Kobe,CNLKU,Longkou,1,1,"SITC Shipping",1,3,1070,193.333333333333,1043,1118,2,2,2,{2}
2012-06-24,JPUKB,Kobe,CNLYG,Lianyungang,2,2,"COSCO; CSCL; Goto Shipping; TS Lines",4,4,1682,331,564,1118,2,6,10,"{2,10}"
2012-06-24,JPUKB,Kobe,CNSHA,Shanghai,6,6,"Centrans; COSCO; CSCL; Goto Shipping; HASCO; Jin Jiang; Puhai Shipping; TS Lines",8,8,4591,757,564,1118,2,2.5,3,"{2,3,3,2,2,3}"
2012-06-24,JPUKB,Kobe,CNTXG,Xingang/Tianjin,1,1,"COSCO; Sinotrans; SITC Shipping",3,4,903,104,831,1016,4,4,4,{4}
2012-06-24,JPUKB,Kobe,HKHKG,"Hong Kong",3,3,"Gold Star Line; Hapag-Lloyd; IAL-Interasia Lines; MCC; MOL; OOCL; RCL; Wan Hai",8,10,8849.75,901.333333333333,957,5100,3,3,3,"{3,3,3}"
2012-06-24,JPUKB,Kobe,JPHIJ,Hiroshima,1,1,"IAL-Interasia Lines; MOL; Wan Hai",3,3,936,33.3333333333333,836,1000,1,1,1,{1}
2012-06-24,JPUKB,Kobe,JPHKT,Hakata,1,1,"Wan Hai",1,4,1088,70,1088,1088,1,1,1,{1}
2012-06-24,JPUKB,Kobe,JPIWK,Iwakuni,1,1,"Evergreen Line",1,2,1618,170,1618,1618,1,1,1,{1}
2012-06-24,JPUKB,Kobe,JPMOJ,Moji,5,5,"COSCO; Evergreen Line; IAL-Interasia Lines; MOL; Puhai Shipping; Sinotrans; SITC Shipping; Wan Hai; Yang Ming",9,16,5721.83333333333,572,614,1805,1,1,1,"{1,1,1,1,1}"
2012-06-24,JPUKB,Kobe,JPMYJ,"Matsuyama (Shikoku)",1,1,"Sinokor; SITC Shipping",2,1,704,116,704,704,1,1,1,{1}
2012-06-24,JPUKB,Kobe,JPNGO,Nagoya,8,8,"ACL-Atlantic Container Line; APL; CNC Line-Cheng Lie Navigation Co. Ltd.; COSCO; Evergreen Line; Hanjin Shipping; Hapag-Lloyd; Hyundai; K Line; Maersk Line; MCC; MELL; MOL; NYK; OOCL; TS Lines; Yang Ming",17,60,38834.3114718615,3411.93441558442,1264,9100,0,1,2,"{0,1,1,2,1,2,1,1}"
2012-06-24,JPUKB,Kobe,JPOSA,Osaka,8,8,"CNC Line-Cheng Lie Navigation Co. Ltd.; Evergreen Line; Hyundai; IAL-Interasia Lines; K Line; MELL; MOL; NYK; OOCL; SITC Shipping; TS Lines; Wan Hai; Yang Ming",13,26,15696.5,1598.83333333333,836,4583,0,0,1,"{0,0,1,0,0,0,0,0}"
2012-06-24,JPUKB,Kobe,JPSMZ,Shimizu,1,1,"MOL; Wan Hai",2,3,2595.66666666667,358,2495,2646,1,1,1,{1}
2012-06-24,JPUKB,Kobe,JPTYO,Tokyo,3,3,"APL; CMA CGM; CSCL; Goto Shipping; Hyundai; Maersk Line; MOL; OOCL",8,18,10241.8205128205,1090.9358974359,2700,5014,1,1,1,"{1,1,1}"
2012-06-24,JPUKB,Kobe,JPYKK,Yokkaichi,1,1,"K Line; NYK",2,4,1613,206,1613,1613,1,1,1,{1}
2012-06-24,JPUKB,Kobe,KRKAN,Gwangyang,1,1,"CMA CGM; Evergreen Line; Maersk Line; MSC",4,5,4139,380,4082,4367,2,2,2,{2}
2012-06-24,JPUKB,Kobe,KRPUS,Busan,4,4,"Alianca; COSCO; Hamburg Sud; Hapag-Lloyd; MOL; NYK; OOCL; PIL; SITC Shipping; TS Lines; ZIM",11,19,15086.6666666667,1534.83333333333,1025,8749,1,1,2,"{2,1,1,1}"
2012-06-24,JPUKB,Kobe,PHMNL,Manila,1,1,"K Line; NYK",2,4,2740.5,416,2546,2858,5,5,5,{5}
2012-06-24,JPUKB,Kobe,TWKEL,Keelung,3,3,"Hyundai; NYK; OOCL; TS Lines",4,12,8705.25,939.333333333333,1578,4583,1,2,2,"{2,1,2}"
2012-06-24,JPUKB,Kobe,TWKHH,Kaohsiung,2,2,"ACL-Atlantic Container Line; COSCO; Hanjin Shipping; Hapag-Lloyd; K Line; MOL; NYK; OOCL; Yang Ming",9,20,10327.4523809524,884.857142857143,4545,5624,1,1.5,2,"{2,1}"
2012-06-24,JPYKK,Yokkaichi,JPNGO,Nagoya,1,1,"Evergreen Line; Hanjin Shipping; K Line; SITC Shipping",4,4,2581,385.5,2450,2878,1,1,1,{1}
2012-06-24,JPYKK,Yokkaichi,JPOSA,Osaka,1,1,"TS Lines",1,2,1089.5,226,1061,1118,1,1,1,{1}
2012-06-24,JPYKK,Yokkaichi,JPTHS,Toyohashi,1,1,"HASCO; SITC Shipping",2,1,850,80,850,850,1,1,1,{1}
2012-06-24,JPYKK,Yokkaichi,JPTYO,Tokyo,1,1,"SITC Shipping",1,3,1070,193.333333333333,1043,1118,1,1,1,{1}
2012-06-24,JPYKK,Yokkaichi,JPUKB,Kobe,1,1,OOCL,1,4,4484.25,400,4250,4583,1,1,1,{1}
2012-06-24,JPYKK,Yokkaichi,JPYOK,Yokohama,1,1,MOL,1,4,3005.75,493,2824,3534,1,1,1,{1}
2012-06-24,JPYKK,Yokkaichi,KRPUS,Busan,1,1,"Dongjin Shipping; Namsung; PanOcean",3,2,701,,700,702,2,2,2,{2}
2012-06-24,JPYKK,Yokkaichi,TWKEL,Keelung,1,1,"Wan Hai",1,4,2496.75,341,2200,2646,2,2,2,{2}
2012-06-24,JPYKK,Yokkaichi,TWTPE,Taipei,1,1,"Evergreen Line; Yang Ming",2,4,1618,191.5,1618,1618,2,2,2,{2}
2012-06-24,JPYKK,Yokkaichi,TWTXG,Taichung,1,1,"Evergreen Line",1,3,1618,227.333333333333,1618,1618,3,3,3,{3}
2012-06-24,JPYKK,Yokkaichi,VNCLN,"Cai Lan",1,1,"K Line; NYK",2,4,1613,206,1613,1613,4,4,4,{4}
2012-06-24,JPYOK,Yokohama,CNLYG,Lianyungang,1,1,"CSCL; Goto Shipping; TS Lines",3,2,1118,220,1118,1118,2,2,2,{2}
2012-06-24,JPYOK,Yokohama,CNNGB,Ningbo,3,3,"APL; CSCL; Goto Shipping; Hapag-Lloyd; Maersk Line; MCC; TS Lines",7,20,14470.5454545455,1384.66666666667,908,8950,2,2,5,"{2,5,2}"
2012-06-24,JPYOK,Yokohama,CNSHA,Shanghai,9,9,"Centrans; CMA CGM; COSCO; Goto Shipping; IAL-Interasia Lines; Jin Jiang; K Line; Maersk Line; MCC; MOL; Puhai Shipping; Sinotrans; SITC Shipping; TS Lines; USL-US Lines; Wan Hai; Yang Ming",17,30,16676.7291666667,2080.375,698,9200,2,3,3,"{3,2,3,2,3,3,2,3,3}"
2012-06-24,JPYOK,Yokohama,CNTAO,Qingdao,1,1,"Centrans; Goto Shipping; Puhai Shipping; Sinotrans",4,2,877,231,877,877,3,3,3,{3}
2012-06-24,JPYOK,Yokohama,CNTXG,Xingang/Tianjin,1,1,"SITC Shipping",1,3,1070,193.333333333333,1043,1118,4,4,4,{4}
2012-06-24,JPYOK,Yokohama,HKHKG,"Hong Kong",4,4,"APL; COSCO; Hamburg Sud; Hanjin Shipping; Hyundai; K Line; MOL; OOCL; Wan Hai; Yang Ming",10,22,17869.0333333333,1756.43333333333,2495,7455,3,4,6,"{3,4,6,4}"
2012-06-24,JPYOK,Yokohama,JPKWS,Kawasaki,1,1,"Wan Hai",1,4,2496.75,341,2200,2646,0,0,0,{0}
2012-06-24,JPYOK,Yokohama,JPNGO,Nagoya,18,18,"Alianca; APL; CNC Line-Cheng Lie Navigation Co. Ltd.; COSCO; CSCL; Evergreen Line; Goto Shipping; Hamburg Sud; Hapag-Lloyd; IAL-Interasia Lines; K Line; MCC; MELL; MOL; NYK; OOCL; RCL; SITC Shipping; TS Lines; Wan Hai; Yang Ming; ZIM",22,56,38244.25,4746.33333333333,542,5100,0,1,2,"{1,1,1,1,1,0,1,1,1,1,1,1,1,1,1,1,2,1}"
2012-06-24,JPYOK,Yokohama,JPOSA,Osaka,2,2,"Alianca; ANL; APL; COSCO; CSCL; Evergreen Line; Hamburg Sud; Hapag-Lloyd; K Line; Maersk Line; MCC; MOL; MSC; NYK; OOCL; Safmarine",16,17,8766.42424242424,1034.84848484848,4130,5041,1,1.5,2,"{1,2}"
2012-06-24,JPYOK,Yokohama,JPSMZ,Shimizu,5,5,"APL; CMA CGM; CNC Line-Cheng Lie Navigation Co. Ltd.; Delmas; Dongjin Shipping; Evergreen Line; Hanjin Shipping; Heung-A; IAL-Interasia Lines; K Line; MOL; Namsung; PanOcean; SITC Shipping; Wan Hai",15,15,8497.33333333333,1239.5,700,2878,0,1,1,"{1,1,1,1,0}"
2012-06-24,JPYOK,Yokohama,JPTYO,Tokyo,4,4,"COSCO; Evergreen Line; Gold Star Line; MCC; MOL; TS Lines; Wan Hai",7,13,7193.5,1103,957,3534,1,1,1,"{1,1,1,1}"
2012-06-24,JPYOK,Yokohama,JPUKB,Kobe,3,3,"ACL-Atlantic Container Line; CMA CGM; CNC Line-Cheng Lie Navigation Co. Ltd.; Evergreen Line; Hapag-Lloyd; Maersk Line; MELL; MSC; NYK; OOCL; Yang Ming",11,23,10249.0357142857,923.607142857143,1264,4890,1,1,2,"{2,1,1}"
2012-06-24,JPYOK,Yokohama,KRPUS,Busan,1,1,"APL; Hyundai; MOL",3,6,4846.33333333333,316.666666666667,4832,4918,2,2,2,{2}
2012-06-24,JPYOK,Yokohama,MXESE,Ensenada,1,1,"APL; Hapag-Lloyd",2,6,5074,432.666666666667,4626,6750,11,11,11,{11}
2012-06-24,JPYOK,Yokohama,MXLZC,"Lazaro Cardenas",2,2,"COSCO; Hanjin Shipping; K Line; Maersk Line; MCC; Yang Ming",6,21,8738.44444444445,662.222222222222,3764,6214,13,13.5,14,"{13,14}"
2012-06-24,JPYOK,Yokohama,MXZLO,"Manzanillo, MEX",1,1,"CMA CGM; CSAV; CSCL; Libra-Montemar; MSC",5,12,8681.91666666667,681.666666666667,7943,9200,15,15,15,{15}
2012-06-24,JPYOK,Yokohama,THLCH,"Laem Chabang",1,1,"Evergreen Line; Hyundai; NYK",3,3,1194,130,1177,1228,8,8,8,{8}
2012-06-24,JPYOK,Yokohama,TWKEL,Keelung,2,2,"CNC Line-Cheng Lie Navigation Co. Ltd.; TS Lines; Yang Ming",3,7,3476.16666666667,381.333333333333,1679,1800,3,3.5,4,"{4,3}"
2012-06-24,JPYOK,Yokohama,TWKHH,Kaohsiung,1,1,"APL; Hapag-Lloyd; Hyundai; MOL",4,7,5706.85714285714,646.285714285714,5506,5888,3,3,3,{3}
2012-06-24,JPYOK,Yokohama,USLAX,"Los Angeles CA",2,2,"APL; CMA CGM; Evergreen Line; Hyundai; Maersk Line; MOL; MSC",7,11,8985.33333333333,696.666666666667,4082,4918,10,10,10,"{10,10}"
2012-06-24,KEMBA,Mombasa,OMSLL,Salalah,2,2,"Maersk Line; Safmarine",2,6,7224.51428571429,1204.45714285714,1098,2572,7,7,7,"{7,7}"
2012-06-24,KEMBA,Mombasa,TZDAR,"Dar es Salaam",3,3,"Evergreen Line; Maersk Line; MOL; NYK; PIL; Safmarine; SCI-Shipping Corp. of India; X-Press",8,19,6056.16666666667,696.47619047619,1210,2500,0,1,12,"{12,0,1}"
2012-06-24,KEMBA,Mombasa,TZTGT,Tanga,1,1,"CMA CGM; Delmas; Emirates Shipping",3,6,2609,487.833333333333,2474,2758,1,1,1,{1}
2012-06-24,KEMBA,Mombasa,TZZNZ,Zanzibar,1,1,"CMA CGM; Delmas; Emirates Shipping",3,5,2947.88571428571,435.085714285714,2200,2578,15,15,15,{15}
2012-06-24,KHKOS,Sihanoukville,THBKK,"Bangkok (Old Port)",1,1,"SITC Shipping",1,4,1172,137.5,1025,1221,1,1,1,{1}
2012-06-24,KHKOS,Sihanoukville,THLCH,"Laem Chabang",1,1,MCC,1,3,1496,276,1496,1496,1,1,1,{1}
2012-06-24,KMLOG,"Longoni Comoros Is",MZMNC,Nacala,1,1,"CMA CGM; Delmas",2,5,1620,200,1608,1638,2,2,2,{2}
2012-06-24,KMMUT,Mutsamudu,INNSA,"Mumbai (Nhava Sheva)",1,1,"UAFL-United Africa Feeder Line",1,2,3127.42857142857,252.571428571429,1684,1684,10,10,10,{10}
2012-06-24,KNBAS,"Basseterre, St Kitts",AGSJO,"St John's, Antigua",1,1,"Seaboard Marine",1,3,657,116,657,657,1,1,1,{1}
2012-06-24,KRICH,Inchon,CNDLC,Dalian,2,1,"Puhai Shipping",1,2,632,60,316,316,1,1.5,2,"{1,2}"
2012-06-24,KRICH,Inchon,CNNGB,Ningbo,2,2,"CK Line; Dong Young; Heung-A; Namsung; PanCon; PanOcean; TaiYoung Shipping",7,2,1402,236,698,704,2,2,2,"{2,2}"
2012-06-24,KRICH,Inchon,CNTAO,Qingdao,6,5,"CK Line; CNC Line-Cheng Lie Navigation Co. Ltd.; Heung-A; Hyundai; KMTC; PanOcean; TaiYoung Shipping; TS Lines; X-Press; Yang Ming",10,15,9490.83333333333,1175,1012,2742,1,1,1,"{1,1,1,1,1,1}"
2012-06-24,KRICH,Inchon,CNTXG,Xingang/Tianjin,2,2,"Dong Young; Hanjin Shipping; Heung-A; MOL; Namsung; PanOcean",6,5,3053,100,412,2959,1,1.5,2,"{1,2}"
2012-06-24,KRICH,Inchon,HKHKG,"Hong Kong",1,1,"Heung-A; Namsung",2,2,706,165,706,706,2,2,2,{2}
2012-06-24,KRICH,Inchon,KRKAN,Gwangyang,3,3,"CNC Line-Cheng Lie Navigation Co. Ltd.; Evergreen Line; K Line; MCC; Wan Hai; Yang Ming",6,8,5244,871.5,1125,2742,1,1,2,"{1,1,2}"
2012-06-24,KRICH,Inchon,KRPUS,Busan,3,3,"CNC Line-Cheng Lie Navigation Co. Ltd.; Gold Star Line; Heung-A; KMTC; MCC; PanOcean; Sinokor",7,9,4441.5,665.75,1060,1795,1,1,2,"{1,2,1}"
2012-06-24,KRICH,Inchon,KRUSN,Ulsan,1,1,"TS Lines",1,3,1077,239.333333333333,1061,1085,2,2,2,{2}
2012-06-24,KRKAN,Gwangyang,CNLYG,Lianyungang,1,1,"Dongjin Shipping; Namsung; PanOcean",3,2,701,,700,702,1,1,1,{1}
2012-06-24,KRKAN,Gwangyang,CNNGB,Ningbo,7,7,"APL; COSCO; Dong Young; Hyundai; Maersk Line; MCC; MOL; Namsung; Puhai Shipping; Sinotrans; SITC Shipping; Yang Ming",12,31,26528.9,2017.33333333333,392,15550,1,1,2,"{1,1,2,1,1,1,2}"
2012-06-24,KRKAN,Gwangyang,CNSHA,Shanghai,7,7,"CNC Line-Cheng Lie Navigation Co. Ltd.; CSAV Norasia; Dong Young; Hanjin Shipping; Heung-A; KMTC; MCC; PanOcean; Sinokor; Sinotrans; TaiYoung Shipping; UASC; Yang Ming",13,21,17275.3333333333,2389.66666666667,1349,6919,1,1,3,"{2,3,1,1,1,2,1}"
2012-06-24,KRKAN,Gwangyang,CNTAO,Qingdao,4,4,"APL; COSCO; Hanjin Shipping; Heung-A; Hyundai; K Line; MOL; Namsung; PanCon; PanOcean; Sinokor; TaiYoung Shipping; Yang Ming",13,15,14487.8571428571,1298.57142857143,1064,8110,1,2.5,3,"{3,1,3,2}"
2012-06-24,KRKAN,Gwangyang,CNTXG,Xingang/Tianjin,2,2,"Dongjin Shipping; Dong Young; Heung-A; Namsung; Sinokor; TaiYoung Shipping",6,2,2153,280,1024,1129,2,2,2,"{2,2}"
2012-06-24,KRKAN,Gwangyang,CNXMN,Xiamen,1,1,MCC,1,5,1733,324.4,1713,1740,2,2,2,{2}
2012-06-24,KRKAN,Gwangyang,HKHKG,"Hong Kong",4,4,"APL; Heung-A; Namsung; OOCL; PanOcean; Sinokor; TS Lines",7,13,7141.16666666667,898,650,4701,2,3,3,"{3,3,3,2}"
2012-06-24,KRKAN,Gwangyang,JPYOK,Yokohama,1,1,"Maersk Line; MCC",2,12,4171.33333333333,305.333333333333,4226,6214,2,2,2,{2}
2012-06-24,KRKAN,Gwangyang,KRPUS,Busan,14,14,"APL; CMA CGM; CNC Line-Cheng Lie Navigation Co. Ltd.; COSCO; CSCL; Dongjin Shipping; Dong Young; Emirates Shipping; Evergreen Line; Hanjin Shipping; Hapag-Lloyd; Heung-A; Hyundai; K Line; KMTC; Maersk Line; MCC; MOL; MSC; Namsung; NYK; OOCL; PanOcean; Safmarine; UASC; Wan Hai; Yang Ming",27,82,77560.154978355,6347.51818181818,700,14000,0,1,2,"{0,2,1,1,0,1,0,1,0,2,1,1,1,1}"
2012-06-24,KRKAN,Gwangyang,KRUSN,Ulsan,3,3,"Hanjin Shipping; Heung-A; KMTC; MOL; Namsung; Wan Hai",6,7,3008,290,698,1368,0,1,1,"{1,1,0}"
2012-06-24,KRKAN,Gwangyang,TWKEL,Keelung,2,2,"COSCO; Hanjin Shipping; K Line; TS Lines; Yang Ming",5,9,7297.5,652.333333333333,1574,6589,1,1.5,2,"{2,1}"
2012-06-24,KRKAN,Gwangyang,TWKHH,Kaohsiung,2,2,"APL; COSCO; Hanjin Shipping; Hyundai; K Line; MOL; Yang Ming",7,12,13723.8333333333,1033.33333333333,6250,7455,2,2.5,3,"{2,3}"
2012-06-24,KRKAN,Gwangyang,TWTPE,Taipei,1,1,"Evergreen Line",1,4,2182.5,278.5,2078,2492,1,1,1,{1}
2012-06-24,KRKPO,Pohang,KRUSN,Ulsan,1,1,"KMTC; MCC; PanOcean",3,4,2824,586,2824,2824,0,0,0,{0}
2012-06-24,KRMAS,Masan,JPTYO,Tokyo,1,1,"Dongjin Shipping; Namsung; PanOcean",3,2,701,,700,702,3,3,3,{3}
2012-06-24,KRMOK,Mokpo,CNLYG,Lianyungang,1,1,"Puhai Shipping",1,1,392,30,392,392,2,2,2,{2}
2012-06-24,KRPTK,Pyongtaek,CNDLC,Dalian,1,1,MCC,1,3,1449,405.333333333333,1296,1713,1,1,1,{1}
2012-06-24,KRPTK,Pyongtaek,KRPUS,Busan,1,1,"Hanjin Shipping; Heung-A; MOL; PanOcean",4,4,2641,52,2535,2959,1,1,1,{1}
2012-06-24,KRPUS,Busan,CAPRR,"Prince Rupert BC",1,1,"COSCO; Hanjin Shipping; K Line; Yang Ming",4,6,5503,500,5302,5744,10,10,10,{10}
2012-06-24,KRPUS,Busan,CAVAN,"Vancouver BC",1,1,"Hapag-Lloyd; NYK; OOCL; PIL; ZIM",5,6,8632.66666666667,720,8400,8749,10,10,10,{10}
2012-06-24,KRPUS,Busan,CNCWN,Chiwan,2,2,"CMA CGM; Delmas; Maersk Line; MCC; Safmarine",5,11,7433.16666666667,788.166666666667,877,6696,3,3.5,4,"{3,4}"
2012-06-24,KRPUS,Busan,CNDLC,Dalian,3,3,"APL; CK Line; COSCO; Dongjin Shipping; Dong Young; Heung-A; Hyundai; MOL; Namsung; PanOcean",10,3,5798,600,712,4250,2,2,4,"{4,2,2}"
2012-06-24,KRPUS,Busan,CNLYG,Lianyungang,1,1,"CK Line; Heung-A; TaiYoung Shipping",3,1,585,50,585,585,3,3,3,{3}
2012-06-24,KRPUS,Busan,CNNGB,Ningbo,7,7,"APL; COSCO; CSCL; Dongjin Shipping; Dong Young; Emirates Shipping; Evergreen Line; Hanjin Shipping; Hapag-Lloyd; Hyundai; K Line; MCC; MOL; Namsung; NYK; OOCL; PanCon; PIL; Sinokor; TaiYoung Shipping; Yang Ming; ZIM",22,37,29250.4333333333,2415.77777777778,700,8749,1,2,4,"{3,1,4,2,2,1,1}"
2012-06-24,KRPUS,Busan,CNSHA,Shanghai,30,30,"Alianca; ANL; APL; CCNI; CMA CGM; COSCO; CSAV; CSAV Norasia; CSCL; Delmas; Evergreen Line; Gold Star Line; Hamburg Sud; Hanjin Shipping; Hapag-Lloyd; Hyundai; K Line; KMTC; Libra-Montemar; Maersk Line; MCC; MOL; MSC; NYK; OOCL; PanOcean; PIL; Safmarine; Sinotrans; SITC Shipping; UASC; Yang Ming; ZIM",33,254,161118.309368409,14718.2831057831,1005,14074,1,1,4,"{2,2,1,1,2,1,4,1,1,1,1,1,1,3,1,1,1,2,1,2,2,1,2,1,1,1,2,1,1,2}"
2012-06-24,KRPUS,Busan,CNTAO,Qingdao,10,10,"Alianca; ANL; APL; CMA CGM; CSAV Norasia; CSCL; Delmas; Evergreen Line; Hamburg Sud; Hanjin Shipping; Hapag-Lloyd; Hyundai; K Line; Maersk Line; MCC; MOL; MSC; NYK; OOCL; Safmarine; UASC; Yang Ming",22,100,81374.5923520923,6567.74747474747,4229,14000,1,1,5,"{4,1,1,1,1,5,1,1,1,1}"
2012-06-24,KRPUS,Busan,CNTXG,Xingang/Tianjin,2,2,"CK Line; COSCO; Heung-A; PanOcean; Sinokor; TaiYoung Shipping",6,2,2244,180,866,1378,2,2.5,3,"{2,3}"
2012-06-24,KRPUS,Busan,CNWEI,Weihai,1,1,"Centrans; Goto Shipping; Puhai Shipping; Sinotrans",4,2,877,231,877,877,1,1,1,{1}
2012-06-24,KRPUS,Busan,CNXMN,Xiamen,1,1,"COSCO; TS Lines",2,2,1378,130,1378,1378,2,2,2,{2}
2012-06-24,KRPUS,Busan,CNYNT,Yantai,1,1,COSCO,1,1,1432,100,1432,1432,3,3,3,{3}
2012-06-24,KRPUS,Busan,FJSUV,Suva,1,1,"ANL; CMA CGM; Delmas; OOCL",4,6,1753.16666666667,327.833333333333,1740,1819,11,11,11,{11}
2012-06-24,KRPUS,Busan,HKHKG,"Hong Kong",6,6,"Hanjin Shipping; Heung-A; K Line; KMTC; MOL; Namsung; NewPac; PanOcean; PIL; SCI-Shipping Corp. of India",10,18,14508.2476190476,2191.0380952381,1005,3075,2,3.5,5,"{2,5,3,2,4,5}"
2012-06-24,KRPUS,Busan,JPHKT,Hakata,3,3,"CMA CGM; Evergreen Line; Maersk Line; MCC; MSC; Westwood",6,19,16209.3636363636,1867.06060606061,2169,9700,0,1,1,"{1,1,0}"
2012-06-24,KRPUS,Busan,JPKIJ,"Niigata (N Coast)",1,1,"Dong Young; Namsung",2,2,998,150,953,1043,2,2,2,{2}
2012-06-24,KRPUS,Busan,JPMOJ,Moji,2,2,"TS Lines",1,6,2689,416.666666666667,1061,1684,0,0,0,"{0,0}"
2012-06-24,KRPUS,Busan,JPOSA,Osaka,2,2,"Gold Star Line; MCC; SITC Shipping",3,7,2147.75,413.333333333333,957,1118,2,2.5,3,"{2,3}"
2012-06-24,KRPUS,Busan,JPSMZ,Shimizu,1,1,"Dong Young; MCC; Namsung",3,2,962,,962,962,2,2,2,{2}
2012-06-24,KRPUS,Busan,JPUKB,Kobe,1,1,"APL; CMA CGM; Hyundai; Maersk Line; MOL",5,13,4756.15384615385,370.769230769231,4589,5014,2,2,2,{2}
2012-06-24,KRPUS,Busan,JPYOK,Yokohama,3,3,"APL; CMA CGM; CSAV; CSCL; Hapag-Lloyd; Hyundai; Libra-Montemar; MOL; MSC",9,24,18602.25,1431,4626,9200,1,2,2,"{1,2,2}"
2012-06-24,KRPUS,Busan,KRICH,Inchon,2,2,"Hanjin Shipping; Heung-A; MOL; PanOcean; TS Lines; X-Press",6,8,5382.5,402,2535,2959,2,2.5,3,"{3,2}"
2012-06-24,KRPUS,Busan,KRKAN,Gwangyang,26,26,"APL; CNC Line-Cheng Lie Navigation Co. Ltd.; COSCO; CSAV Norasia; Dongjin Shipping; Dong Young; Evergreen Line; Hanjin Shipping; Heung-A; Hyundai; K Line; KMTC; Maersk Line; MCC; MOL; Namsung; OOCL; PanCon; PanOcean; Puhai Shipping; Sinokor; Sinotrans; SITC Shipping; TaiYoung Shipping; TS Lines; UASC; Yang Ming",27,103,75218.9238095238,7351.40476190476,392,8110,0,1,2,"{0,1,1,1,1,1,0,1,1,1,1,1,1,0,0,2,0,1,1,1,0,1,1,0,1,0}"
2012-06-24,KRPUS,Busan,KRMAS,Masan,1,1,"Dongjin Shipping; Namsung; PanOcean",3,2,701,,700,702,0,0,0,{0}
2012-06-24,KRPUS,Busan,KRMOK,Mokpo,1,1,"Puhai Shipping",1,1,392,30,392,392,0,0,0,{0}
2012-06-24,KRPUS,Busan,KRUSN,Ulsan,8,8,"BTL-Bengal Tiger Line; Dong Young; Gold Star Line; Hanjin Shipping; Heung-A; Hyundai; KMTC; MCC; Namsung; Safmarine; Sinokor; TaiYoung Shipping; TS Lines",13,19,10542.1666666667,1071.41666666667,650,2200,0,1,1,"{1,1,1,1,0,0,0,1}"
2012-06-24,KRPUS,Busan,MXESE,Ensenada,1,1,"CMA CGM; CSAV; CSCL; Libra-Montemar",4,12,4561,425.166666666667,4130,5100,12,12,12,{12}
2012-06-24,KRPUS,Busan,MXZLO,"Manzanillo, MEX",3,3,"Alianca; CCNI; CMA CGM; CSAV; CSCL; Hamburg Sud; Hanjin Shipping; Hapag-Lloyd; Hyundai; K Line; Libra-Montemar; MOL; MSC; NYK",14,32,17590.6636363636,1658.54545454545,3398,8488,17,17,18,"{17,17,18}"
2012-06-24,KRPUS,Busan,PABLB,Balboa,1,1,"CSCL; ZIM",2,10,4941.3,485,4800,5040,19,19,19,{19}
2012-06-24,KRPUS,Busan,PAMIT,Manzanillo,2,2,"ANL; APL; CMA CGM; CSCL; Delmas; Hyundai; MOL; UASC; USL-US Lines",9,20,9052.72727272727,696.080808080808,3388,5095,17,17,17,"{17,17}"
2012-06-24,KRPUS,Busan,PHMNL,Manila,2,2,"Hanjin Shipping; Heung-A; IAL-Interasia Lines; MOL; PanOcean; Wan Hai",6,7,3688.33333333333,120,1032,2959,3,3.5,4,"{4,3}"
2012-06-24,KRPUS,Busan,RUVVO,Vladivostok,1,1,MCC,1,5,1733,324.4,1713,1740,2,2,2,{2}
2012-06-24,KRPUS,Busan,RUVYP,Vostochniy,2,2,"CMA CGM; Delmas; Gold Star Line; MCC",4,7,2655.3,441.3,877,1728,2,2.5,3,"{3,2}"
2012-06-24,KRPUS,Busan,THLCH,"Laem Chabang",1,1,"APL; CMA CGM; CNC Line-Cheng Lie Navigation Co. Ltd.; Delmas; Evergreen Line; Heung-A; IAL-Interasia Lines; MOL; Wan Hai",9,3,2495.33333333333,446.666666666667,2450,2553,6,6,6,{6}
2012-06-24,KRPUS,Busan,TWKEL,Keelung,2,2,"CNC Line-Cheng Lie Navigation Co. Ltd.; Evergreen Line; K Line; Wan Hai; Yang Ming",5,7,3895,440.5,1125,2742,1,1.5,2,"{1,2}"
2012-06-24,KRPUS,Busan,TWKHH,Kaohsiung,1,1,"Hapag-Lloyd; NYK; OOCL; PIL; ZIM",5,7,7895.42857142857,700,7179,8440,2,2,2,{2}
2012-06-24,KRPUS,Busan,USLAX,"Los Angeles CA",4,4,"APL; COSCO; CSCL; Evergreen Line; Hanjin Shipping; Hapag-Lloyd; Hyundai; K Line; MOL; NYK; OOCL; PO Shipping; Yang Ming; ZIM",14,22,26601.3666666667,2107.66666666667,3725,9580,9,11.5,12,"{12,9,11,12}"
2012-06-24,KRPUS,Busan,USLGB,"Long Beach CA",2,2,"COSCO; Hanjin Shipping; K Line; Yang Ming",4,11,12310.6666666667,936.666666666667,4367,7455,10,10.5,11,"{10,11}"
2012-06-24,KRPUS,Busan,USNYC,"New York NY/NJ",1,1,"COSCO; Hanjin Shipping; Hyundai; K Line; Yang Ming",5,9,4024,354,4024,4024,23,23,23,{23}
2012-06-24,KRPUS,Busan,USSAV,"Savannah GA",2,2,"COSCO; Hanjin Shipping; K Line; Yang Ming",4,18,8370.11111111111,750,3398,4738,22,22,22,"{22,22}"
2012-06-24,KRPUS,Busan,USSEA,"Seattle WA",3,3,"APL; CMA CGM; CSCL; Hamburg Sud; Hyundai; Maersk Line; MCC; MOL; USL-US Lines",9,32,16559.2625,1679.64166666667,2546,9200,9,10,12,"{9,10,12}"
2012-06-24,KRPUS,Busan,USTIW,"Tacoma WA",2,2,"APL; COSCO; Hanjin Shipping; Hyundai; K Line; MOL; Yang Ming",7,11,10700.7666666667,837.666666666667,3725,6763,11,11,11,"{11,11}"
2012-06-24,KRUSN,Ulsan,CNNGB,Ningbo,1,1,KMTC,1,1,698,120,698,698,1,1,1,{1}
2012-06-24,KRUSN,Ulsan,CNSHA,Shanghai,2,2,"BTL-Bengal Tiger Line; Gold Star Line; Hanjin Shipping; Hyundai; KMTC; MCC; Safmarine; Sinokor; TS Lines",9,8,3829.5,324.75,1512,2200,1,1,1,"{1,1}"
2012-06-24,KRUSN,Ulsan,HKHKG,"Hong Kong",2,2,"Heung-A; Hyundai; KMTC; Namsung; Sinokor",5,5,2210.66666666667,266.666666666667,650,1585,2,3,4,"{2,4}"
2012-06-24,KRUSN,Ulsan,KRKAN,Gwangyang,4,4,"Dong Young; Heung-A; MCC; Namsung; Sinokor; TaiYoung Shipping",6,6,4502,480,953,1518,1,1,1,"{1,1,1,1}"
2012-06-24,KRUSN,Ulsan,KRPUS,Busan,5,5,"Hanjin Shipping; Heung-A; KMTC; MCC; MOL; Namsung; PanOcean; TS Lines; Wan Hai",9,16,8101,1250,1005,2824,1,1,1,"{1,1,1,1,1}"
2012-06-24,KRUSN,Ulsan,TWKHH,Kaohsiung,1,1,"IAL-Interasia Lines; MOL; Wan Hai",3,3,936,33.3333333333333,836,1000,2,2,2,{2}
2012-06-24,LBBEY,Beirut,MTMAR,"Malta (Marsaxlokk)",1,1,"ANL; CMA CGM; Delmas; Maersk Line; MCC; Safmarine",6,9,8852.88888888889,700,8200,9658,5,5,5,{5}
2012-06-24,LBBEY,Beirut,SAJED,Jeddah,1,1,"ANL; CMA CGM; CSCL; Delmas; Evergreen Line; MSC; UASC",7,11,11232.3636363636,763.636363636364,10960,11388,4,4,4,{4}
2012-06-24,LBBEY,Beirut,SYLTK,Lattakia,2,2,"Alianca; Hamburg Sud; Hapag-Lloyd; MSC; Seago Line",5,10,7851.8,1020,1074,4549,1,1,1,"{1,1}"
2012-06-24,LBBEY,Beirut,TRAMB,"Istanbul (Ambarli)",1,1,"CSAV Norasia; MSC",2,11,13362,1072.72727272727,10640,14000,6,6,6,{6}
2012-06-24,LBBEY,Beirut,TRMER,Mersin,1,1,"Borchard Lines Ltd",1,4,866.5,194.25,862,868,0,0,0,{0}
2012-06-24,LCSLU,"Castries, St Lucia",VCKTN,"Kingstown, St Vincent",2,2,"SeaFreight Line; Tropical Shipping; ZIM",3,7,1956.4,399,850,1118,0,0.5,1,"{1,0}"
2012-06-24,LCVIF,"Vieux Fort",BBBGI,Bridgetown,1,1,"CMA CGM",1,3,1296,390,1296,1296,1,1,1,{1}
2012-06-24,LKCMB,Colombo,AEJEA,"Dubai, Jebel Ali",2,2,"COSCO; Evergreen Line; Maersk Line; MOL; OOCL; Simatech",6,11,8977.46666666667,1010,3400,5652,5,5,5,"{5,5}"
2012-06-24,LKCMB,Colombo,GBFXT,Felixstowe,1,1,"Maersk Line; MCC",2,12,8474.75,709.166666666667,8004,8950,15,15,15,{15}
2012-06-24,LKCMB,Colombo,GBSOU,Southampton,1,1,"APL; Hapag-Lloyd; Hyundai; MOL; NYK; OOCL",6,11,8729,741.272727272727,6350,9300,15,15,15,{15}
2012-06-24,LKCMB,Colombo,GRPIR,Piraeus,1,1,"CMA CGM; Evergreen Line",2,11,7310.09090909091,801.090909090909,7024,8073,10,10,10,{10}
2012-06-24,LKCMB,Colombo,ILASH,Ashdod,1,1,"Evergreen Line; Hanjin Shipping; MOL; Yang Ming",4,14,5549.14285714286,562,5364,5652,9,9,9,{9}
2012-06-24,LKCMB,Colombo,INCOK,Cochin,1,1,"ANL; CMA CGM; Hapag-Lloyd",3,13,4220.61538461538,400.307692307692,3586,4308,1,1,1,{1}
2012-06-24,LKCMB,Colombo,INNSA,"Mumbai (Nhava Sheva)",4,4,"APL; CSAV; Emirates Shipping; Evergreen Line; Hapag-Lloyd; KMTC; MSC; NYK; OOCL; RCL; SCI-Shipping Corp. of India; Wan Hai; X-Press",13,24,15969.2083333333,1672.875,2577,6750,2,2.5,4,"{2,2,4,3}"
2012-06-24,LKCMB,Colombo,INPAV,Pipavav,2,2,"CMA CGM; Hyundai; Maersk Line; MCC; NYK; Safmarine",6,13,8815.14285714286,873.333333333333,1675,6712,3,3,3,"{3,3}"
2012-06-24,LKCMB,Colombo,ITCAG,Cagliari,1,1,"Hapag-Lloyd; NYK; OOCL",3,10,5702.4,502.4,4960,5888,10,10,10,{10}
2012-06-24,LKCMB,Colombo,MVMLE,Male,1,1,"CMA CGM; Delmas; Emirates Shipping",3,6,2609,487.833333333333,2474,2758,1,1,1,{1}
2012-06-24,LKCMB,Colombo,MYPEN,Penang,1,1,"MOL; OOCL; Samudera",3,3,2423.33333333333,366.666666666667,2078,2742,4,4,4,{4}
2012-06-24,LKCMB,Colombo,MYPKG,"Port Klang",8,8,"Alianca; CMA CGM; COSCO; CSCL; Delmas; Evergreen Line; Hamburg Sud; Hanjin Shipping; K Line; Maersk Line; MCC; MOL; NYK; OOCL; RCL; Safmarine; Samudera; Simatech; X-Press; Yang Ming; ZIM",21,56,30829.4608058608,3645.95128205128,2702,6712,4,4.5,5,"{4,5,4,5,5,4,4,5}"
2012-06-24,LKCMB,Colombo,MYTPP,"Tanjung Pelepas",2,2,"CMA CGM; Evergreen Line; Hanjin Shipping; MOL; Yang Ming",5,25,12859.2337662338,1363.09090909091,5364,8073,4,4.5,5,"{4,5}"
2012-06-24,LKCMB,Colombo,OMSLL,Salalah,1,1,"Maersk Line; Safmarine",2,10,4657.4,441.4,4154,5100,5,5,5,{5}
2012-06-24,LKCMB,Colombo,SGSIN,Singapore,7,7,"APL; Evergreen Line; Hapag-Lloyd; Hyundai; K Line; Maersk Line; MCC; MOL; MSC; NYK; OOCL; PIL; SCI-Shipping Corp. of India; Wan Hai; X-Press",15,54,34986.8174325674,3099.54652014652,1210,9200,4,5,6,"{4,5,6,4,6,4,5}"
2012-06-24,LKCMB,Colombo,USNYC,"New York NY/NJ",1,1,"APL; Hanjin Shipping; Hyundai; MOL",4,9,4696.88888888889,301.111111111111,4340,5020,20,20,20,{20}
2012-06-24,LKCMB,Colombo,ZADUR,Durban,1,1,"Gold Star Line",1,8,3233.39285714286,396.25,1742,3029,8,8,8,{8}
2012-06-24,LRMLW,Monrovia,MACAS,Casablanca,1,1,"CMA CGM; Delmas",2,4,1594.25,215.75,1452,1901,5,5,5,{5}
2012-06-24,LRMLW,Monrovia,MAPTM,Tanger,1,1,"Maersk Line; Safmarine",2,4,1604.5,183,1501,1708,10,10,10,{10}
2012-06-24,MAAGA,Agadir,NLRTM,Rotterdam,1,1,"Maersk Line; Seago Line",2,3,866,234,862,868,5,5,5,{5}
2012-06-24,MACAS,Casablanca,BEANR,Antwerp,1,1,"CMA CGM; Delmas; OPDR",3,2,993,227,868,1118,5,5,5,{5}
2012-06-24,MACAS,Casablanca,ESALG,Algeciras,1,1,"CMA CGM; Delmas",2,4,1594.25,215.75,1452,1901,1,1,1,{1}
2012-06-24,MACAS,Casablanca,MAAGA,Agadir,1,1,"Maersk Line; Seago Line",2,3,866,234,862,868,3,3,3,{3}
2012-06-24,MAPTM,Tanger,AOLAD,Luanda,1,1,"CMA CGM; Delmas",2,5,1979.2,340.571428571429,1709,1740,10,10,10,{10}
2012-06-24,MAPTM,Tanger,BEANR,Antwerp,1,1,"Maersk Line; Safmarine",2,6,2478,352,2478,2478,4,4,4,{4}
2012-06-24,MAPTM,Tanger,CIABJ,Abidjan,1,1,"CMA CGM; Delmas",2,8,1758.125,250.375,1542,2109,8,8,8,{8}
2012-06-24,MAPTM,Tanger,COCTG,Cartagena,1,1,"Alianca; Hamburg Sud; Hapag-Lloyd",3,10,2767.1,528.9,2520,2872,12,12,12,{12}
2012-06-24,MAPTM,Tanger,ESALG,Algeciras,7,7,"Maersk Line; Safmarine",2,31,13797.4166666667,1672.56666666667,1501,2578,1,2,3,"{2,2,1,3,2,2,2}"
2012-06-24,MAPTM,Tanger,ESVLC,Valencia,2,2,"Alianca; CMA CGM; CSAV; Hamburg Sud; Hapag-Lloyd; Libra-Montemar; MSC; Niver Lines; ZIM",9,18,8433.225,1149.525,2520,5905,2,2.5,3,"{2,3}"
2012-06-24,MAPTM,Tanger,FRDKK,Dunkirk,1,1,"CMA CGM; Delmas",2,5,2544,424,2466,2674,3,3,3,{3}
2012-06-24,MAPTM,Tanger,GBSOU,Southampton,2,2,"ANL; CMA CGM; CSCL; Delmas; FESCO; MSC; OOCL; UASC",8,19,18618.5227272727,1352.36363636364,5700,13880,3,3,3,"{3,3}"
2012-06-24,MAPTM,Tanger,GHTEM,Tema,1,1,"CMA CGM; Delmas",2,5,1880.8,243.8,1728,2080,8,8,8,{8}
2012-06-24,MAPTM,Tanger,ITCAG,Cagliari,1,1,"Alianca; Hamburg Sud; Hapag-Lloyd",3,7,5668.57142857143,766,5527,5905,3,3,3,{3}
2012-06-24,MAPTM,Tanger,MRNKC,Nouakchott,1,1,"CMA CGM; Delmas",2,4,1594.25,215.75,1452,1901,5,5,5,{5}
2012-06-24,MAPTM,Tanger,NLRTM,Rotterdam,3,3,"Alianca; APL; CMA CGM; Hamburg Sud; Hapag-Lloyd; Hyundai; Maersk Line; MCC; MOL; MSC; NYK; OOCL",12,28,22568.1623376623,2972.0038961039,5905,9100,3,3,6,"{3,6,3}"
2012-06-24,MAPTM,Tanger,PTLIS,Lisbon,1,1,"Maersk Line; Safmarine",2,2,2325,278,1000,1325,2,2,2,{2}
2012-06-24,MAPTM,Tanger,SGSIN,Singapore,2,2,"APL; Hapag-Lloyd; Hyundai; Maersk Line; MCC; MOL; NYK; OOCL",8,22,23281.5,1648.33333333333,8411,15550,19,19.5,20,"{19,20}"
2012-06-24,MAPTM,Tanger,SNDKR,Dakar,2,2,"CMA CGM; Delmas; Maersk Line; Safmarine",4,9,5035,813,2442,2674,4,4,4,"{4,4}"
2012-06-24,MAPTM,Tanger,TGLFW,Lome,1,1,"CMA CGM; Delmas",2,6,2241.16666666667,422,2078,2520,8,8,8,{8}
2012-06-24,MAPTM,Tanger,USNYC,"New York NY/NJ",1,1,"CMA CGM; Hapag-Lloyd; Maersk Line; MOL; Safmarine",5,6,4287.16666666667,506.5,4178,4380,8,8,8,{8}
2012-06-24,MAPTM,Tanger,ZADUR,Durban,1,1,"Maersk Line; Safmarine",2,7,1450.71428571429,320,1061,1740,19,19,19,{19}
2012-06-24,MGTOA,Tamatave/Toamasina,KMLOG,"Longoni Comoros Is",1,1,"CMA CGM; Delmas",2,5,1620,200,1608,1638,3,3,3,{3}
2012-06-24,MGTOA,Tamatave/Toamasina,MYTPP,"Tanjung Pelepas",1,1,"Evergreen Line; MOL",2,5,1986.8,318.8,2442,2526,11,11,11,{11}
2012-06-24,MGTOA,Tamatave/Toamasina,MZMPM,Maputo,1,1,"CMA CGM; Delmas; Maersk Line; Safmarine",4,7,2144.14285714286,312.857142857143,1740,2442,4,4,4,{4}
2012-06-24,MGTOA,Tamatave/Toamasina,ZADUR,Durban,1,1,"Maersk Line; Safmarine",2,6,3497,583.333333333333,3460,3534,7,7,7,{7}
2012-06-24,MQFDF,Fort-de-France,GPPTP,Pointe-a-Pitre,1,1,"CMA CGM; Maersk Line; Marfret; WEC Lines",4,4,2260,550,2260,2260,1,1,1,{1}
2012-06-24,MQFDF,Fort-de-France,VELAG,"La Guaira",1,1,"CMA CGM; Delmas; Marfret",3,6,2475.33333333333,533.333333333333,2078,2566,3,3,3,{3}
2012-06-24,MRNDB,Nouadhibou,MAPTM,Tanger,1,1,"Maersk Line; Safmarine",2,2,2325,278,1000,1325,4,4,4,{4}
2012-06-24,MRNKC,Nouakchott,GMBJL,Banjul,1,1,"Maersk Line; Safmarine",2,3,1747.66666666667,189.333333333333,1708,1827,1,1,1,{1}
2012-06-24,MRNKC,Nouakchott,SNDKR,Dakar,1,1,"CMA CGM; Delmas",2,4,1594.25,215.75,1452,1901,1,1,1,{1}
2012-06-24,MTMAR,"Malta (Marsaxlokk)",AEKLF,"Khor Fakkan",1,1,"ANL; CMA CGM; CSCL; Delmas; FESCO; MSC; UASC",7,11,12899.2727272727,836.363636363636,11388,13880,10,10,10,{10}
2012-06-24,MTMAR,"Malta (Marsaxlokk)",EGPSD,"Port Said",1,1,"ANL; CMA CGM; Delmas; Maersk Line; MCC; Safmarine",6,11,10453,427.272727272727,9415,13092,4,4,4,{4}
2012-06-24,MTMAR,"Malta (Marsaxlokk)",ESVLC,Valencia,2,2,"ANL; CMA CGM; Delmas; Maersk Line; MCC; Safmarine",6,20,19305.8888888889,1127.27272727273,8200,13092,1,2,3,"{3,1}"
2012-06-24,MTMAR,"Malta (Marsaxlokk)",ITGOA,Genoa,1,1,"ANL; CMA CGM; Hapag-Lloyd",3,13,4220.61538461538,400.307692307692,3586,4308,2,2,2,{2}
2012-06-24,MTMAR,"Malta (Marsaxlokk)",ITLIV,Leghorn,1,1,"CMA CGM; Hapag-Lloyd; Maersk Line; MOL; Safmarine",5,6,4287.16666666667,506.5,4178,4380,3,3,3,{3}
2012-06-24,MTMAR,"Malta (Marsaxlokk)",MAPTM,Tanger,1,1,"ANL; CMA CGM; Delmas; OOCL",4,8,5719.25,516,5700,5770,2,2,2,{2}
2012-06-24,MUPLU,"Port Louis",AEJEA,"Dubai, Jebel Ali",1,1,"Maersk Line; Safmarine",2,6,3497,583.333333333333,3460,3534,8,8,8,{8}
2012-06-24,MUPLU,"Port Louis",AUSYD,Sydney,1,1,MSC,1,13,4044.92307692308,457.846153846154,3500,4469,13,13,13,{13}
2012-06-24,MUPLU,"Port Louis",MGTOA,Tamatave/Toamasina,2,2,"CMA CGM; Delmas; Maersk Line; Safmarine",4,11,5117,783.333333333333,1608,3534,2,3,4,"{4,2}"
2012-06-24,MUPLU,"Port Louis",MYPKG,"Port Klang",1,1,"CMA CGM; Delmas; Maersk Line; Safmarine",4,7,2144.14285714286,312.857142857143,1740,2442,9,9,9,{9}
2012-06-24,MUPLU,"Port Louis",SGSIN,Singapore,1,1,"CMA CGM; Maersk Line; MCC; Safmarine",4,8,6454.25,507.5,6456,8488,11,11,11,{11}
2012-06-24,MUPLU,"Port Louis",ZADUR,Durban,3,3,"CMA CGM; CSAV; Evergreen Line; Hapag-Lloyd; Maersk Line; MCC; MOL; MSC; Safmarine; Stinnes",10,28,15667.1166666667,1352.3,2442,9200,4,4,5,"{4,4,5}"
2012-06-24,MVMLE,Male,SCPOV,"Seychelles Is., Port Victoria",1,1,"CMA CGM; Delmas; Emirates Shipping",3,6,2609,487.833333333333,2474,2758,0,0,0,{0}
2012-06-24,MXATM,Altamira,BZBGK,"Big Creek",1,1,"Maersk Line",1,6,2545.33333333333,600,2530,2556,2,2,2,{2}
2012-06-24,MXATM,Altamira,COCTG,Cartagena,1,1,"Seaboard Marine",1,3,1118,220,1118,1118,5,5,5,{5}
2012-06-24,MXATM,Altamira,MXVER,Veracruz,4,4,"Alianca; CCNI; CMA CGM; CSAV; Delmas; Hamburg Sud; Hapag-Lloyd; MSC",8,15,9071.91666666667,1065.75,1570,3007,0,1,2,"{2,0,1,1}"
2012-06-24,MXATM,Altamira,USHOU,"Houston TX",7,7,"ACL-Atlantic Container Line; Alianca; CCNI; CMA CGM; CSAV; Delmas; Hamburg Sud; Hapag-Lloyd; Libra-Montemar; Maersk Line; MSC; NYK; OOCL",13,48,29898.0119047619,2816.40476190476,2826,6750,1,2,3,"{1,2,2,1,1,2,3}"
2012-06-24,MXESE,Ensenada,JPYOK,Yokohama,1,1,"APL; Hapag-Lloyd",2,6,5074,432.666666666667,4626,6750,12,12,12,{12}
2012-06-24,MXESE,Ensenada,KRPUS,Busan,1,1,"COSCO; Hanjin Shipping; Hyundai; K Line; Yang Ming",5,9,4024,354,4024,4024,15,15,15,{15}
2012-06-24,MXESE,Ensenada,MXZLO,"Manzanillo, MEX",3,3,"APL; CMA CGM; CSAV; CSCL; Evergreen Line; Hapag-Lloyd; Libra-Montemar; Maersk Line",8,23,12156,1298.03333333333,2450,6750,2,2,3,"{2,2,3}"
2012-06-24,MXESE,Ensenada,USOAK,"Oakland CA",1,1,"Alianca; ANL; Hamburg Sud; Hapag-Lloyd; USL-US Lines",5,4,5273,1024.5,2474,2758,1,1,1,{1}
2012-06-24,MXLZC,"Lazaro Cardenas",COBUN,Buenaventura,1,1,"CMA CGM; CSAV; CSCL; Libra-Montemar; MSC",5,10,6810.3,671,5618,8488,5,5,5,{5}
2012-06-24,MXLZC,"Lazaro Cardenas",GTPRQ,"Puerto Quetzal",3,3,"Alianca; CCNI; CMA CGM; CSAV; Evergreen Line; Hamburg Sud; Maersk Line",7,11,6065.25,1020.45,1684,2556,2,3,3,"{3,3,2}"
2012-06-24,MXLZC,"Lazaro Cardenas",MXESE,Ensenada,1,1,"APL; Hapag-Lloyd",2,6,5074,432.666666666667,4626,6750,3,3,3,{3}
2012-06-24,MXLZC,"Lazaro Cardenas",MXZLO,"Manzanillo, MEX",2,2,"CMA CGM; CSAV; CSCL; Evergreen Line; Libra-Montemar; Maersk Line; MSC",7,15,9331.3,1111.2,2450,8488,0,0.5,1,"{0,1}"
2012-06-24,MXLZC,"Lazaro Cardenas",PABLB,Balboa,2,2,"Maersk Line; MCC",2,21,12588.2222222222,1007.77777777778,4226,8950,4,4,4,"{4,4}"
2012-06-24,MXLZC,"Lazaro Cardenas",PECLL,Callao,1,1,"Alianca; CCNI; CSCL; Hamburg Sud; Hanjin Shipping; Hyundai",6,11,4610,465.454545454545,3398,5744,6,6,6,{6}
2012-06-24,MXLZC,"Lazaro Cardenas",RUVYP,Vostochniy,1,1,"Maersk Line; MCC",2,12,4171.33333333333,305.333333333333,4226,6214,20,20,20,{20}
2012-06-24,MXLZC,"Lazaro Cardenas",SVAQJ,Acajutla,1,1,"Alianca; APL; Hamburg Sud",3,1,1304,258,1304,1304,2,2,2,{2}
2012-06-24,MXLZC,"Lazaro Cardenas",SVLUN,"La Union",1,1,"Alianca; APL; Hamburg Sud; MOL",4,3,1275.33333333333,417.333333333333,1180,1350,2,2,2,{2}
2012-06-24,MXLZC,"Lazaro Cardenas",USLAX,"Los Angeles CA",1,1,"APL; Hapag-Lloyd; Hyundai; MOL",4,7,5706.85714285714,646.285714285714,5506,5888,4,4,4,{4}
2012-06-24,MXLZC,"Lazaro Cardenas",USNYC,"New York NY/NJ",1,1,"COSCO; Hanjin Shipping; K Line; Yang Ming",4,9,4567.11111111111,356.888888888889,3764,5089,9,9,9,{9}
2012-06-24,MXMZT,Mazatlan,MXZLO,"Manzanillo, MEX",1,1,"Hapag-Lloyd; NYK",2,3,2528,400,2442,2664,1,1,1,{1}
2012-06-24,MXVER,Veracruz,CUHAV,Havana,1,1,"Alianca; Hamburg Sud",2,4,1575.25,192.75,1570,1577,3,3,3,{3}
2012-06-24,MXVER,Veracruz,GTSTC,"Santo Tomas de Castilla",1,1,Hapag-Lloyd,1,4,2178.5,244.5,2078,2456,3,3,3,{3}
2012-06-24,MXVER,Veracruz,JMKIN,Kingston,1,1,"CCNI; CMA CGM; CSAV; Delmas",4,4,2504.5,438.5,2478,2524,3,3,3,{3}
2012-06-24,MXVER,Veracruz,MXATM,Altamira,9,9,"ACL-Atlantic Container Line; Alianca; CCNI; CMA CGM; CSAV; Delmas; Hamburg Sud; Hapag-Lloyd; Libra-Montemar; Maersk Line; MSC; NYK; OOCL; Seaboard Marine",14,57,33561.3452380952,3636.40476190476,1118,6750,0,1,2,"{1,1,2,2,1,1,1,0,1}"
2012-06-24,MXVER,Veracruz,PACTB,Cristobal,1,1,MSC,1,3,2813.66666666667,190,2468,3007,3,3,3,{3}
2012-06-24,MXZLO,"Manzanillo, MEX",CNTXG,Xingang/Tianjin,1,1,"CMA CGM; CSAV; CSCL; Libra-Montemar; MSC",5,10,6810.3,671,5618,8488,22,22,22,{22}
2012-06-24,MXZLO,"Manzanillo, MEX",COBUN,Buenaventura,2,2,"COSCO; Evergreen Line; Hapag-Lloyd; K Line; MOL; NYK; PIL; Wan Hai",8,13,6648,784.833333333333,2078,5100,5,5.5,6,"{6,5}"
2012-06-24,MXZLO,"Manzanillo, MEX",GTPRQ,"Puerto Quetzal",1,1,"Hapag-Lloyd; NYK",2,3,2528,400,2442,2664,2,2,2,{2}
2012-06-24,MXZLO,"Manzanillo, MEX",JPTYO,Tokyo,1,1,"Hapag-Lloyd; K Line; MOL; NYK",4,11,6170.36363636364,522.090909090909,5608,6500,16,16,16,{16}
2012-06-24,MXZLO,"Manzanillo, MEX",KRPUS,Busan,1,1,"CMA CGM; CSAV; CSCL; Libra-Montemar; MSC",5,12,8681.91666666667,681.666666666667,7943,9200,18,18,18,{18}
2012-06-24,MXZLO,"Manzanillo, MEX",MXLZC,"Lazaro Cardenas",6,6,"Alianca; APL; CCNI; CMA CGM; CSAV; CSCL; Evergreen Line; Hamburg Sud; Hanjin Shipping; Hapag-Lloyd; Hyundai; Libra-Montemar; Maersk Line; MOL; MSC",15,43,26521.4071428571,3080.85692640693,1740,8488,0,1,2,"{1,1,2,0,1,1}"
2012-06-24,MXZLO,"Manzanillo, MEX",PABLB,Balboa,1,1,"CMA CGM; CSAV; CSCL; Libra-Montemar; MSC",5,12,8681.91666666667,681.666666666667,7943,9200,4,4,4,{4}
2012-06-24,MXZLO,"Manzanillo, MEX",PAMIT,Manzanillo,2,2,"Alianca; CMA CGM; CSAV; CSCL; Hamburg Sud; Hapag-Lloyd; Libra-Montemar",7,22,7328.1,954.066666666667,2520,5100,5,5.5,6,"{6,5}"
2012-06-24,MXZLO,"Manzanillo, MEX",PECLL,Callao,1,1,"Hapag-Lloyd; K Line; MOL; NYK",4,11,6170.36363636364,522.090909090909,5608,6500,7,7,7,{7}
2012-06-24,MXZLO,"Manzanillo, MEX",TWKHH,Kaohsiung,1,1,"COSCO; Evergreen Line; PIL; Wan Hai",4,10,4554,363.5,3800,5100,19,19,19,{19}
2012-06-24,MXZLO,"Manzanillo, MEX",USLAX,"Los Angeles CA",3,3,"Alianca; Evergreen Line; Hamburg Sud; Hapag-Lloyd; Maersk Line; NYK",6,18,7816.1,1369.1,2442,2872,2,4,4,"{4,4,2}"
2012-06-24,MXZLO,"Manzanillo, MEX",USLGB,"Long Beach CA",1,1,"Alianca; CCNI; Hamburg Sud",3,4,1799.25,425.25,1740,1819,3,3,3,{3}
2012-06-24,MYBKI,"Kota Kinabalu, Sabah",PHCEB,Cebu,1,1,MELL,1,2,2690,784,1345,1345,1,1,1,{1}
2012-06-24,MYBKI,"Kota Kinabalu, Sabah",PHCGY,"Cagayan de Oro",1,1,MELL,1,1,2608,516,1304,1304,5,5,5,{5}
2012-06-24,MYBKI,"Kota Kinabalu, Sabah",PHMNL,Manila,1,1,MELL,1,2,1232,334.5,1114,1350,3,3,3,{3}
2012-06-24,MYBTU,"Bintulu, Sarawak",BNMUA,"Muara Port",1,1,MELL,1,2,1232,334.5,1114,1350,1,1,1,{1}
2012-06-24,MYBTU,"Bintulu, Sarawak",TWKHH,Kaohsiung,1,1,"Evergreen Line; Yang Ming",2,5,2438.8,338.2,1618,2908,4,4,4,{4}
2012-06-24,MYKCH,"Kuching, Sarawak",MYBTU,"Bintulu, Sarawak",1,1,MELL,1,2,1232,334.5,1114,1350,1,1,1,{1}
2012-06-24,MYKUA,Kuantan,HKHKG,"Hong Kong",1,1,"Evergreen Line; Yang Ming",2,4,1618,191.5,1618,1618,4,4,4,{4}
2012-06-24,MYPEN,Penang,BDCGP,Chittagong,1,1,"ANL; CMA CGM; Delmas",3,2,1059,160,1016,1102,5,5,5,{5}
2012-06-24,MYPEN,Penang,MYPGU,"Pasir Gudang, Johor",1,1,"Wan Hai",1,4,2496.75,341,2200,2646,2,2,2,{2}
2012-06-24,MYPEN,Penang,MYPKG,"Port Klang",6,6,"ANL; CMA CGM; CNC Line-Cheng Lie Navigation Co. Ltd.; Delmas; Evergreen Line; IAL-Interasia Lines; K Line; MOL; NYK; OOCL; PanOcean; RCL; Samudera; Wan Hai; X-Press; Yang Ming",16,19,10589.6666666667,1391.66666666667,1016,2742,1,1,2,"{2,1,1,1,1,2}"
2012-06-24,MYPEN,Penang,MYTPP,"Tanjung Pelepas",1,1,"Evergreen Line; Yang Ming",2,4,1618,191.5,1618,1618,1,1,1,{1}
2012-06-24,MYPEN,Penang,SGSIN,Singapore,3,3,"COSCO; KMTC; MCC; OOCL; PanOcean; Yang Ming",6,13,10643.5,1293.5,2762,4583,1,2,2,"{1,2,2}"
2012-06-24,MYPGU,"Pasir Gudang, Johor",MYTPP,"Tanjung Pelepas",1,1,"Evergreen Line",1,4,2182.5,278.5,2078,2492,0,0,0,{0}
2012-06-24,MYPGU,"Pasir Gudang, Johor",SGSIN,Singapore,3,3,"CNC Line-Cheng Lie Navigation Co. Ltd.; Evergreen Line; K Line; PIL; Wan Hai; Yang Ming",6,16,7177.03571428571,997.214285714286,1800,2742,0,1,1,"{1,0,1}"
2012-06-24,MYPKG,"Port Klang",AEJEA,"Dubai, Jebel Ali",4,4,"CSCL; Emirates Shipping; Evergreen Line; Hyundai; K Line; MCC; MOL; NYK; PIL; PO Shipping; TS Lines; Wan Hai; Yang Ming",13,24,19804.6666666667,1838.66666666667,2546,6800,7,8.5,10,"{8,9,7,10}"
2012-06-24,MYPKG,"Port Klang",AEKLF,"Khor Fakkan",1,1,"ANL; CMA CGM; COSCO; CSCL; Hyundai; UASC",6,7,12818,957.142857142857,9580,14074,8,8,8,{8}
2012-06-24,MYPKG,"Port Klang",AUBNE,Brisbane,1,1,"ANL; APL; CMA CGM; Delmas; Hapag-Lloyd; NYK; OOCL",7,5,8109.6,640.8,3158,4308,12,12,12,{12}
2012-06-24,MYPKG,"Port Klang",AUFRE,Fremantle,1,1,"ANL; APL; CMA CGM; Delmas; Hapag-Lloyd; NYK; OOCL",7,5,8109.6,640.8,3158,4308,8,8,8,{8}
2012-06-24,MYPKG,"Port Klang",BDCGP,Chittagong,4,4,"Gold Star Line; Hanjin Shipping; Hapag-Lloyd; HUBLine; MCC; MOL; MSC; NYK; OEL-Orient Express Lines; OOCL; Samudera; X-Press",12,7,6231.57142857143,598.142857142857,701,1728,4,5,6,"{5,5,6,4}"
2012-06-24,MYPKG,"Port Klang",BRRIO,"Rio de Janeiro",1,1,"ANL; CMA CGM; CSAV; CSCL; Libra-Montemar; MSC",6,11,6320.09090909091,840,5618,6627,19,19,19,{19}
2012-06-24,MYPKG,"Port Klang",CGPNR,"Pointe Noire",1,1,"CMA CGM; Delmas",2,10,2305.3,408.7,2080,2758,19,19,19,{19}
2012-06-24,MYPKG,"Port Klang",CNCWN,Chiwan,2,2,"CMA CGM; CSAV; CSCL; Libra-Montemar; MSC",5,24,17987,1425.16666666667,4130,14000,5,5.5,6,"{6,5}"
2012-06-24,MYPKG,"Port Klang",CNNGB,Ningbo,2,2,"CMA CGM; Delmas",2,23,5311.68461538461,855.084615384615,2080,3650,6,8.5,11,"{11,6}"
2012-06-24,MYPKG,"Port Klang",CNNSA,Nansha,1,1,"ANL; CMA CGM; COSCO; CSCL; Hyundai; UASC",6,7,12818,957.142857142857,9580,14074,6,6,6,{6}
2012-06-24,MYPKG,"Port Klang",CNSHA,Shanghai,3,3,"ANL; CMA CGM; COSCO; CSCL; Evergreen Line; Gold Star Line; Hanjin Shipping; K Line; PIL; UASC; Wan Hai; Yang Ming; ZIM",13,26,22469.6928571429,1946.25,1742,14074,6,6,7,"{6,6,7}"
2012-06-24,MYPKG,"Port Klang",CNTAO,Qingdao,1,1,"CSCL; Hanjin Shipping; UASC; Yang Ming",4,10,7396.1,550.2,6919,8530,9,9,9,{9}
2012-06-24,MYPKG,"Port Klang",CNXMN,Xiamen,1,1,"Gold Star Line; ZIM",2,11,3667.45454545455,259.545454545455,3429,4253,5,5,5,{5}
2012-06-24,MYPKG,"Port Klang",DJJIB,Djibouti,1,1,"APL; CMA CGM",2,6,4591.5,373,4113,5888,8,8,8,{8}
2012-06-24,MYPKG,"Port Klang",EGPSD,"Port Said",2,2,"CMA CGM; CSCL; Delmas; Hanjin Shipping; Maersk Line; MCC; Safmarine; UASC; Yang Ming",9,19,13891.7666666667,1095.86666666667,6214,8530,12,12,12,"{12,12}"
2012-06-24,MYPKG,"Port Klang",FRLEH,"Le Havre",1,1,"ANL; CMA CGM; CSCL; Delmas; Evergreen Line; MSC; UASC",7,11,11232.3636363636,763.636363636364,10960,11388,17,17,17,{17}
2012-06-24,MYPKG,"Port Klang",GBFXT,Felixstowe,1,1,"CMA CGM; MSC",2,11,12945.2727272727,909.090909090909,12400,14000,18,18,18,{18}
2012-06-24,MYPKG,"Port Klang",GRPIR,Piraeus,1,1,"COSCO; CSCL; Hanjin Shipping; K Line; PIL; Wan Hai; Yang Ming; ZIM",8,8,5646.5,550,5500,6000,13,13,13,{13}
2012-06-24,MYPKG,"Port Klang",HKHKG,"Hong Kong",3,3,"ANL; CMA CGM; CSAV; CSCL; IAL-Interasia Lines; Libra-Montemar; MSC; PO Shipping; TS Lines; Wan Hai",10,20,11792.0909090909,1675,2546,6627,3,4,5,"{5,3,4}"
2012-06-24,MYPKG,"Port Klang",IDJKT,"Jakarta, Java",2,2,"K Line; MOL; NYK",3,8,5746.25,909,2546,3534,2,2,2,"{2,2}"
2012-06-24,MYPKG,"Port Klang",ILHFA,Haifa,1,1,"CSCL; ZIM",2,10,4175.3,388.1,3429,4308,13,13,13,{13}
2012-06-24,MYPKG,"Port Klang",INCCU,Kolkata,1,1,"CMA CGM; Delmas; OEL-Orient Express Lines",3,2,1005.71428571429,160,642,1118,5,5,5,{5}
2012-06-24,MYPKG,"Port Klang",INMAA,Chennai/Madras,7,7,"ANL; APL; BTL-Bengal Tiger Line; CMA CGM; Evergreen Line; Hanjin Shipping; Hapag-Lloyd; Hyundai; IAL-Interasia Lines; K Line; MOL; NYK; OOCL; PanOcean; RCL; Safmarine; Samudera; TS Lines; Wan Hai; X-Press; Yang Ming",21,32,15660.6153846154,1722.14102564103,1050,4308,2,4,4,"{2,4,4,4,3,4,4}"
2012-06-24,MYPKG,"Port Klang",INNSA,"Mumbai (Nhava Sheva)",5,5,"Alianca; Evergreen Line; Gold Star Line; Hamburg Sud; Hanjin Shipping; K Line; Maersk Line; MCC; NYK; OOCL; PIL; RCL; Safmarine; SCI-Shipping Corp. of India; Simatech; Wan Hai; X-Press; Yang Ming; ZIM",19,32,16744.8878787879,1841.41212121212,2702,4380,5,6,7,"{6,5,6,7,6}"
2012-06-24,MYPKG,"Port Klang",KRPUS,Busan,1,1,"CSCL; ZIM",2,10,4175.3,388.1,3429,4308,9,9,9,{9}
2012-06-24,MYPKG,"Port Klang",LBBEY,Beirut,1,1,"ANL; CMA CGM; Delmas; Maersk Line; MCC; Safmarine",6,9,8852.88888888889,700,8200,9658,14,14,14,{14}
2012-06-24,MYPKG,"Port Klang",LKCMB,Colombo,4,4,"COSCO; Emirates Shipping; Evergreen Line; Gold Star Line; Hapag-Lloyd; KMTC; Maersk Line; NYK; OOCL; RCL; Simatech; Wan Hai; X-Press",13,23,14119.1928571429,1808.58333333333,1742,4363,3,3.5,5,"{3,4,5,3}"
2012-06-24,MYPKG,"Port Klang",MAPTM,Tanger,1,1,"ANL; CMA CGM; CSCL; Delmas; FESCO; MSC; UASC",7,11,12899.2727272727,836.363636363636,11388,13880,17,17,17,{17}
2012-06-24,MYPKG,"Port Klang",MTMAR,"Malta (Marsaxlokk)",1,1,"ANL; CMA CGM; Delmas; Maersk Line; MCC; Safmarine",6,11,10453,427.272727272727,9415,13092,13,13,13,{13}
2012-06-24,MYPKG,"Port Klang",MYPEN,Penang,6,6,"ANL; CMA CGM; CNC Line-Cheng Lie Navigation Co. Ltd.; Delmas; Evergreen Line; K Line; KMTC; MCC; PanOcean; Wan Hai; Yang Ming",11,22,14195.25,1956.5,1016,4506,0,1.5,2,"{2,2,1,0,1,2}"
2012-06-24,MYPKG,"Port Klang",MYPGU,"Pasir Gudang, Johor",1,1,"CNC Line-Cheng Lie Navigation Co. Ltd.; Evergreen Line; K Line; Wan Hai; Yang Ming",5,4,2608,370.5,2495,2742,2,2,2,{2}
2012-06-24,MYPKG,"Port Klang",MYTPP,"Tanjung Pelepas",4,3,"CMA CGM; Delmas; Evergreen Line; Maersk Line; MCC; Safmarine",6,21,7721.04285714286,1274.55714285714,1634,2492,1,1,2,"{1,1,1,2}"
2012-06-24,MYPKG,"Port Klang",NAWVB,"Walvis Bay",1,1,"CMA CGM; Delmas",2,13,3006.38461538461,446.384615384615,2810,3650,15,15,15,{15}
2012-06-24,MYPKG,"Port Klang",NLRTM,Rotterdam,1,1,"CSCL; Evergreen Line; Hanjin Shipping; ZIM",4,9,8557.55555555555,411.111111111111,8073,10070,17,17,17,{17}
2012-06-24,MYPKG,"Port Klang",PGKIM,Kimbe,1,1,"Swire Shipping",1,1,5590,1100,1118,1118,14,14,14,{14}
2012-06-24,MYPKG,"Port Klang",SAJED,Jeddah,2,2,"ANL; APL; CMA CGM; CSCL; Evergreen Line; Hapag-Lloyd; Hyundai; MOL; NYK; OOCL; UASC; Yang Ming",12,19,20174.6888888889,1510.33333333333,6200,14074,9,9,9,"{9,9}"
2012-06-24,MYPKG,"Port Klang",SGSIN,Singapore,42,42,"Alianca; ANL; APL; BTL-Bengal Tiger Line; CMA CGM; COSCO; CSAV Norasia; CSCL; Delmas; Emirates Shipping; Evergreen Line; Gold Star Line; Hamburg Sud; Hanjin Shipping; Hapag-Lloyd; Heung-A; Hyundai; IAL-Interasia Lines; K Line; KMTC; Maersk Line; MCC; MOL; MSC; NileDutch; NYK; OEL-Orient Express Lines; OOCL; PanOcean; PIL; RCL; Safmarine; Samudera; Simatech; TS Lines; UASC; Wan Hai; X-Press; Yang Ming",39,229,181777.168759019,19025.9454545455,860,14000,0,1,3,"{2,1,1,1,1,1,0,1,2,1,2,2,1,2,2,1,2,1,2,2,0,3,1,1,1,2,0,1,1,1,1,1,2,1,1,2,0,1,0,0,1,0}"
2012-06-24,MYPKG,"Port Klang",THLCH,"Laem Chabang",1,1,"Gold Star Line",1,4,1295,71,1169,1367,3,3,3,{3}
2012-06-24,MYPKG,"Port Klang",TRIZT,Izmit,1,1,"ANL; CMA CGM; Maersk Line; MCC; Safmarine",5,11,6441.36363636364,500,6200,6696,16,16,16,{16}
2012-06-24,MYPKG,"Port Klang",ZADUR,Durban,2,2,"CSCL; Hapag-Lloyd; K Line; MOL; NileDutch; NYK; PIL",7,19,6241.22727272727,686.840909090909,2478,4738,13,13.5,14,"{14,13}"
2012-06-24,MYTMP,"Tanjung Manis",MYKCH,"Kuching, Sarawak",1,1,MELL,1,2,1232,334.5,1114,1350,1,1,1,{1}
2012-06-24,MYTPP,"Tanjung Pelepas",AEJEA,"Dubai, Jebel Ali",1,1,"Maersk Line; Safmarine",2,5,2280.8,344,2226,2472,8,8,8,{8}
2012-06-24,MYTPP,"Tanjung Pelepas",BDCGP,Chittagong,3,3,"Evergreen Line; MCC",2,9,4736.2,896.6,1118,1713,4,5,5,"{5,4,5}"
2012-06-24,MYTPP,"Tanjung Pelepas",CNTAO,Qingdao,2,2,"CSCL; Evergreen Line; Hanjin Shipping; Maersk Line; MCC; Safmarine; X-Press; ZIM",8,14,12852.7555555556,745.111111111111,4224,10070,6,6,6,"{6,6}"
2012-06-24,MYTPP,"Tanjung Pelepas",CNTXG,Xingang/Tianjin,1,1,"Evergreen Line; K Line; Maersk Line; MCC; Safmarine; Simatech",6,6,2474.83333333333,243.666666666667,2878,4363,8,8,8,{8}
2012-06-24,MYTPP,"Tanjung Pelepas",CNXMN,Xiamen,1,1,"Maersk Line; MCC; Safmarine",3,11,4497.09090909091,190.909090909091,4496,4500,5,5,5,{5}
2012-06-24,MYTPP,"Tanjung Pelepas",ESALG,Algeciras,1,1,"Hapag-Lloyd; Maersk Line; MCC; NYK; OOCL; Safmarine",6,16,8926.25,725,9030,9700,14,14,14,{14}
2012-06-24,MYTPP,"Tanjung Pelepas",FRLEH,"Le Havre",1,1,"Maersk Line; MCC",2,11,7732.36363636364,645.727272727273,8152,9700,16,16,16,{16}
2012-06-24,MYTPP,"Tanjung Pelepas",GBFXT,Felixstowe,1,1,"Maersk Line; MCC",2,11,8488.54545454545,702,7226,8950,18,18,18,{18}
2012-06-24,MYTPP,"Tanjung Pelepas",HKHKG,"Hong Kong",2,2,"CMA CGM; Maersk Line; MCC; USL-US Lines",4,21,11301.6625,1320.175,2732,9200,4,4.5,5,"{4,5}"
2012-06-24,MYTPP,"Tanjung Pelepas",IDJKT,"Jakarta, Java",2,2,MCC,1,10,4538.6,893.2,1713,2824,2,3,4,"{2,4}"
2012-06-24,MYTPP,"Tanjung Pelepas",INMAA,Chennai/Madras,1,1,"Maersk Line; MCC; Safmarine; X-Press",4,5,4295.2,334,4224,4425,6,6,6,{6}
2012-06-24,MYTPP,"Tanjung Pelepas",KEMBA,Mombasa,2,2,"Evergreen Line; Maersk Line; MOL; NYK; Safmarine; SCI-Shipping Corp. of India; X-Press",7,11,3983.88095238095,410.761904761905,1210,2500,10,10.5,11,"{11,10}"
2012-06-24,MYTPP,"Tanjung Pelepas",LKCMB,Colombo,5,5,"CMA CGM; Evergreen Line; Hanjin Shipping; Maersk Line; MCC; MOL; Safmarine; Yang Ming",8,50,32547.7932900433,3022.25757575758,4211,8950,3,4,5,"{4,5,3,5,4}"
2012-06-24,MYTPP,"Tanjung Pelepas",MAPTM,Tanger,1,1,"Maersk Line; MCC",2,10,7342.5,780.9,6418,8063,15,15,15,{15}
2012-06-24,MYTPP,"Tanjung Pelepas",MUPLU,"Port Louis",1,1,"CMA CGM; Maersk Line; MCC; Safmarine",4,8,6454.25,507.5,6456,8488,7,7,7,{7}
2012-06-24,MYTPP,"Tanjung Pelepas",MYBTU,"Bintulu, Sarawak",1,1,"Evergreen Line; Yang Ming",2,5,2438.8,338.2,1618,2908,2,2,2,{2}
2012-06-24,MYTPP,"Tanjung Pelepas",MYKUA,Kuantan,1,1,"Evergreen Line; Yang Ming",2,4,1618,191.5,1618,1618,1,1,1,{1}
2012-06-24,MYTPP,"Tanjung Pelepas",MYPKG,"Port Klang",8,8,"ANL; CMA CGM; COSCO; CSCL; Delmas; Evergreen Line; Hanjin Shipping; K Line; Maersk Line; MCC; OOCL; Safmarine; Simatech; ZIM",14,64,49458.6080808081,3666.21717171717,2078,13092,0,1,1,"{0,0,1,1,1,1,0,1}"
2012-06-24,MYTPP,"Tanjung Pelepas",NAWVB,"Walvis Bay",1,1,"Maersk Line; MCC; Safmarine",3,11,4497.09090909091,190.909090909091,4496,4500,16,16,16,{16}
2012-06-24,MYTPP,"Tanjung Pelepas",NLRTM,Rotterdam,1,1,"Maersk Line; MCC",2,12,14701.5,933.333333333333,13092,15550,18,18,18,{18}
2012-06-24,MYTPP,"Tanjung Pelepas",REPDG,"Reunion Island",1,1,"CMA CGM; Delmas; Maersk Line; Safmarine",4,7,2144.14285714286,312.857142857143,1740,2442,10,10,10,{10}
2012-06-24,MYTPP,"Tanjung Pelepas",SAJED,Jeddah,1,1,"CMA CGM; Maersk Line; MCC; Safmarine",4,8,6435,437.5,5248,8500,10,10,10,{10}
2012-06-24,MYTPP,"Tanjung Pelepas",SGSIN,Singapore,12,10,"Alianca; ANL; APL; CMA CGM; COSCO; CSAV; CSCL; Evergreen Line; Hamburg Sud; Hapag-Lloyd; K Line; Libra-Montemar; Maersk Line; MCC; MOL; MSC; Safmarine",17,84,38070.0279220779,5999.72655122655,1496,8500,0,1,2,"{1,0,2,1,2,2,1,1,1,1,1,1}"
2012-06-24,MYTPP,"Tanjung Pelepas",THLCH,"Laem Chabang",2,2,"Gold Star Line; MCC",2,8,4480.46666666667,710.8,1679,2824,3,3,3,"{3,3}"
2012-06-24,MYTPP,"Tanjung Pelepas",TWKHH,Kaohsiung,2,2,"CMA CGM; Evergreen Line; Hanjin Shipping; MOL; Yang Ming",5,25,12859.2337662338,1363.09090909091,5364,8073,6,6.5,7,"{7,6}"
2012-06-24,MYTPP,"Tanjung Pelepas",USNYC,"New York NY/NJ",1,1,"CMA CGM; Maersk Line; MCC; USL-US Lines",4,16,8496.0625,751.375,7370,9200,22,22,22,{22}
2012-06-24,MYTPP,"Tanjung Pelepas",VNSGN,"Ho Chi Minh (VICT/Cat Lai)",1,1,"Hanjin Shipping; Heung-A; PanOcean",3,3,1749.33333333333,293,1708,1800,2,2,2,{2}
2012-06-24,MYTPP,"Tanjung Pelepas",VNTCT,"Cai Mep",1,1,"Hapag-Lloyd; Maersk Line; MCC; NYK; OOCL; Safmarine",6,16,8926.25,725,9030,9700,2,2,2,{2}
2012-06-24,MYTPP,"Tanjung Pelepas",ZACPT,"Cape Town",1,1,"Maersk Line; MCC; Safmarine",3,12,3426.83333333333,316.75,2008,4496,16,16,16,{16}
2012-06-24,MYTPP,"Tanjung Pelepas",ZADUR,Durban,1,1,"COSCO; Evergreen Line",2,8,3296.125,220.125,2728,3842,13,13,13,{13}
2012-06-24,MZBEW,Beira,MZMNC,Nacala,1,1,"CMA CGM; Delmas; Maersk Line; Safmarine",4,7,2144.14285714286,312.857142857143,1740,2442,2,2,2,{2}
2012-06-24,MZMNC,Nacala,MUPLU,"Port Louis",1,1,"CMA CGM; Delmas; Maersk Line; Safmarine",4,7,2144.14285714286,312.857142857143,1740,2442,5,5,5,{5}
2012-06-24,MZMNC,Nacala,SCPOV,"Seychelles Is., Port Victoria",1,1,"CMA CGM; Delmas",2,5,1620,200,1608,1638,3,3,3,{3}
2012-06-24,MZMPM,Maputo,MGTOA,Tamatave/Toamasina,1,1,"Evergreen Line; MOL",2,5,1986.8,318.8,2442,2526,3,3,3,{3}
2012-06-24,MZMPM,Maputo,MZBEW,Beira,1,1,"CMA CGM; Delmas; Maersk Line; Safmarine",4,7,2144.14285714286,312.857142857143,1740,2442,3,3,3,{3}
2012-06-24,MZPOL,Pemba,KMMUT,Mutsamudu,1,1,"UAFL-United Africa Feeder Line",1,2,3127.42857142857,252.571428571429,1684,1684,3,3,3,{3}
2012-06-24,NAWVB,"Walvis Bay",AOLAD,Luanda,3,2,"CMA CGM; Delmas; Maersk Line; Safmarine",4,26,7435.8,921.6,1169,2496,4,5,5,"{5,5,4}"
2012-06-24,NAWVB,"Walvis Bay",LKCMB,Colombo,1,1,"CMA CGM; Delmas",2,13,3006.38461538461,446.384615384615,2810,3650,7,7,7,{7}
2012-06-24,NAWVB,"Walvis Bay",MYTPP,"Tanjung Pelepas",1,1,"Maersk Line; MCC; Safmarine",3,11,4497.09090909091,190.909090909091,4496,4500,18,18,18,{18}
2012-06-24,NAWVB,"Walvis Bay",NGAPP,Apapa,2,2,"CMA CGM; Delmas; Maersk Line; MCC; Safmarine",5,24,7503.47552447552,637.293706293706,2810,4500,6,6.5,7,"{6,7}"
2012-06-24,NCNOU,Noumea,AUSYD,Sydney,1,1,"ANL; CMA CGM; Delmas; Marfret; USL-US Lines",5,6,4809.33333333333,960.666666666667,2262,2556,3,3,3,{3}
2012-06-24,NCNOU,Noumea,FJSUV,Suva,1,1,"Swire Shipping",1,2,6171.42857142857,714.285714285714,1728,1728,4,4,4,{4}
2012-06-24,NCNOU,Noumea,HKHKG,"Hong Kong",1,1,"ANL; CMA CGM; Delmas; OOCL",4,6,1753.16666666667,327.833333333333,1740,1819,11,11,11,{11}
2012-06-24,NGAPP,Apapa,CIABJ,Abidjan,2,2,"Hapag-Lloyd; Maersk Line; MCC; MOL; Safmarine; ZIM",6,14,6371.66233766234,508.051948051948,1298,4500,2,2.5,3,"{3,2}"
2012-06-24,NGAPP,Apapa,CMDLA,Douala,1,1,"Maersk Line; Safmarine",2,6,2478,352,2478,2478,5,5,5,{5}
2012-06-24,NGAPP,Apapa,NGTIN,"Lagos, Tin Can",4,4,"CMA CGM; Delmas; Gold Star Line; Maersk Line; Safmarine",5,33,10951.6108058608,1642.30128205128,1742,3650,0,0.5,8,"{0,0,1,8}"
2012-06-24,NGAPP,Apapa,ZADUR,Durban,1,1,"Gold Star Line; PIL",2,6,1926.57142857143,280.238095238095,1075,1597,12,12,12,{12}
2012-06-24,NGONN,Onne,CMDLA,Douala,1,1,"Maersk Line; Safmarine",2,5,2010,351.4,2474,2546,1,1,1,{1}
2012-06-24,NGONN,Onne,TGLFW,Lome,1,1,"CMA CGM; Delmas",2,13,3006.38461538461,446.384615384615,2810,3650,4,4,4,{4}
2012-06-24,NGTIN,"Lagos, Tin Can",BJCOO,Cotonou,2,1,"CMA CGM; Delmas",2,26,6012.76923076923,892.769230769231,2810,3650,1,2.5,4,"{4,1}"
2012-06-24,NGTIN,"Lagos, Tin Can",CMDLA,Douala,1,1,MSC,1,6,2851.83333333333,188.333333333333,2480,3424,3,3,3,{3}
2012-06-24,NGTIN,"Lagos, Tin Can",ESALG,Algeciras,2,1,"Maersk Line; Safmarine",2,16,5815,675,1169,1740,8,8,8,"{8,8}"
2012-06-24,NGTIN,"Lagos, Tin Can",ESVLC,Valencia,1,1,MSC,1,5,2459.4,201.8,2415,2480,15,15,15,{15}
2012-06-24,NGTIN,"Lagos, Tin Can",GHTEM,Tema,4,4,"COSCO; Evergreen Line; Gold Star Line; Hanjin Shipping; MSC; UASC; ZIM",7,20,14656.7261904762,1814.58333333333,1742,3681,1,1,3,"{3,1,1,1}"
2012-06-24,NGTIN,"Lagos, Tin Can",GHTKD,Takoradi,1,1,"COSCO; ZIM",2,1,10068,2400,1678,1678,1,1,1,{1}
2012-06-24,NGTIN,"Lagos, Tin Can",MAPTM,Tanger,1,1,"Maersk Line; Safmarine",2,6,2470.66666666667,377.666666666667,2442,2506,14,14,14,{14}
2012-06-24,NGTIN,"Lagos, Tin Can",SNDKR,Dakar,2,2,"CMA CGM; Delmas; MSC",3,11,5668.16666666667,697.6,2078,3900,2,3,4,"{4,2}"
2012-06-24,NGTIN,"Lagos, Tin Can",ZADUR,Durban,1,1,"CSCL; Hapag-Lloyd; K Line; NileDutch; NYK",5,11,1900.72727272727,309.090909090909,2478,2986,15,15,15,{15}
2012-06-24,NICIO,Corinto,CRCAL,"Puerto Caldera",2,2,"CMA CGM; CSAV; Evergreen Line; Maersk Line",4,7,4266,595.2,1684,2556,2,2,2,"{2,2}"
2012-06-24,NICIO,Corinto,GTPRQ,"Puerto Quetzal",1,1,"Hapag-Lloyd; NYK",2,3,2528,400,2442,2664,2,2,2,{2}
2012-06-24,NLRTM,Rotterdam,AEJEA,"Dubai, Jebel Ali",1,1,"APL; Hapag-Lloyd; Hyundai; MOL; NYK; OOCL",6,11,8729,741.272727272727,6350,9300,17,17,17,{17}
2012-06-24,NLRTM,Rotterdam,BEANR,Antwerp,10,10,"Alianca; Borchard Lines Ltd; CMA CGM; CSAV; Hamburg Sud; Hapag-Lloyd; Maersk Line; MSC; Seago Line; ZIM",10,64,49612.6651515152,5656.97373737374,862,14000,1,2,2,"{2,2,2,1,2,1,2,2,1,2}"
2012-06-24,NLRTM,Rotterdam,CAHAL,Halifax,1,1,"ACL-Atlantic Container Line; Hapag-Lloyd; NYK; OOCL",4,14,4710.78571428571,384.857142857143,4545,4890,7,7,7,{7}
2012-06-24,NLRTM,Rotterdam,DEBRV,Bremerhaven,13,13,"APL; CMA CGM; COSCO; CSAV; Delmas; Hanjin Shipping; Hapag-Lloyd; Hyundai; Libra-Montemar; Maersk Line; MCC; MOL; MSC; NYK; OOCL; Safmarine; Seago Line",17,100,78376.7428571428,8468.15021645022,862,15550,0,2,3,"{1,3,0,1,1,2,1,2,2,3,2,2,2}"
2012-06-24,NLRTM,Rotterdam,DEHAM,Hamburg,17,16,"ACL-Atlantic Container Line; Alianca; ANL; APL; CMA CGM; COSCO; CSAV; CSCL; Delmas; Evergreen Line; Hamburg Sud; Hanjin Shipping; Hapag-Lloyd; Hyundai; K Line; Libra-Montemar; Maersk Line; MOL; MSC; NYK; OOCL; OPDR; UASC; Yang Ming; ZIM",25,135,99687.5521645022,10366.9312770563,698,14074,0,1,3,"{1,1,2,2,1,0,1,1,1,1,2,1,2,1,3,2,2}"
2012-06-24,NLRTM,Rotterdam,FRDKK,Dunkirk,2,2,"ANL; CMA CGM; Delmas; Marfret; OPDR; USL-US Lines",6,8,5802.33333333333,1187.66666666667,868,2556,0,1,2,"{2,0}"
2012-06-24,NLRTM,Rotterdam,FRLEH,"Le Havre",5,5,"ANL; APL; CMA CGM; COSCO; CSCL; Delmas; Evergreen Line; FESCO; Hanjin Shipping; Hapag-Lloyd; Hyundai; K Line; Maersk Line; MOL; MSC; UASC; Yang Ming; ZIM",18,52,36901.3146853147,2800.16783216783,3586,13880,1,1,2,"{1,1,1,2,2}"
2012-06-24,NLRTM,Rotterdam,GBFXT,Felixstowe,7,6,"APL; CMA CGM; COSCO; CSAV; Evergreen Line; Hanjin Shipping; Hapag-Lloyd; Hyundai; K Line; Maersk Line; MSC; OPDR; PIL; Safmarine; Stinnes; UASC; Yang Ming",17,51,38779.8,3294.66666666667,698,13092,1,1,2,"{2,1,1,1,1,1,2}"
2012-06-24,NLRTM,Rotterdam,GBSOU,Southampton,1,1,"ANL; CMA CGM; CSCL; Delmas; Evergreen Line; MSC; UASC",7,11,11232.3636363636,763.636363636364,10960,11388,1,1,1,{1}
2012-06-24,NLRTM,Rotterdam,GBTIL,Tilbury,3,3,"Alianca; CMA CGM; DAL-Deutsche Afrika Linien; Delmas; Hamburg Sud; Hapag-Lloyd; Maersk Line; Marfret; MOL; MSC; Safmarine",11,21,13101.1964285714,2592.66071428571,1678,7154,1,1,2,"{1,1,2}"
2012-06-24,NLRTM,Rotterdam,HKHKG,"Hong Kong",1,1,"CMA CGM; CSCL; Evergreen Line; Yang Ming; ZIM",5,9,9780.55555555555,755.555555555556,8073,14074,27,27,27,{27}
2012-06-24,NLRTM,Rotterdam,ITGIT,"Gioia Tauro",1,1,"CMA CGM; MSC",2,11,12945.2727272727,909.090909090909,12400,14000,7,7,7,{7}
2012-06-24,NLRTM,Rotterdam,MAPTM,Tanger,1,1,"Maersk Line; MCC",2,12,14701.5,933.333333333333,13092,15550,5,5,5,{5}
2012-06-24,NLRTM,Rotterdam,OMSLL,Salalah,1,1,"Maersk Line; MCC",2,12,8474.75,709.166666666667,8004,8950,20,20,20,{20}
2012-06-24,NLRTM,Rotterdam,SAJED,Jeddah,1,1,"APL; Hapag-Lloyd; Hyundai; MOL; NYK; OOCL",6,11,8276.09090909091,691.818181818182,8063,9100,11,11,11,{11}
2012-06-24,NLRTM,Rotterdam,SGSIN,Singapore,1,1,"APL; Hapag-Lloyd; Hyundai; MOL; NYK; OOCL",6,10,10537.3,724,8063,13100,22,22,22,{22}
2012-06-24,NLRTM,Rotterdam,TRAMB,"Istanbul (Ambarli)",1,1,MSC,1,3,4335.66666666667,438,3398,5060,9,9,9,{9}
2012-06-24,NOSLX,Sortland,CANWP,Argentia,1,1,Eimskip,1,1,2991.42857142857,514.285714285714,698,698,3,3,3,{3}
2012-06-24,NZAKL,Auckland,AUMEL,Melbourne,2,2,"Alianca; ANL; CMA CGM; Hamburg Sud; Hapag-Lloyd; Maersk Line; USL-US Lines",7,9,13073,1930.85714285714,2452,3534,5,5.5,6,"{5,6}"
2012-06-24,NZAKL,Auckland,AUSYD,Sydney,1,1,"Alianca; Hamburg Sud; Hapag-Lloyd; Maersk Line; MSC",5,10,3413.9,671.6,2824,4250,3,3,3,{3}
2012-06-24,NZAKL,Auckland,NZLYT,Lyttelton,2,2,"Alianca; COSCO; Hamburg Sud; Hapag-Lloyd; MOL; NYK; OOCL; PIL",8,11,6770,1034.4,2732,4298,1,1.5,2,"{2,1}"
2012-06-24,NZAKL,Auckland,NZPOE,"Port Chalmers",1,1,"ANL; CMA CGM; Delmas; OOCL",4,6,1753.16666666667,327.833333333333,1740,1819,3,3,3,{3}
2012-06-24,NZAKL,Auckland,NZTRG,Tauranga,3,3,"Alianca; ANL; CMA CGM; Hamburg Sud; Hapag-Lloyd; Maersk Line; USL-US Lines",7,18,15903.3333333333,2543.30158730159,2452,3534,0,1,1,"{0,1,1}"
2012-06-24,NZAKL,Auckland,PAMIT,Manzanillo,1,1,"Alianca; Hamburg Sud; Hapag-Lloyd; Maersk Line; MSC",5,10,3413.9,671.6,2824,4250,17,17,17,{17}
2012-06-24,NZAKL,Auckland,PFPPT,"Papeete, Tahiti",1,1,"Alianca; ANL; Hamburg Sud; Hapag-Lloyd; USL-US Lines",5,4,5273,1024.5,2474,2758,5,5,5,{5}
2012-06-24,NZBLU,Bluff,NZPOE,"Port Chalmers",1,1,MSC,1,7,2851.14285714286,142.571428571429,3029,4056,0,0,0,{0}
2012-06-24,NZLYT,Lyttelton,NZNPE,Napier,1,1,"Alianca; COSCO; Hamburg Sud; Hapag-Lloyd; MOL; NYK",6,6,3670,500,3534,4298,1,1,1,{1}
2012-06-24,NZLYT,Lyttelton,NZPOE,"Port Chalmers",1,1,"Alianca; Hamburg Sud; Hapag-Lloyd; Maersk Line",4,9,2830.33333333333,612.444444444444,2797,2872,1,1,1,{1}
2012-06-24,NZLYT,Lyttelton,NZTRG,Tauranga,1,1,"ANL; CMA CGM; Delmas; OOCL",4,6,1753.16666666667,327.833333333333,1740,1819,0,0,0,{0}
2012-06-24,NZLYT,Lyttelton,NZWLG,Wellington,2,2,"Hapag-Lloyd; MOL; MSC; NYK; OOCL; PIL",6,12,5951.14285714286,676.971428571429,2732,4056,1,1,1,"{1,1}"
2012-06-24,NZMAP,"Marsden Point",NZTRG,Tauranga,1,1,"Swire Shipping",1,2,6171.42857142857,714.285714285714,1728,1728,0,0,0,{0}
2012-06-24,NZNPE,Napier,NZTRG,Tauranga,5,5,"Alianca; ANL; CMA CGM; COSCO; Delmas; Hamburg Sud; Hapag-Lloyd; Maersk Line; Marfret; MOL; MSC; NYK; OOCL; PIL; USL-US Lines",15,34,17844.3761904762,2809.2380952381,2262,4298,0,1,3,"{3,1,2,1,0}"
2012-06-24,NZPOE,"Port Chalmers",MYTPP,"Tanjung Pelepas",1,1,"Alianca; Hamburg Sud; Hapag-Lloyd; Maersk Line",4,9,2830.33333333333,612.444444444444,2797,2872,11,11,11,{11}
2012-06-24,NZPOE,"Port Chalmers",NZLYT,Lyttelton,2,2,"ANL; CMA CGM; Delmas; MSC; OOCL",5,13,4604.30952380952,470.404761904762,1740,4056,0,0.5,1,"{0,1}"
2012-06-24,NZPOE,"Port Chalmers",NZTIU,Timaru,1,1,"Alianca; Hamburg Sud; Hapag-Lloyd; Maersk Line; MSC",5,10,3413.9,671.6,2824,4250,1,1,1,{1}
2012-06-24,NZTIU,Timaru,NZNPE,Napier,1,1,"Alianca; Hamburg Sud; Hapag-Lloyd; Maersk Line; MSC",5,10,3413.9,671.6,2824,4250,2,2,2,{2}
2012-06-24,NZTRG,Tauranga,AUBNE,Brisbane,2,2,"MSC; PIL",2,16,4648.34920634921,333.047619047619,1398,4056,4,4.5,5,"{5,4}"
2012-06-24,NZTRG,Tauranga,AUSYD,Sydney,1,1,"Alianca; ANL; Hamburg Sud; Hapag-Lloyd; USL-US Lines",5,4,5273,1024.5,2474,2758,4,4,4,{4}
2012-06-24,NZTRG,Tauranga,FJSUV,Suva,1,1,"Alianca; ANL; CMA CGM; Hamburg Sud; Hapag-Lloyd; Maersk Line; USL-US Lines",7,7,1865.85714285714,323.714285714286,2452,2824,6,6,6,{6}
2012-06-24,NZTRG,Tauranga,JPTYO,Tokyo,1,1,"Alianca; COSCO; Hamburg Sud; Hapag-Lloyd; MOL; NYK",6,6,3670,500,3534,4298,12,12,12,{12}
2012-06-24,NZTRG,Tauranga,MYPKG,"Port Klang",1,1,"Hapag-Lloyd; MOL; NYK; OOCL; PIL",5,5,3100,534.4,2732,3586,12,12,12,{12}
2012-06-24,NZTRG,Tauranga,MYTPP,"Tanjung Pelepas",1,1,"Alianca; Hamburg Sud; Hapag-Lloyd; Maersk Line",4,9,2830.33333333333,612.444444444444,2797,2872,15,15,15,{15}
2012-06-24,NZTRG,Tauranga,NCNOU,Noumea,1,1,"ANL; CMA CGM; Delmas; OOCL",4,6,1753.16666666667,327.833333333333,1740,1819,5,5,5,{5}
2012-06-24,NZTRG,Tauranga,NZAKL,Auckland,1,1,"Alianca; Hamburg Sud; Hapag-Lloyd; Maersk Line; MSC",5,10,3413.9,671.6,2824,4250,1,1,1,{1}
2012-06-24,NZTRG,Tauranga,NZLYT,Lyttelton,1,1,"Alianca; Hamburg Sud; Hapag-Lloyd; Maersk Line",4,9,2830.33333333333,612.444444444444,2797,2872,3,3,3,{3}
2012-06-24,NZTRG,Tauranga,PAMIT,Manzanillo,1,1,"ANL; CMA CGM; Delmas; Marfret; USL-US Lines",5,6,4809.33333333333,960.666666666667,2262,2556,14,14,14,{14}
2012-06-24,NZTRG,Tauranga,PHDVO,Davao,1,1,"Swire Shipping",1,2,6171.42857142857,714.285714285714,1728,1728,13,13,13,{13}
2012-06-24,NZTRG,Tauranga,USHNL,"Honolulu HI",1,1,"Alianca; ANL; CMA CGM; Hamburg Sud; Hapag-Lloyd; Maersk Line; USL-US Lines",7,2,11207.1428571429,1607.14285714286,2742,3534,10,10,10,{10}
2012-06-24,NZWLG,Wellington,NZNPE,Napier,2,2,"Hapag-Lloyd; MOL; MSC; NYK; OOCL; PIL",6,12,5951.14285714286,676.971428571429,2732,4056,1,1,1,"{1,1}"
2012-06-24,OMSLL,Salalah,AEJEA,"Dubai, Jebel Ali",5,5,"APL; CSAV; Maersk Line; MCC; MSC; Safmarine; UASC",7,43,33147.9318181818,3127.80303030303,2900,14000,1,3,4,"{3,4,1,4,3}"
2012-06-24,OMSLL,Salalah,AESHJ,Sharjah,1,1,"Maersk Line; Safmarine",2,5,2518.8,321.6,2474,2572,3,3,3,{3}
2012-06-24,OMSLL,Salalah,DJJIB,Djibouti,2,2,"APL; MSC",2,7,6262.58333333333,366.666666666667,2023,3821,2,2,2,"{2,2}"
2012-06-24,OMSLL,Salalah,EGPSD,"Port Said",1,1,"Maersk Line; Safmarine",2,6,3574.33333333333,253.333333333333,3426,3604,6,6,6,{6}
2012-06-24,OMSLL,Salalah,INNSA,"Mumbai (Nhava Sheva)",1,1,"CSAV; MSC",2,7,6642,566,6402,6750,5,5,5,{5}
2012-06-24,OMSLL,Salalah,ITGIT,"Gioia Tauro",1,1,"CSAV; MSC; SCI-Shipping Corp. of India",3,8,5348.375,449.875,3129,6750,8,8,8,{8}
2012-06-24,OMSLL,Salalah,KEMBA,Mombasa,2,2,"Maersk Line; Safmarine",2,6,7224.51428571429,1204.45714285714,1098,2572,6,10,14,"{14,6}"
2012-06-24,OMSLL,Salalah,MYTPP,"Tanjung Pelepas",1,1,"Hapag-Lloyd; Maersk Line; MCC; NYK; OOCL; Safmarine",6,16,8926.25,725,9030,9700,10,10,10,{10}
2012-06-24,OMSLL,Salalah,NLRTM,Rotterdam,1,1,"APL; Hapag-Lloyd; Hyundai; MOL; NYK; OOCL",6,10,8580,715,8411,8749,12,12,12,{12}
2012-06-24,OMSLL,Salalah,REPDG,"Reunion Island",1,1,"Maersk Line; Safmarine",2,6,3497,583.333333333333,3460,3534,7,7,7,{7}
2012-06-24,OMSLL,Salalah,SAJED,Jeddah,3,3,"CSAV; Maersk Line; MSC; Safmarine",4,24,18046.1142857143,1716.54285714286,4154,6802,3,3,4,"{3,4,3}"
2012-06-24,OMSLL,Salalah,SGSIN,Singapore,2,2,"APL; CSAV Norasia; Hapag-Lloyd; Hyundai; MOL; MSC; NYK; OOCL",8,21,21704.3,1678.72727272727,6750,14000,8,9.5,11,"{8,11}"
2012-06-24,OMSLL,Salalah,TZDAR,"Dar es Salaam",1,1,"Maersk Line; Safmarine",2,4,2439.64285714286,410.785714285714,2466,2578,19,19,19,{19}
2012-06-24,OMSLL,Salalah,USNYC,"New York NY/NJ",2,2,"Maersk Line; MSC; Safmarine",3,20,12944.8791208791,1065.38461538462,4154,9200,14,15.5,17,"{14,17}"
2012-06-24,OMSLL,Salalah,ZADUR,Durban,1,1,"CSAV; MSC",2,4,3299.75,246,2900,3660,10,10,10,{10}
2012-06-24,OMSOH,Sohar,SGSIN,Singapore,1,1,"APL; Hamburg Sud; Hyundai; MOL",4,10,5458.2,479.6,4250,6350,8,8,8,{8}
2012-06-24,PABLB,Balboa,COBUN,Buenaventura,3,3,"APL; Maersk Line; MCC; MOL; MSC",5,20,11125.1333333333,1496,2490,6214,1,1,2,"{1,2,1}"
2012-06-24,PABLB,Balboa,COCTG,Cartagena,1,1,"Alianca; CCNI; CSAV; Hamburg Sud; Libra-Montemar",5,6,2979.83333333333,450,2690,3534,2,2,2,{2}
2012-06-24,PABLB,Balboa,CRCAL,"Puerto Caldera",1,1,"Evergreen Line; Maersk Line",2,5,2521,440.2,2450,2556,2,2,2,{2}
2012-06-24,PABLB,Balboa,DEBRV,Bremerhaven,1,1,"CSAV; MSC",2,6,4228,798.333333333333,4112,4256,15,15,15,{15}
2012-06-24,PABLB,Balboa,ECESM,Esmeraldas,1,1,"Maersk Line",1,2,2556,600,2556,2556,1,1,1,{1}
2012-06-24,PABLB,Balboa,ECGYE,Guayaquil,3,3,"CSAV; Maersk Line; MSC; Safmarine",4,23,9775.97222222222,2015.61111111111,2556,4256,2,2,6,"{2,2,6}"
2012-06-24,PABLB,Balboa,GTPRQ,"Puerto Quetzal",1,1,"Alianca; APL; Hamburg Sud; MOL",4,3,1275.33333333333,417.333333333333,1180,1350,2,2,2,{2}
2012-06-24,PABLB,Balboa,JMKIN,Kingston,1,1,"CSCL; ZIM",2,10,4941.3,485,4800,5040,1,1,1,{1}
2012-06-24,PABLB,Balboa,KRPUS,Busan,1,1,"APL; Hyundai; MOL",3,9,4650,392.444444444444,4369,4892,20,20,20,{20}
2012-06-24,PABLB,Balboa,MXLZC,"Lazaro Cardenas",2,2,"CMA CGM; CSAV; CSCL; Libra-Montemar; Maersk Line; MCC; MSC",7,22,10981.6333333333,976.333333333333,4226,8488,5,5.5,6,"{5,6}"
2012-06-24,PABLB,Balboa,NZAKL,Auckland,1,1,"Alianca; Hamburg Sud; Hapag-Lloyd; Maersk Line; MSC",5,10,3413.9,671.6,2824,4250,18,18,18,{18}
2012-06-24,PABLB,Balboa,PACTB,Cristobal,3,3,"CSAV; MSC",2,24,14263.9333333333,1840.62222222222,3584,5301,0,1,1,"{1,0,1}"
2012-06-24,PABLB,Balboa,PAMIT,Manzanillo,4,4,"ACL-Atlantic Container Line; APL; CMA CGM; Hapag-Lloyd; Hyundai; Maersk Line; MOL; NYK; OOCL; Safmarine",10,44,15014.9117826618,1972.90415140415,2556,5014,0,0.5,1,"{1,0,1,0}"
2012-06-24,PABLB,Balboa,PECLL,Callao,2,2,"CMA CGM; CSAV; CSCL; Libra-Montemar; MSC",5,21,13576.25,1344.88888888889,4367,9200,4,4,4,"{4,4}"
2012-06-24,PABLB,Balboa,PEPAI,Paita,1,1,"Alianca; APL; Hamburg Sud; MOL",4,3,1275.33333333333,417.333333333333,1180,1350,2,2,2,{2}
2012-06-24,PABLB,Balboa,RUVYP,Vostochniy,1,1,"Maersk Line; MCC",2,9,8416.88888888889,702.444444444444,7226,8950,16,16,16,{16}
2012-06-24,PABLB,Balboa,USLAX,"Los Angeles CA",1,1,"APL; CMA CGM; Hyundai; Maersk Line; MOL",5,13,4756.15384615385,370.769230769231,4589,5014,7,7,7,{7}
2012-06-24,PABLB,Balboa,USLGB,"Long Beach CA",1,1,MSC,1,10,4947.8,575.4,3922,5301,8,8,8,{8}
2012-06-24,PABLB,Balboa,USNYC,"New York NY/NJ",1,1,"Hapag-Lloyd; NYK; OOCL; ZIM",4,9,4574.44444444444,385.777777777778,4250,5042,5,5,5,{5}
2012-06-24,PACTB,Cristobal,BSFPO,Freeport,1,1,MSC,1,5,4421.8,602,3584,5301,5,5,5,{5}
2012-06-24,PACTB,Cristobal,COCTG,Cartagena,1,1,MSC,1,3,2813.66666666667,190,2468,3007,2,2,2,{2}
2012-06-24,PACTB,Cristobal,CRLIO,"Puerto Limon",1,1,"Seaboard Marine",1,3,1125,226.666666666667,1114,1147,5,5,5,{5}
2012-06-24,PACTB,Cristobal,DOHAI,"Rio Haina",1,1,"Seaboard Marine",1,3,1118,220,1118,1118,4,4,4,{4}
2012-06-24,PACTB,Cristobal,ITGIT,"Gioia Tauro",1,1,MSC,1,10,4947.8,575.4,3922,5301,13,13,13,{13}
2012-06-24,PACTB,Cristobal,JMKIN,Kingston,1,1,"MSC; ZIM",2,7,2987,136.285714285714,2480,3398,2,2,2,{2}
2012-06-24,PACTB,Cristobal,NLRTM,Rotterdam,1,1,"CSAV; MSC",2,9,4894.33333333333,663.222222222222,4367,5301,11,11,11,{11}
2012-06-24,PACTB,Cristobal,PABLB,Balboa,3,3,"CSAV; MSC",2,24,14263.9333333333,1840.62222222222,3584,5301,0,1,2,"{1,2,0}"
2012-06-24,PAMIT,Manzanillo,COCTG,Cartagena,8,8,"Alianca; CMA CGM; CSAV; CSCL; Hamburg Sud; Hapag-Lloyd; King Ocean; Libra-Montemar; Maersk Line; MSC",10,59,22920.75,4052.875,957,5100,1,1,2,"{1,1,1,2,1,1,2,2}"
2012-06-24,PAMIT,Manzanillo,COSMR,"Santa Marta",1,1,"Maersk Line",1,8,2579.75,567.5,2556,2592,1,1,1,{1}
2012-06-24,PAMIT,Manzanillo,CRLIO,"Puerto Limon",4,4,"CMA CGM; Crowley; Delmas; Evergreen Line; Maersk Line; Marfret; SeaFreight Line; ZIM",8,16,6457.73333333333,1304.83333333333,1096,2566,0,1.5,2,"{0,2,1,2}"
2012-06-24,PAMIT,Manzanillo,CRMOB,Moin,1,1,"Maersk Line",1,6,2545.33333333333,600,2530,2556,1,1,1,{1}
2012-06-24,PAMIT,Manzanillo,ECGYE,Guayaquil,2,2,"Alianca; CCNI; CMA CGM; CSAV; Hamburg Sud; Hapag-Lloyd; Libra-Montemar",7,14,6418.08333333333,1100,2690,3739,3,3.5,4,"{4,3}"
2012-06-24,PAMIT,Manzanillo,ESALG,Algeciras,1,1,"Maersk Line; Safmarine",2,9,2968.22222222222,649.777777777778,2797,3100,10,10,10,{10}
2012-06-24,PAMIT,Manzanillo,JMKIN,Kingston,3,3,"ANL; CMA CGM; Delmas; Hapag-Lloyd; Hyundai; Maersk Line; Marfret; NYK; OOCL; Safmarine; USL-US Lines; ZIM",12,21,12456.5,1921.94444444444,2262,5018,1,2,3,"{2,1,3}"
2012-06-24,PAMIT,Manzanillo,KRPUS,Busan,1,1,"Hapag-Lloyd; Hyundai; NYK; OOCL; ZIM",5,9,4853.33333333333,425.111111111111,4728,5018,20,20,20,{20}
2012-06-24,PAMIT,Manzanillo,PABLB,Balboa,3,3,"APL; CMA CGM; Hyundai; Maersk Line; MOL; Safmarine",6,30,10304.1260683761,1588.04700854701,2556,5014,0,1,2,"{2,1,0}"
2012-06-24,PAMIT,Manzanillo,PECLL,Callao,1,1,"Alianca; CMA CGM; Hamburg Sud; Hapag-Lloyd",4,8,4029.75,1098.625,3739,4178,5,5,5,{5}
2012-06-24,PAMIT,Manzanillo,PFPPT,"Papeete, Tahiti",1,1,"ANL; CMA CGM; Delmas; Marfret; USL-US Lines",5,6,4809.33333333333,960.666666666667,2262,2556,11,11,11,{11}
2012-06-24,PAMIT,Manzanillo,TWKHH,Kaohsiung,1,1,"Hapag-Lloyd; NYK; OOCL; ZIM",4,9,4574.44444444444,385.777777777778,4250,5042,23,23,23,{23}
2012-06-24,PAMIT,Manzanillo,USCHS,"Charleston SC",1,1,"APL; CMA CGM; Hyundai; Maersk Line; MOL",5,5,4259.6,618.8,4250,4298,3,3,3,{3}
2012-06-24,PAMIT,Manzanillo,USHOU,"Houston TX",1,1,"ANL; CMA CGM; CSCL; Delmas; UASC; USL-US Lines",6,11,4402.72727272727,303.636363636364,3388,5095,3,3,3,{3}
2012-06-24,PAMIT,Manzanillo,USLAX,"Los Angeles CA",1,1,"ACL-Atlantic Container Line; Hapag-Lloyd; NYK; OOCL",4,14,4710.78571428571,384.857142857143,4545,4890,7,7,7,{7}
2012-06-24,PAMIT,Manzanillo,USMIA,"Miami FL",1,1,"APL; CMA CGM; Hyundai; Maersk Line; MOL",5,13,4756.15384615385,370.769230769231,4589,5014,3,3,3,{3}
2012-06-24,PAMIT,Manzanillo,USNYC,"New York NY/NJ",1,1,"APL; Hyundai; MOL",3,9,4650,392.444444444444,4369,4892,4,4,4,{4}
2012-06-24,PAMIT,Manzanillo,USSAV,"Savannah GA",1,1,"ACL-Atlantic Container Line; Hapag-Lloyd; NYK; OOCL",4,14,4710.78571428571,384.857142857143,4545,4890,4,4,4,{4}
2012-06-24,PAMIT,Manzanillo,VEPSU,"Puerto Sucre",1,1,"APL; MOL",2,4,1494.25,249,1174,1645,4,4,4,{4}
2012-06-24,PAONX,Colon,COBUN,Buenaventura,1,1,"Evergreen Line",1,4,1357,288.5,1157,1550,2,2,2,{2}
2012-06-24,PAONX,Colon,TWTPE,Taipei,1,1,"Evergreen Line",1,9,4303.33333333333,484.222222222222,4211,5042,24,24,24,{24}
2012-06-24,PAONX,Colon,USCHS,"Charleston SC",1,1,"Evergreen Line",1,9,4229,450,4229,4229,4,4,4,{4}
2012-06-24,PAONX,Colon,USHOU,"Houston TX",1,1,"COSCO; Hanjin Shipping",2,8,4053.25,350,3398,5089,3,3,3,{3}
2012-06-24,PAONX,Colon,USLAX,"Los Angeles CA",1,1,"Evergreen Line",1,9,4229,450,4229,4229,8,8,8,{8}
2012-06-24,PAONX,Colon,USSAV,"Savannah GA",1,1,"Evergreen Line",1,9,4303.33333333333,484.222222222222,4211,5042,4,4,4,{4}
2012-06-24,PAPAM,Almirante,USILG,"Wilmington DE",1,1,"Great White Fleet",1,2,2240.5,530,2007,2474,5,5,5,{5}
2012-06-24,PECLL,Callao,CLARI,Arica,1,1,MSC,1,5,4421.8,602,3584,5301,1,1,1,{1}
2012-06-24,PECLL,Callao,CLIQQ,Iquique,6,6,"Alianca; CCNI; CMA CGM; COSCO; CSAV; CSCL; Evergreen Line; Hamburg Sud; Hanjin Shipping; Hapag-Lloyd; Hyundai; K Line; Libra-Montemar; Maersk Line; MCC; MOL; MSC; NYK; PIL; Wan Hai",20,60,29544.6136363636,2626.54545454545,1157,9200,1,2.5,3,"{2,1,2,3,3,3}"
2012-06-24,PECLL,Callao,CLMJS,Mejillones,1,1,"CSAV; MSC",2,9,4894.33333333333,663.222222222222,4367,5301,2,2,2,{2}
2012-06-24,PECLL,Callao,CLSAI,"San Antonio",2,2,"Alianca; CCNI; CSAV; Hamburg Sud; Libra-Montemar",5,12,6064.83333333333,807.142857142857,1726,3534,5,5,5,"{5,5}"
2012-06-24,PECLL,Callao,CLVAP,Valparaiso,2,2,"Alianca; APL; CMA CGM; Hamburg Sud; Hapag-Lloyd; MOL",6,11,6561.75,1687.29166666667,2490,4178,5,5,5,"{5,5}"
2012-06-24,PECLL,Callao,COBUN,Buenaventura,1,1,"Alianca; CCNI; CSAV; Hamburg Sud; Libra-Montemar",5,6,2979.83333333333,450,2690,3534,4,4,4,{4}
2012-06-24,PECLL,Callao,COCTG,Cartagena,1,1,"CCNI; CSAV; Libra-Montemar",3,6,3085,357.142857142857,1726,1728,6,6,6,{6}
2012-06-24,PECLL,Callao,ECGYE,Guayaquil,2,2,"Alianca; CSAV; Hamburg Sud; Hapag-Lloyd; K Line; Libra-Montemar; MOL; NYK",8,10,4508,843.333333333333,1620,2640,2,2.5,3,"{2,3}"
2012-06-24,PECLL,Callao,MXZLO,"Manzanillo, MEX",3,3,"CMA CGM; COSCO; CSAV; CSCL; Evergreen Line; Hapag-Lloyd; K Line; Libra-Montemar; MOL; MSC; NYK; PIL; Wan Hai",13,33,19406.2803030303,1567.25757575758,3800,9200,7,7,7,"{7,7,7}"
2012-06-24,PECLL,Callao,PABLB,Balboa,1,1,"Maersk Line; MCC",2,12,4171.33333333333,305.333333333333,4226,6214,3,3,3,{3}
2012-06-24,PECLL,Callao,PAMIT,Manzanillo,1,1,"Alianca; CMA CGM; Hamburg Sud; Hapag-Lloyd",4,8,4029.75,1098.625,3739,4178,5,5,5,{5}
2012-06-24,PECLL,Callao,PEPAI,Paita,2,2,"Alianca; APL; CMA CGM; Hamburg Sud; Hapag-Lloyd; MOL",6,11,5970.25,1238.66666666667,2490,3739,1,1.5,2,"{2,1}"
2012-06-24,PEMRI,Matarani,CLSAI,"San Antonio",1,1,"Evergreen Line",1,4,1357,288.5,1157,1550,3,3,3,{3}
2012-06-24,PEPAI,Paita,COBUN,Buenaventura,1,1,"APL; MOL",2,3,2532,588.666666666667,2490,2556,2,2,2,{2}
2012-06-24,PEPAI,Paita,COPBO,"Puerto Bolivar",1,1,"Maersk Line",1,2,2556,600,2556,2556,1,1,1,{1}
2012-06-24,PEPAI,Paita,ECGYE,Guayaquil,2,2,"Alianca; APL; CMA CGM; Hamburg Sud; Hapag-Lloyd; MOL",6,11,4713.58333333333,1067.33333333333,1180,3739,1,1.5,2,"{1,2}"
2012-06-24,PFPPT,"Papeete, Tahiti",ASPPG,"Pago Pago",1,1,"Alianca; Hamburg Sud; Polynesia Line",3,2,2599.28571428571,437.142857142857,1122,1304,4,4,4,{4}
2012-06-24,PFPPT,"Papeete, Tahiti",FJLTK,Lautoka,1,1,"ANL; CMA CGM; Delmas; Marfret; USL-US Lines",5,6,4809.33333333333,960.666666666667,2262,2556,6,6,6,{6}
2012-06-24,PFPPT,"Papeete, Tahiti",MXESE,Ensenada,1,1,"Alianca; ANL; Hamburg Sud; Hapag-Lloyd; USL-US Lines",5,4,5273,1024.5,2474,2758,9,9,9,{9}
2012-06-24,PGGUR,Alotau,PGRAB,Rabaul,1,1,"Swire Shipping",1,1,5590,1100,1118,1118,1,1,1,{1}
2012-06-24,PGKIM,Kimbe,PGROR,"Oro Bay",1,1,"Swire Shipping",1,1,5590,1100,1118,1118,1,1,1,{1}
2012-06-24,PGKVG,Kavieng,PGMAG,Madang,1,1,"Swire Shipping",1,1,5590,1100,1118,1118,1,1,1,{1}
2012-06-24,PGLAE,Lae,PGPOM,"Port Moresby",1,1,"ANL; CMA CGM",2,1,4101.42857142857,1080,957,957,2,2,2,{2}
2012-06-24,PGLAE,Lae,PGRAB,Rabaul,2,2,"ANL; CMA CGM; NewPac",3,3,10067.1428571429,2108.57142857143,957,1740,2,3,4,"{2,4}"
2012-06-24,PGLNV,"Lihir Island",PGKVG,Kavieng,1,1,"Swire Shipping",1,1,5590,1100,1118,1118,1,1,1,{1}
2012-06-24,PGMAG,Madang,PGLAE,Lae,1,1,"ANL; CMA CGM",2,1,4101.42857142857,1080,957,957,0,0,0,{0}
2012-06-24,PGMAG,Madang,SGSIN,Singapore,1,1,"Swire Shipping",1,1,5590,1100,1118,1118,5,5,5,{5}
2012-06-24,PGPOM,"Port Moresby",AUTSV,Townsville,1,1,MELL,1,3,2478.66666666667,548.666666666667,1114,1304,3,3,3,{3}
2012-06-24,PGPOM,"Port Moresby",MYPKG,"Port Klang",2,2,"ANL; CMA CGM",2,2,8202.85714285714,2160,957,957,10,10.5,11,"{11,10}"
2012-06-24,PGPOM,"Port Moresby",NCNOU,Noumea,1,1,"Swire Shipping",1,2,6171.42857142857,714.285714285714,1728,1728,3,3,3,{3}
2012-06-24,PGPOM,"Port Moresby",SBHIR,Honiara,1,1,NewPac,1,2,5965.71428571429,1028.57142857143,1740,1740,5,5,5,{5}
2012-06-24,PGRAB,Rabaul,PGLNV,"Lihir Island",1,1,"Swire Shipping",1,1,5590,1100,1118,1118,1,1,1,{1}
2012-06-24,PGRAB,Rabaul,PGPOM,"Port Moresby",2,2,"ANL; CMA CGM; NewPac",3,3,10067.1428571429,2108.57142857143,957,1740,4,4.5,5,"{5,4}"
2012-06-24,PGROR,"Oro Bay",PGGUR,Alotau,1,1,"Swire Shipping",1,1,5590,1100,1118,1118,1,1,1,{1}
2012-06-24,PHBTG,Batangas,PHMNL,Manila,1,1,MCC,1,3,1496,276,1496,1496,1,1,1,{1}
2012-06-24,PHCEB,Cebu,HKHKG,"Hong Kong",1,1,MELL,1,1,2608,516,1304,1304,3,3,3,{3}
2012-06-24,PHCEB,Cebu,PHCGY,"Cagayan de Oro",1,1,MELL,1,2,2690,784,1345,1345,1,1,1,{1}
2012-06-24,PHCEB,Cebu,TWKHH,Kaohsiung,3,3,"APL; BTL-Bengal Tiger Line; Evergreen Line; OOCL; X-Press",5,4,3689,610,1085,1440,2,4,5,"{2,5,4}"
2012-06-24,PHCGY,"Cagayan de Oro",PHCEB,Cebu,1,1,MELL,1,1,2608,516,1304,1304,1,1,1,{1}
2012-06-24,PHCGY,"Cagayan de Oro",PHDVO,Davao,2,2,"Gold Star Line; MCC; MELL",3,6,3767.75,1004,957,1345,2,2,2,"{2,2}"
2012-06-24,PHDVO,Davao,CNSHA,Shanghai,2,2,"Gold Star Line; MCC",2,9,2810.75,544.4,957,1740,5,5,5,"{5,5}"
2012-06-24,PHDVO,Davao,KRPTK,Pyongtaek,1,1,MCC,1,3,1449,405.333333333333,1296,1713,6,6,6,{6}
2012-06-24,PHDVO,Davao,PHMNL,Manila,1,1,PIL,1,8,2072.28571428571,285.714285714286,1800,1890,2,2,2,{2}
2012-06-24,PHDVO,Davao,PHSFS,"Subic Bay",1,1,"Swire Shipping",1,2,6171.42857142857,714.285714285714,1728,1728,3,3,3,{3}
2012-06-24,PHDVO,Davao,TWKHH,Kaohsiung,2,2,MELL,1,5,5168.66666666667,1332.66666666667,1114,1345,5,6.5,8,"{5,8}"
2012-06-24,PHMNL,Manila,CNNGB,Ningbo,1,1,"Evergreen Line; Hanjin Shipping; K Line; SITC Shipping",4,4,2581,385.5,2450,2878,3,3,3,{3}
2012-06-24,PHMNL,Manila,CNSHA,Shanghai,1,1,PIL,1,8,2072.28571428571,285.714285714286,1800,1890,2,2,2,{2}
2012-06-24,PHMNL,Manila,CNSHK,Shekou,2,2,"Evergreen Line; MELL; Wan Hai",3,5,2964,594.5,1114,1740,1,1.5,2,"{2,1}"
2012-06-24,PHMNL,Manila,CNXMN,Xiamen,1,1,COSCO,1,3,1855.33333333333,143.333333333333,1702,1932,2,2,2,{2}
2012-06-24,PHMNL,Manila,HKHKG,"Hong Kong",4,4,"CNC Line-Cheng Lie Navigation Co. Ltd.; Evergreen Line; K Line; OOCL; RCL; Sinotrans; SITC Shipping; Yang Ming",8,10,7712.83333333333,1471.16666666667,1043,2824,1,2,2,"{2,2,1,2}"
2012-06-24,PHMNL,Manila,JPOSA,Osaka,1,1,"K Line; NYK",2,4,2740.5,416,2546,2858,4,4,4,{4}
2012-06-24,PHMNL,Manila,JPTYO,Tokyo,1,1,"APL; CMA CGM; CNC Line-Cheng Lie Navigation Co. Ltd.; Delmas; Evergreen Line; Heung-A; IAL-Interasia Lines; MOL; Wan Hai",9,3,2495.33333333333,446.666666666667,2450,2553,4,4,4,{4}
2012-06-24,PHMNL,Manila,KRPUS,Busan,2,2,"Hanjin Shipping; Heung-A; Hyundai; MOL; NYK; PanOcean",6,7,4006,180.666666666667,1005,2959,3,3.5,4,"{4,3}"
2012-06-24,PHMNL,Manila,MYTPP,"Tanjung Pelepas",1,1,"Gold Star Line; MCC",2,5,1717.8,198.8,1679,1728,5,5,5,{5}
2012-06-24,PHMNL,Manila,PHCEB,Cebu,1,1,APL,1,2,1440,174,1440,1440,1,1,1,{1}
2012-06-24,PHMNL,Manila,PHCGY,"Cagayan de Oro",1,1,"Gold Star Line; MCC",2,4,1077.75,220,957,1118,2,2,2,{2}
2012-06-24,PHMNL,Manila,PHDVO,Davao,1,1,MCC,1,3,1449,405.333333333333,1296,1713,1,1,1,{1}
2012-06-24,PHMNL,Manila,PHSFS,"Subic Bay",1,1,"Wan Hai; Yang Ming",2,1,927,100,927,927,2,2,2,{2}
2012-06-24,PHMNL,Manila,SGSIN,Singapore,2,2,"Hanjin Shipping; Heung-A; K Line; MOL; NYK; PanOcean",6,8,5381.5,468,2535,2959,3,3.5,4,"{4,3}"
2012-06-24,PHMNL,Manila,THLCH,"Laem Chabang",2,2,"CNC Line-Cheng Lie Navigation Co. Ltd.; Evergreen Line; IAL-Interasia Lines; MOL; Wan Hai",5,5,3929.83333333333,393,1032,2987,3,3.5,4,"{4,3}"
2012-06-24,PHMNL,Manila,TWKHH,Kaohsiung,6,6,"APL; CNC Line-Cheng Lie Navigation Co. Ltd.; Evergreen Line; Hyundai; MCC; MOL; NYK; OOCL; Yang Ming",9,14,10070.1666666667,1437.83333333333,560,2492,1,2,3,"{2,1,2,3,1,2}"
2012-06-24,PHMNL,Manila,VNSGN,"Ho Chi Minh (VICT/Cat Lai)",1,1,"CNC Line-Cheng Lie Navigation Co. Ltd.; Heung-A; PanOcean",3,3,1740,315,1740,1740,3,3,3,{3}
2012-06-24,PHSFS,"Subic Bay",PHMNL,Manila,1,1,"APL; Hyundai; MOL",3,1,2468,400,2468,2468,1,1,1,{1}
2012-06-24,PHSFS,"Subic Bay",SGSIN,Singapore,1,1,"Swire Shipping",1,2,6171.42857142857,714.285714285714,1728,1728,5,5,5,{5}
2012-06-24,PHSFS,"Subic Bay",TWKHH,Kaohsiung,1,1,"Wan Hai; Yang Ming",2,1,927,100,927,927,2,2,2,{2}
2012-06-24,PKKHI,Karachi,AEJEA,"Dubai, Jebel Ali",1,1,"UAFL-United Africa Feeder Line",1,2,3127.42857142857,252.571428571429,1684,1684,4,4,4,{4}
2012-06-24,PKKHI,Karachi,INMUN,Mundra,3,3,"COSCO; Evergreen Line; K Line; Maersk Line; OOCL; PIL; Simatech; Wan Hai; Yang Ming",9,16,13735.9666666667,1386.66666666667,3400,6000,1,1,1,"{1,1,1}"
2012-06-24,PKKHI,Karachi,INNSA,"Mumbai (Nhava Sheva)",5,5,"Alianca; ANL; APL; CMA CGM; Delmas; Hamburg Sud; Hanjin Shipping; Hapag-Lloyd; K Line; MOL; NYK; OOCL; UASC; Yang Ming",14,37,22369.9464285714,2333.8,3323,5905,2,2,3,"{2,2,2,2,3}"
2012-06-24,PKKHI,Karachi,INPAV,Pipavav,2,2,"Maersk Line; MOL; OOCL; Safmarine; Samudera",5,10,6715.90476190476,766.666666666667,2078,4338,1,1,1,"{1,1}"
2012-06-24,PKKHI,Karachi,LKCMB,Colombo,1,1,"CMA CGM; Maersk Line; MCC; Safmarine",4,7,6237.14285714286,500,5700,6712,4,4,4,{4}
2012-06-24,PKKHI,Karachi,MYPKG,"Port Klang",1,1,"Hanjin Shipping; KMTC; PanOcean",3,5,4319.6,501.2,4250,4498,7,7,7,{7}
2012-06-24,PKKHI,Karachi,SGSIN,Singapore,1,1,"CSCL; Emirates Shipping; Evergreen Line; Hyundai; MCC; MOL; NYK",7,6,5992.16666666667,478.333333333333,5551,6800,7,7,7,{7}
2012-06-24,PLGDN,Gdansk,DKAAR,Aarhus,1,1,"Maersk Line; MCC",2,12,14701.5,933.333333333333,13092,15550,2,2,2,{2}
2012-06-24,PRSJU,"San Juan PR",ESVLC,Valencia,1,1,"CCNI; CSAV; Libra-Montemar",3,6,3085,357.142857142857,1726,1728,8,8,8,{8}
2012-06-24,PRSJU,"San Juan PR",SXSXM,"St Maarten-Philipsburg",1,1,"CMA CGM",1,3,1296,390,1296,1296,1,1,1,{1}
2012-06-24,PRSJU,"San Juan PR",USHOU,"Houston TX",2,2,"Hapag-Lloyd; Horizon Lines",2,5,4986.5,384.5,1404,2456,4,5.5,7,"{7,4}"
2012-06-24,PRSJU,"San Juan PR",USJAX,"Jacksonville FL",2,2,"Horizon Lines",1,3,3398.5,274,1386,2361,3,3.5,4,"{4,3}"
2012-06-24,PRSJU,"San Juan PR",USNYC,"New York NY/NJ",1,1,"Horizon Lines",1,2,2012.5,184,1664,2361,3,3,3,{3}
2012-06-24,PRSJU,"San Juan PR",VISTT,"St Thomas VI",1,1,"Tropical Shipping",1,2,1080.5,216,1061,1100,1,1,1,{1}
2012-06-24,PTCNL,"Canical Madeira",ESSCT,Tenerife,1,1,OPDR,1,3,1396,240,698,698,1,1,1,{1}
2012-06-24,PTLEI,Leixoes,BEANR,Antwerp,1,1,MSC,1,3,1725,217.333333333333,1384,2061,4,4,4,{4}
2012-06-24,PTLEI,Leixoes,ESALG,Algeciras,1,1,"Maersk Line; Safmarine",2,2,2325,278,1000,1325,2,2,2,{2}
2012-06-24,PTLEI,Leixoes,ESCAD,Cadiz,1,1,"CMA CGM; Delmas",2,5,1979.2,340.571428571429,1709,1740,2,2,2,{2}
2012-06-24,PTLEI,Leixoes,ESCAS,Castellon,1,1,"Borchard Lines Ltd",1,4,866.5,194.25,862,868,3,3,3,{3}
2012-06-24,PTLEI,Leixoes,GBCDF,Cardiff,1,1,"Borchard Lines Ltd",1,4,866.5,194.25,862,868,3,3,3,{3}
2012-06-24,PTLEI,Leixoes,PTLIS,Lisbon,3,2,"Maersk Line; NileDutch; Safmarine",3,21,9752.37142857143,1316.45714285714,1169,2600,1,1,4,"{1,4,1}"
2012-06-24,PTLEI,Leixoes,PTSIE,Sines,2,2,"MSC; WEC Lines",2,5,2593,451.333333333333,868,2061,1,1.5,2,"{2,1}"
2012-06-24,PTLIS,Lisbon,BRSSZ,Santos,1,1,"Alianca; CMA CGM; CSAV; Delmas; Hamburg Sud; Hapag-Lloyd; Libra-Montemar; MSC",8,7,4003.71428571429,675.571428571429,3426,4250,11,11,11,{11}
2012-06-24,PTLIS,Lisbon,CAHAL,Halifax,1,1,"Melfi Marine",1,3,2935.71428571429,300,1334,1388,7,7,7,{7}
2012-06-24,PTLIS,Lisbon,CAMTR,Montreal,1,1,"Hanjin Shipping; Hapag-Lloyd",2,5,2600,169.2,2300,3017,9,9,9,{9}
2012-06-24,PTLIS,Lisbon,CGPNR,"Pointe Noire",1,1,NileDutch,1,5,3937.37142857143,641.457142857143,2452,2600,13,13,13,{13}
2012-06-24,PTLIS,Lisbon,ESALG,Algeciras,2,1,"Maersk Line; Safmarine",2,16,5815,675,1169,1740,2,3,4,"{4,2}"
2012-06-24,PTLIS,Lisbon,ESSCT,Tenerife,1,1,"Boluda Lines",1,2,1048.5,165,1036,1061,3,3,3,{3}
2012-06-24,PTLIS,Lisbon,PTLEI,Leixoes,2,2,"CMA CGM; Delmas; Maersk Line; Safmarine",4,7,4304.2,618.571428571429,1000,1740,1,1.5,2,"{1,2}"
2012-06-24,PTSIE,Sines,BRRIO,"Rio de Janeiro",1,1,"CMA CGM; CSAV; Hapag-Lloyd; Libra-Montemar; Maersk Line; MSC; Safmarine",7,7,5703.14285714286,544.714285714286,5550,5800,10,10,10,{10}
2012-06-24,PTSIE,Sines,CAMTR,Montreal,1,1,MSC,1,4,3002.25,270.25,2394,3808,8,8,8,{8}
2012-06-24,PTSIE,Sines,ESCAD,Cadiz,1,1,MSC,1,3,1725,217.333333333333,1384,2061,1,1,1,{1}
2012-06-24,PTSIE,Sines,ESLPA,"Las Palmas, Can Is",1,1,"WEC Lines",1,2,868,234,868,868,2,2,2,{2}
2012-06-24,PTSIE,Sines,ESVGO,Vigo,1,1,"WEC Lines",1,2,868,234,868,868,0,0,0,{0}
2012-06-24,PTSIE,Sines,FRLEH,"Le Havre",1,1,"CMA CGM; MSC",2,11,12926.1818181818,981.818181818182,12400,14000,3,3,3,{3}
2012-06-24,PTSIE,Sines,MAPTM,Tanger,1,1,"CMA CGM; Delmas",2,5,1880.8,243.8,1728,2080,1,1,1,{1}
2012-06-24,PTSIE,Sines,PTLEI,Leixoes,1,1,MSC,1,3,1725,217.333333333333,1384,2061,4,4,4,{4}
2012-06-24,PTSIE,Sines,TRAMB,"Istanbul (Ambarli)",1,1,"Hapag-Lloyd; MSC",2,4,3847.5,286,3200,4549,4,4,4,{4}
2012-06-24,PTSIE,Sines,USBOS,"Boston MA",1,1,MSC,1,6,3935.33333333333,370,4255,4992,7,7,7,{7}
2012-06-24,PTSIE,Sines,USPEF,"Port Everglades FL",1,1,MSC,1,7,4884.14285714286,398.428571428571,4545,5086,10,10,10,{10}
2012-06-24,REPDG,"Reunion Island",KEMBA,Mombasa,1,1,PIL,1,8,2072.28571428571,285.714285714286,1800,1890,2,2,2,{2}
2012-06-24,REPDG,"Reunion Island",MGTOA,Tamatave/Toamasina,1,1,"CMA CGM; Delmas; Maersk Line; Safmarine",4,7,2144.14285714286,312.857142857143,1740,2442,2,2,2,{2}
2012-06-24,REPDG,"Reunion Island",MUPLU,"Port Louis",3,3,"CMA CGM; Delmas; Maersk Line; MSC; Safmarine",5,24,9161.92307692308,1241.17948717949,1608,4469,1,1,2,"{2,1,1}"
2012-06-24,ROCND,Constanta,UAILK,Chornomorsk,2,2,"ANL; CMA CGM; COSCO; CSCL; Hanjin Shipping; K Line; Maersk Line; MCC; PIL; Safmarine; Wan Hai; Yang Ming; ZIM",13,19,12087.8636363636,1050,5500,6696,1,1,1,"{1,1}"
2012-06-24,ROCND,Constanta,UAODS,Odessa,1,1,"APL; Hapag-Lloyd; Hyundai; MOL; NYK; OOCL",6,9,5997.33333333333,496.444444444444,4960,6400,1,1,1,{1}
2012-06-24,RULED,"St Petersburg",DEBRV,Bremerhaven,1,1,"Maersk Line",1,8,2579.75,567.5,2556,2592,6,6,6,{6}
2012-06-24,RUNVS,Novorossiysk,TRGEM,"Istanbul (Gemlik)",1,1,"CSCL; ZIM",2,10,4175.3,388.1,3429,4308,3,3,3,{3}
2012-06-24,RUNVS,Novorossiysk,UAODS,Odessa,1,1,"Maersk Line; Safmarine",2,9,2968.22222222222,649.777777777778,2797,3100,2,2,2,{2}
2012-06-24,RUVVO,Vladivostok,CNTXG,Xingang/Tianjin,1,1,FESCO,1,2,1060,102,1060,1060,3,3,3,{3}
2012-06-24,RUVVO,Vladivostok,HKHKG,"Hong Kong",1,1,FESCO,1,2,3104,475,3100,3108,5,5,5,{5}
2012-06-24,RUVVO,Vladivostok,JPHKT,Hakata,1,1,MCC,1,5,1733,324.4,1713,1740,2,2,2,{2}
2012-06-24,RUVYP,Vostochniy,CNNGB,Ningbo,2,2,"CSCL; Hapag-Lloyd; Maersk Line; MCC; NYK; OOCL; Safmarine; ZIM",8,26,13867.55,1210,4800,9700,3,4,5,"{3,5}"
2012-06-24,RUVYP,Vostochniy,CNTAO,Qingdao,1,1,"Maersk Line; MCC",2,12,4171.33333333333,305.333333333333,4226,6214,4,4,4,{4}
2012-06-24,RUVYP,Vostochniy,CNXMN,Xiamen,2,2,"ANL; CMA CGM; CSCL; Delmas; Maersk Line; MCC; UASC; USL-US Lines",8,20,12819.6161616162,1006.08080808081,3388,8950,6,11,16,"{6,16}"
2012-06-24,RUVYP,Vostochniy,KRPUS,Busan,2,2,"CMA CGM; Delmas; Gold Star Line; MCC",4,7,2655.3,441.3,877,1728,1,1.5,2,"{1,2}"
2012-06-24,RUVYP,Vostochniy,RUVVO,Vladivostok,2,2,FESCO,1,4,4164,577,1060,3108,1,1.5,2,"{1,2}"
2012-06-24,SADMM,Dammam,BHBAH,Bahrain,1,1,"APL; Hyundai; MOL",3,7,6802.85714285714,458.571428571429,6000,8110,0,0,0,{0}
2012-06-24,SADMM,Dammam,MYPKG,"Port Klang",2,2,"CMA CGM; COSCO; CSAV Norasia; Emirates Shipping; Hanjin Shipping; Hapag-Lloyd; Maersk Line; NYK; OOCL",9,17,14896.803030303,1246.39393939394,6200,8600,8,10,12,"{12,8}"
2012-06-24,SAJED,Jeddah,AEJEA,"Dubai, Jebel Ali",3,3,"Alianca; Hamburg Sud; Hapag-Lloyd; Maersk Line; Safmarine",5,20,15989.619047619,1728.47619047619,3426,6802,6,6,7,"{6,6,7}"
2012-06-24,SAJED,Jeddah,AEKLF,"Khor Fakkan",2,2,"CSCL; Hanjin Shipping; K Line; UASC; Yang Ming",5,20,11362.1,926,3802,8530,6,6,6,"{6,6}"
2012-06-24,SAJED,Jeddah,EGDAM,Damietta,1,1,"APL; Hapag-Lloyd; Hyundai; MOL; NYK; OOCL",6,9,6584.88888888889,510.333333333333,6200,6750,2,2,2,{2}
2012-06-24,SAJED,Jeddah,EGPSD,"Port Said",2,2,"CMA CGM; Hanjin Shipping; K Line; Maersk Line; MCC; Safmarine; UASC; Yang Ming",8,18,10401,813.3,3802,8500,1,1.5,2,"{2,1}"
2012-06-24,SAJED,Jeddah,EGSOK,Sokhna,4,4,"APL; CMA CGM; COSCO; CSCL; Evergreen Line; Hanjin Shipping; MSC; UASC; Yang Ming",9,23,17251.9761904762,1425.95238095238,2023,5888,1,1,3,"{1,1,1,3}"
2012-06-24,SAJED,Jeddah,ESALG,Algeciras,1,1,"Maersk Line; Safmarine",2,7,6746.71428571429,709.142857142857,6673,6802,7,7,7,{7}
2012-06-24,SAJED,Jeddah,FRLEH,"Le Havre",1,1,"ANL; CMA CGM; CSCL; Evergreen Line; UASC; Yang Ming",6,10,13589.8,1000,12562,14074,10,10,10,{10}
2012-06-24,SAJED,Jeddah,ITCAG,Cagliari,1,1,"Alianca; Hamburg Sud; Hapag-Lloyd",3,7,5668.57142857143,766,5527,5905,5,5,5,{5}
2012-06-24,SAJED,Jeddah,ITGIT,"Gioia Tauro",1,1,"CSAV; MSC",2,7,6642,566,6402,6750,4,4,4,{4}
2012-06-24,SAJED,Jeddah,ITGOA,Genoa,1,1,"Maersk Line; Safmarine; UASC",3,11,4366.18181818182,922.636363636364,4132,4500,5,5,5,{5}
2012-06-24,SAJED,Jeddah,JOAQJ,Aqaba,1,1,"Maersk Line; Safmarine",2,10,4657.4,441.4,4154,5100,2,2,2,{2}
2012-06-24,SAJED,Jeddah,LBBEY,Beirut,1,1,"CSAV Norasia; MSC",2,11,13362,1072.72727272727,10640,14000,3,3,3,{3}
2012-06-24,SAJED,Jeddah,LKCMB,Colombo,2,2,"Hapag-Lloyd; MSC; NYK; OOCL",4,23,14354.7076923077,1167.78461538462,4960,9200,7,7.5,8,"{8,7}"
2012-06-24,SAJED,Jeddah,MTMAR,"Malta (Marsaxlokk)",1,1,"ANL; CMA CGM; Delmas; OOCL",4,8,5719.25,516,5700,5770,6,6,6,{6}
2012-06-24,SAJED,Jeddah,MYPKG,"Port Klang",3,3,"ANL; CMA CGM; CSCL; Delmas; Evergreen Line; Maersk Line; MCC; MSC; Safmarine; UASC; Yang Ming",11,30,31317.8303030303,2309.30303030303,6214,14074,10,11,12,"{11,12,10}"
2012-06-24,SAJED,Jeddah,NLRTM,Rotterdam,1,1,"APL; Hapag-Lloyd; Hyundai; MOL; NYK; OOCL",6,11,8624.36363636364,722.727272727273,8100,9100,10,10,10,{10}
2012-06-24,SAJED,Jeddah,OMSLL,Salalah,5,5,"APL; CSAV; CSAV Norasia; Maersk Line; MSC; Safmarine; UASC",7,45,41377.4318181818,3811.36363636364,3500,14000,2,4,5,"{4,2,4,3,5}"
2012-06-24,SAJED,Jeddah,PKKHI,Karachi,1,1,"ANL; APL; CMA CGM; Hapag-Lloyd; NYK; OOCL",6,8,3607.875,301,3808,4367,5,5,5,{5}
2012-06-24,SAJED,Jeddah,SDPZU,"Port Sudan",2,2,"Evergreen Line; Maersk Line; Safmarine",3,6,3898.8,514,1618,2472,1,2.5,4,"{1,4}"
2012-06-24,SAJED,Jeddah,SGSIN,Singapore,3,3,"APL; COSCO; Evergreen Line; Hapag-Lloyd; Hyundai; MOL; NYK; OOCL",8,27,20226.6940836941,1691.58008658009,5090,9100,10,10,11,"{10,11,10}"
2012-06-24,SBHIR,Honiara,CNNGB,Ningbo,1,1,NewPac,1,2,5965.71428571429,1028.57142857143,1740,1740,9,9,9,{9}
2012-06-24,SCPOV,"Seychelles Is., Port Victoria",INMUN,Mundra,1,1,"CMA CGM; Delmas",2,5,1620,200,1608,1638,7,7,7,{7}
2012-06-24,SCPOV,"Seychelles Is., Port Victoria",KEMBA,Mombasa,1,1,"CMA CGM; Delmas; Emirates Shipping",3,6,2609,487.833333333333,2474,2758,12,12,12,{12}
2012-06-24,SDPZU,"Port Sudan",MYTPP,"Tanjung Pelepas",1,1,"Maersk Line; Safmarine",2,5,2280.8,344,2226,2472,11,11,11,{11}
2012-06-24,SDPZU,"Port Sudan",OMSLL,Salalah,1,1,MSC,1,3,2681.33333333333,116.666666666667,2023,3016,5,5,5,{5}
2012-06-24,SDPZU,"Port Sudan",SAJED,Jeddah,1,1,"Evergreen Line",1,1,1618,170,1618,1618,2,2,2,{2}
2012-06-24,SEGOT,Gothenburg,DEBRV,Bremerhaven,1,1,"Maersk Line; MCC",2,12,14701.5,933.333333333333,13092,15550,2,2,2,{2}
2012-06-24,SEGOT,Gothenburg,NLRTM,Rotterdam,1,1,"APL; Hapag-Lloyd; Hyundai; MOL; NYK; OOCL",6,11,8276.09090909091,691.818181818182,8063,9100,2,2,2,{2}
2012-06-24,SEHEL,Helsingborg,DEBRV,Bremerhaven,1,1,"Maersk Line; Seago Line",2,3,866,234,862,868,2,2,2,{2}
2012-06-24,SGSIN,Singapore,AEJEA,"Dubai, Jebel Ali",5,5,"APL; CMA CGM; COSCO; CSAV Norasia; Emirates Shipping; Hamburg Sud; Hanjin Shipping; Hapag-Lloyd; Hyundai; KMTC; Maersk Line; MOL; NYK; OOCL; UASC",15,40,33818.8601731602,2765.56536796537,4250,8600,7,8,9,"{8,9,9,8,7}"
2012-06-24,SGSIN,Singapore,AUBNE,Brisbane,4,4,"Alianca; COSCO; Hamburg Sud; Hanjin Shipping; Hapag-Lloyd; K Line; Maersk Line; MOL; NYK; OOCL; PIL; RCL; Yang Ming",13,22,12802.8333333333,1903.34444444444,2378,4578,8,8.5,9,"{9,9,8,8}"
2012-06-24,SGSIN,Singapore,AUFRE,Fremantle,3,3,"Alianca; ANL; APL; COSCO; Evergreen Line; Hamburg Sud; Hapag-Lloyd; K Line; Maersk Line; MCC; MOL; MSC; OOCL; PIL; Safmarine",15,17,10728.0909090909,1240.18181818182,1708,5087,6,6,6,"{6,6,6}"
2012-06-24,SGSIN,Singapore,AUSYD,Sydney,1,1,"CSCL; Hapag-Lloyd; Hyundai; UASC",4,4,2832.5,350,1742,4300,11,11,11,{11}
2012-06-24,SGSIN,Singapore,BDCGP,Chittagong,4,4,"Advance Container Lines; APL; Hanjin Shipping; Hapag-Lloyd; MCC; NYK; OEL-Orient Express Lines; OOCL; PIL; X-Press",10,7,8498.5,696.571428571429,1080,2300,4,4.5,6,"{5,6,4,4}"
2012-06-24,SGSIN,Singapore,BRITJ,Itajai,1,1,"Alianca; Hamburg Sud; Maersk Line; MCC; MOL; Safmarine",6,12,7787.58333333333,1425,7090,8500,20,20,20,{20}
2012-06-24,SGSIN,Singapore,BRRIO,"Rio de Janeiro",2,2,"CCNI; Hanjin Shipping; Hapag-Lloyd; Hyundai; K Line; NYK; PIL; ZIM",8,23,8772.83333333333,779.636363636364,4250,4651,21,21.5,22,"{22,21}"
2012-06-24,SGSIN,Singapore,BRSSZ,Santos,1,1,"COSCO; Evergreen Line",2,10,3466.6,414.1,3400,3534,21,21,21,{21}
2012-06-24,SGSIN,Singapore,CNCWN,Chiwan,1,1,MSC,1,13,8652.30769230769,665.384615384615,8034,9200,5,5,5,{5}
2012-06-24,SGSIN,Singapore,CNDCB,"Da Chan Bay",1,1,"Hapag-Lloyd; MOL; OOCL; RCL; Wan Hai",5,3,5091.33333333333,330,5087,5100,3,3,3,{3}
2012-06-24,SGSIN,Singapore,CNDLC,Dalian,2,2,"ANL; CMA CGM; CSCL; Delmas; Evergreen Line; Maersk Line; MCC; MSC; Safmarine; UASC",10,22,17673.7272727273,1263.63636363636,6200,11388,7,8,9,"{7,9}"
2012-06-24,SGSIN,Singapore,CNFQG,Fuqing,1,1,"CSAV; Hapag-Lloyd; MSC; Stinnes",4,15,7226.06666666667,526,5527,9200,5,5,5,{5}
2012-06-24,SGSIN,Singapore,CNNGB,Ningbo,2,2,"APL; Hapag-Lloyd; Hyundai; MOL; NYK; OOCL",6,16,12800.1904761905,955.015873015873,4960,8110,5,5.5,6,"{6,5}"
2012-06-24,SGSIN,Singapore,CNNSA,Nansha,1,1,"CMA CGM; Maersk Line; MCC; Safmarine",4,8,6454.25,507.5,6456,8488,4,4,4,{4}
2012-06-24,SGSIN,Singapore,CNSHA,Shanghai,8,8,"Alianca; ANL; CMA CGM; COSCO; CSAV; CSCL; Delmas; Evergreen Line; Hamburg Sud; Hanjin Shipping; Hapag-Lloyd; Heung-A; K Line; Libra-Montemar; Maersk Line; MCC; NileDutch; NYK; PanOcean; PIL; Safmarine; SCI-Shipping Corp. of India; TS Lines; UASC; Wan Hai; X-Press; Yang Ming",27,62,30076.9952380952,3108.24199134199,2478,6696,5,6.5,8,"{8,8,7,5,5,7,5,6}"
2012-06-24,SGSIN,Singapore,CNSHK,Shekou,4,4,"APL; Hapag-Lloyd; Hyundai; MELL; MOL; NYK; OOCL",7,29,26070.6742424242,2233.09090909091,4250,9300,3,3.5,4,"{4,3,4,3}"
2012-06-24,SGSIN,Singapore,CNTAO,Qingdao,1,1,"ANL; CMA CGM; Delmas; Maersk Line; MCC; Safmarine",6,11,10453,427.272727272727,9415,13092,7,7,7,{7}
2012-06-24,SGSIN,Singapore,CNTXG,Xingang/Tianjin,2,2,"CMA CGM; Emirates Shipping; Hapag-Lloyd; KMTC; Maersk Line; MCC; NYK; RCL; Safmarine",9,13,9071.14285714286,914.833333333333,2577,6712,9,9,9,"{9,9}"
2012-06-24,SGSIN,Singapore,CNXMN,Xiamen,2,2,"ANL; APL; CMA CGM; Delmas; Maersk Line; MCC; Safmarine",7,15,13444.3888888889,1073,4113,9658,4,5,6,"{4,6}"
2012-06-24,SGSIN,Singapore,CNYTN,Yantian,11,11,"APL; CMA CGM; COSCO; Evergreen Line; Hamburg Sud; Hanjin Shipping; Hapag-Lloyd; Hyundai; IAL-Interasia Lines; K Line; Maersk Line; MCC; MOL; MSC; NYK; OOCL; PIL; Wan Hai; Yang Ming",19,101,91507.7606060606,6973.06103896104,1510,15550,3,4,6,"{6,4,4,4,4,5,5,3,4,3,4}"
2012-06-24,SGSIN,Singapore,EGPSD,"Port Said",4,4,"APL; COSCO; Evergreen Line; Hanjin Shipping; Hapag-Lloyd; Hyundai; K Line; MOL; NYK; OOCL; Yang Ming",11,41,25323.3512820513,1968.38461538462,4708,8236,11,12,13,"{13,11,11,13}"
2012-06-24,SGSIN,Singapore,ESALG,Algeciras,1,1,"COSCO; Hanjin Shipping; K Line; UASC; Yang Ming",5,11,10483.2727272727,772.727272727273,9000,13102,16,16,16,{16}
2012-06-24,SGSIN,Singapore,ESVLC,Valencia,1,1,MSC,1,13,4044.92307692308,457.846153846154,3500,4469,31,31,31,{31}
2012-06-24,SGSIN,Singapore,FRLEH,"Le Havre",1,1,"APL; Hapag-Lloyd; Hyundai; MOL; NYK; OOCL",6,10,10537.3,724,8063,13100,21,21,21,{21}
2012-06-24,SGSIN,Singapore,GRPIR,Piraeus,1,1,"COSCO; CSCL; Evergreen Line; Hanjin Shipping; K Line; Yang Ming",6,9,8721.44444444445,700,8200,9449,14,14,14,{14}
2012-06-24,SGSIN,Singapore,HKHKG,"Hong Kong",26,26,"Alianca; APL; CCNI; CMA CGM; CNC Line-Cheng Lie Navigation Co. Ltd.; COSCO; CSCL; Emirates Shipping; Evergreen Line; Hamburg Sud; Hanjin Shipping; Hapag-Lloyd; Hyundai; K Line; KMTC; Maersk Line; MCC; MOL; MSC; NYK; OOCL; PanOcean; PIL; RCL; Safmarine; Samudera; TS Lines; UASC; Wan Hai; X-Press; Yang Ming; ZIM",32,192,146131.891996892,14322.2980574981,2200,14000,3,4,5,"{4,4,3,3,4,4,5,4,4,4,3,5,4,4,4,4,3,3,4,5,4,5,3,4,3,4}"
2012-06-24,SGSIN,Singapore,IDJKT,"Jakarta, Java",7,7,"ANL; CMA CGM; Hanjin Shipping; Heung-A; K Line; KMTC; MOL; MSC; NYK; OOCL; PanOcean; Swire Shipping",12,25,23752.25,2849.52380952381,957,4583,1,2,4,"{2,1,2,4,1,2,2}"
2012-06-24,SGSIN,Singapore,INCCU,Kolkata,2,2,"Advance Container Lines; Gold Star Line; Hanjin Shipping; OEL-Orient Express Lines; PIL",5,4,1842.28571428571,170.285714285714,608,1028,3,3.5,4,"{4,3}"
2012-06-24,SGSIN,Singapore,INMAA,Chennai/Madras,2,2,"BTL-Bengal Tiger Line; Hanjin Shipping; Hapag-Lloyd; K Line; NYK; OOCL; PIL; SCI-Shipping Corp. of India; Wan Hai",9,7,4427.2,508.8,1510,3075,3,4,5,"{5,3}"
2012-06-24,SGSIN,Singapore,INNSA,"Mumbai (Nhava Sheva)",4,4,"APL; Hanjin Shipping; Hyundai; KMTC; MOL; OOCL; PanOcean; Samudera",8,19,13830.85,1513.2,2200,4498,5,6,7,"{6,6,7,5}"
2012-06-24,SGSIN,Singapore,ITGIT,"Gioia Tauro",1,1,MSC,1,12,13426,1000,12562,14000,11,11,11,{11}
2012-06-24,SGSIN,Singapore,KRKAN,Gwangyang,2,2,"APL; Hanjin Shipping; Hapag-Lloyd; Hyundai; KMTC; MOL; NYK; OOCL; PanOcean",9,15,12661.9,1107.2,4250,8600,5,6,7,"{5,7}"
2012-06-24,SGSIN,Singapore,KRPUS,Busan,5,5,"BTL-Bengal Tiger Line; CSAV Norasia; Hanjin Shipping; Hyundai; KMTC; Maersk Line; MCC; MSC; Safmarine; TS Lines; UASC",11,37,31898.3636363636,2622.85454545455,2200,14000,6,7,10,"{7,6,6,10,7}"
2012-06-24,SGSIN,Singapore,LKCMB,Colombo,6,6,"APL; CMA CGM; Delmas; Emirates Shipping; Hanjin Shipping; Hapag-Lloyd; Hyundai; MOL; NYK; OOCL",10,48,28051.1222222222,2776.61717171717,1675,9300,3,4,6,"{3,4,4,6,6,4}"
2012-06-24,SGSIN,Singapore,MAPTM,Tanger,1,1,"APL; Hapag-Lloyd; Hyundai; MOL; NYK; OOCL",6,11,8276.09090909091,691.818181818182,8063,9100,18,18,18,{18}
2012-06-24,SGSIN,Singapore,MUPLU,"Port Louis",2,2,"CSAV; Evergreen Line; Hapag-Lloyd; MOL; MSC; Stinnes",6,20,9212.86666666667,844.8,2442,9200,8,8,8,"{8,8}"
2012-06-24,SGSIN,Singapore,MYPKG,"Port Klang",37,36,"Alianca; ANL; APL; BTL-Bengal Tiger Line; CMA CGM; CNC Line-Cheng Lie Navigation Co. Ltd.; COSCO; CSCL; Delmas; Emirates Shipping; Evergreen Line; Gold Star Line; Hamburg Sud; Hanjin Shipping; Hapag-Lloyd; Hyundai; IAL-Interasia Lines; K Line; KMTC; MCC; MOL; MSC; NileDutch; NYK; OEL-Orient Express Lines; OOCL; PanOcean; PIL; RCL; Safmarine; Samudera; SCI-Shipping Corp. of India; Swire Shipping; TS Lines; UASC; Wan Hai; X-Press; Yang Ming; ZIM",39,205,159373.501243201,16167.8092074592,1050,14000,0,1,2,"{0,1,1,0,2,1,1,2,1,1,2,1,2,1,0,1,2,1,1,2,1,1,0,0,0,2,2,1,1,1,1,1,1,1,1,1,0}"
2012-06-24,SGSIN,Singapore,MYTPP,"Tanjung Pelepas",8,7,"COSCO; Evergreen Line; Hanjin Shipping; Heung-A; K Line; Maersk Line; MCC; MOL; NYK; OOCL; PanOcean; Safmarine; SCI-Shipping Corp. of India; Simatech; X-Press",15,43,20864.2392857143,2641.0869047619,1210,4363,0,1,5,"{1,0,1,0,5,2,1,1}"
2012-06-24,SGSIN,Singapore,NLRTM,Rotterdam,4,4,"APL; COSCO; Evergreen Line; Hanjin Shipping; Hapag-Lloyd; Hyundai; K Line; MOL; NYK; OOCL; UASC; Yang Ming",12,39,34643.1111111111,2466.55555555556,3017,13092,19,20,20,"{20,19,20,20}"
2012-06-24,SGSIN,Singapore,NZTRG,Tauranga,1,1,"Alianca; Hamburg Sud; Hapag-Lloyd; Maersk Line",4,9,2830.33333333333,612.444444444444,2797,2872,12,12,12,{12}
2012-06-24,SGSIN,Singapore,OMSLL,Salalah,2,2,"APL; Hapag-Lloyd; Hyundai; MOL; MSC; NYK; OOCL",7,23,17232.3076923077,1380.38461538462,8034,9200,7,7,7,"{7,7}"
2012-06-24,SGSIN,Singapore,PGLAE,Lae,1,1,"ANL; CMA CGM",2,1,4101.42857142857,1080,957,957,12,12,12,{12}
2012-06-24,SGSIN,Singapore,PHBTG,Batangas,1,1,MCC,1,3,1496,276,1496,1496,5,5,5,{5}
2012-06-24,SGSIN,Singapore,PHDVO,Davao,1,1,PIL,1,8,2072.28571428571,285.714285714286,1800,1890,4,4,4,{4}
2012-06-24,SGSIN,Singapore,PHMNL,Manila,2,2,"Evergreen Line; K Line; NYK",3,8,4923,694.5,2078,2858,4,4,4,"{4,4}"
2012-06-24,SGSIN,Singapore,PKKHI,Karachi,2,2,"COSCO; MOL; OOCL; Samudera; Yang Ming",5,8,6653.33333333333,766.666666666667,2078,4583,7,7,7,"{7,7}"
2012-06-24,SGSIN,Singapore,REPDG,"Reunion Island",1,1,PIL,1,8,2072.28571428571,285.714285714286,1800,1890,8,8,8,{8}
2012-06-24,SGSIN,Singapore,SAJED,Jeddah,4,4,"APL; COSCO; CSAV Norasia; CSCL; Evergreen Line; Hanjin Shipping; Hapag-Lloyd; Hyundai; MOL; MSC; NYK; OOCL; UASC; Yang Ming",14,36,31965.5064935065,2731.74025974026,4024,14000,10,10,11,"{10,10,11,10}"
2012-06-24,SGSIN,Singapore,THLCH,"Laem Chabang",8,8,"APL; COSCO; CSAV Norasia; Evergreen Line; Hanjin Shipping; Hapag-Lloyd; Hyundai; K Line; Maersk Line; MOL; NYK; OOCL; PanOcean; PIL; RCL; Samudera; Simatech; TS Lines; X-Press; ZIM",20,42,28840.1149350649,3022.39393939394,1050,8440,2,3.5,4,"{4,4,2,4,4,2,3,3}"
2012-06-24,SGSIN,Singapore,TWKHH,Kaohsiung,5,5,"COSCO; Evergreen Line; Hapag-Lloyd; KMTC; MCC; Sinotrans; Wan Hai; X-Press; Yang Ming",9,26,16214.325,1592.55833333333,1585,5548,4,4,5,"{5,4,4,4,5}"
2012-06-24,SGSIN,Singapore,USNYC,"New York NY/NJ",1,1,"COSCO; Hanjin Shipping; K Line; MOL; Yang Ming",5,9,5780,508.888888888889,5447,6589,21,21,21,{21}
2012-06-24,SGSIN,Singapore,VNDAD,"Da Nang",1,1,MCC,1,3,1496,276,1496,1496,3,3,3,{3}
2012-06-24,SGSIN,Singapore,VNSGN,"Ho Chi Minh (VICT/Cat Lai)",1,1,MSC,1,3,1938,298.333333333333,1858,2098,3,3,3,{3}
2012-06-24,SGSIN,Singapore,VNTCT,"Cai Mep",5,5,"APL; COSCO; Evergreen Line; Hanjin Shipping; Hapag-Lloyd; Hyundai; K Line; MOL; NYK; OOCL; Yang Ming",11,46,25648.8346153846,2220.6735042735,2824,6589,2,2,4,"{2,4,3,2,2}"
2012-06-24,SGSIN,Singapore,ZADUR,Durban,2,2,"Alianca; ANL; CMA CGM; CSAV; CSCL; Hamburg Sud; Libra-Montemar; Maersk Line; NileDutch; Safmarine",10,18,9207.68089053803,1222.05380333952,2478,4600,11,12.5,14,"{11,14}"
2012-06-24,SGSIN,Singapore,ZAZBA,"Ngqura (Coega)",1,1,"Alianca; Hamburg Sud; MOL",3,13,5264.53846153846,541.538461538462,4250,5605,11,11,11,{11}
2012-06-24,SIKOP,Koper,HRRJK,Rijeka,2,2,"CMA CGM; Delmas; Evergreen Line; Hanjin Shipping; Maersk Line; MCC; MOL; Safmarine; Yang Ming",9,23,12044.8095238095,1107.66666666667,5364,6696,0,0.5,1,"{1,0}"
2012-06-24,SLFNA,Freetown,LRMLW,Monrovia,2,2,"CMA CGM; Delmas; Maersk Line; Safmarine",4,8,3198.75,398.75,1452,1901,1,1.5,2,"{2,1}"
2012-06-24,SNDKR,Dakar,CIABJ,Abidjan,1,1,"CMA CGM; Delmas",2,5,2544,424,2466,2674,4,4,4,{4}
2012-06-24,SNDKR,Dakar,CISPY,"San Pedro, Ivory Coast",1,1,MSC,1,6,2851.83333333333,188.333333333333,2480,3424,1,1,1,{1}
2012-06-24,SNDKR,Dakar,ESALG,Algeciras,3,3,"CMA CGM; Delmas; Maersk Line; Safmarine",4,21,5450.00595238095,992.375,1061,2520,4,5,5,"{5,5,4}"
2012-06-24,SNDKR,Dakar,ESLPA,"Las Palmas, Can Is",1,1,MSC,1,5,3427,275.6,3139,3900,3,3,3,{3}
2012-06-24,SNDKR,Dakar,GHTEM,Tema,2,2,"Hapag-Lloyd; MOL; MSC; ZIM",4,11,5558.16666666667,561.1,2061,3900,4,4.5,5,"{4,5}"
2012-06-24,SNDKR,Dakar,GMBJL,Banjul,1,1,"CMA CGM; Delmas",2,4,1594.25,215.75,1452,1901,0,0,0,{0}
2012-06-24,SNDKR,Dakar,GNCKY,Conakry,1,1,"Maersk Line; Safmarine",2,4,2491,389,2442,2546,3,3,3,{3}
2012-06-24,SNDKR,Dakar,MAPTM,Tanger,1,1,"CMA CGM; Delmas",2,5,2544,424,2466,2674,5,5,5,{5}
2012-06-24,SRPBM,Paramaribo,GYGEO,"Georgetown, Guyana",1,1,"Seaboard Marine",1,3,657,116,657,657,1,1,1,{1}
2012-06-24,SRPBM,Paramaribo,JMKIN,Kingston,1,1,"SeaFreight Line; ZIM",2,5,1106.4,212,1096,1118,4,4,4,{4}
2012-06-24,SVAQJ,Acajutla,CRCAL,"Puerto Caldera",1,1,"Hapag-Lloyd; NYK",2,3,2528,400,2442,2664,1,1,1,{1}
2012-06-24,SVAQJ,Acajutla,GTPRQ,"Puerto Quetzal",2,2,"Alianca; APL; Evergreen Line; Hamburg Sud; Maersk Line",5,6,3825,698.2,1304,2556,1,1,1,"{1,1}"
2012-06-24,SVAQJ,Acajutla,NICIO,Corinto,2,2,"CMA CGM; CSAV; Evergreen Line; Maersk Line",4,7,4266,595.2,1684,2556,0,1,2,"{2,0}"
2012-06-24,SVLUN,"La Union",CRCAL,"Puerto Caldera",1,1,"Alianca; APL; Hamburg Sud; MOL",4,3,1275.33333333333,417.333333333333,1180,1350,2,2,2,{2}
2012-06-24,SXSXM,"St Maarten-Philipsburg",KNBAS,"Basseterre, St Kitts",1,1,"Seaboard Marine",1,3,657,116,657,657,1,1,1,{1}
2012-06-24,SXSXM,"St Maarten-Philipsburg",LCVIF,"Vieux Fort",1,1,"CMA CGM",1,3,1296,390,1296,1296,1,1,1,{1}
2012-06-24,SXSXM,"St Maarten-Philipsburg",TTPOS,"Port of Spain",1,1,"CMA CGM; Delmas; Marfret",3,6,1678,240,1678,1678,1,1,1,{1}
2012-06-24,SYLTK,Lattakia,EGALY,Alexandria,1,1,MSC,1,5,3594.2,452,1074,4549,1,1,1,{1}
2012-06-24,SYLTK,Lattakia,TRMER,Mersin,1,1,"Alianca; Hamburg Sud; Hapag-Lloyd; Seago Line",4,5,4257.6,568,4255,4268,0,0,0,{0}
2012-06-24,TGLFW,Lome,BJCOO,Cotonou,1,1,"CSCL; Hapag-Lloyd; K Line; NileDutch; NYK",5,11,1900.72727272727,309.090909090909,2478,2986,2,2,2,{2}
2012-06-24,TGLFW,Lome,CIABJ,Abidjan,1,1,"CMA CGM; Delmas",2,13,3006.38461538461,446.384615384615,2810,3650,1,1,1,{1}
2012-06-24,TGLFW,Lome,CMDLA,Douala,1,1,"CMA CGM; Delmas",2,10,1620.8,246.6,1638,2496,0,0,0,{0}
2012-06-24,TGLFW,Lome,NGAPP,Apapa,1,1,"CMA CGM; Delmas",2,6,2241.16666666667,422,2078,2520,1,1,1,{1}
2012-06-24,TGLFW,Lome,NGONN,Onne,1,1,"Maersk Line; Safmarine",2,5,2010,351.4,2474,2546,2,2,2,{2}
2012-06-24,TGLFW,Lome,NGTIN,"Lagos, Tin Can",1,1,MSC,1,5,2459.4,201.8,2415,2480,1,1,1,{1}
2012-06-24,THBKK,"Bangkok (Old Port)",HKHKG,"Hong Kong",1,1,"Hyundai; KMTC; Sinokor",3,3,1560.66666666667,216.666666666667,1512,1585,4,4,4,{4}
2012-06-24,THBKK,"Bangkok (Old Port)",JPOSA,Osaka,1,1,"IAL-Interasia Lines; MOL; Wan Hai",3,3,1047.33333333333,68,1032,1060,8,8,8,{8}
2012-06-24,THBKK,"Bangkok (Old Port)",THLCH,"Laem Chabang",15,15,"Alianca; CK Line; CNC Line-Cheng Lie Navigation Co. Ltd.; Evergreen Line; Gold Star Line; Hamburg Sud; Hanjin Shipping; Heung-A; Hyundai; IAL-Interasia Lines; KMTC; MELL; MOL; Namsung; NYK; PanOcean; RCL; Sinokor; SITC Shipping; TS Lines; Wan Hai; Yang Ming",22,48,19857.3333333333,2054,1005,1800,0,1,1,"{1,1,1,0,1,1,0,1,1,1,1,0,1,1,1}"
2012-06-24,THBKK,"Bangkok (Old Port)",VNSGN,"Ho Chi Minh (VICT/Cat Lai)",2,2,"CNC Line-Cheng Lie Navigation Co. Ltd.; MELL; OOCL; RCL; Yang Ming",5,7,2649.91666666667,395.416666666667,1228,1805,3,3,3,"{3,3}"
2012-06-24,THLCH,"Laem Chabang",CNNSA,Nansha,1,1,"CSCL; MCC; ZIM",3,4,2793.75,350.5,2702,3029,4,4,4,{4}
2012-06-24,THLCH,"Laem Chabang",CNSHK,Shekou,2,2,"Hapag-Lloyd; NYK; OOCL; PIL; ZIM",5,10,10623.0952380952,1118.66666666667,2700,8440,3,3.5,4,"{4,3}"
2012-06-24,THLCH,"Laem Chabang",CNYTN,Yantian,1,1,"CSAV Norasia; Hanjin Shipping; Hapag-Lloyd; Maersk Line; NYK; OOCL",6,11,6499.63636363636,544.727272727273,6200,6655,4,4,4,{4}
2012-06-24,THLCH,"Laem Chabang",HKHKG,"Hong Kong",12,12,"Alianca; CK Line; CNC Line-Cheng Lie Navigation Co. Ltd.; Evergreen Line; Hamburg Sud; Hanjin Shipping; Heung-A; Hyundai; IAL-Interasia Lines; KMTC; MCC; MELL; MOL; Namsung; OOCL; PanOcean; TS Lines; Wan Hai; Yang Ming",19,42,21858.6666666667,2408,1005,5652,3,4,5,"{5,3,4,3,4,4,4,4,4,5,4,4}"
2012-06-24,THLCH,"Laem Chabang",IDJKT,"Jakarta, Java",1,1,"Gold Star Line; KMTC; MCC; Sinokor",4,4,1629.5,174.75,1512,1795,2,2,2,{2}
2012-06-24,THLCH,"Laem Chabang",MYPKG,"Port Klang",1,1,"Gold Star Line",1,4,1295,71,1169,1367,3,3,3,{3}
2012-06-24,THLCH,"Laem Chabang",MYTPP,"Tanjung Pelepas",1,1,MCC,1,3,1496,276,1496,1496,4,4,4,{4}
2012-06-24,THLCH,"Laem Chabang",PHMNL,Manila,4,4,"APL; CMA CGM; CNC Line-Cheng Lie Navigation Co. Ltd.; Delmas; Evergreen Line; Hanjin Shipping; Heung-A; Hyundai; IAL-Interasia Lines; K Line; MOL; NYK; RCL; SITC Shipping; Wan Hai",15,12,7559.33333333333,1180.83333333333,1005,2878,3,4,4,"{4,4,3,4}"
2012-06-24,THLCH,"Laem Chabang",SGSIN,Singapore,7,7,"APL; COSCO; Evergreen Line; Hapag-Lloyd; Hyundai; K Line; Maersk Line; MOL; NYK; OOCL; PanOcean; RCL; Samudera; Simatech; TS Lines; X-Press",16,34,20147.45,2280.06666666667,1050,5888,2,3,3,"{3,3,3,3,3,2,3}"
2012-06-24,THLCH,"Laem Chabang",THBKK,"Bangkok (Old Port)",12,12,"CK Line; CNC Line-Cheng Lie Navigation Co. Ltd.; Evergreen Line; Hanjin Shipping; Heung-A; Hyundai; IAL-Interasia Lines; KMTC; MELL; MOL; NYK; OOCL; PanOcean; RCL; Sinokor; TS Lines; Wan Hai; Yang Ming",18,39,16373.9166666667,1936.91666666667,1032,1805,0,1,1,"{0,1,1,1,0,1,1,1,1,0,1,0}"
2012-06-24,THLCH,"Laem Chabang",TWKEL,Keelung,1,1,"Hyundai; NYK",2,6,2578,373.333333333333,1675,2900,4,4,4,{4}
2012-06-24,THLCH,"Laem Chabang",TWKHH,Kaohsiung,1,1,"CNC Line-Cheng Lie Navigation Co. Ltd.; Evergreen Line",2,2,2882.5,325,2778,2987,5,5,5,{5}
2012-06-24,THLCH,"Laem Chabang",VNHPH,Haiphong,1,1,"NYK; RCL",2,3,1064.33333333333,90,1018,1157,5,5,5,{5}
2012-06-24,THLCH,"Laem Chabang",VNSGN,"Ho Chi Minh (VICT/Cat Lai)",5,5,"Evergreen Line; Gold Star Line; Hanjin Shipping; Hyundai; KMTC; MCC; NYK; PanOcean; Sinokor; SITC Shipping",10,19,6908.13333333333,720.633333333333,1025,1728,2,2,3,"{2,2,3,3,2}"
2012-06-24,THLCH,"Laem Chabang",VNTCT,"Cai Mep",3,3,"APL; Evergreen Line; Hyundai; K Line; MOL; NYK; SITC Shipping",7,15,10847.25,1102,1708,6724,2,2,3,"{2,3,2}"
2012-06-24,TLDIL,"Dili, East Timor",AUDRW,Darwin,1,1,MELL,1,3,2478.66666666667,548.666666666667,1114,1304,2,2,2,{2}
2012-06-24,TRALI,Aliaga,FRLEH,"Le Havre",1,1,"Hapag-Lloyd; MSC",2,4,3847.5,286,3200,4549,6,6,6,{6}
2012-06-24,TRAMB,"Istanbul (Ambarli)",EGPSD,"Port Said",1,1,"CMA CGM; Maersk Line; MCC; Safmarine",4,8,6435,437.5,5248,8500,4,4,4,{4}
2012-06-24,TRAMB,"Istanbul (Ambarli)",GRPIR,Piraeus,1,1,"CSAV Norasia; MSC",2,11,13362,1072.72727272727,10640,14000,4,4,4,{4}
2012-06-24,TRAMB,"Istanbul (Ambarli)",ILASH,Ashdod,1,1,"APL; Hapag-Lloyd; Hyundai; MOL; NYK; OOCL",6,9,5997.33333333333,496.444444444444,4960,6400,2,2,2,{2}
2012-06-24,TRAMB,"Istanbul (Ambarli)",ILHFA,Haifa,1,1,"CSCL; ZIM",2,10,4175.3,388.1,3429,4308,5,5,5,{5}
2012-06-24,TRAMB,"Istanbul (Ambarli)",ROCND,Constanta,3,3,"ANL; APL; CMA CGM; COSCO; CSCL; Hanjin Shipping; Hapag-Lloyd; Hyundai; K Line; Maersk Line; MCC; MOL; NYK; OOCL; PIL; Safmarine; Wan Hai; Yang Ming; ZIM",19,28,18085.196969697,1546.44444444444,4960,6696,1,1,3,"{1,3,1}"
2012-06-24,TRAMB,"Istanbul (Ambarli)",RUNVS,Novorossiysk,1,1,"Maersk Line; Safmarine",2,9,2968.22222222222,649.777777777778,2797,3100,3,3,3,{3}
2012-06-24,TRAMB,"Istanbul (Ambarli)",TRGEM,"Istanbul (Gemlik)",3,3,"Alianca; Hamburg Sud; Hapag-Lloyd; Maersk Line; MSC; Seago Line",6,11,12478.9166666667,1169,3200,5060,0,0,1,"{1,0,0}"
2012-06-24,TRAMB,"Istanbul (Ambarli)",TRIZM,Izmir,1,1,Turkon,1,5,2349.51428571429,412.971428571429,1625,1878,2,2,2,{2}
2012-06-24,TRAMB,"Istanbul (Ambarli)",TRIZT,Izmit,2,2,"Maersk Line; Safmarine",2,15,6542.55555555556,903.111111111111,2797,3604,1,1,1,"{1,1}"
2012-06-24,TRAMB,"Istanbul (Ambarli)",UAODS,Odessa,1,1,"CSCL; ZIM",2,10,4175.3,388.1,3429,4308,3,3,3,{3}
2012-06-24,TRGEM,"Istanbul (Gemlik)",GBFXT,Felixstowe,1,1,MSC,1,3,4335.66666666667,438,3398,5060,8,8,8,{8}
2012-06-24,TRGEM,"Istanbul (Gemlik)",TRALI,Aliaga,1,1,"Hapag-Lloyd; MSC",2,4,3847.5,286,3200,4549,0,0,0,{0}
2012-06-24,TRGEM,"Istanbul (Gemlik)",TRAMB,"Istanbul (Ambarli)",2,2,"CSCL; Turkon; ZIM",3,15,6524.81428571429,801.071428571429,1625,4308,1,1,1,"{1,1}"
2012-06-24,TRGEM,"Istanbul (Gemlik)",TRIZM,Izmir,1,1,"Alianca; Hamburg Sud; Maersk Line; Seago Line",4,4,4295.75,445,4043,4380,1,1,1,{1}
2012-06-24,TRIZM,Izmir,ESVLC,Valencia,1,1,"Alianca; Hamburg Sud; Maersk Line; Seago Line",4,4,4295.75,445,4043,4380,4,4,4,{4}
2012-06-24,TRIZM,Izmir,GRPIR,Piraeus,1,1,"Hapag-Lloyd; MSC",2,4,3900.5,307.5,3424,4545,2,2,2,{2}
2012-06-24,TRIZM,Izmir,ITSAL,Salerno,2,2,"Borchard Lines Ltd; Turkon",2,9,3216.01428571429,625.971428571429,862,1878,2,2.5,3,"{2,3}"
2012-06-24,TRIZM,Izmir,TRAMB,"Istanbul (Ambarli)",1,1,"CMA CGM; Maersk Line; MCC; Safmarine",4,8,6435,437.5,5248,8500,1,1,1,{1}
2012-06-24,TRIZT,Izmit,EGPSD,"Port Said",1,1,"Maersk Line; Safmarine",2,6,3574.33333333333,253.333333333333,3426,3604,4,4,4,{4}
2012-06-24,TRIZT,Izmit,ESALG,Algeciras,1,1,"Maersk Line; Safmarine",2,9,2968.22222222222,649.777777777778,2797,3100,6,6,6,{6}
2012-06-24,TRIZT,Izmit,TRAMB,"Istanbul (Ambarli)",3,3,"Alianca; ANL; CMA CGM; Hamburg Sud; Maersk Line; MCC; Safmarine; Seago Line",8,24,13705.3358585859,1594.77777777778,2797,6696,1,1,1,"{1,1,1}"
2012-06-24,TRMER,Mersin,EGPSD,"Port Said",1,1,"Alianca; Hamburg Sud; Hapag-Lloyd; Seago Line",4,5,4257.6,568,4255,4268,2,2,2,{2}
2012-06-24,TRMER,Mersin,ITNAP,Naples,1,1,MSC,1,5,3594.2,452,1074,4549,3,3,3,{3}
2012-06-24,TRMER,Mersin,ITSAL,Salerno,1,1,"Borchard Lines Ltd",1,4,866.5,194.25,862,868,3,3,3,{3}
2012-06-24,TRMER,Mersin,TRAMB,"Istanbul (Ambarli)",1,1,"Maersk Line; Safmarine",2,6,3574.33333333333,253.333333333333,3426,3604,3,3,3,{3}
2012-06-24,TRMER,Mersin,TRGEM,"Istanbul (Gemlik)",1,1,Turkon,1,5,2349.51428571429,412.971428571429,1625,1878,2,2,2,{2}
2012-06-24,TTPOS,"Port of Spain",BRSUA,Suape,1,1,"CMA CGM; Maersk Line; Safmarine",3,6,2793.83333333333,536.166666666667,2741,2872,6,6,6,{6}
2012-06-24,TTPOS,"Port of Spain",GDSTG,"St George's",1,1,"Bernuth Lines",1,2,513.5,55,508,519,2,2,2,{2}
2012-06-24,TTPOS,"Port of Spain",GFDDC,"Degrad des Cannes",1,1,"CMA CGM; Delmas; Marfret",3,6,1678,240,1678,1678,2,2,2,{2}
2012-06-24,TTPOS,"Port of Spain",MYPKG,"Port Klang",1,1,"CMA CGM; CSAV; CSCL; Libra-Montemar",4,12,4561,425.166666666667,4130,5100,31,31,31,{31}
2012-06-24,TTPOS,"Port of Spain",VISTX,"St Croix VI",1,1,"Tropical Shipping",1,2,850,187,850,850,3,3,3,{3}
2012-06-24,TTPTS,"Point Lisas",PAMIT,Manzanillo,1,1,"SeaFreight Line; ZIM",2,5,1106.4,212,1096,1118,1,1,1,{1}
2012-06-24,TTPTS,"Point Lisas",SRPBM,Paramaribo,1,1,"Seaboard Marine",1,3,657,116,657,657,3,3,3,{3}
2012-06-24,TTPTS,"Point Lisas",VCKTN,"Kingstown, St Vincent",1,1,"Crowley; SeaFreight Line",2,2,1122,150,1122,1122,1,1,1,{1}
2012-06-24,TTPTS,"Point Lisas",VEEGU,"El Guamache",1,1,"SeaFreight Line; ZIM",2,5,1106.4,212,1096,1118,2,2,2,{2}
2012-06-24,TWKEL,Keelung,CNCWN,Chiwan,1,1,"CMA CGM; CSAV; CSCL; Libra-Montemar; MSC",5,12,8681.91666666667,681.666666666667,7943,9200,2,2,2,{2}
2012-06-24,TWKEL,Keelung,CNNGB,Ningbo,1,1,PIL,1,9,1797.20634920635,190.47619047619,1398,1728,10,10,10,{10}
2012-06-24,TWKEL,Keelung,CNSHA,Shanghai,1,1,MCC,1,5,1697.2,341.6,1634,1713,2,2,2,{2}
2012-06-24,TWKEL,Keelung,CNYTN,Yantian,1,1,"CSCL; Emirates Shipping; Evergreen Line; Hyundai; MCC; MOL; NYK",7,6,5992.16666666667,478.333333333333,5551,6800,2,2,2,{2}
2012-06-24,TWKEL,Keelung,HKHKG,"Hong Kong",5,5,"Alianca; CCNI; CSCL; Evergreen Line; Hamburg Sud; Hanjin Shipping; Hapag-Lloyd; Hyundai; K Line; MOL; NYK; OOCL; PIL; Yang Ming",14,37,21157.7803030303,1963.62878787879,1452,6500,1,2,2,"{1,1,2,2,2}"
2012-06-24,TWKEL,Keelung,IDJKT,"Jakarta, Java",1,1,"Evergreen Line; Yang Ming",2,2,1736,300,1732,1740,6,6,6,{6}
2012-06-24,TWKEL,Keelung,JPNAH,"Naha (Okinawa Is)",1,1,NYK,1,2,581,100,560,602,1,1,1,{1}
2012-06-24,TWKEL,Keelung,JPTYO,Tokyo,3,3,"CNC Line-Cheng Lie Navigation Co. Ltd.; Evergreen Line; Hyundai; MELL; NYK; TS Lines; Yang Ming",7,14,5294.75,617.583333333333,1169,2900,3,3,3,"{3,3,3}"
2012-06-24,TWKEL,Keelung,KRICH,Inchon,1,1,"Wan Hai",1,3,1287,70,1125,1368,3,3,3,{3}
2012-06-24,TWKEL,Keelung,KRPUS,Busan,1,1,"Hyundai; KMTC; Sinokor",3,3,1560.66666666667,216.666666666667,1512,1585,2,2,2,{2}
2012-06-24,TWKEL,Keelung,PHMNL,Manila,1,1,NYK,1,2,581,100,560,602,3,3,3,{3}
2012-06-24,TWKEL,Keelung,SGSIN,Singapore,1,1,MCC,1,5,2805.6,568.8,2732,2824,1,1,1,{1}
2012-06-24,TWKEL,Keelung,THLCH,"Laem Chabang",1,1,"Hyundai; NYK",2,6,2578,373.333333333333,1675,2900,4,4,4,{4}
2012-06-24,TWKEL,Keelung,TWKHH,Kaohsiung,5,5,"CNC Line-Cheng Lie Navigation Co. Ltd.; COSCO; Evergreen Line; Hanjin Shipping; K Line; MELL; Wan Hai; Yang Ming",8,21,12563.4166666667,1257.58333333333,1088,6589,1,1,2,"{1,1,1,2,1}"
2012-06-24,TWKEL,Keelung,TWTPE,Taipei,1,1,"MOL; Wan Hai",2,3,1632,130,1368,1800,0,0,0,{0}
2012-06-24,TWKEL,Keelung,TWTXG,Taichung,10,10,"CNC Line-Cheng Lie Navigation Co. Ltd.; Evergreen Line; MELL; MOL; TS Lines; Wan Hai; Yang Ming",7,30,14813.25,1783.16666666667,925,2646,0,1,3,"{1,1,1,3,1,0,1,0,0,1}"
2012-06-24,TWKEL,Keelung,USLAX,"Los Angeles CA",1,1,"COSCO; Hanjin Shipping; K Line; Yang Ming",4,6,5685.5,475,5500,6589,12,12,12,{12}
2012-06-24,TWKHH,Kaohsiung,AUMEL,Melbourne,2,2,"ANL; COSCO; CSCL; Evergreen Line; Hanjin Shipping; K Line; MOL; NYK; OOCL; PanOcean; Sinotrans; Yang Ming",12,11,8598.93333333333,882.666666666667,4130,4578,10,11,12,"{10,12}"
2012-06-24,TWKHH,Kaohsiung,CAVAN,"Vancouver BC",1,1,"Hapag-Lloyd; NYK; OOCL; PIL; ZIM",5,7,7895.42857142857,700,7179,8440,11,11,11,{11}
2012-06-24,TWKHH,Kaohsiung,CNCWN,Chiwan,2,2,"APL; Hapag-Lloyd; Hyundai; MOL",4,14,12329.1428571429,1240,5506,6900,2,2.5,3,"{3,2}"
2012-06-24,TWKHH,Kaohsiung,CNNGB,Ningbo,3,3,"CMA CGM; COSCO; CSAV; CSCL; Evergreen Line; Hanjin Shipping; K Line; Libra-Montemar; Yang Ming",9,33,18527.7909090909,1611.25757575758,3017,8200,2,4,7,"{7,4,2}"
2012-06-24,TWKHH,Kaohsiung,CNNSA,Nansha,1,1,"Evergreen Line",1,2,1618,170,1618,1618,0,0,0,{0}
2012-06-24,TWKHH,Kaohsiung,CNSHA,Shanghai,8,8,"ANL; APL; COSCO; CSCL; Evergreen Line; Gold Star Line; Hamburg Sud; Hanjin Shipping; Hapag-Lloyd; Hyundai; K Line; Maersk Line; MCC; MELL; MOL; OOCL; Yang Ming",17,48,29742.7694444444,3450.96944444444,1114,6350,1,2,5,"{5,3,2,2,2,3,2,1}"
2012-06-24,TWKHH,Kaohsiung,CNSHK,Shekou,3,3,"COSCO; CSCL; Evergreen Line; Hanjin Shipping; Hapag-Lloyd; NYK; OOCL; UASC; Yang Ming; ZIM",10,23,14553.5873015873,1322.06349206349,4024,5688,1,2,2,"{1,2,2}"
2012-06-24,TWKHH,Kaohsiung,CNTXG,Xingang/Tianjin,1,1,"Yang Ming",1,4,3589.5,307.5,2762,4506,3,3,3,{3}
2012-06-24,TWKHH,Kaohsiung,CNXMN,Xiamen,4,4,"APL; COSCO; Hanjin Shipping; Hapag-Lloyd; Hyundai; K Line; MOL; NYK; OOCL; Yang Ming",10,29,27924.6666666667,2401.27272727273,5500,9300,1,2,4,"{4,3,1,1}"
2012-06-24,TWKHH,Kaohsiung,CNYTN,Yantian,7,7,"ACL-Atlantic Container Line; APL; COSCO; Evergreen Line; Hanjin Shipping; Hapag-Lloyd; Hyundai; K Line; Maersk Line; MCC; MOL; NYK; OOCL; PIL; UASC; Wan Hai; Yang Ming",17,57,37128.5634920635,3312.19047619048,1496,8236,1,2,2,"{2,2,2,1,1,2,1}"
2012-06-24,TWKHH,Kaohsiung,HKHKG,"Hong Kong",32,30,"Alianca; ANL; APL; CMA CGM; CNC Line-Cheng Lie Navigation Co. Ltd.; COSCO; CSAV; Evergreen Line; Hamburg Sud; Hanjin Shipping; Hapag-Lloyd; Hyundai; IAL-Interasia Lines; K Line; Maersk Line; MCC; MELL; MOL; MSC; NYK; OOCL; PIL; Stinnes; TS Lines; USL-US Lines; Wan Hai; X-Press; Yang Ming; ZIM",29,168,107537.072619048,10606.6305555556,836,9200,0,1,2,"{2,1,1,1,1,1,1,2,1,1,1,1,2,1,2,1,1,1,1,0,1,2,1,1,1,1,1,1,1,1,1,1}"
2012-06-24,TWKHH,Kaohsiung,IDJKT,"Jakarta, Java",1,1,"Yang Ming",1,5,1802,200,1800,1805,5,5,5,{5}
2012-06-24,TWKHH,Kaohsiung,IDSUB,"Surabaya, Java",1,1,"Evergreen Line; Yang Ming",2,5,2438.8,338.2,1618,2908,5,5,5,{5}
2012-06-24,TWKHH,Kaohsiung,JPTYO,Tokyo,1,1,"APL; MOL",2,3,2468,400,2468,2468,3,3,3,{3}
2012-06-24,TWKHH,Kaohsiung,KRPUS,Busan,2,2,"APL; CMA CGM; Hyundai; KMTC; Maersk Line; MOL; Sinotrans; Yang Ming",8,16,6410.15384615385,514.102564102564,1585,5014,2,2,2,"{2,2}"
2012-06-24,TWKHH,Kaohsiung,MYTPP,"Tanjung Pelepas",1,1,MCC,1,3,2762.66666666667,512,2732,2824,4,4,4,{4}
2012-06-24,TWKHH,Kaohsiung,PAONX,Colon,1,1,"Evergreen Line",1,9,4303.33333333333,484.222222222222,4211,5042,19,19,19,{19}
2012-06-24,TWKHH,Kaohsiung,PHCEB,Cebu,2,2,"BTL-Bengal Tiger Line; Evergreen Line; OOCL; X-Press",4,2,2249,436,1085,1164,2,2.5,3,"{2,3}"
2012-06-24,TWKHH,Kaohsiung,PHMNL,Manila,5,5,"APL; CNC Line-Cheng Lie Navigation Co. Ltd.; Evergreen Line; Gold Star Line; MCC; OOCL; Wan Hai; Yang Ming",8,11,8527.3,997.8,927,2987,2,2,2,"{2,2,2,2,2}"
2012-06-24,TWKHH,Kaohsiung,PHSFS,"Subic Bay",1,1,"APL; Hyundai; MOL",3,1,2468,400,2468,2468,1,1,1,{1}
2012-06-24,TWKHH,Kaohsiung,SGSIN,Singapore,2,2,"Evergreen Line; Hanjin Shipping; KMTC; PanOcean; Yang Ming",5,9,5937.6,692.7,1618,4498,4,4,4,"{4,4}"
2012-06-24,TWKHH,Kaohsiung,TWKEL,Keelung,7,7,"CNC Line-Cheng Lie Navigation Co. Ltd.; COSCO; Evergreen Line; Hanjin Shipping; K Line; MCC; MELL; NYK; OOCL; TS Lines; Yang Ming",11,24,13534.8666666667,1650.43333333333,560,6589,0,1,2,"{1,1,0,2,1,1,1}"
2012-06-24,TWKHH,Kaohsiung,TWTPE,Taipei,3,3,"CNC Line-Cheng Lie Navigation Co. Ltd.; Evergreen Line; K Line; Maersk Line; Wan Hai; Yang Ming",6,14,10999.5,1372.16666666667,2078,7024,0,1,1,"{0,1,1}"
2012-06-24,TWKHH,Kaohsiung,TWTXG,Taichung,8,8,"CNC Line-Cheng Lie Navigation Co. Ltd.; Evergreen Line; MELL; MOL; OOCL; Wan Hai; Yang Ming",7,25,11096.4166666667,1118.58333333333,1088,1805,0,0.5,1,"{0,1,1,1,0,0,1,0}"
2012-06-24,TWKHH,Kaohsiung,USLGB,"Long Beach CA",1,1,"Hapag-Lloyd; NYK; OOCL",3,6,8063,710,8063,8063,13,13,13,{13}
2012-06-24,TWKHH,Kaohsiung,USOAK,"Oakland CA",1,1,"APL; Hapag-Lloyd; Hyundai; MOL",4,7,5706.85714285714,646.285714285714,5506,5888,13,13,13,{13}
2012-06-24,TWKHH,Kaohsiung,VNDAD,"Da Nang",1,1,"MOL; Wan Hai",2,3,1632,130,1368,1800,2,2,2,{2}
2012-06-24,TWKHH,Kaohsiung,VNHPH,Haiphong,5,5,"CNC Line-Cheng Lie Navigation Co. Ltd.; Evergreen Line; MELL; OOCL; Wan Hai; Yang Ming",6,6,4809,588,744,1038,2,3,3,"{2,3,3,3,2}"
2012-06-24,TWTPE,Taipei,CNCWN,Chiwan,1,1,"ANL; CMA CGM; Maersk Line; MCC; Safmarine",5,11,6441.36363636364,500,6200,6696,1,1,1,{1}
2012-06-24,TWTPE,Taipei,CNXMN,Xiamen,1,1,"CSCL; Evergreen Line; ZIM",3,5,8302,700,8073,8468,1,1,1,{1}
2012-06-24,TWTPE,Taipei,HKHKG,"Hong Kong",3,3,"CMA CGM; Evergreen Line; MOL",3,26,16590.0909090909,1735.31313131313,4211,8073,1,2,2,"{1,2,2}"
2012-06-24,TWTPE,Taipei,JPHKT,Hakata,2,2,"Evergreen Line; MOL; Wan Hai",3,7,3814.5,408.5,1368,2492,2,2,2,"{2,2}"
2012-06-24,TWTPE,Taipei,JPOSA,Osaka,2,2,"Evergreen Line; Wan Hai; Yang Ming",3,6,2443.5,170,1088,1549,2,2.5,3,"{2,3}"
2012-06-24,TWTPE,Taipei,JPTYO,Tokyo,2,2,"Evergreen Line; Wan Hai; Yang Ming",3,8,4114.75,532.5,1618,2646,3,3,3,"{3,3}"
2012-06-24,TWTPE,Taipei,KRICH,Inchon,1,1,"CNC Line-Cheng Lie Navigation Co. Ltd.; Evergreen Line; K Line; Wan Hai; Yang Ming",5,4,2608,370.5,2495,2742,2,2,2,{2}
2012-06-24,TWTPE,Taipei,TWKHH,Kaohsiung,1,1,"Evergreen Line",1,4,2182.5,278.5,2078,2492,0,0,0,{0}
2012-06-24,TWTPE,Taipei,TWTXG,Taichung,5,5,"Evergreen Line; MOL; Wan Hai; Yang Ming",4,14,7738.83333333333,741.5,1162,1800,0,1,1,"{1,1,0,1,0}"
2012-06-24,TWTPE,Taipei,USLAX,"Los Angeles CA",1,1,"Evergreen Line; Maersk Line",2,6,6209,723.166666666667,6046,7024,12,12,12,{12}
2012-06-24,TWTXG,Taichung,HKHKG,"Hong Kong",4,4,"Evergreen Line; TS Lines; Wan Hai; Yang Ming",4,11,5986.5,607.333333333333,1125,1740,1,1.5,2,"{2,1,1,2}"
2012-06-24,TWTXG,Taichung,THLCH,"Laem Chabang",1,1,"Evergreen Line",1,2,1164,200,1164,1164,5,5,5,{5}
2012-06-24,TWTXG,Taichung,TWKEL,Keelung,3,3,"CNC Line-Cheng Lie Navigation Co. Ltd.; MELL; MOL; Wan Hai; Yang Ming",5,10,4318.25,358.75,1125,1805,0,1,1,"{1,1,0}"
2012-06-24,TWTXG,Taichung,TWKHH,Kaohsiung,12,12,"CNC Line-Cheng Lie Navigation Co. Ltd.; Evergreen Line; MELL; MOL; TS Lines; Wan Hai; Yang Ming",7,36,18283.5833333333,2274.66666666667,925,2646,0,1,1,"{1,1,1,1,1,0,1,1,1,1,1,0}"
2012-06-24,TWTXG,Taichung,TWTPE,Taipei,6,6,"Evergreen Line; MOL; Wan Hai; Yang Ming",4,19,9808.25,1002.5,1088,2646,0,0,1,"{0,0,1,0,1,0}"
2012-06-24,TWTXG,Taichung,VNSGN,"Ho Chi Minh (VICT/Cat Lai)",1,1,"Evergreen Line; OOCL; Yang Ming",3,3,1552.66666666667,198.333333333333,1452,1706,3,3,3,{3}
2012-06-24,TZDAR,"Dar es Salaam",AEJEA,"Dubai, Jebel Ali",1,1,"CMA CGM; Delmas; Emirates Shipping",3,3,2515.71428571429,428.571428571429,1552,1875,15,15,15,{15}
2012-06-24,TZDAR,"Dar es Salaam",LKCMB,Colombo,1,1,"Evergreen Line; MOL; NYK; SCI-Shipping Corp. of India; X-Press",5,5,2329.71428571429,187.428571428571,1210,1869,12,12,12,{12}
2012-06-24,TZDAR,"Dar es Salaam",MYPGU,"Pasir Gudang, Johor",1,1,PIL,1,8,2072.28571428571,285.714285714286,1800,1890,10,10,10,{10}
2012-06-24,TZDAR,"Dar es Salaam",MYPKG,"Port Klang",1,1,"CMA CGM; Delmas; Emirates Shipping",3,6,2609,487.833333333333,2474,2758,7,7,7,{7}
2012-06-24,TZDAR,"Dar es Salaam",MYTPP,"Tanjung Pelepas",1,1,"Maersk Line; Safmarine",2,6,1654.16666666667,223.333333333333,2456,2500,12,12,12,{12}
2012-06-24,TZDAR,"Dar es Salaam",OMSLL,Salalah,1,1,"Maersk Line; Safmarine",2,4,2439.64285714286,410.785714285714,2466,2578,10,10,10,{10}
2012-06-24,TZTGT,Tanga,TZZNZ,Zanzibar,2,2,"CMA CGM; Delmas; Emirates Shipping; UAFL-United Africa Feeder Line",4,8,5736.42857142857,740.404761904762,1684,2758,1,1.5,2,"{1,2}"
2012-06-24,TZZNZ,Zanzibar,AEJEA,"Dubai, Jebel Ali",1,1,"CMA CGM; Delmas; Emirates Shipping",3,5,2947.88571428571,435.085714285714,2200,2578,14,14,14,{14}
2012-06-24,TZZNZ,Zanzibar,MZPOL,Pemba,1,1,"UAFL-United Africa Feeder Line",1,2,3127.42857142857,252.571428571429,1684,1684,7,7,7,{7}
2012-06-24,TZZNZ,Zanzibar,TZDAR,"Dar es Salaam",1,1,"CMA CGM; Delmas; Emirates Shipping",3,6,2609,487.833333333333,2474,2758,1,1,1,{1}
2012-06-24,UAILK,Chornomorsk,MYPKG,"Port Klang",1,1,"COSCO; CSCL; Hanjin Shipping; K Line; PIL; Wan Hai; Yang Ming; ZIM",8,8,5646.5,550,5500,6000,17,17,17,{17}
2012-06-24,UAILK,Chornomorsk,UAODS,Odessa,1,1,"ANL; CMA CGM; Maersk Line; MCC; Safmarine",5,11,6441.36363636364,500,6200,6696,1,1,1,{1}
2012-06-24,UAODS,Odessa,EGDAM,Damietta,1,1,"ANL; CMA CGM; Maersk Line; MCC; Safmarine",5,11,6441.36363636364,500,6200,6696,3,3,3,{3}
2012-06-24,UAODS,Odessa,RUNVS,Novorossiysk,1,1,"CSCL; ZIM",2,10,4175.3,388.1,3429,4308,1,1,1,{1}
2012-06-24,UAODS,Odessa,TRAMB,"Istanbul (Ambarli)",2,2,"APL; Hapag-Lloyd; Hyundai; Maersk Line; MOL; NYK; OOCL; Safmarine",8,18,8965.55555555555,1146.22222222222,2797,6400,3,3.5,4,"{3,4}"
2012-06-24,USBAL,"Baltimore MD",MXVER,Veracruz,1,1,"ACL-Atlantic Container Line; Hapag-Lloyd; OOCL",3,6,2614.16666666667,188.333333333333,2826,3607,6,6,6,{6}
2012-06-24,USBAL,"Baltimore MD",PAONX,Colon,1,1,"Evergreen Line",1,9,4303.33333333333,484.222222222222,4211,5042,5,5,5,{5}
2012-06-24,USBAL,"Baltimore MD",USCHS,"Charleston SC",1,1,"Alianca; CCNI; CSAV; Hamburg Sud; Libra-Montemar",5,6,2979.83333333333,450,2690,3534,2,2,2,{2}
2012-06-24,USBAL,"Baltimore MD",USORF,"Norfolk VA",3,3,"Maersk Line; MSC; Safmarine",3,19,11457.4833333333,1005.925,1740,5060,1,1,1,"{1,1,1}"
2012-06-24,USBAL,"Baltimore MD",USSAV,"Savannah GA",2,2,"CMA CGM; CSAV; Hapag-Lloyd; Libra-Montemar; MSC",5,21,13059.0576923077,1072.88461538462,4050,9200,2,2,2,"{2,2}"
2012-06-24,USBOS,"Boston MA",CAMTR,Montreal,1,1,MSC,1,6,3935.33333333333,370,4255,4992,1,1,1,{1}
2012-06-24,USBOS,"Boston MA",CANWP,Argentia,1,1,Eimskip,1,1,2991.42857142857,514.285714285714,698,698,16,16,16,{16}
2012-06-24,USBOS,"Boston MA",USNYC,"New York NY/NJ",1,1,MSC,1,5,5059.4,490.8,5059,5060,1,1,1,{1}
2012-06-24,USBOS,"Boston MA",USORF,"Norfolk VA",2,2,"COSCO; Eimskip; Hanjin Shipping; K Line; Yang Ming",5,10,7618.53968253968,785.460317460318,712,5089,3,3.5,4,"{3,4}"
2012-06-24,USCHS,"Charleston SC",BEANR,Antwerp,2,2,"COSCO; Evergreen Line; Hanjin Shipping; K Line; MSC; Yang Ming; ZIM",7,11,10556.4285714286,855.714285714286,4018,6750,10,10,10,"{10,10}"
2012-06-24,USCHS,"Charleston SC",BSFPO,Freeport,2,2,"Maersk Line; MSC; Safmarine",3,21,11115.0576923077,810.509615384615,1740,9200,1,1.5,2,"{2,1}"
2012-06-24,USCHS,"Charleston SC",CNYTN,Yantian,1,1,"COSCO; Hanjin Shipping; K Line; Yang Ming",4,9,4151.33333333333,372.222222222222,3398,4738,30,30,30,{30}
2012-06-24,USCHS,"Charleston SC",EGPSD,"Port Said",1,1,"ANL; APL; CMA CGM; Hapag-Lloyd; NYK; OOCL",6,8,3607.875,301,3808,4367,15,15,15,{15}
2012-06-24,USCHS,"Charleston SC",ESALG,Algeciras,1,1,"APL; Evergreen Line; Hanjin Shipping; Hyundai; MOL",5,10,5771.3,216,4708,6350,12,12,12,{12}
2012-06-24,USCHS,"Charleston SC",ESVLC,Valencia,1,1,MSC,1,6,3935.33333333333,370,4255,4992,9,9,9,{9}
2012-06-24,USCHS,"Charleston SC",GBTHP,Thamesport,1,1,"ACL-Atlantic Container Line; Hapag-Lloyd; OOCL",3,6,2614.16666666667,188.333333333333,2826,3607,10,10,10,{10}
2012-06-24,USCHS,"Charleston SC",JMKIN,Kingston,1,1,"Hapag-Lloyd; Hyundai; NYK; OOCL; ZIM",5,9,4853.33333333333,425.111111111111,4728,5018,3,3,3,{3}
2012-06-24,USCHS,"Charleston SC",NLRTM,Rotterdam,1,1,"ACL-Atlantic Container Line; Alianca; Hamburg Sud; Hapag-Lloyd; NYK; OOCL; ZIM",7,4,5399.75,586.25,5006,5905,10,10,10,{10}
2012-06-24,USCHS,"Charleston SC",PAMIT,Manzanillo,2,2,"APL; CMA CGM; Hyundai; Maersk Line; MOL",5,18,9015.75384615385,989.569230769231,4250,5014,3,3.5,4,"{4,3}"
2012-06-24,USCHS,"Charleston SC",USILM,"Wilmington NC",1,1,"COSCO; Hanjin Shipping; K Line; Yang Ming",4,9,4218.77777777778,377.777777777778,3725,4444,1,1,1,{1}
2012-06-24,USCHS,"Charleston SC",USJAX,"Jacksonville FL",1,1,"Alianca; CSAV; Hamburg Sud; Libra-Montemar",4,7,4370,471.142857142857,4250,4600,2,2,2,{2}
2012-06-24,USCHS,"Charleston SC",USMIA,"Miami FL",2,2,"ACL-Atlantic Container Line; CMA CGM; CSAV; Delmas; Hapag-Lloyd; NYK; OOCL",7,11,6714.06666666667,900,3200,3586,1,1.5,2,"{1,2}"
2012-06-24,USCHS,"Charleston SC",USNYC,"New York NY/NJ",2,2,"APL; CMA CGM; Hyundai; Maersk Line; MOL",5,18,9015.75384615385,989.569230769231,4250,5014,1,1.5,2,"{1,2}"
2012-06-24,USCHS,"Charleston SC",USORF,"Norfolk VA",3,3,"CMA CGM; CSAV; Evergreen Line; Hapag-Lloyd; Libra-Montemar; Maersk Line; MSC; Safmarine",8,24,12928.3214285714,1257.5,4050,4814,1,2,2,"{2,1,2}"
2012-06-24,USCHS,"Charleston SC",USPEF,"Port Everglades FL",2,2,"Alianca; CCNI; CSAV; Hamburg Sud; Libra-Montemar; MSC",6,8,6134.83333333333,760,2470,3840,1,1.5,2,"{1,2}"
2012-06-24,USCHS,"Charleston SC",USSAV,"Savannah GA",3,3,"APL; CMA CGM; Hanjin Shipping; Hyundai; Maersk Line; MOL; MSC",7,21,15015.7174603175,1086.8253968254,4018,6750,0,0,1,"{0,0,1}"
2012-06-24,USCHT,"Chester PA",USILM,"Wilmington NC",1,1,ICL,1,4,2106.5,300,1574,2800,2,2,2,{2}
2012-06-24,USDUT,"Dutch Harbor AK",JPYOK,Yokohama,1,1,"CMA CGM; Evergreen Line; Maersk Line; MSC",4,5,4139,380,4082,4367,7,7,7,{7}
2012-06-24,USFEB,"Fernandina Beach FL",DOPOP,"Puerto Plata",1,1,"Seaboard Marine",1,2,966,252,966,966,3,3,3,{3}
2012-06-24,USFPO,"Freeport TX",HNPCR,"Puerto Cortes",1,1,Dole,1,1,1157,250,1157,1157,2,2,2,{2}
2012-06-24,USGPT,"Gulfport MS",GTPBR,"Puerto Barrios",1,1,Dole,1,1,890,445,890,890,2,2,2,{2}
2012-06-24,USGPT,"Gulfport MS",GTSTC,"Santo Tomas de Castilla",1,1,Crowley,1,1,972,170,972,972,3,3,3,{3}
2012-06-24,USGPT,"Gulfport MS",HNPCR,"Puerto Cortes",1,1,Crowley,1,1,972,170,972,972,3,3,3,{3}
2012-06-24,USHNL,"Honolulu HI",GUGUM,Guam,1,1,Matson,1,5,2715.8,300,2019,2890,13,13,13,{13}
2012-06-24,USHNL,"Honolulu HI",USLAX,"Los Angeles CA",1,1,"Horizon Lines",1,2,2412.5,200,2172,2653,6,6,6,{6}
2012-06-24,USHNL,"Honolulu HI",USOAK,"Oakland CA",2,2,"Alianca; ANL; CMA CGM; Hamburg Sud; Hapag-Lloyd; Maersk Line; Matson; USL-US Lines",8,4,14234.1428571429,2015.14285714286,2742,3534,4,5.5,7,"{7,4}"
2012-06-24,USHNL,"Honolulu HI",USPDX,"Portland OR",1,1,Matson,1,2,2331,353,1635,3027,4,4,4,{4}
2012-06-24,USHOU,"Houston TX",COCTG,Cartagena,1,1,"Alianca; CCNI; Hamburg Sud",3,7,4114.28571428571,628.571428571429,3739,4268,5,5,5,{5}
2012-06-24,USHOU,"Houston TX",CRLIO,"Puerto Limon",1,1,"Seaboard Marine",1,3,1125,226.666666666667,1114,1147,4,4,4,{4}
2012-06-24,USHOU,"Houston TX",GTSTC,"Santo Tomas de Castilla",1,1,"Seaboard Marine",1,1,1118,220,1118,1118,3,3,3,{3}
2012-06-24,USHOU,"Houston TX",KRPUS,Busan,1,1,"COSCO; Hanjin Shipping",2,8,4053.25,350,3398,5089,24,24,24,{24}
2012-06-24,USHOU,"Houston TX",MXATM,Altamira,3,3,"CCNI; CMA CGM; CSAV; Delmas; Hapag-Lloyd; MSC",6,11,7496.66666666667,873,2078,3007,1,2,3,"{3,1,2}"
2012-06-24,USHOU,"Houston TX",PRSJU,"San Juan PR",1,1,"Horizon Lines",1,1,2808,140,1404,1404,7,7,7,{7}
2012-06-24,USHOU,"Houston TX",USMIA,"Miami FL",1,1,"CMA CGM; CSAV; Delmas; OOCL",4,6,3506.66666666667,500,3426,3586,3,3,3,{3}
2012-06-24,USHOU,"Houston TX",USMOB,"Mobile AL",2,2,"ANL; APL; CMA CGM; CSCL; Delmas; Hyundai; Maersk Line; UASC; USL-US Lines",9,16,8707.12727272727,653.636363636364,3388,5095,1,1.5,2,"{2,1}"
2012-06-24,USHOU,"Houston TX",USMSY,"New Orleans LA",7,7,"ACL-Atlantic Container Line; Alianca; CCNI; CMA CGM; CSAV; Hamburg Sud; Hapag-Lloyd; Libra-Montemar; Maersk Line; MSC; NYK; OOCL; ZIM",13,45,26977.0595238095,2201.11904761905,1713,6750,1,1,3,"{1,2,1,3,1,2,1}"
2012-06-24,USHOU,"Houston TX",USORF,"Norfolk VA",1,1,"Maersk Line; Safmarine",2,10,4657.4,441.4,4154,5100,4,4,4,{4}
2012-06-24,USHOU,"Houston TX",USSAV,"Savannah GA",1,1,"ACL-Atlantic Container Line; Hapag-Lloyd; NYK; OOCL",4,5,3207.4,400,3200,3237,3,3,3,{3}
2012-06-24,USILG,"Wilmington DE",COSMR,"Santa Marta",1,1,Dole,1,2,2046,990,2046,2046,3,3,3,{3}
2012-06-24,USILG,"Wilmington DE",GTPBR,"Puerto Barrios",1,1,"Great White Fleet",1,2,2240.5,530,2007,2474,5,5,5,{5}
2012-06-24,USILM,"Wilmington NC",BEANR,Antwerp,1,1,ICL,1,4,2106.5,300,1574,2800,11,11,11,{11}
2012-06-24,USILM,"Wilmington NC",HKHKG,"Hong Kong",1,1,"COSCO; Hanjin Shipping; K Line; Yang Ming",4,9,4218.77777777778,377.777777777778,3725,4444,32,32,32,{32}
2012-06-24,USILM,"Wilmington NC",USORF,"Norfolk VA",1,1,"APL; Maersk Line",2,2,1118,220,1118,1118,2,2,2,{2}
2012-06-24,USILM,"Wilmington NC",USSAV,"Savannah GA",1,1,"COSCO; Hanjin Shipping; Hyundai; K Line; Yang Ming",5,9,4024,354,4024,4024,1,1,1,{1}
2012-06-24,USJAX,"Jacksonville FL",BSNAS,Nassau,1,1,Crowley,1,1,373,40,373,373,3,3,3,{3}
2012-06-24,USJAX,"Jacksonville FL",PABLB,Balboa,1,1,"APL; Hyundai; MOL",3,9,4650,392.444444444444,4369,4892,4,4,4,{4}
2012-06-24,USJAX,"Jacksonville FL",PRSJU,"San Juan PR",2,2,"Horizon Lines",1,3,3398.5,274,1386,2361,2,2.5,3,"{3,2}"
2012-06-24,USJAX,"Jacksonville FL",RUVYP,Vostochniy,1,1,"ANL; CMA CGM; CSCL; Delmas; UASC; USL-US Lines",6,11,4402.72727272727,303.636363636364,3388,5095,27,27,27,{27}
2012-06-24,USJAX,"Jacksonville FL",USCHS,"Charleston SC",1,1,"APL; Evergreen Line; Hanjin Shipping; Hyundai; MOL",5,10,5771.3,216,4708,6350,1,1,1,{1}
2012-06-24,USJAX,"Jacksonville FL",USMIA,"Miami FL",1,1,"CMA CGM",1,3,1296,390,1296,1296,1,1,1,{1}
2012-06-24,USJAX,"Jacksonville FL",USPEF,"Port Everglades FL",4,4,"Alianca; Crowley; CSAV; Hamburg Sud; King Ocean; Libra-Montemar; SeaFreight Line; ZIM",8,17,8371.73333333333,1195.14285714286,1096,4600,1,2,2,"{1,2,2,2}"
2012-06-24,USJAX,"Jacksonville FL",USSAV,"Savannah GA",1,1,"APL; CMA CGM; Hyundai; Maersk Line; MOL",5,13,4756.15384615385,370.769230769231,4589,5014,1,1,1,{1}
2012-06-24,USLAX,"Los Angeles CA",JPYOK,Yokohama,1,1,"APL; Hapag-Lloyd; Hyundai; MOL",4,7,5706.85714285714,646.285714285714,5506,5888,13,13,13,{13}
2012-06-24,USLAX,"Los Angeles CA",MXESE,Ensenada,1,1,"Evergreen Line; Maersk Line",2,5,2521,440.2,2450,2556,1,1,1,{1}
2012-06-24,USLAX,"Los Angeles CA",MXMZT,Mazatlan,1,1,"Hapag-Lloyd; NYK",2,3,2528,400,2442,2664,3,3,3,{3}
2012-06-24,USLAX,"Los Angeles CA",MXZLO,"Manzanillo, MEX",2,2,"Alianca; APL; Hamburg Sud; Hapag-Lloyd; Hyundai; MOL",6,17,8473.95714285714,1175.18571428571,2520,5888,1,2,3,"{3,1}"
2012-06-24,USLAX,"Los Angeles CA",PABLB,Balboa,1,1,"ACL-Atlantic Container Line; Hapag-Lloyd; NYK; OOCL",4,14,4710.78571428571,384.857142857143,4545,4890,7,7,7,{7}
2012-06-24,USLAX,"Los Angeles CA",RUVYP,Vostochniy,1,1,"Hapag-Lloyd; Maersk Line; MCC; NYK; OOCL; Safmarine",6,16,8926.25,725,9030,9700,15,15,15,{15}
2012-06-24,USLAX,"Los Angeles CA",TWKHH,Kaohsiung,1,1,"APL; Hyundai; MOL",3,7,6622.28571428571,593.714285714286,5506,6900,16,16,16,{16}
2012-06-24,USLAX,"Los Angeles CA",USHNL,"Honolulu HI",2,2,"Horizon Lines; Matson",2,4,5439.5,608,2172,3027,4,4,4,"{4,4}"
2012-06-24,USLAX,"Los Angeles CA",USOAK,"Oakland CA",18,18,"ACL-Atlantic Container Line; Alianca; ANL; APL; CMA CGM; COSCO; CSAV Norasia; CSCL; Evergreen Line; Hamburg Sud; Hanjin Shipping; Hapag-Lloyd; Hyundai; K Line; Maersk Line; MOL; MSC; NYK; OOCL; PO Shipping; USL-US Lines; Yang Ming; ZIM",23,136,104239.692590743,9075.68697968698,2520,11660,1,1,2,"{2,1,1,1,1,1,1,1,1,1,1,1,1,1,2,1,1,1}"
2012-06-24,USLGB,"Long Beach CA",AUMEL,Melbourne,1,1,PIL,1,9,1797.20634920635,190.47619047619,1398,1728,18,18,18,{18}
2012-06-24,USLGB,"Long Beach CA",CNNSA,Nansha,1,1,"COSCO; Hanjin Shipping; K Line; PIL; PO Shipping; Wan Hai",6,5,8436,700,8200,8495,16,16,16,{16}
2012-06-24,USLGB,"Long Beach CA",CNTAO,Qingdao,1,1,"COSCO; K Line; Wan Hai",3,5,4482.4,369.6,4252,4738,15,15,15,{15}
2012-06-24,USLGB,"Long Beach CA",NZAKL,Auckland,2,2,"Alianca; ANL; CMA CGM; Hamburg Sud; Hapag-Lloyd; Maersk Line; USL-US Lines",7,9,13073,1930.85714285714,2452,3534,14,14,14,"{14,14}"
2012-06-24,USLGB,"Long Beach CA",NZTRG,Tauranga,1,1,"Alianca; ANL; Hamburg Sud; Hapag-Lloyd; USL-US Lines",5,4,5273,1024.5,2474,2758,15,15,15,{15}
2012-06-24,USLGB,"Long Beach CA",PABLB,Balboa,1,1,MSC,1,10,4947.8,575.4,3922,5301,8,8,8,{8}
2012-06-24,USLGB,"Long Beach CA",TWKHH,Kaohsiung,2,2,"CMA CGM; Hapag-Lloyd; Maersk Line; MSC; NYK; OOCL; USL-US Lines",7,12,16381,1335,8034,9200,16,16.5,17,"{16,17}"
2012-06-24,USLGB,"Long Beach CA",USHNL,"Honolulu HI",1,1,Matson,1,5,2715.8,300,2019,2890,3,3,3,{3}
2012-06-24,USLGB,"Long Beach CA",USOAK,"Oakland CA",10,10,"Alianca; ANL; CCNI; CMA CGM; COSCO; Hamburg Sud; Hanjin Shipping; Hapag-Lloyd; K Line; Maersk Line; MSC; NYK; OOCL; Polynesia Line; USL-US Lines; Yang Ming",16,63,51258.8203296703,4859.01080586081,1122,13092,1,1,2,"{1,1,2,2,1,2,1,1,1,1}"
2012-06-24,USMIA,"Miami FL",COSMR,"Santa Marta",1,1,"Seaboard Marine",1,2,834.5,176,712,957,4,4,4,{4}
2012-06-24,USMIA,"Miami FL",DOBCC,"Boca Chica",1,1,"Seaboard Marine",1,1,972,170,972,972,3,3,3,{3}
2012-06-24,USMIA,"Miami FL",DOCAU,Caucedo,1,1,"Evergreen Line; Hanjin Shipping; Hapag-Lloyd; Hyundai; NYK; Yang Ming",6,6,2682.33333333333,341.666666666667,2450,2890,4,4,4,{4}
2012-06-24,USMIA,"Miami FL",DOHAI,"Rio Haina",1,1,"Bernuth Lines",1,2,513.5,55,508,519,3,3,3,{3}
2012-06-24,USMIA,"Miami FL",FRLEH,"Le Havre",1,1,"CMA CGM; CSAV; Delmas; OOCL",4,6,3506.66666666667,500,3426,3586,13,13,13,{13}
2012-06-24,USMIA,"Miami FL",GTSTC,"Santo Tomas de Castilla",2,2,"APL; Maersk Line; Seaboard Marine",3,3,1778,336,660,1118,2,2.5,3,"{3,2}"
2012-06-24,USMIA,"Miami FL",HNPCR,"Puerto Cortes",3,3,"APL; Seaboard Marine",2,3,2528,484,584,972,2,3,3,"{2,3,3}"
2012-06-24,USMIA,"Miami FL",JMKIN,Kingston,1,1,"CMA CGM",1,3,1296,390,1296,1296,3,3,3,{3}
2012-06-24,USMIA,"Miami FL",MXVER,Veracruz,2,2,"CMA CGM; CSAV; Delmas; OOCL; Seaboard Marine",5,9,4624.66666666667,720,1118,3586,3,3,3,"{3,3}"
2012-06-24,USMIA,"Miami FL",PAMIT,Manzanillo,1,1,"Hapag-Lloyd; NYK; OOCL; ZIM",4,9,4574.44444444444,385.777777777778,4250,5042,4,4,4,{4}
2012-06-24,USMIA,"Miami FL",SXSXM,"St Maarten-Philipsburg",1,1,"Seaboard Marine",1,3,657,116,657,657,3,3,3,{3}
2012-06-24,USMIA,"Miami FL",USHOU,"Houston TX",1,1,"ACL-Atlantic Container Line; Hapag-Lloyd; NYK; OOCL",4,5,3207.4,400,3200,3237,3,3,3,{3}
2012-06-24,USMIA,"Miami FL",USJAX,"Jacksonville FL",2,2,"ANL; APL; CMA CGM; CSCL; Delmas; Hyundai; Maersk Line; MOL; UASC; USL-US Lines",10,24,9158.88111888112,674.405594405594,3388,5095,1,1,1,"{1,1}"
2012-06-24,USMIA,"Miami FL",USORF,"Norfolk VA",1,1,"APL; CMA CGM; Hyundai; Maersk Line",4,5,4304.4,350,4082,4360,2,2,2,{2}
2012-06-24,USMIA,"Miami FL",USSAV,"Savannah GA",1,1,"APL; Maersk Line",2,2,1118,220,1118,1118,1,1,1,{1}
2012-06-24,USMOB,"Mobile AL",USMIA,"Miami FL",2,2,"ANL; APL; CMA CGM; CSCL; Delmas; Hyundai; Maersk Line; UASC; USL-US Lines",9,16,8707.12727272727,653.636363636364,3388,5095,2,2.5,3,"{2,3}"
2012-06-24,USMOB,"Mobile AL",USMSY,"New Orleans LA",1,1,MSC,1,3,2813.66666666667,190,2468,3007,2,2,2,{2}
2012-06-24,USMSY,"New Orleans LA",BSFPO,Freeport,1,1,MSC,1,7,6014.42857142857,435.714285714286,4018,6750,3,3,3,{3}
2012-06-24,USMSY,"New Orleans LA",DOCAU,Caucedo,1,1,"CSAV; Hapag-Lloyd; Libra-Montemar; Maersk Line; NYK",5,8,5519.75,487.5,5006,5762,4,4,4,{4}
2012-06-24,USMSY,"New Orleans LA",ESBCN,Barcelona,1,1,MSC,1,7,4884.14285714286,398.428571428571,4545,5086,16,16,16,{16}
2012-06-24,USMSY,"New Orleans LA",GTSTC,"Santo Tomas de Castilla",2,2,"Maersk Line; Seaboard Marine",2,4,2620,447,907,1713,3,3,3,"{3,3}"
2012-06-24,USMSY,"New Orleans LA",JMKIN,Kingston,1,1,"MSC; ZIM",2,7,2987,136.285714285714,2480,3398,3,3,3,{3}
2012-06-24,USMSY,"New Orleans LA",USCHS,"Charleston SC",1,1,"ACL-Atlantic Container Line; Hapag-Lloyd; OOCL",3,6,2614.16666666667,188.333333333333,2826,3607,5,5,5,{5}
2012-06-24,USMSY,"New Orleans LA",USHOU,"Houston TX",2,2,"CCNI; CMA CGM; CSAV; Delmas; MSC",5,7,5318.16666666667,628.5,2468,3007,2,2,2,"{2,2}"
2012-06-24,USMSY,"New Orleans LA",USPEF,"Port Everglades FL",1,1,"Alianca; CCNI; CMA CGM; CSAV; Hamburg Sud; Hapag-Lloyd; Maersk Line",7,7,3244.57142857143,177.857142857143,2982,3400,3,3,3,{3}
2012-06-24,USNTD,"Port Hueneme CA",GTPRQ,"Puerto Quetzal",1,1,"Great White Fleet",1,2,3748.57142857143,760.714285714286,2490,2758,5,5,5,{5}
2012-06-24,USNYC,"New York NY/NJ",AEJEA,"Dubai, Jebel Ali",1,1,"Maersk Line; Safmarine",2,7,4292.57142857143,400,4154,4338,18,18,18,{18}
2012-06-24,USNYC,"New York NY/NJ",BEANR,Antwerp,1,1,"APL; CMA CGM; Hyundai; Maersk Line; MOL",5,13,4756.15384615385,370.769230769231,4589,5014,8,8,8,{8}
2012-06-24,USNYC,"New York NY/NJ",CAHAL,Halifax,3,3,"ACL-Atlantic Container Line; CSCL; Hapag-Lloyd; NYK; OOCL; ZIM",6,34,15354.4857142857,1372.25714285714,4545,5888,2,2,2,"{2,2,2}"
2012-06-24,USNYC,"New York NY/NJ",DEBRV,Bremerhaven,1,1,MSC,1,5,5059.4,490.8,5059,5060,10,10,10,{10}
2012-06-24,USNYC,"New York NY/NJ",DEHAM,Hamburg,1,1,"Alianca; Hamburg Sud; Hapag-Lloyd; Hyundai; NYK; OOCL",6,3,2761.33333333333,462,2670,2824,9,9,9,{9}
2012-06-24,USNYC,"New York NY/NJ",NLRTM,Rotterdam,1,1,"APL; CMA CGM; Hyundai; Maersk Line; MOL",5,5,4259.6,618.8,4250,4298,8,8,8,{8}
2012-06-24,USNYC,"New York NY/NJ",PAONX,Colon,1,1,"Evergreen Line",1,9,4229,450,4229,4229,4,4,4,{4}
2012-06-24,USNYC,"New York NY/NJ",PRSJU,"San Juan PR",1,1,"Horizon Lines",1,2,2012.5,184,1664,2361,5,5,5,{5}
2012-06-24,USNYC,"New York NY/NJ",USBAL,"Baltimore MD",5,5,"Alianca; CCNI; CMA CGM; CSAV; Evergreen Line; Hamburg Sud; Hapag-Lloyd; Libra-Montemar; Maersk Line; MSC; Safmarine",11,37,18088,1856.84722222222,1740,5042,1,2,2,"{2,1,2,1,2}"
2012-06-24,USNYC,"New York NY/NJ",USBOS,"Boston MA",1,1,"COSCO; Hanjin Shipping; K Line; Yang Ming",4,9,4567.11111111111,356.888888888889,3764,5089,1,1,1,{1}
2012-06-24,USNYC,"New York NY/NJ",USCHS,"Charleston SC",5,5,"APL; CMA CGM; Hanjin Shipping; Hyundai; Maersk Line; MOL; MSC; Safmarine",8,28,20708.4603174603,1979.91111111111,2470,5020,1,2,4,"{2,1,4,2,2}"
2012-06-24,USNYC,"New York NY/NJ",USFEB,"Fernandina Beach FL",1,1,"Seaboard Marine",1,2,966,252,966,966,2,2,2,{2}
2012-06-24,USNYC,"New York NY/NJ",USILM,"Wilmington NC",1,1,"COSCO; Hanjin Shipping; Hyundai; K Line; Yang Ming",5,9,4024,354,4024,4024,2,2,2,{2}
2012-06-24,USNYC,"New York NY/NJ",USORF,"Norfolk VA",16,16,"ACL-Atlantic Container Line; Alianca; ANL; APL; CMA CGM; COSCO; CSCL; Evergreen Line; Hamburg Sud; Hanjin Shipping; Hapag-Lloyd; Hyundai; K Line; Maersk Line; MCC; MOL; MSC; NYK; OOCL; Safmarine; Turkon; UASC; USL-US Lines; Yang Ming; ZIM",25,141,76198.5045940171,7225.35186202686,1296,9200,1,1,2,"{1,1,1,1,1,1,1,1,1,1,2,2,1,1,1,2}"
2012-06-24,USNYC,"New York NY/NJ",USPHL,"Philadelphia PA",2,2,"Alianca; CSAV; Hamburg Sud; Libra-Montemar; MSC",5,12,9429.4,961.942857142857,4250,5060,1,1.5,2,"{1,2}"
2012-06-24,USNYC,"New York NY/NJ",USSAV,"Savannah GA",5,5,"ANL; CMA CGM; COSCO; CSCL; Delmas; Evergreen Line; Hanjin Shipping; Hapag-Lloyd; Hyundai; Maersk Line; Marfret; NYK; OOCL; Safmarine; USL-US Lines; Yang Ming; ZIM",17,38,22101.9666666667,2634.46666666667,2262,5888,2,2,2,"{2,2,2,2,2}"
2012-06-24,USOAK,"Oakland CA",CAVAN,"Vancouver BC",1,1,MSC,1,10,4947.8,575.4,3922,5301,3,3,3,{3}
2012-06-24,USOAK,"Oakland CA",CNFQG,Fuqing,1,1,"ANL; CMA CGM; Maersk Line; MSC; USL-US Lines",5,6,10937.8333333333,803.333333333333,9415,13092,18,18,18,{18}
2012-06-24,USOAK,"Oakland CA",CNNGB,Ningbo,1,1,"COSCO; Hanjin Shipping; K Line; Yang Ming",4,5,4204.8,270,3725,5500,11,11,11,{11}
2012-06-24,USOAK,"Oakland CA",CNTAO,Qingdao,1,1,"CSCL; Evergreen Line; PO Shipping; ZIM",4,6,9219.66666666667,700,8468,9580,16,16,16,{16}
2012-06-24,USOAK,"Oakland CA",CNTXG,Xingang/Tianjin,2,2,"ANL; CMA CGM; COSCO; Hanjin Shipping; K Line; Maersk Line; MSC; USL-US Lines; Yang Ming",9,12,14408,1244.16666666667,5250,11660,19,19.5,20,"{20,19}"
2012-06-24,USOAK,"Oakland CA",JPTYO,Tokyo,6,6,"APL; CMA CGM; COSCO; Evergreen Line; Hanjin Shipping; Hapag-Lloyd; Hyundai; K Line; Maersk Line; MOL; NYK; OOCL; Yang Ming",13,43,26722.0205128205,2286.36923076923,3380,5744,11,12,14,"{11,12,12,12,12,14}"
2012-06-24,USOAK,"Oakland CA",JPYOK,Yokohama,2,2,"ACL-Atlantic Container Line; APL; Hapag-Lloyd; Hyundai; MOL; NYK; OOCL",7,20,9557.11904761905,701.52380952381,4545,4918,12,12.5,13,"{13,12}"
2012-06-24,USOAK,"Oakland CA",KRKAN,Gwangyang,1,1,"COSCO; Hanjin Shipping; K Line; Yang Ming",4,6,7321.66666666667,516.666666666667,6655,7455,14,14,14,{14}
2012-06-24,USOAK,"Oakland CA",KRPUS,Busan,5,5,"APL; COSCO; CSAV Norasia; Hanjin Shipping; Hapag-Lloyd; Hyundai; K Line; Maersk Line; MOL; NYK; OOCL; Yang Ming",12,41,30751.420979021,2657.77855477855,5250,7179,11,12,15,"{12,12,11,14,15}"
2012-06-24,USOAK,"Oakland CA",MXZLO,"Manzanillo, MEX",1,1,"Alianca; CCNI; Hamburg Sud",3,4,1799.25,425.25,1740,1819,4,4,4,{4}
2012-06-24,USOAK,"Oakland CA",PFPPT,"Papeete, Tahiti",1,1,"Alianca; Hamburg Sud; Polynesia Line",3,2,2599.28571428571,437.142857142857,1122,1304,11,11,11,{11}
2012-06-24,USOAK,"Oakland CA",RUVYP,Vostochniy,1,1,"CSCL; ZIM",2,10,4941.3,485,4800,5040,13,13,13,{13}
2012-06-24,USOAK,"Oakland CA",TWTPE,Taipei,1,1,"CSCL; Evergreen Line; ZIM",3,5,8302,700,8073,8468,13,13,13,{13}
2012-06-24,USOAK,"Oakland CA",USDUT,"Dutch Harbor AK",1,1,"CMA CGM; Evergreen Line; Maersk Line; MSC",4,5,4139,380,4082,4367,5,5,5,{5}
2012-06-24,USOAK,"Oakland CA",USHNL,"Honolulu HI",1,1,Matson,1,2,2331,353,1635,3027,4,4,4,{4}
2012-06-24,USOAK,"Oakland CA",USLAX,"Los Angeles CA",4,4,"ACL-Atlantic Container Line; Alianca; APL; Hamburg Sud; Hapag-Lloyd; Hyundai; Matson; MOL; NYK; OOCL",10,33,16211.7428571429,1968.04285714286,2520,5888,1,1.5,2,"{1,2,1,2}"
2012-06-24,USOAK,"Oakland CA",USLGB,"Long Beach CA",3,3,"Alianca; ANL; CMA CGM; Hamburg Sud; Hapag-Lloyd; Maersk Line; MSC; USL-US Lines",8,19,18020.8,2506.25714285714,2452,5301,2,3,3,"{3,2,3}"
2012-06-24,USOAK,"Oakland CA",USSEA,"Seattle WA",3,3,"Alianca; ANL; APL; Hamburg Sud; Hapag-Lloyd; Hyundai; MOL; USL-US Lines",8,22,14711.35,2053.4,2474,6724,2,2,2,"{2,2,2}"
2012-06-24,USOAK,"Oakland CA",USTIW,"Tacoma WA",1,1,"Evergreen Line; Maersk Line",2,6,6209,723.166666666667,6046,7024,2,2,2,{2}
2012-06-24,USORF,"Norfolk VA",AEJEA,"Dubai, Jebel Ali",1,1,"APL; Hanjin Shipping; Hyundai; MOL",4,9,4696.88888888889,301.111111111111,4340,5020,19,19,19,{19}
2012-06-24,USORF,"Norfolk VA",BEANR,Antwerp,1,1,"ACL-Atlantic Container Line; Hapag-Lloyd; NYK; OOCL",4,5,3207.4,400,3200,3237,9,9,9,{9}
2012-06-24,USORF,"Norfolk VA",CAHAL,Halifax,1,1,Eimskip,1,1,3051.42857142857,428.571428571429,712,712,3,3,3,{3}
2012-06-24,USORF,"Norfolk VA",CNTAO,Qingdao,1,1,"COSCO; Hanjin Shipping; K Line; Yang Ming",4,9,4567.11111111111,356.888888888889,3764,5089,30,30,30,{30}
2012-06-24,USORF,"Norfolk VA",ESALG,Algeciras,1,1,"Maersk Line; Safmarine",2,10,4657.4,441.4,4154,5100,9,9,9,{9}
2012-06-24,USORF,"Norfolk VA",NLRTM,Rotterdam,1,1,"APL; CMA CGM; Hyundai; Maersk Line",4,5,4304.4,350,4082,4360,8,8,8,{8}
2012-06-24,USORF,"Norfolk VA",SAJED,Jeddah,1,1,MSC,1,13,8652.30769230769,665.384615384615,8034,9200,20,20,20,{20}
2012-06-24,USORF,"Norfolk VA",USBAL,"Baltimore MD",1,1,MSC,1,13,8652.30769230769,665.384615384615,8034,9200,1,1,1,{1}
2012-06-24,USORF,"Norfolk VA",USCHS,"Charleston SC",6,6,"ACL-Atlantic Container Line; Alianca; APL; CMA CGM; COSCO; CSAV; Evergreen Line; Hamburg Sud; Hanjin Shipping; Hapag-Lloyd; Hyundai; K Line; Libra-Montemar; Maersk Line; MOL; MSC; NYK; OOCL; Safmarine; Yang Ming; ZIM",21,45,25681.9871794872,2365.50931013431,1740,5905,1,1.5,2,"{1,2,1,2,2,1}"
2012-06-24,USORF,"Norfolk VA",USMIA,"Miami FL",1,1,"APL; Maersk Line",2,2,1118,220,1118,1118,2,2,2,{2}
2012-06-24,USORF,"Norfolk VA",USNYC,"New York NY/NJ",7,7,"ACL-Atlantic Container Line; CMA CGM; CSAV; Evergreen Line; Hanjin Shipping; Hapag-Lloyd; Hyundai; Libra-Montemar; Maersk Line; MSC; NYK; OOCL; Safmarine; Yang Ming",14,59,31083.2404761905,2977.22380952381,2450,5888,1,2,4,"{2,2,2,1,4,1,2}"
2012-06-24,USORF,"Norfolk VA",USSAV,"Savannah GA",14,14,"ACL-Atlantic Container Line; ANL; APL; CMA CGM; COSCO; CSCL; Evergreen Line; Hanjin Shipping; Hapag-Lloyd; Hyundai; K Line; Maersk Line; MCC; MOL; MSC; NYK; OOCL; Safmarine; Turkon; UASC; USL-US Lines; Yang Ming; ZIM",23,123,62554.9263888889,5768.94801587302,1296,9200,1,1,2,"{2,1,2,1,1,1,1,1,1,1,2,1,1,2}"
2012-06-24,USPAB,"Palm Beach FL",PRSJU,"San Juan PR",1,1,"Tropical Shipping",1,2,1080.5,216,1061,1100,3,3,3,{3}
2012-06-24,USPAB,"Palm Beach FL",VISTX,"St Croix VI",1,1,"Tropical Shipping",1,2,850,187,850,850,3,3,3,{3}
2012-06-24,USPAE,"Everett WA",USSEA,"Seattle WA",1,1,Westwood,1,3,4338,841.333333333333,2169,2169,2,2,2,{2}
2012-06-24,USPDX,"Portland OR",CAVAN,"Vancouver BC",1,1,"COSCO; Hanjin Shipping; K Line; Yang Ming",4,6,5503,500,5302,5744,1,1,1,{1}
2012-06-24,USPDX,"Portland OR",USOAK,"Oakland CA",1,1,"Alianca; Hamburg Sud; Hapag-Lloyd",3,10,2767.1,528.9,2520,2872,2,2,2,{2}
2012-06-24,USPDX,"Portland OR",USSEA,"Seattle WA",1,1,Matson,1,2,2331,353,1635,3027,2,2,2,{2}
2012-06-24,USPEF,"Port Everglades FL",AWORJ,Aruba,1,1,"Alianca; Hamburg Sud; King Ocean",3,3,1773.33333333333,362,1706,1819,3,3,3,{3}
2012-06-24,USPEF,"Port Everglades FL",BRSUA,Suape,1,1,"Alianca; CSAV; Hamburg Sud; Libra-Montemar",4,7,4370,471.142857142857,4250,4600,9,9,9,{9}
2012-06-24,USPEF,"Port Everglades FL",BSFPO,Freeport,1,1,MSC,1,2,3155,310,2470,3840,1,1,1,{1}
2012-06-24,USPEF,"Port Everglades FL",BSNAS,Nassau,1,1,Crowley,1,1,373,40,373,373,1,1,1,{1}
2012-06-24,USPEF,"Port Everglades FL",COCTG,Cartagena,1,1,"Alianca; CCNI; CSAV; Hamburg Sud; Libra-Montemar",5,6,2979.83333333333,450,2690,3534,4,4,4,{4}
2012-06-24,USPEF,"Port Everglades FL",CRLIO,"Puerto Limon",2,2,"Crowley; Evergreen Line; King Ocean",3,5,2120,423.833333333333,957,1205,3,3.5,4,"{3,4}"
2012-06-24,USPEF,"Port Everglades FL",CUHAV,Havana,1,1,Crowley,1,1,972,170,972,972,1,1,1,{1}
2012-06-24,USPEF,"Port Everglades FL",DOHAI,"Rio Haina",1,1,Crowley,1,1,972,170,972,972,3,3,3,{3}
2012-06-24,USPEF,"Port Everglades FL",GTSTC,"Santo Tomas de Castilla",1,1,Crowley,1,1,972,170,972,972,3,3,3,{3}
2012-06-24,USPEF,"Port Everglades FL",HNPCR,"Puerto Cortes",1,1,"King Ocean",1,1,584,140,584,584,3,3,3,{3}
2012-06-24,USPEF,"Port Everglades FL",ITCAG,Cagliari,1,1,"Alianca; CCNI; CMA CGM; CSAV; Hamburg Sud; Hapag-Lloyd; Maersk Line",7,7,3244.57142857143,177.857142857143,2982,3400,15,15,15,{15}
2012-06-24,USPEF,"Port Everglades FL",JMKIN,Kingston,2,1,"SeaFreight Line; ZIM",2,10,2212.8,424,1096,1118,2,2,2,"{2,2}"
2012-06-24,USPEF,"Port Everglades FL",MXVER,Veracruz,2,2,"Alianca; CCNI; CMA CGM; CSAV; Hamburg Sud; Hapag-Lloyd; Maersk Line; MSC",8,14,8128.71428571429,576.285714285714,2982,5086,2,3,4,"{2,4}"
2012-06-24,USPEF,"Port Everglades FL",USILG,"Wilmington DE",1,1,Dole,1,2,2046,990,2046,2046,3,3,3,{3}
2012-06-24,USPEF,"Port Everglades FL",USJAX,"Jacksonville FL",1,1,"Alianca; Hamburg Sud; King Ocean",3,3,1773.33333333333,362,1706,1819,1,1,1,{1}
2012-06-24,USPEF,"Port Everglades FL",USNYC,"New York NY/NJ",1,1,"Alianca; CCNI; CSAV; Hamburg Sud; Libra-Montemar",5,6,2979.83333333333,450,2690,3534,3,3,3,{3}
2012-06-24,USPEF,"Port Everglades FL",VISTT,"St Thomas VI",1,1,"Crowley; SeaFreight Line",2,2,1122,150,1122,1122,3,3,3,{3}
2012-06-24,USPHL,"Philadelphia PA",GBTIL,Tilbury,1,1,"ANL; CMA CGM; Delmas; Marfret; USL-US Lines",5,6,4809.33333333333,960.666666666667,2262,2556,6,6,6,{6}
2012-06-24,USPHL,"Philadelphia PA",USBAL,"Baltimore MD",1,1,MSC,1,5,5059.4,490.8,5059,5060,1,1,1,{1}
2012-06-24,USPHL,"Philadelphia PA",USNYC,"New York NY/NJ",1,1,MSC,1,2,3155,310,2470,3840,2,2,2,{2}
2012-06-24,USPHL,"Philadelphia PA",USORF,"Norfolk VA",1,1,"Alianca; CSAV; Hamburg Sud; Libra-Montemar",4,7,4370,471.142857142857,4250,4600,1,1,1,{1}
2012-06-24,USPHL,"Philadelphia PA",USSAV,"Savannah GA",1,1,"Alianca; Hamburg Sud; Hapag-Lloyd; Maersk Line; MSC",5,10,3413.9,671.6,2824,4250,3,3,3,{3}
2012-06-24,USSAN,"San Diego CA",ECGYE,Guayaquil,1,1,Dole,1,3,896.666666666667,445,890,910,7,7,7,{7}
2012-06-24,USSAV,"Savannah GA",BSFPO,Freeport,2,2,"CMA CGM; CSAV; Hapag-Lloyd; Libra-Montemar; MSC",5,15,10421.1785714286,843.214285714286,4018,6750,1,1.5,2,"{2,1}"
2012-06-24,USSAV,"Savannah GA",CNXMN,Xiamen,1,1,"CMA CGM; CSCL; UASC; USL-US Lines",4,9,4229.55555555556,435.555555555556,4051,4255,27,27,27,{27}
2012-06-24,USSAV,"Savannah GA",COCTG,Cartagena,1,1,"Alianca; Hamburg Sud; Hapag-Lloyd; Maersk Line; MSC",5,10,3413.9,671.6,2824,4250,5,5,5,{5}
2012-06-24,USSAV,"Savannah GA",EGALY,Alexandria,1,1,Turkon,1,5,2349.51428571429,412.971428571429,1625,1878,16,16,16,{16}
2012-06-24,USSAV,"Savannah GA",ESALG,Algeciras,2,2,"CMA CGM; Hanjin Shipping; Hapag-Lloyd; K Line; Maersk Line; MOL; Safmarine; UASC; Yang Ming",9,16,8253.16666666667,882.3,3802,4545,11,11.5,12,"{11,12}"
2012-06-24,USSAV,"Savannah GA",JMKIN,Kingston,2,2,"ANL; CMA CGM; COSCO; CSCL; Delmas; Hapag-Lloyd; Marfret; USL-US Lines; ZIM",9,12,9059.83333333333,1349,2262,4253,2,2,2,"{2,2}"
2012-06-24,USSAV,"Savannah GA",KRPUS,Busan,1,1,"Hapag-Lloyd; NYK; OOCL",3,9,4900.88888888889,337.777777777778,4882,4922,26,26,26,{26}
2012-06-24,USSAV,"Savannah GA",MXESE,Ensenada,1,1,"COSCO; Hanjin Shipping; Hyundai; K Line; Yang Ming",5,9,4024,354,4024,4024,12,12,12,{12}
2012-06-24,USSAV,"Savannah GA",MYTPP,"Tanjung Pelepas",1,1,"CMA CGM; Maersk Line; MCC; USL-US Lines",4,16,8496.0625,751.375,7370,9200,31,31,31,{31}
2012-06-24,USSAV,"Savannah GA",PAMIT,Manzanillo,1,1,"ACL-Atlantic Container Line; Hapag-Lloyd; NYK; OOCL",4,14,4710.78571428571,384.857142857143,4545,4890,3,3,3,{3}
2012-06-24,USSAV,"Savannah GA",SGSIN,Singapore,1,1,"COSCO; Hanjin Shipping; K Line; MOL; Yang Ming",5,9,5780,508.888888888889,5447,6589,26,26,26,{26}
2012-06-24,USSAV,"Savannah GA",USCHS,"Charleston SC",7,7,"ANL; APL; CMA CGM; COSCO; Hanjin Shipping; Hapag-Lloyd; Hyundai; K Line; Maersk Line; MOL; MSC; NYK; OOCL; Yang Ming; ZIM",15,65,36038.2095543345,2945.75702075702,3725,9200,0,0,1,"{1,0,0,1,0,0,1}"
2012-06-24,USSAV,"Savannah GA",USHOU,"Houston TX",2,2,"APL; CMA CGM; Hyundai; Maersk Line; Safmarine",5,15,8961.8,791.4,4082,5100,3,4,5,"{3,5}"
2012-06-24,USSAV,"Savannah GA",USILM,"Wilmington NC",1,1,"APL; Maersk Line",2,2,1118,220,1118,1118,1,1,1,{1}
2012-06-24,USSAV,"Savannah GA",USJAX,"Jacksonville FL",3,3,"APL; CMA CGM; Evergreen Line; Hanjin Shipping; Hyundai; MOL",6,22,11717.3,998.444444444444,1296,6350,1,1,1,"{1,1,1}"
2012-06-24,USSAV,"Savannah GA",USMIA,"Miami FL",2,2,"Evergreen Line; Hanjin Shipping; Hapag-Lloyd; Hyundai; NYK; OOCL; Yang Ming; ZIM",8,15,7256.77777777778,727.444444444444,2450,5042,1,1.5,2,"{1,2}"
2012-06-24,USSAV,"Savannah GA",USNYC,"New York NY/NJ",2,2,"CSCL; Evergreen Line; ZIM",3,19,9244.63333333333,969.222222222222,4211,5042,2,2.5,3,"{2,3}"
2012-06-24,USSAV,"Savannah GA",USORF,"Norfolk VA",5,5,"ACL-Atlantic Container Line; APL; COSCO; Hanjin Shipping; Hapag-Lloyd; Hyundai; K Line; MOL; NYK; OOCL; Yang Ming",11,47,22468.8079365079,1960.59047619048,3200,5888,1,1,2,"{2,1,2,1,1}"
2012-06-24,USSAV,"Savannah GA",USPEF,"Port Everglades FL",1,1,"Alianca; CCNI; CMA CGM; CSAV; Hamburg Sud; Hapag-Lloyd; Maersk Line",7,7,3244.57142857143,177.857142857143,2982,3400,2,2,2,{2}
2012-06-24,USSAV,"Savannah GA",USPHL,"Philadelphia PA",1,1,"ANL; CMA CGM; Delmas; Marfret; USL-US Lines",5,6,4809.33333333333,960.666666666667,2262,2556,2,2,2,{2}
2012-06-24,USSEA,"Seattle WA",CAVAN,"Vancouver BC",8,8,"Alianca; ANL; APL; CMA CGM; CSCL; Hamburg Sud; Hapag-Lloyd; Hyundai; Maersk Line; MCC; MOL; USL-US Lines; Westwood",13,63,42010.7791666667,5091.04166666667,2169,9200,0,0,2,"{2,0,1,0,0,0,0,1}"
2012-06-24,USSEA,"Seattle WA",JPTMK,Tomakomai,1,1,Westwood,1,3,4338,841.333333333333,2169,2169,12,12,12,{12}
2012-06-24,USSEA,"Seattle WA",JPYOK,Yokohama,1,1,"COSCO; Hanjin Shipping; K Line; Yang Ming",4,6,7087.5,500.166666666667,5250,7455,15,15,15,{15}
2012-06-24,USSEA,"Seattle WA",USOAK,"Oakland CA",2,2,"Matson; MSC",2,12,7278.8,928.4,1635,5301,2,2.5,3,"{2,3}"
2012-06-24,USSEA,"Seattle WA",USPDX,"Portland OR",1,1,"COSCO; Hanjin Shipping; K Line; Yang Ming",4,6,5503,500,5302,5744,1,1,1,{1}
2012-06-24,USTIW,"Tacoma WA",CAVAN,"Vancouver BC",4,4,"COSCO; Evergreen Line; Hanjin Shipping; Hapag-Lloyd; K Line; MOL; NYK; OOCL; PIL; Yang Ming; ZIM",11,31,24097.0761904762,2103,3725,8749,1,1,2,"{1,2,1,1}"
2012-06-24,USTIW,"Tacoma WA",KRPUS,Busan,1,1,"Hapag-Lloyd; NYK; OOCL; PIL; ZIM",5,7,7895.42857142857,700,7179,8440,13,13,13,{13}
2012-06-24,USTIW,"Tacoma WA",TWKHH,Kaohsiung,1,1,"Evergreen Line; Maersk Line",2,6,6209,723.166666666667,6046,7024,16,16,16,{16}
2012-06-24,USTIW,"Tacoma WA",USOAK,"Oakland CA",1,1,"ACL-Atlantic Container Line; Hapag-Lloyd; NYK; OOCL",4,14,4710.78571428571,384.857142857143,4545,4890,2,2,2,{2}
2012-06-24,USTIW,"Tacoma WA",USSEA,"Seattle WA",1,1,"APL; Hyundai; MOL",3,6,6402.16666666667,516.666666666667,6250,6763,0,0,0,{0}
2012-06-24,UYMVD,Montevideo,ARBUE,"Buenos Aires",2,2,"ANL; CMA CGM; COSCO; CSAV; CSCL; Evergreen Line; Libra-Montemar; MSC",8,21,9786.69090909091,1254.1,3400,6627,0,0.5,1,"{0,1}"
2012-06-24,UYMVD,Montevideo,BRNVT,Navegantes,2,2,"Alianca; Hamburg Sud; Hyundai; K Line; MOL; NYK; PIL",7,25,9725.37179487179,941.538461538462,4250,5605,2,2,2,"{2,2}"
2012-06-24,UYMVD,Montevideo,BRRIG,"Rio Grande",7,7,"Alianca; CCNI; CMA CGM; COSCO; CSAV; Hamburg Sud; Hanjin Shipping; Hapag-Lloyd; Libra-Montemar; Maersk Line; MCC; MOL; MSC; Niver Lines; NYK; Safmarine; ZIM",17,61,39960.0654761905,5977.26136363636,3078,8500,0,1,1,"{1,1,1,1,0,1,1}"
2012-06-24,VCKTN,"Kingstown, St Vincent",BBBGI,Bridgetown,1,1,"Crowley; SeaFreight Line",2,2,1122,150,1122,1122,1,1,1,{1}
2012-06-24,VCKTN,"Kingstown, St Vincent",HTPAP,Port-au-Prince,1,1,"SeaFreight Line; ZIM",2,5,1106.4,212,1096,1118,0,0,0,{0}
2012-06-24,VCKTN,"Kingstown, St Vincent",TTPOS,"Port of Spain",1,1,"Tropical Shipping",1,2,850,187,850,850,0,0,0,{0}
2012-06-24,VEEGU,"El Guamache",SRPBM,Paramaribo,1,1,"SeaFreight Line; ZIM",2,5,1106.4,212,1096,1118,0,0,0,{0}
2012-06-24,VELAG,"La Guaira",COBAQ,Barranquilla,1,1,"Alianca; Hamburg Sud; King Ocean",3,3,1773.33333333333,362,1706,1819,5,5,5,{5}
2012-06-24,VELAG,"La Guaira",COCTG,Cartagena,1,1,"CMA CGM; Delmas; Marfret",3,6,2475.33333333333,533.333333333333,2078,2566,1,1,1,{1}
2012-06-24,VELAG,"La Guaira",JMKIN,Kingston,1,1,"CCNI; CMA CGM; CSAV; Delmas",4,4,2504.5,438.5,2478,2524,2,2,2,{2}
2012-06-24,VELAG,"La Guaira",MXATM,Altamira,1,1,"Alianca; Hamburg Sud",2,4,1575.25,192.75,1570,1577,5,5,5,{5}
2012-06-24,VELAG,"La Guaira",TTPTS,"Point Lisas",1,1,"SeaFreight Line; ZIM",2,5,1106.4,212,1096,1118,2,2,2,{2}
2012-06-24,VEMAR,Maracaibo,CRLIO,"Puerto Limon",1,1,"King Ocean",1,3,957,241.333333333333,957,957,5,5,5,{5}
2012-06-24,VEPBL,"Puerto Cabello",TTPOS,"Port of Spain",1,1,"CMA CGM; CSAV; CSCL; Libra-Montemar",4,12,4561,425.166666666667,4130,5100,2,2,2,{2}
2012-06-24,VEPBL,"Puerto Cabello",VELAG,"La Guaira",3,3,"Alianca; CCNI; CMA CGM; CSAV; Delmas; Hamburg Sud; King Ocean",7,11,5853.08333333333,993.25,1570,2524,0,2,5,"{2,0,5}"
2012-06-24,VEPSU,"Puerto Sucre",BRMCP,Macapa,1,1,"APL; MOL",2,4,1494.25,249,1174,1645,3,3,3,{3}
2012-06-24,VISTT,"St Thomas VI",CASJB,"Saint John, New Brunswick",1,1,"Tropical Shipping",1,2,1080.5,216,1061,1100,6,6,6,{6}
2012-06-24,VISTT,"St Thomas VI",USJAX,"Jacksonville FL",1,1,"Crowley; SeaFreight Line",2,2,1122,150,1122,1122,3,3,3,{3}
2012-06-24,VISTT,"St Thomas VI",VISTX,"St Croix VI",1,1,"Crowley; SeaFreight Line",2,2,1122,150,1122,1122,1,1,1,{1}
2012-06-24,VISTX,"St Croix VI",AGSJO,"St John's, Antigua",1,1,"Tropical Shipping",1,2,850,187,850,850,0,0,0,{0}
2012-06-24,VISTX,"St Croix VI",AIAXA,Anguilla,1,1,"Tropical Shipping",1,2,850,187,850,850,1,1,1,{1}
2012-06-24,VISTX,"St Croix VI",TTPTS,"Point Lisas",1,1,"Crowley; SeaFreight Line",2,2,1122,150,1122,1122,2,2,2,{2}
2012-06-24,VNCLN,"Cai Lan",HKHKG,"Hong Kong",1,1,"K Line; NYK",2,4,1613,206,1613,1613,2,2,2,{2}
2012-06-24,VNCLN,"Cai Lan",VNSGN,"Ho Chi Minh (VICT/Cat Lai)",2,2,"K Line; MSC; NYK",3,7,3551,504.333333333333,1613,2098,3,4.5,6,"{6,3}"
2012-06-24,VNDAD,"Da Nang",HKHKG,"Hong Kong",1,1,"Yang Ming",1,2,965,150,925,1005,1,1,1,{1}
2012-06-24,VNDAD,"Da Nang",VNHPH,Haiphong,1,1,MCC,1,3,1496,276,1496,1496,2,2,2,{2}
2012-06-24,VNDAD,"Da Nang",VNSGN,"Ho Chi Minh (VICT/Cat Lai)",2,2,"IAL-Interasia Lines; K Line; MOL; Wan Hai",4,6,3233.33333333333,327.333333333333,1368,1800,2,2.5,3,"{2,3}"
2012-06-24,VNHPH,Haiphong,CNFAN,Fangcheng,1,1,"MELL; OOCL",2,1,1036,250,1036,1036,1,1,1,{1}
2012-06-24,VNHPH,Haiphong,CNSHA,Shanghai,1,1,"Hanjin Shipping; Sinotrans",2,2,1073,234,1061,1085,5,5,5,{5}
2012-06-24,VNHPH,Haiphong,CNSHK,Shekou,6,6,"COSCO; Heung-A; KMTC; Namsung; NYK; PanOcean; RCL; Sinotrans; SITC Shipping; TS Lines",10,16,5940.33333333333,994.333333333333,706,1157,1,2,2,"{1,2,2,2,2,2}"
2012-06-24,VNHPH,Haiphong,CNZHA,Zhanjiang,1,1,"IAL-Interasia Lines; MOL; Wan Hai",3,3,936,33.3333333333333,836,1000,1,1,1,{1}
2012-06-24,VNHPH,Haiphong,HKHKG,"Hong Kong",6,6,"Bien Dong; Evergreen Line; Heung-A; MCC; MOL; Namsung; NYK; RCL",8,11,5402.33333333333,646,420,1496,2,2,5,"{2,2,2,5,2,2}"
2012-06-24,VNHPH,Haiphong,TWKHH,Kaohsiung,4,4,"CNC Line-Cheng Lie Navigation Co. Ltd.; Evergreen Line; MELL; OOCL; Wan Hai",5,4,3844,438,744,1038,2,3,3,"{3,2,3,3}"
2012-06-24,VNHPH,Haiphong,VNDAD,"Da Nang",1,1,"Yang Ming",1,2,965,150,925,1005,1,1,1,{1}
2012-06-24,VNHPH,Haiphong,VNSGN,"Ho Chi Minh (VICT/Cat Lai)",1,1,MCC,1,3,1496,276,1496,1496,3,3,3,{3}
2012-06-24,VNSGN,"Ho Chi Minh (VICT/Cat Lai)",CNNGB,Ningbo,1,1,"OOCL; RCL",2,3,1250.66666666667,236.666666666667,1228,1296,6,6,6,{6}
2012-06-24,VNSGN,"Ho Chi Minh (VICT/Cat Lai)",CNNSA,Nansha,1,1,"SITC Shipping",1,4,1172,137.5,1025,1221,5,5,5,{5}
2012-06-24,VNSGN,"Ho Chi Minh (VICT/Cat Lai)",CNSHK,Shekou,2,2,"Gold Star Line; KMTC; MCC; Sinokor; TS Lines",5,7,3241.5,352.083333333333,1512,1795,3,3,3,"{3,3}"
2012-06-24,VNSGN,"Ho Chi Minh (VICT/Cat Lai)",HKHKG,"Hong Kong",9,9,"CNC Line-Cheng Lie Navigation Co. Ltd.; Evergreen Line; Gold Star Line; Hanjin Shipping; Heung-A; IAL-Interasia Lines; K Line; MCC; MELL; MOL; MSC; PanOcean; TS Lines; Wan Hai; Yang Ming",15,31,14773.3833333333,2059.55,1169,2098,2,2,4,"{3,4,4,2,3,2,2,2,2}"
2012-06-24,VNSGN,"Ho Chi Minh (VICT/Cat Lai)",JPUKB,Kobe,1,1,"Evergreen Line; Hyundai; NYK",3,3,1194,130,1177,1228,6,6,6,{6}
2012-06-24,VNSGN,"Ho Chi Minh (VICT/Cat Lai)",KHKOS,Sihanoukville,2,2,"MCC; SITC Shipping",2,7,2668,413.5,1025,1496,2,2.5,3,"{3,2}"
2012-06-24,VNSGN,"Ho Chi Minh (VICT/Cat Lai)",KRPUS,Busan,1,1,"Hanjin Shipping; KMTC; PanOcean; Sinokor",4,3,1529.33333333333,183.333333333333,1440,1708,5,5,5,{5}
2012-06-24,VNSGN,"Ho Chi Minh (VICT/Cat Lai)",MYTPP,"Tanjung Pelepas",1,1,MCC,1,3,1496,276,1496,1496,3,3,3,{3}
2012-06-24,VNSGN,"Ho Chi Minh (VICT/Cat Lai)",SGSIN,Singapore,3,3,"Hanjin Shipping; Heung-A; K Line; MSC; NYK; PanOcean",6,10,5300.33333333333,797.333333333333,1613,2098,2,2,3,"{2,2,3}"
2012-06-24,VNSGN,"Ho Chi Minh (VICT/Cat Lai)",THBKK,"Bangkok (Old Port)",4,4,"Gold Star Line; Hanjin Shipping; Heung-A; Hyundai; MOL; Namsung; NYK; RCL",8,12,4801,519.666666666667,1005,1578,1,2.5,3,"{2,1,3,3}"
2012-06-24,VNSGN,"Ho Chi Minh (VICT/Cat Lai)",THLCH,"Laem Chabang",4,4,"CNC Line-Cheng Lie Navigation Co. Ltd.; Gold Star Line; Hyundai; KMTC; MCC; OOCL; PanOcean; Sinokor; Wan Hai; Yang Ming",10,14,6189.83333333333,743.916666666667,1368,1819,2,2,3,"{2,2,2,3}"
2012-06-24,VNSGN,"Ho Chi Minh (VICT/Cat Lai)",TWKHH,Kaohsiung,4,3,"Evergreen Line; MOL; OOCL; Wan Hai; Yang Ming",5,12,6024.33333333333,596.666666666667,1125,1800,3,3,3,"{3,3,3,3}"
2012-06-24,VNSGN,"Ho Chi Minh (VICT/Cat Lai)",VNCLN,"Cai Lan",1,1,"K Line; NYK",2,4,1613,206,1613,1613,2,2,2,{2}
2012-06-24,VNTCT,"Cai Mep",CNNSA,Nansha,1,1,"Hapag-Lloyd; Maersk Line; MCC; NYK; OOCL; Safmarine",6,16,8926.25,725,9030,9700,3,3,3,{3}
2012-06-24,VNTCT,"Cai Mep",CNSHK,Shekou,1,1,"COSCO; Hanjin Shipping; K Line; MOL; Yang Ming",5,9,5780,508.888888888889,5447,6589,2,2,2,{2}
2012-06-24,VNTCT,"Cai Mep",HKHKG,"Hong Kong",4,4,"APL; COSCO; Evergreen Line; Hanjin Shipping; Hyundai; K Line; MOL; Yang Ming",8,35,20837.6846153846,1709.38461538462,2824,6724,2,2,3,"{3,2,2,2}"
2012-06-24,VNTCT,"Cai Mep",JPTYO,Tokyo,1,1,"Evergreen Line; K Line; NYK; SITC Shipping",4,4,1708,202,1708,1708,7,7,7,{7}
2012-06-24,VNTCT,"Cai Mep",SGSIN,Singapore,2,2,"ANL; APL; CMA CGM; CSCL; Delmas; Evergreen Line; Hapag-Lloyd; Hyundai; MOL; MSC; NYK; OOCL; UASC",13,22,19856.7272727273,1486.36363636364,8100,11388,2,2,2,"{2,2}"
2012-06-24,VNTCT,"Cai Mep",THLCH,"Laem Chabang",2,2,"Evergreen Line; Hapag-Lloyd; K Line; NYK; OOCL; SITC Shipping",6,14,7410.4,704.4,1708,5888,2,2.5,3,"{2,3}"
2012-06-24,VNTCT,"Cai Mep",TWKHH,Kaohsiung,1,1,"APL; MOL",2,3,2468,400,2468,2468,3,3,3,{3}
2012-06-24,WSAPW,"Apia, W. Samoa",ASPPG,"Pago Pago",1,1,"Alianca; Hamburg Sud; Polynesia Line",3,2,2599.28571428571,437.142857142857,1122,1304,1,1,1,{1}
2012-06-24,ZACPT,"Cape Town",CGPNR,"Pointe Noire",2,2,"Maersk Line; MCC; NileDutch; Safmarine",4,19,8411.24149659864,1129.07653061224,2008,4496,6,6.5,7,"{7,6}"
2012-06-24,ZACPT,"Cape Town",CNTAO,Qingdao,1,1,"Maersk Line; MCC; Safmarine",3,12,3426.83333333333,316.75,2008,4496,21,21,21,{21}
2012-06-24,ZACPT,"Cape Town",MYPKG,"Port Klang",2,2,"CMA CGM; Delmas; K Line; MOL; PIL",5,18,6645.8,786.45,2080,4738,15,17.5,20,"{20,15}"
2012-06-24,ZACPT,"Cape Town",NLRTM,Rotterdam,1,1,"DAL-Deutsche Afrika Linien; Maersk Line; MOL; Safmarine",4,8,4473.625,853.375,4045,4922,16,16,16,{16}
2012-06-24,ZACPT,"Cape Town",SGSIN,Singapore,1,1,"COSCO; Evergreen Line",2,8,3296.125,220.125,2728,3842,15,15,15,{15}
2012-06-24,ZACPT,"Cape Town",SNDKR,Dakar,1,1,"Maersk Line; Safmarine",2,7,1450.71428571429,320,1061,1740,13,13,13,{13}
2012-06-24,ZACPT,"Cape Town",USNYC,"New York NY/NJ",1,1,"Maersk Line; MSC; Safmarine",3,8,2462.75,145.125,1740,3456,17,17,17,{17}
2012-06-24,ZACPT,"Cape Town",ZAPLZ,"Port Elizabeth",1,1,"DAL-Deutsche Afrika Linien; Maersk Line; MOL; Safmarine",4,8,4473.625,853.375,4045,4922,2,2,2,{2}
2012-06-24,ZACPT,"Cape Town",ZAZBA,"Ngqura (Coega)",2,2,"Alianca; CSAV; Hamburg Sud; Hapag-Lloyd; MOL; MSC; Stinnes",7,28,12490.6051282051,1067.53846153846,4250,9200,1,1.5,2,"{2,1}"
2012-06-24,ZADUR,Durban,BRSSZ,Santos,1,1,"Alianca; ANL; CMA CGM; CSAV; CSCL; Hamburg Sud; Libra-Montemar; Maersk Line; Safmarine",9,11,4223.27272727273,409.727272727273,3400,4600,13,13,13,{13}
2012-06-24,ZADUR,Durban,CNTXG,Xingang/Tianjin,1,1,NileDutch,1,7,4984.40816326531,812.326530612245,2478,3405,23,23,23,{23}
2012-06-24,ZADUR,Durban,GHTEM,Tema,2,2,"CSCL; Gold Star Line; Hapag-Lloyd; K Line; NileDutch; NYK; PIL",7,17,3827.2987012987,589.329004329004,1075,2986,12,12,12,"{12,12}"
2012-06-24,ZADUR,Durban,INNSA,"Mumbai (Nhava Sheva)",1,1,"Gold Star Line; PIL",2,6,1926.57142857143,280.238095238095,1075,1597,11,11,11,{11}
2012-06-24,ZADUR,Durban,MYPKG,"Port Klang",2,2,"ANL; CMA CGM; CSAV; CSCL; Hapag-Lloyd; K Line; Libra-Montemar; MSC; NileDutch; NYK",10,22,8220.81818181818,1149.09090909091,2478,6627,10,11.5,13,"{13,10}"
2012-06-24,ZADUR,Durban,MZMPM,Maputo,1,1,"Evergreen Line; MOL",2,5,1986.8,318.8,2442,2526,1,1,1,{1}
2012-06-24,ZADUR,Durban,NGAPP,Apapa,1,1,"Gold Star Line",1,8,3233.39285714286,396.25,1742,3029,8,8,8,{8}
2012-06-24,ZADUR,Durban,OMSLL,Salalah,1,1,"CSAV; MSC",2,4,3299.75,246,2900,3660,8,8,8,{8}
2012-06-24,ZADUR,Durban,SGSIN,Singapore,2,2,"Alianca; ANL; CMA CGM; CSAV; CSCL; Hamburg Sud; Hapag-Lloyd; Libra-Montemar; Maersk Line; MSC; Safmarine; Stinnes",12,26,11449.3393939394,935.727272727273,3400,9200,13,14,15,"{13,15}"
2012-06-24,ZADUR,Durban,ZACPT,"Cape Town",5,5,"COSCO; DAL-Deutsche Afrika Linien; Evergreen Line; K Line; Maersk Line; MOL; MSC; NileDutch; PIL; Safmarine",10,39,19557.4081632653,2408.70153061224,1740,4922,1,4,5,"{5,1,4,3,5}"
2012-06-24,ZADUR,Durban,ZAPLZ,"Port Elizabeth",3,3,"CMA CGM; Maersk Line; MCC; Safmarine",4,21,11401.9642857143,1410.83333333333,1061,8488,1,2,4,"{1,4,2}"
2012-06-24,ZADUR,Durban,ZAZBA,"Ngqura (Coega)",1,1,"CSAV; Hapag-Lloyd; MSC; Stinnes",4,15,7226.06666666667,526,5527,9200,1,1,1,{1}
2012-06-24,ZAPLZ,"Port Elizabeth",INMUN,Mundra,1,1,"CMA CGM; Delmas",2,10,1620.8,246.6,1638,2496,13,13,13,{13}
2012-06-24,ZAPLZ,"Port Elizabeth",MUPLU,"Port Louis",2,2,"CMA CGM; Maersk Line; MCC; Safmarine",4,14,9951.25,1090.83333333333,3460,8488,5,5,5,"{5,5}"
2012-06-24,ZAPLZ,"Port Elizabeth",ZACPT,"Cape Town",1,1,"Maersk Line; Safmarine",2,7,1450.71428571429,320,1061,1740,3,3,3,{3}
2012-06-24,ZAPLZ,"Port Elizabeth",ZADUR,Durban,3,3,"Alianca; ANL; CMA CGM; CSAV; CSCL; DAL-Deutsche Afrika Linien; Hamburg Sud; Libra-Montemar; Maersk Line; MOL; MSC; Safmarine",12,27,11159.6477272727,1408.22727272727,1740,4922,1,3,4,"{4,3,1}"
2012-06-24,ZAZBA,"Ngqura (Coega)",BRSSZ,Santos,1,1,"Alianca; Hamburg Sud; MOL",3,13,5264.53846153846,541.538461538462,4250,5605,8,8,8,{8}
2012-06-24,ZAZBA,"Ngqura (Coega)",NLRTM,Rotterdam,1,1,"CSAV; Hapag-Lloyd; MSC; Stinnes",4,15,7226.06666666667,526,5527,9200,22,22,22,{22}
2012-06-24,ZAZBA,"Ngqura (Coega)",SGSIN,Singapore,1,1,"Alianca; Hamburg Sud; MOL",3,13,5264.53846153846,541.538461538462,4250,5605,16,16,16,{16}
2012-06-24,ZAZBA,"Ngqura (Coega)",ZADUR,Durban,1,1,"CSAV; Hapag-Lloyd; MSC; Stinnes",4,15,7226.06666666667,526,5527,9200,1,1,1,{1}
