period,origin,namea,destination,nameb,connections,distinct_services,companies,num_companies,num_vessels,weekly_teu,weekly_rplugs,min_vessel,max_vessel,min_days,median_days,max_days,available_transit_times
2013-03-24,AEAUH,"Abu Dhabi",MYPKG,"Port Klang",1,1,"ANL; CMA CGM; COSCO; CSCL; Hyundai; UASC",6,7,13460,1000,12562,14074,8,8,8,{8}
2013-03-24,AEAUH,"Abu Dhabi",OMSOH,Sohar,1,1,"APL; MOL",2,6,4156.33333333333,348,5888,6350,1,1,1,{1}
2013-03-24,AEJEA,"Dubai, Jebel Ali",AEAUH,"Abu Dhabi",2,2,"ANL; APL; CMA CGM; COSCO; CSCL; Hyundai; MOL; UASC",8,13,17616.3333333333,1348,5888,14074,0,0.5,1,"{1,0}"
2013-03-24,AEJEA,"Dubai, Jebel Ali",AEKLF,"Khor Fakkan",3,3,"CMA CGM; CSAV Norasia; Delmas; Emirates Shipping; Hanjin Shipping; KMTC; UASC",7,15,11437.7714285714,1439.02857142857,1708,6919,1,2,2,"{1,2,2}"
2013-03-24,AEJEA,"Dubai, Jebel Ali",BHBAH,Bahrain,2,2,"APL; CSCL; MOL; UASC",4,15,11233.5892857143,965.589285714286,3802,9200,0,0.5,1,"{0,1}"
2013-03-24,AEJEA,"Dubai, Jebel Ali",CNNGB,Ningbo,1,1,"ANL; CMA CGM; Delmas; FESCO; MSC; UASC",6,11,12211.6363636364,763.636363636364,11388,16000,15,15,15,{15}
2013-03-24,AEJEA,"Dubai, Jebel Ali",CNNSA,Nansha,1,1,"Maersk Line; MCC",2,12,7409,525.333333333333,6700,8750,15,15,15,{15}
2013-03-24,AEJEA,"Dubai, Jebel Ali",DJJIB,Djibouti,1,1,"Maersk Line; Safmarine",2,6,2568.33333333333,331.666666666667,2226,4224,5,5,5,{5}
2013-03-24,AEJEA,"Dubai, Jebel Ali",INNSA,"Mumbai (Nhava Sheva)",2,2,"APL; Maersk Line; Safmarine",3,11,10867.9642857143,1084.64285714286,3500,6802,3,3,3,"{3,3}"
2013-03-24,AEJEA,"Dubai, Jebel Ali",INPAV,Pipavav,1,1,"Maersk Line; Safmarine",2,6,3574.33333333333,253.333333333333,3426,3604,5,5,5,{5}
2013-03-24,AEJEA,"Dubai, Jebel Ali",IRBND,"Bandar Abbas",4,4,"Emirates Shipping; Evergreen Line; Hyundai; MSC; NYK; TS Lines; Yang Ming",7,31,14977.2435897436,1398.20512820513,2546,6800,1,1,2,"{1,1,1,2}"
2013-03-24,AEJEA,"Dubai, Jebel Ali",KEMBA,Mombasa,2,2,"Evergreen Line; Hanjin Shipping; PIL",3,10,4987.25,774.821428571429,1075,2824,7,7,7,"{7,7}"
2013-03-24,AEJEA,"Dubai, Jebel Ali",LKCMB,Colombo,1,1,"Maersk Line; Safmarine",2,10,4488.2,426.7,4154,5100,5,5,5,{5}
2013-03-24,AEJEA,"Dubai, Jebel Ali",NAWVB,"Walvis Bay",1,1,"CMA CGM; Delmas",2,10,2080,295.2,1730,2670,17,17,17,{17}
2013-03-24,AEJEA,"Dubai, Jebel Ali",OMSLL,Salalah,5,5,"Maersk Line; MSC; Safmarine",3,37,16523.2102564103,1759.87179487179,2524,5029,3,4,5,"{3,4,5,4,3}"
2013-03-24,AEJEA,"Dubai, Jebel Ali",PKKHI,Karachi,6,6,"Alianca; ANL; CMA CGM; COSCO; Delmas; Evergreen Line; Hamburg Sud; Hanjin Shipping; Hapag-Lloyd; K Line; Maersk Line; MOL; OOCL; PIL; Safmarine; Simatech; UASC; Wan Hai; Yang Ming",19,44,27657.625,3013.22261904762,3400,6000,2,2,3,"{2,2,2,2,3,2}"
2013-03-24,AEJEA,"Dubai, Jebel Ali",SADMM,Dammam,2,2,"CMA CGM; COSCO; CSAV Norasia; Emirates Shipping; Hanjin Shipping; Hapag-Lloyd; Maersk Line; NYK; OOCL",9,18,13106.2987012987,1104.33766233766,6200,8600,1,1,1,"{1,1}"
2013-03-24,AEJEA,"Dubai, Jebel Ali",SGSIN,Singapore,4,4,"APL; CMA CGM; CSAV Norasia; Hanjin Shipping; Hapag-Lloyd; Hyundai; MOL; MSC; NYK; OOCL; WEC Lines",11,45,37538.0038850039,2895.17793317793,4340,14000,10,11,13,"{10,13,11,11}"
2013-03-24,AEJEA,"Dubai, Jebel Ali",THLCH,"Laem Chabang",1,1,"Evergreen Line; MOL",2,6,4430.66666666667,387.333333333333,5090,5652,13,13,13,{13}
2013-03-24,AEJEA,"Dubai, Jebel Ali",TZDAR,"Dar es Salaam",1,1,"Maersk Line; Safmarine",2,1,3294,618,1098,1098,7,7,7,{7}
2013-03-24,AEJEA,"Dubai, Jebel Ali",TZTGT,Tanga,1,1,"UAFL-United Africa Feeder Line",1,4,2459.28571428571,257.142857142857,1684,1742,13,13,13,{13}
2013-03-24,AEKLF,"Khor Fakkan",AEJEA,"Dubai, Jebel Ali",5,5,"ANL; CMA CGM; COSCO; CSCL; Delmas; FESCO; Hanjin Shipping; Hyundai; K Line; MSC; OOCL; UASC; Yang Ming",13,46,37391.5863636364,2930.63636363636,1730,16000,1,1,2,"{1,1,1,2,1}"
2013-03-24,AEKLF,"Khor Fakkan",IRBND,"Bandar Abbas",1,1,"CSAV Norasia; Hanjin Shipping; KMTC; UASC",4,7,5709.42857142857,498,6541,6919,0,0,0,{0}
2013-03-24,AEKLF,"Khor Fakkan",KEMBA,Mombasa,1,1,"CMA CGM; Delmas; Emirates Shipping",3,5,2620.34285714286,386.742857142857,2200,2578,8,8,8,{8}
2013-03-24,AEKLF,"Khor Fakkan",MYPKG,"Port Klang",2,2,"ANL; CMA CGM; CSCL; Delmas; Maersk Line; MCC; Safmarine; UASC; Yang Ming",9,21,19004.0181818182,1272.50909090909,5500,13092,8,8.5,9,"{9,8}"
2013-03-24,AEKLF,"Khor Fakkan",OMSOH,Sohar,1,1,"CSCL; UASC",2,8,4117.875,489.875,3802,4300,1,1,1,{1}
2013-03-24,AEKLF,"Khor Fakkan",REPDG,"Reunion Island",1,1,"CMA CGM; Delmas",2,5,1687.2,246,1638,1730,10,10,10,{10}
2013-03-24,AEKLF,"Khor Fakkan",TZDAR,"Dar es Salaam",1,1,"CMA CGM; Delmas; Emirates Shipping",3,3,3108,554.285714285714,1708,1875,19,19,19,{19}
2013-03-24,AGSJO,"St John's, Antigua",BBBGI,Bridgetown,1,1,"Seaboard Marine",1,3,657,116,657,657,1,1,1,{1}
2013-03-24,AGSJO,"St John's, Antigua",USPAB,"Palm Beach FL",1,1,"Tropical Shipping",1,2,850,187,850,850,5,5,5,{5}
2013-03-24,AIAXA,Anguilla,BBBGI,Bridgetown,1,1,"Tropical Shipping",1,2,850,187,850,850,0,0,0,{0}
2013-03-24,AOLAD,Luanda,AOLOB,Lobito,4,4,"CMA CGM; Delmas; Lin Lines; Maersk Line; NileDutch; Safmarine",6,22,15534.4761904762,2175.01587301587,1169,2600,0,5,6,"{5,6,0,5}"
2013-03-24,AOLAD,Luanda,AOMSZ,Namibe,1,1,NileDutch,1,12,3379.90476190476,586.380952380952,2474,3405,8,8,8,{8}
2013-03-24,AOLAD,Luanda,ARBUE,"Buenos Aires",1,1,"Delmas; NileDutch",2,5,2113.82857142857,342.857142857143,1740,2122,15,15,15,{15}
2013-03-24,AOLAD,Luanda,CGPNR,"Pointe Noire",1,1,"CMA CGM; Delmas",2,10,2080,295.2,1730,2670,1,1,1,{1}
2013-03-24,AOLAD,Luanda,ESALG,Algeciras,1,1,"Maersk Line; Safmarine",2,7,1572.57142857143,288.857142857143,1341,1730,13,13,13,{13}
2013-03-24,AOLAD,Luanda,MYTPP,"Tanjung Pelepas",1,1,"Maersk Line; MCC; Safmarine",3,12,4088,162.5,4088,4500,24,24,24,{24}
2013-03-24,AOLAD,Luanda,ZACPT,"Cape Town",1,1,"CMA CGM; Delmas",2,12,2399.91666666667,400.666666666667,2478,3534,6,6,6,{6}
2013-03-24,AOLOB,Lobito,AOMSZ,Namibe,2,2,"CMA CGM; Delmas; Lin Lines",3,8,9030.19047619048,1278.57142857143,1641,2520,1,3,5,"{1,5}"
2013-03-24,AOLOB,Lobito,BEANR,Antwerp,1,1,NileDutch,1,5,3586.28571428571,560,2472,2600,20,20,20,{20}
2013-03-24,AOLOB,Lobito,NAWVB,"Walvis Bay",2,1,"Maersk Line; Safmarine",2,18,5836,672.888888888889,1169,1740,4,4,4,"{4,4}"
2013-03-24,AOMSZ,Namibe,AOLOB,Lobito,1,1,"Maersk Line; Safmarine",2,9,2918,336.444444444444,1169,1740,3,3,3,{3}
2013-03-24,AOMSZ,Namibe,PTLEI,Leixoes,1,1,"Lin Lines",1,2,6647.14285714286,895.714285714286,2061,2169,15,15,15,{15}
2013-03-24,AOMSZ,Namibe,PTLIS,Lisbon,1,1,"CMA CGM; Delmas",2,6,2383.04761904762,382.857142857143,1641,2520,17,17,17,{17}
2013-03-24,AOMSZ,Namibe,SGSIN,Singapore,1,1,NileDutch,1,12,3379.90476190476,586.380952380952,2474,3405,25,25,25,{25}
2013-03-24,ARBHI,"Bahia Blanca",BRIBB,Imbituba,1,1,"Alianca; CSAV; Hamburg Sud; Libra-Montemar",4,7,2621.85714285714,450.285714285714,1620,3400,5,5,5,{5}
2013-03-24,ARBUE,"Buenos Aires",BRNVT,Navegantes,1,1,"COSCO; Evergreen Line",2,11,2930.54545454545,353.363636363636,3400,4250,2,2,2,{2}
2013-03-24,ARBUE,"Buenos Aires",BRRIG,"Rio Grande",6,6,"Alianca; ANL; CCNI; CMA CGM; CSAV; CSCL; Delmas; Hamburg Sud; Hanjin Shipping; Hapag-Lloyd; Hyundai; K Line; Libra-Montemar; Maersk Line; MCC; MOL; MSC; NileDutch; NYK; PIL; Safmarine; ZIM",22,54,28244.4616883117,3776.57142857143,1740,8500,1,2,3,"{2,2,3,1,2,2}"
2013-03-24,ARBUE,"Buenos Aires",UYMVD,Montevideo,8,8,"Alianca; CCNI; CMA CGM; COSCO; CSAV; Hamburg Sud; Hanjin Shipping; Hapag-Lloyd; Hyundai; K Line; Libra-Montemar; Maersk Line; MOL; MSC; Niver Lines; NYK; PIL; Safmarine; ZIM",19,72,42263.360042735,6121.58775946276,1728,8500,0,1,2,"{1,2,1,1,0,1,2,2}"
2013-03-24,ASPPG,"Pago Pago",USLAX,"Los Angeles CA",1,1,"Alianca; Hamburg Sud; Polynesia Line",3,2,2599.28571428571,437.142857142857,1122,1304,12,12,12,{12}
2013-03-24,ASPPG,"Pago Pago",WSAPW,"Apia, W. Samoa",1,1,"Alianca; Hamburg Sud; Polynesia Line",3,2,2599.28571428571,437.142857142857,1122,1304,0,0,0,{0}
2013-03-24,AUADL,Adelaide,AUBNE,Brisbane,1,1,"Alianca; ANL; Hamburg Sud; Hapag-Lloyd; USL-US Lines",5,4,5536.5,933,2490,3100,0,0,0,{0}
2013-03-24,AUADL,Adelaide,AUFRE,Fremantle,3,2,"ANL; APL; CMA CGM; Delmas; Hapag-Lloyd; MSC; NYK",7,23,21865.8769230769,1952.13846153846,2680,5700,4,4,4,"{4,4,4}"
2013-03-24,AUADL,Adelaide,AUMEL,Melbourne,1,1,MSC,1,7,3576.14285714286,403.571428571429,2440,4132,1,1,1,{1}
2013-03-24,AUADL,Adelaide,MYPKG,"Port Klang",2,2,"COSCO; CSCL; Hapag-Lloyd; Hyundai; MOL; OOCL; PIL; UASC",8,8,6860,582.5,1742,5087,10,10,10,"{10,10}"
2013-03-24,AUADL,Adelaide,SGSIN,Singapore,1,1,"ANL; CMA CGM; Hapag-Lloyd",3,13,4271.69230769231,392.615384615385,4250,4308,10,10,10,{10}
2013-03-24,AUBNE,Brisbane,AUSYD,Sydney,4,4,"Alianca; ANL; APL; CMA CGM; COSCO; Delmas; Evergreen Line; Hamburg Sud; Hanjin Shipping; Hapag-Lloyd; K Line; Maersk Line; MCC; MOL; MSC; NYK; OOCL; PIL; RCL; Safmarine; Yang Ming",21,25,20410.6818181818,2172.70909090909,2378,5700,1,1.5,3,"{2,1,1,3}"
2013-03-24,AUBNE,Brisbane,CNNGB,Ningbo,1,1,"COSCO; Gold Star Line; K Line; NYK; OOCL; PIL; ZIM",7,6,2527.33333333333,160,3764,3800,15,15,15,{15}
2013-03-24,AUBNE,Brisbane,JPYOK,Yokohama,3,3,"Alianca; ANL; APL; CMA CGM; COSCO; CSCL; Delmas; Evergreen Line; Hamburg Sud; Hapag-Lloyd; K Line; Maersk Line; MCC; MOL; MSC; NYK; OOCL; Safmarine",18,23,13302.8484848485,1345.90909090909,4130,5041,10,10,10,"{10,10,10}"
2013-03-24,AUBNE,Brisbane,KRPUS,Busan,1,1,"Hanjin Shipping; PanOcean; Sinotrans; Yang Ming",4,6,3591.33333333333,388.333333333333,4250,4498,17,17,17,{17}
2013-03-24,AUBNE,Brisbane,NZAKL,Auckland,4,4,"Alianca; ANL; CMA CGM; COSCO; Hamburg Sud; Hapag-Lloyd; Maersk Line; MOL; NYK; OOCL; PIL; USL-US Lines",12,25,16338.5666666667,2566.93333333333,2490,4578,3,4,5,"{4,3,4,5}"
2013-03-24,AUBNE,Brisbane,NZTIU,Timaru,1,1,MSC,1,7,3576.14285714286,403.571428571429,2440,4132,0,0,0,{0}
2013-03-24,AUBNE,Brisbane,SGSIN,Singapore,1,1,MSC,1,7,3576.14285714286,403.571428571429,2440,4132,14,14,14,{14}
2013-03-24,AUBNE,Brisbane,TWKEL,Keelung,1,1,PIL,1,9,1797.20634920635,190.47619047619,1398,1728,10,10,10,{10}
2013-03-24,AUBNE,Brisbane,TWKHH,Kaohsiung,2,2,"Alianca; ANL; APL; CSCL; Hamburg Sud; Hapag-Lloyd; Hyundai; Maersk Line; MSC; OOCL",10,10,7667.4,699.6,2468,4843,9,10.5,12,"{9,12}"
2013-03-24,AUDRW,Darwin,PGPOM,"Port Moresby",1,1,MELL,1,3,2959.04761904762,585,1300,1740,4,4,4,{4}
2013-03-24,AUFRE,Fremantle,AUADL,Adelaide,1,1,MSC,1,7,3576.14285714286,403.571428571429,2440,4132,4,4,4,{4}
2013-03-24,AUFRE,Fremantle,AUMEL,Melbourne,3,3,"Alianca; ANL; APL; CMA CGM; COSCO; Evergreen Line; Hamburg Sud; Hapag-Lloyd; Maersk Line; MCC; MOL; MSC; OOCL; PIL; Safmarine",15,28,12207.3741258741,1266.02447552448,4250,5087,5,5,5,"{5,5,5}"
2013-03-24,AUFRE,Fremantle,AUSYD,Sydney,1,1,"ANL; APL; CMA CGM; Delmas; Hapag-Lloyd; NYK",6,5,9128.4,844.8,4250,5700,7,7,7,{7}
2013-03-24,AUFRE,Fremantle,MYTPP,"Tanjung Pelepas",1,1,"Alianca; ANL; APL; Evergreen Line; Hamburg Sud; Hapag-Lloyd; Maersk Line; MCC; MSC; Safmarine",10,11,4456.18181818182,590.909090909091,4300,5041,8,8,8,{8}
2013-03-24,AUFRE,Fremantle,SGSIN,Singapore,5,4,"ANL; APL; CMA CGM; COSCO; Delmas; Hanjin Shipping; Hapag-Lloyd; K Line; MOL; MSC; NYK; OOCL; PIL; Yang Ming",14,30,27915.4769230769,2546.13846153846,1708,5700,6,7,8,"{8,8,6,7,6}"
2013-03-24,AUMEL,Melbourne,AUADL,Adelaide,6,5,"Alianca; ANL; APL; CMA CGM; COSCO; CSCL; Delmas; Hamburg Sud; Hapag-Lloyd; Hyundai; MOL; MSC; NYK; OOCL; PIL; UASC; USL-US Lines",17,35,34262.3769230769,3467.63846153846,1742,5700,1,1,2,"{1,2,1,2,1,1}"
2013-03-24,AUMEL,Melbourne,AUBNE,Brisbane,2,2,"ANL; COSCO; CSCL; Gold Star Line; K Line; NYK; OOCL; PIL; ZIM",9,11,5978.73333333333,480,3764,4578,2,2.5,3,"{2,3}"
2013-03-24,AUMEL,Melbourne,AUFRE,Fremantle,2,2,"Alianca; ANL; APL; COSCO; Evergreen Line; Hamburg Sud; Hapag-Lloyd; Maersk Line; MCC; MOL; MSC; OOCL; PIL; Safmarine; Yang Ming",15,16,8797.78181818182,982.909090909091,4250,5041,4,4.5,5,"{4,5}"
2013-03-24,AUMEL,Melbourne,AUSYD,Sydney,10,10,"Alianca; ANL; APL; CMA CGM; COSCO; CSCL; Delmas; Evergreen Line; Hamburg Sud; Hanjin Shipping; Hapag-Lloyd; Hyundai; K Line; Maersk Line; MCC; MOL; MSC; NYK; OOCL; PanOcean; PIL; Safmarine; Sinotrans; USL-US Lines; Yang Ming",25,72,44231.9376179376,5238.14828504829,1398,5041,1,2,2,"{2,2,2,2,1,2,2,2,2,2}"
2013-03-24,AUMEL,Melbourne,IDJKT,"Jakarta, Java",1,1,"Hanjin Shipping; Hapag-Lloyd; K Line; OOCL; RCL",5,4,2484.5,345,2378,2732,8,8,8,{8}
2013-03-24,AUMEL,Melbourne,NZNPE,Napier,1,1,"ANL; CMA CGM; Delmas; Marfret; USL-US Lines",5,6,4809.33333333333,960.666666666667,2262,2556,4,4,4,{4}
2013-03-24,AUMEL,Melbourne,NZPOE,"Port Chalmers",1,1,"Alianca; Hamburg Sud; Hapag-Lloyd; Maersk Line; MSC",5,10,3381.5,684.2,2824,3752,5,5,5,{5}
2013-03-24,AUSYD,Sydney,AUADL,Adelaide,1,1,"ANL; CMA CGM; Hapag-Lloyd",3,13,4271.69230769231,392.615384615385,4250,4308,2,2,2,{2}
2013-03-24,AUSYD,Sydney,AUBNE,Brisbane,5,5,"Alianca; ANL; APL; CMA CGM; COSCO; CSCL; Delmas; Evergreen Line; Hamburg Sud; Hanjin Shipping; Hapag-Lloyd; Hyundai; K Line; Maersk Line; MCC; MOL; MSC; NYK; OOCL; PanOcean; Safmarine; Sinotrans; Yang Ming",23,34,21110.1818181818,2113.84242424242,2468,5041,1,1,2,"{1,1,1,2,2}"
2013-03-24,AUSYD,Sydney,AUMEL,Melbourne,12,11,"Alianca; ANL; APL; CMA CGM; COSCO; CSCL; Delmas; Evergreen Line; Gold Star Line; Hamburg Sud; Hanjin Shipping; Hapag-Lloyd; Hyundai; K Line; Maersk Line; Marfret; MCC; MOL; MSC; NYK; OOCL; PIL; RCL; Safmarine; UASC; USL-US Lines; Yang Ming; ZIM",28,78,56234.7254079254,6637.91421911422,1742,5700,1,2,3,"{2,1,2,1,2,1,2,3,3,2,2,1}"
2013-03-24,AUSYD,Sydney,NZAKL,Auckland,2,2,"Alianca; ANL; CMA CGM; Hamburg Sud; Hapag-Lloyd; Maersk Line; MSC; USL-US Lines",8,9,13476.7142857143,2137.64285714286,2478,3635,4,4,4,"{4,4}"
2013-03-24,AUSYD,Sydney,NZLYT,Lyttelton,1,1,MSC,1,7,3576.14285714286,403.571428571429,2440,4132,3,3,3,{3}
2013-03-24,AUSYD,Sydney,NZNPE,Napier,1,1,PIL,1,9,1797.20634920635,190.47619047619,1398,1728,0,0,0,{0}
2013-03-24,AUTSV,Townsville,PHDVO,Davao,1,1,MELL,1,3,2959.04761904762,585,1300,1740,9,9,9,{9}
2013-03-24,AWORJ,Aruba,BQKRA,Bonaire,1,1,"Alianca; Hamburg Sud; King Ocean",3,3,1874,345.333333333333,1795,2008,1,1,1,{1}
2013-03-24,AWORJ,Aruba,CWWIL,Willemstad,1,1,"SeaFreight Line; ZIM",2,5,1185.6,288,1100,1296,1,1,1,{1}
2013-03-24,BBBGI,Bridgetown,GPPTP,Pointe-a-Pitre,1,1,"CMA CGM",1,3,1251.66666666667,353,1118,1341,1,1,1,{1}
2013-03-24,BBBGI,Bridgetown,LCSLU,"Castries, St Lucia",1,1,"Tropical Shipping",1,2,850,187,850,850,1,1,1,{1}
2013-03-24,BBBGI,Bridgetown,TTPTS,"Point Lisas",1,1,"Seaboard Marine",1,3,657,116,657,657,0,0,0,{0}
2013-03-24,BBBGI,Bridgetown,VISTT,"St Thomas VI",1,1,Crowley,1,2,1122,150,1122,1122,1,1,1,{1}
2013-03-24,BDCGP,Chittagong,BDMGL,Mongla,1,1,"Advance Container Lines; APL; PIL",3,5,588.085714285714,88.8857142857143,608,1730,1,1,1,{1}
2013-03-24,BDCGP,Chittagong,INCCU,Kolkata,1,1,"Gold Star Line; HUBLine",2,1,1836,257.142857142857,714,714,1,1,1,{1}
2013-03-24,BDCGP,Chittagong,MYPEN,Penang,1,1,"ANL; CMA CGM; Delmas",3,2,1110,210,1102,1118,4,4,4,{4}
2013-03-24,BDCGP,Chittagong,MYPKG,"Port Klang",2,2,"Gold Star Line; Hapag-Lloyd; MCC; X-Press",4,7,3087,462,1005,1743,4,4.5,5,"{5,4}"
2013-03-24,BDCGP,Chittagong,MYTPP,"Tanjung Pelepas",2,2,"Evergreen Line; MCC",2,4,2748,500,1118,1684,4,4.5,5,"{5,4}"
2013-03-24,BDCGP,Chittagong,SGSIN,Singapore,4,4,"Gold Star Line; Hanjin Shipping; Hapag-Lloyd; MCC; MOL; MSC; NYK; OEL-Orient Express Lines; OOCL; Samudera; X-Press",11,8,6562.5,600,1471,1728,4,4,5,"{4,5,4,4}"
2013-03-24,BDMGL,Mongla,MYPEN,Penang,1,1,"Advance Container Lines; APL; PIL",3,5,588.085714285714,88.8857142857143,608,1730,3,3,3,{3}
2013-03-24,BEANR,Antwerp,CAMTR,Montreal,1,1,"CMA CGM; Maersk Line",2,4,2890,350,2890,2890,11,11,11,{11}
2013-03-24,BEANR,Antwerp,CNYTN,Yantian,1,1,"COSCO; CSCL; Evergreen Line; Hanjin Shipping; K Line; Yang Ming",6,10,11535.3,810.8,8495,13500,24,24,24,{24}
2013-03-24,BEANR,Antwerp,COSMR,"Santa Marta",1,1,"Maersk Line",1,8,2579.75,567.5,2556,2592,12,12,12,{12}
2013-03-24,BEANR,Antwerp,CYLMS,Limassol,1,1,"Borchard Lines Ltd",1,4,866.5,234,862,868,10,10,10,{10}
2013-03-24,BEANR,Antwerp,DEBRV,Bremerhaven,4,4,"ACL-Atlantic Container Line; COSCO; Evergreen Line; Hanjin Shipping; Hapag-Lloyd; K Line; Maersk Line; MSC; OOCL; Safmarine; Yang Ming; ZIM",12,21,17834.5476190476,1614.14285714286,2803,6802,2,2,3,"{2,3,2,2}"
2013-03-24,BEANR,Antwerp,DEHAM,Hamburg,4,4,"Alianca; APL; Hamburg Sud; Hapag-Lloyd; Hyundai; MOL; NYK; OOCL; Seago Line; ZIM",10,25,18845.7363636364,1832.37878787879,2072,9300,1,3.5,5,"{4,5,3,1}"
2013-03-24,BEANR,Antwerp,DOCAU,Caucedo,2,2,"Alianca; CMA CGM; CSAV; Hamburg Sud; Hapag-Lloyd; MSC",6,14,8502.45833333333,1719.75,3752,5042,10,11,12,"{12,10}"
2013-03-24,BEANR,Antwerp,ESALG,Algeciras,1,1,"COSCO; Hamburg Sud; Hanjin Shipping; Maersk Line; MSC; Safmarine",6,7,7750,1700,7450,8500,4,4,4,{4}
2013-03-24,BEANR,Antwerp,ESVGO,Vigo,1,1,MSC,1,3,1696.66666666667,226.333333333333,1384,2061,2,2,2,{2}
2013-03-24,BEANR,Antwerp,ESVLC,Valencia,2,2,"Alianca; Hamburg Sud; Maersk Line; MSC; Seago Line",5,10,7835.2,987,1074,4504,4,4.5,5,"{4,5}"
2013-03-24,BEANR,Antwerp,FRDKK,Dunkirk,2,2,"ANL; CMA CGM; Delmas; MSC; OOCL",5,19,16502.7045454545,1225.09090909091,5700,14000,1,1.5,2,"{2,1}"
2013-03-24,BEANR,Antwerp,FRLEH,"Le Havre",8,8,"Alianca; CMA CGM; CSAV; Delmas; Hamburg Sud; Hapag-Lloyd; Maersk Line; MSC; NileDutch; Stinnes; ZIM",11,58,35737.8190476191,5108.42857142857,1740,12552,1,2,3,"{3,2,2,1,2,2,1,1}"
2013-03-24,BEANR,Antwerp,GBFXT,Felixstowe,3,3,"APL; CMA CGM; CSAV; Hyundai; Maersk Line; MCC; MOL; MSC; WEC Lines",9,31,20483.5554445554,1793.52247752248,4589,8800,1,2,2,"{1,2,2}"
2013-03-24,BEANR,Antwerp,GBLIV,Liverpool,1,1,ICL,1,4,2106.5,300,1574,2800,3,3,3,{3}
2013-03-24,BEANR,Antwerp,GBTHP,Thamesport,2,2,"ACL-Atlantic Container Line; Hapag-Lloyd; NYK; OOCL",4,20,7913.46666666667,796.133333333333,3200,4890,1,1,1,"{1,1}"
2013-03-24,BEANR,Antwerp,GBTIL,Tilbury,3,3,"Alianca; CMA CGM; CSAV; Delmas; Hamburg Sud; Hapag-Lloyd; MSC",7,24,13283.0575396825,2042.69246031746,1550,5905,1,1,3,"{3,1,1}"
2013-03-24,BEANR,Antwerp,GRPIR,Piraeus,1,1,"Hapag-Lloyd; MSC",2,4,3794,346,3200,4425,8,8,8,{8}
2013-03-24,BEANR,Antwerp,ITGIT,"Gioia Tauro",1,1,"CSAV Norasia; MSC; SCI-Shipping Corp. of India",3,8,5768.625,528,4400,6730,7,7,7,{7}
2013-03-24,BEANR,Antwerp,MACAS,Casablanca,1,1,"Maersk Line; Seago Line",2,3,866,234,862,868,5,5,5,{5}
2013-03-24,BEANR,Antwerp,MTMAR,"Malta (Marsaxlokk)",1,1,"Alianca; Hamburg Sud; Hapag-Lloyd; Maersk Line; Seago Line",5,5,4209.8,551.2,4043,4253,6,6,6,{6}
2013-03-24,BEANR,Antwerp,MYTPP,"Tanjung Pelepas",1,1,"COSCO; CSCL; Evergreen Line; Hanjin Shipping; ZIM",5,9,8356,720.444444444444,8440,10070,20,20,20,{20}
2013-03-24,BEANR,Antwerp,NLRTM,Rotterdam,7,7,"CMA CGM; CSAV; CSAV Norasia; Delmas; Hapag-Lloyd; Libra-Montemar; Maersk Line; MSC; OOCL; OPDR; Safmarine; WEC Lines",12,43,35422.8571428571,3222.42857142857,868,14000,0,1,2,"{1,1,1,2,0,1,2}"
2013-03-24,BEANR,Antwerp,PTLIS,Lisbon,1,1,"Alianca; CMA CGM; CSAV; Delmas; Hamburg Sud; Hapag-Lloyd; Libra-Montemar; MSC",8,7,4104.57142857143,696.714285714286,4043,4250,4,4,4,{4}
2013-03-24,BEANR,Antwerp,PTSIE,Sines,1,1,"Hapag-Lloyd; MSC",2,4,4041.25,275,3301,4392,4,4,4,{4}
2013-03-24,BEANR,Antwerp,SGSIN,Singapore,2,2,"COSCO; CSCL; Evergreen Line; Hanjin Shipping; K Line; PIL; Yang Ming",7,20,15883.2,1372.4,8120,10050,23,24,25,"{23,25}"
2013-03-24,BEANR,Antwerp,TRGEB,"Istanbul (Gebze)",1,1,MSC,1,3,4549,560,4549,4549,8,8,8,{8}
2013-03-24,BEZEE,Zeebrugge,BEANR,Antwerp,1,1,"CMA CGM; CSAV Norasia; MSC; WEC Lines",4,12,12929.3333333333,1033.33333333333,10640,14000,3,3,3,{3}
2013-03-24,BEZEE,Zeebrugge,FRLEH,"Le Havre",1,1,"ANL; CMA CGM; Delmas; FESCO; MSC; UASC",6,11,12211.6363636364,763.636363636364,11388,16000,1,1,1,{1}
2013-03-24,BEZEE,Zeebrugge,LBBEY,Beirut,1,1,"ANL; CMA CGM; CSCL; Delmas; Evergreen Line; MSC; UASC",7,12,11245.3333333333,766.666666666667,10960,11388,9,9,9,{9}
2013-03-24,BEZEE,Zeebrugge,NLRTM,Rotterdam,1,1,"Maersk Line; MCC",2,11,8531.54545454545,702.272727272727,7226,8950,2,2,2,{2}
2013-03-24,BEZEE,Zeebrugge,SAJED,Jeddah,1,1,"ANL; CMA CGM; COSCO; CSCL; Evergreen Line; UASC; Yang Ming",7,10,12370.6,900,13100,14074,10,10,10,{10}
2013-03-24,BHBAH,Bahrain,SADMM,Dammam,1,1,"APL; MOL",2,7,7115.71428571429,475.714285714286,6000,9200,1,1,1,{1}
2013-03-24,BHBAH,Bahrain,SAJUB,Jubail,1,1,"CSCL; UASC",2,8,4117.875,489.875,3802,4300,2,2,2,{2}
2013-03-24,BHBAH,Bahrain,SGSIN,Singapore,1,1,"APL; MOL",2,7,7115.71428571429,475.714285714286,6000,9200,10,10,10,{10}
2013-03-24,BJCOO,Cotonou,CMDLA,Douala,1,1,"CMA CGM; Delmas",2,6,2570.33333333333,436.666666666667,2466,2674,1,1,1,{1}
2013-03-24,BJCOO,Cotonou,GALBV,Libreville,1,1,"Maersk Line; Safmarine",2,7,2503.14285714286,420.571428571429,2470,2546,9,9,9,{9}
2013-03-24,BJCOO,Cotonou,MYPKG,"Port Klang",1,1,"COSCO; Gold Star Line; ZIM",3,9,2719.14285714286,354.857142857143,1742,2702,25,25,25,{25}
2013-03-24,BJCOO,Cotonou,NGONN,Onne,1,1,"CMA CGM; Delmas",2,12,3280.33333333333,500,3091,3650,3,3,3,{3}
2013-03-24,BJCOO,Cotonou,NGTIN,"Lagos, Tin Can",2,2,"CSCL; Hapag-Lloyd; K Line; NileDutch; NYK; PIL",6,17,4434.68181818182,792.116883116883,1075,2758,0,0.5,1,"{0,1}"
2013-03-24,BJCOO,Cotonou,TGLFW,Lome,1,1,MOL,1,2,3087,749,1347,1740,4,4,4,{4}
2013-03-24,BNMUA,"Muara Port",MYBKI,"Kota Kinabalu, Sabah",2,2,MELL,1,3,5462,1036,1114,1740,1,1,1,"{1,1}"
2013-03-24,BQKRA,Bonaire,VELAG,"La Guaira",1,1,"SeaFreight Line; ZIM",2,5,1185.6,288,1100,1296,0,0,0,{0}
2013-03-24,BQKRA,Bonaire,VEPBL,"Puerto Cabello",1,1,"Alianca; Hamburg Sud; King Ocean",3,3,1874,345.333333333333,1795,2008,1,1,1,{1}
2013-03-24,BRBEL,Belem,BRFOR,Fortaleza,1,1,"CMA CGM; Delmas; Marfret",3,6,1678,240,1678,1678,2,2,2,{2}
2013-03-24,BRBEL,Belem,BRVDC,"Vila do Conde (near Belem)",1,1,"CMA CGM; Delmas",2,1,2010,360,670,670,0,0,0,{0}
2013-03-24,BRFOR,Fortaleza,BRNAT,Natal,1,1,"CMA CGM; Delmas; Marfret",3,6,1678,240,1678,1678,1,1,1,{1}
2013-03-24,BRIBB,Imbituba,BRIOA,"Porto Itapoa",1,1,"Alianca; CCNI; Hamburg Sud; Hapag-Lloyd",4,7,3802.85714285714,604.142857142857,2070,4268,2,2,2,{2}
2013-03-24,BRIBB,Imbituba,BRSFS,"Sao Francisco do Sul",1,1,"Alianca; CSAV; Hamburg Sud; Libra-Montemar",4,7,2621.85714285714,450.285714285714,1620,3400,1,1,1,{1}
2013-03-24,BRIBB,Imbituba,BRSSZ,Santos,2,2,"COSCO; Hamburg Sud; Hanjin Shipping; Maersk Line; MSC; Safmarine; UASC",7,13,15248.1666666667,2550,5447,8800,2,2.5,3,"{3,2}"
2013-03-24,BRIOA,"Porto Itapoa",BRIBB,Imbituba,1,1,"Maersk Line; MSC; Safmarine; UASC",4,6,7498.16666666667,850,5447,8800,0,0,0,{0}
2013-03-24,BRIOA,"Porto Itapoa",BRPNG,Paranagua,2,2,"Alianca; CCNI; Hamburg Sud; Hapag-Lloyd; Maersk Line; MCC; MOL; NYK; Safmarine",9,19,10964.6904761905,1970.80952380952,2070,8500,1,1.5,2,"{1,2}"
2013-03-24,BRIOA,"Porto Itapoa",BRRIO,"Rio de Janeiro",1,1,"Alianca; CSAV; Hamburg Sud; Libra-Montemar",4,7,4341.42857142857,514,4050,4600,2,2,2,{2}
2013-03-24,BRIOA,"Porto Itapoa",BRSSZ,Santos,1,1,"Alianca; CMA CGM; CSAV; Hamburg Sud; Hapag-Lloyd; Maersk Line; MSC",7,7,7128,1566.42857142857,7090,7154,2,2,2,{2}
2013-03-24,BRIOA,"Porto Itapoa",UYMVD,Montevideo,1,1,"Alianca; Hamburg Sud; Maersk Line; MCC; MOL; NYK; Safmarine",7,12,7161.83333333333,1366.66666666667,7090,8500,2,2,2,{2}
2013-03-24,BRIQI,"Itaqui (near Sao Luis)",BRBEL,Belem,1,1,"CMA CGM; Delmas",2,1,2010,360,670,670,2,2,2,{2}
2013-03-24,BRITJ,Itajai,BRPNG,Paranagua,2,2,"Alianca; ANL; CMA CGM; CSAV; CSCL; Hamburg Sud; Libra-Montemar; Maersk Line; MCC; Safmarine",10,21,5809.97222222222,721.944444444444,1728,5060,1,1,1,"{1,1}"
2013-03-24,BRITJ,Itajai,BRSSA,Salvador,1,1,"Maersk Line; MSC; Safmarine; UASC",4,6,7498.16666666667,850,5447,8800,1,1,1,{1}
2013-03-24,BRITJ,Itajai,BRSSZ,Santos,2,2,"Alianca; CCNI; Hamburg Sud; Hanjin Shipping; Hyundai; K Line; Maersk Line; MCC; MOL; NYK; PIL; Safmarine; ZIM",13,24,9252.75,1543,3398,8500,2,2,2,"{2,2}"
2013-03-24,BRMAO,Manaus,BRMCP,Macapa,1,1,"APL; MOL",2,4,1274.5,288.75,1645,1740,2,2,2,{2}
2013-03-24,BRMAO,Manaus,BRREC,Recife,1,1,"CMA CGM",1,9,1716.88888888889,373.111111111111,1728,2546,11,11,11,{11}
2013-03-24,BRMCP,Macapa,BRMAO,Manaus,1,1,"APL; MOL",2,4,1274.5,288.75,1645,1740,3,3,3,{3}
2013-03-24,BRMCP,Macapa,BRVDC,"Vila do Conde (near Belem)",1,1,"APL; MOL",2,4,1274.5,288.75,1645,1740,2,2,2,{2}
2013-03-24,BRMCP,Macapa,GPPTP,Pointe-a-Pitre,1,1,"CMA CGM; Delmas",2,1,2010,360,670,670,7,7,7,{7}
2013-03-24,BRNAT,Natal,ESALG,Algeciras,1,1,"CMA CGM; Delmas; Marfret",3,6,1678,240,1678,1678,7,7,7,{7}
2013-03-24,BRNVT,Navegantes,BRPNG,Paranagua,3,3,"Alianca; CCNI; COSCO; Evergreen Line; Hamburg Sud; Hanjin Shipping; Hapag-Lloyd; Hyundai; K Line; MOL; NYK; PIL; ZIM",13,36,10909.6416083916,1150.28671328671,3400,5605,0,0,1,"{1,0,0}"
2013-03-24,BRNVT,Navegantes,BRRIO,"Rio de Janeiro",1,1,"Evergreen Line; Hanjin Shipping; Hapag-Lloyd; Hyundai; NYK; Yang Ming",6,6,2682.33333333333,341.666666666667,2450,2890,1,1,1,{1}
2013-03-24,BRNVT,Navegantes,BRSPB,Sepetiba,1,1,"Alianca; CMA CGM; CSAV; Hamburg Sud; Libra-Montemar; Maersk Line; MSC; Niver Lines; Safmarine; ZIM",10,8,5672.25,753.75,5550,5905,0,0,0,{0}
2013-03-24,BRNVT,Navegantes,BRSSZ,Santos,4,4,"Alianca; CMA CGM; CSAV; Delmas; Hamburg Sud; Hapag-Lloyd; Libra-Montemar; Maersk Line; MSC; NYK; Safmarine; ZIM",12,30,22323.6964285714,2164.80357142857,4043,6750,2,2.5,4,"{2,3,2,4}"
2013-03-24,BRPEC,"Pecem (near Fortaleza)",BRITJ,Itajai,1,1,"Maersk Line; MSC; Safmarine; UASC",4,6,7498.16666666667,850,5447,8800,1,1,1,{1}
2013-03-24,BRPEC,"Pecem (near Fortaleza)",ESALG,Algeciras,1,1,"COSCO; Hamburg Sud; Hanjin Shipping; Maersk Line; MSC; Safmarine",6,7,7750,1700,7450,8500,7,7,7,{7}
2013-03-24,BRPEC,"Pecem (near Fortaleza)",USNYC,"New York NY/NJ",1,1,"Alianca; CSAV; Hamburg Sud; Libra-Montemar",4,7,4341.42857142857,514,4050,4600,10,10,10,{10}
2013-03-24,BRPNG,Paranagua,ARBUE,"Buenos Aires",2,2,"Alianca; CMA CGM; COSCO; CSAV; Hamburg Sud; Hanjin Shipping; Hapag-Lloyd; Maersk Line; MSC; Safmarine",10,14,14878,3266.42857142857,7090,8500,1,2,3,"{3,1}"
2013-03-24,BRPNG,Paranagua,BRIOA,"Porto Itapoa",1,1,"Maersk Line; MSC; Safmarine; UASC",4,6,7498.16666666667,850,5447,8800,0,0,0,{0}
2013-03-24,BRPNG,Paranagua,BRNVT,Navegantes,1,1,"Alianca; CMA CGM; CSAV; Delmas; Hamburg Sud; Hapag-Lloyd; Libra-Montemar; MSC",8,7,4104.57142857143,696.714285714286,4043,4250,2,2,2,{2}
2013-03-24,BRPNG,Paranagua,BRRIO,"Rio de Janeiro",1,1,"CMA CGM",1,9,1716.88888888889,373.111111111111,1728,2546,4,4,4,{4}
2013-03-24,BRPNG,Paranagua,BRSFS,"Sao Francisco do Sul",1,1,"Alianca; Hamburg Sud; Hapag-Lloyd; MOL",4,13,5328.84615384615,536.923076923077,4250,5605,1,1,1,{1}
2013-03-24,BRPNG,Paranagua,BRSSZ,Santos,6,6,"Alianca; ANL; CCNI; CMA CGM; COSCO; CSAV; CSCL; Evergreen Line; Hamburg Sud; Hanjin Shipping; Hapag-Lloyd; Hyundai; K Line; Libra-Montemar; Maersk Line; MCC; MOL; MSC; NYK; PIL; Safmarine; ZIM",22,65,26973.0238095238,3773.00649350649,2070,8500,1,2,3,"{2,2,2,3,2,1}"
2013-03-24,BRREC,Recife,BRSSZ,Santos,1,1,"CMA CGM",1,9,1716.88888888889,373.111111111111,1728,2546,5,5,5,{5}
2013-03-24,BRRIG,"Rio Grande",BRIBB,Imbituba,1,1,"COSCO; Hamburg Sud; Hanjin Shipping; Maersk Line; MSC; Safmarine",6,7,7750,1700,7450,8500,1,1,1,{1}
2013-03-24,BRRIG,"Rio Grande",BRIOA,"Porto Itapoa",3,3,"Alianca; CMA CGM; CSAV; Hamburg Sud; Hapag-Lloyd; Libra-Montemar; Maersk Line; MCC; MOL; MSC; NYK; Safmarine",12,26,18631.2619047619,3447.09523809524,4050,8500,1,1,2,"{2,1,1}"
2013-03-24,BRRIG,"Rio Grande",BRITJ,Itajai,1,1,"CCNI; Hanjin Shipping; Hyundai; K Line; NYK; PIL; ZIM",7,12,2090.91666666667,176.333333333333,3398,4532,2,2,2,{2}
2013-03-24,BRRIG,"Rio Grande",BRNVT,Navegantes,4,4,"Alianca; CMA CGM; CSAV; Hamburg Sud; Hapag-Lloyd; Libra-Montemar; Maersk Line; MSC; Niver Lines; NYK; Safmarine; ZIM",12,31,23891.375,2221.83928571429,5006,6750,1,1.5,2,"{2,1,2,1}"
2013-03-24,BRRIG,"Rio Grande",BRPNG,Paranagua,1,1,"ANL; CMA CGM; CSAV; CSCL; Libra-Montemar; MSC",6,11,6334.45454545455,840,5618,6712,3,3,3,{3}
2013-03-24,BRRIG,"Rio Grande",BRSFS,"Sao Francisco do Sul",1,1,"Delmas; NileDutch",2,5,2113.82857142857,342.857142857143,1740,2122,2,2,2,{2}
2013-03-24,BRRIG,"Rio Grande",CLSAI,"San Antonio",1,1,"Alianca; CSAV; Hamburg Sud; Libra-Montemar",4,7,2621.85714285714,450.285714285714,1620,3400,10,10,10,{10}
2013-03-24,BRRIO,"Rio de Janeiro",BRSPB,Sepetiba,1,1,"CMA CGM; CSAV; Hapag-Lloyd; Libra-Montemar; MSC; ZIM",6,8,6471.375,450,5800,6750,1,1,1,{1}
2013-03-24,BRRIO,"Rio de Janeiro",BRSSA,Salvador,3,3,"Alianca; CCNI; CMA CGM; CSAV; Delmas; Hamburg Sud; Hapag-Lloyd; Libra-Montemar; MSC",9,23,9624.31746031746,1673.96825396825,1728,4268,3,3,4,"{4,3,3}"
2013-03-24,BRRIO,"Rio de Janeiro",BRSSZ,Santos,7,7,"Alianca; ANL; CCNI; CMA CGM; CSAV; CSCL; Hamburg Sud; Hanjin Shipping; Hapag-Lloyd; Hyundai; K Line; Libra-Montemar; Maersk Line; MSC; Niver Lines; NYK; PIL; Safmarine; ZIM",19,65,33762.6747835498,3530.79761904762,3398,6750,0,1,2,"{2,2,2,0,1,1,1}"
2013-03-24,BRRIO,"Rio de Janeiro",BRSUA,Suape,1,1,"Alianca; CMA CGM; CSAV; Hamburg Sud; Libra-Montemar; Maersk Line; MSC; Niver Lines; Safmarine; ZIM",10,8,5672.25,753.75,5550,5905,4,4,4,{4}
2013-03-24,BRRIO,"Rio de Janeiro",BRVIX,Vitoria,1,1,"Evergreen Line; Hanjin Shipping; Hapag-Lloyd; Hyundai; NYK; Yang Ming",6,6,2682.33333333333,341.666666666667,2450,2890,1,1,1,{1}
2013-03-24,BRRIO,"Rio de Janeiro",CGPNR,"Pointe Noire",1,1,"Delmas; NileDutch",2,5,2113.82857142857,342.857142857143,1740,2122,11,11,11,{11}
2013-03-24,BRRIO,"Rio de Janeiro",DOCAU,Caucedo,1,1,"CSAV; Hamburg Sud; Hapag-Lloyd; Libra-Montemar; Maersk Line; NYK",6,8,5545.75,481.375,5006,5762,11,11,11,{11}
2013-03-24,BRRIO,"Rio de Janeiro",SGSIN,Singapore,2,2,"CCNI; Hanjin Shipping; Hyundai; K Line; NYK; PIL; ZIM",7,24,4741.16666666667,436.333333333333,3398,5023,23,25,27,"{23,27}"
2013-03-24,BRRIO,"Rio de Janeiro",ZAPLZ,"Port Elizabeth",1,1,"Alianca; ANL; CMA CGM; CSAV; CSCL; Hamburg Sud; Libra-Montemar; Maersk Line; MCC; Safmarine",10,12,4093.08333333333,348.833333333333,4181,5060,10,10,10,{10}
2013-03-24,BRSFS,"Sao Francisco do Sul",BRSPB,Sepetiba,1,1,"Alianca; CSAV; Hamburg Sud; Libra-Montemar",4,7,2621.85714285714,450.285714285714,1620,3400,2,2,2,{2}
2013-03-24,BRSFS,"Sao Francisco do Sul",BRSSZ,Santos,2,2,"Alianca; Delmas; Hamburg Sud; Hapag-Lloyd; MOL; NileDutch",6,18,7442.67472527473,879.78021978022,1740,5605,1,1.5,2,"{2,1}"
2013-03-24,BRSPB,Sepetiba,BEANR,Antwerp,1,1,"CMA CGM; CSAV; Hapag-Lloyd; Libra-Montemar; Maersk Line; MSC; Safmarine",7,7,6202,536.714285714286,5550,6750,13,13,13,{13}
2013-03-24,BRSPB,Sepetiba,BRSSA,Salvador,1,1,"CMA CGM; CSAV; Hapag-Lloyd; Libra-Montemar; MSC; ZIM",6,8,6471.375,450,5800,6750,2,2,2,{2}
2013-03-24,BRSPB,Sepetiba,BRSSZ,Santos,3,3,"Alianca; CMA CGM; CSAV; Hamburg Sud; Hapag-Lloyd; Libra-Montemar; Maersk Line; MSC; Niver Lines; Safmarine; ZIM",11,22,15422.1071428571,2770.46428571429,1620,7154,1,2,2,"{2,1,2}"
2013-03-24,BRSSA,Salvador,BRPEC,"Pecem (near Fortaleza)",1,1,"Alianca; CSAV; Hamburg Sud; Libra-Montemar",4,7,4341.42857142857,514,4050,4600,3,3,3,{3}
2013-03-24,BRSSA,Salvador,BRPNG,Paranagua,1,1,"Maersk Line; MSC; Safmarine; UASC",4,6,7498.16666666667,850,5447,8800,2,2,2,{2}
2013-03-24,BRSSA,Salvador,BRSUA,Suape,1,1,"CMA CGM; CSAV; Hapag-Lloyd; Libra-Montemar; MSC; ZIM",6,8,6471.375,450,5800,6750,2,2,2,{2}
2013-03-24,BRSSA,Salvador,COCTG,Cartagena,1,1,"Alianca; CCNI; Hamburg Sud; Hapag-Lloyd",4,7,3802.85714285714,604.142857142857,2070,4268,8,8,8,{8}
2013-03-24,BRSSA,Salvador,FRLEH,"Le Havre",1,1,"Alianca; CMA CGM; CSAV; Delmas; Hamburg Sud; Hapag-Lloyd; Libra-Montemar; MSC",8,7,4104.57142857143,696.714285714286,4043,4250,13,13,13,{13}
2013-03-24,BRSSA,Salvador,TTPOS,"Port of Spain",1,1,"CMA CGM",1,9,1716.88888888889,373.111111111111,1728,2546,8,8,8,{8}
2013-03-24,BRSSZ,Santos,ARBUE,"Buenos Aires",8,8,"Alianca; CCNI; CMA CGM; CSAV; Hamburg Sud; Hanjin Shipping; Hapag-Lloyd; Hyundai; K Line; Libra-Montemar; Maersk Line; MOL; MSC; Niver Lines; NYK; PIL; Safmarine; ZIM",18,72,37928.7886141636,3905.87347374847,1728,6750,3,4,6,"{6,4,4,5,3,4,4,3}"
2013-03-24,BRSSZ,Santos,BRIBB,Imbituba,1,1,"Alianca; CCNI; Hamburg Sud; Hapag-Lloyd",4,7,3802.85714285714,604.142857142857,2070,4268,2,2,2,{2}
2013-03-24,BRSSZ,Santos,BRIOA,"Porto Itapoa",1,1,"Alianca; Hamburg Sud; Maersk Line; MCC; MOL; NYK; Safmarine",7,12,7161.83333333333,1366.66666666667,7090,8500,1,1,1,{1}
2013-03-24,BRSSZ,Santos,BRITJ,Itajai,1,1,"Alianca; ANL; CMA CGM; CSAV; CSCL; Hamburg Sud; Libra-Montemar; Maersk Line; MCC; Safmarine",10,12,4093.08333333333,348.833333333333,4181,5060,1,1,1,{1}
2013-03-24,BRSSZ,Santos,BRNVT,Navegantes,1,1,"Evergreen Line; Hanjin Shipping; Hapag-Lloyd; Hyundai; NYK; Yang Ming",6,6,2682.33333333333,341.666666666667,2450,2890,1,1,1,{1}
2013-03-24,BRSSZ,Santos,BRPEC,"Pecem (near Fortaleza)",1,1,"COSCO; Hamburg Sud; Hanjin Shipping; Maersk Line; MSC; Safmarine",6,7,7750,1700,7450,8500,3,3,3,{3}
2013-03-24,BRSSZ,Santos,BRPNG,Paranagua,3,3,"Alianca; CMA CGM; COSCO; CSAV; Delmas; Hamburg Sud; Hanjin Shipping; Hapag-Lloyd; Libra-Montemar; Maersk Line; MSC; Safmarine",12,21,18982.5714285714,3963.14285714286,4043,8500,1,2,3,"{2,3,1}"
2013-03-24,BRSSZ,Santos,BRRIG,"Rio Grande",1,1,"Alianca; CSAV; Hamburg Sud; Libra-Montemar",4,7,2621.85714285714,450.285714285714,1620,3400,3,3,3,{3}
2013-03-24,BRSSZ,Santos,BRRIO,"Rio de Janeiro",9,9,"Alianca; ANL; CCNI; CMA CGM; CSAV; CSCL; Delmas; Hamburg Sud; Hanjin Shipping; Hapag-Lloyd; Hyundai; K Line; Libra-Montemar; Maersk Line; MCC; MSC; NileDutch; Niver Lines; NYK; PIL; Safmarine; ZIM",22,79,36544.8821428571,4114.00595238095,1740,6750,1,2,3,"{3,1,2,1,2,1,2,1,2}"
2013-03-24,BRSSZ,Santos,BRSPB,Sepetiba,1,1,"CMA CGM; CSAV; Hapag-Lloyd; Libra-Montemar; Maersk Line; MSC; Safmarine",7,7,6202,536.714285714286,5550,6750,1,1,1,{1}
2013-03-24,BRSSZ,Santos,BRSSA,Salvador,1,1,"Alianca; CSAV; Hamburg Sud; Libra-Montemar",4,7,4341.42857142857,514,4050,4600,4,4,4,{4}
2013-03-24,BRSSZ,Santos,ESLPA,"Las Palmas, Can Is",1,1,"Maersk Line; MSC; Safmarine; UASC",4,6,7498.16666666667,850,5447,8800,10,10,10,{10}
2013-03-24,BRSSZ,Santos,MAPTM,Tanger,1,1,"Alianca; CMA CGM; CSAV; Hamburg Sud; Hapag-Lloyd; Maersk Line; MSC",7,7,7128,1566.42857142857,7090,7154,10,10,10,{10}
2013-03-24,BRSSZ,Santos,SGSIN,Singapore,2,2,"Alianca; COSCO; Evergreen Line; Hamburg Sud; Maersk Line; MCC; MOL; NYK; Safmarine",9,23,10092.3787878788,1720.0303030303,3400,8500,26,26,26,"{26,26}"
2013-03-24,BRSSZ,Santos,UYMVD,Montevideo,3,3,"ANL; CCNI; CMA CGM; COSCO; CSAV; CSCL; Evergreen Line; Hanjin Shipping; Hyundai; K Line; Libra-Montemar; MSC; NYK; PIL; ZIM",15,34,11355.9166666667,1369.69696969697,3398,6712,3,3,3,"{3,3,3}"
2013-03-24,BRSSZ,Santos,ZACPT,"Cape Town",1,1,"Alianca; Hamburg Sud; Hapag-Lloyd; MOL",4,13,5328.84615384615,536.923076923077,4250,5605,10,10,10,{10}
2013-03-24,BRSSZ,Santos,ZADUR,Durban,1,1,"ANL; CMA CGM; CSAV; CSCL; Libra-Montemar; MSC",6,11,6334.45454545455,840,5618,6712,13,13,13,{13}
2013-03-24,BRSUA,Suape,BRRIO,"Rio de Janeiro",1,1,"Alianca; CMA CGM; CSAV; Hamburg Sud; Libra-Montemar; Maersk Line; MSC; Niver Lines; Safmarine; ZIM",10,8,5672.25,753.75,5550,5905,4,4,4,{4}
2013-03-24,BRSUA,Suape,BRSSZ,Santos,3,3,"Alianca; CCNI; CSAV; Hamburg Sud; Hapag-Lloyd; Libra-Montemar; Maersk Line; NYK",8,22,13690.0357142857,1599.51785714286,2070,5762,4,4,5,"{4,4,5}"
2013-03-24,BRSUA,Suape,DOCAU,Caucedo,1,1,"CMA CGM; CSAV; Hapag-Lloyd; Libra-Montemar; MSC; ZIM",6,8,6471.375,450,5800,6750,6,6,6,{6}
2013-03-24,BRSUA,Suape,MAPTM,Tanger,1,1,"Alianca; CMA CGM; CSAV; Hamburg Sud; Libra-Montemar; Maersk Line; MSC; Niver Lines; Safmarine; ZIM",10,8,5672.25,753.75,5550,5905,9,9,9,{9}
2013-03-24,BRVDC,"Vila do Conde (near Belem)",BRMCP,Macapa,1,1,"CMA CGM; Delmas",2,1,2010,360,670,670,1,1,1,{1}
2013-03-24,BRVDC,"Vila do Conde (near Belem)",PAMIT,Manzanillo,1,1,"APL; MOL",2,4,1274.5,288.75,1645,1740,9,9,9,{9}
2013-03-24,BRVIX,Vitoria,DOCAU,Caucedo,1,1,"Evergreen Line; Hanjin Shipping; Hapag-Lloyd; Hyundai; NYK; Yang Ming",6,6,2682.33333333333,341.666666666667,2450,2890,9,9,9,{9}
2013-03-24,BSFPO,Freeport,CAMTR,Montreal,1,1,MSC,1,3,2982,295,2800,3139,6,6,6,{6}
2013-03-24,BSFPO,Freeport,DOCAU,Caucedo,1,1,"CMA CGM; CSAV; Hapag-Lloyd; Libra-Montemar; MSC; ZIM",6,8,6471.375,450,5800,6750,2,2,2,{2}
2013-03-24,BSFPO,Freeport,GTPBR,"Puerto Barrios",1,1,MSC,1,2,2089.5,196,1709,2470,3,3,3,{3}
2013-03-24,BSFPO,Freeport,JMKIN,Kingston,1,1,MSC,1,7,4655.71428571429,422.142857142857,4322,5059,2,2,2,{2}
2013-03-24,BSFPO,Freeport,MXVER,Veracruz,1,1,MSC,1,7,6600,414.285714285714,6402,6750,3,3,3,{3}
2013-03-24,BSFPO,Freeport,USMIA,"Miami FL",1,1,MSC,1,2,2089.5,196,1709,2470,1,1,1,{1}
2013-03-24,BSFPO,Freeport,USORF,"Norfolk VA",2,2,"CMA CGM; CSAV; Hapag-Lloyd; Libra-Montemar; MSC; ZIM",6,21,13252.6057692308,965.384615384615,5550,9200,2,2,2,"{2,2}"
2013-03-24,BSFPO,Freeport,USPHL,"Philadelphia PA",1,1,MSC,1,7,4655.71428571429,422.142857142857,4322,5059,3,3,3,{3}
2013-03-24,BSFPO,Freeport,USSAV,"Savannah GA",1,1,MSC,1,7,6600,414.285714285714,6402,6750,1,1,1,{1}
2013-03-24,BSFPO,Freeport,ZAPLZ,"Port Elizabeth",1,1,"Maersk Line; MSC; Safmarine",3,9,2384.66666666667,118.111111111111,1708,3450,22,22,22,{22}
2013-03-24,BSNAS,Nassau,USJAX,"Jacksonville FL",1,1,Crowley,1,1,373,40,373,373,2,2,2,{2}
2013-03-24,BSNAS,Nassau,USPEF,"Port Everglades FL",1,1,Crowley,1,1,373,40,373,373,1,1,1,{1}
2013-03-24,BZBGK,"Big Creek",PAMIT,Manzanillo,1,1,"Maersk Line",1,6,2544.33333333333,600,2530,2556,2,2,2,{2}
2013-03-24,BZBZE,"Belize City",USMIA,"Miami FL",1,1,"Seaboard Marine",1,1,960,252,960,960,3,3,3,{3}
2013-03-24,CAHAL,Halifax,BEANR,Antwerp,1,1,"ACL-Atlantic Container Line; Hapag-Lloyd; NYK; OOCL",4,15,4706.06666666667,396.133333333333,4545,4890,9,9,9,{9}
2013-03-24,CAHAL,Halifax,CANWP,Argentia,1,1,Eimskip,1,1,3051.42857142857,428.571428571429,712,712,2,2,2,{2}
2013-03-24,CAHAL,Halifax,CUHAV,Havana,1,1,"Melfi Marine",1,3,3108.57142857143,557.142857142857,1296,1604,5,5,5,{5}
2013-03-24,CAHAL,Halifax,ITCAG,Cagliari,1,1,"Hapag-Lloyd; NYK; OOCL",3,10,5894,475.6,4960,6750,7,7,7,{7}
2013-03-24,CAHAL,Halifax,JMKIN,Kingston,1,1,"CSCL; ZIM",2,10,4864,473,4253,5040,4,4,4,{4}
2013-03-24,CAHAL,Halifax,NLRTM,Rotterdam,1,1,"CMA CGM; Maersk Line",2,4,2890,350,2890,2890,8,8,8,{8}
2013-03-24,CAHAL,Halifax,USNYC,"New York NY/NJ",3,3,"ACL-Atlantic Container Line; COSCO; CSCL; Hapag-Lloyd; NYK; OOCL; ZIM",7,31,14851.9,1275.06666666667,4250,6750,2,2,2,"{2,2,2}"
2013-03-24,CAMTR,Montreal,BEANR,Antwerp,1,1,"Hapag-Lloyd; OOCL",2,3,4402,300,4402,4402,7,7,7,{7}
2013-03-24,CAMTR,Montreal,CAHAL,Halifax,1,1,"CMA CGM; Maersk Line",2,4,2890,350,2890,2890,3,3,3,{3}
2013-03-24,CAMTR,Montreal,CASJB,"Saint John, New Brunswick",1,1,MSC,1,3,2982,295,2800,3139,3,3,3,{3}
2013-03-24,CAMTR,Montreal,GBLIV,Liverpool,1,1,"Hapag-Lloyd; MSC; OOCL",3,4,3503,262,2808,4340,7,7,7,{7}
2013-03-24,CAMTR,Montreal,ITGIT,"Gioia Tauro",1,1,MSC,1,4,3655,189.25,2668,4056,12,12,12,{12}
2013-03-24,CAMTR,Montreal,PTLIS,Lisbon,1,1,"Hanjin Shipping; Hapag-Lloyd",2,5,2603,159.2,2300,3032,9,9,9,{9}
2013-03-24,CAMTR,Montreal,USNYC,"New York NY/NJ",1,1,MSC,1,6,4790.5,493.5,3922,5762,0,0,0,{0}
2013-03-24,CANWP,Argentia,ISREY,Reykjavik,2,2,Eimskip,1,2,6042.85714285714,942.857142857143,698,712,6,6,6,"{6,6}"
2013-03-24,CANWP,Argentia,USBOS,"Boston MA",2,2,Eimskip,1,2,6042.85714285714,942.857142857143,698,712,3,4,5,"{3,5}"
2013-03-24,CAPRR,"Prince Rupert BC",CAVAN,"Vancouver BC",1,1,"COSCO; Hanjin Shipping; K Line; Yang Ming",4,6,6385.83333333333,450,7455,8495,2,2,2,{2}
2013-03-24,CAPRR,"Prince Rupert BC",USLGB,"Long Beach CA",1,1,"COSCO; Hanjin Shipping; K Line; Yang Ming",4,6,5304.33333333333,500.833333333333,5250,5576,4,4,4,{4}
2013-03-24,CAPRR,"Prince Rupert BC",USSEA,"Seattle WA",1,1,"COSCO; Hanjin Shipping; Yang Ming",3,6,4967.5,433.333333333333,4367,5744,2,2,2,{2}
2013-03-24,CASJB,"Saint John, New Brunswick",DOCAU,Caucedo,1,1,MSC,1,3,2982,295,2800,3139,5,5,5,{5}
2013-03-24,CASJB,"Saint John, New Brunswick",USPAB,"Palm Beach FL",1,1,"Tropical Shipping",1,2,1080.5,216,1061,1100,4,4,4,{4}
2013-03-24,CAVAN,"Vancouver BC",HKHKG,"Hong Kong",1,1,CSCL,1,6,2832.33333333333,450,2546,4250,21,21,21,{21}
2013-03-24,CAVAN,"Vancouver BC",JPTYO,Tokyo,4,4,"APL; COSCO; Evergreen Line; Hanjin Shipping; Hapag-Lloyd; Hyundai; K Line; MOL; NYK; OOCL; PIL; Yang Ming; ZIM",13,34,25525.4166666667,2208.92857142857,5364,8749,10,12,13,"{10,12,13,12}"
2013-03-24,CAVAN,"Vancouver BC",JPYOK,Yokohama,2,2,"APL; CMA CGM; Hamburg Sud; Hyundai; Maersk Line; MCC; MOL; USL-US Lines",8,22,13121.9166666667,1245.39583333333,5506,9200,12,12.5,13,"{13,12}"
2013-03-24,CAVAN,"Vancouver BC",KRPUS,Busan,3,3,"APL; COSCO; Hanjin Shipping; Hyundai; K Line; MOL; Yang Ming",7,17,15162.5333333333,1216.66666666667,3725,6763,13,14,14,"{14,14,13}"
2013-03-24,CAVAN,"Vancouver BC",USLAX,"Los Angeles CA",1,1,"Alianca; ANL; Hamburg Sud; Hapag-Lloyd; USL-US Lines",5,4,5536.5,933,2490,3100,4,4,4,{4}
2013-03-24,CAVAN,"Vancouver BC",USPDX,"Portland OR",1,1,"Alianca; Hamburg Sud; Hapag-Lloyd",3,11,2797,515.909090909091,2741,2872,1,1,1,{1}
2013-03-24,CAVAN,"Vancouver BC",USSEA,"Seattle WA",3,3,"COSCO; Hanjin Shipping; K Line; MSC; Westwood; Yang Ming",6,19,15673.4333333333,1862.13333333333,2169,8495,1,1,1,"{1,1,1}"
2013-03-24,CAVAN,"Vancouver BC",USTIW,"Tacoma WA",2,2,"Hapag-Lloyd; NYK; OOCL; PIL; ZIM",5,13,16528.0952380952,1420,7179,8749,0,1.5,3,"{3,0}"
2013-03-24,CGPNR,"Pointe Noire",AOLAD,Luanda,4,4,"CMA CGM; Delmas; NileDutch",3,34,11479.9357142857,1889.90476190476,1740,3534,1,5,7,"{5,7,1,5}"
2013-03-24,CGPNR,"Pointe Noire",GHTEM,Tema,1,1,"CMA CGM; Maersk Line; MCC; Safmarine",4,10,3918.5,165,3600,4496,5,5,5,{5}
2013-03-24,CGPNR,"Pointe Noire",NGTIN,"Lagos, Tin Can",1,1,"CMA CGM; Delmas",2,10,2080,295.2,1730,2670,2,2,2,{2}
2013-03-24,CIABJ,Abidjan,AOLAD,Luanda,2,2,"CMA CGM; Delmas; Maersk Line; MCC; Safmarine",5,18,6471.04761904762,545.357142857143,1641,4500,4,4.5,5,"{5,4}"
2013-03-24,CIABJ,Abidjan,BJCOO,Cotonou,1,1,"CMA CGM; Delmas",2,6,2570.33333333333,436.666666666667,2466,2674,3,3,3,{3}
2013-03-24,CIABJ,Abidjan,CISPY,"San Pedro, Ivory Coast",2,2,"Hapag-Lloyd; MOL; MSC; ZIM",4,12,5397.16666666667,540.166666666667,2072,3424,3,3.5,4,"{4,3}"
2013-03-24,CIABJ,Abidjan,CMDLA,Douala,1,1,"CMA CGM; Delmas",2,10,2080,295.2,1730,2670,0,0,0,{0}
2013-03-24,CIABJ,Abidjan,ESALG,Algeciras,2,2,"Evergreen Line; Hanjin Shipping; Hapag-Lloyd; MOL; UASC; ZIM",6,8,4760.75,462.5,1576,3681,8,9,10,"{10,8}"
2013-03-24,CIABJ,Abidjan,GNCKY,Conakry,1,1,"Maersk Line; Safmarine",2,7,2503.14285714286,420.571428571429,2470,2546,5,5,5,{5}
2013-03-24,CIABJ,Abidjan,ITSPE,"La Spezia",1,1,"COSCO; ZIM",2,3,3652,680,1678,1900,11,11,11,{11}
2013-03-24,CIABJ,Abidjan,MAPTM,Tanger,1,1,"CMA CGM; Delmas",2,6,2570.33333333333,436.666666666667,2466,2674,11,11,11,{11}
2013-03-24,CIABJ,Abidjan,NAWVB,"Walvis Bay",1,1,"CMA CGM; Delmas",2,12,3280.33333333333,500,3091,3650,4,4,4,{4}
2013-03-24,CIABJ,Abidjan,NGAPP,Apapa,1,1,"Maersk Line; Safmarine",2,4,1251.5,210,2500,2506,3,3,3,{3}
2013-03-24,CIABJ,Abidjan,SNDKR,Dakar,1,1,"CMA CGM; Delmas",2,7,2414.57142857143,445.428571428571,1550,2826,7,7,7,{7}
2013-03-24,CISPY,"San Pedro, Ivory Coast",BEANR,Antwerp,1,1,"Hapag-Lloyd; MOL; ZIM",3,6,2143.5,287.833333333333,2072,2262,10,10,10,{10}
2013-03-24,CISPY,"San Pedro, Ivory Coast",ESLPA,"Las Palmas, Can Is",1,1,MSC,1,6,3253.66666666667,252.333333333333,2480,3424,6,6,6,{6}
2013-03-24,CISPY,"San Pedro, Ivory Coast",GHTEM,Tema,1,1,MSC,1,6,3253.66666666667,252.333333333333,2480,3424,2,2,2,{2}
2013-03-24,CISPY,"San Pedro, Ivory Coast",MAPTM,Tanger,1,1,"Maersk Line; Safmarine",2,6,2513,377.333333333333,2456,2578,7,7,7,{7}
2013-03-24,CLANF,Antofagasta,CLMJS,Mejillones,1,1,"CCNI; CSAV; Libra-Montemar",3,5,3702.85714285714,471.428571428571,1726,1730,2,2,2,{2}
2013-03-24,CLANF,Antofagasta,CLSAI,"San Antonio",1,1,"Alianca; CSAV; Hamburg Sud; Libra-Montemar",4,7,2621.85714285714,450.285714285714,1620,3400,2,2,2,{2}
2013-03-24,CLARI,Arica,CLANF,Antofagasta,1,1,"Alianca; CSAV; Hamburg Sud; Libra-Montemar",4,7,2621.85714285714,450.285714285714,1620,3400,0,0,0,{0}
2013-03-24,CLARI,Arica,CLCNL,Coronel,1,1,MSC,1,7,4655.71428571429,422.142857142857,4322,5059,3,3,3,{3}
2013-03-24,CLCNL,Coronel,CLSAI,"San Antonio",2,2,"CSAV; MSC",2,16,9735.8253968254,1157.03174603175,4322,5301,1,1,1,"{1,1}"
2013-03-24,CLIQQ,Iquique,CLMJS,Mejillones,1,1,"Alianca; CCNI; CSCL; Hamburg Sud; Hanjin Shipping; Hyundai",6,10,4792.8,509,4532,5744,1,1,1,{1}
2013-03-24,CLIQQ,Iquique,CLSAI,"San Antonio",3,3,"CMA CGM; COSCO; CSAV; Evergreen Line; Libra-Montemar; MSC; PIL; Wan Hai",8,26,13903.0833333333,1319.91666666667,1520,9200,2,3,4,"{4,2,3}"
2013-03-24,CLIQQ,Iquique,CLVAP,Valparaiso,1,1,"Hapag-Lloyd; K Line; MOL; NYK",4,11,5030.90909090909,431.181818181818,5624,6500,1,1,1,{1}
2013-03-24,CLIQQ,Iquique,PECLL,Callao,1,1,"CCNI; CSAV; Libra-Montemar",3,5,3702.85714285714,471.428571428571,1726,1730,3,3,3,{3}
2013-03-24,CLIQQ,Iquique,PEMRI,Matarani,1,1,"Evergreen Line",1,4,1605.75,299.75,1520,1706,1,1,1,{1}
2013-03-24,CLLQN,Lirquen,PECLL,Callao,1,1,"Hapag-Lloyd; K Line; MOL; NYK",4,11,5030.90909090909,431.181818181818,5624,6500,6,6,6,{6}
2013-03-24,CLMJS,Mejillones,CLCNL,Coronel,1,1,"CSAV; MSC",2,9,5080.11111111111,734.888888888889,4549,5301,2,2,2,{2}
2013-03-24,CLMJS,Mejillones,CLIQQ,Iquique,1,1,"CCNI; CSAV; Libra-Montemar",3,5,3702.85714285714,471.428571428571,1726,1730,2,2,2,{2}
2013-03-24,CLMJS,Mejillones,CLVAP,Valparaiso,2,2,"Alianca; CCNI; CSCL; Hamburg Sud; Hanjin Shipping; Hyundai",6,21,10363.7090909091,1807.36363636364,4532,5762,2,2,2,"{2,2}"
2013-03-24,CLSAI,"San Antonio",CLANF,Antofagasta,1,1,"CCNI; CSAV; Libra-Montemar",3,5,3702.85714285714,471.428571428571,1726,1730,2,2,2,{2}
2013-03-24,CLSAI,"San Antonio",CLSVE,"San Vicente",4,4,"Alianca; CCNI; CMA CGM; CSAV; Hamburg Sud; Libra-Montemar; Maersk Line; MCC; MSC",9,37,18285.0238095238,1889.61904761905,1620,9200,1,1,2,"{1,2,1,1}"
2013-03-24,CLSAI,"San Antonio",PABLB,Balboa,2,2,"CSAV; MSC",2,16,9735.8253968254,1157.03174603175,4322,5301,7,7,7,"{7,7}"
2013-03-24,CLSAI,"San Antonio",PAONX,Colon,1,1,"Evergreen Line",1,4,1605.75,299.75,1520,1706,13,13,13,{13}
2013-03-24,CLSAI,"San Antonio",PECLL,Callao,4,4,"Alianca; CCNI; CMA CGM; COSCO; CSAV; Evergreen Line; Hamburg Sud; Libra-Montemar; MSC; PIL; Wan Hai",11,35,18111.3571428571,1934.78571428571,1620,9200,4,4,5,"{4,4,5,4}"
2013-03-24,CLSVE,"San Vicente",ARBHI,"Bahia Blanca",1,1,"Alianca; CSAV; Hamburg Sud; Libra-Montemar",4,7,2621.85714285714,450.285714285714,1620,3400,6,6,6,{6}
2013-03-24,CLSVE,"San Vicente",CLSAI,"San Antonio",2,2,"Alianca; CCNI; CMA CGM; CSAV; Hamburg Sud; Libra-Montemar; MSC",7,18,11364.5,1106,2742,9200,2,2,2,"{2,2}"
2013-03-24,CLSVE,"San Vicente",MXZLO,"Manzanillo, MEX",1,1,"Alianca; CCNI; CSCL; Hamburg Sud; Hanjin Shipping; Hyundai",6,11,5570.90909090909,1298.36363636364,5550,5762,9,9,9,{9}
2013-03-24,CLSVE,"San Vicente",PABLB,Balboa,1,1,"Maersk Line; MCC",2,12,4298.66666666667,333.333333333333,6200,6696,8,8,8,{8}
2013-03-24,CLVAP,Valparaiso,CLLQN,Lirquen,1,1,"Hapag-Lloyd; K Line; MOL; NYK",4,11,5030.90909090909,431.181818181818,5624,6500,1,1,1,{1}
2013-03-24,CLVAP,Valparaiso,CLSVE,"San Vicente",1,1,"Alianca; CCNI; CSCL; Hamburg Sud; Hanjin Shipping; Hyundai",6,11,5570.90909090909,1298.36363636364,5550,5762,1,1,1,{1}
2013-03-24,CLVAP,Valparaiso,PECLL,Callao,2,2,"Alianca; APL; CMA CGM; Hamburg Sud; Hapag-Lloyd; MOL",6,11,6755.625,1644.75,2550,5042,3,3.5,4,"{4,3}"
2013-03-24,CLVAP,Valparaiso,TWKEL,Keelung,1,1,"Alianca; CCNI; CSCL; Hamburg Sud; Hanjin Shipping; Hyundai",6,10,4792.8,509,4532,5744,26,26,26,{26}
2013-03-24,CMDLA,Douala,CIABJ,Abidjan,1,1,"CMA CGM; Delmas",2,6,2570.33333333333,436.666666666667,2466,2674,2,2,2,{2}
2013-03-24,CMDLA,Douala,NAWVB,"Walvis Bay",1,1,"Maersk Line; Safmarine",2,10,2476.3,442.2,2226,2556,10,10,10,{10}
2013-03-24,CMDLA,Douala,TGLFW,Lome,1,1,"Maersk Line; Safmarine",2,5,2478,352,2478,2478,5,5,5,{5}
2013-03-24,CMDLA,Douala,ZACPT,"Cape Town",2,2,"CMA CGM; Delmas; MSC",3,16,5091.66666666667,442.366666666667,1730,3424,0,4.5,9,"{0,9}"
2013-03-24,CNCWN,Chiwan,CNNGB,Ningbo,2,2,"ANL; CMA CGM; CSCL; Delmas; OOCL; UASC; USL-US Lines",7,18,7008.06493506493,727.506493506494,1740,5095,2,2.5,3,"{3,2}"
2013-03-24,CNCWN,Chiwan,CNXMN,Xiamen,2,2,"CMA CGM; Delmas; FESCO; MSC",4,14,13794.1212121212,1221.09090909091,2824,14000,1,1,1,"{1,1}"
2013-03-24,CNCWN,Chiwan,CNYTN,Yantian,4,4,"ANL; APL; CMA CGM; Delmas; FESCO; Hamburg Sud; Hyundai; Maersk Line; MCC; MOL; MSC; Safmarine; UASC",13,41,31168.6701631702,2699.53613053613,5506,16000,0,0.5,1,"{0,1,0,1}"
2013-03-24,CNCWN,Chiwan,HKHKG,"Hong Kong",11,11,"Alianca; ANL; APL; CMA CGM; CSAV; CSCL; Delmas; Hamburg Sud; Hanjin Shipping; Hapag-Lloyd; Hyundai; Libra-Montemar; Maersk Line; MCC; MOL; MSC; Safmarine; USL-US Lines",18,112,70048.3034465535,6193.29029304029,2468,14000,0,1,2,"{1,2,1,1,0,1,1,1,1,1,1}"
2013-03-24,CNCWN,Chiwan,KRPUS,Busan,1,1,"CMA CGM; CSAV; CSCL; Libra-Montemar; MSC",5,10,6810.3,671,5618,8488,4,4,4,{4}
2013-03-24,CNCWN,Chiwan,MYPKG,"Port Klang",1,1,"CMA CGM; Delmas",2,12,3280.33333333333,500,3091,3650,6,6,6,{6}
2013-03-24,CNCWN,Chiwan,MYTPP,"Tanjung Pelepas",1,1,"ANL; CMA CGM; Delmas; Maersk Line; MCC; Safmarine",6,11,12602.8181818182,790.909090909091,9415,13092,4,4,4,{4}
2013-03-24,CNCWN,Chiwan,PHMNL,Manila,1,1,APL,1,2,1440,174,1440,1440,5,5,5,{5}
2013-03-24,CNCWN,Chiwan,SGSIN,Singapore,9,9,"APL; CMA CGM; CSAV; CSAV Norasia; Delmas; Emirates Shipping; Hapag-Lloyd; Hyundai; MOL; MSC; OOCL; PIL; Stinnes",13,90,64365.6297868798,4943.93785381285,2478,14000,3,4,6,"{6,3,3,6,4,4,4,3,4}"
2013-03-24,CNCWN,Chiwan,THLCH,"Laem Chabang",1,1,"APL; Hanjin Shipping",2,3,1722,266,1708,1740,5,5,5,{5}
2013-03-24,CNCWN,Chiwan,TWKHH,Kaohsiung,1,1,"APL; Hyundai; MOL",3,7,6495.71428571429,512.857142857143,6350,9100,1,1,1,{1}
2013-03-24,CNDCB,"Da Chan Bay",CNXMN,Xiamen,1,1,"Hapag-Lloyd; K Line; MOL; NYK",4,11,5030.90909090909,431.181818181818,5624,6500,1,1,1,{1}
2013-03-24,CNDCB,"Da Chan Bay",HKHKG,"Hong Kong",3,3,"Hapag-Lloyd; MELL; MOL; NYK; OOCL; RCL; Wan Hai",7,10,13033,1170,1085,8888,0,0,1,"{0,1,0}"
2013-03-24,CNDCB,"Da Chan Bay",MYPKG,"Port Klang",3,3,"COSCO; Gold Star Line; ZIM",3,26,10509.2400793651,950.954365079365,1742,4308,4,4,4,"{4,4,4}"
2013-03-24,CNDCB,"Da Chan Bay",PHMNL,Manila,1,1,"MCC; OOCL",2,1,2078,400,2078,2078,2,2,2,{2}
2013-03-24,CNDLC,Dalian,CNSHP,Qinhuangdao,1,1,"Sinotrans; SITC Shipping",2,3,831,130,831,831,1,1,1,{1}
2013-03-24,CNDLC,Dalian,CNTAO,Qingdao,8,8,"Alianca; ANL; APL; CMA CGM; CNC Line-Cheng Lie Navigation Co. Ltd.; COSCO; CSCL; Emirates Shipping; Evergreen Line; Hamburg Sud; Hanjin Shipping; Hapag-Lloyd; Kambara Kisen Co., Ltd.; K Line; Maersk Line; MOL; MSC; OOCL; PIL; TS Lines; USL-US Lines; Yang Ming",22,47,35354.5628205128,3248.38974358974,556,13500,1,2,2,"{2,1,2,2,2,1,1,2}"
2013-03-24,CNDLC,Dalian,CNTXG,Xingang/Tianjin,12,12,"ANL; APL; CMA CGM; COSCO; Hanjin Shipping; Hyundai; K Line; Maersk Line; MCC; MELL; MOL; MSC; OOCL; PIL; Safmarine; SITC Shipping; Wan Hai; Yang Ming",18,68,52648.5507825508,5776.70246420246,1100,14000,1,1,2,"{1,1,1,1,1,2,2,1,1,1,2,1}"
2013-03-24,CNDLC,Dalian,CNWEI,Weihai,1,1,"Centrans; Goto Shipping; Puhai Shipping",3,2,685,118,672,698,2,2,2,{2}
2013-03-24,CNDLC,Dalian,CNYNT,Yantai,1,1,"COSCO; Sinotrans",2,2,2742,400,2742,2742,0,0,0,{0}
2013-03-24,CNDLC,Dalian,JPMOJ,Moji,1,1,"Sinotrans; SITC Shipping",2,2,544.5,73,385,704,2,2,2,{2}
2013-03-24,CNDLC,Dalian,JPNGO,Nagoya,1,1,"SITC Shipping",1,3,1065,108.333333333333,1042,1110,2,2,2,{2}
2013-03-24,CNDLC,Dalian,JPOSA,Osaka,2,2,"COSCO; CSCL; Goto Shipping; Sinotrans; SITC Shipping",5,5,3686.66666666667,381.5,831,2758,2,2.5,3,"{2,3}"
2013-03-24,CNDLC,Dalian,KRPUS,Busan,6,6,"ANL; CK Line; CMA CGM; COSCO; CSCL; Delmas; Dongjin Shipping; Dong Young; Evergreen Line; Heung-A; Hyundai; MSC; Namsung; PanOcean; Sinokor; SITC Shipping; TaiYoung Shipping; UASC",18,25,28526.3333333333,2120,836,14074,1,2,3,"{3,3,2,1,2,2}"
2013-03-24,CNFAN,Fangcheng,CNDCB,"Da Chan Bay",1,1,"MELL; OOCL",2,1,1085,250,1085,1085,1,1,1,{1}
2013-03-24,CNFAN,Fangcheng,HKHKG,"Hong Kong",1,1,"TS Lines",1,3,691,120,1024,1049,2,2,2,{2}
2013-03-24,CNFAN,Fangcheng,VNUIH,"Qui Nhon",1,1,MSC,1,4,1634.25,201.5,1647,2810,1,1,1,{1}
2013-03-24,CNFOC,Fuzhou,CNYTN,Yantian,1,1,"CMA CGM; Maersk Line; MCC; Safmarine",4,9,6948.22222222222,577.777777777778,5447,8488,2,2,2,{2}
2013-03-24,CNFOC,Fuzhou,KRPUS,Busan,1,1,"Maersk Line; MCC; Safmarine",3,12,4088,162.5,4088,4500,3,3,3,{3}
2013-03-24,CNFQG,Fuqing,CNNSA,Nansha,1,1,"CMA CGM; Delmas",2,12,3280.33333333333,500,3091,3650,2,2,2,{2}
2013-03-24,CNFQG,Fuqing,CNXMN,Xiamen,2,2,"ANL; CMA CGM; Maersk Line; MSC; Puhai Shipping; USL-US Lines",6,8,9271.16666666667,673.333333333333,392,12400,1,1,1,"{1,1}"
2013-03-24,CNLKU,Longkou,CNTXG,Xingang/Tianjin,1,1,"SITC Shipping",1,3,1065,108.333333333333,1042,1110,2,2,2,{2}
2013-03-24,CNLYG,Lianyungang,CNSHA,Shanghai,1,1,"CSCL; Evergreen Line; PO Shipping; ZIM",4,6,7983.33333333333,583.333333333333,9580,9580,4,4,4,{4}
2013-03-24,CNLYG,Lianyungang,CNTAO,Qingdao,5,4,"CK Line; COSCO; Dongjin Shipping; Heung-A; Namsung; PanOcean; SITC Shipping; TaiYoung Shipping",8,8,3515,272,564,1100,0,1,1,"{0,0,1,1,1}"
2013-03-24,CNLYG,Lianyungang,HKHKG,"Hong Kong",1,1,"CNC Line-Cheng Lie Navigation Co. Ltd.; K Line; TS Lines",3,3,1983.33333333333,378.666666666667,1702,2546,4,4,4,{4}
2013-03-24,CNLYG,Lianyungang,KRPUS,Busan,1,1,"Puhai Shipping",1,1,316,30,316,316,2,2,2,{2}
2013-03-24,CNNGB,Ningbo,AUBNE,Brisbane,1,1,"Alianca; ANL; APL; Evergreen Line; Hamburg Sud; Hapag-Lloyd; Maersk Line; MCC; MSC; Safmarine",10,11,4456.18181818182,590.909090909091,4300,5041,11,11,11,{11}
2013-03-24,CNNGB,Ningbo,CNCWN,Chiwan,3,3,"Alianca; ANL; CMA CGM; CSAV; CSCL; Hamburg Sud; Libra-Montemar; Maersk Line; MCC; MSC; Safmarine",11,34,17922.1742424242,2107.01515151515,4181,8073,2,2,3,"{2,3,2}"
2013-03-24,CNNGB,Ningbo,CNDCB,"Da Chan Bay",2,2,"COSCO; Gold Star Line; ZIM",3,18,6970.36507936508,757.079365079365,1742,4255,2,2.5,3,"{2,3}"
2013-03-24,CNNGB,Ningbo,CNFOC,Fuzhou,1,1,"CMA CGM; Maersk Line; MCC; Safmarine",4,9,6948.22222222222,577.777777777778,5447,8488,1,1,1,{1}
2013-03-24,CNNGB,Ningbo,CNNSA,Nansha,4,4,"ANL; CMA CGM; COSCO; Delmas; Maersk Line; MCC; Safmarine; TS Lines",8,34,25475.0324675325,1695.23051948052,2932,13092,2,2.5,3,"{2,3,3,2}"
2013-03-24,CNNGB,Ningbo,CNSHA,Shanghai,62,61,"Alianca; ANL; APL; CCNI; CK Line; CMA CGM; CNC Line-Cheng Lie Navigation Co. Ltd.; COSCO; CSAV; CSAV Norasia; CSCL; Delmas; Dongjin Shipping; Dong Young; Evergreen Line; FESCO; Gold Star Line; Goto Shipping; Hamburg Sud; Hanjin Shipping; Hapag-Lloyd; Heung-A; Hyundai; Kambara Kisen Co., Ltd.; K Line; KMTC; Libra-Montemar; Maersk Line; Matson; MCC; MOL; MSC; Namsung; NYK; OOCL; PanCon; PanOcean; PIL; Puhai Shipping; RCL; Safmarine; Sinokor; SITC Shipping; TaiYoung Shipping; TS Lines; UASC; USL-US Lines; Wan Hai; WEC Lines; X-Press; Yang Ming; ZIM",52,449,296030.076176601,25844.9144244644,698,16000,0,1,2,"{1,1,1,1,2,2,1,0,1,2,2,2,2,1,1,2,1,1,0,1,2,2,1,1,2,1,1,2,1,1,2,1,1,1,1,1,1,1,1,1,2,1,1,2,0,2,1,2,1,2,1,1,1,1,2,2,2,2,1,2,2,2}"
2013-03-24,CNNGB,Ningbo,CNSHK,Shekou,10,10,"ANL; APL; CCNI; CMA CGM; COSCO; CSCL; Evergreen Line; Hanjin Shipping; Hapag-Lloyd; Hyundai; K Line; MOL; NileDutch; NYK; OOCL; PanOcean; PIL; Sinotrans; TS Lines; UASC; Wan Hai; Yang Ming; ZIM",23,85,61357.4130952381,5288.26428571429,2474,14074,1,2,3,"{1,3,2,2,3,2,2,2,2,3}"
2013-03-24,CNNGB,Ningbo,CNSWA,Shantou,1,1,"CMA CGM; Delmas",2,12,2399.91666666667,400.666666666667,2478,3534,3,3,3,{3}
2013-03-24,CNNGB,Ningbo,CNXMN,Xiamen,10,10,"APL; CMA CGM; CNC Line-Cheng Lie Navigation Co. Ltd.; COSCO; CSAV; CSAV Norasia; CSCL; Evergreen Line; Hanjin Shipping; Hapag-Lloyd; K Line; KMTC; Libra-Montemar; MSC; NileDutch; NYK; PIL; Sinotrans; SITC Shipping; UASC; Yang Ming",21,65,36050.5591991342,3482.08712121212,831,8488,1,2,3,"{1,2,2,3,1,2,2,2,2,1}"
2013-03-24,CNNGB,Ningbo,CNYTN,Yantian,8,8,"Alianca; APL; CCNI; CMA CGM; COSCO; CSAV Norasia; CSCL; Delmas; Emirates Shipping; Evergreen Line; Hamburg Sud; Hanjin Shipping; Hapag-Lloyd; Hyundai; K Line; Maersk Line; MCC; MOL; NYK; OOCL; Safmarine; Yang Ming; ZIM",23,87,51537.2782828283,5907.65454545454,3398,13169,2,2.5,3,"{3,2,3,2,3,3,2,2}"
2013-03-24,CNNGB,Ningbo,HKHKG,"Hong Kong",13,13,"Alianca; ANL; CMA CGM; COSCO; CSAV; CSAV Norasia; CSCL; Delmas; Evergreen Line; Gold Star Line; Hamburg Sud; Hanjin Shipping; Hapag-Lloyd; K Line; KMTC; Maersk Line; MCC; MSC; NewPac; OOCL; PIL; RCL; SCI-Shipping Corp. of India; Sinotrans; SITC Shipping; Stinnes; TS Lines; USL-US Lines; Wan Hai; X-Press; Yang Ming",31,104,68987.9961205461,6782.58224691975,907,14000,2,3,3,"{2,3,3,3,2,2,3,2,3,2,3,2,3}"
2013-03-24,CNNGB,Ningbo,JPTYO,Tokyo,2,2,"COSCO; Evergreen Line",2,10,4521.11111111111,462.888888888889,764,4229,2,2,2,"{2,2}"
2013-03-24,CNNGB,Ningbo,JPYOK,Yokohama,1,1,"COSCO; Hanjin Shipping; K Line; Yang Ming",4,9,4473.88888888889,351.333333333333,3764,5089,2,2,2,{2}
2013-03-24,CNNGB,Ningbo,KRPUS,Busan,3,3,"APL; CSCL; Evergreen Line; Hapag-Lloyd; K Line; MOL; NYK; PO Shipping; ZIM",9,24,20129.9567099567,1490.22943722944,5624,9580,1,1,3,"{1,1,3}"
2013-03-24,CNNGB,Ningbo,SGSIN,Singapore,3,3,"APL; COSCO; CSCL; Evergreen Line; Hanjin Shipping; K Line; MOL; PIL; Yang Ming",9,25,21000.4428571429,1672.94285714286,1800,13500,5,5,7,"{5,5,7}"
2013-03-24,CNNGB,Ningbo,TWKEL,Keelung,1,1,"K Line; MOL; PIL",3,8,2748.625,221.75,4228,4738,2,2,2,{2}
2013-03-24,CNNGB,Ningbo,TWKHH,Kaohsiung,8,8,"APL; CMA CGM; COSCO; CSCL; Emirates Shipping; Evergreen Line; Hanjin Shipping; Hyundai; K Line; KMTC; MOL; NYK; PanOcean; PIL; Wan Hai; Yang Ming",16,62,34763.0892857143,2941.10119047619,2728,6800,1,2,3,"{3,1,2,2,2,2,2,1}"
2013-03-24,CNNGB,Ningbo,TWTPE,Taipei,1,1,"Evergreen Line; MOL",2,6,4430.66666666667,387.333333333333,5090,5652,2,2,2,{2}
2013-03-24,CNNGB,Ningbo,USLGB,"Long Beach CA",3,3,"CMA CGM; COSCO; Hanjin Shipping; K Line; Maersk Line; MSC; USL-US Lines; Wan Hai; Yang Ming",9,25,14271.6153846154,1253.51282051282,4432,8819,12,13,14,"{14,13,12}"
2013-03-24,CNNGB,Ningbo,USTIW,"Tacoma WA",1,1,"Evergreen Line; Hanjin Shipping; MOL; Yang Ming",4,14,5271,551.428571428571,5364,6046,10,10,10,{10}
2013-03-24,CNNGB,Ningbo,VNTCT,"Cai Mep",1,1,"K Line; SITC Shipping",2,4,1272,131.5,1060,1440,5,5,5,{5}
2013-03-24,CNNSA,Nansha,CNCWN,Chiwan,2,2,"APL; CMA CGM; Delmas; PIL",4,20,9279.33333333333,734.125,3091,6606,1,1,1,"{1,1}"
2013-03-24,CNNSA,Nansha,CNNGB,Ningbo,1,1,"COSCO; Evergreen Line; Hanjin Shipping; K Line; PIL; Yang Ming",6,10,8526.4,696.2,8200,10050,2,2,2,{2}
2013-03-24,CNNSA,Nansha,CNSHA,Shanghai,3,3,"APL; CMA CGM; Maersk Line; MCC; PIL; Safmarine; SITC Shipping",7,21,14114.7222222222,924.402777777778,1005,8488,2,3,5,"{5,2,3}"
2013-03-24,CNNSA,Nansha,CNSHK,Shekou,3,3,"COSCO; Evergreen Line; Gold Star Line; K Line; NYK; OOCL; PIL; Wan Hai; Yang Ming; ZIM",10,12,5893.08333333333,568,1618,3800,0,1,1,"{0,1,1}"
2013-03-24,CNNSA,Nansha,CNTAO,Qingdao,1,1,"Maersk Line; MCC",2,12,7409,525.333333333333,6700,8750,5,5,5,{5}
2013-03-24,CNNSA,Nansha,CNTXG,Xingang/Tianjin,1,1,"ANL; CMA CGM; COSCO; CSCL; Hyundai; UASC",6,7,13460,1000,12562,14074,4,4,4,{4}
2013-03-24,CNNSA,Nansha,CNXMN,Xiamen,1,1,"APL; MOL",2,6,4156.33333333333,348,5888,6350,1,1,1,{1}
2013-03-24,CNNSA,Nansha,CNYTN,Yantian,4,4,"ANL; CMA CGM; Delmas; Hapag-Lloyd; Maersk Line; MCC; NYK; OOCL; Safmarine",9,49,33536.4431818182,2458.84242424242,4530,13092,0,1,1,"{1,1,0,1}"
2013-03-24,CNNSA,Nansha,HKHKG,"Hong Kong",6,6,"COSCO; CSCL; Evergreen Line; Hanjin Shipping; K Line; Maersk Line; MCC; PIL; TS Lines; Wan Hai; Yang Ming; ZIM",12,39,33636.5944444444,3177.75555555556,2546,10050,0,1,1,"{1,1,1,0,1,1}"
2013-03-24,CNNSA,Nansha,MYTPP,"Tanjung Pelepas",6,6,"Alianca; ANL; CMA CGM; CSAV; CSCL; Delmas; Hamburg Sud; Libra-Montemar; Maersk Line; MCC; Safmarine",11,58,28285.680952381,1888.57142857143,3600,9700,3,4,6,"{4,5,4,4,6,3}"
2013-03-24,CNNSA,Nansha,SGSIN,Singapore,1,1,"COSCO; CSCL; Evergreen Line; Hanjin Shipping; K Line; Yang Ming",6,10,5449.7,446.2,3398,10050,3,3,3,{3}
2013-03-24,CNSHA,Shanghai,CAPRR,"Prince Rupert BC",1,1,"COSCO; Hanjin Shipping; K Line; Yang Ming",4,6,6385.83333333333,450,7455,8495,10,10,10,{10}
2013-03-24,CNSHA,Shanghai,CNCWN,Chiwan,1,1,MSC,1,13,6781.23076923077,515.384615384615,5550,9200,3,3,3,{3}
2013-03-24,CNSHA,Shanghai,CNDCB,"Da Chan Bay",1,1,"Gold Star Line; ZIM",2,8,3538.875,193.875,3429,4308,3,3,3,{3}
2013-03-24,CNSHA,Shanghai,CNDLC,Dalian,3,3,"MELL; OOCL; Wan Hai",3,9,7272.04761904762,1240,1114,1740,2,2,3,"{2,2,3}"
2013-03-24,CNSHA,Shanghai,CNFQG,Fuqing,1,1,"CMA CGM; Delmas",2,12,3280.33333333333,500,3091,3650,1,1,1,{1}
2013-03-24,CNSHA,Shanghai,CNNGB,Ningbo,67,66,"Alianca; ANL; APL; CCNI; CMA CGM; CNC Line-Cheng Lie Navigation Co. Ltd.; COSCO; CSAV; CSAV Norasia; CSCL; Delmas; Emirates Shipping; Evergreen Line; Gold Star Line; Hamburg Sud; Hanjin Shipping; Hapag-Lloyd; Hyundai; K Line; KMTC; Libra-Montemar; Maersk Line; MCC; MOL; MSC; NewPac; NileDutch; NYK; OOCL; PanOcean; PIL; PO Shipping; RCL; Safmarine; SCI-Shipping Corp. of India; Sinotrans; SITC Shipping; Stinnes; TS Lines; UASC; USL-US Lines; Wan Hai; X-Press; Yang Ming; ZIM",45,583,346710.191142191,33395.6291444667,907,14074,0,1,2,"{2,1,1,0,1,1,2,1,1,2,2,2,0,1,1,1,1,2,1,1,1,1,0,2,1,1,2,1,1,1,1,0,1,1,1,1,1,1,1,1,1,0,1,2,1,1,2,1,1,1,1,1,1,2,1,0,0,1,1,0,1,1,1,1,1,1,2}"
2013-03-24,CNSHA,Shanghai,CNNSA,Nansha,3,3,"COSCO; Evergreen Line; Hanjin Shipping; K Line; Maersk Line; MCC; PIL; Safmarine; Yang Ming",9,27,19318.2,1413.53333333333,4224,10050,3,3,3,"{3,3,3}"
2013-03-24,CNSHA,Shanghai,CNSHK,Shekou,4,4,"ANL; APL; CSCL; Evergreen Line; Hanjin Shipping; Hapag-Lloyd; Hyundai; K Line; MOL; NYK; OOCL; PIL; RCL; X-Press",14,25,14761.4,1420.4,2475,6750,2,3,3,"{2,3,3,3}"
2013-03-24,CNSHA,Shanghai,CNTAO,Qingdao,4,4,"APL; CMA CGM; COSCO; CSAV; CSCL; Hapag-Lloyd; Libra-Montemar; NYK; OOCL; PIL; TS Lines; ZIM",12,29,21488.2619047619,1884.83333333333,2932,8749,2,2,2,"{2,2,2,2}"
2013-03-24,CNSHA,Shanghai,CNXMN,Xiamen,10,10,"ANL; CMA CGM; CNC Line-Cheng Lie Navigation Co. Ltd.; COSCO; CSCL; Delmas; Evergreen Line; FESCO; Gold Star Line; Hanjin Shipping; Hapag-Lloyd; K Line; Maersk Line; MCC; MSC; NYK; OOCL; PIL; Safmarine; SITC Shipping; UASC; Yang Ming; ZIM",23,91,71954.9795454546,5405.58686868687,1169,16000,1,2,3,"{2,1,2,2,2,2,2,3,2,2}"
2013-03-24,CNSHA,Shanghai,CNYTN,Yantian,8,8,"Alianca; ANL; APL; BTL-Bengal Tiger Line; CMA CGM; COSCO; CSCL; Delmas; Evergreen Line; Hamburg Sud; Hapag-Lloyd; Hyundai; K Line; Maersk Line; MCC; MOL; MSC; NYK; OOCL; UASC",20,76,69629.9230769231,4972.31934731935,2200,15550,1,2.5,4,"{2,1,3,4,3,1,3,2}"
2013-03-24,CNSHA,Shanghai,HKHKG,"Hong Kong",13,13,"Alianca; APL; CCNI; CSCL; Evergreen Line; Gold Star Line; Hamburg Sud; Hanjin Shipping; Hapag-Lloyd; Heung-A; Hyundai; IAL-Interasia Lines; K Line; KMTC; Maersk Line; MCC; MOL; NYK; OOCL; PanOcean; PIL; Sinokor; SITC Shipping; TS Lines; Wan Hai; X-Press; Yang Ming; ZIM",28,83,45463.3158508159,4417.03671328671,1005,10700,1,2,3,"{3,2,3,2,2,3,3,3,3,2,2,2,1}"
2013-03-24,CNSHA,Shanghai,JPFKY,Fukuyama,1,1,"Kambara Kisen Co., Ltd.",1,1,556,100,556,556,3,3,3,{3}
2013-03-24,CNSHA,Shanghai,JPHKT,Hakata,3,3,"Centrans; CSCL; Dongjin Shipping; Dong Young; Goto Shipping; Namsung; Sinotrans; SITC Shipping; TaiYoung Shipping; TS Lines",10,4,2539.5,338,385,1042,2,2,3,"{2,3,2}"
2013-03-24,CNSHA,Shanghai,JPIMI,Imari,1,1,"Kambara Kisen Co., Ltd.",1,3,880.666666666667,102,855,932,2,2,2,{2}
2013-03-24,CNSHA,Shanghai,JPMAI,Maizuru,1,1,"Kambara Kisen Co., Ltd.",1,2,570.5,75,556,585,3,3,3,{3}
2013-03-24,CNSHA,Shanghai,JPNGO,Nagoya,8,8,"COSCO; CSCL; Goto Shipping; Jin Jiang; Sinotrans; SITC Shipping; TS Lines; Yang Ming",8,14,6373.75,870,542,1032,2,2,3,"{2,2,2,2,3,2,2,2}"
2013-03-24,CNSHA,Shanghai,JPOSA,Osaka,9,9,"Centrans; COSCO; Goto Shipping; HASCO; Jin Jiang; Sinokor; SITC Shipping; TS Lines",8,14,6995.5,1141.5,542,1439,2,2,5,"{5,2,3,2,2,2,2,2,2}"
2013-03-24,CNSHA,Shanghai,JPSMN,"Sakaiminato (N Coast)",1,1,"Kambara Kisen Co., Ltd.",1,2,907,120,907,907,3,3,3,{3}
2013-03-24,CNSHA,Shanghai,JPTYO,Tokyo,12,11,"Centrans; COSCO; CSCL; Goto Shipping; HASCO; Jin Jiang; K Line; Puhai Shipping; Sinotrans; SITC Shipping; TS Lines; Yang Ming",12,24,11591.6666666667,1855.83333333333,698,1440,2,3,4,"{3,4,2,3,3,2,3,3,2,2,3,3}"
2013-03-24,CNSHA,Shanghai,JPUKB,Kobe,1,1,"ACL-Atlantic Container Line; Hapag-Lloyd; NYK; OOCL",4,15,4706.06666666667,396.133333333333,4545,4890,7,7,7,{7}
2013-03-24,CNSHA,Shanghai,KHKOS,Sihanoukville,1,1,"CNC Line-Cheng Lie Navigation Co. Ltd.; MCC; RCL",3,3,1018,100,1018,1018,5,5,5,{5}
2013-03-24,CNSHA,Shanghai,KRICH,Inchon,3,3,"CK Line; Dong Young; Heung-A; MCC; Namsung; PanCon; PanOcean; TaiYoung Shipping",8,3,3258,621,698,1856,2,2,2,"{2,2,2}"
2013-03-24,CNSHA,Shanghai,KRKAN,Gwangyang,3,3,"APL; COSCO; Dong Young; Hanjin Shipping; Hyundai; MOL; Namsung",7,13,10195.7333333333,673.333333333333,962,6763,1,1,2,"{2,1,1}"
2013-03-24,CNSHA,Shanghai,KRKPO,Pohang,1,1,"KMTC; MCC; PanOcean",3,4,2818,439.5,2800,2824,3,3,3,{3}
2013-03-24,CNSHA,Shanghai,KRPUS,Busan,29,29,"Alianca; ANL; APL; CCNI; CMA CGM; COSCO; CSAV; CSCL; Delmas; Dong Young; Gold Star Line; Hamburg Sud; Hanjin Shipping; Hapag-Lloyd; Heung-A; Hyundai; K Line; KMTC; Libra-Montemar; Maersk Line; MCC; MOL; MSC; Namsung; NYK; OOCL; PanCon; PanOcean; Puhai Shipping; Safmarine; Sinokor; Sinotrans; TaiYoung Shipping; TS Lines; UASC; USL-US Lines; X-Press; Yang Ming; ZIM",39,189,110358.603823954,10645.124549062,840,10114,1,2,3,"{1,3,2,3,1,1,1,2,2,2,1,2,1,2,2,2,1,2,1,1,2,2,2,1,1,2,2,1,2}"
2013-03-24,CNSHA,Shanghai,MXLZC,"Lazaro Cardenas",1,1,"Maersk Line; MCC",2,9,7572.44444444444,624.888888888889,7226,8950,16,16,16,{16}
2013-03-24,CNSHA,Shanghai,MXZLO,"Manzanillo, MEX",1,1,"COSCO; Evergreen Line; PIL; Wan Hai",4,10,4125,378.5,3800,5086,16,16,16,{16}
2013-03-24,CNSHA,Shanghai,MYTPP,"Tanjung Pelepas",1,1,MCC,1,5,1713,377,1713,1713,7,7,7,{7}
2013-03-24,CNSHA,Shanghai,PHMNL,Manila,1,1,"CNC Line-Cheng Lie Navigation Co. Ltd.; Heung-A; Namsung; PanOcean",4,3,1740,315,1740,1740,4,4,4,{4}
2013-03-24,CNSHA,Shanghai,RUVYP,Vostochniy,2,2,"CMA CGM; Delmas; FESCO",3,5,5008.38095238095,683.428571428571,1748,3108,3,3.5,4,"{4,3}"
2013-03-24,CNSHA,Shanghai,SGSIN,Singapore,1,1,"CMA CGM; CSAV Norasia; MSC; WEC Lines",4,12,12929.3333333333,1033.33333333333,10640,14000,6,6,6,{6}
2013-03-24,CNSHA,Shanghai,THLCH,"Laem Chabang",2,2,"CK Line; CNC Line-Cheng Lie Navigation Co. Ltd.; Hyundai; KMTC; OOCL; RCL; TS Lines",7,6,2931.33333333333,421.333333333333,1228,1708,6,7,8,"{6,8}"
2013-03-24,CNSHA,Shanghai,TWKEL,Keelung,1,1,"CMA CGM; CSAV; Libra-Montemar; MSC",4,12,8172.33333333333,641.666666666667,8200,9200,1,1,1,{1}
2013-03-24,CNSHA,Shanghai,TWKHH,Kaohsiung,1,1,"Gold Star Line; MCC",2,5,1725,235.4,1713,1730,3,3,3,{3}
2013-03-24,CNSHA,Shanghai,TWTPE,Taipei,1,1,"CMA CGM; Evergreen Line; Hanjin Shipping",3,10,7557.3,856,7024,8452,2,2,2,{2}
2013-03-24,CNSHA,Shanghai,USLGB,"Long Beach CA",4,4,"ANL; CMA CGM; COSCO; Hanjin Shipping; K Line; Maersk Line; Matson; MSC; PIL; USL-US Lines; Yang Ming",11,26,18148.173015873,1543.80952380952,1398,11660,10,12.5,14,"{13,10,12,14}"
2013-03-24,CNSHA,Shanghai,USNYC,"New York NY/NJ",2,2,"CMA CGM; CSCL; Hapag-Lloyd; NYK; OOCL; UASC; USL-US Lines",7,18,9110.55555555555,773.333333333333,4051,4922,24,24,24,"{24,24}"
2013-03-24,CNSHA,Shanghai,USOAK,"Oakland CA",1,1,"APL; Hapag-Lloyd; Hyundai; MOL",4,7,5201.71428571429,473.142857142857,5506,6350,10,10,10,{10}
2013-03-24,CNSHA,Shanghai,VNHPH,Haiphong,1,1,"Hanjin Shipping; Sinotrans",2,2,984,176,907,1061,6,6,6,{6}
2013-03-24,CNSHA,Shanghai,VNSGN,"Ho Chi Minh (VICT/Cat Lai)",2,2,"CNC Line-Cheng Lie Navigation Co. Ltd.; Hyundai; MCC; NYK; PanOcean; Yang Ming",6,6,3062.33333333333,415,1408,2200,4,4.5,5,"{4,5}"
2013-03-24,CNSHK,Shekou,CNSHA,Shanghai,1,1,"COSCO; Hanjin Shipping; K Line; Yang Ming",4,6,8502.16666666667,616.666666666667,7455,10114,3,3,3,{3}
2013-03-24,CNSHK,Shekou,CNSWA,Shantou,1,1,"Heung-A; Namsung",2,2,706,165,706,706,1,1,1,{1}
2013-03-24,CNSHK,Shekou,CNXMN,Xiamen,7,7,"Alianca; CCNI; CNC Line-Cheng Lie Navigation Co. Ltd.; CSCL; Evergreen Line; Hamburg Sud; Hanjin Shipping; Heung-A; Hyundai; IAL-Interasia Lines; MCC; MOL; Wan Hai; Yang Ming; ZIM",15,27,14198.05,1794.75,650,5744,0,1,2,"{0,1,1,1,1,2,2}"
2013-03-24,CNSHK,Shekou,CNYTN,Yantian,1,1,"Hapag-Lloyd; NYK; OOCL; ZIM",4,10,4883.5,445.2,4626,5060,0,0,0,{0}
2013-03-24,CNSHK,Shekou,HKHKG,"Hong Kong",19,19,"ANL; APL; CCNI; CMA CGM; COSCO; CSCL; Evergreen Line; Gold Star Line; Hanjin Shipping; Hapag-Lloyd; Heung-A; Hyundai; K Line; KMTC; MCC; MELL; MOL; Namsung; NYK; OOCL; PanOcean; PIL; Sinokor; TS Lines; UASC; Wan Hai; Yang Ming; ZIM",28,111,75325.9816017316,6846.67878787879,1049,14074,0,1,2,"{0,0,1,2,1,1,1,1,0,0,1,1,1,1,2,0,1,1,1}"
2013-03-24,CNSHK,Shekou,IDJKT,"Jakarta, Java",2,2,"COSCO; Evergreen Line; TS Lines; Wan Hai",4,7,4828.16666666667,429.916666666667,1368,3586,5,5.5,6,"{6,5}"
2013-03-24,CNSHK,Shekou,IDSUB,"Surabaya, Java",1,1,"Wan Hai; Yang Ming",2,3,1679.66666666667,198,1560,1800,6,6,6,{6}
2013-03-24,CNSHK,Shekou,JPHKT,Hakata,1,1,"COSCO; Sinotrans; SITC Shipping",3,3,928.666666666667,80,831,1040,5,5,5,{5}
2013-03-24,CNSHK,Shekou,JPOSA,Osaka,1,1,"CNC Line-Cheng Lie Navigation Co. Ltd.; TS Lines",2,4,1693.5,198,1679,1708,3,3,3,{3}
2013-03-24,CNSHK,Shekou,JPTYO,Tokyo,3,3,"Alianca; Evergreen Line; Hamburg Sud; IAL-Interasia Lines; TS Lines; Wan Hai",6,7,3927.5,386,1043,1800,5,5,6,"{5,6,5}"
2013-03-24,CNSHK,Shekou,KRICH,Inchon,2,2,"CNC Line-Cheng Lie Navigation Co. Ltd.; Heung-A; Namsung; PanOcean; Yang Ming",5,6,3335.66666666667,630,1408,1819,3,3.5,4,"{3,4}"
2013-03-24,CNSHK,Shekou,KRPUS,Busan,1,1,"Heung-A; Namsung",2,2,650,50,650,650,2,2,2,{2}
2013-03-24,CNSHK,Shekou,MYKCH,"Kuching, Sarawak",1,1,MELL,1,2,1063.5,197.5,1042,1085,4,4,4,{4}
2013-03-24,CNSHK,Shekou,MYPGU,"Pasir Gudang, Johor",1,1,"Evergreen Line",1,4,2718,496.5,2492,2824,3,3,3,{3}
2013-03-24,CNSHK,Shekou,MYPKG,"Port Klang",6,6,"ANL; CMA CGM; COSCO; CSCL; Evergreen Line; Hyundai; IAL-Interasia Lines; TS Lines; UASC; Wan Hai; Yang Ming",11,36,29630.95,2761.6,1618,14074,4,4,5,"{4,4,5,5,4,4}"
2013-03-24,CNSHK,Shekou,MYTPP,"Tanjung Pelepas",2,2,"CMA CGM; COSCO; Evergreen Line; Hanjin Shipping",4,17,12124.1571428571,1290,4800,8452,4,4,4,"{4,4}"
2013-03-24,CNSHK,Shekou,PHMNL,Manila,2,2,"Evergreen Line; Sinotrans; SITC Shipping; Wan Hai; Yang Ming",5,6,2696,350,907,1728,1,1.5,2,"{2,1}"
2013-03-24,CNSHK,Shekou,SGSIN,Singapore,17,17,"APL; CCNI; CMA CGM; COSCO; CSAV Norasia; CSCL; Evergreen Line; Hanjin Shipping; Hapag-Lloyd; Hyundai; K Line; KMTC; MOL; NileDutch; NYK; OOCL; PIL; RCL; TS Lines; UASC; Wan Hai; X-Press; Yang Ming; ZIM",24,124,78133.387012987,7208.60411255411,2474,13169,3,4,5,"{4,4,3,4,4,4,3,4,4,4,5,4,4,3,4,3,5}"
2013-03-24,CNSHK,Shekou,THBKK,"Bangkok (Old Port)",1,1,"NYK; RCL",2,2,1135.5,145,1114,1157,4,4,4,{4}
2013-03-24,CNSHK,Shekou,THLCH,"Laem Chabang",2,2,"CNC Line-Cheng Lie Navigation Co. Ltd.; CSCL; MCC; TS Lines; ZIM",5,8,4429.75,624.75,1679,3029,4,4,4,"{4,4}"
2013-03-24,CNSHK,Shekou,TWKEL,Keelung,1,1,"Hyundai; KMTC; Sinokor",3,3,1560.66666666667,216.666666666667,1512,1585,1,1,1,{1}
2013-03-24,CNSHK,Shekou,TWKHH,Kaohsiung,2,2,"APL; Hanjin Shipping; Hapag-Lloyd; Hyundai; MOL; NYK; OOCL; PanOcean; Sinotrans; Yang Ming",10,17,11633.9696969697,1064.87878787879,4250,9300,1,1.5,2,"{1,2}"
2013-03-24,CNSHK,Shekou,VNSGN,"Ho Chi Minh (VICT/Cat Lai)",1,1,"CNC Line-Cheng Lie Navigation Co. Ltd.; K Line; TS Lines",3,3,1983.33333333333,378.666666666667,1702,2546,3,3,3,{3}
2013-03-24,CNSHP,Qinhuangdao,CNTXG,Xingang/Tianjin,1,1,"Sinotrans; SITC Shipping",2,3,831,130,831,831,2,2,2,{2}
2013-03-24,CNSWA,Shantou,CNXMN,Xiamen,2,2,"COSCO; Heung-A; Namsung",3,4,2084,295,706,1378,1,1,1,"{1,1}"
2013-03-24,CNSWA,Shantou,HKHKG,"Hong Kong",1,1,"CMA CGM; Delmas",2,12,2399.91666666667,400.666666666667,2478,3534,1,1,1,{1}
2013-03-24,CNSWA,Shantou,VNCLN,"Cai Lan",1,1,MSC,1,4,1634.25,201.5,1647,2810,4,4,4,{4}
2013-03-24,CNTAO,Qingdao,CAPRR,"Prince Rupert BC",1,1,"COSCO; Hanjin Shipping; K Line; Yang Ming",4,6,5304.33333333333,500.833333333333,5250,5576,11,11,11,{11}
2013-03-24,CNTAO,Qingdao,CNLYG,Lianyungang,2,2,"CNC Line-Cheng Lie Navigation Co. Ltd.; CSCL; Evergreen Line; K Line; PO Shipping; TS Lines; ZIM",7,9,9966.66666666667,962,1702,9580,1,1,1,"{1,1}"
2013-03-24,CNTAO,Qingdao,CNNGB,Ningbo,11,11,"APL; CMA CGM; COSCO; CSAV Norasia; CSCL; Evergreen Line; Hanjin Shipping; Hapag-Lloyd; K Line; Maersk Line; MCC; MOL; MSC; NYK; OOCL; TS Lines; WEC Lines; Yang Ming; ZIM",19,99,86713.2858474858,6715.41191586192,2932,14000,1,2,4,"{2,2,2,2,2,1,2,1,1,4,2}"
2013-03-24,CNTAO,Qingdao,CNSHA,Shanghai,21,21,"Alianca; ANL; APL; CK Line; CMA CGM; CNC Line-Cheng Lie Navigation Co. Ltd.; COSCO; CSCL; Delmas; Evergreen Line; FESCO; Hamburg Sud; Hanjin Shipping; Hapag-Lloyd; Heung-A; Hyundai; Kambara Kisen Co., Ltd.; K Line; KMTC; Maersk Line; MCC; MOL; MSC; NewPac; NileDutch; NYK; OOCL; PanOcean; PIL; Safmarine; TS Lines; UASC; USL-US Lines; Wan Hai; X-Press; Yang Ming",36,148,93415.8751082251,9441.37936507937,556,11660,1,2,3,"{2,2,1,1,3,1,2,1,1,2,3,2,1,1,2,1,1,3,1,2,2}"
2013-03-24,CNTAO,Qingdao,CNSHK,Shekou,1,1,"OOCL; Wan Hai",2,4,1459,135,1368,1732,4,4,4,{4}
2013-03-24,CNTAO,Qingdao,CNTXG,Xingang/Tianjin,1,1,"Maersk Line; MCC; Safmarine",3,5,3382.8,192,4224,4230,2,2,2,{2}
2013-03-24,CNTAO,Qingdao,HKHKG,"Hong Kong",4,4,"MCC; MELL",2,13,9271.71428571428,1785.13333333333,1114,1795,4,4,5,"{4,5,4,4}"
2013-03-24,CNTAO,Qingdao,JPFKY,Fukuyama,1,1,"Kambara Kisen Co., Ltd.",1,3,880.666666666667,102,855,932,3,3,3,{3}
2013-03-24,CNTAO,Qingdao,JPMOJ,Moji,1,1,"Centrans; Goto Shipping; Puhai Shipping; Sinotrans",4,2,877,231,877,877,3,3,3,{3}
2013-03-24,CNTAO,Qingdao,JPNGO,Nagoya,1,1,"Centrans; CSCL; Goto Shipping; Jin Jiang",4,1,698,120,698,698,2,2,2,{2}
2013-03-24,CNTAO,Qingdao,JPOSA,Osaka,3,3,"Centrans; COSCO; CSCL; Goto Shipping; SITC Shipping; TS Lines",6,5,2782,331,564,1118,2,2,2,"{2,2,2}"
2013-03-24,CNTAO,Qingdao,JPTYO,Tokyo,4,4,"Centrans; COSCO; CSCL; Goto Shipping; Puhai Shipping; Sinotrans; SITC Shipping; TS Lines",8,9,3660.33333333333,682,564,1118,3,3,3,"{3,3,3,3}"
2013-03-24,CNTAO,Qingdao,KRICH,Inchon,3,2,"CK Line; Hanjin Shipping; PanOcean; TaiYoung Shipping",4,3,2079,300,215,932,2,2,2,"{2,2,2}"
2013-03-24,CNTAO,Qingdao,KRKAN,Gwangyang,3,3,"CMA CGM; Dongjin Shipping; Evergreen Line; Hanjin Shipping; KMTC; Maersk Line; MSC; Namsung; PanOcean",9,14,9223,806.666666666667,702,4500,1,1,2,"{1,2,1}"
2013-03-24,CNTAO,Qingdao,KRPUS,Busan,16,16,"Alianca; ANL; APL; CK Line; CMA CGM; COSCO; CSAV; CSAV Norasia; CSCL; Delmas; Dong Young; Emirates Shipping; Hamburg Sud; Hanjin Shipping; Hapag-Lloyd; Heung-A; Hyundai; K Line; Libra-Montemar; Maersk Line; MCC; MOL; MSC; Namsung; NYK; OOCL; PanCon; PanOcean; PIL; RCL; Safmarine; Sinokor; TaiYoung Shipping; ZIM",34,101,70892.1474525474,5963.67004662005,585,14000,1,2,3,"{2,2,2,2,2,1,2,2,2,1,3,2,2,1,2,1}"
2013-03-24,CNTAO,Qingdao,THLCH,"Laem Chabang",2,2,"CNC Line-Cheng Lie Navigation Co. Ltd.; Evergreen Line; Hapag-Lloyd; Heung-A; K Line; MCC; PanOcean; Safmarine; Simatech",9,9,4310.5,682,1440,4498,7,7.5,8,"{8,7}"
2013-03-24,CNTAO,Qingdao,TWKEL,Keelung,1,1,"CMA CGM; MCC",2,5,2259.2,468.8,2824,2824,3,3,3,{3}
2013-03-24,CNTXG,Xingang/Tianjin,CNDLC,Dalian,14,14,"Alianca; ANL; APL; CK Line; CMA CGM; CNC Line-Cheng Lie Navigation Co. Ltd.; COSCO; CSCL; Delmas; Emirates Shipping; Evergreen Line; Goto Shipping; Hamburg Sud; Hanjin Shipping; Hapag-Lloyd; Heung-A; Hyundai; Kambara Kisen Co., Ltd.; K Line; Maersk Line; MOL; MSC; OOCL; PanOcean; PIL; Sinokor; Sinotrans; SITC Shipping; TaiYoung Shipping; TS Lines; UASC; USL-US Lines; Yang Ming",33,75,67849.0628205128,5879.88974358974,831,14074,1,1,2,"{1,1,2,1,1,2,2,1,1,2,1,1,1,1}"
2013-03-24,CNTXG,Xingang/Tianjin,CNSHA,Shanghai,1,1,"Maersk Line; MCC; Safmarine",3,5,3382.8,192,4224,4230,3,3,3,{3}
2013-03-24,CNTXG,Xingang/Tianjin,CNTAO,Qingdao,12,12,"CMA CGM; COSCO; CSAV; CSCL; Dong Young; Evergreen Line; FESCO; Hanjin Shipping; Hapag-Lloyd; K Line; Libra-Montemar; Maersk Line; MCC; MELL; MSC; Namsung; NileDutch; OOCL; PanOcean; PIL; Safmarine; Simatech; Wan Hai; Yang Ming",24,68,41082.0770562771,5311.58658008658,1024,8750,1,2,2,"{2,2,2,2,1,2,1,2,1,2,2,1}"
2013-03-24,CNTXG,Xingang/Tianjin,CNYIK,Yingkou,1,1,COSCO,1,3,2376,170.666666666667,1702,3494,2,2,2,{2}
2013-03-24,CNTXG,Xingang/Tianjin,CNYNT,Yantai,5,5,"COSCO; Sinotrans; SITC Shipping",3,12,4919.83333333333,561.333333333333,385,1378,1,1,1,"{1,1,1,1,1}"
2013-03-24,CNTXG,Xingang/Tianjin,KRICH,Inchon,1,1,"Dong Young; Namsung",2,1,412,48,412,412,3,3,3,{3}
2013-03-24,CNTXG,Xingang/Tianjin,KRKAN,Gwangyang,4,4,"ANL; CMA CGM; COSCO; CSAV Norasia; Evergreen Line; Hanjin Shipping; K Line; Maersk Line; MCC; MSC; Safmarine; UASC; WEC Lines; Yang Ming",14,41,36753.0476190476,3112.2683982684,4024,14000,2,2.5,3,"{2,3,2,3}"
2013-03-24,CNTXG,Xingang/Tianjin,KRPUS,Busan,4,4,"APL; Dong Young; Hanjin Shipping; Heung-A; Hyundai; MOL; MSC; Namsung; PanOcean; Sinokor; TaiYoung Shipping",11,19,20861.6730769231,1673.07692307692,1608,14000,2,2,3,"{2,2,3,2}"
2013-03-24,CNWEI,Weihai,CNTAO,Qingdao,1,1,"Centrans; Goto Shipping; Puhai Shipping; Sinotrans",4,2,877,231,877,877,1,1,1,{1}
2013-03-24,CNWEI,Weihai,JPHKT,Hakata,1,1,"Centrans; Goto Shipping; Puhai Shipping",3,2,685,118,672,698,2,2,2,{2}
2013-03-24,CNXMN,Xiamen,CNCWN,Chiwan,1,1,"ANL; CMA CGM; Maersk Line; MSC; USL-US Lines",5,6,8879.16666666667,643.333333333333,9415,12400,1,1,1,{1}
2013-03-24,CNXMN,Xiamen,CNDLC,Dalian,1,1,COSCO,1,3,2376,170.666666666667,1702,3494,6,6,6,{6}
2013-03-24,CNXMN,Xiamen,CNFOC,Fuzhou,1,1,"Maersk Line; MCC; Safmarine",3,12,4088,162.5,4088,4500,1,1,1,{1}
2013-03-24,CNXMN,Xiamen,CNNGB,Ningbo,5,5,"Alianca; APL; CCNI; CMA CGM; CSCL; Delmas; FESCO; Hamburg Sud; Hanjin Shipping; Hyundai; Matson; MOL; MSC",13,35,25459.0545454545,2378.09090909091,2019,14000,1,2,3,"{1,2,2,3,2}"
2013-03-24,CNXMN,Xiamen,CNNSA,Nansha,1,1,"COSCO; Gold Star Line; K Line; NYK; OOCL; PIL; ZIM",7,6,2527.33333333333,160,3764,3800,1,1,1,{1}
2013-03-24,CNXMN,Xiamen,CNSHA,Shanghai,5,5,"APL; CMA CGM; Delmas; Gold Star Line; Hapag-Lloyd; Hyundai; K Line; Maersk Line; MCC; MOL; MSC; NYK; Safmarine; USL-US Lines; ZIM",15,44,26661.0817099567,2131.53300865801,3429,9700,2,3,3,"{3,3,2,3,3}"
2013-03-24,CNXMN,Xiamen,CNSHK,Shekou,4,4,"APL; CSAV Norasia; CSCL; Hanjin Shipping; Hapag-Lloyd; Hyundai; K Line; KMTC; MOL; NileDutch; NYK; OOCL; UASC; Yang Ming",14,35,19552.9134199134,1838.09090909091,2478,9300,1,1,3,"{1,1,1,3}"
2013-03-24,CNXMN,Xiamen,CNYTN,Yantian,5,5,"CMA CGM; COSCO; CSCL; Evergreen Line; Hanjin Shipping; Hapag-Lloyd; K Line; Maersk Line; MCC; MSC; NYK; OOCL; Safmarine; UASC; Yang Ming; ZIM",16,55,43050.8181818182,3252.96717171717,3534,14000,0,1,1,"{0,1,1,1,1}"
2013-03-24,CNXMN,Xiamen,HKHKG,"Hong Kong",14,14,"ANL; APL; CMA CGM; CNC Line-Cheng Lie Navigation Co. Ltd.; COSCO; CSAV; CSCL; Delmas; Evergreen Line; FESCO; Hanjin Shipping; Hapag-Lloyd; K Line; Libra-Montemar; MELL; MOL; MSC; NYK; OOCL; PIL; Sinotrans; SITC Shipping; UASC; USL-US Lines; Yang Ming; ZIM",26,83,63446.3502525253,5368.73358585859,831,16000,1,1,2,"{1,1,2,1,2,1,2,1,1,2,1,1,2,2}"
2013-03-24,CNXMN,Xiamen,JPIMI,Imari,1,1,Heung-A,1,2,650,50,650,650,5,5,5,{5}
2013-03-24,CNXMN,Xiamen,JPMOJ,Moji,1,1,"Yang Ming",1,2,1049,180,1049,1049,3,3,3,{3}
2013-03-24,CNXMN,Xiamen,JPNGO,Nagoya,1,1,"CNC Line-Cheng Lie Navigation Co. Ltd.; Yang Ming",2,3,1677.33333333333,215,1500,1800,3,3,3,{3}
2013-03-24,CNXMN,Xiamen,JPOSA,Osaka,4,4,"Evergreen Line; OOCL; Puhai Shipping; TS Lines; Wan Hai",5,11,6450.33333333333,930.666666666667,392,2732,2,3,4,"{3,2,3,4}"
2013-03-24,CNXMN,Xiamen,JPTYO,Tokyo,4,4,"COSCO; CSCL; IAL-Interasia Lines; MCC; MOL; OOCL; Wan Hai; ZIM",8,11,7265.58333333333,954.083333333333,1368,3029,3,3.5,4,"{4,3,4,3}"
2013-03-24,CNXMN,Xiamen,KRICH,Inchon,4,4,"CK Line; CNC Line-Cheng Lie Navigation Co. Ltd.; Evergreen Line; Heung-A; Hyundai; KMTC; Namsung; PanOcean; PIL; TS Lines; Yang Ming",11,12,5922.91666666667,748.666666666667,706,4253,2,3,3,"{3,3,3,2}"
2013-03-24,CNXMN,Xiamen,KRPUS,Busan,1,1,"APL; Hamburg Sud; Hyundai; MOL",4,6,4681.16666666667,502.333333333333,5506,5762,2,2,2,{2}
2013-03-24,CNXMN,Xiamen,THBKK,"Bangkok (Old Port)",1,1,"Gold Star Line",1,4,1317.5,85.5,1169,1367,6,6,6,{6}
2013-03-24,CNXMN,Xiamen,TWKHH,Kaohsiung,4,4,"COSCO; CSCL; Evergreen Line; Hanjin Shipping; Hapag-Lloyd; K Line; NYK; OOCL; Yang Ming; ZIM",10,37,24251.7571428571,2221.6,4626,8930,1,1.5,2,"{2,2,1,1}"
2013-03-24,CNXMN,Xiamen,USLGB,"Long Beach CA",1,1,"COSCO; Hanjin Shipping; K Line; PIL; Wan Hai",5,6,8639.66666666667,666.666666666667,7455,9449,13,13,13,{13}
2013-03-24,CNXMN,Xiamen,VNSGN,"Ho Chi Minh (VICT/Cat Lai)",2,2,"CNC Line-Cheng Lie Navigation Co. Ltd.; SITC Shipping",2,7,2609.41666666667,267.333333333333,1005,1708,2,3,4,"{2,4}"
2013-03-24,CNYIK,Yingkou,CNNGB,Ningbo,1,1,COSCO,1,3,2376,170.666666666667,1702,3494,3,3,3,{3}
2013-03-24,CNYIK,Yingkou,CNTXG,Xingang/Tianjin,1,1,"COSCO; Sinotrans",2,2,2742,400,2742,2742,1,1,1,{1}
2013-03-24,CNYNT,Yantai,CNDLC,Dalian,2,2,"Sinotrans; SITC Shipping",2,5,1609.5,181.333333333333,385,1110,1,1,1,"{1,1}"
2013-03-24,CNYNT,Yantai,CNTAO,Qingdao,1,1,COSCO,1,1,1432,100,1432,1432,1,1,1,{1}
2013-03-24,CNYNT,Yantai,JPNGO,Nagoya,1,1,"SITC Shipping",1,3,1101.33333333333,120,1100,1102,4,4,4,{4}
2013-03-24,CNYNT,Yantai,JPTYO,Tokyo,2,2,"COSCO; Sinotrans; SITC Shipping",3,5,3573,530,831,2742,3,3.5,4,"{4,3}"
2013-03-24,CNYNT,Yantai,KRPUS,Busan,1,1,COSCO,1,1,1378,130,1378,1378,2,2,2,{2}
2013-03-24,CNYTN,Yantian,AUMEL,Melbourne,1,1,"Alianca; APL; Hamburg Sud; Hapag-Lloyd; Hyundai; Maersk Line; MSC",7,5,4216,379.6,2468,4843,12,12,12,{12}
2013-03-24,CNYTN,Yantian,CNCWN,Chiwan,4,3,"ANL; APL; CMA CGM; Delmas; Hyundai; Maersk Line; MCC; MOL; MSC; Safmarine",10,40,40665.4415584416,2721.94805194805,6350,14000,1,1,2,"{2,1,1,1}"
2013-03-24,CNYTN,Yantian,CNDCB,"Da Chan Bay",1,1,"Hapag-Lloyd; NYK; OOCL",3,6,6856.66666666667,590,8063,8888,1,1,1,{1}
2013-03-24,CNYTN,Yantian,CNNGB,Ningbo,5,5,"APL; COSCO; CSCL; Hanjin Shipping; Hapag-Lloyd; Hyundai; K Line; Maersk Line; MCC; MOL; NYK; OOCL; Yang Ming",13,45,34568.0446775447,2559.46231546232,2546,14000,1,2,3,"{2,2,3,1,2}"
2013-03-24,CNYTN,Yantian,CNNSA,Nansha,2,2,"CMA CGM; Delmas; Maersk Line; MCC; Safmarine",5,22,11267.0833333333,756.666666666667,3600,9700,1,1,1,"{1,1}"
2013-03-24,CNYTN,Yantian,CNSHA,Shanghai,8,8,"ACL-Atlantic Container Line; APL; CMA CGM; COSCO; CSCL; Evergreen Line; Hanjin Shipping; Hapag-Lloyd; Hyundai; K Line; Maersk Line; MCC; MOL; NYK; OOCL; UASC; USL-US Lines; Yang Ming",18,83,40263.0626984127,3661.11329365079,4051,9200,2,3,3,"{3,2,3,2,3,3,2,3}"
2013-03-24,CNYTN,Yantian,CNSHK,Shekou,2,2,"APL; COSCO; Hanjin Shipping; Hapag-Lloyd; Hyundai; K Line; MOL; NYK; OOCL; Yang Ming",10,17,17842.2575757576,1308.48484848485,7455,13169,1,1,1,"{1,1}"
2013-03-24,CNYTN,Yantian,CNTAO,Qingdao,1,1,"APL; Hapag-Lloyd; Hyundai; MOL; NYK; OOCL",6,11,8960.09090909091,579.090909090909,8063,10700,5,5,5,{5}
2013-03-24,CNYTN,Yantian,CNXMN,Xiamen,1,1,"COSCO; Hanjin Shipping; K Line; PIL; Wan Hai",5,6,8639.66666666667,666.666666666667,7455,9449,2,2,2,{2}
2013-03-24,CNYTN,Yantian,GBFXT,Felixstowe,1,1,"CMA CGM; COSCO; CSCL; Yang Ming; ZIM",5,9,7826.88888888889,656.666666666667,4250,9580,21,21,21,{21}
2013-03-24,CNYTN,Yantian,HKHKG,"Hong Kong",21,21,"Alianca; APL; CCNI; COSCO; CSCL; Emirates Shipping; Evergreen Line; Hamburg Sud; Hanjin Shipping; Hapag-Lloyd; Hyundai; IAL-Interasia Lines; K Line; Maersk Line; MCC; MOL; MSC; NYK; OOCL; PIL; Safmarine; UASC; Wan Hai; Yang Ming; ZIM",25,183,127596.532925408,12178.186013986,1040,15550,0,1,5,"{1,1,1,1,0,5,1,1,0,1,1,1,1,1,0,0,0,1,1,1,1}"
2013-03-24,CNYTN,Yantian,IDJKT,"Jakarta, Java",1,1,"CNC Line-Cheng Lie Navigation Co. Ltd.; Evergreen Line; Yang Ming",3,5,2726.2,346,2078,2959,5,5,5,{5}
2013-03-24,CNYTN,Yantian,JPNGO,Nagoya,1,1,"COSCO; Hanjin Shipping; K Line; MOL; Yang Ming",5,6,5740,500,5608,6350,4,4,4,{4}
2013-03-24,CNYTN,Yantian,JPTYO,Tokyo,1,1,"CMA CGM; MCC",2,3,2762.66666666667,512,2732,2824,5,5,5,{5}
2013-03-24,CNYTN,Yantian,JPUKB,Kobe,1,1,"Maersk Line; MCC",2,11,8531.54545454545,702.272727272727,7226,8950,3,3,3,{3}
2013-03-24,CNYTN,Yantian,MYPKG,"Port Klang",2,2,"ANL; CMA CGM; COSCO; CSCL; Delmas; Evergreen Line; FESCO; MSC; UASC; Yang Ming",10,21,24582.2363636364,1663.63636363636,11388,16000,3,3.5,4,"{4,3}"
2013-03-24,CNYTN,Yantian,MYTPP,"Tanjung Pelepas",13,13,"ANL; CMA CGM; COSCO; CSCL; Evergreen Line; Hanjin Shipping; Hapag-Lloyd; Maersk Line; MCC; MOL; NYK; OOCL; Safmarine; USL-US Lines; Yang Ming; ZIM",16,145,98190.0691919192,8304.57465728716,2728,15550,3,3,4,"{3,3,3,4,3,3,4,4,3,3,4,4,3}"
2013-03-24,CNYTN,Yantian,PAONX,Colon,1,1,"COSCO; Hanjin Shipping",2,8,3546.375,366.25,3534,4300,20,20,20,{20}
2013-03-24,CNYTN,Yantian,PHMNL,Manila,1,1,MCC,1,4,1118,220,1118,1118,3,3,3,{3}
2013-03-24,CNYTN,Yantian,SGSIN,Singapore,13,13,"ANL; APL; BTL-Bengal Tiger Line; CMA CGM; COSCO; CSAV Norasia; CSCL; Delmas; Emirates Shipping; Evergreen Line; Hanjin Shipping; Hapag-Lloyd; Hyundai; K Line; Maersk Line; MCC; MOL; MSC; NYK; OOCL; UASC; Yang Ming",22,132,90253.3794871795,6794.20652680653,1740,14000,3,3,4,"{4,3,3,4,4,4,4,3,3,3,3,4,3}"
2013-03-24,CNYTN,Yantian,TWKHH,Kaohsiung,4,4,"COSCO; Evergreen Line; Gold Star Line; Hanjin Shipping; K Line; MCC; Yang Ming",7,29,14955.5555555556,1463.95555555556,1713,6589,1,1,2,"{1,1,2,1}"
2013-03-24,CNYTN,Yantian,USLAX,"Los Angeles CA",3,3,"APL; CSAV Norasia; CSCL; Emirates Shipping; Evergreen Line; Hanjin Shipping; Hapag-Lloyd; Hyundai; Maersk Line; MOL; NYK; OOCL; ZIM",13,24,18248.8772727273,1500.40909090909,6200,8073,12,14,15,"{14,15,12}"
2013-03-24,CNYTN,Yantian,USLGB,"Long Beach CA",1,1,"ANL; CMA CGM; Maersk Line; MSC; USL-US Lines",5,6,8879.16666666667,643.333333333333,9415,12400,13,13,13,{13}
2013-03-24,CNZHA,Zhanjiang,CNYTN,Yantian,1,1,"IAL-Interasia Lines; MOL; Wan Hai",3,3,1040,,1040,1040,1,1,1,{1}
2013-03-24,CNZHA,Zhanjiang,HKHKG,"Hong Kong",1,1,"Evergreen Line",1,1,1038,94,1038,1038,2,2,2,{2}
2013-03-24,COBAQ,Barranquilla,COCTG,Cartagena,2,2,"Alianca; Hamburg Sud; King Ocean",3,5,2831,581.333333333333,957,2008,1,1,1,"{1,1}"
2013-03-24,COBAQ,Barranquilla,COSMR,"Santa Marta",1,1,"Seaboard Marine",1,2,1296,390,1296,1296,1,1,1,{1}
2013-03-24,COBAQ,Barranquilla,PACTB,Cristobal,2,2,"Seaboard Marine",1,6,2532,508.666666666667,957,1718,1,1.5,2,"{2,1}"
2013-03-24,COBUN,Buenaventura,ECGYE,Guayaquil,3,3,"Alianca; CCNI; CSCL; Evergreen Line; Hamburg Sud; Hanjin Shipping; Hyundai; Maersk Line; MSC; Safmarine",10,24,10203.7702020202,2337.22474747475,1520,5762,1,2,3,"{3,2,1}"
2013-03-24,COBUN,Buenaventura,PABLB,Balboa,3,3,"Alianca; APL; CCNI; CMA CGM; CSAV; CSCL; Hamburg Sud; Libra-Montemar; MOL; MSC",10,19,12556.4666666667,1735.33333333333,2550,8488,2,2,3,"{3,2,2}"
2013-03-24,COBUN,Buenaventura,PECLL,Callao,5,5,"APL; COSCO; Evergreen Line; Hapag-Lloyd; K Line; Maersk Line; MCC; MOL; MSC; NYK; PIL; Wan Hai",12,35,17727.380952381,2155.30952380952,2078,6696,2,3,4,"{4,3,3,4,2}"
2013-03-24,COCTG,Cartagena,BRSUA,Suape,1,1,"Alianca; CCNI; Hamburg Sud; Hapag-Lloyd",4,7,3802.85714285714,604.142857142857,2070,4268,8,8,8,{8}
2013-03-24,COCTG,Cartagena,COBAQ,Barranquilla,3,3,"Seaboard Marine",1,8,3828,898.666666666667,957,1718,1,1,1,"{1,1,1}"
2013-03-24,COCTG,Cartagena,CRLIO,"Puerto Limon",1,1,"King Ocean",1,2,957,236,957,957,2,2,2,{2}
2013-03-24,COCTG,Cartagena,DOCAU,Caucedo,3,3,"Alianca; CMA CGM; Hamburg Sud; Hapag-Lloyd",4,23,9199.625,1889.15909090909,2078,5042,1,2,2,"{1,2,2}"
2013-03-24,COCTG,Cartagena,GTSTC,"Santo Tomas de Castilla",1,1,"CMA CGM; CSAV; Hapag-Lloyd",3,6,1902.5,457.833333333333,1740,2007,4,4,4,{4}
2013-03-24,COCTG,Cartagena,JMKIN,Kingston,1,1,"CMA CGM; CSAV; CSCL; Libra-Montemar",4,12,4501.66666666667,415.583333333333,3534,5100,1,1,1,{1}
2013-03-24,COCTG,Cartagena,MXVER,Veracruz,1,1,"Alianca; CCNI; Hamburg Sud; Hapag-Lloyd",4,7,3802.85714285714,604.142857142857,2070,4268,6,6,6,{6}
2013-03-24,COCTG,Cartagena,MXZLO,"Manzanillo, MEX",1,1,"Alianca; Hamburg Sud; Hapag-Lloyd",3,11,2797,515.909090909091,2741,2872,9,9,9,{9}
2013-03-24,COCTG,Cartagena,NLRTM,Rotterdam,1,1,"Alianca; CMA CGM; Hamburg Sud; Hapag-Lloyd",4,8,3333.5,612.5,2023,3739,12,12,12,{12}
2013-03-24,COCTG,Cartagena,PABLB,Balboa,1,1,"Alianca; Hamburg Sud; Hapag-Lloyd; Maersk Line; MSC",5,10,3381.5,684.2,2824,3752,2,2,2,{2}
2013-03-24,COCTG,Cartagena,PACTB,Cristobal,1,1,"CSAV; MSC",2,9,5080.11111111111,734.888888888889,4549,5301,1,1,1,{1}
2013-03-24,COCTG,Cartagena,PAMIT,Manzanillo,5,5,"Alianca; CCNI; CMA CGM; CSAV; Delmas; Hamburg Sud; Hapag-Lloyd; Libra-Montemar; Marfret",9,37,15111.6805555556,3007.52777777778,1728,5042,1,1,2,"{1,1,1,2,2}"
2013-03-24,COCTG,Cartagena,PECLL,Callao,1,1,"CCNI; CSAV; Libra-Montemar",3,5,3702.85714285714,471.428571428571,1726,1730,7,7,7,{7}
2013-03-24,COCTG,Cartagena,PRSJU,"San Juan PR",1,1,"CCNI; CSAV; Libra-Montemar",3,5,3702.85714285714,471.428571428571,1726,1730,3,3,3,{3}
2013-03-24,COCTG,Cartagena,USPEF,"Port Everglades FL",2,2,"Alianca; CCNI; CSAV; Hamburg Sud; King Ocean; Libra-Montemar",6,9,5066.16666666667,809.666666666667,1795,3534,3,4,5,"{3,5}"
2013-03-24,COCTG,Cartagena,USPHL,"Philadelphia PA",1,1,"Alianca; Hamburg Sud; Hapag-Lloyd; Maersk Line; MSC",5,10,3381.5,684.2,2824,3752,5,5,5,{5}
2013-03-24,COCTG,Cartagena,VEPBL,"Puerto Cabello",2,2,"Alianca; CCNI; CMA CGM; CSAV; Delmas; Hamburg Sud",6,9,4074.45,623.55,1570,2524,3,3.5,4,"{3,4}"
2013-03-24,COPBO,"Puerto Bolivar",HTPAP,Port-au-Prince,1,1,"Seaboard Marine",1,2,1296,390,1296,1296,2,2,2,{2}
2013-03-24,COSMR,"Santa Marta",COPBO,"Puerto Bolivar",1,1,"Seaboard Marine",1,2,1296,390,1296,1296,1,1,1,{1}
2013-03-24,COSMR,"Santa Marta",CRLIO,"Puerto Limon",1,1,Dole,1,2,2046,990,2046,2046,2,2,2,{2}
2013-03-24,COSMR,"Santa Marta",NLRTM,Rotterdam,1,1,"Maersk Line",1,8,2579.75,567.5,2556,2592,11,11,11,{11}
2013-03-24,COSMR,"Santa Marta",PAMIT,Manzanillo,1,1,"Maersk Line",1,8,2579.75,567.5,2556,2592,2,2,2,{2}
2013-03-24,CRCAL,"Puerto Caldera",GTPRQ,"Puerto Quetzal",4,4,"Alianca; CMA CGM; CSAV; Dole; Evergreen Line; Hamburg Sud; Hapag-Lloyd; NYK; X-Press",9,11,6093.66666666667,1272,862,2664,1,2,3,"{2,3,1,2}"
2013-03-24,CRLIO,"Puerto Limon",COCTG,Cartagena,2,2,"Alianca; Hamburg Sud; Seaboard Marine",3,7,3096.58333333333,470.75,1296,1718,1,1.5,2,"{1,2}"
2013-03-24,CRLIO,"Puerto Limon",DOCAU,Caucedo,1,1,"CMA CGM; Delmas; Marfret",3,6,2667.5,512.833333333333,2550,2790,2,2,2,{2}
2013-03-24,CRLIO,"Puerto Limon",GDSTG,"St George's",1,1,"SeaFreight Line; ZIM",2,5,1185.6,288,1100,1296,0,0,0,{0}
2013-03-24,CRLIO,"Puerto Limon",GTSTC,"Santo Tomas de Castilla",1,1,"Crowley; Evergreen Line; Maersk Line",3,2,1163,182.5,1121,1205,3,3,3,{3}
2013-03-24,CRLIO,"Puerto Limon",HNPCA,"Puerto Castilla",1,1,Dole,1,2,2046,990,2046,2046,2,2,2,{2}
2013-03-24,CRLIO,"Puerto Limon",HNPCR,"Puerto Cortes",1,1,"Seaboard Marine",1,3,1521.33333333333,278,1296,1718,2,2,2,{2}
2013-03-24,CRLIO,"Puerto Limon",JMKIN,Kingston,1,1,"CMA CGM; CSAV; Hapag-Lloyd",3,6,1902.5,457.833333333333,1740,2007,2,2,2,{2}
2013-03-24,CRLIO,"Puerto Limon",PAMIT,Manzanillo,3,3,"Crowley; Evergreen Line; Hapag-Lloyd; King Ocean; Maersk Line",5,8,4321,747,957,2546,1,1,2,"{2,1,1}"
2013-03-24,CRLIO,"Puerto Limon",PAPAM,Almirante,1,1,"Great White Fleet",1,2,2482,558,2474,2490,1,1,1,{1}
2013-03-24,CRLIO,"Puerto Limon",VEMAR,Maracaibo,1,1,"King Ocean",1,2,957,236,957,957,2,2,2,{2}
2013-03-24,CRMOB,Moin,IEORK,Cork,1,1,"Maersk Line",1,6,2544.33333333333,600,2530,2556,11,11,11,{11}
2013-03-24,CUHAV,Havana,GTSTC,"Santo Tomas de Castilla",1,1,Crowley,1,1,972,170,972,972,2,2,2,{2}
2013-03-24,CUHAV,Havana,ITSAL,Salerno,1,1,"Melfi Marine",1,3,3108.57142857143,557.142857142857,1296,1604,21,21,21,{21}
2013-03-24,CUHAV,Havana,PAMIT,Manzanillo,1,1,"Alianca; Hamburg Sud",2,4,1575.25,192.75,1570,1577,4,4,4,{4}
2013-03-24,CVRAI,Praia,GWOXB,Bissau,2,2,"Maersk Line; Safmarine; Transinsular",3,4,5352.85714285714,734.571428571429,1000,1325,2,3,4,"{2,4}"
2013-03-24,CVVXE,"St Vincente",CVRAI,Praia,2,2,"Maersk Line; Safmarine; Transinsular",3,4,5352.85714285714,734.571428571429,1000,1325,1,1,1,"{1,1}"
2013-03-24,CWWIL,Willemstad,BQKRA,Bonaire,1,1,"SeaFreight Line; ZIM",2,5,1185.6,288,1100,1296,1,1,1,{1}
2013-03-24,CYLMS,Limassol,EGALY,Alexandria,1,1,"Alianca; Hamburg Sud; Hapag-Lloyd; Maersk Line; Seago Line",5,5,4209.8,551.2,4043,4253,1,1,1,{1}
2013-03-24,CYLMS,Limassol,ILASH,Ashdod,1,1,"Borchard Lines Ltd",1,4,866.5,234,862,868,1,1,1,{1}
2013-03-24,CYLMS,Limassol,ILHFA,Haifa,1,1,"Borchard Lines Ltd",1,4,853.25,217.5,809,868,1,1,1,{1}
2013-03-24,CYLMS,Limassol,LBBEY,Beirut,1,1,MSC,1,5,3331.2,287,1074,4038,1,1,1,{1}
2013-03-24,DEBRV,Bremerhaven,BEANR,Antwerp,6,6,"Alianca; CMA CGM; COSCO; CSAV; Delmas; Hamburg Sud; Hanjin Shipping; Hapag-Lloyd; Libra-Montemar; Maersk Line; MSC; Safmarine; Seago Line",13,31,24324.3714285714,4231.91428571429,862,8500,1,1.5,2,"{2,1,1,2,1,2}"
2013-03-24,DEBRV,Bremerhaven,DEHAM,Hamburg,4,4,"CSAV; Hapag-Lloyd; Maersk Line; MCC; MSC; NYK; OOCL; Safmarine",8,40,26978.1679292929,2435.07070707071,3301,9700,1,1,2,"{1,2,1,1}"
2013-03-24,DEBRV,Bremerhaven,DEWVN,Wilhelmshaven,1,1,"Maersk Line; MCC",2,11,8531.54545454545,702.272727272727,7226,8950,0,0,0,{0}
2013-03-24,DEBRV,Bremerhaven,DKCPH,Copenhagen,1,1,"Maersk Line; Seago Line",2,3,866,234,862,868,2,2,2,{2}
2013-03-24,DEBRV,Bremerhaven,ESLPA,"Las Palmas, Can Is",1,1,"DAL-Deutsche Afrika Linien; Maersk Line; MOL; Safmarine",4,8,4530.25,942,4045,4931,5,5,5,{5}
2013-03-24,DEBRV,Bremerhaven,FRLEH,"Le Havre",4,4,"ACL-Atlantic Container Line; CMA CGM; CSAV; Hapag-Lloyd; Libra-Montemar; Maersk Line; MSC; OOCL; Safmarine",9,24,19347.8333333333,1436,2803,6750,2,2,3,"{2,3,2,2}"
2013-03-24,DEBRV,Bremerhaven,GBFXT,Felixstowe,2,2,"APL; CMA CGM; Hyundai; Maersk Line; MOL; MSC",6,10,8754.6,1081.8,4018,4814,1,1.5,2,"{1,2}"
2013-03-24,DEBRV,Bremerhaven,MXVER,Veracruz,1,1,"Maersk Line",1,6,2544.33333333333,600,2530,2556,13,13,13,{13}
2013-03-24,DEBRV,Bremerhaven,NLRTM,Rotterdam,8,8,"ANL; APL; CMA CGM; COSCO; CSAV; CSCL; Delmas; Evergreen Line; FESCO; Hanjin Shipping; Hyundai; K Line; Maersk Line; MCC; MOL; MSC; Safmarine; UASC; Yang Ming; ZIM",20,73,60571.1647519148,5201.04845154845,2556,16000,1,2,2,"{2,1,2,2,1,2,2,2}"
2013-03-24,DEBRV,Bremerhaven,PLGDN,Gdansk,1,1,"Maersk Line; MCC",2,12,14214.6666666667,908.333333333333,9658,15550,3,3,3,{3}
2013-03-24,DEBRV,Bremerhaven,RULED,"St Petersburg",1,1,"Maersk Line",1,8,2579.75,567.5,2556,2592,4,4,4,{4}
2013-03-24,DEBRV,Bremerhaven,SEGOT,Gothenburg,1,1,"Maersk Line; MCC",2,12,7409,525.333333333333,6700,8750,3,3,3,{3}
2013-03-24,DEBRV,Bremerhaven,USCHS,"Charleston SC",2,2,"ACL-Atlantic Container Line; CMA CGM; CSAV; Delmas; Hapag-Lloyd; NYK; OOCL",7,11,6813.73333333333,900,3200,4132,9,9.5,10,"{9,10}"
2013-03-24,DEBRV,Bremerhaven,USNYC,"New York NY/NJ",1,1,"APL; CMA CGM; Hyundai; Maersk Line",4,5,4304.4,350,4082,4360,10,10,10,{10}
2013-03-24,DEHAM,Hamburg,BEANR,Antwerp,12,12,"Alianca; ANL; CMA CGM; COSCO; CSAV; CSAV Norasia; CSCL; Delmas; Evergreen Line; Hamburg Sud; Hanjin Shipping; Hapag-Lloyd; K Line; Maersk Line; MCC; MSC; OOCL; SCI-Shipping Corp. of India; Stinnes; Yang Ming; ZIM",21,100,74661.1818181818,8061.56316738817,1740,13500,1,2,3,"{1,2,2,2,2,2,3,3,3,2,1,2}"
2013-03-24,DEHAM,Hamburg,BEZEE,Zeebrugge,1,1,"ANL; CMA CGM; COSCO; CSCL; Evergreen Line; UASC; Yang Ming",7,10,12370.6,900,13100,14074,1,1,1,{1}
2013-03-24,DEHAM,Hamburg,CAMTR,Montreal,1,1,"Hapag-Lloyd; OOCL",2,3,4402,300,4402,4402,8,8,8,{8}
2013-03-24,DEHAM,Hamburg,DEBRV,Bremerhaven,4,4,"Alianca; ANL; CMA CGM; CSAV; CSCL; Delmas; Evergreen Line; FESCO; Hamburg Sud; Hapag-Lloyd; Libra-Montemar; Maersk Line; MSC; UASC",14,38,30141.2911255411,2794.51731601732,2556,16000,1,2,3,"{1,2,3,2}"
2013-03-24,DEHAM,Hamburg,DOCAU,Caucedo,1,1,"CSAV; MSC",2,9,5080.11111111111,734.888888888889,4549,5301,11,11,11,{11}
2013-03-24,DEHAM,Hamburg,EGALY,Alexandria,1,1,"Alianca; Hamburg Sud; Hapag-Lloyd; Seago Line",4,5,4257.6,568,4255,4268,9,9,9,{9}
2013-03-24,DEHAM,Hamburg,FRLEH,"Le Havre",2,2,"ACL-Atlantic Container Line; Alianca; CMA CGM; Delmas; Hamburg Sud; Hapag-Lloyd; NYK; OOCL; ZIM",9,11,8086.32142857143,1133.17857142857,1550,5905,2,2.5,3,"{2,3}"
2013-03-24,DEHAM,Hamburg,GBFXT,Felixstowe,2,2,"COSCO; CSCL; Evergreen Line; Hanjin Shipping; Hapag-Lloyd; K Line; Maersk Line; MCC; NYK; OOCL; Safmarine; Yang Ming",12,26,16847.425,1401.2,8120,9700,1,1.5,2,"{2,1}"
2013-03-24,DEHAM,Hamburg,GBSOU,Southampton,3,3,"APL; Hapag-Lloyd; Hyundai; MOL; NYK; OOCL",6,33,26282.7272727273,1932.90909090909,8063,13169,1,1,2,"{2,1,1}"
2013-03-24,DEHAM,Hamburg,GBTHP,Thamesport,2,2,"CMA CGM; Evergreen Line; Hanjin Shipping; Hapag-Lloyd; MOL; ZIM",6,16,9700.8,1143.83333333333,2072,8452,2,2,2,"{2,2}"
2013-03-24,DEHAM,Hamburg,GBTIL,Tilbury,1,1,"Alianca; CMA CGM; Hamburg Sud; Hapag-Lloyd",4,8,4201.625,1044.75,3752,5042,3,3,3,{3}
2013-03-24,DEHAM,Hamburg,NLRTM,Rotterdam,10,10,"ACL-Atlantic Container Line; ANL; APL; CMA CGM; COSCO; CSCL; Evergreen Line; Hanjin Shipping; Hapag-Lloyd; Hyundai; K Line; MOL; MSC; NYK; OOCL; OPDR; PIL; UASC; Yang Ming; ZIM",20,99,68355.766045066,5221.66993006993,698,14000,1,1,3,"{2,1,2,1,2,1,3,1,1,1}"
2013-03-24,DEWVN,Wilhelmshaven,LKCMB,Colombo,1,1,"Maersk Line; MCC",2,11,8531.54545454545,702.272727272727,7226,8950,21,21,21,{21}
2013-03-24,DJJIB,Djibouti,AEJEA,"Dubai, Jebel Ali",1,1,"Maersk Line; Safmarine",2,10,4488.2,426.7,4154,5100,4,4,4,{4}
2013-03-24,DJJIB,Djibouti,EGSOK,Sokhna,1,1,APL,1,4,4121.25,375.5,3500,4369,3,3,3,{3}
2013-03-24,DJJIB,Djibouti,OMSLL,Salalah,1,1,APL,1,4,4121.25,375.5,3500,4369,2,2,2,{2}
2013-03-24,DJJIB,Djibouti,SAJED,Jeddah,2,2,"APL; Maersk Line; PIL; Safmarine",4,14,8567.33333333333,565.791666666667,2226,6606,3,3,3,"{3,3}"
2013-03-24,DJJIB,Djibouti,SGSIN,Singapore,1,1,"APL; PIL",2,8,5999,234.125,4250,6606,10,10,10,{10}
2013-03-24,DKAAR,Aarhus,SEGOT,Gothenburg,1,1,"Maersk Line; MCC",2,12,14214.6666666667,908.333333333333,9658,15550,1,1,1,{1}
2013-03-24,DKCPH,Copenhagen,SEHEL,Helsingborg,1,1,"Maersk Line; Seago Line",2,3,866,234,862,868,1,1,1,{1}
2013-03-24,DOBCC,"Boca Chica",DOHAI,"Rio Haina",1,1,"Seaboard Marine",1,1,974,170,974,974,1,1,1,{1}
2013-03-24,DOCAU,Caucedo,BRRIO,"Rio de Janeiro",1,1,"CMA CGM; CSAV; Hapag-Lloyd; Libra-Montemar; MSC; ZIM",6,8,6471.375,450,5800,6750,9,9,9,{9}
2013-03-24,DOCAU,Caucedo,BRSSZ,Santos,1,1,"Evergreen Line; Hanjin Shipping; Hapag-Lloyd; Hyundai; NYK; Yang Ming",6,6,2682.33333333333,341.666666666667,2450,2890,11,11,11,{11}
2013-03-24,DOCAU,Caucedo,BRSUA,Suape,1,1,"CSAV; Hamburg Sud; Hapag-Lloyd; Libra-Montemar; Maersk Line; NYK",6,8,5545.75,481.375,5006,5762,6,6,6,{6}
2013-03-24,DOCAU,Caucedo,BSFPO,Freeport,1,1,MSC,1,3,2982,295,2800,3139,2,2,2,{2}
2013-03-24,DOCAU,Caucedo,COCTG,Cartagena,2,2,"Alianca; CMA CGM; CSAV; Hamburg Sud; Hapag-Lloyd; MSC",6,17,9281.73611111111,1779.63888888889,3752,5301,1,1.5,2,"{1,2}"
2013-03-24,DOCAU,Caucedo,GPPTP,Pointe-a-Pitre,1,1,"CMA CGM; Delmas; Marfret",3,6,2667.5,512.833333333333,2550,2790,2,2,2,{2}
2013-03-24,DOCAU,Caucedo,JMKIN,Kingston,3,2,"CMA CGM; CSAV; Hapag-Lloyd; Libra-Montemar; MSC; ZIM",6,18,12640.175,723.6,3005,6750,1,1,3,"{3,1,1}"
2013-03-24,DOCAU,Caucedo,MAPTM,Tanger,1,1,"Alianca; Hamburg Sud; Hapag-Lloyd",3,11,2797,515.909090909091,2741,2872,10,10,10,{10}
2013-03-24,DOCAU,Caucedo,MXVER,Veracruz,1,1,"CSAV; Hamburg Sud; Hapag-Lloyd; Libra-Montemar; Maersk Line; NYK",6,8,5545.75,481.375,5006,5762,4,4,4,{4}
2013-03-24,DOCAU,Caucedo,NLRTM,Rotterdam,1,1,"Alianca; CMA CGM; Hamburg Sud; Hapag-Lloyd",4,8,4201.625,1044.75,3752,5042,9,9,9,{9}
2013-03-24,DOCAU,Caucedo,PABLB,Balboa,1,1,"CSAV; MSC",2,6,4300.83333333333,675,4250,4549,4,4,4,{4}
2013-03-24,DOCAU,Caucedo,PAMIT,Manzanillo,1,1,"Maersk Line; MSC; Safmarine",3,9,3027.11111111111,739.111111111111,2797,3100,2,2,2,{2}
2013-03-24,DOCAU,Caucedo,PRSJU,"San Juan PR",1,1,Hapag-Lloyd,1,4,2201,328.5,2078,2546,2,2,2,{2}
2013-03-24,DOCAU,Caucedo,USORF,"Norfolk VA",1,1,"Evergreen Line; Hanjin Shipping; Hapag-Lloyd; Hyundai; NYK; Yang Ming",6,6,2682.33333333333,341.666666666667,2450,2890,5,5,5,{5}
2013-03-24,DOCAU,Caucedo,VEPBL,"Puerto Cabello",1,1,"CMA CGM; CSAV; CSCL; Libra-Montemar",4,12,4501.66666666667,415.583333333333,3534,5100,1,1,1,{1}
2013-03-24,DOHAI,"Rio Haina",DOPOP,"Puerto Plata",1,1,"Seaboard Marine",1,3,1010.66666666667,230.666666666667,957,1118,1,1,1,{1}
2013-03-24,DOHAI,"Rio Haina",HTPAP,Port-au-Prince,1,1,Crowley,1,1,972,170,972,972,2,2,2,{2}
2013-03-24,DOHAI,"Rio Haina",JMKIN,Kingston,1,1,"Seaboard Marine",1,2,966,252,966,966,1,1,1,{1}
2013-03-24,DOHAI,"Rio Haina",JMMBJ,"Montego Bay",1,1,"Seaboard Marine",1,2,966,252,966,966,1,1,1,{1}
2013-03-24,DOHAI,"Rio Haina",PRSJU,"San Juan PR",1,1,"CMA CGM",1,3,1251.66666666667,353,1118,1341,1,1,1,{1}
2013-03-24,DOHAI,"Rio Haina",USMIA,"Miami FL",1,1,"Seaboard Marine",1,1,974,170,974,974,3,3,3,{3}
2013-03-24,DOPOP,"Puerto Plata",DOHAI,"Rio Haina",1,1,"Seaboard Marine",1,2,966,252,966,966,1,1,1,{1}
2013-03-24,DOPOP,"Puerto Plata",USMIA,"Miami FL",1,1,"Seaboard Marine",1,3,1010.66666666667,230.666666666667,957,1118,2,2,2,{2}
2013-03-24,ECESM,Esmeraldas,PABLB,Balboa,1,1,"Maersk Line",1,2,2556,600,2556,2556,2,2,2,{2}
2013-03-24,ECESM,Esmeraldas,PEPAI,Paita,1,1,"Maersk Line",1,2,2556,600,2556,2556,3,3,3,{3}
2013-03-24,ECGYE,Guayaquil,CLARI,Arica,1,1,"Alianca; CSAV; Hamburg Sud; Libra-Montemar",4,7,2621.85714285714,450.285714285714,1620,3400,4,4,4,{4}
2013-03-24,ECGYE,Guayaquil,CLMJS,Mejillones,1,1,"Alianca; CCNI; CSCL; Hamburg Sud; Hanjin Shipping; Hyundai",6,11,5570.90909090909,1298.36363636364,5550,5762,4,4,4,{4}
2013-03-24,ECGYE,Guayaquil,CRCAL,"Puerto Caldera",1,1,Dole,1,3,896.666666666667,445,890,910,5,5,5,{5}
2013-03-24,ECGYE,Guayaquil,MXZLO,"Manzanillo, MEX",1,1,"Hapag-Lloyd; K Line; MOL; NYK",4,3,2094,421.333333333333,2078,2122,6,6,6,{6}
2013-03-24,ECGYE,Guayaquil,PABLB,Balboa,4,4,"APL; CSAV; Maersk Line; MOL; MSC; Safmarine",6,26,11408.0277777778,2335.27777777778,1296,4549,3,3,5,"{5,3,3,3}"
2013-03-24,ECGYE,Guayaquil,PAMIT,Manzanillo,1,1,"Alianca; CMA CGM; Hamburg Sud; Hapag-Lloyd",4,8,3333.5,612.5,2023,3739,3,3,3,{3}
2013-03-24,ECGYE,Guayaquil,PECLL,Callao,3,3,"Alianca; CCNI; CMA CGM; CSAV; Evergreen Line; Hamburg Sud; Hapag-Lloyd; Libra-Montemar",8,18,8131.41666666667,1376.58333333333,1520,3739,2,3,5,"{5,3,2}"
2013-03-24,ECGYE,Guayaquil,PEPAI,Paita,1,1,MOL,1,1,1350,449,1350,1350,2,2,2,{2}
2013-03-24,EGALY,Alexandria,EGPSD,"Port Said",1,1,"Alianca; Hamburg Sud; Hapag-Lloyd; Seago Line",4,5,4257.6,568,4255,4268,2,2,2,{2}
2013-03-24,EGALY,Alexandria,ILASH,Ashdod,2,2,"Alianca; Gold Star Line; Hamburg Sud; Hapag-Lloyd; Maersk Line; Seago Line; ZIM",7,13,7748.675,745.075,3429,4308,1,1.5,2,"{2,1}"
2013-03-24,EGALY,Alexandria,ILHFA,Haifa,1,1,"MSC; ZIM",2,5,5649.2,458,5527,5800,1,1,1,{1}
2013-03-24,EGALY,Alexandria,ITTAR,Taranto,1,1,"Evergreen Line; Hanjin Shipping; MOL; Yang Ming",4,14,5271,551.428571428571,5364,6046,2,2,2,{2}
2013-03-24,EGALY,Alexandria,TRIZM,Izmir,1,1,"Borchard Lines Ltd",1,4,866.5,234,862,868,2,2,2,{2}
2013-03-24,EGALY,Alexandria,TRMER,Mersin,2,2,"MSC; Turkon",2,10,5745.77142857143,737,1074,4038,2,2,2,"{2,2}"
2013-03-24,EGDAM,Damietta,AUFRE,Fremantle,1,1,"ANL; CMA CGM; Hapag-Lloyd",3,13,4271.69230769231,392.615384615385,4250,4308,19,19,19,{19}
2013-03-24,EGDAM,Damietta,ITGOA,Genoa,1,1,"APL; Hapag-Lloyd; Hyundai; MOL; NYK; OOCL",6,10,7161.2,591,6724,9100,5,5,5,{5}
2013-03-24,EGDAM,Damietta,MTMAR,"Malta (Marsaxlokk)",1,1,"ANL; CMA CGM; Hapag-Lloyd",3,13,4271.69230769231,392.615384615385,4250,4308,3,3,3,{3}
2013-03-24,EGDAM,Damietta,SAJED,Jeddah,1,1,"APL; Hapag-Lloyd; Hyundai; MOL; NYK; OOCL",6,10,7161.2,591,6724,9100,4,4,4,{4}
2013-03-24,EGDAM,Damietta,USNYC,"New York NY/NJ",1,1,"ANL; APL; CMA CGM; Hapag-Lloyd; NYK; OOCL; USL-US Lines",7,8,4197.5,388.5,3808,4367,12,12,12,{12}
2013-03-24,EGPSD,"Port Said",AEKLF,"Khor Fakkan",1,1,"ANL; CMA CGM; Delmas; OOCL",4,8,5719.25,516,5700,5770,9,9,9,{9}
2013-03-24,EGPSD,"Port Said",DJJIB,Djibouti,1,1,"Maersk Line; Safmarine",2,10,4488.2,426.7,4154,5100,3,3,3,{3}
2013-03-24,EGPSD,"Port Said",ESALG,Algeciras,3,3,"Alianca; APL; Evergreen Line; Hamburg Sud; Hanjin Shipping; Hapag-Lloyd; Hyundai; Maersk Line; MOL; Safmarine; Seago Line",11,25,13538.7,1432.9,4154,6350,4,5,6,"{5,4,6}"
2013-03-24,EGPSD,"Port Said",ILASH,Ashdod,2,2,"APL; COSCO; Evergreen Line; Hanjin Shipping; Hapag-Lloyd; Hyundai; K Line; MOL; NYK; OOCL; Yang Ming",11,20,11656,1018,4960,8930,1,1.5,2,"{2,1}"
2013-03-24,EGPSD,"Port Said",ITNAP,Naples,1,1,"COSCO; Hanjin Shipping; K Line; Yang Ming",4,13,4972.61538461538,461.846153846154,5250,5618,4,4,4,{4}
2013-03-24,EGPSD,"Port Said",ITSPE,"La Spezia",2,2,"CSCL; Hanjin Shipping; K Line; UASC; Yang Ming",5,20,10321.9,837.4,3802,8530,5,5,5,"{5,5}"
2013-03-24,EGPSD,"Port Said",LBBEY,Beirut,2,2,"Alianca; CMA CGM; Delmas; Hamburg Sud; Hapag-Lloyd; Maersk Line; MCC; Safmarine; Seago Line",9,15,10717.1,1169.5,4255,6627,2,2,2,"{2,2}"
2013-03-24,EGPSD,"Port Said",MTMAR,"Malta (Marsaxlokk)",1,1,"CMA CGM; Delmas; Maersk Line; MCC; Safmarine",5,12,7348.58333333333,591.666666666667,8200,9700,3,3,3,{3}
2013-03-24,EGPSD,"Port Said",MYPKG,"Port Klang",2,2,"ANL; CMA CGM; Delmas; Maersk Line; MCC; Safmarine",6,23,14843.2196969697,1509.84848484848,6554,9700,15,15,15,"{15,15}"
2013-03-24,EGPSD,"Port Said",OMSLL,Salalah,1,1,"ANL; CMA CGM; Delmas; Maersk Line; MCC; Safmarine",6,11,12602.8181818182,790.909090909091,9415,13092,2,2,2,{2}
2013-03-24,EGPSD,"Port Said",SAJED,Jeddah,5,5,"ANL; APL; CMA CGM; CSCL; Delmas; Hanjin Shipping; Hapag-Lloyd; K Line; Maersk Line; MCC; NYK; OOCL; Safmarine; UASC; USL-US Lines; Yang Ming",16,44,24553.2333333333,2080.73333333333,3426,8530,1,2,3,"{3,3,2,2,1}"
2013-03-24,EGPSD,"Port Said",SGSIN,Singapore,4,4,"APL; COSCO; Evergreen Line; Hanjin Shipping; Hapag-Lloyd; Hyundai; K Line; MOL; NYK; OOCL; Yang Ming",11,43,21421.5153846154,1918.04615384615,4960,8930,14,15,16,"{14,14,16,16}"
2013-03-24,EGPSD,"Port Said",TRMER,Mersin,2,2,"CSCL; Maersk Line; Safmarine; UASC",4,14,7692.20833333333,743.208333333333,3426,4300,1,2,3,"{1,3}"
2013-03-24,EGSOK,Sokhna,JOAQJ,Aqaba,2,2,"APL; COSCO; Evergreen Line; PIL",4,15,10565.8571428571,668.125,4250,6606,1,1,1,"{1,1}"
2013-03-24,EGSOK,Sokhna,SAJED,Jeddah,1,1,APL,1,4,4121.25,375.5,3500,4369,2,2,2,{2}
2013-03-24,EGSOK,Sokhna,SDPZU,"Port Sudan",1,1,MSC,1,3,2797.33333333333,152,2668,3044,3,3,3,{3}
2013-03-24,EGSOK,Sokhna,SGSIN,Singapore,1,1,"CMA CGM; CSCL; Hanjin Shipping; Yang Ming",4,7,4163.71428571429,305.714285714286,3017,4738,13,13,13,{13}
2013-03-24,ESACE,Arrecife,ESFUE,"Puerto del Rosario",1,1,"Boluda Lines",1,2,1048.5,165,1036,1061,1,1,1,{1}
2013-03-24,ESACE,Arrecife,ESSVQ,Seville,1,1,"Boluda Lines",1,1,754,48,754,754,2,2,2,{2}
2013-03-24,ESALC,Alicante,ESBCN,Barcelona,1,1,"Boluda Lines; OPDR",2,2,1267,170,1267,1267,1,1,1,{1}
2013-03-24,ESALC,Alicante,ESLPA,"Las Palmas, Can Is",1,1,"Boluda Lines; OPDR",2,2,1267,170,1267,1267,3,3,3,{3}
2013-03-24,ESALC,Alicante,ESSCT,Tenerife,1,1,"Yaiza Shipping",1,1,804,180,804,804,3,3,3,{3}
2013-03-24,ESALG,Algeciras,AOLAD,Luanda,1,1,"Maersk Line; Safmarine",2,9,2918,336.444444444444,1169,1740,14,14,14,{14}
2013-03-24,ESALG,Algeciras,AOMSZ,Namibe,1,1,"Maersk Line; Safmarine",2,9,2918,336.444444444444,1169,1740,19,19,19,{19}
2013-03-24,ESALG,Algeciras,BJCOO,Cotonou,1,1,MOL,1,2,3087,749,1347,1740,11,11,11,{11}
2013-03-24,ESALG,Algeciras,BRPEC,"Pecem (near Fortaleza)",1,1,"Maersk Line; MSC; Safmarine; UASC",4,6,7498.16666666667,850,5447,8800,8,8,8,{8}
2013-03-24,ESALG,Algeciras,BRSSZ,Santos,1,1,"COSCO; Hamburg Sud; Hanjin Shipping; Maersk Line; MSC; Safmarine",6,7,7750,1700,7450,8500,9,9,9,{9}
2013-03-24,ESALG,Algeciras,CIABJ,Abidjan,1,1,"Maersk Line; Safmarine",2,4,1251.5,210,2500,2506,10,10,10,{10}
2013-03-24,ESALG,Algeciras,CVVXE,"St Vincente",1,1,"Maersk Line; Safmarine",2,2,2989.28571428571,357.428571428571,1000,1325,6,6,6,{6}
2013-03-24,ESALG,Algeciras,DEBRV,Bremerhaven,1,1,"Hapag-Lloyd; Maersk Line; MCC; NYK; OOCL; Safmarine",6,16,9490.625,725,9030,9700,3,3,3,{3}
2013-03-24,ESALG,Algeciras,DEHAM,Hamburg,1,1,"COSCO; Evergreen Line; Hanjin Shipping; K Line; UASC; Yang Ming",6,11,10874.3636363636,732.181818181818,4024,13102,3,3,3,{3}
2013-03-24,ESALG,Algeciras,DOCAU,Caucedo,1,1,"Maersk Line; MSC; Safmarine",3,9,3027.11111111111,739.111111111111,2797,3100,9,9,9,{9}
2013-03-24,ESALG,Algeciras,EGPSD,"Port Said",2,2,"APL; Evergreen Line; Hanjin Shipping; Hyundai; Maersk Line; MOL; Safmarine",7,20,9281.1,864.9,4154,6350,5,5,5,"{5,5}"
2013-03-24,ESALG,Algeciras,ESVLC,Valencia,3,3,"CMA CGM; Delmas; Hanjin Shipping; Hapag-Lloyd; K Line; UASC; Yang Ming",7,18,7536.27142857143,692.142857142857,1709,4545,0,1,1,"{1,1,0}"
2013-03-24,ESALG,Algeciras,GBFXT,Felixstowe,2,2,"Alianca; Hamburg Sud; Hapag-Lloyd; Maersk Line; Safmarine; Seago Line",6,12,11004.3142857143,1277.14285714286,4255,6802,3,3.5,4,"{3,4}"
2013-03-24,ESALG,Algeciras,GBTIL,Tilbury,1,1,"COSCO; Hamburg Sud; Hanjin Shipping; Maersk Line; MSC; Safmarine",6,7,7750,1700,7450,8500,3,3,3,{3}
2013-03-24,ESALG,Algeciras,GHTEM,Tema,1,1,"Maersk Line; Safmarine",2,6,2513,377.333333333333,2456,2578,11,11,11,{11}
2013-03-24,ESALG,Algeciras,GQBSG,Bata,1,1,Marguisa,1,2,4474.28571428571,771.428571428571,1740,1740,10,10,10,{10}
2013-03-24,ESALG,Algeciras,ITGIT,"Gioia Tauro",1,1,"Maersk Line; MSC; Safmarine; UASC",4,6,7498.16666666667,850,5447,8800,4,4,4,{4}
2013-03-24,ESALG,Algeciras,ITLIV,Leghorn,1,1,"CMA CGM; Delmas; Marfret",3,6,2667.5,512.833333333333,2550,2790,3,3,3,{3}
2013-03-24,ESALG,Algeciras,LRMLW,Monrovia,1,1,"Maersk Line; Safmarine",2,3,1639,189.333333333333,1501,1708,6,6,6,{6}
2013-03-24,ESALG,Algeciras,MACAS,Casablanca,2,2,"Hanjin Shipping; Hapag-Lloyd; Maersk Line; OPDR; X-Press",5,4,1408.66666666667,258,698,706,1,1,1,"{1,1}"
2013-03-24,ESALG,Algeciras,MAPTM,Tanger,3,3,"CMA CGM; Delmas; Maersk Line; MCC; Safmarine",5,23,12161.6547619048,1447.59523809524,1550,9700,0,1,1,"{0,1,1}"
2013-03-24,ESALG,Algeciras,MRNKC,Nouakchott,1,1,"Maersk Line; Safmarine",2,3,1136,134.666666666667,1700,1708,5,5,5,{5}
2013-03-24,ESALG,Algeciras,MTMAR,"Malta (Marsaxlokk)",2,2,"CMA CGM; Hapag-Lloyd; Maersk Line; MOL; MSC; Safmarine",6,15,7646.27777777778,1204.11111111111,2797,5060,3,4,5,"{5,3}"
2013-03-24,ESALG,Algeciras,NGAPP,Apapa,2,2,"Hapag-Lloyd; Maersk Line; MOL; Safmarine; ZIM",5,9,4131,552,1576,2478,9,10,11,"{11,9}"
2013-03-24,ESALG,Algeciras,NGTIN,"Lagos, Tin Can",1,1,"Evergreen Line; Hanjin Shipping; UASC",3,4,3107.75,262.5,2708,3681,10,10,10,{10}
2013-03-24,ESALG,Algeciras,NLRTM,Rotterdam,1,1,"CMA CGM; Delmas; Marfret",3,6,1678,240,1678,1678,4,4,4,{4}
2013-03-24,ESALG,Algeciras,PTLIS,Lisbon,3,2,"Hanjin Shipping; Hapag-Lloyd; Maersk Line; Safmarine",4,23,8439,832.088888888889,1169,3032,0,2,2,"{0,2,2}"
2013-03-24,ESALG,Algeciras,SGSIN,Singapore,1,1,"COSCO; Evergreen Line; Hanjin Shipping; K Line; UASC; Yang Ming",6,11,10874.3636363636,732.181818181818,4024,13102,21,21,21,{21}
2013-03-24,ESALG,Algeciras,SNDKR,Dakar,1,1,"Hapag-Lloyd; MOL; ZIM",3,6,2143.5,287.833333333333,2072,2262,2,2,2,{2}
2013-03-24,ESALG,Algeciras,TGLFW,Lome,1,1,"Maersk Line; Safmarine",2,7,2503.14285714286,420.571428571429,2470,2546,11,11,11,{11}
2013-03-24,ESALG,Algeciras,USNYC,"New York NY/NJ",2,2,"Hanjin Shipping; K Line; Maersk Line; Safmarine; UASC; Yang Ming",6,20,8408.9,782.5,3802,5100,8,8,8,"{8,8}"
2013-03-24,ESALG,Algeciras,USORF,"Norfolk VA",1,1,"APL; Evergreen Line; Hanjin Shipping; Hyundai; MOL",5,10,4792.9,438.2,5220,6350,8,8,8,{8}
2013-03-24,ESALG,Algeciras,ZADUR,Durban,1,1,"Maersk Line; Safmarine",2,7,1572.57142857143,288.857142857143,1341,1730,20,20,20,{20}
2013-03-24,ESBCN,Barcelona,ESVLC,Valencia,15,15,"Alianca; APL; Boluda Lines; CCNI; CMA CGM; COSCO; CSAV; CSCL; Delmas; Evergreen Line; Hamburg Sud; Hanjin Shipping; Hapag-Lloyd; Hyundai; K Line; Libra-Montemar; Maersk Line; Marfret; Melfi Marine; MOL; MSC; Niver Lines; NYK; OOCL; OPDR; Safmarine; UASC; WEC Lines; Yang Ming; ZIM",30,110,68725.4968864469,7129.59791874792,1036,14000,0,1,2,"{1,1,1,1,1,2,1,1,1,1,0,1,0,1,1}"
2013-03-24,ESBCN,Barcelona,FRFOS,"Marseilles-Fos (Fos)",2,2,"ANL; CMA CGM; COSCO; Delmas; Evergreen Line; Hanjin Shipping; K Line; Maersk Line; MCC; Safmarine; Yang Ming",11,21,20047.4181818182,1457.10909090909,8120,13092,1,2,3,"{1,3}"
2013-03-24,ESBCN,Barcelona,ITGIT,"Gioia Tauro",1,1,MSC,1,7,5247.14285714286,429.428571428571,4469,5919,3,3,3,{3}
2013-03-24,ESBIO,Bilbao,ESVGO,Vigo,1,1,"WEC Lines",1,2,868,234,868,868,1,1,1,{1}
2013-03-24,ESBIO,Bilbao,ESVIL,Vilagarcia,1,1,"Boluda Lines",1,2,1048.5,165,1036,1061,2,2,2,{2}
2013-03-24,ESCAD,Cadiz,ESVLC,Valencia,1,1,MSC,1,3,1696.66666666667,226.333333333333,1384,2061,3,3,3,{3}
2013-03-24,ESCAD,Cadiz,MAPTM,Tanger,1,1,"CMA CGM; Delmas",2,6,2383.04761904762,382.857142857143,1641,2520,1,1,1,{1}
2013-03-24,ESCAD,Cadiz,PTLIS,Lisbon,1,1,OPDR,1,5,698,120,698,698,1,1,1,{1}
2013-03-24,ESCAD,Cadiz,PTSIE,Sines,1,1,MSC,1,3,1696.66666666667,226.333333333333,1384,2061,1,1,1,{1}
2013-03-24,ESCAR,"Cartagena, Spain",ESTAR,Tarragona,1,1,"WEC Lines",1,2,1036,250,1036,1036,3,3,3,{3}
2013-03-24,ESCAR,"Cartagena, Spain",GIGIB,Gibraltar,1,1,OPDR,1,5,698,120,698,698,1,1,1,{1}
2013-03-24,ESCAS,Castellon,ITSAL,Salerno,1,1,"Borchard Lines Ltd",1,4,853.25,217.5,809,868,3,3,3,{3}
2013-03-24,ESFUE,"Puerto del Rosario",ESBIO,Bilbao,1,1,"Boluda Lines",1,2,1048.5,165,1036,1061,5,5,5,{5}
2013-03-24,ESFUE,"Puerto del Rosario",ESCAR,"Cartagena, Spain",1,1,"WEC Lines",1,2,1036,250,1036,1036,3,3,3,{3}
2013-03-24,ESGIJ,Gijon,ESBIO,Bilbao,1,1,"WEC Lines",1,2,868,234,868,868,2,2,2,{2}
2013-03-24,ESLPA,"Las Palmas, Can Is",BEANR,Antwerp,1,1,MSC,1,6,3253.66666666667,252.333333333333,2480,3424,7,7,7,{7}
2013-03-24,ESLPA,"Las Palmas, Can Is",CISPY,"San Pedro, Ivory Coast",1,1,MSC,1,6,3253.66666666667,252.333333333333,2480,3424,6,6,6,{6}
2013-03-24,ESLPA,"Las Palmas, Can Is",CVVXE,"St Vincente",1,1,Transinsular,1,2,2363.57142857143,377.142857142857,1061,1145,3,3,3,{3}
2013-03-24,ESLPA,"Las Palmas, Can Is",ESACE,Arrecife,1,1,"Boluda Lines",1,2,1048.5,165,1036,1061,1,1,1,{1}
2013-03-24,ESLPA,"Las Palmas, Can Is",ESALC,Alicante,1,1,"Yaiza Shipping",1,1,804,180,804,804,3,3,3,{3}
2013-03-24,ESLPA,"Las Palmas, Can Is",ESSCT,Tenerife,3,3,"Boluda Lines; OPDR; WEC Lines",3,6,3171,654,868,1267,0,1,1,"{1,0,1}"
2013-03-24,ESLPA,"Las Palmas, Can Is",ESSVQ,Seville,2,2,"Boluda Lines",1,2,1226,20,422,804,3,3.5,4,"{4,3}"
2013-03-24,ESLPA,"Las Palmas, Can Is",MACAS,Casablanca,1,1,OPDR,1,5,698,120,698,698,1,1,1,{1}
2013-03-24,ESLPA,"Las Palmas, Can Is",MAPTM,Tanger,1,1,"Maersk Line; MSC; Safmarine; UASC",4,6,7498.16666666667,850,5447,8800,1,1,1,{1}
2013-03-24,ESLPA,"Las Palmas, Can Is",SNDKR,Dakar,1,1,MSC,1,6,3011.66666666667,147.166666666667,2591,3424,2,2,2,{2}
2013-03-24,ESLPA,"Las Palmas, Can Is",ZACPT,"Cape Town",2,2,"CSAV; DAL-Deutsche Afrika Linien; Hapag-Lloyd; Maersk Line; MOL; MSC; Safmarine; Stinnes",8,24,11603.25,1496,2900,12552,11,13,15,"{11,15}"
2013-03-24,ESMLN,Melilla,ESMOT,Motril,1,1,OPDR,1,5,698,120,698,698,1,1,1,{1}
2013-03-24,ESMOT,Motril,ESCAR,"Cartagena, Spain",1,1,OPDR,1,5,698,120,698,698,1,1,1,{1}
2013-03-24,ESSCT,Tenerife,ESACE,Arrecife,1,1,"Boluda Lines",1,1,754,48,754,754,1,1,1,{1}
2013-03-24,ESSCT,Tenerife,ESCAD,Cadiz,1,1,OPDR,1,5,698,120,698,698,2,2,2,{2}
2013-03-24,ESSCT,Tenerife,ESFUE,"Puerto del Rosario",1,1,"WEC Lines",1,2,1036,250,1036,1036,1,1,1,{1}
2013-03-24,ESSCT,Tenerife,ESGIJ,Gijon,1,1,"WEC Lines",1,2,868,234,868,868,6,6,6,{6}
2013-03-24,ESSCT,Tenerife,ESLPA,"Las Palmas, Can Is",4,4,"Boluda Lines; OPDR; Yaiza Shipping",3,9,2972.5,485,422,1061,1,1,1,"{1,1,1,1}"
2013-03-24,ESSCT,Tenerife,ESSPC,"Santa Cruz de la Palma",1,1,"Boluda Lines; OPDR",2,2,1267,170,1267,1267,1,1,1,{1}
2013-03-24,ESSPC,"Santa Cruz de la Palma",ESALC,Alicante,1,1,"Boluda Lines; OPDR",2,2,1267,170,1267,1267,5,5,5,{5}
2013-03-24,ESSVQ,Seville,ESLPA,"Las Palmas, Can Is",1,1,"Boluda Lines",1,1,804,,804,804,3,3,3,{3}
2013-03-24,ESSVQ,Seville,ESSCT,Tenerife,3,3,"Boluda Lines; OPDR",2,7,1874,188,422,754,2,3,4,"{2,4,3}"
2013-03-24,ESTAR,Tarragona,CAHAL,Halifax,1,1,"COSCO; CSCL; Hapag-Lloyd; ZIM",4,6,4251.83333333333,403.333333333333,4250,4255,5,5,5,{5}
2013-03-24,ESTAR,Tarragona,ESBCN,Barcelona,1,1,"WEC Lines",1,2,1036,250,1036,1036,1,1,1,{1}
2013-03-24,ESTAR,Tarragona,ILASH,Ashdod,1,1,"COSCO; CSCL; Hapag-Lloyd; ZIM",4,6,4251.83333333333,403.333333333333,4250,4255,6,6,6,{6}
2013-03-24,ESTAR,Tarragona,NGTIN,"Lagos, Tin Can",1,1,"COSCO; ZIM",2,3,3652,680,1678,1900,11,11,11,{11}
2013-03-24,ESVGO,Vigo,BEANR,Antwerp,1,1,MSC,1,3,1696.66666666667,226.333333333333,1384,2061,4,4,4,{4}
2013-03-24,ESVGO,Vigo,PTLEI,Leixoes,4,3,"Hapag-Lloyd; Maersk Line; MSC; OPDR; Safmarine; X-Press",6,24,8235.33333333333,1039.22222222222,698,2061,0,1,1,"{1,0,1,1}"
2013-03-24,ESVGO,Vigo,PTSIE,Sines,1,1,"WEC Lines",1,2,868,234,868,868,1,1,1,{1}
2013-03-24,ESVIL,Vilagarcia,PTLIS,Lisbon,1,1,"Boluda Lines",1,2,1048.5,165,1036,1061,1,1,1,{1}
2013-03-24,ESVLC,Valencia,BRSUA,Suape,1,1,"Alianca; CMA CGM; CSAV; Hamburg Sud; Libra-Montemar; Maersk Line; MSC; Niver Lines; Safmarine; ZIM",10,8,5672.25,753.75,5550,5905,9,9,9,{9}
2013-03-24,ESVLC,Valencia,COCTG,Cartagena,2,2,"Alianca; CCNI; CSAV; Hamburg Sud; Hapag-Lloyd; Libra-Montemar",6,16,6499.85714285714,987.337662337662,1726,2872,10,11,12,"{12,10}"
2013-03-24,ESVLC,Valencia,CYLMS,Limassol,1,1,MSC,1,5,3331.2,287,1074,4038,6,6,6,{6}
2013-03-24,ESVLC,Valencia,EGDAM,Damietta,1,1,"APL; Hapag-Lloyd; Hyundai; MOL; NYK; OOCL",6,10,7161.2,591,6724,9100,7,7,7,{7}
2013-03-24,ESVLC,Valencia,EGPSD,"Port Said",1,1,"CSCL; UASC; Yang Ming",3,10,6401.2,481.6,5500,8530,6,6,6,{6}
2013-03-24,ESVLC,Valencia,ESALC,Alicante,1,1,"Boluda Lines; OPDR",2,2,1267,170,1267,1267,1,1,1,{1}
2013-03-24,ESVLC,Valencia,ESALG,Algeciras,3,3,"Hanjin Shipping; Hapag-Lloyd; K Line; Maersk Line; MSC; OPDR; Safmarine; UASC; X-Press; Yang Ming",10,19,12121.5333333333,1345.8,698,8800,1,2,5,"{2,1,5}"
2013-03-24,ESVLC,Valencia,ESBCN,Barcelona,1,1,"ANL; CMA CGM; Delmas; Maersk Line; MCC; Safmarine",6,11,12602.8181818182,790.909090909091,9415,13092,1,1,1,{1}
2013-03-24,ESVLC,Valencia,ESCAD,Cadiz,1,1,MSC,1,3,1696.66666666667,226.333333333333,1384,2061,2,2,2,{2}
2013-03-24,ESVLC,Valencia,ESLPA,"Las Palmas, Can Is",2,2,"MSC; WEC Lines",2,8,4047.66666666667,397.166666666667,1036,3424,3,3.5,4,"{4,3}"
2013-03-24,ESVLC,Valencia,FRFOS,"Marseilles-Fos (Fos)",1,1,MSC,1,13,3609.07692307692,262.538461538462,2680,5029,2,2,2,{2}
2013-03-24,ESVLC,Valencia,GBFXT,Felixstowe,2,2,"Alianca; Hamburg Sud; Maersk Line; MSC; Seago Line; ZIM",6,10,10153.2,1158,4504,5800,4,5,6,"{4,6}"
2013-03-24,ESVLC,Valencia,GRPIR,Piraeus,2,2,"Alianca; COSCO; CSCL; Evergreen Line; Hamburg Sud; Hanjin Shipping; K Line; Maersk Line; Seago Line; Yang Ming",10,15,9953.7,1146.2,3398,10050,4,4.5,5,"{4,5}"
2013-03-24,ESVLC,Valencia,ITCAG,Cagliari,2,2,"Alianca; Hamburg Sud; Hanjin Shipping; Hapag-Lloyd",4,16,5400,675.109090909091,2300,3032,2,2,2,"{2,2}"
2013-03-24,ESVLC,Valencia,ITGIT,"Gioia Tauro",3,3,"Alianca; CMA CGM; CSAV; Hamburg Sud; Libra-Montemar; Maersk Line; MSC; Niver Lines; Safmarine; ZIM",10,27,22889.6730769231,2170.32692307692,3922,14000,2,3,3,"{2,3,3}"
2013-03-24,ESVLC,Valencia,ITGOA,Genoa,1,1,"Hanjin Shipping; K Line; UASC; Yang Ming",4,10,3920.7,355.8,3802,4545,1,1,1,{1}
2013-03-24,ESVLC,Valencia,ITLIV,Leghorn,1,1,Marguisa,1,2,4474.28571428571,771.428571428571,1740,1740,3,3,3,{3}
2013-03-24,ESVLC,Valencia,ITSAL,Salerno,1,1,"CCNI; CSAV; Libra-Montemar",3,5,3702.85714285714,471.428571428571,1726,1730,5,5,5,{5}
2013-03-24,ESVLC,Valencia,ITSPE,"La Spezia",1,1,MSC,1,13,12426.9230769231,923.076923076923,13050,14000,4,4,4,{4}
2013-03-24,ESVLC,Valencia,MAPTM,Tanger,3,3,"CMA CGM; Delmas; Hapag-Lloyd; Maersk Line; Marfret; MOL; Safmarine",7,15,8299.2380952381,1154.97619047619,1709,5060,1,2,2,"{2,1,2}"
2013-03-24,ESVLC,Valencia,MYPKG,"Port Klang",1,1,"CMA CGM; MSC",2,11,10783.4545454545,709.090909090909,12400,14000,20,20,20,{20}
2013-03-24,ESVLC,Valencia,NLRTM,Rotterdam,1,1,"CSAV; MSC; WEC Lines",3,7,7387.14285714286,702.571428571429,5762,8800,4,4,4,{4}
2013-03-24,ESVLC,Valencia,PTLIS,Lisbon,1,1,"Melfi Marine",1,3,3108.57142857143,557.142857142857,1296,1604,3,3,3,{3}
2013-03-24,ESVLC,Valencia,PTSIE,Sines,4,4,MSC,1,27,18642.2428571429,1682.97857142857,2668,5919,2,2,2,"{2,2,2,2}"
2013-03-24,ESVLC,Valencia,USSAV,"Savannah GA",1,1,"Alianca; CCNI; CMA CGM; CSAV; Hamburg Sud; Hapag-Lloyd; Maersk Line",7,7,3248.28571428571,206.428571428571,2982,3426,11,11,11,{11}
2013-03-24,FJLTK,Lautoka,NCNOU,Noumea,1,1,"ANL; CMA CGM; Delmas; Marfret; USL-US Lines",5,6,4809.33333333333,960.666666666667,2262,2556,2,2,2,{2}
2013-03-24,FJSUV,Suva,NZAKL,Auckland,1,1,"ANL; CMA CGM; Delmas; OOCL",4,7,1992.42857142857,371.142857142857,1740,2758,4,4,4,{4}
2013-03-24,FJSUV,Suva,NZMAP,"Marsden Point",1,1,"Swire Shipping",1,2,6171.42857142857,714.285714285714,1728,1728,2,2,2,{2}
2013-03-24,FRDKK,Dunkirk,BEANR,Antwerp,1,1,"CMA CGM; Delmas",2,6,2570.33333333333,436.666666666667,2466,2674,1,1,1,{1}
2013-03-24,FRDKK,Dunkirk,FRLEH,"Le Havre",2,2,"ANL; CMA CGM; Delmas; Marfret; OOCL; USL-US Lines",6,14,10528.5833333333,1476.66666666667,2262,5770,1,1,1,"{1,1}"
2013-03-24,FRDKK,Dunkirk,FRURO,Rouen,2,2,"CMA CGM; Delmas; Maersk Line; Marfret; OPDR; WEC Lines",6,6,3504.85714285714,796.928571428571,868,2700,1,1.5,2,"{1,2}"
2013-03-24,FRDKK,Dunkirk,GBFXT,Felixstowe,1,1,"CMA CGM; MSC",2,11,10783.4545454545,709.090909090909,12400,14000,2,2,2,{2}
2013-03-24,FRFOS,"Marseilles-Fos (Fos)",EGPSD,"Port Said",1,1,"COSCO; Evergreen Line; Hanjin Shipping; K Line; Yang Ming",5,10,7444.6,666.2,8120,8930,8,8,8,{8}
2013-03-24,FRFOS,"Marseilles-Fos (Fos)",ESALG,Algeciras,1,1,"Hanjin Shipping; Hapag-Lloyd",2,5,2603,159.2,2300,3032,3,3,3,{3}
2013-03-24,FRFOS,"Marseilles-Fos (Fos)",ESBCN,Barcelona,7,7,"Alianca; APL; CMA CGM; CSAV; CSCL; Delmas; Hamburg Sud; Hapag-Lloyd; Hyundai; Libra-Montemar; Maersk Line; Marfret; MOL; MSC; Niver Lines; NYK; OOCL; Safmarine; UASC; Yang Ming; ZIM",21,64,41745.2397435897,4243.16934731935,2550,14000,0,1,2,"{0,1,1,1,2,1,1}"
2013-03-24,FRFOS,"Marseilles-Fos (Fos)",ESVLC,Valencia,1,1,MSC,1,6,3011.66666666667,147.166666666667,2591,3424,3,3,3,{3}
2013-03-24,FRFOS,"Marseilles-Fos (Fos)",ITSPE,"La Spezia",1,1,MSC,1,13,3609.07692307692,262.538461538462,2680,5029,1,1,1,{1}
2013-03-24,FRFOS,"Marseilles-Fos (Fos)",MTMAR,"Malta (Marsaxlokk)",1,1,"ANL; CMA CGM; Delmas; Maersk Line; MCC; Safmarine",6,11,12602.8181818182,790.909090909091,9415,13092,7,7,7,{7}
2013-03-24,FRLEH,"Le Havre",BEANR,Antwerp,1,1,"CMA CGM; CSAV; Delmas; OOCL",4,6,3606.33333333333,500,3426,4132,2,2,2,{2}
2013-03-24,FRLEH,"Le Havre",BRSPB,Sepetiba,1,1,"Alianca; CMA CGM; CSAV; Hamburg Sud; Hapag-Lloyd; Maersk Line; MSC",7,7,7128,1566.42857142857,7090,7154,14,14,14,{14}
2013-03-24,FRLEH,"Le Havre",DEHAM,Hamburg,1,1,"ANL; CMA CGM; CSCL; Delmas; Evergreen Line; MSC; UASC",7,12,11245.3333333333,766.666666666667,10960,11388,2,2,2,{2}
2013-03-24,FRLEH,"Le Havre",EGPSD,"Port Said",1,1,"ANL; CMA CGM; Delmas; OOCL",4,8,5719.25,516,5700,5770,10,10,10,{10}
2013-03-24,FRLEH,"Le Havre",ESALG,Algeciras,2,2,"CMA CGM; COSCO; Delmas; Evergreen Line; Hanjin Shipping; K Line; UASC; Yang Ming",8,18,13288.9350649351,1177.61038961039,1550,13102,4,4.5,5,"{5,4}"
2013-03-24,FRLEH,"Le Havre",ESLPA,"Las Palmas, Can Is",1,1,"CSAV; Hapag-Lloyd; MSC; Stinnes",4,16,7073,554,2900,12552,4,4,4,{4}
2013-03-24,FRLEH,"Le Havre",FRMTX,Montoir,2,2,"CMA CGM; Delmas; Maersk Line; Marfret; WEC Lines",5,10,4940.33333333333,974.166666666667,2260,2700,2,2,2,"{2,2}"
2013-03-24,FRLEH,"Le Havre",GBFXT,Felixstowe,1,1,"Hapag-Lloyd; MSC",2,4,4041.25,275,3301,4392,1,1,1,{1}
2013-03-24,FRLEH,"Le Havre",GBLIV,Liverpool,1,1,"Hapag-Lloyd; MSC; OOCL",3,4,3503,262,2808,4340,1,1,1,{1}
2013-03-24,FRLEH,"Le Havre",GBSOU,Southampton,2,2,"ACL-Atlantic Container Line; Alianca; APL; Hamburg Sud; Hapag-Lloyd; Hyundai; MOL; NYK; OOCL; ZIM",10,15,18476.5681818182,1260.47727272727,5006,14000,0,0.5,1,"{1,0}"
2013-03-24,FRLEH,"Le Havre",ILASH,Ashdod,1,1,"MSC; ZIM",2,5,5649.2,458,5527,5800,8,8,8,{8}
2013-03-24,FRLEH,"Le Havre",ITGOA,Genoa,1,1,"ANL; CMA CGM; Hapag-Lloyd",3,13,4271.69230769231,392.615384615385,4250,4308,7,7,7,{7}
2013-03-24,FRLEH,"Le Havre",JMKIN,Kingston,2,2,"Alianca; CMA CGM; CSAV; Hamburg Sud; Hapag-Lloyd",5,14,5236,1070.33333333333,1740,3739,11,11,11,"{11,11}"
2013-03-24,FRLEH,"Le Havre",MAPTM,Tanger,1,1,"Hapag-Lloyd; Maersk Line; MCC; NYK; OOCL; Safmarine",6,16,9490.625,725,9030,9700,3,3,3,{3}
2013-03-24,FRLEH,"Le Havre",MTMAR,"Malta (Marsaxlokk)",1,1,"ANL; CMA CGM; Delmas; FESCO; MSC; UASC",6,11,12211.6363636364,763.636363636364,11388,16000,6,6,6,{6}
2013-03-24,FRLEH,"Le Havre",MXVER,Veracruz,1,1,"ACL-Atlantic Container Line; Hapag-Lloyd; OOCL",3,6,3042.83333333333,223,2803,3607,13,13,13,{13}
2013-03-24,FRLEH,"Le Havre",NLRTM,Rotterdam,4,4,"Alianca; ANL; CMA CGM; COSCO; CSAV; CSCL; Delmas; Evergreen Line; Hamburg Sud; Hapag-Lloyd; Libra-Montemar; Maersk Line; MCC; MSC; UASC; Yang Ming",16,39,35624.8077922078,3005.98701298701,4043,14074,1,2,3,"{2,2,3,1}"
2013-03-24,FRLEH,"Le Havre",PTLEI,Leixoes,1,1,NileDutch,1,5,3586.28571428571,560,2472,2600,3,3,3,{3}
2013-03-24,FRLEH,"Le Havre",PTSIE,Sines,2,2,"CMA CGM; CSAV; Hapag-Lloyd; Libra-Montemar; Maersk Line; MSC; Safmarine",7,13,9455.66666666667,789.047619047619,2480,6750,3,3.5,4,"{4,3}"
2013-03-24,FRLEH,"Le Havre",SGSIN,Singapore,1,1,"APL; Hapag-Lloyd; Hyundai; MOL; NYK; OOCL",6,11,7982.54545454545,662,8100,9300,22,22,22,{22}
2013-03-24,FRLEH,"Le Havre",SXSXM,"St Maarten-Philipsburg",1,1,"CMA CGM; Delmas; Marfret",3,6,1678,240,1678,1678,8,8,8,{8}
2013-03-24,FRLEH,"Le Havre",USCHS,"Charleston SC",1,1,MSC,1,7,6600,414.285714285714,6402,6750,9,9,9,{9}
2013-03-24,FRLEH,"Le Havre",USNYC,"New York NY/NJ",4,4,"ANL; APL; CMA CGM; COSCO; Delmas; Evergreen Line; Hanjin Shipping; Hyundai; K Line; Maersk Line; Marfret; MOL; MSC; USL-US Lines; Yang Ming; ZIM",16,28,18576.5641025641,2234.4358974359,2262,5100,7,7.5,9,"{8,7,7,9}"
2013-03-24,FRMTX,Montoir,FRDKK,Dunkirk,1,1,"CMA CGM; Maersk Line; Marfret; WEC Lines",4,4,2370,537.5,2260,2700,1,1,1,{1}
2013-03-24,FRMTX,Montoir,GPPTP,Pointe-a-Pitre,1,1,"CMA CGM; Maersk Line; Marfret; WEC Lines",4,4,2370,537.5,2260,2700,9,9,9,{9}
2013-03-24,FRMTX,Montoir,MAPTM,Tanger,1,1,"CMA CGM; Delmas",2,6,2570.33333333333,436.666666666667,2466,2674,4,4,4,{4}
2013-03-24,FRURO,Rouen,FRLEH,"Le Havre",2,2,"CMA CGM; Delmas; Maersk Line; Marfret; WEC Lines",5,10,4048,777.5,1678,2700,1,1,1,"{1,1}"
2013-03-24,FRURO,Rouen,MACAS,Casablanca,1,1,"CMA CGM; Delmas; OPDR",3,2,1134.85714285714,259.428571428571,868,1118,7,7,7,{7}
2013-03-24,GALBV,Libreville,CIABJ,Abidjan,1,1,"Maersk Line; Safmarine",2,7,2503.14285714286,420.571428571429,2470,2546,5,5,5,{5}
2013-03-24,GBCDF,Cardiff,GBLIV,Liverpool,1,1,"Borchard Lines Ltd",1,4,853.25,217.5,809,868,1,1,1,{1}
2013-03-24,GBFXT,Felixstowe,BEANR,Antwerp,6,6,"Alianca; COSCO; CSCL; Evergreen Line; Hamburg Sud; Hanjin Shipping; Hapag-Lloyd; K Line; Maersk Line; MSC; PIL; Safmarine; Seago Line; Yang Ming",14,40,34767.7142857143,3496.54285714286,1074,10050,0,1,2,"{1,2,1,0,1,2}"
2013-03-24,GBFXT,Felixstowe,BEZEE,Zeebrugge,2,2,"CMA CGM; CSAV Norasia; Maersk Line; MCC; MSC; WEC Lines",6,23,21460.8787878788,1735.60606060606,7226,14000,1,1,1,"{1,1}"
2013-03-24,GBFXT,Felixstowe,DEBRV,Bremerhaven,6,6,"Alianca; APL; CMA CGM; Hamburg Sud; Hapag-Lloyd; Hyundai; Maersk Line; MCC; MOL; MSC; Seago Line",11,46,31588.8807692308,2655.38827838828,3301,8750,1,2,5,"{2,2,1,5,2,1}"
2013-03-24,GBFXT,Felixstowe,DEHAM,Hamburg,6,6,"CMA CGM; COSCO; CSAV; CSAV Norasia; CSCL; Evergreen Line; Hanjin Shipping; Hapag-Lloyd; K Line; MSC; SCI-Shipping Corp. of India; Stinnes; Yang Ming; ZIM",14,57,42808.7138888889,3528.06666666667,2900,13500,1,1,2,"{1,1,1,2,1,2}"
2013-03-24,GBFXT,Felixstowe,ESVLC,Valencia,1,1,"CMA CGM; MSC",2,11,10783.4545454545,709.090909090909,12400,14000,5,5,5,{5}
2013-03-24,GBFXT,Felixstowe,FRLEH,"Le Havre",2,2,"Hapag-Lloyd; Maersk Line; MCC; MSC; NYK; OOCL; Safmarine",7,22,12744.2916666667,977.333333333333,2480,9700,1,1.5,2,"{1,2}"
2013-03-24,GBFXT,Felixstowe,NLRTM,Rotterdam,4,4,"Alianca; Hamburg Sud; Hapag-Lloyd; Maersk Line; MSC; OPDR; Seago Line; ZIM",8,20,15052,1592.2,698,5800,1,1,4,"{1,4,1,1}"
2013-03-24,GBFXT,Felixstowe,PTCNL,"Canical Madeira",1,1,OPDR,1,5,698,120,698,698,5,5,5,{5}
2013-03-24,GBFXT,Felixstowe,SAJED,Jeddah,1,1,"CSAV; MSC; WEC Lines",3,7,7387.14285714286,702.571428571429,5762,8800,12,12,12,{12}
2013-03-24,GBFXT,Felixstowe,SGSIN,Singapore,1,1,"Maersk Line; MCC",2,11,8366.18181818182,700.181818181818,8100,8750,21,21,21,{21}
2013-03-24,GBFXT,Felixstowe,USNYC,"New York NY/NJ",1,1,"APL; CMA CGM; Hyundai; Maersk Line; MOL",5,5,4259.6,618.8,4250,4298,8,8,8,{8}
2013-03-24,GBLIV,Liverpool,BEANR,Antwerp,1,1,"Hapag-Lloyd; MSC; OOCL",3,4,3503,262,2808,4340,3,3,3,{3}
2013-03-24,GBLIV,Liverpool,CAMTR,Montreal,1,1,"Hapag-Lloyd; MSC; OOCL",3,4,3503,262,2808,4340,9,9,9,{9}
2013-03-24,GBLIV,Liverpool,IEDUB,Dublin,1,1,"Borchard Lines Ltd",1,4,853.25,217.5,809,868,2,2,2,{2}
2013-03-24,GBLIV,Liverpool,USCHT,"Chester PA",1,1,ICL,1,4,2106.5,300,1574,2800,10,10,10,{10}
2013-03-24,GBPME,Portsmouth,MACAS,Casablanca,1,1,"CMA CGM; Delmas",2,2,1037.5,236,957,1118,5,5,5,{5}
2013-03-24,GBSOU,Southampton,BEANR,Antwerp,1,1,"APL; Hapag-Lloyd; Hyundai; MOL; NYK; OOCL",6,11,8042.63636363636,676.545454545455,8100,9300,1,1,1,{1}
2013-03-24,GBSOU,Southampton,BEZEE,Zeebrugge,1,1,"ANL; CMA CGM; CSCL; Delmas; Evergreen Line; MSC; UASC",7,12,11245.3333333333,766.666666666667,10960,11388,1,1,1,{1}
2013-03-24,GBSOU,Southampton,DEHAM,Hamburg,2,2,"ANL; APL; CMA CGM; Delmas; FESCO; Hapag-Lloyd; Hyundai; MOL; MSC; NYK; OOCL; UASC",12,22,25016.4545454545,1336.36363636364,10100,16000,1,2,3,"{3,1}"
2013-03-24,GBSOU,Southampton,FRLEH,"Le Havre",1,1,"APL; Hapag-Lloyd; Hyundai; MOL; NYK; OOCL",6,11,7982.54545454545,662,8100,9300,0,0,0,{0}
2013-03-24,GBSOU,Southampton,NLRTM,Rotterdam,1,1,"ANL; CMA CGM; Delmas; OOCL",4,8,5719.25,516,5700,5770,1,1,1,{1}
2013-03-24,GBSOU,Southampton,OMSLL,Salalah,1,1,"APL; Hapag-Lloyd; Hyundai; MOL; NYK; OOCL",6,11,8960.09090909091,579.090909090909,8063,10700,14,14,14,{14}
2013-03-24,GBSOU,Southampton,SGSIN,Singapore,1,1,"APL; Hapag-Lloyd; Hyundai; MOL; NYK; OOCL",6,11,9340.09090909091,691.818181818182,8063,13169,24,24,24,{24}
2013-03-24,GBSOU,Southampton,USNYC,"New York NY/NJ",1,1,"ACL-Atlantic Container Line; Alianca; Hamburg Sud; Hapag-Lloyd; NYK; OOCL; ZIM",7,4,5671.75,687.75,5006,5905,8,8,8,{8}
2013-03-24,GBTHP,Thamesport,BEANR,Antwerp,1,1,"ACL-Atlantic Container Line; Hapag-Lloyd; OOCL",3,6,3042.83333333333,223,2803,3607,1,1,1,{1}
2013-03-24,GBTHP,Thamesport,DEBRV,Bremerhaven,1,1,"ACL-Atlantic Container Line; Hapag-Lloyd; NYK; OOCL",4,5,3207.4,400,3200,3237,3,3,3,{3}
2013-03-24,GBTHP,Thamesport,DEHAM,Hamburg,1,1,"ACL-Atlantic Container Line; Hapag-Lloyd; NYK; OOCL",4,15,4706.06666666667,396.133333333333,4545,4890,2,2,2,{2}
2013-03-24,GBTHP,Thamesport,ESALG,Algeciras,1,1,"Hapag-Lloyd; MOL; ZIM",3,6,2143.5,287.833333333333,2072,2262,5,5,5,{5}
2013-03-24,GBTHP,Thamesport,GRPIR,Piraeus,1,1,"CMA CGM; Evergreen Line; Hanjin Shipping",3,10,7557.3,856,7024,8452,7,7,7,{7}
2013-03-24,GBTIL,Tilbury,BEANR,Antwerp,1,1,"Alianca; CMA CGM; Hamburg Sud; Hapag-Lloyd",4,8,4201.625,1044.75,3752,5042,1,1,1,{1}
2013-03-24,GBTIL,Tilbury,DEBRV,Bremerhaven,2,2,"CSAV; DAL-Deutsche Afrika Linien; Maersk Line; MOL; MSC; Safmarine",6,17,9610.36111111111,1676.88888888889,4045,5301,3,4,5,"{3,5}"
2013-03-24,GBTIL,Tilbury,DEHAM,Hamburg,3,3,"Alianca; ANL; CMA CGM; CSAV; Delmas; Hamburg Sud; Hapag-Lloyd; Maersk Line; MSC",9,27,13814.2637362637,2404.47252747253,1550,7154,2,2,3,"{2,3,2}"
2013-03-24,GBTIL,Tilbury,FRURO,Rouen,1,1,"CMA CGM; Delmas; Marfret",3,6,1678,240,1678,1678,2,2,2,{2}
2013-03-24,GBTIL,Tilbury,MAPTM,Tanger,1,1,"Alianca; Hamburg Sud; Hapag-Lloyd",3,8,5788.375,862.375,5527,5905,3,3,3,{3}
2013-03-24,GBTIL,Tilbury,NLRTM,Rotterdam,4,4,"ANL; Borchard Lines Ltd; CMA CGM; COSCO; Delmas; Hamburg Sud; Hanjin Shipping; Maersk Line; Marfret; MSC; Safmarine; USL-US Lines",12,23,15970.1666666667,3494.66666666667,862,8500,1,1.5,2,"{1,2,2,1}"
2013-03-24,GDSTG,"St George's",GYGEO,"Georgetown, Guyana",1,1,"SeaFreight Line; ZIM",2,5,1185.6,288,1100,1296,1,1,1,{1}
2013-03-24,GFDDC,"Degrad des Cannes",BRBEL,Belem,1,1,"CMA CGM; Delmas; Marfret",3,6,1678,240,1678,1678,2,2,2,{2}
2013-03-24,GHTEM,Tema,BJCOO,Cotonou,3,3,"COSCO; CSCL; Gold Star Line; Hapag-Lloyd; K Line; NileDutch; NYK; PIL; ZIM",9,26,7153.82467532467,1146.97402597403,1075,2758,1,1,2,"{1,1,2}"
2013-03-24,GHTEM,Tema,CIABJ,Abidjan,3,3,"Evergreen Line; Hanjin Shipping; Hapag-Lloyd; MOL; MSC; UASC; ZIM",7,16,8504.91666666667,802.666666666667,2072,3681,1,1,2,"{1,2,1}"
2013-03-24,GHTEM,Tema,ESALG,Algeciras,1,1,MOL,1,2,3087,749,1347,1740,8,8,8,{8}
2013-03-24,GHTEM,Tema,GHTKD,Takoradi,1,1,"COSCO; ZIM",2,3,3652,680,1678,1900,1,1,1,{1}
2013-03-24,GHTEM,Tema,NGAPP,Apapa,1,1,"CMA CGM; Delmas",2,7,2414.57142857143,445.428571428571,1550,2826,2,2,2,{2}
2013-03-24,GHTEM,Tema,NGONN,Onne,1,1,"Maersk Line; Safmarine",2,6,2513,377.333333333333,2456,2578,5,5,5,{5}
2013-03-24,GHTEM,Tema,NGTIN,"Lagos, Tin Can",3,3,"CMA CGM; Delmas; MSC",3,19,8679.90476190476,844.928571428571,1550,3424,0,2,2,"{2,2,0}"
2013-03-24,GHTEM,Tema,ZACPT,"Cape Town",1,1,"CMA CGM; Maersk Line; MCC; Safmarine",4,10,3918.5,165,3600,4496,10,10,10,{10}
2013-03-24,GHTKD,Takoradi,CIABJ,Abidjan,2,2,"CMA CGM; COSCO; Delmas; ZIM",4,10,6066.57142857143,1125.42857142857,1550,2826,1,1.5,2,"{2,1}"
2013-03-24,GHTKD,Takoradi,CISPY,"San Pedro, Ivory Coast",1,1,"Maersk Line; Safmarine",2,6,2513,377.333333333333,2456,2578,3,3,3,{3}
2013-03-24,GIGIB,Gibraltar,GBFXT,Felixstowe,1,1,OPDR,1,5,698,120,698,698,3,3,3,{3}
2013-03-24,GMBJL,Banjul,MAPTM,Tanger,2,2,"CMA CGM; Delmas; Maersk Line; Safmarine",4,7,2714.5,285.166666666667,1512,1708,7,9.5,12,"{7,12}"
2013-03-24,GNCKY,Conakry,ESALG,Algeciras,1,1,"Maersk Line; Safmarine",2,4,2398.5,410.5,2072,2566,16,16,16,{16}
2013-03-24,GNCKY,Conakry,MAPTM,Tanger,1,1,"Maersk Line; Safmarine",2,7,2503.14285714286,420.571428571429,2470,2546,8,8,8,{8}
2013-03-24,GNCKY,Conakry,SLFNA,Freetown,1,1,"CMA CGM; Delmas",2,4,1578.5,150.5,1512,1684,1,1,1,{1}
2013-03-24,GPPTP,Pointe-a-Pitre,ESALG,Algeciras,1,1,"CMA CGM; Delmas; Marfret",3,6,2667.5,512.833333333333,2550,2790,7,7,7,{7}
2013-03-24,GPPTP,Pointe-a-Pitre,FRMTX,Montoir,1,1,"CMA CGM; Maersk Line; Marfret; WEC Lines",4,4,2370,537.5,2260,2700,8,8,8,{8}
2013-03-24,GPPTP,Pointe-a-Pitre,MQFDF,Fort-de-France,2,2,"CMA CGM; Delmas; Maersk Line; Marfret; WEC Lines",5,10,5037.5,1050.33333333333,2260,2790,1,1.5,2,"{2,1}"
2013-03-24,GPPTP,Pointe-a-Pitre,TTPOS,"Port of Spain",1,1,"CMA CGM; Delmas",2,1,2010,360,670,670,1,1,1,{1}
2013-03-24,GPPTP,Pointe-a-Pitre,USNYC,"New York NY/NJ",1,1,"CMA CGM",1,3,1251.66666666667,353,1118,1341,5,5,5,{5}
2013-03-24,GQBSG,Bata,GQSSG,Malabo,1,1,Marguisa,1,2,4474.28571428571,771.428571428571,1740,1740,3,3,3,{3}
2013-03-24,GQSSG,Malabo,ESVLC,Valencia,1,1,Marguisa,1,2,4474.28571428571,771.428571428571,1740,1740,13,13,13,{13}
2013-03-24,GRPIR,Piraeus,CYLMS,Limassol,1,1,"Borchard Lines Ltd",1,4,853.25,217.5,809,868,2,2,2,{2}
2013-03-24,GRPIR,Piraeus,ESVLC,Valencia,1,1,MSC,1,13,3609.07692307692,262.538461538462,2680,5029,4,4,4,{4}
2013-03-24,GRPIR,Piraeus,GBFXT,Felixstowe,1,1,"Hapag-Lloyd; MSC",2,4,3794,346,3200,4425,7,7,7,{7}
2013-03-24,GRPIR,Piraeus,GRSKG,Thessaloniki,1,1,"Hapag-Lloyd; MSC",2,4,3794,346,3200,4425,1,1,1,{1}
2013-03-24,GRPIR,Piraeus,ITGOA,Genoa,1,1,"COSCO; CSCL; Hapag-Lloyd; ZIM",4,6,4251.83333333333,403.333333333333,4250,4255,3,3,3,{3}
2013-03-24,GRPIR,Piraeus,ITSPE,"La Spezia",1,1,"COSCO; CSCL; Evergreen Line; Hanjin Shipping; K Line; Yang Ming",6,10,5449.7,446.2,3398,10050,3,3,3,{3}
2013-03-24,GRPIR,Piraeus,LKCMB,Colombo,1,1,"CMA CGM; Evergreen Line; Hanjin Shipping",3,10,7557.3,856,7024,8452,11,11,11,{11}
2013-03-24,GRPIR,Piraeus,NLRTM,Rotterdam,1,1,"CMA CGM; Evergreen Line; Hanjin Shipping",3,10,7557.3,856,7024,8452,8,8,8,{8}
2013-03-24,GRPIR,Piraeus,SAJED,Jeddah,1,1,"CSAV Norasia; MSC",2,11,12013.4545454545,945.454545454545,12400,14000,5,5,5,{5}
2013-03-24,GRPIR,Piraeus,SGSIN,Singapore,1,1,"COSCO; CSCL; Evergreen Line; Hanjin Shipping; K Line; Yang Ming",6,10,5449.7,446.2,3398,10050,17,17,17,{17}
2013-03-24,GRPIR,Piraeus,TRAMB,"Istanbul (Ambarli)",1,1,"COSCO; CSCL; Hanjin Shipping; K Line; Wan Hai; Yang Ming; ZIM",7,8,5425.125,523.75,4250,5688,1,1,1,{1}
2013-03-24,GRPIR,Piraeus,TRIZT,Izmit,1,1,"Alianca; Hamburg Sud; Maersk Line; Seago Line",4,5,4504,700,4504,4504,3,3,3,{3}
2013-03-24,GRSKG,Thessaloniki,TRIZM,Izmir,1,1,"Hapag-Lloyd; MSC",2,4,3794,346,3200,4425,0,0,0,{0}
2013-03-24,GTPBR,"Puerto Barrios",HNPCR,"Puerto Cortes",4,4,"APL; Dole; Great White Fleet; MSC",4,6,6045.5,1343,584,2490,1,1,2,"{1,1,2,1}"
2013-03-24,GTPBR,"Puerto Barrios",USFPO,"Freeport TX",1,1,Dole,1,1,1157,250,1157,1157,3,3,3,{3}
2013-03-24,GTPRQ,"Puerto Quetzal",MXLZC,"Lazaro Cardenas",3,3,"APL; CMA CGM; CSAV; Maersk Line; MOL",5,9,5197.08333333333,1011.41666666667,1296,2556,2,2,2,"{2,2,2}"
2013-03-24,GTPRQ,"Puerto Quetzal",MXZLO,"Manzanillo, MEX",2,2,"Alianca; Evergreen Line; Hamburg Sud; Hapag-Lloyd; NYK; X-Press",6,6,3424,602,862,2664,2,2.5,3,"{2,3}"
2013-03-24,GTPRQ,"Puerto Quetzal",SVAQJ,Acajutla,5,5,"Alianca; APL; CMA CGM; CSAV; Evergreen Line; Hamburg Sud; Hapag-Lloyd; Maersk Line; MOL; NYK; X-Press",11,15,8621.08333333333,1613.41666666667,862,2664,1,1,2,"{1,1,1,1,2}"
2013-03-24,GTPRQ,"Puerto Quetzal",USNTD,"Port Hueneme CA",1,1,"Great White Fleet; Hamburg Sud",2,5,2598.57142857143,667.142857142857,1819,1819,6,6,6,{6}
2013-03-24,GTPRQ,"Puerto Quetzal",USSAN,"San Diego CA",1,1,Dole,1,3,896.666666666667,445,890,910,5,5,5,{5}
2013-03-24,GTSTC,"Santo Tomas de Castilla",HNPCR,"Puerto Cortes",7,7,"CMA CGM; Crowley; CSAV; Hapag-Lloyd; Maersk Line; Seaboard Marine",6,16,9097.5,1768.33333333333,960,2546,1,1,1,"{1,1,1,1,1,1,1}"
2013-03-24,GTSTC,"Santo Tomas de Castilla",USGPT,"Gulfport MS",1,1,Crowley,1,1,972,170,972,972,3,3,3,{3}
2013-03-24,GTSTC,"Santo Tomas de Castilla",USHOU,"Houston TX",2,2,"Seaboard Marine",1,4,2635.33333333333,498,1114,1718,3,3.5,4,"{3,4}"
2013-03-24,GTSTC,"Santo Tomas de Castilla",USMIA,"Miami FL",3,3,"Crowley; Evergreen Line; Maersk Line; Seaboard Marine",4,4,3107,522.5,972,1205,3,3,4,"{3,3,4}"
2013-03-24,GTSTC,"Santo Tomas de Castilla",USPEF,"Port Everglades FL",1,1,"King Ocean",1,1,584,140,584,584,3,3,3,{3}
2013-03-24,GUGUM,Guam,CNXMN,Xiamen,1,1,Matson,1,5,2715.8,300,2019,2890,5,5,5,{5}
2013-03-24,GWOXB,Bissau,MRNDB,Nouadhibou,1,1,"Maersk Line; Safmarine",2,2,2989.28571428571,357.428571428571,1000,1325,1,1,1,{1}
2013-03-24,GWOXB,Bissau,PTLEI,Leixoes,1,1,Transinsular,1,2,2363.57142857143,377.142857142857,1061,1145,7,7,7,{7}
2013-03-24,GYGEO,"Georgetown, Guyana",JMKIN,Kingston,1,1,"Seaboard Marine",1,3,657,116,657,657,7,7,7,{7}
2013-03-24,GYGEO,"Georgetown, Guyana",USPEF,"Port Everglades FL",1,1,"SeaFreight Line; ZIM",2,5,1185.6,288,1100,1296,1,1,1,{1}
2013-03-24,HKHKG,"Hong Kong",AUBNE,Brisbane,1,1,"Alianca; COSCO; Hamburg Sud; Hapag-Lloyd; MOL; NYK",6,6,3884.66666666667,626.333333333333,3534,4298,10,10,10,{10}
2013-03-24,HKHKG,"Hong Kong",AUSYD,Sydney,2,2,"ANL; COSCO; CSCL; Gold Star Line; K Line; NYK; OOCL; PIL; ZIM",9,11,5978.73333333333,480,3764,4578,9,9.5,10,"{9,10}"
2013-03-24,HKHKG,"Hong Kong",BNMUA,"Muara Port",2,2,MELL,1,3,5462,1036,1114,1740,2,3,4,"{4,2}"
2013-03-24,HKHKG,"Hong Kong",CNCWN,Chiwan,12,12,"ANL; APL; CMA CGM; CSAV; CSAV Norasia; CSCL; Delmas; Emirates Shipping; FESCO; Hapag-Lloyd; Libra-Montemar; MOL; MSC; OOCL; Stinnes; UASC; USL-US Lines",17,108,71568.1289210789,6336.00765900766,1440,16000,0,1,1,"{1,0,1,1,1,1,1,0,0,1,0,1}"
2013-03-24,HKHKG,"Hong Kong",CNDCB,"Da Chan Bay",2,2,"Hapag-Lloyd; K Line; MCC; MOL; NYK; OOCL",6,12,7108.90909090909,831.181818181818,2078,6500,1,1,1,"{1,1}"
2013-03-24,HKHKG,"Hong Kong",CNDLC,Dalian,1,1,MSC,1,13,12426.9230769231,923.076923076923,13050,14000,4,4,4,{4}
2013-03-24,HKHKG,"Hong Kong",CNNGB,Ningbo,7,7,"CMA CGM; COSCO; CSAV; Evergreen Line; Gold Star Line; Hanjin Shipping; K Line; KMTC; Libra-Montemar; MCC; MSC; NYK; PanOcean; PIL; Wan Hai; X-Press; Yang Ming",17,58,35141.4641025641,3187.55128205128,1169,9200,2,3,6,"{6,3,2,3,2,2,3}"
2013-03-24,HKHKG,"Hong Kong",CNNSA,Nansha,6,6,"Alianca; ANL; APL; CMA CGM; COSCO; CSAV; CSCL; Evergreen Line; Hamburg Sud; Hanjin Shipping; K Line; Libra-Montemar; Maersk Line; MCC; PIL; Safmarine; Wan Hai; Yang Ming",18,50,24155.8666666667,2134.75833333333,1618,10050,0,1,1,"{0,1,1,1,1,1}"
2013-03-24,HKHKG,"Hong Kong",CNSHA,Shanghai,17,17,"Alianca; ANL; APL; CMA CGM; COSCO; CSAV; CSCL; Evergreen Line; Gold Star Line; Hamburg Sud; Hanjin Shipping; Heung-A; Hyundai; K Line; Libra-Montemar; Maersk Line; MCC; MOL; OOCL; PanOcean; PIL; RCL; Safmarine; Sinokor; Sinotrans; SITC Shipping; TS Lines; Wan Hai; X-Press; Yang Ming; ZIM",31,119,68597.0141053391,6418.75887445887,907,9954,2,3,5,"{3,4,3,3,4,5,3,3,3,4,2,2,3,3,3,4,5}"
2013-03-24,HKHKG,"Hong Kong",CNSHK,Shekou,36,34,"Alianca; CCNI; CMA CGM; CNC Line-Cheng Lie Navigation Co. Ltd.; COSCO; CSCL; Evergreen Line; Hamburg Sud; Hanjin Shipping; Hapag-Lloyd; Heung-A; Hyundai; IAL-Interasia Lines; K Line; KMTC; MCC; MELL; MOL; Namsung; NYK; OOCL; PanOcean; PIL; RCL; Sinokor; Sinotrans; SITC Shipping; TS Lines; Wan Hai; X-Press; Yang Ming; ZIM",32,151,91703.1416666667,10638.0119047619,650,8600,0,1,1,"{0,0,1,1,1,1,1,1,0,0,0,1,1,1,1,0,1,1,1,0,0,0,1,1,1,0,1,1,1,0,1,1,1,1,0,0}"
2013-03-24,HKHKG,"Hong Kong",CNSWA,Shantou,2,2,"COSCO; MSC",2,6,3012.25,331.5,1378,2810,1,1,1,"{1,1}"
2013-03-24,HKHKG,"Hong Kong",CNTAO,Qingdao,2,2,"CNC Line-Cheng Lie Navigation Co. Ltd.; COSCO; CSCL; Evergreen Line; Hanjin Shipping; K Line; Yang Ming",7,14,8424.7,1010.7,2824,10050,4,4.5,5,"{5,4}"
2013-03-24,HKHKG,"Hong Kong",CNTXG,Xingang/Tianjin,6,6,"Alianca; APL; CMA CGM; CNC Line-Cheng Lie Navigation Co. Ltd.; COSCO; CSAV Norasia; CSCL; Emirates Shipping; Evergreen Line; Hamburg Sud; Hanjin Shipping; Hapag-Lloyd; K Line; MOL; MSC; OOCL; TS Lines; UASC; WEC Lines; Yang Ming",20,55,45669.0097902098,3808.57156177156,1702,14000,4,5,7,"{7,5,4,4,5,6}"
2013-03-24,HKHKG,"Hong Kong",CNXMN,Xiamen,9,9,"APL; CK Line; CMA CGM; CNC Line-Cheng Lie Navigation Co. Ltd.; Evergreen Line; Hamburg Sud; Hapag-Lloyd; Heung-A; Hyundai; KMTC; Maersk Line; MOL; MSC; OOCL; PanOcean; PIL; TS Lines; USL-US Lines; Yang Ming",19,37,26557.7976190476,2884.80952380952,1440,8819,0,1,2,"{1,1,1,0,1,1,2,1,1}"
2013-03-24,HKHKG,"Hong Kong",CNYTN,Yantian,37,33,"Alianca; ANL; APL; CMA CGM; CNC Line-Cheng Lie Navigation Co. Ltd.; COSCO; CSCL; Evergreen Line; Gold Star Line; Hamburg Sud; Hanjin Shipping; Hapag-Lloyd; Hyundai; K Line; Maersk Line; MCC; MOL; MSC; NYK; OOCL; PIL; UASC; USL-US Lines; Wan Hai; Yang Ming; ZIM",26,313,207276.971930847,18335.7206626707,1118,14074,0,1,2,"{0,1,0,0,1,1,1,0,0,0,0,1,1,0,0,1,1,1,1,1,0,1,1,0,1,1,0,1,0,1,1,0,1,1,0,1,2}"
2013-03-24,HKHKG,"Hong Kong",DEHAM,Hamburg,1,1,"COSCO; Evergreen Line; Hanjin Shipping; K Line; PIL; Yang Ming",6,10,8526.4,696.2,8200,10050,24,24,24,{24}
2013-03-24,HKHKG,"Hong Kong",IDJKT,"Jakarta, Java",4,4,"CNC Line-Cheng Lie Navigation Co. Ltd.; Evergreen Line; Hanjin Shipping; Heung-A; KMTC; PanOcean; Sinokor; Sinotrans; TS Lines; Yang Ming",10,13,7880.66666666667,1187.83333333333,1432,3426,5,5,8,"{8,5,5,5}"
2013-03-24,HKHKG,"Hong Kong",JPOSA,Osaka,2,2,"APL; IAL-Interasia Lines; MOL; OOCL; Wan Hai",5,8,8734.75,800,4250,4583,3,3,3,"{3,3}"
2013-03-24,HKHKG,"Hong Kong",JPTYO,Tokyo,7,7,"Evergreen Line; Hanjin Shipping; Hapag-Lloyd; IAL-Interasia Lines; K Line; MELL; MOL; NYK; OOCL; RCL; TS Lines; Wan Hai",12,23,18942.6666666667,2095,1024,5100,3,4,7,"{4,4,4,4,7,3,4}"
2013-03-24,HKHKG,"Hong Kong",JPUKB,Kobe,3,3,"APL; Evergreen Line; Hapag-Lloyd; Hyundai; IAL-Interasia Lines; MOL; NYK; OOCL; Wan Hai",9,16,10640.5454545455,832,1040,9300,3,4,4,"{3,4,4}"
2013-03-24,HKHKG,"Hong Kong",KRICH,Inchon,2,2,"Gold Star Line; KMTC; MCC; PanOcean; Sinokor",5,6,2643.75,221,1050,1740,3,3,3,"{3,3}"
2013-03-24,HKHKG,"Hong Kong",KRKAN,Gwangyang,5,5,"CMA CGM; Emirates Shipping; Evergreen Line; Hanjin Shipping; Heung-A; Hyundai; Maersk Line; MCC; NYK; PanOcean; Sinokor",11,29,25816.0333333333,2364.46666666667,1512,15550,3,3,5,"{5,3,3,3,4}"
2013-03-24,HKHKG,"Hong Kong",KRPUS,Busan,9,9,"Alianca; ANL; APL; CCNI; CK Line; CMA CGM; CSAV; CSCL; Hamburg Sud; Hanjin Shipping; Hapag-Lloyd; Heung-A; Hyundai; K Line; Libra-Montemar; Maersk Line; MCC; MOL; MSC; Namsung; NYK; OOCL; PIL; Safmarine; ZIM",25,76,34553.0636363636,4851.0303030303,1005,9100,2,3,4,"{2,4,2,2,2,3,3,3,4}"
2013-03-24,HKHKG,"Hong Kong",KRUSN,Ulsan,1,1,"Hanjin Shipping; Hyundai; KMTC",3,3,1890,254.666666666667,1860,1950,3,3,3,{3}
2013-03-24,HKHKG,"Hong Kong",MYPKG,"Port Klang",2,2,"ANL; CMA CGM; CSAV; CSCL; Heung-A; Libra-Montemar; MSC; PanOcean; TS Lines; X-Press",10,15,9075.95454545454,1190,2741,6712,4,4,4,"{4,4}"
2013-03-24,HKHKG,"Hong Kong",MYTPP,"Tanjung Pelepas",3,3,"Alianca; CMA CGM; Delmas; Hamburg Sud; Maersk Line; MCC; MOL; NYK; Safmarine",9,27,15880.5333333333,2436.96666666667,2824,8500,3,3,4,"{3,4,3}"
2013-03-24,HKHKG,"Hong Kong",PAMIT,Manzanillo,1,1,"Hapag-Lloyd; NYK; OOCL; ZIM",4,10,4883.5,445.2,4626,5060,22,22,22,{22}
2013-03-24,HKHKG,"Hong Kong",PGLAE,Lae,1,1,NewPac,1,2,5468.57142857143,942.857142857143,1740,1740,8,8,8,{8}
2013-03-24,HKHKG,"Hong Kong",PHMNL,Manila,3,3,"CNC Line-Cheng Lie Navigation Co. Ltd.; COSCO; MCC; Yang Ming",4,9,5761,753,1500,3494,2,2,2,"{2,2,2}"
2013-03-24,HKHKG,"Hong Kong",SGSIN,Singapore,17,17,"Alianca; APL; CCNI; COSCO; Emirates Shipping; Evergreen Line; Gold Star Line; Hamburg Sud; Hanjin Shipping; Hapag-Lloyd; Hyundai; IAL-Interasia Lines; K Line; KMTC; MCC; MELL; MOL; NYK; OOCL; PanOcean; PIL; RCL; SCI-Shipping Corp. of India; Wan Hai; X-Press; Yang Ming; ZIM",27,113,70407.3446386946,6857.79883449884,1860,9300,3,3,5,"{4,4,3,3,4,4,4,3,4,3,3,3,3,3,4,3,5}"
2013-03-24,HKHKG,"Hong Kong",THBKK,"Bangkok (Old Port)",1,1,"Alianca; Evergreen Line; Hamburg Sud; IAL-Interasia Lines; Wan Hai",5,3,1800,,1800,1800,4,4,4,{4}
2013-03-24,HKHKG,"Hong Kong",THLCH,"Laem Chabang",7,7,"APL; CNC Line-Cheng Lie Navigation Co. Ltd.; Evergreen Line; Hanjin Shipping; Hyundai; KMTC; MELL; MOL; OOCL; PanOcean; Sinokor; Wan Hai; Yang Ming",13,29,16668.5833333333,1867.41666666667,1088,6734,3,4,4,"{4,4,4,4,4,4,3}"
2013-03-24,HKHKG,"Hong Kong",TLDIL,"Dili, East Timor",1,1,MELL,1,3,2959.04761904762,585,1300,1740,7,7,7,{7}
2013-03-24,HKHKG,"Hong Kong",TWKHH,Kaohsiung,17,17,"ANL; APL; CMA CGM; CNC Line-Cheng Lie Navigation Co. Ltd.; COSCO; CSAV; CSCL; Delmas; Evergreen Line; Hanjin Shipping; Hapag-Lloyd; Hyundai; K Line; Libra-Montemar; Maersk Line; MCC; MELL; MOL; NYK; OOCL; PIL; Wan Hai; Yang Ming; ZIM",24,88,53202.1593406593,5339.4358974359,1088,8888,1,1,2,"{1,2,2,2,1,1,2,1,1,1,1,1,1,2,1,1,1}"
2013-03-24,HKHKG,"Hong Kong",TWTPE,Taipei,1,1,"IAL-Interasia Lines; Wan Hai",2,4,2608.25,349.5,2495,2646,2,2,2,{2}
2013-03-24,HKHKG,"Hong Kong",USLAX,"Los Angeles CA",1,1,"Hapag-Lloyd; Maersk Line; MCC; NYK; OOCL; Safmarine",6,16,9490.625,725,9030,9700,13,13,13,{13}
2013-03-24,HKHKG,"Hong Kong",VNDAD,"Da Nang",1,1,"IAL-Interasia Lines; MOL; Wan Hai",3,3,1601.33333333333,197.333333333333,1368,1728,2,2,2,{2}
2013-03-24,HKHKG,"Hong Kong",VNHPH,Haiphong,13,13,"Bien Dong; COSCO; Evergreen Line; Heung-A; IAL-Interasia Lines; KMTC; MCC; MELL; MOL; Namsung; OOCL; PanOcean; Sinotrans; SITC Shipping; TS Lines; Wan Hai; Yang Ming",17,26,11883.1666666667,1436,600,1800,1,2,4,"{2,3,2,2,2,2,2,3,2,4,1,1,1}"
2013-03-24,HKHKG,"Hong Kong",VNSGN,"Ho Chi Minh (VICT/Cat Lai)",13,13,"CK Line; Evergreen Line; Gold Star Line; Hanjin Shipping; Heung-A; Hyundai; KMTC; MCC; MOL; Namsung; OOCL; PanOcean; RCL; Sinokor; SITC Shipping; TS Lines; Wan Hai; Yang Ming",18,42,19042.5,2213,1005,1805,2,3,4,"{2,3,2,3,3,4,3,4,3,2,2,3,3}"
2013-03-24,HKHKG,"Hong Kong",VNTCT,"Cai Mep",1,1,"APL; Hapag-Lloyd; Hyundai; MOL; NYK; OOCL",6,11,7982.54545454545,662,8100,9300,3,3,3,{3}
2013-03-24,HNPCA,"Puerto Castilla",NICIO,Corinto,1,1,"Alianca; Evergreen Line; Hamburg Sud; X-Press",4,2,909.5,222,862,957,0,0,0,{0}
2013-03-24,HNPCA,"Puerto Castilla",USGPT,"Gulfport MS",1,1,Dole,1,1,890,445,890,890,2,2,2,{2}
2013-03-24,HNPCA,"Puerto Castilla",USPEF,"Port Everglades FL",1,1,Dole,1,2,2046,990,2046,2046,2,2,2,{2}
2013-03-24,HNPCR,"Puerto Cortes",BSFPO,Freeport,1,1,MSC,1,2,2089.5,196,1709,2470,3,3,3,{3}
2013-03-24,HNPCR,"Puerto Cortes",BZBZE,"Belize City",1,1,"Seaboard Marine",1,1,960,252,960,960,1,1,1,{1}
2013-03-24,HNPCR,"Puerto Cortes",CRLIO,"Puerto Limon",3,3,"CMA CGM; CSAV; Great White Fleet; Hapag-Lloyd",4,12,6585.5,1344.33333333333,1740,2546,1,3,4,"{1,3,4}"
2013-03-24,HNPCR,"Puerto Cortes",GTPBR,"Puerto Barrios",1,1,Dole,1,1,1157,250,1157,1157,1,1,1,{1}
2013-03-24,HNPCR,"Puerto Cortes",GTSTC,"Santo Tomas de Castilla",4,4,"Crowley; King Ocean; Seaboard Marine",3,4,3500,650,584,972,1,1,1,"{1,1,1,1}"
2013-03-24,HNPCR,"Puerto Cortes",HNPCA,"Puerto Castilla",1,1,Dole,1,1,890,445,890,890,1,1,1,{1}
2013-03-24,HNPCR,"Puerto Cortes",USMIA,"Miami FL",1,1,APL,1,1,584,144,584,584,3,3,3,{3}
2013-03-24,HNPCR,"Puerto Cortes",USMSY,"New Orleans LA",1,1,"Seaboard Marine",1,1,972,170,972,972,3,3,3,{3}
2013-03-24,HNPCR,"Puerto Cortes",USPEF,"Port Everglades FL",2,2,Crowley,1,2,1944,340,972,972,3,3,3,"{3,3}"
2013-03-24,HNPCR,"Puerto Cortes",USSAV,"Savannah GA",1,1,"Maersk Line",1,2,1118,220,1118,1118,5,5,5,{5}
2013-03-24,HNPCR,"Puerto Cortes",VEMAR,Maracaibo,1,1,"Seaboard Marine",1,3,1521.33333333333,278,1296,1718,1,1,1,{1}
2013-03-24,HRRJK,Rijeka,ITTRS,Trieste,2,2,"CMA CGM; Delmas; Evergreen Line; Hanjin Shipping; Maersk Line; MCC; MOL; Safmarine; Yang Ming",9,24,11730.5,1152.92857142857,5364,6627,1,1.5,2,"{1,2}"
2013-03-24,HTPAP,Port-au-Prince,TTPTS,"Point Lisas",1,1,"SeaFreight Line; ZIM",2,5,1185.6,288,1100,1296,1,1,1,{1}
2013-03-24,HTPAP,Port-au-Prince,USMIA,"Miami FL",2,2,"Seaboard Marine",1,5,1953,506,657,1296,3,3.5,4,"{3,4}"
2013-03-24,HTPAP,Port-au-Prince,USNYC,"New York NY/NJ",1,1,"Seaboard Marine",1,2,966,252,966,966,2,2,2,{2}
2013-03-24,HTPAP,Port-au-Prince,USPEF,"Port Everglades FL",1,1,Crowley,1,1,972,170,972,972,2,2,2,{2}
2013-03-24,IDBEN,"Benete Bay",PGGUR,Alotau,1,1,"Swire Shipping",1,2,3391.14285714286,660,1040,1118,6,6,6,{6}
2013-03-24,IDJKT,"Jakarta, Java",AUFRE,Fremantle,1,1,MSC,1,7,3576.14285714286,403.571428571429,2440,4132,4,4,4,{4}
2013-03-24,IDJKT,"Jakarta, Java",CNNGB,Ningbo,1,1,"CNC Line-Cheng Lie Navigation Co. Ltd.; SITC Shipping",2,3,1592.66666666667,167.333333333333,1510,1708,7,7,7,{7}
2013-03-24,IDJKT,"Jakarta, Java",HKHKG,"Hong Kong",2,2,"Heung-A; PanOcean; Sinokor; TS Lines",4,6,3238,473.333333333333,1432,1740,5,5,5,"{5,5}"
2013-03-24,IDJKT,"Jakarta, Java",IDSRG,"Semarang, Java",2,2,"CNC Line-Cheng Lie Navigation Co. Ltd.; Evergreen Line; Wan Hai; Yang Ming",4,8,4224.86666666667,462.666666666667,1368,2959,1,1.5,2,"{1,2}"
2013-03-24,IDJKT,"Jakarta, Java",IDSUB,"Surabaya, Java",4,4,"CMA CGM; CNC Line-Cheng Lie Navigation Co. Ltd.; Evergreen Line; Hanjin Shipping; Hyundai; KMTC; MCC; Yang Ming",8,17,8875.2,1600.76666666667,1740,3426,1,1.5,3,"{1,1,3,2}"
2013-03-24,IDJKT,"Jakarta, Java",MYPKG,"Port Klang",2,2,"APL; COSCO; IAL-Interasia Lines; MOL; TS Lines; Wan Hai",6,8,7580,713.25,2932,4252,3,3.5,4,"{3,4}"
2013-03-24,IDJKT,"Jakarta, Java",MYTPP,"Tanjung Pelepas",2,2,"CMA CGM; CNC Line-Cheng Lie Navigation Co. Ltd.; Evergreen Line; MCC; Yang Ming",5,10,4985.4,814.8,2078,2959,2,2.5,3,"{3,2}"
2013-03-24,IDJKT,"Jakarta, Java",PGLAE,Lae,1,1,"ANL; CMA CGM",2,1,4774.28571428571,942.857142857143,1114,1114,8,8,8,{8}
2013-03-24,IDJKT,"Jakarta, Java",PGMAG,Madang,1,1,"ANL; CMA CGM",2,1,4037.14285714286,745.714285714286,942,942,8,8,8,{8}
2013-03-24,IDJKT,"Jakarta, Java",PGPOM,"Port Moresby",1,1,"HUBLine; NewPac",2,1,3248.57142857143,428.571428571429,758,758,7,7,7,{7}
2013-03-24,IDJKT,"Jakarta, Java",PHMNL,Manila,1,1,"Hanjin Shipping; Heung-A; MOL; PanOcean",4,4,2576.75,100,2535,2702,5,5,5,{5}
2013-03-24,IDJKT,"Jakarta, Java",SGSIN,Singapore,6,6,"Hanjin Shipping; Hapag-Lloyd; K Line; KMTC; NYK; OOCL; RCL; Sinotrans; Swire Shipping; Yang Ming",10,21,20066.8452380952,2436.28571428571,1626,4583,2,3,4,"{2,3,3,4,2,4}"
2013-03-24,IDJKT,"Jakarta, Java",TWKHH,Kaohsiung,1,1,"Wan Hai; Yang Ming",2,3,1679.66666666667,198,1560,1800,5,5,5,{5}
2013-03-24,IDJKT,"Jakarta, Java",VNSGN,"Ho Chi Minh (VICT/Cat Lai)",2,2,"Gold Star Line; K Line; KMTC; MCC; NYK; Sinokor",6,8,3201.75,376,1512,1740,4,4,4,"{4,4}"
2013-03-24,IDSRG,"Semarang, Java",IDJKT,"Jakarta, Java",1,1,"Wan Hai; Yang Ming",2,3,1679.66666666667,198,1560,1800,2,2,2,{2}
2013-03-24,IDSRG,"Semarang, Java",IDSUB,"Surabaya, Java",2,2,"CNC Line-Cheng Lie Navigation Co. Ltd.; Evergreen Line; Wan Hai; Yang Ming",4,8,4224.86666666667,462.666666666667,1368,2959,1,1,1,"{1,1}"
2013-03-24,IDSUB,"Surabaya, Java",HKHKG,"Hong Kong",1,1,"Hanjin Shipping; Hyundai; KMTC",3,3,1890,254.666666666667,1860,1950,5,5,5,{5}
2013-03-24,IDSUB,"Surabaya, Java",IDJKT,"Jakarta, Java",2,2,"CMA CGM; CNC Line-Cheng Lie Navigation Co. Ltd.; Evergreen Line; MCC; Yang Ming",5,10,4985.4,814.8,2078,2959,1,1.5,2,"{1,2}"
2013-03-24,IDSUB,"Surabaya, Java",IDSRG,"Semarang, Java",1,1,"Wan Hai; Yang Ming",2,3,1679.66666666667,198,1560,1800,1,1,1,{1}
2013-03-24,IDSUB,"Surabaya, Java",PHDVO,Davao,1,1,MCC,1,5,1751,312.8,1740,1795,3,3,3,{3}
2013-03-24,IDSUB,"Surabaya, Java",PHMNL,Manila,1,1,"CNC Line-Cheng Lie Navigation Co. Ltd.; Evergreen Line; Yang Ming",3,4,2975,564.5,2824,3426,5,5,5,{5}
2013-03-24,IDSUB,"Surabaya, Java",TWKHH,Kaohsiung,1,1,"CNC Line-Cheng Lie Navigation Co. Ltd.; Evergreen Line; Yang Ming",3,5,2726.2,346,2078,2959,7,7,7,{7}
2013-03-24,IDSUB,"Surabaya, Java",TWTPE,Taipei,1,1,"Evergreen Line; Wan Hai",2,3,1498.66666666667,116.666666666667,1368,1618,5,5,5,{5}
2013-03-24,IEDUB,Dublin,PTLEI,Leixoes,1,1,"Borchard Lines Ltd",1,4,853.25,217.5,809,868,2,2,2,{2}
2013-03-24,IEORK,Cork,GBTIL,Tilbury,1,1,"Maersk Line",1,6,2544.33333333333,600,2530,2556,2,2,2,{2}
2013-03-24,ILASH,Ashdod,EGALY,Alexandria,2,2,"Evergreen Line; Hanjin Shipping; MOL; MSC; Yang Ming; ZIM",6,19,10920.2,1009.42857142857,5364,6046,1,1.5,2,"{2,1}"
2013-03-24,ILASH,Ashdod,EGPSD,"Port Said",1,1,"APL; Hapag-Lloyd; Hyundai; MOL; NYK; OOCL",6,10,4211.4,351.8,4960,6750,2,2,2,{2}
2013-03-24,ILASH,Ashdod,ESVLC,Valencia,1,1,"MSC; ZIM",2,5,5649.2,458,5527,5800,6,6,6,{6}
2013-03-24,ILASH,Ashdod,ILHFA,Haifa,3,3,"Borchard Lines Ltd; COSCO; CSCL; Gold Star Line; Hapag-Lloyd; ZIM",6,18,8657.20833333333,831.208333333333,862,4308,1,1,2,"{1,1,2}"
2013-03-24,ILASH,Ashdod,ITGOA,Genoa,1,1,"COSCO; Evergreen Line; Hanjin Shipping; K Line; Yang Ming",5,10,7444.6,666.2,8120,8930,4,4,4,{4}
2013-03-24,ILASH,Ashdod,ITSAL,Salerno,1,1,"Alianca; Hamburg Sud; Hapag-Lloyd; Maersk Line; Seago Line",5,5,4209.8,551.2,4043,4253,4,4,4,{4}
2013-03-24,ILASH,Ashdod,TRAMB,"Istanbul (Ambarli)",1,1,"APL; Hapag-Lloyd; Hyundai; MOL; NYK; OOCL",6,10,4211.4,351.8,4960,6750,3,3,3,{3}
2013-03-24,ILASH,Ashdod,TRMER,Mersin,1,1,"Borchard Lines Ltd",1,4,853.25,217.5,809,868,1,1,1,{1}
2013-03-24,ILHFA,Haifa,CYLMS,Limassol,1,1,"Alianca; Hamburg Sud; Hapag-Lloyd; Maersk Line; Seago Line",5,5,4209.8,551.2,4043,4253,1,1,1,{1}
2013-03-24,ILHFA,Haifa,EGALY,Alexandria,1,1,"Borchard Lines Ltd",1,4,866.5,234,862,868,1,1,1,{1}
2013-03-24,ILHFA,Haifa,GRPIR,Piraeus,1,1,"COSCO; CSCL; Hapag-Lloyd; ZIM",4,6,4251.83333333333,403.333333333333,4250,4255,3,3,3,{3}
2013-03-24,ILHFA,Haifa,ILASH,Ashdod,2,2,"Borchard Lines Ltd; MSC; ZIM",3,9,6502.45,675.5,809,5800,1,2,3,"{3,1}"
2013-03-24,ILHFA,Haifa,LKCMB,Colombo,2,2,"MSC; ZIM",2,22,11032.452991453,917.606837606838,4250,9200,9,10,11,"{11,9}"
2013-03-24,ILHFA,Haifa,MYPKG,"Port Klang",1,1,"Gold Star Line; ZIM",2,8,3538.875,193.875,3429,4308,17,17,17,{17}
2013-03-24,ILHFA,Haifa,TRAMB,"Istanbul (Ambarli)",1,1,ZIM,1,9,4251.22222222222,402.222222222222,4250,4255,3,3,3,{3}
2013-03-24,ILHFA,Haifa,TRMER,Mersin,1,1,"Gold Star Line; ZIM",2,8,3538.875,193.875,3429,4308,2,2,2,{2}
2013-03-24,ILHFA,Haifa,USNYC,"New York NY/NJ",1,1,MSC,1,13,6781.23076923077,515.384615384615,5550,9200,10,10,10,{10}
2013-03-24,INCCU,Kolkata,INHAL,Haldia,3,3,"Advance Container Lines; CMA CGM; Delmas; Gold Star Line; HUBLine; PIL",6,7,3450,491.428571428571,608,1118,1,1,1,"{1,1,1}"
2013-03-24,INCCU,Kolkata,MYPKG,"Port Klang",1,1,"Gold Star Line; Hanjin Shipping; OEL-Orient Express Lines",3,2,1234.92857142857,192.857142857143,860,1061,4,4,4,{4}
2013-03-24,INCOK,Cochin,EGDAM,Damietta,1,1,"ANL; CMA CGM; Hapag-Lloyd",3,13,4271.69230769231,392.615384615385,4250,4308,9,9,9,{9}
2013-03-24,INHAL,Haldia,INCCU,Kolkata,1,1,"Gold Star Line; Hanjin Shipping; OEL-Orient Express Lines",3,2,1234.92857142857,192.857142857143,860,1061,1,1,1,{1}
2013-03-24,INHAL,Haldia,MYPKG,"Port Klang",2,2,"CMA CGM; Delmas; Gold Star Line; HUBLine",4,3,3055.42857142857,451.428571428571,714,1118,4,5.5,7,"{4,7}"
2013-03-24,INHAL,Haldia,SGSIN,Singapore,1,1,"Advance Container Lines; PIL",2,4,394.571428571429,40,608,938,6,6,6,{6}
2013-03-24,INKRI,Krishnapatnum,MYPKG,"Port Klang",1,1,"BTL-Bengal Tiger Line; Hapag-Lloyd; NYK; OOCL; Wan Hai",5,2,2471,310,2200,2742,3,3,3,{3}
2013-03-24,INMAA,Chennai/Madras,INKRI,Krishnapatnum,1,1,"BTL-Bengal Tiger Line; Hapag-Lloyd; NYK; OOCL; Wan Hai",5,2,2471,310,2200,2742,0,0,0,{0}
2013-03-24,INMAA,Chennai/Madras,INVTZ,Vishakhapatnam,3,3,"APL; BTL-Bengal Tiger Line; Hanjin Shipping; Hapag-Lloyd; K Line; Maersk Line; MCC; OOCL; PIL; RCL; Safmarine; Wan Hai",12,13,9003.93333333333,979.8,2475,4230,1,1,1,"{1,1,1}"
2013-03-24,INMAA,Chennai/Madras,LKCMB,Colombo,1,1,"ANL; CMA CGM; Hapag-Lloyd",3,13,4271.69230769231,392.615384615385,4250,4308,1,1,1,{1}
2013-03-24,INMAA,Chennai/Madras,MYPEN,Penang,3,3,"Evergreen Line; MOL; NYK; OOCL; PanOcean; RCL; Wan Hai; X-Press; Yang Ming",9,10,4805.08333333333,576.666666666667,1452,1970,3,4,4,"{3,4,4}"
2013-03-24,INMAA,Chennai/Madras,MYPKG,"Port Klang",1,1,"NYK; Samudera; TS Lines; X-Press",4,3,1650.33333333333,185.666666666667,1613,1725,6,6,6,{6}
2013-03-24,INMAA,Chennai/Madras,SGSIN,Singapore,1,1,"BTL-Bengal Tiger Line; Hyundai",2,5,2200,120,2200,2200,5,5,5,{5}
2013-03-24,INMUN,Mundra,AEJEA,"Dubai, Jebel Ali",1,1,"CSCL; UASC",2,8,4117.875,489.875,3802,4300,6,6,6,{6}
2013-03-24,INMUN,Mundra,AEKLF,"Khor Fakkan",2,2,"CMA CGM; Delmas",2,15,3767.2,541.2,1638,2670,2,2.5,3,"{2,3}"
2013-03-24,INMUN,Mundra,EGALY,Alexandria,1,1,"Gold Star Line; ZIM",2,8,3538.875,193.875,3429,4308,7,7,7,{7}
2013-03-24,INMUN,Mundra,EGDAM,Damietta,1,1,"ANL; APL; CMA CGM; Hapag-Lloyd; NYK; OOCL; USL-US Lines",7,8,4197.5,388.5,3808,4367,6,6,6,{6}
2013-03-24,INMUN,Mundra,LKCMB,Colombo,1,1,"COSCO; Evergreen Line; Maersk Line; OOCL; Simatech",5,5,3220.8,530,3400,4363,4,4,4,{4}
2013-03-24,INMUN,Mundra,MYPEN,Penang,1,1,"COSCO; OOCL; Yang Ming",3,5,3151.6,200,3725,4583,7,7,7,{7}
2013-03-24,INMUN,Mundra,MYPKG,"Port Klang",1,1,"K Line; MOL; PIL; Wan Hai",4,6,4720.5,363.333333333333,5220,6000,6,6,6,{6}
2013-03-24,INMUN,Mundra,OMSLL,Salalah,4,4,"APL; CSAV; CSAV Norasia; Maersk Line; MSC; Safmarine; SCI-Shipping Corp. of India; WEC Lines",8,26,24023.7321428571,2315.21428571429,3500,8800,3,3,4,"{3,3,3,4}"
2013-03-24,INMUN,Mundra,PKKHI,Karachi,1,1,"Evergreen Line; Hanjin Shipping",2,4,2674.75,346.25,2442,2824,1,1,1,{1}
2013-03-24,INMUN,Mundra,SAJED,Jeddah,2,2,"Alianca; ANL; CMA CGM; Delmas; Hamburg Sud; Hapag-Lloyd; OOCL",7,16,11507.625,1378.375,5527,5905,5,5.5,6,"{6,5}"
2013-03-24,INNSA,"Mumbai (Nhava Sheva)",AEJEA,"Dubai, Jebel Ali",2,2,"Maersk Line; PIL; Safmarine",3,12,5886.83333333333,681.904761904762,1075,3604,4,4.5,5,"{4,5}"
2013-03-24,INNSA,"Mumbai (Nhava Sheva)",INMUN,Mundra,9,9,"Alianca; ANL; APL; CMA CGM; CSAV; CSAV Norasia; CSCL; Delmas; Gold Star Line; Hamburg Sud; Hapag-Lloyd; Maersk Line; MSC; NYK; OOCL; Safmarine; SCI-Shipping Corp. of India; UASC; USL-US Lines; WEC Lines; ZIM",21,66,47385.6071428571,4765.83928571429,3429,8800,1,1,3,"{1,1,1,3,1,2,2,1,1}"
2013-03-24,INNSA,"Mumbai (Nhava Sheva)",INPAV,Pipavav,5,5,"Alianca; APL; Emirates Shipping; Evergreen Line; Gold Star Line; Hamburg Sud; Hanjin Shipping; Hyundai; KMTC; NYK; OOCL; PanOcean; RCL; TS Lines; X-Press; Yang Ming",16,28,19684.6666666667,1982.66666666667,2742,5023,0,1,2,"{1,0,1,2,0}"
2013-03-24,INNSA,"Mumbai (Nhava Sheva)",LKCMB,Colombo,4,4,"APL; Evergreen Line; Hapag-Lloyd; Hyundai; K Line; MCC; MOL; NYK; PanOcean; PIL; Safmarine; SCI-Shipping Corp. of India; Simatech; Wan Hai",14,21,13212.8833333333,1667.33333333333,2664,4498,2,3,3,"{3,2,3,3}"
2013-03-24,INNSA,"Mumbai (Nhava Sheva)",MYPKG,"Port Klang",1,1,"Evergreen Line; Hapag-Lloyd; Wan Hai; X-Press",4,4,4839.25,470.75,4250,6492,5,5,5,{5}
2013-03-24,INNSA,"Mumbai (Nhava Sheva)",OMSLL,Salalah,1,1,"Maersk Line; Safmarine",2,7,4288,385.714285714286,4154,4338,3,3,3,{3}
2013-03-24,INNSA,"Mumbai (Nhava Sheva)",PKKHI,Karachi,3,3,"APL; CMA CGM; Maersk Line; MCC; MOL; OOCL; Safmarine; Samudera",8,14,13206.4642857143,1113.57142857143,3323,6627,2,2,3,"{3,2,2}"
2013-03-24,INNSA,"Mumbai (Nhava Sheva)",SAJED,Jeddah,1,1,"Hanjin Shipping; K Line; UASC; Yang Ming",4,10,3920.7,355.8,3802,4545,7,7,7,{7}
2013-03-24,INPAV,Pipavav,INNSA,"Mumbai (Nhava Sheva)",5,5,"APL; CMA CGM; Hyundai; Maersk Line; MCC; MOL; NYK; Safmarine",8,30,19431.630952381,1815.95238095238,2664,6627,1,2,2,"{2,1,2,1,2}"
2013-03-24,INPAV,Pipavav,LKCMB,Colombo,3,3,"Alianca; Evergreen Line; Gold Star Line; Hamburg Sud; Hanjin Shipping; MOL; NYK; OOCL; RCL; Samudera; X-Press; Yang Ming",12,14,12917.1333333333,1270.46666666667,2742,4738,3,4,4,"{4,3,4}"
2013-03-24,INPAV,Pipavav,MYPKG,"Port Klang",1,1,"APL; Emirates Shipping; OOCL",3,6,3017.83333333333,316.666666666667,4250,4701,6,6,6,{6}
2013-03-24,INPAV,Pipavav,PKKHI,Karachi,1,1,"Hanjin Shipping; KMTC; PanOcean",3,6,4363.5,398.333333333333,4135,4500,2,2,2,{2}
2013-03-24,INPAV,Pipavav,SGSIN,Singapore,1,1,"Hyundai; TS Lines",2,5,3766.2,357.2,4380,5023,7,7,7,{7}
2013-03-24,INVTZ,Vishakhapatnam,MYTPP,"Tanjung Pelepas",1,1,"Maersk Line; MCC; Safmarine",3,5,3382.8,192,4224,4230,4,4,4,{4}
2013-03-24,INVTZ,Vishakhapatnam,SGSIN,Singapore,2,2,"APL; BTL-Bengal Tiger Line; Hanjin Shipping; Hapag-Lloyd; K Line; OOCL; PIL; RCL; Wan Hai",9,8,5621.13333333333,787.8,2475,3534,3,4,5,"{5,3}"
2013-03-24,IRBND,"Bandar Abbas",MYPKG,"Port Klang",2,2,"TS Lines; Yang Ming",2,12,5376,657.333333333333,2546,5548,8,8.5,9,"{9,8}"
2013-03-24,IRBND,"Bandar Abbas",OMSLL,Salalah,1,1,MSC,1,13,3609.07692307692,262.538461538462,2680,5029,0,0,0,{0}
2013-03-24,IRBND,"Bandar Abbas",PKKHI,Karachi,1,1,"Emirates Shipping; Evergreen Line; Hyundai; NYK",4,6,5992.16666666667,478.333333333333,5551,6800,3,3,3,{3}
2013-03-24,IRBND,"Bandar Abbas",SAJUB,Jubail,1,1,MSC,1,13,3609.07692307692,262.538461538462,2680,5029,0,0,0,{0}
2013-03-24,IRBND,"Bandar Abbas",SGSIN,Singapore,1,1,"CSAV Norasia; Hanjin Shipping; KMTC; UASC",4,7,5709.42857142857,498,6541,6919,11,11,11,{11}
2013-03-24,ISREY,Reykjavik,CANWP,Argentia,2,2,Eimskip,1,2,6042.85714285714,942.857142857143,698,712,5,5.5,6,"{5,6}"
2013-03-24,ISREY,Reykjavik,NOSLX,Sortland,1,1,Eimskip,1,1,2991.42857142857,514.285714285714,698,698,4,4,4,{4}
2013-03-24,ITCAG,Cagliari,CAHAL,Halifax,1,1,"Hapag-Lloyd; NYK; OOCL",3,10,5894,475.6,4960,6750,7,7,7,{7}
2013-03-24,ITCAG,Cagliari,DEHAM,Hamburg,1,1,"Alianca; Hamburg Sud; Hapag-Lloyd",3,8,5788.375,862.375,5527,5905,13,13,13,{13}
2013-03-24,ITCAG,Cagliari,ITLIV,Leghorn,2,2,"Alianca; CCNI; CMA CGM; CSAV; Hamburg Sud; Hapag-Lloyd; Maersk Line",7,18,6045.28571428571,722.337662337662,2741,3426,2,2,2,"{2,2}"
2013-03-24,ITCAG,Cagliari,ITSAL,Salerno,1,1,"Hanjin Shipping; Hapag-Lloyd",2,5,2603,159.2,2300,3032,1,1,1,{1}
2013-03-24,ITCAG,Cagliari,SAJED,Jeddah,2,2,"Alianca; Hamburg Sud; Hapag-Lloyd; NYK; OOCL",5,18,11682.375,1337.975,4960,6750,5,5.5,6,"{6,5}"
2013-03-24,ITCVV,Civitavecchia,ITSPE,"La Spezia",1,1,MSC,1,10,4949.6,570.8,3922,5301,2,2,2,{2}
2013-03-24,ITGIT,"Gioia Tauro",AEJEA,"Dubai, Jebel Ali",1,1,"CMA CGM; CSAV Norasia; MSC; WEC Lines",4,12,12929.3333333333,1033.33333333333,10640,14000,12,12,12,{12}
2013-03-24,ITGIT,"Gioia Tauro",ESVLC,Valencia,3,3,"CSAV; Maersk Line; MSC; Safmarine; UASC; WEC Lines",6,17,18540.3095238095,1741.82142857143,2668,8800,1,2,3,"{3,1,2}"
2013-03-24,ITGIT,"Gioia Tauro",GBFXT,Felixstowe,1,1,"CSAV Norasia; MSC; SCI-Shipping Corp. of India",3,8,5768.625,528,4400,6730,6,6,6,{6}
2013-03-24,ITGIT,"Gioia Tauro",ITCVV,Civitavecchia,1,1,MSC,1,10,4949.6,570.8,3922,5301,2,2,2,{2}
2013-03-24,ITGIT,"Gioia Tauro",ITLIV,Leghorn,1,1,"Alianca; CMA CGM; CSAV; Hamburg Sud; Libra-Montemar; Maersk Line; MSC; Niver Lines; Safmarine; ZIM",10,8,5672.25,753.75,5550,5905,3,3,3,{3}
2013-03-24,ITGIT,"Gioia Tauro",ITNAP,Naples,3,3,MSC,1,26,22464.5659340659,1846.00549450549,3922,14000,1,2,3,"{3,1,2}"
2013-03-24,ITGIT,"Gioia Tauro",LKCMB,Colombo,1,1,"CSAV Norasia; MSC; SCI-Shipping Corp. of India",3,8,5768.625,528,4400,6730,14,14,14,{14}
2013-03-24,ITGIT,"Gioia Tauro",REPDG,"Reunion Island",1,1,MSC,1,13,3609.07692307692,262.538461538462,2680,5029,14,14,14,{14}
2013-03-24,ITGIT,"Gioia Tauro",SAJED,Jeddah,1,1,MSC,1,13,12426.9230769231,923.076923076923,13050,14000,4,4,4,{4}
2013-03-24,ITGOA,Genoa,EGDAM,Damietta,1,1,"ANL; CMA CGM; Hapag-Lloyd",3,13,4271.69230769231,392.615384615385,4250,4308,4,4,4,{4}
2013-03-24,ITGOA,Genoa,EGPSD,"Port Said",1,1,"Hanjin Shipping; K Line; UASC; Yang Ming",4,10,3920.7,355.8,3802,4545,4,4,4,{4}
2013-03-24,ITGOA,Genoa,ESBCN,Barcelona,5,5,"Alianca; CCNI; CMA CGM; COSCO; CSAV; CSCL; Evergreen Line; Hamburg Sud; Hanjin Shipping; Hapag-Lloyd; K Line; Maersk Line; Melfi Marine; UASC; Yang Ming",15,40,23171.8571428571,2231.77142857143,1296,10050,1,2,2,"{1,1,2,2,2}"
2013-03-24,ITGOA,Genoa,ESTAR,Tarragona,2,2,"COSCO; CSCL; Hapag-Lloyd; ZIM",4,9,7903.83333333333,1083.33333333333,1678,4255,1,1.5,2,"{2,1}"
2013-03-24,ITGOA,Genoa,FRFOS,"Marseilles-Fos (Fos)",7,7,"Alianca; APL; CMA CGM; CSAV; CSCL; Delmas; Hamburg Sud; Hanjin Shipping; Hapag-Lloyd; Hyundai; Libra-Montemar; Maersk Line; Marfret; MOL; MSC; Niver Lines; NYK; OOCL; Safmarine; UASC; Yang Ming; ZIM",22,56,31921.3166666667,3479.29242424242,2300,9100,1,1,2,"{2,2,1,1,1,1,2}"
2013-03-24,ITGOA,Genoa,GBTIL,Tilbury,1,1,"ANL; CMA CGM; Hapag-Lloyd",3,13,4271.69230769231,392.615384615385,4250,4308,6,6,6,{6}
2013-03-24,ITGOA,Genoa,ITLIV,Leghorn,1,1,MSC,1,6,3011.66666666667,147.166666666667,2591,3424,2,2,2,{2}
2013-03-24,ITGOA,Genoa,ITSPE,"La Spezia",1,1,"CMA CGM; Delmas; Maersk Line; MCC; Safmarine",5,12,7348.58333333333,591.666666666667,8200,9700,1,1,1,{1}
2013-03-24,ITLIV,Leghorn,ESALG,Algeciras,1,1,Marguisa,1,2,4474.28571428571,771.428571428571,1740,1740,2,2,2,{2}
2013-03-24,ITLIV,Leghorn,FRFOS,"Marseilles-Fos (Fos)",1,1,MSC,1,6,3011.66666666667,147.166666666667,2591,3424,2,2,2,{2}
2013-03-24,ITLIV,Leghorn,ITGOA,Genoa,7,7,"Alianca; CCNI; CMA CGM; CSAV; Delmas; Hamburg Sud; Hanjin Shipping; Hapag-Lloyd; Libra-Montemar; Maersk Line; Marfret; Melfi Marine; MOL; MSC; Niver Lines; Safmarine; ZIM",17,46,24715.7738095238,3170.26385281385,1296,5905,1,1,2,"{1,1,1,1,2,1,1}"
2013-03-24,ITLIV,Leghorn,ITSPE,"La Spezia",2,2,"COSCO; Hanjin Shipping; K Line; MSC; Yang Ming",5,19,9763.11538461538,955.346153846154,3922,5762,0,1.5,3,"{0,3}"
2013-03-24,ITLIV,Leghorn,ITVDL,"Vado Ligure",1,1,"CCNI; CSAV; Libra-Montemar",3,5,3702.85714285714,471.428571428571,1726,1730,3,3,3,{3}
2013-03-24,ITNAP,Naples,ESVLC,Valencia,1,1,MSC,1,13,12426.9230769231,923.076923076923,13050,14000,0,0,0,{0}
2013-03-24,ITNAP,Naples,GBFXT,Felixstowe,1,1,MSC,1,5,3331.2,287,1074,4038,6,6,6,{6}
2013-03-24,ITNAP,Naples,ITGIT,"Gioia Tauro",1,1,MSC,1,13,3609.07692307692,262.538461538462,2680,5029,1,1,1,{1}
2013-03-24,ITNAP,Naples,ITLIV,Leghorn,2,2,"COSCO; Hanjin Shipping; K Line; MSC; Yang Ming",5,19,9763.11538461538,955.346153846154,3922,5762,1,1.5,2,"{2,1}"
2013-03-24,ITNAP,Naples,ITSPE,"La Spezia",1,1,MSC,1,7,5247.14285714286,429.428571428571,4469,5919,2,2,2,{2}
2013-03-24,ITSAL,Salerno,GBFXT,Felixstowe,1,1,"Alianca; Hamburg Sud; Hapag-Lloyd; Maersk Line; Seago Line",5,5,4209.8,551.2,4043,4253,6,6,6,{6}
2013-03-24,ITSAL,Salerno,GBTIL,Tilbury,1,1,"Borchard Lines Ltd",1,4,866.5,234,862,868,8,8,8,{8}
2013-03-24,ITSAL,Salerno,GRPIR,Piraeus,1,1,"Borchard Lines Ltd",1,4,853.25,217.5,809,868,2,2,2,{2}
2013-03-24,ITSAL,Salerno,ITLIV,Leghorn,3,3,"CCNI; CSAV; Hanjin Shipping; Hapag-Lloyd; Libra-Montemar; Melfi Marine",6,13,9414.42857142857,1187.77142857143,1296,3032,1,2,2,"{1,2,2}"
2013-03-24,ITSAL,Salerno,PTLEI,Leixoes,1,1,"Borchard Lines Ltd",1,4,853.25,217.5,809,868,4,4,4,{4}
2013-03-24,ITSAL,Salerno,USNYC,"New York NY/NJ",1,1,Turkon,1,5,2414.57142857143,450,1878,1878,12,12,12,{12}
2013-03-24,ITSPE,"La Spezia",EGPSD,"Port Said",1,1,"COSCO; Hanjin Shipping; K Line; Yang Ming",4,13,4972.61538461538,461.846153846154,5250,5618,3,3,3,{3}
2013-03-24,ITSPE,"La Spezia",ESALG,Algeciras,1,1,"CMA CGM; Delmas; Maersk Line; MCC; Safmarine",5,12,7348.58333333333,591.666666666667,8200,9700,1,1,1,{1}
2013-03-24,ITSPE,"La Spezia",ESBCN,Barcelona,1,1,MSC,1,7,5247.14285714286,429.428571428571,4469,5919,2,2,2,{2}
2013-03-24,ITSPE,"La Spezia",ESVLC,Valencia,2,2,MSC,1,16,9740.1,1064.3,3922,5762,2,2.5,3,"{3,2}"
2013-03-24,ITSPE,"La Spezia",FRFOS,"Marseilles-Fos (Fos)",1,1,MSC,1,13,12426.9230769231,923.076923076923,13050,14000,2,2,2,{2}
2013-03-24,ITSPE,"La Spezia",ITGOA,Genoa,4,4,"COSCO; CSCL; Evergreen Line; Hanjin Shipping; K Line; UASC; Yang Ming; ZIM",8,33,19423.6,1963.6,1678,10050,0,0,1,"{0,1,0,0}"
2013-03-24,ITSPE,"La Spezia",ITNAP,Naples,1,1,MSC,1,13,3609.07692307692,262.538461538462,2680,5029,2,2,2,{2}
2013-03-24,ITTAR,Taranto,LKCMB,Colombo,1,1,"Evergreen Line; Hanjin Shipping; MOL; Yang Ming",4,14,5271,551.428571428571,5364,6046,14,14,14,{14}
2013-03-24,ITTAR,Taranto,SIKOP,Koper,1,1,"Evergreen Line; Hanjin Shipping; MOL; Yang Ming",4,14,5271,551.428571428571,5364,6046,2,2,2,{2}
2013-03-24,ITTRS,Trieste,EGPSD,"Port Said",1,1,"CMA CGM; Delmas; Maersk Line; MCC; Safmarine",5,10,6459.5,601.5,6418,6627,7,7,7,{7}
2013-03-24,ITTRS,Trieste,ITTAR,Taranto,1,1,"Evergreen Line; Hanjin Shipping; MOL; Yang Ming",4,14,5271,551.428571428571,5364,6046,3,3,3,{3}
2013-03-24,ITTRS,Trieste,SIKOP,Koper,1,1,"CMA CGM; Delmas; Maersk Line; MCC; Safmarine",5,10,6459.5,601.5,6418,6627,2,2,2,{2}
2013-03-24,ITVDL,"Vado Ligure",ESBCN,Barcelona,1,1,"CCNI; CSAV; Libra-Montemar",3,5,3702.85714285714,471.428571428571,1726,1730,3,3,3,{3}
2013-03-24,JMKIN,Kingston,BSFPO,Freeport,1,1,"CMA CGM; CSAV; Hapag-Lloyd; Libra-Montemar; MSC; ZIM",6,8,6471.375,450,5800,6750,2,2,2,{2}
2013-03-24,JMKIN,Kingston,COCTG,Cartagena,5,5,"Alianca; CCNI; CMA CGM; CSAV; Delmas; Hamburg Sud; Hapag-Lloyd; Seaboard Marine",8,30,10748.0888888889,2264.24444444444,1296,3739,1,2,3,"{3,3,1,2,2}"
2013-03-24,JMKIN,Kingston,DOCAU,Caucedo,1,1,"CMA CGM; CSAV; CSCL; Libra-Montemar",4,12,4501.66666666667,415.583333333333,3534,5100,1,1,1,{1}
2013-03-24,JMKIN,Kingston,DOHAI,"Rio Haina",2,2,"CMA CGM; Seaboard Marine",2,5,2217.66666666667,605,966,1341,2,2,2,"{2,2}"
2013-03-24,JMKIN,Kingston,ESTAR,Tarragona,1,1,"COSCO; CSCL; Hapag-Lloyd; ZIM",4,6,4251.83333333333,403.333333333333,4250,4255,12,12,12,{12}
2013-03-24,JMKIN,Kingston,HTPAP,Port-au-Prince,1,1,"Seaboard Marine",1,3,657,116,657,657,1,1,1,{1}
2013-03-24,JMKIN,Kingston,JMMBJ,"Montego Bay",1,1,"SeaFreight Line; ZIM",2,5,1185.6,288,1100,1296,1,1,1,{1}
2013-03-24,JMKIN,Kingston,LCSLU,"Castries, St Lucia",1,1,"SeaFreight Line; ZIM",2,5,1185.6,288,1100,1296,3,3,3,{3}
2013-03-24,JMKIN,Kingston,MXVER,Veracruz,1,1,"MSC; ZIM",2,5,3084.4,136.8,3005,3398,5,5,5,{5}
2013-03-24,JMKIN,Kingston,NLRTM,Rotterdam,1,1,"CMA CGM; CSAV; Hapag-Lloyd",3,6,1902.5,457.833333333333,1740,2007,12,12,12,{12}
2013-03-24,JMKIN,Kingston,PACTB,Cristobal,1,1,MSC,1,7,4655.71428571429,422.142857142857,4322,5059,2,2,2,{2}
2013-03-24,JMKIN,Kingston,PAMIT,Manzanillo,2,2,"ANL; CMA CGM; Delmas; Hapag-Lloyd; Marfret; NYK; OOCL; USL-US Lines; ZIM",9,16,9692.83333333333,1405.86666666667,2262,5060,1,1.5,2,"{2,1}"
2013-03-24,JMKIN,Kingston,USJAX,"Jacksonville FL",1,1,"SeaFreight Line; ZIM",2,5,1185.6,288,1100,1296,3,3,3,{3}
2013-03-24,JMKIN,Kingston,USLAX,"Los Angeles CA",1,1,"CSCL; ZIM",2,10,4864,473,4253,5040,9,9,9,{9}
2013-03-24,JMKIN,Kingston,USMSY,"New Orleans LA",1,1,"CCNI; CMA CGM; CSAV; Delmas",4,5,2499.2,430.8,2478,2524,4,4,4,{4}
2013-03-24,JMKIN,Kingston,USNYC,"New York NY/NJ",1,1,"Hapag-Lloyd; NYK; OOCL; ZIM",4,10,4883.5,445.2,4626,5060,4,4,4,{4}
2013-03-24,JMKIN,Kingston,USSAV,"Savannah GA",2,2,"ANL; CMA CGM; CSCL; Delmas; Marfret; USL-US Lines; ZIM",7,16,9673.33333333333,1433.66666666667,2262,5040,3,3,3,"{3,3}"
2013-03-24,JMKIN,Kingston,USTPA,"Tampa FL",1,1,"MSC; ZIM",2,5,3084.4,136.8,3005,3398,3,3,3,{3}
2013-03-24,JMMBJ,"Montego Bay",AWORJ,Aruba,1,1,"SeaFreight Line; ZIM",2,5,1185.6,288,1100,1296,1,1,1,{1}
2013-03-24,JMMBJ,"Montego Bay",HTPAP,Port-au-Prince,1,1,"Seaboard Marine",1,2,966,252,966,966,2,2,2,{2}
2013-03-24,JOAQJ,Aqaba,DJJIB,Djibouti,1,1,"APL; PIL",2,8,5999,234.125,4250,6606,4,4,4,{4}
2013-03-24,JOAQJ,Aqaba,EGPSD,"Port Said",1,1,"Maersk Line; Safmarine",2,10,4488.2,426.7,4154,5100,1,1,1,{1}
2013-03-24,JOAQJ,Aqaba,EGSOK,Sokhna,2,2,"CMA CGM; CSCL; Hanjin Shipping; MSC; Yang Ming",5,10,6961.04761904762,457.714285714286,2668,4738,1,1,1,"{1,1}"
2013-03-24,JOAQJ,Aqaba,SAJED,Jeddah,2,2,"COSCO; Evergreen Line; Maersk Line; Safmarine",4,14,11313.5714285714,1143.14285714286,4800,6802,3,3,3,"{3,3}"
2013-03-24,JPCHB,Chiba,JPTYO,Tokyo,1,1,"CNC Line-Cheng Lie Navigation Co. Ltd.; Yang Ming",2,3,1677.33333333333,215,1500,1800,0,0,0,{0}
2013-03-24,JPFKY,Fukuyama,JPMIZ,Mizushima,3,2,"Kambara Kisen Co., Ltd.",1,7,2317.33333333333,304,556,932,0,0,0,"{0,0,0}"
2013-03-24,JPHBK,Hibiki,JPHKT,Hakata,1,1,"APL; Hanjin Shipping",2,3,1722,266,1708,1740,0,0,0,{0}
2013-03-24,JPHHE,Hachinohe,JPHKD,Hakodate,1,1,"Dong Young; Namsung",2,2,998,150,953,1043,1,1,1,{1}
2013-03-24,JPHIC,Hitachinaka,JPSDJ,"Sendai (Honshu)",1,1,"Dong Young; Namsung",2,2,962,,962,962,1,1,1,{1}
2013-03-24,JPHIC,Hitachinaka,JPYOK,Yokohama,1,1,"K Line; SITC Shipping",2,4,1272,131.5,1060,1440,0,0,0,{0}
2013-03-24,JPHIJ,Hiroshima,JPMOJ,Moji,1,1,"IAL-Interasia Lines; MOL; Wan Hai",3,3,1040,,1040,1040,1,1,1,{1}
2013-03-24,JPHIJ,Hiroshima,JPMYJ,"Matsuyama (Shikoku)",1,1,NYK,1,2,581,100,560,602,0,0,0,{0}
2013-03-24,JPHIJ,Hiroshima,JPOIT,Oita,1,1,"Kambara Kisen Co., Ltd.",1,1,556,100,556,556,1,1,1,{1}
2013-03-24,JPHIJ,Hiroshima,JPSBS,Shibushi,2,1,"Kambara Kisen Co., Ltd.",1,6,1761.33333333333,204,855,932,1,1,1,"{1,1}"
2013-03-24,JPHKD,Hakodate,KRPUS,Busan,1,1,"Dong Young; Namsung",2,2,998,150,953,1043,3,3,3,{3}
2013-03-24,JPHKT,Hakata,CNDLC,Dalian,1,1,"Maersk Line; MCC",2,11,8366.18181818182,700.181818181818,8100,8750,2,2,2,{2}
2013-03-24,JPHKT,Hakata,CNSHA,Shanghai,1,1,"Sinotrans; SITC Shipping",2,2,544.5,73,385,704,2,2,2,{2}
2013-03-24,JPHKT,Hakata,HKHKG,"Hong Kong",1,1,MCC,1,4,1118,220,1118,1118,2,2,2,{2}
2013-03-24,JPHKT,Hakata,JPMIZ,Mizushima,1,1,"MOL; Wan Hai",2,3,1608,210,1368,1728,0,0,0,{0}
2013-03-24,JPHKT,Hakata,JPMOJ,Moji,4,4,"Centrans; CSCL; Goto Shipping; Puhai Shipping; Sinotrans; SITC Shipping; TS Lines; Wan Hai",8,9,3359.5,406,385,1088,0,1,1,"{0,1,1,1}"
2013-03-24,JPHKT,Hakata,JPNGO,Nagoya,2,2,"CMA CGM; Evergreen Line; Maersk Line; MSC; Westwood",5,9,8495.5,1249.66666666667,2169,4367,1,1.5,2,"{2,1}"
2013-03-24,JPHKT,Hakata,JPOSA,Osaka,1,1,"COSCO; Sinotrans; SITC Shipping",3,3,928.666666666667,80,831,1040,1,1,1,{1}
2013-03-24,JPHKT,Hakata,KRPUS,Busan,5,5,"Centrans; Dongjin Shipping; Dong Young; Evergreen Line; Goto Shipping; IAL-Interasia Lines; MOL; Namsung; Puhai Shipping; Sinotrans; TaiYoung Shipping; Yang Ming",12,12,6644.33333333333,1095.5,877,2824,1,1,2,"{2,1,1,1,1}"
2013-03-24,JPHKT,Hakata,KRUSN,Ulsan,1,1,"IAL-Interasia Lines; MOL; Wan Hai",3,3,1040,,1040,1040,1,1,1,{1}
2013-03-24,JPHKT,Hakata,TWKHH,Kaohsiung,1,1,"APL; Hanjin Shipping",2,3,1722,266,1708,1740,2,2,2,{2}
2013-03-24,JPHKT,Hakata,TWTPE,Taipei,1,1,"Evergreen Line; Wan Hai; Yang Ming",3,2,1481,100,1162,1800,2,2,2,{2}
2013-03-24,JPHKT,Hakata,TWTXG,Taichung,1,1,"Evergreen Line",1,2,1618,170,1618,1618,2,2,2,{2}
2013-03-24,JPHSM,Hososhima,TWKEL,Keelung,1,1,NYK,1,2,581,100,560,602,2,2,2,{2}
2013-03-24,JPIMI,Imari,JPFKY,Fukuyama,1,1,"Kambara Kisen Co., Ltd.",1,3,880.666666666667,102,855,932,1,1,1,{1}
2013-03-24,JPIMI,Imari,KRPUS,Busan,1,1,Heung-A,1,2,650,50,650,650,1,1,1,{1}
2013-03-24,JPIWK,Iwakuni,JPMOJ,Moji,1,1,"Evergreen Line",1,2,1618,170,1618,1618,0,0,0,{0}
2013-03-24,JPKIJ,"Niigata (N Coast)",JPTMK,Tomakomai,1,1,"Dong Young; Namsung",2,2,998,150,953,1043,1,1,1,{1}
2013-03-24,JPKIJ,"Niigata (N Coast)",JPTOY,"Toyama (N Coast)",2,2,"Kambara Kisen Co., Ltd.",1,4,1477.5,195,556,907,1,1,1,"{1,1}"
2013-03-24,JPKNZ,"Kanazawa (N Coast)",CNDLC,Dalian,1,1,"Kambara Kisen Co., Ltd.",1,2,570.5,75,556,585,4,4,4,{4}
2013-03-24,JPKNZ,"Kanazawa (N Coast)",CNSHA,Shanghai,1,1,"Kambara Kisen Co., Ltd.",1,2,907,120,907,907,3,3,3,{3}
2013-03-24,JPKWS,Kawasaki,JPTYO,Tokyo,1,1,"K Line; NYK",2,4,1613,206,1613,1613,0,0,0,{0}
2013-03-24,JPMAI,Maizuru,JPKIJ,"Niigata (N Coast)",1,1,"Kambara Kisen Co., Ltd.",1,2,570.5,75,556,585,2,2,2,{2}
2013-03-24,JPMIZ,Mizushima,JPHIJ,Hiroshima,3,2,"Kambara Kisen Co., Ltd.",1,7,2317.33333333333,304,556,932,1,1,1,"{1,1,1}"
2013-03-24,JPMIZ,Mizushima,JPUKB,Kobe,1,1,"MOL; Wan Hai",2,3,1608,210,1368,1728,0,0,0,{0}
2013-03-24,JPMOJ,Moji,CNDLC,Dalian,1,1,"Centrans; Goto Shipping; Puhai Shipping",3,2,685,118,672,698,1,1,1,{1}
2013-03-24,JPMOJ,Moji,CNFQG,Fuqing,1,1,"Puhai Shipping",1,2,392,30,392,392,6,6,6,{6}
2013-03-24,JPMOJ,Moji,CNSHA,Shanghai,2,2,"Centrans; COSCO; CSCL; Goto Shipping; TS Lines",5,2,1606,256,564,1042,2,2.5,3,"{2,3}"
2013-03-24,JPMOJ,Moji,CNTXG,Xingang/Tianjin,1,1,"Sinotrans; SITC Shipping",2,2,544.5,73,385,704,3,3,3,{3}
2013-03-24,JPMOJ,Moji,JPHKT,Hakata,7,7,"Centrans; Evergreen Line; Goto Shipping; IAL-Interasia Lines; MOL; Puhai Shipping; Sinotrans; SITC Shipping; Wan Hai; Yang Ming",10,16,7656.83333333333,822,385,1800,0,1,1,"{1,0,1,1,1,1,1}"
2013-03-24,JPMOJ,Moji,JPNAN,Nakanoseki,1,1,NYK,1,2,581,100,560,602,0,0,0,{0}
2013-03-24,JPMOJ,Moji,JPTKY,Tokuyama,1,1,"Wan Hai",1,4,1088,70,1088,1088,0,0,0,{0}
2013-03-24,JPMOJ,Moji,KRKAN,Gwangyang,1,1,"TS Lines",1,3,1645.66666666667,198.666666666667,1574,1684,1,1,1,{1}
2013-03-24,JPMOJ,Moji,KRPUS,Busan,2,2,"COSCO; Sinotrans; SITC Shipping",3,5,2306.66666666667,210,831,1378,1,1,1,"{1,1}"
2013-03-24,JPMYJ,"Matsuyama (Shikoku)",CNSHA,Shanghai,1,1,"Sinokor; SITC Shipping",2,1,706,118,706,706,2,2,2,{2}
2013-03-24,JPMYJ,"Matsuyama (Shikoku)",JPHSM,Hososhima,1,1,NYK,1,2,581,100,560,602,1,1,1,{1}
2013-03-24,JPNAH,"Naha (Okinawa Is)",JPSBS,Shibushi,1,1,NYK,1,2,581,100,560,602,1,1,1,{1}
2013-03-24,JPNAN,Nakanoseki,JPHIJ,Hiroshima,1,1,NYK,1,2,581,100,560,602,1,1,1,{1}
2013-03-24,JPNGO,Nagoya,CNDLC,Dalian,1,1,"SITC Shipping",1,3,1101.33333333333,120,1100,1102,2,2,2,{2}
2013-03-24,JPNGO,Nagoya,CNNGB,Ningbo,1,1,"CSCL; Goto Shipping; TS Lines",3,3,908,250,908,908,2,2,2,{2}
2013-03-24,JPNGO,Nagoya,CNSHA,Shanghai,2,2,"CSCL; Sinotrans; SITC Shipping; Yang Ming",4,5,1738,250,831,907,4,4,4,"{4,4}"
2013-03-24,JPNGO,Nagoya,CNTAO,Qingdao,1,1,"Centrans; CSCL; Goto Shipping; Jin Jiang",4,1,698,120,698,698,3,3,3,{3}
2013-03-24,JPNGO,Nagoya,CNTXG,Xingang/Tianjin,1,1,"CSCL; Goto Shipping",2,2,2758,301.5,2758,2758,4,4,4,{4}
2013-03-24,JPNGO,Nagoya,CNXMN,Xiamen,1,1,"COSCO; Hanjin Shipping; K Line; Yang Ming",4,6,3693.33333333333,250,4432,4432,4,4,4,{4}
2013-03-24,JPNGO,Nagoya,CNYIK,Yingkou,1,1,"COSCO; Sinotrans",2,2,2742,400,2742,2742,4,4,4,{4}
2013-03-24,JPNGO,Nagoya,HKHKG,"Hong Kong",1,1,"Alianca; Evergreen Line; Hamburg Sud; IAL-Interasia Lines; Wan Hai",5,3,1800,,1800,1800,3,3,3,{3}
2013-03-24,JPNGO,Nagoya,JPCHB,Chiba,1,1,"CNC Line-Cheng Lie Navigation Co. Ltd.; Yang Ming",2,3,1677.33333333333,215,1500,1800,1,1,1,{1}
2013-03-24,JPNGO,Nagoya,JPMOJ,Moji,1,1,COSCO,1,2,1378,130,1378,1378,1,1,1,{1}
2013-03-24,JPNGO,Nagoya,JPOMZ,Omaezaki,1,1,"Hyundai; NYK",2,6,2742.83333333333,423.333333333333,2664,2900,0,0,0,{0}
2013-03-24,JPNGO,Nagoya,JPOSA,Osaka,1,1,"TS Lines",1,2,1075.5,180,1049,1102,1,1,1,{1}
2013-03-24,JPNGO,Nagoya,JPSMZ,Shimizu,7,7,"APL; COSCO; Dongjin Shipping; Evergreen Line; Hanjin Shipping; Hapag-Lloyd; Hyundai; Jin Jiang; K Line; MOL; Namsung; NYK; OOCL; PanOcean; Westwood; Yang Ming",16,27,21751.3454545455,2384.93333333333,668,9300,0,1,1,"{1,1,1,1,0,0,0}"
2013-03-24,JPNGO,Nagoya,JPTOY,"Toyama (N Coast)",1,1,"SITC Shipping",1,3,1101.33333333333,120,1100,1102,0,0,0,{0}
2013-03-24,JPNGO,Nagoya,JPTYO,Tokyo,7,7,"ACL-Atlantic Container Line; CNC Line-Cheng Lie Navigation Co. Ltd.; COSCO; Evergreen Line; Hanjin Shipping; Hapag-Lloyd; Hyundai; K Line; MOL; NYK; OOCL; Sinotrans; SITC Shipping; TS Lines; Yang Ming",15,40,18615.3833333333,1794.13333333333,831,6350,1,1,1,"{1,1,1,1,1,1,1}"
2013-03-24,JPNGO,Nagoya,JPUKB,Kobe,13,13,"APL; CNC Line-Cheng Lie Navigation Co. Ltd.; COSCO; Evergreen Line; Hanjin Shipping; Hapag-Lloyd; IAL-Interasia Lines; K Line; MELL; MOL; NYK; OOCL; PIL; RCL; SITC Shipping; Wan Hai; Yang Ming; ZIM",18,49,42070.2333333333,4430.91666666667,542,8749,0,1,2,"{1,1,0,1,1,1,1,1,1,1,1,2,1}"
2013-03-24,JPNGO,Nagoya,JPYKK,Yokkaichi,8,8,"CSCL; Evergreen Line; Goto Shipping; IAL-Interasia Lines; OOCL; SITC Shipping; TS Lines; Wan Hai; Yang Ming",9,22,14302,1699.16666666667,834,4583,0,0,1,"{0,0,1,0,0,0,0,1}"
2013-03-24,JPNGO,Nagoya,JPYOK,Yokohama,2,2,"CMA CGM; Evergreen Line; Maersk Line; MCC; MSC",5,17,12689.0454545455,1110.60606060606,4082,8950,0,0.5,1,"{1,0}"
2013-03-24,JPNGO,Nagoya,KRPUS,Busan,2,2,"APL; CMA CGM; CNC Line-Cheng Lie Navigation Co. Ltd.; CSCL; Delmas; Evergreen Line; Heung-A; IAL-Interasia Lines; MCC; MOL; Wan Hai; ZIM",12,7,5231.58333333333,873.416666666667,2450,3029,2,2,2,"{2,2}"
2013-03-24,JPNGO,Nagoya,KRUSN,Ulsan,1,1,"TS Lines",1,3,691,120,1024,1049,2,2,2,{2}
2013-03-24,JPNGO,Nagoya,TWKHH,Kaohsiung,2,2,"CMA CGM; MCC; OOCL",3,5,4312.66666666667,712,1550,2824,3,3.5,4,"{3,4}"
2013-03-24,JPOIT,Oita,CNSHA,Shanghai,1,1,"Kambara Kisen Co., Ltd.",1,1,556,100,556,556,2,2,2,{2}
2013-03-24,JPOMZ,Omaezaki,JPUKB,Kobe,1,1,"Hyundai; NYK",2,6,2742.83333333333,423.333333333333,2664,2900,1,1,1,{1}
2013-03-24,JPOMZ,Omaezaki,SGSIN,Singapore,1,1,"Hanjin Shipping; K Line; NYK",3,4,2557,400,2450,2664,7,7,7,{7}
2013-03-24,JPONA,Onahama,KRPUS,Busan,1,1,"Dong Young; Namsung",2,2,962,,962,962,2,2,2,{2}
2013-03-24,JPOSA,Osaka,JPHBK,Hibiki,1,1,"APL; Hanjin Shipping",2,3,1722,266,1708,1740,1,1,1,{1}
2013-03-24,JPOSA,Osaka,JPHKT,Hakata,1,1,Westwood,1,3,4338,841.333333333333,2169,2169,0,0,0,{0}
2013-03-24,JPOSA,Osaka,JPNGO,Nagoya,2,2,"Evergreen Line; Hanjin Shipping; Hyundai; K Line; NYK",5,7,3702.66666666667,530,1032,2664,1,1,1,"{1,1}"
2013-03-24,JPOSA,Osaka,JPTKY,Tokuyama,1,1,COSCO,1,1,564,111,564,564,1,1,1,{1}
2013-03-24,JPOSA,Osaka,JPTYO,Tokyo,1,1,OOCL,1,4,4484.25,400,4250,4583,2,2,2,{2}
2013-03-24,JPOSA,Osaka,JPUKB,Kobe,26,25,"Centrans; CNC Line-Cheng Lie Navigation Co. Ltd.; COSCO; CSCL; Evergreen Line; Goto Shipping; HASCO; IAL-Interasia Lines; Jin Jiang; MOL; OOCL; Puhai Shipping; Sinokor; Sinotrans; SITC Shipping; TS Lines; Wan Hai; Yang Ming",18,60,30387.5,3648,392,2758,0,1,1,"{1,0,0,1,1,1,0,1,1,0,1,1,1,1,0,1,1,1,1,1,1,1,1,1,1,1}"
2013-03-24,JPOSA,Osaka,JPYKK,Yokkaichi,1,1,"APL; IAL-Interasia Lines; MOL; Wan Hai",4,4,4250.5,400,4250,4252,1,1,1,{1}
2013-03-24,JPOSA,Osaka,JPYOK,Yokohama,2,2,"IAL-Interasia Lines; MCC; Wan Hai; Yang Ming",4,7,2188.33333333333,398.333333333333,972,1121,1,1,1,"{1,1}"
2013-03-24,JPOSA,Osaka,KRPUS,Busan,6,6,"Alianca; ANL; APL; CMA CGM; COSCO; CSCL; Delmas; Evergreen Line; Hamburg Sud; Hanjin Shipping; Hapag-Lloyd; K Line; Maersk Line; MCC; MOL; MSC; NYK; OOCL; Safmarine; Wan Hai; Yang Ming",21,46,24005.1818181818,2300.670995671,1368,6046,1,2,2,"{2,2,2,1,1,2}"
2013-03-24,JPOSA,Osaka,THLCH,"Laem Chabang",1,1,"K Line; SITC Shipping",2,3,1708,202,1708,1708,6,6,6,{6}
2013-03-24,JPOSA,Osaka,TWKEL,Keelung,3,3,"CNC Line-Cheng Lie Navigation Co. Ltd.; Evergreen Line; MELL; TS Lines; Yang Ming",5,10,3915.5,527.25,1043,1805,3,3,3,"{3,3,3}"
2013-03-24,JPOSA,Osaka,TWKHH,Kaohsiung,1,1,"MELL; OOCL",2,3,4581.33333333333,400,4578,4583,3,3,3,{3}
2013-03-24,JPOTR,Otaru,JPTOY,"Toyama (N Coast)",1,1,"Kambara Kisen Co., Ltd.",1,2,907,120,907,907,2,2,2,{2}
2013-03-24,JPSBS,Shibushi,CNNGB,Ningbo,1,1,"Kambara Kisen Co., Ltd.",1,3,880.666666666667,102,855,932,2,2,2,{2}
2013-03-24,JPSBS,Shibushi,CNTXG,Xingang/Tianjin,1,1,"Kambara Kisen Co., Ltd.",1,3,880.666666666667,102,855,932,5,5,5,{5}
2013-03-24,JPSBS,Shibushi,JPMOJ,Moji,1,1,NYK,1,2,581,100,560,602,1,1,1,{1}
2013-03-24,JPSDJ,"Sendai (Honshu)",JPONA,Onahama,1,1,"Dong Young; Namsung",2,2,962,,962,962,1,1,1,{1}
2013-03-24,JPSDJ,"Sendai (Honshu)",USLGB,"Long Beach CA",1,1,"Hanjin Shipping; Hapag-Lloyd; NYK; OOCL",4,5,3482.4,340,3380,3856,10,10,10,{10}
2013-03-24,JPSMN,"Sakaiminato (N Coast)",JPKIJ,"Niigata (N Coast)",1,1,"Kambara Kisen Co., Ltd.",1,2,907,120,907,907,2,2,2,{2}
2013-03-24,JPSMZ,Shimizu,CNSHA,Shanghai,2,2,"Jin Jiang",1,2,1336,120,668,668,3,3,3,"{3,3}"
2013-03-24,JPSMZ,Shimizu,CNTAO,Qingdao,1,1,"SITC Shipping",1,3,1101.33333333333,120,1100,1102,5,5,5,{5}
2013-03-24,JPSMZ,Shimizu,JPHIC,Hitachinaka,1,1,"Dong Young; Namsung",2,2,962,,962,962,1,1,1,{1}
2013-03-24,JPSMZ,Shimizu,JPNGO,Nagoya,4,4,"APL; CMA CGM; CNC Line-Cheng Lie Navigation Co. Ltd.; Delmas; Evergreen Line; Heung-A; Hyundai; IAL-Interasia Lines; MOL; NYK; Wan Hai",11,16,9464.41666666667,1446.83333333333,1618,2900,1,1,1,"{1,1,1,1}"
2013-03-24,JPSMZ,Shimizu,JPTYO,Tokyo,6,6,"APL; COSCO; Dongjin Shipping; Evergreen Line; Hanjin Shipping; Hapag-Lloyd; Hyundai; K Line; MOL; Namsung; NYK; OOCL; PanOcean; SITC Shipping; Westwood; Yang Ming",16,28,22123.3454545455,2466.93333333333,702,9300,0,1,2,"{1,1,2,0,1,1}"
2013-03-24,JPSMZ,Shimizu,JPUKB,Kobe,1,1,"Sinotrans; SITC Shipping",2,3,831,130,831,831,1,1,1,{1}
2013-03-24,JPSMZ,Shimizu,JPYKK,Yokkaichi,2,2,"Dongjin Shipping; Hanjin Shipping; K Line; Namsung; NYK; PanOcean",6,6,3404,427,702,2858,0,0,0,"{0,0}"
2013-03-24,JPSMZ,Shimizu,JPYOK,Yokohama,1,1,"Evergreen Line; Wan Hai",2,3,1691.33333333333,216.666666666667,1618,1728,1,1,1,{1}
2013-03-24,JPTHS,Toyohashi,CNSHA,Shanghai,1,1,"SITC Shipping",1,1,907,120,907,907,2,2,2,{2}
2013-03-24,JPTKY,Tokuyama,JPMOJ,Moji,1,1,COSCO,1,1,564,111,564,564,1,1,1,{1}
2013-03-24,JPTKY,Tokuyama,TWKEL,Keelung,1,1,"Wan Hai",1,4,1088,70,1088,1088,2,2,2,{2}
2013-03-24,JPTMK,Tomakomai,JPHHE,Hachinohe,1,1,"Dong Young; Namsung",2,2,998,150,953,1043,1,1,1,{1}
2013-03-24,JPTMK,Tomakomai,KRPUS,Busan,1,1,Westwood,1,3,4338,841.333333333333,2169,2169,3,3,3,{3}
2013-03-24,JPTOY,"Toyama (N Coast)",JPKNZ,"Kanazawa (N Coast)",2,2,"Kambara Kisen Co., Ltd.",1,4,1477.5,195,556,907,1,1,1,"{1,1}"
2013-03-24,JPTOY,"Toyama (N Coast)",JPOTR,Otaru,1,1,"Kambara Kisen Co., Ltd.",1,2,907,120,907,907,2,2,2,{2}
2013-03-24,JPTOY,"Toyama (N Coast)",JPYKK,Yokkaichi,1,1,"SITC Shipping",1,3,1101.33333333333,120,1100,1102,0,0,0,{0}
2013-03-24,JPTOY,"Toyama (N Coast)",JPYOK,Yokohama,1,1,"SITC Shipping",1,3,1101.33333333333,120,1100,1102,0,0,0,{0}
2013-03-24,JPTYO,Tokyo,CNYTN,Yantian,1,1,"APL; Hyundai; MOL",3,8,5881.75,437.5,6700,6734,6,6,6,{6}
2013-03-24,JPTYO,Tokyo,HKHKG,"Hong Kong",2,2,"APL; Hapag-Lloyd; Hyundai; IAL-Interasia Lines; MOL; NYK; OOCL; Wan Hai",8,15,12233.0454545455,1062,4250,9300,3,3.5,4,"{3,4}"
2013-03-24,JPTYO,Tokyo,JPHIC,Hitachinaka,1,1,"K Line; SITC Shipping",2,4,1272,131.5,1060,1440,1,1,1,{1}
2013-03-24,JPTYO,Tokyo,JPKWS,Kawasaki,1,1,"K Line; NYK",2,4,1613,206,1613,1613,1,1,1,{1}
2013-03-24,JPTYO,Tokyo,JPNGO,Nagoya,7,7,"COSCO; Dongjin Shipping; Hanjin Shipping; Hapag-Lloyd; K Line; MOL; Namsung; NYK; OOCL; PanOcean; PIL; Yang Ming; ZIM",13,31,28112.65,2340,702,8749,0,0,1,"{1,0,1,0,0,1,0}"
2013-03-24,JPTYO,Tokyo,JPOSA,Osaka,2,2,"COSCO; Evergreen Line; Hanjin Shipping; MOL; Yang Ming",5,20,9094.33333333333,744.761904761905,4300,6046,1,1,1,"{1,1}"
2013-03-24,JPTYO,Tokyo,JPSDJ,"Sendai (Honshu)",1,1,"Hanjin Shipping; Hapag-Lloyd; NYK; OOCL",4,5,3482.4,340,3380,3856,1,1,1,{1}
2013-03-24,JPTYO,Tokyo,JPSMZ,Shimizu,2,2,"Hyundai; NYK; Sinotrans; SITC Shipping",4,9,3573.83333333333,553.333333333333,831,2900,1,1,1,"{1,1}"
2013-03-24,JPTYO,Tokyo,JPTOY,"Toyama (N Coast)",1,1,"SITC Shipping",1,3,1101.33333333333,120,1100,1102,0,0,0,{0}
2013-03-24,JPTYO,Tokyo,JPUKB,Kobe,4,4,"Alianca; APL; CMA CGM; COSCO; Evergreen Line; Hamburg Sud; Hanjin Shipping; Hapag-Lloyd; Hyundai; K Line; Maersk Line; MCC; MOL; NYK; Yang Ming",15,28,14568.6974358974,1598.70256410256,1118,5100,1,1,1,"{1,1,1,1}"
2013-03-24,JPTYO,Tokyo,JPYOK,Yokohama,49,48,"Alianca; APL; Centrans; CMA CGM; CNC Line-Cheng Lie Navigation Co. Ltd.; COSCO; CSCL; Delmas; Dongjin Shipping; Evergreen Line; Goto Shipping; Hamburg Sud; Hanjin Shipping; Hapag-Lloyd; HASCO; Heung-A; Hyundai; IAL-Interasia Lines; Jin Jiang; K Line; MCC; MELL; MOL; Namsung; NYK; OOCL; PanOcean; Puhai Shipping; RCL; Sinotrans; SITC Shipping; TS Lines; Wan Hai; Yang Ming; ZIM",35,132,80428.5833333333,10809,564,5100,0,0,1,"{0,0,1,1,0,0,0,0,0,1,1,1,1,1,0,1,1,1,1,1,0,0,0,0,1,1,0,1,0,0,1,0,0,1,0,0,0,0,0,1,1,0,0,0,0,0,1,0,0}"
2013-03-24,JPTYO,Tokyo,KRPUS,Busan,1,1,"Evergreen Line",1,9,3757.11111111111,402.888888888889,4211,4229,2,2,2,{2}
2013-03-24,JPTYO,Tokyo,PABLB,Balboa,1,1,"APL; CMA CGM; Hyundai; Maersk Line; MOL",5,13,4730.23076923077,390.769230769231,4589,5100,17,17,17,{17}
2013-03-24,JPTYO,Tokyo,PAONX,Colon,1,1,"Evergreen Line",1,9,3757.11111111111,402.888888888889,4211,4229,17,17,17,{17}
2013-03-24,JPTYO,Tokyo,TWKEL,Keelung,1,1,"Hapag-Lloyd; K Line; MOL; NYK",4,11,5030.90909090909,431.181818181818,5624,6500,3,3,3,{3}
2013-03-24,JPTYO,Tokyo,TWTPE,Taipei,1,1,"Evergreen Line; Wan Hai",2,3,1691.33333333333,216.666666666667,1618,1728,3,3,3,{3}
2013-03-24,JPTYO,Tokyo,USLGB,"Long Beach CA",1,1,"APL; COSCO; Evergreen Line; Hanjin Shipping; Hyundai; K Line; MOL; Yang Ming",8,5,4835.8,361.6,4589,5100,11,11,11,{11}
2013-03-24,JPTYO,Tokyo,USPAE,"Everett WA",1,1,Westwood,1,3,4338,841.333333333333,2169,2169,12,12,12,{12}
2013-03-24,JPTYO,Tokyo,USTIW,"Tacoma WA",2,2,"ACL-Atlantic Container Line; COSCO; Hanjin Shipping; Hapag-Lloyd; K Line; MOL; NYK; OOCL; Yang Ming",9,21,10446.0666666667,896.133333333333,4545,6350,9,9,9,"{9,9}"
2013-03-24,JPUKB,Kobe,CNCWN,Chiwan,2,2,"APL; CMA CGM; Hanjin Shipping; Hyundai; Maersk Line; MOL",6,16,7198.23076923077,790.769230769231,2468,5100,3,3.5,4,"{4,3}"
2013-03-24,JPUKB,Kobe,CNDLC,Dalian,1,1,"Sinotrans; SITC Shipping",2,3,831,130,831,831,3,3,3,{3}
2013-03-24,JPUKB,Kobe,CNLKU,Longkou,1,1,"SITC Shipping",1,3,1065,108.333333333333,1042,1110,2,2,2,{2}
2013-03-24,JPUKB,Kobe,CNLYG,Lianyungang,2,2,"COSCO; SITC Shipping",2,3,1664,111,564,1100,2,2,2,"{2,2}"
2013-03-24,JPUKB,Kobe,CNSHA,Shanghai,7,7,"Centrans; COSCO; Goto Shipping; HASCO; Jin Jiang; TS Lines",6,9,5100,1000,542,1118,2,2,3,"{3,3,3,2,2,2,2}"
2013-03-24,JPUKB,Kobe,CNTAO,Qingdao,2,2,"Centrans; CMA CGM; CSCL; Evergreen Line; Goto Shipping; Maersk Line; MSC; TS Lines",8,8,5275.5,628.333333333333,1118,4367,2,3,4,"{2,4}"
2013-03-24,JPUKB,Kobe,CNTXG,Xingang/Tianjin,1,1,"COSCO; Sinotrans; SITC Shipping",3,3,928.666666666667,80,831,1040,4,4,4,{4}
2013-03-24,JPUKB,Kobe,HKHKG,"Hong Kong",2,2,"Hapag-Lloyd; IAL-Interasia Lines; MOL; OOCL; RCL; Wan Hai",6,6,7737.33333333333,714.666666666667,2646,5100,3,3,3,"{3,3}"
2013-03-24,JPUKB,Kobe,JPHIJ,Hiroshima,1,1,"IAL-Interasia Lines; MOL; Wan Hai",3,3,1040,,1040,1040,1,1,1,{1}
2013-03-24,JPUKB,Kobe,JPHKT,Hakata,2,2,"MCC; Wan Hai",2,8,2206,290,1088,1118,1,1,1,"{1,1}"
2013-03-24,JPUKB,Kobe,JPIWK,Iwakuni,1,1,"Evergreen Line",1,2,1618,170,1618,1618,2,2,2,{2}
2013-03-24,JPUKB,Kobe,JPMOJ,Moji,4,4,"COSCO; Evergreen Line; IAL-Interasia Lines; MOL; Puhai Shipping; Sinotrans; SITC Shipping; Wan Hai; Yang Ming",9,10,3849,278,392,1800,1,1,1,"{1,1,1,1}"
2013-03-24,JPUKB,Kobe,JPMYJ,"Matsuyama (Shikoku)",1,1,"Sinokor; SITC Shipping",2,1,706,118,706,706,1,1,1,{1}
2013-03-24,JPUKB,Kobe,JPNGO,Nagoya,6,6,"ACL-Atlantic Container Line; APL; CNC Line-Cheng Lie Navigation Co. Ltd.; COSCO; Evergreen Line; Hanjin Shipping; Hapag-Lloyd; Hyundai; K Line; Maersk Line; MCC; MOL; NYK; OOCL; TS Lines; Yang Ming",16,51,31231.8575757576,2660.00606060606,1679,9300,1,1,2,"{2,1,2,1,1,1}"
2013-03-24,JPUKB,Kobe,JPOSA,Osaka,9,9,"APL; CNC Line-Cheng Lie Navigation Co. Ltd.; Evergreen Line; Hanjin Shipping; Hyundai; IAL-Interasia Lines; K Line; MELL; MOL; NYK; OOCL; SITC Shipping; Wan Hai; Yang Ming",14,28,16286.5,1699.25,1032,4583,0,0,1,"{0,0,0,0,0,1,0,0,0}"
2013-03-24,JPUKB,Kobe,JPSMZ,Shimizu,1,1,"Evergreen Line; Wan Hai",2,3,1691.33333333333,216.666666666667,1618,1728,1,1,1,{1}
2013-03-24,JPUKB,Kobe,JPTYO,Tokyo,3,3,"APL; CMA CGM; CSCL; Goto Shipping; Hyundai; Maersk Line; MOL; OOCL",8,18,10209.5641025641,1177.60256410256,2700,5100,1,1,1,"{1,1,1}"
2013-03-24,JPUKB,Kobe,JPYKK,Yokkaichi,1,1,"K Line; NYK",2,4,1613,206,1613,1613,1,1,1,{1}
2013-03-24,JPUKB,Kobe,KRPUS,Busan,4,4,"Alianca; COSCO; Hamburg Sud; Hapag-Lloyd; MOL; NYK; OOCL; PIL; SITC Shipping; TS Lines; ZIM",11,19,15330.5,1657.5,1005,8749,1,1,2,"{1,2,1,1}"
2013-03-24,JPUKB,Kobe,PHMNL,Manila,1,1,"Hanjin Shipping; K Line; NYK",3,4,2702,427,2546,2858,4,4,4,{4}
2013-03-24,JPUKB,Kobe,TWKEL,Keelung,3,3,"Hyundai; NYK; OOCL; TS Lines",4,12,8302.58333333333,1003.33333333333,1049,4583,1,2,2,"{2,1,2}"
2013-03-24,JPUKB,Kobe,TWKHH,Kaohsiung,2,2,"ACL-Atlantic Container Line; COSCO; Hanjin Shipping; Hapag-Lloyd; K Line; MOL; NYK; OOCL; Yang Ming",9,21,10446.0666666667,896.133333333333,4545,6350,2,2.5,3,"{2,3}"
2013-03-24,JPYKK,Yokkaichi,CNSHA,Shanghai,1,1,"CSCL; Goto Shipping; TS Lines",3,1,834,80,834,834,3,3,3,{3}
2013-03-24,JPYKK,Yokkaichi,JPNGO,Nagoya,1,1,"Hanjin Shipping; K Line; NYK",3,4,2702,427,2546,2858,1,1,1,{1}
2013-03-24,JPYKK,Yokkaichi,JPOSA,Osaka,1,1,"TS Lines",1,2,1052,206,1043,1061,1,1,1,{1}
2013-03-24,JPYKK,Yokkaichi,JPTHS,Toyohashi,1,1,"SITC Shipping",1,1,907,120,907,907,1,1,1,{1}
2013-03-24,JPYKK,Yokkaichi,JPTYO,Tokyo,2,2,"SITC Shipping",1,6,2166.33333333333,228.333333333333,1042,1110,1,1,1,"{1,1}"
2013-03-24,JPYKK,Yokkaichi,JPUKB,Kobe,1,1,OOCL,1,4,4484.25,400,4250,4583,1,1,1,{1}
2013-03-24,JPYKK,Yokkaichi,JPYOK,Yokohama,1,1,"APL; IAL-Interasia Lines; MOL; Wan Hai",4,4,4250.5,400,4250,4252,1,1,1,{1}
2013-03-24,JPYKK,Yokkaichi,KRPUS,Busan,1,1,"Dongjin Shipping; Namsung; PanOcean",3,2,702,,702,702,2,2,2,{2}
2013-03-24,JPYKK,Yokkaichi,TWKEL,Keelung,1,1,"IAL-Interasia Lines; Wan Hai",2,4,2608.25,349.5,2495,2646,2,2,2,{2}
2013-03-24,JPYKK,Yokkaichi,TWTPE,Taipei,1,1,"Evergreen Line; Yang Ming",2,4,1733.5,208,1618,2080,2,2,2,{2}
2013-03-24,JPYKK,Yokkaichi,TWTXG,Taichung,1,1,"Evergreen Line",1,3,1618,227.333333333333,1618,1618,3,3,3,{3}
2013-03-24,JPYKK,Yokkaichi,VNCLN,"Cai Lan",1,1,"K Line; NYK",2,4,1613,206,1613,1613,4,4,4,{4}
2013-03-24,JPYOK,Yokohama,CNLYG,Lianyungang,1,1,COSCO,1,2,564,111,564,564,2,2,2,{2}
2013-03-24,JPYOK,Yokohama,CNNGB,Ningbo,4,4,"APL; COSCO; CSCL; Goto Shipping; Hapag-Lloyd; Maersk Line; MCC; TS Lines",8,22,15227.974025974,1448.27272727273,764,8950,3,3.5,5,"{5,3,4,3}"
2013-03-24,JPYOK,Yokohama,CNSHA,Shanghai,13,13,"Centrans; CMA CGM; COSCO; CSCL; Goto Shipping; HASCO; IAL-Interasia Lines; Jin Jiang; K Line; Maersk Line; MCC; MOL; Puhai Shipping; Sinotrans; SITC Shipping; TS Lines; USL-US Lines; Wan Hai; Yang Ming",19,41,20834.5,2396.22916666667,698,9200,2,3,4,"{3,3,3,4,3,3,2,3,2,3,3,2,4}"
2013-03-24,JPYOK,Yokohama,CNTAO,Qingdao,2,2,"Centrans; CSCL; Goto Shipping; Puhai Shipping; Sinotrans; TS Lines",6,4,1995,451,877,1118,3,3,3,"{3,3}"
2013-03-24,JPYOK,Yokohama,CNTXG,Xingang/Tianjin,1,1,"SITC Shipping",1,3,1065,108.333333333333,1042,1110,4,4,4,{4}
2013-03-24,JPYOK,Yokohama,HKHKG,"Hong Kong",2,2,"COSCO; Hanjin Shipping; K Line; OOCL; Yang Ming",5,9,9107.16666666667,935.333333333333,2700,8495,4,4.5,5,"{5,4}"
2013-03-24,JPYOK,Yokohama,JPNGO,Nagoya,21,21,"Alianca; APL; CMA CGM; CNC Line-Cheng Lie Navigation Co. Ltd.; COSCO; CSCL; Evergreen Line; Goto Shipping; Hamburg Sud; Hanjin Shipping; Hapag-Lloyd; IAL-Interasia Lines; K Line; MCC; MELL; MOL; NYK; OOCL; RCL; Sinotrans; SITC Shipping; TS Lines; Wan Hai; Yang Ming; ZIM",25,63,42712.4166666667,5298.16666666667,831,5100,0,1,2,"{1,1,1,1,1,1,1,1,1,1,1,2,1,1,1,1,1,1,1,1,0}"
2013-03-24,JPYOK,Yokohama,JPOMZ,Omaezaki,1,1,"Hanjin Shipping; K Line; NYK",3,4,2557,400,2450,2664,1,1,1,{1}
2013-03-24,JPYOK,Yokohama,JPOSA,Osaka,3,3,"Alianca; ANL; APL; CMA CGM; COSCO; CSCL; Delmas; Evergreen Line; Hamburg Sud; Hapag-Lloyd; K Line; Maersk Line; MCC; MOL; MSC; NYK; OOCL; Safmarine",18,23,13302.8484848485,1345.90909090909,4130,5041,1,2,2,"{2,1,2}"
2013-03-24,JPYOK,Yokohama,JPSMZ,Shimizu,6,6,"APL; CMA CGM; CNC Line-Cheng Lie Navigation Co. Ltd.; Delmas; Dongjin Shipping; Evergreen Line; Hanjin Shipping; Heung-A; IAL-Interasia Lines; K Line; MOL; Namsung; NYK; PanOcean; SITC Shipping; Wan Hai",16,19,11226.9166666667,1570.5,702,2858,0,1,1,"{1,1,1,0,1,0}"
2013-03-24,JPYOK,Yokohama,JPTYO,Tokyo,4,4,"APL; COSCO; Evergreen Line; IAL-Interasia Lines; MCC; MOL; Wan Hai",7,13,8437.83333333333,966.666666666667,1118,4252,1,1,1,"{1,1,1,1}"
2013-03-24,JPYOK,Yokohama,JPUKB,Kobe,2,2,"ACL-Atlantic Container Line; CMA CGM; Evergreen Line; Hapag-Lloyd; Maersk Line; MSC; NYK; OOCL",8,21,8863.56666666667,804.466666666667,4082,4890,1,1.5,2,"{1,2}"
2013-03-24,JPYOK,Yokohama,KRPUS,Busan,1,1,"APL; Hyundai; MOL",3,6,4846.33333333333,316.666666666667,4832,4918,2,2,2,{2}
2013-03-24,JPYOK,Yokohama,MXESE,Ensenada,1,1,"APL; Hapag-Lloyd",2,7,5024.42857142857,436,4250,5888,11,11,11,{11}
2013-03-24,JPYOK,Yokohama,MXLZC,"Lazaro Cardenas",1,1,"Maersk Line; MCC",2,12,4298.66666666667,333.333333333333,6200,6696,14,14,14,{14}
2013-03-24,JPYOK,Yokohama,MXZLO,"Manzanillo, MEX",1,1,"CMA CGM; CSAV; Libra-Montemar; MSC",4,12,8172.33333333333,641.666666666667,8200,9200,13,13,13,{13}
2013-03-24,JPYOK,Yokohama,THLCH,"Laem Chabang",1,1,"Evergreen Line; Hyundai; NYK",3,3,1145.66666666667,130,1032,1228,8,8,8,{8}
2013-03-24,JPYOK,Yokohama,TWKEL,Keelung,3,3,"CNC Line-Cheng Lie Navigation Co. Ltd.; IAL-Interasia Lines; TS Lines; Wan Hai; Yang Ming",5,10,4441.16666666667,591.333333333333,972,1800,3,3,4,"{3,3,4}"
2013-03-24,JPYOK,Yokohama,TWKHH,Kaohsiung,2,2,"APL; Hamburg Sud; Hapag-Lloyd; Hyundai; MOL",5,13,9882.88095238095,975.47619047619,5506,6350,4,4.5,5,"{4,5}"
2013-03-24,JPYOK,Yokohama,USLAX,"Los Angeles CA",2,2,"APL; CMA CGM; Evergreen Line; Hyundai; Maersk Line; MOL; MSC",7,12,9003.83333333333,725,4082,4918,10,10,10,"{10,10}"
2013-03-24,JPYOK,Yokohama,USNYC,"New York NY/NJ",1,1,"COSCO; Hanjin Shipping; K Line; Yang Ming",4,9,4473.88888888889,351.333333333333,3764,5089,22,22,22,{22}
2013-03-24,KEMBA,Mombasa,AEJEA,"Dubai, Jebel Ali",1,1,"Maersk Line; Safmarine",2,1,3294,618,1098,1098,7,7,7,{7}
2013-03-24,KEMBA,Mombasa,MYPGU,"Pasir Gudang, Johor",1,1,PIL,1,8,2349.42857142857,386.428571428571,1800,2470,18,18,18,{18}
2013-03-24,KEMBA,Mombasa,OMSLL,Salalah,1,1,"Maersk Line; Safmarine",2,5,2039.6,372,2524,2572,7,7,7,{7}
2013-03-24,KEMBA,Mombasa,TZDAR,"Dar es Salaam",3,3,"Evergreen Line; Hanjin Shipping; Maersk Line; MOL; NYK; Safmarine; SCI-Shipping Corp. of India; X-Press",8,16,6593.03571428571,839.335714285714,1869,2824,0,1,12,"{1,0,12}"
2013-03-24,KEMBA,Mombasa,TZZNZ,Zanzibar,2,2,"CMA CGM; Delmas; Emirates Shipping",3,11,5221.34285714286,890.909523809524,2200,2758,1,1.5,2,"{1,2}"
2013-03-24,KEMBA,Mombasa,ZADUR,Durban,1,1,PIL,1,6,2312.5,428.571428571429,1075,1080,5,5,5,{5}
2013-03-24,KHKOS,Sihanoukville,THBKK,"Bangkok (Old Port)",2,2,"CNC Line-Cheng Lie Navigation Co. Ltd.; MCC; RCL; SITC Shipping",4,7,2185.5,212.5,1005,1439,1,2,3,"{3,1}"
2013-03-24,KHKOS,Sihanoukville,THLCH,"Laem Chabang",1,1,MCC,1,3,1618.66666666667,225.333333333333,1496,1726,2,2,2,{2}
2013-03-24,KMLOG,"Longoni Comoros Is",KMYVA,"Moroni, Comoros Is",1,1,"CMA CGM; Delmas",2,5,1687.2,246,1638,1730,1,1,1,{1}
2013-03-24,KMMUT,Mutsamudu,MZPOL,Pemba,1,1,"UAFL-United Africa Feeder Line",1,4,2459.28571428571,257.142857142857,1684,1742,5,5,5,{5}
2013-03-24,KMYVA,"Moroni, Comoros Is",MZMNC,Nacala,1,1,"CMA CGM; Delmas",2,5,1687.2,246,1638,1730,1,1,1,{1}
2013-03-24,KNBAS,"Basseterre, St Kitts",AGSJO,"St John's, Antigua",1,1,"Seaboard Marine",1,3,657,116,657,657,1,1,1,{1}
2013-03-24,KRICH,Inchon,CNNGB,Ningbo,2,2,"CK Line; Dong Young; Heung-A; Namsung; PanCon; PanOcean; TaiYoung Shipping",7,2,1402,236,698,704,2,2,2,"{2,2}"
2013-03-24,KRICH,Inchon,CNTAO,Qingdao,7,6,"CK Line; CNC Line-Cheng Lie Navigation Co. Ltd.; Hanjin Shipping; Heung-A; Hyundai; KMTC; PanOcean; TaiYoung Shipping; TS Lines; X-Press; Yang Ming",11,16,9536.83333333333,1323.66666666667,215,2742,1,1,2,"{1,1,1,1,1,1,2}"
2013-03-24,KRICH,Inchon,CNTXG,Xingang/Tianjin,4,4,"CMA CGM; Dong Young; Evergreen Line; FESCO; Hanjin Shipping; Heung-A; MOL; Namsung; PanOcean; PIL; Yang Ming",11,11,7082.71428571429,544.428571428571,412,4253,1,1,2,"{2,1,1,1}"
2013-03-24,KRICH,Inchon,HKHKG,"Hong Kong",1,1,"Heung-A; Namsung",2,2,706,165,706,706,2,2,2,{2}
2013-03-24,KRICH,Inchon,KRKAN,Gwangyang,3,3,"Evergreen Line; K Line; MCC; Wan Hai; Yang Ming",5,9,5635.75,808,1125,2700,1,1,2,"{2,1,1}"
2013-03-24,KRICH,Inchon,KRPUS,Busan,3,3,"CNC Line-Cheng Lie Navigation Co. Ltd.; Gold Star Line; Heung-A; KMTC; MCC; Namsung; PanOcean; Sinokor",8,9,4383.75,536,1050,1740,1,1,2,"{2,1,1}"
2013-03-24,KRKAN,Gwangyang,CNLYG,Lianyungang,1,1,"Dongjin Shipping; Namsung; PanOcean",3,2,702,,702,702,1,1,1,{1}
2013-03-24,KRKAN,Gwangyang,CNNGB,Ningbo,5,5,"APL; Dong Young; Heung-A; Hyundai; Maersk Line; MCC; MOL; Namsung; Puhai Shipping; Sinokor; TaiYoung Shipping",11,22,23193.0666666667,1738.33333333333,953,15550,1,1,1,"{1,1,1,1,1}"
2013-03-24,KRKAN,Gwangyang,CNSHA,Shanghai,5,5,"CNC Line-Cheng Lie Navigation Co. Ltd.; Hanjin Shipping; Heung-A; KMTC; MCC; Namsung; PanOcean; Sinokor; Sinotrans; Yang Ming",10,14,9727.66666666667,1442.83333333333,1585,2824,1,1,2,"{1,2,1,1,1}"
2013-03-24,KRKAN,Gwangyang,CNTAO,Qingdao,6,6,"APL; CMA CGM; COSCO; Hanjin Shipping; Heung-A; MCC; MOL; Namsung; PanCon; PanOcean; Sinokor; TaiYoung Shipping; Yang Ming",13,25,17631.4142857143,1770.64761904762,700,9200,1,2,3,"{1,3,2,2,1,2}"
2013-03-24,KRKAN,Gwangyang,CNTXG,Xingang/Tianjin,2,2,"Dong Young; Heung-A; Namsung; Sinokor; TaiYoung Shipping",5,2,2632,380,1024,1608,2,2,2,"{2,2}"
2013-03-24,KRKAN,Gwangyang,HKHKG,"Hong Kong",5,5,"APL; CK Line; Emirates Shipping; Heung-A; Namsung; OOCL; PanOcean; Sinokor; TS Lines",9,16,7865.66666666667,824,650,4701,2,3,3,"{3,3,3,2,2}"
2013-03-24,KRKAN,Gwangyang,JPYOK,Yokohama,1,1,"Maersk Line; MCC",2,12,4298.66666666667,333.333333333333,6200,6696,2,2,2,{2}
2013-03-24,KRKAN,Gwangyang,KRPUS,Busan,17,17,"ANL; APL; CMA CGM; COSCO; CSAV Norasia; Dongjin Shipping; Dong Young; Emirates Shipping; Evergreen Line; Hanjin Shipping; Hapag-Lloyd; Heung-A; Hyundai; K Line; KMTC; Maersk Line; MCC; MOL; MSC; Namsung; NYK; OOCL; PanOcean; Safmarine; Sinokor; TS Lines; UASC; Wan Hai; WEC Lines; Yang Ming",30,107,86802.1670995671,7477.11991341991,702,14000,0,1,2,"{1,1,2,0,1,1,2,1,1,1,1,0,1,0,0,1,1}"
2013-03-24,KRKAN,Gwangyang,KRUSN,Ulsan,3,3,"Hanjin Shipping; Heung-A; KMTC; MOL; Namsung; Wan Hai",6,8,3207.25,422.166666666667,877,1368,0,1,1,"{0,1,1}"
2013-03-24,KRKAN,Gwangyang,TWKEL,Keelung,3,3,"COSCO; Hanjin Shipping; K Line; TS Lines; Yang Ming",5,11,7809.66666666667,787,1049,6589,2,2,2,"{2,2,2}"
2013-03-24,KRKAN,Gwangyang,TWKHH,Kaohsiung,2,2,"APL; COSCO; Hanjin Shipping; Hyundai; K Line; MOL; Yang Ming",7,12,13846,1050,6250,10114,2,2.5,3,"{2,3}"
2013-03-24,KRKAN,Gwangyang,TWTPE,Taipei,1,1,"Evergreen Line",1,4,2718,496.5,2492,2824,1,1,1,{1}
2013-03-24,KRKPO,Pohang,KRUSN,Ulsan,1,1,"KMTC; MCC; PanOcean",3,4,2818,439.5,2800,2824,0,0,0,{0}
2013-03-24,KRMAS,Masan,JPTYO,Tokyo,1,1,"Dongjin Shipping; Namsung; PanOcean",3,2,702,,702,702,3,3,3,{3}
2013-03-24,KRMOK,Mokpo,CNLYG,Lianyungang,1,1,"Puhai Shipping",1,1,316,30,316,316,2,2,2,{2}
2013-03-24,KRPTK,Pyongtaek,CNDLC,Dalian,1,1,MCC,1,3,1707.66666666667,367.333333333333,1705,1713,1,1,1,{1}
2013-03-24,KRPUS,Busan,CAPRR,"Prince Rupert BC",1,1,"COSCO; Hanjin Shipping; Yang Ming",3,6,4967.5,433.333333333333,4367,5744,10,10,10,{10}
2013-03-24,KRPUS,Busan,CAVAN,"Vancouver BC",1,1,"Hapag-Lloyd; NYK; OOCL; PIL; ZIM",5,6,8632.66666666667,720,8400,8749,10,10,10,{10}
2013-03-24,KRPUS,Busan,CNCWN,Chiwan,1,1,"CMA CGM; Delmas; Maersk Line; MCC; Safmarine",5,10,6459.5,601.5,6418,6627,3,3,3,{3}
2013-03-24,KRPUS,Busan,CNDLC,Dalian,3,3,"APL; CK Line; COSCO; Dongjin Shipping; Dong Young; Hyundai; MOL; Namsung; PanOcean",9,3,6140,645,836,4250,2,2,4,"{4,2,2}"
2013-03-24,KRPUS,Busan,CNLYG,Lianyungang,1,1,"CK Line; Heung-A; TaiYoung Shipping",3,1,585,50,585,585,3,3,3,{3}
2013-03-24,KRPUS,Busan,CNNGB,Ningbo,9,9,"APL; CCNI; COSCO; Dongjin Shipping; Dong Young; Emirates Shipping; Evergreen Line; Hanjin Shipping; Hapag-Lloyd; Hyundai; K Line; MOL; Namsung; NYK; OOCL; PanCon; PIL; Sinokor; Sinotrans; SITC Shipping; TaiYoung Shipping; Yang Ming; ZIM",23,54,32613.3833333333,2696.2,831,8749,1,2,4,"{1,4,2,1,1,2,1,2,2}"
2013-03-24,KRPUS,Busan,CNSHA,Shanghai,33,33,"Alianca; ANL; APL; CCNI; CMA CGM; COSCO; CSAV; CSAV Norasia; CSCL; Delmas; Emirates Shipping; Evergreen Line; Gold Star Line; Hamburg Sud; Hanjin Shipping; Hapag-Lloyd; Hyundai; K Line; KMTC; Libra-Montemar; Maersk Line; MCC; MOL; MSC; NYK; OOCL; PanOcean; PIL; RCL; Safmarine; Sinotrans; SITC Shipping; TS Lines; UASC; Yang Ming; ZIM",36,272,179705.156163281,17521.7810633811,907,14074,1,1,4,"{3,2,1,1,1,2,1,2,1,2,1,1,1,2,3,3,1,2,2,1,2,1,2,1,1,1,1,1,1,2,4,2,2}"
2013-03-24,KRPUS,Busan,CNTAO,Qingdao,10,10,"Alianca; ANL; APL; CMA CGM; CSAV Norasia; CSCL; Delmas; Evergreen Line; Hamburg Sud; Hanjin Shipping; Hapag-Lloyd; Hyundai; Maersk Line; MCC; MOL; MSC; NewPac; NYK; OOCL; Safmarine; UASC; WEC Lines; Yang Ming",23,94,70678.6207681208,6307.77172827173,1740,14000,1,1.5,5,"{1,1,4,1,2,1,4,5,2,1}"
2013-03-24,KRPUS,Busan,CNTXG,Xingang/Tianjin,2,2,"CK Line; COSCO; Heung-A; PanOcean; Sinokor; TaiYoung Shipping",6,2,2244,180,866,1378,2,2.5,3,"{2,3}"
2013-03-24,KRPUS,Busan,CNWEI,Weihai,1,1,"Centrans; Goto Shipping; Puhai Shipping; Sinotrans",4,2,877,231,877,877,1,1,1,{1}
2013-03-24,KRPUS,Busan,CNXMN,Xiamen,2,2,"COSCO; Hapag-Lloyd; NYK; OOCL; ZIM",5,12,6261.5,575.2,1378,5060,2,2,2,"{2,2}"
2013-03-24,KRPUS,Busan,CNYNT,Yantai,1,1,COSCO,1,1,1432,100,1432,1432,3,3,3,{3}
2013-03-24,KRPUS,Busan,FJSUV,Suva,1,1,"ANL; CMA CGM; Delmas; OOCL",4,7,1992.42857142857,371.142857142857,1740,2758,13,13,13,{13}
2013-03-24,KRPUS,Busan,HKHKG,"Hong Kong",4,4,"Hanjin Shipping; Heung-A; Hyundai; KMTC; MOL; Namsung; PanOcean",7,11,5717.33333333333,717.333333333333,1005,1950,2,2.5,3,"{3,2,3,2}"
2013-03-24,KRPUS,Busan,JPHKT,Hakata,2,2,"CMA CGM; Evergreen Line; Maersk Line; MCC; MSC",5,17,12523.6818181818,1108.51515151515,4082,8750,1,1,1,"{1,1}"
2013-03-24,KRPUS,Busan,JPKIJ,"Niigata (N Coast)",1,1,"Dong Young; Namsung",2,2,998,150,953,1043,2,2,2,{2}
2013-03-24,KRPUS,Busan,JPMOJ,Moji,1,1,"TS Lines",1,3,1645.66666666667,198.666666666667,1574,1684,0,0,0,{0}
2013-03-24,KRPUS,Busan,JPOSA,Osaka,3,3,"MCC; SITC Shipping; Westwood",3,10,6521,1169.66666666667,1042,2169,1,2,3,"{3,2,1}"
2013-03-24,KRPUS,Busan,JPSMZ,Shimizu,1,1,"Dong Young; Namsung",2,2,962,,962,962,2,2,2,{2}
2013-03-24,KRPUS,Busan,JPUKB,Kobe,1,1,"APL; CMA CGM; Hyundai; Maersk Line; MOL",5,13,4730.23076923077,390.769230769231,4589,5100,2,2,2,{2}
2013-03-24,KRPUS,Busan,JPYOK,Yokohama,3,3,"APL; CMA CGM; CSAV; Hapag-Lloyd; Hyundai; Libra-Montemar; MOL; MSC",8,25,18043.0952380952,1394.33333333333,4250,9200,2,2,3,"{3,2,2}"
2013-03-24,KRPUS,Busan,KRICH,Inchon,2,2,"Hanjin Shipping; Heung-A; MOL; PanOcean; TS Lines; X-Press",6,8,5318.25,450,2535,2742,2,2.5,3,"{3,2}"
2013-03-24,KRPUS,Busan,KRKAN,Gwangyang,23,23,"APL; CNC Line-Cheng Lie Navigation Co. Ltd.; COSCO; Dongjin Shipping; Dong Young; Emirates Shipping; Evergreen Line; Hanjin Shipping; Heung-A; Hyundai; K Line; KMTC; Maersk Line; MCC; MOL; Namsung; OOCL; PanCon; PanOcean; Sinokor; Sinotrans; TaiYoung Shipping; TS Lines; Yang Ming",24,89,64528.6142857143,6368.71428571429,650,10114,0,1,1,"{1,1,0,0,0,1,0,1,0,1,1,1,1,1,1,0,1,0,1,1,1,1,1}"
2013-03-24,KRPUS,Busan,KRMAS,Masan,1,1,"Dongjin Shipping; Namsung; PanOcean",3,2,702,,702,702,0,0,0,{0}
2013-03-24,KRPUS,Busan,KRMOK,Mokpo,1,1,"Puhai Shipping",1,1,316,30,316,316,0,0,0,{0}
2013-03-24,KRPUS,Busan,KRUSN,Ulsan,10,10,"BTL-Bengal Tiger Line; CK Line; Dong Young; Gold Star Line; Heung-A; Hyundai; KMTC; MCC; Namsung; PanOcean; Puhai Shipping; Sinokor; TaiYoung Shipping",13,26,13669.0833333333,1302.66666666667,650,2200,0,1,1,"{1,0,1,1,1,1,1,0,1,1}"
2013-03-24,KRPUS,Busan,MXESE,Ensenada,1,1,"CMA CGM; CSAV; CSCL; Libra-Montemar",4,12,4501.66666666667,415.583333333333,3534,5100,12,12,12,{12}
2013-03-24,KRPUS,Busan,MXZLO,"Manzanillo, MEX",5,5,"Alianca; CCNI; CMA CGM; COSCO; CSAV; CSCL; Hamburg Sud; Hanjin Shipping; Hapag-Lloyd; Hyundai; K Line; Libra-Montemar; MOL; MSC; NYK; Yang Ming",16,51,26009.8070707071,3265.10101010101,4250,8488,14,15,17,"{15,17,15,14,15}"
2013-03-24,KRPUS,Busan,PABLB,Balboa,1,1,"CSCL; ZIM",2,10,4864,473,4253,5040,19,19,19,{19}
2013-03-24,KRPUS,Busan,PAMIT,Manzanillo,2,2,"ANL; APL; CMA CGM; CSCL; Delmas; Hyundai; MOL; UASC; USL-US Lines",9,20,9163.30303030303,687.69696969697,4367,5095,17,17.5,18,"{17,18}"
2013-03-24,KRPUS,Busan,PHMNL,Manila,2,2,"Hanjin Shipping; Heung-A; IAL-Interasia Lines; MOL; PanOcean",5,7,3624.08333333333,168,1032,2702,3,3.5,4,"{3,4}"
2013-03-24,KRPUS,Busan,RUVVO,Vladivostok,1,1,MCC,1,5,1751,312.8,1740,1795,2,2,2,{2}
2013-03-24,KRPUS,Busan,RUVYP,Vostochniy,1,1,"Gold Star Line; MCC",2,5,1725,235.4,1713,1730,2,2,2,{2}
2013-03-24,KRPUS,Busan,THLCH,"Laem Chabang",1,1,"APL; CMA CGM; CNC Line-Cheng Lie Navigation Co. Ltd.; Delmas; Evergreen Line; Heung-A; IAL-Interasia Lines; MOL; Wan Hai",9,3,2495.33333333333,446.666666666667,2450,2553,6,6,6,{6}
2013-03-24,KRPUS,Busan,TWKEL,Keelung,4,4,"Evergreen Line; K Line; MOL; TS Lines; Wan Hai; Yang Ming",6,14,6078.75,753,1024,2700,1,1.5,2,"{1,2,2,1}"
2013-03-24,KRPUS,Busan,TWKHH,Kaohsiung,2,2,"APL; Hapag-Lloyd; Hyundai; MOL; NYK; OOCL; PIL; ZIM",8,14,14391.1428571429,1212.85714285714,6350,9100,2,2,2,"{2,2}"
2013-03-24,KRPUS,Busan,USLAX,"Los Angeles CA",4,4,"APL; COSCO; CSCL; Evergreen Line; Hapag-Lloyd; Hyundai; K Line; MOL; NYK; OOCL; PO Shipping; Yang Ming; ZIM",13,22,22228.0333333333,1735.5,3725,9580,9,10.5,12,"{11,10,9,12}"
2013-03-24,KRPUS,Busan,USLGB,"Long Beach CA",2,2,"COSCO; Hanjin Shipping; K Line; Yang Ming",4,12,12325.5,810,4300,10114,10,10.5,11,"{11,10}"
2013-03-24,KRPUS,Busan,USMIA,"Miami FL",1,1,"Maersk Line; MCC",2,10,4034,417.6,4530,5762,22,22,22,{22}
2013-03-24,KRPUS,Busan,USNYC,"New York NY/NJ",1,1,"COSCO; Hanjin Shipping; K Line; Yang Ming",4,10,4092.6,363.2,4024,4367,23,23,23,{23}
2013-03-24,KRPUS,Busan,USSEA,"Seattle WA",3,3,"APL; CMA CGM; CSCL; Hamburg Sud; Hyundai; Maersk Line; MCC; MOL; USL-US Lines",9,28,15954.25,1695.39583333333,2546,9200,10,10,13,"{10,13,10}"
2013-03-24,KRPUS,Busan,USTIW,"Tacoma WA",2,2,"APL; COSCO; Hanjin Shipping; Hyundai; K Line; MOL; Yang Ming",7,11,10195.0333333333,783.333333333333,3725,6763,11,11,11,"{11,11}"
2013-03-24,KRUSN,Ulsan,CNNGB,Ningbo,1,1,KMTC,1,1,877,231,877,877,1,1,1,{1}
2013-03-24,KRUSN,Ulsan,CNSHA,Shanghai,2,2,"BTL-Bengal Tiger Line; Gold Star Line; Hyundai; KMTC; MCC; Sinokor",6,9,3788.75,290,1512,2200,1,1,1,"{1,1}"
2013-03-24,KRUSN,Ulsan,HKHKG,"Hong Kong",3,3,"Heung-A; Hyundai; KMTC; Namsung; PanOcean; Sinokor",6,8,3811.33333333333,482.666666666667,650,1740,2,3,4,"{2,3,4}"
2013-03-24,KRUSN,Ulsan,KRKAN,Gwangyang,5,5,"CK Line; Dong Young; Heung-A; Namsung; Puhai Shipping; Sinokor; TaiYoung Shipping",7,9,6069,530,953,1608,1,1,1,"{1,1,1,1,1}"
2013-03-24,KRUSN,Ulsan,KRPUS,Busan,5,5,"Hanjin Shipping; Heung-A; Hyundai; KMTC; MCC; MOL; Namsung; PanOcean; TS Lines; Wan Hai",10,17,7729.25,1005.33333333333,1005,2824,1,1,1,"{1,1,1,1,1}"
2013-03-24,KRUSN,Ulsan,TWKHH,Kaohsiung,1,1,"IAL-Interasia Lines; MOL; Wan Hai",3,3,1040,,1040,1040,2,2,2,{2}
2013-03-24,LBBEY,Beirut,ITTRS,Trieste,1,1,"CMA CGM; Delmas; Maersk Line; MCC; Safmarine",5,10,6459.5,601.5,6418,6627,4,4,4,{4}
2013-03-24,LBBEY,Beirut,SAJED,Jeddah,1,1,"ANL; CMA CGM; CSCL; Delmas; Evergreen Line; MSC; UASC",7,12,11245.3333333333,766.666666666667,10960,11388,4,4,4,{4}
2013-03-24,LBBEY,Beirut,SYLTK,Lattakia,2,2,"Alianca; Hamburg Sud; Hapag-Lloyd; MSC; Seago Line",5,10,7588.8,855,1074,4268,1,1,1,"{1,1}"
2013-03-24,LBBEY,Beirut,TRAMB,"Istanbul (Ambarli)",1,1,"CSAV Norasia; MSC",2,11,12013.4545454545,945.454545454545,12400,14000,7,7,7,{7}
2013-03-24,LCSLU,"Castries, St Lucia",VCKTN,"Kingstown, St Vincent",2,2,"SeaFreight Line; Tropical Shipping; ZIM",3,7,2035.6,475,850,1296,0,0.5,1,"{1,0}"
2013-03-24,LCVIF,"Vieux Fort",BBBGI,Bridgetown,1,1,"CMA CGM",1,3,1251.66666666667,353,1118,1341,0,0,0,{0}
2013-03-24,LKCMB,Colombo,AEJEA,"Dubai, Jebel Ali",2,2,"COSCO; Evergreen Line; Maersk Line; MOL; OOCL; Simatech",6,11,7651.46666666667,917.333333333333,3400,5652,5,5.5,6,"{5,6}"
2013-03-24,LKCMB,Colombo,GBFXT,Felixstowe,1,1,"Maersk Line; MCC",2,12,7409,525.333333333333,6700,8750,15,15,15,{15}
2013-03-24,LKCMB,Colombo,GBSOU,Southampton,1,1,"APL; Hapag-Lloyd; Hyundai; MOL; NYK; OOCL",6,11,8042.63636363636,676.545454545455,8100,9300,15,15,15,{15}
2013-03-24,LKCMB,Colombo,GRPIR,Piraeus,1,1,"CMA CGM; Evergreen Line; Hanjin Shipping",3,10,7557.3,856,7024,8452,10,10,10,{10}
2013-03-24,LKCMB,Colombo,ILASH,Ashdod,1,1,"Evergreen Line; Hanjin Shipping; MOL; Yang Ming",4,14,5271,551.428571428571,5364,6046,9,9,9,{9}
2013-03-24,LKCMB,Colombo,INCOK,Cochin,1,1,"ANL; CMA CGM; Hapag-Lloyd",3,13,4271.69230769231,392.615384615385,4250,4308,1,1,1,{1}
2013-03-24,LKCMB,Colombo,INNSA,"Mumbai (Nhava Sheva)",3,3,"APL; CSAV Norasia; Emirates Shipping; Evergreen Line; Hapag-Lloyd; MSC; OOCL; SCI-Shipping Corp. of India; Wan Hai; X-Press",10,18,13625.7083333333,1315.41666666667,4250,6730,2,3,4,"{4,3,2}"
2013-03-24,LKCMB,Colombo,INPAV,Pipavav,2,2,"CMA CGM; Hyundai; Maersk Line; MCC; NYK; Safmarine",6,13,8197.54761904762,851.904761904762,2664,6627,3,3,3,"{3,3}"
2013-03-24,LKCMB,Colombo,ITCAG,Cagliari,1,1,"Hapag-Lloyd; NYK; OOCL",3,10,5894,475.6,4960,6750,10,10,10,{10}
2013-03-24,LKCMB,Colombo,KEMBA,Mombasa,2,2,"Evergreen Line; MOL; NYK; PIL; SCI-Shipping Corp. of India; X-Press",6,13,4501.42857142857,641.514285714286,1800,2578,6,6.5,7,"{7,6}"
2013-03-24,LKCMB,Colombo,MVMLE,Male,1,1,"CMA CGM; Delmas; Emirates Shipping",3,6,2601,504.166666666667,2474,2758,0,0,0,{0}
2013-03-24,LKCMB,Colombo,MYPKG,"Port Klang",8,8,"Alianca; CMA CGM; COSCO; Delmas; Evergreen Line; Gold Star Line; Hamburg Sud; Hanjin Shipping; Hapag-Lloyd; K Line; Maersk Line; MCC; MOL; NYK; OOCL; PanOcean; RCL; Safmarine; Samudera; Simatech; X-Press; Yang Ming; ZIM",23,53,31994.7031746032,3639.26031746032,2742,6627,4,4,5,"{4,4,4,4,4,5,4,5}"
2013-03-24,LKCMB,Colombo,MYTPP,"Tanjung Pelepas",2,2,"CMA CGM; Evergreen Line; Hanjin Shipping; MOL; Yang Ming",5,24,12828.3,1407.42857142857,5364,8452,4,4.5,5,"{5,4}"
2013-03-24,LKCMB,Colombo,OMSLL,Salalah,1,1,"Maersk Line; Safmarine",2,10,4488.2,426.7,4154,5100,5,5,5,{5}
2013-03-24,LKCMB,Colombo,SGSIN,Singapore,7,7,"APL; Evergreen Line; Hapag-Lloyd; Hyundai; K Line; Maersk Line; MCC; MOL; MSC; NYK; OOCL; PIL; SCI-Shipping Corp. of India; Wan Hai; X-Press",15,54,33701.1595571096,3107.67639027639,1869,9200,4,5,5,"{5,5,5,4,5,4,4}"
2013-03-24,LKCMB,Colombo,USNYC,"New York NY/NJ",1,1,"APL; Hanjin Shipping; Hyundai; MOL",4,9,4139.11111111111,262.222222222222,4340,5020,20,20,20,{20}
2013-03-24,LKCMB,Colombo,ZADUR,Durban,1,1,"COSCO; Gold Star Line; ZIM",3,9,2719.14285714286,354.857142857143,1742,2702,12,12,12,{12}
2013-03-24,LRMLW,Monrovia,GMBJL,Banjul,1,1,"CMA CGM; Delmas",2,4,1578.5,150.5,1512,1684,2,2,2,{2}
2013-03-24,LRMLW,Monrovia,SLFNA,Freetown,1,1,"Maersk Line; Safmarine",2,3,1639,189.333333333333,1501,1708,1,1,1,{1}
2013-03-24,MAAGA,Agadir,GBPME,Portsmouth,1,1,"CMA CGM; Delmas",2,2,1037.5,236,957,1118,6,6,6,{6}
2013-03-24,MAAGA,Agadir,NLRTM,Rotterdam,1,1,"Maersk Line; Seago Line",2,3,866,234,862,868,3,3,3,{3}
2013-03-24,MACAS,Casablanca,BEANR,Antwerp,1,1,"CMA CGM; Delmas; OPDR",3,2,1134.85714285714,259.428571428571,868,1118,4,4,4,{4}
2013-03-24,MACAS,Casablanca,ESALG,Algeciras,1,1,"CMA CGM; Delmas",2,3,1012.57142857143,177.142857142857,1709,1835,2,2,2,{2}
2013-03-24,MACAS,Casablanca,ESLPA,"Las Palmas, Can Is",1,1,"WEC Lines",1,2,868,234,868,868,1,1,1,{1}
2013-03-24,MACAS,Casablanca,ESMLN,Melilla,1,1,OPDR,1,5,698,120,698,698,1,1,1,{1}
2013-03-24,MACAS,Casablanca,ESVGO,Vigo,1,1,"Hapag-Lloyd; Maersk Line; OPDR; X-Press",4,3,702.666666666667,140,698,705,4,4,4,{4}
2013-03-24,MACAS,Casablanca,ESVLC,Valencia,1,1,"Hapag-Lloyd; Maersk Line; OPDR; X-Press",4,3,702.666666666667,140,698,705,4,4,4,{4}
2013-03-24,MACAS,Casablanca,MAAGA,Agadir,2,2,"CMA CGM; Delmas; Maersk Line; Seago Line",4,5,1903.5,470,862,1118,2,2.5,3,"{2,3}"
2013-03-24,MACAS,Casablanca,PTLEI,Leixoes,1,1,"Hanjin Shipping; X-Press",2,1,706,118,706,706,2,2,2,{2}
2013-03-24,MAPTM,Tanger,CIABJ,Abidjan,1,1,"CMA CGM; Delmas",2,6,2383.04761904762,382.857142857143,1641,2520,8,8,8,{8}
2013-03-24,MAPTM,Tanger,ESALG,Algeciras,7,7,"Maersk Line; MSC; Safmarine; UASC",4,34,19018.8095238095,2533.90476190476,1501,8800,1,1,2,"{1,2,1,1,1,1,2}"
2013-03-24,MAPTM,Tanger,ESVLC,Valencia,2,2,"Alianca; CMA CGM; CSAV; Hamburg Sud; Hapag-Lloyd; Libra-Montemar; Maersk Line; MSC; Niver Lines; Safmarine; ZIM",11,19,8469.25,1269.65909090909,2741,5905,2,2.5,3,"{2,3}"
2013-03-24,MAPTM,Tanger,FRDKK,Dunkirk,1,1,"CMA CGM; Delmas",2,6,2570.33333333333,436.666666666667,2466,2674,3,3,3,{3}
2013-03-24,MAPTM,Tanger,GBSOU,Southampton,2,2,"ANL; CMA CGM; Delmas; FESCO; MSC; OOCL; UASC",7,19,17930.8863636364,1279.63636363636,5700,16000,3,3,3,"{3,3}"
2013-03-24,MAPTM,Tanger,GNCKY,Conakry,1,1,"CMA CGM; Delmas",2,4,1578.5,150.5,1512,1684,6,6,6,{6}
2013-03-24,MAPTM,Tanger,ITCAG,Cagliari,1,1,"Alianca; Hamburg Sud; Hapag-Lloyd",3,8,5788.375,862.375,5527,5905,3,3,3,{3}
2013-03-24,MAPTM,Tanger,MRNKC,Nouakchott,1,1,"CMA CGM; Delmas",2,3,1012.57142857143,177.142857142857,1709,1835,6,6,6,{6}
2013-03-24,MAPTM,Tanger,MTMAR,"Malta (Marsaxlokk)",1,1,"CMA CGM; Delmas; Maersk Line; MCC; Safmarine",5,12,7348.58333333333,591.666666666667,8200,9700,4,4,4,{4}
2013-03-24,MAPTM,Tanger,NLRTM,Rotterdam,1,1,"Alianca; CMA CGM; CSAV; Hamburg Sud; Hapag-Lloyd; Maersk Line; MSC",7,7,7128,1566.42857142857,7090,7154,6,6,6,{6}
2013-03-24,MAPTM,Tanger,OMSLL,Salalah,1,1,"Hapag-Lloyd; Maersk Line; MCC; NYK; OOCL; Safmarine",6,16,9490.625,725,9030,9700,12,12,12,{12}
2013-03-24,MAPTM,Tanger,PTLIS,Lisbon,2,2,"CMA CGM; Delmas; Maersk Line; Marfret; Safmarine",5,8,5656.78571428571,870.261904761905,1000,2790,1,1.5,2,"{2,1}"
2013-03-24,MAPTM,Tanger,SGSIN,Singapore,1,1,"Maersk Line; MCC",2,12,14214.6666666667,908.333333333333,9658,15550,19,19,19,{19}
2013-03-24,MAPTM,Tanger,SNDKR,Dakar,2,2,"CMA CGM; Delmas; Maersk Line; Safmarine",4,10,4968.83333333333,847.166666666667,2072,2674,4,4.5,5,"{5,4}"
2013-03-24,MAPTM,Tanger,TGLFW,Lome,1,1,"CMA CGM; Delmas",2,7,2414.57142857143,445.428571428571,1550,2826,8,8,8,{8}
2013-03-24,MAPTM,Tanger,USNYC,"New York NY/NJ",1,1,"CMA CGM; Hapag-Lloyd; Maersk Line; MOL; Safmarine",5,6,4619.16666666667,465,4298,5060,8,8,8,{8}
2013-03-24,MGTOA,Tamatave/Toamasina,KMLOG,"Longoni Comoros Is",1,1,"CMA CGM; Delmas",2,5,1687.2,246,1638,1730,2,2,2,{2}
2013-03-24,MGTOA,Tamatave/Toamasina,MZMPM,Maputo,1,1,"CMA CGM; Delmas; Maersk Line; Safmarine",4,9,2220.33333333333,317.777777777778,1740,2529,4,4,4,{4}
2013-03-24,MGTOA,Tamatave/Toamasina,SGSIN,Singapore,1,1,MOL,1,3,5413.33333333333,666.666666666667,2442,2839,12,12,12,{12}
2013-03-24,MGTOA,Tamatave/Toamasina,ZADUR,Durban,2,2,"Maersk Line; MOL; Safmarine",3,11,8866.33333333333,1216.66666666667,2442,3534,5,7.5,10,"{10,5}"
2013-03-24,MQFDF,Fort-de-France,GPPTP,Pointe-a-Pitre,1,1,"CMA CGM; Maersk Line; Marfret; WEC Lines",4,4,2370,537.5,2260,2700,1,1,1,{1}
2013-03-24,MQFDF,Fort-de-France,VELAG,"La Guaira",1,1,"CMA CGM; Delmas; Marfret",3,6,2667.5,512.833333333333,2550,2790,2,2,2,{2}
2013-03-24,MRNDB,Nouadhibou,MAPTM,Tanger,1,1,"Maersk Line; Safmarine",2,2,2989.28571428571,357.428571428571,1000,1325,6,6,6,{6}
2013-03-24,MRNKC,Nouakchott,GMBJL,Banjul,1,1,"Maersk Line; Safmarine",2,3,1136,134.666666666667,1700,1708,1,1,1,{1}
2013-03-24,MRNKC,Nouakchott,SNDKR,Dakar,1,1,"CMA CGM; Delmas",2,3,1012.57142857143,177.142857142857,1709,1835,1,1,1,{1}
2013-03-24,MTMAR,"Malta (Marsaxlokk)",AEKLF,"Khor Fakkan",1,1,"ANL; CMA CGM; Delmas; FESCO; MSC; UASC",6,11,12211.6363636364,763.636363636364,11388,16000,10,10,10,{10}
2013-03-24,MTMAR,"Malta (Marsaxlokk)",EGPSD,"Port Said",2,2,"ANL; CMA CGM; Delmas; Maersk Line; MCC; Safmarine",6,23,19951.4015151515,1382.57575757576,8200,13092,2,3,4,"{4,2}"
2013-03-24,MTMAR,"Malta (Marsaxlokk)",ESVLC,Valencia,1,1,"ANL; CMA CGM; Delmas; Maersk Line; MCC; Safmarine",6,11,12602.8181818182,790.909090909091,9415,13092,3,3,3,{3}
2013-03-24,MTMAR,"Malta (Marsaxlokk)",ILHFA,Haifa,1,1,"Alianca; Hamburg Sud; Hapag-Lloyd; Maersk Line; Seago Line",5,5,4209.8,551.2,4043,4253,3,3,3,{3}
2013-03-24,MTMAR,"Malta (Marsaxlokk)",ITGOA,Genoa,2,2,"ANL; CMA CGM; Delmas; Hapag-Lloyd; Maersk Line; MCC; Safmarine",7,25,11620.2756410256,984.282051282051,4250,9700,1,1.5,2,"{1,2}"
2013-03-24,MTMAR,"Malta (Marsaxlokk)",ITLIV,Leghorn,1,1,"CMA CGM; Hapag-Lloyd; Maersk Line; MOL; Safmarine",5,6,4619.16666666667,465,4298,5060,3,3,3,{3}
2013-03-24,MTMAR,"Malta (Marsaxlokk)",MAPTM,Tanger,1,1,"ANL; CMA CGM; Delmas; OOCL",4,8,5719.25,516,5700,5770,2,2,2,{2}
2013-03-24,MTMAR,"Malta (Marsaxlokk)",TRIZT,Izmit,1,1,"Maersk Line; MSC; Safmarine",3,9,3027.11111111111,739.111111111111,2797,3100,4,4,4,{4}
2013-03-24,MUPLU,"Port Louis",AEJEA,"Dubai, Jebel Ali",1,1,"Maersk Line; Safmarine",2,8,3453,550,3108,3534,11,11,11,{11}
2013-03-24,MUPLU,"Port Louis",AUSYD,Sydney,1,1,MSC,1,13,3609.07692307692,262.538461538462,2680,5029,13,13,13,{13}
2013-03-24,MUPLU,"Port Louis",MGTOA,Tamatave/Toamasina,3,3,"CMA CGM; Delmas; Maersk Line; MOL; Safmarine",5,16,10553.5333333333,1462.66666666667,1638,3534,2,4,4,"{4,4,2}"
2013-03-24,MUPLU,"Port Louis",MYPKG,"Port Klang",1,1,"CMA CGM; Delmas; Maersk Line; Safmarine",4,9,2220.33333333333,317.777777777778,1740,2529,15,15,15,{15}
2013-03-24,MUPLU,"Port Louis",SGSIN,Singapore,2,2,"CMA CGM; CSAV; Hapag-Lloyd; Maersk Line; MCC; MSC; Safmarine; Stinnes",8,25,14021.2222222222,1131.77777777778,2900,12552,11,12,13,"{13,11}"
2013-03-24,MUPLU,"Port Louis",ZADUR,Durban,3,3,"CMA CGM; COSCO; CSAV; Evergreen Line; Hapag-Lloyd; Maersk Line; MCC; MSC; Safmarine; Stinnes",10,33,16447.0972222222,1344.40277777778,2728,12552,4,4,5,"{5,4,4}"
2013-03-24,MVMLE,Male,SCPOV,"Seychelles Is., Port Victoria",1,1,"CMA CGM; Delmas; Emirates Shipping",3,6,2601,504.166666666667,2474,2758,2,2,2,{2}
2013-03-24,MXATM,Altamira,BZBGK,"Big Creek",1,1,"Maersk Line",1,6,2544.33333333333,600,2530,2556,2,2,2,{2}
2013-03-24,MXATM,Altamira,COCTG,Cartagena,1,1,"Seaboard Marine",1,3,1010.66666666667,230.666666666667,957,1118,5,5,5,{5}
2013-03-24,MXATM,Altamira,MXVER,Veracruz,3,3,"Alianca; CCNI; CMA CGM; CSAV; Delmas; Hamburg Sud; Hapag-Lloyd",7,13,6275.45,952.05,1570,2546,1,1,2,"{1,1,2}"
2013-03-24,MXATM,Altamira,USHOU,"Houston TX",8,8,"ACL-Atlantic Container Line; Alianca; CCNI; CMA CGM; CSAV; Delmas; Hamburg Sud; Hapag-Lloyd; Libra-Montemar; Maersk Line; MSC; NYK; OOCL; ZIM",14,53,34177.6023809524,2995.46071428571,2070,6750,1,2,3,"{2,2,1,1,2,3,1,2}"
2013-03-24,MXESE,Ensenada,JPYOK,Yokohama,1,1,"APL; Hapag-Lloyd",2,7,5024.42857142857,436,4250,5888,14,14,14,{14}
2013-03-24,MXESE,Ensenada,KRPUS,Busan,1,1,"COSCO; Hanjin Shipping; K Line; Yang Ming",4,10,4092.6,363.2,4024,4367,19,19,19,{19}
2013-03-24,MXESE,Ensenada,MXLZC,"Lazaro Cardenas",1,1,"Maersk Line",1,4,1923.75,432.75,1713,2556,3,3,3,{3}
2013-03-24,MXESE,Ensenada,MXZLO,"Manzanillo, MEX",2,2,"APL; CMA CGM; CSAV; CSCL; Hapag-Lloyd; Libra-Montemar",6,19,9526.09523809524,851.583333333333,3534,5888,2,2.5,3,"{3,2}"
2013-03-24,MXLZC,"Lazaro Cardenas",COBUN,Buenaventura,1,1,"CMA CGM; CSAV; CSCL; Libra-Montemar; MSC",5,10,6810.3,671,5618,8488,5,5,5,{5}
2013-03-24,MXLZC,"Lazaro Cardenas",GTPRQ,"Puerto Quetzal",3,3,"APL; CMA CGM; CSAV; Maersk Line; MOL",5,9,5197.08333333333,1011.41666666667,1296,2556,2,2,3,"{3,2,2}"
2013-03-24,MXLZC,"Lazaro Cardenas",MXESE,Ensenada,1,1,"APL; Hapag-Lloyd",2,7,5024.42857142857,436,4250,5888,4,4,4,{4}
2013-03-24,MXLZC,"Lazaro Cardenas",MXZLO,"Manzanillo, MEX",2,2,"CMA CGM; CSAV; CSCL; Libra-Montemar; Maersk Line; MSC",6,14,8734.05,1103.75,1713,8488,0,0.5,1,"{0,1}"
2013-03-24,MXLZC,"Lazaro Cardenas",PABLB,Balboa,2,2,"Maersk Line; MCC",2,21,11871.1111111111,958.222222222222,6200,8950,4,4,4,"{4,4}"
2013-03-24,MXLZC,"Lazaro Cardenas",PECLL,Callao,1,1,"Alianca; CCNI; CSCL; Hamburg Sud; Hanjin Shipping; Hyundai",6,10,4792.8,509,4532,5744,6,6,6,{6}
2013-03-24,MXLZC,"Lazaro Cardenas",RUVYP,Vostochniy,1,1,"Maersk Line; MCC",2,12,4298.66666666667,333.333333333333,6200,6696,20,20,20,{20}
2013-03-24,MXLZC,"Lazaro Cardenas",USLAX,"Los Angeles CA",1,1,"APL; Hapag-Lloyd; Hyundai; MOL",4,7,5201.71428571429,473.142857142857,5506,6350,5,5,5,{5}
2013-03-24,MXMZT,Mazatlan,MXZLO,"Manzanillo, MEX",1,1,"Hapag-Lloyd; NYK",2,4,2514.5,380,2442,2664,2,2,2,{2}
2013-03-24,MXPGO,Progreso,CUHAV,Havana,1,1,"Alianca; Hamburg Sud",2,4,1575.25,192.75,1570,1577,2,2,2,{2}
2013-03-24,MXVER,Veracruz,GTSTC,"Santo Tomas de Castilla",1,1,Hapag-Lloyd,1,4,2201,328.5,2078,2546,3,3,3,{3}
2013-03-24,MXVER,Veracruz,JMKIN,Kingston,1,1,"CCNI; CMA CGM; CSAV; Delmas",4,5,2499.2,430.8,2478,2524,3,3,3,{3}
2013-03-24,MXVER,Veracruz,MXATM,Altamira,10,10,"ACL-Atlantic Container Line; Alianca; CCNI; CMA CGM; CSAV; Delmas; Hamburg Sud; Hapag-Lloyd; Libra-Montemar; Maersk Line; MSC; NYK; OOCL; Seaboard Marine; ZIM",15,62,37732.6023809524,3826.12738095238,957,6750,0,1,2,"{0,1,1,1,2,1,0,2,1,1}"
2013-03-24,MXVER,Veracruz,MXPGO,Progreso,1,1,"Alianca; Hamburg Sud",2,4,1575.25,192.75,1570,1577,2,2,2,{2}
2013-03-24,MXZLO,"Manzanillo, MEX",CNSHA,Shanghai,1,1,"CMA CGM; CSAV; Libra-Montemar; MSC",4,12,8172.33333333333,641.666666666667,8200,9200,19,19,19,{19}
2013-03-24,MXZLO,"Manzanillo, MEX",CNTXG,Xingang/Tianjin,1,1,"CMA CGM; CSAV; CSCL; Libra-Montemar; MSC",5,10,6810.3,671,5618,8488,22,22,22,{22}
2013-03-24,MXZLO,"Manzanillo, MEX",COBUN,Buenaventura,2,2,"COSCO; Evergreen Line; Hapag-Lloyd; K Line; MOL; NYK; PIL; Wan Hai",8,13,6219,799.833333333333,2078,5086,5,5,5,"{5,5}"
2013-03-24,MXZLO,"Manzanillo, MEX",GTPRQ,"Puerto Quetzal",3,3,"Alianca; Evergreen Line; Great White Fleet; Hamburg Sud; Hapag-Lloyd; NYK; X-Press",7,11,6022.57142857143,1269.14285714286,862,2664,1,3,5,"{3,5,1}"
2013-03-24,MXZLO,"Manzanillo, MEX",JPTYO,Tokyo,1,1,"Hapag-Lloyd; K Line; MOL; NYK",4,11,5030.90909090909,431.181818181818,5624,6500,16,16,16,{16}
2013-03-24,MXZLO,"Manzanillo, MEX",KRPUS,Busan,1,1,"Alianca; CCNI; CSCL; Hamburg Sud; Hanjin Shipping; Hyundai",6,11,5570.90909090909,1298.36363636364,5550,5762,17,17,17,{17}
2013-03-24,MXZLO,"Manzanillo, MEX",MXLZC,"Lazaro Cardenas",4,4,"Alianca; APL; CCNI; CMA CGM; CSAV; CSCL; Hamburg Sud; Hanjin Shipping; Hapag-Lloyd; Hyundai; Libra-Montemar; MOL; MSC",13,34,21829.2428571429,2089.14285714286,4250,8488,1,1,2,"{1,1,2,1}"
2013-03-24,MXZLO,"Manzanillo, MEX",PABLB,Balboa,2,2,"Alianca; CCNI; CMA CGM; CSAV; CSCL; Hamburg Sud; Hanjin Shipping; Hyundai; Libra-Montemar; MSC",10,23,13743.2424242424,1940.0303030303,5550,9200,4,4.5,5,"{5,4}"
2013-03-24,MXZLO,"Manzanillo, MEX",PAMIT,Manzanillo,2,2,"Alianca; CMA CGM; CSAV; CSCL; Hamburg Sud; Hapag-Lloyd; Libra-Montemar",7,23,7298.66666666667,931.492424242424,2741,5100,5,6,7,"{7,5}"
2013-03-24,MXZLO,"Manzanillo, MEX",PAONX,Colon,1,1,"COSCO; Hanjin Shipping; K Line; Yang Ming",4,9,3804.88888888889,355.555555555556,4250,4444,4,4,4,{4}
2013-03-24,MXZLO,"Manzanillo, MEX",PECLL,Callao,1,1,"Hapag-Lloyd; K Line; MOL; NYK",4,11,5030.90909090909,431.181818181818,5624,6500,7,7,7,{7}
2013-03-24,MXZLO,"Manzanillo, MEX",TWKHH,Kaohsiung,1,1,"COSCO; Evergreen Line; PIL; Wan Hai",4,10,4125,378.5,3800,5086,19,19,19,{19}
2013-03-24,MXZLO,"Manzanillo, MEX",USLAX,"Los Angeles CA",3,3,"Alianca; Hamburg Sud; Hapag-Lloyd; Maersk Line; NYK",5,19,7235.25,1328.65909090909,1713,2872,3,3,4,"{4,3,3}"
2013-03-24,MYBKI,"Kota Kinabalu, Sabah",PHCEB,Cebu,1,1,MELL,1,2,2854,520,1114,1740,1,1,1,{1}
2013-03-24,MYBKI,"Kota Kinabalu, Sabah",PHCGY,"Cagayan de Oro",1,1,MELL,1,1,2608,516,1304,1304,5,5,5,{5}
2013-03-24,MYBTU,"Bintulu, Sarawak",CNXMN,Xiamen,1,1,MELL,1,2,1063.5,197.5,1042,1085,5,5,5,{5}
2013-03-24,MYBTU,"Bintulu, Sarawak",TWKHH,Kaohsiung,1,1,"CNC Line-Cheng Lie Navigation Co. Ltd.; Evergreen Line; Yang Ming",3,5,2726.2,346,2078,2959,4,4,4,{4}
2013-03-24,MYKCH,"Kuching, Sarawak",MYTMP,"Tanjung Manis",1,1,MELL,1,2,1063.5,197.5,1042,1085,1,1,1,{1}
2013-03-24,MYKUA,Kuantan,HKHKG,"Hong Kong",1,1,"Evergreen Line; Yang Ming",2,4,1733.5,208,1618,2080,4,4,4,{4}
2013-03-24,MYPEN,Penang,MYPGU,"Pasir Gudang, Johor",1,1,"IAL-Interasia Lines; Wan Hai",2,4,2608.25,349.5,2495,2646,2,2,2,{2}
2013-03-24,MYPEN,Penang,MYPKG,"Port Klang",5,5,"ANL; CMA CGM; Delmas; Evergreen Line; K Line; MOL; NYK; OOCL; PanOcean; RCL; Wan Hai; X-Press; Yang Ming",13,16,8387.58333333333,1137.16666666667,1102,2700,1,1,2,"{1,1,1,1,2}"
2013-03-24,MYPEN,Penang,MYTPP,"Tanjung Pelepas",1,1,"Evergreen Line; Yang Ming",2,4,1733.5,208,1618,2080,1,1,1,{1}
2013-03-24,MYPEN,Penang,SGSIN,Singapore,4,4,"Advance Container Lines; APL; COSCO; Evergreen Line; KMTC; MCC; OOCL; PanOcean; PIL; Yang Ming",10,18,8653.93571428572,953.385714285714,608,4583,1,1.5,2,"{1,1,2,2}"
2013-03-24,MYPGU,"Pasir Gudang, Johor",MYTPP,"Tanjung Pelepas",1,1,"Evergreen Line",1,4,2718,496.5,2492,2824,0,0,0,{0}
2013-03-24,MYPGU,"Pasir Gudang, Johor",PHDVO,Davao,1,1,PIL,1,8,2349.42857142857,386.428571428571,1800,2470,5,5,5,{5}
2013-03-24,MYPGU,"Pasir Gudang, Johor",SGSIN,Singapore,2,2,"Evergreen Line; IAL-Interasia Lines; K Line; Wan Hai; Yang Ming",5,8,5080.75,700,2200,2700,1,1,1,"{1,1}"
2013-03-24,MYPKG,"Port Klang",AEJEA,"Dubai, Jebel Ali",3,3,"Emirates Shipping; Evergreen Line; Hyundai; K Line; MOL; NYK; PIL; Wan Hai; Yang Ming",9,18,14391.3333333333,1141.66666666667,5220,6800,7,8,9,"{8,7,9}"
2013-03-24,MYPKG,"Port Klang",AEKLF,"Khor Fakkan",1,1,"ANL; CMA CGM; COSCO; CSCL; Hyundai; UASC",6,7,13460,1000,12562,14074,7,7,7,{7}
2013-03-24,MYPKG,"Port Klang",AUBNE,Brisbane,1,1,"ANL; APL; CMA CGM; Delmas; Hapag-Lloyd; NYK",6,5,9128.4,844.8,4250,5700,12,12,12,{12}
2013-03-24,MYPKG,"Port Klang",AUFRE,Fremantle,1,1,"ANL; APL; CMA CGM; Delmas; Hapag-Lloyd; NYK",6,5,9128.4,844.8,4250,5700,8,8,8,{8}
2013-03-24,MYPKG,"Port Klang",BDCGP,Chittagong,5,5,"ANL; CMA CGM; Delmas; Gold Star Line; Hanjin Shipping; Hapag-Lloyd; HUBLine; MCC; MOL; MSC; NYK; OEL-Orient Express Lines; OOCL; Samudera; X-Press",15,9,7564.5,793.142857142857,714,1743,4,6,6,"{6,5,6,4,6}"
2013-03-24,MYPKG,"Port Klang",BRRIO,"Rio de Janeiro",1,1,"ANL; CMA CGM; CSAV; CSCL; Libra-Montemar; MSC",6,11,6334.45454545455,840,5618,6712,19,19,19,{19}
2013-03-24,MYPKG,"Port Klang",CNNGB,Ningbo,2,2,"CMA CGM; Delmas",2,24,5680.25,900.666666666667,2478,3650,7,8.5,10,"{7,10}"
2013-03-24,MYPKG,"Port Klang",CNNSA,Nansha,1,1,"ANL; CMA CGM; COSCO; CSCL; Hyundai; UASC",6,7,13460,1000,12562,14074,5,5,5,{5}
2013-03-24,MYPKG,"Port Klang",CNSHA,Shanghai,3,3,"ANL; CMA CGM; COSCO; CSCL; Evergreen Line; Gold Star Line; Hanjin Shipping; K Line; UASC; Wan Hai; Yang Ming; ZIM",12,27,20514.8678571429,1778.60714285714,1742,14074,6,6,7,"{6,6,7}"
2013-03-24,MYPKG,"Port Klang",CNTAO,Qingdao,1,1,"CSCL; UASC; Yang Ming",3,10,6401.2,481.6,5500,8530,9,9,9,{9}
2013-03-24,MYPKG,"Port Klang",CNXMN,Xiamen,1,1,"Gold Star Line; ZIM",2,8,3538.875,193.875,3429,4308,4,4,4,{4}
2013-03-24,MYPKG,"Port Klang",EGPSD,"Port Said",1,1,"CSCL; UASC; Yang Ming",3,10,6401.2,481.6,5500,8530,12,12,12,{12}
2013-03-24,MYPKG,"Port Klang",FRLEH,"Le Havre",1,1,"ANL; CMA CGM; CSCL; Delmas; Evergreen Line; MSC; UASC",7,12,11245.3333333333,766.666666666667,10960,11388,18,18,18,{18}
2013-03-24,MYPKG,"Port Klang",GBFXT,Felixstowe,1,1,"CMA CGM; CSAV Norasia; MSC; WEC Lines",4,12,12929.3333333333,1033.33333333333,10640,14000,19,19,19,{19}
2013-03-24,MYPKG,"Port Klang",GRPIR,Piraeus,1,1,"COSCO; CSCL; Hanjin Shipping; K Line; Wan Hai; Yang Ming; ZIM",7,8,5425.125,523.75,4250,5688,14,14,14,{14}
2013-03-24,MYPKG,"Port Klang",HKHKG,"Hong Kong",3,3,"ANL; CMA CGM; CSAV; CSCL; IAL-Interasia Lines; Libra-Montemar; MSC; TS Lines; Wan Hai",9,20,10677.7878787879,1582,2546,6712,3,4,5,"{5,3,4}"
2013-03-24,MYPKG,"Port Klang",IDBEN,"Benete Bay",1,1,"Swire Shipping",1,2,3391.14285714286,660,1040,1118,5,5,5,{5}
2013-03-24,MYPKG,"Port Klang",IDJKT,"Jakarta, Java",3,3,"APL; Hanjin Shipping; HUBLine; IAL-Interasia Lines; K Line; MOL; NewPac; NYK; Wan Hai",9,9,10201.0714285714,1255.57142857143,758,4252,2,2,4,"{4,2,2}"
2013-03-24,MYPKG,"Port Klang",ILHFA,Haifa,1,1,ZIM,1,9,4251.22222222222,402.222222222222,4250,4255,12,12,12,{12}
2013-03-24,MYPKG,"Port Klang",INCCU,Kolkata,2,2,"Advance Container Lines; CMA CGM; Delmas; PIL",4,6,1614,234.285714285714,608,1118,2,3.5,5,"{5,2}"
2013-03-24,MYPKG,"Port Klang",INMAA,Chennai/Madras,8,8,"ANL; APL; BTL-Bengal Tiger Line; CMA CGM; Evergreen Line; Hapag-Lloyd; Hyundai; MOL; NYK; OOCL; PanOcean; RCL; Samudera; TS Lines; Wan Hai; X-Press; Yang Ming",17,36,18403.4423076923,2084.94871794872,1452,4308,3,4,4,"{3,4,4,4,4,4,4,3}"
2013-03-24,MYPKG,"Port Klang",INNSA,"Mumbai (Nhava Sheva)",5,5,"Alianca; Evergreen Line; Gold Star Line; Hamburg Sud; Hanjin Shipping; Hapag-Lloyd; K Line; MCC; NYK; OOCL; PanOcean; PIL; RCL; Safmarine; SCI-Shipping Corp. of India; Simatech; Wan Hai; X-Press; Yang Ming; ZIM",20,30,19174.3083333333,2023.34166666667,2742,4738,6,6,7,"{6,6,6,6,7}"
2013-03-24,MYPKG,"Port Klang",KRPUS,Busan,1,1,ZIM,1,9,4251.22222222222,402.222222222222,4250,4255,8,8,8,{8}
2013-03-24,MYPKG,"Port Klang",LKCMB,Colombo,3,3,"COSCO; Evergreen Line; Gold Star Line; Hapag-Lloyd; Maersk Line; OOCL; Simatech; Wan Hai; X-Press; ZIM",10,18,10779.1928571429,1355.60714285714,1742,6492,3,4,4,"{4,3,4}"
2013-03-24,MYPKG,"Port Klang",MAPTM,Tanger,1,1,"ANL; CMA CGM; Delmas; FESCO; MSC; UASC",6,11,12211.6363636364,763.636363636364,11388,16000,16,16,16,{16}
2013-03-24,MYPKG,"Port Klang",MTMAR,"Malta (Marsaxlokk)",1,1,"ANL; CMA CGM; Delmas; Maersk Line; MCC; Safmarine",6,11,12602.8181818182,790.909090909091,9415,13092,13,13,13,{13}
2013-03-24,MYPKG,"Port Klang",MYPEN,Penang,5,5,"Evergreen Line; IAL-Interasia Lines; K Line; KMTC; MCC; PanOcean; PIL; Wan Hai; Yang Ming",9,20,11728.5,1572.5,1618,4253,0,1,2,"{1,0,1,2,2}"
2013-03-24,MYPKG,"Port Klang",MYPGU,"Pasir Gudang, Johor",1,1,"Evergreen Line; K Line; Wan Hai; Yang Ming",4,4,2472.5,350.5,2200,2700,2,2,2,{2}
2013-03-24,MYPKG,"Port Klang",MYTPP,"Tanjung Pelepas",5,4,"CMA CGM; Delmas; Evergreen Line; Maersk Line; MCC; Safmarine",6,33,10840.6333333333,2010.47777777778,1713,2824,1,1,2,"{1,2,1,2,1}"
2013-03-24,MYPKG,"Port Klang",NAWVB,"Walvis Bay",1,1,"CMA CGM; Delmas",2,12,3280.33333333333,500,3091,3650,18,18,18,{18}
2013-03-24,MYPKG,"Port Klang",NLRTM,Rotterdam,1,1,"COSCO; CSCL; Evergreen Line; Hanjin Shipping; ZIM",5,9,8356,720.444444444444,8440,10070,17,17,17,{17}
2013-03-24,MYPKG,"Port Klang",PKKHI,Karachi,1,1,"TS Lines",1,6,1697.33333333333,357.333333333333,2546,2546,9,9,9,{9}
2013-03-24,MYPKG,"Port Klang",SAJED,Jeddah,2,2,"ANL; CMA CGM; COSCO; CSCL; Delmas; Evergreen Line; Maersk Line; MCC; Safmarine; UASC; Yang Ming",11,22,19719.1833333333,1491.66666666667,8200,14074,10,10,10,"{10,10}"
2013-03-24,MYPKG,"Port Klang",SGSIN,Singapore,38,38,"Alianca; ANL; APL; BTL-Bengal Tiger Line; CMA CGM; COSCO; CSAV Norasia; CSCL; Delmas; Emirates Shipping; Evergreen Line; Gold Star Line; Hamburg Sud; Hanjin Shipping; Hapag-Lloyd; Heung-A; Hyundai; IAL-Interasia Lines; K Line; KMTC; Maersk Line; MCC; MOL; MSC; NileDutch; NYK; OEL-Orient Express Lines; OOCL; PanOcean; PIL; RCL; Safmarine; Samudera; Simatech; TS Lines; UASC; Wan Hai; X-Press; Yang Ming",39,220,167952.069372294,16705.7816017316,860,14000,0,1,3,"{1,1,3,1,1,1,0,2,1,1,2,1,0,1,1,1,2,1,1,1,1,2,1,1,2,2,2,2,1,2,0,2,1,1,2,0,2,0}"
2013-03-24,MYPKG,"Port Klang",THLCH,"Laem Chabang",1,1,"Gold Star Line",1,4,1317.5,85.5,1169,1367,3,3,3,{3}
2013-03-24,MYPKG,"Port Klang",VNSGN,"Ho Chi Minh (VICT/Cat Lai)",1,1,"Wan Hai",1,4,1307.25,72.5,1125,1368,4,4,4,{4}
2013-03-24,MYPKG,"Port Klang",ZACPT,"Cape Town",1,1,"CMA CGM; Maersk Line; MCC; Safmarine",4,10,3918.5,165,3600,4496,14,14,14,{14}
2013-03-24,MYPKG,"Port Klang",ZADUR,Durban,3,3,"CMA CGM; CSCL; Delmas; Hapag-Lloyd; K Line; MOL; NileDutch; NYK; PIL",9,31,7270.72348484848,985.962121212121,2478,4738,11,11,16,"{11,11,16}"
2013-03-24,MYTMP,"Tanjung Manis",MYBTU,"Bintulu, Sarawak",1,1,MELL,1,2,1063.5,197.5,1042,1085,1,1,1,{1}
2013-03-24,MYTPP,"Tanjung Pelepas",AEJEA,"Dubai, Jebel Ali",1,1,"Maersk Line; Safmarine",2,6,2568.33333333333,331.666666666667,2226,4224,12,12,12,{12}
2013-03-24,MYTPP,"Tanjung Pelepas",BDCGP,Chittagong,3,3,"Evergreen Line; MCC",2,9,4461,877,1118,1713,4,5,5,"{5,4,5}"
2013-03-24,MYTPP,"Tanjung Pelepas",CNTAO,Qingdao,2,2,"COSCO; CSCL; Evergreen Line; Hanjin Shipping; Maersk Line; MCC; Safmarine; ZIM",8,14,11738.8,912.444444444444,4224,10070,6,6,6,"{6,6}"
2013-03-24,MYTPP,"Tanjung Pelepas",CNTXG,Xingang/Tianjin,1,1,"Evergreen Line; Hapag-Lloyd; K Line; MCC; PanOcean; Safmarine; Simatech",7,6,2870.5,508,4112,4498,7,7,7,{7}
2013-03-24,MYTPP,"Tanjung Pelepas",CNXMN,Xiamen,1,1,"Maersk Line; MCC; Safmarine",3,12,4088,162.5,4088,4500,5,5,5,{5}
2013-03-24,MYTPP,"Tanjung Pelepas",EGPSD,"Port Said",1,1,"CMA CGM; Delmas; Maersk Line; MCC; Safmarine",5,10,6459.5,601.5,6418,6627,10,10,10,{10}
2013-03-24,MYTPP,"Tanjung Pelepas",ESALG,Algeciras,1,1,"Hapag-Lloyd; Maersk Line; MCC; NYK; OOCL; Safmarine",6,16,9490.625,725,9030,9700,14,14,14,{14}
2013-03-24,MYTPP,"Tanjung Pelepas",FRLEH,"Le Havre",1,1,"Maersk Line; MCC",2,11,8366.18181818182,700.181818181818,8100,8750,16,16,16,{16}
2013-03-24,MYTPP,"Tanjung Pelepas",GBFXT,Felixstowe,2,2,"Evergreen Line; Hanjin Shipping; Maersk Line; MCC",4,21,15342.4454545455,1334.87272727273,7226,9954,18,18,18,"{18,18}"
2013-03-24,MYTPP,"Tanjung Pelepas",HKHKG,"Hong Kong",2,2,"CMA CGM; Maersk Line; MCC; USL-US Lines",4,21,10699.95,1211.8625,2824,9200,4,5,6,"{6,4}"
2013-03-24,MYTPP,"Tanjung Pelepas",IDJKT,"Jakarta, Java",1,1,MCC,1,5,1751,312.8,1740,1795,2,2,2,{2}
2013-03-24,MYTPP,"Tanjung Pelepas",INMAA,Chennai/Madras,1,1,"Maersk Line; MCC; Safmarine",3,5,3382.8,192,4224,4230,5,5,5,{5}
2013-03-24,MYTPP,"Tanjung Pelepas",KEMBA,Mombasa,1,1,"Maersk Line; Safmarine",2,7,1766.28571428571,238,2468,2478,13,13,13,{13}
2013-03-24,MYTPP,"Tanjung Pelepas",LKCMB,Colombo,6,6,"CMA CGM; Evergreen Line; Hanjin Shipping; Maersk Line; MCC; MOL; NYK; Safmarine; SCI-Shipping Corp. of India; X-Press; Yang Ming",11,54,32274.680952381,3003.75238095238,1869,8750,3,4,5,"{5,4,4,3,5,4}"
2013-03-24,MYTPP,"Tanjung Pelepas",MUPLU,"Port Louis",1,1,"CMA CGM; Maersk Line; MCC; Safmarine",4,9,6948.22222222222,577.777777777778,5447,8488,8,8,8,{8}
2013-03-24,MYTPP,"Tanjung Pelepas",MYBTU,"Bintulu, Sarawak",1,1,"CNC Line-Cheng Lie Navigation Co. Ltd.; Evergreen Line; Yang Ming",3,5,2726.2,346,2078,2959,2,2,2,{2}
2013-03-24,MYTPP,"Tanjung Pelepas",MYKUA,Kuantan,1,1,"Evergreen Line; Yang Ming",2,4,1733.5,208,1618,2080,1,1,1,{1}
2013-03-24,MYTPP,"Tanjung Pelepas",MYPKG,"Port Klang",7,7,"ANL; CMA CGM; COSCO; CSCL; Delmas; Evergreen Line; Hanjin Shipping; Hapag-Lloyd; K Line; Maersk Line; MCC; OOCL; PanOcean; Safmarine; Simatech; ZIM",16,57,41035.2015151515,3802.5202020202,2492,13092,0,1,2,"{1,1,0,1,2,1,0}"
2013-03-24,MYTPP,"Tanjung Pelepas",NAWVB,"Walvis Bay",1,1,"Maersk Line; MCC; Safmarine",3,12,4088,162.5,4088,4500,17,17,17,{17}
2013-03-24,MYTPP,"Tanjung Pelepas",NLRTM,Rotterdam,1,1,"Maersk Line; MCC",2,12,14214.6666666667,908.333333333333,9658,15550,18,18,18,{18}
2013-03-24,MYTPP,"Tanjung Pelepas",REPDG,"Reunion Island",1,1,"CMA CGM; Delmas; Maersk Line; Safmarine",4,9,2220.33333333333,317.777777777778,1740,2529,11,11,11,{11}
2013-03-24,MYTPP,"Tanjung Pelepas",SGSIN,Singapore,13,11,"Alianca; ANL; APL; CMA CGM; COSCO; CSAV; CSCL; Evergreen Line; Hamburg Sud; Hapag-Lloyd; Libra-Montemar; Maersk Line; MCC; MOL; MSC; NYK; Safmarine",17,95,39974.8972943723,6308.86742424242,1496,8500,0,1,2,"{1,1,1,1,0,0,1,0,1,0,2,0,1}"
2013-03-24,MYTPP,"Tanjung Pelepas",TGLFW,Lome,1,1,"Maersk Line; Safmarine",2,10,2476.3,442.2,2226,2556,29,29,29,{29}
2013-03-24,MYTPP,"Tanjung Pelepas",THLCH,"Laem Chabang",2,2,"CMA CGM; Gold Star Line; MCC",3,8,4487.66666666667,747.4,1713,2824,3,3,3,"{3,3}"
2013-03-24,MYTPP,"Tanjung Pelepas",TRIZT,Izmit,1,1,"ANL; CMA CGM; Maersk Line; MCC; Safmarine",5,11,7494.63636363636,918.181818181818,6554,8073,15,15,15,{15}
2013-03-24,MYTPP,"Tanjung Pelepas",TWKHH,Kaohsiung,2,2,"CMA CGM; Evergreen Line; Hanjin Shipping; MOL; Yang Ming",5,24,12828.3,1407.42857142857,5364,8452,4,4,4,"{4,4}"
2013-03-24,MYTPP,"Tanjung Pelepas",USNYC,"New York NY/NJ",1,1,"CMA CGM; Maersk Line; MCC; USL-US Lines",4,16,8440.75,743.0625,7370,9200,22,22,22,{22}
2013-03-24,MYTPP,"Tanjung Pelepas",VNSGN,"Ho Chi Minh (VICT/Cat Lai)",1,1,"Hanjin Shipping; Heung-A; PanOcean",3,3,1749.33333333333,293,1708,1800,2,2,2,{2}
2013-03-24,MYTPP,"Tanjung Pelepas",VNTCT,"Cai Mep",1,1,"Hapag-Lloyd; Maersk Line; MCC; NYK; OOCL; Safmarine",6,16,9490.625,725,9030,9700,2,2,2,{2}
2013-03-24,MZBEW,Beira,MZMNC,Nacala,1,1,"CMA CGM; Delmas; Maersk Line; Safmarine",4,9,2220.33333333333,317.777777777778,1740,2529,3,3,3,{3}
2013-03-24,MZMNC,Nacala,MUPLU,"Port Louis",1,1,"CMA CGM; Delmas; Maersk Line; Safmarine",4,9,2220.33333333333,317.777777777778,1740,2529,4,4,4,{4}
2013-03-24,MZMNC,Nacala,SCPOV,"Seychelles Is., Port Victoria",1,1,"CMA CGM; Delmas",2,5,1687.2,246,1638,1730,4,4,4,{4}
2013-03-24,MZMPM,Maputo,MGTOA,Tamatave/Toamasina,1,1,MOL,1,3,5413.33333333333,666.666666666667,2442,2839,0,0,0,{0}
2013-03-24,MZMPM,Maputo,MZBEW,Beira,1,1,"CMA CGM; Delmas; Maersk Line; Safmarine",4,9,2220.33333333333,317.777777777778,1740,2529,9,9,9,{9}
2013-03-24,MZPOL,Pemba,PKKHI,Karachi,1,1,"UAFL-United Africa Feeder Line",1,4,2459.28571428571,257.142857142857,1684,1742,8,8,8,{8}
2013-03-24,NAWVB,"Walvis Bay",AOLAD,Luanda,1,1,"CMA CGM; Delmas",2,10,2080,295.2,1730,2670,3,3,3,{3}
2013-03-24,NAWVB,"Walvis Bay",LKCMB,Colombo,1,1,"CMA CGM; Delmas",2,12,3280.33333333333,500,3091,3650,16,16,16,{16}
2013-03-24,NAWVB,"Walvis Bay",MYPKG,"Port Klang",1,1,"Maersk Line; Safmarine",2,10,2476.3,442.2,2226,2556,19,19,19,{19}
2013-03-24,NAWVB,"Walvis Bay",NGAPP,Apapa,2,2,"CMA CGM; Delmas; Maersk Line; MCC; Safmarine",5,24,7368.33333333333,662.5,3091,4500,5,6,7,"{5,7}"
2013-03-24,NAWVB,"Walvis Bay",NGTIN,"Lagos, Tin Can",2,1,"Maersk Line; Safmarine",2,18,5836,672.888888888889,1169,1740,8,8,8,"{8,8}"
2013-03-24,NCNOU,Noumea,AUSYD,Sydney,1,1,"ANL; CMA CGM; Delmas; Marfret; USL-US Lines",5,6,4809.33333333333,960.666666666667,2262,2556,3,3,3,{3}
2013-03-24,NCNOU,Noumea,FJSUV,Suva,1,1,"Swire Shipping",1,2,6171.42857142857,714.285714285714,1728,1728,3,3,3,{3}
2013-03-24,NCNOU,Noumea,HKHKG,"Hong Kong",1,1,"ANL; CMA CGM; Delmas; OOCL",4,7,1992.42857142857,371.142857142857,1740,2758,13,13,13,{13}
2013-03-24,NGAPP,Apapa,CIABJ,Abidjan,2,2,"CMA CGM; Delmas; Hapag-Lloyd; MOL; ZIM",5,14,3733,495.2,1576,2670,2,2.5,3,"{3,2}"
2013-03-24,NGAPP,Apapa,CMDLA,Douala,2,2,"Maersk Line; MSC; Safmarine",3,11,5489.66666666667,499.166666666667,2478,3424,1,1.5,2,"{2,1}"
2013-03-24,NGAPP,Apapa,GHTEM,Tema,1,1,"CMA CGM; Delmas",2,7,2414.57142857143,445.428571428571,1550,2826,0,0,0,{0}
2013-03-24,NGAPP,Apapa,NGTIN,"Lagos, Tin Can",4,4,"CMA CGM; COSCO; Delmas; Gold Star Line; Maersk Line; MCC; Safmarine; ZIM",8,37,11338.9761904762,1227.35714285714,1742,4500,0,0,0,"{0,0,0,0}"
2013-03-24,NGONN,Onne,CIABJ,Abidjan,1,1,"CMA CGM; Delmas",2,12,3280.33333333333,500,3091,3650,3,3,3,{3}
2013-03-24,NGONN,Onne,CMDLA,Douala,1,1,"Maersk Line; Safmarine",2,10,2476.3,442.2,2226,2556,2,2,2,{2}
2013-03-24,NGONN,Onne,GHTKD,Takoradi,1,1,"Maersk Line; Safmarine",2,6,2513,377.333333333333,2456,2578,5,5,5,{5}
2013-03-24,NGTIN,"Lagos, Tin Can",BJCOO,Cotonou,1,1,"CMA CGM; Delmas",2,12,3280.33333333333,500,3091,3650,1,1,1,{1}
2013-03-24,NGTIN,"Lagos, Tin Can",CIABJ,Abidjan,1,1,"Maersk Line; MCC; Safmarine",3,12,4088,162.5,4088,4500,1,1,1,{1}
2013-03-24,NGTIN,"Lagos, Tin Can",ESALG,Algeciras,2,1,"Maersk Line; Safmarine",2,18,5836,672.888888888889,1169,1740,12,12,12,"{12,12}"
2013-03-24,NGTIN,"Lagos, Tin Can",GHTEM,Tema,4,4,"COSCO; Evergreen Line; Gold Star Line; Hanjin Shipping; MSC; UASC; ZIM",7,22,12732.5595238095,1549.69047619048,1678,3681,0,1.5,3,"{3,1,2,0}"
2013-03-24,NGTIN,"Lagos, Tin Can",GHTKD,Takoradi,1,1,"CMA CGM; Delmas",2,7,2414.57142857143,445.428571428571,1550,2826,1,1,1,{1}
2013-03-24,NGTIN,"Lagos, Tin Can",MAPTM,Tanger,1,1,"Maersk Line; Safmarine",2,4,1251.5,210,2500,2506,10,10,10,{10}
2013-03-24,NGTIN,"Lagos, Tin Can",NGAPP,Apapa,2,2,"CMA CGM; Delmas; MSC",3,16,5091.66666666667,442.366666666667,1730,3424,0,0,0,"{0,0}"
2013-03-24,NGTIN,"Lagos, Tin Can",ZADUR,Durban,2,2,"CSCL; Hapag-Lloyd; K Line; NileDutch; NYK; PIL",6,17,4434.68181818182,792.116883116883,1075,2758,11,11,11,"{11,11}"
2013-03-24,NICIO,Corinto,CRCAL,"Puerto Caldera",3,3,"Alianca; CMA CGM; CSAV; Evergreen Line; Hamburg Sud; Hapag-Lloyd; NYK; X-Press",8,8,5197,827,862,2664,0,1,2,"{0,1,2}"
2013-03-24,NICIO,Corinto,SVAQJ,Acajutla,1,1,"Maersk Line",1,4,1923.75,432.75,1713,2556,2,2,2,{2}
2013-03-24,NLRTM,Rotterdam,AEJEA,"Dubai, Jebel Ali",1,1,"APL; Hapag-Lloyd; Hyundai; MOL; NYK; OOCL",6,11,8042.63636363636,676.545454545455,8100,9300,17,17,17,{17}
2013-03-24,NLRTM,Rotterdam,BEANR,Antwerp,9,9,"Borchard Lines Ltd; CMA CGM; CSAV; Hapag-Lloyd; Maersk Line; MSC; WEC Lines",7,57,40983.4585137085,4658.38455988456,862,14000,1,1,2,"{2,1,1,1,1,1,2,2,1}"
2013-03-24,NLRTM,Rotterdam,BEZEE,Zeebrugge,1,1,"ANL; CMA CGM; Delmas; FESCO; MSC; UASC",6,11,12211.6363636364,763.636363636364,11388,16000,1,1,1,{1}
2013-03-24,NLRTM,Rotterdam,CAHAL,Halifax,1,1,"ACL-Atlantic Container Line; Hapag-Lloyd; NYK; OOCL",4,15,4706.06666666667,396.133333333333,4545,4890,7,7,7,{7}
2013-03-24,NLRTM,Rotterdam,DEBRV,Bremerhaven,11,11,"Alianca; APL; CMA CGM; COSCO; CSAV; Delmas; Hamburg Sud; Hanjin Shipping; Hapag-Lloyd; Hyundai; Libra-Montemar; Maersk Line; MCC; MOL; MSC; OOCL; Safmarine; Seago Line",18,77,63440.4606060606,7401.50216450216,862,15550,0,2,3,"{3,2,2,2,2,3,0,2,2,2,2}"
2013-03-24,NLRTM,Rotterdam,DEHAM,Hamburg,15,15,"ACL-Atlantic Container Line; Alianca; ANL; APL; CMA CGM; COSCO; CSAV; CSCL; Delmas; Evergreen Line; Hamburg Sud; Hanjin Shipping; Hapag-Lloyd; Hyundai; K Line; Libra-Montemar; Maersk Line; MOL; MSC; NYK; OOCL; UASC; Yang Ming; ZIM",24,126,95085.5737012987,10126.6011544012,1740,14074,1,2,2,"{1,2,1,2,2,1,2,1,2,1,1,2,2,1,2}"
2013-03-24,NLRTM,Rotterdam,FRDKK,Dunkirk,2,2,"ANL; CMA CGM; Delmas; Marfret; OPDR; USL-US Lines",6,8,5944.19047619048,1220.09523809524,868,2556,1,1.5,2,"{2,1}"
2013-03-24,NLRTM,Rotterdam,FRLEH,"Le Havre",4,4,"ANL; APL; CMA CGM; COSCO; Evergreen Line; Hanjin Shipping; Hapag-Lloyd; Hyundai; K Line; Maersk Line; MOL; UASC; Yang Ming; ZIM",14,41,24418.2867132867,1935.56643356643,4024,13102,1,1.5,2,"{2,1,2,1}"
2013-03-24,NLRTM,Rotterdam,GBFXT,Felixstowe,7,7,"APL; CMA CGM; COSCO; CSAV; CSCL; Evergreen Line; Hanjin Shipping; Hapag-Lloyd; Hyundai; K Line; Maersk Line; MSC; OPDR; PIL; Stinnes; Yang Ming",16,59,41990.7666666667,3197.61904761905,698,13500,0,1,2,"{2,0,2,0,1,1,1}"
2013-03-24,NLRTM,Rotterdam,GBSOU,Southampton,1,1,"ANL; CMA CGM; CSCL; Delmas; Evergreen Line; MSC; UASC",7,12,11245.3333333333,766.666666666667,10960,11388,2,2,2,{2}
2013-03-24,NLRTM,Rotterdam,GBTIL,Tilbury,3,3,"Alianca; CMA CGM; CSAV; DAL-Deutsche Afrika Linien; Delmas; Hamburg Sud; Hapag-Lloyd; Maersk Line; Marfret; MOL; MSC; Safmarine",12,21,13336.25,2748.42857142857,1678,7154,1,1,1,"{1,1,1}"
2013-03-24,NLRTM,Rotterdam,HKHKG,"Hong Kong",2,2,"CMA CGM; COSCO; CSCL; Evergreen Line; Hanjin Shipping; Yang Ming; ZIM",7,19,14637.7888888889,1289.26666666667,4250,9954,25,28,31,"{25,31}"
2013-03-24,NLRTM,Rotterdam,ITGIT,"Gioia Tauro",1,1,"CMA CGM; CSAV Norasia; MSC; WEC Lines",4,12,12929.3333333333,1033.33333333333,10640,14000,6,6,6,{6}
2013-03-24,NLRTM,Rotterdam,JOAQJ,Aqaba,1,1,"Maersk Line; Safmarine",2,7,6746.71428571429,709.142857142857,6673,6802,11,11,11,{11}
2013-03-24,NLRTM,Rotterdam,MAPTM,Tanger,1,1,"Maersk Line; MCC",2,12,14214.6666666667,908.333333333333,9658,15550,5,5,5,{5}
2013-03-24,NLRTM,Rotterdam,OMSLL,Salalah,1,1,"Maersk Line; MCC",2,12,7409,525.333333333333,6700,8750,15,15,15,{15}
2013-03-24,NLRTM,Rotterdam,PTLEI,Leixoes,1,1,OPDR,1,5,698,120,698,698,3,3,3,{3}
2013-03-24,NLRTM,Rotterdam,SAJED,Jeddah,1,1,"APL; Hapag-Lloyd; Hyundai; MOL; NYK; OOCL",6,11,12804.8181818182,572.727272727273,10100,14000,15,15,15,{15}
2013-03-24,NOSLX,Sortland,ISREY,Reykjavik,1,1,Eimskip,1,1,2991.42857142857,514.285714285714,698,698,4,4,4,{4}
2013-03-24,NZAKL,Auckland,AUMEL,Melbourne,2,2,"Alianca; ANL; CMA CGM; Hamburg Sud; Hapag-Lloyd; Maersk Line; MSC; USL-US Lines",8,9,13476.7142857143,2137.64285714286,2478,3635,5,5,5,"{5,5}"
2013-03-24,NZAKL,Auckland,AUSYD,Sydney,1,1,"Alianca; Hamburg Sud; Hapag-Lloyd; Maersk Line; MSC",5,10,3381.5,684.2,2824,3752,3,3,3,{3}
2013-03-24,NZAKL,Auckland,NZLYT,Lyttelton,2,2,"Alianca; COSCO; Hamburg Sud; Hapag-Lloyd; MOL; NYK; OOCL; PIL",8,11,7925.46666666667,1066.33333333333,3534,4578,1,1.5,2,"{2,1}"
2013-03-24,NZAKL,Auckland,NZPOE,"Port Chalmers",1,1,"ANL; CMA CGM; Delmas; OOCL",4,7,1992.42857142857,371.142857142857,1740,2758,4,4,4,{4}
2013-03-24,NZAKL,Auckland,NZTRG,Tauranga,3,3,"Alianca; ANL; CMA CGM; Hamburg Sud; Hapag-Lloyd; Maersk Line; MSC; USL-US Lines",8,19,16353.3142857143,2705.24285714286,2478,3635,1,1,1,"{1,1,1}"
2013-03-24,NZAKL,Auckland,PAMIT,Manzanillo,1,1,"Alianca; Hamburg Sud; Hapag-Lloyd; Maersk Line; MSC",5,10,3381.5,684.2,2824,3752,17,17,17,{17}
2013-03-24,NZAKL,Auckland,PFPPT,"Papeete, Tahiti",1,1,"Alianca; ANL; Hamburg Sud; Hapag-Lloyd; USL-US Lines",5,4,5536.5,933,2490,3100,5,5,5,{5}
2013-03-24,NZBLU,Bluff,NZPOE,"Port Chalmers",1,1,MSC,1,7,3576.14285714286,403.571428571429,2440,4132,0,0,0,{0}
2013-03-24,NZLYT,Lyttelton,NZBLU,Bluff,1,1,MSC,1,7,3576.14285714286,403.571428571429,2440,4132,0,0,0,{0}
2013-03-24,NZLYT,Lyttelton,NZNPE,Napier,3,3,"Alianca; ANL; CMA CGM; COSCO; Delmas; Hamburg Sud; Hapag-Lloyd; MOL; MSC; NYK; OOCL",11,20,9453.2380952381,1401.04761904762,1740,4298,1,1,1,"{1,1,1}"
2013-03-24,NZLYT,Lyttelton,NZPOE,"Port Chalmers",1,1,"Alianca; CMA CGM; Hamburg Sud; Hapag-Lloyd; Maersk Line",5,10,2876.6,567.6,2824,3267,1,1,1,{1}
2013-03-24,NZLYT,Lyttelton,NZWLG,Wellington,1,1,"Hapag-Lloyd; MOL; NYK; OOCL; PIL",5,5,4040.8,440,3534,4578,1,1,1,{1}
2013-03-24,NZMAP,"Marsden Point",NZTRG,Tauranga,1,1,"Swire Shipping",1,2,6171.42857142857,714.285714285714,1728,1728,4,4,4,{4}
2013-03-24,NZNPE,Napier,NZTRG,Tauranga,7,7,"Alianca; ANL; CMA CGM; COSCO; Delmas; Hamburg Sud; Hapag-Lloyd; Maersk Line; Marfret; MOL; MSC; NYK; OOCL; PIL; USL-US Lines",15,50,23482.0777777778,3676.39047619048,1398,4578,0,1,3,"{0,3,3,0,0,1,1}"
2013-03-24,NZNSN,Nelson,NZLYT,Lyttelton,1,1,"Alianca; CMA CGM; Hamburg Sud; Hapag-Lloyd; Maersk Line",5,10,2876.6,567.6,2824,3267,2,2,2,{2}
2013-03-24,NZPOE,"Port Chalmers",AUBNE,Brisbane,1,1,MSC,1,7,3576.14285714286,403.571428571429,2440,4132,0,0,0,{0}
2013-03-24,NZPOE,"Port Chalmers",MYTPP,"Tanjung Pelepas",1,1,"Alianca; CMA CGM; Hamburg Sud; Hapag-Lloyd; Maersk Line",5,10,2876.6,567.6,2824,3267,14,14,14,{14}
2013-03-24,NZPOE,"Port Chalmers",NZLYT,Lyttelton,1,1,"ANL; CMA CGM; Delmas; OOCL",4,7,1992.42857142857,371.142857142857,1740,2758,1,1,1,{1}
2013-03-24,NZPOE,"Port Chalmers",NZNPE,Napier,1,1,"Alianca; Hamburg Sud; Hapag-Lloyd; Maersk Line; MSC",5,10,3381.5,684.2,2824,3752,3,3,3,{3}
2013-03-24,NZTIU,Timaru,NZLYT,Lyttelton,1,1,MSC,1,7,3576.14285714286,403.571428571429,2440,4132,1,1,1,{1}
2013-03-24,NZTRG,Tauranga,AUBNE,Brisbane,2,2,"MSC; PIL",2,16,5373.34920634921,594.047619047619,1398,4132,4,4,4,"{4,4}"
2013-03-24,NZTRG,Tauranga,AUSYD,Sydney,1,1,"Alianca; ANL; Hamburg Sud; Hapag-Lloyd; USL-US Lines",5,4,5536.5,933,2490,3100,4,4,4,{4}
2013-03-24,NZTRG,Tauranga,JPTYO,Tokyo,1,1,"Alianca; COSCO; Hamburg Sud; Hapag-Lloyd; MOL; NYK",6,6,3884.66666666667,626.333333333333,3534,4298,11,11,11,{11}
2013-03-24,NZTRG,Tauranga,MYPKG,"Port Klang",1,1,"Hapag-Lloyd; MOL; NYK; OOCL; PIL",5,5,4040.8,440,3534,4578,12,12,12,{12}
2013-03-24,NZTRG,Tauranga,MYTPP,"Tanjung Pelepas",1,1,"Alianca; CMA CGM; Hamburg Sud; Hapag-Lloyd; Maersk Line",5,10,2876.6,567.6,2824,3267,14,14,14,{14}
2013-03-24,NZTRG,Tauranga,NCNOU,Noumea,1,1,"ANL; CMA CGM; Delmas; OOCL",4,7,1992.42857142857,371.142857142857,1740,2758,3,3,3,{3}
2013-03-24,NZTRG,Tauranga,NZAKL,Auckland,1,1,"Alianca; Hamburg Sud; Hapag-Lloyd; Maersk Line; MSC",5,10,3381.5,684.2,2824,3752,1,1,1,{1}
2013-03-24,NZTRG,Tauranga,NZWLG,Wellington,1,1,"Alianca; CMA CGM; Hamburg Sud; Hapag-Lloyd; Maersk Line",5,10,2876.6,567.6,2824,3267,1,1,1,{1}
2013-03-24,NZTRG,Tauranga,PAMIT,Manzanillo,1,1,"ANL; CMA CGM; Delmas; Marfret; USL-US Lines",5,6,4809.33333333333,960.666666666667,2262,2556,14,14,14,{14}
2013-03-24,NZTRG,Tauranga,PHSFS,"Subic Bay",1,1,"Swire Shipping",1,2,6171.42857142857,714.285714285714,1728,1728,17,17,17,{17}
2013-03-24,NZTRG,Tauranga,USHNL,"Honolulu HI",1,1,"Alianca; ANL; CMA CGM; Hamburg Sud; Hapag-Lloyd; Maersk Line; MSC; USL-US Lines",8,2,11328.5714285714,1783.92857142857,2758,3586,10,10,10,{10}
2013-03-24,NZTRG,Tauranga,USOAK,"Oakland CA",1,1,"Alianca; ANL; CMA CGM; Hamburg Sud; Hapag-Lloyd; Maersk Line; MSC; USL-US Lines",8,7,2148.14285714286,353.714285714286,2478,3635,17,17,17,{17}
2013-03-24,NZWLG,Wellington,NZNPE,Napier,1,1,"Hapag-Lloyd; MOL; NYK; OOCL; PIL",5,5,4040.8,440,3534,4578,1,1,1,{1}
2013-03-24,NZWLG,Wellington,NZNSN,Nelson,1,1,"Alianca; CMA CGM; Hamburg Sud; Hapag-Lloyd; Maersk Line",5,10,2876.6,567.6,2824,3267,1,1,1,{1}
2013-03-24,OMMNQ,"Mina Qaboos",PKKHI,Karachi,1,1,"CSCL; UASC",2,8,4117.875,489.875,3802,4300,3,3,3,{3}
2013-03-24,OMSLL,Salalah,AEJEA,"Dubai, Jebel Ali",5,5,"APL; Maersk Line; MCC; MSC; Safmarine",5,39,29843.9730769231,2517.91025641026,2524,14000,3,3,4,"{3,3,4,3,4}"
2013-03-24,OMSLL,Salalah,AEKLF,"Khor Fakkan",1,1,"ANL; CMA CGM; Delmas; Maersk Line; MCC; Safmarine",6,11,12602.8181818182,790.909090909091,9415,13092,4,4,4,{4}
2013-03-24,OMSLL,Salalah,DJJIB,Djibouti,1,1,APL,1,4,4121.25,375.5,3500,4369,2,2,2,{2}
2013-03-24,OMSLL,Salalah,EGPSD,"Port Said",1,1,"Maersk Line; Safmarine",2,6,3574.33333333333,253.333333333333,3426,3604,6,6,6,{6}
2013-03-24,OMSLL,Salalah,ILHFA,Haifa,1,1,MSC,1,13,6781.23076923077,515.384615384615,5550,9200,6,6,6,{6}
2013-03-24,OMSLL,Salalah,INNSA,"Mumbai (Nhava Sheva)",1,1,"CSAV; MSC; WEC Lines",3,7,7387.14285714286,702.571428571429,5762,8800,5,5,5,{5}
2013-03-24,OMSLL,Salalah,ITGIT,"Gioia Tauro",1,1,"CSAV Norasia; MSC; SCI-Shipping Corp. of India",3,8,5768.625,528,4400,6730,8,8,8,{8}
2013-03-24,OMSLL,Salalah,MYTPP,"Tanjung Pelepas",1,1,"Hapag-Lloyd; Maersk Line; MCC; NYK; OOCL; Safmarine",6,16,9490.625,725,9030,9700,10,10,10,{10}
2013-03-24,OMSLL,Salalah,NLRTM,Rotterdam,1,1,"APL; Hapag-Lloyd; Hyundai; MOL; NYK; OOCL",6,11,8960.09090909091,579.090909090909,8063,10700,13,13,13,{13}
2013-03-24,OMSLL,Salalah,REPDG,"Reunion Island",1,1,"Maersk Line; Safmarine",2,8,3453,550,3108,3534,6,6,6,{6}
2013-03-24,OMSLL,Salalah,SAJED,Jeddah,6,5,"CSAV; Maersk Line; MSC; Safmarine; WEC Lines",5,53,28637.5443223443,2515.49120879121,2668,8800,1,3.5,6,"{3,1,6,4,4,3}"
2013-03-24,OMSLL,Salalah,SGSIN,Singapore,2,2,"APL; CSAV Norasia; Hapag-Lloyd; Hyundai; MOL; MSC; NYK; OOCL",8,22,20973.5454545455,1524.54545454545,8063,14000,8,9,10,"{10,8}"
2013-03-24,OMSLL,Salalah,TZDAR,"Dar es Salaam",1,1,"Maersk Line; Safmarine",2,5,2039.6,372,2524,2572,7,7,7,{7}
2013-03-24,OMSLL,Salalah,USNYC,"New York NY/NJ",1,1,"Maersk Line; Safmarine",2,7,4288,385.714285714286,4154,4338,14,14,14,{14}
2013-03-24,OMSLL,Salalah,ZAZBA,"Ngqura (Coega)",1,1,MSC,1,5,3847.2,322,3600,4038,11,11,11,{11}
2013-03-24,OMSOH,Sohar,OMMNQ,"Mina Qaboos",1,1,"CSCL; UASC",2,8,4117.875,489.875,3802,4300,1,1,1,{1}
2013-03-24,OMSOH,Sohar,SGSIN,Singapore,1,1,"APL; MOL",2,6,4156.33333333333,348,5888,6350,8,8,8,{8}
2013-03-24,PABLB,Balboa,COBUN,Buenaventura,4,4,"Alianca; APL; CCNI; CSCL; Hamburg Sud; Hanjin Shipping; Hyundai; Maersk Line; MCC; MOL; MSC",11,33,17079.29004329,2653.83982683983,2550,6696,1,1,2,"{1,1,1,2}"
2013-03-24,PABLB,Balboa,COCTG,Cartagena,1,1,"Alianca; CCNI; CSAV; Hamburg Sud; Libra-Montemar",5,6,3192.16666666667,464.333333333333,2742,3534,2,2,2,{2}
2013-03-24,PABLB,Balboa,ECESM,Esmeraldas,1,1,"Maersk Line",1,2,2556,600,2556,2556,1,1,1,{1}
2013-03-24,PABLB,Balboa,ECGYE,Guayaquil,3,3,"CSAV; Maersk Line; MOL; MSC",4,15,8230.58333333333,1691.5,1350,4549,2,2,4,"{4,2,2}"
2013-03-24,PABLB,Balboa,JMKIN,Kingston,1,1,"CSCL; ZIM",2,10,4864,473,4253,5040,1,1,1,{1}
2013-03-24,PABLB,Balboa,KRPUS,Busan,1,1,"APL; Hyundai; MOL",3,9,4147.66666666667,331.333333333333,4380,4892,20,20,20,{20}
2013-03-24,PABLB,Balboa,MXLZC,"Lazaro Cardenas",2,2,"CMA CGM; CSAV; CSCL; Libra-Montemar; Maersk Line; MCC; MSC",7,22,11108.9666666667,1004.33333333333,5618,8488,5,5.5,6,"{5,6}"
2013-03-24,PABLB,Balboa,NICIO,Corinto,1,1,"Maersk Line",1,4,1923.75,432.75,1713,2556,3,3,3,{3}
2013-03-24,PABLB,Balboa,NZAKL,Auckland,1,1,"Alianca; Hamburg Sud; Hapag-Lloyd; Maersk Line; MSC",5,10,3381.5,684.2,2824,3752,18,18,18,{18}
2013-03-24,PABLB,Balboa,PACTB,Cristobal,4,4,"CSAV; MSC",2,32,18986.2587301587,2402.83174603175,3922,5301,0,0.5,1,"{1,0,1,0}"
2013-03-24,PABLB,Balboa,PAMIT,Manzanillo,3,3,"APL; CMA CGM; Hyundai; Maersk Line; MOL; MSC; Safmarine",7,30,10337.0918803419,1697.38034188034,2556,5100,0,1,1,"{0,1,1}"
2013-03-24,PABLB,Balboa,PECLL,Callao,2,2,"CMA CGM; CSAV; Libra-Montemar; MSC",4,21,13252.4444444444,1376.55555555556,4549,9200,3,3.5,4,"{4,3}"
2013-03-24,PABLB,Balboa,PEPAI,Paita,1,1,"APL; MOL",2,3,1500.33333333333,353.666666666667,1296,1901,2,2,2,{2}
2013-03-24,PABLB,Balboa,RUVYP,Vostochniy,1,1,"Maersk Line; MCC",2,9,7572.44444444444,624.888888888889,7226,8950,16,16,16,{16}
2013-03-24,PABLB,Balboa,SVAQJ,Acajutla,1,1,"APL; MOL",2,3,1500.33333333333,353.666666666667,1296,1901,3,3,3,{3}
2013-03-24,PABLB,Balboa,USLAX,"Los Angeles CA",1,1,"APL; CMA CGM; Hyundai; Maersk Line; MOL",5,13,4730.23076923077,390.769230769231,4589,5100,7,7,7,{7}
2013-03-24,PABLB,Balboa,USLGB,"Long Beach CA",1,1,MSC,1,10,4949.6,570.8,3922,5301,7,7,7,{7}
2013-03-24,PACTB,Cristobal,BSFPO,Freeport,1,1,MSC,1,7,4655.71428571429,422.142857142857,4322,5059,4,4,4,{4}
2013-03-24,PACTB,Cristobal,CRLIO,"Puerto Limon",1,1,"Seaboard Marine",1,3,1521.33333333333,278,1296,1718,5,5,5,{5}
2013-03-24,PACTB,Cristobal,DEBRV,Bremerhaven,1,1,"CSAV; MSC",2,6,4300.83333333333,675,4250,4549,12,12,12,{12}
2013-03-24,PACTB,Cristobal,DOHAI,"Rio Haina",1,1,"Seaboard Marine",1,3,1010.66666666667,230.666666666667,957,1118,4,4,4,{4}
2013-03-24,PACTB,Cristobal,ITGIT,"Gioia Tauro",1,1,MSC,1,10,4949.6,570.8,3922,5301,13,13,13,{13}
2013-03-24,PACTB,Cristobal,NLRTM,Rotterdam,1,1,"CSAV; MSC",2,9,5080.11111111111,734.888888888889,4549,5301,12,12,12,{12}
2013-03-24,PACTB,Cristobal,PABLB,Balboa,3,3,"CSAV; MSC",2,26,14685.4253968254,1727.83174603175,3922,5301,1,1,1,"{1,1,1}"
2013-03-24,PAMIT,Manzanillo,BRMAO,Manaus,1,1,"CMA CGM",1,9,1716.88888888889,373.111111111111,1728,2546,10,10,10,{10}
2013-03-24,PAMIT,Manzanillo,COBAQ,Barranquilla,1,1,"King Ocean",1,2,957,236,957,957,1,1,1,{1}
2013-03-24,PAMIT,Manzanillo,COBUN,Buenaventura,1,1,"Maersk Line; MSC; Safmarine",3,9,3027.11111111111,739.111111111111,2797,3100,3,3,3,{3}
2013-03-24,PAMIT,Manzanillo,COCTG,Cartagena,6,6,"Alianca; CMA CGM; CSAV; CSCL; Hamburg Sud; Hapag-Lloyd; Libra-Montemar; Maersk Line; MSC",9,53,20416.2916666667,3601.44242424242,2023,5100,1,1,2,"{1,1,1,2,1,1}"
2013-03-24,PAMIT,Manzanillo,COSMR,"Santa Marta",1,1,"Maersk Line",1,8,2579.75,567.5,2556,2592,1,1,1,{1}
2013-03-24,PAMIT,Manzanillo,CRLIO,"Puerto Limon",4,4,"Alianca; CMA CGM; Crowley; Delmas; Evergreen Line; Hamburg Sud; Maersk Line; Marfret; SeaFreight Line; ZIM",10,17,6591.35,1176.08333333333,1100,2790,0,0.5,1,"{1,0,1,0}"
2013-03-24,PAMIT,Manzanillo,CRMOB,Moin,1,1,"Maersk Line",1,6,2544.33333333333,600,2530,2556,1,1,1,{1}
2013-03-24,PAMIT,Manzanillo,ECGYE,Guayaquil,2,2,"Alianca; CCNI; CMA CGM; CSAV; Hamburg Sud; Hapag-Lloyd; Libra-Montemar",7,14,6525.66666666667,1076.83333333333,2023,3739,3,4,5,"{3,5}"
2013-03-24,PAMIT,Manzanillo,ESALG,Algeciras,1,1,"Maersk Line; MSC; Safmarine",3,9,3027.11111111111,739.111111111111,2797,3100,12,12,12,{12}
2013-03-24,PAMIT,Manzanillo,JMKIN,Kingston,2,2,"ANL; CMA CGM; Delmas; Hapag-Lloyd; Marfret; NYK; OOCL; USL-US Lines; ZIM",9,16,9692.83333333333,1405.86666666667,2262,5060,1,1,1,"{1,1}"
2013-03-24,PAMIT,Manzanillo,KRPUS,Busan,1,1,"Hapag-Lloyd; NYK; OOCL; ZIM",4,10,4883.5,445.2,4626,5060,21,21,21,{21}
2013-03-24,PAMIT,Manzanillo,PABLB,Balboa,2,2,"APL; CMA CGM; Hyundai; Maersk Line; MOL",5,21,7309.98076923077,958.269230769231,2556,5100,0,1,2,"{2,0}"
2013-03-24,PAMIT,Manzanillo,PECLL,Callao,1,1,"Alianca; CMA CGM; Hamburg Sud; Hapag-Lloyd",4,8,4201.625,1044.75,3752,5042,5,5,5,{5}
2013-03-24,PAMIT,Manzanillo,PFPPT,"Papeete, Tahiti",1,1,"ANL; CMA CGM; Delmas; Marfret; USL-US Lines",5,6,4809.33333333333,960.666666666667,2262,2556,10,10,10,{10}
2013-03-24,PAMIT,Manzanillo,RUVYP,Vostochniy,1,1,"Maersk Line; MCC",2,10,4034,417.6,4530,5762,24,24,24,{24}
2013-03-24,PAMIT,Manzanillo,USCHS,"Charleston SC",1,1,"APL; CMA CGM; Hyundai; Maersk Line; MOL",5,5,4259.6,618.8,4250,4298,3,3,3,{3}
2013-03-24,PAMIT,Manzanillo,USHOU,"Houston TX",1,1,"ANL; CMA CGM; CSCL; Delmas; UASC; USL-US Lines",6,11,5015.63636363636,356.363636363636,4367,5095,3,3,3,{3}
2013-03-24,PAMIT,Manzanillo,USLAX,"Los Angeles CA",1,1,"ACL-Atlantic Container Line; Hapag-Lloyd; NYK; OOCL",4,15,4706.06666666667,396.133333333333,4545,4890,7,7,7,{7}
2013-03-24,PAMIT,Manzanillo,USMIA,"Miami FL",1,1,"APL; CMA CGM; Hyundai; Maersk Line; MOL",5,13,4730.23076923077,390.769230769231,4589,5100,3,3,3,{3}
2013-03-24,PAMIT,Manzanillo,USNYC,"New York NY/NJ",1,1,"APL; Hyundai; MOL",3,9,4147.66666666667,331.333333333333,4380,4892,4,4,4,{4}
2013-03-24,PAMIT,Manzanillo,USSAV,"Savannah GA",1,1,"ACL-Atlantic Container Line; Hapag-Lloyd; NYK; OOCL",4,15,4706.06666666667,396.133333333333,4545,4890,4,4,4,{4}
2013-03-24,PAMIT,Manzanillo,VEPSU,"Puerto Sucre",1,1,"APL; MOL",2,4,1274.5,288.75,1645,1740,4,4,4,{4}
2013-03-24,PAONX,Colon,COBUN,Buenaventura,1,1,"Evergreen Line",1,4,1605.75,299.75,1520,1706,2,2,2,{2}
2013-03-24,PAONX,Colon,TWTPE,Taipei,1,1,"Evergreen Line",1,9,4310.66666666667,464.666666666667,4211,5090,23,23,23,{23}
2013-03-24,PAONX,Colon,USCHS,"Charleston SC",1,1,"Evergreen Line",1,9,3757.11111111111,402.888888888889,4211,4229,4,4,4,{4}
2013-03-24,PAONX,Colon,USHOU,"Houston TX",1,1,"COSCO; Hanjin Shipping",2,8,3546.375,366.25,3534,4300,3,3,3,{3}
2013-03-24,PAONX,Colon,USLAX,"Los Angeles CA",1,1,"Evergreen Line",1,9,3757.11111111111,402.888888888889,4211,4229,8,8,8,{8}
2013-03-24,PAONX,Colon,USSAV,"Savannah GA",2,2,"COSCO; Evergreen Line; Hanjin Shipping; K Line; Yang Ming",5,18,8115.55555555555,820.222222222222,4211,5090,3,3.5,4,"{4,3}"
2013-03-24,PAPAM,Almirante,USILG,"Wilmington DE",1,1,"Great White Fleet",1,2,2482,558,2474,2490,5,5,5,{5}
2013-03-24,PECLL,Callao,CLARI,Arica,1,1,MSC,1,7,4655.71428571429,422.142857142857,4322,5059,1,1,1,{1}
2013-03-24,PECLL,Callao,CLIQQ,Iquique,4,4,"Alianca; CCNI; CMA CGM; COSCO; CSAV; CSCL; Evergreen Line; Hamburg Sud; Hanjin Shipping; Hapag-Lloyd; Hyundai; K Line; Libra-Montemar; MOL; MSC; NYK; PIL; Wan Hai",18,43,22121.0424242424,1960.34848484848,3800,9200,2,2.5,3,"{2,3,3,2}"
2013-03-24,PECLL,Callao,CLMJS,Mejillones,1,1,"CSAV; MSC",2,9,5080.11111111111,734.888888888889,4549,5301,3,3,3,{3}
2013-03-24,PECLL,Callao,CLSAI,"San Antonio",3,3,"Alianca; CCNI; CSAV; Hamburg Sud; Libra-Montemar; Maersk Line; MCC",7,23,11193.6904761905,1269.09523809524,1726,6696,5,5,5,"{5,5,5}"
2013-03-24,PECLL,Callao,CLVAP,Valparaiso,2,2,"Alianca; APL; CMA CGM; Hamburg Sud; Hapag-Lloyd; MOL",6,11,6755.625,1644.75,2550,5042,4,4.5,5,"{4,5}"
2013-03-24,PECLL,Callao,COBUN,Buenaventura,1,1,"Alianca; CCNI; CSAV; Hamburg Sud; Libra-Montemar",5,6,3192.16666666667,464.333333333333,2742,3534,4,4,4,{4}
2013-03-24,PECLL,Callao,COCTG,Cartagena,1,1,"CCNI; CSAV; Libra-Montemar",3,5,3702.85714285714,471.428571428571,1726,1730,6,6,6,{6}
2013-03-24,PECLL,Callao,ECGYE,Guayaquil,2,2,"Alianca; CSAV; Hamburg Sud; Hapag-Lloyd; K Line; Libra-Montemar; MOL; NYK",8,10,4715.85714285714,871.619047619048,1620,3400,2,2.5,3,"{3,2}"
2013-03-24,PECLL,Callao,MXZLO,"Manzanillo, MEX",3,3,"CMA CGM; COSCO; CSAV; Evergreen Line; Hapag-Lloyd; K Line; Libra-Montemar; MOL; MSC; NYK; PIL; Wan Hai",12,33,17328.2424242424,1451.34848484848,3800,9200,6,7,8,"{6,7,8}"
2013-03-24,PECLL,Callao,PAMIT,Manzanillo,1,1,"Alianca; CMA CGM; Hamburg Sud; Hapag-Lloyd",4,8,4201.625,1044.75,3752,5042,4,4,4,{4}
2013-03-24,PECLL,Callao,PEMRI,Matarani,1,1,"Evergreen Line",1,4,1605.75,299.75,1520,1706,1,1,1,{1}
2013-03-24,PECLL,Callao,PEPAI,Paita,2,2,"Alianca; APL; CMA CGM; Hamburg Sud; Hapag-Lloyd; MOL",6,11,5887.5,1212.5,2023,3739,2,2,2,"{2,2}"
2013-03-24,PEMRI,Matarani,CLIQQ,Iquique,2,1,"Evergreen Line",1,8,3211.5,599.5,1520,1706,0,0,0,"{0,0}"
2013-03-24,PEPAI,Paita,COBUN,Buenaventura,1,1,"APL; MOL",2,3,2554,600,2550,2556,2,2,2,{2}
2013-03-24,PEPAI,Paita,ECESM,Esmeraldas,1,1,"Maersk Line",1,2,2556,600,2556,2556,5,5,5,{5}
2013-03-24,PEPAI,Paita,ECGYE,Guayaquil,2,2,"Alianca; APL; CMA CGM; Hamburg Sud; Hapag-Lloyd; MOL",6,11,4833.83333333333,966.166666666667,1296,3739,0,1.5,3,"{0,3}"
2013-03-24,PEPAI,Paita,PABLB,Balboa,1,1,MOL,1,1,1350,449,1350,1350,2,2,2,{2}
2013-03-24,PFPPT,"Papeete, Tahiti",ASPPG,"Pago Pago",1,1,"Alianca; Hamburg Sud; Polynesia Line",3,2,2599.28571428571,437.142857142857,1122,1304,4,4,4,{4}
2013-03-24,PFPPT,"Papeete, Tahiti",FJLTK,Lautoka,1,1,"ANL; CMA CGM; Delmas; Marfret; USL-US Lines",5,6,4809.33333333333,960.666666666667,2262,2556,6,6,6,{6}
2013-03-24,PFPPT,"Papeete, Tahiti",USOAK,"Oakland CA",1,1,"Alianca; ANL; Hamburg Sud; Hapag-Lloyd; USL-US Lines",5,4,5536.5,933,2490,3100,11,11,11,{11}
2013-03-24,PGGUR,Alotau,PGROR,"Oro Bay",1,1,"Swire Shipping",1,2,3391.14285714286,660,1040,1118,1,1,1,{1}
2013-03-24,PGKVG,Kavieng,PGRAB,Rabaul,1,1,"Swire Shipping",1,2,3391.14285714286,660,1040,1118,1,1,1,{1}
2013-03-24,PGLAE,Lae,PGLNV,"Lihir Island",1,1,"Swire Shipping",1,2,3391.14285714286,660,1040,1118,2,2,2,{2}
2013-03-24,PGLAE,Lae,PGPOM,"Port Moresby",2,2,"ANL; CMA CGM; NewPac",3,3,9505.71428571429,1688.57142857143,942,1740,2,4,6,"{2,6}"
2013-03-24,PGLAE,Lae,PGRAB,Rabaul,1,1,"ANL; CMA CGM",2,1,4774.28571428571,942.857142857143,1114,1114,1,1,1,{1}
2013-03-24,PGLAE,Lae,SGSIN,Singapore,1,1,"HUBLine; NewPac",2,1,3248.57142857143,428.571428571429,758,758,9,9,9,{9}
2013-03-24,PGLNV,"Lihir Island",PGRAB,Rabaul,1,1,"Swire Shipping",1,2,3391.14285714286,660,1040,1118,1,1,1,{1}
2013-03-24,PGMAG,Madang,PGLAE,Lae,1,1,"ANL; CMA CGM",2,1,4037.14285714286,745.714285714286,942,942,0,0,0,{0}
2013-03-24,PGMAG,Madang,SGSIN,Singapore,1,1,"Swire Shipping",1,2,3391.14285714286,660,1040,1118,10,10,10,{10}
2013-03-24,PGPOM,"Port Moresby",AUTSV,Townsville,1,1,MELL,1,3,2959.04761904762,585,1300,1740,3,3,3,{3}
2013-03-24,PGPOM,"Port Moresby",MYPKG,"Port Klang",2,2,"ANL; CMA CGM",2,2,8811.42857142857,1688.57142857143,942,1114,10,10.5,11,"{11,10}"
2013-03-24,PGPOM,"Port Moresby",NCNOU,Noumea,1,1,"Swire Shipping",1,2,6171.42857142857,714.285714285714,1728,1728,4,4,4,{4}
2013-03-24,PGPOM,"Port Moresby",PGRAB,Rabaul,1,1,NewPac,1,2,5468.57142857143,942.857142857143,1740,1740,3,3,3,{3}
2013-03-24,PGPOM,"Port Moresby",PGROR,"Oro Bay",1,1,"HUBLine; NewPac",2,1,3248.57142857143,428.571428571429,758,758,0,0,0,{0}
2013-03-24,PGRAB,Rabaul,PGKVG,Kavieng,1,1,"Swire Shipping",1,2,3391.14285714286,660,1040,1118,0,0,0,{0}
2013-03-24,PGRAB,Rabaul,PGMAG,Madang,1,1,"Swire Shipping",1,2,3391.14285714286,660,1040,1118,1,1,1,{1}
2013-03-24,PGRAB,Rabaul,PGPOM,"Port Moresby",1,1,"ANL; CMA CGM",2,1,4774.28571428571,942.857142857143,1114,1114,2,2,2,{2}
2013-03-24,PGRAB,Rabaul,SBHIR,Honiara,1,1,NewPac,1,2,5468.57142857143,942.857142857143,1740,1740,2,2,2,{2}
2013-03-24,PGROR,"Oro Bay",PGLAE,Lae,2,2,"HUBLine; NewPac; Swire Shipping",3,3,6639.71428571429,1088.57142857143,758,1118,0,0.5,1,"{1,0}"
2013-03-24,PHBTG,Batangas,PHMNL,Manila,1,1,MCC,1,3,1618.66666666667,225.333333333333,1496,1726,2,2,2,{2}
2013-03-24,PHCEB,Cebu,HKHKG,"Hong Kong",1,1,MELL,1,1,2608,516,1304,1304,3,3,3,{3}
2013-03-24,PHCEB,Cebu,PHCGY,"Cagayan de Oro",1,1,MELL,1,2,2854,520,1114,1740,1,1,1,{1}
2013-03-24,PHCEB,Cebu,TWKHH,Kaohsiung,3,3,"APL; BTL-Bengal Tiger Line; Evergreen Line; OOCL; X-Press",5,4,3689,610,1085,1440,2,3,4,"{3,4,2}"
2013-03-24,PHCGY,"Cagayan de Oro",CNNGB,Ningbo,1,1,MCC,1,4,1118,220,1118,1118,6,6,6,{6}
2013-03-24,PHCGY,"Cagayan de Oro",PHCEB,Cebu,1,1,MELL,1,1,2608,516,1304,1304,1,1,1,{1}
2013-03-24,PHCGY,"Cagayan de Oro",PHDVO,Davao,1,1,MELL,1,2,2854,520,1114,1740,2,2,2,{2}
2013-03-24,PHDVO,Davao,CNSHA,Shanghai,1,1,MCC,1,5,1751,312.8,1740,1795,5,5,5,{5}
2013-03-24,PHDVO,Davao,KRPTK,Pyongtaek,1,1,MCC,1,3,1707.66666666667,367.333333333333,1705,1713,6,6,6,{6}
2013-03-24,PHDVO,Davao,PHMNL,Manila,1,1,PIL,1,8,2349.42857142857,386.428571428571,1800,2470,2,2,2,{2}
2013-03-24,PHDVO,Davao,TWKHH,Kaohsiung,2,2,MELL,1,5,5813.04761904762,1105,1114,1740,2,5,8,"{2,8}"
2013-03-24,PHMNL,Manila,CNDLC,Dalian,1,1,PIL,1,8,2349.42857142857,386.428571428571,1800,2470,5,5,5,{5}
2013-03-24,PHMNL,Manila,CNSHA,Shanghai,1,1,"K Line; SITC Shipping",2,4,1272,131.5,1060,1440,4,4,4,{4}
2013-03-24,PHMNL,Manila,CNSHK,Shekou,1,1,"Evergreen Line; Wan Hai",2,3,1691.33333333333,216.666666666667,1618,1728,1,1,1,{1}
2013-03-24,PHMNL,Manila,CNTAO,Qingdao,1,1,"Hyundai; MCC; NYK",3,3,1466.66666666667,100,2200,2200,4,4,4,{4}
2013-03-24,PHMNL,Manila,CNXMN,Xiamen,1,1,COSCO,1,3,2376,170.666666666667,1702,3494,1,1,1,{1}
2013-03-24,PHMNL,Manila,HKHKG,"Hong Kong",4,4,"CNC Line-Cheng Lie Navigation Co. Ltd.; Evergreen Line; MCC; OOCL; RCL; Sinotrans; SITC Shipping; Yang Ming",8,10,7175.66666666667,1317.83333333333,907,3426,1,1.5,2,"{1,2,2,1}"
2013-03-24,PHMNL,Manila,JPOSA,Osaka,1,1,"Hanjin Shipping; K Line; NYK",3,4,2557,400,2450,2664,4,4,4,{4}
2013-03-24,PHMNL,Manila,JPTYO,Tokyo,1,1,"APL; CMA CGM; CNC Line-Cheng Lie Navigation Co. Ltd.; Delmas; Evergreen Line; Heung-A; IAL-Interasia Lines; MOL; Wan Hai",9,3,2495.33333333333,446.666666666667,2450,2553,4,4,4,{4}
2013-03-24,PHMNL,Manila,KRPUS,Busan,1,1,"Hanjin Shipping; Heung-A; MOL; PanOcean",4,4,2576.75,100,2535,2702,3,3,3,{3}
2013-03-24,PHMNL,Manila,MYTPP,"Tanjung Pelepas",1,1,"Gold Star Line; MCC",2,5,1725,235.4,1713,1730,5,5,5,{5}
2013-03-24,PHMNL,Manila,PHCEB,Cebu,1,1,APL,1,2,1440,174,1440,1440,1,1,1,{1}
2013-03-24,PHMNL,Manila,PHCGY,"Cagayan de Oro",1,1,MCC,1,4,1118,220,1118,1118,2,2,2,{2}
2013-03-24,PHMNL,Manila,PHDVO,Davao,1,1,MCC,1,3,1707.66666666667,367.333333333333,1705,1713,1,1,1,{1}
2013-03-24,PHMNL,Manila,SGSIN,Singapore,2,2,"Hanjin Shipping; Heung-A; K Line; MOL; NYK; PanOcean",6,8,5278.75,527,2535,2858,2,3.5,5,"{5,2}"
2013-03-24,PHMNL,Manila,THLCH,"Laem Chabang",2,2,"CNC Line-Cheng Lie Navigation Co. Ltd.; Evergreen Line; IAL-Interasia Lines; MOL",4,5,3126.33333333333,350,1032,2080,4,4,4,"{4,4}"
2013-03-24,PHMNL,Manila,TWKHH,Kaohsiung,6,6,"APL; CNC Line-Cheng Lie Navigation Co. Ltd.; Evergreen Line; Hyundai; MCC; MOL; NYK; OOCL; Yang Ming",9,14,10623,1636.83333333333,560,2824,1,1.5,3,"{2,1,3,2,1,1}"
2013-03-24,PHMNL,Manila,VNSGN,"Ho Chi Minh (VICT/Cat Lai)",1,1,"CNC Line-Cheng Lie Navigation Co. Ltd.; Heung-A; Namsung; PanOcean",4,3,1740,315,1740,1740,3,3,3,{3}
2013-03-24,PHSFS,"Subic Bay",IDJKT,"Jakarta, Java",1,1,"Swire Shipping",1,2,6171.42857142857,714.285714285714,1728,1728,9,9,9,{9}
2013-03-24,PHSFS,"Subic Bay",PHMNL,Manila,1,1,"APL; Hyundai; MOL",3,1,2468,400,2468,2468,1,1,1,{1}
2013-03-24,PKKHI,Karachi,AEJEA,"Dubai, Jebel Ali",3,3,"Evergreen Line; Hanjin Shipping; TS Lines; UAFL-United Africa Feeder Line",4,14,6831.36904761905,960.72619047619,1684,2824,1,4,5,"{4,1,5}"
2013-03-24,PKKHI,Karachi,INMUN,Mundra,3,3,"COSCO; Evergreen Line; K Line; Maersk Line; MOL; OOCL; PIL; Simatech; Wan Hai; Yang Ming",10,16,11092.9,1093.33333333333,3400,6000,1,1,1,"{1,1,1}"
2013-03-24,PKKHI,Karachi,INNSA,"Mumbai (Nhava Sheva)",5,5,"Alianca; ANL; APL; CMA CGM; CSCL; Delmas; Hamburg Sud; Hanjin Shipping; Hapag-Lloyd; K Line; NYK; OOCL; UASC; USL-US Lines; Yang Ming",15,42,23743.7,2612.55,3802,5905,2,2,4,"{4,2,3,2,2}"
2013-03-24,PKKHI,Karachi,INPAV,Pipavav,3,3,"APL; Maersk Line; MOL; OOCL; Safmarine; Samudera",6,14,12039.75,1070.71428571429,3323,4380,1,1,1,"{1,1,1}"
2013-03-24,PKKHI,Karachi,LKCMB,Colombo,1,1,"CMA CGM; Maersk Line; MCC; Safmarine",4,7,5454.71428571429,428.571428571429,6246,6627,4,4,4,{4}
2013-03-24,PKKHI,Karachi,MYPKG,"Port Klang",1,1,"Hanjin Shipping; KMTC; PanOcean",3,6,4363.5,398.333333333333,4135,4500,8,8,8,{8}
2013-03-24,PKKHI,Karachi,SGSIN,Singapore,1,1,"Emirates Shipping; Evergreen Line; Hyundai; NYK",4,6,5992.16666666667,478.333333333333,5551,6800,7,7,7,{7}
2013-03-24,PLGDN,Gdansk,DKAAR,Aarhus,1,1,"Maersk Line; MCC",2,12,14214.6666666667,908.333333333333,9658,15550,2,2,2,{2}
2013-03-24,PRSJU,"San Juan PR",ESVLC,Valencia,1,1,"CCNI; CSAV; Libra-Montemar",3,5,3702.85714285714,471.428571428571,1726,1730,8,8,8,{8}
2013-03-24,PRSJU,"San Juan PR",SXSXM,"St Maarten-Philipsburg",1,1,"CMA CGM",1,3,1251.66666666667,353,1118,1341,1,1,1,{1}
2013-03-24,PRSJU,"San Juan PR",USHOU,"Houston TX",2,2,"Hapag-Lloyd; Horizon Lines",2,5,5529,664.5,1664,2546,4,5.5,7,"{4,7}"
2013-03-24,PRSJU,"San Juan PR",USJAX,"Jacksonville FL",2,2,"Horizon Lines",1,3,5169,340,1404,2361,3,3.5,4,"{4,3}"
2013-03-24,PRSJU,"San Juan PR",USNYC,"New York NY/NJ",1,1,"Horizon Lines",1,2,2361,200,2361,2361,3,3,3,{3}
2013-03-24,PRSJU,"San Juan PR",VISTT,"St Thomas VI",1,1,"Tropical Shipping",1,2,1080.5,216,1061,1100,1,1,1,{1}
2013-03-24,PTCNL,"Canical Madeira",ESSCT,Tenerife,1,1,OPDR,1,5,698,120,698,698,1,1,1,{1}
2013-03-24,PTLEI,Leixoes,ESALG,Algeciras,1,1,"Maersk Line; Safmarine",2,2,2989.28571428571,357.428571428571,1000,1325,2,2,2,{2}
2013-03-24,PTLEI,Leixoes,ESCAD,Cadiz,1,1,"CMA CGM; Delmas",2,6,2383.04761904762,382.857142857143,1641,2520,3,3,3,{3}
2013-03-24,PTLEI,Leixoes,ESCAS,Castellon,1,1,"Borchard Lines Ltd",1,4,853.25,217.5,809,868,3,3,3,{3}
2013-03-24,PTLEI,Leixoes,ESSVQ,Seville,1,1,OPDR,1,5,698,120,698,698,2,2,2,{2}
2013-03-24,PTLEI,Leixoes,ESVGO,Vigo,1,1,MSC,1,3,1696.66666666667,226.333333333333,1384,2061,1,1,1,{1}
2013-03-24,PTLEI,Leixoes,GBCDF,Cardiff,1,1,"Borchard Lines Ltd",1,4,853.25,217.5,809,868,3,3,3,{3}
2013-03-24,PTLEI,Leixoes,PTLIS,Lisbon,7,6,"Hanjin Shipping; Hapag-Lloyd; Lin Lines; Maersk Line; NileDutch; OPDR; Safmarine; Transinsular; X-Press",9,31,19841.6666666667,2763.74603174603,698,2600,1,2,4,"{3,1,3,2,1,2,4}"
2013-03-24,PTLEI,Leixoes,PTSIE,Sines,1,1,MSC,1,3,1696.66666666667,226.333333333333,1384,2061,1,1,1,{1}
2013-03-24,PTLIS,Lisbon,BRSSZ,Santos,1,1,"Alianca; CMA CGM; CSAV; Delmas; Hamburg Sud; Hapag-Lloyd; Libra-Montemar; MSC",8,7,4104.57142857143,696.714285714286,4043,4250,10,10,10,{10}
2013-03-24,PTLIS,Lisbon,CAHAL,Halifax,1,1,"Melfi Marine",1,3,3108.57142857143,557.142857142857,1296,1604,7,7,7,{7}
2013-03-24,PTLIS,Lisbon,CAMTR,Montreal,1,1,"Hanjin Shipping; Hapag-Lloyd",2,5,2603,159.2,2300,3032,9,9,9,{9}
2013-03-24,PTLIS,Lisbon,CGPNR,"Pointe Noire",1,1,NileDutch,1,5,3586.28571428571,560,2472,2600,13,13,13,{13}
2013-03-24,PTLIS,Lisbon,DEHAM,Hamburg,1,1,OPDR,1,5,698,120,698,698,5,5,5,{5}
2013-03-24,PTLIS,Lisbon,ESALG,Algeciras,4,3,"Hanjin Shipping; Hapag-Lloyd; Maersk Line; Safmarine; X-Press",5,24,9145,950.088888888889,706,3032,1,1,2,"{1,1,1,2}"
2013-03-24,PTLIS,Lisbon,ESLPA,"Las Palmas, Can Is",1,1,Transinsular,1,2,2363.57142857143,377.142857142857,1061,1145,6,6,6,{6}
2013-03-24,PTLIS,Lisbon,ESSCT,Tenerife,1,1,"Boluda Lines",1,2,1048.5,165,1036,1061,3,3,3,{3}
2013-03-24,PTLIS,Lisbon,ESVGO,Vigo,2,1,"Maersk Line; Safmarine",2,18,5836,672.888888888889,1169,1740,1,1,1,"{1,1}"
2013-03-24,PTLIS,Lisbon,GPPTP,Pointe-a-Pitre,1,1,"CMA CGM; Delmas; Marfret",3,6,2667.5,512.833333333333,2550,2790,8,8,8,{8}
2013-03-24,PTLIS,Lisbon,MACAS,Casablanca,1,1,"Hapag-Lloyd; Maersk Line; OPDR; X-Press",4,3,702.666666666667,140,698,705,2,2,2,{2}
2013-03-24,PTLIS,Lisbon,PTLEI,Leixoes,2,2,"CMA CGM; Delmas; Maersk Line; Safmarine",4,8,5372.33333333333,740.285714285714,1000,2520,2,2,2,"{2,2}"
2013-03-24,PTLIS,Lisbon,STTMS,"Sao Tome",1,1,"Lin Lines",1,2,6647.14285714286,895.714285714286,2061,2169,15,15,15,{15}
2013-03-24,PTSIE,Sines,BRRIO,"Rio de Janeiro",1,1,"CMA CGM; CSAV; Hapag-Lloyd; Libra-Montemar; Maersk Line; MSC; Safmarine",7,7,6202,536.714285714286,5550,6750,10,10,10,{10}
2013-03-24,PTSIE,Sines,CAMTR,Montreal,1,1,MSC,1,4,3655,189.25,2668,4056,7,7,7,{7}
2013-03-24,PTSIE,Sines,ESCAD,Cadiz,1,1,MSC,1,3,1696.66666666667,226.333333333333,1384,2061,1,1,1,{1}
2013-03-24,PTSIE,Sines,ESLPA,"Las Palmas, Can Is",1,1,MSC,1,6,3253.66666666667,252.333333333333,2480,3424,2,2,2,{2}
2013-03-24,PTSIE,Sines,FRLEH,"Le Havre",1,1,"CMA CGM; MSC",2,11,10783.4545454545,709.090909090909,12400,14000,3,3,3,{3}
2013-03-24,PTSIE,Sines,MACAS,Casablanca,1,1,"WEC Lines",1,2,868,234,868,868,1,1,1,{1}
2013-03-24,PTSIE,Sines,PACTB,Cristobal,1,1,MSC,1,10,4949.6,570.8,3922,5301,11,11,11,{11}
2013-03-24,PTSIE,Sines,PTLEI,Leixoes,1,1,MSC,1,3,1696.66666666667,226.333333333333,1384,2061,2,2,2,{2}
2013-03-24,PTSIE,Sines,TRAMB,"Istanbul (Ambarli)",1,1,"Hapag-Lloyd; MSC",2,4,4041.25,275,3301,4392,4,4,4,{4}
2013-03-24,PTSIE,Sines,USBOS,"Boston MA",1,1,MSC,1,6,4790.5,493.5,3922,5762,6,6,6,{6}
2013-03-24,PTSIE,Sines,USPEF,"Port Everglades FL",1,1,MSC,1,7,5247.14285714286,429.428571428571,4469,5919,11,11,11,{11}
2013-03-24,REPDG,"Reunion Island",MGTOA,Tamatave/Toamasina,1,1,"CMA CGM; Delmas; Maersk Line; Safmarine",4,9,2220.33333333333,317.777777777778,1740,2529,2,2,2,{2}
2013-03-24,REPDG,"Reunion Island",MUPLU,"Port Louis",3,3,"CMA CGM; Delmas; Maersk Line; MSC; Safmarine",5,26,8749.27692307692,1058.53846153846,1638,5029,1,1,2,"{2,1,1}"
2013-03-24,ROCND,Constanta,UAILK,Chornomorsk,1,1,"COSCO; CSCL; Hanjin Shipping; K Line; Wan Hai; Yang Ming; ZIM",7,8,5425.125,523.75,4250,5688,0,0,0,{0}
2013-03-24,ROCND,Constanta,UAODS,Odessa,2,2,"ANL; APL; CMA CGM; Hapag-Lloyd; Hyundai; Maersk Line; MCC; MOL; NYK; OOCL; Safmarine",11,21,11706.0363636364,1269.98181818182,4960,8073,1,1,1,"{1,1}"
2013-03-24,RULED,"St Petersburg",DEBRV,Bremerhaven,1,1,"Maersk Line",1,8,2579.75,567.5,2556,2592,6,6,6,{6}
2013-03-24,RUNVS,Novorossiysk,TRAMB,"Istanbul (Ambarli)",2,2,"Maersk Line; MSC; Safmarine; ZIM",4,18,7278.33333333333,1141.33333333333,2797,4255,2,3,4,"{4,2}"
2013-03-24,RUVVO,Vladivostok,HKHKG,"Hong Kong",1,1,"CMA CGM; Delmas; FESCO",3,3,3010.66666666667,512,2824,3108,4,4,4,{4}
2013-03-24,RUVVO,Vladivostok,KRICH,Inchon,1,1,"CMA CGM; FESCO",2,2,1997.71428571429,171.428571428571,1748,1748,4,4,4,{4}
2013-03-24,RUVVO,Vladivostok,KRKAN,Gwangyang,1,1,MCC,1,5,1751,312.8,1740,1795,2,2,2,{2}
2013-03-24,RUVYP,Vostochniy,CNCWN,Chiwan,1,1,"CMA CGM; CSAV; CSCL; Libra-Montemar",4,12,4501.66666666667,415.583333333333,3534,5100,8,8,8,{8}
2013-03-24,RUVYP,Vostochniy,CNNGB,Ningbo,2,2,"CSCL; Hapag-Lloyd; Maersk Line; MCC; NYK; OOCL; Safmarine; ZIM",8,26,14354.625,1198,4253,9700,3,4,5,"{5,3}"
2013-03-24,RUVYP,Vostochniy,CNTAO,Qingdao,1,1,"Maersk Line; MCC",2,12,4298.66666666667,333.333333333333,6200,6696,4,4,4,{4}
2013-03-24,RUVYP,Vostochniy,HKHKG,"Hong Kong",1,1,"ANL; CMA CGM; CSCL; Delmas; UASC; USL-US Lines",6,11,5015.63636363636,356.363636363636,4367,5095,5,5,5,{5}
2013-03-24,RUVYP,Vostochniy,KRPUS,Busan,1,1,"Gold Star Line; MCC",2,5,1725,235.4,1713,1730,2,2,2,{2}
2013-03-24,RUVYP,Vostochniy,RUVVO,Vladivostok,2,2,"CMA CGM; Delmas; FESCO",3,5,5008.38095238095,683.428571428571,1748,3108,2,3.5,5,"{5,2}"
2013-03-24,RUVYP,Vostochniy,TWKHH,Kaohsiung,2,2,"Maersk Line; MCC",2,19,11606.4444444444,1042.48888888889,4530,8950,4,5,6,"{4,6}"
2013-03-24,SADMM,Dammam,BHBAH,Bahrain,1,1,"APL; MOL",2,7,7115.71428571429,475.714285714286,6000,9200,1,1,1,{1}
2013-03-24,SADMM,Dammam,MYPKG,"Port Klang",2,2,"CMA CGM; COSCO; CSAV Norasia; Emirates Shipping; Hanjin Shipping; Hapag-Lloyd; Maersk Line; NYK; OOCL",9,18,13106.2987012987,1104.33766233766,6200,8600,12,12,12,"{12,12}"
2013-03-24,SAJED,Jeddah,AEJEA,"Dubai, Jebel Ali",3,3,"Alianca; Hamburg Sud; Hapag-Lloyd; Maersk Line; Safmarine",5,21,16109.4226190476,1824.85119047619,3426,6802,6,6,7,"{7,6,6}"
2013-03-24,SAJED,Jeddah,AEKLF,"Khor Fakkan",2,2,"CSCL; Hanjin Shipping; K Line; UASC; Yang Ming",5,20,10321.9,837.4,3802,8530,5,5.5,6,"{6,5}"
2013-03-24,SAJED,Jeddah,DJJIB,Djibouti,1,1,APL,1,4,4121.25,375.5,3500,4369,2,2,2,{2}
2013-03-24,SAJED,Jeddah,EGDAM,Damietta,1,1,"APL; Hapag-Lloyd; Hyundai; MOL; NYK; OOCL",6,10,7161.2,591,6724,9100,3,3,3,{3}
2013-03-24,SAJED,Jeddah,EGPSD,"Port Said",3,3,"CMA CGM; CSCL; Delmas; Hanjin Shipping; K Line; Maersk Line; MCC; Safmarine; UASC; Yang Ming",10,30,15387.1583333333,1437.34166666667,3802,9700,1,2,3,"{3,1,2}"
2013-03-24,SAJED,Jeddah,EGSOK,Sokhna,2,2,"APL; COSCO; Evergreen Line; PIL",4,15,10565.8571428571,668.125,4250,6606,2,2.5,3,"{3,2}"
2013-03-24,SAJED,Jeddah,ESALG,Algeciras,1,1,"Maersk Line; Safmarine",2,7,6746.71428571429,709.142857142857,6673,6802,7,7,7,{7}
2013-03-24,SAJED,Jeddah,FRLEH,"Le Havre",1,1,"ANL; CMA CGM; COSCO; CSCL; Evergreen Line; UASC; Yang Ming",7,10,12370.6,900,13100,14074,9,9,9,{9}
2013-03-24,SAJED,Jeddah,GRPIR,Piraeus,1,1,MSC,1,13,3609.07692307692,262.538461538462,2680,5029,4,4,4,{4}
2013-03-24,SAJED,Jeddah,IRBND,"Bandar Abbas",1,1,MSC,1,13,3609.07692307692,262.538461538462,2680,5029,1,1,1,{1}
2013-03-24,SAJED,Jeddah,ITCAG,Cagliari,1,1,"Alianca; Hamburg Sud; Hapag-Lloyd",3,8,5788.375,862.375,5527,5905,5,5,5,{5}
2013-03-24,SAJED,Jeddah,ITGIT,"Gioia Tauro",1,1,"CSAV; MSC; WEC Lines",3,7,7387.14285714286,702.571428571429,5762,8800,5,5,5,{5}
2013-03-24,SAJED,Jeddah,JOAQJ,Aqaba,3,3,"CMA CGM; CSCL; Hanjin Shipping; Maersk Line; MSC; Safmarine; Yang Ming",7,20,11449.2476190476,884.414285714286,2668,5100,2,3,4,"{4,2,3}"
2013-03-24,SAJED,Jeddah,LBBEY,Beirut,1,1,"CSAV Norasia; MSC",2,11,12013.4545454545,945.454545454545,12400,14000,3,3,3,{3}
2013-03-24,SAJED,Jeddah,LKCMB,Colombo,1,1,"Hapag-Lloyd; NYK; OOCL",3,10,5894,475.6,4960,6750,7,7,7,{7}
2013-03-24,SAJED,Jeddah,MTMAR,"Malta (Marsaxlokk)",1,1,"ANL; CMA CGM; Delmas; OOCL",4,8,5719.25,516,5700,5770,6,6,6,{6}
2013-03-24,SAJED,Jeddah,MYPKG,"Port Klang",3,3,"ANL; CMA CGM; COSCO; CSCL; Delmas; Evergreen Line; Maersk Line; MCC; MSC; Safmarine; UASC; Yang Ming",12,32,30075.4333333333,2268.16666666667,6418,14074,10,12,12,"{12,10,12}"
2013-03-24,SAJED,Jeddah,NLRTM,Rotterdam,1,1,"APL; Hapag-Lloyd; Hyundai; MOL; NYK; OOCL",6,11,7982.54545454545,662,8100,9300,10,10,10,{10}
2013-03-24,SAJED,Jeddah,OMSLL,Salalah,3,3,"CSAV; CSAV Norasia; MSC; WEC Lines",4,31,31827.5204795205,2571.1028971029,5762,14000,3,4,4,"{3,4,4}"
2013-03-24,SAJED,Jeddah,PKKHI,Karachi,1,1,"ANL; APL; CMA CGM; Hapag-Lloyd; NYK; OOCL; USL-US Lines",7,8,4197.5,388.5,3808,4367,6,6,6,{6}
2013-03-24,SAJED,Jeddah,SDPZU,"Port Sudan",2,2,"Evergreen Line; Maersk Line; Safmarine",3,7,4648.61904761905,550.238095238095,1618,4224,2,2,2,"{2,2}"
2013-03-24,SAJED,Jeddah,SGSIN,Singapore,3,3,"APL; COSCO; Evergreen Line; Hapag-Lloyd; Hyundai; MOL; NYK; OOCL",8,28,24532.8753246753,1597.72727272727,4800,14000,10,11,12,"{12,11,10}"
2013-03-24,SAJUB,Jubail,AEJEA,"Dubai, Jebel Ali",1,1,MSC,1,13,3609.07692307692,262.538461538462,2680,5029,2,2,2,{2}
2013-03-24,SAJUB,Jubail,SAYNB,Yanbu,1,1,"CSCL; UASC",2,8,4117.875,489.875,3802,4300,12,12,12,{12}
2013-03-24,SAYNB,Yanbu,SAJED,Jeddah,1,1,"CSCL; UASC",2,8,4117.875,489.875,3802,4300,1,1,1,{1}
2013-03-24,SBHIR,Honiara,KRPUS,Busan,1,1,NewPac,1,2,5468.57142857143,942.857142857143,1740,1740,9,9,9,{9}
2013-03-24,SCPOV,"Seychelles Is., Port Victoria",INMUN,Mundra,1,1,"CMA CGM; Delmas",2,5,1687.2,246,1638,1730,6,6,6,{6}
2013-03-24,SCPOV,"Seychelles Is., Port Victoria",KEMBA,Mombasa,1,1,"CMA CGM; Delmas; Emirates Shipping",3,6,2601,504.166666666667,2474,2758,6,6,6,{6}
2013-03-24,SDPZU,"Port Sudan",MYTPP,"Tanjung Pelepas",1,1,"Maersk Line; Safmarine",2,6,2568.33333333333,331.666666666667,2226,4224,16,16,16,{16}
2013-03-24,SDPZU,"Port Sudan",OMSLL,Salalah,1,1,MSC,1,3,2797.33333333333,152,2668,3044,4,4,4,{4}
2013-03-24,SDPZU,"Port Sudan",SAJED,Jeddah,1,1,"Evergreen Line",1,1,2080.28571428571,218.571428571429,1618,1618,4,4,4,{4}
2013-03-24,SEGOT,Gothenburg,DEBRV,Bremerhaven,1,1,"Maersk Line; MCC",2,12,14214.6666666667,908.333333333333,9658,15550,2,2,2,{2}
2013-03-24,SEGOT,Gothenburg,NLRTM,Rotterdam,1,1,"Maersk Line; MCC",2,12,7409,525.333333333333,6700,8750,3,3,3,{3}
2013-03-24,SEHEL,Helsingborg,DEBRV,Bremerhaven,1,1,"Maersk Line; Seago Line",2,3,866,234,862,868,2,2,2,{2}
2013-03-24,SGSIN,Singapore,AEJEA,"Dubai, Jebel Ali",6,6,"APL; CMA CGM; COSCO; CSAV Norasia; Emirates Shipping; Hanjin Shipping; Hapag-Lloyd; KMTC; Maersk Line; MOL; MSC; NYK; OOCL; UASC",14,51,33696.8518148518,2688.59040959041,2680,9200,8,8.5,9,"{8,9,8,8,9,9}"
2013-03-24,SGSIN,Singapore,AUBNE,Brisbane,4,4,"Alianca; CMA CGM; COSCO; Hamburg Sud; Hanjin Shipping; Hapag-Lloyd; K Line; Maersk Line; MOL; NYK; OOCL; PIL; RCL; Yang Ming",14,24,13743.5,1744.6,2378,4578,9,9.5,11,"{9,9,10,11}"
2013-03-24,SGSIN,Singapore,AUFRE,Fremantle,3,3,"Alianca; ANL; APL; COSCO; Evergreen Line; Hamburg Sud; Hanjin Shipping; Hapag-Lloyd; K Line; Maersk Line; MCC; MOL; MSC; OOCL; PIL; Safmarine",16,17,9643.68181818182,1075.40909090909,1708,5087,5,5,6,"{5,6,5}"
2013-03-24,SGSIN,Singapore,AUSYD,Sydney,1,1,"CSCL; Hapag-Lloyd; Hyundai; UASC",4,4,3380.5,300,1742,4738,9,9,9,{9}
2013-03-24,SGSIN,Singapore,BDCGP,Chittagong,3,3,"Advance Container Lines; APL; Hanjin Shipping; Hapag-Lloyd; MCC; NYK; OEL-Orient Express Lines; OOCL; PIL; X-Press",10,9,3906.08571428571,447.885714285714,608,1730,4,6,6,"{4,6,6}"
2013-03-24,SGSIN,Singapore,BRITJ,Itajai,1,1,"Alianca; Hamburg Sud; Maersk Line; MCC; MOL; NYK; Safmarine",7,12,7161.83333333333,1366.66666666667,7090,8500,20,20,20,{20}
2013-03-24,SGSIN,Singapore,BRRIO,"Rio de Janeiro",2,2,"CCNI; Hanjin Shipping; Hyundai; K Line; NYK; PIL; ZIM",7,24,4741.16666666667,436.333333333333,3398,5023,21,21.5,22,"{22,21}"
2013-03-24,SGSIN,Singapore,BRSSZ,Santos,1,1,"COSCO; Evergreen Line",2,11,2930.54545454545,353.363636363636,3400,4250,21,21,21,{21}
2013-03-24,SGSIN,Singapore,CNCWN,Chiwan,2,2,MSC,1,26,19208.1538461538,1438.46153846154,5550,14000,5,5.5,6,"{6,5}"
2013-03-24,SGSIN,Singapore,CNDCB,"Da Chan Bay",1,1,"Hapag-Lloyd; MOL; OOCL; RCL; Wan Hai",5,3,5091.33333333333,330,5087,5100,3,3,3,{3}
2013-03-24,SGSIN,Singapore,CNDLC,Dalian,1,1,"ANL; CMA CGM; Maersk Line; MCC; Safmarine",5,11,7494.63636363636,918.181818181818,6554,8073,9,9,9,{9}
2013-03-24,SGSIN,Singapore,CNNGB,Ningbo,2,2,"APL; Hapag-Lloyd; Hyundai; MOL; NYK; OOCL",6,17,11327.1142857143,827.514285714286,4960,9200,5,9,13,"{13,5}"
2013-03-24,SGSIN,Singapore,CNNSA,Nansha,4,4,"APL; CMA CGM; COSCO; Evergreen Line; Hanjin Shipping; K Line; Maersk Line; MCC; MOL; PIL; Safmarine; Yang Ming",12,33,25629.9555555556,1856.10277777778,4250,10050,4,4,7,"{4,7,4,4}"
2013-03-24,SGSIN,Singapore,CNSHA,Shanghai,6,6,"CMA CGM; CSAV; CSCL; Delmas; Hanjin Shipping; Hapag-Lloyd; Heung-A; K Line; Maersk Line; MCC; MSC; NileDutch; NYK; PanOcean; PIL; Safmarine; SCI-Shipping Corp. of India; Stinnes; TS Lines; Wan Hai; X-Press; Yang Ming",22,53,26787.6961038961,2585.75974025974,2478,12552,5,6,10,"{5,5,6,10,6,6}"
2013-03-24,SGSIN,Singapore,CNSHK,Shekou,3,3,"APL; Hapag-Lloyd; Hyundai; MELL; MOL; NYK; OOCL",7,18,17108.2196969697,1476.54545454545,4250,9300,3,4,5,"{5,3,4}"
2013-03-24,SGSIN,Singapore,CNTAO,Qingdao,4,4,"ANL; CMA CGM; CSAV Norasia; Delmas; Hanjin Shipping; K Line; KMTC; Maersk Line; MCC; MSC; PanOcean; PIL; RCL; Safmarine",14,33,31595.5727272727,2422.49696969697,2475,14000,7,8,10,"{8,7,10,8}"
2013-03-24,SGSIN,Singapore,CNTXG,Xingang/Tianjin,3,3,"ANL; CMA CGM; CSCL; Delmas; Evergreen Line; Maersk Line; MCC; MSC; NileDutch; Safmarine; UASC",11,31,20079.9523809524,1781.61904761905,2474,11388,8,9,9,"{9,9,8}"
2013-03-24,SGSIN,Singapore,CNXMN,Xiamen,1,1,"CMA CGM; Delmas; Maersk Line; MCC; Safmarine",5,12,7348.58333333333,591.666666666667,8200,9700,19,19,19,{19}
2013-03-24,SGSIN,Singapore,CNYTN,Yantian,8,8,"APL; CMA CGM; COSCO; Evergreen Line; Hanjin Shipping; Hapag-Lloyd; Hyundai; K Line; Maersk Line; MCC; MOL; MSC; NYK; OOCL; UASC; Wan Hai; Yang Ming",17,74,70019.1699134199,4809.4632034632,1618,15550,3,4,5,"{3,4,5,4,4,5,3,3}"
2013-03-24,SGSIN,Singapore,DJJIB,Djibouti,1,1,"APL; PIL",2,8,5999,234.125,4250,6606,10,10,10,{10}
2013-03-24,SGSIN,Singapore,EGPSD,"Port Said",4,4,"APL; COSCO; Evergreen Line; Hanjin Shipping; Hapag-Lloyd; Hyundai; K Line; MOL; NYK; OOCL; Yang Ming",11,43,21421.5153846154,1918.04615384615,4960,8930,11,12,13,"{13,11,13,11}"
2013-03-24,SGSIN,Singapore,ESALG,Algeciras,1,1,"COSCO; Evergreen Line; Hanjin Shipping; K Line; UASC; Yang Ming",6,11,10874.3636363636,732.181818181818,4024,13102,16,16,16,{16}
2013-03-24,SGSIN,Singapore,FRLEH,"Le Havre",1,1,"APL; Hapag-Lloyd; Hyundai; MOL; NYK; OOCL",6,11,12804.8181818182,572.727272727273,10100,14000,21,21,21,{21}
2013-03-24,SGSIN,Singapore,GRPIR,Piraeus,1,1,"COSCO; CSCL; Evergreen Line; Hanjin Shipping; K Line; Yang Ming",6,10,5449.7,446.2,3398,10050,14,14,14,{14}
2013-03-24,SGSIN,Singapore,HKHKG,"Hong Kong",27,27,"Alianca; ANL; APL; CCNI; CMA CGM; COSCO; CSAV; CSAV Norasia; CSCL; Emirates Shipping; Evergreen Line; Gold Star Line; Hamburg Sud; Hanjin Shipping; Hapag-Lloyd; Hyundai; IAL-Interasia Lines; K Line; KMTC; Libra-Montemar; Maersk Line; MCC; MOL; MSC; NYK; OOCL; PanOcean; PIL; RCL; Safmarine; TS Lines; Wan Hai; WEC Lines; X-Press; Yang Ming; ZIM",36,219,132931.674400599,12892.8728604729,2200,14000,3,4,6,"{5,5,3,5,4,4,4,5,3,5,4,4,3,4,4,5,5,4,6,4,4,3,3,4,4,5,5}"
2013-03-24,SGSIN,Singapore,IDJKT,"Jakarta, Java",9,9,"ANL; CMA CGM; Hanjin Shipping; Heung-A; Hyundai; K Line; KMTC; MCC; MOL; MSC; NYK; OOCL; PanOcean",13,33,27767.7714285714,3921.60952380952,942,4583,1,2,3,"{2,2,2,1,1,3,2,2,2}"
2013-03-24,SGSIN,Singapore,INHAL,Haldia,1,1,"Gold Star Line; Hanjin Shipping; OEL-Orient Express Lines",3,2,1234.92857142857,192.857142857143,860,1061,5,5,5,{5}
2013-03-24,SGSIN,Singapore,INMAA,Chennai/Madras,1,1,"Hanjin Shipping; K Line; PIL; RCL",4,5,2615.8,287.8,2475,2824,4,4,4,{4}
2013-03-24,SGSIN,Singapore,INNSA,"Mumbai (Nhava Sheva)",4,4,"APL; Hanjin Shipping; Hyundai; KMTC; MOL; OOCL; PanOcean; Samudera; TS Lines",9,18,15881.45,1440.53333333333,3323,5023,5,6,7,"{6,6,7,5}"
2013-03-24,SGSIN,Singapore,ITGIT,"Gioia Tauro",1,1,MSC,1,13,12426.9230769231,923.076923076923,13050,14000,13,13,13,{13}
2013-03-24,SGSIN,Singapore,KRKAN,Gwangyang,3,3,"APL; CSAV Norasia; Hanjin Shipping; Hapag-Lloyd; Hyundai; KMTC; MOL; NYK; OOCL; TS Lines; UASC",11,23,18815.7194805195,1547.01818181818,4380,13169,5,8,9,"{5,8,9}"
2013-03-24,SGSIN,Singapore,KRPUS,Busan,2,2,"BTL-Bengal Tiger Line; Hyundai; Maersk Line; MCC",4,16,10566.1818181818,820.181818181818,2200,8750,7,9.5,12,"{7,12}"
2013-03-24,SGSIN,Singapore,LKCMB,Colombo,7,7,"APL; CMA CGM; Delmas; Emirates Shipping; Hanjin Shipping; Hapag-Lloyd; Hyundai; MOL; NYK; OOCL; PIL",11,56,28786.8427128427,3044.96291486291,1800,9300,3,4,5,"{5,4,4,3,4,5,5}"
2013-03-24,SGSIN,Singapore,MUPLU,"Port Louis",3,3,"COSCO; CSAV; Evergreen Line; Hapag-Lloyd; MOL; MSC; Stinnes",7,27,14912.2083333333,1433.29166666667,2442,12552,8,10,11,"{8,11,10}"
2013-03-24,SGSIN,Singapore,MYPKG,"Port Klang",36,35,"Advance Container Lines; Alianca; ANL; APL; BTL-Bengal Tiger Line; CMA CGM; COSCO; CSAV Norasia; CSCL; Delmas; Emirates Shipping; Evergreen Line; Gold Star Line; Hamburg Sud; Hanjin Shipping; Hapag-Lloyd; HUBLine; Hyundai; IAL-Interasia Lines; K Line; KMTC; MCC; MOL; MSC; NewPac; NileDutch; NYK; OEL-Orient Express Lines; OOCL; PanOcean; PIL; RCL; Samudera; SCI-Shipping Corp. of India; Swire Shipping; TS Lines; UASC; Wan Hai; WEC Lines; X-Press; Yang Ming; ZIM",42,188,137171.226506826,14028.7156010656,608,14000,0,1,3,"{1,1,2,0,2,1,1,1,2,0,1,1,1,2,2,1,0,1,1,3,2,2,0,1,1,2,1,1,1,1,2,1,1,2,0,2}"
2013-03-24,SGSIN,Singapore,MYTPP,"Tanjung Pelepas",7,6,"COSCO; Evergreen Line; Hanjin Shipping; Hapag-Lloyd; Heung-A; K Line; Maersk Line; MCC; MOL; NYK; OOCL; PanOcean; Safmarine; SCI-Shipping Corp. of India; Simatech; X-Press",16,37,16380.419047619,2644.88571428571,1708,4498,0,1,1,"{1,0,1,0,1,0,1}"
2013-03-24,SGSIN,Singapore,NLRTM,Rotterdam,3,3,"APL; COSCO; CSCL; Evergreen Line; Hanjin Shipping; Hapag-Lloyd; Hyundai; K Line; MOL; NYK; OOCL; Yang Ming",12,31,28232.1909090909,2178.81818181818,8063,13500,19,20,20,"{19,20,20}"
2013-03-24,SGSIN,Singapore,NZTRG,Tauranga,1,1,"Alianca; CMA CGM; Hamburg Sud; Hapag-Lloyd; Maersk Line",5,10,2876.6,567.6,2824,3267,15,15,15,{15}
2013-03-24,SGSIN,Singapore,OMSLL,Salalah,2,2,"APL; Hapag-Lloyd; Hyundai; MOL; MSC; NYK; OOCL",7,24,15741.3216783217,1094.47552447552,5550,10700,7,7,7,"{7,7}"
2013-03-24,SGSIN,Singapore,PGPOM,"Port Moresby",1,1,"Swire Shipping",1,2,6171.42857142857,714.285714285714,1728,1728,8,8,8,{8}
2013-03-24,SGSIN,Singapore,PHBTG,Batangas,1,1,MCC,1,3,1618.66666666667,225.333333333333,1496,1726,4,4,4,{4}
2013-03-24,SGSIN,Singapore,PHMNL,Manila,2,2,"Evergreen Line; Hanjin Shipping; K Line; NYK",4,8,5275,896.5,2450,2824,4,4.5,5,"{5,4}"
2013-03-24,SGSIN,Singapore,PKKHI,Karachi,1,1,"COSCO; OOCL; Yang Ming",3,5,3151.6,200,3725,4583,7,7,7,{7}
2013-03-24,SGSIN,Singapore,PTSIE,Sines,1,1,"CMA CGM; MSC",2,11,10783.4545454545,709.090909090909,12400,14000,17,17,17,{17}
2013-03-24,SGSIN,Singapore,SAJED,Jeddah,5,5,"APL; CMA CGM; COSCO; CSAV Norasia; CSCL; Evergreen Line; Hanjin Shipping; Hapag-Lloyd; Hyundai; MOL; MSC; NYK; OOCL; Yang Ming",14,46,35887.7714285714,2938.16883116883,3017,14000,10,10,11,"{10,10,10,10,11}"
2013-03-24,SGSIN,Singapore,THLCH,"Laem Chabang",9,9,"APL; COSCO; CSAV Norasia; Emirates Shipping; Evergreen Line; Hanjin Shipping; Hapag-Lloyd; Hyundai; Maersk Line; MOL; MSC; NYK; OOCL; PanOcean; PIL; RCL; Samudera; Simatech; TS Lines; X-Press; ZIM",21,46,29481.4558441558,3207.07575757576,1452,8440,2,3,4,"{3,4,3,2,3,2,4,4,3}"
2013-03-24,SGSIN,Singapore,TWKHH,Kaohsiung,5,5,"COSCO; Evergreen Line; Hanjin Shipping; Hapag-Lloyd; KMTC; MCC; Sinotrans; Wan Hai; X-Press; Yang Ming",10,26,14324.4583333333,1510.375,1626,6492,4,4,5,"{4,4,5,5,4}"
2013-03-24,SGSIN,Singapore,TWTXG,Taichung,1,1,"IAL-Interasia Lines; Wan Hai; Yang Ming",3,3,1070.33333333333,178.333333333333,972,1121,5,5,5,{5}
2013-03-24,SGSIN,Singapore,USNYC,"New York NY/NJ",1,1,"COSCO; Hanjin Shipping; K Line; MOL; Yang Ming",5,10,5160.9,450,5608,6589,22,22,22,{22}
2013-03-24,SGSIN,Singapore,VNDAD,"Da Nang",1,1,MCC,1,3,1496,276,1496,1496,3,3,3,{3}
2013-03-24,SGSIN,Singapore,VNTCT,"Cai Mep",5,5,"APL; COSCO; Evergreen Line; Hanjin Shipping; Hapag-Lloyd; Hyundai; IAL-Interasia Lines; K Line; MOL; NYK; OOCL; Wan Hai; Yang Ming",13,47,25070.9153846154,2225.64615384615,4250,6750,2,2,4,"{2,4,3,2,2}"
2013-03-24,SGSIN,Singapore,ZADUR,Durban,2,2,"Alianca; ANL; CMA CGM; CSAV; CSCL; Hamburg Sud; Libra-Montemar; Maersk Line; MCC; NileDutch; Safmarine",11,24,7472.9880952381,935.214285714286,2474,5060,13,14,15,"{15,13}"
2013-03-24,SGSIN,Singapore,ZAZBA,"Ngqura (Coega)",1,1,"Alianca; Hamburg Sud; Hapag-Lloyd; MOL",4,13,5328.84615384615,536.923076923077,4250,5605,11,11,11,{11}
2013-03-24,SIKOP,Koper,HRRJK,Rijeka,2,2,"CMA CGM; Delmas; Evergreen Line; Hanjin Shipping; Maersk Line; MCC; MOL; Safmarine; Yang Ming",9,24,11730.5,1152.92857142857,5364,6627,0,0,0,"{0,0}"
2013-03-24,SLFNA,Freetown,LRMLW,Monrovia,1,1,"CMA CGM; Delmas",2,4,1578.5,150.5,1512,1684,1,1,1,{1}
2013-03-24,SLFNA,Freetown,MAPTM,Tanger,1,1,"Maersk Line; Safmarine",2,3,1639,189.333333333333,1501,1708,6,6,6,{6}
2013-03-24,SNDKR,Dakar,BEANR,Antwerp,1,1,"CMA CGM; Delmas",2,7,2414.57142857143,445.428571428571,1550,2826,7,7,7,{7}
2013-03-24,SNDKR,Dakar,CIABJ,Abidjan,1,1,"CMA CGM; Delmas",2,6,2570.33333333333,436.666666666667,2466,2674,3,3,3,{3}
2013-03-24,SNDKR,Dakar,GHTEM,Tema,2,2,"Hapag-Lloyd; MOL; MSC; ZIM",4,12,5155.16666666667,435,2072,3424,4,4,4,"{4,4}"
2013-03-24,SNDKR,Dakar,GNCKY,Conakry,1,1,"Maersk Line; Safmarine",2,4,2398.5,410.5,2072,2566,3,3,3,{3}
2013-03-24,SNDKR,Dakar,MACAS,Casablanca,1,1,"CMA CGM; Delmas",2,3,1012.57142857143,177.142857142857,1709,1835,6,6,6,{6}
2013-03-24,SRPBM,Paramaribo,BRIQI,"Itaqui (near Sao Luis)",1,1,"CMA CGM; Delmas",2,1,2010,360,670,670,2,2,2,{2}
2013-03-24,SRPBM,Paramaribo,GYGEO,"Georgetown, Guyana",1,1,"Seaboard Marine",1,3,657,116,657,657,1,1,1,{1}
2013-03-24,SRPBM,Paramaribo,JMKIN,Kingston,1,1,"SeaFreight Line; ZIM",2,5,1185.6,288,1100,1296,4,4,4,{4}
2013-03-24,STTMS,"Sao Tome",AOLAD,Luanda,1,1,"Lin Lines",1,2,6647.14285714286,895.714285714286,2061,2169,3,3,3,{3}
2013-03-24,SVAQJ,Acajutla,GTPRQ,"Puerto Quetzal",2,2,"APL; Maersk Line; MOL",3,7,3424.08333333333,786.416666666667,1296,2556,1,1,1,"{1,1}"
2013-03-24,SVAQJ,Acajutla,HNPCA,"Puerto Castilla",1,1,"Alianca; Evergreen Line; Hamburg Sud; X-Press",4,2,909.5,222,862,957,1,1,1,{1}
2013-03-24,SVAQJ,Acajutla,NICIO,Corinto,2,2,"CMA CGM; CSAV; Hapag-Lloyd; NYK",4,6,4287.5,605,1740,2664,0,0.5,1,"{1,0}"
2013-03-24,SVAQJ,Acajutla,PABLB,Balboa,2,2,"APL; Maersk Line; MOL",3,7,3424.08333333333,786.416666666667,1296,2556,3,3,3,"{3,3}"
2013-03-24,SXSXM,"St Maarten-Philipsburg",KNBAS,"Basseterre, St Kitts",1,1,"Seaboard Marine",1,3,657,116,657,657,1,1,1,{1}
2013-03-24,SXSXM,"St Maarten-Philipsburg",LCVIF,"Vieux Fort",1,1,"CMA CGM",1,3,1251.66666666667,353,1118,1341,1,1,1,{1}
2013-03-24,SXSXM,"St Maarten-Philipsburg",TTPOS,"Port of Spain",1,1,"CMA CGM; Delmas; Marfret",3,6,1678,240,1678,1678,2,2,2,{2}
2013-03-24,SYLTK,Lattakia,EGALY,Alexandria,1,1,MSC,1,5,3331.2,287,1074,4038,2,2,2,{2}
2013-03-24,SYLTK,Lattakia,TRMER,Mersin,1,1,"Alianca; Hamburg Sud; Hapag-Lloyd; Seago Line",4,5,4257.6,568,4255,4268,0,0,0,{0}
2013-03-24,TGLFW,Lome,BJCOO,Cotonou,1,1,"Maersk Line; Safmarine",2,7,2503.14285714286,420.571428571429,2470,2546,3,3,3,{3}
2013-03-24,TGLFW,Lome,GHTEM,Tema,3,3,"CMA CGM; CSCL; Delmas; Hapag-Lloyd; K Line; MOL; NileDutch; NYK",8,20,7623.75324675325,1557.97402597403,1347,2826,0,1,1,"{1,1,0}"
2013-03-24,TGLFW,Lome,MAPTM,Tanger,1,1,"Maersk Line; Safmarine",2,5,2478,352,2478,2478,13,13,13,{13}
2013-03-24,TGLFW,Lome,NGONN,Onne,1,1,"Maersk Line; Safmarine",2,10,2476.3,442.2,2226,2556,2,2,2,{2}
2013-03-24,THBKK,"Bangkok (Old Port)",HKHKG,"Hong Kong",1,1,"Hyundai; KMTC; Sinokor",3,3,1560.66666666667,216.666666666667,1512,1585,4,4,4,{4}
2013-03-24,THBKK,"Bangkok (Old Port)",JPOSA,Osaka,1,1,"IAL-Interasia Lines; MOL",2,3,1047.33333333333,68,1032,1060,8,8,8,{8}
2013-03-24,THBKK,"Bangkok (Old Port)",MYPKG,"Port Klang",1,1,"Gold Star Line",1,4,1317.5,85.5,1169,1367,3,3,3,{3}
2013-03-24,THBKK,"Bangkok (Old Port)",THLCH,"Laem Chabang",18,18,"Alianca; CK Line; CNC Line-Cheng Lie Navigation Co. Ltd.; Evergreen Line; Hamburg Sud; Hanjin Shipping; Heung-A; Hyundai; IAL-Interasia Lines; K Line; KMTC; MCC; MELL; MOL; Namsung; NYK; PanOcean; RCL; Sinokor; SITC Shipping; TS Lines; Wan Hai; Yang Ming",23,58,23748.0833333333,2358.91666666667,1005,1805,0,1,2,"{1,1,1,1,1,1,1,1,1,2,0,1,1,1,1,1,1,1}"
2013-03-24,THBKK,"Bangkok (Old Port)",VNSGN,"Ho Chi Minh (VICT/Cat Lai)",2,2,"CNC Line-Cheng Lie Navigation Co. Ltd.; K Line; OOCL; RCL; SITC Shipping",5,6,2958.66666666667,438.666666666667,1228,1708,3,3,3,"{3,3}"
2013-03-24,THLCH,"Laem Chabang",CNNGB,Ningbo,1,1,"CNC Line-Cheng Lie Navigation Co. Ltd.; MCC; RCL",3,3,1018,100,1018,1018,8,8,8,{8}
2013-03-24,THLCH,"Laem Chabang",CNNSA,Nansha,1,1,"CSCL; MCC; ZIM",3,4,2736.25,426.75,2546,3029,4,4,4,{4}
2013-03-24,THLCH,"Laem Chabang",CNSHK,Shekou,2,2,"Hapag-Lloyd; NYK; OOCL; PIL; ZIM",5,10,10616.7619047619,1185.33333333333,2700,8440,4,4,4,"{4,4}"
2013-03-24,THLCH,"Laem Chabang",CNYTN,Yantian,1,1,"CSAV Norasia; Emirates Shipping; Hanjin Shipping; Hapag-Lloyd; Maersk Line; NYK; OOCL",7,11,5908.72727272727,502.909090909091,6200,6655,4,4,4,{4}
2013-03-24,THLCH,"Laem Chabang",HKHKG,"Hong Kong",13,13,"Alianca; APL; CK Line; CMA CGM; CNC Line-Cheng Lie Navigation Co. Ltd.; Evergreen Line; Hamburg Sud; Hanjin Shipping; Heung-A; Hyundai; IAL-Interasia Lines; KMTC; MCC; MELL; MOL; Namsung; OOCL; PanOcean; TS Lines; Wan Hai; Yang Ming",21,45,23322.4166666667,2723.16666666667,1005,5652,3,4,4,"{4,3,4,4,4,4,3,4,4,4,4,4,4}"
2013-03-24,THLCH,"Laem Chabang",IDJKT,"Jakarta, Java",2,2,"CNC Line-Cheng Lie Navigation Co. Ltd.; Gold Star Line; KMTC; MCC; Sinokor; SITC Shipping",6,7,3181.41666666667,337.333333333333,1510,1740,2,3,4,"{4,2}"
2013-03-24,THLCH,"Laem Chabang",MYTPP,"Tanjung Pelepas",1,1,MCC,1,3,1618.66666666667,225.333333333333,1496,1726,3,3,3,{3}
2013-03-24,THLCH,"Laem Chabang",PHMNL,Manila,4,4,"APL; CMA CGM; CNC Line-Cheng Lie Navigation Co. Ltd.; Delmas; Evergreen Line; Heung-A; Hyundai; IAL-Interasia Lines; K Line; MCC; MOL; NYK; RCL; SITC Shipping; Wan Hai",15,12,6352,898.166666666667,1060,2553,3,3.5,4,"{3,3,4,4}"
2013-03-24,THLCH,"Laem Chabang",SGSIN,Singapore,8,8,"APL; COSCO; Evergreen Line; Hapag-Lloyd; Hyundai; K Line; Maersk Line; MCC; MOL; NYK; OOCL; PanOcean; RCL; Safmarine; Samudera; Simatech; TS Lines; X-Press",18,40,22807.55,2786.26666666667,1452,6750,2,3,3,"{3,3,3,3,3,2,2,3}"
2013-03-24,THLCH,"Laem Chabang",THBKK,"Bangkok (Old Port)",14,14,"CK Line; CNC Line-Cheng Lie Navigation Co. Ltd.; Evergreen Line; Hanjin Shipping; Heung-A; Hyundai; IAL-Interasia Lines; K Line; KMTC; MELL; MOL; Namsung; NYK; OOCL; PanOcean; RCL; Sinokor; SITC Shipping; TS Lines; Wan Hai; Yang Ming",21,45,19764,2154.58333333333,1032,1805,0,1,1,"{1,1,1,0,1,1,1,0,1,0,1,0,0,1}"
2013-03-24,THLCH,"Laem Chabang",TWKEL,Keelung,1,1,"Hyundai; NYK",2,6,2742.83333333333,423.333333333333,2664,2900,3,3,3,{3}
2013-03-24,THLCH,"Laem Chabang",TWKHH,Kaohsiung,1,1,"CNC Line-Cheng Lie Navigation Co. Ltd.; Evergreen Line",2,2,2079,282,2078,2080,4,4,4,{4}
2013-03-24,THLCH,"Laem Chabang",VNHPH,Haiphong,1,1,"NYK; RCL",2,2,1135.5,145,1114,1157,5,5,5,{5}
2013-03-24,THLCH,"Laem Chabang",VNSGN,"Ho Chi Minh (VICT/Cat Lai)",9,9,"CK Line; CNC Line-Cheng Lie Navigation Co. Ltd.; Evergreen Line; Gold Star Line; Hanjin Shipping; Hyundai; KMTC; MCC; MSC; Namsung; NYK; PanOcean; Sinokor; SITC Shipping; Yang Ming",15,34,12528.9166666667,1176.98333333333,1005,2810,0,2,3,"{2,3,0,2,3,2,2,3,2}"
2013-03-24,THLCH,"Laem Chabang",VNTCT,"Cai Mep",2,2,"APL; Hanjin Shipping; Hyundai; MOL",4,11,8349.75,837.5,2468,6734,2,2.5,3,"{3,2}"
2013-03-24,TLDIL,"Dili, East Timor",AUDRW,Darwin,1,1,MELL,1,3,2959.04761904762,585,1300,1740,2,2,2,{2}
2013-03-24,TRALI,Aliaga,AEKLF,"Khor Fakkan",1,1,"CSCL; UASC",2,8,4117.875,489.875,3802,4300,14,14,14,{14}
2013-03-24,TRALI,Aliaga,FRLEH,"Le Havre",1,1,"Hapag-Lloyd; MSC",2,4,4041.25,275,3301,4392,6,6,6,{6}
2013-03-24,TRALI,Aliaga,TRAMB,"Istanbul (Ambarli)",1,1,"Hapag-Lloyd; MSC",2,4,4041.25,275,3301,4392,0,0,0,{0}
2013-03-24,TRAMB,"Istanbul (Ambarli)",GRPIR,Piraeus,1,1,"CSAV Norasia; MSC",2,11,12013.4545454545,945.454545454545,12400,14000,4,4,4,{4}
2013-03-24,TRAMB,"Istanbul (Ambarli)",ILASH,Ashdod,1,1,"APL; Hapag-Lloyd; Hyundai; MOL; NYK; OOCL",6,10,4211.4,351.8,4960,6750,2,2,2,{2}
2013-03-24,TRAMB,"Istanbul (Ambarli)",ILHFA,Haifa,1,1,ZIM,1,9,4251.22222222222,402.222222222222,4250,4255,4,4,4,{4}
2013-03-24,TRAMB,"Istanbul (Ambarli)",ROCND,Constanta,3,3,"ANL; APL; CMA CGM; COSCO; CSCL; Hanjin Shipping; Hapag-Lloyd; Hyundai; K Line; Maersk Line; MCC; MOL; NYK; OOCL; Safmarine; Wan Hai; Yang Ming; ZIM",18,29,17131.1613636364,1793.73181818182,4250,8073,1,1,3,"{3,1,1}"
2013-03-24,TRAMB,"Istanbul (Ambarli)",TRALI,Aliaga,1,1,"CSCL; UASC",2,8,4117.875,489.875,3802,4300,1,1,1,{1}
2013-03-24,TRAMB,"Istanbul (Ambarli)",TRGEM,"Istanbul (Gemlik)",5,4,"Alianca; Hamburg Sud; Hapag-Lloyd; Maersk Line; MSC; Seago Line; Turkon",7,21,19550.0714285714,2260,1878,4549,0,1,2,"{0,2,2,0,1}"
2013-03-24,TRAMB,"Istanbul (Ambarli)",TRIZT,Izmit,2,2,"Maersk Line; MSC; Safmarine",3,15,6601.44444444445,992.444444444444,2797,3604,1,1,1,"{1,1}"
2013-03-24,TRAMB,"Istanbul (Ambarli)",UAODS,Odessa,2,2,"Maersk Line; MSC; Safmarine; ZIM",4,18,7278.33333333333,1141.33333333333,2797,4255,3,3,3,"{3,3}"
2013-03-24,TRGEB,"Istanbul (Gebze)",TRAMB,"Istanbul (Ambarli)",1,1,MSC,1,3,4549,560,4549,4549,0,0,0,{0}
2013-03-24,TRGEM,"Istanbul (Gemlik)",GBFXT,Felixstowe,1,1,MSC,1,3,4549,560,4549,4549,8,8,8,{8}
2013-03-24,TRGEM,"Istanbul (Gemlik)",TRALI,Aliaga,2,1,"Hapag-Lloyd; MSC",2,8,8082.5,550,3301,4392,2,2,2,"{2,2}"
2013-03-24,TRGEM,"Istanbul (Gemlik)",TRIZM,Izmir,2,2,"Alianca; Hamburg Sud; Maersk Line; Seago Line; Turkon",5,10,6918.57142857143,1150,1878,4504,1,1,1,"{1,1}"
2013-03-24,TRIZM,Izmir,ESVLC,Valencia,1,1,"Alianca; Hamburg Sud; Maersk Line; Seago Line",4,5,4504,700,4504,4504,4,4,4,{4}
2013-03-24,TRIZM,Izmir,GRPIR,Piraeus,1,1,"Hapag-Lloyd; MSC",2,4,3794,346,3200,4425,2,2,2,{2}
2013-03-24,TRIZM,Izmir,ITSAL,Salerno,2,2,"Borchard Lines Ltd; Turkon",2,9,3281.07142857143,684,862,1878,2,2.5,3,"{2,3}"
2013-03-24,TRIZT,Izmit,EGPSD,"Port Said",1,1,"Maersk Line; Safmarine",2,6,3574.33333333333,253.333333333333,3426,3604,4,4,4,{4}
2013-03-24,TRIZT,Izmit,ESALG,Algeciras,1,1,"Maersk Line; MSC; Safmarine",3,9,3027.11111111111,739.111111111111,2797,3100,6,6,6,{6}
2013-03-24,TRIZT,Izmit,TRAMB,"Istanbul (Ambarli)",4,4,"Alianca; ANL; CMA CGM; CSCL; Hamburg Sud; Maersk Line; MCC; MSC; Safmarine; Seago Line; UASC",11,33,19143.6224747475,2847.16792929293,2797,8073,0,1,1,"{1,1,0,1}"
2013-03-24,TRMER,Mersin,EGPSD,"Port Said",1,1,"Alianca; Hamburg Sud; Hapag-Lloyd; Seago Line",4,5,4257.6,568,4255,4268,2,2,2,{2}
2013-03-24,TRMER,Mersin,ILHFA,Haifa,1,1,"Gold Star Line; ZIM",2,8,3538.875,193.875,3429,4308,1,1,1,{1}
2013-03-24,TRMER,Mersin,ITNAP,Naples,1,1,MSC,1,5,3331.2,287,1074,4038,3,3,3,{3}
2013-03-24,TRMER,Mersin,ITSAL,Salerno,1,1,"Borchard Lines Ltd",1,4,853.25,217.5,809,868,3,3,3,{3}
2013-03-24,TRMER,Mersin,TRAMB,"Istanbul (Ambarli)",2,2,"Maersk Line; Safmarine; Turkon",3,11,5988.90476190476,703.333333333333,1878,3604,3,3,3,"{3,3}"
2013-03-24,TRMER,Mersin,TRIZT,Izmit,1,1,"CSCL; UASC",2,8,4117.875,489.875,3802,4300,3,3,3,{3}
2013-03-24,TTPOS,"Port of Spain",GFDDC,"Degrad des Cannes",1,1,"CMA CGM; Delmas; Marfret",3,6,1678,240,1678,1678,2,2,2,{2}
2013-03-24,TTPOS,"Port of Spain",JMKIN,Kingston,1,1,"CMA CGM",1,9,1716.88888888889,373.111111111111,1728,2546,4,4,4,{4}
2013-03-24,TTPOS,"Port of Spain",RUVYP,Vostochniy,1,1,"CMA CGM; CSAV; CSCL; Libra-Montemar",4,12,4501.66666666667,415.583333333333,3534,5100,30,30,30,{30}
2013-03-24,TTPOS,"Port of Spain",SRPBM,Paramaribo,1,1,"CMA CGM; Delmas",2,1,2010,360,670,670,4,4,4,{4}
2013-03-24,TTPOS,"Port of Spain",VISTX,"St Croix VI",1,1,"Tropical Shipping",1,2,850,187,850,850,3,3,3,{3}
2013-03-24,TTPTS,"Point Lisas",PAMIT,Manzanillo,1,1,"SeaFreight Line; ZIM",2,5,1185.6,288,1100,1296,1,1,1,{1}
2013-03-24,TTPTS,"Point Lisas",SRPBM,Paramaribo,1,1,"Seaboard Marine",1,3,657,116,657,657,3,3,3,{3}
2013-03-24,TTPTS,"Point Lisas",VCKTN,"Kingstown, St Vincent",1,1,Crowley,1,2,1122,150,1122,1122,1,1,1,{1}
2013-03-24,TTPTS,"Point Lisas",VEEGU,"El Guamache",1,1,"SeaFreight Line; ZIM",2,5,1185.6,288,1100,1296,2,2,2,{2}
2013-03-24,TWKEL,Keelung,CNCWN,Chiwan,1,1,"CMA CGM; CSAV; Libra-Montemar; MSC",4,12,8172.33333333333,641.666666666667,8200,9200,2,2,2,{2}
2013-03-24,TWKEL,Keelung,CNNGB,Ningbo,1,1,PIL,1,9,1797.20634920635,190.47619047619,1398,1728,10,10,10,{10}
2013-03-24,TWKEL,Keelung,CNSHA,Shanghai,1,1,MCC,1,5,1713,377,1713,1713,2,2,2,{2}
2013-03-24,TWKEL,Keelung,CNXMN,Xiamen,1,1,"K Line; MOL; PIL",3,8,2748.625,221.75,4228,4738,1,1,1,{1}
2013-03-24,TWKEL,Keelung,HKHKG,"Hong Kong",5,5,"Alianca; CCNI; CMA CGM; CSCL; Evergreen Line; Hamburg Sud; Hanjin Shipping; Hapag-Lloyd; Hyundai; K Line; MCC; MOL; NYK; OOCL; Yang Ming",15,33,18276.8257575758,2032.31515151515,1618,6500,1,2,2,"{1,2,2,2,1}"
2013-03-24,TWKEL,Keelung,JPNAH,"Naha (Okinawa Is)",1,1,NYK,1,2,581,100,560,602,1,1,1,{1}
2013-03-24,TWKEL,Keelung,JPOSA,Osaka,1,1,"IAL-Interasia Lines; Wan Hai; Yang Ming",3,3,1070.33333333333,178.333333333333,972,1121,2,2,2,{2}
2013-03-24,TWKEL,Keelung,JPTYO,Tokyo,3,3,"CNC Line-Cheng Lie Navigation Co. Ltd.; Evergreen Line; Hyundai; MELL; NYK; Yang Ming",6,14,5606.33333333333,744.583333333333,1264,2900,3,3,3,"{3,3,3}"
2013-03-24,TWKEL,Keelung,KRICH,Inchon,1,1,"Wan Hai",1,4,1307.25,72.5,1125,1368,2,2,2,{2}
2013-03-24,TWKEL,Keelung,KRPUS,Busan,1,1,"Hyundai; KMTC; Sinokor",3,3,1560.66666666667,216.666666666667,1512,1585,2,2,2,{2}
2013-03-24,TWKEL,Keelung,MYPKG,"Port Klang",1,1,"IAL-Interasia Lines; Wan Hai; Yang Ming",3,3,1070.33333333333,178.333333333333,972,1121,4,4,4,{4}
2013-03-24,TWKEL,Keelung,THLCH,"Laem Chabang",1,1,"Hyundai; NYK",2,6,2742.83333333333,423.333333333333,2664,2900,4,4,4,{4}
2013-03-24,TWKEL,Keelung,TWKHH,Kaohsiung,7,7,"CNC Line-Cheng Lie Navigation Co. Ltd.; COSCO; Evergreen Line; Hanjin Shipping; K Line; NYK; Wan Hai; Yang Ming",8,25,13382.0833333333,1482.58333333333,560,6589,1,1,2,"{1,1,1,1,2,1,1}"
2013-03-24,TWKEL,Keelung,TWTPE,Taipei,1,1,"MOL; Wan Hai",2,3,1608,210,1368,1728,0,0,0,{0}
2013-03-24,TWKEL,Keelung,TWTXG,Taichung,9,9,"CNC Line-Cheng Lie Navigation Co. Ltd.; Evergreen Line; IAL-Interasia Lines; MELL; MOL; TS Lines; Wan Hai; Yang Ming",8,29,13145.4166666667,1697.16666666667,1024,2646,0,1,1,"{1,1,1,0,0,1,1,1,0}"
2013-03-24,TWKEL,Keelung,USLAX,"Los Angeles CA",1,1,"COSCO; Hanjin Shipping; K Line; Yang Ming",4,6,5115,408.333333333333,5500,6589,12,12,12,{12}
2013-03-24,TWKHH,Kaohsiung,AUMEL,Melbourne,3,3,"ANL; CMA CGM; COSCO; CSCL; Delmas; Evergreen Line; Hanjin Shipping; K Line; MOL; NYK; OOCL; PanOcean; Sinotrans; Yang Ming",14,18,12438,1143.33333333333,4130,5014,10,12,13,"{12,10,13}"
2013-03-24,TWKHH,Kaohsiung,CAVAN,"Vancouver BC",1,1,"Hapag-Lloyd; NYK; OOCL; PIL; ZIM",5,7,7895.42857142857,700,7179,8440,11,11,11,{11}
2013-03-24,TWKHH,Kaohsiung,CNCWN,Chiwan,4,4,"APL; Hamburg Sud; Hanjin Shipping; Hapag-Lloyd; Hyundai; MOL",6,23,18100.5952380952,1754.33333333333,1708,9100,1,1.5,4,"{2,4,1,1}"
2013-03-24,TWKHH,Kaohsiung,CNNGB,Ningbo,2,2,"CMA CGM; CSAV; CSCL; Evergreen Line; Hanjin Shipping; Libra-Montemar",6,22,12058.9666666667,1271.58333333333,3534,8452,2,2,2,"{2,2}"
2013-03-24,TWKHH,Kaohsiung,CNNSA,Nansha,2,2,"Evergreen Line; Maersk Line; MCC",3,11,9190.44444444445,794.888888888889,1618,8950,0,1,2,"{2,0}"
2013-03-24,TWKHH,Kaohsiung,CNSHA,Shanghai,7,7,"ANL; COSCO; CSCL; Evergreen Line; Gold Star Line; Hanjin Shipping; K Line; MCC; MELL; OOCL; Yang Ming",11,38,20898.8781746032,2528.58055555556,1114,5548,1,2,5,"{3,1,1,2,2,5,2}"
2013-03-24,TWKHH,Kaohsiung,CNSHK,Shekou,3,3,"CMA CGM; COSCO; CSCL; Evergreen Line; Hanjin Shipping; Hapag-Lloyd; NYK; OOCL; Yang Ming; ZIM",10,24,13614.0714285714,1184.91428571429,3017,5652,1,1,2,"{2,1,1}"
2013-03-24,TWKHH,Kaohsiung,CNXMN,Xiamen,4,4,"APL; COSCO; Hanjin Shipping; Hapag-Lloyd; Hyundai; K Line; MOL; NYK; OOCL; Yang Ming",10,29,24317.9696969697,2066.54545454545,5500,9300,0,2,4,"{0,4,1,3}"
2013-03-24,TWKHH,Kaohsiung,CNYTN,Yantian,8,8,"ACL-Atlantic Container Line; APL; COSCO; CSCL; Emirates Shipping; Evergreen Line; Hanjin Shipping; Hapag-Lloyd; Hyundai; K Line; Maersk Line; MCC; MOL; NYK; OOCL; PIL; Wan Hai; Yang Ming",18,65,41900.5333333333,3698.83333333333,1496,10114,1,1,2,"{1,1,1,1,2,2,2,1}"
2013-03-24,TWKHH,Kaohsiung,HKHKG,"Hong Kong",36,34,"Alianca; APL; CMA CGM; CNC Line-Cheng Lie Navigation Co. Ltd.; COSCO; Evergreen Line; Hamburg Sud; Hanjin Shipping; Hapag-Lloyd; Hyundai; IAL-Interasia Lines; K Line; Maersk Line; MCC; MELL; MOL; MSC; NYK; OOCL; PIL; TS Lines; USL-US Lines; Wan Hai; X-Press; Yang Ming; ZIM",26,172,102947.520238095,10737.5488095238,1024,8930,1,1,3,"{1,1,2,1,3,1,1,1,2,1,2,1,1,1,1,1,2,1,1,1,2,1,1,1,2,1,1,1,1,1,1,1,1,1,1,1}"
2013-03-24,TWKHH,Kaohsiung,IDSUB,"Surabaya, Java",1,1,"CNC Line-Cheng Lie Navigation Co. Ltd.; Evergreen Line; Yang Ming",3,5,2726.2,346,2078,2959,5,5,5,{5}
2013-03-24,TWKHH,Kaohsiung,JPTYO,Tokyo,1,1,"APL; Hanjin Shipping; MOL",3,3,2468,400,2468,2468,3,3,3,{3}
2013-03-24,TWKHH,Kaohsiung,JPUKB,Kobe,1,1,"APL; Hanjin Shipping",2,3,1722,266,1708,1740,3,3,3,{3}
2013-03-24,TWKHH,Kaohsiung,KRPUS,Busan,2,2,"APL; CMA CGM; Hanjin Shipping; Hyundai; KMTC; Maersk Line; MOL; Sinotrans; Yang Ming",9,16,6397.89743589744,540.769230769231,1626,5100,2,2,2,"{2,2}"
2013-03-24,TWKHH,Kaohsiung,MYTPP,"Tanjung Pelepas",1,1,"CMA CGM; MCC",2,3,2762.66666666667,512,2732,2824,4,4,4,{4}
2013-03-24,TWKHH,Kaohsiung,PAONX,Colon,1,1,"Evergreen Line",1,9,4310.66666666667,464.666666666667,4211,5090,20,20,20,{20}
2013-03-24,TWKHH,Kaohsiung,PHCEB,Cebu,2,2,"BTL-Bengal Tiger Line; Evergreen Line; OOCL; X-Press",4,2,2249,436,1085,1164,2,2.5,3,"{2,3}"
2013-03-24,TWKHH,Kaohsiung,PHMNL,Manila,4,4,"CNC Line-Cheng Lie Navigation Co. Ltd.; Evergreen Line; Gold Star Line; MCC; NYK; OOCL",6,10,5945,817.4,560,2080,2,2,2,"{2,2,2,2}"
2013-03-24,TWKHH,Kaohsiung,PHSFS,"Subic Bay",1,1,"APL; Hyundai; MOL",3,1,2468,400,2468,2468,1,1,1,{1}
2013-03-24,TWKHH,Kaohsiung,SGSIN,Singapore,2,2,"Evergreen Line; Hanjin Shipping; KMTC; PanOcean; Yang Ming",5,10,6097,606.333333333333,1618,4500,4,4,4,"{4,4}"
2013-03-24,TWKHH,Kaohsiung,TWKEL,Keelung,5,5,"CNC Line-Cheng Lie Navigation Co. Ltd.; COSCO; Evergreen Line; Hanjin Shipping; K Line; MCC; MELL; NYK; OOCL; Yang Ming",10,20,10582.9166666667,1271.16666666667,560,6589,0,1,1,"{1,1,1,0,1}"
2013-03-24,TWKHH,Kaohsiung,TWTPE,Taipei,3,3,"Evergreen Line; K Line; Maersk Line; Wan Hai; Yang Ming",5,14,10642.5,1443.33333333333,2200,7024,0,1,1,"{1,1,0}"
2013-03-24,TWKHH,Kaohsiung,TWTXG,Taichung,9,9,"CNC Line-Cheng Lie Navigation Co. Ltd.; Evergreen Line; MOL; OOCL; Wan Hai; Yang Ming",6,28,12389.6666666667,1342.58333333333,1088,2080,0,1,3,"{1,0,3,0,1,0,1,1,0}"
2013-03-24,TWKHH,Kaohsiung,USLAX,"Los Angeles CA",1,1,"APL; Hyundai; MOL",3,7,6495.71428571429,512.857142857143,6350,9100,14,14,14,{14}
2013-03-24,TWKHH,Kaohsiung,USLGB,"Long Beach CA",1,1,"Hapag-Lloyd; NYK; OOCL",3,6,6856.66666666667,590,8063,8888,13,13,13,{13}
2013-03-24,TWKHH,Kaohsiung,VNDAD,"Da Nang",1,1,"MOL; Wan Hai",2,3,1608,210,1368,1728,2,2,2,{2}
2013-03-24,TWKHH,Kaohsiung,VNHPH,Haiphong,4,4,"CNC Line-Cheng Lie Navigation Co. Ltd.; Evergreen Line; MELL; OOCL; Wan Hai",5,4,4140,368,1024,1040,2,3,3,"{3,2,3,3}"
2013-03-24,TWTPE,Taipei,CNXMN,Xiamen,1,1,"CSCL; Evergreen Line; ZIM",3,5,6458.4,560,8073,8073,2,2,2,{2}
2013-03-24,TWTPE,Taipei,HKHKG,"Hong Kong",3,3,"CMA CGM; Evergreen Line; Hanjin Shipping; MOL",4,25,16298.6333333333,1708,4211,8452,2,2,2,"{2,2,2}"
2013-03-24,TWTPE,Taipei,JPHKT,Hakata,2,2,"Evergreen Line; MOL; Wan Hai",3,7,4326,706.5,1368,2824,2,2,2,"{2,2}"
2013-03-24,TWTPE,Taipei,JPOSA,Osaka,2,2,"Evergreen Line; Wan Hai; Yang Ming",3,6,2569,170,1088,1800,2,2.5,3,"{2,3}"
2013-03-24,TWTPE,Taipei,JPTYO,Tokyo,2,2,"Evergreen Line; IAL-Interasia Lines; Wan Hai; Yang Ming",4,8,4341.75,557.5,1618,2646,3,3,3,"{3,3}"
2013-03-24,TWTPE,Taipei,KRICH,Inchon,1,1,"Evergreen Line; K Line; Wan Hai; Yang Ming",4,4,2472.5,350.5,2200,2700,2,2,2,{2}
2013-03-24,TWTPE,Taipei,TWKHH,Kaohsiung,1,1,"Evergreen Line",1,4,2718,496.5,2492,2824,0,0,0,{0}
2013-03-24,TWTPE,Taipei,TWTXG,Taichung,5,5,"Evergreen Line; Wan Hai; Yang Ming",3,14,8022.5,811.333333333333,1162,2080,0,1,1,"{0,0,1,1,1}"
2013-03-24,TWTPE,Taipei,USLAX,"Los Angeles CA",1,1,"Evergreen Line; Maersk Line",2,6,5452,596.333333333333,6046,7024,13,13,13,{13}
2013-03-24,TWTXG,Taichung,HKHKG,"Hong Kong",4,4,"Evergreen Line; TS Lines; Wan Hai; Yang Ming",4,12,6125.25,587.833333333333,1125,1800,1,1.5,2,"{1,2,1,2}"
2013-03-24,TWTXG,Taichung,THLCH,"Laem Chabang",1,1,"Evergreen Line",1,2,1163,200,1162,1164,4,4,4,{4}
2013-03-24,TWTXG,Taichung,TWKEL,Keelung,4,4,"CNC Line-Cheng Lie Navigation Co. Ltd.; IAL-Interasia Lines; MOL; Wan Hai; Yang Ming",5,14,5384.83333333333,619.583333333333,972,1805,0,1,1,"{1,1,0,1}"
2013-03-24,TWTXG,Taichung,TWKHH,Kaohsiung,12,12,"CNC Line-Cheng Lie Navigation Co. Ltd.; Evergreen Line; IAL-Interasia Lines; MELL; MOL; TS Lines; Wan Hai; Yang Ming",8,36,17560.6666666667,2248,1024,2646,0,1,1,"{1,0,1,1,1,1,1,0,0,1,1,1}"
2013-03-24,TWTXG,Taichung,TWTPE,Taipei,4,4,"Evergreen Line; Wan Hai; Yang Ming",3,12,5920.5,548,1088,2080,0,0,1,"{1,0,0,0}"
2013-03-24,TWTXG,Taichung,VNSGN,"Ho Chi Minh (VICT/Cat Lai)",1,1,"Evergreen Line; OOCL; Yang Ming",3,3,1709.66666666667,223.333333333333,1618,1805,3,3,3,{3}
2013-03-24,TZDAR,"Dar es Salaam",AEJEA,"Dubai, Jebel Ali",1,1,"CMA CGM; Delmas; Emirates Shipping",3,3,3108,554.285714285714,1708,1875,7,7,7,{7}
2013-03-24,TZDAR,"Dar es Salaam",INMUN,Mundra,1,1,"Evergreen Line; Hanjin Shipping",2,4,2674.75,346.25,2442,2824,8,8,8,{8}
2013-03-24,TZDAR,"Dar es Salaam",KEMBA,Mombasa,2,2,"Maersk Line; Safmarine",2,6,5333.6,990,1098,2572,1,2,3,"{1,3}"
2013-03-24,TZDAR,"Dar es Salaam",LKCMB,Colombo,1,1,"Evergreen Line; MOL; NYK; SCI-Shipping Corp. of India; X-Press",5,5,2152,255.085714285714,1869,2578,8,8,8,{8}
2013-03-24,TZDAR,"Dar es Salaam",SGSIN,Singapore,1,1,"Maersk Line; Safmarine",2,7,1766.28571428571,238,2468,2478,15,15,15,{15}
2013-03-24,TZDAR,"Dar es Salaam",TZTGT,Tanga,1,1,"CMA CGM; Delmas; Emirates Shipping",3,6,2601,504.166666666667,2474,2758,10,10,10,{10}
2013-03-24,TZTGT,Tanga,MYPKG,"Port Klang",1,1,"CMA CGM; Delmas; Emirates Shipping",3,6,2601,504.166666666667,2474,2758,1,1,1,{1}
2013-03-24,TZTGT,Tanga,TZDAR,"Dar es Salaam",1,1,"CMA CGM; Delmas; Emirates Shipping",3,6,2601,504.166666666667,2474,2758,2,2,2,{2}
2013-03-24,TZTGT,Tanga,TZZNZ,Zanzibar,1,1,"UAFL-United Africa Feeder Line",1,4,2459.28571428571,257.142857142857,1684,1742,1,1,1,{1}
2013-03-24,TZZNZ,Zanzibar,AEJEA,"Dubai, Jebel Ali",1,1,"CMA CGM; Delmas; Emirates Shipping",3,5,2620.34285714286,386.742857142857,2200,2578,8,8,8,{8}
2013-03-24,TZZNZ,Zanzibar,KMMUT,Mutsamudu,1,1,"UAFL-United Africa Feeder Line",1,4,2459.28571428571,257.142857142857,1684,1742,7,7,7,{7}
2013-03-24,TZZNZ,Zanzibar,TZTGT,Tanga,1,1,"CMA CGM; Delmas; Emirates Shipping",3,6,2601,504.166666666667,2474,2758,2,2,2,{2}
2013-03-24,UAILK,Chornomorsk,EGPSD,"Port Said",1,1,"ANL; CMA CGM; Maersk Line; MCC; Safmarine",5,11,7494.63636363636,918.181818181818,6554,8073,6,6,6,{6}
2013-03-24,UAILK,Chornomorsk,MYPKG,"Port Klang",1,1,"COSCO; CSCL; Hanjin Shipping; K Line; Wan Hai; Yang Ming; ZIM",7,8,5425.125,523.75,4250,5688,17,17,17,{17}
2013-03-24,UAODS,Odessa,RUNVS,Novorossiysk,2,2,"Maersk Line; MSC; Safmarine; ZIM",4,18,7278.33333333333,1141.33333333333,2797,4255,1,2,3,"{3,1}"
2013-03-24,UAODS,Odessa,TRAMB,"Istanbul (Ambarli)",1,1,"APL; Hapag-Lloyd; Hyundai; MOL; NYK; OOCL",6,10,4211.4,351.8,4960,6750,3,3,3,{3}
2013-03-24,UAODS,Odessa,UAILK,Chornomorsk,1,1,"ANL; CMA CGM; Maersk Line; MCC; Safmarine",5,11,7494.63636363636,918.181818181818,6554,8073,1,1,1,{1}
2013-03-24,USBAL,"Baltimore MD",PAONX,Colon,1,1,"Evergreen Line",1,9,4310.66666666667,464.666666666667,4211,5090,5,5,5,{5}
2013-03-24,USBAL,"Baltimore MD",USCHS,"Charleston SC",1,1,"Alianca; CCNI; CSAV; Hamburg Sud; Libra-Montemar",5,6,3192.16666666667,464.333333333333,2742,3534,2,2,2,{2}
2013-03-24,USBAL,"Baltimore MD",USORF,"Norfolk VA",3,3,"Maersk Line; MSC; Safmarine",3,20,11670.1666666667,1074.61111111111,1708,5762,0,1,1,"{0,1,1}"
2013-03-24,USBAL,"Baltimore MD",USSAV,"Savannah GA",2,2,"CMA CGM; CSAV; Hapag-Lloyd; Libra-Montemar; MSC; ZIM",6,21,13252.6057692308,965.384615384615,5550,9200,2,2,2,"{2,2}"
2013-03-24,USBOS,"Boston MA",CAMTR,Montreal,1,1,MSC,1,6,4790.5,493.5,3922,5762,1,1,1,{1}
2013-03-24,USBOS,"Boston MA",CANWP,Argentia,1,1,Eimskip,1,1,2991.42857142857,514.285714285714,698,698,3,3,3,{3}
2013-03-24,USBOS,"Boston MA",USORF,"Norfolk VA",2,2,"COSCO; Eimskip; Hanjin Shipping; K Line; Yang Ming",5,10,7525.31746031746,779.904761904762,712,5089,2,3,4,"{4,2}"
2013-03-24,USBOS,"Boston MA",USPHL,"Philadelphia PA",1,1,MSC,1,5,4495,463,4018,4814,2,2,2,{2}
2013-03-24,USCHS,"Charleston SC",BEANR,Antwerp,2,2,"COSCO; Evergreen Line; Hanjin Shipping; K Line; MSC; Yang Ming; ZIM",7,11,11142,834.285714285714,4253,6750,10,10,10,"{10,10}"
2013-03-24,USCHS,"Charleston SC",BSFPO,Freeport,3,3,"Maersk Line; MSC; Safmarine",3,29,13821.6117216117,1055.63858363858,1708,9200,1,1,1,"{1,1,1}"
2013-03-24,USCHS,"Charleston SC",COCTG,Cartagena,1,1,"Alianca; Hamburg Sud; Hapag-Lloyd; Maersk Line; MSC",5,10,3381.5,684.2,2824,3752,5,5,5,{5}
2013-03-24,USCHS,"Charleston SC",EGPSD,"Port Said",1,1,"ANL; APL; CMA CGM; Hapag-Lloyd; NYK; OOCL; USL-US Lines",7,8,4197.5,388.5,3808,4367,16,16,16,{16}
2013-03-24,USCHS,"Charleston SC",ESALG,Algeciras,1,1,"APL; Evergreen Line; Hanjin Shipping; Hyundai; MOL",5,10,4792.9,438.2,5220,6350,10,10,10,{10}
2013-03-24,USCHS,"Charleston SC",ESVLC,Valencia,1,1,MSC,1,6,4790.5,493.5,3922,5762,10,10,10,{10}
2013-03-24,USCHS,"Charleston SC",GBTHP,Thamesport,1,1,"ACL-Atlantic Container Line; Hapag-Lloyd; OOCL",3,6,3042.83333333333,223,2803,3607,11,11,11,{11}
2013-03-24,USCHS,"Charleston SC",NLRTM,Rotterdam,1,1,"ACL-Atlantic Container Line; Alianca; Hamburg Sud; Hapag-Lloyd; NYK; OOCL; ZIM",7,4,5671.75,687.75,5006,5905,10,10,10,{10}
2013-03-24,USCHS,"Charleston SC",PAMIT,Manzanillo,1,1,"APL; CMA CGM; Hyundai; Maersk Line; MOL",5,13,4730.23076923077,390.769230769231,4589,5100,3,3,3,{3}
2013-03-24,USCHS,"Charleston SC",RUVYP,Vostochniy,1,1,"ANL; CMA CGM; CSCL; Delmas; UASC; USL-US Lines",6,11,5015.63636363636,356.363636363636,4367,5095,30,30,30,{30}
2013-03-24,USCHS,"Charleston SC",USILM,"Wilmington NC",1,1,"COSCO; Hanjin Shipping; K Line; Yang Ming",4,9,3804.88888888889,355.555555555556,4250,4444,0,0,0,{0}
2013-03-24,USCHS,"Charleston SC",USJAX,"Jacksonville FL",1,1,"Alianca; CSAV; Hamburg Sud; Libra-Montemar",4,7,4341.42857142857,514,4050,4600,2,2,2,{2}
2013-03-24,USCHS,"Charleston SC",USMIA,"Miami FL",4,4,"ACL-Atlantic Container Line; APL; CMA CGM; CSAV; Delmas; Hapag-Lloyd; Hyundai; Maersk Line; MCC; MOL; NYK; OOCL",12,26,15107.3333333333,1936.4,3200,5762,0,1.5,2,"{0,2,1,2}"
2013-03-24,USCHS,"Charleston SC",USNYC,"New York NY/NJ",2,2,"APL; CMA CGM; Hyundai; Maersk Line; MOL",5,18,8989.83076923077,1009.56923076923,4250,5100,1,1.5,2,"{2,1}"
2013-03-24,USCHS,"Charleston SC",USORF,"Norfolk VA",2,2,"Evergreen Line; Maersk Line; Safmarine",3,16,8045.11111111111,788.603174603175,4154,4338,1,1.5,2,"{1,2}"
2013-03-24,USCHS,"Charleston SC",USPEF,"Port Everglades FL",1,1,"Alianca; CCNI; CSAV; Hamburg Sud; Libra-Montemar",5,6,3192.16666666667,464.333333333333,2742,3534,1,1,1,{1}
2013-03-24,USCHS,"Charleston SC",USSAV,"Savannah GA",4,4,"APL; CMA CGM; Hanjin Shipping; Hapag-Lloyd; Hyundai; Maersk Line; MOL; MSC; NYK; OOCL; ZIM",11,31,19927.0111111111,1471.70793650794,4082,6750,0,0.5,1,"{0,1,1,0}"
2013-03-24,USCHT,"Chester PA",USILM,"Wilmington NC",1,1,ICL,1,4,2106.5,300,1574,2800,2,2,2,{2}
2013-03-24,USDUT,"Dutch Harbor AK",JPYOK,Yokohama,1,1,"CMA CGM; Evergreen Line; Maersk Line; MSC",4,6,4157.5,408.333333333333,4082,4367,8,8,8,{8}
2013-03-24,USFPO,"Freeport TX",HNPCR,"Puerto Cortes",1,1,Dole,1,1,1157,250,1157,1157,2,2,2,{2}
2013-03-24,USGPT,"Gulfport MS",GTPBR,"Puerto Barrios",1,1,Dole,1,1,890,445,890,890,2,2,2,{2}
2013-03-24,USGPT,"Gulfport MS",HNPCR,"Puerto Cortes",1,1,Crowley,1,1,972,170,972,972,3,3,3,{3}
2013-03-24,USHNL,"Honolulu HI",GUGUM,Guam,1,1,Matson,1,5,2715.8,300,2019,2890,13,13,13,{13}
2013-03-24,USHNL,"Honolulu HI",USLAX,"Los Angeles CA",1,1,"Horizon Lines",1,2,2507,200,2361,2653,6,6,6,{6}
2013-03-24,USHNL,"Honolulu HI",USOAK,"Oakland CA",2,2,"Alianca; ANL; CMA CGM; Hamburg Sud; Hapag-Lloyd; Maersk Line; Matson; MSC; USL-US Lines",9,3,17382.5714285714,2599.92857142857,2758,3586,4,5.5,7,"{4,7}"
2013-03-24,USHNL,"Honolulu HI",USPDX,"Portland OR",1,1,Matson,1,2,2364.5,354,1702,3027,4,4,4,{4}
2013-03-24,USHOU,"Houston TX",COCTG,Cartagena,1,1,"Alianca; CCNI; Hamburg Sud; Hapag-Lloyd",4,7,3802.85714285714,604.142857142857,2070,4268,5,5,5,{5}
2013-03-24,USHOU,"Houston TX",CRLIO,"Puerto Limon",1,1,"Seaboard Marine",1,3,1521.33333333333,278,1296,1718,4,4,4,{4}
2013-03-24,USHOU,"Houston TX",DOCAU,Caucedo,1,1,"MSC; ZIM",2,5,3084.4,136.8,3005,3398,4,4,4,{4}
2013-03-24,USHOU,"Houston TX",GTSTC,"Santo Tomas de Castilla",1,1,"Seaboard Marine",1,1,1114,220,1114,1114,3,3,3,{3}
2013-03-24,USHOU,"Houston TX",KRPUS,Busan,1,1,"COSCO; Hanjin Shipping",2,8,3546.375,366.25,3534,4300,24,24,24,{24}
2013-03-24,USHOU,"Houston TX",MXATM,Altamira,2,2,"CCNI; CMA CGM; CSAV; Delmas; Hapag-Lloyd",5,9,4700.2,759.3,2078,2546,3,3,3,"{3,3}"
2013-03-24,USHOU,"Houston TX",PRSJU,"San Juan PR",1,1,"Horizon Lines",1,1,3328,336,1664,1664,7,7,7,{7}
2013-03-24,USHOU,"Houston TX",USMIA,"Miami FL",1,1,"CMA CGM; CSAV; Delmas; OOCL",4,6,3606.33333333333,500,3426,4132,3,3,3,{3}
2013-03-24,USHOU,"Houston TX",USMOB,"Mobile AL",2,2,"ANL; APL; CMA CGM; CSCL; Delmas; Hyundai; Maersk Line; UASC; USL-US Lines",9,16,9320.03636363636,706.363636363636,4082,5095,2,2,2,"{2,2}"
2013-03-24,USHOU,"Houston TX",USMSY,"New Orleans LA",5,5,"ACL-Atlantic Container Line; Alianca; CCNI; CMA CGM; CSAV; Hamburg Sud; Hapag-Lloyd; Libra-Montemar; Maersk Line; MSC; NYK; OOCL",12,35,23684.0119047619,1754.51785714286,2803,6750,1,1,2,"{1,1,2,2,1}"
2013-03-24,USHOU,"Houston TX",USORF,"Norfolk VA",1,1,"Maersk Line; Safmarine",2,10,4488.2,426.7,4154,5100,4,4,4,{4}
2013-03-24,USHOU,"Houston TX",USSAV,"Savannah GA",1,1,"ACL-Atlantic Container Line; Hapag-Lloyd; NYK; OOCL",4,5,3207.4,400,3200,3237,4,4,4,{4}
2013-03-24,USILG,"Wilmington DE",COSMR,"Santa Marta",1,1,Dole,1,2,2046,990,2046,2046,3,3,3,{3}
2013-03-24,USILG,"Wilmington DE",GTPBR,"Puerto Barrios",1,1,"Great White Fleet",1,2,2482,558,2474,2490,5,5,5,{5}
2013-03-24,USILM,"Wilmington NC",BEANR,Antwerp,1,1,ICL,1,4,2106.5,300,1574,2800,11,11,11,{11}
2013-03-24,USILM,"Wilmington NC",HKHKG,"Hong Kong",1,1,"COSCO; Hanjin Shipping; K Line; Yang Ming",4,9,3804.88888888889,355.555555555556,4250,4444,31,31,31,{31}
2013-03-24,USILM,"Wilmington NC",USMIA,"Miami FL",1,1,"Maersk Line",1,2,1118,220,1118,1118,2,2,2,{2}
2013-03-24,USILM,"Wilmington NC",USSAV,"Savannah GA",1,1,"COSCO; Hanjin Shipping; K Line; Yang Ming",4,10,4092.6,363.2,4024,4367,1,1,1,{1}
2013-03-24,USJAX,"Jacksonville FL",BSFPO,Freeport,1,1,MSC,1,2,2089.5,196,1709,2470,2,2,2,{2}
2013-03-24,USJAX,"Jacksonville FL",BSNAS,Nassau,1,1,Crowley,1,1,373,40,373,373,3,3,3,{3}
2013-03-24,USJAX,"Jacksonville FL",PABLB,Balboa,1,1,"APL; Hyundai; MOL",3,9,4147.66666666667,331.333333333333,4380,4892,4,4,4,{4}
2013-03-24,USJAX,"Jacksonville FL",PRSJU,"San Juan PR",2,2,"Horizon Lines",1,3,5169,340,1404,2361,2,2.5,3,"{3,2}"
2013-03-24,USJAX,"Jacksonville FL",USCHS,"Charleston SC",2,2,"ANL; APL; CMA CGM; CSCL; Delmas; Evergreen Line; Hanjin Shipping; Hyundai; MOL; UASC; USL-US Lines",11,21,9808.53636363636,794.563636363636,4367,6350,1,1,1,"{1,1}"
2013-03-24,USJAX,"Jacksonville FL",USMIA,"Miami FL",1,1,"CMA CGM",1,3,1251.66666666667,353,1118,1341,1,1,1,{1}
2013-03-24,USJAX,"Jacksonville FL",USPEF,"Port Everglades FL",4,4,"Alianca; Crowley; CSAV; Hamburg Sud; King Ocean; Libra-Montemar; SeaFreight Line; ZIM",8,17,8523.02857142857,1297.33333333333,1100,4600,1,2,2,"{1,2,2,2}"
2013-03-24,USJAX,"Jacksonville FL",USSAV,"Savannah GA",1,1,"APL; CMA CGM; Hyundai; Maersk Line; MOL",5,13,4730.23076923077,390.769230769231,4589,5100,1,1,1,{1}
2013-03-24,USLAX,"Los Angeles CA",JPYOK,Yokohama,1,1,"APL; Hapag-Lloyd; Hyundai; MOL",4,7,5201.71428571429,473.142857142857,5506,6350,13,13,13,{13}
2013-03-24,USLAX,"Los Angeles CA",KRPUS,Busan,1,1,"APL; Hyundai; MOL",3,7,6495.71428571429,512.857142857143,6350,9100,14,14,14,{14}
2013-03-24,USLAX,"Los Angeles CA",MXESE,Ensenada,1,1,"Maersk Line",1,4,1923.75,432.75,1713,2556,0,0,0,{0}
2013-03-24,USLAX,"Los Angeles CA",MXMZT,Mazatlan,1,1,"Hapag-Lloyd; NYK",2,4,2514.5,380,2442,2664,3,3,3,{3}
2013-03-24,USLAX,"Los Angeles CA",MXZLO,"Manzanillo, MEX",2,2,"Alianca; APL; Hamburg Sud; Hapag-Lloyd; Hyundai; MOL",6,18,7998.71428571429,989.051948051948,2741,6350,3,3.5,4,"{4,3}"
2013-03-24,USLAX,"Los Angeles CA",NZAKL,Auckland,2,2,"Alianca; ANL; CMA CGM; Hamburg Sud; Hapag-Lloyd; Maersk Line; MSC; USL-US Lines",8,9,13476.7142857143,2137.64285714286,2478,3635,14,14,14,"{14,14}"
2013-03-24,USLAX,"Los Angeles CA",NZTRG,Tauranga,1,1,"Alianca; ANL; Hamburg Sud; Hapag-Lloyd; USL-US Lines",5,4,5536.5,933,2490,3100,14,14,14,{14}
2013-03-24,USLAX,"Los Angeles CA",PAMIT,Manzanillo,1,1,"ACL-Atlantic Container Line; Hapag-Lloyd; NYK; OOCL",4,15,4706.06666666667,396.133333333333,4545,4890,7,7,7,{7}
2013-03-24,USLAX,"Los Angeles CA",RUVYP,Vostochniy,1,1,"Hapag-Lloyd; Maersk Line; MCC; NYK; OOCL; Safmarine",6,16,9490.625,725,9030,9700,15,15,15,{15}
2013-03-24,USLAX,"Los Angeles CA",USHNL,"Honolulu HI",2,2,"Horizon Lines; Matson",2,3,8561,1016,2361,3027,4,4,4,"{4,4}"
2013-03-24,USLAX,"Los Angeles CA",USOAK,"Oakland CA",18,18,"ACL-Atlantic Container Line; Alianca; APL; CMA CGM; COSCO; CSAV Norasia; CSCL; Emirates Shipping; Evergreen Line; Great White Fleet; Hamburg Sud; Hanjin Shipping; Hapag-Lloyd; Hyundai; K Line; Maersk Line; MOL; MSC; NYK; OOCL; Polynesia Line; PO Shipping; Yang Ming; ZIM",24,135,86100.0096292597,8248.56201576202,1122,9580,1,1,3,"{1,2,1,1,1,1,1,1,1,1,1,1,1,1,3,1,1,1}"
2013-03-24,USLGB,"Long Beach CA",AUMEL,Melbourne,1,1,PIL,1,9,1797.20634920635,190.47619047619,1398,1728,18,18,18,{18}
2013-03-24,USLGB,"Long Beach CA",CNNSA,Nansha,1,1,"COSCO; Hanjin Shipping; K Line; PIL; Wan Hai",5,6,8639.66666666667,666.666666666667,7455,9449,20,20,20,{20}
2013-03-24,USLGB,"Long Beach CA",CNTAO,Qingdao,1,1,"COSCO; K Line; Wan Hai",3,6,3758,350,4432,4532,21,21,21,{21}
2013-03-24,USLGB,"Long Beach CA",PABLB,Balboa,1,1,MSC,1,10,4949.6,570.8,3922,5301,8,8,8,{8}
2013-03-24,USLGB,"Long Beach CA",TWKHH,Kaohsiung,2,2,"CMA CGM; Hapag-Lloyd; Maersk Line; MSC; NYK; OOCL; USL-US Lines",7,12,12397.6666666667,1031.66666666667,8034,8888,16,16.5,17,"{17,16}"
2013-03-24,USLGB,"Long Beach CA",USHNL,"Honolulu HI",1,1,Matson,1,5,2715.8,300,2019,2890,3,3,3,{3}
2013-03-24,USLGB,"Long Beach CA",USOAK,"Oakland CA",10,10,"ANL; APL; CMA CGM; COSCO; Evergreen Line; Hanjin Shipping; Hapag-Lloyd; Hyundai; K Line; Maersk Line; MOL; MSC; NYK; OOCL; USL-US Lines; Yang Ming",16,69,58384.5820512821,4741.74615384615,3380,12400,1,1,2,"{1,1,2,1,1,2,2,2,1,1}"
2013-03-24,USMIA,"Miami FL",DOBCC,"Boca Chica",1,1,"Seaboard Marine",1,1,974,170,974,974,3,3,3,{3}
2013-03-24,USMIA,"Miami FL",DOCAU,Caucedo,1,1,"Evergreen Line; Hanjin Shipping; Hapag-Lloyd; Hyundai; NYK; Yang Ming",6,6,2682.33333333333,341.666666666667,2450,2890,3,3,3,{3}
2013-03-24,USMIA,"Miami FL",FRLEH,"Le Havre",1,1,"CMA CGM; CSAV; Delmas; OOCL",4,6,3606.33333333333,500,3426,4132,13,13,13,{13}
2013-03-24,USMIA,"Miami FL",GTPBR,"Puerto Barrios",1,1,APL,1,1,584,144,584,584,3,3,3,{3}
2013-03-24,USMIA,"Miami FL",GTSTC,"Santo Tomas de Castilla",2,2,"Maersk Line; Seaboard Marine",2,3,2078,472,960,1118,2,2,2,"{2,2}"
2013-03-24,USMIA,"Miami FL",HNPCR,"Puerto Cortes",2,2,"Seaboard Marine",1,2,1944,340,972,972,3,3,3,"{3,3}"
2013-03-24,USMIA,"Miami FL",ILHFA,Haifa,1,1,MSC,1,13,6781.23076923077,515.384615384615,5550,9200,11,11,11,{11}
2013-03-24,USMIA,"Miami FL",JMKIN,Kingston,2,2,"CMA CGM; Seaboard Marine",2,5,2547.66666666667,743,1118,1341,2,2,2,"{2,2}"
2013-03-24,USMIA,"Miami FL",MXVER,Veracruz,2,2,"CMA CGM; CSAV; Delmas; OOCL; Seaboard Marine",5,9,4617,730.666666666667,957,4132,3,3,3,"{3,3}"
2013-03-24,USMIA,"Miami FL",PAMIT,Manzanillo,2,2,"APL; CMA CGM; Hyundai; Maersk Line; MCC; MOL",6,15,8293.6,1036.4,4250,5762,3,3,3,"{3,3}"
2013-03-24,USMIA,"Miami FL",SXSXM,"St Maarten-Philipsburg",1,1,"Seaboard Marine",1,3,657,116,657,657,3,3,3,{3}
2013-03-24,USMIA,"Miami FL",USHOU,"Houston TX",1,1,"ACL-Atlantic Container Line; Hapag-Lloyd; NYK; OOCL",4,5,3207.4,400,3200,3237,2,2,2,{2}
2013-03-24,USMIA,"Miami FL",USJAX,"Jacksonville FL",3,3,"ANL; APL; CMA CGM; CSCL; Delmas; Hyundai; Maersk Line; MOL; MSC; UASC; USL-US Lines",11,26,11835.3671328671,943.132867132867,1709,5100,1,1,2,"{1,1,2}"
2013-03-24,USMIA,"Miami FL",USORF,"Norfolk VA",1,1,"APL; CMA CGM; Hyundai; Maersk Line",4,5,4304.4,350,4082,4360,2,2,2,{2}
2013-03-24,USMIA,"Miami FL",USPEF,"Port Everglades FL",1,1,"Crowley; Evergreen Line; Maersk Line",3,2,1163,182.5,1121,1205,0,0,0,{0}
2013-03-24,USMIA,"Miami FL",USSAV,"Savannah GA",1,1,"Maersk Line; MCC",2,10,4034,417.6,4530,5762,2,2,2,{2}
2013-03-24,USMOB,"Mobile AL",BSFPO,Freeport,1,1,MSC,1,7,6600,414.285714285714,6402,6750,2,2,2,{2}
2013-03-24,USMOB,"Mobile AL",USMIA,"Miami FL",2,2,"ANL; APL; CMA CGM; CSCL; Delmas; Hyundai; Maersk Line; UASC; USL-US Lines",9,16,9320.03636363636,706.363636363636,4082,5095,1,2,3,"{3,1}"
2013-03-24,USMOB,"Mobile AL",USMSY,"New Orleans LA",1,1,"MSC; ZIM",2,5,3084.4,136.8,3005,3398,2,2,2,{2}
2013-03-24,USMSY,"New Orleans LA",DOCAU,Caucedo,2,2,"CSAV; Hamburg Sud; Hapag-Lloyd; Libra-Montemar; Maersk Line; MSC; NYK; ZIM",8,13,8630.15,618.175,3005,5762,4,4,4,"{4,4}"
2013-03-24,USMSY,"New Orleans LA",ESBCN,Barcelona,1,1,MSC,1,7,5247.14285714286,429.428571428571,4469,5919,15,15,15,{15}
2013-03-24,USMSY,"New Orleans LA",GTSTC,"Santo Tomas de Castilla",1,1,"Seaboard Marine",1,1,972,170,972,972,3,3,3,{3}
2013-03-24,USMSY,"New Orleans LA",USCHS,"Charleston SC",1,1,"ACL-Atlantic Container Line; Hapag-Lloyd; OOCL",3,6,3042.83333333333,223,2803,3607,4,4,4,{4}
2013-03-24,USMSY,"New Orleans LA",USHOU,"Houston TX",1,1,"CCNI; CMA CGM; CSAV; Delmas",4,5,2499.2,430.8,2478,2524,2,2,2,{2}
2013-03-24,USMSY,"New Orleans LA",USMOB,"Mobile AL",1,1,MSC,1,7,6600,414.285714285714,6402,6750,1,1,1,{1}
2013-03-24,USMSY,"New Orleans LA",USPEF,"Port Everglades FL",1,1,"Alianca; CCNI; CMA CGM; CSAV; Hamburg Sud; Hapag-Lloyd; Maersk Line",7,7,3248.28571428571,206.428571428571,2982,3426,3,3,3,{3}
2013-03-24,USNTD,"Port Hueneme CA",USLAX,"Los Angeles CA",1,1,"Great White Fleet; Hamburg Sud",2,5,2598.57142857143,667.142857142857,1819,1819,1,1,1,{1}
2013-03-24,USNYC,"New York NY/NJ",AEJEA,"Dubai, Jebel Ali",1,1,"Maersk Line; Safmarine",2,7,4288,385.714285714286,4154,4338,18,18,18,{18}
2013-03-24,USNYC,"New York NY/NJ",BEANR,Antwerp,1,1,"APL; CMA CGM; Hyundai; Maersk Line; MOL",5,13,4730.23076923077,390.769230769231,4589,5100,8,8,8,{8}
2013-03-24,USNYC,"New York NY/NJ",CAHAL,Halifax,3,3,"ACL-Atlantic Container Line; CSCL; Hapag-Lloyd; NYK; OOCL; ZIM",6,35,15464.0666666667,1344.73333333333,4253,6750,2,2,3,"{3,2,2}"
2013-03-24,USNYC,"New York NY/NJ",DEBRV,Bremerhaven,1,1,MSC,1,5,4495,463,4018,4814,9,9,9,{9}
2013-03-24,USNYC,"New York NY/NJ",DOPOP,"Puerto Plata",1,1,"Seaboard Marine",1,2,966,252,966,966,5,5,5,{5}
2013-03-24,USNYC,"New York NY/NJ",NLRTM,Rotterdam,1,1,"APL; CMA CGM; Hyundai; Maersk Line; MOL",5,5,4259.6,618.8,4250,4298,8,8,8,{8}
2013-03-24,USNYC,"New York NY/NJ",PAONX,Colon,1,1,"Evergreen Line",1,9,3757.11111111111,402.888888888889,4211,4229,4,4,4,{4}
2013-03-24,USNYC,"New York NY/NJ",PRSJU,"San Juan PR",1,1,"Horizon Lines",1,2,2361,200,2361,2361,5,5,5,{5}
2013-03-24,USNYC,"New York NY/NJ",USBAL,"Baltimore MD",5,5,"Alianca; CCNI; CMA CGM; CSAV; Evergreen Line; Hamburg Sud; Hapag-Lloyd; Libra-Montemar; Maersk Line; MSC; Safmarine; ZIM",12,38,21149.375,1990.61111111111,1708,6750,0,2,2,"{0,2,2,1,2}"
2013-03-24,USNYC,"New York NY/NJ",USBOS,"Boston MA",2,2,"COSCO; Hanjin Shipping; K Line; MSC; Yang Ming",5,14,8968.88888888889,814.333333333333,3764,5089,2,2,2,"{2,2}"
2013-03-24,USNYC,"New York NY/NJ",USCHS,"Charleston SC",5,5,"APL; CMA CGM; Hanjin Shipping; Hyundai; Maersk Line; MOL; MSC; Safmarine",8,33,21646.8253968254,2038.87936507937,4082,5059,1,2,3,"{1,2,3,2,2}"
2013-03-24,USNYC,"New York NY/NJ",USILM,"Wilmington NC",1,1,"COSCO; Hanjin Shipping; K Line; Yang Ming",4,10,4092.6,363.2,4024,4367,2,2,2,{2}
2013-03-24,USNYC,"New York NY/NJ",USORF,"Norfolk VA",16,16,"ACL-Atlantic Container Line; Alianca; ANL; APL; CMA CGM; COSCO; CSCL; Evergreen Line; Hamburg Sud; Hanjin Shipping; Hapag-Lloyd; Hyundai; K Line; Maersk Line; MCC; MOL; MSC; NYK; OOCL; Safmarine; Turkon; UASC; USL-US Lines; Yang Ming; ZIM",25,144,74578.2551892552,7165.26634615385,1118,9200,0,1,3,"{1,1,1,1,1,1,1,1,2,1,2,0,1,1,1,3}"
2013-03-24,USNYC,"New York NY/NJ",USPHL,"Philadelphia PA",1,1,"Alianca; CSAV; Hamburg Sud; Libra-Montemar",4,7,4341.42857142857,514,4050,4600,1,1,1,{1}
2013-03-24,USNYC,"New York NY/NJ",USSAV,"Savannah GA",5,5,"ANL; CMA CGM; COSCO; CSCL; Delmas; Evergreen Line; Hanjin Shipping; Hapag-Lloyd; Hyundai; Maersk Line; Marfret; NYK; OOCL; Safmarine; USL-US Lines; Yang Ming; ZIM",17,38,22125.7,2607.96666666667,2262,6750,2,2,3,"{2,2,2,3,2}"
2013-03-24,USOAK,"Oakland CA",CAVAN,"Vancouver BC",1,1,MSC,1,10,4949.6,570.8,3922,5301,3,3,3,{3}
2013-03-24,USOAK,"Oakland CA",CNDLC,Dalian,1,1,"COSCO; Hanjin Shipping; K Line; Yang Ming",4,6,5304.33333333333,500.833333333333,5250,5576,17,17,17,{17}
2013-03-24,USOAK,"Oakland CA",CNFQG,Fuqing,1,1,"ANL; CMA CGM; Maersk Line; MSC; USL-US Lines",5,6,8879.16666666667,643.333333333333,9415,12400,18,18,18,{18}
2013-03-24,USOAK,"Oakland CA",CNNGB,Ningbo,1,1,"COSCO; K Line; Yang Ming",3,5,3459.8,230,3725,5500,15,15,15,{15}
2013-03-24,USOAK,"Oakland CA",CNTAO,Qingdao,1,1,"CSCL; Evergreen Line; PO Shipping; ZIM",4,6,7983.33333333333,583.333333333333,9580,9580,18,18,18,{18}
2013-03-24,USOAK,"Oakland CA",CNTXG,Xingang/Tianjin,1,1,"ANL; CMA CGM; Maersk Line; MSC; USL-US Lines",5,6,9941.83333333333,803.333333333333,8189,11660,20,20,20,{20}
2013-03-24,USOAK,"Oakland CA",JPTYO,Tokyo,5,5,"APL; CMA CGM; COSCO; Evergreen Line; Hanjin Shipping; Hapag-Lloyd; Hyundai; K Line; Maersk Line; MOL; NYK; OOCL; Yang Ming",13,38,20498.8752136752,1745.25811965812,3380,5100,11,12,14,"{12,14,12,11,12}"
2013-03-24,USOAK,"Oakland CA",JPYOK,Yokohama,2,2,"ACL-Atlantic Container Line; APL; Hapag-Lloyd; Hyundai; MOL; NYK; OOCL",7,21,9552.4,712.8,4545,4918,11,12,13,"{13,11}"
2013-03-24,USOAK,"Oakland CA",KRPUS,Busan,6,6,"APL; COSCO; CSAV Norasia; Emirates Shipping; Hanjin Shipping; Hapag-Lloyd; Hyundai; K Line; Maersk Line; MOL; NYK; OOCL; Yang Ming",13,47,35283.4093240093,2911.92191142191,5250,10114,11,12.5,15,"{14,12,15,11,13,12}"
2013-03-24,USOAK,"Oakland CA",MXZLO,"Manzanillo, MEX",1,1,"Great White Fleet; Hamburg Sud",2,5,2598.57142857143,667.142857142857,1819,1819,3,3,3,{3}
2013-03-24,USOAK,"Oakland CA",PFPPT,"Papeete, Tahiti",1,1,"Alianca; Hamburg Sud; Polynesia Line",3,2,2599.28571428571,437.142857142857,1122,1304,11,11,11,{11}
2013-03-24,USOAK,"Oakland CA",RUVYP,Vostochniy,1,1,"CSCL; ZIM",2,10,4864,473,4253,5040,13,13,13,{13}
2013-03-24,USOAK,"Oakland CA",TWTPE,Taipei,1,1,"CSCL; Evergreen Line; ZIM",3,5,6458.4,560,8073,8073,13,13,13,{13}
2013-03-24,USOAK,"Oakland CA",USDUT,"Dutch Harbor AK",1,1,"CMA CGM; Evergreen Line; Maersk Line; MSC",4,6,4157.5,408.333333333333,4082,4367,6,6,6,{6}
2013-03-24,USOAK,"Oakland CA",USHNL,"Honolulu HI",1,1,Matson,1,2,2364.5,354,1702,3027,4,4,4,{4}
2013-03-24,USOAK,"Oakland CA",USLAX,"Los Angeles CA",6,6,"ACL-Atlantic Container Line; Alianca; ANL; APL; CMA CGM; Hamburg Sud; Hapag-Lloyd; Hyundai; Maersk Line; Matson; MOL; MSC; NYK; OOCL; USL-US Lines",15,43,32235.4952380952,4338.82813852814,2478,6350,1,2,3,"{2,1,2,3,1,3}"
2013-03-24,USOAK,"Oakland CA",USLGB,"Long Beach CA",1,1,MSC,1,10,4949.6,570.8,3922,5301,2,2,2,{2}
2013-03-24,USOAK,"Oakland CA",USSEA,"Seattle WA",2,2,"APL; COSCO; Hanjin Shipping; Hyundai; MOL",5,14,9705.08333333333,630.833333333333,4300,6734,2,2.5,3,"{2,3}"
2013-03-24,USOAK,"Oakland CA",USTIW,"Tacoma WA",3,3,"Alianca; ANL; Evergreen Line; Hamburg Sud; Hapag-Lloyd; Maersk Line; USL-US Lines",7,21,13785.5,2045.24242424242,2490,7024,2,3,4,"{2,3,4}"
2013-03-24,USORF,"Norfolk VA",AEJEA,"Dubai, Jebel Ali",1,1,"APL; Hanjin Shipping; Hyundai; MOL",4,9,4139.11111111111,262.222222222222,4340,5020,19,19,19,{19}
2013-03-24,USORF,"Norfolk VA",BEANR,Antwerp,1,1,"ACL-Atlantic Container Line; Hapag-Lloyd; NYK; OOCL",4,5,3207.4,400,3200,3237,9,9,9,{9}
2013-03-24,USORF,"Norfolk VA",CAHAL,Halifax,1,1,Eimskip,1,1,3051.42857142857,428.571428571429,712,712,3,3,3,{3}
2013-03-24,USORF,"Norfolk VA",CNTAO,Qingdao,1,1,"COSCO; Hanjin Shipping; K Line; Yang Ming",4,9,4473.88888888889,351.333333333333,3764,5089,29,29,29,{29}
2013-03-24,USORF,"Norfolk VA",ESALG,Algeciras,1,1,"Maersk Line; Safmarine",2,10,4488.2,426.7,4154,5100,9,9,9,{9}
2013-03-24,USORF,"Norfolk VA",NLRTM,Rotterdam,1,1,"APL; CMA CGM; Hyundai; Maersk Line",4,5,4304.4,350,4082,4360,8,8,8,{8}
2013-03-24,USORF,"Norfolk VA",USBAL,"Baltimore MD",1,1,MSC,1,13,6781.23076923077,515.384615384615,5550,9200,1,1,1,{1}
2013-03-24,USORF,"Norfolk VA",USCHS,"Charleston SC",6,6,"ACL-Atlantic Container Line; Alianca; APL; CMA CGM; COSCO; CSAV; Evergreen Line; Hamburg Sud; Hanjin Shipping; Hapag-Lloyd; Hyundai; K Line; Libra-Montemar; Maersk Line; MOL; MSC; NYK; OOCL; Safmarine; Yang Ming; ZIM",21,47,26553.576007326,2575.83034188034,1708,5905,1,1.5,2,"{2,2,1,1,2,1}"
2013-03-24,USORF,"Norfolk VA",USILM,"Wilmington NC",1,1,"Maersk Line",1,2,1118,220,1118,1118,2,2,2,{2}
2013-03-24,USORF,"Norfolk VA",USMIA,"Miami FL",1,1,MSC,1,13,6781.23076923077,515.384615384615,5550,9200,3,3,3,{3}
2013-03-24,USORF,"Norfolk VA",USNYC,"New York NY/NJ",7,7,"ACL-Atlantic Container Line; CMA CGM; CSAV; Evergreen Line; Hanjin Shipping; Hapag-Lloyd; Hyundai; Libra-Montemar; Maersk Line; MSC; NYK; OOCL; Safmarine; Yang Ming; ZIM",15,60,32293.8861111111,2915.00317460317,2450,6750,0,2,3,"{2,3,1,3,0,2,2}"
2013-03-24,USORF,"Norfolk VA",USSAV,"Savannah GA",13,13,"ACL-Atlantic Container Line; ANL; APL; CMA CGM; COSCO; CSCL; Evergreen Line; Hanjin Shipping; Hapag-Lloyd; Hyundai; K Line; Maersk Line; MCC; MOL; MSC; NYK; OOCL; Safmarine; Turkon; UASC; USL-US Lines; Yang Ming",22,116,57552.9436507937,5637.8625,1118,9200,1,2,2,"{1,2,2,1,2,2,1,2,1,2,1,1,2}"
2013-03-24,USPAB,"Palm Beach FL",PRSJU,"San Juan PR",1,1,"Tropical Shipping",1,2,1080.5,216,1061,1100,3,3,3,{3}
2013-03-24,USPAB,"Palm Beach FL",VISTX,"St Croix VI",1,1,"Tropical Shipping",1,2,850,187,850,850,3,3,3,{3}
2013-03-24,USPAE,"Everett WA",USSEA,"Seattle WA",1,1,Westwood,1,3,4338,841.333333333333,2169,2169,1,1,1,{1}
2013-03-24,USPDX,"Portland OR",CAVAN,"Vancouver BC",1,1,"COSCO; Hanjin Shipping; Yang Ming",3,6,4967.5,433.333333333333,4367,5744,2,2,2,{2}
2013-03-24,USPDX,"Portland OR",USOAK,"Oakland CA",1,1,"Alianca; Hamburg Sud; Hapag-Lloyd",3,11,2797,515.909090909091,2741,2872,3,3,3,{3}
2013-03-24,USPDX,"Portland OR",USSEA,"Seattle WA",1,1,Matson,1,2,2364.5,354,1702,3027,2,2,2,{2}
2013-03-24,USPEF,"Port Everglades FL",AWORJ,Aruba,1,1,"Alianca; Hamburg Sud; King Ocean",3,3,1874,345.333333333333,1795,2008,3,3,3,{3}
2013-03-24,USPEF,"Port Everglades FL",BRSUA,Suape,1,1,"Alianca; CSAV; Hamburg Sud; Libra-Montemar",4,7,4341.42857142857,514,4050,4600,8,8,8,{8}
2013-03-24,USPEF,"Port Everglades FL",BSFPO,Freeport,1,1,MSC,1,7,6600,414.285714285714,6402,6750,1,1,1,{1}
2013-03-24,USPEF,"Port Everglades FL",BSNAS,Nassau,1,1,Crowley,1,1,373,40,373,373,1,1,1,{1}
2013-03-24,USPEF,"Port Everglades FL",COCTG,Cartagena,1,1,"Alianca; CCNI; CSAV; Hamburg Sud; Libra-Montemar",5,6,3192.16666666667,464.333333333333,2742,3534,4,4,4,{4}
2013-03-24,USPEF,"Port Everglades FL",CRLIO,"Puerto Limon",2,2,"Crowley; Evergreen Line; King Ocean; Maersk Line",4,4,2120,418.5,957,1205,3,3.5,4,"{3,4}"
2013-03-24,USPEF,"Port Everglades FL",CUHAV,Havana,1,1,Crowley,1,1,972,170,972,972,1,1,1,{1}
2013-03-24,USPEF,"Port Everglades FL",DOHAI,"Rio Haina",1,1,Crowley,1,1,972,170,972,972,3,3,3,{3}
2013-03-24,USPEF,"Port Everglades FL",GTSTC,"Santo Tomas de Castilla",1,1,Crowley,1,1,972,170,972,972,3,3,3,{3}
2013-03-24,USPEF,"Port Everglades FL",HNPCR,"Puerto Cortes",1,1,"King Ocean",1,1,584,140,584,584,3,3,3,{3}
2013-03-24,USPEF,"Port Everglades FL",ITCAG,Cagliari,1,1,"Alianca; CCNI; CMA CGM; CSAV; Hamburg Sud; Hapag-Lloyd; Maersk Line",7,7,3248.28571428571,206.428571428571,2982,3426,15,15,15,{15}
2013-03-24,USPEF,"Port Everglades FL",JMKIN,Kingston,2,1,"SeaFreight Line; ZIM",2,10,2371.2,576,1100,1296,2,2,2,"{2,2}"
2013-03-24,USPEF,"Port Everglades FL",MXVER,Veracruz,2,2,"Alianca; CCNI; CMA CGM; CSAV; Hamburg Sud; Hapag-Lloyd; Maersk Line; MSC",8,14,8495.42857142857,635.857142857143,2982,5919,3,3.5,4,"{3,4}"
2013-03-24,USPEF,"Port Everglades FL",USILG,"Wilmington DE",1,1,Dole,1,2,2046,990,2046,2046,3,3,3,{3}
2013-03-24,USPEF,"Port Everglades FL",USJAX,"Jacksonville FL",1,1,"Alianca; Hamburg Sud; King Ocean",3,3,1874,345.333333333333,1795,2008,1,1,1,{1}
2013-03-24,USPEF,"Port Everglades FL",USNYC,"New York NY/NJ",1,1,"Alianca; CCNI; CSAV; Hamburg Sud; Libra-Montemar",5,6,3192.16666666667,464.333333333333,2742,3534,3,3,3,{3}
2013-03-24,USPEF,"Port Everglades FL",VISTT,"St Thomas VI",1,1,Crowley,1,2,1122,150,1122,1122,3,3,3,{3}
2013-03-24,USPHL,"Philadelphia PA",GBTIL,Tilbury,1,1,"ANL; CMA CGM; Delmas; Marfret; USL-US Lines",5,6,4809.33333333333,960.666666666667,2262,2556,8,8,8,{8}
2013-03-24,USPHL,"Philadelphia PA",USBAL,"Baltimore MD",1,1,MSC,1,5,4495,463,4018,4814,1,1,1,{1}
2013-03-24,USPHL,"Philadelphia PA",USCHS,"Charleston SC",1,1,"Alianca; Hamburg Sud; Hapag-Lloyd; Maersk Line; MSC",5,10,3381.5,684.2,2824,3752,3,3,3,{3}
2013-03-24,USPHL,"Philadelphia PA",USNYC,"New York NY/NJ",1,1,MSC,1,7,4655.71428571429,422.142857142857,4322,5059,2,2,2,{2}
2013-03-24,USPHL,"Philadelphia PA",USORF,"Norfolk VA",1,1,"Alianca; CSAV; Hamburg Sud; Libra-Montemar",4,7,4341.42857142857,514,4050,4600,1,1,1,{1}
2013-03-24,USSAN,"San Diego CA",ECGYE,Guayaquil,1,1,Dole,1,3,896.666666666667,445,890,910,7,7,7,{7}
2013-03-24,USSAV,"Savannah GA",BSFPO,Freeport,1,1,"CMA CGM; CSAV; Hapag-Lloyd; Libra-Montemar; MSC; ZIM",6,8,6471.375,450,5800,6750,1,1,1,{1}
2013-03-24,USSAV,"Savannah GA",CNXMN,Xiamen,1,1,"CMA CGM; CSCL; UASC; USL-US Lines",4,9,4207.22222222222,435.555555555556,4051,4255,28,28,28,{28}
2013-03-24,USSAV,"Savannah GA",EGALY,Alexandria,1,1,Turkon,1,5,2414.57142857143,450,1878,1878,16,16,16,{16}
2013-03-24,USSAV,"Savannah GA",ESALG,Algeciras,2,2,"CMA CGM; Hanjin Shipping; Hapag-Lloyd; K Line; Maersk Line; MOL; Safmarine; UASC; Yang Ming",9,16,8539.86666666667,820.8,3802,5060,10,11,12,"{12,10}"
2013-03-24,USSAV,"Savannah GA",JMKIN,Kingston,3,3,"ANL; CMA CGM; COSCO; CSCL; Delmas; Hapag-Lloyd; Marfret; NYK; OOCL; USL-US Lines; ZIM",11,22,13944.6666666667,1809.2,2262,5060,2,2,3,"{2,2,3}"
2013-03-24,USSAV,"Savannah GA",KRPUS,Busan,1,1,"Hapag-Lloyd; NYK; OOCL",3,9,4903.33333333333,337.777777777778,4882,4922,27,27,27,{27}
2013-03-24,USSAV,"Savannah GA",MXESE,Ensenada,1,1,"COSCO; Hanjin Shipping; K Line; Yang Ming",4,10,4092.6,363.2,4024,4367,15,15,15,{15}
2013-03-24,USSAV,"Savannah GA",MYTPP,"Tanjung Pelepas",1,1,"CMA CGM; Maersk Line; MCC; USL-US Lines",4,16,8440.75,743.0625,7370,9200,31,31,31,{31}
2013-03-24,USSAV,"Savannah GA",PAMIT,Manzanillo,1,1,"ACL-Atlantic Container Line; Hapag-Lloyd; NYK; OOCL",4,15,4706.06666666667,396.133333333333,4545,4890,3,3,3,{3}
2013-03-24,USSAV,"Savannah GA",SGSIN,Singapore,1,1,"COSCO; Hanjin Shipping; K Line; MOL; Yang Ming",5,10,5160.9,450,5608,6589,32,32,32,{32}
2013-03-24,USSAV,"Savannah GA",USCHS,"Charleston SC",7,7,"ANL; APL; CMA CGM; COSCO; Hanjin Shipping; Hapag-Lloyd; Hyundai; K Line; Maersk Line; MCC; MOL; MSC; NYK; OOCL; USL-US Lines; Yang Ming",16,66,34938.3504273504,2975.59511599512,3808,9200,0,0,1,"{0,0,1,0,0,0,0}"
2013-03-24,USSAV,"Savannah GA",USHOU,"Houston TX",2,2,"APL; CMA CGM; Hyundai; Maersk Line; Safmarine",5,15,8792.6,776.7,4082,5100,3,4,5,"{5,3}"
2013-03-24,USSAV,"Savannah GA",USJAX,"Jacksonville FL",3,3,"APL; CMA CGM; Evergreen Line; Hanjin Shipping; Hyundai; MOL",6,22,10192.2333333333,1122.53333333333,1118,6350,0,1,1,"{0,1,1}"
2013-03-24,USSAV,"Savannah GA",USMIA,"Miami FL",1,1,"Evergreen Line; Hanjin Shipping; Hapag-Lloyd; Hyundai; NYK; Yang Ming",6,6,2682.33333333333,341.666666666667,2450,2890,2,2,2,{2}
2013-03-24,USSAV,"Savannah GA",USNYC,"New York NY/NJ",2,2,"CSCL; Evergreen Line; ZIM",3,19,9174.66666666667,937.666666666667,4211,5090,2,2.5,3,"{3,2}"
2013-03-24,USSAV,"Savannah GA",USORF,"Norfolk VA",5,5,"ACL-Atlantic Container Line; APL; Hanjin Shipping; Hapag-Lloyd; Hyundai; Maersk Line; MOL; NYK; OOCL",9,41,19064.5777777778,1753.95555555556,1118,6750,1,1,2,"{1,2,2,1,1}"
2013-03-24,USSAV,"Savannah GA",USPEF,"Port Everglades FL",2,2,"Alianca; CCNI; CMA CGM; CSAV; Hamburg Sud; Hapag-Lloyd; Maersk Line; MSC",8,14,9848.28571428571,620.714285714286,2982,6750,1,1.5,2,"{1,2}"
2013-03-24,USSAV,"Savannah GA",USPHL,"Philadelphia PA",1,1,"ANL; CMA CGM; Delmas; Marfret; USL-US Lines",5,6,4809.33333333333,960.666666666667,2262,2556,2,2,2,{2}
2013-03-24,USSEA,"Seattle WA",CAVAN,"Vancouver BC",6,6,"APL; CMA CGM; CSCL; Hamburg Sud; Hyundai; Maersk Line; MCC; MOL; USL-US Lines; Westwood",10,45,31517.8333333333,3407.5625,2169,9200,0,0,2,"{2,0,0,0,0,2}"
2013-03-24,USSEA,"Seattle WA",JPTMK,Tomakomai,1,1,Westwood,1,3,4338,841.333333333333,2169,2169,15,15,15,{15}
2013-03-24,USSEA,"Seattle WA",JPTYO,Tokyo,1,1,"COSCO; Hanjin Shipping",2,6,3823.33333333333,193.333333333333,4300,5308,13,13,13,{13}
2013-03-24,USSEA,"Seattle WA",JPYOK,Yokohama,1,1,"COSCO; Hanjin Shipping; K Line; Yang Ming",4,6,6385.83333333333,450,7455,8495,14,14,14,{14}
2013-03-24,USSEA,"Seattle WA",USOAK,"Oakland CA",2,2,"Matson; MSC",2,12,7314.1,924.8,1702,5301,2,2.5,3,"{3,2}"
2013-03-24,USSEA,"Seattle WA",USPDX,"Portland OR",1,1,"COSCO; Hanjin Shipping; Yang Ming",3,6,4967.5,433.333333333333,4367,5744,1,1,1,{1}
2013-03-24,USTIW,"Tacoma WA",CAVAN,"Vancouver BC",6,6,"Alianca; ANL; COSCO; Evergreen Line; Hamburg Sud; Hanjin Shipping; Hapag-Lloyd; K Line; MOL; NYK; OOCL; PIL; USL-US Lines; Yang Ming; ZIM",15,46,32828.3666666667,3570.33766233766,2490,8749,0,1,2,"{0,1,2,1,0,2}"
2013-03-24,USTIW,"Tacoma WA",KRPUS,Busan,1,1,"Hapag-Lloyd; NYK; OOCL; PIL; ZIM",5,7,7895.42857142857,700,7179,8440,13,13,13,{13}
2013-03-24,USTIW,"Tacoma WA",TWKHH,Kaohsiung,1,1,"Evergreen Line; Maersk Line",2,6,5452,596.333333333333,6046,7024,15,15,15,{15}
2013-03-24,USTIW,"Tacoma WA",USOAK,"Oakland CA",1,1,"ACL-Atlantic Container Line; Hapag-Lloyd; NYK; OOCL",4,15,4706.06666666667,396.133333333333,4545,4890,2,2,2,{2}
2013-03-24,USTIW,"Tacoma WA",USSEA,"Seattle WA",1,1,"APL; Hyundai; MOL",3,6,5343.83333333333,433.333333333333,6250,6763,0,0,0,{0}
2013-03-24,USTPA,"Tampa FL",USMOB,"Mobile AL",1,1,"MSC; ZIM",2,5,3084.4,136.8,3005,3398,2,2,2,{2}
2013-03-24,UYMVD,Montevideo,ARBUE,"Buenos Aires",4,4,"Alianca; ANL; CCNI; CMA CGM; COSCO; CSAV; CSCL; Evergreen Line; Hamburg Sud; Hanjin Shipping; Hyundai; K Line; Libra-Montemar; Maersk Line; MCC; MOL; MSC; NYK; PIL; Safmarine; ZIM",21,46,18517.75,2736.36363636364,3398,8500,0,0.5,1,"{1,1,0,0}"
2013-03-24,UYMVD,Montevideo,BRITJ,Itajai,1,1,"CMA CGM",1,9,1716.88888888889,373.111111111111,1728,2546,3,3,3,{3}
2013-03-24,UYMVD,Montevideo,BRNVT,Navegantes,2,2,"Alianca; CCNI; Hamburg Sud; Hanjin Shipping; Hapag-Lloyd; Hyundai; K Line; MOL; NYK; PIL; ZIM",11,25,7979.09615384615,796.923076923077,4250,5605,2,2,2,"{2,2}"
2013-03-24,UYMVD,Montevideo,BRRIG,"Rio Grande",5,5,"Alianca; CMA CGM; COSCO; CSAV; Hamburg Sud; Hanjin Shipping; Hapag-Lloyd; Libra-Montemar; Maersk Line; MSC; Niver Lines; NYK; Safmarine; ZIM",14,38,32567.375,4951.55357142857,5006,8500,0,1,1,"{1,1,1,1,0}"
2013-03-24,VCKTN,"Kingstown, St Vincent",BBBGI,Bridgetown,1,1,Crowley,1,2,1122,150,1122,1122,1,1,1,{1}
2013-03-24,VCKTN,"Kingstown, St Vincent",HTPAP,Port-au-Prince,1,1,"SeaFreight Line; ZIM",2,5,1185.6,288,1100,1296,0,0,0,{0}
2013-03-24,VCKTN,"Kingstown, St Vincent",TTPOS,"Port of Spain",1,1,"Tropical Shipping",1,2,850,187,850,850,0,0,0,{0}
2013-03-24,VEEGU,"El Guamache",SRPBM,Paramaribo,1,1,"SeaFreight Line; ZIM",2,5,1185.6,288,1100,1296,0,0,0,{0}
2013-03-24,VELAG,"La Guaira",COBAQ,Barranquilla,1,1,"Alianca; Hamburg Sud; King Ocean",3,3,1874,345.333333333333,1795,2008,5,5,5,{5}
2013-03-24,VELAG,"La Guaira",COCTG,Cartagena,1,1,"CMA CGM; Delmas; Marfret",3,6,2667.5,512.833333333333,2550,2790,2,2,2,{2}
2013-03-24,VELAG,"La Guaira",JMKIN,Kingston,1,1,"CCNI; CMA CGM; CSAV; Delmas",4,5,2499.2,430.8,2478,2524,3,3,3,{3}
2013-03-24,VELAG,"La Guaira",TTPTS,"Point Lisas",1,1,"SeaFreight Line; ZIM",2,5,1185.6,288,1100,1296,2,2,2,{2}
2013-03-24,VEMAR,Maracaibo,GTSTC,"Santo Tomas de Castilla",1,1,"Seaboard Marine",1,3,1521.33333333333,278,1296,1718,0,0,0,{0}
2013-03-24,VEMAR,Maracaibo,USPEF,"Port Everglades FL",1,1,"King Ocean",1,2,957,236,957,957,1,1,1,{1}
2013-03-24,VEPBL,"Puerto Cabello",MXATM,Altamira,1,1,"Alianca; Hamburg Sud",2,4,1575.25,192.75,1570,1577,13,13,13,{13}
2013-03-24,VEPBL,"Puerto Cabello",TTPOS,"Port of Spain",1,1,"CMA CGM; CSAV; CSCL; Libra-Montemar",4,12,4501.66666666667,415.583333333333,3534,5100,2,2,2,{2}
2013-03-24,VEPBL,"Puerto Cabello",VELAG,"La Guaira",2,2,"Alianca; CCNI; CMA CGM; CSAV; Delmas; Hamburg Sud; King Ocean",7,8,4373.2,776.133333333333,1795,2524,2,2,2,"{2,2}"
2013-03-24,VEPSU,"Puerto Sucre",BRMCP,Macapa,1,1,"APL; MOL",2,4,1274.5,288.75,1645,1740,3,3,3,{3}
2013-03-24,VISTT,"St Thomas VI",CASJB,"Saint John, New Brunswick",1,1,"Tropical Shipping",1,2,1080.5,216,1061,1100,6,6,6,{6}
2013-03-24,VISTT,"St Thomas VI",USJAX,"Jacksonville FL",1,1,Crowley,1,2,1122,150,1122,1122,3,3,3,{3}
2013-03-24,VISTT,"St Thomas VI",VISTX,"St Croix VI",1,1,Crowley,1,2,1122,150,1122,1122,1,1,1,{1}
2013-03-24,VISTX,"St Croix VI",AGSJO,"St John's, Antigua",1,1,"Tropical Shipping",1,2,850,187,850,850,0,0,0,{0}
2013-03-24,VISTX,"St Croix VI",AIAXA,Anguilla,1,1,"Tropical Shipping",1,2,850,187,850,850,1,1,1,{1}
2013-03-24,VISTX,"St Croix VI",TTPTS,"Point Lisas",1,1,Crowley,1,2,1122,150,1122,1122,2,2,2,{2}
2013-03-24,VNCLN,"Cai Lan",CNFAN,Fangcheng,1,1,MSC,1,4,1634.25,201.5,1647,2810,1,1,1,{1}
2013-03-24,VNCLN,"Cai Lan",HKHKG,"Hong Kong",1,1,"K Line; NYK",2,4,1613,206,1613,1613,2,2,2,{2}
2013-03-24,VNCLN,"Cai Lan",VNSGN,"Ho Chi Minh (VICT/Cat Lai)",1,1,"K Line; NYK",2,4,1613,206,1613,1613,3,3,3,{3}
2013-03-24,VNDAD,"Da Nang",HKHKG,"Hong Kong",1,1,"Yang Ming",1,2,900,100,1800,1800,2,2,2,{2}
2013-03-24,VNDAD,"Da Nang",MYTPP,"Tanjung Pelepas",1,1,MCC,1,3,1496,276,1496,1496,4,4,4,{4}
2013-03-24,VNDAD,"Da Nang",VNHPH,Haiphong,1,1,MCC,1,3,1496,276,1496,1496,2,2,2,{2}
2013-03-24,VNDAD,"Da Nang",VNSGN,"Ho Chi Minh (VICT/Cat Lai)",2,2,"IAL-Interasia Lines; MOL; Wan Hai",3,6,3209.33333333333,407.333333333333,1368,1728,2,2.5,3,"{3,2}"
2013-03-24,VNHPH,Haiphong,CNFAN,Fangcheng,2,2,"MELL; OOCL; TS Lines",3,4,1776,370,1024,1085,1,1,1,"{1,1}"
2013-03-24,VNHPH,Haiphong,CNSHA,Shanghai,1,1,"Hanjin Shipping; Sinotrans",2,2,984,176,907,1061,5,5,5,{5}
2013-03-24,VNHPH,Haiphong,CNSHK,Shekou,4,4,"COSCO; Heung-A; KMTC; Namsung; PanOcean; Sinotrans; SITC Shipping",7,9,3773.16666666667,496,706,1118,1,2,2,"{2,1,2,2}"
2013-03-24,VNHPH,Haiphong,CNZHA,Zhanjiang,2,2,"Evergreen Line; IAL-Interasia Lines; MOL; Wan Hai",4,4,2078,94,1038,1040,1,1,1,"{1,1}"
2013-03-24,VNHPH,Haiphong,HKHKG,"Hong Kong",5,5,"Bien Dong; Heung-A; MCC; MOL; Namsung; NYK; RCL",7,9,4491.5,521,600,1496,1,2,2,"{1,2,2,2,2}"
2013-03-24,VNHPH,Haiphong,TWKHH,Kaohsiung,4,4,"CNC Line-Cheng Lie Navigation Co. Ltd.; Evergreen Line; MELL; OOCL; Wan Hai",5,4,4140,368,1024,1040,2,2.5,3,"{3,2,2,3}"
2013-03-24,VNHPH,Haiphong,VNDAD,"Da Nang",2,2,"MCC; Yang Ming",2,5,2396,376,1496,1800,1,1.5,2,"{1,2}"
2013-03-24,VNSGN,"Ho Chi Minh (VICT/Cat Lai)",CNNGB,Ningbo,2,2,"CNC Line-Cheng Lie Navigation Co. Ltd.; OOCL; RCL; SITC Shipping",4,7,2267.41666666667,336.666666666667,1005,1296,6,6.5,7,"{6,7}"
2013-03-24,VNSGN,"Ho Chi Minh (VICT/Cat Lai)",CNNSA,Nansha,1,1,"SITC Shipping",1,4,1167.5,112.5,1005,1439,2,2,2,{2}
2013-03-24,VNSGN,"Ho Chi Minh (VICT/Cat Lai)",CNSHK,Shekou,2,2,"Gold Star Line; KMTC; MCC; Sinokor; TS Lines",5,7,3234.41666666667,368.666666666667,1512,1740,3,3,3,"{3,3}"
2013-03-24,VNSGN,"Ho Chi Minh (VICT/Cat Lai)",HKHKG,"Hong Kong",9,9,"CK Line; CNC Line-Cheng Lie Navigation Co. Ltd.; Evergreen Line; Gold Star Line; Hanjin Shipping; Heung-A; IAL-Interasia Lines; K Line; MCC; MOL; Namsung; PanOcean; TS Lines; Wan Hai; Yang Ming",15,31,14610.75,1890.98333333333,1169,2546,2,3,4,"{3,3,3,2,3,2,4,2,2}"
2013-03-24,VNSGN,"Ho Chi Minh (VICT/Cat Lai)",JPSMZ,Shimizu,1,1,"K Line; SITC Shipping",2,3,1708,202,1708,1708,6,6,6,{6}
2013-03-24,VNSGN,"Ho Chi Minh (VICT/Cat Lai)",JPUKB,Kobe,1,1,"Evergreen Line; Hyundai; NYK",3,3,1145.66666666667,130,1032,1228,6,6,6,{6}
2013-03-24,VNSGN,"Ho Chi Minh (VICT/Cat Lai)",KHKOS,Sihanoukville,2,2,"MCC; SITC Shipping",2,7,2786.16666666667,337.833333333333,1005,1726,1,2,3,"{3,1}"
2013-03-24,VNSGN,"Ho Chi Minh (VICT/Cat Lai)",KRPUS,Busan,1,1,"Hanjin Shipping; KMTC; PanOcean; Sinokor",4,3,1646,153.333333333333,1585,1708,6,6,6,{6}
2013-03-24,VNSGN,"Ho Chi Minh (VICT/Cat Lai)",SGSIN,Singapore,4,4,"Hanjin Shipping; Heung-A; K Line; MSC; NYK; PanOcean; Wan Hai",7,15,6303.83333333333,773,1125,2810,2,2,4,"{2,2,2,4}"
2013-03-24,VNSGN,"Ho Chi Minh (VICT/Cat Lai)",THBKK,"Bangkok (Old Port)",3,3,"Hanjin Shipping; Heung-A; MOL; Namsung; RCL; SITC Shipping",6,9,3157.75,438.666666666667,1005,1118,2,2,3,"{2,2,3}"
2013-03-24,VNSGN,"Ho Chi Minh (VICT/Cat Lai)",THLCH,"Laem Chabang",7,7,"CK Line; CNC Line-Cheng Lie Navigation Co. Ltd.; Gold Star Line; Hyundai; KMTC; MCC; Namsung; NYK; OOCL; PanOcean; Sinokor; SITC Shipping; Wan Hai; Yang Ming",14,23,10740.4166666667,1104,1368,2200,2,2,3,"{2,2,2,2,2,2,3}"
2013-03-24,VNSGN,"Ho Chi Minh (VICT/Cat Lai)",TWKHH,Kaohsiung,5,4,"Evergreen Line; MOL; MSC; OOCL; Wan Hai; Yang Ming",6,17,7968.83333333333,930.666666666667,1125,2810,3,3,4,"{3,3,4,3,3}"
2013-03-24,VNSGN,"Ho Chi Minh (VICT/Cat Lai)",VNCLN,"Cai Lan",1,1,"K Line; NYK",2,4,1613,206,1613,1613,2,2,2,{2}
2013-03-24,VNTCT,"Cai Mep",CNNSA,Nansha,1,1,"Hapag-Lloyd; Maersk Line; MCC; NYK; OOCL; Safmarine",6,16,9490.625,725,9030,9700,3,3,3,{3}
2013-03-24,VNTCT,"Cai Mep",CNSHK,Shekou,1,1,"COSCO; Hanjin Shipping; K Line; MOL; Yang Ming",5,10,5160.9,450,5608,6589,2,2,2,{2}
2013-03-24,VNTCT,"Cai Mep",HKHKG,"Hong Kong",4,4,"APL; COSCO; Evergreen Line; Hanjin Shipping; Hyundai; IAL-Interasia Lines; K Line; MOL; Wan Hai; Yang Ming",10,35,19897.7653846154,1737.54615384615,4250,6734,2,2,3,"{2,3,2,2}"
2013-03-24,VNTCT,"Cai Mep",SGSIN,Singapore,1,1,"APL; Hapag-Lloyd; Hyundai; MOL; NYK; OOCL",6,11,7982.54545454545,662,8100,9300,2,2,2,{2}
2013-03-24,VNTCT,"Cai Mep",THBKK,"Bangkok (Old Port)",1,1,"K Line; SITC Shipping",2,4,1272,131.5,1060,1440,3,3,3,{3}
2013-03-24,VNTCT,"Cai Mep",THLCH,"Laem Chabang",1,1,"Hapag-Lloyd; NYK; OOCL",3,10,5894,475.6,4960,6750,3,3,3,{3}
2013-03-24,VNTCT,"Cai Mep",TWKHH,Kaohsiung,1,1,"APL; Hanjin Shipping; MOL",3,3,2468,400,2468,2468,3,3,3,{3}
2013-03-24,VNUIH,"Qui Nhon",VNSGN,"Ho Chi Minh (VICT/Cat Lai)",1,1,MSC,1,4,1634.25,201.5,1647,2810,2,2,2,{2}
2013-03-24,WSAPW,"Apia, W. Samoa",ASPPG,"Pago Pago",1,1,"Alianca; Hamburg Sud; Polynesia Line",3,2,2599.28571428571,437.142857142857,1122,1304,1,1,1,{1}
2013-03-24,ZACPT,"Cape Town",AOLAD,Luanda,1,1,"Maersk Line; Safmarine",2,7,1572.57142857143,288.857142857143,1341,1730,5,5,5,{5}
2013-03-24,ZACPT,"Cape Town",CGPNR,"Pointe Noire",2,2,"CMA CGM; Maersk Line; MCC; NileDutch; Safmarine",5,22,7298.40476190476,751.380952380952,2474,4496,7,7.5,8,"{7,8}"
2013-03-24,ZACPT,"Cape Town",CNYTN,Yantian,1,1,"CMA CGM; Maersk Line; MCC; Safmarine",4,10,3918.5,165,3600,4496,19,19,19,{19}
2013-03-24,ZACPT,"Cape Town",MUPLU,"Port Louis",1,1,"Maersk Line; Safmarine",2,8,3453,550,3108,3534,9,9,9,{9}
2013-03-24,ZACPT,"Cape Town",MYPKG,"Port Klang",2,2,"CMA CGM; Delmas; K Line; MOL; PIL",5,20,5148.54166666667,622.416666666667,2478,4738,15,16.5,18,"{18,15}"
2013-03-24,ZACPT,"Cape Town",NLRTM,Rotterdam,1,1,"DAL-Deutsche Afrika Linien; Maersk Line; MOL; Safmarine",4,8,4530.25,942,4045,4931,16,16,16,{16}
2013-03-24,ZACPT,"Cape Town",SGSIN,Singapore,1,1,"COSCO; Evergreen Line",2,8,2425.875,212.625,2728,3450,15,15,15,{15}
2013-03-24,ZACPT,"Cape Town",USNYC,"New York NY/NJ",1,1,"Maersk Line; MSC; Safmarine",3,9,2384.66666666667,118.111111111111,1708,3450,22,22,22,{22}
2013-03-24,ZACPT,"Cape Town",ZAPLZ,"Port Elizabeth",2,2,"CMA CGM; DAL-Deutsche Afrika Linien; Delmas; Maersk Line; MOL; Safmarine",6,18,6610.25,1237.2,1730,4931,1,1.5,2,"{2,1}"
2013-03-24,ZACPT,"Cape Town",ZAZBA,"Ngqura (Coega)",3,3,"Alianca; CSAV; Hamburg Sud; Hapag-Lloyd; MOL; MSC; Stinnes",7,35,15413.5128205128,1238.08974358974,2591,12552,1,2,3,"{2,1,3}"
2013-03-24,ZADUR,Durban,BRSSZ,Santos,1,1,"Alianca; ANL; CMA CGM; CSAV; CSCL; Hamburg Sud; Libra-Montemar; Maersk Line; MCC; Safmarine",10,12,4093.08333333333,348.833333333333,4181,5060,13,13,13,{13}
2013-03-24,ZADUR,Durban,CGPNR,"Pointe Noire",1,1,"CMA CGM; Delmas",2,12,2399.91666666667,400.666666666667,2478,3534,9,9,9,{9}
2013-03-24,ZADUR,Durban,GHTEM,Tema,1,1,PIL,1,6,2312.5,428.571428571429,1075,1080,12,12,12,{12}
2013-03-24,ZADUR,Durban,INNSA,"Mumbai (Nhava Sheva)",1,1,PIL,1,6,2312.5,428.571428571429,1075,1080,19,19,19,{19}
2013-03-24,ZADUR,Durban,ITGOA,Genoa,1,1,MSC,1,6,3011.66666666667,147.166666666667,2591,3424,9,9,9,{9}
2013-03-24,ZADUR,Durban,MUPLU,"Port Louis",1,1,"CSAV; Hapag-Lloyd; MSC; Stinnes",4,16,7073,554,2900,12552,4,4,4,{4}
2013-03-24,ZADUR,Durban,MYPKG,"Port Klang",2,2,"ANL; CMA CGM; CSAV; CSCL; Hapag-Lloyd; K Line; Libra-Montemar; MSC; NileDutch; NYK",10,22,8456.63636363636,1203.54545454545,2478,6712,10,11,12,"{12,10}"
2013-03-24,ZADUR,Durban,MZMPM,Maputo,1,1,MOL,1,3,5413.33333333333,666.666666666667,2442,2839,5,5,5,{5}
2013-03-24,ZADUR,Durban,NGAPP,Apapa,1,1,"COSCO; Gold Star Line; ZIM",3,9,2719.14285714286,354.857142857143,1742,2702,9,9,9,{9}
2013-03-24,ZADUR,Durban,OMSLL,Salalah,1,1,MSC,1,5,3847.2,322,3600,4038,10,10,10,{10}
2013-03-24,ZADUR,Durban,SGSIN,Singapore,1,1,"Alianca; ANL; CMA CGM; CSAV; CSCL; Hamburg Sud; Libra-Montemar; Maersk Line; MCC; Safmarine",10,12,4093.08333333333,348.833333333333,4181,5060,15,15,15,{15}
2013-03-24,ZADUR,Durban,TGLFW,Lome,1,1,"CSCL; Hapag-Lloyd; K Line; NileDutch; NYK",5,11,2122.18181818182,363.545454545455,2478,2758,12,12,12,{12}
2013-03-24,ZADUR,Durban,ZACPT,"Cape Town",6,6,"COSCO; DAL-Deutsche Afrika Linien; Evergreen Line; K Line; Maersk Line; MOL; MSC; NileDutch; PIL; Safmarine",10,53,18922.3214285714,2630.86706349206,1708,4931,2,4.5,5,"{2,2,5,5,5,4}"
2013-03-24,ZADUR,Durban,ZAPLZ,"Port Elizabeth",2,2,"CMA CGM; Maersk Line; MCC; Safmarine",4,16,8520.79365079365,866.634920634921,1341,8488,2,2,2,"{2,2}"
2013-03-24,ZADUR,Durban,ZAZBA,"Ngqura (Coega)",1,1,"CSAV; Hapag-Lloyd; MSC; Stinnes",4,16,7073,554,2900,12552,1,1,1,{1}
2013-03-24,ZAPLZ,"Port Elizabeth",INMUN,Mundra,1,1,"CMA CGM; Delmas",2,10,2080,295.2,1730,2670,14,14,14,{14}
2013-03-24,ZAPLZ,"Port Elizabeth",MUPLU,"Port Louis",1,1,"CMA CGM; Maersk Line; MCC; Safmarine",4,9,6948.22222222222,577.777777777778,5447,8488,7,7,7,{7}
2013-03-24,ZAPLZ,"Port Elizabeth",ZACPT,"Cape Town",1,1,"Maersk Line; Safmarine",2,7,1572.57142857143,288.857142857143,1341,1730,3,3,3,{3}
2013-03-24,ZAPLZ,"Port Elizabeth",ZADUR,Durban,3,3,"Alianca; ANL; CMA CGM; CSAV; CSCL; DAL-Deutsche Afrika Linien; Hamburg Sud; Libra-Montemar; Maersk Line; MCC; MOL; MSC; Safmarine",13,29,11008,1408.94444444444,1708,5060,2,3,3,"{2,3,3}"
2013-03-24,ZAZBA,"Ngqura (Coega)",BRSSZ,Santos,1,1,"Alianca; Hamburg Sud; Hapag-Lloyd; MOL",4,13,5328.84615384615,536.923076923077,4250,5605,8,8,8,{8}
2013-03-24,ZAZBA,"Ngqura (Coega)",NLRTM,Rotterdam,1,1,"CSAV; Hapag-Lloyd; MSC; Stinnes",4,16,7073,554,2900,12552,21,21,21,{21}
2013-03-24,ZAZBA,"Ngqura (Coega)",SGSIN,Singapore,1,1,"Alianca; Hamburg Sud; Hapag-Lloyd; MOL",4,13,5328.84615384615,536.923076923077,4250,5605,16,16,16,{16}
2013-03-24,ZAZBA,"Ngqura (Coega)",ZADUR,Durban,3,3,"CSAV; Hapag-Lloyd; MSC; Stinnes",4,27,13931.8666666667,1023.16666666667,2591,12552,1,2,4,"{2,4,1}"
