period,origin,namea,destination,nameb,connections,distinct_services,companies,num_companies,num_vessels,weekly_teu,weekly_rplugs,min_vessel,max_vessel,min_days,median_days,max_days,available_transit_times
2016-03-27,AEAUH,"Abu Dhabi",AEJEA,"Dubai, Jebel Ali",2,2,"Maersk Line; Safmarine; Wan Hai",3,9,10158.2857142857,1047.21428571429,1220,10000,0,0.5,1,"{1,0}"
2016-03-27,AEAUH,"Abu Dhabi",AESHJ,Sharjah,1,1,"ANL; CMA CGM; UASC",3,4,3802,355,3802,3802,0,0,0,{0}
2016-03-27,AEAUH,"Abu Dhabi",INHZA,Hazira,1,1,"OEL-Orient Express Lines; Simatech; X-Press",3,2,4324,480,4268,4380,5,5,5,{5}
2016-03-27,AEAUH,"Abu Dhabi",IRBND,"Bandar Abbas",2,2,"Evergreen Line; Hanjin Shipping; Hyundai; K Line; KMTC; OOCL; UASC; X-Press",8,14,12084,1054.28571428571,3600,8586,0,0.5,1,"{0,1}"
2016-03-27,AEAUH,"Abu Dhabi",KWKWI,Kuwait,1,1,"ANL; CMA CGM; UASC",3,4,3802,355,3802,3802,1,1,1,{1}
2016-03-27,AEAUH,"Abu Dhabi",MYPKG,"Port Klang",1,1,"ANL; CMA CGM; COSCO; CSCL; OOCL; UASC; USL-US Lines; Yang Ming",8,8,9871.5,725,11388,14074,8,8,8,{8}
2016-03-27,AEAUH,"Abu Dhabi",OMSOH,Sohar,1,1,"APL; Hapag-Lloyd; MOL; OOCL",4,7,7565.85714285714,458.571428571429,8063,9336,1,1,1,{1}
2016-03-27,AEJEA,"Dubai, Jebel Ali",AEAUH,"Abu Dhabi",6,5,"ANL; APL; CMA CGM; Evergreen Line; Hanjin Shipping; Hapag-Lloyd; Hyundai; K Line; KMTC; MOL; OEL-Orient Express Lines; OOCL; Simatech; UASC; X-Press",15,31,31577.8571428571,2702.85714285714,3600,9336,0,0.5,1,"{0,0,1,1,1,0}"
2016-03-27,AEJEA,"Dubai, Jebel Ali",AEKLF,"Khor Fakkan",3,3,"ANL; CMA CGM; CSCL; PIL; UASC",5,14,13196.4166666667,1435,3000,6800,1,1,1,"{1,1,1}"
2016-03-27,AEJEA,"Dubai, Jebel Ali",BHBAH,Bahrain,2,2,"Hanjin Shipping; Hapag-Lloyd; Hyundai; MCC; NYK; OOCL; Wan Hai",7,14,8072.5,794.166666666667,1220,7455,0,0.5,1,"{1,0}"
2016-03-27,AEJEA,"Dubai, Jebel Ali",DJJIB,Djibouti,1,1,"Maersk Line; Safmarine",2,7,4935.14285714286,429.714285714286,4306,6690,6,6,6,{6}
2016-03-27,AEJEA,"Dubai, Jebel Ali",INMUN,Mundra,1,1,"DAL-Deutsche Afrika Linien; Maersk Line; Safmarine; UAFL-United Africa Feeder Line",4,10,3401.4,553.6,2824,3534,4,4,4,{4}
2016-03-27,AEJEA,"Dubai, Jebel Ali",INNSA,"Mumbai (Nhava Sheva)",3,3,"ANL; CMA CGM; Maersk Line; MSC; PIL; Safmarine; Seago Line",7,29,20628.5295454545,2358.45454545455,3091,9964,4,4,4,"{4,4,4}"
2016-03-27,AEJEA,"Dubai, Jebel Ali",INPAV,Pipavav,1,1,"Maersk Line; Safmarine",2,8,5469.625,550,5400,5527,4,4,4,{4}
2016-03-27,AEJEA,"Dubai, Jebel Ali",IRBND,"Bandar Abbas",6,6,"ANL; CMA CGM; COSCO; CSCL; Emirates Shipping; Evergreen Line; Hanjin Shipping; Hyundai; KMTC; MSC; OOCL; PIL; RCL; UASC; USL-US Lines; Wan Hai; Yang Ming",17,40,41209.1666666667,3357.52380952381,4252,14074,0,1,4,"{1,0,0,2,1,4}"
2016-03-27,AEJEA,"Dubai, Jebel Ali",KMLOG,"Longoni Comoros Is",1,1,"CMA CGM; Emirates Shipping",2,6,2407.66666666667,392,2007,2775,7,7,7,{7}
2016-03-27,AEJEA,"Dubai, Jebel Ali",MYPEN,Penang,1,1,"COSCO; PIL; Wan Hai; Yang Ming",4,6,2762,225,5512,5548,8,8,8,{8}
2016-03-27,AEJEA,"Dubai, Jebel Ali",MYPKG,"Port Klang",1,1,"ANL; CMA CGM; COSCO; CSCL; UASC; USL-US Lines",6,11,8269.45454545455,590.909090909091,9415,11388,8,8,8,{8}
2016-03-27,AEJEA,"Dubai, Jebel Ali",OMSLL,Salalah,3,3,"Maersk Line; Safmarine",2,20,16575.5107142857,1674.51428571429,2240,10000,2,2,3,"{2,3,2}"
2016-03-27,AEJEA,"Dubai, Jebel Ali",OMSOH,Sohar,2,2,"Evergreen Line; Maersk Line; OEL-Orient Express Lines; Simatech; X-Press",5,6,6984.5,944.5,2442,4380,1,1.5,2,"{1,2}"
2016-03-27,AEJEA,"Dubai, Jebel Ali",PKKHI,Karachi,8,8,"Alianca; ANL; APL; CMA CGM; COSCO; CSCL; Evergreen Line; Hamburg Sud; Hanjin Shipping; Hapag-Lloyd; K Line; KMTC; Maersk Line; Marguisa; MSC; NYK; OEL-Orient Express Lines; Safmarine; Simatech; UASC; USL-US Lines; Wan Hai; X-Press; Yang Ming",24,49,44579.6837662338,4691.08333333333,1220,9289,2,2.5,3,"{3,2,2,3,2,2,3,3}"
2016-03-27,AEJEA,"Dubai, Jebel Ali",SADMM,Dammam,4,4,"ANL; APL; CMA CGM; COSCO; Emirates Shipping; Evergreen Line; Hapag-Lloyd; Maersk Line; MOL; OEL-Orient Express Lines; OOCL; Safmarine; X-Press; Yang Ming",14,23,26295.1428571429,1923,2758,10000,0,1,1,"{0,1,1,1}"
2016-03-27,AEJEA,"Dubai, Jebel Ali",SGSIN,Singapore,5,5,"APL; Hapag-Lloyd; Hyundai; Maersk Line; MCC; MOL; MSC; NYK; OOCL; Safmarine; Seago Line; ZIM",12,61,57772.7571301248,3947.16354723708,5250,18270,8,9,10,"{9,8,10,9,9}"
2016-03-27,AEJEA,"Dubai, Jebel Ali",TZTGT,Tanga,1,1,"UAFL-United Africa Feeder Line; WEC Lines",2,2,3897.14285714286,365.714285714286,1684,1726,13,13,13,{13}
2016-03-27,AEJEA,"Dubai, Jebel Ali",ZADUR,Durban,1,1,PIL,1,6,1875.2380952381,226.190476190476,1080,1800,17,17,17,{17}
2016-03-27,AEKLF,"Khor Fakkan",AEJEA,"Dubai, Jebel Ali",7,6,"ANL; CMA CGM; COSCO; CSCL; Emirates Shipping; Hanjin Shipping; Marguisa; OOCL; PIL; UASC; USL-US Lines; Yang Ming",12,48,38423.0140692641,3636.70454545455,2007,14074,0,1,2,"{1,0,2,2,0,2,1}"
2016-03-27,AEKLF,"Khor Fakkan",CNSHA,Shanghai,1,1,"ANL; CMA CGM; CSCL; Evergreen Line; FESCO; Hanjin Shipping; OPDR; UASC; USL-US Lines",9,13,15925.3076923077,1000,12562,17859,20,20,20,{20}
2016-03-27,AEKLF,"Khor Fakkan",DJJIB,Djibouti,1,1,PIL,1,4,3056.25,310,3000,3075,5,5,5,{5}
2016-03-27,AEKLF,"Khor Fakkan",MYPKG,"Port Klang",1,1,"Alianca; ANL; CMA CGM; CSCL; Hamburg Sud; Hanjin Shipping; UASC; USL-US Lines; Yang Ming",9,11,10648.7272727273,490.909090909091,9572,14500,9,9,9,{9}
2016-03-27,AEKLF,"Khor Fakkan",OMSOH,Sohar,1,1,"ANL; CMA CGM; UASC",3,4,3802,355,3802,3802,1,1,1,{1}
2016-03-27,AEKLF,"Khor Fakkan",SADMM,Dammam,1,1,"ANL; CMA CGM; CSCL; UASC",4,6,6338.16666666667,770,5618,6800,3,3,3,{3}
2016-03-27,AEKLF,"Khor Fakkan",SAJED,Jeddah,1,1,"ANL; CMA CGM; CSCL; UASC",4,6,6338.16666666667,770,5618,6800,4,4,4,{4}
2016-03-27,AESHJ,Sharjah,AEJEA,"Dubai, Jebel Ali",1,1,"ANL; CMA CGM; UASC",3,4,3802,355,3802,3802,0,0,0,{0}
2016-03-27,AGSJO,"St John's, Antigua",SXSXM,"St Maarten-Philipsburg",2,2,"CMA CGM; Seaboard Marine; TOTE Maritime",3,4,878,171.666666666667,120,957,0,0,0,"{0,0}"
2016-03-27,AIAXA,Anguilla,BBBGI,Bridgetown,1,1,"Tropical Shipping",1,2,850,187,850,850,0,0,0,{0}
2016-03-27,AIAXA,Anguilla,KNBAS,"Basseterre, St Kitts",1,1,"King Ocean",1,4,1024.25,231,957,1100,0,0,0,{0}
2016-03-27,AOLAD,Luanda,AOLOB,Lobito,3,3,"ANL; CMA CGM; Maersk Line; NileDutch; PSL; Safmarine; Seago Line",7,17,10646.5892857143,1591.5,2061,3400,1,2,4,"{4,2,1}"
2016-03-27,AOLAD,Luanda,CGPNR,"Pointe Noire",3,3,"Alianca; ANL; CMA CGM; DAL-Deutsche Afrika Linien; Hamburg Sud; Hapag-Lloyd; Maersk Line; NileDutch; PIL; Safmarine; UAFL-United Africa Feeder Line",11,27,9761.68787878788,1439.22121212121,2824,3889,1,2,2,"{2,2,1}"
2016-03-27,AOLAD,Luanda,SNDKR,Dakar,1,1,MSC,1,6,2354.66666666667,317.5,1438,2908,8,8,8,{8}
2016-03-27,AOLAD,Luanda,ZACPT,"Cape Town",1,1,"ANL; CMA CGM; Maersk Line; MCC; NileDutch; PIL; Safmarine",7,13,5226.46153846154,374.461538461538,4367,9300,7,7,7,{7}
2016-03-27,AOLOB,Lobito,AOMSZ,Namibe,2,2,"ANL; CMA CGM; NileDutch; PSL",4,9,9036.71428571429,1373,2061,3400,1,1.5,2,"{2,1}"
2016-03-27,AOLOB,Lobito,NAWVB,"Walvis Bay",1,1,"Maersk Line; Safmarine; Seago Line",3,8,1609.875,218.5,2478,2902,5,5,5,{5}
2016-03-27,AOMSZ,Namibe,CIABJ,Abidjan,1,1,"ANL; CMA CGM; NileDutch",3,7,2993.85714285714,558.714285714286,2478,3400,5,5,5,{5}
2016-03-27,AOMSZ,Namibe,PTLEI,Leixoes,1,1,PSL,1,2,6042.85714285714,814.285714285714,2061,2169,15,15,15,{15}
2016-03-27,ARBHI,"Bahia Blanca",BRIOA,"Porto Itapoa",1,1,"Alianca; Hamburg Sud; Hapag-Lloyd",3,8,3072.125,341.875,1620,3600,5,5,5,{5}
2016-03-27,ARBUE,"Buenos Aires",BRRIG,"Rio Grande",1,1,"Alianca; CMA CGM; CSCL; Hamburg Sud; Hapag-Lloyd; Hyundai; NYK; UASC",8,12,9466.25,1150,8386,10500,3,3,3,{3}
2016-03-27,ARBUE,"Buenos Aires",UYMVD,Montevideo,8,8,"Alianca; ANL; CMA CGM; COSCO; Evergreen Line; Hamburg Sud; Hanjin Shipping; Hapag-Lloyd; K Line; Maersk Line; MCC; MOL; MSC; Niver Lines; NYK; PIL; Safmarine; Seago Line; SeaLand; UASC; Yang Ming; ZIM",22,71,56407.3630952381,7860.23809523809,4549,9669,0,0.5,3,"{3,0,1,0,0,1,0,1}"
2016-03-27,ARPMY,"Puerto Madryn",ARBHI,"Bahia Blanca",1,1,"Alianca; Hamburg Sud; Hapag-Lloyd",3,8,3072.125,341.875,1620,3600,4,4,4,{4}
2016-03-27,ASPPG,"Pago Pago",NZAKL,Auckland,1,1,"PDL-Pacific Direct Line; PIL; Sofrana",3,1,1876,200,938,938,5,5,5,{5}
2016-03-27,ASPPG,"Pago Pago",TOTBU,Nuku'alofa,1,1,"NPL-Neptune Pacific Line; PDL-Pacific Direct Line; Swire Shipping",3,2,1924.57142857143,228.571428571429,777,907,2,2,2,{2}
2016-03-27,ASPPG,"Pago Pago",USLGB,"Long Beach CA",1,1,"Alianca; Hamburg Sud; Polynesia Line",3,2,3017.14285714286,624.642857142857,1102,1714,14,14,14,{14}
2016-03-27,AUADL,Adelaide,AUFRE,Fremantle,2,2,"ANL; APL; CMA CGM; Hapag-Lloyd; MSC; NYK; USL-US Lines",7,18,11537.1846153846,912.123076923077,4395,7455,4,4.5,5,"{4,5}"
2016-03-27,AUADL,Adelaide,AUMEL,Melbourne,2,2,"Alianca; APL; Hamburg Sud; Hapag-Lloyd; Hyundai; Maersk Line; MCC; MSC; Safmarine",9,19,7611.80952380952,1080.54761904762,2546,5400,2,2.5,3,"{3,2}"
2016-03-27,AUADL,Adelaide,IDJKT,"Jakarta, Java",1,1,"ANL; CMA CGM; CSCL; Hanjin Shipping; Hapag-Lloyd; K Line; OOCL; UASC",8,5,4265.8,432,3674,4771,8,8,8,{8}
2016-03-27,AUADL,Adelaide,MYPKG,"Port Klang",1,1,"COSCO; MOL; OOCL; PIL",4,4,4626.5,382.5,4250,5100,10,10,10,{10}
2016-03-27,AUADL,Adelaide,NZAKL,Auckland,1,1,"Alianca; ANL; CMA CGM; Hamburg Sud; Hapag-Lloyd; USL-US Lines",6,4,5262.5,840,2496,2742,6,6,6,{6}
2016-03-27,AUADL,Adelaide,SGSIN,Singapore,1,1,"ANL; CMA CGM; Hapag-Lloyd; USL-US Lines",4,13,4672.46153846154,436.615384615385,4050,5770,11,11,11,{11}
2016-03-27,AUBEL,"Bell Bay, TAS",AUSYD,Sydney,1,1,MSC,1,3,1063,230.666666666667,957,1118,3,3,3,{3}
2016-03-27,AUBNE,Brisbane,AUSYD,Sydney,3,3,"Alianca; ANL; APL; CMA CGM; COSCO; CSCL; Hamburg Sud; Hanjin Shipping; Hapag-Lloyd; Hyundai; K Line; Maersk Line; MCC; MOL; MSC; OOCL; PIL; Safmarine; UASC; Yang Ming",20,22,13392.6666666667,1406.83333333333,3674,5400,1,2,2,"{2,2,1}"
2016-03-27,AUBNE,Brisbane,AUTSV,Townsville,1,1,"Maersk Line; PDL-Pacific Direct Line; Sofrana",3,1,5333.14285714286,925.714285714286,1037,1037,3,3,3,{3}
2016-03-27,AUBNE,Brisbane,CNNGB,Ningbo,1,1,"ANL; CMA CGM; COSCO; K Line; Maersk Line; MOL; NYK; OOCL; PIL",9,6,4338.16666666667,392.333333333333,4253,5700,13,13,13,{13}
2016-03-27,AUBNE,Brisbane,JPYOK,Yokohama,3,3,"Alianca; ANL; APL; CMA CGM; COSCO; CSCL; Hamburg Sud; Hanjin Shipping; Hapag-Lloyd; Hyundai; K Line; Maersk Line; MCC; MOL; MSC; NYK; OOCL; Safmarine; Sinotrans; TS Lines; USL-US Lines; Yang Ming",22,24,12602.8333333333,1348.83333333333,4045,5400,10,11,12,"{11,12,10}"
2016-03-27,AUBNE,Brisbane,MYPKG,"Port Klang",1,1,"ANL; APL; CMA CGM; NYK; OOCL; PIL",6,6,4433,384.333333333333,4250,5042,11,11,11,{11}
2016-03-27,AUBNE,Brisbane,MYTPP,"Tanjung Pelepas",1,1,MSC,1,7,3034.14285714286,491.714285714286,2546,3607,10,10,10,{10}
2016-03-27,AUBNE,Brisbane,NCNOU,Noumea,2,2,"MSC; NPL-Neptune Pacific Line; PDL-Pacific Direct Line; Swire Shipping",4,5,2987.57142857143,459.238095238095,777,1118,1,2.5,4,"{4,1}"
2016-03-27,AUBNE,Brisbane,NZAKL,Auckland,3,3,"Alianca; ANL; APL; CMA CGM; COSCO; CSCL; Hamburg Sud; Hapag-Lloyd; MOL; NYK; OOCL; PDL-Pacific Direct Line; PIL; USL-US Lines",14,19,12885.5238095238,1398.7619047619,3765,5042,4,4,5,"{4,5,4}"
2016-03-27,AUBNE,Brisbane,NZTRG,Tauranga,1,1,"COSCO; Hapag-Lloyd; Maersk Line; MOL",4,5,4215.4,1103.6,4045,4258,4,4,4,{4}
2016-03-27,AUBNE,Brisbane,PGPOM,"Port Moresby",1,1,"Maersk Line; PDL-Pacific Direct Line; Sofrana",3,1,4597.71428571429,1028.57142857143,894,894,5,5,5,{5}
2016-03-27,AUBNE,Brisbane,TWKHH,Kaohsiung,3,3,"Alianca; ANL; APL; CMA CGM; CSCL; Evergreen Line; Hamburg Sud; Hanjin Shipping; Hapag-Lloyd; Hyundai; Maersk Line; MSC; OOCL; PIL; Sinotrans; TS Lines; Yang Ming",17,17,11953.6666666667,1219.6,4211,5888,11,12,12,"{11,12,12}"
2016-03-27,AUDRW,Darwin,NCNOU,Noumea,1,1,"Swire Shipping",1,2,7904,914.285714285714,1728,1730,7,7,7,{7}
2016-03-27,AUDRW,Darwin,PGPOM,"Port Moresby",1,1,MELL,1,3,3286.66666666667,626.666666666667,1300,1890,4,4,4,{4}
2016-03-27,AUFRE,Fremantle,AUADL,Adelaide,2,2,"Alianca; APL; Hamburg Sud; Hapag-Lloyd; Hyundai; Maersk Line; MCC; MSC; Safmarine",9,19,7611.80952380952,1080.54761904762,2546,5400,5,5,5,"{5,5}"
2016-03-27,AUFRE,Fremantle,AUMEL,Melbourne,2,2,"ANL; CMA CGM; COSCO; Hapag-Lloyd; MOL; OOCL; PIL; USL-US Lines",8,17,9298.96153846154,819.115384615385,4050,5770,5,5,5,"{5,5}"
2016-03-27,AUFRE,Fremantle,AUSYD,Sydney,1,1,"ANL; APL; CMA CGM; Hapag-Lloyd; NYK; USL-US Lines",6,5,5783.8,561.2,5466,6477,7,7,7,{7}
2016-03-27,AUFRE,Fremantle,MYTPP,"Tanjung Pelepas",1,1,"Alianca; APL; Hamburg Sud; Hapag-Lloyd; Hyundai; Maersk Line; MCC; MSC; Safmarine",9,12,4577.66666666667,588.833333333333,4045,5400,6,6,6,{6}
2016-03-27,AUFRE,Fremantle,SGSIN,Singapore,4,4,"ANL; APL; CMA CGM; COSCO; Hanjin Shipping; Hapag-Lloyd; K Line; MOL; MSC; NYK; OOCL; PIL; USL-US Lines; Yang Ming",14,25,17794.3846153846,1500.12307692308,1708,7455,6,6.5,8,"{8,6,7,6}"
2016-03-27,AUMEL,Melbourne,AUADL,Adelaide,5,5,"Alianca; ANL; APL; CMA CGM; COSCO; CSCL; Hamburg Sud; Hanjin Shipping; Hapag-Lloyd; K Line; MOL; MSC; NYK; OOCL; PIL; UASC; USL-US Lines",17,31,25691.9846153846,2566.62307692308,2496,7455,1,1,2,"{1,1,1,1,2}"
2016-03-27,AUMEL,Melbourne,AUBEL,"Bell Bay, TAS",1,1,MSC,1,3,1063,230.666666666667,957,1118,2,2,2,{2}
2016-03-27,AUMEL,Melbourne,AUBNE,Brisbane,3,3,"ANL; CMA CGM; COSCO; CSCL; Evergreen Line; Hanjin Shipping; K Line; Maersk Line; MOL; NYK; OOCL; PIL; Sinotrans; TS Lines; Yang Ming",15,18,12438.8333333333,1252.33333333333,4211,5888,2,3,3,"{3,2,3}"
2016-03-27,AUMEL,Melbourne,AUFRE,Fremantle,2,2,"Alianca; APL; COSCO; Hamburg Sud; Hapag-Lloyd; Hyundai; Maersk Line; MCC; MOL; MSC; OOCL; PIL; Safmarine; Yang Ming",14,17,9126.86666666667,974.833333333333,4045,5400,5,5,5,"{5,5}"
2016-03-27,AUMEL,Melbourne,AUSYD,Sydney,8,8,"Alianca; ANL; APL; CMA CGM; COSCO; CSCL; Hamburg Sud; Hanjin Shipping; Hapag-Lloyd; Hyundai; K Line; Maersk Line; MCC; MOL; MSC; NPL-Neptune Pacific Line; NYK; OOCL; PDL-Pacific Direct Line; PIL; Safmarine; Sinotrans; Swire Shipping; TS Lines; USL-US Lines; Yang Ming",26,58,29776.7234432234,3361.62014652015,777,5770,1,2,3,"{2,2,3,3,2,1,1,2}"
2016-03-27,AUMEL,Melbourne,NZAKL,Auckland,1,1,"ANL; CMA CGM; Maersk Line; USL-US Lines",4,3,1740,298.666666666667,1740,1740,5,5,5,{5}
2016-03-27,AUMEL,Melbourne,NZPOE,"Port Chalmers",1,1,"Alianca; CMA CGM; Hamburg Sud; Hapag-Lloyd; Maersk Line; MSC; SeaLand",7,10,3425.8,705.6,3000,3752,4,4,4,{4}
2016-03-27,AUMEL,Melbourne,NZWLG,Wellington,1,1,"ANL; CMA CGM; Marfret; USL-US Lines",4,7,5468.57142857143,1201.71428571429,2478,2872,3,3,3,{3}
2016-03-27,AUSYD,Sydney,AUADL,Adelaide,1,1,"ANL; CMA CGM; Hapag-Lloyd; USL-US Lines",4,13,4672.46153846154,436.615384615385,4050,5770,3,3,3,{3}
2016-03-27,AUSYD,Sydney,AUBNE,Brisbane,6,6,"Alianca; ANL; APL; CMA CGM; COSCO; CSCL; Hamburg Sud; Hanjin Shipping; Hapag-Lloyd; Hyundai; K Line; Maersk Line; MCC; MOL; MSC; NPL-Neptune Pacific Line; NYK; OOCL; PDL-Pacific Direct Line; Safmarine; Sinotrans; Swire Shipping; TS Lines; USL-US Lines; Yang Ming",25,34,19443.4047619048,2167.67142857143,777,5400,1,1.5,3,"{2,3,3,1,1,1}"
2016-03-27,AUSYD,Sydney,AUMEL,Melbourne,12,12,"Alianca; ANL; APL; CMA CGM; COSCO; CSCL; Evergreen Line; Hamburg Sud; Hanjin Shipping; Hapag-Lloyd; Hyundai; K Line; Maersk Line; Marfret; MCC; MOL; MSC; NYK; OOCL; PIL; Safmarine; SeaLand; Sinotrans; TS Lines; UASC; USL-US Lines; Yang Ming",27,82,53265.556043956,6617.2706959707,1740,7455,1,2,4,"{2,2,2,1,2,4,2,2,2,2,2,2}"
2016-03-27,AUSYD,Sydney,NZBLU,Bluff,1,1,MSC,1,7,3034.14285714286,491.714285714286,2546,3607,3,3,3,{3}
2016-03-27,AUSYD,Sydney,NZNSN,Nelson,1,1,"COSCO; Hapag-Lloyd; Maersk Line",3,6,2943.16666666667,528.666666666667,2824,3003,5,5,5,{5}
2016-03-27,AUSYD,Sydney,NZTRG,Tauranga,1,1,"Alianca; ANL; CMA CGM; Hamburg Sud; Hapag-Lloyd; MSC; PDL-Pacific Direct Line; PIL; USL-US Lines",9,7,3689.71428571429,496.285714285714,3534,3884,3,3,3,{3}
2016-03-27,AUTSV,Townsville,PGPOM,"Port Moresby",1,1,"Maersk Line; PDL-Pacific Direct Line; Sofrana",3,1,5333.14285714286,925.714285714286,1037,1037,3,3,3,{3}
2016-03-27,AUTSV,Townsville,TWKHH,Kaohsiung,1,1,MELL,1,3,3286.66666666667,626.666666666667,1300,1890,12,12,12,{12}
2016-03-27,AWORJ,Aruba,CWWIL,Willemstad,2,2,"Alianca; Caribbean Feeder; Hamburg Sud; Hapag-Lloyd; King Ocean; Seaboard Marine; ZIM",7,5,2488.66666666667,458.166666666667,712,1795,1,1,1,"{1,1}"
2016-03-27,AWORJ,Aruba,TTPTS,"Point Lisas",1,1,"Hapag-Lloyd; Maersk Line; Seaboard Marine; SeaLand",4,3,1138.66666666667,134.666666666667,1708,1708,3,3,3,{3}
2016-03-27,BBBGI,Bridgetown,GPSBH,"St Barthelemy",1,1,"Tropical Shipping",1,2,850,187,850,850,0,0,0,{0}
2016-03-27,BBBGI,Bridgetown,LCSLU,"Castries, St Lucia",2,2,"CMA CGM; King Ocean",2,6,2014.25,443,862,1118,0,0,0,"{0,0}"
2016-03-27,BBBGI,Bridgetown,SRPBM,Paramaribo,1,1,"King Ocean",1,1,584,144,584,584,2,2,2,{2}
2016-03-27,BBBGI,Bridgetown,TTPOS,"Port of Spain",1,1,"Caribbean Feeder; Hapag-Lloyd; ZIM",3,3,699.333333333333,120,698,702,0,0,0,{0}
2016-03-27,BBBGI,Bridgetown,TTPTS,"Point Lisas",1,1,"Seaboard Marine",1,3,758,147.666666666667,657,957,1,1,1,{1}
2016-03-27,BBBGI,Bridgetown,VCKTN,"Kingstown, St Vincent",1,1,"Crowley; SeaFreight Line",2,2,1122,150,1122,1122,1,1,1,{1}
2016-03-27,BDCGP,Chittagong,BDMGL,Mongla,2,2,"Advance Container Lines; MCC; PIL",3,3,4134.57142857143,832.142857142857,1080,1756,1,1,1,"{1,1}"
2016-03-27,BDCGP,Chittagong,MYPEN,Penang,3,3,"ANL; CMA CGM; Gold Star Line; Maersk Line; MCC; OEL-Orient Express Lines; PIL; Yang Ming",8,9,4114.75,471.666666666667,1078,1684,3,3,4,"{4,3,3}"
2016-03-27,BDCGP,Chittagong,MYPKG,"Port Klang",1,1,"MCC; OOCL",2,7,2226.71428571429,507.142857142857,2190,2339,4,4,4,{4}
2016-03-27,BDCGP,Chittagong,SGSIN,Singapore,10,10,"Advance Container Lines; COSCO; Evergreen Line; Gold Star Line; Hanjin Shipping; Hapag-Lloyd; K Line; MCC; MOL; NYK; OEL-Orient Express Lines; OOCL; PIL; Samudera; Wan Hai; X-Press; Yang Ming",17,28,17560.0142857143,2824.54285714286,1450,2339,4,4,5,"{5,4,4,4,4,4,5,4,4,4}"
2016-03-27,BDMGL,Mongla,MYTPP,"Tanjung Pelepas",1,1,MCC,1,2,1666,375,1576,1756,5,5,5,{5}
2016-03-27,BDMGL,Mongla,SGSIN,Singapore,1,1,"Advance Container Lines; PIL",2,1,2468.57142857143,457.142857142857,1080,1080,6,6,6,{6}
2016-03-27,BEANR,Antwerp,CAMTR,Montreal,1,1,"CMA CGM; Maersk Line; Safmarine",3,4,2951.5,387.5,2902,3100,9,9,9,{9}
2016-03-27,BEANR,Antwerp,CNSHA,Shanghai,1,1,"CMA CGM; COSCO; CSCL; Evergreen Line; Hanjin Shipping; K Line; Yang Ming",7,11,12703.4545454545,932.363636363636,9000,14074,30,30,30,{30}
2016-03-27,BEANR,Antwerp,COCTG,Cartagena,1,1,"Maersk Line; Seago Line; SeaLand",3,8,2502.25,537.5,2226,2592,12,12,12,{12}
2016-03-27,BEANR,Antwerp,CYLMS,Limassol,1,1,"Alianca; Borchard Lines Ltd; Hamburg Sud; Hapag-Lloyd; Maersk Line; Safmarine; Seago Line; ZIM",8,5,4387.8,764,4135,4644,7,7,7,{7}
2016-03-27,BEANR,Antwerp,DEBRV,Bremerhaven,12,12,"ACL-Atlantic Container Line; APL; CMA CGM; COSCO; Evergreen Line; Hapag-Lloyd; Hyundai; K Line; Maersk Line; MCC; MOL; MSC; NYK; OOCL; Safmarine; Seago Line; Yang Ming",17,71,60441.3035714286,6930.86904761905,1216,19224,1,2,2,"{2,2,2,2,2,1,1,1,1,2,1,2}"
2016-03-27,BEANR,Antwerp,DEHAM,Hamburg,7,7,"Alianca; ANL; APL; Arkas Line; CMA CGM; CSCL; Evergreen Line; FESCO; Hamburg Sud; Hanjin Shipping; Hapag-Lloyd; Hyundai; K Line; Maersk Line; MCC; MOL; MSC; NYK; OOCL; PIL; Safmarine; Seago Line; UASC; USL-US Lines; Yang Ming",25,62,48605.8980392157,3848.66704374057,1740,18270,0,2,2,"{2,1,2,1,0,2,2}"
2016-03-27,BEANR,Antwerp,DOCAU,Caucedo,1,1,"Alianca; ANL; CMA CGM; Hamburg Sud; Hapag-Lloyd",5,8,4085.375,913.25,3752,4250,10,10,10,{10}
2016-03-27,BEANR,Antwerp,ESBIO,Bilbao,1,1,"MSC; WEC Lines",2,1,1083,220,1083,1083,2,2,2,{2}
2016-03-27,BEANR,Antwerp,ESCAD,Cadiz,1,1,"MSC; WEC Lines",2,3,1926.33333333333,366.666666666667,1835,2109,7,7,7,{7}
2016-03-27,BEANR,Antwerp,ESTAR,Tarragona,1,1,HDASCO,1,2,7788,1100,2478,2478,6,6,6,{6}
2016-03-27,BEANR,Antwerp,ESVGO,Vigo,1,1,"MSC; WEC Lines",2,3,868,206,868,868,2,2,2,{2}
2016-03-27,BEANR,Antwerp,ESVLC,Valencia,1,1,"Alianca; Borchard Lines Ltd; CMA CGM; Hamburg Sud; Maersk Line; Seago Line; Turkon",7,5,4504,700,4504,4504,6,6,6,{6}
2016-03-27,BEANR,Antwerp,FIKOK,Kokkola,1,1,TransAtlantic,1,2,731.5,140,660,803,6,6,6,{6}
2016-03-27,BEANR,Antwerp,FRDKK,Dunkirk,3,3,"ANL; CMA CGM; CSCL; NileDutch; OPDR; UASC; USL-US Lines",7,17,14037.25,1697.25,1678,9289,0,1,1,"{0,1,1}"
2016-03-27,BEANR,Antwerp,FRLEH,"Le Havre",10,10,"Alianca; CMA CGM; COSCO; Hamburg Sud; Hanjin Shipping; Hapag-Lloyd; Maersk Line; MCC; MSC; Safmarine; SCI-Shipping Corp. of India; Seago Line; Stinnes; UASC; ZIM",15,85,70615.3326546003,7954.85935143288,2260,18270,0,1,1,"{1,1,1,1,1,1,1,0,1,1}"
2016-03-27,BEANR,Antwerp,GBFXT,Felixstowe,3,3,"Maersk Line; MSC; Safmarine; SeaLand; WEC Lines",5,22,17790.5714285714,1292.83928571429,2668,8948,1,1,1,"{1,1,1}"
2016-03-27,BEANR,Antwerp,GBLGP,"London Gateway",2,2,"Alianca; Hamburg Sud; Hapag-Lloyd; NYK",4,14,8796.66666666667,1596.33333333333,2550,6589,1,1,1,"{1,1}"
2016-03-27,BEANR,Antwerp,GBLIV,Liverpool,1,1,ICL,1,4,2465.5,478.5,1970,2800,2,2,2,{2}
2016-03-27,BEANR,Antwerp,GBSOU,Southampton,2,2,"ANL; APL; CMA CGM; Hapag-Lloyd; Hyundai; MOL; NYK; OOCL",8,14,13484.5833333333,866.666666666667,925,14000,1,1,1,"{1,1}"
2016-03-27,BEANR,Antwerp,GBTEE,Teesport,1,1,MSC,1,1,1700,200,1700,1700,1,1,1,{1}
2016-03-27,BEANR,Antwerp,GBTIL,Tilbury,1,1,"Hapag-Lloyd; MSC; WEC Lines",3,9,4609.44444444444,686.111111111111,3922,5301,1,1,1,{1}
2016-03-27,BEANR,Antwerp,GRPIR,Piraeus,3,3,"ANL; CMA CGM; COSCO; CSCL; Evergreen Line; Hanjin Shipping; Hapag-Lloyd; K Line; MSC; USL-US Lines; Yang Ming",11,24,26773.45,1372.45,3301,14100,8,9,9,"{9,8,9}"
2016-03-27,BEANR,Antwerp,IEBEF,Belfast,1,1,"BG Freight Line; Eucon; Hapag-Lloyd",3,1,750,190,750,750,2,2,2,{2}
2016-03-27,BEANR,Antwerp,IEDUB,Dublin,2,2,"BG Freight Line; Eucon; Hapag-Lloyd; MSC",4,2,2008,420,972,1036,2,2,2,"{2,2}"
2016-03-27,BEANR,Antwerp,MACAS,Casablanca,2,2,"CMA CGM; Maersk Line; OPDR; Safmarine; Seago Line",5,6,1773.66666666667,365.333333333333,698,1402,3,5.5,8,"{3,8}"
2016-03-27,BEANR,Antwerp,MAPTM,Tanger,2,2,"ANL; CMA CGM; Maersk Line; MCC; MSC; OPDR; Safmarine; Seago Line",8,17,18313.4333333333,1480.53333333333,2741,19224,4,4,4,"{4,4}"
2016-03-27,BEANR,Antwerp,NLRTM,Rotterdam,10,10,"Alianca; ANL; BG Freight Line; CMA CGM; CSCL; Eucon; FESCO; Hamburg Sud; Hapag-Lloyd; Maersk Line; MSC; Safmarine; Seago Line; UASC; WEC Lines; ZIM",16,56,35730.4178571429,4380.49047619048,803,7455,0,1,1,"{1,1,0,1,0,0,0,1,1,1}"
2016-03-27,BEANR,Antwerp,NOOSL,Oslo,1,1,"MSC; WEC Lines",2,1,877,231,877,877,1,1,1,{1}
2016-03-27,BEANR,Antwerp,PTLEI,Leixoes,1,1,"ANL; CMA CGM; NileDutch",3,7,2993.85714285714,558.714285714286,2478,3400,1,1,1,{1}
2016-03-27,BEANR,Antwerp,PTSIE,Sines,1,1,"Hapag-Lloyd; MSC; WEC Lines",3,4,5488,433.5,5050,5800,3,3,3,{3}
2016-03-27,BEANR,Antwerp,RULED,"St Petersburg",2,2,"Evergreen Line; MSC; OOCL; Team Lines; Unifeeder",5,10,4691,440.125,1638,3424,4,5.5,7,"{4,7}"
2016-03-27,BEANR,Antwerp,TRGEB,"Istanbul (Gebze)",1,1,MSC,1,3,4671.66666666667,326.666666666667,4392,5078,7,7,7,{7}
2016-03-27,BEZEE,Zeebrugge,FRLEH,"Le Havre",1,1,"ANL; CMA CGM; CSCL; Evergreen Line; FESCO; Hanjin Shipping; OPDR; UASC; USL-US Lines",9,13,15925.3076923077,1000,12562,17859,1,1,1,{1}
2016-03-27,BEZEE,Zeebrugge,FRURO,Rouen,1,1,"CMA CGM; Maersk Line; Marfret; WEC Lines",4,4,2554,608,2260,2872,1,1,1,{1}
2016-03-27,BEZEE,Zeebrugge,NLRTM,Rotterdam,1,1,"Alianca; ANL; CMA CGM; COSCO; CSCL; Evergreen Line; Hamburg Sud; Hanjin Shipping; K Line; UASC; USL-US Lines; Yang Ming",12,11,17200,909.090909090909,18800,19100,1,1,1,{1}
2016-03-27,BHBAH,Bahrain,SADMM,Dammam,2,2,"Hanjin Shipping; Hapag-Lloyd; Hyundai; MCC; NYK; OOCL; Wan Hai",7,14,8072.5,794.166666666667,1220,7455,0,0,0,"{0,0}"
2016-03-27,BJCOO,Cotonou,CIABJ,Abidjan,1,1,"COSCO; Gold Star Line; Hapag-Lloyd; MOL; ZIM",5,12,3327.5,369.75,2751,4957,2,2,2,{2}
2016-03-27,BJCOO,Cotonou,GHTEM,Tema,1,1,"ANL; CMA CGM; PIL",3,11,2973.45454545455,412.454545454545,3091,3889,2,2,2,{2}
2016-03-27,BJCOO,Cotonou,NGAPP,Apapa,1,1,"ANL; CMA CGM; Maersk Line; MCC; Safmarine",5,10,2345,110,4496,5466,2,2,2,{2}
2016-03-27,BJCOO,Cotonou,NGONN,Onne,2,2,"CMA CGM; PIL; UASC",3,19,7407.33928571429,369.25,2061,3900,1,1.5,2,"{2,1}"
2016-03-27,BJCOO,Cotonou,NGTIN,"Lagos, Tin Can",1,1,"ANL; CMA CGM; Maersk Line; MCC; Safmarine",5,13,2792.23076923077,246.769230769231,3534,4308,0,0,0,{0}
2016-03-27,BJCOO,Cotonou,SNDKR,Dakar,1,1,"Maersk Line; Safmarine",2,4,4380.5,360,4380,4382,6,6,6,{6}
2016-03-27,BJCOO,Cotonou,ZADUR,Durban,1,1,PIL,1,6,1875.2380952381,226.190476190476,1080,1800,10,10,10,{10}
2016-03-27,BJCOO,Cotonou,ZAPLZ,"Port Elizabeth",1,1,"DAL-Deutsche Afrika Linien; Maersk Line; Safmarine; UAFL-United Africa Feeder Line",4,10,3401.4,553.6,2824,3534,14,14,14,{14}
2016-03-27,BNMUA,"Muara Port",HKHKG,"Hong Kong",1,1,"Evergreen Line; PIL",2,2,1301,187,1162,1440,4,4,4,{4}
2016-03-27,BQKRA,Bonaire,VELAG,"La Guaira",1,1,"Alianca; Hamburg Sud; King Ocean; Seaboard Marine",4,3,1776.66666666667,312.666666666667,1740,1795,1,1,1,{1}
2016-03-27,BRFOR,Fortaleza,BRNAT,Natal,1,1,"ANL; CMA CGM; Marfret; OPDR",4,6,1999.16666666667,163.333333333333,1678,2339,1,1,1,{1}
2016-03-27,BRIOA,"Porto Itapoa",BRNVT,Navegantes,2,2,"Alianca; CMA CGM; COSCO; CSCL; Evergreen Line; Hamburg Sud; Hapag-Lloyd; Hyundai; K Line; MSC; NYK; PIL; UASC; Yang Ming; ZIM",15,13,22805.4761904762,4015.2380952381,5552,9962,0,0.5,1,"{0,1}"
2016-03-27,BRIOA,"Porto Itapoa",BRPNG,Paranagua,2,2,"Alianca; CMA CGM; Hamburg Sud; Hapag-Lloyd; Maersk Line; MSC; Safmarine; UASC",8,14,18663.6666666667,2100,8762,9669,0,0.5,1,"{1,0}"
2016-03-27,BRIOA,"Porto Itapoa",BRRIO,"Rio de Janeiro",2,2,"Alianca; Hamburg Sud; Hapag-Lloyd; Yang Ming",4,15,8756.69642857143,1350.44642857143,1620,6612,2,2.5,3,"{3,2}"
2016-03-27,BRIOA,"Porto Itapoa",BRSSZ,Santos,2,2,"Alianca; ANL; CMA CGM; CSCL; Hamburg Sud; Hapag-Lloyd; Hyundai; Maersk Line; MSC; Niver Lines; NYK; Safmarine; UASC; ZIM",14,20,15105,1941.25,5550,10500,2,2,2,"{2,2}"
2016-03-27,BRITJ,Itajai,ARBUE,"Buenos Aires",1,1,"Alianca; COSCO; Hamburg Sud; Hanjin Shipping; Maersk Line; MSC; Safmarine; Seago Line",8,8,8368.75,1700,7450,8500,3,3,3,{3}
2016-03-27,BRITJ,Itajai,BRSSZ,Santos,2,2,"Maersk Line; MCC; MOL; MSC; Safmarine",5,18,17279.1666666667,1494.25,7450,9403,1,1.5,2,"{1,2}"
2016-03-27,BRMAO,Manaus,BRMCP,Macapa,1,1,MOL,1,2,3338,450,1608,1730,2,2,2,{2}
2016-03-27,BRMAO,Manaus,BRVIX,Vitoria,1,1,"Alianca; ANL; CMA CGM; Hamburg Sud; Maersk Line; MOL; SeaLand",7,7,2490.14285714286,406,2690,3108,10,10,10,{10}
2016-03-27,BRMCP,Macapa,BRMAO,Manaus,1,1,MOL,1,2,3338,450,1608,1730,2,2,2,{2}
2016-03-27,BRMCP,Macapa,BRVDC,"Vila do Conde (near Belem)",1,1,MOL,1,2,3338,450,1608,1730,1,1,1,{1}
2016-03-27,BRNAT,Natal,ESALG,Algeciras,1,1,"ANL; CMA CGM; Marfret; OPDR",4,6,1999.16666666667,163.333333333333,1678,2339,8,8,8,{8}
2016-03-27,BRNVT,Navegantes,BRIOA,"Porto Itapoa",1,1,"Alianca; ANL; CMA CGM; Hamburg Sud; Hapag-Lloyd; Maersk Line; MSC; Niver Lines; Safmarine; UASC; ZIM",11,8,5638.75,791.25,5550,5905,1,1,1,{1}
2016-03-27,BRNVT,Navegantes,BRITJ,Itajai,1,1,"Maersk Line; MSC; Safmarine",3,6,8994.66666666667,500,8762,9403,1,1,1,{1}
2016-03-27,BRNVT,Navegantes,BRPNG,Paranagua,5,5,"Alianca; ANL; CMA CGM; COSCO; CSCL; Evergreen Line; Hamburg Sud; Hapag-Lloyd; Hyundai; K Line; Maersk Line; MCC; MOL; MSC; NileDutch; NYK; PIL; Safmarine; SeaLand; UASC; Yang Ming; ZIM",22,38,36966.9523809524,5888.65476190476,2690,9962,0,1,1,"{1,0,0,1,1}"
2016-03-27,BRNVT,Navegantes,BRSSZ,Santos,3,3,"Alianca; ANL; CMA CGM; Hamburg Sud; Hapag-Lloyd; Maersk Line; MSC; NYK; Safmarine; SeaLand; ZIM",11,23,18009.5178571429,1528.85714285714,4549,6750,2,2,3,"{2,3,2}"
2016-03-27,BRPEC,"Pecem (near Fortaleza)",USNYC,"New York NY/NJ",1,1,"Alianca; Hamburg Sud; Hapag-Lloyd; Yang Ming",4,7,5684.57142857143,1008.57142857143,5447,6612,8,8,8,{8}
2016-03-27,BRPNG,Paranagua,ARBUE,"Buenos Aires",2,2,"Alianca; CMA CGM; Hamburg Sud; Hapag-Lloyd; Maersk Line; MCC; MOL; MSC; Safmarine; UASC",10,20,17953.5,2594.25,7450,9669,2,2.5,3,"{3,2}"
2016-03-27,BRPNG,Paranagua,BRITJ,Itajai,2,2,"Alianca; COSCO; Hamburg Sud; Hanjin Shipping; Maersk Line; MCC; MOL; MSC; Safmarine; Seago Line",10,20,16653.25,2694.25,7450,9400,1,1,1,"{1,1}"
2016-03-27,BRPNG,Paranagua,BRNVT,Navegantes,2,2,"Alianca; ANL; CMA CGM; Hamburg Sud; Hapag-Lloyd; Maersk Line; MSC; Safmarine",8,13,14742.8095238095,1044.85714285714,5551,9403,1,1,1,"{1,1}"
2016-03-27,BRPNG,Paranagua,BRSSZ,Santos,6,6,"Alianca; ANL; CMA CGM; COSCO; CSCL; Evergreen Line; Hamburg Sud; Hanjin Shipping; Hapag-Lloyd; Hyundai; K Line; Maersk Line; MOL; MSC; NileDutch; NYK; PIL; Safmarine; SeaLand; UASC; Yang Ming; ZIM",22,46,44851.869047619,7276.57142857143,2690,9962,2,2,4,"{2,2,4,2,2,2}"
2016-03-27,BRPNG,Paranagua,UYMVD,Montevideo,2,2,"Alianca; CMA CGM; COSCO; CSCL; Evergreen Line; Hamburg Sud; Hanjin Shipping; Hapag-Lloyd; Hyundai; K Line; NYK; PIL; UASC; Yang Ming; ZIM",15,24,15966.6666666667,1932.16666666667,8120,10500,2,3,4,"{2,4}"
2016-03-27,BRRIG,"Rio Grande",BRIOA,"Porto Itapoa",3,3,"Alianca; CMA CGM; CSCL; Hamburg Sud; Hapag-Lloyd; Hyundai; Maersk Line; MSC; NYK; Safmarine; UASC; Yang Ming",12,27,24819.8214285714,3758.57142857143,5447,10500,2,3,3,"{3,2,3}"
2016-03-27,BRRIG,"Rio Grande",BRNVT,Navegantes,4,4,"Alianca; ANL; CMA CGM; Hamburg Sud; Hapag-Lloyd; Maersk Line; MCC; MOL; MSC; Niver Lines; NYK; Safmarine; SeaLand; UASC; ZIM",15,36,26184.625,2769.5,4549,9400,1,1.5,2,"{1,2,1,2}"
2016-03-27,BRRIG,"Rio Grande",BRPNG,Paranagua,1,1,"COSCO; Evergreen Line; Hanjin Shipping; K Line; PIL; Yang Ming; ZIM",7,12,6500.41666666667,782.166666666667,8120,9443,3,3,3,{3}
2016-03-27,BRRIG,"Rio Grande",BRSSZ,Santos,1,1,"Alianca; COSCO; Hamburg Sud; Hanjin Shipping; Maersk Line; MSC; Safmarine; Seago Line",8,8,8368.75,1700,7450,8500,3,3,3,{3}
2016-03-27,BRRIG,"Rio Grande",CLSAI,"San Antonio",1,1,"Alianca; Hamburg Sud; Hapag-Lloyd",3,8,3072.125,341.875,1620,3600,10,10,10,{10}
2016-03-27,BRRIO,"Rio de Janeiro",BRSSA,Salvador,4,4,"Alianca; ANL; CMA CGM; Hamburg Sud; Hapag-Lloyd; Maersk Line; MOL; MSC; Safmarine; SeaLand; Yang Ming; ZIM",12,28,19646,3258,2690,6750,2,3,4,"{3,3,2,4}"
2016-03-27,BRRIO,"Rio de Janeiro",BRSSZ,Santos,3,3,"Alianca; ANL; CMA CGM; Hamburg Sud; Hapag-Lloyd; Maersk Line; MSC; Niver Lines; Safmarine; UASC; ZIM",11,23,14459.0178571429,1677.98214285714,1620,5905,1,2,2,"{1,2,2}"
2016-03-27,BRRIO,"Rio de Janeiro",BRSUA,Suape,1,1,"Alianca; ANL; CMA CGM; Hamburg Sud; Hapag-Lloyd; Maersk Line; MSC; Niver Lines; Safmarine; UASC; ZIM",11,8,5638.75,791.25,5550,5905,3,3,3,{3}
2016-03-27,BRRIO,"Rio de Janeiro",ZADUR,Durban,1,1,"Alianca; CMA CGM; Hamburg Sud; Hapag-Lloyd; Maersk Line; NileDutch",6,6,3386.83333333333,473.166666666667,3091,3820,12,12,12,{12}
2016-03-27,BRSPB,Sepetiba,BRSSZ,Santos,1,1,"Alianca; CMA CGM; COSCO; CSCL; Evergreen Line; Hamburg Sud; Hapag-Lloyd; Hyundai; K Line; NYK; PIL; UASC; Yang Ming; ZIM",14,6,17082.3333333333,2716.66666666667,8004,9962,2,2,2,{2}
2016-03-27,BRSPB,Sepetiba,COCTG,Cartagena,1,1,"Alianca; Hamburg Sud; Hapag-Lloyd; Maersk Line; MSC; NYK; SeaLand; ZIM",8,8,5794,539,5500,6750,12,12,12,{12}
2016-03-27,BRSPB,Sepetiba,MYPKG,"Port Klang",1,1,"Alianca; CMA CGM; COSCO; CSCL; Evergreen Line; Hamburg Sud; Hapag-Lloyd; Hyundai; K Line; NYK; PIL; UASC; Yang Ming; ZIM",14,6,17082.3333333333,2716.66666666667,8004,9962,25,25,25,{25}
2016-03-27,BRSSA,Salvador,BEANR,Antwerp,1,1,"Alianca; ANL; CMA CGM; Hamburg Sud; Hapag-Lloyd; Maersk Line; MSC; Safmarine",8,7,5748.14285714286,544.857142857143,5551,5800,14,14,14,{14}
2016-03-27,BRSSA,Salvador,BRIOA,"Porto Itapoa",1,1,"Maersk Line; MSC; Safmarine",3,6,8994.66666666667,500,8762,9403,5,5,5,{5}
2016-03-27,BRSSA,Salvador,BRPEC,"Pecem (near Fortaleza)",1,1,"Alianca; Hamburg Sud; Hapag-Lloyd; Yang Ming",4,7,5684.57142857143,1008.57142857143,5447,6612,4,4,4,{4}
2016-03-27,BRSSA,Salvador,BRSUA,Suape,1,1,"MSC; ZIM",2,8,6467.375,445,4549,6750,2,2,2,{2}
2016-03-27,BRSSA,Salvador,COCTG,Cartagena,1,1,"Alianca; Hamburg Sud; Hapag-Lloyd; MSC; ZIM",5,7,5723.14285714286,1298.57142857143,5552,6750,8,8,8,{8}
2016-03-27,BRSSA,Salvador,JMKIN,Kingston,1,1,"Alianca; ANL; CMA CGM; Hamburg Sud; Maersk Line; MOL; SeaLand",7,7,2490.14285714286,406,2690,3108,12,12,12,{12}
2016-03-27,BRSSZ,Santos,ARBUE,"Buenos Aires",4,4,"Alianca; ANL; CMA CGM; Hamburg Sud; Hapag-Lloyd; Maersk Line; MSC; Niver Lines; NYK; Safmarine; SeaLand; UASC; Yang Ming; ZIM",14,31,23584.6964285714,2783.82142857143,4549,6750,3,3,4,"{3,3,3,4}"
2016-03-27,BRSSZ,Santos,BRIOA,"Porto Itapoa",2,2,"Alianca; CMA CGM; COSCO; CSCL; Evergreen Line; Hamburg Sud; Hapag-Lloyd; Hyundai; K Line; MSC; NYK; PIL; UASC; Yang Ming; ZIM",15,13,22805.4761904762,4015.2380952381,5552,9962,2,2,2,"{2,2}"
2016-03-27,BRSSZ,Santos,BRPNG,Paranagua,6,6,"Alianca; ANL; CMA CGM; COSCO; CSCL; Evergreen Line; Hamburg Sud; Hanjin Shipping; Hapag-Lloyd; Hyundai; K Line; Maersk Line; MCC; MOL; MSC; NYK; PIL; Safmarine; Seago Line; UASC; Yang Ming; ZIM",22,59,48037.0595238095,6771.27380952381,5551,10500,1,2,3,"{2,3,2,2,1,2}"
2016-03-27,BRSSZ,Santos,BRRIG,"Rio Grande",1,1,"Alianca; Hamburg Sud; Hapag-Lloyd",3,8,3072.125,341.875,1620,3600,3,3,3,{3}
2016-03-27,BRSSZ,Santos,BRRIO,"Rio de Janeiro",5,5,"Alianca; ANL; CMA CGM; Hamburg Sud; Hapag-Lloyd; Maersk Line; MOL; MSC; NileDutch; Niver Lines; Safmarine; SeaLand; UASC; ZIM",14,35,22987.0119047619,3513.84523809524,2690,6750,1,1,2,"{1,2,2,1,1}"
2016-03-27,BRSSZ,Santos,BRSPB,Sepetiba,2,2,"Alianca; CMA CGM; COSCO; CSCL; Evergreen Line; Hamburg Sud; Hapag-Lloyd; Hyundai; K Line; Maersk Line; MSC; NYK; PIL; SeaLand; UASC; Yang Ming; ZIM",17,14,22876.3333333333,3255.66666666667,5500,9962,1,1.5,2,"{2,1}"
2016-03-27,BRSSZ,Santos,BRSSA,Salvador,1,1,"MSC; ZIM",2,8,6467.375,445,4549,6750,3,3,3,{3}
2016-03-27,BRSSZ,Santos,ESALG,Algeciras,1,1,"Alianca; COSCO; Hamburg Sud; Hanjin Shipping; Maersk Line; MSC; Safmarine; Seago Line",8,8,8368.75,1700,7450,8500,14,14,14,{14}
2016-03-27,BRSSZ,Santos,ESLPA,"Las Palmas, Can Is",1,1,"Maersk Line; MSC; Safmarine",3,6,8994.66666666667,500,8762,9403,10,10,10,{10}
2016-03-27,BRSSZ,Santos,MAPTM,Tanger,1,1,"Alianca; CMA CGM; Hamburg Sud; Hapag-Lloyd; Maersk Line; MSC; Safmarine; UASC",8,8,9669,1600,9669,9669,12,12,12,{12}
2016-03-27,BRSSZ,Santos,MYPKG,"Port Klang",1,1,"Alianca; CMA CGM; CSCL; Hamburg Sud; Hapag-Lloyd; Hyundai; NYK; UASC",8,12,9466.25,1150,8386,10500,20,20,20,{20}
2016-03-27,BRSSZ,Santos,SGSIN,Singapore,1,1,"COSCO; Evergreen Line; Hanjin Shipping; K Line; PIL; Yang Ming; ZIM",7,12,6500.41666666667,782.166666666667,8120,9443,22,22,22,{22}
2016-03-27,BRSSZ,Santos,ZAZBA,"Ngqura (Coega)",1,1,"Maersk Line; MCC; MOL; MSC; Safmarine",5,12,8284.5,994.25,7450,9400,11,11,11,{11}
2016-03-27,BRSUA,Suape,BRRIO,"Rio de Janeiro",1,1,"Alianca; ANL; CMA CGM; Hamburg Sud; Hapag-Lloyd; Maersk Line; MSC; Niver Lines; Safmarine; UASC; ZIM",11,8,5638.75,791.25,5550,5905,4,4,4,{4}
2016-03-27,BRSUA,Suape,BRSSZ,Santos,2,2,"Alianca; Hamburg Sud; Hapag-Lloyd; Maersk Line; MSC; NYK; SeaLand; ZIM",8,15,11517.1428571429,1837.57142857143,5500,6750,3,4,5,"{3,5}"
2016-03-27,BRSUA,Suape,BSFPO,Freeport,1,1,"MSC; ZIM",2,8,6467.375,445,4549,6750,9,9,9,{9}
2016-03-27,BRSUA,Suape,MAPTM,Tanger,1,1,"Alianca; ANL; CMA CGM; Hamburg Sud; Hapag-Lloyd; Maersk Line; MSC; Niver Lines; Safmarine; UASC; ZIM",11,8,5638.75,791.25,5550,5905,8,8,8,{8}
2016-03-27,BRVDC,"Vila do Conde (near Belem)",BRFOR,Fortaleza,1,1,"ANL; CMA CGM; Marfret; OPDR",4,6,1999.16666666667,163.333333333333,1678,2339,2,2,2,{2}
2016-03-27,BRVDC,"Vila do Conde (near Belem)",PAMIT,Manzanillo,1,1,MOL,1,2,3338,450,1608,1730,9,9,9,{9}
2016-03-27,BRVIX,Vitoria,BRNVT,Navegantes,1,1,"Alianca; ANL; CMA CGM; Hamburg Sud; Maersk Line; MOL; SeaLand",7,7,2490.14285714286,406,2690,3108,4,4,4,{4}
2016-03-27,BSFPO,Freeport,CAMTR,Montreal,1,1,MSC,1,5,2522.57142857143,205.542857142857,2394,3424,8,8,8,{8}
2016-03-27,BSFPO,Freeport,DOCAU,Caucedo,2,2,"MSC; ZIM",2,13,8989.94642857143,650.542857142857,2394,6750,3,3,3,"{3,3}"
2016-03-27,BSFPO,Freeport,HNPCR,"Puerto Cortes",1,1,"Great White Fleet; MSC",2,5,2548.8,568,2520,2556,3,3,3,{3}
2016-03-27,BSFPO,Freeport,JMKIN,Kingston,1,1,"CMA CGM; Maersk Line; MSC; Safmarine; SeaLand",5,7,4625.57142857143,608.571428571429,3922,4931,3,3,3,{3}
2016-03-27,BSFPO,Freeport,MXVER,Veracruz,1,1,"Maersk Line; MSC; Safmarine; SeaLand",4,7,6072.57142857143,573.571428571429,6418,7403,2,2,2,{2}
2016-03-27,BSFPO,Freeport,PABLB,Balboa,1,1,"Hapag-Lloyd; Maersk Line; MSC",3,7,4471.42857142857,1164.28571428571,4112,5301,5,5,5,{5}
2016-03-27,BSFPO,Freeport,PACTB,Cristobal,1,1,"MSC; WEC Lines",2,1,3542.85714285714,242.857142857143,2480,2480,4,4,4,{4}
2016-03-27,BSFPO,Freeport,PTSIE,Sines,1,1,"Maersk Line; MSC; Safmarine; SeaLand",4,7,6613.71428571429,524.857142857143,6402,6750,9,9,9,{9}
2016-03-27,BSFPO,Freeport,RUVYP,Vostochniy,1,1,"Maersk Line; MCC; MSC; Safmarine",4,10,4409.4,325.4,4082,5060,25,25,25,{25}
2016-03-27,BSFPO,Freeport,SAKAC,"King Abdullah City",1,1,MSC,1,10,8282.7,595,8034,9200,20,20,20,{20}
2016-03-27,BSFPO,Freeport,USNYC,"New York NY/NJ",1,1,"Maersk Line; MCC; MSC; Safmarine",4,12,6973.75,628.833333333333,8272,8466,3,3,3,{3}
2016-03-27,BSFPO,Freeport,USPEF,"Port Everglades FL",2,2,"Maersk Line; MSC; Safmarine; SeaLand; ZIM",5,15,13081.0892857143,969.857142857143,4549,6750,1,1,1,"{1,1}"
2016-03-27,BSFPO,Freeport,USPHL,"Philadelphia PA",1,1,"CMA CGM; Maersk Line; MSC; Safmarine; SeaLand",5,7,4625.57142857143,608.571428571429,3922,4931,2,2,2,{2}
2016-03-27,BSFPO,Freeport,USSAV,"Savannah GA",1,1,"Maersk Line; MSC; Safmarine; SeaLand",4,7,6072.57142857143,573.571428571429,6418,7403,3,3,3,{3}
2016-03-27,BSFPO,Freeport,ZAPLZ,"Port Elizabeth",1,1,"Maersk Line; MSC; Safmarine",3,8,2388.75,183.625,1798,3398,19,19,19,{19}
2016-03-27,BZBGK,"Big Creek",PAMIT,Manzanillo,1,1,"Maersk Line; Safmarine; Seago Line",3,6,2545.33333333333,600,2530,2556,3,3,3,{3}
2016-03-27,BZBZE,"Belize City",HNRTB,Roatan,1,1,"Hyde Shipping Corp.; Seaboard Marine; SeaFreight Line",3,1,340,40,340,340,0,0,0,{0}
2016-03-27,BZBZE,"Belize City",JMKIN,Kingston,1,1,"Caribbean Feeder; Hapag-Lloyd; ZIM",3,3,699.333333333333,120,698,702,2,2,2,{2}
2016-03-27,CAHAL,Halifax,CUMAR,Mariel,1,1,"Melfi Marine",1,4,2604.64285714286,442.5,1678,2080,3,3,3,{3}
2016-03-27,CAHAL,Halifax,DEBRV,Bremerhaven,1,1,"CMA CGM; Maersk Line; Safmarine",3,4,2951.5,387.5,2902,3100,8,8,8,{8}
2016-03-27,CAHAL,Halifax,GBSOU,Southampton,1,1,"ACL-Atlantic Container Line; APL; Hapag-Lloyd; Hyundai; NYK; OOCL",6,15,4881.93333333333,384,4612,5041,7,7,7,{7}
2016-03-27,CAHAL,Halifax,ITCAG,Cagliari,1,1,"APL; Hapag-Lloyd; Hyundai; Maersk Line; MOL; NYK; OOCL; ZIM",8,11,6556.36363636364,601.181818181818,5250,8749,9,9,9,{9}
2016-03-27,CAHAL,Halifax,JMKIN,Kingston,1,1,ZIM,1,12,4999.91666666667,456.25,4814,5117,6,6,6,{6}
2016-03-27,CAHAL,Halifax,USNYC,"New York NY/NJ",4,4,"ACL-Atlantic Container Line; Alianca; ANL; APL; CMA CGM; COSCO; CSCL; Hamburg Sud; Hapag-Lloyd; Hyundai; Maersk Line; MOL; NYK; OOCL; PIL; UASC; USL-US Lines; ZIM",18,51,24245.0985569986,2061.84848484848,4250,9572,1,1.5,3,"{1,1,3,2}"
2016-03-27,CAHAL,Halifax,USPWM,"Portland, ME",1,1,"Eimskip; Royal Arctic Line",2,3,1219.42857142857,208,698,724,1,1,1,{1}
2016-03-27,CAMTR,Montreal,BEANR,Antwerp,1,1,"Hapag-Lloyd; MSC; OOCL",3,4,3574,261.5,2808,4340,8,8,8,{8}
2016-03-27,CAMTR,Montreal,CAHAL,Halifax,1,1,"CMA CGM; Maersk Line; Safmarine",3,4,2951.5,387.5,2902,3100,3,3,3,{3}
2016-03-27,CAMTR,Montreal,CASJB,"Saint John, New Brunswick",1,1,MSC,1,5,2522.57142857143,205.542857142857,2394,3424,6,6,6,{6}
2016-03-27,CAMTR,Montreal,GBSOU,Southampton,1,1,"Hapag-Lloyd; OOCL",2,4,4312.25,400,4043,4402,10,10,10,{10}
2016-03-27,CAMTR,Montreal,ITGIT,"Gioia Tauro",1,1,MSC,1,4,4056,152,4056,4056,12,12,12,{12}
2016-03-27,CAMTR,Montreal,PTLIS,Lisbon,1,1,Hapag-Lloyd,1,5,2545,219.2,2300,2808,9,9,9,{9}
2016-03-27,CAMTR,Montreal,PTSIE,Sines,1,1,"MSC; WEC Lines",2,4,2387,344.25,2058,2732,10,10,10,{10}
2016-03-27,CANWP,Argentia,CAHAL,Halifax,1,1,"Eimskip; Royal Arctic Line",2,3,1219.42857142857,208,698,724,2,2,2,{2}
2016-03-27,CANWP,Argentia,ISREY,Reykjavik,1,1,"Eimskip; Royal Arctic Line",2,3,1219.42857142857,208,698,724,8,8,8,{8}
2016-03-27,CAPRR,"Prince Rupert BC",CAVAN,"Vancouver BC",1,1,"COSCO; Hanjin Shipping; K Line; Yang Ming",4,6,5400.33333333333,325.333333333333,5250,5576,4,4,4,{4}
2016-03-27,CAPRR,"Prince Rupert BC",USLGB,"Long Beach CA",2,2,"CMA CGM; COSCO; CSCL; Evergreen Line; Hanjin Shipping; K Line; Maersk Line; MCC; MSC; Safmarine; Wan Hai; Yang Ming",12,23,17538.9607843137,1221.37254901961,8183,10020,3,3.5,4,"{4,3}"
2016-03-27,CAPRR,"Prince Rupert BC",USSEA,"Seattle WA",1,1,"COSCO; Hanjin Shipping; Yang Ming",3,6,5066.5,475,4532,5744,2,2,2,{2}
2016-03-27,CASJB,"Saint John, New Brunswick",BSFPO,Freeport,1,1,MSC,1,5,2522.57142857143,205.542857142857,2394,3424,3,3,3,{3}
2016-03-27,CASJB,"Saint John, New Brunswick",USPAB,"Palm Beach FL",1,1,"Tropical Shipping",1,2,1089.5,226,1061,1118,4,4,4,{4}
2016-03-27,CAVAN,"Vancouver BC",CNNGB,Ningbo,2,2,"Alianca; ANL; CMA CGM; COSCO; CSCL; Hamburg Sud; Hanjin Shipping; K Line; PIL; UASC; USL-US Lines; Yang Ming",12,24,13956.2777777778,1022,5250,9572,17,18,19,"{19,17}"
2016-03-27,CAVAN,"Vancouver BC",JPTYO,Tokyo,3,3,"COSCO; Evergreen Line; Hanjin Shipping; K Line; MOL; Yang Ming",6,18,16936.1666666667,1712.5,4532,7024,10,11,12,"{12,11,10}"
2016-03-27,CAVAN,"Vancouver BC",JPYOK,Yokohama,1,1,"Alianca; APL; Hamburg Sud; Hapag-Lloyd; Hyundai; MOL; NYK; OOCL; ZIM",9,6,8823.5,500,8562,10055,11,11,11,{11}
2016-03-27,CAVAN,"Vancouver BC",KRPUS,Busan,1,1,"COSCO; Hanjin Shipping; K Line; Yang Ming",4,5,5808,470,5500,6258,13,13,13,{13}
2016-03-27,CAVAN,"Vancouver BC",USOAK,"Oakland CA",2,2,"ACL-Atlantic Container Line; Alianca; APL; Hamburg Sud; Hapag-Lloyd; Hyundai; NYK; OOCL; ZIM",9,26,9290.20606060606,777.636363636364,4250,5041,2,4,6,"{2,6}"
2016-03-27,CAVAN,"Vancouver BC",USSEA,"Seattle WA",2,2,"Maersk Line; MCC; MSC; Safmarine",4,16,10177.3,1136.16666666667,4154,6350,1,1,1,"{1,1}"
2016-03-27,CAVAN,"Vancouver BC",USTIW,"Tacoma WA",4,4,"Alianca; ANL; APL; CMA CGM; Hamburg Sud; Hapag-Lloyd; Hyundai; MOL; NYK; OOCL; USL-US Lines; Westwood; ZIM",13,21,27873.3095238095,3316.09523809524,2169,10070,0,1,2,"{1,2,1,0}"
2016-03-27,CGPNR,"Pointe Noire",AOLAD,Luanda,1,1,"ANL; CMA CGM; Maersk Line; MCC; NileDutch; PIL; Safmarine",7,13,5226.46153846154,374.461538461538,4367,9300,2,2,2,{2}
2016-03-27,CGPNR,"Pointe Noire",BRNVT,Navegantes,1,1,"Alianca; CMA CGM; Hamburg Sud; Hapag-Lloyd; Maersk Line; NileDutch",6,6,3386.83333333333,473.166666666667,3091,3820,13,13,13,{13}
2016-03-27,CGPNR,"Pointe Noire",CIABJ,Abidjan,1,1,"ANL; CMA CGM; NileDutch",3,7,2993.85714285714,558.714285714286,2478,3400,1,1,1,{1}
2016-03-27,CGPNR,"Pointe Noire",LKCMB,Colombo,1,1,"ANL; CMA CGM; Maersk Line; MCC; Safmarine",5,13,2792.23076923077,246.769230769231,3534,4308,22,22,22,{22}
2016-03-27,CGPNR,"Pointe Noire",NGAPP,Apapa,1,1,"DAL-Deutsche Afrika Linien; Maersk Line; Safmarine; UAFL-United Africa Feeder Line",4,10,3401.4,553.6,2824,3534,3,3,3,{3}
2016-03-27,CGPNR,"Pointe Noire",NGONN,Onne,1,1,"Maersk Line; Safmarine",2,7,2262.85714285714,294.571428571429,1597,2500,4,4,4,{4}
2016-03-27,CGPNR,"Pointe Noire",NGTIN,"Lagos, Tin Can",1,1,"ANL; CMA CGM; PIL",3,11,2973.45454545455,412.454545454545,3091,3889,2,2,2,{2}
2016-03-27,CIABJ,Abidjan,AOLAD,Luanda,1,1,"ANL; CMA CGM; NileDutch",3,7,2993.85714285714,558.714285714286,2478,3400,1,1,1,{1}
2016-03-27,CIABJ,Abidjan,CGPNR,"Pointe Noire",1,1,"ANL; CMA CGM; Maersk Line; MCC; Safmarine",5,13,2792.23076923077,246.769230769231,3534,4308,4,4,4,{4}
2016-03-27,CIABJ,Abidjan,CISPY,"San Pedro, Ivory Coast",1,1,MSC,1,8,3053,129.125,2668,3424,3,3,3,{3}
2016-03-27,CIABJ,Abidjan,ESVLC,Valencia,1,1,"Arkas Line; CMA CGM; Hapag-Lloyd; Maersk Line; Marguisa; UASC; ZIM",7,6,2551,365,2452,2764,11,11,11,{11}
2016-03-27,CIABJ,Abidjan,ITSPE,"La Spezia",1,1,"COSCO; Messina",2,2,5634.28571428571,914.285714285714,2452,2478,12,12,12,{12}
2016-03-27,CIABJ,Abidjan,LKCMB,Colombo,1,1,"COSCO; CSCL; Gold Star Line; PIL",4,12,3644.75,316.5,4250,4957,22,22,22,{22}
2016-03-27,CIABJ,Abidjan,MAPTM,Tanger,3,3,"ANL; Arkas Line; CMA CGM; Hapag-Lloyd; Maersk Line; NileDutch; Safmarine",7,18,8132.65714285714,1268.71428571429,1740,3586,7,7,8,"{7,7,8}"
2016-03-27,CIABJ,Abidjan,MYTPP,"Tanjung Pelepas",1,1,"ANL; CMA CGM; Maersk Line; MCC; Safmarine",5,12,4759.66666666667,443,4496,5466,31,31,31,{31}
2016-03-27,CIABJ,Abidjan,NGAPP,Apapa,1,1,"Maersk Line; Safmarine",2,5,3398.8,410,2890,3586,4,4,4,{4}
2016-03-27,CIABJ,Abidjan,SGSIN,Singapore,1,1,"COSCO; Gold Star Line; Hapag-Lloyd; MOL; ZIM",5,12,3327.5,369.75,2751,4957,27,27,27,{27}
2016-03-27,CIABJ,Abidjan,SNDKR,Dakar,1,1,"CMA CGM; NileDutch; UASC",3,6,3609,550,3430,3856,4,4,4,{4}
2016-03-27,CISPY,"San Pedro, Ivory Coast",ESALG,Algeciras,2,2,"CMA CGM; Maersk Line; Safmarine; UASC",4,15,4667.48214285714,663.821428571429,1597,2526,8,8,8,"{8,8}"
2016-03-27,CISPY,"San Pedro, Ivory Coast",ESLPA,"Las Palmas, Can Is",1,1,MSC,1,8,3053,129.125,2668,3424,9,9,9,{9}
2016-03-27,CLANF,Antofagasta,CLMJS,Mejillones,1,1,"Alianca; CCNI; Hamburg Sud; Hapag-Lloyd",4,5,3708,535.714285714286,1728,1732,1,1,1,{1}
2016-03-27,CLANF,Antofagasta,CLSAI,"San Antonio",1,1,"Alianca; Hamburg Sud; Hapag-Lloyd",3,8,3072.125,341.875,1620,3600,2,2,2,{2}
2016-03-27,CLANF,Antofagasta,CLVAP,Valparaiso,1,1,"Alianca; CCNI; CMA CGM; CSCL; Hamburg Sud; Hapag-Lloyd; Hyundai; MSC",8,10,7301.2,1540,7090,9000,2,2,2,{2}
2016-03-27,CLARI,Arica,CLANF,Antofagasta,1,1,"Alianca; Hamburg Sud; Hapag-Lloyd",3,8,3072.125,341.875,1620,3600,2,2,2,{2}
2016-03-27,CLARI,Arica,CLCNL,Coronel,1,1,"CMA CGM; Maersk Line; MSC; Safmarine; SeaLand",5,7,4625.57142857143,608.571428571429,3922,4931,3,3,3,{3}
2016-03-27,CLARI,Arica,CLSAI,"San Antonio",1,1,"CMA CGM",1,4,1238,401.5,1180,1296,3,3,3,{3}
2016-03-27,CLARI,Arica,PECLL,Callao,1,1,"Maersk Line; SeaLand",2,3,2525.33333333333,440.333333333333,2450,2602,3,3,3,{3}
2016-03-27,CLCNL,Coronel,CLLQN,Lirquen,1,1,"Alianca; ANL; CCNI; CMA CGM; CSCL; Hamburg Sud; Hapag-Lloyd; Hyundai; MSC",9,12,8437,440.75,8772,10055,0,0,0,{0}
2016-03-27,CLCNL,Coronel,CLSAI,"San Antonio",1,1,"Hapag-Lloyd; MSC; WEC Lines",3,9,4609.44444444444,686.111111111111,3922,5301,1,1,1,{1}
2016-03-27,CLCNL,Coronel,CLVAP,Valparaiso,1,1,"CMA CGM; Maersk Line; MSC; Safmarine; SeaLand",5,7,4625.57142857143,608.571428571429,3922,4931,1,1,1,{1}
2016-03-27,CLIQQ,Iquique,CLANF,Antofagasta,1,1,"Alianca; CCNI; Hamburg Sud; Hapag-Lloyd",4,5,3708,535.714285714286,1728,1732,1,1,1,{1}
2016-03-27,CLIQQ,Iquique,CLARI,Arica,1,1,"Maersk Line; SeaLand",2,3,2525.33333333333,440.333333333333,2450,2602,0,0,0,{0}
2016-03-27,CLIQQ,Iquique,CLMJS,Mejillones,1,1,"Alianca; CCNI; CMA CGM; CSCL; Hamburg Sud; Hapag-Lloyd; Hyundai; MSC",8,10,7301.2,1540,7090,9000,1,1,1,{1}
2016-03-27,CLIQQ,Iquique,CLSAI,"San Antonio",2,2,"COSCO; Evergreen Line; PIL; Wan Hai; Yang Ming",5,14,5810.35,787.95,1296,6500,1,2.5,4,"{1,4}"
2016-03-27,CLIQQ,Iquique,CLVAP,Valparaiso,1,1,"APL; Hanjin Shipping; Hapag-Lloyd; K Line; MOL; NYK",6,11,5140.90909090909,423.636363636364,6200,6350,1,1,1,{1}
2016-03-27,CLLQN,Lirquen,CLMJS,Mejillones,1,1,"Alianca; ANL; CCNI; CMA CGM; CSCL; Hamburg Sud; Hapag-Lloyd; Hyundai; MSC",9,12,8437,440.75,8772,10055,3,3,3,{3}
2016-03-27,CLLQN,Lirquen,PECLL,Callao,1,1,"APL; Hanjin Shipping; Hapag-Lloyd; K Line; MOL; NYK",6,11,5140.90909090909,423.636363636364,6200,6350,7,7,7,{7}
2016-03-27,CLMJS,Mejillones,CLANF,Antofagasta,1,1,"Alianca; CCNI; CMA CGM; CSCL; Hamburg Sud; Hapag-Lloyd; Hyundai; MSC",8,10,7301.2,1540,7090,9000,0,0,0,{0}
2016-03-27,CLMJS,Mejillones,CLCNL,Coronel,1,1,"Hapag-Lloyd; MSC; WEC Lines",3,9,4609.44444444444,686.111111111111,3922,5301,2,2,2,{2}
2016-03-27,CLMJS,Mejillones,PECLL,Callao,2,2,"Alianca; ANL; CCNI; CMA CGM; CSCL; Hamburg Sud; Hapag-Lloyd; Hyundai; MSC",9,17,12145,976.464285714286,1728,10055,3,5.5,8,"{3,8}"
2016-03-27,CLSAI,"San Antonio",CLCNL,Coronel,1,1,"Alianca; ANL; CCNI; CMA CGM; CSCL; Hamburg Sud; Hapag-Lloyd; Hyundai; MSC",9,12,8437,440.75,8772,10055,0,0,0,{0}
2016-03-27,CLSAI,"San Antonio",CLSVE,"San Vicente",4,4,"Alianca; ANL; APL; CCNI; CMA CGM; Evergreen Line; Hamburg Sud; Hapag-Lloyd; Maersk Line; MCC; Safmarine; SeaLand",12,39,17720.4226190476,1986.625,1296,9640,0,1,1,"{1,0,1,1}"
2016-03-27,CLSAI,"San Antonio",COBUN,Buenaventura,1,1,"ANL; APL; CMA CGM; Maersk Line; MCC; Safmarine; SeaLand",7,21,8977.71428571429,702,6802,9640,6,6,6,{6}
2016-03-27,CLSAI,"San Antonio",PABLB,Balboa,1,1,"Hapag-Lloyd; MSC; WEC Lines",3,9,4609.44444444444,686.111111111111,3922,5301,8,8,8,{8}
2016-03-27,CLSAI,"San Antonio",PECLL,Callao,3,3,"Alianca; CMA CGM; COSCO; Evergreen Line; Hamburg Sud; Hapag-Lloyd; PIL; Wan Hai; Yang Ming",9,22,8749.725,1174.575,1180,6500,5,5,5,"{5,5,5}"
2016-03-27,CLSAI,"San Antonio",PEILQ,Ilo,1,1,"Alianca; CCNI; Hamburg Sud; Hapag-Lloyd",4,5,3708,535.714285714286,1728,1732,6,6,6,{6}
2016-03-27,CLSVE,"San Vicente",ARPMY,"Puerto Madryn",1,1,"Alianca; Hamburg Sud; Hapag-Lloyd",3,8,3072.125,341.875,1620,3600,10,10,10,{10}
2016-03-27,CLSVE,"San Vicente",CLSAI,"San Antonio",1,1,"ANL; APL; CMA CGM; Maersk Line; MCC; Safmarine; SeaLand",7,21,8977.71428571429,702,6802,9640,1,1,1,{1}
2016-03-27,CLSVE,"San Vicente",PECLL,Callao,2,2,"Alianca; CCNI; Evergreen Line; Hamburg Sud; Hapag-Lloyd",5,10,5670.58333333333,942.75,1296,4600,4,5,6,"{6,4}"
2016-03-27,CLVAP,Valparaiso,CLLQN,Lirquen,1,1,"APL; Hanjin Shipping; Hapag-Lloyd; K Line; MOL; NYK",6,11,5140.90909090909,423.636363636364,6200,6350,0,0,0,{0}
2016-03-27,CLVAP,Valparaiso,PECLL,Callao,2,2,"Alianca; ANL; CMA CGM; Hamburg Sud; Hapag-Lloyd; Maersk Line; MSC; Safmarine; SeaLand",9,15,8710.94642857143,1521.82142857143,3752,4931,3,3.5,4,"{4,3}"
2016-03-27,CLVAP,Valparaiso,TWKEL,Keelung,1,1,"Alianca; CCNI; CMA CGM; CSCL; Hamburg Sud; Hapag-Lloyd; Hyundai; MSC",8,10,7301.2,1540,7090,9000,26,26,26,{26}
2016-03-27,CMDLA,Douala,CIABJ,Abidjan,2,2,"ANL; CMA CGM; Maersk Line; MCC; Safmarine",5,18,6191.03076923077,656.769230769231,2890,4308,4,6,8,"{8,4}"
2016-03-27,CMDLA,Douala,TGLFW,Lome,1,1,"CMA CGM; UASC",2,8,2404.625,369.25,2061,2526,2,2,2,{2}
2016-03-27,CNCWN,Chiwan,CNNGB,Ningbo,2,2,"ANL; APL; CMA CGM; Maersk Line; MCC; MSC; Safmarine; SeaLand",8,36,18454.1142857143,1488.4,6802,11660,2,2,2,"{2,2}"
2016-03-27,CNCWN,Chiwan,CNNSA,Nansha,4,4,"ANL; APL; CMA CGM; Emirates Shipping; Gold Star Line; Maersk Line; MCC; MSC; NileDutch; OOCL; PIL; RCL; Safmarine; Seago Line; ZIM",15,48,26821.0570135747,1943.58371040724,3534,18270,1,1,1,"{1,1,1,1}"
2016-03-27,CNCWN,Chiwan,CNSHA,Shanghai,4,4,"Alianca; ANL; APL; CMA CGM; CSCL; Evergreen Line; FESCO; Hamburg Sud; Hanjin Shipping; Hapag-Lloyd; K Line; KMTC; MOL; OOCL; PIL; UASC; USL-US Lines; X-Press; Yang Ming",19,38,30341.4675324675,2083.17882117882,3600,14500,3,4.5,6,"{6,6,3,3}"
2016-03-27,CNCWN,Chiwan,CNXMN,Xiamen,3,3,"ANL; CMA CGM; CNC Line-Cheng Lie Navigation Co. Ltd.; FESCO; Heung-A; Hyundai; Maersk Line; MCC; MSC; Safmarine",10,16,17980.8787878788,1280.21212121212,1103,14000,0,1,1,"{1,1,0}"
2016-03-27,CNCWN,Chiwan,CNYTN,Yantian,5,5,"APL; Hapag-Lloyd; Hyundai; Maersk Line; MCC; MOL; MSC; NYK; OOCL; Safmarine; WEC Lines",11,53,50171.2954545455,3610.96212121212,6350,14000,0,1,2,"{2,0,1,1,1}"
2016-03-27,CNCWN,Chiwan,HKHKG,"Hong Kong",6,6,"Alianca; ANL; APL; CCNI; CMA CGM; CNC Line-Cheng Lie Navigation Co. Ltd.; CSCL; Hamburg Sud; Hanjin Shipping; Hapag-Lloyd; Hyundai; K Line; Maersk Line; MCC; MOL; MSC; NYK; Safmarine",18,56,32429.4607843137,2773.28921568627,2468,10055,0,1,1,"{1,1,1,0,0,1}"
2016-03-27,CNCWN,Chiwan,KRPUS,Busan,2,2,"Hapag-Lloyd; Heung-A; Maersk Line; MCC; MSC; Safmarine",6,12,14245,1050,650,14000,2,2.5,3,"{2,3}"
2016-03-27,CNCWN,Chiwan,MYPKG,"Port Klang",2,2,"ANL; APL; CMA CGM; COSCO; CSCL; MOL; PIL; UASC; USL-US Lines; Wan Hai; Yang Ming",11,14,10999.4545454545,1367.27272727273,4250,10622,4,4.5,5,"{4,5}"
2016-03-27,CNCWN,Chiwan,MYTPP,"Tanjung Pelepas",2,2,"ANL; APL; CMA CGM; COSCO; CSCL; Evergreen Line; Maersk Line; MCC; Safmarine; SeaLand; UASC",11,31,14739.8142857143,1290,5618,9640,3,3.5,4,"{4,3}"
2016-03-27,CNCWN,Chiwan,SGSIN,Singapore,10,10,"Alianca; APL; CMA CGM; CSCL; Emirates Shipping; Hamburg Sud; Hanjin Shipping; Hapag-Lloyd; Hyundai; KMTC; Maersk Line; MCC; MOL; MSC; NYK; OOCL; PIL; RCL; Safmarine; UASC",20,89,81455.7181818182,5515.41731601732,4832,14000,3,4,4,"{4,3,4,3,4,4,3,4,4,3}"
2016-03-27,CNCWN,Chiwan,THLCH,"Laem Chabang",1,1,"APL; K Line; MCC; NYK; Yang Ming",5,3,2504.66666666667,516.666666666667,2468,2572,5,5,5,{5}
2016-03-27,CNCWN,Chiwan,TWKHH,Kaohsiung,2,2,"ANL; APL; CMA CGM; CSCL; OOCL; PDL-Pacific Direct Line; PIL; USL-US Lines",8,9,6101.85714285714,588.428571428571,1530,4578,2,2.5,3,"{3,2}"
2016-03-27,CNCWN,Chiwan,VNTCT,"Cai Mep",1,1,"ANL; CMA CGM; COSCO; CSCL; UASC; USL-US Lines",6,11,8269.45454545455,590.909090909091,9415,11388,2,2,2,{2}
2016-03-27,CNDCB,"Da Chan Bay",CNSHA,Shanghai,1,1,"Gold Star Line; KMTC; TS Lines; ZIM",4,3,1710,241.333333333333,1708,1714,2,2,2,{2}
2016-03-27,CNDCB,"Da Chan Bay",CNXMN,Xiamen,1,1,"APL; Hanjin Shipping; Hapag-Lloyd; K Line; MOL; NYK",6,11,5140.90909090909,423.636363636364,6200,6350,1,1,1,{1}
2016-03-27,CNDCB,"Da Chan Bay",CNYTN,Yantian,1,1,"Hanjin Shipping; OOCL; ZIM",3,11,4558.45454545455,481.454545454545,4130,8440,1,1,1,{1}
2016-03-27,CNDCB,"Da Chan Bay",HKHKG,"Hong Kong",4,4,"APL; Gold Star Line; Hapag-Lloyd; Hyundai; MOL; NYK; OOCL; ZIM",8,15,18676.4761904762,1737.80952380952,706,10070,0,0,1,"{0,0,0,1}"
2016-03-27,CNDCB,"Da Chan Bay",ILASH,Ashdod,1,1,"Gold Star Line; OOCL; ZIM",3,10,3825.9,346,4250,4253,17,17,17,{17}
2016-03-27,CNDCB,"Da Chan Bay",KRPUS,Busan,1,1,"Gold Star Line; OOCL; ZIM",3,10,3825.9,346,4250,4253,3,3,3,{3}
2016-03-27,CNDCB,"Da Chan Bay",MYPKG,"Port Klang",1,1,"Gold Star Line; ZIM",2,9,3879.33333333333,331.333333333333,4250,4644,6,6,6,{6}
2016-03-27,CNDLC,Dalian,CNSHP,Qinhuangdao,1,1,"K Line; SITC Shipping",2,3,1080,101.666666666667,1040,1100,2,2,2,{2}
2016-03-27,CNDLC,Dalian,CNTAO,Qingdao,9,9,"ANL; APL; CMA CGM; CNC Line-Cheng Lie Navigation Co. Ltd.; COSCO; CSCL; Dong Young; Emirates Shipping; Evergreen Line; Gold Star Line; Hanjin Shipping; Kambara Kisen Co., Ltd.; K Line; Maersk Line; MCC; Namsung; OOCL; RCL; Safmarine; TS Lines; Yang Ming; ZIM",22,42,36297.445021645,3681.83982683983,907,14074,1,1,2,"{1,1,2,1,1,1,1,1,1}"
2016-03-27,CNDLC,Dalian,CNTXG,Xingang/Tianjin,9,9,"ANL; APL; CMA CGM; CNC Line-Cheng Lie Navigation Co. Ltd.; COSCO; CSCL; Hanjin Shipping; K Line; Maersk Line; MCC; MOL; MSC; NYK; OOCL; PIL; Safmarine; SITC Shipping; UASC; USL-US Lines; Wan Hai; WEC Lines; Yang Ming",22,64,38104.0688311688,3465.43939393939,1040,13800,0,1,3,"{1,3,1,2,1,1,0,1,1}"
2016-03-27,CNDLC,Dalian,JPMOJ,Moji,1,1,"COSCO; Puhai Shipping; Sinotrans; SITC Shipping",4,2,878.5,100,850,907,2,2,2,{2}
2016-03-27,CNDLC,Dalian,JPNGO,Nagoya,1,1,"SITC Shipping",1,2,1110,200,1102,1118,3,3,3,{3}
2016-03-27,CNDLC,Dalian,JPOSA,Osaka,3,3,"COSCO; Goto Shipping; Sinotrans; SITC Shipping",4,9,3884.08333333333,549.166666666667,907,1740,2,2,3,"{2,2,3}"
2016-03-27,CNDLC,Dalian,KRICH,Inchon,1,1,MCC,1,1,5180,1250,1036,1036,1,1,1,{1}
2016-03-27,CNDLC,Dalian,KRPUS,Busan,7,7,"ANL; CMA CGM; COSCO; CSCL; Doowoo Shipping; Evergreen Line; FESCO; Hanjin Shipping; Hapag-Lloyd; Maersk Line; MCC; MSC; NYK; OOCL; OPDR; Safmarine; Seago Line; UASC; USL-US Lines; X-Press; Yang Ming",21,36,50746.4440559441,3430.09090909091,700,19272,1,2,3,"{2,2,2,1,3,1,2}"
2016-03-27,CNFAN,Fangcheng,CNDCB,"Da Chan Bay",1,1,OOCL,1,1,1496,276,1496,1496,1,1,1,{1}
2016-03-27,CNFOC,Fuzhou,CNNSA,Nansha,1,1,"ANL; CMA CGM; Maersk Line; MCC; Safmarine",5,12,4759.66666666667,443,4496,5466,2,2,2,{2}
2016-03-27,CNFOC,Fuzhou,CNSWA,Shantou,2,2,"ANL; CMA CGM; CNC Line-Cheng Lie Navigation Co. Ltd.; MSC",4,6,5100.5,889,2072,3426,2,2.5,3,"{2,3}"
2016-03-27,CNFQG,Fuqing,CNXMN,Xiamen,1,1,"Alianca; ANL; CMA CGM; CSCL; Hamburg Sud; Hanjin Shipping; UASC; USL-US Lines",8,7,10624.4285714286,757.142857142857,10960,17859,1,1,1,{1}
2016-03-27,CNFQG,Fuqing,HKHKG,"Hong Kong",1,1,"COSCO; Evergreen Line; Yang Ming",3,5,4500.8,390,4250,5089,1,1,1,{1}
2016-03-27,CNFQG,Fuqing,KRICH,Inchon,1,1,"ANL; CK Line; CMA CGM; CNC Line-Cheng Lie Navigation Co. Ltd.; KMTC",5,2,1054,80,1048,1060,3,3,3,{3}
2016-03-27,CNGON,Gaolan,HKHKG,"Hong Kong",1,1,"Wan Hai",1,3,1469.33333333333,133.333333333333,1040,1858,0,0,0,{0}
2016-03-27,CNHUA,"Huangpu (Guangzhou)",CNCWN,Chiwan,1,1,Heung-A,1,2,1103,,1103,1103,0,0,0,{0}
2016-03-27,CNHUA,"Huangpu (Guangzhou)",CNSHK,Shekou,1,1,"KMTC; TS Lines",2,2,1025,52,1000,1050,1,1,1,{1}
2016-03-27,CNHUA,"Huangpu (Guangzhou)",CNYTN,Yantian,1,1,PIL,1,7,1820.57142857143,230.857142857143,1800,2135,0,0,0,{0}
2016-03-27,CNLYG,Lianyungang,CNSHA,Shanghai,2,2,"Alianca; ANL; CMA CGM; CSCL; Hamburg Sud; OOCL; UASC; USL-US Lines; Yang Ming",9,10,11917.5,635.5,2546,10000,1,2.5,4,"{1,4}"
2016-03-27,CNLYG,Lianyungang,CNTAO,Qingdao,7,7,"ANL; APL; CMA CGM; CNC Line-Cheng Lie Navigation Co. Ltd.; COSCO; CSCL; Easline Shipping; Emirates Shipping; Hapag-Lloyd; Heung-A; KMTC; MOL; Namsung; OOCL; PanAsia; Puhai Shipping; Sinotrans; SITC Shipping; TaiYoung Shipping; Yang Ming",20,19,16983.1714285714,1176,831,9200,1,1,2,"{1,2,1,1,1,1,1}"
2016-03-27,CNLYG,Lianyungang,HKHKG,"Hong Kong",1,1,"ANL; CMA CGM; CNC Line-Cheng Lie Navigation Co. Ltd.; TS Lines",4,3,2812.66666666667,577.333333333333,2742,2872,5,5,5,{5}
2016-03-27,CNNGB,Ningbo,AUBNE,Brisbane,1,1,"Alianca; APL; Hamburg Sud; Hapag-Lloyd; Hyundai; Maersk Line; MCC; MSC; Safmarine",9,12,4577.66666666667,588.833333333333,4045,5400,11,11,11,{11}
2016-03-27,CNNGB,Ningbo,AUMEL,Melbourne,1,1,"COSCO; Hanjin Shipping; K Line; MOL; NYK; OOCL; Sinotrans; TS Lines; Yang Ming",9,6,4428.83333333333,377,4228,5014,12,12,12,{12}
2016-03-27,CNNGB,Ningbo,CNCWN,Chiwan,11,11,"Alianca; ANL; APL; CMA CGM; COSCO; CSCL; Emirates Shipping; Hamburg Sud; Hanjin Shipping; Hapag-Lloyd; Hyundai; KMTC; Maersk Line; MCC; MOL; MSC; NYK; OOCL; PDL-Pacific Direct Line; PIL; RCL; Safmarine; UASC; USL-US Lines; Yang Ming",25,108,77638.5853146853,6656.76338661339,3534,13092,2,2,3,"{2,2,2,3,3,2,2,2,2,3,3}"
2016-03-27,CNNGB,Ningbo,CNDCB,"Da Chan Bay",1,1,"Gold Star Line; OOCL; ZIM",3,10,3825.9,346,4250,4253,2,2,2,{2}
2016-03-27,CNNGB,Ningbo,CNFOC,Fuzhou,1,1,"ANL; CMA CGM; Maersk Line; MCC; Safmarine",5,12,4759.66666666667,443,4496,5466,2,2,2,{2}
2016-03-27,CNNGB,Ningbo,CNNSA,Nansha,4,4,"ANL; APL; CMA CGM; COSCO; CSCL; Evergreen Line; Maersk Line; MCC; NewPac; PIL; Safmarine",11,26,20220.0119047619,1483.14285714286,1740,6606,3,3,3,"{3,3,3,3}"
2016-03-27,CNNGB,Ningbo,CNSHA,Shanghai,51,50,"Alianca; ANL; APL; Asean Seas Lines; CCNI; CK Line; CMA CGM; CNC Line-Cheng Lie Navigation Co. Ltd.; COSCO; CSCL; Dongjin Shipping; Dong Young; Easline Shipping; Evergreen Line; FESCO; Gold Star Line; Hamburg Sud; Hanjin Shipping; Hapag-Lloyd; Heung-A; Hyundai; Kambara Kisen Co., Ltd.; K Line; KMTC; Maersk Line; Matson; MCC; MOL; MSC; Namsung; NBOSCO; NileDutch; NYK; OOCL; PanCon; PanOcean; PIL; RCL; Safmarine; Seago Line; Sinokor; Sinotrans; SITC Shipping; TaiYoung Shipping; TS Lines; UASC; USL-US Lines; Wan Hai; WEC Lines; X-Press; Yang Ming; ZIM",52,375,245610.56275228,22655.8233540969,698,19272,0,1,3,"{1,1,1,1,3,1,2,1,1,2,1,1,1,1,2,1,2,1,1,0,2,1,1,1,1,1,2,1,1,1,1,3,1,2,1,3,1,1,1,2,1,2,2,2,2,1,3,2,1,1,1}"
2016-03-27,CNNGB,Ningbo,CNSHK,Shekou,7,7,"ANL; APL; CMA CGM; CNC Line-Cheng Lie Navigation Co. Ltd.; COSCO; CSCL; Gold Star Line; Hapag-Lloyd; Heung-A; Hyundai; IAL-Interasia Lines; KMTC; MOL; NYK; OOCL; PIL; Sinokor; TS Lines; UASC; USL-US Lines; Wan Hai; Yang Ming; ZIM",23,45,40210.1666666667,3246.33333333333,1577,14074,1,3,4,"{3,2,4,3,1,2,3}"
2016-03-27,CNNGB,Ningbo,CNTXG,Xingang/Tianjin,1,1,MSC,1,11,5316.81818181818,363.636363636364,6477,9200,0,0,0,{0}
2016-03-27,CNNGB,Ningbo,CNXMN,Xiamen,10,10,"Alianca; ANL; APL; CMA CGM; CNC Line-Cheng Lie Navigation Co. Ltd.; COSCO; CSCL; Emirates Shipping; Evergreen Line; Gold Star Line; Hamburg Sud; Hanjin Shipping; Hapag-Lloyd; K Line; KMTC; Maersk Line; MCC; MSC; OOCL; PIL; RCL; Safmarine; Sinotrans; SITC Shipping; TS Lines; UASC; USL-US Lines; X-Press; Yang Ming; ZIM",30,71,59434.3896825397,4881.4044011544,907,19100,1,2,4,"{2,2,2,2,2,2,2,4,1,2}"
2016-03-27,CNNGB,Ningbo,CNYTN,Yantian,10,10,"Alianca; ANL; CMA CGM; COSCO; CSCL; Evergreen Line; FESCO; Hamburg Sud; Hanjin Shipping; Hapag-Lloyd; Hyundai; K Line; Maersk Line; MCC; MSC; NYK; OOCL; OPDR; PIL; Safmarine; Seago Line; UASC; USL-US Lines; Yang Ming; ZIM",25,111,121998.663752914,9111.33682983683,6200,19224,1,3,4,"{3,2,4,3,3,2,2,3,4,1}"
2016-03-27,CNNGB,Ningbo,HKHKG,"Hong Kong",9,9,"ANL; APL; CMA CGM; COSCO; CSCL; Evergreen Line; Gold Star Line; Hanjin Shipping; Hapag-Lloyd; K Line; KMTC; Maersk Line; MCC; MELL; MOL; MSC; OOCL; PIL; RCL; Safmarine; SCI-Shipping Corp. of India; Simatech; TS Lines; UASC; Wan Hai; Yang Ming; ZIM",27,71,46059.2708333333,4279.26488095238,1300,10114,2,2,3,"{3,3,2,2,3,2,2,2,3}"
2016-03-27,CNNGB,Ningbo,JPHKT,Hakata,1,1,"COSCO; Sinotrans; SITC Shipping",3,4,1060.75,147.5,907,1118,2,2,2,{2}
2016-03-27,CNNGB,Ningbo,JPNGO,Nagoya,1,1,"COSCO; NBOSCO; Puhai Shipping; SITC Shipping",4,2,1100,,1100,1100,3,3,3,{3}
2016-03-27,CNNGB,Ningbo,JPOSA,Osaka,1,1,"COSCO; NBOSCO; Puhai Shipping; SITC Shipping",4,2,1100,,1100,1100,2,2,2,{2}
2016-03-27,CNNGB,Ningbo,JPSMZ,Shimizu,1,1,"Dong Young; Namsung",2,5,985.2,144,953,1043,5,5,5,{5}
2016-03-27,CNNGB,Ningbo,JPTYO,Tokyo,1,1,"COSCO; NBOSCO; Puhai Shipping; Sinotrans; SITC Shipping",5,1,1100,,1100,1100,2,2,2,{2}
2016-03-27,CNNGB,Ningbo,JPUKB,Kobe,1,1,MSC,1,2,3943.5,277.5,3900,3987,3,3,3,{3}
2016-03-27,CNNGB,Ningbo,KRKAN,Gwangyang,2,2,"ANL; APL; CMA CGM; Emirates Shipping; Hapag-Lloyd; Maersk Line; MCC; MOL; OOCL; Safmarine; SeaLand",11,28,16706.2857142857,792,6802,9640,2,2,2,"{2,2}"
2016-03-27,CNNGB,Ningbo,KRPUS,Busan,10,10,"Alianca; ANL; APL; CMA CGM; COSCO; CSCL; Evergreen Line; Hamburg Sud; Hanjin Shipping; Hapag-Lloyd; Hyundai; K Line; Maersk Line; MCC; MOL; MSC; NYK; OOCL; PIL; SeaLand; UASC; USL-US Lines; Yang Ming",23,92,56673.4686868687,4997.39393939394,1022,13102,1,2,5,"{2,1,5,2,2,2,1,1,2,2}"
2016-03-27,CNNGB,Ningbo,PHMNL,Manila,1,1,"Sinotrans; SITC Shipping; Yang Ming",3,2,2371,300,2000,2742,3,3,3,{3}
2016-03-27,CNNGB,Ningbo,SGSIN,Singapore,3,3,"ANL; APL; CMA CGM; COSCO; CSCL; Emirates Shipping; Evergreen Line; Gold Star Line; Hanjin Shipping; K Line; Maersk Line; MCC; OOCL; PIL; RCL; Safmarine; Yang Ming; ZIM",18,28,20784.8116883117,1782.50649350649,1085,14074,5,6,6,"{6,6,5}"
2016-03-27,CNNGB,Ningbo,THLCH,"Laem Chabang",1,1,"Hanjin Shipping; K Line; PIL",3,4,2471.25,300,2450,2535,6,6,6,{6}
2016-03-27,CNNGB,Ningbo,TWKEL,Keelung,2,2,"COSCO; Evergreen Line; Hanjin Shipping; K Line; MCC; MOL; PIL",7,16,6273.125,892.75,2732,5595,1,2,3,"{1,3}"
2016-03-27,CNNGB,Ningbo,TWKHH,Kaohsiung,13,13,"Alianca; ANL; APL; CMA CGM; COSCO; CSCL; Evergreen Line; Hamburg Sud; Hanjin Shipping; Hapag-Lloyd; Hyundai; K Line; KMTC; Maersk Line; MCC; MOL; MSC; NYK; OOCL; PIL; Safmarine; SeaLand; UASC; USL-US Lines; Wan Hai; Yang Ming",26,119,72624.5033167813,6096.62709447415,1705,14000,1,2,3,"{2,2,2,2,1,3,2,1,2,2,2,2,2}"
2016-03-27,CNNGB,Ningbo,TWTPE,Taipei,3,3,"COSCO; Evergreen Line; Hanjin Shipping; Hyundai; K Line; MOL; OOCL; Yang Ming",8,23,19262.5535714286,1739.83928571429,5250,8452,1,1,3,"{1,3,1}"
2016-03-27,CNNGB,Ningbo,USLAX,"Los Angeles CA",2,2,"Alianca; ANL; CMA CGM; COSCO; CSCL; Evergreen Line; Hamburg Sud; Hanjin Shipping; UASC; USL-US Lines; Yang Ming; ZIM",12,12,17058.6666666667,1137,8452,10000,13,13,13,"{13,13}"
2016-03-27,CNNGB,Ningbo,USLGB,"Long Beach CA",1,1,"COSCO; K Line; Wan Hai; Yang Ming",4,6,3693.33333333333,250,4432,4432,11,11,11,{11}
2016-03-27,CNNGB,Ningbo,USNYC,"New York NY/NJ",1,1,"COSCO; Evergreen Line; Hanjin Shipping; K Line; Yang Ming",5,10,4015.8,336.4,4250,5090,25,25,25,{25}
2016-03-27,CNNGB,Ningbo,USTIW,"Tacoma WA",1,1,"Evergreen Line",1,6,6209,723.166666666667,6046,7024,13,13,13,{13}
2016-03-27,CNNGB,Ningbo,VNSGN,"Ho Chi Minh (VICT/Cat Lai)",1,1,MCC,1,7,1090,216,1022,1118,5,5,5,{5}
2016-03-27,CNNGB,Ningbo,VNTCT,"Cai Mep",1,1,"K Line; SITC Shipping",2,3,1086,116.666666666667,1005,1221,5,5,5,{5}
2016-03-27,CNNSA,Nansha,CNCWN,Chiwan,4,4,"APL; Hapag-Lloyd; Maersk Line; MCC; MOL; MSC; OOCL; PIL; Safmarine",9,37,32770.4707792208,1801.75324675325,6350,14000,1,1,1,"{1,1,1,1}"
2016-03-27,CNNSA,Nansha,CNSHA,Shanghai,1,1,"ANL; CMA CGM; COSCO; CSCL; Evergreen Line; UASC",6,10,5762.1,588,5618,6921,3,3,3,{3}
2016-03-27,CNNSA,Nansha,CNSHK,Shekou,2,2,"COSCO; CSCL; Evergreen Line; PIL",4,8,6098.75,478.5,1267,5100,0,0.5,1,"{1,0}"
2016-03-27,CNNSA,Nansha,CNTXG,Xingang/Tianjin,1,1,"ANL; CMA CGM; COSCO; CSCL; OOCL; UASC; USL-US Lines; Yang Ming",8,8,9871.5,725,11388,14074,13,13,13,{13}
2016-03-27,CNNSA,Nansha,CNYTN,Yantian,2,2,"ANL; CMA CGM; CNC Line-Cheng Lie Navigation Co. Ltd.; Maersk Line; MCC; MSC; Safmarine; Seago Line",8,21,16351.2647058824,1403.85294117647,2778,18270,0,0.5,1,"{0,1}"
2016-03-27,CNNSA,Nansha,HKHKG,"Hong Kong",6,6,"Alianca; ANL; APL; CMA CGM; CSCL; Emirates Shipping; Gold Star Line; Hamburg Sud; Hanjin Shipping; Maersk Line; MCC; MSC; OOCL; RCL; Safmarine; Seago Line; SeaLand; UASC; USL-US Lines; ZIM",20,65,42436.3075630252,3164.89579831933,1713,18270,0,1,1,"{1,1,0,1,1,0}"
2016-03-27,CNNSA,Nansha,JPTYO,Tokyo,1,1,"Evergreen Line; MCC; TS Lines",3,3,2520.66666666667,418.666666666667,2470,2546,4,4,4,{4}
2016-03-27,CNNSA,Nansha,MYPKG,"Port Klang",1,1,"Wan Hai",1,2,1648,326.5,1496,1800,6,6,6,{6}
2016-03-27,CNNSA,Nansha,MYTPP,"Tanjung Pelepas",4,4,"ANL; CMA CGM; Hanjin Shipping; Maersk Line; MCC; Safmarine",6,43,16124.5641025641,1243.9358974359,3534,6478,4,4,5,"{4,5,4,4}"
2016-03-27,CNNSA,Nansha,PGLAE,Lae,1,1,NewPac,1,2,4971.42857142857,857.142857142857,1740,1740,9,9,9,{9}
2016-03-27,CNNSA,Nansha,PHMNL,Manila,1,1,"TS Lines",1,3,1042.66666666667,193.333333333333,1024,1080,2,2,2,{2}
2016-03-27,CNNSA,Nansha,SGSIN,Singapore,6,6,"ANL; CMA CGM; COSCO; CSCL; Evergreen Line; Gold Star Line; Hanjin Shipping; Hapag-Lloyd; K Line; Maersk Line; MCC; MOL; NileDutch; PIL; Safmarine; UASC; Yang Ming; ZIM",18,71,28712.9347527473,2104.13118131868,1800,10114,3,4,5,"{4,4,4,5,3,4}"
2016-03-27,CNNSA,Nansha,TWKHH,Kaohsiung,2,2,"ANL; CMA CGM; COSCO; CSCL; Evergreen Line; Hanjin Shipping; K Line; MELL; USL-US Lines; Yang Ming",10,14,15185.5,734,1080,14100,1,1.5,2,"{2,1}"
2016-03-27,CNQZH,Qinzhou,CNZHA,Zhanjiang,1,1,"Evergreen Line",1,1,1164,200,1164,1164,1,1,1,{1}
2016-03-27,CNQZH,Qinzhou,HKHKG,"Hong Kong",3,3,"Gold Star Line; OOCL; RCL; TS Lines",4,8,2742.91666666667,405.5,706,1221,2,2,2,"{2,2,2}"
2016-03-27,CNQZH,Qinzhou,VNDAD,"Da Nang",1,1,PIL,1,2,1398,100,1398,1398,1,1,1,{1}
2016-03-27,CNSHA,Shanghai,CAPRR,"Prince Rupert BC",2,2,"CMA CGM; COSCO; CSCL; Evergreen Line; Hanjin Shipping; K Line; Wan Hai; Yang Ming",8,12,14304,1042,5250,10020,10,10.5,11,"{11,10}"
2016-03-27,CNSHA,Shanghai,CNCWN,Chiwan,2,2,"ANL; CMA CGM; Maersk Line; MCC; MSC; NileDutch; PIL; Safmarine; WEC Lines",9,25,18280.6282051282,1074.46153846154,4367,13800,2,2.5,3,"{2,3}"
2016-03-27,CNSHA,Shanghai,CNDCB,"Da Chan Bay",1,1,"Gold Star Line; ZIM",2,9,3879.33333333333,331.333333333333,4250,4644,3,3,3,{3}
2016-03-27,CNSHA,Shanghai,CNDLC,Dalian,5,5,"ANL; CMA CGM; CNC Line-Cheng Lie Navigation Co. Ltd.; Maersk Line; MCC; MSC; OOCL; PIL; Safmarine; Seago Line; Wan Hai; WEC Lines",12,41,36034.303030303,2215.59090909091,1085,19272,1,2,4,"{3,1,2,4,2}"
2016-03-27,CNSHA,Shanghai,CNFQG,Fuqing,1,1,"COSCO; Evergreen Line; Yang Ming",3,5,4500.8,390,4250,5089,1,1,1,{1}
2016-03-27,CNSHA,Shanghai,CNNGB,Ningbo,85,83,"Alianca; ANL; APL; CMA CGM; CNC Line-Cheng Lie Navigation Co. Ltd.; COSCO; CSCL; Dong Young; Emirates Shipping; Evergreen Line; FESCO; Gold Star Line; Hamburg Sud; Hanjin Shipping; Hapag-Lloyd; Heung-A; Hyundai; IAL-Interasia Lines; K Line; KMTC; Maersk Line; MCC; MOL; MSC; Namsung; NewPac; NYK; OOCL; OPDR; PDL-Pacific Direct Line; PIL; RCL; Safmarine; SCI-Shipping Corp. of India; Seago Line; SeaLand; Simatech; Sinokor; Sinotrans; SITC Shipping; TS Lines; UASC; USL-US Lines; Wan Hai; Yang Ming; ZIM",46,743,548077.84002868,45947.4702943299,953,19224,0,1,2,"{2,1,1,1,2,1,2,2,1,2,1,1,1,1,1,2,2,2,0,0,1,1,2,1,2,1,1,1,2,1,1,2,0,1,1,0,1,2,1,2,1,1,2,1,2,2,1,1,1,1,1,1,1,0,1,1,0,1,1,0,0,0,1,2,2,1,1,1,1,1,1,2,0,1,1,1,2,1,2,2,1,1,1,0,1}"
2016-03-27,CNSHA,Shanghai,CNNSA,Nansha,1,1,"Hanjin Shipping; Maersk Line; MCC; Safmarine",4,6,4451.33333333333,416.666666666667,3600,6478,4,4,4,{4}
2016-03-27,CNSHA,Shanghai,CNSHK,Shekou,9,9,"ANL; CMA CGM; CNC Line-Cheng Lie Navigation Co. Ltd.; COSCO; CSCL; Evergreen Line; Hanjin Shipping; Hapag-Lloyd; K Line; KMTC; Namsung; NYK; OOCL; PIL; RCL; Sinotrans; SITC Shipping; TS Lines; Wan Hai; X-Press; Yang Ming",21,52,35520.8,3851.8,855,14100,2,3,4,"{2,3,2,3,3,2,2,4,3}"
2016-03-27,CNSHA,Shanghai,CNTAG,Taicang,1,1,"Jin Jiang; Taicang Container Lines",2,1,668,60,668,668,0,0,0,{0}
2016-03-27,CNSHA,Shanghai,CNTAO,Qingdao,2,2,"Alianca; APL; CCNI; CMA CGM; CSCL; Hamburg Sud; Hapag-Lloyd; Hyundai; MELL; MSC",10,13,11541.3666666667,1806.66666666667,1300,9443,2,2,2,"{2,2}"
2016-03-27,CNSHA,Shanghai,CNTXG,Xingang/Tianjin,4,4,"ANL; CMA CGM; COSCO; CSCL; Evergreen Line; FESCO; Hanjin Shipping; K Line; Maersk Line; MCC; MSC; OPDR; Safmarine; Seago Line; UASC; USL-US Lines; Yang Ming",17,40,48377.5955710956,3379.19696969697,4253,19224,2,3,3,"{2,3,3,3}"
2016-03-27,CNSHA,Shanghai,CNXMN,Xiamen,8,8,"Alianca; ANL; APL; CCNI; CMA CGM; COSCO; CSCL; Hamburg Sud; Hanjin Shipping; Hapag-Lloyd; Hyundai; K Line; Maersk Line; MCC; MOL; MSC; NYK; OOCL; PIL; Safmarine; Seago Line; Wan Hai; Yang Ming",23,79,75289.1965240642,4715.32263814617,2546,19272,1,2,3,"{2,2,2,2,1,3,2,3}"
2016-03-27,CNSHA,Shanghai,CNYTN,Yantian,2,2,"Alianca; CMA CGM; COSCO; CSCL; Evergreen Line; Hamburg Sud; Hanjin Shipping; Hapag-Lloyd; K Line; Marguisa; MOL; NYK; UASC; Yang Ming",14,15,16805.7777777778,1463,3765,13092,2,2,2,"{2,2}"
2016-03-27,CNSHA,Shanghai,HKHKG,"Hong Kong",14,13,"Alianca; ANL; APL; Asean Seas Lines; BTL-Bengal Tiger Line; CMA CGM; CNC Line-Cheng Lie Navigation Co. Ltd.; COSCO; CSCL; Gold Star Line; Hamburg Sud; Hanjin Shipping; Hapag-Lloyd; Heung-A; Hyundai; IAL-Interasia Lines; KMTC; Maersk Line; MCC; MOL; MSC; NYK; OOCL; PIL; RCL; Safmarine; Seago Line; Simatech; Sinotrans; SITC Shipping; TS Lines; UASC; USL-US Lines; Wan Hai; Yang Ming; ZIM",36,85,61771.2864357864,5707.2987012987,698,15908,1,2.5,4,"{3,3,2,4,4,3,2,2,2,2,4,2,1,3}"
2016-03-27,CNSHA,Shanghai,IDJKT,"Jakarta, Java",1,1,"CK Line; Evergreen Line; Heung-A; Hyundai; Sinokor; SITC Shipping",6,4,2773,518,2702,2824,7,7,7,{7}
2016-03-27,CNSHA,Shanghai,JPFKY,Fukuyama,1,1,"Kambara Kisen Co., Ltd.",1,1,556,100,556,556,3,3,3,{3}
2016-03-27,CNSHA,Shanghai,JPHKT,Hakata,2,2,"COSCO; Dongjin Shipping; Dong Young; Easline Shipping; Namsung; Puhai Shipping; Sinotrans; SITC Shipping; TaiYoung Shipping",9,3,1831.5,220,850,953,2,2,2,"{2,2}"
2016-03-27,CNSHA,Shanghai,JPIMI,Imari,1,1,"Kambara Kisen Co., Ltd.",1,3,915.333333333333,132,907,932,2,2,2,{2}
2016-03-27,CNSHA,Shanghai,JPKIJ,"Niigata (N Coast)",1,1,"Kambara Kisen Co., Ltd.",1,2,1020,160,1020,1020,3,3,3,{3}
2016-03-27,CNSHA,Shanghai,JPNGO,Nagoya,7,7,"COSCO; Jin Jiang; K Line; Puhai Shipping; Sinotrans; SITC Shipping",6,13,7259.75,858.416666666667,542,1805,2,2,3,"{2,3,2,2,2,2,2}"
2016-03-27,CNSHA,Shanghai,JPOSA,Osaka,10,10,"Centrans; COSCO; Gold Star Line; Goto Shipping; HASCO; Jin Jiang; PanAsia; Puhai Shipping; Sinotrans; SITC Shipping; TS Lines; ZIM",12,17,9993.75,1429.5,668,1808,2,2.5,5,"{3,2,2,2,5,2,3,3,2,3}"
2016-03-27,CNSHA,Shanghai,JPSMN,"Sakaiminato (N Coast)",1,1,"Kambara Kisen Co., Ltd.",1,1,585,50,585,585,2,2,2,{2}
2016-03-27,CNSHA,Shanghai,JPTYO,Tokyo,8,8,"Centrans; COSCO; CSCL; Gold Star Line; Goto Shipping; HASCO; Jin Jiang; PanAsia; Puhai Shipping; Sinotrans; SITC Shipping; TS Lines; ZIM",13,13,7654.33333333333,1214.33333333333,542,1118,2,2.5,3,"{2,3,3,2,3,2,2,3}"
2016-03-27,CNSHA,Shanghai,JPUKB,Kobe,1,1,"SITC Shipping",1,3,1112,186.666666666667,1100,1118,4,4,4,{4}
2016-03-27,CNSHA,Shanghai,JPYOK,Yokohama,3,3,"COSCO; Gold Star Line; HASCO; Maersk Line; MCC; MSC; Puhai Shipping; Safmarine; Sinotrans; SITC Shipping; ZIM",11,19,11549.4,978.9,1003,11660,2,3,3,"{3,3,2}"
2016-03-27,CNSHA,Shanghai,KRICH,Inchon,4,4,"CK Line; COSCO; Dongjin Shipping; Dong Young; Heung-A; KMTC; Namsung; NBOSCO; PanCon; PanOcean; Sinokor; TaiYoung Shipping",12,4,4214,180,962,1103,2,2,4,"{4,2,2,2}"
2016-03-27,CNSHA,Shanghai,KRKAN,Gwangyang,4,4,"APL; COSCO; Hanjin Shipping; Hapag-Lloyd; Hyundai; K Line; KMTC; MCC; MOL; NYK; OOCL; UASC; X-Press; Yang Ming",14,27,26026.3452380952,2545.45238095238,2732,10000,2,2,2,"{2,2,2,2}"
2016-03-27,CNSHA,Shanghai,KRKPO,Pohang,1,1,"Heung-A; KMTC; Sinotrans",3,4,2812,586,2800,2824,4,4,4,{4}
2016-03-27,CNSHA,Shanghai,KRPUS,Busan,24,24,"ACL-Atlantic Container Line; Alianca; ANL; APL; CCNI; CK Line; CMA CGM; CNC Line-Cheng Lie Navigation Co. Ltd.; COSCO; CSCL; Dongjin Shipping; Dong Young; Easline Shipping; Evergreen Line; FESCO; Gold Star Line; Hamburg Sud; Hanjin Shipping; Hapag-Lloyd; Heung-A; Hyundai; K Line; KMTC; Maersk Line; MCC; MOL; MSC; Namsung; NYK; OOCL; PanCon; PanOcean; RCL; Safmarine; Sinokor; Sinotrans; SITC Shipping; TaiYoung Shipping; TS Lines; UASC; Yang Ming; ZIM",42,178,105900.11495098,10849.8707633053,704,10114,1,2,3,"{2,3,1,2,2,2,1,3,3,2,1,1,3,1,2,1,3,2,2,3,1,1,1,2}"
2016-03-27,CNSHA,Shanghai,MXZLO,"Manzanillo, MEX",3,3,"APL; CMA CGM; COSCO; Evergreen Line; Hanjin Shipping; Hapag-Lloyd; K Line; MOL; NYK; PIL; Wan Hai; Yang Ming",12,28,13832.45,1340.1,4250,6500,15,16,18,"{18,15,16}"
2016-03-27,CNSHA,Shanghai,PAONX,Colon,1,1,"Evergreen Line",1,10,4418.2,485.6,4211,5100,20,20,20,{20}
2016-03-27,CNSHA,Shanghai,PHMNL,Manila,1,1,"ANL; CMA CGM; CNC Line-Cheng Lie Navigation Co. Ltd.; Heung-A; KMTC; Namsung",6,3,1740,300,1740,1740,3,3,3,{3}
2016-03-27,CNSHA,Shanghai,SGSIN,Singapore,2,2,"COSCO; Evergreen Line; Hanjin Shipping; K Line; MCC; OOCL; Yang Ming",7,19,9880.13095238095,1172.97619047619,2190,8930,5,5,5,"{5,5}"
2016-03-27,CNSHA,Shanghai,THLCH,"Laem Chabang",3,3,"ANL; CMA CGM; CNC Line-Cheng Lie Navigation Co. Ltd.; Gold Star Line; Heung-A; KMTC; RCL; TS Lines; ZIM",9,9,5004,665.666666666667,1498,1800,6,6,6,"{6,6,6}"
2016-03-27,CNSHA,Shanghai,TWKHH,Kaohsiung,2,2,"COSCO; CSCL; Evergreen Line; Gold Star Line; Hanjin Shipping; Hyundai; K Line; TS Lines; Yang Ming; ZIM",10,12,7697.44444444444,785.333333333333,2200,8241,3,3,3,"{3,3}"
2016-03-27,CNSHA,Shanghai,TWTXG,Taichung,1,1,MCC,1,10,1734.7,351.8,1705,1856,2,2,2,{2}
2016-03-27,CNSHA,Shanghai,USLGB,"Long Beach CA",1,1,"Maersk Line; Matson",2,5,2715.8,300,2019,2890,9,9,9,{9}
2016-03-27,CNSHA,Shanghai,USNYC,"New York NY/NJ",2,2,"Alianca; ANL; APL; CMA CGM; CSCL; Hamburg Sud; Hapag-Lloyd; Hyundai; MOL; NYK; OOCL; UASC",12,20,7351.9,650.2,3802,5060,25,26,27,"{27,25}"
2016-03-27,CNSHA,Shanghai,VNHPH,Haiphong,2,2,"ANL; CK Line; CMA CGM; CNC Line-Cheng Lie Navigation Co. Ltd.; Heung-A; KMTC",6,4,2127,243.5,1043,1103,3,3.5,4,"{3,4}"
2016-03-27,CNSHA,Shanghai,VNSGN,"Ho Chi Minh (VICT/Cat Lai)",1,1,"Gold Star Line; KMTC; MCC; Sinokor; ZIM",5,4,2467.5,375,2401,2577,4,4,4,{4}
2016-03-27,CNSHK,Shekou,CNNGB,Ningbo,1,1,"COSCO; Sinotrans; SITC Shipping",3,4,1060.75,147.5,907,1118,3,3,3,{3}
2016-03-27,CNSHK,Shekou,CNNSA,Nansha,4,4,"COSCO; CSCL; Gold Star Line; PIL; TS Lines; Wan Hai",6,24,8155.9880952381,1067.19047619048,1024,4957,0,1,1,"{1,1,0,1}"
2016-03-27,CNSHK,Shekou,CNSHA,Shanghai,1,1,"PIL; Wan Hai",2,6,3999,416.666666666667,4252,5610,3,3,3,{3}
2016-03-27,CNSHK,Shekou,CNSWA,Shantou,2,2,"COSCO; Dong Young; Evergreen Line; Heung-A; Namsung; Sinokor; SITC Shipping",7,5,2440,110,1000,1510,1,1,1,"{1,1}"
2016-03-27,CNSHK,Shekou,CNXMN,Xiamen,4,4,"ANL; CMA CGM; CNC Line-Cheng Lie Navigation Co. Ltd.; Evergreen Line; IAL-Interasia Lines; TS Lines; Wan Hai; Yang Ming",8,10,7990,1324,1574,2824,1,1,1,"{1,1,1,1}"
2016-03-27,CNSHK,Shekou,CNYTN,Yantian,4,4,"Alianca; APL; Evergreen Line; Hamburg Sud; Hapag-Lloyd; Hyundai; IAL-Interasia Lines; MOL; NYK; OOCL; Wan Hai; ZIM",12,33,27521.4924242424,1939.7196969697,1800,14000,1,1,2,"{1,1,1,2}"
2016-03-27,CNSHK,Shekou,HKHKG,"Hong Kong",17,17,"ANL; APL; CMA CGM; CNC Line-Cheng Lie Navigation Co. Ltd.; COSCO; CSCL; Evergreen Line; Hapag-Lloyd; Hyundai; IAL-Interasia Lines; K Line; KMTC; Maersk Line; MCC; MOL; NYK; OOCL; PIL; SITC Shipping; TS Lines; Wan Hai; Yang Ming",22,80,57381.5166666667,5646.4,855,10700,0,1,2,"{1,1,1,1,1,1,1,2,1,1,0,0,0,0,1,0,1}"
2016-03-27,CNSHK,Shekou,IDJKT,"Jakarta, Java",3,3,"ANL; CMA CGM; CNC Line-Cheng Lie Navigation Co. Ltd.; COSCO; CSCL; Evergreen Line; Wan Hai; Yang Ming",8,12,8321.8,881.9,1368,5100,5,5,6,"{6,5,5}"
2016-03-27,CNSHK,Shekou,JPTYO,Tokyo,2,2,"TS Lines",1,5,2086.66666666667,360,1024,1049,4,4.5,5,"{5,4}"
2016-03-27,CNSHK,Shekou,JPUKB,Kobe,1,1,"CMA CGM; CNC Line-Cheng Lie Navigation Co. Ltd.; TS Lines",3,4,1729.25,274,1679,1800,4,4,4,{4}
2016-03-27,CNSHK,Shekou,KHKOS,Sihanoukville,1,1,"COSCO; RCL",2,3,1369.33333333333,169.333333333333,1228,1440,4,4,4,{4}
2016-03-27,CNSHK,Shekou,KRICH,Inchon,4,4,"ANL; CMA CGM; CNC Line-Cheng Lie Navigation Co. Ltd.; COSCO; Gold Star Line; Heung-A; KMTC; MCC; Namsung; RCL; Sinokor; Yang Ming; ZIM",13,13,8052,1239.5,1050,2742,1,4,5,"{4,5,4,1}"
2016-03-27,CNSHK,Shekou,KRPUS,Busan,1,1,"ANL; CMA CGM; CNC Line-Cheng Lie Navigation Co. Ltd.; Gold Star Line; Heung-A; KMTC; TS Lines; ZIM",8,4,2762,421.5,2741,2824,4,4,4,{4}
2016-03-27,CNSHK,Shekou,LKCMB,Colombo,2,2,"ANL; CMA CGM; COSCO; CSCL; Evergreen Line; Hanjin Shipping; K Line; Yang Ming",8,20,14862.3,1281.8,6655,14100,7,7.5,8,"{7,8}"
2016-03-27,CNSHK,Shekou,MYPGU,"Pasir Gudang, Johor",1,1,"ANL; CMA CGM; CNC Line-Cheng Lie Navigation Co. Ltd.; Evergreen Line",4,4,2721,424.5,2700,2742,4,4,4,{4}
2016-03-27,CNSHK,Shekou,MYPKG,"Port Klang",5,5,"ANL; CMA CGM; CNC Line-Cheng Lie Navigation Co. Ltd.; COSCO; CSCL; Gold Star Line; Heung-A; IAL-Interasia Lines; KMTC; OOCL; TS Lines; UASC; USL-US Lines; Wan Hai; Yang Ming; ZIM",16,26,21802.8333333333,2199,2646,14074,4,5,5,"{5,5,5,4,4}"
2016-03-27,CNSHK,Shekou,MYTPP,"Tanjung Pelepas",2,2,"COSCO; Evergreen Line; Hyundai; OOCL",4,15,11831.3035714286,1302.33928571429,5250,8452,5,5.5,6,"{5,6}"
2016-03-27,CNSHK,Shekou,PHMNL,Manila,4,4,"Evergreen Line; PIL; Sinotrans; SITC Shipping; Wan Hai; Yang Ming",6,11,4833.86666666667,643.666666666667,831,1858,2,2,3,"{3,2,2,2}"
2016-03-27,CNSHK,Shekou,SGSIN,Singapore,15,15,"Alianca; ANL; APL; CMA CGM; COSCO; CSCL; Evergreen Line; Gold Star Line; Hamburg Sud; Hanjin Shipping; Hapag-Lloyd; Heung-A; Hyundai; IAL-Interasia Lines; K Line; KMTC; MCC; MOL; NYK; OOCL; PIL; Sinokor; TS Lines; UASC; Wan Hai; X-Press; Yang Ming; ZIM",28,88,74032.880952381,6356.82142857143,1267,9661,3,4,5,"{4,4,5,3,4,4,3,4,4,4,4,3,3,5,4}"
2016-03-27,CNSHK,Shekou,THBKK,"Bangkok (Old Port)",2,2,"CMA CGM; CNC Line-Cheng Lie Navigation Co. Ltd.; NYK; RCL; TS Lines",5,6,2859.25,401,1060,1800,5,5,5,"{5,5}"
2016-03-27,CNSHK,Shekou,THLCH,"Laem Chabang",2,2,"OOCL; Wan Hai",2,7,2891.33333333333,405.833333333333,1088,1740,4,4.5,5,"{4,5}"
2016-03-27,CNSHK,Shekou,TWKEL,Keelung,2,2,"KMTC; Sinokor; TS Lines",3,6,2624.33333333333,320,1024,1585,1,1,1,"{1,1}"
2016-03-27,CNSHK,Shekou,TWKHH,Kaohsiung,3,3,"APL; COSCO; Evergreen Line; Hanjin Shipping; Hapag-Lloyd; Hyundai; K Line; MOL; NYK; OOCL; PIL; Sinotrans; TS Lines; Yang Ming",14,25,23619.7651515151,1655.62121212121,4211,14000,1,2,2,"{2,1,2}"
2016-03-27,CNSHK,Shekou,TWTXG,Taichung,1,1,"Evergreen Line",1,2,1164,200,1164,1164,2,2,2,{2}
2016-03-27,CNSHK,Shekou,VNDAD,"Da Nang",1,1,"Alianca; Hamburg Sud; IAL-Interasia Lines; Wan Hai",4,4,1800,,1800,1800,1,1,1,{1}
2016-03-27,CNSHK,Shekou,VNHPH,Haiphong,3,3,"Evergreen Line; TS Lines; Wan Hai",3,7,3674,513.333333333333,1024,1858,1,1,3,"{1,3,1}"
2016-03-27,CNSHK,Shekou,VNSGN,"Ho Chi Minh (VICT/Cat Lai)",5,5,"ANL; CMA CGM; CNC Line-Cheng Lie Navigation Co. Ltd.; COSCO; Hanjin Shipping; Heung-A; KMTC; MCC; Namsung; RCL; TS Lines; Wan Hai; Yang Ming",13,17,11450.4166666667,1615.83333333333,1577,2872,2,3,4,"{3,2,3,2,4}"
2016-03-27,CNSHP,Qinhuangdao,CNTXG,Xingang/Tianjin,1,1,"K Line; SITC Shipping",2,3,1080,101.666666666667,1040,1100,1,1,1,{1}
2016-03-27,CNSWA,Shantou,CNFQG,Fuqing,1,1,"ANL; CK Line; CMA CGM; CNC Line-Cheng Lie Navigation Co. Ltd.; KMTC",5,2,1054,80,1048,1060,1,1,1,{1}
2016-03-27,CNSWA,Shantou,CNNSA,Nansha,1,1,"ANL; CMA CGM; CNC Line-Cheng Lie Navigation Co. Ltd.",3,4,2951.5,521.5,2778,3426,1,1,1,{1}
2016-03-27,CNSWA,Shantou,CNXMN,Xiamen,2,2,"COSCO; Dong Young; Evergreen Line; Heung-A; Namsung; Sinokor; SITC Shipping",7,5,2440,110,1000,1510,1,1,1,"{1,1}"
2016-03-27,CNSWA,Shantou,HKHKG,"Hong Kong",1,1,MSC,1,2,2149,367.5,2072,2226,1,1,1,{1}
2016-03-27,CNTAG,Taicang,CNSHA,Shanghai,5,4,"Gold Star Line; HASCO; K Line; SITC Shipping; ZIM",5,11,4806.33333333333,525,750,1103,0,1,1,"{1,1,1,0,1}"
2016-03-27,CNTAG,Taicang,JPHKT,Hakata,1,1,"Jin Jiang; Taicang Container Lines",2,1,668,60,668,668,2,2,2,{2}
2016-03-27,CNTAG,Taicang,JPOSA,Osaka,1,1,"Taicang Container Lines",1,1,404,30,404,404,2,2,2,{2}
2016-03-27,CNTAO,Qingdao,CNFOC,Fuzhou,1,1,"ANL; CMA CGM; CNC Line-Cheng Lie Navigation Co. Ltd.",3,4,2951.5,521.5,2778,3426,2,2,2,{2}
2016-03-27,CNTAO,Qingdao,CNLYG,Lianyungang,2,2,"Alianca; ANL; CMA CGM; CNC Line-Cheng Lie Navigation Co. Ltd.; CSCL; Hamburg Sud; TS Lines; UASC; USL-US Lines; Yang Ming",10,9,12812.6666666667,927.333333333333,2742,10000,1,1,1,"{1,1}"
2016-03-27,CNTAO,Qingdao,CNNGB,Ningbo,13,13,"Alianca; ANL; APL; CMA CGM; COSCO; CSCL; Emirates Shipping; Evergreen Line; Gold Star Line; Hamburg Sud; Hapag-Lloyd; Hyundai; Maersk Line; MCC; MELL; MOL; MSC; NileDutch; NYK; OOCL; PIL; Safmarine; Seago Line; UASC; Wan Hai; Yang Ming; ZIM",27,117,71152.2526640026,5268.25482850483,1085,19272,1,2,4,"{2,2,2,1,1,2,1,2,2,2,2,4,2}"
2016-03-27,CNTAO,Qingdao,CNSHA,Shanghai,37,37,"Alianca; ANL; APL; Asean Seas Lines; CMA CGM; CNC Line-Cheng Lie Navigation Co. Ltd.; COSCO; CSCL; Evergreen Line; FESCO; Gold Star Line; Hamburg Sud; Hanjin Shipping; Hapag-Lloyd; Heung-A; Hyundai; IAL-Interasia Lines; Kambara Kisen Co., Ltd.; K Line; KMTC; Maersk Line; MCC; MOL; MSC; Namsung; NewPac; NYK; OOCL; OPDR; PIL; RCL; Safmarine; Seago Line; SeaLand; Sinotrans; TS Lines; UASC; USL-US Lines; Wan Hai; Yang Ming; ZIM",41,289,236142.510305626,20164.2082091928,698,19224,1,2,4,"{2,2,2,3,4,3,1,2,2,1,1,2,2,2,2,2,2,2,2,1,2,2,1,2,2,2,2,1,3,3,2,2,2,3,3,2,1}"
2016-03-27,CNTAO,Qingdao,CNSHK,Shekou,1,1,"OOCL; Wan Hai",2,4,1496.5,140,1368,1740,5,5,5,{5}
2016-03-27,CNTAO,Qingdao,CNTXG,Xingang/Tianjin,1,1,"Hanjin Shipping; Maersk Line; MCC; Safmarine",4,6,4451.33333333333,416.666666666667,3600,6478,3,3,3,{3}
2016-03-27,CNTAO,Qingdao,HKHKG,"Hong Kong",3,3,"Alianca; ANL; CMA CGM; CSCL; Evergreen Line; Hamburg Sud; IAL-Interasia Lines; USL-US Lines; Wan Hai",9,21,12613.1818181818,1164.25757575758,1800,7024,3,3,3,"{3,3,3}"
2016-03-27,CNTAO,Qingdao,JPFKY,Fukuyama,1,1,"Kambara Kisen Co., Ltd.",1,3,915.333333333333,132,907,932,3,3,3,{3}
2016-03-27,CNTAO,Qingdao,JPNGO,Nagoya,1,1,"Centrans; Goto Shipping",2,1,698,120,698,698,3,3,3,{3}
2016-03-27,CNTAO,Qingdao,JPOSA,Osaka,3,3,"COSCO; CSCL; Puhai Shipping; Sinotrans; SITC Shipping",5,3,2551,240,698,1022,2,2,2,"{2,2,2}"
2016-03-27,CNTAO,Qingdao,JPTYO,Tokyo,2,2,"COSCO; CSCL; PanAsia; Puhai Shipping; Sinotrans; SITC Shipping",6,5,2882.33333333333,401.666666666667,1040,1858,3,3,3,"{3,3}"
2016-03-27,CNTAO,Qingdao,KRICH,Inchon,4,3,"CK Line; Hanjin Shipping; Heung-A; KMTC; PanOcean; PIL; SITC Shipping; TaiYoung Shipping",8,14,7312.71428571429,300,446,3900,1,1.5,3,"{2,1,1,3}"
2016-03-27,CNTAO,Qingdao,KRKAN,Gwangyang,3,3,"ANL; APL; CMA CGM; Emirates Shipping; Gold Star Line; Hanjin Shipping; Heung-A; K Line; KMTC; Maersk Line; MCC; NYK; OOCL; RCL; Safmarine; Sinokor; TaiYoung Shipping; ZIM",18,14,12878.5238095238,1468.14285714286,1608,9443,1,1,2,"{1,1,2}"
2016-03-27,CNTAO,Qingdao,KRPUS,Busan,10,10,"Alianca; ANL; APL; CCNI; CMA CGM; CNC Line-Cheng Lie Navigation Co. Ltd.; COSCO; CSCL; Dong Young; Easline Shipping; Gold Star Line; Hamburg Sud; Hanjin Shipping; Hapag-Lloyd; Heung-A; Hyundai; KMTC; Maersk Line; MCC; MSC; Namsung; PanCon; Safmarine; Sinokor; TaiYoung Shipping; TS Lines; UASC; USL-US Lines; Yang Ming; ZIM",30,47,42715.3060606061,3772.62121212121,840,14500,1,2,4,"{1,4,2,2,2,2,1,2,2,3}"
2016-03-27,CNTAO,Qingdao,SGSIN,Singapore,1,1,"Evergreen Line; Hapag-Lloyd; K Line; NYK; Simatech; TS Lines; Yang Ming",7,6,4117.66666666667,383,4228,6039,9,9,9,{9}
2016-03-27,CNTAO,Qingdao,TWKHH,Kaohsiung,1,1,MCC,1,5,2552.4,490,2546,2578,4,4,4,{4}
2016-03-27,CNTAO,Qingdao,USDUT,"Dutch Harbor AK",1,1,"Maersk Line; MCC",2,4,2357,361.5,2007,2824,9,9,9,{9}
2016-03-27,CNTXG,Xingang/Tianjin,CNDLC,Dalian,13,13,"ANL; APL; CMA CGM; CNC Line-Cheng Lie Navigation Co. Ltd.; COSCO; CSCL; Dong Young; Emirates Shipping; Evergreen Line; FESCO; Gold Star Line; Goto Shipping; Hanjin Shipping; Kambara Kisen Co., Ltd.; K Line; Maersk Line; MCC; Namsung; OOCL; OPDR; RCL; Safmarine; Sinotrans; SITC Shipping; TS Lines; UASC; USL-US Lines; Yang Ming; ZIM",29,66,66026.0027139527,5832.83982683983,907,17859,0,1,2,"{1,1,1,1,2,2,1,0,2,1,2,2,1}"
2016-03-27,CNTXG,Xingang/Tianjin,CNNSA,Nansha,1,1,MSC,1,11,5316.81818181818,363.636363636364,6477,9200,3,3,3,{3}
2016-03-27,CNTXG,Xingang/Tianjin,CNTAO,Qingdao,13,13,"ANL; CMA CGM; CNC Line-Cheng Lie Navigation Co. Ltd.; COSCO; CSCL; Evergreen Line; FESCO; Gold Star Line; Hanjin Shipping; Hapag-Lloyd; K Line; Maersk Line; MCC; MSC; NewPac; NileDutch; NYK; OOCL; PIL; Safmarine; Simatech; TS Lines; Wan Hai; Yang Ming; ZIM",25,92,48652.2710622711,4786.3043956044,1085,10020,1,2,3,"{3,2,3,2,2,2,2,3,2,1,3,2,3}"
2016-03-27,CNTXG,Xingang/Tianjin,CNYNT,Yantai,4,4,"COSCO; K Line; Puhai Shipping; Sinotrans; SITC Shipping",5,10,5773.83333333333,703.333333333333,850,2800,1,1,1,"{1,1,1,1}"
2016-03-27,CNTXG,Xingang/Tianjin,KRKAN,Gwangyang,1,1,"ANL; APL; CMA CGM; COSCO; CSCL; MOL; PIL; UASC; USL-US Lines; Yang Ming",10,11,6743.45454545455,867.272727272727,8386,10622,3,3,3,{3}
2016-03-27,CNTXG,Xingang/Tianjin,KRPUS,Busan,9,9,"CMA CGM; CNC Line-Cheng Lie Navigation Co. Ltd.; COSCO; Dongjin Shipping; Dong Young; Easline Shipping; Hanjin Shipping; Heung-A; Hyundai; K Line; KMTC; Maersk Line; MCC; MOL; MSC; Namsung; NYK; PanOcean; Safmarine; Seago Line; Sinokor; SITC Shipping; TaiYoung Shipping; WEC Lines",24,43,44296.8333333333,3625,958,19224,1,2,3,"{2,2,2,2,1,1,3,3,2}"
2016-03-27,CNXMN,Xiamen,CNCWN,Chiwan,4,4,"Alianca; ANL; APL; CCNI; CMA CGM; CSCL; Hamburg Sud; Hapag-Lloyd; Hyundai; Maersk Line; MCC; MOL; MSC; NYK; OOCL; Safmarine; Seago Line",17,45,43944.0980392157,2756.4362745098,6350,18270,1,1,2,"{1,1,2,1}"
2016-03-27,CNXMN,Xiamen,CNDCB,"Da Chan Bay",1,1,"APL; Hapag-Lloyd; Hyundai; MOL; NYK; OOCL",6,6,7257.33333333333,586.666666666667,8063,10000,3,3,3,{3}
2016-03-27,CNXMN,Xiamen,CNNGB,Ningbo,5,5,"Alianca; ANL; CCNI; CMA CGM; CNC Line-Cheng Lie Navigation Co. Ltd.; COSCO; CSCL; Evergreen Line; FESCO; Hamburg Sud; Hanjin Shipping; Hapag-Lloyd; Hyundai; K Line; Maersk Line; Matson; MSC; Yang Ming",18,37,28068.9777777778,3458.53333333333,2019,14100,2,2,3,"{2,3,2,3,2}"
2016-03-27,CNXMN,Xiamen,CNNSA,Nansha,3,3,"Alianca; ANL; CMA CGM; CSCL; Hamburg Sud; Hanjin Shipping; Maersk Line; MCC; MSC; Safmarine; UASC; USL-US Lines",12,23,25657.774025974,1885.08831168831,1713,17859,1,1,2,"{2,1,1}"
2016-03-27,CNXMN,Xiamen,CNSHA,Shanghai,1,1,"APL; Hanjin Shipping; Hapag-Lloyd; K Line; MOL; NYK",6,11,5140.90909090909,423.636363636364,6200,6350,3,3,3,{3}
2016-03-27,CNXMN,Xiamen,CNSHK,Shekou,6,6,"ANL; CMA CGM; COSCO; CSCL; Evergreen Line; Gold Star Line; Hanjin Shipping; K Line; KMTC; Maersk Line; MOL; NYK; OOCL; PIL; UASC; X-Press; Yang Ming",17,45,31190.0535714286,2861.74404761905,3600,8586,0,1.5,3,"{0,1,3,2,2,1}"
2016-03-27,CNXMN,Xiamen,CNTAO,Qingdao,3,3,"ANL; CMA CGM; COSCO; CSCL; Hanjin Shipping; K Line; Maersk Line; MCC; MSC; PIL; Safmarine; UASC; USL-US Lines",13,26,24087.25,1745.45454545455,2450,14000,3,3,3,"{3,3,3}"
2016-03-27,CNXMN,Xiamen,CNTXG,Xingang/Tianjin,1,1,"Gold Star Line; ZIM",2,9,3879.33333333333,331.333333333333,4250,4644,4,4,4,{4}
2016-03-27,CNXMN,Xiamen,CNYTN,Yantian,3,3,"Alianca; ANL; CMA CGM; COSCO; CSCL; Evergreen Line; Hamburg Sud; Hanjin Shipping; K Line; Maersk Line; MCC; MSC; Safmarine; Seago Line; UASC; USL-US Lines; Yang Ming",17,31,38453.4141414141,1977.29292929293,4250,19272,1,1,2,"{1,2,1}"
2016-03-27,CNXMN,Xiamen,HKHKG,"Hong Kong",7,7,"Alianca; ANL; APL; CMA CGM; CNC Line-Cheng Lie Navigation Co. Ltd.; COSCO; Emirates Shipping; Evergreen Line; Gold Star Line; Hamburg Sud; Hanjin Shipping; Hapag-Lloyd; Hyundai; K Line; KMTC; Maersk Line; MCC; MOL; NYK; OOCL; PIL; RCL; Safmarine; Sinotrans; SITC Shipping; Wan Hai; Yang Ming; ZIM",28,44,35157.8083333333,3190,907,14000,1,1,3,"{1,1,2,1,1,3,1}"
2016-03-27,CNXMN,Xiamen,JPNGO,Nagoya,1,1,"ANL; CMA CGM; CNC Line-Cheng Lie Navigation Co. Ltd.; TS Lines; Yang Ming",5,2,2762,514,2700,2824,3,3,3,{3}
2016-03-27,CNXMN,Xiamen,JPOSA,Osaka,1,1,OOCL,1,3,3288.33333333333,546,2797,3534,2,2,2,{2}
2016-03-27,CNXMN,Xiamen,JPTYO,Tokyo,3,3,"COSCO; Evergreen Line; OOCL; SITC Shipping",4,12,6911.7,610,831,4583,3,4,5,"{5,3,4}"
2016-03-27,CNXMN,Xiamen,JPUKB,Kobe,1,1,"Evergreen Line; Wan Hai; Yang Ming",3,3,1734.66666666667,236.666666666667,1618,1858,4,4,4,{4}
2016-03-27,CNXMN,Xiamen,JPYOK,Yokohama,1,1,"ANL; CMA CGM; CNC Line-Cheng Lie Navigation Co. Ltd.; IAL-Interasia Lines; Wan Hai",5,3,1721.33333333333,227.333333333333,1708,1728,3,3,3,{3}
2016-03-27,CNXMN,Xiamen,KRICH,Inchon,4,4,"ANL; CK Line; CMA CGM; CNC Line-Cheng Lie Navigation Co. Ltd.; Dongjin Shipping; Dong Young; Gold Star Line; Heung-A; Hyundai; KMTC; Namsung; Sinokor; SITC Shipping; TS Lines; ZIM",15,10,5517.66666666667,532.333333333333,1000,1800,2,3,3,"{3,3,2,3}"
2016-03-27,CNXMN,Xiamen,KRPUS,Busan,3,3,"ANL; CMA CGM; Heung-A; Maersk Line; MCC; Safmarine",6,16,6267.33333333333,137.5,1043,4496,2,3,3,"{3,2,3}"
2016-03-27,CNXMN,Xiamen,MYTPP,"Tanjung Pelepas",1,1,MCC,1,8,2891.25,564.5,2732,3450,6,6,6,{6}
2016-03-27,CNXMN,Xiamen,PHMNL,Manila,1,1,MOL,1,3,1596.66666666667,98,1440,1705,2,2,2,{2}
2016-03-27,CNXMN,Xiamen,TWKEL,Keelung,2,2,"ANL; CNC Line-Cheng Lie Navigation Co. Ltd.; Evergreen Line; TS Lines; Yang Ming",5,5,3419.33333333333,504,1440,1970,1,1,1,"{1,1}"
2016-03-27,CNXMN,Xiamen,TWKHH,Kaohsiung,2,2,"APL; CMA CGM; COSCO; CSCL; Evergreen Line; Hanjin Shipping; Hapag-Lloyd; Hyundai; K Line; MOL; NYK; OOCL; Yang Ming; ZIM",14,21,12331.2181818182,982.418181818182,4700,9040,2,2,2,"{2,2}"
2016-03-27,CNXMN,Xiamen,USLAX,"Los Angeles CA",1,1,"Maersk Line; MCC; MSC; Safmarine; Seago Line",5,17,13399.7647058824,882.352941176471,12400,18270,14,14,14,{14}
2016-03-27,CNXMN,Xiamen,USLGB,"Long Beach CA",1,1,"Hanjin Shipping; K Line; PIL; Wan Hai; Yang Ming",5,6,6101.5,541.666666666667,5610,8531,13,13,13,{13}
2016-03-27,CNXMN,Xiamen,VNSGN,"Ho Chi Minh (VICT/Cat Lai)",3,3,"Gold Star Line; KMTC; OOCL; Sinotrans; SITC Shipping; TS Lines; ZIM",7,11,5297.25,746.083333333333,1264,2578,3,4,4,"{3,4,4}"
2016-03-27,CNYNT,Yantai,CNDLC,Dalian,3,3,"COSCO; Puhai Shipping; Sinotrans; SITC Shipping",4,6,3393.83333333333,301.666666666667,850,1432,1,1,1,"{1,1,1}"
2016-03-27,CNYNT,Yantai,CNTXG,Xingang/Tianjin,1,1,"Easline Shipping; Heung-A; PanOcean; SITC Shipping",4,1,1740,300,1740,1740,2,2,2,{2}
2016-03-27,CNYNT,Yantai,JPTYO,Tokyo,2,2,"COSCO; K Line; Puhai Shipping; Sinotrans; SITC Shipping",5,5,3812,501.666666666667,1040,2800,3,3.5,4,"{3,4}"
2016-03-27,CNYTN,Yantian,AUMEL,Melbourne,1,1,"Alianca; APL; Hamburg Sud; Hapag-Lloyd; Hyundai; Maersk Line; MSC",7,5,3853,359.6,4672,4975,12,12,12,{12}
2016-03-27,CNYTN,Yantian,CAVAN,"Vancouver BC",1,1,"APL; Hapag-Lloyd; Hyundai; MOL; NYK; OOCL; ZIM",7,7,9217.14285714286,757.142857142857,8063,10070,12,12,12,{12}
2016-03-27,CNYTN,Yantian,CNCWN,Chiwan,2,2,"ANL; CMA CGM; CNC Line-Cheng Lie Navigation Co. Ltd.; COSCO; CSCL; UASC; USL-US Lines",7,15,11220.9545454545,1112.40909090909,2778,11388,1,1,1,"{1,1}"
2016-03-27,CNYTN,Yantian,CNNGB,Ningbo,1,1,"Evergreen Line",1,10,4418.2,485.6,4211,5100,3,3,3,{3}
2016-03-27,CNYTN,Yantian,CNNSA,Nansha,2,2,"ANL; CMA CGM; COSCO; CSCL; Evergreen Line; Hanjin Shipping; K Line; Maersk Line; MCC; Safmarine; UASC; Yang Ming",12,26,12035.9375,922.5625,4496,10114,1,1,1,"{1,1}"
2016-03-27,CNYTN,Yantian,CNSHA,Shanghai,6,6,"Alianca; ANL; APL; CMA CGM; COSCO; CSCL; Evergreen Line; Hamburg Sud; Hanjin Shipping; Hapag-Lloyd; Hyundai; K Line; Maersk Line; MCC; MOL; MSC; NYK; OOCL; PIL; Safmarine; Seago Line; UASC; USL-US Lines; Yang Ming; ZIM",25,59,47028.6891414141,3396.48257575758,4154,19272,2,3,3,"{3,2,3,2,3,3}"
2016-03-27,CNYTN,Yantian,CNSHK,Shekou,2,2,"COSCO; Evergreen Line; Hanjin Shipping; K Line; MOL; PIL; Yang Ming",7,15,9251.82142857143,668.357142857143,1800,8073,1,1,1,"{1,1}"
2016-03-27,CNYTN,Yantian,CNTAO,Qingdao,2,2,"Alianca; ANL; APL; CMA CGM; COSCO; CSCL; Evergreen Line; Hamburg Sud; Hanjin Shipping; Hapag-Lloyd; Hyundai; K Line; MOL; NYK; OOCL; UASC; USL-US Lines; Yang Ming",18,23,29759.5833333333,1575.75757575758,13169,19100,5,5,5,"{5,5}"
2016-03-27,CNYTN,Yantian,CNXMN,Xiamen,2,2,"Alianca; CCNI; CMA CGM; CSCL; Hamburg Sud; Hapag-Lloyd; Hyundai; Maersk Line; MCC; MSC; Safmarine; Seago Line",12,27,20700.9647058824,2422.35294117647,7090,18270,1,1.5,2,"{1,2}"
2016-03-27,CNYTN,Yantian,HKHKG,"Hong Kong",13,13,"Alianca; ANL; CMA CGM; CNC Line-Cheng Lie Navigation Co. Ltd.; COSCO; CSCL; CULines-China United Lines; Evergreen Line; Hamburg Sud; Hanjin Shipping; Hapag-Lloyd; Hyundai; K Line; Maersk Line; MCC; MOL; MSC; NYK; OOCL; PIL; Safmarine; SITC Shipping; TS Lines; UASC; Wan Hai; Yang Ming; ZIM",27,83,69107.1214285714,8599.08333333333,1016,13092,0,1,2,"{1,0,1,0,1,0,1,2,1,0,1,1,1}"
2016-03-27,CNYTN,Yantian,JPNGO,Nagoya,1,1,"COSCO; Hanjin Shipping; K Line; MOL; Yang Ming",5,6,5660.66666666667,514.333333333333,5608,5888,3,3,3,{3}
2016-03-27,CNYTN,Yantian,JPTYO,Tokyo,1,1,"Alianca; Hamburg Sud; IAL-Interasia Lines; Wan Hai",4,4,1800,,1800,1800,4,4,4,{4}
2016-03-27,CNYTN,Yantian,JPUKB,Kobe,1,1,"Maersk Line; MCC; MSC; Safmarine; Seago Line",5,11,13047.8181818182,872.727272727273,13050,15908,3,3,3,{3}
2016-03-27,CNYTN,Yantian,KRPUS,Busan,2,2,"CMA CGM; COSCO; CSCL; Evergreen Line; Hanjin Shipping; K Line; Maersk Line; Marguisa; MCC; MSC; Safmarine; Seago Line; UASC; Yang Ming",14,20,29370.202020202,1345.45454545455,10114,18270,3,3.5,4,"{3,4}"
2016-03-27,CNYTN,Yantian,MYPKG,"Port Klang",4,4,"Alianca; ANL; CMA CGM; COSCO; CSCL; Evergreen Line; FESCO; Hamburg Sud; Hanjin Shipping; K Line; MCC; OPDR; UASC; USL-US Lines; Yang Ming",15,40,45460.834965035,2673.4,1713,19100,4,4,5,"{4,5,4,4}"
2016-03-27,CNYTN,Yantian,MYTPP,"Tanjung Pelepas",6,6,"CMA CGM; COSCO; Evergreen Line; Hanjin Shipping; K Line; Maersk Line; MCC; MSC; Safmarine; Seago Line; UASC; Yang Ming",12,72,88899.1434937611,4892.95900178253,12400,19272,2,3,4,"{4,2,3,3,3,4}"
2016-03-27,CNYTN,Yantian,PAONX,Colon,1,1,"COSCO; Hanjin Shipping",2,9,4379.77777777778,359.111111111111,4250,5050,21,21,21,{21}
2016-03-27,CNYTN,Yantian,PHBTG,Batangas,1,1,MCC,1,10,1734.7,351.8,1705,1856,3,3,3,{3}
2016-03-27,CNYTN,Yantian,SGSIN,Singapore,13,13,"ANL; APL; BTL-Bengal Tiger Line; CMA CGM; COSCO; CSCL; Evergreen Line; Gold Star Line; Hanjin Shipping; Hapag-Lloyd; Hyundai; K Line; Maersk Line; Marguisa; MCC; MOL; MSC; NYK; OOCL; RCL; Safmarine; Simatech; TS Lines; UASC; WEC Lines; Yang Ming; ZIM",27,144,123204.38755199,8510.07709447415,4350,14000,2,3,4,"{3,3,4,3,4,2,2,4,4,3,4,3,4}"
2016-03-27,CNYTN,Yantian,TWKHH,Kaohsiung,7,7,"Alianca; APL; COSCO; CSCL; Evergreen Line; Hamburg Sud; Hanjin Shipping; Hapag-Lloyd; Hyundai; K Line; MCC; MOL; NYK; OOCL; UASC; Yang Ming; ZIM",17,48,45042.95,3761.53333333333,2732,10055,1,1,2,"{1,1,2,1,2,1,2}"
2016-03-27,CNYTN,Yantian,USLAX,"Los Angeles CA",2,2,"Evergreen Line; Hanjin Shipping; Hapag-Lloyd; Hyundai; MCC; NYK; OOCL",7,18,12648,1117.66666666667,5652,8073,13,13.5,14,"{13,14}"
2016-03-27,CNYTN,Yantian,USLGB,"Long Beach CA",2,2,"Alianca; ANL; CMA CGM; COSCO; CSCL; Hamburg Sud; Hanjin Shipping; K Line; PIL; UASC; USL-US Lines; Wan Hai",12,13,20687.0952380952,1523.80952380952,8120,17859,14,14,14,"{14,14}"
2016-03-27,CNYTN,Yantian,VNSGN,"Ho Chi Minh (VICT/Cat Lai)",1,1,"ANL; CMA CGM; COSCO; CSCL; Evergreen Line; Hanjin Shipping; K Line; USL-US Lines; Yang Ming",9,10,13985,500,13870,14100,2,2,2,{2}
2016-03-27,CNYTN,Yantian,VNTCT,"Cai Mep",5,5,"Alianca; ANL; APL; CMA CGM; COSCO; CSCL; Evergreen Line; FESCO; Hamburg Sud; Hanjin Shipping; Hapag-Lloyd; Hyundai; K Line; MCC; MOL; NYK; OOCL; PIL; UASC; USL-US Lines; Yang Ming; ZIM",22,58,33205.3444444444,2722.71561771562,2546,14500,2,2,3,"{2,3,2,3,2}"
2016-03-27,CNZHA,Zhanjiang,CNGON,Gaolan,1,1,"Wan Hai",1,3,1469.33333333333,133.333333333333,1040,1858,0,0,0,{0}
2016-03-27,CNZHA,Zhanjiang,CNNSA,Nansha,1,1,PIL,1,4,1512.75,115,1267,1684,1,1,1,{1}
2016-03-27,CNZHA,Zhanjiang,HKHKG,"Hong Kong",1,1,"Evergreen Line",1,1,1164,200,1164,1164,2,2,2,{2}
2016-03-27,COADZ,"San Andres Island",GTSTC,"Santo Tomas de Castilla",1,1,"King Ocean",1,2,233.5,20,205,262,5,5,5,{5}
2016-03-27,COBAQ,Barranquilla,COCTG,Cartagena,2,2,"Alianca; Caribbean Feeder; Hamburg Sud; King Ocean; Seaboard Marine; ZIM",6,6,2123.25,441,957,1102,0,1,2,"{0,2}"
2016-03-27,COBAQ,Barranquilla,COSMR,"Santa Marta",4,4,"ANL; APL; CMA CGM; Evergreen Line; Hyundai; King Ocean; Maersk Line; MOL; Safmarine; Seaboard Marine; SeaLand; USL-US Lines; X-Press",13,15,5473.8,1140.13333333333,877,1740,0,0.5,1,"{1,0,0,1}"
2016-03-27,COBAQ,Barranquilla,COTRB,Turbo,1,1,"Alianca; Hamburg Sud; NYK",3,3,2052,350,1714,2702,1,1,1,{1}
2016-03-27,COBAQ,Barranquilla,VEMAR,Maracaibo,1,1,"King Ocean",1,4,1024.25,231,957,1100,3,3,3,{3}
2016-03-27,COBUN,Buenaventura,COCTG,Cartagena,1,1,"Alianca; CCNI; Hamburg Sud; Hapag-Lloyd",4,6,4299.83333333333,586,4043,4600,2,2,2,{2}
2016-03-27,COBUN,Buenaventura,ECGYE,Guayaquil,6,6,"Alianca; APL; CCNI; CMA CGM; COSCO; CSCL; Evergreen Line; Hamburg Sud; Hapag-Lloyd; Hyundai; Maersk Line; MSC; PIL; Safmarine; SeaLand; Wan Hai; Yang Ming",17,40,19463.35,3554.85,1180,9443,1,2,5,"{1,2,1,3,2,5}"
2016-03-27,COBUN,Buenaventura,MXLZC,"Lazaro Cardenas",1,1,"Maersk Line; MCC; MSC; SeaLand",4,8,9316,600,9038,13102,6,6,6,{6}
2016-03-27,COBUN,Buenaventura,PABLB,Balboa,3,3,"ANL; APL; CMA CGM; Evergreen Line; Hanjin Shipping; Hapag-Lloyd; K Line; Maersk Line; MCC; MOL; NYK; Safmarine; SeaLand",13,33,15537.7142857143,1556.25,1296,9640,1,2,2,"{1,2,2}"
2016-03-27,COBUN,Buenaventura,PAROD,Rodman,1,1,"CMA CGM",1,4,1238,401.5,1180,1296,2,2,2,{2}
2016-03-27,COBUN,Buenaventura,PECLL,Callao,4,4,"Alianca; ANL; APL; CCNI; CMA CGM; COSCO; CSCL; Evergreen Line; Hamburg Sud; Hapag-Lloyd; Hyundai; Maersk Line; MCC; MSC; PIL; Safmarine; SeaLand; Wan Hai; Yang Ming",19,50,26479.8857142857,2182.52142857143,3922,10055,3,3,4,"{3,3,3,4}"
2016-03-27,COCTG,Cartagena,BRSUA,Suape,1,1,"Alianca; Hamburg Sud; Hapag-Lloyd; MSC; ZIM",5,7,5723.14285714286,1298.57142857143,5552,6750,8,8,8,{8}
2016-03-27,COCTG,Cartagena,COBAQ,Barranquilla,6,6,"Alianca; ANL; APL; Caribbean Feeder; CMA CGM; Evergreen Line; Hamburg Sud; Hyundai; King Ocean; Maersk Line; MOL; NYK; Safmarine; Seaboard Marine; SeaLand; USL-US Lines; X-Press; ZIM",18,22,7909.05,1631.13333333333,877,2702,0,1,2,"{1,0,1,0,1,2}"
2016-03-27,COCTG,Cartagena,COBUN,Buenaventura,1,1,"Alianca; Hamburg Sud",2,2,1347,449,1347,1347,3,3,3,{3}
2016-03-27,COCTG,Cartagena,CRLIO,"Puerto Limon",1,1,"Alianca; Hamburg Sud; NYK",3,3,2052,350,1714,2702,2,2,2,{2}
2016-03-27,COCTG,Cartagena,DOCAU,Caucedo,3,3,"Alianca; ANL; CMA CGM; Hamburg Sud; Hapag-Lloyd; Maersk Line; SeaLand; ZIM",8,24,11009.6477272727,1727.28636363636,2478,4800,1,2,2,"{2,1,2}"
2016-03-27,COCTG,Cartagena,ECGYE,Guayaquil,3,3,"Alianca; CCNI; CMA CGM; Hamburg Sud; Hapag-Lloyd; SeaLand; ZIM",7,20,10461.6111111111,1596.93650793651,1728,4600,3,4,5,"{4,5,3}"
2016-03-27,COCTG,Cartagena,ESMPG,Marin,1,1,"Alianca; Hamburg Sud",2,6,2561.66666666667,473.333333333333,2550,2602,10,10,10,{10}
2016-03-27,COCTG,Cartagena,ESVLC,Valencia,1,1,"Alianca; CCNI; Hamburg Sud; Hapag-Lloyd",4,5,3708,535.714285714286,1728,1732,13,13,13,{13}
2016-03-27,COCTG,Cartagena,GTSTC,"Santo Tomas de Castilla",1,1,"CMA CGM; Hapag-Lloyd",2,6,2455.33333333333,583.333333333333,2260,2556,3,3,3,{3}
2016-03-27,COCTG,Cartagena,JMKIN,Kingston,2,2,"Alianca; ANL; APL; Caribbean Feeder; CMA CGM; CSCL; Hamburg Sud; Hapag-Lloyd; Seaboard Marine; ZIM",10,14,5847.41666666667,618.833333333333,1096,5095,1,1.5,2,"{2,1}"
2016-03-27,COCTG,Cartagena,MXVER,Veracruz,1,1,"Alianca; Hamburg Sud; Hapag-Lloyd; Maersk Line; MSC; NYK; SeaLand; ZIM",8,8,5794,539,5500,6750,5,5,5,{5}
2016-03-27,COCTG,Cartagena,MXZLO,"Manzanillo, MEX",1,1,"Alianca; Hamburg Sud; Hapag-Lloyd; ZIM",4,11,4408.27272727273,393.636363636364,4250,4800,8,8,8,{8}
2016-03-27,COCTG,Cartagena,NLRTM,Rotterdam,1,1,"Alianca; CMA CGM; Hamburg Sud; Hapag-Lloyd",4,8,3616.625,631,3091,4250,13,13,13,{13}
2016-03-27,COCTG,Cartagena,PABLB,Balboa,1,1,"Alianca; CMA CGM; Hamburg Sud; Hapag-Lloyd; Maersk Line; MSC; SeaLand",7,10,3425.8,705.6,3000,3752,1,1,1,{1}
2016-03-27,COCTG,Cartagena,PACTB,Cristobal,2,2,"Alianca; Hamburg Sud; Hapag-Lloyd; MSC; WEC Lines; ZIM",6,16,10332.5873015873,1984.68253968254,3922,6750,1,1.5,2,"{2,1}"
2016-03-27,COCTG,Cartagena,PAMIT,Manzanillo,10,10,"Alianca; ANL; APL; CMA CGM; Evergreen Line; Hamburg Sud; Hapag-Lloyd; Hyundai; King Ocean; Maersk Line; Marfret; Melfi Marine; MOL; Seaboard Marine; Seago Line; SeaLand; X-Press; ZIM",18,53,24214.8928571429,4655.81666666667,877,4250,1,2,3,"{1,1,2,2,1,1,2,3,2,2}"
2016-03-27,COCTG,Cartagena,PFPPT,"Papeete, Tahiti",1,1,"ANL; CMA CGM; Marfret; USL-US Lines",4,7,5468.57142857143,1201.71428571429,2478,2872,12,12,12,{12}
2016-03-27,COCTG,Cartagena,RUNJK,Nakhodka,1,1,"Alianca; ANL; CMA CGM; CSCL; Hamburg Sud; UASC",6,15,4246.26666666667,572.466666666667,3802,4546,24,24,24,{24}
2016-03-27,COCTG,Cartagena,USPEF,"Port Everglades FL",1,1,"Alianca; CCNI; Hamburg Sud; Hapag-Lloyd",4,6,4299.83333333333,586,4043,4600,3,3,3,{3}
2016-03-27,COCTG,Cartagena,USPHL,"Philadelphia PA",1,1,"Alianca; CMA CGM; Hamburg Sud; Hapag-Lloyd; Maersk Line; MSC; SeaLand",7,10,3425.8,705.6,3000,3752,6,6,6,{6}
2016-03-27,COCTG,Cartagena,USSAV,"Savannah GA",1,1,"Alianca; ANL; CMA CGM; CSCL; Hamburg Sud; UASC",6,15,4246.26666666667,572.466666666667,3802,4546,4,4,4,{4}
2016-03-27,COCTG,Cartagena,VELAG,"La Guaira",2,2,"Alianca; Caribbean Feeder; Hamburg Sud; Hapag-Lloyd; Seaboard Marine; ZIM",6,2,3014.14285714286,116,657,1100,2,2,2,"{2,2}"
2016-03-27,COCTG,Cartagena,VEPBL,"Puerto Cabello",1,1,"Alianca; Hamburg Sud",2,4,1799.25,470.25,1740,1819,2,2,2,{2}
2016-03-27,COPBO,"Puerto Bolivar",DOHAI,"Rio Haina",1,1,"Seaboard Marine",1,2,1740,300,1740,1740,1,1,1,{1}
2016-03-27,COSMR,"Santa Marta",COCTG,Cartagena,1,1,"APL; Evergreen Line; Hyundai; King Ocean; MOL; Seaboard Marine; X-Press",7,3,887,177.333333333333,877,907,1,1,1,{1}
2016-03-27,COSMR,"Santa Marta",COPBO,"Puerto Bolivar",1,1,"Seaboard Marine",1,2,1740,300,1740,1740,1,1,1,{1}
2016-03-27,COSMR,"Santa Marta",COTRB,Turbo,1,1,"ANL; CMA CGM; USL-US Lines",3,5,1130.4,260.8,957,1345,2,2,2,{2}
2016-03-27,COSMR,"Santa Marta",CRMOB,Moin,1,1,Dole,1,2,2046,990,2046,2046,1,1,1,{1}
2016-03-27,COSMR,"Santa Marta",GBPME,Portsmouth,1,1,"Maersk Line",1,5,2552.8,568,2520,2602,12,12,12,{12}
2016-03-27,COSMR,"Santa Marta",PAMIT,Manzanillo,1,1,"Maersk Line; Safmarine; SeaLand",3,5,1716.4,402,1708,1740,2,2,2,{2}
2016-03-27,COTRB,Turbo,COCTG,Cartagena,2,2,"Alianca; Hamburg Sud; NYK; Seaboard Marine",4,6,3919.33333333333,683.333333333333,1714,2702,1,1,1,"{1,1}"
2016-03-27,COTRB,Turbo,COSMR,"Santa Marta",1,1,"Maersk Line",1,5,2552.8,568,2520,2602,1,1,1,{1}
2016-03-27,COTRB,Turbo,GPPTP,Pointe-a-Pitre,1,1,"CMA CGM; Marfret",2,6,2656.66666666667,530.5,2500,2790,4,4,4,{4}
2016-03-27,COTRB,Turbo,JMKIN,Kingston,1,1,"ANL; CMA CGM; USL-US Lines",3,5,1130.4,260.8,957,1345,2,2,2,{2}
2016-03-27,CRCAL,"Puerto Caldera",GTPRQ,"Puerto Quetzal",2,2,"Dole; Hapag-Lloyd; NYK",3,7,3735.66666666667,716.916666666667,890,2664,1,1.5,2,"{2,1}"
2016-03-27,CRCAL,"Puerto Caldera",MXZLO,"Manzanillo, MEX",1,1,"Alianca; CMA CGM; Evergreen Line; Hamburg Sud; Hapag-Lloyd; X-Press",6,2,1507,318,1296,1718,5,5,5,{5}
2016-03-27,CRLIO,"Puerto Limon",COTRB,Turbo,1,1,"CMA CGM; Marfret",2,6,2656.66666666667,530.5,2500,2790,1,1,1,{1}
2016-03-27,CRLIO,"Puerto Limon",GTSTC,"Santo Tomas de Castilla",2,2,"Alianca; Hamburg Sud; Hapag-Lloyd; Maersk Line; NYK; SeaLand",6,8,4568,770.4,1714,2702,3,3.5,4,"{3,4}"
2016-03-27,CRLIO,"Puerto Limon",HNPCR,"Puerto Cortes",1,1,"Seaboard Marine",1,3,1867.33333333333,333.333333333333,1740,2122,2,2,2,{2}
2016-03-27,CRLIO,"Puerto Limon",JMKIN,Kingston,2,2,"CMA CGM; Hapag-Lloyd; Seaboard Marine",3,9,4305.33333333333,927.333333333333,1732,2556,1,2,3,"{1,3}"
2016-03-27,CRLIO,"Puerto Limon",PACTB,Cristobal,1,1,"Great White Fleet; MSC",2,5,2548.8,568,2520,2556,1,1,1,{1}
2016-03-27,CRLIO,"Puerto Limon",PAMIT,Manzanillo,5,5,"APL; Crowley; Evergreen Line; Hapag-Lloyd; Hyundai; King Ocean; Maersk Line; MOL; MSC; Safmarine; Seaboard Marine; SeaLand; X-Press",13,17,10064.4,1740.23333333333,877,2578,1,1,1,"{1,1,1,1,1}"
2016-03-27,CRLIO,"Puerto Limon",PAONX,Colon,2,2,"Caribbean Feeder; Evergreen Line; Hapag-Lloyd; Maersk Line; MOL; Seaboard Marine; SeaLand; X-Press; ZIM",9,4,3324,629,1100,2122,1,1,1,"{1,1}"
2016-03-27,CRLIO,"Puerto Limon",PAPAM,Almirante,1,1,"Great White Fleet",1,2,2482,558,2474,2490,1,1,1,{1}
2016-03-27,CRLIO,"Puerto Limon",USMIA,"Miami FL",1,1,"Crowley; Evergreen Line; King Ocean; Seaboard Marine",4,2,2483,440.5,2442,2524,4,4,4,{4}
2016-03-27,CRMOB,Moin,COCTG,Cartagena,1,1,"Alianca; Hamburg Sud",2,6,2561.66666666667,473.333333333333,2550,2602,2,2,2,{2}
2016-03-27,CRMOB,Moin,HNPCA,"Puerto Castilla",1,1,Dole,1,2,2046,990,2046,2046,1,1,1,{1}
2016-03-27,CRMOB,Moin,HNPCR,"Puerto Cortes",1,1,StreamLines,1,5,1654.2,339.8,1341,2122,2,2,2,{2}
2016-03-27,CRMOB,Moin,IEORK,Cork,1,1,"Maersk Line; Safmarine; Seago Line",3,6,2545.33333333333,600,2530,2556,13,13,13,{13}
2016-03-27,CUMAR,Mariel,BSFPO,Freeport,1,1,"MSC; WEC Lines",2,1,3542.85714285714,242.857142857143,2480,2480,0,0,0,{0}
2016-03-27,CUMAR,Mariel,COCTG,Cartagena,1,1,"Alianca; Hamburg Sud",2,4,1799.25,470.25,1740,1819,4,4,4,{4}
2016-03-27,CUMAR,Mariel,CUSCU,"Santiago de Cuba",3,3,"CMA CGM; Melfi Marine; MSC; WEC Lines; ZIM",5,4,4875.21428571429,932.785714285714,1098,1713,2,2,3,"{3,2,2}"
2016-03-27,CUMAR,Mariel,GTSTC,"Santo Tomas de Castilla",1,1,"Crowley; King Ocean",2,1,972,170,972,972,2,2,2,{2}
2016-03-27,CUMAR,Mariel,ITNAP,Naples,1,1,"Melfi Marine",1,4,2604.64285714286,442.5,1678,2080,16,16,16,{16}
2016-03-27,CUSCU,"Santiago de Cuba",COCTG,Cartagena,1,1,"Melfi Marine; ZIM",2,2,1709.5,338.5,1706,1713,2,2,2,{2}
2016-03-27,CUSCU,"Santiago de Cuba",DOCAU,Caucedo,1,1,"MSC; WEC Lines",2,1,1568.57142857143,280,1098,1098,2,2,2,{2}
2016-03-27,CUSCU,"Santiago de Cuba",JMKIN,Kingston,1,1,"CMA CGM",1,1,1597.14285714286,314.285714285714,1118,1118,1,1,1,{1}
2016-03-27,CVRAI,Praia,GWOXB,Bissau,1,1,Transinsular,1,2,2706,344,1129,1577,2,2,2,{2}
2016-03-27,CVRAI,Praia,SLFNA,Freetown,1,1,"Maersk Line; Safmarine",2,2,4443,342,1417,1545,4,4,4,{4}
2016-03-27,CVVXE,"St Vincente",CVRAI,Praia,2,2,"Maersk Line; Safmarine; Transinsular",3,4,7149,686,1129,1577,1,1,1,"{1,1}"
2016-03-27,CWWIL,Willemstad,BQKRA,Bonaire,1,1,"Alianca; Hamburg Sud; King Ocean; Seaboard Marine",4,3,1776.66666666667,312.666666666667,1740,1795,1,1,1,{1}
2016-03-27,CWWIL,Willemstad,COCTG,Cartagena,1,1,"ANL; CMA CGM; USL-US Lines",3,5,1130.4,260.8,957,1345,2,2,2,{2}
2016-03-27,CWWIL,Willemstad,DOHAI,"Rio Haina",1,1,"Evergreen Line; MOL; SeaLand; X-Press; ZIM",5,2,2122,400,2122,2122,1,1,1,{1}
2016-03-27,CWWIL,Willemstad,PAMIT,Manzanillo,1,1,"Caribbean Feeder; Hapag-Lloyd; Seaboard Marine; ZIM",4,2,712,145.5,712,712,3,3,3,{3}
2016-03-27,CYLMS,Limassol,EGALY,Alexandria,1,1,"MSC; WEC Lines; ZIM",3,5,6439.2,452,4549,7455,1,1,1,{1}
2016-03-27,CYLMS,Limassol,ILASH,Ashdod,2,2,"Alianca; Borchard Lines Ltd; Hamburg Sud; Hapag-Lloyd; Maersk Line; Safmarine; Seago Line; ZIM",8,9,5603.8,964,1216,4644,1,1,1,"{1,1}"
2016-03-27,DEBRB,Elbehafen,DEHAM,Hamburg,1,1,"ANL; CMA CGM; FESCO; X-Press",4,1,2016,468,1008,1008,0,0,0,{0}
2016-03-27,DEBRB,Elbehafen,NLRTM,Rotterdam,1,1,"ANL; CMA CGM; FESCO; X-Press",4,1,2016,468,1008,1008,2,2,2,{2}
2016-03-27,DEBRV,Bremerhaven,BEANR,Antwerp,6,6,"Alianca; Borchard Lines Ltd; CMA CGM; COSCO; Hamburg Sud; Hanjin Shipping; Hapag-Lloyd; Maersk Line; MCC; MSC; Safmarine; Seago Line; Turkon; ZIM",14,41,37851.925,5295.16666666667,868,19224,1,1,2,"{1,1,1,2,2,1}"
2016-03-27,DEBRV,Bremerhaven,BZBGK,"Big Creek",1,1,"Maersk Line; Safmarine; Seago Line",3,6,2545.33333333333,600,2530,2556,18,18,18,{18}
2016-03-27,DEBRV,Bremerhaven,DEHAM,Hamburg,11,11,"COSCO; Evergreen Line; Hapag-Lloyd; MSC; OOCL; Team Lines; TransAtlantic; Unifeeder; WEC Lines; ZIM",10,28,18421.6111111111,2983.39682539683,508,5800,1,1,2,"{1,1,1,2,1,1,2,1,1,1,1}"
2016-03-27,DEBRV,Bremerhaven,DEWVN,Wilhelmshaven,2,2,"Maersk Line; Safmarine; Seago Line",3,11,11143.375,1746,1719,9964,1,1.5,2,"{2,1}"
2016-03-27,DEBRV,Bremerhaven,DKCPH,Copenhagen,1,1,"Seago Line",1,4,912.25,216.25,868,1036,2,2,2,{2}
2016-03-27,DEBRV,Bremerhaven,EETLL,"Tallinn Estonia",1,1,"Hapag-Lloyd; OOCL; Team Lines; Unifeeder",4,3,888,214.285714285714,1036,1036,2,2,2,{2}
2016-03-27,DEBRV,Bremerhaven,ESALG,Algeciras,1,1,"DAL-Deutsche Afrika Linien; Maersk Line; MOL; Safmarine",4,8,6935.625,1112.5,6350,7450,9,9,9,{9}
2016-03-27,DEBRV,Bremerhaven,FIHEL,Helsinki,1,1,"Seago Line",1,3,1414.66666666667,327,1402,1440,3,3,3,{3}
2016-03-27,DEBRV,Bremerhaven,FIKEM,"Kemi Finland",1,1,TransAtlantic,1,2,952,200,868,1036,5,5,5,{5}
2016-03-27,DEBRV,Bremerhaven,FIKTK,Kotka,2,2,"MSC; Seago Line",2,5,3427.5,622.5,1438,1875,3,4,5,"{5,3}"
2016-03-27,DEBRV,Bremerhaven,FRLEH,"Le Havre",5,5,"ACL-Atlantic Container Line; Alianca; ANL; APL; CMA CGM; CSCL; Hamburg Sud; Hapag-Lloyd; Hyundai; Maersk Line; MOL; MSC; NYK; OOCL; Safmarine; SeaLand; UASC",17,39,24628.3142857143,2452.39523809524,2808,7403,1,1,2,"{2,1,2,1,1}"
2016-03-27,DEBRV,Bremerhaven,GBFXT,Felixstowe,2,2,"Maersk Line; MCC; MSC; Safmarine; Seago Line",5,15,21425.8863636364,1179.59090909091,3922,19272,1,1,1,"{1,1}"
2016-03-27,DEBRV,Bremerhaven,GBSOU,Southampton,1,1,"ACL-Atlantic Container Line; Hapag-Lloyd",2,5,3207.4,400,3200,3237,1,1,1,{1}
2016-03-27,DEBRV,Bremerhaven,LVRIX,Riga,2,2,"COSCO; Evergreen Line; Hapag-Lloyd; MSC; OOCL; Team Lines; Unifeeder",7,5,3215.66666666667,620,1404,1893,2,3,4,"{4,2}"
2016-03-27,DEBRV,Bremerhaven,NLRTM,Rotterdam,8,8,"ACL-Atlantic Container Line; APL; CMA CGM; COSCO; Evergreen Line; Hapag-Lloyd; Hyundai; K Line; Maersk Line; MCC; MSC; NYK; OOCL; Safmarine; Seago Line; SeaLand; Yang Ming",17,63,51702.6876623377,4772.96753246753,1402,18270,0,1,1,"{0,1,1,1,1,1,1,1}"
2016-03-27,DEBRV,Bremerhaven,NOFRK,Fredrikstad,1,1,"Seago Line",1,4,912.25,216.25,868,1036,2,2,2,{2}
2016-03-27,DEBRV,Bremerhaven,NOFUS,Fusa,1,1,"Seago Line",1,1,862,204,862,862,1,1,1,{1}
2016-03-27,DEBRV,Bremerhaven,NOKRS,Kristiansand,1,1,"Evergreen Line; Hapag-Lloyd; Team Lines; Unifeeder; ZIM",5,2,872.5,265.5,868,877,1,1,1,{1}
2016-03-27,DEBRV,Bremerhaven,PLGDN,Gdansk,1,1,"Maersk Line; MCC; MSC; Safmarine; Seago Line",5,11,16609.0909090909,545.454545454545,18270,18270,2,2,2,{2}
2016-03-27,DEBRV,Bremerhaven,PLGDY,"Gdynia Poland",2,2,"Hapag-Lloyd; MSC",2,4,5579,708,1404,4392,2,2,2,"{2,2}"
2016-03-27,DEBRV,Bremerhaven,RUKDT,Kronshtadt,1,1,"Seago Line",1,4,912.25,216.25,868,1036,4,4,4,{4}
2016-03-27,DEBRV,Bremerhaven,RUKGD,Kaliningrad,1,1,MSC,1,4,1340.5,284.75,1216,1440,1,1,1,{1}
2016-03-27,DEBRV,Bremerhaven,RULED,"St Petersburg",1,1,"Maersk Line; Seago Line; SeaLand",3,8,2502.25,537.5,2226,2592,4,4,4,{4}
2016-03-27,DEBRV,Bremerhaven,SEGOT,Gothenburg,1,1,"Maersk Line; MCC; MSC; Safmarine; Seago Line",5,12,15162.8333333333,1083.33333333333,15550,19224,1,1,1,{1}
2016-03-27,DEBRV,Bremerhaven,SEHAD,Halmstad,1,1,Hapag-Lloyd,1,2,1509,280.5,1440,1578,3,3,3,{3}
2016-03-27,DEBRV,Bremerhaven,SEHEL,Helsingborg,1,1,"Seago Line",1,2,868,150,868,868,1,1,1,{1}
2016-03-27,DEBRV,Bremerhaven,USCHS,"Charleston SC",1,1,"CMA CGM",1,6,4247.16666666667,576.166666666667,4178,4298,10,10,10,{10}
2016-03-27,DEBRV,Bremerhaven,USORF,"Norfolk VA",1,1,"Maersk Line; MSC; Safmarine",3,5,4701.6,380,4544,4824,9,9,9,{9}
2016-03-27,DEHAM,Hamburg,BEANR,Antwerp,14,14,"Alianca; ANL; CMA CGM; COSCO; CSCL; Evergreen Line; Hamburg Sud; Hanjin Shipping; Hapag-Lloyd; HDASCO; K Line; Maersk Line; MSC; NYK; OPDR; Safmarine; SCI-Shipping Corp. of India; Seago Line; Stinnes; TransAtlantic; UASC; USL-US Lines; WEC Lines; Yang Ming; ZIM",25,93,97372.9878787879,10084.396969697,660,14100,1,1,3,"{2,1,3,1,1,2,1,1,2,1,1,1,3,2}"
2016-03-27,DEHAM,Hamburg,BEZEE,Zeebrugge,1,1,"Alianca; ANL; CMA CGM; COSCO; CSCL; Evergreen Line; Hamburg Sud; Hanjin Shipping; K Line; UASC; USL-US Lines; Yang Ming",12,11,17200,909.090909090909,18800,19100,2,2,2,{2}
2016-03-27,DEHAM,Hamburg,CAMTR,Montreal,1,1,"Hapag-Lloyd; OOCL",2,4,4312.25,400,4043,4402,9,9,9,{9}
2016-03-27,DEHAM,Hamburg,COTRB,Turbo,1,1,"Maersk Line",1,5,2552.8,568,2520,2602,15,15,15,{15}
2016-03-27,DEHAM,Hamburg,DEBRV,Bremerhaven,12,11,"Alianca; ANL; CMA CGM; COSCO; Evergreen Line; Hamburg Sud; Hapag-Lloyd; Maersk Line; MCC; MSC; OOCL; Safmarine; Seago Line; SeaLand; Team Lines; TransAtlantic; Unifeeder; ZIM",18,51,31590.5443722944,4282.87012987013,868,15908,1,1,3,"{1,1,1,1,1,1,1,1,1,1,1,3}"
2016-03-27,DEHAM,Hamburg,DEKEL,Kiel,2,2,"ANL; CMA CGM; FESCO; X-Press",4,3,3101,704,1008,1085,0,0.5,1,"{1,0}"
2016-03-27,DEHAM,Hamburg,DEWVN,Wilhelmshaven,1,1,"Maersk Line; MCC; MSC; Safmarine; Seago Line",5,17,13399.7647058824,882.352941176471,12400,18270,1,1,1,{1}
2016-03-27,DEHAM,Hamburg,DKAAR,Aarhus,2,2,"ANL; CMA CGM; Eimskip",3,4,2769,702.5,1220,1457,0,1.5,3,"{3,0}"
2016-03-27,DEHAM,Hamburg,DKCPH,Copenhagen,2,2,"Evergreen Line; Hapag-Lloyd; Team Lines; Unifeeder; ZIM",5,2,1736,468,868,868,2,2,2,"{2,2}"
2016-03-27,DEHAM,Hamburg,DKFRC,Fredericia,3,3,"ANL; CMA CGM; Evergreen Line; Hapag-Lloyd; Team Lines; Unifeeder; ZIM",7,4,2690.5,629.5,700,1118,1,2,2,"{2,2,1}"
2016-03-27,DEHAM,Hamburg,DOCAU,Caucedo,1,1,"Hapag-Lloyd; MSC; WEC Lines",3,9,4609.44444444444,686.111111111111,3922,5301,11,11,11,{11}
2016-03-27,DEHAM,Hamburg,EGALY,Alexandria,1,1,"Alianca; Hamburg Sud; Hapag-Lloyd; Seago Line; UASC",5,5,4324,520,4255,4600,10,10,10,{10}
2016-03-27,DEHAM,Hamburg,ESALG,Algeciras,1,1,"Arkas Line; Hapag-Lloyd",2,6,1740,300,1740,1740,6,6,6,{6}
2016-03-27,DEHAM,Hamburg,FRLEH,"Le Havre",1,1,"ANL; CMA CGM; Hapag-Lloyd; USL-US Lines",4,13,4672.46153846154,436.615384615385,4050,5770,1,1,1,{1}
2016-03-27,DEHAM,Hamburg,GBFXT,Felixstowe,1,1,"Alianca; ANL; CMA CGM; CSCL; Evergreen Line; FESCO; Hamburg Sud; Hanjin Shipping; K Line; PIL; UASC; USL-US Lines; Yang Ming",13,13,11402,569.230769230769,11388,14500,1,1,1,{1}
2016-03-27,DEHAM,Hamburg,GBIMM,Immingham,1,1,"COSCO; Hapag-Lloyd; Tschudi Express; Unifeeder",4,2,798,125,624,972,2,2,2,{2}
2016-03-27,DEHAM,Hamburg,GBLGP,"London Gateway",1,1,"Alianca; ANL; CMA CGM; Hamburg Sud; Hapag-Lloyd",5,8,4085.375,913.25,3752,4250,2,2,2,{2}
2016-03-27,DEHAM,Hamburg,GBSOU,Southampton,3,3,"ACL-Atlantic Container Line; APL; Hapag-Lloyd; Hyundai; MOL; NYK; OOCL",7,27,29668.9818181818,2266.72727272727,8063,14000,1,2,2,"{2,1,2}"
2016-03-27,DEHAM,Hamburg,MXATM,Altamira,1,1,"Alianca; Hamburg Sud",2,6,2561.66666666667,473.333333333333,2550,2602,13,13,13,{13}
2016-03-27,DEHAM,Hamburg,NLRTM,Rotterdam,7,7,"ANL; APL; CMA CGM; COSCO; CSCL; DAL-Deutsche Afrika Linien; Evergreen Line; FESCO; Hanjin Shipping; Hapag-Lloyd; Hyundai; K Line; Marguisa; MOL; NYK; OOCL; OPDR; UASC; USL-US Lines; Yang Ming",20,67,69097.8021367521,4724.88333333333,868,17859,0,1,2,"{1,2,1,1,0,1,1}"
2016-03-27,DEHAM,Hamburg,NOOSL,Oslo,1,1,Hapag-Lloyd,1,1,648,100,648,648,2,2,2,{2}
2016-03-27,DEHAM,Hamburg,PLGDN,Gdansk,1,1,"APL; Hapag-Lloyd; Hyundai; MOL; NYK; OOCL",6,12,12559.5833333333,666.666666666667,13169,14000,2,2,2,{2}
2016-03-27,DEHAM,Hamburg,PLGDY,"Gdynia Poland",3,3,"ANL; CMA CGM; COSCO; CSCL; Hapag-Lloyd; Yang Ming",6,5,3788,868.5,1036,1440,2,2,2,"{2,2,2}"
2016-03-27,DEHAM,Hamburg,PLSZZ,Szczecin,1,1,"ANL; CMA CGM",2,1,907,200,907,907,2,2,2,{2}
2016-03-27,DEHAM,Hamburg,RUKDT,Kronshtadt,1,1,"ANL; CMA CGM",2,2,1067.5,214,1050,1085,3,3,3,{3}
2016-03-27,DEHAM,Hamburg,RUKGD,Kaliningrad,1,1,"ANL; CMA CGM",2,2,822,150,822,822,1,1,1,{1}
2016-03-27,DEHAM,Hamburg,RULED,"St Petersburg",4,3,"COSCO; CSCL; Evergreen Line; Hapag-Lloyd; OOCL; Team Lines; Unifeeder; Yang Ming",8,12,5627,1079.33333333333,1216,1638,2,3.5,5,"{2,5,3,4}"
2016-03-27,DEHAM,Hamburg,RUULU,"Ust Luga",2,2,"ANL; CMA CGM; FESCO; Hapag-Lloyd; OOCL; Team Lines; Unifeeder",7,5,2618,414.285714285714,1036,1730,3,3,3,"{3,3}"
2016-03-27,DEHAM,Hamburg,SESTO,Stockholm,2,2,"Hapag-Lloyd; Team Lines; TransAtlantic; Unifeeder",4,2,1330,200,508,822,2,2,2,"{2,2}"
2016-03-27,DEKEL,Kiel,DEBRB,Elbehafen,1,1,"ANL; CMA CGM; FESCO; X-Press",4,1,2016,468,1008,1008,1,1,1,{1}
2016-03-27,DEKEL,Kiel,RULED,"St Petersburg",2,2,"ANL; CMA CGM; FESCO; X-Press",4,3,3101,704,1008,1085,2,2,2,"{2,2}"
2016-03-27,DEWVN,Wilhelmshaven,DEBRV,Bremerhaven,2,2,"Maersk Line; MCC; MSC; Safmarine; Seago Line",5,14,16030.8333333333,1233.33333333333,868,19224,1,1.5,2,"{2,1}"
2016-03-27,DEWVN,Wilhelmshaven,DEHAM,Hamburg,2,2,"Seago Line",1,7,2326.91666666667,543.25,868,1440,1,1,1,"{1,1}"
2016-03-27,DEWVN,Wilhelmshaven,NLRTM,Rotterdam,2,2,"Maersk Line; MCC; MSC; Safmarine; Seago Line",5,25,22772.1397058824,2233.35294117647,6690,18270,1,1,1,"{1,1}"
2016-03-27,DEWVN,Wilhelmshaven,RULED,"St Petersburg",1,1,"Seago Line",1,3,1771,395,1719,1875,3,3,3,{3}
2016-03-27,DJJIB,Djibouti,AEKLF,"Khor Fakkan",1,1,"ANL; CMA CGM; CSCL; UASC; USL-US Lines",5,8,8750.25,907.25,8200,9289,3,3,3,{3}
2016-03-27,DJJIB,Djibouti,EGSOK,Sokhna,1,1,PIL,1,4,3056.25,310,3000,3075,4,4,4,{4}
2016-03-27,DJJIB,Djibouti,MTMAR,"Malta (Marsaxlokk)",1,1,"ANL; CMA CGM; COSCO; CSCL; UASC; USL-US Lines",6,11,8269.45454545455,590.909090909091,9415,11388,6,6,6,{6}
2016-03-27,DJJIB,Djibouti,MYPKG,"Port Klang",1,1,"CMA CGM; CSCL; Hanjin Shipping; UASC; Yang Ming",5,8,9177.625,612.5,8208,9661,9,9,9,{9}
2016-03-27,DJJIB,Djibouti,OMSLL,Salalah,3,3,"APL; Maersk Line; MSC; Safmarine; WEC Lines",5,23,14260.8337662338,1129.71428571429,2480,6696,0,1,2,"{0,1,2}"
2016-03-27,DJJIB,Djibouti,SAJED,Jeddah,1,1,"Maersk Line; Safmarine",2,7,4935.14285714286,429.714285714286,4306,6690,3,3,3,{3}
2016-03-27,DJJIB,Djibouti,SAKAC,"King Abdullah City",1,1,MSC,1,13,5753.38461538462,350.923076923077,4395,7455,2,2,2,{2}
2016-03-27,DJJIB,Djibouti,SGSIN,Singapore,1,1,"APL; PIL",2,8,6541.25,125,6350,6606,11,11,11,{11}
2016-03-27,DJJIB,Djibouti,YEADE,Aden,1,1,"APL; PIL",2,8,6541.25,125,6350,6606,1,1,1,{1}
2016-03-27,DKAAL,Aalborg,SEGOT,Gothenburg,1,1,"Evergreen Line; X-Press",2,1,698,128,698,698,1,1,1,{1}
2016-03-27,DKAAR,Aarhus,DEBRV,Bremerhaven,1,1,Hapag-Lloyd,1,1,868,234,868,868,1,1,1,{1}
2016-03-27,DKAAR,Aarhus,DEHAM,Hamburg,1,1,"Evergreen Line; Hapag-Lloyd; Team Lines; Unifeeder; ZIM",5,2,872.5,265.5,868,877,1,1,1,{1}
2016-03-27,DKAAR,Aarhus,DEWVN,Wilhelmshaven,1,1,"Maersk Line; MCC; MSC; Safmarine; Seago Line",5,12,15162.8333333333,1083.33333333333,15550,19224,1,1,1,{1}
2016-03-27,DKAAR,Aarhus,DKFRC,Fredericia,1,1,"CMA CGM; Evergreen Line; Team Lines; Unifeeder",4,1,1118,220,1118,1118,0,0,0,{0}
2016-03-27,DKAAR,Aarhus,FOTHO,Thorshavn,1,1,Eimskip,1,2,1457,400,1457,1457,2,2,2,{2}
2016-03-27,DKAAR,Aarhus,NOKRS,Kristiansand,1,1,"Evergreen Line; Hapag-Lloyd; Samskip; Unifeeder; ZIM",5,1,1008,238,1008,1008,1,1,1,{1}
2016-03-27,DKAAR,Aarhus,PLSZZ,Szczecin,1,1,Eimskip,1,2,698,60,698,698,1,1,1,{1}
2016-03-27,DKAAR,Aarhus,SEGOT,Gothenburg,3,3,"ANL; CMA CGM; K Line; Seago Line; Unifeeder",5,8,2995.5,602.5,809,1404,0,1,1,"{0,1,1}"
2016-03-27,DKCPH,Copenhagen,SEGOT,Gothenburg,1,1,"Evergreen Line; Hapag-Lloyd; Team Lines; Unifeeder; ZIM",5,1,868,234,868,868,1,1,1,{1}
2016-03-27,DKCPH,Copenhagen,SEHEL,Helsingborg,3,3,"Evergreen Line; Hapag-Lloyd; OOCL; Seago Line; Unifeeder",5,6,2589.25,450.25,809,1036,0,1,1,"{0,1,1}"
2016-03-27,DKCPH,Copenhagen,SEMMA,Malmo,1,1,"CMA CGM; Evergreen Line; Team Lines; Unifeeder",4,1,1118,220,1118,1118,0,0,0,{0}
2016-03-27,DKFRC,Fredericia,DEHAM,Hamburg,1,1,"ANL; CMA CGM",2,1,700,144,700,700,0,0,0,{0}
2016-03-27,DKFRC,Fredericia,DKCPH,Copenhagen,1,1,"CMA CGM; Evergreen Line; Team Lines; Unifeeder",4,1,1118,220,1118,1118,1,1,1,{1}
2016-03-27,DKFRC,Fredericia,DKKAL,Kalundborg,1,1,"Evergreen Line; Hapag-Lloyd; Team Lines; Unifeeder; ZIM",5,2,872.5,265.5,868,877,0,0,0,{0}
2016-03-27,DKFRC,Fredericia,SEHEL,Helsingborg,1,1,"CMA CGM; Evergreen Line; Team Lines; Unifeeder",4,1,1118,220,1118,1118,1,1,1,{1}
2016-03-27,DKKAL,Kalundborg,DKAAR,Aarhus,1,1,"Evergreen Line; Hapag-Lloyd; Team Lines; Unifeeder; ZIM",5,2,872.5,265.5,868,877,1,1,1,{1}
2016-03-27,DMRSU,Roseau,GPPTP,Pointe-a-Pitre,1,1,"CMA CGM",1,2,990,212,862,1118,1,1,1,{1}
2016-03-27,DMRSU,Roseau,GPSBH,"St Barthelemy",1,1,"King Ocean",1,4,1024.25,231,957,1100,0,0,0,{0}
2016-03-27,DOCAU,Caucedo,BRSSZ,Santos,1,1,"MSC; ZIM",2,8,6467.375,445,4549,6750,10,10,10,{10}
2016-03-27,DOCAU,Caucedo,BRSUA,Suape,1,1,"Alianca; Hamburg Sud; Hapag-Lloyd; Maersk Line; MSC; NYK; SeaLand; ZIM",8,8,5794,539,5500,6750,7,7,7,{7}
2016-03-27,DOCAU,Caucedo,COCTG,Cartagena,3,3,"Alianca; ANL; CMA CGM; Hamburg Sud; Hapag-Lloyd; MSC; NYK; WEC Lines",8,20,10746.8194444444,1949.36111111111,1714,5301,1,1,2,"{2,1,1}"
2016-03-27,DOCAU,Caucedo,CRLIO,"Puerto Limon",1,1,"APL; Maersk Line; MSC; SeaLand",4,2,2462,300,2456,2468,4,4,4,{4}
2016-03-27,DOCAU,Caucedo,DOHAI,"Rio Haina",1,1,"MSC; WEC Lines",2,1,1568.57142857143,280,1098,1098,1,1,1,{1}
2016-03-27,DOCAU,Caucedo,JMKIN,Kingston,2,2,"CMA CGM; Hapag-Lloyd; MSC; SeaLand; ZIM",5,12,5439.77777777778,875.222222222222,2122,3426,1,1.5,2,"{2,1}"
2016-03-27,DOCAU,Caucedo,NLRTM,Rotterdam,1,1,"Alianca; ANL; CMA CGM; Hamburg Sud; Hapag-Lloyd",5,8,4085.375,913.25,3752,4250,9,9,9,{9}
2016-03-27,DOCAU,Caucedo,PAMIT,Manzanillo,1,1,"Maersk Line; Safmarine; SeaLand",3,10,3049.3,756.2,2872,3078,3,3,3,{3}
2016-03-27,DOCAU,Caucedo,PRSJU,"San Juan PR",4,4,"Alianca; APL; Caribbean Feeder; Evergreen Line; Hamburg Sud; Hapag-Lloyd; Maersk Line; MOL; MSC; Seaboard Marine; SeaLand; X-Press; ZIM",13,11,8199,1330.4,1096,2578,0,0.5,1,"{0,0,1,1}"
2016-03-27,DOCAU,Caucedo,PTLIS,Lisbon,1,1,"Alianca; Hamburg Sud; Hapag-Lloyd; ZIM",4,11,4408.27272727273,393.636363636364,4250,4800,9,9,9,{9}
2016-03-27,DOCAU,Caucedo,TTPOS,"Port of Spain",1,1,"Alianca; ANL; APL; CMA CGM; CSCL; Hamburg Sud; Hapag-Lloyd",7,12,4748.41666666667,408.833333333333,4250,5095,2,2,2,{2}
2016-03-27,DOCAU,Caucedo,USHOU,"Houston TX",1,1,MSC,1,5,2522.57142857143,205.542857142857,2394,3424,4,4,4,{4}
2016-03-27,DOCAU,Caucedo,VGRAD,Tortola,1,1,"Tropical Shipping",1,2,1089.5,226,1061,1118,0,0,0,{0}
2016-03-27,DOHAI,"Rio Haina",COBAQ,Barranquilla,1,1,"King Ocean",1,4,1024.25,231,957,1100,2,2,2,{2}
2016-03-27,DOHAI,"Rio Haina",CUMAR,Mariel,1,1,"MSC; WEC Lines",2,1,1568.57142857143,280,1098,1098,3,3,3,{3}
2016-03-27,DOHAI,"Rio Haina",DOCAU,Caucedo,3,3,"Alianca; APL; Caribbean Feeder; Evergreen Line; Hamburg Sud; Maersk Line; MOL; MSC; Seaboard Marine; SeaLand; X-Press; ZIM",12,6,5683,910,1096,2468,0,0,0,"{0,0,0}"
2016-03-27,DOHAI,"Rio Haina",DOPOP,"Puerto Plata",1,1,"Seaboard Marine",1,1,1114,220,1114,1114,2,2,2,{2}
2016-03-27,DOHAI,"Rio Haina",HTLFF,"Port Lafito",1,1,"Seaboard Marine",1,2,1740,300,1740,1740,1,1,1,{1}
2016-03-27,DOHAI,"Rio Haina",HTPAP,Port-au-Prince,1,1,Crowley,1,1,972,170,972,972,2,2,2,{2}
2016-03-27,DOHAI,"Rio Haina",JMKIN,Kingston,1,1,"Seaboard Marine",1,3,1850,344,1732,2078,2,2,2,{2}
2016-03-27,DOHAI,"Rio Haina",PRSJU,"San Juan PR",1,1,"CMA CGM",1,2,990,212,862,1118,0,0,0,{0}
2016-03-27,DOHAI,"Rio Haina",USNYC,"New York NY/NJ",1,1,"Seaboard Marine",1,3,1850,344,1732,2078,6,6,6,{6}
2016-03-27,DOHAI,"Rio Haina",USPEF,"Port Everglades FL",2,2,"Crowley; King Ocean; Seaboard Marine",3,5,1996.25,401,957,1100,4,4,4,"{4,4}"
2016-03-27,DOHAI,"Rio Haina",VCKTN,"Kingstown, St Vincent",1,1,"Caribbean Feeder; Hapag-Lloyd; ZIM",3,3,699.333333333333,120,698,702,2,2,2,{2}
2016-03-27,DOPOP,"Puerto Plata",DOHAI,"Rio Haina",1,1,"Seaboard Marine",1,3,1850,344,1732,2078,1,1,1,{1}
2016-03-27,DOPOP,"Puerto Plata",USMIA,"Miami FL",2,2,"Seaboard Marine",1,3,2854,520,1114,1740,1,1.5,2,"{2,1}"
2016-03-27,ECESM,Esmeraldas,CLIQQ,Iquique,1,1,"Maersk Line; SeaLand",2,3,2525.33333333333,440.333333333333,2450,2602,5,5,5,{5}
2016-03-27,ECGYE,Guayaquil,CLARI,Arica,1,1,"Alianca; Hamburg Sud; Hapag-Lloyd",3,8,3072.125,341.875,1620,3600,5,5,5,{5}
2016-03-27,ECGYE,Guayaquil,COBUN,Buenaventura,2,2,"CMA CGM; Evergreen Line",2,8,2608.75,758.25,1180,1550,1,1.5,2,"{2,1}"
2016-03-27,ECGYE,Guayaquil,COCTG,Cartagena,1,1,"Alianca; Hamburg Sud",2,2,1347,449,1347,1347,7,7,7,{7}
2016-03-27,ECGYE,Guayaquil,CRCAL,"Puerto Caldera",1,1,Dole,1,3,1106.66666666667,296.666666666667,890,1540,1,1,1,{1}
2016-03-27,ECGYE,Guayaquil,ESALG,Algeciras,1,1,"CMA CGM; Hapag-Lloyd; SeaLand; ZIM",4,9,2453.77777777778,475.222222222222,2122,2764,15,15,15,{15}
2016-03-27,ECGYE,Guayaquil,PABLB,Balboa,7,7,"Alianca; APL; CCNI; CMA CGM; CSCL; Hamburg Sud; Hapag-Lloyd; Hyundai; K Line; Maersk Line; MOL; MSC; Safmarine; Seago Line; SeaLand",15,39,23603.6785714286,5225.48571428571,1341,9443,2,2,3,"{3,2,3,2,2,2,3}"
2016-03-27,ECGYE,Guayaquil,PAROD,Rodman,3,3,"Alianca; CCNI; CMA CGM; Great White Fleet; Hamburg Sud; Hapag-Lloyd; Seaboard Marine",7,14,6392.625,1350,957,4250,2,3,4,"{4,2,3}"
2016-03-27,ECGYE,Guayaquil,PECLL,Callao,7,7,"Alianca; CCNI; CMA CGM; COSCO; Evergreen Line; Hamburg Sud; Hapag-Lloyd; PIL; Trinity Shipping Line; Wan Hai; Yang Ming",11,39,19464.8083333333,3097.36428571429,505,5652,1,2,3,"{2,2,2,2,3,1,2}"
2016-03-27,ECGYE,Guayaquil,USMIA,"Miami FL",1,1,"Trinity Shipping Line",1,2,1028,175,505,523,8,8,8,{8}
2016-03-27,EETLL,"Tallinn Estonia",BEANR,Antwerp,1,1,MSC,1,2,1806,320,1719,1893,3,3,3,{3}
2016-03-27,EETLL,"Tallinn Estonia",FIKTK,Kotka,1,1,"Hapag-Lloyd; OOCL; Team Lines; Unifeeder",4,3,888,214.285714285714,1036,1036,1,1,1,{1}
2016-03-27,EETLL,"Tallinn Estonia",FIRAU,"Rauma Finland",1,1,"ANL; CMA CGM",2,2,1067.5,214,1050,1085,1,1,1,{1}
2016-03-27,EETLL,"Tallinn Estonia",LTKLJ,"Klaipeda
",1,1,"Seago Line",1,2,1724.5,300,1719,1730,1,1,1,{1}
2016-03-27,EETLL,"Tallinn Estonia",NLRTM,Rotterdam,1,1,"Hapag-Lloyd; OOCL; Unifeeder; ZIM",4,3,842.571428571429,208.857142857143,877,1036,3,3,3,{3}
2016-03-27,EETLL,"Tallinn Estonia",RULED,"St Petersburg",1,1,Hapag-Lloyd,1,2,1422,308,1404,1440,1,1,1,{1}
2016-03-27,EGALY,Alexandria,GRPIR,Piraeus,1,1,"COSCO; Evergreen Line; Hanjin Shipping; K Line; MOL; Yang Ming",6,8,7431.25,437.5,5500,8073,2,2,2,{2}
2016-03-27,EGALY,Alexandria,ILASH,Ashdod,1,1,"Alianca; Borchard Lines Ltd; Hamburg Sud; Hapag-Lloyd; Maersk Line; Safmarine; Seago Line; ZIM",8,5,4387.8,764,4135,4644,2,2,2,{2}
2016-03-27,EGALY,Alexandria,LBBEY,Beirut,1,1,"Alianca; Hamburg Sud; Hapag-Lloyd; Seago Line; UASC",5,5,4324,520,4255,4600,3,3,3,{3}
2016-03-27,EGALY,Alexandria,TRISK,Iskenderun,1,1,"MSC; WEC Lines; ZIM",3,5,6439.2,452,4549,7455,2,2,2,{2}
2016-03-27,EGALY,Alexandria,TRMER,Mersin,2,2,"Gold Star Line; NileDutch; Turkon; ZIM",4,14,6293.90476190476,781.333333333333,1878,4644,1,2,3,"{3,1}"
2016-03-27,EGDAM,Damietta,AEJEA,"Dubai, Jebel Ali",1,1,"APL; Hapag-Lloyd; Hyundai; Maersk Line; MOL; NYK; OOCL; ZIM",8,11,6556.36363636364,601.181818181818,5250,8749,9,9,9,{9}
2016-03-27,EGDAM,Damietta,ITCAG,Cagliari,1,1,"APL; Hapag-Lloyd; Hyundai; Maersk Line; MOL; NYK; OOCL; ZIM",8,11,6556.36363636364,601.181818181818,5250,8749,3,3,3,{3}
2016-03-27,EGDAM,Damietta,LBBEY,Beirut,1,1,"ANL; CMA CGM; COSCO; CSCL; UASC; USL-US Lines",6,11,8269.45454545455,590.909090909091,9415,11388,1,1,1,{1}
2016-03-27,EGDAM,Damietta,MTMAR,"Malta (Marsaxlokk)",1,1,"ANL; CMA CGM; Hapag-Lloyd; USL-US Lines",4,13,4672.46153846154,436.615384615385,4050,5770,3,3,3,{3}
2016-03-27,EGDAM,Damietta,REPDG,"Reunion Island",1,1,"ANL; CMA CGM; Hapag-Lloyd; USL-US Lines",4,13,4672.46153846154,436.615384615385,4050,5770,11,11,11,{11}
2016-03-27,EGDAM,Damietta,TRMER,Mersin,1,1,"Maersk Line; Safmarine",2,8,5469.625,550,5400,5527,3,3,3,{3}
2016-03-27,EGDAM,Damietta,USNYC,"New York NY/NJ",1,1,"ANL; CMA CGM; Hapag-Lloyd; NYK; OOCL; UASC",6,8,6048.875,735.75,4538,6589,12,12,12,{12}
2016-03-27,EGPSD,"Port Said",DJJIB,Djibouti,2,2,"ANL; APL; CMA CGM; CSCL; Maersk Line; Safmarine; UASC; USL-US Lines",8,19,14979.3409090909,1407.25,5576,9289,4,4,4,"{4,4}"
2016-03-27,EGPSD,"Port Said",ESALG,Algeciras,1,1,"Alianca; Hamburg Sud; Hapag-Lloyd; Seago Line; UASC",5,5,4324,520,4255,4600,5,5,5,{5}
2016-03-27,EGPSD,"Port Said",ILHFA,Haifa,1,1,"Maersk Line; MCC; MSC; Safmarine",4,15,9476.4,786.4,8272,11660,1,1,1,{1}
2016-03-27,EGPSD,"Port Said",IRBND,"Bandar Abbas",1,1,HDASCO,1,2,7788,1100,2478,2478,9,9,9,{9}
2016-03-27,EGPSD,"Port Said",ITGOA,Genoa,1,1,"APL; Hapag-Lloyd; Hyundai; MOL; NYK; OOCL",6,10,9400,690,10000,10700,5,5,5,{5}
2016-03-27,EGPSD,"Port Said",ITSPE,"La Spezia",2,2,"Alianca; ANL; CMA CGM; COSCO; CSCL; Hamburg Sud; Hanjin Shipping; Marguisa; UASC; USL-US Lines; Yang Ming",11,18,17464.8701298701,980.909090909091,6554,14500,4,4.5,5,"{4,5}"
2016-03-27,EGPSD,"Port Said",LBBEY,Beirut,2,2,"ANL; APL; CMA CGM; COSCO; CSCL; Maersk Line; MCC; MOL; MSC; PIL; Safmarine; UASC; USL-US Lines; WEC Lines; Yang Ming",15,23,19797.6212121212,1567.27272727273,8386,13800,1,1,1,"{1,1}"
2016-03-27,EGPSD,"Port Said",MTMAR,"Malta (Marsaxlokk)",1,1,"Maersk Line; Safmarine",2,7,8678.28571428571,785.714285714286,8112,10000,4,4,4,{4}
2016-03-27,EGPSD,"Port Said",SAJED,Jeddah,7,7,"Alianca; ANL; APL; CMA CGM; COSCO; CSCL; Hamburg Sud; Hanjin Shipping; Hapag-Lloyd; Hyundai; Maersk Line; Marguisa; MOL; NYK; OOCL; Safmarine; UASC; USL-US Lines; Yang Ming",19,57,53399.8225108225,4512.37337662338,4538,14500,1,3,5,"{3,1,4,5,3,2,3}"
2016-03-27,EGPSD,"Port Said",SAKAC,"King Abdullah City",1,1,"Maersk Line; MCC; MSC; Safmarine",4,15,9476.4,786.4,8272,11660,2,2,2,{2}
2016-03-27,EGPSD,"Port Said",TRMER,Mersin,1,1,"ANL; CMA CGM; CSCL; UASC",4,6,6338.16666666667,770,5618,6800,2,2,2,{2}
2016-03-27,EGSOK,Sokhna,JOAQJ,Aqaba,3,3,"APL; CMA CGM; COSCO; CSCL; Evergreen Line; Hanjin Shipping; PIL; UASC; Yang Ming",9,24,21890.75,1366.125,5250,9661,0,1,1,"{1,1,0}"
2016-03-27,EGSOK,Sokhna,SAJED,Jeddah,1,1,PIL,1,4,3056.25,310,3000,3075,3,3,3,{3}
2016-03-27,EGSOK,Sokhna,SAKAC,"King Abdullah City",1,1,"MSC; WEC Lines",2,5,3096.6,200,2480,3501,2,2,2,{2}
2016-03-27,ERMSW,Massawa,SAJED,Jeddah,1,1,"WEC Lines",1,1,728,90,364,364,3,3,3,{3}
2016-03-27,ESACE,Arrecife,ESALC,Alicante,1,1,"Arkas Line; Nisa Maritima",2,2,946,210,942,950,3,3,3,{3}
2016-03-27,ESACE,Arrecife,ESFUE,"Puerto del Rosario",1,1,"Boluda Lines",1,2,1048.5,165,1036,1061,1,1,1,{1}
2016-03-27,ESACE,Arrecife,ESLPA,"Las Palmas, Can Is",2,2,"Boluda Lines; CMA CGM; Hapag-Lloyd; OPDR; Yaiza Shipping",5,3,3045,632,889,1267,1,1,1,"{1,1}"
2016-03-27,ESALC,Alicante,ESBCN,Barcelona,3,3,"Boluda Lines; CMA CGM; Hapag-Lloyd; OPDR; Yaiza Shipping",5,4,4653,992,804,1267,1,1,4,"{1,4,1}"
2016-03-27,ESALC,Alicante,ESLPA,"Las Palmas, Can Is",1,1,"Boluda Lines; OPDR",2,1,749,102,749,749,3,3,3,{3}
2016-03-27,ESALC,Alicante,ESSAG,Sagunto,1,1,"Arkas Line; Nisa Maritima",2,2,946,210,942,950,2,2,2,{2}
2016-03-27,ESALC,Alicante,ESSCT,Tenerife,2,2,"Arkas Line; Nisa Maritima; Yaiza Shipping",3,3,2554,570,804,950,3,3,3,"{3,3}"
2016-03-27,ESALG,Algeciras,BRSSZ,Santos,1,1,"Alianca; COSCO; Hamburg Sud; Hanjin Shipping; Maersk Line; MSC; Safmarine; Seago Line",8,8,8368.75,1700,7450,8500,10,10,10,{10}
2016-03-27,ESALG,Algeciras,CIABJ,Abidjan,1,1,"Maersk Line; Safmarine",2,5,3398.8,410,2890,3586,8,8,8,{8}
2016-03-27,ESALG,Algeciras,CVVXE,"St Vincente",1,1,"Maersk Line; Safmarine",2,2,4443,342,1417,1545,6,6,6,{6}
2016-03-27,ESALG,Algeciras,DEHAM,Hamburg,1,1,"CMA CGM; COSCO; CSCL; Evergreen Line; Hanjin Shipping; K Line; Marguisa; UASC; Yang Ming",9,9,12761.1111111111,800,10114,13092,3,3,3,{3}
2016-03-27,ESALG,Algeciras,DOCAU,Caucedo,1,1,"Maersk Line; Safmarine; SeaLand",3,10,3049.3,756.2,2872,3078,13,13,13,{13}
2016-03-27,ESALG,Algeciras,EGPSD,"Port Said",1,1,"APL; Maersk Line; Safmarine",3,11,6229.09090909091,500,5576,6696,6,6,6,{6}
2016-03-27,ESALG,Algeciras,ESBCN,Barcelona,1,1,"Maersk Line; MSC; Safmarine; SeaLand",4,7,6613.71428571429,524.857142857143,6402,6750,2,2,2,{2}
2016-03-27,ESALG,Algeciras,ESCAR,"Cartagena, Spain",1,1,"MacAndrews; OPDR",2,3,694,120,686,698,2,2,2,{2}
2016-03-27,ESALG,Algeciras,ESLEI,Almeria,1,1,"Maersk Line; OPDR; X-Press",3,1,2121,450,707,707,1,1,1,{1}
2016-03-27,ESALG,Algeciras,ESMLN,Melilla,1,1,"Maersk Line; X-Press",2,2,753.5,135,698,809,1,1,1,{1}
2016-03-27,ESALG,Algeciras,ESVGO,Vigo,2,2,"COSCO; Evergreen Line; Maersk Line; Safmarine; Seago Line; X-Press",6,9,2809.875,450.5,1200,2902,2,2,2,"{2,2}"
2016-03-27,ESALG,Algeciras,ESVLC,Valencia,4,4,"Hapag-Lloyd; Maersk Line; MSC; Safmarine",4,25,26546.5238095238,1999.2,2300,10000,1,2,6,"{2,2,1,6}"
2016-03-27,ESALG,Algeciras,FRDKK,Dunkirk,1,1,"CMA CGM; NileDutch; UASC",3,6,3609,550,3430,3856,6,6,6,{6}
2016-03-27,ESALG,Algeciras,FRLEH,"Le Havre",1,1,"Maersk Line; MCC; MSC; Safmarine; Seago Line",5,11,16873.6363636364,709.090909090909,18270,19272,3,3,3,{3}
2016-03-27,ESALG,Algeciras,GBFXT,Felixstowe,1,1,"Alianca; Hamburg Sud; Hapag-Lloyd; Seago Line; UASC",5,5,4324,520,4255,4600,3,3,3,{3}
2016-03-27,ESALG,Algeciras,GBSOU,Southampton,1,1,"ANL; CMA CGM; CSCL; Evergreen Line; FESCO; Hanjin Shipping; OPDR; UASC; USL-US Lines",9,13,15925.3076923077,1000,12562,17859,5,5,5,{5}
2016-03-27,ESALG,Algeciras,GBTIL,Tilbury,1,1,"ANL; CMA CGM; Marfret; OPDR",4,6,1999.16666666667,163.333333333333,1678,2339,4,4,4,{4}
2016-03-27,ESALG,Algeciras,GNCKY,Conakry,1,1,"Maersk Line; Safmarine",2,4,2472.5,345,2470,2474,5,5,5,{5}
2016-03-27,ESALG,Algeciras,ITLIV,Leghorn,1,1,"CMA CGM; Marfret",2,6,2656.66666666667,530.5,2500,2790,3,3,3,{3}
2016-03-27,ESALG,Algeciras,JOAQJ,Aqaba,1,1,"Maersk Line; Safmarine; Seago Line",3,8,9372.375,1351,6690,9964,7,7,7,{7}
2016-03-27,ESALG,Algeciras,MACAS,Casablanca,2,2,"Evergreen Line; Hanjin Shipping; Maersk Line; X-Press",4,3,1795.5,248,698,1042,1,1,1,"{1,1}"
2016-03-27,ESALG,Algeciras,MAPTM,Tanger,6,6,"ANL; Arkas Line; CMA CGM; Hapag-Lloyd; Maersk Line; Marguisa; NileDutch; OPDR; Safmarine; UASC; X-Press; ZIM",12,32,13405.3392857143,2182.20238095238,707,3400,1,1,2,"{1,1,2,1,2,1}"
2016-03-27,ESALG,Algeciras,MRNKC,Nouakchott,1,1,"Maersk Line; Safmarine",2,3,1681.66666666667,131.333333333333,1597,1740,5,5,5,{5}
2016-03-27,ESALG,Algeciras,MTMAR,"Malta (Marsaxlokk)",3,3,"CMA CGM; Hapag-Lloyd; Maersk Line; Safmarine; SeaLand; UASC; ZIM",7,27,7907.70277777778,1600.67222222222,2061,3078,3,4,4,"{4,3,4}"
2016-03-27,ESALG,Algeciras,MYTPP,"Tanjung Pelepas",1,1,"Maersk Line; MCC; MSC; Safmarine; Seago Line",5,11,16873.6363636364,709.090909090909,18270,19272,17,17,17,{17}
2016-03-27,ESALG,Algeciras,NGAPP,Apapa,1,1,"CMA CGM; Hanjin Shipping; UASC",3,4,3180,421.5,2824,3398,11,11,11,{11}
2016-03-27,ESALG,Algeciras,NLRTM,Rotterdam,2,2,"Alianca; COSCO; DAL-Deutsche Afrika Linien; Hamburg Sud; Hanjin Shipping; Maersk Line; MOL; MSC; Safmarine; Seago Line",10,16,15304.375,2812.5,6350,8500,4,4,4,"{4,4}"
2016-03-27,ESALG,Algeciras,PTLEI,Leixoes,1,1,"Arkas Line; Nisa Maritima",2,1,1034.28571428571,214.285714285714,724,724,1,1,1,{1}
2016-03-27,ESALG,Algeciras,PTLIS,Lisbon,2,2,"Hapag-Lloyd; MacAndrews; OPDR",3,8,3239,339.2,686,2808,0,0.5,1,"{1,0}"
2016-03-27,ESALG,Algeciras,PTSET,Setubal,1,1,"DAL-Deutsche Afrika Linien; OPDR",2,3,868,234,868,868,1,1,1,{1}
2016-03-27,ESALG,Algeciras,PTSIE,Sines,2,2,"Maersk Line; MSC; Safmarine; SeaLand",4,14,12942.2857142857,1019.14285714286,4549,6750,0,1,2,"{0,2}"
2016-03-27,ESALG,Algeciras,SGSIN,Singapore,1,1,"CMA CGM; COSCO; CSCL; Evergreen Line; Hanjin Shipping; K Line; Marguisa; UASC; Yang Ming",9,9,12761.1111111111,800,10114,13092,16,16,16,{16}
2016-03-27,ESALG,Algeciras,SLFNA,Freetown,1,1,"CMA CGM",1,3,1611,140.666666666667,1577,1645,6,6,6,{6}
2016-03-27,ESALG,Algeciras,SNDKR,Dakar,3,3,"Arkas Line; CMA CGM; Hapag-Lloyd; Maersk Line; NileDutch; Safmarine; UASC",7,16,9729.5,1210,1740,4382,5,5,6,"{5,6,5}"
2016-03-27,ESALG,Algeciras,TGLFW,Lome,1,1,"Maersk Line; Safmarine; Seago Line",3,8,1609.875,218.5,2478,2902,11,11,11,{11}
2016-03-27,ESALG,Algeciras,USNYC,"New York NY/NJ",1,1,"APL; Maersk Line; Safmarine",3,11,6229.09090909091,500,5576,6696,8,8,8,{8}
2016-03-27,ESALG,Algeciras,ZACPT,"Cape Town",1,1,"DAL-Deutsche Afrika Linien; Maersk Line; MOL; Safmarine",4,8,6935.625,1112.5,6350,7450,9,9,9,{9}
2016-03-27,ESBCN,Barcelona,ESALC,Alicante,2,2,"Arkas Line; Nisa Maritima; Yaiza Shipping",3,3,2554,570,804,950,1,1,1,"{1,1}"
2016-03-27,ESBCN,Barcelona,ESSCT,Tenerife,1,1,"Yaiza Shipping",1,1,1778,462,889,889,3,3,3,{3}
2016-03-27,ESBCN,Barcelona,ESTAR,Tarragona,2,2,"COSCO; Hapag-Lloyd; Maersk Line; OPDR; X-Press; ZIM",6,8,6371.85714285714,830,707,4253,0,0,0,"{0,0}"
2016-03-27,ESBCN,Barcelona,ESVLC,Valencia,16,16,"Alianca; ANL; APL; Boluda Lines; CCNI; CMA CGM; COSCO; CSCL; Evergreen Line; Hamburg Sud; Hanjin Shipping; Hapag-Lloyd; Hyundai; K Line; Maersk Line; Marfret; Marguisa; MCC; Melfi Marine; MOL; MSC; Niver Lines; NYK; OOCL; OPDR; Safmarine; SeaLand; UASC; WEC Lines; Yang Ming; ZIM",31,125,88947.6703643579,8408.6093975469,1036,14000,0,1,2,"{2,0,1,1,0,2,1,1,1,1,2,1,1,1,1,2}"
2016-03-27,ESBCN,Barcelona,FRFOS,"Marseilles-Fos (Fos)",2,2,"ANL; CMA CGM; COSCO; CSCL; Evergreen Line; Hanjin Shipping; K Line; UASC; USL-US Lines; Yang Ming",10,20,13682.898989899,1129.57575757576,8000,11388,1,1.5,2,"{1,2}"
2016-03-27,ESBCN,Barcelona,ITGIT,"Gioia Tauro",1,1,"Maersk Line; MSC; Safmarine; SeaLand",4,7,6613.71428571429,524.857142857143,6402,6750,2,2,2,{2}
2016-03-27,ESBCN,Barcelona,ITGOA,Genoa,2,2,"HDASCO; Maersk Line; Safmarine",3,9,16466.2857142857,1885.71428571429,2478,10000,1,1.5,2,"{2,1}"
2016-03-27,ESBIO,Bilbao,ESALG,Algeciras,1,1,"Arkas Line; Nisa Maritima",2,1,1034.28571428571,214.285714285714,724,724,3,3,3,{3}
2016-03-27,ESBIO,Bilbao,ESGIJ,Gijon,2,2,"COSCO; MacAndrews; MSC; OOCL; OPDR; Team Lines; WEC Lines; X-Press",8,4,1781,340,698,1083,1,1,1,"{1,1}"
2016-03-27,ESBIO,Bilbao,ESVGO,Vigo,2,2,"MSC; WEC Lines",2,3,1745,423,868,877,1,1.5,2,"{2,1}"
2016-03-27,ESBIO,Bilbao,ESVIL,Vilagarcia,1,1,"Boluda Lines",1,2,1048.5,165,1036,1061,2,2,2,{2}
2016-03-27,ESBIO,Bilbao,FRLEH,"Le Havre",1,1,"ANL; CMA CGM",2,1,660,150,660,660,3,3,3,{3}
2016-03-27,ESBIO,Bilbao,GBLIV,Liverpool,3,3,"MacAndrews; OPDR",2,4,2446.5,566,750,917,2,2,3,"{2,2,3}"
2016-03-27,ESBIO,Bilbao,GBTIL,Tilbury,2,2,"MacAndrews; OPDR; Samskip; Team Lines",4,3,1559,295,750,809,2,2.5,3,"{3,2}"
2016-03-27,ESBIO,Bilbao,IEDUB,Dublin,1,1,"MacAndrews; OPDR",2,2,779.5,170,750,809,2,2,2,{2}
2016-03-27,ESCAD,Cadiz,PTSIE,Sines,1,1,"MSC; WEC Lines",2,3,1926.33333333333,366.666666666667,1835,2109,0,0,0,{0}
2016-03-27,ESCAR,"Cartagena, Spain",ESALG,Algeciras,1,1,"MacAndrews; OPDR",2,3,694,120,686,698,2,2,2,{2}
2016-03-27,ESCAR,"Cartagena, Spain",ESMLN,Melilla,1,1,"Maersk Line; X-Press",2,2,753.5,135,698,809,0,0,0,{0}
2016-03-27,ESCAR,"Cartagena, Spain",ESVLC,Valencia,1,1,"WEC Lines",1,2,1036,250,1036,1036,1,1,1,{1}
2016-03-27,ESCAS,Castellon,ITSAL,Salerno,1,1,"Borchard Lines Ltd",1,4,1216,200,1216,1216,3,3,3,{3}
2016-03-27,ESCAS,Castellon,PTLEI,Leixoes,1,1,"Borchard Lines Ltd",1,4,1216,200,1216,1216,3,3,3,{3}
2016-03-27,ESCAS,Castellon,SNDKR,Dakar,1,1,"COSCO; Messina",2,2,5634.28571428571,914.285714285714,2452,2478,7,7,7,{7}
2016-03-27,ESFUE,"Puerto del Rosario",ESBIO,Bilbao,1,1,"Boluda Lines",1,2,1048.5,165,1036,1061,5,5,5,{5}
2016-03-27,ESFUE,"Puerto del Rosario",ESCAR,"Cartagena, Spain",1,1,"WEC Lines",1,2,1036,250,1036,1036,2,2,2,{2}
2016-03-27,ESGIJ,Gijon,BEANR,Antwerp,1,1,"MSC; WEC Lines",2,1,1083,220,1083,1083,2,2,2,{2}
2016-03-27,ESGIJ,Gijon,ESBIO,Bilbao,2,2,"ANL; CMA CGM; MSC; WEC Lines",4,3,1528,342,660,868,1,1,1,"{1,1}"
2016-03-27,ESGIJ,Gijon,NLRTM,Rotterdam,1,1,"COSCO; MacAndrews; OOCL; OPDR; Team Lines; X-Press",6,3,698,120,698,698,2,2,2,{2}
2016-03-27,ESHUV,Huelva,ESALG,Algeciras,1,1,"DAL-Deutsche Afrika Linien; OPDR",2,3,868,234,868,868,1,1,1,{1}
2016-03-27,ESLEI,Almeria,ESVLC,Valencia,1,1,"Maersk Line; OPDR; X-Press",3,1,2121,450,707,707,0,0,0,{0}
2016-03-27,ESLEI,Almeria,MACAS,Casablanca,1,1,"Maersk Line; OPDR; X-Press",3,1,2121,450,707,707,1,1,1,{1}
2016-03-27,ESLPA,"Las Palmas, Can Is",CVVXE,"St Vincente",1,1,Transinsular,1,2,2706,344,1129,1577,3,3,3,{3}
2016-03-27,ESLPA,"Las Palmas, Can Is",ESACE,Arrecife,2,2,"Boluda Lines; Yaiza Shipping",2,3,2826.5,627,889,1061,1,1,1,"{1,1}"
2016-03-27,ESLPA,"Las Palmas, Can Is",ESALG,Algeciras,1,1,"Maersk Line; MSC; Safmarine",3,6,8994.66666666667,500,8762,9403,2,2,2,{2}
2016-03-27,ESLPA,"Las Palmas, Can Is",ESSCT,Tenerife,8,8,"Arkas Line; Boluda Lines; CMA CGM; Hapag-Lloyd; MSC; Nisa Maritima; OPDR; WEC Lines; Yaiza Shipping",9,12,9001,1848,749,1267,0,1,1,"{0,0,1,1,1,1,1,1}"
2016-03-27,ESLPA,"Las Palmas, Can Is",FRFOS,"Marseilles-Fos (Fos)",1,1,MSC,1,5,3734.2,380.8,2900,4132,4,4,4,{4}
2016-03-27,ESLPA,"Las Palmas, Can Is",GBLGP,"London Gateway",1,1,"Hapag-Lloyd; MSC; Stinnes",3,8,8583.25,675,6402,9403,4,4,4,{4}
2016-03-27,ESLPA,"Las Palmas, Can Is",GNCKY,Conakry,1,1,MSC,1,6,2354.66666666667,317.5,1438,2908,4,4,4,{4}
2016-03-27,ESLPA,"Las Palmas, Can Is",MAAGA,Agadir,4,4,"CMA CGM; DAL-Deutsche Afrika Linien; Maersk Line; MSC; OPDR; X-Press",6,16,5372.5,618.125,698,3424,1,1.5,2,"{1,2,2,1}"
2016-03-27,ESLPA,"Las Palmas, Can Is",MACAS,Casablanca,1,1,"CMA CGM",1,3,1072,144.666666666667,957,1152,2,2,2,{2}
2016-03-27,ESLPA,"Las Palmas, Can Is",MRNKC,Nouakchott,1,1,"Boluda Lines",1,1,844,40,422,422,2,2,2,{2}
2016-03-27,ESLPA,"Las Palmas, Can Is",NGTIN,"Lagos, Tin Can",1,1,MSC,1,8,3053,129.125,2668,3424,8,8,8,{8}
2016-03-27,ESLPA,"Las Palmas, Can Is",SNDKR,Dakar,1,1,MSC,1,5,3734.2,380.8,2900,4132,2,2,2,{2}
2016-03-27,ESLPA,"Las Palmas, Can Is",ZACPT,"Cape Town",1,1,"Hapag-Lloyd; MSC; Stinnes",3,8,8583.25,675,6402,9403,12,12,12,{12}
2016-03-27,ESMLN,Melilla,ESALG,Algeciras,1,1,"Maersk Line; X-Press",2,2,753.5,135,698,809,2,2,2,{2}
2016-03-27,ESMLN,Melilla,ESCAR,"Cartagena, Spain",1,1,"Maersk Line; X-Press",2,2,753.5,135,698,809,3,3,3,{3}
2016-03-27,ESMPG,Marin,BEANR,Antwerp,1,1,"Alianca; Hamburg Sud",2,6,2561.66666666667,473.333333333333,2550,2602,3,3,3,{3}
2016-03-27,ESMPG,Marin,ESBIO,Bilbao,1,1,"Arkas Line; Nisa Maritima",2,1,1034.28571428571,214.285714285714,724,724,1,1,1,{1}
2016-03-27,ESSAG,Sagunto,ESBCN,Barcelona,1,1,"Arkas Line; Nisa Maritima",2,2,946,210,942,950,1,1,1,{1}
2016-03-27,ESSAG,Sagunto,ESLPA,"Las Palmas, Can Is",1,1,"Nisa Maritima",1,1,749,102,749,749,3,3,3,{3}
2016-03-27,ESSCT,Tenerife,ESACE,Arrecife,1,1,"Arkas Line; Nisa Maritima",2,2,946,210,942,950,1,1,1,{1}
2016-03-27,ESSCT,Tenerife,ESALC,Alicante,3,3,"Boluda Lines; OPDR; Yaiza Shipping",3,3,4135,924,749,889,3,3,3,"{3,3,3}"
2016-03-27,ESSCT,Tenerife,ESFUE,"Puerto del Rosario",1,1,"WEC Lines",1,2,1036,250,1036,1036,1,1,1,{1}
2016-03-27,ESSCT,Tenerife,ESLPA,"Las Palmas, Can Is",6,6,"Arkas Line; Boluda Lines; DAL-Deutsche Afrika Linien; Maersk Line; Nisa Maritima; OPDR; X-Press; Yaiza Shipping",8,11,7002,1566,698,1061,1,1,1,"{1,1,1,1,1,1}"
2016-03-27,ESSCT,Tenerife,ESSAG,Sagunto,1,1,"Nisa Maritima",1,1,749,102,749,749,3,3,3,{3}
2016-03-27,ESSCT,Tenerife,ESSPC,"Santa Cruz de la Palma",1,1,"Boluda Lines; CMA CGM; Hapag-Lloyd; OPDR",4,2,1267,170,1267,1267,1,1,1,{1}
2016-03-27,ESSCT,Tenerife,PTSIE,Sines,1,1,"MSC; WEC Lines",2,2,868,192,868,868,2,2,2,{2}
2016-03-27,ESSPC,"Santa Cruz de la Palma",ESALC,Alicante,1,1,"Boluda Lines; CMA CGM; Hapag-Lloyd; OPDR",4,2,1267,170,1267,1267,5,5,5,{5}
2016-03-27,ESSVQ,Seville,ESLPA,"Las Palmas, Can Is",1,1,"CMA CGM; OPDR",2,3,698,120,698,698,3,3,3,{3}
2016-03-27,ESTAR,Tarragona,ESALG,Algeciras,1,1,"Arkas Line; CMA CGM; Hapag-Lloyd; Maersk Line; Marguisa; UASC; ZIM",7,6,2551,365,2452,2764,2,2,2,{2}
2016-03-27,ESTAR,Tarragona,ESBCN,Barcelona,3,3,"HDASCO; Maersk Line; OPDR; WEC Lines; X-Press",5,5,10945,1800,707,2478,1,1,1,"{1,1,1}"
2016-03-27,ESTAR,Tarragona,ESVLC,Valencia,2,2,"COSCO; Hapag-Lloyd; Maersk Line; OPDR; X-Press; ZIM",6,8,6371.85714285714,830,707,4253,0,0.5,1,"{0,1}"
2016-03-27,ESTAR,Tarragona,ITLIV,Leghorn,1,1,"COSCO; Hapag-Lloyd; ZIM",3,7,4250.85714285714,380,4250,4253,2,2,2,{2}
2016-03-27,ESVGO,Vigo,BEANR,Antwerp,1,1,"MSC; WEC Lines",2,3,1926.33333333333,366.666666666667,1835,2109,3,3,3,{3}
2016-03-27,ESVGO,Vigo,ESGIJ,Gijon,1,1,"MSC; WEC Lines",2,2,868,192,868,868,1,1,1,{1}
2016-03-27,ESVGO,Vigo,FRLEH,"Le Havre",1,1,"ANL; CMA CGM; Evergreen Line; OPDR; Samskip; X-Press",6,3,803.333333333333,180,803,804,2,2,2,{2}
2016-03-27,ESVGO,Vigo,MAPTM,Tanger,1,1,"CMA CGM; OPDR",2,3,1678,240,1678,1678,1,1,1,{1}
2016-03-27,ESVGO,Vigo,PTLEI,Leixoes,5,5,"COSCO; Evergreen Line; Maersk Line; MSC; OPDR; Safmarine; Seago Line; WEC Lines; X-Press",9,15,6736.875,1256.5,707,2902,1,1,2,"{1,1,1,2,1}"
2016-03-27,ESVGO,Vigo,PTSIE,Sines,2,2,"MSC; WEC Lines",2,3,1745,423,868,877,1,1.5,2,"{1,2}"
2016-03-27,ESVIL,Vilagarcia,PTLIS,Lisbon,1,1,"Boluda Lines",1,2,1048.5,165,1036,1061,1,1,1,{1}
2016-03-27,ESVLC,Valencia,BRSUA,Suape,1,1,"Alianca; ANL; CMA CGM; Hamburg Sud; Hapag-Lloyd; Maersk Line; MSC; Niver Lines; Safmarine; UASC; ZIM",11,8,5638.75,791.25,5550,5905,9,9,9,{9}
2016-03-27,ESVLC,Valencia,CAHAL,Halifax,1,1,"COSCO; Hapag-Lloyd; ZIM",3,7,4250.85714285714,380,4250,4253,9,9,9,{9}
2016-03-27,ESVLC,Valencia,COCTG,Cartagena,2,2,"Alianca; CCNI; Hamburg Sud; Hapag-Lloyd; ZIM",5,16,8116.27272727273,929.350649350649,1728,4800,12,12,12,"{12,12}"
2016-03-27,ESVLC,Valencia,CYLMS,Limassol,1,1,"MSC; WEC Lines; ZIM",3,5,6439.2,452,4549,7455,6,6,6,{6}
2016-03-27,ESVLC,Valencia,EGPSD,"Port Said",2,2,"Alianca; ANL; APL; CMA CGM; CSCL; Hamburg Sud; Hanjin Shipping; Hapag-Lloyd; Hyundai; MOL; NYK; OOCL; UASC; USL-US Lines; Yang Ming",15,21,20048.7272727273,1180.90909090909,9572,14500,6,6.5,7,"{7,6}"
2016-03-27,ESVLC,Valencia,ESACE,Arrecife,1,1,"Boluda Lines; CMA CGM; Hapag-Lloyd; OPDR",4,2,1267,170,1267,1267,3,3,3,{3}
2016-03-27,ESVLC,Valencia,ESALG,Algeciras,3,3,"CMA CGM; Maersk Line; MSC; Safmarine; SeaLand; UASC",6,22,15346.9107142857,1388.39285714286,2061,6750,1,2,3,"{3,2,1}"
2016-03-27,ESVLC,Valencia,ESBCN,Barcelona,2,2,"ANL; CMA CGM; COSCO; CSCL; Maersk Line; Safmarine; UASC; USL-US Lines",8,18,16947.7402597403,1376.62337662338,8112,11388,1,1.5,2,"{1,2}"
2016-03-27,ESVLC,Valencia,ESLEI,Almeria,1,1,"Maersk Line; OPDR; X-Press",3,1,2121,450,707,707,4,4,4,{4}
2016-03-27,ESVLC,Valencia,ESLPA,"Las Palmas, Can Is",1,1,"WEC Lines",1,2,1036,250,1036,1036,3,3,3,{3}
2016-03-27,ESVLC,Valencia,ESTAR,Tarragona,4,4,"Arkas Line; CMA CGM; COSCO; Hapag-Lloyd; Maersk Line; Marguisa; OPDR; UASC; WEC Lines; X-Press; ZIM",11,16,9958.85714285714,1445,707,4253,1,2,5,"{3,5,1,1}"
2016-03-27,ESVLC,Valencia,GBFXT,Felixstowe,3,3,"Alianca; Borchard Lines Ltd; CMA CGM; Hamburg Sud; Maersk Line; MSC; Seago Line; Turkon; WEC Lines; ZIM",10,15,15819.8,1580,2682,7455,4,5,6,"{5,4,6}"
2016-03-27,ESVLC,Valencia,GBLGP,"London Gateway",1,1,MSC,1,13,5753.38461538462,350.923076923077,4395,7455,6,6,6,{6}
2016-03-27,ESVLC,Valencia,GRPIR,Piraeus,1,1,"CMA CGM; COSCO; CSCL; Evergreen Line; Hanjin Shipping; K Line; UASC; Yang Ming",8,16,9690.9375,812.5625,5250,10114,5,5,5,{5}
2016-03-27,ESVLC,Valencia,ITCAG,Cagliari,2,2,"Alianca; Hamburg Sud; Hapag-Lloyd; ZIM",4,16,6953.27272727273,612.836363636364,2300,4800,2,2,2,"{2,2}"
2016-03-27,ESVLC,Valencia,ITGIT,"Gioia Tauro",2,2,"Alianca; ANL; CMA CGM; Hamburg Sud; Hapag-Lloyd; Maersk Line; MSC; Niver Lines; Safmarine; UASC; ZIM",11,15,11967.3214285714,1285.53571428571,4549,6724,3,3,3,"{3,3}"
2016-03-27,ESVLC,Valencia,ITSAL,Salerno,1,1,"Alianca; CCNI; Hamburg Sud; Hapag-Lloyd",4,5,3708,535.714285714286,1728,1732,3,3,3,{3}
2016-03-27,ESVLC,Valencia,ITSPE,"La Spezia",1,1,"Maersk Line; MCC; MSC; Safmarine",4,11,13346.5454545455,854.545454545455,12552,14000,2,2,2,{2}
2016-03-27,ESVLC,Valencia,JMKIN,Kingston,1,1,"Alianca; CCNI; Hamburg Sud; Hapag-Lloyd; ZIM",5,7,3848.42857142857,378.571428571429,1205,4367,12,12,12,{12}
2016-03-27,ESVLC,Valencia,MAPTM,Tanger,4,4,"ANL; CMA CGM; COSCO; CSCL; Hanjin Shipping; Hapag-Lloyd; Maersk Line; Marfret; Marguisa; MSC; Safmarine; SeaLand; UASC; Yang Ming; ZIM",15,28,20921.253968254,1995.72222222222,2122,9403,1,1.5,2,"{2,2,1,1}"
2016-03-27,ESVLC,Valencia,MTMAR,"Malta (Marsaxlokk)",2,2,"Alianca; Borchard Lines Ltd; CMA CGM; Hamburg Sud; Maersk Line; MCC; MSC; Safmarine; Seago Line; Turkon; WEC Lines",11,17,17558.1666666667,1400,4504,13800,2,2.5,3,"{3,2}"
2016-03-27,ESVLC,Valencia,NLRTM,Rotterdam,1,1,"MSC; WEC Lines",2,7,8665,590.142857142857,8189,8948,5,5,5,{5}
2016-03-27,ESVLC,Valencia,PTLIS,Lisbon,1,1,"Melfi Marine",1,4,2604.64285714286,442.5,1678,2080,4,4,4,{4}
2016-03-27,ESVLC,Valencia,PTSIE,Sines,1,1,MSC,1,10,5023.8,520,4900,5059,1,1,1,{1}
2016-03-27,ESVLC,Valencia,USNYC,"New York NY/NJ",1,1,MSC,1,10,8282.7,595,8034,9200,8,8,8,{8}
2016-03-27,FIHEL,Helsinki,BEANR,Antwerp,1,1,MSC,1,2,1656.5,227.5,1438,1875,4,4,4,{4}
2016-03-27,FIHEL,Helsinki,DEBRV,Bremerhaven,2,2,"Hapag-Lloyd; OOCL; Seago Line; Team Lines; Unifeeder",5,6,2302.66666666667,541.285714285714,1036,1440,3,3.5,4,"{4,3}"
2016-03-27,FIHEL,Helsinki,DEHAM,Hamburg,1,1,"ANL; CMA CGM",2,2,1312,302.5,1220,1404,2,2,2,{2}
2016-03-27,FIHEL,Helsinki,FIKTK,Kotka,3,2,"COSCO; Evergreen Line; Hapag-Lloyd; OOCL; Team Lines; Unifeeder",6,9,2992.66666666667,714.285714285714,1036,1085,1,1,1,"{1,1,1}"
2016-03-27,FIHEL,Helsinki,LVRIX,Riga,1,1,Hapag-Lloyd,1,2,1440,316,1440,1440,1,1,1,{1}
2016-03-27,FIKEM,"Kemi Finland",FIOUL,"Oulu Finland",1,1,TransAtlantic,1,2,952,200,868,1036,1,1,1,{1}
2016-03-27,FIKEM,"Kemi Finland",SEPIT,Pitea,1,1,TransAtlantic,1,2,731.5,140,660,803,1,1,1,{1}
2016-03-27,FIKOK,Kokkola,FIOUL,"Oulu Finland",1,1,TransAtlantic,1,2,731.5,140,660,803,1,1,1,{1}
2016-03-27,FIKTK,Kotka,DEBRV,Bremerhaven,1,1,"Seago Line",1,3,1771,395,1719,1875,3,3,3,{3}
2016-03-27,FIKTK,Kotka,DEHAM,Hamburg,3,2,"COSCO; CSCL; Hapag-Lloyd; OOCL; Team Lines; Unifeeder; Yang Ming",7,9,3545.33333333333,686.285714285714,1036,1402,3,3,3,"{3,3,3}"
2016-03-27,FIKTK,Kotka,DEWVN,Wilhelmshaven,1,1,"Seago Line",1,3,1414.66666666667,327,1402,1440,1,1,1,{1}
2016-03-27,FIKTK,Kotka,FIHEL,Helsinki,3,3,"ANL; CMA CGM; Hapag-Lloyd; MSC; OOCL; Team Lines; Unifeeder",7,7,3856.5,744.285714285714,1036,1875,0,0,1,"{0,1,0}"
2016-03-27,FIKTK,Kotka,LTKLJ,"Klaipeda
",1,1,Hapag-Lloyd,1,2,1422,308,1404,1440,2,2,2,{2}
2016-03-27,FIKTK,Kotka,NLRTM,Rotterdam,2,1,"COSCO; Evergreen Line; Hapag-Lloyd; OOCL; Unifeeder",5,6,2104.66666666667,500,1036,1085,3,3.5,4,"{4,3}"
2016-03-27,FIOUL,"Oulu Finland",FIKEM,"Kemi Finland",1,1,TransAtlantic,1,2,731.5,140,660,803,1,1,1,{1}
2016-03-27,FIOUL,"Oulu Finland",FITOR,"Tornio Finland",1,1,TransAtlantic,1,2,952,200,868,1036,1,1,1,{1}
2016-03-27,FIRAU,"Rauma Finland",DEHAM,Hamburg,1,1,"ANL; CMA CGM",2,2,1067.5,214,1050,1085,5,5,5,{5}
2016-03-27,FIRAU,"Rauma Finland",DEWVN,Wilhelmshaven,1,1,"Seago Line",1,4,912.25,216.25,868,1036,3,3,3,{3}
2016-03-27,FIRAU,"Rauma Finland",SEGVX,Gavle,4,4,"ANL; CMA CGM; COSCO; Evergreen Line; Hapag-Lloyd; MSC; OOCL; Team Lines; Unifeeder",9,11,5081.16666666667,1015.25,822,1578,0,1,1,"{0,1,1,1}"
2016-03-27,FITOR,"Tornio Finland",DEHAM,Hamburg,1,1,TransAtlantic,1,2,952,200,868,1036,5,5,5,{5}
2016-03-27,FJLTK,Lautoka,FJSUV,Suva,2,2,"NPL-Neptune Pacific Line; PDL-Pacific Direct Line; Swire Shipping",3,4,9828.57142857143,1142.85714285714,777,1730,0,0.5,1,"{1,0}"
2016-03-27,FJLTK,Lautoka,NZTRG,Tauranga,1,1,"Maersk Line; NPL-Neptune Pacific Line; PDL-Pacific Direct Line; Sofrana",4,2,842,100,777,907,5,5,5,{5}
2016-03-27,FJSUV,Suva,FJLTK,Lautoka,1,1,"Maersk Line; NPL-Neptune Pacific Line; PDL-Pacific Direct Line; Sofrana",4,2,842,100,777,907,2,2,2,{2}
2016-03-27,FJSUV,Suva,NZAKL,Auckland,1,1,"Swire Shipping",1,2,7904,914.285714285714,1728,1730,4,4,4,{4}
2016-03-27,FJSUV,Suva,USHNL,"Honolulu HI",1,1,"Alianca; ANL; CMA CGM; Hamburg Sud; Hapag-Lloyd; USL-US Lines",6,4,5262.5,840,2496,2742,7,7,7,{7}
2016-03-27,FJSUV,Suva,WSAPW,"Apia, W. Samoa",1,1,"NPL-Neptune Pacific Line; PDL-Pacific Direct Line; Swire Shipping",3,2,1924.57142857143,228.571428571429,777,907,2,2,2,{2}
2016-03-27,FMYAP,Yap,PWROR,Koror,1,1,MELL,1,4,1200.5,234,1080,1304,3,3,3,{3}
2016-03-27,FORVK,"Runavik Faroe Islands",GBSCR,Scrabster,1,1,Eimskip,1,2,698,60,698,698,1,1,1,{1}
2016-03-27,FOTHO,Thorshavn,DKAAR,Aarhus,1,1,Eimskip,1,2,698,60,698,698,3,3,3,{3}
2016-03-27,FOTHO,Thorshavn,FORVK,"Runavik Faroe Islands",1,1,Eimskip,1,2,698,60,698,698,1,1,1,{1}
2016-03-27,FOTHO,Thorshavn,GBIMM,Immingham,1,1,Eimskip,1,2,799.5,72,724,875,2,2,2,{2}
2016-03-27,FOTHO,Thorshavn,ISREY,Reykjavik,1,1,Eimskip,1,2,1457,400,1457,1457,2,2,2,{2}
2016-03-27,FOTHO,Thorshavn,NLRTM,Rotterdam,1,1,Eimskip,1,2,1457,400,1457,1457,2,2,2,{2}
2016-03-27,FRBES,Brest,FRDKK,Dunkirk,1,1,"BG Freight Line; Seago Line",2,1,658,150,658,658,2,2,2,{2}
2016-03-27,FRDKK,Dunkirk,BEZEE,Zeebrugge,1,1,"CMA CGM; Maersk Line; Marfret; WEC Lines",4,4,2554,608,2260,2872,0,0,0,{0}
2016-03-27,FRDKK,Dunkirk,DEHAM,Hamburg,1,1,"ANL; CMA CGM; CSCL; Evergreen Line; FESCO; Hanjin Shipping; OPDR; UASC; USL-US Lines",9,13,15925.3076923077,1000,12562,17859,1,1,1,{1}
2016-03-27,FRDKK,Dunkirk,FRLEH,"Le Havre",4,4,"ANL; CMA CGM; CSCL; Marfret; NileDutch; OPDR; UASC; USL-US Lines",8,24,19505.8214285714,2898.96428571429,1678,9289,0,0.5,1,"{0,0,1,1}"
2016-03-27,FRDKK,Dunkirk,GBFXT,Felixstowe,1,1,"BG Freight Line; Seago Line",2,1,658,150,658,658,1,1,1,{1}
2016-03-27,FRDKK,Dunkirk,GBTIL,Tilbury,1,1,"CMA CGM; NileDutch; UASC",3,6,3609,550,3430,3856,1,1,1,{1}
2016-03-27,FRDKK,Dunkirk,NLRTM,Rotterdam,3,3,"CMA CGM; COSCO; MacAndrews; OOCL; OPDR; Team Lines; X-Press",7,9,3070,480,686,1678,1,2,2,"{1,2,2}"
2016-03-27,FRDKK,Dunkirk,PTLEI,Leixoes,1,1,"MacAndrews; OPDR",2,3,694,120,686,698,3,3,3,{3}
2016-03-27,FRDKK,Dunkirk,RULED,"St Petersburg",1,1,"ANL; CMA CGM; FESCO",3,2,1865.5,385,1856,1875,4,4,4,{4}
2016-03-27,FRFOS,"Marseilles-Fos (Fos)",ESALG,Algeciras,1,1,Hapag-Lloyd,1,5,2545,219.2,2300,2808,3,3,3,{3}
2016-03-27,FRFOS,"Marseilles-Fos (Fos)",ESBCN,Barcelona,7,7,"Alianca; ANL; APL; CMA CGM; COSCO; CSCL; Hamburg Sud; Hanjin Shipping; Hapag-Lloyd; Hyundai; Maersk Line; Marfret; Marguisa; MCC; MOL; MSC; Niver Lines; NYK; OOCL; Safmarine; UASC; WEC Lines; Yang Ming; ZIM",24,62,44378.6239177489,3964.63636363636,2061,13800,0,1,2,"{1,1,2,0,1,1,2}"
2016-03-27,FRFOS,"Marseilles-Fos (Fos)",ESVLC,Valencia,1,1,"Alianca; ANL; CMA CGM; CSCL; Hamburg Sud; Hanjin Shipping; UASC; USL-US Lines; Yang Ming",9,11,10648.7272727273,490.909090909091,9572,14500,1,1,1,{1}
2016-03-27,FRFOS,"Marseilles-Fos (Fos)",GRPIR,Piraeus,1,1,"COSCO; CSCL; Evergreen Line; Hanjin Shipping; K Line; Yang Ming",6,9,5413.44444444444,538.666666666667,8000,8241,3,3,3,{3}
2016-03-27,FRFOS,"Marseilles-Fos (Fos)",ITGOA,Genoa,2,2,"ANL; CMA CGM; Hapag-Lloyd; MSC; USL-US Lines",5,18,8406.66153846154,817.415384615385,2900,5770,1,1.5,2,"{1,2}"
2016-03-27,FRFOS,"Marseilles-Fos (Fos)",ITSPE,"La Spezia",1,1,MSC,1,13,5753.38461538462,350.923076923077,4395,7455,1,1,1,{1}
2016-03-27,FRFOS,"Marseilles-Fos (Fos)",MTMAR,"Malta (Marsaxlokk)",1,1,"ANL; CMA CGM; COSCO; CSCL; UASC; USL-US Lines",6,11,8269.45454545455,590.909090909091,9415,11388,3,3,3,{3}
2016-03-27,FRLEH,"Le Havre",BEANR,Antwerp,4,4,"ANL; CMA CGM; MSC",3,18,12382.1666666667,1305.29166666667,925,4392,1,1,2,"{1,1,2,1}"
2016-03-27,FRLEH,"Le Havre",BRSSZ,Santos,1,1,"Alianca; CMA CGM; Hamburg Sud; Hapag-Lloyd; Maersk Line; MSC; Safmarine; UASC",8,8,9669,1600,9669,9669,14,14,14,{14}
2016-03-27,FRLEH,"Le Havre",COCTG,Cartagena,1,1,"Alianca; CMA CGM; Hamburg Sud; Hapag-Lloyd",4,8,3616.625,631,3091,4250,14,14,14,{14}
2016-03-27,FRLEH,"Le Havre",ESALG,Algeciras,1,1,"Alianca; COSCO; Hamburg Sud; Hanjin Shipping; Maersk Line; MSC; Safmarine; Seago Line",8,8,8368.75,1700,7450,8500,2,2,2,{2}
2016-03-27,FRLEH,"Le Havre",ESGIJ,Gijon,1,1,"ANL; CMA CGM",2,1,660,150,660,660,2,2,2,{2}
2016-03-27,FRLEH,"Le Havre",ESLPA,"Las Palmas, Can Is",1,1,"Hapag-Lloyd; MSC; Stinnes",3,8,8583.25,675,6402,9403,5,5,5,{5}
2016-03-27,FRLEH,"Le Havre",FRFOS,"Marseilles-Fos (Fos)",2,2,"ANL; CMA CGM; Hapag-Lloyd; MSC; USL-US Lines",5,26,10425.8461538462,787.538461538461,4050,7455,4,4.5,5,"{4,5}"
2016-03-27,FRLEH,"Le Havre",FRMTX,Montoir,2,2,"CMA CGM; Maersk Line; Marfret; NileDutch; UASC; WEC Lines",6,10,6163,1158,2260,3856,1,1.5,2,"{2,1}"
2016-03-27,FRLEH,"Le Havre",FRURO,Rouen,1,1,"CMA CGM; OPDR",2,3,1678,240,1678,1678,1,1,1,{1}
2016-03-27,FRLEH,"Le Havre",GBFXT,Felixstowe,1,1,"Hapag-Lloyd; MSC; WEC Lines",3,4,5488,433.5,5050,5800,2,2,2,{2}
2016-03-27,FRLEH,"Le Havre",GBLIV,Liverpool,1,1,"Hapag-Lloyd; MSC; OOCL",3,4,3574,261.5,2808,4340,1,1,1,{1}
2016-03-27,FRLEH,"Le Havre",GBSOU,Southampton,2,2,"Alianca; ANL; APL; CMA CGM; CSCL; Hamburg Sud; Hapag-Lloyd; Hyundai; MOL; NYK; OOCL; UASC",12,27,15121.35,1181.55,3802,14000,0,0,0,"{0,0}"
2016-03-27,FRLEH,"Le Havre",ILASH,Ashdod,1,1,"MSC; ZIM",2,5,4876.6,428,2682,5919,8,8,8,{8}
2016-03-27,FRLEH,"Le Havre",ITGIT,"Gioia Tauro",1,1,"MSC; SCI-Shipping Corp. of India",2,8,9340.375,633.75,7455,11660,6,6,6,{6}
2016-03-27,FRLEH,"Le Havre",JMKIN,Kingston,1,1,"CMA CGM; Hapag-Lloyd",2,6,2455.33333333333,583.333333333333,2260,2556,10,10,10,{10}
2016-03-27,FRLEH,"Le Havre",LBBEY,Beirut,1,1,"ANL; CMA CGM; CSCL; UASC; USL-US Lines",5,8,8750.25,907.25,8200,9289,8,8,8,{8}
2016-03-27,FRLEH,"Le Havre",LKCMB,Colombo,2,2,"ANL; CMA CGM; COSCO; Evergreen Line; Hanjin Shipping; K Line; Maersk Line; MCC; MSC; Safmarine; Seago Line; Yang Ming",12,21,18802.9181818182,1500.32727272727,6655,15908,16,17.5,19,"{19,16}"
2016-03-27,FRLEH,"Le Havre",MTMAR,"Malta (Marsaxlokk)",1,1,"ANL; CMA CGM; CSCL; Evergreen Line; FESCO; Hanjin Shipping; OPDR; UASC; USL-US Lines",9,13,15925.3076923077,1000,12562,17859,5,5,5,{5}
2016-03-27,FRLEH,"Le Havre",MXVER,Veracruz,1,1,"ACL-Atlantic Container Line; APL; Hapag-Lloyd; Hyundai; MOL; NYK; OOCL",7,6,4987.33333333333,500,4839,5042,13,13,13,{13}
2016-03-27,FRLEH,"Le Havre",NLRTM,Rotterdam,5,5,"ACL-Atlantic Container Line; Alianca; ANL; APL; CMA CGM; CSCL; Evergreen Line; FESCO; Hamburg Sud; Hanjin Shipping; Hapag-Lloyd; Hyundai; K Line; Maersk Line; MCC; MOL; MSC; NYK; OOCL; OPDR; PIL; Safmarine; Samskip; Seago Line; UASC; USL-US Lines; X-Press; Yang Ming",28,43,49429.9515151515,2925.77622377622,803,19272,0,1,3,"{0,3,1,1,1}"
2016-03-27,FRLEH,"Le Havre",OMSLL,Salalah,1,1,"Maersk Line; MCC; MSC; Safmarine; Seago Line",5,17,13399.7647058824,882.352941176471,12400,18270,13,13,13,{13}
2016-03-27,FRLEH,"Le Havre",PTLIS,Lisbon,2,2,"Alianca; ANL; CMA CGM; Hamburg Sud; Hapag-Lloyd; Maersk Line; MSC; NileDutch; Safmarine",9,14,8742,1103.57142857143,2478,5800,2,2.5,3,"{3,2}"
2016-03-27,FRLEH,"Le Havre",SAJED,Jeddah,1,1,"Alianca; ANL; CMA CGM; CSCL; Evergreen Line; FESCO; Hamburg Sud; Hanjin Shipping; K Line; PIL; UASC; USL-US Lines; Yang Ming",13,13,11402,569.230769230769,11388,14500,19,19,19,{19}
2016-03-27,FRLEH,"Le Havre",SGSIN,Singapore,1,1,"APL; Hapag-Lloyd; Hyundai; MOL; NYK; OOCL",6,11,9318,799.272727272727,8110,10000,22,22,22,{22}
2016-03-27,FRLEH,"Le Havre",SXSXM,"St Maarten-Philipsburg",1,1,"ANL; CMA CGM; Marfret; OPDR",4,6,1999.16666666667,163.333333333333,1678,2339,8,8,8,{8}
2016-03-27,FRLEH,"Le Havre",USCHS,"Charleston SC",1,1,"Maersk Line; MSC; Safmarine; SeaLand",4,7,6072.57142857143,573.571428571429,6418,7403,9,9,9,{9}
2016-03-27,FRLEH,"Le Havre",USLGB,"Long Beach CA",1,1,MSC,1,8,4352.875,802.5,3922,5042,20,20,20,{20}
2016-03-27,FRLEH,"Le Havre",USNYC,"New York NY/NJ",3,3,"ANL; CMA CGM; COSCO; Evergreen Line; K Line; Maersk Line; Marfret; MSC; Safmarine; USL-US Lines; Yang Ming",11,15,15844.8214285714,2226.71428571429,2478,6258,8,8,9,"{8,8,9}"
2016-03-27,FRLVE,"Le Verdon",PTSIE,Sines,1,1,MSC,1,6,2354.66666666667,317.5,1438,2908,4,4,4,{4}
2016-03-27,FRMTX,Montoir,FRBES,Brest,1,1,"BG Freight Line; Seago Line",2,1,658,150,658,658,1,1,1,{1}
2016-03-27,FRMTX,Montoir,GPPTP,Pointe-a-Pitre,1,1,"CMA CGM; Maersk Line; Marfret; WEC Lines",4,4,2554,608,2260,2872,8,8,8,{8}
2016-03-27,FRMTX,Montoir,MAPTM,Tanger,1,1,"CMA CGM; NileDutch; UASC",3,6,3609,550,3430,3856,3,3,3,{3}
2016-03-27,FRURO,Rouen,ESVGO,Vigo,1,1,"CMA CGM; OPDR",2,3,1678,240,1678,1678,2,2,2,{2}
2016-03-27,FRURO,Rouen,FRLEH,"Le Havre",1,1,"CMA CGM; Maersk Line; Marfret; WEC Lines",4,4,2554,608,2260,2872,0,0,0,{0}
2016-03-27,FRURO,Rouen,MQFDF,Fort-de-France,1,1,StreamLines,1,5,1654.2,339.8,1341,2122,10,10,10,{10}
2016-03-27,GALBV,Libreville,CMDLA,Douala,1,1,"CMA CGM; UASC",2,8,2404.625,369.25,2061,2526,1,1,1,{1}
2016-03-27,GALBV,Libreville,GHTKD,Takoradi,1,1,"Maersk Line; Safmarine",2,7,2262.85714285714,294.571428571429,1597,2500,4,4,4,{4}
2016-03-27,GAPOG,"Port Gentil",GALBV,Libreville,1,1,"CMA CGM; UASC",2,8,2404.625,369.25,2061,2526,2,2,2,{2}
2016-03-27,GBBRS,Bristol,ESBIO,Bilbao,1,1,"MacAndrews; OPDR",2,2,779.5,170,750,809,3,3,3,{3}
2016-03-27,GBBRS,Bristol,PTFDF,"Figueira da Foz",1,1,"MacAndrews; OPDR",2,1,1016,108,508,508,5,5,5,{5}
2016-03-27,GBBRS,Bristol,PTSET,Setubal,1,1,"MacAndrews; OPDR",2,2,698,120,698,698,3,3,3,{3}
2016-03-27,GBFXT,Felixstowe,BEANR,Antwerp,6,6,"Alianca; Hamburg Sud; Hapag-Lloyd; Maersk Line; MCC; MSC; Safmarine; Seago Line; UASC; WEC Lines; ZIM",11,42,42759.256372549,4002.51960784314,3922,18270,1,1.5,2,"{2,2,2,1,1,1}"
2016-03-27,GBFXT,Felixstowe,DEBRV,Bremerhaven,4,4,"Alianca; Borchard Lines Ltd; CMA CGM; Hamburg Sud; Hapag-Lloyd; Maersk Line; MCC; MSC; Safmarine; Seago Line; Turkon; WEC Lines",12,28,30953.9659090909,2481.45454545455,3922,18270,1,1,3,"{1,1,3,1}"
2016-03-27,GBFXT,Felixstowe,DEHAM,Hamburg,5,5,"ANL; CMA CGM; COSCO; CSCL; Evergreen Line; Hanjin Shipping; K Line; MSC; SCI-Shipping Corp. of India; UASC; USL-US Lines; Yang Ming",12,48,51993.675,3215.55,6655,14100,1,1,2,"{1,1,1,1,2}"
2016-03-27,GBFXT,Felixstowe,FRMTX,Montoir,1,1,"BG Freight Line; Seago Line",2,1,658,150,658,658,2,2,2,{2}
2016-03-27,GBFXT,Felixstowe,GBNCL,"Newcastle UK",1,1,"BG Freight Line; Hapag-Lloyd",2,1,972,170,972,972,1,1,1,{1}
2016-03-27,GBFXT,Felixstowe,GBTEE,Teesport,2,2,"COSCO; Hapag-Lloyd; OOCL; Tschudi Express; Unifeeder",5,3,1306,175,508,972,1,1,1,"{1,1}"
2016-03-27,GBFXT,Felixstowe,MAPTM,Tanger,1,1,"Maersk Line; MCC; MSC; Safmarine; Seago Line",5,11,16873.6363636364,709.090909090909,18270,19272,4,4,4,{4}
2016-03-27,GBFXT,Felixstowe,NLMOE,Moerdijk,1,1,"MSC; WEC Lines",2,2,938,150,868,1008,1,1,1,{1}
2016-03-27,GBFXT,Felixstowe,NLRTM,Rotterdam,14,13,"Alianca; ANL; BG Freight Line; Borchard Lines Ltd; CMA CGM; COSCO; CSCL; Eucon; Evergreen Line; FESCO; Hamburg Sud; Hanjin Shipping; Hapag-Lloyd; K Line; Maersk Line; MCC; MSC; OOCL; PIL; Safmarine; Seago Line; SeaLand; Tschudi Express; UASC; Unifeeder; USL-US Lines; X-Press; Yang Ming; ZIM",29,80,79108.0655844156,6230.09115884116,809,19100,0,1,2,"{0,1,1,2,1,1,1,1,1,0,1,1,1,1}"
2016-03-27,GBFXT,Felixstowe,SAKAC,"King Abdullah City",1,1,"MSC; WEC Lines",2,7,8665,590.142857142857,8189,8948,10,10,10,{10}
2016-03-27,GBFXT,Felixstowe,SNDKR,Dakar,1,1,MSC,1,8,3053,129.125,2668,3424,3,3,3,{3}
2016-03-27,GBGRG,Grangemouth,BEANR,Antwerp,2,2,"BG Freight Line; Hapag-Lloyd; MSC; Seago Line",4,2,2672,370,972,1700,1,1.5,2,"{2,1}"
2016-03-27,GBGRG,Grangemouth,GBFXT,Felixstowe,3,3,"BG Freight Line; COSCO; Hapag-Lloyd; K Line; OOCL; Seago Line; Tschudi Express; Unifeeder",8,6,2913.07142857143,392.857142857143,809,902,3,4,4,"{4,3,4}"
2016-03-27,GBGRG,Grangemouth,NLRTM,Rotterdam,3,3,"ANL; BG Freight Line; CMA CGM; COSCO; Hapag-Lloyd; OOCL; Samskip; Tschudi Express; Unifeeder",9,3,1670,240,340,822,1,2,3,"{3,1,2}"
2016-03-27,GBGRK,Greenock,BEANR,Antwerp,1,1,MSC,1,1,1036,250,1036,1036,2,2,2,{2}
2016-03-27,GBGRK,Greenock,ESBIO,Bilbao,1,1,"MacAndrews; OPDR",2,1,750,190,750,750,2,2,2,{2}
2016-03-27,GBGRK,Greenock,FRLEH,"Le Havre",1,1,"ANL; CMA CGM",2,2,925,200,925,925,2,2,2,{2}
2016-03-27,GBGRK,Greenock,GBLIV,Liverpool,1,1,"BG Freight Line; Hapag-Lloyd",2,1,658,102,658,658,1,1,1,{1}
2016-03-27,GBGRK,Greenock,GBSOU,Southampton,2,2,"Hapag-Lloyd; OOCL; X-Press",3,2,1216,200,509,707,2,2,2,"{2,2}"
2016-03-27,GBIMM,Immingham,GBFXT,Felixstowe,1,1,"COSCO; Hapag-Lloyd; Tschudi Express; Unifeeder",4,2,798,125,624,972,1,1,1,{1}
2016-03-27,GBIMM,Immingham,GBGRG,Grangemouth,2,2,"BG Freight Line; COSCO; Hapag-Lloyd; K Line; OOCL; Seago Line; Tschudi Express; Unifeeder",8,5,1624.5,150,809,822,1,1,1,"{1,1}"
2016-03-27,GBIMM,Immingham,GBTEE,Teesport,1,1,"ANL; CMA CGM",2,1,822,150,822,822,0,0,0,{0}
2016-03-27,GBIMM,Immingham,ISREY,Reykjavik,1,1,Eimskip,1,2,799.5,72,724,875,4,4,4,{4}
2016-03-27,GBIMM,Immingham,LTKLJ,"Klaipeda
",1,1,"COSCO; Hapag-Lloyd; Tschudi Express; Unifeeder",4,2,798,125,624,972,3,3,3,{3}
2016-03-27,GBIMM,Immingham,NLRTM,Rotterdam,2,2,"Eimskip; Evergreen Line; Royal Arctic Line; Tschudi Express; Unifeeder",5,4,1969.42857142857,378,698,750,1,1,1,"{1,1}"
2016-03-27,GBIMM,Immingham,NLVLI,Flushing,1,1,Eimskip,1,2,799.5,72,724,875,1,1,1,{1}
2016-03-27,GBLGP,"London Gateway",BEANR,Antwerp,2,2,"Alianca; ANL; CMA CGM; Hamburg Sud; Hapag-Lloyd; MSC",6,21,9838.75961538462,1264.17307692308,3752,7455,1,1.5,2,"{1,2}"
2016-03-27,GBLGP,"London Gateway",DEBRV,Bremerhaven,2,2,"Alianca; COSCO; DAL-Deutsche Afrika Linien; Hamburg Sud; Hanjin Shipping; Maersk Line; MOL; MSC; Safmarine; Seago Line",10,16,15304.375,2812.5,6350,8500,1,2,3,"{3,1}"
2016-03-27,GBLGP,"London Gateway",DEHAM,Hamburg,2,2,"Alianca; CMA CGM; Hamburg Sud; Hapag-Lloyd; Maersk Line; MSC; Safmarine; UASC",8,14,12230.6666666667,2073.33333333333,2550,9669,1,1,1,"{1,1}"
2016-03-27,GBLGP,"London Gateway",MAPTM,Tanger,1,1,"Alianca; Hamburg Sud; Hapag-Lloyd; NYK",4,8,6235,1123,5905,6589,5,5,5,{5}
2016-03-27,GBLGP,"London Gateway",NLRTM,Rotterdam,2,2,"Alianca; CMA CGM; Hamburg Sud; Hapag-Lloyd; Maersk Line; MSC; Safmarine; Stinnes; UASC",9,16,18252.25,2275,6402,9669,0,1,2,"{0,2}"
2016-03-27,GBLIV,Liverpool,CAMTR,Montreal,1,1,"Hapag-Lloyd; MSC; OOCL",3,4,3574,261.5,2808,4340,8,8,8,{8}
2016-03-27,GBLIV,Liverpool,ESBIO,Bilbao,1,1,"MacAndrews; OPDR",2,1,917,206,917,917,3,3,3,{3}
2016-03-27,GBLIV,Liverpool,GBBRS,Bristol,2,2,"MacAndrews; OPDR",2,3,1795.5,278,508,809,0,0.5,1,"{0,1}"
2016-03-27,GBLIV,Liverpool,GBGRK,Greenock,2,2,"MacAndrews; OPDR; X-Press",3,2,1457,340,707,750,1,1,1,"{1,1}"
2016-03-27,GBLIV,Liverpool,GBMNC,Manchester,1,1,"BG Freight Line; Hapag-Lloyd",2,1,340,40,340,340,1,1,1,{1}
2016-03-27,GBLIV,Liverpool,IEBEF,Belfast,2,2,"BG Freight Line; COSCO; Eucon; Evergreen Line; Hapag-Lloyd; OOCL; X-Press",7,3,1694,352,658,1036,1,1.5,2,"{2,1}"
2016-03-27,GBLIV,Liverpool,IEDUB,Dublin,3,3,"ANL; Borchard Lines Ltd; CMA CGM; MacAndrews; OPDR",5,8,2839,520,698,1216,0,0,1,"{0,0,1}"
2016-03-27,GBLIV,Liverpool,PTSIE,Sines,1,1,"MSC; WEC Lines",2,3,868,206,868,868,3,3,3,{3}
2016-03-27,GBLIV,Liverpool,USCHT,"Chester PA",1,1,ICL,1,4,2465.5,478.5,1970,2800,10,10,10,{10}
2016-03-27,GBMNC,Manchester,IEDUB,Dublin,1,1,"BG Freight Line; Hapag-Lloyd",2,1,340,40,340,340,2,2,2,{2}
2016-03-27,GBNCL,"Newcastle UK",DEBRV,Bremerhaven,1,1,"Seago Line",1,4,912.25,216.25,868,1036,1,1,1,{1}
2016-03-27,GBNCL,"Newcastle UK",GBTEE,Teesport,1,1,"BG Freight Line; Hapag-Lloyd",2,1,972,170,972,972,1,1,1,{1}
2016-03-27,GBNCL,"Newcastle UK",IEDUB,Dublin,1,1,"BG Freight Line; Unifeeder",2,1,972,170,972,972,2,2,2,{2}
2016-03-27,GBPME,Portsmouth,BEANR,Antwerp,1,1,"Maersk Line",1,5,2552.8,568,2520,2602,1,1,1,{1}
2016-03-27,GBPME,Portsmouth,FRDKK,Dunkirk,1,1,"CMA CGM; OPDR",2,3,1678,240,1678,1678,1,1,1,{1}
2016-03-27,GBSCR,Scrabster,FOTHO,Thorshavn,1,1,Eimskip,1,2,698,60,698,698,3,3,3,{3}
2016-03-27,GBSOU,Southampton,BEANR,Antwerp,5,5,"ACL-Atlantic Container Line; APL; Hapag-Lloyd; Hyundai; Maersk Line; MCC; MOL; MSC; NYK; OOCL; Safmarine; Seago Line",12,49,40219.4333333333,2976.41666666667,4043,19224,1,1,3,"{1,1,3,2,1}"
2016-03-27,GBSOU,Southampton,FRDKK,Dunkirk,1,1,"ANL; CMA CGM; CSCL; Evergreen Line; FESCO; Hanjin Shipping; OPDR; UASC; USL-US Lines",9,13,15925.3076923077,1000,12562,17859,1,1,1,{1}
2016-03-27,GBSOU,Southampton,FRLEH,"Le Havre",1,1,"APL; Hapag-Lloyd; Hyundai; MOL; NYK; OOCL",6,11,9318,799.272727272727,8110,10000,0,0,0,{0}
2016-03-27,GBSOU,Southampton,GBLIV,Liverpool,1,1,"ANL; CMA CGM",2,2,925,200,925,925,1,1,1,{1}
2016-03-27,GBSOU,Southampton,IEBEF,Belfast,1,1,X-Press,1,1,707,150,707,707,2,2,2,{2}
2016-03-27,GBSOU,Southampton,IEDUB,Dublin,1,1,"Hapag-Lloyd; OOCL; X-Press",3,1,509,50,509,509,2,2,2,{2}
2016-03-27,GBSOU,Southampton,IEORK,Cork,1,1,"ANL; CMA CGM; COSCO; Eucon; OOCL; X-Press",6,1,1036,250,1036,1036,2,2,2,{2}
2016-03-27,GBSOU,Southampton,NLRTM,Rotterdam,2,2,"ANL; CMA CGM; COSCO; CSCL; Eucon; Evergreen Line; Hapag-Lloyd; OOCL; UASC; USL-US Lines; X-Press",11,9,9448.25,1027.25,698,9289,0,0.5,1,"{1,0}"
2016-03-27,GBSOU,Southampton,SGSIN,Singapore,2,2,"APL; Hapag-Lloyd; Hyundai; MOL; NYK; OOCL",6,23,24465.7651515152,1412.12121212121,12565,14000,22,23,24,"{24,22}"
2016-03-27,GBSOU,Southampton,USCHS,"Charleston SC",1,1,"ACL-Atlantic Container Line; Hapag-Lloyd",2,5,3207.4,400,3200,3237,8,8,8,{8}
2016-03-27,GBSOU,Southampton,USNYC,"New York NY/NJ",2,2,"ACL-Atlantic Container Line; Alianca; ANL; APL; CMA CGM; CSCL; Hamburg Sud; Hapag-Lloyd; Hyundai; MOL; NYK; OOCL; UASC",13,20,12691.0666666667,1294.46666666667,3802,8749,8,8,8,"{8,8}"
2016-03-27,GBTEE,Teesport,DEHAM,Hamburg,1,1,"COSCO; Hapag-Lloyd; Tschudi Express; Unifeeder",4,2,798,125,624,972,1,1,1,{1}
2016-03-27,GBTEE,Teesport,DKAAR,Aarhus,1,1,"K Line; Unifeeder",2,4,815.5,150,809,822,2,2,2,{2}
2016-03-27,GBTEE,Teesport,GBGRG,Grangemouth,5,5,"ANL; BG Freight Line; CMA CGM; COSCO; Hapag-Lloyd; MSC; OOCL; Seago Line; Tschudi Express; Unifeeder",10,5,5290.57142857143,812.857142857143,508,1700,0,1,1,"{1,0,1,1,1}"
2016-03-27,GBTEE,Teesport,NLRTM,Rotterdam,1,1,"BG Freight Line; Hapag-Lloyd",2,1,972,170,972,972,1,1,1,{1}
2016-03-27,GBTEE,Teesport,PLGDY,"Gdynia Poland",1,1,"EuroAfrica Shipping Lines; MacAndrews; OPDR",3,1,804,180,804,804,2,2,2,{2}
2016-03-27,GBTIL,Tilbury,BEANR,Antwerp,2,2,"CMA CGM; MSC; NileDutch; UASC; WEC Lines",5,9,4477,756,868,3856,0,0.5,1,"{0,1}"
2016-03-27,GBTIL,Tilbury,DEBRV,Bremerhaven,1,1,"Hapag-Lloyd; MSC; WEC Lines",3,9,4609.44444444444,686.111111111111,3922,5301,1,1,1,{1}
2016-03-27,GBTIL,Tilbury,ESBIO,Bilbao,1,1,"MacAndrews; OPDR",2,2,750,145,750,750,2,2,2,{2}
2016-03-27,GBTIL,Tilbury,ESSCT,Tenerife,1,1,"DAL-Deutsche Afrika Linien; OPDR",2,3,868,234,868,868,5,5,5,{5}
2016-03-27,GBTIL,Tilbury,FRDKK,Dunkirk,2,2,"COSCO; MacAndrews; OOCL; OPDR; Team Lines; X-Press",6,6,1392,240,686,698,1,1,1,"{1,1}"
2016-03-27,GBTIL,Tilbury,FRURO,Rouen,1,1,StreamLines,1,5,1654.2,339.8,1341,2122,1,1,1,{1}
2016-03-27,GBTIL,Tilbury,NLRTM,Rotterdam,9,9,"ANL; BG Freight Line; CMA CGM; DAL-Deutsche Afrika Linien; Hapag-Lloyd; MacAndrews; Maersk Line; Marfret; OPDR; Safmarine; Samskip; Seago Line; Team Lines; USL-US Lines",14,43,18476.1996336996,3190.99633699634,340,5770,1,1,2,"{1,2,1,1,1,1,1,2,1}"
2016-03-27,GBTIL,Tilbury,SEHEL,Helsingborg,1,1,"MacAndrews; OPDR",2,2,750,145,750,750,1,1,1,{1}
2016-03-27,GDSTG,"St George's",DOHAI,"Rio Haina",1,1,"King Ocean",1,4,1024.25,231,957,1100,2,2,2,{2}
2016-03-27,GDSTG,"St George's",GYGEO,"Georgetown, Guyana",1,1,"Tropical Shipping",1,2,850,187,850,850,1,1,1,{1}
2016-03-27,GDSTG,"St George's",TTPTS,"Point Lisas",2,2,"CMA CGM; SeaFreight Line; ZIM",3,5,2163.33333333333,465.333333333333,862,1296,1,1,1,"{1,1}"
2016-03-27,GFDDC,"Degrad des Cannes",BRVDC,"Vila do Conde (near Belem)",1,1,"ANL; CMA CGM; Marfret; OPDR",4,6,1999.16666666667,163.333333333333,1678,2339,2,2,2,{2}
2016-03-27,GFDDC,"Degrad des Cannes",SRPBM,Paramaribo,1,1,"CMA CGM",1,2,1487,315,1296,1678,1,1,1,{1}
2016-03-27,GHTEM,Tema,BJCOO,Cotonou,3,3,"ANL; CMA CGM; COSCO; Gold Star Line; Hapag-Lloyd; Maersk Line; MCC; MOL; Safmarine; ZIM",10,26,10053,839.75,2751,5466,1,1,2,"{1,1,2}"
2016-03-27,GHTEM,Tema,CIABJ,Abidjan,4,4,"ANL; Arkas Line; CMA CGM; COSCO; CSCL; Gold Star Line; Hapag-Lloyd; Maersk Line; MCC; MSC; PIL; Safmarine",12,38,13197.4166666667,1188.625,1740,5466,2,2.5,3,"{3,2,2,3}"
2016-03-27,GHTEM,Tema,GHTKD,Takoradi,2,2,"Arkas Line; CMA CGM; COSCO; Hapag-Lloyd; Maersk Line; Marguisa; Messina; UASC; ZIM",9,8,8185.28571428571,1279.28571428571,2452,2764,0,0.5,1,"{1,0}"
2016-03-27,GHTEM,Tema,MAPTM,Tanger,1,1,"CMA CGM; Hanjin Shipping; UASC",3,4,3180,421.5,2824,3398,11,11,11,{11}
2016-03-27,GHTEM,Tema,TGLFW,Lome,2,2,"ANL; CMA CGM; PIL",3,17,4848.69264069264,638.645021645022,1080,3889,0,1,2,"{2,0}"
2016-03-27,GHTKD,Takoradi,CIABJ,Abidjan,2,2,"Arkas Line; CMA CGM; COSCO; Hapag-Lloyd; Maersk Line; Marguisa; Messina; UASC; ZIM",9,8,8185.28571428571,1279.28571428571,2452,2764,1,1,1,"{1,1}"
2016-03-27,GHTKD,Takoradi,CISPY,"San Pedro, Ivory Coast",1,1,"Maersk Line; Safmarine",2,7,2262.85714285714,294.571428571429,1597,2500,6,6,6,{6}
2016-03-27,GIGIB,Gibraltar,ESSVQ,Seville,1,1,"CMA CGM; OPDR",2,3,698,120,698,698,1,1,1,{1}
2016-03-27,GMBJL,Banjul,MAPTM,Tanger,2,2,"CMA CGM; Maersk Line; Safmarine",3,6,3292.66666666667,272,1577,1740,5,6,7,"{7,5}"
2016-03-27,GMBJL,Banjul,MRNDB,Nouadhibou,1,1,"CMA CGM",1,3,1072,144.666666666667,957,1152,2,2,2,{2}
2016-03-27,GNCKY,Conakry,AOLAD,Luanda,1,1,MSC,1,6,2354.66666666667,317.5,1438,2908,5,5,5,{5}
2016-03-27,GNCKY,Conakry,ESALG,Algeciras,1,1,"Maersk Line; Safmarine; Seago Line",3,8,1609.875,218.5,2478,2902,7,7,7,{7}
2016-03-27,GNCKY,Conakry,LRMLW,Monrovia,2,2,"CMA CGM; Maersk Line; Safmarine",3,7,4083.5,485.666666666667,1577,2474,1,2,3,"{1,3}"
2016-03-27,GPPTP,Pointe-a-Pitre,BBBGI,Bridgetown,1,1,"CMA CGM",1,2,990,212,862,1118,1,1,1,{1}
2016-03-27,GPPTP,Pointe-a-Pitre,ESALG,Algeciras,1,1,"CMA CGM; Marfret",2,6,2656.66666666667,530.5,2500,2790,8,8,8,{8}
2016-03-27,GPPTP,Pointe-a-Pitre,FRDKK,Dunkirk,1,1,"CMA CGM; Maersk Line; Marfret; WEC Lines",4,4,2554,608,2260,2872,9,9,9,{9}
2016-03-27,GPPTP,Pointe-a-Pitre,GPSBH,"St Barthelemy",1,1,"CMA CGM; TOTE Maritime",2,1,120,24,120,120,1,1,1,{1}
2016-03-27,GPPTP,Pointe-a-Pitre,MQFDF,Fort-de-France,3,3,"CMA CGM; Maersk Line; Marfret; WEC Lines",4,12,6697.66666666667,1453.5,1296,2872,1,1,1,"{1,1,1}"
2016-03-27,GPPTP,Pointe-a-Pitre,SXSXM,"St Maarten-Philipsburg",1,1,StreamLines,1,5,1654.2,339.8,1341,2122,1,1,1,{1}
2016-03-27,GPSBH,"St Barthelemy",BBBGI,Bridgetown,1,1,"King Ocean",1,4,1024.25,231,957,1100,1,1,1,{1}
2016-03-27,GPSBH,"St Barthelemy",LCSLU,"Castries, St Lucia",1,1,"Tropical Shipping",1,2,850,187,850,850,1,1,1,{1}
2016-03-27,GPSBH,"St Barthelemy",SXSXM,"St Maarten-Philipsburg",1,1,"CMA CGM; TOTE Maritime",2,1,120,24,120,120,0,0,0,{0}
2016-03-27,GQBSG,Bata,GQSSG,Malabo,1,1,"Arkas Line; CMA CGM; Hapag-Lloyd; Maersk Line; Marguisa; UASC; ZIM",7,6,2551,365,2452,2764,0,0,0,{0}
2016-03-27,GQSSG,Malabo,GHTEM,Tema,1,1,"Arkas Line; CMA CGM; Hapag-Lloyd; Maersk Line; Marguisa; UASC; ZIM",7,6,2551,365,2452,2764,1,1,1,{1}
2016-03-27,GRPIR,Piraeus,CNXMN,Xiamen,1,1,"CMA CGM; COSCO; CSCL; Evergreen Line; Hanjin Shipping; K Line; Yang Ming",7,10,9107.2,654.2,8488,14100,17,17,17,{17}
2016-03-27,GRPIR,Piraeus,CYLMS,Limassol,1,1,"Borchard Lines Ltd",1,4,1216,200,1216,1216,2,2,2,{2}
2016-03-27,GRPIR,Piraeus,GBFXT,Felixstowe,1,1,"CMA CGM; COSCO; CSCL; Evergreen Line; Hanjin Shipping; K Line; Yang Ming",7,10,9107.2,654.2,8488,14100,8,8,8,{8}
2016-03-27,GRPIR,Piraeus,GRSKG,Thessaloniki,1,1,"Hapag-Lloyd; MSC",2,4,3681.25,218.25,3301,4158,1,1,1,{1}
2016-03-27,GRPIR,Piraeus,ITGOA,Genoa,1,1,"COSCO; CSCL; Evergreen Line; Hanjin Shipping; K Line; Yang Ming",6,9,5413.44444444444,538.666666666667,8000,8241,2,2,2,{2}
2016-03-27,GRPIR,Piraeus,ITLIV,Leghorn,1,1,"COSCO; Hapag-Lloyd; ZIM",3,7,4250.85714285714,380,4250,4253,4,4,4,{4}
2016-03-27,GRPIR,Piraeus,ITSPE,"La Spezia",1,1,"CMA CGM; COSCO; CSCL; Evergreen Line; Hanjin Shipping; K Line; UASC; Yang Ming",8,16,9690.9375,812.5625,5250,10114,3,3,3,{3}
2016-03-27,GRPIR,Piraeus,LKCMB,Colombo,1,1,"COSCO; CSCL; Evergreen Line; Hanjin Shipping; K Line; Yang Ming",6,9,5413.44444444444,538.666666666667,8000,8241,9,9,9,{9}
2016-03-27,GRPIR,Piraeus,MYPKG,"Port Klang",1,1,"ANL; APL; CMA CGM; COSCO; CSCL; MOL; PIL; UASC; USL-US Lines; Yang Ming",10,11,6743.45454545455,867.272727272727,8386,10622,16,16,16,{16}
2016-03-27,GRPIR,Piraeus,PTSIE,Sines,1,1,"Hapag-Lloyd; MSC",2,4,3681.25,218.25,3301,4158,4,4,4,{4}
2016-03-27,GRPIR,Piraeus,SAJED,Jeddah,1,1,"COSCO; Evergreen Line; Hanjin Shipping; K Line; MOL; Yang Ming",6,8,7431.25,437.5,5500,8073,4,4,4,{4}
2016-03-27,GRPIR,Piraeus,SAKAC,"King Abdullah City",1,1,"Hapag-Lloyd; Maersk Line; MCC; MSC; Safmarine",5,10,13595,1000,13050,14000,5,5,5,{5}
2016-03-27,GRPIR,Piraeus,SGSIN,Singapore,2,2,"ANL; CMA CGM; COSCO; CSCL; Evergreen Line; Hanjin Shipping; K Line; UASC; USL-US Lines; Yang Ming",10,26,23675.9375,1312.5625,5250,14100,14,15.5,17,"{14,17}"
2016-03-27,GRPIR,Piraeus,TRALI,Aliaga,1,1,"Hapag-Lloyd; MSC; WEC Lines",3,4,5488,433.5,5050,5800,1,1,1,{1}
2016-03-27,GRPIR,Piraeus,TRAMB,"Istanbul (Ambarli)",1,1,"Hapag-Lloyd; MSC; WEC Lines",3,4,5488,433.5,5050,5800,2,2,2,{2}
2016-03-27,GRPIR,Piraeus,TRIZT,Izmit,1,1,"Alianca; Borchard Lines Ltd; CMA CGM; Hamburg Sud; Maersk Line; Seago Line; Turkon",7,5,4504,700,4504,4504,1,1,1,{1}
2016-03-27,GRSKG,Thessaloniki,TRIZM,Izmir,1,1,"Hapag-Lloyd; MSC",2,4,3681.25,218.25,3301,4158,1,1,1,{1}
2016-03-27,GTPBR,"Puerto Barrios",CRLIO,"Puerto Limon",1,1,"Great White Fleet; MSC",2,5,2548.8,568,2520,2556,2,2,2,{2}
2016-03-27,GTPBR,"Puerto Barrios",HNPCR,"Puerto Cortes",1,1,"Great White Fleet",1,2,2482,558,2474,2490,1,1,1,{1}
2016-03-27,GTPBR,"Puerto Barrios",USMSY,"New Orleans LA",1,1,"Great White Fleet; MSC",2,5,2548.8,568,2520,2556,3,3,3,{3}
2016-03-27,GTPBR,"Puerto Barrios",USPEF,"Port Everglades FL",1,1,"Great White Fleet; MSC",2,5,2548.8,568,2520,2556,3,3,3,{3}
2016-03-27,GTPRQ,"Puerto Quetzal",COBUN,Buenaventura,1,1,"COSCO; Evergreen Line; PIL; Wan Hai; Yang Ming",5,10,4203.6,411.4,4250,5652,4,4,4,{4}
2016-03-27,GTPRQ,"Puerto Quetzal",MXLZC,"Lazaro Cardenas",2,2,"Alianca; APL; CCNI; CMA CGM; CSCL; Evergreen Line; Hamburg Sud; Hapag-Lloyd; Maersk Line; MSC; SeaLand; X-Press",12,6,4130,810.5,1550,2566,2,2,2,"{2,2}"
2016-03-27,GTPRQ,"Puerto Quetzal",MXZLO,"Manzanillo, MEX",1,1,"Hapag-Lloyd; NYK",2,4,2629,420.25,2524,2664,2,2,2,{2}
2016-03-27,GTPRQ,"Puerto Quetzal",NICIO,Corinto,1,1,"Alianca; CCNI; Great White Fleet; Hamburg Sud",4,5,1819,467,1819,1819,1,1,1,{1}
2016-03-27,GTPRQ,"Puerto Quetzal",SVAQJ,Acajutla,3,3,"Alianca; APL; CCNI; CMA CGM; CSCL; Evergreen Line; Hamburg Sud; Hapag-Lloyd; Maersk Line; MSC; NYK; SeaLand; X-Press",13,10,6759,1230.75,1550,2664,0,0,1,"{1,0,0}"
2016-03-27,GTPRQ,"Puerto Quetzal",USNTD,"Port Hueneme CA",1,1,"Alianca; CCNI; Great White Fleet; Hamburg Sud",4,5,1819,467,1819,1819,6,6,6,{6}
2016-03-27,GTPRQ,"Puerto Quetzal",USSAN,"San Diego CA",1,1,Dole,1,3,1106.66666666667,296.666666666667,890,1540,5,5,5,{5}
2016-03-27,GTSTC,"Santo Tomas de Castilla",BZBZE,"Belize City",1,1,"Caribbean Feeder; Hapag-Lloyd; ZIM",3,3,699.333333333333,120,698,702,1,1,1,{1}
2016-03-27,GTSTC,"Santo Tomas de Castilla",CRLIO,"Puerto Limon",1,1,"Maersk Line; Safmarine; SeaLand",3,5,1716.4,402,1708,1740,3,3,3,{3}
2016-03-27,GTSTC,"Santo Tomas de Castilla",HNPCA,"Puerto Castilla",1,1,Dole,1,1,910,445,910,910,1,1,1,{1}
2016-03-27,GTSTC,"Santo Tomas de Castilla",HNPCR,"Puerto Cortes",10,9,"Alianca; APL; CMA CGM; Crowley; Evergreen Line; Hamburg Sud; Hapag-Lloyd; Hyundai; King Ocean; Maersk Line; MOL; NYK; Seaboard Marine; SeaLand; X-Press",15,27,15273.3333333333,2883.46666666667,877,2702,0,1,1,"{1,1,1,1,0,1,1,1,1,1}"
2016-03-27,GTSTC,"Santo Tomas de Castilla",USCPV,"Port Canaveral, FL",1,1,StreamLines,1,5,1654.2,339.8,1341,2122,3,3,3,{3}
2016-03-27,GTSTC,"Santo Tomas de Castilla",USFPO,"Freeport TX",1,1,Dole,1,1,2474,550,2474,2474,4,4,4,{4}
2016-03-27,GTSTC,"Santo Tomas de Castilla",USHOU,"Houston TX",2,2,"Seaboard Marine",1,4,2981.33333333333,553.333333333333,1114,2122,3,3,3,"{3,3}"
2016-03-27,GTSTC,"Santo Tomas de Castilla",USILM,"Wilmington NC",1,1,"Maersk Line; Safmarine; SeaLand",3,5,1716.4,402,1708,1740,5,5,5,{5}
2016-03-27,GTSTC,"Santo Tomas de Castilla",USMIA,"Miami FL",3,3,"Seaboard Marine",1,3,2920,510,972,974,3,3,3,"{3,3,3}"
2016-03-27,GTSTC,"Santo Tomas de Castilla",USPEF,"Port Everglades FL",2,2,"AFCO Shipping Line; King Ocean",2,3,824.5,170,205,591,3,3,3,"{3,3}"
2016-03-27,GUGUM,Guam,CNXMN,Xiamen,1,1,"Maersk Line; Matson",2,5,2715.8,300,2019,2890,5,5,5,{5}
2016-03-27,GUGUM,Guam,MPSPN,Saipan,1,1,MELL,1,4,1200.5,234,1080,1304,1,1,1,{1}
2016-03-27,GWOXB,Bissau,MAPTM,Tanger,1,1,"Maersk Line; Safmarine",2,2,4443,342,1417,1545,6,6,6,{6}
2016-03-27,GWOXB,Bissau,PTLIS,Lisbon,1,1,Transinsular,1,2,2706,344,1129,1577,7,7,7,{7}
2016-03-27,GYGEO,"Georgetown, Guyana",GFDDC,"Degrad des Cannes",1,1,"CMA CGM",1,2,1487,315,1296,1678,1,1,1,{1}
2016-03-27,GYGEO,"Georgetown, Guyana",SRPBM,Paramaribo,1,1,"CMA CGM; ZIM",2,2,1008.5,284.5,670,1347,2,2,2,{2}
2016-03-27,GYGEO,"Georgetown, Guyana",TTPTS,"Point Lisas",2,2,"King Ocean; Seaboard Marine",2,4,1342,291.666666666667,584,957,2,2,2,"{2,2}"
2016-03-27,GYGEO,"Georgetown, Guyana",USPAB,"Palm Beach FL",1,1,"Tropical Shipping",1,2,850,187,850,850,4,4,4,{4}
2016-03-27,HKHKG,"Hong Kong",AUBNE,Brisbane,1,1,"Alianca; COSCO; Hamburg Sud; Hapag-Lloyd; MOL; NYK",6,6,4044.66666666667,663,3765,4250,10,10,10,{10}
2016-03-27,HKHKG,"Hong Kong",AUSYD,Sydney,2,2,"ANL; CMA CGM; COSCO; CSCL; K Line; Maersk Line; MOL; NYK; OOCL; PIL",10,12,8156.5,779.666666666667,4253,5888,11,11.5,12,"{12,11}"
2016-03-27,HKHKG,"Hong Kong",CNCWN,Chiwan,8,7,"ANL; APL; CMA CGM; CNC Line-Cheng Lie Navigation Co. Ltd.; CSCL; FESCO; Hapag-Lloyd; Heung-A; Hyundai; Maersk Line; MCC; MOL; OOCL; Safmarine; SeaLand; USL-US Lines; Wan Hai",17,70,40256.8008658009,3516.329004329,650,9640,0,1,1,"{1,1,1,0,1,1,1,0}"
2016-03-27,HKHKG,"Hong Kong",CNDCB,"Da Chan Bay",2,2,"APL; Gold Star Line; Hanjin Shipping; Hapag-Lloyd; K Line; MOL; NYK",7,12,5846.90909090909,541.636363636364,706,6350,1,1,1,"{1,1}"
2016-03-27,HKHKG,"Hong Kong",CNFOC,Fuzhou,1,1,MSC,1,2,2149,367.5,2072,2226,3,3,3,{3}
2016-03-27,HKHKG,"Hong Kong",CNHUA,"Huangpu (Guangzhou)",2,2,"Heung-A; KMTC; TS Lines",3,4,2128,52,1000,1103,0,0.5,1,"{1,0}"
2016-03-27,HKHKG,"Hong Kong",CNLYG,Lianyungang,1,1,"ANL; CMA CGM; CNC Line-Cheng Lie Navigation Co. Ltd.; Yang Ming",4,5,3505.6,480,3426,3534,5,5,5,{5}
2016-03-27,HKHKG,"Hong Kong",CNNGB,Ningbo,6,6,"ANL; APL; Asean Seas Lines; CMA CGM; CNC Line-Cheng Lie Navigation Co. Ltd.; COSCO; Evergreen Line; Gold Star Line; Hanjin Shipping; Hapag-Lloyd; Hyundai; KMTC; MOL; NYK; OOCL; PIL; RCL; TS Lines; Wan Hai; X-Press; Yang Ming; ZIM",22,46,27632.45,2655.01666666667,698,14000,2,2.5,7,"{2,3,4,2,2,7}"
2016-03-27,HKHKG,"Hong Kong",CNNSA,Nansha,5,5,"ANL; CMA CGM; COSCO; CSCL; Evergreen Line; Gold Star Line; Hanjin Shipping; Hapag-Lloyd; K Line; MCC; MELL; MOL; PIL; TS Lines; USL-US Lines; Yang Ming; ZIM",17,40,26036.380952381,1522.41666666667,1080,14100,0,1,2,"{2,0,1,1,1}"
2016-03-27,HKHKG,"Hong Kong",CNSHA,Shanghai,10,10,"Alianca; ANL; APL; CMA CGM; COSCO; CSCL; Emirates Shipping; Evergreen Line; Gold Star Line; Hamburg Sud; Hanjin Shipping; Hapag-Lloyd; Heung-A; Hyundai; K Line; KMTC; Maersk Line; MCC; MOL; NYK; OOCL; PIL; RCL; Safmarine; Sinotrans; UASC; Wan Hai; Yang Ming; ZIM",29,77,50277.1517857143,5262.89583333333,1022,10114,2,3.5,5,"{3,5,2,4,4,2,3,3,4,4}"
2016-03-27,HKHKG,"Hong Kong",CNSHK,Shekou,38,34,"Alianca; ANL; APL; CMA CGM; CNC Line-Cheng Lie Navigation Co. Ltd.; COSCO; Evergreen Line; Gold Star Line; Hamburg Sud; Hanjin Shipping; Hapag-Lloyd; Heung-A; Hyundai; IAL-Interasia Lines; K Line; KMTC; MCC; MOL; Namsung; NYK; OOCL; PIL; RCL; Sinokor; Sinotrans; SITC Shipping; TS Lines; Wan Hai; X-Press; Yang Ming; ZIM",31,149,98039.6531385281,11109.1554112554,831,14000,0,1,2,"{0,0,1,1,0,1,0,0,1,1,1,0,1,0,0,0,1,0,0,1,2,1,0,1,0,2,0,1,0,1,0,0,0,1,1,1,1,1}"
2016-03-27,HKHKG,"Hong Kong",CNTAO,Qingdao,4,4,"ANL; APL; Asean Seas Lines; CMA CGM; CNC Line-Cheng Lie Navigation Co. Ltd.; COSCO; IAL-Interasia Lines; KMTC; MOL; PIL; RCL; TS Lines; Wan Hai",13,20,11581.3333333333,1349.66666666667,698,5888,1,4.5,5,"{4,5,5,1}"
2016-03-27,HKHKG,"Hong Kong",CNTXG,Xingang/Tianjin,1,1,"ANL; CMA CGM; CNC Line-Cheng Lie Navigation Co. Ltd.; TS Lines",4,3,2812.66666666667,577.333333333333,2742,2872,4,4,4,{4}
2016-03-27,HKHKG,"Hong Kong",CNXMN,Xiamen,8,8,"ANL; CK Line; CMA CGM; CNC Line-Cheng Lie Navigation Co. Ltd.; COSCO; CSCL; Dongjin Shipping; Evergreen Line; Gold Star Line; Hanjin Shipping; Heung-A; Hyundai; K Line; KMTC; OOCL; Sinokor; TS Lines; Yang Ming; ZIM",19,29,20490.2777777778,2175,1043,8241,0,1,2,"{2,1,1,0,1,1,1,1}"
2016-03-27,HKHKG,"Hong Kong",CNYTN,Yantian,30,28,"Alianca; ANL; APL; BTL-Bengal Tiger Line; CCNI; CMA CGM; COSCO; CSCL; Evergreen Line; Gold Star Line; Hamburg Sud; Hanjin Shipping; Hapag-Lloyd; Hyundai; K Line; Maersk Line; MCC; MOL; MSC; NYK; OOCL; PIL; RCL; Safmarine; Seago Line; Simatech; TS Lines; UASC; USL-US Lines; Wan Hai; Yang Ming; ZIM",32,282,214994.523307656,18660.2434014515,1705,18270,0,1,2,"{1,2,1,1,1,0,0,0,0,0,1,0,1,1,2,0,1,0,1,0,1,2,1,1,1,2,1,0,1,1}"
2016-03-27,HKHKG,"Hong Kong",IDJKT,"Jakarta, Java",3,3,"ANL; CMA CGM; CNC Line-Cheng Lie Navigation Co. Ltd.; Evergreen Line; Gold Star Line; Hanjin Shipping; Heung-A; KMTC; RCL; Sinokor; TS Lines; Yang Ming; ZIM",13,12,7924.76666666667,1210.16666666667,1432,3534,5,5,8,"{5,8,5}"
2016-03-27,HKHKG,"Hong Kong",IDSUB,"Surabaya, Java",1,1,MELL,1,3,3286.66666666667,626.666666666667,1300,1890,7,7,7,{7}
2016-03-27,HKHKG,"Hong Kong",JPNGO,Nagoya,1,1,"TS Lines",1,3,1042.66666666667,193.333333333333,1024,1080,5,5,5,{5}
2016-03-27,HKHKG,"Hong Kong",JPOSA,Osaka,3,3,"IAL-Interasia Lines; MCC; MOL; OOCL; Wan Hai; Yang Ming",6,10,7477.5,780,1040,4252,3,3,4,"{3,4,3}"
2016-03-27,HKHKG,"Hong Kong",JPTYO,Tokyo,4,4,"ANL; CMA CGM; CNC Line-Cheng Lie Navigation Co. Ltd.; Evergreen Line; IAL-Interasia Lines; MCC; MOL; OOCL; TS Lines; Wan Hai",10,14,14187.25,1579.66666666667,1618,5605,3,3,4,"{3,3,3,4}"
2016-03-27,HKHKG,"Hong Kong",JPUKB,Kobe,2,2,"APL; CMA CGM; CNC Line-Cheng Lie Navigation Co. Ltd.; Evergreen Line; Hapag-Lloyd; Hyundai; MOL; NYK; OOCL",9,14,10936,997.939393939394,1618,10000,3,3.5,4,"{3,4}"
2016-03-27,HKHKG,"Hong Kong",KRKAN,Gwangyang,3,3,"Dong Young; Evergreen Line; Gold Star Line; Heung-A; Hyundai; Namsung; OOCL; Sinokor; TS Lines; ZIM",10,15,12869.9047619048,1075.33333333333,1050,6969,4,5,5,"{5,5,4}"
2016-03-27,HKHKG,"Hong Kong",KRPUS,Busan,9,9,"Alianca; ANL; APL; CCNI; CMA CGM; COSCO; CSCL; Emirates Shipping; Evergreen Line; Hamburg Sud; Hanjin Shipping; Hapag-Lloyd; Heung-A; Hyundai; K Line; KMTC; Maersk Line; MCC; MOL; MSC; Namsung; NYK; OOCL; PIL; RCL; Safmarine; Sinokor; UASC; Yang Ming; ZIM",30,56,54114.4047619048,5911.97619047619,928,10700,2,3,4,"{3,3,3,2,3,4,4,4,2}"
2016-03-27,HKHKG,"Hong Kong",KRUSN,Ulsan,1,1,"Heung-A; KMTC; Sinokor",3,3,1615.66666666667,190.666666666667,1432,1740,5,5,5,{5}
2016-03-27,HKHKG,"Hong Kong",MXESE,Ensenada,1,1,"Alianca; ANL; APL; CMA CGM; CSCL; Hamburg Sud; Hapag-Lloyd",7,12,4748.41666666667,408.833333333333,4250,5095,17,17,17,{17}
2016-03-27,HKHKG,"Hong Kong",MYTPP,"Tanjung Pelepas",1,1,"ANL; CMA CGM; Maersk Line; MCC; Safmarine",5,10,2345,110,4496,5466,4,4,4,{4}
2016-03-27,HKHKG,"Hong Kong",PHMNL,Manila,3,3,"ANL; CMA CGM; CNC Line-Cheng Lie Navigation Co. Ltd.; Gold Star Line; OOCL; Wan Hai; ZIM",7,6,5551.5,721.5,1040,3426,2,2,2,"{2,2,2}"
2016-03-27,HKHKG,"Hong Kong",SGSIN,Singapore,17,17,"Alianca; ANL; APL; CMA CGM; COSCO; CSCL; Emirates Shipping; Evergreen Line; Gold Star Line; Hamburg Sud; Hanjin Shipping; Hapag-Lloyd; Heung-A; Hyundai; IAL-Interasia Lines; K Line; KMTC; Maersk Line; MCC; MOL; MSC; NYK; OOCL; PIL; RCL; Safmarine; SCI-Shipping Corp. of India; Simatech; Sinotrans; UASC; Wan Hai; Yang Ming; ZIM",33,103,93288.3047619048,10687.9166666667,818,10700,3,4,5,"{3,4,4,3,4,5,4,3,4,5,5,4,4,3,3,5,5}"
2016-03-27,HKHKG,"Hong Kong",THBKK,"Bangkok (Old Port)",1,1,"Wan Hai",1,4,1368,80,1368,1368,5,5,5,{5}
2016-03-27,HKHKG,"Hong Kong",THLCH,"Laem Chabang",7,7,"ANL; APL; CK Line; CMA CGM; CNC Line-Cheng Lie Navigation Co. Ltd.; Dongjin Shipping; Evergreen Line; Hanjin Shipping; Hapag-Lloyd; Hyundai; KMTC; MOL; Namsung; NYK; OOCL; Sinokor; TS Lines; Yang Ming",18,27,18690.8928571429,2375.89285714286,1367,9100,3,4,6,"{4,3,4,4,6,4,4}"
2016-03-27,HKHKG,"Hong Kong",TWKEL,Keelung,2,2,"ANL; CMA CGM; CSCL; KMTC; OOCL; PDL-Pacific Direct Line; PIL; TS Lines; USL-US Lines",9,9,5432.85714285714,403.428571428571,1000,4578,1,1.5,2,"{1,2}"
2016-03-27,HKHKG,"Hong Kong",TWKHH,Kaohsiung,13,13,"ANL; APL; CMA CGM; CNC Line-Cheng Lie Navigation Co. Ltd.; COSCO; Evergreen Line; Heung-A; K Line; KMTC; MCC; NYK; TS Lines; Wan Hai; Yang Ming",14,47,30889.7666666667,3936.81666666667,1084,7024,1,1,3,"{2,2,1,3,1,2,1,1,1,1,1,1,1}"
2016-03-27,HKHKG,"Hong Kong",TWTXG,Taichung,1,1,"IAL-Interasia Lines; Wan Hai",2,4,2570.5,360,2495,2646,1,1,1,{1}
2016-03-27,HKHKG,"Hong Kong",USLAX,"Los Angeles CA",1,1,"APL; Hapag-Lloyd; Hyundai; MOL; NYK; OOCL",6,7,6237.14285714286,531.142857142857,8100,9100,14,14,14,{14}
2016-03-27,HKHKG,"Hong Kong",VNHPH,Haiphong,23,22,"ANL; Asean Seas Lines; Bien Dong; CK Line; CMA CGM; CNC Line-Cheng Lie Navigation Co. Ltd.; COSCO; CULines-China United Lines; Dongjin Shipping; Dong Young; Evergreen Line; Gold Star Line; Hanjin Shipping; Heung-A; Hyundai; K Line; KMTC; MOL; MSC; Namsung; OOCL; Sinokor; Sinotrans; SITC Shipping; TS Lines; Yang Ming",26,50,25429.75,3117.33333333333,650,2226,1,2,4,"{2,1,2,2,2,3,2,2,2,2,2,1,2,3,1,2,2,2,1,3,4,1,2}"
2016-03-27,HKHKG,"Hong Kong",VNHPP,"Tan cang Hiep Phuoc",1,1,MCC,1,10,1734.7,351.8,1705,1856,3,3,3,{3}
2016-03-27,HKHKG,"Hong Kong",VNSGN,"Ho Chi Minh (VICT/Cat Lai)",10,10,"ANL; CK Line; CMA CGM; CNC Line-Cheng Lie Navigation Co. Ltd.; Evergreen Line; Hanjin Shipping; Heung-A; IAL-Interasia Lines; KMTC; MCC; MOL; Namsung; OOCL; Sinokor; SITC Shipping; TS Lines; Wan Hai; Yang Ming",18,32,17704.25,2233.5,1005,2546,2,3,3,"{3,2,2,3,3,3,3,2,2,3}"
2016-03-27,HKHKG,"Hong Kong",VNTCT,"Cai Mep",1,1,"APL; Hapag-Lloyd; Hyundai; MOL; NYK; OOCL",6,11,9318,799.272727272727,8110,10000,3,3,3,{3}
2016-03-27,HNPCA,"Puerto Castilla",HNPCR,"Puerto Cortes",1,1,Dole,1,1,910,445,910,910,0,0,0,{0}
2016-03-27,HNPCA,"Puerto Castilla",USILG,"Wilmington DE",1,1,Dole,1,2,2046,990,2046,2046,4,4,4,{4}
2016-03-27,HNPCR,"Puerto Cortes",CRLIO,"Puerto Limon",3,3,"CMA CGM; Great White Fleet; Hapag-Lloyd; Maersk Line; SeaLand",5,13,7453.33333333333,1561.73333333333,2260,2578,3,3,4,"{3,3,4}"
2016-03-27,HNPCR,"Puerto Cortes",GTPBR,"Puerto Barrios",3,1,"Great White Fleet; MSC",2,15,7646.4,1704,2520,2556,1,1,2,"{1,1,2}"
2016-03-27,HNPCR,"Puerto Cortes",GTSTC,"Santo Tomas de Castilla",9,8,"Caribbean Feeder; Dole; Hapag-Lloyd; Maersk Line; Safmarine; Seaboard Marine; SeaLand; StreamLines; ZIM",9,25,13047.6666666667,2657.13333333333,698,2474,0,1,2,"{1,0,0,1,1,1,1,1,2}"
2016-03-27,HNPCR,"Puerto Cortes",JMKIN,Kingston,1,1,"Alianca; Hamburg Sud; NYK",3,3,2052,350,1714,2702,3,3,3,{3}
2016-03-27,HNPCR,"Puerto Cortes",PAMIT,Manzanillo,1,1,"APL; Evergreen Line; Hyundai; King Ocean; MOL; Seaboard Marine; X-Press",7,3,887,177.333333333333,877,907,5,5,5,{5}
2016-03-27,HNPCR,"Puerto Cortes",USGPT,"Gulfport MS",2,2,"Crowley; Dole",2,2,1884,615,910,974,3,3.5,4,"{4,3}"
2016-03-27,HNPCR,"Puerto Cortes",USHOU,"Houston TX",1,1,"Hapag-Lloyd; Maersk Line; SeaLand",3,5,2516,420.4,2478,2578,3,3,3,{3}
2016-03-27,HNPCR,"Puerto Cortes",USMIA,"Miami FL",1,1,"Seaboard Marine",1,1,972,170,972,972,2,2,2,{2}
2016-03-27,HNPCR,"Puerto Cortes",USMSY,"New Orleans LA",1,1,"Seaboard Marine",1,1,957,252,957,957,3,3,3,{3}
2016-03-27,HNPCR,"Puerto Cortes",USPEF,"Port Everglades FL",3,3,"Crowley; King Ocean",2,3,2916,510,972,972,3,3,3,"{3,3,3}"
2016-03-27,HNRTB,Roatan,USPEF,"Port Everglades FL",1,1,"Hyde Shipping Corp.; Seaboard Marine; SeaFreight Line",3,1,340,40,340,340,4,4,4,{4}
2016-03-27,HNSLO,"Puerto San Lorenzo",SVAQJ,Acajutla,1,1,"Alianca; APL; CCNI; CMA CGM; CSCL; Evergreen Line; Hamburg Sud; Hapag-Lloyd; X-Press",9,2,1645,300,1550,1740,0,0,0,{0}
2016-03-27,HRRJK,Rijeka,ITGIT,"Gioia Tauro",1,1,"Maersk Line; MCC; MSC; Safmarine",4,15,9476.4,786.4,8272,11660,2,2,2,{2}
2016-03-27,HRRJK,Rijeka,ITVCE,Venice,1,1,"ANL; CMA CGM; COSCO; CSCL; Evergreen Line; UASC",6,10,5762.1,588,5618,6921,0,0,0,{0}
2016-03-27,HTLFF,"Port Lafito",DOPOP,"Puerto Plata",1,1,"Seaboard Marine",1,2,1740,300,1740,1740,1,1,1,{1}
2016-03-27,HTLFF,"Port Lafito",JMKIN,Kingston,1,1,"Caribbean Feeder; Evergreen Line; Hapag-Lloyd; Maersk Line; Seaboard Marine; SeaLand; X-Press; ZIM",8,2,1202,229,1100,1304,1,1,1,{1}
2016-03-27,HTPAP,Port-au-Prince,HTLFF,"Port Lafito",1,1,"Caribbean Feeder; Evergreen Line; Hapag-Lloyd; Maersk Line; Seaboard Marine; SeaLand; X-Press; ZIM",8,2,1202,229,1100,1304,0,0,0,{0}
2016-03-27,HTPAP,Port-au-Prince,JMKIN,Kingston,1,1,"Caribbean Feeder; Hapag-Lloyd; Seaboard Marine; ZIM",4,2,712,145.5,712,712,1,1,1,{1}
2016-03-27,HTPAP,Port-au-Prince,USMIA,"Miami FL",1,1,"Seaboard Marine",1,3,758,147.666666666667,657,957,3,3,3,{3}
2016-03-27,HTPAP,Port-au-Prince,USPEF,"Port Everglades FL",1,1,Crowley,1,1,972,170,972,972,2,2,2,{2}
2016-03-27,IDJKT,"Jakarta, Java",AUFRE,Fremantle,1,1,MSC,1,7,3034.14285714286,491.714285714286,2546,3607,5,5,5,{5}
2016-03-27,IDJKT,"Jakarta, Java",CNSHK,Shekou,1,1,"MCC; MOL; OOCL",3,4,4566.25,400,4526,4583,5,5,5,{5}
2016-03-27,IDJKT,"Jakarta, Java",HKHKG,"Hong Kong",1,1,"Heung-A; KMTC; Sinokor",3,3,1615.66666666667,190.666666666667,1432,1740,5,5,5,{5}
2016-03-27,IDJKT,"Jakarta, Java",IDSRG,"Semarang, Java",3,3,"ANL; CMA CGM; CNC Line-Cheng Lie Navigation Co. Ltd.; Evergreen Line; NYK; Wan Hai; Yang Ming",7,11,6450.46666666667,937.066666666667,1368,2742,1,1,1,"{1,1,1}"
2016-03-27,IDJKT,"Jakarta, Java",IDSUB,"Surabaya, Java",4,4,"ANL; CK Line; CMA CGM; CNC Line-Cheng Lie Navigation Co. Ltd.; Evergreen Line; Hanjin Shipping; Heung-A; Hyundai; KMTC; MCC; Sinokor; SITC Shipping; Yang Ming",13,20,11151.85,1962.5,1860,3534,1,2,4,"{2,4,1,2}"
2016-03-27,IDJKT,"Jakarta, Java",KRPUS,Busan,1,1,"CMA CGM; CNC Line-Cheng Lie Navigation Co. Ltd.; Hanjin Shipping; K Line; MCC; MOL; NYK",7,4,3561.5,500,3560,3566,8,8,8,{8}
2016-03-27,IDJKT,"Jakarta, Java",MYBTU,"Bintulu, Sarawak",1,1,"SITC Shipping",1,5,891.2,100,831,1037,2,2,2,{2}
2016-03-27,IDJKT,"Jakarta, Java",MYPKG,"Port Klang",2,2,"ANL; CMA CGM; COSCO; CSCL; Evergreen Line; Hanjin Shipping; Hapag-Lloyd; K Line; OOCL; UASC",10,9,8851.8,795.5,3674,5100,3,3,3,"{3,3}"
2016-03-27,IDJKT,"Jakarta, Java",MYTPP,"Tanjung Pelepas",2,2,"ANL; CMA CGM; CNC Line-Cheng Lie Navigation Co. Ltd.; Evergreen Line; MCC; Yang Ming",6,13,5195.05,962.9,1496,3450,2,2.5,3,"{3,2}"
2016-03-27,IDJKT,"Jakarta, Java",PGLAE,Lae,1,1,"ANL; CMA CGM; USL-US Lines",3,1,6891.42857142857,1020,1608,1608,8,8,8,{8}
2016-03-27,IDJKT,"Jakarta, Java",PGMAG,Madang,1,1,"ANL; CMA CGM; USL-US Lines",3,1,4620,857.142857142857,1078,1078,8,8,8,{8}
2016-03-27,IDJKT,"Jakarta, Java",SGSIN,Singapore,2,2,"APL; Hanjin Shipping; Hapag-Lloyd; K Line; MCC; NYK; Wan Hai; Yang Ming",8,7,8879,1012.5,4250,4896,3,3,3,"{3,3}"
2016-03-27,IDJKT,"Jakarta, Java",VNSGN,"Ho Chi Minh (VICT/Cat Lai)",2,2,"Evergreen Line; Gold Star Line; Hanjin Shipping; KMTC; MCC; RCL; Sinokor; TS Lines; ZIM",9,8,5271,914.5,2401,2824,3,3.5,4,"{4,3}"
2016-03-27,IDMAK,Makassar,IDJKT,"Jakarta, Java",1,1,"SITC Shipping",1,5,891.2,100,831,1037,3,3,3,{3}
2016-03-27,IDSRG,"Semarang, Java",IDSUB,"Surabaya, Java",3,3,"ANL; CMA CGM; CNC Line-Cheng Lie Navigation Co. Ltd.; Evergreen Line; NYK; Wan Hai; Yang Ming",7,11,6450.46666666667,937.066666666667,1368,2742,1,1,1,"{1,1,1}"
2016-03-27,IDSUB,"Surabaya, Java",AUDRW,Darwin,1,1,MELL,1,3,3286.66666666667,626.666666666667,1300,1890,5,5,5,{5}
2016-03-27,IDSUB,"Surabaya, Java",IDJKT,"Jakarta, Java",2,2,"ANL; CMA CGM; CNC Line-Cheng Lie Navigation Co. Ltd.; Evergreen Line; MCC; Yang Ming",6,13,5195.05,962.9,1496,3450,1,2,3,"{3,1}"
2016-03-27,IDSUB,"Surabaya, Java",KRUSN,Ulsan,1,1,"Hanjin Shipping; KMTC",2,3,1982,400,1860,2226,8,8,8,{8}
2016-03-27,IDSUB,"Surabaya, Java",PHMNL,Manila,1,1,"ANL; CMA CGM; CNC Line-Cheng Lie Navigation Co. Ltd.; Yang Ming",4,5,3505.6,480,3426,3534,5,5,5,{5}
2016-03-27,IDSUB,"Surabaya, Java",TWKHH,Kaohsiung,1,1,"NYK; Yang Ming",2,3,2714.66666666667,418.666666666667,2700,2742,5,5,5,{5}
2016-03-27,IDSUB,"Surabaya, Java",TWTPE,Taipei,2,2,"ANL; CMA CGM; CNC Line-Cheng Lie Navigation Co. Ltd.; Evergreen Line; Wan Hai; Yang Ming",6,8,3735.8,518.4,1368,2577,6,6.5,7,"{7,6}"
2016-03-27,IDSUB,"Surabaya, Java",VNSGN,"Ho Chi Minh (VICT/Cat Lai)",1,1,"CK Line; Evergreen Line; Heung-A; Hyundai; Sinokor; SITC Shipping",6,4,2773,518,2702,2824,3,3,3,{3}
2016-03-27,IEBEF,Belfast,BEANR,Antwerp,1,1,"BG Freight Line; Eucon; Hapag-Lloyd",3,1,750,190,750,750,3,3,3,{3}
2016-03-27,IEBEF,Belfast,GBGRK,Greenock,2,2,"ANL; BG Freight Line; CMA CGM; Hapag-Lloyd",4,3,1583,302,658,925,0,1,2,"{0,2}"
2016-03-27,IEBEF,Belfast,GBLIV,Liverpool,1,1,X-Press,1,1,707,150,707,707,1,1,1,{1}
2016-03-27,IEBEF,Belfast,IEDUB,Dublin,1,1,"BG Freight Line; COSCO; Eucon; Evergreen Line; Hapag-Lloyd; OOCL; X-Press",7,2,1036,250,1036,1036,2,2,2,{2}
2016-03-27,IEDUB,Dublin,BEANR,Antwerp,1,1,"BG Freight Line; Eucon; Hapag-Lloyd",3,1,803,180,803,803,2,2,2,{2}
2016-03-27,IEDUB,Dublin,ESBIO,Bilbao,1,1,"MacAndrews; OPDR",2,2,779.5,170,750,809,2,2,2,{2}
2016-03-27,IEDUB,Dublin,GBBRS,Bristol,1,1,"MacAndrews; OPDR",2,2,698,120,698,698,1,1,1,{1}
2016-03-27,IEDUB,Dublin,GBFXT,Felixstowe,2,2,"BG Freight Line; COSCO; Eucon; Evergreen Line; Hapag-Lloyd; OOCL; Unifeeder; X-Press",8,3,2008,420,972,1036,1,1,1,"{1,1}"
2016-03-27,IEDUB,Dublin,GBGRK,Greenock,2,2,"Hapag-Lloyd; MSC; OOCL; X-Press",4,2,1545,300,509,1036,0,0.5,1,"{0,1}"
2016-03-27,IEDUB,Dublin,GBLIV,Liverpool,1,1,"BG Freight Line; Hapag-Lloyd",2,1,340,40,340,340,1,1,1,{1}
2016-03-27,IEDUB,Dublin,GBSOU,Southampton,1,1,"COSCO; Eucon; Evergreen Line; Hapag-Lloyd; OOCL; X-Press",6,1,698,120,698,698,2,2,2,{2}
2016-03-27,IEDUB,Dublin,IEBEF,Belfast,1,1,"ANL; CMA CGM",2,2,925,200,925,925,0,0,0,{0}
2016-03-27,IEDUB,Dublin,IEORK,Cork,1,1,"BG Freight Line; Eucon; Hapag-Lloyd",3,1,972,170,972,972,1,1,1,{1}
2016-03-27,IEDUB,Dublin,IEWAT,"Waterford Eire",1,1,"BG Freight Line; Samskip",2,1,804,180,804,804,1,1,1,{1}
2016-03-27,IEDUB,Dublin,NLRTM,Rotterdam,3,3,"APL; BG Freight Line; COSCO; Eucon; Evergreen Line; Hapag-Lloyd; OOCL; Samskip; X-Press; Yang Ming",10,3,2833,571,889,972,2,2,2,"{2,2,2}"
2016-03-27,IEDUB,Dublin,PTLEI,Leixoes,1,1,"Borchard Lines Ltd",1,4,1216,200,1216,1216,4,4,4,{4}
2016-03-27,IEORK,Cork,BEANR,Antwerp,1,1,"BG Freight Line; Eucon; Hapag-Lloyd",3,1,972,170,972,972,2,2,2,{2}
2016-03-27,IEORK,Cork,GBTIL,Tilbury,1,1,"Maersk Line; Safmarine; Seago Line",3,6,2545.33333333333,600,2530,2556,2,2,2,{2}
2016-03-27,IEORK,Cork,NLRTM,Rotterdam,2,2,"ANL; BG Freight Line; CMA CGM; COSCO; Eucon; OOCL; Samskip; X-Press",8,2,1840,430,804,1036,2,2,2,"{2,2}"
2016-03-27,IEWAT,"Waterford Eire",IEORK,Cork,1,1,"BG Freight Line; Samskip",2,1,804,180,804,804,1,1,1,{1}
2016-03-27,ILASH,Ashdod,EGALY,Alexandria,2,2,"COSCO; Evergreen Line; Gold Star Line; Hanjin Shipping; K Line; MOL; Yang Ming; ZIM",8,17,11310.5833333333,768.833333333333,4250,8073,0,0.5,1,"{0,1}"
2016-03-27,ILASH,Ashdod,ILHFA,Haifa,5,5,"Alianca; Borchard Lines Ltd; COSCO; Gold Star Line; Hamburg Sud; Hapag-Lloyd; Maersk Line; MSC; OOCL; Safmarine; Seago Line; ZIM",12,31,18557.1571428571,2118,1216,5919,0,1,4,"{1,2,4,0,1}"
2016-03-27,ILASH,Ashdod,ITNAP,Naples,1,1,"MSC; ZIM",2,5,4876.6,428,2682,5919,5,5,5,{5}
2016-03-27,ILASH,Ashdod,ITSAL,Salerno,1,1,"Alianca; Borchard Lines Ltd; Hamburg Sud; Hapag-Lloyd; Maersk Line; Safmarine; Seago Line; ZIM",8,5,4387.8,764,4135,4644,4,4,4,{4}
2016-03-27,ILHFA,Haifa,EGALY,Alexandria,1,1,"Alianca; Borchard Lines Ltd; Hamburg Sud; Hapag-Lloyd; Maersk Line; Safmarine; Seago Line; ZIM",8,5,4387.8,764,4135,4644,3,3,3,{3}
2016-03-27,ILHFA,Haifa,GRPIR,Piraeus,1,1,"COSCO; Hapag-Lloyd; ZIM",3,7,4250.85714285714,380,4250,4253,2,2,2,{2}
2016-03-27,ILHFA,Haifa,ILASH,Ashdod,2,2,"Gold Star Line; MSC; ZIM",3,14,8755.93333333333,759.333333333333,2682,5919,1,1.5,2,"{2,1}"
2016-03-27,ILHFA,Haifa,INNSA,"Mumbai (Nhava Sheva)",1,1,"Gold Star Line; OOCL; ZIM",3,10,3825.9,346,4250,4253,12,12,12,{12}
2016-03-27,ILHFA,Haifa,SIKOP,Koper,1,1,"Maersk Line; MCC; MSC; Safmarine",4,15,9476.4,786.4,8272,11660,4,4,4,{4}
2016-03-27,ILHFA,Haifa,TRAMB,"Istanbul (Ambarli)",1,1,"Gold Star Line; OOCL; ZIM",3,10,3825.9,346,4250,4253,3,3,3,{3}
2016-03-27,ILHFA,Haifa,TRMER,Mersin,1,1,"Borchard Lines Ltd",1,4,1216,200,1216,1216,1,1,1,{1}
2016-03-27,INCCU,Kolkata,MYPKG,"Port Klang",1,1,"ANL; CMA CGM",2,2,1118,220,1118,1118,6,6,6,{6}
2016-03-27,INCCU,Kolkata,SGSIN,Singapore,4,4,"Advance Container Lines; BTL-Bengal Tiger Line; Hanjin Shipping; NYK; OEL-Orient Express Lines; OOCL; PIL; Samudera",8,9,4952.28571428571,1015.37142857143,608,1061,5,5,7,"{5,5,7,5}"
2016-03-27,INCOK,Cochin,AEJEA,"Dubai, Jebel Ali",1,1,"Evergreen Line; Maersk Line; Simatech",3,4,2728.5,514.5,2442,2824,5,5,5,{5}
2016-03-27,INCOK,Cochin,EGDAM,Damietta,1,1,"ANL; CMA CGM; Hapag-Lloyd; USL-US Lines",4,13,4672.46153846154,436.615384615385,4050,5770,9,9,9,{9}
2016-03-27,INCOK,Cochin,INMUN,Mundra,1,1,"Gold Star Line; ZIM",2,9,3879.33333333333,331.333333333333,4250,4644,2,2,2,{2}
2016-03-27,INCOK,Cochin,INNSA,"Mumbai (Nhava Sheva)",1,1,"Emirates Shipping; Hanjin Shipping; KMTC; RCL",4,7,6743.57142857143,557.142857142857,6541,7455,1,1,1,{1}
2016-03-27,INCOK,Cochin,LKCMB,Colombo,1,1,"Evergreen Line; Maersk Line; Simatech",3,4,2728.5,514.5,2442,2824,1,1,1,{1}
2016-03-27,INCOK,Cochin,MYPKG,"Port Klang",1,1,"Emirates Shipping; Hanjin Shipping; KMTC; RCL",4,7,6743.57142857143,557.142857142857,6541,7455,4,4,4,{4}
2016-03-27,INHAL,Haldia,INCCU,Kolkata,1,1,"ANL; CMA CGM",2,2,1118,220,1118,1118,0,0,0,{0}
2016-03-27,INHZA,Hazira,INMUN,Mundra,3,3,"ANL; CMA CGM; CSCL; MSC; OEL-Orient Express Lines; Simatech; UASC; USL-US Lines; WEC Lines; X-Press",10,17,21739.25,1977.39285714286,4268,9289,1,1,4,"{4,1,1}"
2016-03-27,INHZA,Hazira,INNSA,"Mumbai (Nhava Sheva)",2,2,"Maersk Line; PIL; Safmarine",3,14,7344.8630952381,776.190476190476,1080,5527,1,1.5,2,"{1,2}"
2016-03-27,INHZA,Hazira,LKCMB,Colombo,1,1,MSC,1,6,7791,508.333333333333,6400,9200,3,3,3,{3}
2016-03-27,INHZA,Hazira,MYPKG,"Port Klang",1,1,"OOCL; Yang Ming",2,6,4843,356.333333333333,4662,5344,6,6,6,{6}
2016-03-27,INKAT,Kattupalli,INVTZ,Vishakhapatnam,1,1,"Hanjin Shipping; Maersk Line; MCC; Safmarine",4,6,4451.33333333333,416.666666666667,3600,6478,0,0,0,{0}
2016-03-27,INKAT,Kattupalli,LKCMB,Colombo,1,1,"Evergreen Line; Maersk Line; Simatech",3,4,2728.5,514.5,2442,2824,2,2,2,{2}
2016-03-27,INKRI,Krishnapatnum,INKAT,Kattupalli,1,1,"Hanjin Shipping; Maersk Line; MCC; Safmarine",4,6,4451.33333333333,416.666666666667,3600,6478,0,0,0,{0}
2016-03-27,INKRI,Krishnapatnum,INMAA,Chennai/Madras,1,1,"Evergreen Line; Maersk Line; Simatech",3,4,2728.5,514.5,2442,2824,1,1,1,{1}
2016-03-27,INMAA,Chennai/Madras,INKAT,Kattupalli,1,1,"Evergreen Line; Maersk Line; Simatech",3,4,2728.5,514.5,2442,2824,1,1,1,{1}
2016-03-27,INMAA,Chennai/Madras,INKRI,Krishnapatnum,1,1,"Hanjin Shipping; Maersk Line; MCC; Safmarine",4,6,4451.33333333333,416.666666666667,3600,6478,0,0,0,{0}
2016-03-27,INMAA,Chennai/Madras,INVTZ,Vishakhapatnam,2,2,"APL; BTL-Bengal Tiger Line; Gold Star Line; Hapag-Lloyd; K Line; MOL; NYK; OOCL; PIL; RCL; Wan Hai; X-Press; ZIM",13,7,5328.41666666667,898.333333333333,2474,2750,1,1,1,"{1,1}"
2016-03-27,INMAA,Chennai/Madras,LKCMB,Colombo,2,2,"ANL; CMA CGM; Hapag-Lloyd; Maersk Line; Safmarine; USL-US Lines",6,16,9128.46153846154,1019.94871794872,4050,5770,1,1.5,2,"{1,2}"
2016-03-27,INMAA,Chennai/Madras,MYPKG,"Port Klang",3,3,"ANL; APL; BTL-Bengal Tiger Line; CMA CGM; Gold Star Line; Hapag-Lloyd; Hyundai; MOL; NYK; OOCL; PIL; RCL; Samudera; Simatech; TS Lines; Wan Hai; X-Press; ZIM",18,9,16322,1822,2664,5023,4,5,5,"{4,5,5}"
2016-03-27,INMUN,Mundra,AEJEA,"Dubai, Jebel Ali",2,2,"Emirates Shipping; Hanjin Shipping; KMTC; OEL-Orient Express Lines; RCL; Simatech; X-Press",7,9,11067.5714285714,1037.14285714286,4268,7455,2,2.5,3,"{3,2}"
2016-03-27,INMUN,Mundra,AEKLF,"Khor Fakkan",1,1,"CMA CGM; Emirates Shipping",2,6,2407.66666666667,392,2007,2775,1,1,1,{1}
2016-03-27,INMUN,Mundra,EGDAM,Damietta,1,1,"ANL; CMA CGM; Hapag-Lloyd; NYK; OOCL; UASC",6,8,6048.875,735.75,4538,6589,7,7,7,{7}
2016-03-27,INMUN,Mundra,ESVLC,Valencia,1,1,MSC,1,10,8282.7,595,8034,9200,13,13,13,{13}
2016-03-27,INMUN,Mundra,INHZA,Hazira,1,1,"OOCL; Yang Ming",2,6,4843,356.333333333333,4662,5344,2,2,2,{2}
2016-03-27,INMUN,Mundra,INNSA,"Mumbai (Nhava Sheva)",5,5,"ANL; CMA CGM; COSCO; CSCL; DAL-Deutsche Afrika Linien; Gold Star Line; Hanjin Shipping; Maersk Line; Marguisa; MSC; OEL-Orient Express Lines; Safmarine; Simatech; UAFL-United Africa Feeder Line; UASC; X-Press; Yang Ming; ZIM",18,34,26143.8761904762,2313.26666666667,2824,9200,1,2,2,"{2,2,2,2,1}"
2016-03-27,INMUN,Mundra,LKCMB,Colombo,3,3,"COSCO; Evergreen Line; Hapag-Lloyd; IAL-Interasia Lines; K Line; KMTC; MOL; NYK; PIL; Simatech; TS Lines; Wan Hai; Yang Ming",13,17,12154.5333333333,1266,4211,6039,1,3,3,"{3,1,3}"
2016-03-27,INMUN,Mundra,MYPKG,"Port Klang",1,1,"COSCO; CSCL; PIL; Wan Hai",4,6,4397.33333333333,385.333333333333,4252,4532,7,7,7,{7}
2016-03-27,INMUN,Mundra,OMSLL,Salalah,3,3,"ANL; CMA CGM; CSCL; Maersk Line; MSC; Safmarine; Seago Line; UASC; USL-US Lines; WEC Lines",10,23,26787.625,2848.39285714286,6690,9964,2,3,3,"{2,3,3}"
2016-03-27,INMUN,Mundra,OMSOH,Sohar,1,1,"ANL; CMA CGM; UASC",3,4,3802,355,3802,3802,2,2,2,{2}
2016-03-27,INMUN,Mundra,PKKHI,Karachi,3,3,"ANL; APL; CMA CGM; Emirates Shipping; Gold Star Line; Maersk Line; MCC; OOCL; PIL; RCL; Safmarine; ZIM",12,15,13027.6071428571,1602.64285714286,3000,9443,1,1,3,"{3,1,1}"
2016-03-27,INMUN,Mundra,REPDG,"Reunion Island",1,1,"ANL; CMA CGM; PIL",3,11,2973.45454545455,412.454545454545,3091,3889,7,7,7,{7}
2016-03-27,INMUN,Mundra,SAJED,Jeddah,1,1,"Alianca; Hamburg Sud; Hapag-Lloyd; NYK",4,8,6235,1123,5905,6589,5,5,5,{5}
2016-03-27,INMUN,Mundra,SAKAC,"King Abdullah City",1,1,"MSC; SCI-Shipping Corp. of India",2,8,9340.375,633.75,7455,11660,7,7,7,{7}
2016-03-27,INMUN,Mundra,SGSIN,Singapore,1,1,MSC,1,6,10725.3333333333,660,8800,13092,6,6,6,{6}
2016-03-27,INNSA,"Mumbai (Nhava Sheva)",AEJEA,"Dubai, Jebel Ali",3,3,"Maersk Line; OEL-Orient Express Lines; PIL; Safmarine; Simatech; X-Press",6,16,11600.8630952381,1206.19047619048,1080,5527,3,5,5,"{5,3,5}"
2016-03-27,INNSA,"Mumbai (Nhava Sheva)",ILHFA,Haifa,1,1,"Gold Star Line; ZIM",2,9,3879.33333333333,331.333333333333,4250,4644,9,9,9,{9}
2016-03-27,INNSA,"Mumbai (Nhava Sheva)",INHZA,Hazira,3,3,"ANL; CMA CGM; CSCL; MSC; UASC; USL-US Lines; WEC Lines",7,21,25206.25,2005.72619047619,6400,9289,0,1,1,"{0,1,1}"
2016-03-27,INNSA,"Mumbai (Nhava Sheva)",INMUN,Mundra,12,12,"Alianca; ANL; APL; CMA CGM; Emirates Shipping; Evergreen Line; Gold Star Line; Hamburg Sud; Hanjin Shipping; Hapag-Lloyd; IAL-Interasia Lines; K Line; KMTC; Maersk Line; MCC; MOL; MSC; NYK; OOCL; PIL; RCL; Safmarine; SCI-Shipping Corp. of India; Seago Line; Simatech; TS Lines; UASC; Wan Hai; Yang Ming; ZIM",30,89,69043.7081168831,7900.74025974026,2007,11660,1,1,2,"{2,2,2,2,1,1,1,1,1,1,1,2}"
2016-03-27,INNSA,"Mumbai (Nhava Sheva)",INPAV,Pipavav,6,6,"Alianca; ANL; APL; CMA CGM; COSCO; Emirates Shipping; Gold Star Line; Hamburg Sud; Hanjin Shipping; Hapag-Lloyd; Heung-A; Hyundai; K Line; KMTC; Maersk Line; MCC; NYK; OOCL; PIL; RCL; Safmarine; SCI-Shipping Corp. of India; Simatech; Sinokor; TS Lines; Wan Hai; X-Press; Yang Ming; ZIM",29,35,31490.4333333333,3026,4250,6969,0,0.5,1,"{1,1,0,0,1,0}"
2016-03-27,INNSA,"Mumbai (Nhava Sheva)",LKCMB,Colombo,2,2,"DAL-Deutsche Afrika Linien; Maersk Line; NYK; Safmarine; UAFL-United Africa Feeder Line; X-Press",6,14,6252.15,1004.85,2741,3534,1,1.5,2,"{2,1}"
2016-03-27,INNSA,"Mumbai (Nhava Sheva)",MYPKG,"Port Klang",2,2,"Evergreen Line; Gold Star Line; Hapag-Lloyd; OOCL; Wan Hai; X-Press; ZIM",7,14,8166.65,796,4250,4498,5,6,7,"{7,5}"
2016-03-27,INNSA,"Mumbai (Nhava Sheva)",OMSLL,Salalah,1,1,"APL; Maersk Line; Safmarine",3,11,6229.09090909091,500,5576,6696,3,3,3,{3}
2016-03-27,INNSA,"Mumbai (Nhava Sheva)",PKKHI,Karachi,1,1,"MOL; OOCL; Samudera",3,3,4312.66666666667,362,4250,4380,1,1,1,{1}
2016-03-27,INNSA,"Mumbai (Nhava Sheva)",SAJED,Jeddah,1,1,"ANL; CMA CGM; COSCO; CSCL; Hanjin Shipping; Marguisa; UASC; Yang Ming",8,7,6816.14285714286,490,6554,6921,6,6,6,{6}
2016-03-27,INPAV,Pipavav,INHZA,Hazira,1,1,"Maersk Line; Safmarine",2,8,5469.625,550,5400,5527,1,1,1,{1}
2016-03-27,INPAV,Pipavav,INNSA,"Mumbai (Nhava Sheva)",1,1,"APL; Maersk Line; Safmarine",3,11,6229.09090909091,500,5576,6696,1,1,1,{1}
2016-03-27,INPAV,Pipavav,LKCMB,Colombo,4,4,"ANL; APL; CMA CGM; COSCO; Emirates Shipping; Gold Star Line; Hanjin Shipping; Hapag-Lloyd; K Line; Maersk Line; MCC; MOL; NYK; OOCL; PIL; RCL; Safmarine; Samudera; SCI-Shipping Corp. of India; Simatech; TS Lines; Wan Hai; X-Press; Yang Ming; ZIM",25,20,18550.7666666667,1697.33333333333,4250,6589,2,3.5,4,"{4,3,4,2}"
2016-03-27,INPAV,Pipavav,MYPKG,"Port Klang",2,2,"Alianca; APL; CMA CGM; Emirates Shipping; Gold Star Line; Hamburg Sud; Heung-A; Hyundai; KMTC; Maersk Line; MCC; OOCL; RCL; Safmarine; Sinokor; TS Lines; ZIM",17,12,12404.6666666667,1127.66666666667,4957,6969,7,7.5,8,"{7,8}"
2016-03-27,INPAV,Pipavav,PKKHI,Karachi,2,2,"Hanjin Shipping; K Line; KMTC; NYK; OOCL; X-Press",6,10,7698.41666666667,1014.25,2741,5400,1,1,1,"{1,1}"
2016-03-27,INVTZ,Vishakhapatnam,INKRI,Krishnapatnum,1,1,"Evergreen Line; Maersk Line; Simatech",3,4,2728.5,514.5,2442,2824,1,1,1,{1}
2016-03-27,INVTZ,Vishakhapatnam,MYPEN,Penang,1,1,"MOL; NYK; RCL; X-Press",4,4,2597.75,465,2474,2700,4,4,4,{4}
2016-03-27,INVTZ,Vishakhapatnam,MYPKG,"Port Klang",1,1,"APL; BTL-Bengal Tiger Line; Gold Star Line; Hapag-Lloyd; K Line; OOCL; PIL; Wan Hai; ZIM",9,3,2730.66666666667,433.333333333333,2700,2750,5,5,5,{5}
2016-03-27,INVTZ,Vishakhapatnam,MYTPP,"Tanjung Pelepas",1,1,"Hanjin Shipping; Maersk Line; MCC; Safmarine",4,6,4451.33333333333,416.666666666667,3600,6478,4,4,4,{4}
2016-03-27,IQUQR,"Umm Qasr",AEKLF,"Khor Fakkan",1,1,"ANL; CMA CGM; UASC",3,4,3802,355,3802,3802,3,3,3,{3}
2016-03-27,IRBND,"Bandar Abbas",AEAUH,"Abu Dhabi",1,1,"ANL; CMA CGM; COSCO; CSCL; OOCL; UASC; USL-US Lines; Yang Ming",8,8,9871.5,725,11388,14074,1,1,1,{1}
2016-03-27,IRBND,"Bandar Abbas",AEJEA,"Dubai, Jebel Ali",1,1,PIL,1,4,3056.25,310,3000,3075,2,2,2,{2}
2016-03-27,IRBND,"Bandar Abbas",DEHAM,Hamburg,1,1,HDASCO,1,2,7788,1100,2478,2478,13,13,13,{13}
2016-03-27,IRBND,"Bandar Abbas",INCOK,Cochin,1,1,"Emirates Shipping; Hanjin Shipping; KMTC; RCL",4,7,6743.57142857143,557.142857142857,6541,7455,2,2,2,{2}
2016-03-27,IRBND,"Bandar Abbas",MYPKG,"Port Klang",3,3,"Evergreen Line; Hyundai; OOCL; PIL; Wan Hai; Yang Ming",6,19,13868.7619047619,1415.38095238095,4252,8452,9,9,12,"{9,9,12}"
2016-03-27,IRBND,"Bandar Abbas",OMSOH,Sohar,1,1,"Hanjin Shipping; K Line; KMTC; UASC; X-Press",5,7,6769.42857142857,614.285714285714,3600,8586,1,1,1,{1}
2016-03-27,IRBND,"Bandar Abbas",PKKHI,Karachi,1,1,"Evergreen Line; Hyundai; OOCL",3,7,5314.57142857143,440,5551,6800,3,3,3,{3}
2016-03-27,IRBND,"Bandar Abbas",SADMM,Dammam,1,1,MSC,1,6,10725.3333333333,660,8800,13092,1,1,1,{1}
2016-03-27,ISAKU,"Akureyri Iceland",GBIMM,Immingham,1,1,"Eimskip; Royal Arctic Line",2,3,1219.42857142857,208,698,724,4,4,4,{4}
2016-03-27,ISISA,"Isafjordur Iceland",ISAKU,"Akureyri Iceland",1,1,"Eimskip; Royal Arctic Line",2,3,1219.42857142857,208,698,724,1,1,1,{1}
2016-03-27,ISREY,Reykjavik,CANWP,Argentia,1,1,"Eimskip; Royal Arctic Line",2,3,1219.42857142857,208,698,724,6,6,6,{6}
2016-03-27,ISREY,Reykjavik,ISISA,"Isafjordur Iceland",1,1,"Eimskip; Royal Arctic Line",2,3,1219.42857142857,208,698,724,1,1,1,{1}
2016-03-27,ISREY,Reykjavik,ISRFJ,"Reydarfjordur Iceland",1,1,Eimskip,1,2,1457,400,1457,1457,1,1,1,{1}
2016-03-27,ISREY,Reykjavik,ISVES,"Vestmannaeyjar Iceland",1,1,Eimskip,1,2,799.5,72,724,875,1,1,1,{1}
2016-03-27,ISRFJ,"Reydarfjordur Iceland",FOTHO,Thorshavn,1,1,Eimskip,1,2,1457,400,1457,1457,1,1,1,{1}
2016-03-27,ISVES,"Vestmannaeyjar Iceland",FOTHO,Thorshavn,1,1,Eimskip,1,2,799.5,72,724,875,1,1,1,{1}
2016-03-27,ITCAG,Cagliari,CAHAL,Halifax,1,1,"APL; Hapag-Lloyd; Hyundai; Maersk Line; MOL; NYK; OOCL; ZIM",8,11,6556.36363636364,601.181818181818,5250,8749,7,7,7,{7}
2016-03-27,ITCAG,Cagliari,DEHAM,Hamburg,1,1,"Alianca; Hamburg Sud; Hapag-Lloyd; NYK",4,8,6235,1123,5905,6589,7,7,7,{7}
2016-03-27,ITCAG,Cagliari,EGDAM,Damietta,1,1,"APL; Hapag-Lloyd; Hyundai; Maersk Line; MOL; NYK; OOCL; ZIM",8,11,6556.36363636364,601.181818181818,5250,8749,3,3,3,{3}
2016-03-27,ITCAG,Cagliari,ITLIV,Leghorn,2,2,"Alianca; CCNI; Hamburg Sud; Hapag-Lloyd; ZIM",5,18,8256.7012987013,772.207792207792,1205,4800,2,2.5,3,"{3,2}"
2016-03-27,ITCAG,Cagliari,ITSAL,Salerno,1,1,Hapag-Lloyd,1,5,2545,219.2,2300,2808,1,1,1,{1}
2016-03-27,ITCAG,Cagliari,SAJED,Jeddah,1,1,"Alianca; Hamburg Sud; Hapag-Lloyd; NYK",4,8,6235,1123,5905,6589,6,6,6,{6}
2016-03-27,ITCVV,Civitavecchia,ITSPE,"La Spezia",1,1,MSC,1,10,5023.8,520,4900,5059,2,2,2,{2}
2016-03-27,ITGIT,"Gioia Tauro",EGPSD,"Port Said",1,1,"Maersk Line; MCC; MSC; Safmarine",4,15,9476.4,786.4,8272,11660,4,4,4,{4}
2016-03-27,ITGIT,"Gioia Tauro",ESVLC,Valencia,1,1,"MSC; WEC Lines",2,7,8665,590.142857142857,8189,8948,2,2,2,{2}
2016-03-27,ITGIT,"Gioia Tauro",GBFXT,Felixstowe,1,1,"MSC; SCI-Shipping Corp. of India",2,8,9340.375,633.75,7455,11660,5,5,5,{5}
2016-03-27,ITGIT,"Gioia Tauro",ITCVV,Civitavecchia,1,1,MSC,1,10,5023.8,520,4900,5059,2,2,2,{2}
2016-03-27,ITGIT,"Gioia Tauro",ITLIV,Leghorn,2,2,"Alianca; ANL; CMA CGM; Hamburg Sud; Hapag-Lloyd; Maersk Line; MSC; Niver Lines; Safmarine; UASC; ZIM",11,12,9694.75,943.25,4056,5905,2,2,2,"{2,2}"
2016-03-27,ITGIT,"Gioia Tauro",ITNAP,Naples,2,2,"Maersk Line; MSC; Safmarine; SeaLand",4,14,12942.2857142857,1019.14285714286,4549,6750,1,1,1,"{1,1}"
2016-03-27,ITGIT,"Gioia Tauro",ITSPE,"La Spezia",1,1,"Maersk Line; MCC; MSC; Safmarine; WEC Lines",5,12,13054.1666666667,700,12552,13800,1,1,1,{1}
2016-03-27,ITGIT,"Gioia Tauro",REPDG,"Reunion Island",1,1,MSC,1,13,5753.38461538462,350.923076923077,4395,7455,13,13,13,{13}
2016-03-27,ITGIT,"Gioia Tauro",SAKAC,"King Abdullah City",2,2,"Maersk Line; MCC; MSC; Safmarine; SCI-Shipping Corp. of India",5,19,22686.9204545455,1488.29545454545,7455,14000,5,5.5,6,"{6,5}"
2016-03-27,ITGOA,Genoa,EGDAM,Damietta,1,1,"ANL; CMA CGM; Hapag-Lloyd; USL-US Lines",4,13,4672.46153846154,436.615384615385,4050,5770,4,4,4,{4}
2016-03-27,ITGOA,Genoa,EGPSD,"Port Said",1,1,"Maersk Line; Safmarine",2,7,8678.28571428571,785.714285714286,8112,10000,5,5,5,{5}
2016-03-27,ITGOA,Genoa,ESBCN,Barcelona,7,7,"Alianca; CCNI; CMA CGM; COSCO; CSCL; Evergreen Line; Hamburg Sud; Hanjin Shipping; Hapag-Lloyd; K Line; Melfi Marine; SeaLand; UASC; Yang Ming; ZIM",15,57,31970.0882936508,3563.2371031746,1205,10114,1,2,2,"{1,2,2,2,1,2,2}"
2016-03-27,ITGOA,Genoa,ESCAS,Castellon,1,1,"COSCO; Messina",2,2,5634.28571428571,914.285714285714,2452,2478,2,2,2,{2}
2016-03-27,ITGOA,Genoa,ESVLC,Valencia,1,1,"Maersk Line; MSC; Safmarine",3,7,6328.57142857143,494.285714285714,4549,6724,2,2,2,{2}
2016-03-27,ITGOA,Genoa,FRFOS,"Marseilles-Fos (Fos)",9,9,"Alianca; ANL; APL; CMA CGM; COSCO; CSCL; Hamburg Sud; Hanjin Shipping; Hapag-Lloyd; Hyundai; Maersk Line; Marfret; Marguisa; MCC; MOL; MSC; Niver Lines; NYK; OOCL; Safmarine; UASC; USL-US Lines; WEC Lines; Yang Ming; ZIM",25,78,57572.3511904762,4674.74545454545,2061,14500,1,1,2,"{2,1,1,1,1,1,1,1,1}"
2016-03-27,ITGOA,Genoa,ITLIV,Leghorn,1,1,MSC,1,5,3734.2,380.8,2900,4132,1,1,1,{1}
2016-03-27,ITGOA,Genoa,MTMAR,"Malta (Marsaxlokk)",1,1,"ANL; CMA CGM; COSCO; CSCL; Hanjin Shipping; Marguisa; UASC; Yang Ming",8,7,6816.14285714286,490,6554,6921,3,3,3,{3}
2016-03-27,ITGOA,Genoa,PTSIE,Sines,1,1,MSC,1,4,4056,152,4056,4056,3,3,3,{3}
2016-03-27,ITGOA,Genoa,TRAMB,"Istanbul (Ambarli)",1,1,HDASCO,1,2,7788,1100,2478,2478,5,5,5,{5}
2016-03-27,ITLIV,Leghorn,ESLPA,"Las Palmas, Can Is",1,1,MSC,1,5,3734.2,380.8,2900,4132,7,7,7,{7}
2016-03-27,ITLIV,Leghorn,ILASH,Ashdod,1,1,"COSCO; Hapag-Lloyd; ZIM",3,7,4250.85714285714,380,4250,4253,5,5,5,{5}
2016-03-27,ITLIV,Leghorn,ITGOA,Genoa,11,11,"Alianca; ANL; CCNI; CMA CGM; COSCO; Hamburg Sud; Hapag-Lloyd; Maersk Line; Marfret; Melfi Marine; MSC; Niver Lines; Safmarine; SeaLand; UASC; ZIM",16,74,38575.0207431457,4667.8443001443,1205,5905,1,1,2,"{2,2,1,1,1,2,1,1,1,1,1}"
2016-03-27,ITLIV,Leghorn,ITSPE,"La Spezia",1,1,"Maersk Line; MSC; Safmarine",3,7,6328.57142857143,494.285714285714,4549,6724,1,1,1,{1}
2016-03-27,ITNAP,Naples,ESVLC,Valencia,1,1,"MSC; ZIM",2,5,4876.6,428,2682,5919,3,3,3,{3}
2016-03-27,ITNAP,Naples,ITGIT,"Gioia Tauro",1,1,MSC,1,13,5753.38461538462,350.923076923077,4395,7455,0,0,0,{0}
2016-03-27,ITNAP,Naples,ITLIV,Leghorn,2,2,"Maersk Line; Melfi Marine; MSC; Safmarine",4,11,8933.21428571429,936.785714285714,1678,6724,1,1.5,2,"{2,1}"
2016-03-27,ITNAP,Naples,ITSPE,"La Spezia",1,1,"Maersk Line; MSC; Safmarine; SeaLand",4,7,6613.71428571429,524.857142857143,6402,6750,2,2,2,{2}
2016-03-27,ITSAL,Salerno,ESCAS,Castellon,1,1,"Borchard Lines Ltd",1,4,1216,200,1216,1216,2,2,2,{2}
2016-03-27,ITSAL,Salerno,GBFXT,Felixstowe,1,1,"Alianca; Borchard Lines Ltd; Hamburg Sud; Hapag-Lloyd; Maersk Line; Safmarine; Seago Line; ZIM",8,5,4387.8,764,4135,4644,6,6,6,{6}
2016-03-27,ITSAL,Salerno,GBTIL,Tilbury,1,1,"ANL; CMA CGM; Hapag-Lloyd; USL-US Lines",4,13,4672.46153846154,436.615384615385,4050,5770,7,7,7,{7}
2016-03-27,ITSAL,Salerno,GRPIR,Piraeus,1,1,"Borchard Lines Ltd",1,4,1216,200,1216,1216,2,2,2,{2}
2016-03-27,ITSAL,Salerno,ITLIV,Leghorn,2,2,"Alianca; CCNI; Hamburg Sud; Hapag-Lloyd",4,10,6253,754.914285714286,1728,2808,2,3,4,"{2,4}"
2016-03-27,ITSPE,"La Spezia",ESBCN,Barcelona,1,1,"Maersk Line; MSC; Safmarine; SeaLand",4,7,6613.71428571429,524.857142857143,6402,6750,1,1,1,{1}
2016-03-27,ITSPE,"La Spezia",ESVLC,Valencia,2,2,"MSC; WEC Lines; ZIM",3,15,11463,972,4549,7455,3,3,3,"{3,3}"
2016-03-27,ITSPE,"La Spezia",ITGIT,"Gioia Tauro",1,1,"Maersk Line; MCC; MSC; Safmarine",4,11,13346.5454545455,854.545454545455,12552,14000,1,1,1,{1}
2016-03-27,ITSPE,"La Spezia",ITGOA,Genoa,6,6,"Alianca; ANL; CMA CGM; COSCO; CSCL; Evergreen Line; Hamburg Sud; Hanjin Shipping; K Line; Maersk Line; Marguisa; MCC; Messina; MSC; Safmarine; UASC; USL-US Lines; WEC Lines; Yang Ming",19,55,52172.8314393939,3902.04301948052,2452,14500,0,1,3,"{1,1,2,0,3,0}"
2016-03-27,ITSPE,"La Spezia",ITNAP,Naples,1,1,MSC,1,13,5753.38461538462,350.923076923077,4395,7455,1,1,1,{1}
2016-03-27,ITTRS,Trieste,HRRJK,Rijeka,2,2,"ANL; CMA CGM; COSCO; CSCL; Evergreen Line; Maersk Line; MCC; MSC; Safmarine; UASC",10,25,15238.5,1374.4,5618,11660,0,0.5,1,"{0,1}"
2016-03-27,ITVCE,Venice,SIKOP,Koper,1,1,"ANL; CMA CGM; COSCO; CSCL; Evergreen Line; UASC",6,10,5762.1,588,5618,6921,1,1,1,{1}
2016-03-27,JMKIN,Kingston,AWORJ,Aruba,1,1,"Caribbean Feeder; Hapag-Lloyd; Seaboard Marine; ZIM",4,2,712,145.5,712,712,3,3,3,{3}
2016-03-27,JMKIN,Kingston,COBAQ,Barranquilla,1,1,"Seaboard Marine",1,2,1740,300,1740,1740,2,2,2,{2}
2016-03-27,JMKIN,Kingston,COCTG,Cartagena,6,6,"Alianca; ANL; Caribbean Feeder; CMA CGM; Hamburg Sud; Hapag-Lloyd; Maersk Line; Marfret; MOL; Seaboard Marine; SeaLand; USL-US Lines; ZIM",13,32,16323.9682539683,2876.26984126984,1096,3108,1,1.5,3,"{3,1,2,1,3,1}"
2016-03-27,JMKIN,Kingston,CRLIO,"Puerto Limon",2,2,"Caribbean Feeder; Evergreen Line; Hapag-Lloyd; Maersk Line; Seaboard Marine; SeaLand; X-Press; ZIM",8,5,3052,573,1100,2078,2,2.5,3,"{2,3}"
2016-03-27,JMKIN,Kingston,CUMAR,Mariel,1,1,"CMA CGM",1,1,1597.14285714286,314.285714285714,1118,1118,3,3,3,{3}
2016-03-27,JMKIN,Kingston,DOCAU,Caucedo,2,2,"Alianca; ANL; APL; CMA CGM; CSCL; Hamburg Sud; Hapag-Lloyd; NYK",8,15,6800.41666666667,758.833333333333,1714,5095,1,1,1,"{1,1}"
2016-03-27,JMKIN,Kingston,DOHAI,"Rio Haina",4,4,"Alianca; Caribbean Feeder; CMA CGM; Hamburg Sud; Hapag-Lloyd; Seaboard Marine; ZIM",7,10,4638.33333333333,886,698,2078,1,1.5,2,"{1,2,1,2}"
2016-03-27,JMKIN,Kingston,GYGEO,"Georgetown, Guyana",1,1,"CMA CGM; ZIM",2,2,1008.5,284.5,670,1347,4,4,4,{4}
2016-03-27,JMKIN,Kingston,HNPCR,"Puerto Cortes",1,1,"Caribbean Feeder; Hapag-Lloyd; ZIM",3,3,699.333333333333,120,698,702,2,2,2,{2}
2016-03-27,JMKIN,Kingston,HTPAP,Port-au-Prince,1,1,"Seaboard Marine",1,3,758,147.666666666667,657,957,1,1,1,{1}
2016-03-27,JMKIN,Kingston,JMMBJ,"Montego Bay",1,1,"Caribbean Feeder; Evergreen Line; Hapag-Lloyd; Maersk Line; Seaboard Marine; SeaLand; X-Press; ZIM",8,2,1202,229,1100,1304,1,1,1,{1}
2016-03-27,JMKIN,Kingston,LCSLU,"Castries, St Lucia",1,1,"SeaFreight Line; ZIM",2,3,1173.33333333333,253.333333333333,1102,1296,2,2,2,{2}
2016-03-27,JMKIN,Kingston,MXVER,Veracruz,2,2,"Alianca; CCNI; CMA CGM; Hamburg Sud; Hapag-Lloyd; SeaLand; ZIM",7,16,6302.20634920635,853.793650793651,1205,4367,3,3.5,4,"{3,4}"
2016-03-27,JMKIN,Kingston,NLRTM,Rotterdam,1,1,"CMA CGM; Hapag-Lloyd",2,6,2455.33333333333,583.333333333333,2260,2556,12,12,12,{12}
2016-03-27,JMKIN,Kingston,PACTB,Cristobal,1,1,"CMA CGM; Maersk Line; MSC; Safmarine; SeaLand",5,7,4625.57142857143,608.571428571429,3922,4931,2,2,2,{2}
2016-03-27,JMKIN,Kingston,PAMIT,Manzanillo,3,3,"APL; Caribbean Feeder; Hapag-Lloyd; Hyundai; Maersk Line; MOL; NYK; OOCL; SeaLand; ZIM",10,12,8587.4,972.6,712,5089,1,2,2,"{2,2,1}"
2016-03-27,JMKIN,Kingston,RUSKA,Slavyanka,1,1,ZIM,1,12,4999.91666666667,456.25,4814,5117,31,31,31,{31}
2016-03-27,JMKIN,Kingston,TTPTS,"Point Lisas",1,1,"ANL; CMA CGM; USL-US Lines",3,5,1130.4,260.8,957,1345,4,4,4,{4}
2016-03-27,JMKIN,Kingston,USILG,"Wilmington DE",1,1,"ANL; CMA CGM; USL-US Lines",3,5,1130.4,260.8,957,1345,6,6,6,{6}
2016-03-27,JMKIN,Kingston,USPEF,"Port Everglades FL",1,1,"SeaFreight Line; ZIM",2,3,1173.33333333333,253.333333333333,1102,1296,4,4,4,{4}
2016-03-27,JMKIN,Kingston,USSAV,"Savannah GA",2,2,"APL; Hapag-Lloyd; Hyundai; MOL; NYK; OOCL; ZIM",7,22,9873.31666666667,876.85,4700,5117,2,2.5,3,"{2,3}"
2016-03-27,JMKIN,Kingston,USTPA,"Tampa FL",1,1,"MSC; ZIM",2,3,2986,400,2742,3426,3,3,3,{3}
2016-03-27,JMKIN,Kingston,VELAG,"La Guaira",1,1,"CMA CGM",1,1,2236,440,1118,1118,2,2,2,{2}
2016-03-27,JMMBJ,"Montego Bay",HTPAP,Port-au-Prince,1,1,"Caribbean Feeder; Evergreen Line; Hapag-Lloyd; Maersk Line; Seaboard Marine; SeaLand; X-Press; ZIM",8,2,1202,229,1100,1304,1,1,1,{1}
2016-03-27,JOAQJ,Aqaba,DJJIB,Djibouti,1,1,"APL; PIL",2,8,6541.25,125,6350,6606,3,3,3,{3}
2016-03-27,JOAQJ,Aqaba,EGPSD,"Port Said",1,1,"Maersk Line; Safmarine",2,7,8678.28571428571,785.714285714286,8112,10000,1,1,1,{1}
2016-03-27,JOAQJ,Aqaba,EGSOK,Sokhna,1,1,"MSC; WEC Lines",2,5,3096.6,200,2480,3501,2,2,2,{2}
2016-03-27,JOAQJ,Aqaba,SAJED,Jeddah,3,3,"CMA CGM; COSCO; CSCL; Evergreen Line; Hanjin Shipping; Maersk Line; Safmarine; Seago Line; UASC; Yang Ming",10,24,24721.875,2592.125,5250,9964,2,2,2,"{2,2,2}"
2016-03-27,JPAXT,"Akita (N Coast)",KRUSN,Ulsan,1,1,"Dong Young; Namsung",2,5,985.2,144,953,1043,1,1,1,{1}
2016-03-27,JPCHB,Chiba,JPYOK,Yokohama,3,3,"ANL; CMA CGM; CNC Line-Cheng Lie Navigation Co. Ltd.; TS Lines; Wan Hai; Yang Ming",6,9,5172.66666666667,787.333333333333,1024,2824,0,1,3,"{0,3,1}"
2016-03-27,JPFKY,Fukuyama,JPMIZ,Mizushima,3,2,"Kambara Kisen Co., Ltd.",1,7,2386.66666666667,364,556,932,0,0,0,"{0,0,0}"
2016-03-27,JPFKY,Fukuyama,JPUKB,Kobe,1,1,"Wan Hai",1,3,1469.33333333333,133.333333333333,1040,1858,0,0,0,{0}
2016-03-27,JPHBK,Hibiki,JPMOJ,Moji,1,1,MOL,1,3,1596.66666666667,98,1440,1705,0,0,0,{0}
2016-03-27,JPHBK,Hibiki,KRPUS,Busan,1,1,"Dongjin Shipping; Dong Young; Easline Shipping; Namsung; TaiYoung Shipping",5,1,953,120,953,953,1,1,1,{1}
2016-03-27,JPHHE,Hachinohe,JPAXT,"Akita (N Coast)",1,1,"Dong Young; Namsung",2,5,985.2,144,953,1043,1,1,1,{1}
2016-03-27,JPHHE,Hachinohe,JPSDJ,"Sendai (Honshu)",1,1,"Dong Young; Namsung",2,3,979.333333333333,60,952,1024,1,1,1,{1}
2016-03-27,JPHIC,Hitachinaka,CNSHA,Shanghai,1,1,"SITC Shipping",1,3,970.333333333333,123.333333333333,855,1103,3,3,3,{3}
2016-03-27,JPHIC,Hitachinaka,JPSDJ,"Sendai (Honshu)",1,1,"Dong Young; Namsung",2,5,985.2,144,953,1043,1,1,1,{1}
2016-03-27,JPHIJ,Hiroshima,JPHSM,Hososhima,1,1,"Kambara Kisen Co., Ltd.",1,3,915.333333333333,132,907,932,1,1,1,{1}
2016-03-27,JPHIJ,Hiroshima,JPIYM,"Iyomishima (Shikoku)",1,1,"Kambara Kisen Co., Ltd.",1,1,556,100,556,556,0,0,0,{0}
2016-03-27,JPHIJ,Hiroshima,JPMOJ,Moji,1,1,"Wan Hai",1,3,1469.33333333333,133.333333333333,1040,1858,1,1,1,{1}
2016-03-27,JPHIJ,Hiroshima,JPMYJ,"Matsuyama (Shikoku)",1,1,NYK,1,2,576,100,550,602,0,0,0,{0}
2016-03-27,JPHIJ,Hiroshima,JPSBS,Shibushi,1,1,"Kambara Kisen Co., Ltd.",1,3,915.333333333333,132,907,932,1,1,1,{1}
2016-03-27,JPHKD,Hakodate,JPTMK,Tomakomai,1,1,"Dong Young; Namsung",2,5,985.2,144,953,1043,1,1,1,{1}
2016-03-27,JPHKT,Hakata,CNSHA,Shanghai,2,2,"COSCO; MCC; Puhai Shipping; Sinotrans; SITC Shipping",5,9,1968.5,316,850,1118,2,2,2,"{2,2}"
2016-03-27,JPHKT,Hakata,JPHBK,Hibiki,1,1,"Dongjin Shipping; Dong Young; Easline Shipping; Namsung; TaiYoung Shipping",5,1,953,120,953,953,0,0,0,{0}
2016-03-27,JPHKT,Hakata,JPMIZ,Mizushima,1,1,"IAL-Interasia Lines; MOL; Wan Hai",3,3,1608,210,1368,1728,0,0,0,{0}
2016-03-27,JPHKT,Hakata,JPMOJ,Moji,3,3,"COSCO; Jin Jiang; Puhai Shipping; Sinotrans; SITC Shipping; Taicang Container Lines; Wan Hai",7,7,2704.5,232.5,668,1368,0,1,1,"{1,1,0}"
2016-03-27,JPHKT,Hakata,JPOSA,Osaka,2,2,"COSCO; Sinotrans; SITC Shipping; Westwood",4,7,5901.41666666667,1142.16666666667,907,2546,1,1.5,2,"{1,2}"
2016-03-27,JPHKT,Hakata,KRKAN,Gwangyang,1,1,MSC,1,2,3943.5,277.5,3900,3987,1,1,1,{1}
2016-03-27,JPHKT,Hakata,KRPUS,Busan,4,4,"ANL; CMA CGM; CNC Line-Cheng Lie Navigation Co. Ltd.; Evergreen Line; Maersk Line; MCC; MOL; TS Lines; Yang Ming",9,13,8446.66666666667,1230,1440,2824,1,1,1,"{1,1,1,1}"
2016-03-27,JPHKT,Hakata,TWKHH,Kaohsiung,1,1,"APL; K Line; MCC; NYK; Yang Ming",5,3,2504.66666666667,516.666666666667,2468,2572,2,2,2,{2}
2016-03-27,JPHKT,Hakata,TWTPE,Taipei,2,2,"CMA CGM; CNC Line-Cheng Lie Navigation Co. Ltd.; Evergreen Line; Wan Hai; Yang Ming",5,5,2883,373.666666666667,1162,1618,2,2,2,"{2,2}"
2016-03-27,JPHSM,Hososhima,JPSBS,Shibushi,1,1,"Kambara Kisen Co., Ltd.",1,3,915.333333333333,132,907,932,0,0,0,{0}
2016-03-27,JPHSM,Hososhima,KRPUS,Busan,1,1,"Dong Young; Namsung",2,5,985.2,144,953,1043,3,3,3,{3}
2016-03-27,JPIMI,Imari,JPFKY,Fukuyama,1,1,"Kambara Kisen Co., Ltd.",1,3,915.333333333333,132,907,932,1,1,1,{1}
2016-03-27,JPIMI,Imari,JPMOJ,Moji,1,1,Heung-A,1,2,1103,,1103,1103,1,1,1,{1}
2016-03-27,JPISI,Ishikari,JPTMK,Tomakomai,2,2,"Heung-A; KMTC",2,4,2090,90,958,1102,1,1,1,"{1,1}"
2016-03-27,JPIWK,Iwakuni,JPMOJ,Moji,1,1,"CMA CGM; CNC Line-Cheng Lie Navigation Co. Ltd.; Evergreen Line",3,3,1618,198.666666666667,1618,1618,1,1,1,{1}
2016-03-27,JPIYM,"Iyomishima (Shikoku)",JPOIT,Oita,1,1,"Kambara Kisen Co., Ltd.",1,1,556,100,556,556,1,1,1,{1}
2016-03-27,JPKIJ,"Niigata (N Coast)",JPKNZ,"Kanazawa (N Coast)",1,1,"Dongjin Shipping; Easline Shipping; PanCon; Sinokor; TaiYoung Shipping",5,2,1009,52,1009,1009,2,2,2,{2}
2016-03-27,JPKIJ,"Niigata (N Coast)",JPTMK,Tomakomai,1,1,"Dong Young; Namsung",2,3,979.333333333333,60,952,1024,1,1,1,{1}
2016-03-27,JPKIJ,"Niigata (N Coast)",JPTOY,"Toyama (N Coast)",2,2,"Dong Young; Kambara Kisen Co., Ltd.; Namsung",3,7,2005.2,304,953,1043,0,0.5,1,"{0,1}"
2016-03-27,JPKNZ,"Kanazawa (N Coast)",CNSHA,Shanghai,1,1,"Kambara Kisen Co., Ltd.",1,1,585,50,585,585,3,3,3,{3}
2016-03-27,JPKNZ,"Kanazawa (N Coast)",JPTRG,Tsuruga,1,1,"Dongjin Shipping; Easline Shipping; PanCon; Sinokor; TaiYoung Shipping",5,2,1009,52,1009,1009,1,1,1,{1}
2016-03-27,JPKUH,Kushiro,JPHHE,Hachinohe,1,1,"Dong Young; Namsung",2,5,985.2,144,953,1043,1,1,1,{1}
2016-03-27,JPKUH,Kushiro,JPTMK,Tomakomai,1,1,"Dong Young; Namsung",2,3,979.333333333333,60,952,1024,0,0,0,{0}
2016-03-27,JPKWS,Kawasaki,JPNGO,Nagoya,1,1,"SITC Shipping",1,2,1110,200,1102,1118,1,1,1,{1}
2016-03-27,JPKWS,Kawasaki,JPSMZ,Shimizu,1,1,"SITC Shipping",1,3,1083.33333333333,101.666666666667,1040,1110,0,0,0,{0}
2016-03-27,JPKWS,Kawasaki,JPTYO,Tokyo,2,2,"Hanjin Shipping; Hapag-Lloyd; K Line; MCC; NYK; TS Lines; Yang Ming",7,7,5686.66666666667,705.833333333333,1024,4896,0,0,0,"{0,0}"
2016-03-27,JPKWS,Kawasaki,JPYOK,Yokohama,1,1,"SITC Shipping",1,3,970.333333333333,123.333333333333,855,1103,0,0,0,{0}
2016-03-27,JPMAI,Maizuru,CNDLC,Dalian,1,1,"Kambara Kisen Co., Ltd.",1,2,1020,160,1020,1020,4,4,4,{4}
2016-03-27,JPMIZ,Mizushima,JPHIJ,Hiroshima,3,2,"Kambara Kisen Co., Ltd.",1,7,2386.66666666667,364,556,932,1,1,1,"{1,1,1}"
2016-03-27,JPMIZ,Mizushima,JPUKB,Kobe,1,1,"IAL-Interasia Lines; MOL; Wan Hai",3,3,1608,210,1368,1728,0,0,0,{0}
2016-03-27,JPMOJ,Moji,CNSHA,Shanghai,1,1,"Jin Jiang; Taicang Container Lines",2,1,668,60,668,668,4,4,4,{4}
2016-03-27,JPMOJ,Moji,CNTXG,Xingang/Tianjin,1,1,"COSCO; Puhai Shipping; Sinotrans; SITC Shipping",4,2,878.5,100,850,907,3,3,3,{3}
2016-03-27,JPMOJ,Moji,CNYTN,Yantian,1,1,"COSCO; Evergreen Line; SITC Shipping",3,3,1440,110,1378,1510,3,3,3,{3}
2016-03-27,JPMOJ,Moji,JPHIJ,Hiroshima,1,1,NYK,1,2,576,100,550,602,1,1,1,{1}
2016-03-27,JPMOJ,Moji,JPHKT,Hakata,6,6,"APL; CMA CGM; CNC Line-Cheng Lie Navigation Co. Ltd.; COSCO; Evergreen Line; K Line; MCC; MOL; NYK; Puhai Shipping; Sinotrans; SITC Shipping; TS Lines; Wan Hai; Yang Ming",15,15,9634.83333333333,1434.33333333333,850,2572,0,1,1,"{1,0,1,1,1,1}"
2016-03-27,JPMOJ,Moji,JPTKY,Tokuyama,1,1,"Wan Hai",1,4,1158,72.5,1088,1368,0,0,0,{0}
2016-03-27,JPMOJ,Moji,KRKAN,Gwangyang,1,1,Heung-A,1,2,1103,,1103,1103,1,1,1,{1}
2016-03-27,JPMOJ,Moji,KRPUS,Busan,2,2,"ANL; CNC Line-Cheng Lie Navigation Co. Ltd.; COSCO; Evergreen Line; Sinotrans; SITC Shipping; TS Lines",7,7,2708.08333333333,305.5,907,1800,1,1,1,"{1,1}"
2016-03-27,JPMOJ,Moji,TWTXG,Taichung,1,1,"Wan Hai",1,3,1469.33333333333,133.333333333333,1040,1858,3,3,3,{3}
2016-03-27,JPMYJ,"Matsuyama (Shikoku)",JPNAN,Nakanoseki,1,1,NYK,1,2,576,100,550,602,0,0,0,{0}
2016-03-27,JPNAH,"Naha (Okinawa Is)",CNTAO,Qingdao,1,1,"APL; Maersk Line",2,6,4944.33333333333,367.666666666667,4832,5506,1,1,1,{1}
2016-03-27,JPNAH,"Naha (Okinawa Is)",GUGUM,Guam,1,1,MELL,1,4,1200.5,234,1080,1304,4,4,4,{4}
2016-03-27,JPNAH,"Naha (Okinawa Is)",JPSBS,Shibushi,1,1,NYK,1,2,576,100,550,602,1,1,1,{1}
2016-03-27,JPNAN,Nakanoseki,TWKEL,Keelung,1,1,NYK,1,2,576,100,550,602,3,3,3,{3}
2016-03-27,JPNGO,Nagoya,CNDLC,Dalian,1,1,"SITC Shipping",1,3,1083.33333333333,101.666666666667,1040,1110,2,2,2,{2}
2016-03-27,JPNGO,Nagoya,CNSHA,Shanghai,3,3,"Centrans; COSCO; Goto Shipping; K Line; Puhai Shipping; Sinotrans; SITC Shipping; TS Lines; Wan Hai; Yang Ming",10,10,5799.83333333333,502.5,1024,4432,3,4,8,"{8,3,4}"
2016-03-27,JPNGO,Nagoya,CNTAG,Taicang,1,1,"K Line; SITC Shipping",2,3,1080,101.666666666667,1040,1100,2,2,2,{2}
2016-03-27,JPNGO,Nagoya,CNTAO,Qingdao,2,2,"Alianca; Centrans; Goto Shipping; Hamburg Sud; IAL-Interasia Lines; Wan Hai",6,5,2498,120,698,1800,3,3.5,4,"{3,4}"
2016-03-27,JPNGO,Nagoya,CNTXG,Xingang/Tianjin,3,3,"COSCO; Goto Shipping; Puhai Shipping; Sinotrans; SITC Shipping",5,6,5582,900,1102,2800,5,6,6,"{6,6,5}"
2016-03-27,JPNGO,Nagoya,JPMOJ,Moji,1,1,"COSCO; Evergreen Line; SITC Shipping",3,3,1440,110,1378,1510,2,2,2,{2}
2016-03-27,JPNGO,Nagoya,JPOSA,Osaka,2,2,"ANL; CMA CGM; CNC Line-Cheng Lie Navigation Co. Ltd.; Evergreen Line; SITC Shipping; TS Lines; Yang Ming",7,9,2439.7,325,831,1730,1,1,1,"{1,1}"
2016-03-27,JPNGO,Nagoya,JPSMZ,Shimizu,6,6,"APL; CMA CGM; COSCO; Evergreen Line; Hapag-Lloyd; Hyundai; Jin Jiang; K Line; MOL; NYK; OOCL; TS Lines; Westwood; Yang Ming",14,24,22449.7333333333,2558.27272727273,1024,10000,0,1,1,"{1,1,0,1,1,1}"
2016-03-27,JPNGO,Nagoya,JPTHS,Toyohashi,1,1,"SITC Shipping",1,3,1083.33333333333,101.666666666667,1040,1110,0,0,0,{0}
2016-03-27,JPNGO,Nagoya,JPTKY,Tokuyama,1,1,"COSCO; Puhai Shipping; Sinotrans",3,1,542,200,542,542,1,1,1,{1}
2016-03-27,JPNGO,Nagoya,JPTYO,Tokyo,7,7,"ACL-Atlantic Container Line; ANL; APL; CMA CGM; CNC Line-Cheng Lie Navigation Co. Ltd.; COSCO; Hanjin Shipping; Hapag-Lloyd; Hyundai; K Line; MOL; NBOSCO; NYK; OOCL; Puhai Shipping; Sinotrans; SITC Shipping; TS Lines; Yang Ming",19,37,20756.35,2083.25,1040,5888,1,1,2,"{1,2,1,1,1,1,1}"
2016-03-27,JPNGO,Nagoya,JPUKB,Kobe,15,15,"ANL; APL; CMA CGM; CNC Line-Cheng Lie Navigation Co. Ltd.; COSCO; Evergreen Line; Hanjin Shipping; Hapag-Lloyd; Hyundai; IAL-Interasia Lines; K Line; MCC; MOL; NYK; OOCL; SITC Shipping; TS Lines; Wan Hai; Yang Ming; ZIM",20,58,47998.0833333333,5324.53571428571,1024,8749,1,1,2,"{2,1,1,1,1,1,1,1,1,1,1,1,1,1,1}"
2016-03-27,JPNGO,Nagoya,JPYKK,Yokkaichi,11,11,"ANL; CMA CGM; CNC Line-Cheng Lie Navigation Co. Ltd.; Evergreen Line; Hanjin Shipping; IAL-Interasia Lines; K Line; MCC; MOL; MSC; NYK; OOCL; SITC Shipping; TS Lines; Wan Hai; Yang Ming",16,32,22496.6666666667,2702.83333333333,698,4583,0,0,1,"{1,1,0,0,0,0,0,0,1,1,0}"
2016-03-27,JPNGO,Nagoya,JPYOK,Yokohama,3,3,"CMA CGM; CNC Line-Cheng Lie Navigation Co. Ltd.; Hanjin Shipping; Maersk Line; MCC; MSC; NYK; Safmarine; Seago Line; TS Lines; Yang Ming",11,18,17649.0681818182,1500.72727272727,1679,15908,1,2,2,"{1,2,2}"
2016-03-27,JPNGO,Nagoya,KRPUS,Busan,1,1,"ANL; CMA CGM; CNC Line-Cheng Lie Navigation Co. Ltd.; MOL",4,3,2644,366.666666666667,2450,2741,1,1,1,{1}
2016-03-27,JPNGO,Nagoya,TWKEL,Keelung,1,1,"TS Lines",1,3,1063.66666666667,193.333333333333,1024,1118,3,3,3,{3}
2016-03-27,JPOIT,Oita,CNSHA,Shanghai,1,1,"Kambara Kisen Co., Ltd.",1,1,556,100,556,556,2,2,2,{2}
2016-03-27,JPOMZ,Omaezaki,JPHKT,Hakata,1,1,MSC,1,2,3943.5,277.5,3900,3987,3,3,3,{3}
2016-03-27,JPOSA,Osaka,JPFKY,Fukuyama,1,1,"Wan Hai",1,3,1469.33333333333,133.333333333333,1040,1858,1,1,1,{1}
2016-03-27,JPOSA,Osaka,JPMOJ,Moji,1,1,"APL; K Line; MCC; NYK; Yang Ming",5,3,2504.66666666667,516.666666666667,2468,2572,1,1,1,{1}
2016-03-27,JPOSA,Osaka,JPNGO,Nagoya,5,5,"CMA CGM; CNC Line-Cheng Lie Navigation Co. Ltd.; Hanjin Shipping; K Line; NYK; SITC Shipping; TS Lines; Westwood",8,16,10205.25,1731,1040,2546,0,1,2,"{0,1,1,1,2}"
2016-03-27,JPOSA,Osaka,JPSMZ,Shimizu,1,1,"Evergreen Line; Wan Hai; Yang Ming",3,3,1734.66666666667,236.666666666667,1618,1858,1,1,1,{1}
2016-03-27,JPOSA,Osaka,JPTYO,Tokyo,1,1,OOCL,1,3,3288.33333333333,546,2797,3534,2,2,2,{2}
2016-03-27,JPOSA,Osaka,JPUKB,Kobe,27,26,"ANL; Centrans; CMA CGM; CNC Line-Cheng Lie Navigation Co. Ltd.; COSCO; CSCL; Evergreen Line; Gold Star Line; Goto Shipping; HASCO; IAL-Interasia Lines; Jin Jiang; MCC; MOL; NBOSCO; OOCL; PanAsia; Puhai Shipping; Sinotrans; SITC Shipping; Taicang Container Lines; TS Lines; Wan Hai; Yang Ming; ZIM",25,62,36040.25,4414.33333333333,404,4252,0,1,1,"{1,1,0,1,1,0,0,1,0,0,1,1,1,1,0,1,1,1,1,1,0,1,1,0,0,0,1}"
2016-03-27,JPOSA,Osaka,JPYKK,Yokkaichi,1,1,"IAL-Interasia Lines; MOL; OOCL; Wan Hai",4,4,4250.5,400,4250,4252,1,1,1,{1}
2016-03-27,JPOSA,Osaka,KRPUS,Busan,5,5,"Alianca; ANL; APL; CMA CGM; COSCO; CSCL; Evergreen Line; Hamburg Sud; Hanjin Shipping; Hapag-Lloyd; Hyundai; K Line; Maersk Line; MCC; MOL; MSC; NYK; OOCL; Safmarine; Sinotrans; SITC Shipping; TS Lines; USL-US Lines; Yang Ming",24,35,19703.0333333333,2172,831,7024,2,2,2,"{2,2,2,2,2}"
2016-03-27,JPOSA,Osaka,KRUSN,Ulsan,1,1,"IAL-Interasia Lines; MOL; Wan Hai",3,3,1608,210,1368,1728,1,1,1,{1}
2016-03-27,JPOSA,Osaka,THLCH,"Laem Chabang",1,1,"K Line; SITC Shipping",2,3,1708,202,1708,1708,5,5,5,{5}
2016-03-27,JPOSA,Osaka,TWKEL,Keelung,4,4,"ANL; CMA CGM; CNC Line-Cheng Lie Navigation Co. Ltd.; Evergreen Line; OOCL; TS Lines; Yang Ming",7,13,8370.41666666667,946.75,1024,4583,2,3,3,"{2,3,3,3}"
2016-03-27,JPOSA,Osaka,TWTPE,Taipei,1,1,"IAL-Interasia Lines; Wan Hai",2,4,1998,281,2646,2700,3,3,3,{3}
2016-03-27,JPOTR,Otaru,JPMAI,Maizuru,1,1,"Kambara Kisen Co., Ltd.",1,2,1020,160,1020,1020,2,2,2,{2}
2016-03-27,JPSBK,Sakaisenboku,CNTAO,Qingdao,1,1,"Sinotrans; SITC Shipping",2,1,698,120,698,698,3,3,3,{3}
2016-03-27,JPSBS,Shibushi,CNNGB,Ningbo,1,1,"Kambara Kisen Co., Ltd.",1,3,915.333333333333,132,907,932,2,2,2,{2}
2016-03-27,JPSBS,Shibushi,CNTXG,Xingang/Tianjin,1,1,"Kambara Kisen Co., Ltd.",1,3,915.333333333333,132,907,932,5,5,5,{5}
2016-03-27,JPSBS,Shibushi,JPMOJ,Moji,1,1,NYK,1,2,576,100,550,602,1,1,1,{1}
2016-03-27,JPSDJ,"Sendai (Honshu)",JPHSM,Hososhima,1,1,"Dong Young; Namsung",2,5,985.2,144,953,1043,2,2,2,{2}
2016-03-27,JPSDJ,"Sendai (Honshu)",KRPUS,Busan,1,1,"Dong Young; Namsung",2,3,979.333333333333,60,952,1024,4,4,4,{4}
2016-03-27,JPSDJ,"Sendai (Honshu)",USLAX,"Los Angeles CA",1,1,"Hanjin Shipping; NYK; OOCL",3,5,3602,350,3388,4250,9,9,9,{9}
2016-03-27,JPSMN,"Sakaiminato (N Coast)",JPKNZ,"Kanazawa (N Coast)",1,1,"Kambara Kisen Co., Ltd.",1,1,585,50,585,585,1,1,1,{1}
2016-03-27,JPSMZ,Shimizu,CNSHA,Shanghai,2,2,"Jin Jiang",1,2,2200,145,1100,1100,3,3,3,"{3,3}"
2016-03-27,JPSMZ,Shimizu,CNTAO,Qingdao,1,1,"SITC Shipping",1,3,1083.33333333333,101.666666666667,1040,1110,3,3,3,{3}
2016-03-27,JPSMZ,Shimizu,JPNGO,Nagoya,5,5,"ANL; CMA CGM; CNC Line-Cheng Lie Navigation Co. Ltd.; Evergreen Line; IAL-Interasia Lines; K Line; NYK; OOCL; SITC Shipping; TS Lines; Wan Hai; Yang Ming",12,17,8352.33333333333,1105.33333333333,1032,2646,1,1,1,"{1,1,1,1,1}"
2016-03-27,JPSMZ,Shimizu,JPTYO,Tokyo,7,7,"APL; CMA CGM; COSCO; Evergreen Line; Hanjin Shipping; Hapag-Lloyd; Hyundai; K Line; MCC; MOL; NYK; OOCL; SITC Shipping; TS Lines; Westwood; Yang Ming",16,31,26269.7333333333,3143.27272727273,1024,10000,0,1,2,"{0,1,0,1,1,1,2}"
2016-03-27,JPSMZ,Shimizu,JPYKK,Yokkaichi,1,1,"ANL; CMA CGM; CNC Line-Cheng Lie Navigation Co. Ltd.; MOL",4,3,2644,366.666666666667,2450,2741,1,1,1,{1}
2016-03-27,JPSMZ,Shimizu,JPYOK,Yokohama,1,1,"Evergreen Line; Wan Hai; Yang Ming",3,3,1734.66666666667,236.666666666667,1618,1858,1,1,1,{1}
2016-03-27,JPSMZ,Shimizu,KRPUS,Busan,1,1,"Dong Young; Namsung",2,5,985.2,144,953,1043,1,1,1,{1}
2016-03-27,JPTHS,Toyohashi,CNSHA,Shanghai,1,1,"SITC Shipping",1,1,698,120,698,698,2,2,2,{2}
2016-03-27,JPTHS,Toyohashi,JPTYO,Tokyo,1,1,"SITC Shipping",1,3,1083.33333333333,101.666666666667,1040,1110,1,1,1,{1}
2016-03-27,JPTKY,Tokuyama,CNSHA,Shanghai,2,2,"COSCO; PanAsia; Puhai Shipping; Sinotrans",4,3,1631.5,426,542,1118,1,1.5,2,"{1,2}"
2016-03-27,JPTKY,Tokuyama,TWTPE,Taipei,1,1,"Wan Hai",1,4,1158,72.5,1088,1368,3,3,3,{3}
2016-03-27,JPTMK,Tomakomai,JPHHE,Hachinohe,1,1,"Dong Young; Namsung",2,3,979.333333333333,60,952,1024,2,2,2,{2}
2016-03-27,JPTMK,Tomakomai,JPKUH,Kushiro,1,1,"Dong Young; Namsung",2,5,985.2,144,953,1043,1,1,1,{1}
2016-03-27,JPTMK,Tomakomai,JPTOY,"Toyama (N Coast)",1,1,"Dong Young; Namsung",2,3,979.333333333333,60,952,1024,0,0,0,{0}
2016-03-27,JPTMK,Tomakomai,KRPUS,Busan,3,3,"Heung-A; KMTC; Westwood",3,7,6930.66666666667,1084.66666666667,958,2546,3,3,3,"{3,3,3}"
2016-03-27,JPTOY,"Toyama (N Coast)",JPHKD,Hakodate,1,1,"Dong Young; Namsung",2,5,985.2,144,953,1043,0,0,0,{0}
2016-03-27,JPTOY,"Toyama (N Coast)",JPKUH,Kushiro,1,1,"Dong Young; Namsung",2,3,979.333333333333,60,952,1024,1,1,1,{1}
2016-03-27,JPTOY,"Toyama (N Coast)",JPOTR,Otaru,1,1,"Kambara Kisen Co., Ltd.",1,2,1020,160,1020,1020,1,1,1,{1}
2016-03-27,JPTRG,Tsuruga,CNNGB,Ningbo,1,1,"Dongjin Shipping; Easline Shipping; PanCon; Sinokor; TaiYoung Shipping",5,2,1009,52,1009,1009,3,3,3,{3}
2016-03-27,JPTYO,Tokyo,CNNGB,Ningbo,1,1,"COSCO; NBOSCO; Puhai Shipping; SITC Shipping",4,2,1100,,1100,1100,3,3,3,{3}
2016-03-27,JPTYO,Tokyo,CNSHA,Shanghai,2,2,"ANL; CMA CGM; CNC Line-Cheng Lie Navigation Co. Ltd.; COSCO; IAL-Interasia Lines; Puhai Shipping; Sinotrans; SITC Shipping; Wan Hai",9,5,2791.33333333333,299.833333333333,1040,1728,2,2.5,3,"{3,2}"
2016-03-27,JPTYO,Tokyo,CNTAG,Taicang,1,1,"Gold Star Line; HASCO; SITC Shipping; ZIM",4,2,1003,120,1003,1003,3,3,3,{3}
2016-03-27,JPTYO,Tokyo,CNTAO,Qingdao,1,1,"COSCO; Evergreen Line; Hanjin Shipping; ZIM",4,6,7058.66666666667,787,8452,8508,4,4,4,{4}
2016-03-27,JPTYO,Tokyo,HKHKG,"Hong Kong",2,2,"APL; Hapag-Lloyd; Hyundai; IAL-Interasia Lines; MOL; NYK; OOCL; Wan Hai",8,15,13568.5,1199.27272727273,4250,10000,3,3.5,4,"{3,4}"
2016-03-27,JPTYO,Tokyo,JPCHB,Chiba,3,3,"ANL; CMA CGM; CNC Line-Cheng Lie Navigation Co. Ltd.; TS Lines; Wan Hai; Yang Ming",6,9,5172.66666666667,787.333333333333,1024,2824,0,1,1,"{0,1,1}"
2016-03-27,JPTYO,Tokyo,JPKWS,Kawasaki,3,3,"Hanjin Shipping; Hapag-Lloyd; K Line; MCC; NYK; SITC Shipping; Yang Ming",7,10,6676.66666666667,737.5,855,4896,0,0,1,"{0,0,1}"
2016-03-27,JPTYO,Tokyo,JPNGO,Nagoya,6,6,"APL; COSCO; Hanjin Shipping; Hapag-Lloyd; Hyundai; K Line; MCC; MOL; NYK; OOCL; Yang Ming; ZIM",12,28,26987.25,2675.95238095238,1730,8749,0,1,1,"{1,0,1,1,0,1}"
2016-03-27,JPTYO,Tokyo,JPOSA,Osaka,1,1,"Evergreen Line",1,6,6209,723.166666666667,6046,7024,1,1,1,{1}
2016-03-27,JPTYO,Tokyo,JPSDJ,"Sendai (Honshu)",1,1,"Hanjin Shipping; NYK; OOCL",3,5,3602,350,3388,4250,1,1,1,{1}
2016-03-27,JPTYO,Tokyo,JPSMZ,Shimizu,1,1,"K Line; SITC Shipping",2,3,1080,101.666666666667,1040,1100,1,1,1,{1}
2016-03-27,JPTYO,Tokyo,JPUKB,Kobe,3,3,"Alianca; APL; CMA CGM; COSCO; Evergreen Line; Hamburg Sud; Hapag-Lloyd; Hyundai; K Line; MOL; NYK; OOCL; Yang Ming",13,21,13454.9666666667,1448,3765,5595,1,1,1,"{1,1,1}"
2016-03-27,JPTYO,Tokyo,JPYKK,Yokkaichi,1,1,"Hanjin Shipping; Hapag-Lloyd; K Line; MCC; NYK; Yang Ming",6,4,4623,512.5,4520,4896,1,1,1,{1}
2016-03-27,JPTYO,Tokyo,JPYOK,Yokohama,37,37,"Alianca; ANL; APL; Centrans; CMA CGM; CNC Line-Cheng Lie Navigation Co. Ltd.; COSCO; CSCL; Evergreen Line; Gold Star Line; Goto Shipping; Hamburg Sud; Hanjin Shipping; HASCO; IAL-Interasia Lines; Jin Jiang; K Line; MCC; MOL; NBOSCO; NYK; OOCL; PanAsia; Puhai Shipping; Sinotrans; SITC Shipping; TS Lines; Wan Hai; Yang Ming; ZIM",30,106,67812.1166666667,8731.66666666667,542,5605,0,0,1,"{0,0,0,0,0,1,1,0,0,1,0,0,0,0,0,0,0,0,1,0,1,0,0,0,0,0,1,1,0,1,0,1,1,1,0,0,0}"
2016-03-27,JPTYO,Tokyo,KRPUS,Busan,1,1,"COSCO; Hanjin Shipping; Yang Ming",3,6,5066.5,475,4532,5744,6,6,6,{6}
2016-03-27,JPTYO,Tokyo,TWKEL,Keelung,2,2,"APL; CMA CGM; CNC Line-Cheng Lie Navigation Co. Ltd.; Hanjin Shipping; Hapag-Lloyd; K Line; MOL; NYK; TS Lines",9,15,6870.15909090909,697.636363636364,1679,6350,2,3,4,"{2,4}"
2016-03-27,JPTYO,Tokyo,TWTPE,Taipei,1,1,"Evergreen Line; Wan Hai; Yang Ming",3,3,1734.66666666667,236.666666666667,1618,1858,3,3,3,{3}
2016-03-27,JPTYO,Tokyo,USLAX,"Los Angeles CA",1,1,"CMA CGM; COSCO; Evergreen Line; Hyundai; K Line; MOL; Yang Ming",7,5,5048.4,426,4432,5595,11,11,11,{11}
2016-03-27,JPTYO,Tokyo,USPAE,"Everett WA",1,1,Westwood,1,3,4840.66666666667,994.666666666667,2169,2546,12,12,12,{12}
2016-03-27,JPTYO,Tokyo,USTIW,"Tacoma WA",2,2,"ACL-Atlantic Container Line; APL; COSCO; Hanjin Shipping; Hapag-Lloyd; Hyundai; K Line; MOL; NYK; OOCL; Yang Ming",11,21,10542.6,898.333333333333,4612,5888,9,9,9,"{9,9}"
2016-03-27,JPUKB,Kobe,CNCWN,Chiwan,1,1,APL,1,3,2468,400,2468,2468,4,4,4,{4}
2016-03-27,JPUKB,Kobe,CNDLC,Dalian,1,1,"K Line; SITC Shipping",2,3,1080,101.666666666667,1040,1100,2,2,2,{2}
2016-03-27,JPUKB,Kobe,CNLYG,Lianyungang,2,2,"COSCO; CSCL; Puhai Shipping; Sinotrans; SITC Shipping",5,2,1853,120,831,1022,2,2,2,"{2,2}"
2016-03-27,JPUKB,Kobe,CNNGB,Ningbo,1,1,"COSCO; NBOSCO; Puhai Shipping; SITC Shipping",4,2,1100,,1100,1100,2,2,2,{2}
2016-03-27,JPUKB,Kobe,CNSHA,Shanghai,6,6,"Centrans; Goto Shipping; Jin Jiang; TS Lines",4,8,5369.5,851,668,1118,2,2.5,4,"{3,4,2,3,2,2}"
2016-03-27,JPUKB,Kobe,CNSHK,Shekou,1,1,OOCL,1,3,1733.33333333333,333.333333333333,1730,1740,4,4,4,{4}
2016-03-27,JPUKB,Kobe,CNTAG,Taicang,3,3,"Gold Star Line; HASCO; SITC Shipping; Taicang Container Lines; ZIM",5,4,2157,210,404,1003,2,3,3,"{3,2,3}"
2016-03-27,JPUKB,Kobe,CNTAO,Qingdao,1,1,"APL; Hapag-Lloyd; Hyundai; MOL; NYK; OOCL; ZIM",7,7,8553,724.285714285714,8063,8749,4,4,4,{4}
2016-03-27,JPUKB,Kobe,CNTXG,Xingang/Tianjin,1,1,"COSCO; Sinotrans; SITC Shipping",3,4,1060.75,147.5,907,1118,4,4,4,{4}
2016-03-27,JPUKB,Kobe,HKHKG,"Hong Kong",2,2,"Evergreen Line; MCC; MOL; TS Lines; Wan Hai",5,6,8119,1018.66666666667,2470,5605,3,3,3,"{3,3}"
2016-03-27,JPUKB,Kobe,JPHBK,Hibiki,1,1,MOL,1,3,1596.66666666667,98,1440,1705,1,1,1,{1}
2016-03-27,JPUKB,Kobe,JPHIJ,Hiroshima,1,1,"Wan Hai",1,3,1469.33333333333,133.333333333333,1040,1858,1,1,1,{1}
2016-03-27,JPUKB,Kobe,JPHKT,Hakata,1,1,"Wan Hai",1,4,1158,72.5,1088,1368,1,1,1,{1}
2016-03-27,JPUKB,Kobe,JPIWK,Iwakuni,1,1,"CMA CGM; CNC Line-Cheng Lie Navigation Co. Ltd.; Evergreen Line",3,3,1618,198.666666666667,1618,1618,1,1,1,{1}
2016-03-27,JPUKB,Kobe,JPMOJ,Moji,3,3,"ANL; CNC Line-Cheng Lie Navigation Co. Ltd.; COSCO; Evergreen Line; Sinotrans; SITC Shipping; TS Lines; Wan Hai; Yang Ming",9,9,3973.08333333333,480.5,907,1800,1,1,1,"{1,1,1}"
2016-03-27,JPUKB,Kobe,JPNGO,Nagoya,6,6,"ACL-Atlantic Container Line; APL; CMA CGM; COSCO; Evergreen Line; Hanjin Shipping; Hapag-Lloyd; Hyundai; K Line; Maersk Line; MCC; MOL; MSC; NYK; OOCL; Safmarine; Seago Line; Yang Ming",18,49,39841.6515151515,3109.5,3388,15908,1,1,1,"{1,1,1,1,1,1}"
2016-03-27,JPUKB,Kobe,JPOSA,Osaka,14,14,"ANL; APL; CMA CGM; CNC Line-Cheng Lie Navigation Co. Ltd.; Evergreen Line; IAL-Interasia Lines; K Line; MCC; MOL; NYK; OOCL; SITC Shipping; TS Lines; Wan Hai; Yang Ming",15,46,29921.8333333333,3998.41666666667,1024,4583,0,0,0,"{0,0,0,0,0,0,0,0,0,0,0,0,0,0}"
2016-03-27,JPUKB,Kobe,JPSBK,Sakaisenboku,1,1,"Sinotrans; SITC Shipping",2,1,698,120,698,698,0,0,0,{0}
2016-03-27,JPUKB,Kobe,JPSMZ,Shimizu,1,1,"Hanjin Shipping; MCC; NYK; Yang Ming",4,3,2872,354,2858,2900,2,2,2,{2}
2016-03-27,JPUKB,Kobe,JPTKY,Tokuyama,1,1,"COSCO; PanAsia; Puhai Shipping; Sinotrans",4,2,1089.5,226,1061,1118,1,1,1,{1}
2016-03-27,JPUKB,Kobe,JPTYO,Tokyo,1,1,"Goto Shipping",1,2,1740,300,1740,1740,1,1,1,{1}
2016-03-27,JPUKB,Kobe,KRKAN,Gwangyang,1,1,"MCC; Wan Hai; Yang Ming",3,3,1757.66666666667,246.666666666667,1728,1805,2,2,2,{2}
2016-03-27,JPUKB,Kobe,KRPUS,Busan,4,4,"Alianca; APL; CNC Line-Cheng Lie Navigation Co. Ltd.; COSCO; Hamburg Sud; Hapag-Lloyd; Hyundai; K Line; MOL; NYK; OOCL; SITC Shipping; Yang Ming",13,23,11316.9833333333,1314.5,1032,5100,1,2,3,"{3,2,2,1}"
2016-03-27,JPUKB,Kobe,SGSIN,Singapore,1,1,"Hanjin Shipping; Hapag-Lloyd; K Line; MCC; NYK; Yang Ming",6,4,4623,512.5,4520,4896,7,7,7,{7}
2016-03-27,JPUKB,Kobe,TWKEL,Keelung,1,1,"ANL; CMA CGM; CNC Line-Cheng Lie Navigation Co. Ltd.; Evergreen Line; TS Lines; Yang Ming",6,4,1548.5,225,1367,1730,1,1,1,{1}
2016-03-27,JPUKB,Kobe,TWKHH,Kaohsiung,3,3,"COSCO; Hanjin Shipping; K Line; MCC; MOL; NYK; OOCL; Yang Ming",8,13,11666.9166666667,1088.33333333333,1440,5888,3,3,3,"{3,3,3}"
2016-03-27,JPYKK,Yokkaichi,JPNGO,Nagoya,1,1,"ANL; CMA CGM; CNC Line-Cheng Lie Navigation Co. Ltd.; MOL",4,3,2644,366.666666666667,2450,2741,2,2,2,{2}
2016-03-27,JPYKK,Yokkaichi,JPOMZ,Omaezaki,1,1,MSC,1,2,3943.5,277.5,3900,3987,1,1,1,{1}
2016-03-27,JPYKK,Yokkaichi,JPSMZ,Shimizu,1,1,"Hanjin Shipping; K Line; NYK",3,3,1440,174,1440,1440,2,2,2,{2}
2016-03-27,JPYKK,Yokkaichi,JPTHS,Toyohashi,1,1,"SITC Shipping",1,1,698,120,698,698,1,1,1,{1}
2016-03-27,JPYKK,Yokkaichi,JPTYO,Tokyo,1,1,"SITC Shipping",1,2,1110,200,1102,1118,1,1,1,{1}
2016-03-27,JPYKK,Yokkaichi,JPUKB,Kobe,2,2,"MCC; MOL; OOCL; TS Lines",4,6,5612.25,580,1043,4583,1,1,1,"{1,1}"
2016-03-27,JPYKK,Yokkaichi,JPYOK,Yokohama,2,2,"Hanjin Shipping; Hapag-Lloyd; IAL-Interasia Lines; K Line; MCC; MOL; NYK; OOCL; Wan Hai; Yang Ming",10,8,8873.5,912.5,4250,4896,0,0.5,1,"{1,0}"
2016-03-27,JPYKK,Yokkaichi,KRPUS,Busan,1,1,"SITC Shipping",1,3,1112,186.666666666667,1100,1118,1,1,1,{1}
2016-03-27,JPYKK,Yokkaichi,TWTPE,Taipei,3,3,"Evergreen Line; IAL-Interasia Lines; K Line; Wan Hai; Yang Ming",5,12,6556.25,866,1368,2741,2,3,3,"{3,3,2}"
2016-03-27,JPYKK,Yokkaichi,TWTXG,Taichung,1,1,"ANL; CMA CGM; CNC Line-Cheng Lie Navigation Co. Ltd.; Evergreen Line; TS Lines",5,3,2024.66666666667,298.666666666667,1618,2378,3,3,3,{3}
2016-03-27,JPYOK,Yokohama,CNLYG,Lianyungang,1,1,"COSCO; CSCL; PanAsia; Puhai Shipping; Sinotrans",5,2,1799,300,1740,1858,7,7,7,{7}
2016-03-27,JPYOK,Yokohama,CNNGB,Ningbo,3,3,"COSCO; Maersk Line; MCC; MSC; NBOSCO; Puhai Shipping; Safmarine; Seago Line; Sinotrans; SITC Shipping",10,29,27547.5828877005,1755.08021390374,1100,18270,2,3,3,"{3,3,2}"
2016-03-27,JPYOK,Yokohama,CNSHA,Shanghai,8,8,"ACL-Atlantic Container Line; APL; Centrans; COSCO; CSCL; Gold Star Line; Goto Shipping; Hapag-Lloyd; HASCO; Hyundai; Jin Jiang; NYK; OOCL; PanAsia; Puhai Shipping; Sinotrans; SITC Shipping; TS Lines; ZIM",19,27,12199.1833333333,1514.25,542,5041,2,3,4,"{4,2,3,3,2,3,3,2}"
2016-03-27,JPYOK,Yokohama,HKHKG,"Hong Kong",1,1,OOCL,1,3,3288.33333333333,546,2797,3534,4,4,4,{4}
2016-03-27,JPYOK,Yokohama,JPHIC,Hitachinaka,1,1,"SITC Shipping",1,3,970.333333333333,123.333333333333,855,1103,1,1,1,{1}
2016-03-27,JPYOK,Yokohama,JPHKT,Hakata,1,1,"Maersk Line; MCC",2,4,2357,361.5,2007,2824,1,1,1,{1}
2016-03-27,JPYOK,Yokohama,JPKWS,Kawasaki,1,1,"SITC Shipping",1,2,1110,200,1102,1118,1,1,1,{1}
2016-03-27,JPYOK,Yokohama,JPNGO,Nagoya,22,22,"Alianca; ANL; APL; Centrans; CMA CGM; CNC Line-Cheng Lie Navigation Co. Ltd.; COSCO; Evergreen Line; Goto Shipping; Hamburg Sud; Hanjin Shipping; Hapag-Lloyd; IAL-Interasia Lines; K Line; MCC; MOL; NYK; OOCL; Puhai Shipping; Sinotrans; SITC Shipping; TS Lines; Wan Hai; Yang Ming",24,74,47832.2,5603.58333333333,831,5605,0,1,2,"{1,1,0,2,1,1,1,1,1,1,1,1,1,1,1,1,0,1,2,1,1,1}"
2016-03-27,JPYOK,Yokohama,JPOSA,Osaka,3,3,"Alianca; ANL; APL; CMA CGM; COSCO; CSCL; Hamburg Sud; Hanjin Shipping; Hapag-Lloyd; Hyundai; K Line; Maersk Line; MCC; MOL; MSC; NYK; OOCL; Safmarine; Sinotrans; TS Lines; USL-US Lines; Yang Ming",22,24,12602.8333333333,1348.83333333333,4045,5400,1,2,2,"{1,2,2}"
2016-03-27,JPYOK,Yokohama,JPSMZ,Shimizu,5,5,"ANL; CMA CGM; CNC Line-Cheng Lie Navigation Co. Ltd.; Evergreen Line; IAL-Interasia Lines; K Line; MOL; NYK; OOCL; TS Lines; Wan Hai; Yang Ming",12,17,9916.33333333333,1370.33333333333,1032,2741,1,1,1,"{1,1,1,1,1}"
2016-03-27,JPYOK,Yokohama,JPTYO,Tokyo,6,6,"ANL; CMA CGM; CNC Line-Cheng Lie Navigation Co. Ltd.; COSCO; Evergreen Line; Gold Star Line; HASCO; IAL-Interasia Lines; MOL; OOCL; Puhai Shipping; Sinotrans; SITC Shipping; TS Lines; Wan Hai; Yang Ming; ZIM",17,18,11508.75,1330.5,1003,4252,0,1,1,"{1,1,0,1,1,1}"
2016-03-27,JPYOK,Yokohama,JPUKB,Kobe,1,1,"Hanjin Shipping; K Line; NYK",3,3,1440,174,1440,1440,2,2,2,{2}
2016-03-27,JPYOK,Yokohama,KRPUS,Busan,5,5,"Alianca; APL; CCNI; CMA CGM; CSCL; Hamburg Sud; Hanjin Shipping; Hapag-Lloyd; Hyundai; K Line; Maersk Line; MCC; MOL; MSC; NYK; OOCL; Safmarine; ZIM",18,36,32365.2833333333,3161.33333333333,4154,10055,2,2,3,"{2,3,2,2,2}"
2016-03-27,JPYOK,Yokohama,MXESE,Ensenada,1,1,"Alianca; APL; CCNI; CMA CGM; CSCL; Hamburg Sud; Hapag-Lloyd; Hyundai; MSC",9,10,8254.7,1180,8600,9443,11,11,11,{11}
2016-03-27,JPYOK,Yokohama,MXZLO,"Manzanillo, MEX",1,1,"ANL; APL; CMA CGM; Maersk Line; MCC; Safmarine; SeaLand",7,21,8977.71428571429,702,6802,9640,14,14,14,{14}
2016-03-27,JPYOK,Yokohama,RUVYP,Vostochniy,1,1,"ANL; APL; CMA CGM; Maersk Line; MCC; Safmarine; SeaLand",7,21,8977.71428571429,702,6802,9640,2,2,2,{2}
2016-03-27,JPYOK,Yokohama,THLCH,"Laem Chabang",1,1,"Hanjin Shipping; MCC; NYK; Yang Ming",4,3,2872,354,2858,2900,7,7,7,{7}
2016-03-27,JPYOK,Yokohama,TWKEL,Keelung,2,2,"ANL; CMA CGM; CNC Line-Cheng Lie Navigation Co. Ltd.; TS Lines; Yang Ming",5,5,3804.66666666667,707.333333333333,1024,2824,0,1.5,3,"{0,3}"
2016-03-27,JPYOK,Yokohama,USLAX,"Los Angeles CA",1,1,"APL; Maersk Line",2,6,4944.33333333333,367.666666666667,4832,5506,9,9,9,{9}
2016-03-27,JPYOK,Yokohama,USLGB,"Long Beach CA",1,1,"Maersk Line; MCC; MSC; Safmarine",4,15,9476.4,786.4,8272,11660,10,10,10,{10}
2016-03-27,KEMBA,Mombasa,INNSA,"Mumbai (Nhava Sheva)",1,1,"Maersk Line; Safmarine",2,4,3548.5,587.5,3450,3649,10,10,10,{10}
2016-03-27,KEMBA,Mombasa,LKCMB,Colombo,2,2,"ANL; CMA CGM; COSCO; Emirates Shipping; Evergreen Line; Hanjin Shipping; NYK; OOCL; PIL; X-Press",10,15,4892.5,405.2,1085,4250,9,9,9,"{9,9}"
2016-03-27,KEMBA,Mombasa,OMSLL,Salalah,2,2,"Maersk Line; MSC; Safmarine; WEC Lines",4,10,5524.2,538.8,2240,3501,4,4.5,5,"{4,5}"
2016-03-27,KEMBA,Mombasa,TZDAR,"Dar es Salaam",1,1,"Maersk Line; Safmarine",2,7,2143.42857142857,278.571428571429,2198,2824,2,2,2,{2}
2016-03-27,KHKOS,Sihanoukville,PHMNL,Manila,1,1,Hyundai,1,4,2200,150,2200,2200,3,3,3,{3}
2016-03-27,KHKOS,Sihanoukville,THBKK,"Bangkok (Old Port)",3,3,"ANL; CMA CGM; CNC Line-Cheng Lie Navigation Co. Ltd.; COSCO; Heung-A; KMTC; RCL; SITC Shipping; TS Lines",9,10,4793.41666666667,473.166666666667,1228,1808,1,1,1,"{1,1,1}"
2016-03-27,KHKOS,Sihanoukville,THLCH,"Laem Chabang",1,1,MCC,1,10,1734.7,351.8,1705,1856,0,0,0,{0}
2016-03-27,KMLOG,"Longoni Comoros Is",TZDAR,"Dar es Salaam",1,1,"CMA CGM; Emirates Shipping",2,6,2407.66666666667,392,2007,2775,2,2,2,{2}
2016-03-27,KMMUT,Mutsamudu,KMYVA,"Moroni, Comoros Is",1,1,"UAFL-United Africa Feeder Line; WEC Lines",2,2,3897.14285714286,365.714285714286,1684,1726,6,6,6,{6}
2016-03-27,KMYVA,"Moroni, Comoros Is",PKKHI,Karachi,1,1,"UAFL-United Africa Feeder Line; WEC Lines",2,2,3897.14285714286,365.714285714286,1684,1726,5,5,5,{5}
2016-03-27,KNBAS,"Basseterre, St Kitts",SXSXM,"St Maarten-Philipsburg",1,1,"King Ocean",1,4,1024.25,231,957,1100,0,0,0,{0}
2016-03-27,KNNEV,"Charlestown, Nevis",MSPLY,Plymouth,1,1,"King Ocean",1,4,1024.25,231,957,1100,0,0,0,{0}
2016-03-27,KRICH,Inchon,CNDLC,Dalian,1,1,"CMA CGM; CNC Line-Cheng Lie Navigation Co. Ltd.; Hanjin Shipping; K Line; MCC; MOL; NYK",7,4,3561.5,500,3560,3566,1,1,1,{1}
2016-03-27,KRICH,Inchon,CNNGB,Ningbo,3,3,"CK Line; COSCO; Dongjin Shipping; Dong Young; Heung-A; KMTC; Namsung; NBOSCO; PanCon; PanOcean; Sinokor; TaiYoung Shipping",12,3,3111,180,962,1100,2,2,2,"{2,2,2}"
2016-03-27,KRICH,Inchon,CNSHA,Shanghai,2,2,"Heung-A; KMTC; PIL",3,13,6075.71428571429,163.5,1043,3900,1,2,3,"{1,3}"
2016-03-27,KRICH,Inchon,CNTAO,Qingdao,7,6,"ANL; CK Line; CMA CGM; CNC Line-Cheng Lie Navigation Co. Ltd.; COSCO; Gold Star Line; Hanjin Shipping; Heung-A; KMTC; Namsung; PanOcean; RCL; SITC Shipping; TaiYoung Shipping; TS Lines; Yang Ming; ZIM",17,17,11220.1666666667,1604.33333333333,446,2824,0,1,3,"{2,0,1,3,1,1,1}"
2016-03-27,KRICH,Inchon,CNTXG,Xingang/Tianjin,1,1,Hyundai,1,4,2200,150,2200,2200,1,1,1,{1}
2016-03-27,KRICH,Inchon,HKHKG,"Hong Kong",2,2,"Dong Young; Heung-A; Namsung; Sinokor; SITC Shipping",5,4,1985.5,130,928,1043,1,2,3,"{1,3}"
2016-03-27,KRICH,Inchon,JPHKT,Hakata,1,1,"ANL; CMA CGM; CNC Line-Cheng Lie Navigation Co. Ltd.; Evergreen Line",4,4,2721,424.5,2700,2742,1,1,1,{1}
2016-03-27,KRICH,Inchon,KRKAN,Gwangyang,5,4,"ANL; CK Line; CMA CGM; CNC Line-Cheng Lie Navigation Co. Ltd.; Dongjin Shipping; Evergreen Line; MCC; Namsung; Sinokor; Wan Hai",10,13,15921.3333333333,3152.5,1036,2646,1,2,2,"{2,1,2,1,2}"
2016-03-27,KRICH,Inchon,KRPUS,Busan,6,6,"ANL; CK Line; CMA CGM; CNC Line-Cheng Lie Navigation Co. Ltd.; Dongjin Shipping; Gold Star Line; Heung-A; Hyundai; KMTC; MCC; Namsung; Sinokor; TS Lines; ZIM",14,15,8569,1094,1048,2577,1,2,2,"{2,1,2,2,2,2}"
2016-03-27,KRICH,Inchon,KRTSN,Seosan,2,2,"Dong Young; KMTC; Namsung; TS Lines",4,3,2128,52,1000,1103,0,0.5,1,"{0,1}"
2016-03-27,KRKAN,Gwangyang,CNDLC,Dalian,1,1,MCC,1,1,5180,1250,1036,1036,2,2,2,{2}
2016-03-27,KRKAN,Gwangyang,CNLYG,Lianyungang,2,2,"Easline Shipping; Heung-A; KMTC; Namsung; TaiYoung Shipping",5,3,2097,186,1016,1102,1,2,3,"{1,3}"
2016-03-27,KRKAN,Gwangyang,CNNGB,Ningbo,6,6,"CK Line; COSCO; Dongjin Shipping; Dong Young; Easline Shipping; Heung-A; MSC; Namsung; PanOcean; Sinokor; Sinotrans; TaiYoung Shipping",12,11,8924.7,1227.5,704,3987,1,1.5,3,"{1,1,2,1,3,2}"
2016-03-27,KRKAN,Gwangyang,CNSHA,Shanghai,10,10,"ANL; CK Line; CMA CGM; CNC Line-Cheng Lie Navigation Co. Ltd.; COSCO; Evergreen Line; Gold Star Line; Hanjin Shipping; Heung-A; Hyundai; K Line; KMTC; Maersk Line; MCC; MSC; Namsung; RCL; Safmarine; Seago Line; Sinokor; Sinotrans; SITC Shipping; TS Lines; Yang Ming; ZIM",25,48,47328.7575757576,4640.12121212121,1100,18270,1,1.5,4,"{2,4,1,1,2,1,1,2,1,3}"
2016-03-27,KRKAN,Gwangyang,CNSHK,Shekou,1,1,"Hanjin Shipping; Heung-A",2,4,2518.25,200,2450,2553,3,3,3,{3}
2016-03-27,KRKAN,Gwangyang,CNTAO,Qingdao,4,4,"APL; Easline Shipping; Hapag-Lloyd; Heung-A; Hyundai; MCC; MOL; Namsung; NYK; OOCL; PanCon; Sinokor; TaiYoung Shipping",13,16,11964.5833333333,1381.16666666667,840,6763,1,2,3,"{1,2,2,3}"
2016-03-27,KRKAN,Gwangyang,CNTXG,Xingang/Tianjin,4,4,"COSCO; Dongjin Shipping; Dong Young; Evergreen Line; Heung-A; KMTC; Namsung; Sinokor; TaiYoung Shipping; Yang Ming",10,11,8229.13333333333,795,952,5089,2,2,3,"{3,2,2,2}"
2016-03-27,KRKAN,Gwangyang,CNYNT,Yantai,2,2,"COSCO; Easline Shipping; Heung-A; PanOcean; SITC Shipping",5,2,3172,400,1432,1740,2,2,2,"{2,2}"
2016-03-27,KRKAN,Gwangyang,HKHKG,"Hong Kong",4,4,"Alianca; APL; Hamburg Sud; Hapag-Lloyd; Heung-A; Hyundai; KMTC; MOL; Namsung; NYK; OOCL; Sinokor; ZIM",13,13,12576.6666666667,791.666666666667,1043,10055,3,3.5,4,"{3,4,4,3}"
2016-03-27,KRKAN,Gwangyang,JPYOK,Yokohama,1,1,"ANL; APL; CMA CGM; Maersk Line; MCC; Safmarine; SeaLand",7,21,8977.71428571429,702,6802,9640,3,3,3,{3}
2016-03-27,KRKAN,Gwangyang,KRICH,Inchon,1,1,MCC,1,1,5180,1250,1036,1036,27,27,27,{27}
2016-03-27,KRKAN,Gwangyang,KRPUS,Busan,20,20,"ANL; APL; CK Line; CMA CGM; CNC Line-Cheng Lie Navigation Co. Ltd.; COSCO; CSCL; Dongjin Shipping; Dong Young; Emirates Shipping; Evergreen Line; Gold Star Line; Hanjin Shipping; Hapag-Lloyd; Heung-A; Hyundai; K Line; KMTC; Maersk Line; MCC; MOL; Namsung; NYK; OOCL; PIL; RCL; Safmarine; Sinokor; TaiYoung Shipping; TS Lines; UASC; USL-US Lines; Wan Hai; X-Press; Yang Ming; ZIM",36,107,89083.8482683983,7973.48917748918,953,14000,0,1,3,"{1,1,0,1,1,0,3,1,1,0,1,1,1,1,1,1,1,0,0,1}"
2016-03-27,KRKAN,Gwangyang,KRUSN,Ulsan,2,2,"Hanjin Shipping; Heung-A; MOL; Wan Hai",4,7,2382,198.666666666667,1005,1368,0,0.5,1,"{0,1}"
2016-03-27,KRKAN,Gwangyang,TWKEL,Keelung,5,5,"ANL; CNC Line-Cheng Lie Navigation Co. Ltd.; COSCO; CSCL; Evergreen Line; Hanjin Shipping; Heung-A; K Line; KMTC; NYK; OOCL; TS Lines; UASC; Yang Ming",14,16,13073.8333333333,1365.66666666667,1032,8626,1,2,3,"{3,1,2,1,2}"
2016-03-27,KRKAN,Gwangyang,TWKHH,Kaohsiung,1,1,APL,1,3,1125,217.333333333333,1102,1155,2,2,2,{2}
2016-03-27,KRKAN,Gwangyang,TWTPE,Taipei,1,1,"ANL; CMA CGM; CNC Line-Cheng Lie Navigation Co. Ltd.; Evergreen Line",4,4,2721,424.5,2700,2742,2,2,2,{2}
2016-03-27,KRKAN,Gwangyang,VNSGN,"Ho Chi Minh (VICT/Cat Lai)",1,1,Hyundai,1,4,2200,150,2200,2200,6,6,6,{6}
2016-03-27,KRKPO,Pohang,KRUSN,Ulsan,1,1,"Heung-A; KMTC; Sinotrans",3,4,2812,586,2800,2824,1,1,1,{1}
2016-03-27,KRPTK,Pyongtaek,CNDLC,Dalian,1,1,MCC,1,5,2552.4,490,2546,2578,1,1,1,{1}
2016-03-27,KRPUS,Busan,CAPRR,"Prince Rupert BC",2,2,"COSCO; Hanjin Shipping; Maersk Line; MCC; MSC; Safmarine; Yang Ming",7,23,13701.7941176471,979.705882352941,4532,9400,9,9.5,10,"{10,9}"
2016-03-27,KRPUS,Busan,CAVAN,"Vancouver BC",2,2,"APL; Hapag-Lloyd; Hyundai; Maersk Line; MCC; MOL; MSC; NYK; OOCL; Safmarine; ZIM",11,13,13706.5,1340.45238095238,4154,8749,11,14.5,18,"{11,18}"
2016-03-27,KRPUS,Busan,CNCWN,Chiwan,1,1,"ANL; CMA CGM; COSCO; CSCL; Evergreen Line; UASC",6,10,5762.1,588,5618,6921,4,4,4,{4}
2016-03-27,KRPUS,Busan,CNDLC,Dalian,3,3,"Doowoo Shipping; Hanjin Shipping; Hapag-Lloyd; Maersk Line; MCC; NYK; OOCL; X-Press",8,6,5603,957.5,700,2824,2,2,3,"{2,3,2}"
2016-03-27,KRPUS,Busan,CNLYG,Lianyungang,1,1,"APL; Emirates Shipping; Hapag-Lloyd; MOL; OOCL",5,7,7728.57142857143,90,8100,9200,2,2,2,{2}
2016-03-27,KRPUS,Busan,CNNGB,Ningbo,12,12,"Alianca; ANL; APL; CCNI; CMA CGM; COSCO; CSCL; Dong Young; Emirates Shipping; Evergreen Line; Gold Star Line; Hamburg Sud; Hanjin Shipping; Hapag-Lloyd; Hyundai; K Line; KMTC; Maersk Line; MCC; MSC; Namsung; NYK; OOCL; RCL; Safmarine; Sinotrans; SITC Shipping; UASC; WEC Lines; X-Press; Yang Ming; ZIM",32,90,74786.5859307359,6738.04069264069,907,14000,1,2,2,"{2,2,2,2,2,1,1,2,1,1,2,2}"
2016-03-27,KRPUS,Busan,CNSHA,Shanghai,23,23,"Alianca; ANL; APL; CCNI; CK Line; CMA CGM; CNC Line-Cheng Lie Navigation Co. Ltd.; COSCO; CSCL; Emirates Shipping; Evergreen Line; Gold Star Line; Hamburg Sud; Hanjin Shipping; Hapag-Lloyd; Heung-A; Hyundai; K Line; KMTC; Maersk Line; Marguisa; MCC; MOL; MSC; NYK; OOCL; PIL; RCL; Safmarine; SeaLand; Sinokor; SITC Shipping; TS Lines; UASC; USL-US Lines; Wan Hai; Yang Ming; ZIM",38,203,160347.31046176,14273.8458874459,1048,14500,1,1,3,"{2,1,2,2,1,1,1,1,1,1,1,1,1,2,2,1,2,2,2,1,1,1,3}"
2016-03-27,KRPUS,Busan,CNTAO,Qingdao,14,14,"Alianca; ANL; APL; CMA CGM; COSCO; CSCL; Evergreen Line; FESCO; Hamburg Sud; Hanjin Shipping; Hapag-Lloyd; Hyundai; K Line; Maersk Line; MCC; MOL; MSC; NYK; OOCL; OPDR; PIL; Safmarine; Seago Line; Sinotrans; TS Lines; UASC; USL-US Lines; Wan Hai; Yang Ming",29,133,113631.014889277,9104.28674242424,1304,19272,1,1.5,4,"{2,1,2,1,1,4,1,2,2,2,2,1,1,1}"
2016-03-27,KRPUS,Busan,CNTXG,Xingang/Tianjin,3,3,"COSCO; Hanjin Shipping; MCC",3,12,6510.7,781.8,1378,3398,3,3,3,"{3,3,3}"
2016-03-27,KRPUS,Busan,CNXMN,Xiamen,2,2,"APL; Hapag-Lloyd; Hyundai; MOL; NYK; OOCL; ZIM",7,13,6470.06666666667,518.6,1440,5089,2,2,2,"{2,2}"
2016-03-27,KRPUS,Busan,COCTG,Cartagena,1,1,"Alianca; ANL; CMA CGM; CSCL; Hamburg Sud; UASC",6,15,4246.26666666667,572.466666666667,3802,4546,20,20,20,{20}
2016-03-27,KRPUS,Busan,HKHKG,"Hong Kong",8,8,"ANL; CK Line; CMA CGM; CNC Line-Cheng Lie Navigation Co. Ltd.; Dongjin Shipping; FESCO; Hanjin Shipping; Heung-A; Hyundai; KMTC; MOL; Namsung; Sinokor; SITC Shipping",14,24,13233.5333333333,1669,831,4728,2,3,3,"{3,3,2,2,3,3,3,2}"
2016-03-27,KRPUS,Busan,JMKIN,Kingston,1,1,ZIM,1,12,4999.91666666667,456.25,4814,5117,21,21,21,{21}
2016-03-27,KRPUS,Busan,JPHIC,Hitachinaka,1,1,"Dong Young; Namsung",2,5,985.2,144,953,1043,1,1,1,{1}
2016-03-27,KRPUS,Busan,JPHKT,Hakata,1,1,Westwood,1,3,4840.66666666667,994.666666666667,2169,2546,1,1,1,{1}
2016-03-27,KRPUS,Busan,JPIMI,Imari,1,1,Heung-A,1,2,1103,,1103,1103,1,1,1,{1}
2016-03-27,KRPUS,Busan,JPISI,Ishikari,2,2,"Heung-A; KMTC",2,4,2090,90,958,1102,3,3.5,4,"{3,4}"
2016-03-27,KRPUS,Busan,JPKIJ,"Niigata (N Coast)",3,3,"Dongjin Shipping; Dong Young; Easline Shipping; Namsung; PanCon; Sinokor; TaiYoung Shipping",7,10,2973.53333333333,256,952,1043,1,1,2,"{1,2,1}"
2016-03-27,KRPUS,Busan,JPNAH,"Naha (Okinawa Is)",1,1,"APL; Maersk Line",2,6,4944.33333333333,367.666666666667,4832,5506,1,1,1,{1}
2016-03-27,KRPUS,Busan,JPUKB,Kobe,1,1,"ACL-Atlantic Container Line; APL; Hapag-Lloyd; Hyundai; NYK; OOCL",6,15,4881.93333333333,384,4612,5041,2,2,2,{2}
2016-03-27,KRPUS,Busan,JPYOK,Yokohama,2,2,"Alianca; APL; CCNI; CMA CGM; CSCL; Hamburg Sud; Hapag-Lloyd; Hyundai; Maersk Line; MSC",10,16,13199.0333333333,1547.66666666667,4832,9443,2,2,2,"{2,2}"
2016-03-27,KRPUS,Busan,KRICH,Inchon,5,5,"ANL; CMA CGM; CNC Line-Cheng Lie Navigation Co. Ltd.; Gold Star Line; Hanjin Shipping; Heung-A; Hyundai; K Line; KMTC; MCC; MOL; Namsung; NYK; TS Lines; ZIM",15,16,10582,1365,928,3566,1,2,2,"{2,2,2,2,1}"
2016-03-27,KRPUS,Busan,KRKAN,Gwangyang,34,34,"Alianca; ANL; APL; CK Line; CMA CGM; CNC Line-Cheng Lie Navigation Co. Ltd.; COSCO; CSCL; Dongjin Shipping; Dong Young; Easline Shipping; Evergreen Line; Gold Star Line; Hamburg Sud; Hanjin Shipping; Hapag-Lloyd; Heung-A; Hyundai; K Line; KMTC; Maersk Line; MCC; MOL; MSC; Namsung; NYK; OOCL; PanCon; PanOcean; RCL; Safmarine; Seago Line; Sinokor; Sinotrans; SITC Shipping; TaiYoung Shipping; TS Lines; UASC; Yang Ming; ZIM",40,122,104255.390909091,10200.1212121212,704,18270,0,1,2,"{0,0,1,1,2,0,1,1,1,1,1,1,1,1,1,1,1,1,0,0,1,0,1,0,1,1,1,1,1,1,0,1,1,2}"
2016-03-27,KRPUS,Busan,KRUSN,Ulsan,14,14,"ANL; BTL-Bengal Tiger Line; CK Line; CMA CGM; COSCO; Dongjin Shipping; Dong Young; Gold Star Line; Heung-A; Hyundai; KMTC; MCC; Namsung; RCL; Simatech; Sinokor; TaiYoung Shipping; TS Lines; ZIM",19,34,21440.2,2747.66666666667,650,5023,0,0,1,"{1,0,1,0,0,0,0,0,1,1,0,0,1,1}"
2016-03-27,KRPUS,Busan,MXZLO,"Manzanillo, MEX",4,4,"Alianca; ANL; APL; CCNI; CMA CGM; CSCL; Hamburg Sud; Hanjin Shipping; Hapag-Lloyd; Hyundai; K Line; Maersk Line; MCC; MOL; MSC; NYK; SeaLand",17,41,30195.1090909091,3004.38636363636,6200,13102,14,16.5,17,"{14,17,16,17}"
2016-03-27,KRPUS,Busan,PABLB,Balboa,1,1,"APL; Hapag-Lloyd; Hyundai; MOL; OOCL",5,10,4361.9,359,4369,5100,16,16,16,{16}
2016-03-27,KRPUS,Busan,PACTB,Cristobal,1,1,"Maersk Line; MCC; MSC; Safmarine",4,10,4409.4,325.4,4082,5060,20,20,20,{20}
2016-03-27,KRPUS,Busan,PAMIT,Manzanillo,2,2,"ANL; APL; CMA CGM; CSCL; Hapag-Lloyd; Hyundai; MOL; NYK; OOCL; USL-US Lines; ZIM",11,21,9477.58181818182,861.690909090909,4700,5100,18,18,18,"{18,18}"
2016-03-27,KRPUS,Busan,PHMNL,Manila,1,1,"Hanjin Shipping; Heung-A",2,2,1181,49,958,1404,4,4,4,{4}
2016-03-27,KRPUS,Busan,RUVVO,Vladivostok,3,3,"ANL; CMA CGM; CNC Line-Cheng Lie Navigation Co. Ltd.; FESCO; Hyundai; MCC",6,20,6356.03333333333,993.466666666667,1022,4728,1,2,5,"{5,1,2}"
2016-03-27,KRPUS,Busan,RUVYP,Vostochniy,2,2,"CMA CGM; FESCO; MCC",3,10,4639.25,714.5,1748,3450,2,2.5,3,"{3,2}"
2016-03-27,KRPUS,Busan,SGSIN,Singapore,1,1,"CMA CGM; CNC Line-Cheng Lie Navigation Co. Ltd.; Hanjin Shipping; K Line; MCC; MOL; NYK",7,4,3561.5,500,3560,3566,7,7,7,{7}
2016-03-27,KRPUS,Busan,THLCH,"Laem Chabang",1,1,"ANL; CMA CGM; CNC Line-Cheng Lie Navigation Co. Ltd.; MOL",4,3,2644,366.666666666667,2450,2741,5,5,5,{5}
2016-03-27,KRPUS,Busan,TWKHH,Kaohsiung,3,3,"APL; CMA CGM; COSCO; Evergreen Line; Hanjin Shipping; Hapag-Lloyd; Hyundai; K Line; MOL; NYK; OOCL; PIL; Wan Hai; Yang Ming; ZIM",15,25,18609.9928571429,1666.04285714286,4250,10070,2,3,4,"{4,2,3}"
2016-03-27,KRPUS,Busan,TWTPE,Taipei,3,3,"Evergreen Line; IAL-Interasia Lines; MOL; Wan Hai",4,11,5435,618.5,1368,2646,1,1,2,"{1,1,2}"
2016-03-27,KRPUS,Busan,USLAX,"Los Angeles CA",3,3,"Alianca; ANL; APL; CMA CGM; CSCL; Hamburg Sud; Hapag-Lloyd; Hyundai; MOL; NYK; OOCL; PIL; UASC; USL-US Lines; Yang Ming",15,17,22028.4666666667,1771.86666666667,6350,10000,11,11,11,"{11,11,11}"
2016-03-27,KRPUS,Busan,USLGB,"Long Beach CA",2,2,"CMA CGM; COSCO; CSCL; Evergreen Line; Hanjin Shipping; K Line; UASC; Yang Ming",8,22,19431.2708333333,1612.5625,5250,10114,11,11.5,12,"{11,12}"
2016-03-27,KRPUS,Busan,USNYC,"New York NY/NJ",1,1,"COSCO; Hanjin Shipping; K Line; Yang Ming; ZIM",5,10,3769.2,303.4,3398,4545,23,23,23,{23}
2016-03-27,KRPUS,Busan,USSAV,"Savannah GA",1,1,"COSCO; Hanjin Shipping; K Line; Yang Ming",4,10,3917.2,337.2,4014,4738,23,23,23,{23}
2016-03-27,KRPUS,Busan,USSEA,"Seattle WA",1,1,"Alianca; ANL; CMA CGM; COSCO; CSCL; Hamburg Sud; PIL; UASC; USL-US Lines",9,18,8555.94444444445,696.666666666667,8221,9572,9,9,9,{9}
2016-03-27,KRPUS,Busan,USTIW,"Tacoma WA",2,2,"Alianca; APL; COSCO; Hamburg Sud; Hanjin Shipping; Hapag-Lloyd; Hyundai; K Line; MOL; NYK; OOCL; Yang Ming; ZIM",13,11,14631.5,970,5500,10055,9,10,11,"{9,11}"
2016-03-27,KRTGH,Donghae,JPHKT,Hakata,1,1,MCC,1,7,1090,216,1022,1118,1,1,1,{1}
2016-03-27,KRTSN,Seosan,CNNGB,Ningbo,1,1,"Dong Young; KMTC; Namsung",3,1,1103,,1103,1103,2,2,2,{2}
2016-03-27,KRTSN,Seosan,KRKAN,Gwangyang,1,1,"KMTC; TS Lines",2,2,1025,52,1000,1050,1,1,1,{1}
2016-03-27,KRUSN,Ulsan,CNSHA,Shanghai,2,2,"ANL; BTL-Bengal Tiger Line; CMA CGM; Gold Star Line; Hyundai; KMTC; MCC; RCL; Simatech; Sinokor; TS Lines; ZIM",12,9,7305.5,997,2401,5023,1,1.5,2,"{1,2}"
2016-03-27,KRUSN,Ulsan,HKHKG,"Hong Kong",4,4,"Dong Young; Heung-A; KMTC; Namsung; Sinokor",5,9,4363.66666666667,278.666666666667,650,1585,2,3,5,"{2,5,3,3}"
2016-03-27,KRUSN,Ulsan,KRKAN,Gwangyang,8,7,"CK Line; COSCO; Dongjin Shipping; Dong Young; Heung-A; KMTC; Namsung; Sinokor; TaiYoung Shipping",9,19,9731.23333333333,1564,952,1740,1,1,1,"{1,1,1,1,1,1,1,1}"
2016-03-27,KRUSN,Ulsan,KRPUS,Busan,6,6,"Hanjin Shipping; Heung-A; IAL-Interasia Lines; KMTC; MOL; Sinokor; Sinotrans; Wan Hai",8,20,10399.6666666667,1585.33333333333,1005,2824,0,1,1,"{0,1,1,0,1,1}"
2016-03-27,KRUSN,Ulsan,TWKEL,Keelung,1,1,"KMTC; TS Lines",2,2,1025,52,1000,1050,3,3,3,{3}
2016-03-27,KWKWI,Kuwait,IQUQR,"Umm Qasr",1,1,"ANL; CMA CGM; UASC",3,4,3802,355,3802,3802,1,1,1,{1}
2016-03-27,KYGEC,Georgetown,BZBZE,"Belize City",1,1,"Hyde Shipping Corp.; Seaboard Marine; SeaFreight Line",3,1,340,40,340,340,2,2,2,{2}
2016-03-27,KYGEC,Georgetown,SRPBM,Paramaribo,1,1,"Hapag-Lloyd; Maersk Line; Seaboard Marine; SeaLand",4,3,1138.66666666667,134.666666666667,1708,1708,1,1,1,{1}
2016-03-27,LBBEY,Beirut,EGPSD,"Port Said",1,1,"ANL; CMA CGM; CSCL; UASC; USL-US Lines",5,8,8750.25,907.25,8200,9289,1,1,1,{1}
2016-03-27,LBBEY,Beirut,ITGIT,"Gioia Tauro",1,1,"Maersk Line; MCC; MSC; Safmarine; WEC Lines",5,12,13054.1666666667,700,12552,13800,0,0,0,{0}
2016-03-27,LBBEY,Beirut,SAJED,Jeddah,1,1,"ANL; CMA CGM; COSCO; CSCL; UASC; USL-US Lines",6,11,8269.45454545455,590.909090909091,9415,11388,3,3,3,{3}
2016-03-27,LBBEY,Beirut,SYLTK,Lattakia,1,1,"Alianca; Hamburg Sud; Hapag-Lloyd; Seago Line; UASC",5,5,4324,520,4255,4600,1,1,1,{1}
2016-03-27,LBBEY,Beirut,TRISK,Iskenderun,1,1,"ANL; APL; CMA CGM; COSCO; CSCL; MOL; PIL; UASC; USL-US Lines; Yang Ming",10,11,6743.45454545455,867.272727272727,8386,10622,0,0,0,{0}
2016-03-27,LCSLU,"Castries, St Lucia",GDSTG,"St George's",1,1,"SeaFreight Line; ZIM",2,3,1173.33333333333,253.333333333333,1102,1296,0,0,0,{0}
2016-03-27,LCSLU,"Castries, St Lucia",LCVIF,"Vieux Fort",1,1,"Tropical Shipping",1,2,850,187,850,850,0,0,0,{0}
2016-03-27,LCSLU,"Castries, St Lucia",TTPOS,"Port of Spain",1,1,"King Ocean",1,4,1024.25,231,957,1100,1,1,1,{1}
2016-03-27,LCSLU,"Castries, St Lucia",VCKTN,"Kingstown, St Vincent",1,1,"CMA CGM",1,2,990,212,862,1118,0,0,0,{0}
2016-03-27,LCVIF,"Vieux Fort",VCKTN,"Kingstown, St Vincent",1,1,"Tropical Shipping",1,2,850,187,850,850,1,1,1,{1}
2016-03-27,LKCMB,Colombo,AEJEA,"Dubai, Jebel Ali",4,4,"COSCO; Evergreen Line; Hyundai; K Line; KMTC; Maersk Line; MSC; OOCL; Safmarine; Simatech",10,25,25806.1047619048,2221.42857142857,4211,13092,5,5.5,6,"{5,6,5,6}"
2016-03-27,LKCMB,Colombo,EGDAM,Damietta,1,1,"APL; Hapag-Lloyd; Hyundai; Maersk Line; MOL; NYK; OOCL; ZIM",8,11,6556.36363636364,601.181818181818,5250,8749,9,9,9,{9}
2016-03-27,LKCMB,Colombo,FRLEH,"Le Havre",1,1,"APL; Hapag-Lloyd; Hyundai; MOL; NYK; OOCL",6,12,10875.0833333333,609.083333333333,10800,14000,15,15,15,{15}
2016-03-27,LKCMB,Colombo,GBFXT,Felixstowe,2,2,"ANL; CMA CGM; COSCO; Evergreen Line; Hanjin Shipping; K Line; Maersk Line; MCC; MSC; Safmarine; Seago Line; Yang Ming",12,21,18802.9181818182,1500.32727272727,6655,15908,15,15,15,"{15,15}"
2016-03-27,LKCMB,Colombo,GRPIR,Piraeus,1,1,"CMA CGM; COSCO; CSCL; Evergreen Line; Hanjin Shipping; K Line; Yang Ming",7,10,9107.2,654.2,8488,14100,9,9,9,{9}
2016-03-27,LKCMB,Colombo,INCOK,Cochin,3,3,"ANL; CMA CGM; Emirates Shipping; Evergreen Line; Hanjin Shipping; Hapag-Lloyd; KMTC; Maersk Line; RCL; Simatech; USL-US Lines",11,24,14144.532967033,1508.25824175824,2442,7455,1,1,1,"{1,1,1}"
2016-03-27,LKCMB,Colombo,INHZA,Hazira,1,1,PIL,1,6,1875.2380952381,226.190476190476,1080,1800,6,6,6,{6}
2016-03-27,LKCMB,Colombo,INMAA,Chennai/Madras,1,1,"Maersk Line; Safmarine",2,3,4456,583.333333333333,4360,4504,2,2,2,{2}
2016-03-27,LKCMB,Colombo,INNSA,"Mumbai (Nhava Sheva)",5,5,"Alianca; ANL; APL; CMA CGM; Emirates Shipping; Evergreen Line; Gold Star Line; Hamburg Sud; Hapag-Lloyd; KMTC; Maersk Line; MCC; MSC; OOCL; RCL; Safmarine; SCI-Shipping Corp. of India; Wan Hai; X-Press; ZIM",20,30,31405.9154761905,2823.22619047619,4250,11660,2,3,4,"{2,3,3,4,2}"
2016-03-27,LKCMB,Colombo,INVTZ,Vishakhapatnam,1,1,"Evergreen Line; Maersk Line; Simatech",3,4,2728.5,514.5,2442,2824,4,4,4,{4}
2016-03-27,LKCMB,Colombo,KEMBA,Mombasa,2,2,"ANL; CMA CGM; COSCO; Emirates Shipping; Evergreen Line; Hanjin Shipping; NYK; OOCL; PIL; X-Press",10,15,4892.5,405.2,1085,4250,8,8,8,"{8,8}"
2016-03-27,LKCMB,Colombo,MUPLU,"Port Louis",1,1,MSC,1,6,7791,508.333333333333,6400,9200,4,4,4,{4}
2016-03-27,LKCMB,Colombo,MVMLE,Male,1,1,"CMA CGM; COSCO; Emirates Shipping; Evergreen Line; Hanjin Shipping; NYK; X-Press",7,7,2230.28571428571,293.714285714286,2478,2764,2,2,2,{2}
2016-03-27,LKCMB,Colombo,MYPEN,Penang,1,1,"IAL-Interasia Lines; MOL; PIL; Wan Hai",4,6,3550.66666666667,425,4250,4268,4,4,4,{4}
2016-03-27,LKCMB,Colombo,MYPKG,"Port Klang",11,11,"ANL; APL; CMA CGM; COSCO; CSCL; Emirates Shipping; Evergreen Line; Gold Star Line; Hanjin Shipping; Hapag-Lloyd; K Line; KMTC; Maersk Line; MCC; MOL; NYK; OOCL; PIL; RCL; Safmarine; Samudera; SCI-Shipping Corp. of India; Simatech; TS Lines; Wan Hai; X-Press; Yang Ming; ZIM",28,72,41906.6498168498,4106.76684981685,2474,6589,4,5,5,"{5,5,4,5,4,5,4,4,5,4,5}"
2016-03-27,LKCMB,Colombo,MYTPP,"Tanjung Pelepas",2,2,"Maersk Line; MCC; MSC; Safmarine; Seago Line",5,28,21683.1122994652,1377.43315508021,8183,15908,4,4.5,5,"{5,4}"
2016-03-27,LKCMB,Colombo,NGAPP,Apapa,1,1,"COSCO; Gold Star Line; Hapag-Lloyd; MOL; ZIM",5,12,3327.5,369.75,2751,4957,20,20,20,{20}
2016-03-27,LKCMB,Colombo,OMSLL,Salalah,2,2,"Maersk Line; MSC; Safmarine",3,16,10209.3846153846,934.25641025641,4360,7455,4,4.5,5,"{5,4}"
2016-03-27,LKCMB,Colombo,SGSIN,Singapore,4,4,"APL; COSCO; CSCL; Evergreen Line; Hanjin Shipping; Hapag-Lloyd; Hyundai; K Line; MOL; NYK; PIL; RCL; Yang Ming",13,36,17505.1565656566,1493.69696969697,1085,8241,3,5,5,"{5,5,3,5}"
2016-03-27,LKCMB,Colombo,TWTPE,Taipei,1,1,"ANL; CMA CGM; COSCO; Evergreen Line; Hanjin Shipping; K Line; Yang Ming",7,10,5755.1,627.6,6655,8508,9,9,9,{9}
2016-03-27,LKCMB,Colombo,TZDAR,"Dar es Salaam",1,1,PIL,1,7,1820.57142857143,230.857142857143,1800,2135,8,8,8,{8}
2016-03-27,LKCMB,Colombo,USNYC,"New York NY/NJ",1,1,"Hanjin Shipping; OOCL; ZIM",3,11,4558.45454545455,481.454545454545,4130,8440,19,19,19,{19}
2016-03-27,LKCMB,Colombo,ZADUR,Durban,1,1,"DAL-Deutsche Afrika Linien; Maersk Line; Safmarine; UAFL-United Africa Feeder Line",4,10,3401.4,553.6,2824,3534,8,8,8,{8}
2016-03-27,LRMLW,Monrovia,GMBJL,Banjul,1,1,"CMA CGM",1,3,1611,140.666666666667,1577,1645,2,2,2,{2}
2016-03-27,LRMLW,Monrovia,SLFNA,Freetown,1,1,"Maersk Line; Safmarine",2,4,2472.5,345,2470,2474,5,5,5,{5}
2016-03-27,LTKLJ,"Klaipeda
",DEBRV,Bremerhaven,1,1,"COSCO; Evergreen Line; Hapag-Lloyd; OOCL; Team Lines; Unifeeder",6,3,1409.66666666667,300,1404,1421,3,3,3,{3}
2016-03-27,LTKLJ,"Klaipeda
",DEHAM,Hamburg,1,1,"COSCO; CSCL; Yang Ming",3,1,1036,250,1036,1036,2,2,2,{2}
2016-03-27,LTKLJ,"Klaipeda
",FRLEH,"Le Havre",1,1,MSC,1,2,4157,400,3922,4392,2,2,2,{2}
2016-03-27,LTKLJ,"Klaipeda
",PLGDN,Gdansk,2,2,"Hapag-Lloyd; OOCL; Seago Line; Unifeeder; ZIM",5,5,2567.07142857143,508.857142857143,877,1730,1,1,1,"{1,1}"
2016-03-27,LTKLJ,"Klaipeda
",PLGDY,"Gdynia Poland",2,2,"COSCO; Hapag-Lloyd; Tschudi Express; Unifeeder",4,4,2220,433,624,1440,1,1,1,"{1,1}"
2016-03-27,LTKLJ,"Klaipeda
",SENRK,Norrköping,1,1,MSC,1,4,1340.5,284.75,1216,1440,2,2,2,{2}
2016-03-27,LVRIX,Riga,DEHAM,Hamburg,1,1,"ANL; CMA CGM",2,1,907,200,907,907,1,1,1,{1}
2016-03-27,LVRIX,Riga,EETLL,"Tallinn Estonia",2,2,"Hapag-Lloyd; MSC; OOCL; Unifeeder; ZIM",5,5,2648.57142857143,528.857142857143,877,1893,0,0.5,1,"{0,1}"
2016-03-27,LVRIX,Riga,LTKLJ,"Klaipeda
",1,1,"COSCO; Evergreen Line; Hapag-Lloyd; OOCL; Team Lines; Unifeeder",6,3,1409.66666666667,300,1404,1421,2,2,2,{2}
2016-03-27,LVRIX,Riga,PLGDN,Gdansk,1,1,"Seago Line",1,2,1724.5,300,1719,1730,1,1,1,{1}
2016-03-27,LVRIX,Riga,PLGDY,"Gdynia Poland",1,1,Hapag-Lloyd,1,2,1440,316,1440,1440,2,2,2,{2}
2016-03-27,MAAGA,Agadir,BEANR,Antwerp,1,1,MSC,1,8,3053,129.125,2668,3424,3,3,3,{3}
2016-03-27,MAAGA,Agadir,ESALG,Algeciras,1,1,"Maersk Line; X-Press",2,2,753.5,135,698,809,3,3,3,{3}
2016-03-27,MAAGA,Agadir,ESHUV,Huelva,1,1,"DAL-Deutsche Afrika Linien; OPDR",2,3,868,234,868,868,1,1,1,{1}
2016-03-27,MAAGA,Agadir,GBPME,Portsmouth,1,1,"CMA CGM; OPDR",2,3,1678,240,1678,1678,4,4,4,{4}
2016-03-27,MAAGA,Agadir,GBTIL,Tilbury,1,1,"Maersk Line; Safmarine; Seago Line",3,3,1075.66666666667,245.333333333333,868,1402,4,4,4,{4}
2016-03-27,MAAGA,Agadir,MACAS,Casablanca,1,1,"CMA CGM; OPDR",2,3,698,120,698,698,1,1,1,{1}
2016-03-27,MACAS,Casablanca,ESALG,Algeciras,3,2,"CMA CGM; Maersk Line; OPDR; X-Press",4,5,5314,1044.66666666667,707,1152,1,1,2,"{2,1,1}"
2016-03-27,MACAS,Casablanca,ESLPA,"Las Palmas, Can Is",2,2,"MSC; WEC Lines",2,8,3222.66666666667,509.5,868,2908,2,2,2,"{2,2}"
2016-03-27,MACAS,Casablanca,ESSCT,Tenerife,1,1,"Maersk Line; X-Press",2,2,753.5,135,698,809,2,2,2,{2}
2016-03-27,MACAS,Casablanca,GBTIL,Tilbury,1,1,"CMA CGM; OPDR",2,3,698,120,698,698,4,4,4,{4}
2016-03-27,MACAS,Casablanca,GIGIB,Gibraltar,1,1,"CMA CGM; OPDR",2,3,698,120,698,698,1,1,1,{1}
2016-03-27,MACAS,Casablanca,MAAGA,Agadir,2,2,"CMA CGM; Maersk Line; OPDR; Safmarine; Seago Line",5,6,2753.66666666667,485.333333333333,868,1678,2,2.5,3,"{3,2}"
2016-03-27,MACAS,Casablanca,NLRTM,Rotterdam,1,1,"ANL; CMA CGM; OPDR; Seago Line",4,5,3150.6,397.2,2741,3426,5,5,5,{5}
2016-03-27,MACAS,Casablanca,PTFDF,"Figueira da Foz",1,1,"MSC; WEC Lines",2,1,700,100,700,700,2,2,2,{2}
2016-03-27,MACAS,Casablanca,PTLIS,Lisbon,1,1,"Evergreen Line; Hanjin Shipping; Maersk Line; X-Press",4,1,1042,113,1042,1042,1,1,1,{1}
2016-03-27,MAPTM,Tanger,BEANR,Antwerp,2,2,"ANL; Arkas Line; CMA CGM; Hapag-Lloyd; NileDutch",5,13,4733.85714285714,858.714285714286,1740,3400,5,5,5,"{5,5}"
2016-03-27,MAPTM,Tanger,BRSSA,Salvador,1,1,"Maersk Line; MSC; Safmarine",3,6,8994.66666666667,500,8762,9403,10,10,10,{10}
2016-03-27,MAPTM,Tanger,CGPNR,"Pointe Noire",2,2,"ANL; CMA CGM; Maersk Line; NileDutch; Safmarine",5,14,5256.71428571429,853.285714285714,1597,3400,8,9,10,"{8,10}"
2016-03-27,MAPTM,Tanger,DOCAU,Caucedo,1,1,"CMA CGM; Hapag-Lloyd; SeaLand; ZIM",4,9,2453.77777777778,475.222222222222,2122,2764,10,10,10,{10}
2016-03-27,MAPTM,Tanger,EGALY,Alexandria,1,1,"NileDutch; Turkon",2,5,2414.57142857143,450,1878,1878,6,6,6,{6}
2016-03-27,MAPTM,Tanger,ESALG,Algeciras,9,9,"CMA CGM; Hanjin Shipping; Maersk Line; MCC; MSC; NileDutch; Safmarine; Seago Line; UASC",9,47,45885.3887445888,3853.30519480519,1577,19272,0,1,2,"{1,1,2,0,1,1,1,2,2}"
2016-03-27,MAPTM,Tanger,ESLPA,"Las Palmas, Can Is",1,1,"Boluda Lines",1,1,844,40,422,422,3,3,3,{3}
2016-03-27,MAPTM,Tanger,ESVGO,Vigo,1,1,"Maersk Line; OPDR; X-Press",3,1,2121,450,707,707,2,2,2,{2}
2016-03-27,MAPTM,Tanger,ESVLC,Valencia,2,2,"Alianca; ANL; CMA CGM; Hamburg Sud; Hapag-Lloyd; Maersk Line; MSC; Niver Lines; Safmarine; UASC; ZIM",11,19,10047.0227272727,1184.88636363636,4250,5905,2,2.5,3,"{3,2}"
2016-03-27,MAPTM,Tanger,GBFXT,Felixstowe,1,1,"Maersk Line; Safmarine; Seago Line",3,8,9372.375,1351,6690,9964,3,3,3,{3}
2016-03-27,MAPTM,Tanger,GBLGP,"London Gateway",1,1,"Alianca; CMA CGM; Hamburg Sud; Hapag-Lloyd; Maersk Line; MSC; Safmarine; UASC",8,8,9669,1600,9669,9669,5,5,5,{5}
2016-03-27,MAPTM,Tanger,GBSOU,Southampton,2,2,"ANL; CMA CGM; CSCL; Maersk Line; MCC; MSC; Safmarine; Seago Line; UASC; USL-US Lines",10,20,23913.0833333333,1990.58333333333,8200,19224,2,2.5,3,"{2,3}"
2016-03-27,MAPTM,Tanger,GPPTP,Pointe-a-Pitre,1,1,"CMA CGM; Marfret",2,6,2656.66666666667,530.5,2500,2790,9,9,9,{9}
2016-03-27,MAPTM,Tanger,ITCAG,Cagliari,1,1,"Alianca; Hamburg Sud; Hapag-Lloyd; NYK",4,8,6235,1123,5905,6589,2,2,2,{2}
2016-03-27,MAPTM,Tanger,ITGOA,Genoa,1,1,"ANL; CMA CGM; COSCO; CSCL; Hanjin Shipping; Marguisa; UASC; Yang Ming",8,7,6816.14285714286,490,6554,6921,3,3,3,{3}
2016-03-27,MAPTM,Tanger,MACAS,Casablanca,2,2,"ANL; CMA CGM; OPDR; Seago Line",4,8,4828.6,637.2,1678,3426,1,1.5,2,"{1,2}"
2016-03-27,MAPTM,Tanger,MRNKC,Nouakchott,1,1,"CMA CGM",1,3,1072,144.666666666667,957,1152,3,3,3,{3}
2016-03-27,MAPTM,Tanger,MTMAR,"Malta (Marsaxlokk)",1,1,"ANL; CMA CGM; OPDR; Seago Line",4,5,3150.6,397.2,2741,3426,4,4,4,{4}
2016-03-27,MAPTM,Tanger,PTLIS,Lisbon,1,1,"Maersk Line; Safmarine",2,2,4443,342,1417,1545,2,2,2,{2}
2016-03-27,MAPTM,Tanger,SGSIN,Singapore,1,1,"Maersk Line; MCC; MSC; Safmarine; Seago Line",5,12,15162.8333333333,1083.33333333333,15550,19224,17,17,17,{17}
2016-03-27,MAPTM,Tanger,SNDKR,Dakar,1,1,"Arkas Line; CMA CGM; Hapag-Lloyd; Maersk Line; Marguisa; UASC; ZIM",7,6,2551,365,2452,2764,4,4,4,{4}
2016-03-27,MAPTM,Tanger,TGLFW,Lome,1,1,"CMA CGM; UASC",2,8,2404.625,369.25,2061,2526,9,9,9,{9}
2016-03-27,MAPTM,Tanger,USNYC,"New York NY/NJ",1,1,"NileDutch; Turkon",2,5,2414.57142857143,450,1878,1878,9,9,9,{9}
2016-03-27,MGTOA,Tamatave/Toamasina,MZMPM,Maputo,2,2,"ANL; CMA CGM; Maersk Line; MOL; PIL; Safmarine",6,14,3004.66666666667,399.333333333333,1675,2602,4,4,4,"{4,4}"
2016-03-27,MGTOA,Tamatave/Toamasina,SCPOV,"Seychelles Is., Port Victoria",1,1,"Maersk Line; Safmarine",2,3,2592,406.333333333333,2468,2758,3,3,3,{3}
2016-03-27,MMRGN,Yangon,MYPKG,"Port Klang",1,1,MCC,1,7,1090,216,1022,1118,5,5,5,{5}
2016-03-27,MPSPN,Saipan,FMYAP,Yap,1,1,MELL,1,4,1200.5,234,1080,1304,2,2,2,{2}
2016-03-27,MQFDF,Fort-de-France,COCTG,Cartagena,1,1,"CMA CGM; Marfret",2,6,2656.66666666667,530.5,2500,2790,3,3,3,{3}
2016-03-27,MQFDF,Fort-de-France,GPPTP,Pointe-a-Pitre,2,2,"CMA CGM; Maersk Line; Marfret; StreamLines; WEC Lines",5,9,4208.2,947.8,1341,2872,1,1,1,"{1,1}"
2016-03-27,MQFDF,Fort-de-France,TTPOS,"Port of Spain",1,1,"CMA CGM",1,2,1487,315,1296,1678,1,1,1,{1}
2016-03-27,MRNDB,Nouadhibou,ESLPA,"Las Palmas, Can Is",1,1,"CMA CGM",1,3,1072,144.666666666667,957,1152,3,3,3,{3}
2016-03-27,MRNDB,Nouadhibou,MAPTM,Tanger,1,1,"Boluda Lines",1,1,844,40,422,422,4,4,4,{4}
2016-03-27,MRNKC,Nouakchott,GMBJL,Banjul,1,1,"Maersk Line; Safmarine",2,3,1681.66666666667,131.333333333333,1597,1740,1,1,1,{1}
2016-03-27,MRNKC,Nouakchott,MRNDB,Nouadhibou,1,1,"Boluda Lines",1,1,844,40,422,422,1,1,1,{1}
2016-03-27,MRNKC,Nouakchott,SNDKR,Dakar,1,1,"CMA CGM",1,3,1072,144.666666666667,957,1152,1,1,1,{1}
2016-03-27,MSPLY,Plymouth,DMRSU,Roseau,1,1,"King Ocean",1,4,1024.25,231,957,1100,0,0,0,{0}
2016-03-27,MTMAR,"Malta (Marsaxlokk)",AEKLF,"Khor Fakkan",1,1,"ANL; CMA CGM; CSCL; Evergreen Line; FESCO; Hanjin Shipping; OPDR; UASC; USL-US Lines",9,13,15925.3076923077,1000,12562,17859,10,10,10,{10}
2016-03-27,MTMAR,"Malta (Marsaxlokk)",EGDAM,Damietta,1,1,"ANL; CMA CGM; COSCO; CSCL; UASC; USL-US Lines",6,11,8269.45454545455,590.909090909091,9415,11388,4,4,4,{4}
2016-03-27,MTMAR,"Malta (Marsaxlokk)",EGPSD,"Port Said",1,1,"ANL; CMA CGM; COSCO; CSCL; Hanjin Shipping; Marguisa; UASC; Yang Ming",8,7,6816.14285714286,490,6554,6921,3,3,3,{3}
2016-03-27,MTMAR,"Malta (Marsaxlokk)",ESBCN,Barcelona,1,1,"Maersk Line; MCC; MSC; Safmarine",4,11,13346.5454545455,854.545454545455,12552,14000,3,3,3,{3}
2016-03-27,MTMAR,"Malta (Marsaxlokk)",ESVLC,Valencia,1,1,"ANL; CMA CGM; COSCO; CSCL; UASC; USL-US Lines",6,11,8269.45454545455,590.909090909091,9415,11388,3,3,3,{3}
2016-03-27,MTMAR,"Malta (Marsaxlokk)",GRPIR,Piraeus,1,1,"Alianca; Borchard Lines Ltd; CMA CGM; Hamburg Sud; Maersk Line; Seago Line; Turkon",7,5,4504,700,4504,4504,1,1,1,{1}
2016-03-27,MTMAR,"Malta (Marsaxlokk)",ITLIV,Leghorn,2,2,"CMA CGM; Hapag-Lloyd; SeaLand; UASC; ZIM",5,17,4858.40277777778,844.472222222222,2061,2764,3,3,3,"{3,3}"
2016-03-27,MTMAR,"Malta (Marsaxlokk)",ITSAL,Salerno,1,1,"ANL; CMA CGM; Hapag-Lloyd; USL-US Lines",4,13,4672.46153846154,436.615384615385,4050,5770,1,1,1,{1}
2016-03-27,MTMAR,"Malta (Marsaxlokk)",MAPTM,Tanger,3,3,"ANL; CMA CGM; CSCL; Maersk Line; OPDR; Safmarine; Seago Line; UASC; USL-US Lines",9,20,20579.1357142857,2090.16428571429,2741,10000,3,3,3,"{3,3,3}"
2016-03-27,MTMAR,"Malta (Marsaxlokk)",OMSLL,Salalah,1,1,"Maersk Line; MCC; MSC; Safmarine; WEC Lines",5,12,13054.1666666667,700,12552,13800,8,8,8,{8}
2016-03-27,MTMAR,"Malta (Marsaxlokk)",SAJED,Jeddah,1,1,"ANL; CMA CGM; COSCO; CSCL; Evergreen Line; UASC",6,10,5762.1,588,5618,6921,5,5,5,{5}
2016-03-27,MTMAR,"Malta (Marsaxlokk)",TRAMB,"Istanbul (Ambarli)",1,1,"ANL; CMA CGM; OPDR; Seago Line",4,5,3150.6,397.2,2741,3426,3,3,3,{3}
2016-03-27,MTMAR,"Malta (Marsaxlokk)",TRIZT,Izmit,1,1,"Maersk Line; Safmarine; SeaLand",3,10,3049.3,756.2,2872,3078,3,3,3,{3}
2016-03-27,MUPLU,"Port Louis",AEJEA,"Dubai, Jebel Ali",1,1,"DAL-Deutsche Afrika Linien; Maersk Line; Safmarine; UAFL-United Africa Feeder Line",4,10,3401.4,553.6,2824,3534,9,9,9,{9}
2016-03-27,MUPLU,"Port Louis",AUSYD,Sydney,1,1,MSC,1,13,5753.38461538462,350.923076923077,4395,7455,13,13,13,{13}
2016-03-27,MUPLU,"Port Louis",MGTOA,Tamatave/Toamasina,1,1,"Maersk Line; Safmarine",2,3,2592,406.333333333333,2468,2758,4,4,4,{4}
2016-03-27,MUPLU,"Port Louis",MYPKG,"Port Klang",1,1,"ANL; CMA CGM; Maersk Line; Safmarine",4,8,1561.5,235,2466,2602,12,12,12,{12}
2016-03-27,MUPLU,"Port Louis",REPDG,"Reunion Island",1,1,"MOL; PIL",2,6,1443.16666666667,164.333333333333,1675,1800,1,1,1,{1}
2016-03-27,MUPLU,"Port Louis",SGSIN,Singapore,1,1,MSC,1,11,5316.81818181818,363.636363636364,6477,9200,12,12,12,{12}
2016-03-27,MUPLU,"Port Louis",ZADUR,Durban,3,3,"ANL; APL; CMA CGM; Maersk Line; MCC; MSC; Safmarine; SeaLand",8,38,22085.5324675325,1573.9696969697,6400,9640,5,6,9,"{6,9,5}"
2016-03-27,MVMLE,Male,SCPOV,"Seychelles Is., Port Victoria",1,1,"CMA CGM; COSCO; Emirates Shipping; Evergreen Line; Hanjin Shipping; NYK; X-Press",7,7,2230.28571428571,293.714285714286,2478,2764,4,4,4,{4}
2016-03-27,MXATM,Altamira,MXVER,Veracruz,4,4,"Alianca; Hamburg Sud; Hapag-Lloyd; Maersk Line; Seaboard Marine; SeaLand",6,18,8744.25,1697.31666666667,1740,2602,1,1,1,"{1,1,1,1}"
2016-03-27,MXATM,Altamira,USHOU,"Houston TX",7,7,"ACL-Atlantic Container Line; Alianca; APL; CCNI; CMA CGM; Hamburg Sud; Hapag-Lloyd; Hyundai; Maersk Line; MOL; MSC; NYK; OOCL; Safmarine; SeaLand; ZIM",16,50,33667.5634920635,4292.38888888889,1205,6750,1,2,2,"{2,2,1,2,2,2,2}"
2016-03-27,MXATM,Altamira,USMSY,"New Orleans LA",1,1,"Maersk Line; MSC; Safmarine; SeaLand",4,7,6072.57142857143,573.571428571429,6418,7403,3,3,3,{3}
2016-03-27,MXATM,Altamira,USPHL,"Philadelphia PA",1,1,SeaLand,1,2,1708,202,1708,1708,6,6,6,{6}
2016-03-27,MXESE,Ensenada,JPYOK,Yokohama,1,1,"Alianca; APL; CCNI; CMA CGM; CSCL; Hamburg Sud; Hapag-Lloyd; Hyundai; MSC",9,10,8254.7,1180,8600,9443,13,13,13,{13}
2016-03-27,MXESE,Ensenada,MXLZC,"Lazaro Cardenas",1,1,"Maersk Line; MSC; SeaLand",3,4,2485,510.5,2339,2566,4,4,4,{4}
2016-03-27,MXESE,Ensenada,MXZLO,"Manzanillo, MEX",2,2,"Alianca; ANL; APL; CCNI; CMA CGM; CSCL; Hamburg Sud; Hapag-Lloyd; Hyundai; MSC",10,22,13003.1166666667,1588.83333333333,4250,9443,3,3,3,"{3,3}"
2016-03-27,MXLZC,"Lazaro Cardenas",CNTAO,Qingdao,1,1,"Maersk Line; MCC; MSC; SeaLand",4,8,9316,600,9038,13102,19,19,19,{19}
2016-03-27,MXLZC,"Lazaro Cardenas",COBUN,Buenaventura,1,1,"APL; CMA CGM; Hanjin Shipping; Hapag-Lloyd; K Line; MOL; NYK",7,8,5189.25,497.5,5308,6350,4,4,4,{4}
2016-03-27,MXLZC,"Lazaro Cardenas",GTPRQ,"Puerto Quetzal",4,4,"Alianca; CCNI; COSCO; Evergreen Line; Great White Fleet; Hamburg Sud; Hapag-Lloyd; Maersk Line; MSC; NYK; PIL; SeaLand; Wan Hai; Yang Ming",14,23,11136.6,1809.15,1819,5652,2,2,2,"{2,2,2,2}"
2016-03-27,MXLZC,"Lazaro Cardenas",MXZLO,"Manzanillo, MEX",4,4,"Alianca; ANL; APL; CCNI; CMA CGM; CSCL; Evergreen Line; Hamburg Sud; Hanjin Shipping; Hapag-Lloyd; Hyundai; K Line; Maersk Line; MCC; MOL; MSC; NYK; Safmarine; SeaLand; X-Press",20,43,24248.9642857143,1940.25,1550,10055,0,1,2,"{1,0,1,2}"
2016-03-27,MXLZC,"Lazaro Cardenas",PABLB,Balboa,4,4,"Alianca; ANL; APL; CCNI; CMA CGM; CSCL; Hamburg Sud; Hapag-Lloyd; Hyundai; Maersk Line; MCC; MSC; Safmarine; SeaLand",14,51,34985.4142857143,2922.75,6802,13102,4,4.5,5,"{5,4,5,4}"
2016-03-27,MXLZC,"Lazaro Cardenas",USLAX,"Los Angeles CA",1,1,"Maersk Line; MSC; SeaLand",3,4,2485,510.5,2339,2566,4,4,4,{4}
2016-03-27,MXMZT,Mazatlan,MXZLO,"Manzanillo, MEX",1,1,"Hapag-Lloyd; NYK",2,4,2629,420.25,2524,2664,2,2,2,{2}
2016-03-27,MXPGO,Progreso,CUMAR,Mariel,1,1,"Alianca; Hamburg Sud",2,4,1799.25,470.25,1740,1819,2,2,2,{2}
2016-03-27,MXPMS,"Puerto Morelos",USPEF,"Port Everglades FL",1,1,"Hyde Shipping Corp.; Seaboard Marine; SeaFreight Line",3,1,340,40,340,340,4,4,4,{4}
2016-03-27,MXVER,Veracruz,COTRB,Turbo,1,1,"Seaboard Marine",1,3,1867.33333333333,333.333333333333,1740,2122,5,5,5,{5}
2016-03-27,MXVER,Veracruz,CRMOB,Moin,1,1,"Alianca; Hamburg Sud",2,6,2561.66666666667,473.333333333333,2550,2602,4,4,4,{4}
2016-03-27,MXVER,Veracruz,GTSTC,"Santo Tomas de Castilla",1,1,"Hapag-Lloyd; Maersk Line; SeaLand",3,5,2516,420.4,2478,2578,3,3,3,{3}
2016-03-27,MXVER,Veracruz,MXATM,Altamira,9,9,"ACL-Atlantic Container Line; Alianca; APL; CCNI; CMA CGM; Hamburg Sud; Hapag-Lloyd; Hyundai; Maersk Line; MOL; MSC; NYK; OOCL; Safmarine; SeaLand; ZIM",16,59,41448.1349206349,5067.96031746032,1205,7403,0,1,2,"{1,2,2,2,1,0,1,1,1}"
2016-03-27,MXVER,Veracruz,MXPGO,Progreso,1,1,"Alianca; Hamburg Sud",2,4,1799.25,470.25,1740,1819,2,2,2,{2}
2016-03-27,MXVER,Veracruz,USPME,"Port Manatee FL",1,1,"World Direct Shipping-WDS",1,1,862,204,862,862,3,3,3,{3}
2016-03-27,MXZLO,"Manzanillo, MEX",COBUN,Buenaventura,1,1,"COSCO; Evergreen Line; PIL; Wan Hai; Yang Ming",5,10,4439.6,431.2,5250,6500,4,4,4,{4}
2016-03-27,MXZLO,"Manzanillo, MEX",GTPRQ,"Puerto Quetzal",1,1,"Alianca; APL; CCNI; CMA CGM; CSCL; Evergreen Line; Hamburg Sud; Hapag-Lloyd; X-Press",9,2,1645,300,1550,1740,2,2,2,{2}
2016-03-27,MXZLO,"Manzanillo, MEX",JPTYO,Tokyo,1,1,"APL; Hanjin Shipping; Hapag-Lloyd; K Line; MOL; NYK",6,11,5140.90909090909,423.636363636364,6200,6350,14,14,14,{14}
2016-03-27,MXZLO,"Manzanillo, MEX",JPYOK,Yokohama,2,2,"ANL; APL; CMA CGM; Hanjin Shipping; Hapag-Lloyd; K Line; Maersk Line; MCC; MOL; NYK; Safmarine; SeaLand",12,29,14166.9642857143,1199.5,5308,9640,15,15,15,"{15,15}"
2016-03-27,MXZLO,"Manzanillo, MEX",KRPUS,Busan,2,2,"Alianca; ANL; CCNI; CMA CGM; COSCO; CSCL; Evergreen Line; Hamburg Sud; Hapag-Lloyd; Hyundai; MSC; PIL; Wan Hai; Yang Ming",14,22,12640.6,852.15,4250,10055,16,17,18,"{18,16}"
2016-03-27,MXZLO,"Manzanillo, MEX",MXESE,Ensenada,1,1,"Alianca; APL; CCNI; CMA CGM; CSCL; Hamburg Sud; Hapag-Lloyd; Hyundai; MSC",9,10,8254.7,1180,8600,9443,2,2,2,{2}
2016-03-27,MXZLO,"Manzanillo, MEX",MXLZC,"Lazaro Cardenas",7,7,"Alianca; ANL; APL; CCNI; CMA CGM; COSCO; CSCL; Evergreen Line; Hamburg Sud; Hanjin Shipping; Hapag-Lloyd; Hyundai; K Line; Maersk Line; MCC; MOL; MSC; NYK; PIL; Safmarine; SeaLand; Wan Hai; Yang Ming",23,73,47007.2642857143,4251.9,2524,13102,0,1,1,"{0,1,1,1,1,1,0}"
2016-03-27,MXZLO,"Manzanillo, MEX",NICIO,Corinto,1,1,"Alianca; CMA CGM; Evergreen Line; Hamburg Sud; Hapag-Lloyd; X-Press",6,2,1507,318,1296,1718,3,3,3,{3}
2016-03-27,MXZLO,"Manzanillo, MEX",PABLB,Balboa,1,1,MSC,1,8,4352.875,802.5,3922,5042,6,6,6,{6}
2016-03-27,MXZLO,"Manzanillo, MEX",PAMIT,Manzanillo,2,2,"Alianca; ANL; APL; CMA CGM; CSCL; Hamburg Sud; Hapag-Lloyd; ZIM",8,23,9156.68939393939,802.469696969697,4250,5095,5,5.5,6,"{5,6}"
2016-03-27,MXZLO,"Manzanillo, MEX",PECLL,Callao,2,2,"Alianca; APL; CCNI; CMA CGM; CSCL; Hamburg Sud; Hanjin Shipping; Hapag-Lloyd; Hyundai; K Line; MOL; MSC; NYK",13,21,12442.1090909091,1963.63636363636,6200,9000,5,6,7,"{5,7}"
2016-03-27,MXZLO,"Manzanillo, MEX",TWKHH,Kaohsiung,1,1,"COSCO; Evergreen Line; PIL; Wan Hai; Yang Ming",5,10,4439.6,431.2,5250,6500,18,18,18,{18}
2016-03-27,MXZLO,"Manzanillo, MEX",USLAX,"Los Angeles CA",2,2,"Alianca; Hamburg Sud; Hapag-Lloyd; NYK; ZIM",5,15,7037.27272727273,813.886363636364,2524,4800,3,3.5,4,"{3,4}"
2016-03-27,MYBKI,"Kota Kinabalu, Sabah",MYTMP,"Tanjung Manis",1,1,"Evergreen Line; PIL",2,2,1301,187,1162,1440,1,1,1,{1}
2016-03-27,MYBTU,"Bintulu, Sarawak",BNMUA,"Muara Port",1,1,"Evergreen Line; PIL",2,2,1301,187,1162,1440,1,1,1,{1}
2016-03-27,MYBTU,"Bintulu, Sarawak",PHBTG,Batangas,1,1,"SITC Shipping",1,5,891.2,100,831,1037,3,3,3,{3}
2016-03-27,MYBTU,"Bintulu, Sarawak",TWKHH,Kaohsiung,1,1,"ANL; CMA CGM; CNC Line-Cheng Lie Navigation Co. Ltd.; Evergreen Line; Yang Ming",5,5,2303.8,398.4,1496,2577,4,4,4,{4}
2016-03-27,MYKUA,Kuantan,HKHKG,"Hong Kong",1,1,"Evergreen Line; K Line; Yang Ming",3,4,2617.75,426,2512,2741,4,4,4,{4}
2016-03-27,MYKUA,Kuantan,VNUIH,"Qui Nhon",1,1,MCC,1,5,1686.8,273.4,1713,2339,3,3,3,{3}
2016-03-27,MYPEN,Penang,MYPGU,"Pasir Gudang, Johor",2,2,"ANL; CMA CGM; CNC Line-Cheng Lie Navigation Co. Ltd.; COSCO; Evergreen Line; KMTC; TS Lines; Yang Ming",8,9,7461.8,836.5,2742,5089,1,1.5,2,"{2,1}"
2016-03-27,MYPEN,Penang,MYPKG,"Port Klang",5,5,"ANL; CMA CGM; Evergreen Line; Gold Star Line; IAL-Interasia Lines; Maersk Line; MCC; MOL; NYK; OEL-Orient Express Lines; PIL; RCL; Wan Hai; X-Press; Yang Ming",15,19,11209.4166666667,1575.16666666667,1078,4268,1,1,2,"{2,1,1,1,1}"
2016-03-27,MYPEN,Penang,MYTPP,"Tanjung Pelepas",1,1,"Evergreen Line; K Line; Yang Ming",3,4,2617.75,426,2512,2741,1,1,1,{1}
2016-03-27,MYPEN,Penang,SGSIN,Singapore,5,5,"COSCO; Heung-A; IAL-Interasia Lines; KMTC; OOCL; PIL; Sinotrans; Wan Hai; Yang Ming",9,22,11574.75,1571.5,1267,5548,1,1,2,"{2,1,1,1,2}"
2016-03-27,MYPGU,"Pasir Gudang, Johor",HKHKG,"Hong Kong",1,1,"ANL; CMA CGM; CNC Line-Cheng Lie Navigation Co. Ltd.; COSCO; KMTC; TS Lines",6,4,2961,446.5,2742,3534,5,5,5,{5}
2016-03-27,MYPGU,"Pasir Gudang, Johor",MYPKG,"Port Klang",1,1,"ANL; CMA CGM; CNC Line-Cheng Lie Navigation Co. Ltd.; Evergreen Line",4,4,2721,424.5,2700,2742,1,1,1,{1}
2016-03-27,MYPGU,"Pasir Gudang, Johor",SGSIN,Singapore,4,4,"COSCO; Evergreen Line; IAL-Interasia Lines; PIL; Wan Hai; Yang Ming",6,20,10778.3714285714,1230.35714285714,1800,5089,0,0.5,1,"{0,1,0,1}"
2016-03-27,MYPKG,"Port Klang",AEJEA,"Dubai, Jebel Ali",4,4,"Evergreen Line; Hanjin Shipping; Hyundai; K Line; KMTC; OOCL; PIL; UASC; Wan Hai; X-Press; Yang Ming",11,26,20293.3333333333,1795.95238095238,3600,8586,8,9,9,"{9,8,9,9}"
2016-03-27,MYPKG,"Port Klang",AEKLF,"Khor Fakkan",1,1,"ANL; CMA CGM; COSCO; CSCL; OOCL; UASC; USL-US Lines; Yang Ming",8,8,9871.5,725,11388,14074,7,7,7,{7}
2016-03-27,MYPKG,"Port Klang",AUFRE,Fremantle,1,1,"ANL; APL; CMA CGM; Hapag-Lloyd; NYK; USL-US Lines",6,5,5783.8,561.2,5466,6477,8,8,8,{8}
2016-03-27,MYPKG,"Port Klang",BDCGP,Chittagong,10,10,"Advance Container Lines; ANL; CMA CGM; COSCO; Evergreen Line; Gold Star Line; Hanjin Shipping; Hapag-Lloyd; K Line; Maersk Line; MCC; MOL; NYK; OEL-Orient Express Lines; OOCL; PIL; Samudera; Wan Hai; X-Press; Yang Ming",20,24,16297.3,2514.06666666667,1078,2339,4,5,6,"{4,5,4,5,5,5,6,4,4,5}"
2016-03-27,MYPKG,"Port Klang",BRSPB,Sepetiba,1,1,"Alianca; CMA CGM; COSCO; CSCL; Evergreen Line; Hamburg Sud; Hapag-Lloyd; Hyundai; K Line; NYK; PIL; UASC; Yang Ming; ZIM",14,6,17082.3333333333,2716.66666666667,8004,9962,22,22,22,{22}
2016-03-27,MYPKG,"Port Klang",BRSSZ,Santos,1,1,"Alianca; CMA CGM; CSCL; Hamburg Sud; Hapag-Lloyd; Hyundai; NYK; UASC",8,12,9466.25,1150,8386,10500,21,21,21,{21}
2016-03-27,MYPKG,"Port Klang",CAHAL,Halifax,1,1,"Alianca; ANL; CMA CGM; COSCO; CSCL; Hamburg Sud; PIL; UASC; USL-US Lines",9,18,8555.94444444445,696.666666666667,8221,9572,20,20,20,{20}
2016-03-27,MYPKG,"Port Klang",CNCWN,Chiwan,1,1,"Alianca; ANL; CMA CGM; CSCL; Evergreen Line; FESCO; Hamburg Sud; Hanjin Shipping; K Line; PIL; UASC; USL-US Lines; Yang Ming",13,13,11402,569.230769230769,11388,14500,6,6,6,{6}
2016-03-27,MYPKG,"Port Klang",CNDCB,"Da Chan Bay",1,1,"Gold Star Line; OOCL; ZIM",3,10,3825.9,346,4250,4253,5,5,5,{5}
2016-03-27,MYPKG,"Port Klang",CNDLC,Dalian,1,1,"ANL; APL; CMA CGM; COSCO; CSCL; MOL; PIL; UASC; USL-US Lines; Yang Ming",10,11,6743.45454545455,867.272727272727,8386,10622,9,9,9,{9}
2016-03-27,MYPKG,"Port Klang",CNNSA,Nansha,1,1,"ANL; CMA CGM; COSCO; CSCL; OOCL; UASC; USL-US Lines; Yang Ming",8,8,9871.5,725,11388,14074,6,6,6,{6}
2016-03-27,MYPKG,"Port Klang",CNSHA,Shanghai,1,1,"ANL; CMA CGM; Maersk Line; MCC; Safmarine",5,13,2792.23076923077,246.769230769231,3534,4308,10,10,10,{10}
2016-03-27,MYPKG,"Port Klang",CNTAO,Qingdao,1,1,"Alianca; ANL; CMA CGM; CSCL; Hamburg Sud; Hanjin Shipping; UASC; USL-US Lines; Yang Ming",9,11,10648.7272727273,490.909090909091,9572,14500,10,10,10,{10}
2016-03-27,MYPKG,"Port Klang",CNXMN,Xiamen,1,1,"ANL; CMA CGM; COSCO; CSCL; UASC; USL-US Lines",6,11,8269.45454545455,590.909090909091,9415,11388,7,7,7,{7}
2016-03-27,MYPKG,"Port Klang",CNYTN,Yantian,1,1,"Alianca; ANL; CMA CGM; COSCO; CSCL; Evergreen Line; Hamburg Sud; Hanjin Shipping; K Line; UASC; USL-US Lines; Yang Ming",12,11,17200,909.090909090909,18800,19100,4,4,4,{4}
2016-03-27,MYPKG,"Port Klang",DJJIB,Djibouti,1,1,"ANL; CMA CGM; COSCO; CSCL; UASC; USL-US Lines",6,11,8269.45454545455,590.909090909091,9415,11388,7,7,7,{7}
2016-03-27,MYPKG,"Port Klang",EGPSD,"Port Said",1,1,"ANL; APL; CMA CGM; COSCO; CSCL; MOL; PIL; UASC; USL-US Lines; Yang Ming",10,11,6743.45454545455,867.272727272727,8386,10622,11,11,11,{11}
2016-03-27,MYPKG,"Port Klang",ESALG,Algeciras,1,1,"ANL; CMA CGM; CSCL; Evergreen Line; FESCO; Hanjin Shipping; OPDR; UASC; USL-US Lines",9,13,15925.3076923077,1000,12562,17859,15,15,15,{15}
2016-03-27,MYPKG,"Port Klang",FRLEH,"Le Havre",1,1,"Alianca; ANL; CMA CGM; CSCL; Evergreen Line; FESCO; Hamburg Sud; Hanjin Shipping; K Line; PIL; UASC; USL-US Lines; Yang Ming",13,13,11402,569.230769230769,11388,14500,18,18,18,{18}
2016-03-27,MYPKG,"Port Klang",GBFXT,Felixstowe,1,1,"Alianca; ANL; CMA CGM; COSCO; CSCL; Evergreen Line; Hamburg Sud; Hanjin Shipping; K Line; UASC; USL-US Lines; Yang Ming",12,11,17200,909.090909090909,18800,19100,18,18,18,{18}
2016-03-27,MYPKG,"Port Klang",HKHKG,"Hong Kong",2,2,"Emirates Shipping; Hanjin Shipping; IAL-Interasia Lines; KMTC; MOL; PIL; RCL; Wan Hai",8,13,10294.2380952381,982.142857142857,4250,7455,4,5,6,"{4,6}"
2016-03-27,MYPKG,"Port Klang",INCCU,Kolkata,3,3,"Advance Container Lines; BTL-Bengal Tiger Line; Hanjin Shipping; NYK; OEL-Orient Express Lines; OOCL; PIL; Samudera",8,8,3118.28571428571,603.371428571429,608,1061,5,5,5,"{5,5,5}"
2016-03-27,MYPKG,"Port Klang",INCOK,Cochin,1,1,"Gold Star Line; ZIM",2,9,3879.33333333333,331.333333333333,4250,4644,4,4,4,{4}
2016-03-27,MYPKG,"Port Klang",INHAL,Haldia,1,1,"ANL; CMA CGM",2,2,1118,220,1118,1118,4,4,4,{4}
2016-03-27,MYPKG,"Port Klang",INMAA,Chennai/Madras,6,6,"ANL; APL; BTL-Bengal Tiger Line; CMA CGM; Gold Star Line; Hapag-Lloyd; Hyundai; K Line; MOL; NYK; OOCL; PIL; RCL; Samudera; Simatech; TS Lines; USL-US Lines; Wan Hai; X-Press; ZIM",20,29,26322.8782051282,3156.94871794872,2474,5770,3,4,5,"{4,4,3,4,5,4}"
2016-03-27,MYPKG,"Port Klang",INNSA,"Mumbai (Nhava Sheva)",4,4,"COSCO; Evergreen Line; Hanjin Shipping; Hapag-Lloyd; IAL-Interasia Lines; K Line; MOL; NYK; PIL; SCI-Shipping Corp. of India; Simatech; TS Lines; Wan Hai; X-Press; Yang Ming",15,24,16503.8333333333,1703.33333333333,4228,6589,5,7,8,"{5,7,7,8}"
2016-03-27,MYPKG,"Port Klang",LKCMB,Colombo,5,5,"CMA CGM; COSCO; Emirates Shipping; Evergreen Line; Gold Star Line; Hanjin Shipping; Hapag-Lloyd; K Line; KMTC; MOL; NYK; RCL; Simatech; Wan Hai; X-Press; ZIM",16,35,21128.3071428571,2128.60714285714,2478,7455,3,4,4,"{4,3,4,4,3}"
2016-03-27,MYPKG,"Port Klang",MYPEN,Penang,7,7,"ANL; CMA CGM; CNC Line-Cheng Lie Navigation Co. Ltd.; COSCO; Evergreen Line; Heung-A; IAL-Interasia Lines; K Line; KMTC; OOCL; Sinotrans; TS Lines; Wan Hai; Yang Ming",14,29,19838.55,2822.5,2200,5089,0,1,2,"{1,1,2,2,1,1,0}"
2016-03-27,MYPKG,"Port Klang",MYPGU,"Pasir Gudang, Johor",2,2,"Evergreen Line; IAL-Interasia Lines; Wan Hai",3,8,4457,609.5,2200,2700,1,1.5,2,"{1,2}"
2016-03-27,MYPKG,"Port Klang",MYTPP,"Tanjung Pelepas",9,9,"ANL; CMA CGM; CNC Line-Cheng Lie Navigation Co. Ltd.; COSCO; CSCL; Emirates Shipping; Evergreen Line; Hanjin Shipping; Hapag-Lloyd; K Line; Maersk Line; MCC; NileDutch; NYK; OOCL; PIL; Safmarine; Simatech; TS Lines; UASC; X-Press; Yang Ming",22,67,28169.7282051282,3282.01868131868,1022,9300,0,1,3,"{3,1,2,1,0,2,2,0,1}"
2016-03-27,MYPKG,"Port Klang",NAWVB,"Walvis Bay",1,1,"ANL; CMA CGM; Maersk Line; MCC; Safmarine",5,10,2345,110,4496,5466,16,16,16,{16}
2016-03-27,MYPKG,"Port Klang",NGAPP,Apapa,1,1,"ANL; CMA CGM; Maersk Line; MCC; Safmarine",5,12,4121.33333333333,137.5,4496,4496,21,21,21,{21}
2016-03-27,MYPKG,"Port Klang",PGPOM,"Port Moresby",1,1,"Carpenters Shipping; Swire Shipping",2,2,5187,675,1728,1730,9,9,9,{9}
2016-03-27,MYPKG,"Port Klang",PKKHI,Karachi,2,2,"APL; COSCO; CSCL; PIL; RCL; Wan Hai",6,12,8694,710,4252,5888,7,7.5,8,"{8,7}"
2016-03-27,MYPKG,"Port Klang",REPDG,"Reunion Island",1,1,"ANL; CMA CGM; Maersk Line; MCC; NileDutch; PIL; Safmarine",7,13,5226.46153846154,374.461538461538,4367,9300,9,9,9,{9}
2016-03-27,MYPKG,"Port Klang",SAJED,Jeddah,1,1,"Alianca; ANL; CMA CGM; CSCL; Hamburg Sud; Hanjin Shipping; UASC; USL-US Lines; Yang Ming",9,11,10648.7272727273,490.909090909091,9572,14500,9,9,9,{9}
2016-03-27,MYPKG,"Port Klang",SGSIN,Singapore,38,38,"Alianca; ANL; APL; BTL-Bengal Tiger Line; CMA CGM; CNC Line-Cheng Lie Navigation Co. Ltd.; COSCO; CSCL; Emirates Shipping; Evergreen Line; Gold Star Line; Hamburg Sud; Hanjin Shipping; Hapag-Lloyd; Heung-A; Hyundai; IAL-Interasia Lines; K Line; KMTC; Maersk Line; MCC; MOL; NYK; OOCL; PIL; RCL; Safmarine; Samudera; SCI-Shipping Corp. of India; Simatech; Sinokor; TS Lines; UASC; USL-US Lines; Wan Hai; X-Press; Yang Ming; ZIM",38,204,197721.695238095,20864.2619047619,1078,10500,0,1,3,"{2,2,2,1,0,1,1,1,2,2,0,2,2,1,1,1,1,1,1,2,0,2,2,0,1,2,3,0,1,1,1,2,1,2,0,2,1,1}"
2016-03-27,MYPKG,"Port Klang",SIKOP,Koper,1,1,"ANL; CMA CGM; COSCO; CSCL; Evergreen Line; UASC",6,10,5762.1,588,5618,6921,16,16,16,{16}
2016-03-27,MYPKG,"Port Klang",TGLFW,Lome,1,1,"ANL; CMA CGM; Maersk Line; MCC; Safmarine",5,12,4759.66666666667,443,4496,5466,22,22,22,{22}
2016-03-27,MYPKG,"Port Klang",THLCH,"Laem Chabang",2,2,"Evergreen Line; Hanjin Shipping; Hyundai; K Line; OOCL; PIL",6,11,8130.67857142857,973.714285714286,2450,8452,3,3,3,"{3,3}"
2016-03-27,MYPKG,"Port Klang",TWKHH,Kaohsiung,1,1,"Yang Ming",1,6,4210.33333333333,325,5512,6589,5,5,5,{5}
2016-03-27,MYPKG,"Port Klang",VNHPH,Haiphong,2,2,"APL; Wan Hai",2,5,2773,543.833333333333,1102,1800,4,5,6,"{4,6}"
2016-03-27,MYPKG,"Port Klang",VNSGN,"Ho Chi Minh (VICT/Cat Lai)",1,1,"Wan Hai",1,4,1368,80,1368,1368,4,4,4,{4}
2016-03-27,MYPKG,"Port Klang",VNTCT,"Cai Mep",1,1,"Alianca; ANL; CMA CGM; COSCO; CSCL; Hamburg Sud; PIL; UASC; USL-US Lines",9,18,8555.94444444445,696.666666666667,8221,9572,2,2,2,{2}
2016-03-27,MYPKG,"Port Klang",ZACPT,"Cape Town",1,1,"ANL; CMA CGM; Maersk Line; MCC; Safmarine",5,13,2792.23076923077,246.769230769231,3534,4308,14,14,14,{14}
2016-03-27,MYPKG,"Port Klang",ZADUR,Durban,1,1,"Alianca; COSCO; Evergreen Line; Hamburg Sud; Hanjin Shipping; K Line; MOL; PIL",8,8,3900.375,344.75,4211,5220,14,14,14,{14}
2016-03-27,MYTMP,"Tanjung Manis",MYBTU,"Bintulu, Sarawak",1,1,"Evergreen Line; PIL",2,2,1301,187,1162,1440,1,1,1,{1}
2016-03-27,MYTPP,"Tanjung Pelepas",BDCGP,Chittagong,1,1,MCC,1,2,1666,375,1576,1756,5,5,5,{5}
2016-03-27,MYTPP,"Tanjung Pelepas",CNNSA,Nansha,1,1,"ANL; CMA CGM; COSCO; CSCL; Evergreen Line; UASC",6,10,5762.1,588,5618,6921,5,5,5,{5}
2016-03-27,MYTPP,"Tanjung Pelepas",CNSHA,Shanghai,1,1,"ANL; CMA CGM; Maersk Line; MCC; Safmarine",5,12,4759.66666666667,443,4496,5466,4,4,4,{4}
2016-03-27,MYTPP,"Tanjung Pelepas",CNSHK,Shekou,1,1,"COSCO; Evergreen Line; Hanjin Shipping; K Line; MOL; Yang Ming",6,8,7431.25,437.5,5500,8073,3,3,3,{3}
2016-03-27,MYTPP,"Tanjung Pelepas",CNTAO,Qingdao,1,1,"Maersk Line; MCC; MSC; Safmarine",4,17,8635.29411764706,504.705882352941,8183,9400,6,6,6,{6}
2016-03-27,MYTPP,"Tanjung Pelepas",CNXMN,Xiamen,1,1,"ANL; CMA CGM; Maersk Line; MCC; Safmarine",5,12,4121.33333333333,137.5,4496,4496,4,4,4,{4}
2016-03-27,MYTPP,"Tanjung Pelepas",CNYTN,Yantian,2,2,"ANL; CMA CGM; Maersk Line; MCC; MSC; Safmarine; Seago Line",7,21,19218.6363636364,819.090909090909,4496,19272,4,5,6,"{6,4}"
2016-03-27,MYTPP,"Tanjung Pelepas",ESALG,Algeciras,1,1,"Maersk Line; MCC; MSC; Safmarine; Seago Line",5,11,16873.6363636364,709.090909090909,18270,19272,16,16,16,{16}
2016-03-27,MYTPP,"Tanjung Pelepas",GBFXT,Felixstowe,1,1,"Maersk Line; MCC; MSC; Safmarine; Seago Line",5,11,16609.0909090909,545.454545454545,18270,18270,18,18,18,{18}
2016-03-27,MYTPP,"Tanjung Pelepas",IDJKT,"Jakarta, Java",1,1,MCC,1,8,2891.25,564.5,2732,3450,4,4,4,{4}
2016-03-27,MYTPP,"Tanjung Pelepas",ILASH,Ashdod,1,1,"COSCO; Evergreen Line; Hanjin Shipping; K Line; MOL; Yang Ming",6,8,7431.25,437.5,5500,8073,12,12,12,{12}
2016-03-27,MYTPP,"Tanjung Pelepas",KEMBA,Mombasa,1,1,"Maersk Line; Safmarine",2,7,2143.42857142857,278.571428571429,2198,2824,14,14,14,{14}
2016-03-27,MYTPP,"Tanjung Pelepas",LKCMB,Colombo,4,4,"ANL; APL; CMA CGM; Emirates Shipping; Evergreen Line; Gold Star Line; Hyundai; Maersk Line; MCC; MSC; OOCL; RCL; Safmarine; Seago Line; ZIM",15,32,30065.2467532468,2681.2987012987,4306,15908,3,4,5,"{5,3,4,4}"
2016-03-27,MYTPP,"Tanjung Pelepas",MAPTM,Tanger,1,1,"Maersk Line; MCC; MSC; Safmarine; Seago Line",5,12,15162.8333333333,1083.33333333333,15550,19224,15,15,15,{15}
2016-03-27,MYTPP,"Tanjung Pelepas",MMRGN,Yangon,1,1,MCC,1,7,1090,216,1022,1118,4,4,4,{4}
2016-03-27,MYTPP,"Tanjung Pelepas",MUPLU,"Port Louis",1,1,"ANL; APL; CMA CGM; Maersk Line; MCC; Safmarine; SeaLand",7,21,8977.71428571429,702,6802,9640,8,8,8,{8}
2016-03-27,MYTPP,"Tanjung Pelepas",MYBTU,"Bintulu, Sarawak",1,1,"ANL; CMA CGM; CNC Line-Cheng Lie Navigation Co. Ltd.; Evergreen Line; Yang Ming",5,5,2303.8,398.4,1496,2577,2,2,2,{2}
2016-03-27,MYTPP,"Tanjung Pelepas",MYKUA,Kuantan,2,2,"Evergreen Line; K Line; MCC; Yang Ming",4,9,4304.55,699.4,1713,2741,1,1,1,"{1,1}"
2016-03-27,MYTPP,"Tanjung Pelepas",MYPKG,"Port Klang",7,7,"ANL; CMA CGM; COSCO; CSCL; Emirates Shipping; Evergreen Line; Hanjin Shipping; Maersk Line; MCC; NileDutch; NYK; PIL; Safmarine; UASC; X-Press",15,77,27237.078021978,2193.44505494505,2478,9300,1,1,2,"{1,1,1,1,1,1,2}"
2016-03-27,MYTPP,"Tanjung Pelepas",NLRTM,Rotterdam,1,1,"CMA CGM; COSCO; Evergreen Line; Hanjin Shipping; K Line; UASC; Yang Ming",7,10,13806,800,13806,13806,19,19,19,{19}
2016-03-27,MYTPP,"Tanjung Pelepas",PGPOM,"Port Moresby",1,1,"Maersk Line",1,2,3034.57142857143,597.142857142857,1118,1118,11,11,11,{11}
2016-03-27,MYTPP,"Tanjung Pelepas",PHDVO,Davao,1,1,MCC,1,5,2552.4,490,2546,2578,7,7,7,{7}
2016-03-27,MYTPP,"Tanjung Pelepas",PTSIE,Sines,1,1,"Maersk Line; MCC; MSC; Safmarine; Seago Line",5,17,13399.7647058824,882.352941176471,12400,18270,17,17,17,{17}
2016-03-27,MYTPP,"Tanjung Pelepas",REPDG,"Reunion Island",1,1,"ANL; CMA CGM; Maersk Line; Safmarine",4,8,1561.5,235,2466,2602,10,10,10,{10}
2016-03-27,MYTPP,"Tanjung Pelepas",SGSIN,Singapore,17,15,"Alianca; ANL; APL; CMA CGM; CNC Line-Cheng Lie Navigation Co. Ltd.; COSCO; Emirates Shipping; Evergreen Line; Hamburg Sud; Hanjin Shipping; Hapag-Lloyd; Hyundai; K Line; Maersk Line; MCC; MOL; MSC; NileDutch; NYK; OOCL; PIL; Safmarine; Seago Line; Simatech; TS Lines; X-Press; Yang Ming",27,130,71207.7809107559,8659.85190642691,1022,15908,0,1,2,"{1,1,1,0,1,1,1,1,0,0,0,1,2,0,0,1,1}"
2016-03-27,MYTPP,"Tanjung Pelepas",THLCH,"Laem Chabang",2,2,"CMA CGM; CNC Line-Cheng Lie Navigation Co. Ltd.; Evergreen Line; Maersk Line; Safmarine",5,10,6305.09523809524,832.238095238095,2198,5364,4,4.5,5,"{5,4}"
2016-03-27,MYTPP,"Tanjung Pelepas",TWKEL,Keelung,1,1,"MCC; OOCL",2,7,2226.71428571429,507.142857142857,2190,2339,6,6,6,{6}
2016-03-27,MYTPP,"Tanjung Pelepas",TWKHH,Kaohsiung,2,2,"ANL; APL; CMA CGM; COSCO; Evergreen Line; Hanjin Shipping; K Line; Maersk Line; MCC; Safmarine; SeaLand; UASC; Yang Ming",13,31,22783.7142857143,1502,6802,13806,4,4.5,5,"{4,5}"
2016-03-27,MYTPP,"Tanjung Pelepas",VNSGN,"Ho Chi Minh (VICT/Cat Lai)",1,1,"Hanjin Shipping; Heung-A",2,4,2518.25,200,2450,2553,4,4,4,{4}
2016-03-27,MYTPP,"Tanjung Pelepas",VNTCT,"Cai Mep",1,1,"Maersk Line; MCC; MSC; Safmarine",4,15,9476.4,786.4,8272,11660,3,3,3,{3}
2016-03-27,MZBEW,Beira,MZMNC,Nacala,1,1,"ANL; CMA CGM; Maersk Line; Safmarine",4,8,1561.5,235,2466,2602,4,4,4,{4}
2016-03-27,MZBEW,Beira,SGSIN,Singapore,1,1,"MOL; PIL",2,6,1443.16666666667,164.333333333333,1675,1800,15,15,15,{15}
2016-03-27,MZMNC,Nacala,MUPLU,"Port Louis",1,1,"ANL; CMA CGM; Maersk Line; Safmarine",4,8,1561.5,235,2466,2602,7,7,7,{7}
2016-03-27,MZMNC,Nacala,MYPGU,"Pasir Gudang, Johor",1,1,PIL,1,7,1820.57142857143,230.857142857143,1800,2135,16,16,16,{16}
2016-03-27,MZMNC,Nacala,SCPOV,"Seychelles Is., Port Victoria",1,1,"CMA CGM; Emirates Shipping",2,6,2407.66666666667,392,2007,2775,0,0,0,{0}
2016-03-27,MZMPM,Maputo,MZBEW,Beira,2,2,"ANL; CMA CGM; Maersk Line; MOL; PIL; Safmarine",6,14,3004.66666666667,399.333333333333,1675,2602,3,3.5,4,"{3,4}"
2016-03-27,NAWVB,"Walvis Bay",AOLAD,Luanda,1,1,"ANL; CMA CGM; PIL",3,11,2973.45454545455,412.454545454545,3091,3889,3,3,3,{3}
2016-03-27,NAWVB,"Walvis Bay",MYTPP,"Tanjung Pelepas",1,1,"ANL; CMA CGM; Maersk Line; MCC; Safmarine",5,12,4121.33333333333,137.5,4496,4496,23,23,23,{23}
2016-03-27,NAWVB,"Walvis Bay",NGAPP,Apapa,1,1,"ANL; CMA CGM; Maersk Line; MCC; Safmarine",5,10,2345,110,4496,5466,6,6,6,{6}
2016-03-27,NAWVB,"Walvis Bay",TGLFW,Lome,1,1,"Maersk Line; Safmarine; Seago Line",3,8,1609.875,218.5,2478,2902,8,8,8,{8}
2016-03-27,NCNOU,Noumea,AUBNE,Brisbane,2,2,"Maersk Line; PDL-Pacific Direct Line; Sofrana",3,2,9930.85714285714,1954.28571428571,894,1037,3,3,3,"{3,3}"
2016-03-27,NCNOU,Noumea,AUSYD,Sydney,1,1,"ANL; CMA CGM; Marfret; USL-US Lines",4,7,5468.57142857143,1201.71428571429,2478,2872,3,3,3,{3}
2016-03-27,NCNOU,Noumea,FJLTK,Lautoka,1,1,"Swire Shipping",1,2,7904,914.285714285714,1728,1730,2,2,2,{2}
2016-03-27,NCNOU,Noumea,HKHKG,"Hong Kong",1,1,"ANL; CMA CGM; CSCL; OOCL; PDL-Pacific Direct Line; PIL; USL-US Lines",7,7,4407.85714285714,351.428571428571,4250,4578,11,11,11,{11}
2016-03-27,NCNOU,Noumea,NZTRG,Tauranga,1,1,MSC,1,3,1063,230.666666666667,957,1118,3,3,3,{3}
2016-03-27,NCNOU,Noumea,VUVLI,"Port Vila",1,1,"NPL-Neptune Pacific Line; PDL-Pacific Direct Line; Swire Shipping",3,2,1924.57142857143,228.571428571429,777,907,1,1,1,{1}
2016-03-27,NGAPP,Apapa,BJCOO,Cotonou,1,1,"ANL; CMA CGM; PIL",3,11,2973.45454545455,412.454545454545,3091,3889,0,0,0,{0}
2016-03-27,NGAPP,Apapa,CMDLA,Douala,1,1,"ANL; CMA CGM; Maersk Line; MCC; Safmarine",5,13,2792.23076923077,246.769230769231,3534,4308,2,2,2,{2}
2016-03-27,NGAPP,Apapa,GHTEM,Tema,2,2,"ANL; Arkas Line; CMA CGM; Hapag-Lloyd; Maersk Line; MCC; Safmarine",7,16,4085,410,1740,5466,3,4,5,"{3,5}"
2016-03-27,NGAPP,Apapa,MYTPP,"Tanjung Pelepas",1,1,"ANL; CMA CGM; Maersk Line; MCC; Safmarine",5,10,2345,110,4496,5466,25,25,25,{25}
2016-03-27,NGAPP,Apapa,NGTIN,"Lagos, Tin Can",5,5,"ANL; CMA CGM; COSCO; DAL-Deutsche Afrika Linien; Gold Star Line; Hanjin Shipping; Hapag-Lloyd; Maersk Line; MCC; MOL; Safmarine; UAFL-United Africa Feeder Line; UASC; ZIM",14,43,17429.0333333333,1892.35,2751,4957,0,1,2,"{2,2,0,0,1}"
2016-03-27,NGONN,Onne,GALBV,Libreville,1,1,"Maersk Line; Safmarine",2,7,2262.85714285714,294.571428571429,1597,2500,3,3,3,{3}
2016-03-27,NGONN,Onne,GAPOG,"Port Gentil",1,1,"CMA CGM; UASC",2,8,2404.625,369.25,2061,2526,3,3,3,{3}
2016-03-27,NGONN,Onne,MYPKG,"Port Klang",1,1,PIL,1,11,5002.71428571429,,3889,3900,23,23,23,{23}
2016-03-27,NGONN,Onne,NAWVB,"Walvis Bay",1,1,"ANL; CMA CGM; Maersk Line; MCC; Safmarine",5,12,4121.33333333333,137.5,4496,4496,7,7,7,{7}
2016-03-27,NGTIN,"Lagos, Tin Can",BJCOO,Cotonou,2,2,"DAL-Deutsche Afrika Linien; Maersk Line; PIL; Safmarine; UAFL-United Africa Feeder Line",5,21,8404.11428571429,553.6,2824,3900,1,1,1,"{1,1}"
2016-03-27,NGTIN,"Lagos, Tin Can",CMDLA,Douala,1,1,"Maersk Line; Safmarine",2,5,3398.8,410,2890,3586,1,1,1,{1}
2016-03-27,NGTIN,"Lagos, Tin Can",GHTEM,Tema,6,6,"CMA CGM; COSCO; CSCL; Gold Star Line; Hanjin Shipping; Hapag-Lloyd; Messina; MOL; MSC; PIL; UASC; ZIM",12,44,20714.7738095238,2377.35119047619,1080,4957,1,1.5,4,"{3,1,1,4,2,1}"
2016-03-27,NGTIN,"Lagos, Tin Can",GQBSG,Bata,1,1,"Arkas Line; CMA CGM; Hapag-Lloyd; Maersk Line; Marguisa; UASC; ZIM",7,6,2551,365,2452,2764,1,1,1,{1}
2016-03-27,NGTIN,"Lagos, Tin Can",NGAPP,Apapa,2,2,"ANL; CMA CGM; Maersk Line; MCC; PIL; Safmarine",6,24,5765.68531468531,659.223776223776,3091,4308,0,0.5,1,"{1,0}"
2016-03-27,NGTIN,"Lagos, Tin Can",NGONN,Onne,1,1,"ANL; CMA CGM; Maersk Line; MCC; Safmarine",5,12,4121.33333333333,137.5,4496,4496,1,1,1,{1}
2016-03-27,NICIO,Corinto,CRCAL,"Puerto Caldera",2,2,"Alianca; CMA CGM; Evergreen Line; Hamburg Sud; Hapag-Lloyd; NYK; X-Press",7,6,4136,738.25,1296,2664,1,1,1,"{1,1}"
2016-03-27,NICIO,Corinto,PABLB,Balboa,1,1,"Maersk Line; MSC; SeaLand",3,4,2485,510.5,2339,2566,2,2,2,{2}
2016-03-27,NICIO,Corinto,PAROD,Rodman,1,1,"Alianca; CCNI; Great White Fleet; Hamburg Sud",4,5,1819,467,1819,1819,2,2,2,{2}
2016-03-27,NICIO,Corinto,SVAQJ,Acajutla,1,1,"Maersk Line; MSC; SeaLand",3,4,2485,510.5,2339,2566,1,1,1,{1}
2016-03-27,NLMOE,Moerdijk,NLRTM,Rotterdam,1,1,"MSC; WEC Lines",2,2,938,150,868,1008,1,1,1,{1}
2016-03-27,NLRTM,Rotterdam,BEANR,Antwerp,10,10,"Alianca; ANL; CMA CGM; COSCO; CSCL; Evergreen Line; FESCO; Hamburg Sud; Hanjin Shipping; Hapag-Lloyd; K Line; Maersk Line; MSC; OOCL; OPDR; PIL; Safmarine; Seago Line; SeaLand; Team Lines; UASC; Unifeeder; USL-US Lines; WEC Lines; Yang Ming",25,63,46932.6444444444,4313.93473748474,698,14500,0,1,2,"{1,0,0,0,1,1,1,2,2,1}"
2016-03-27,NLRTM,Rotterdam,BEZEE,Zeebrugge,1,1,"ANL; CMA CGM; CSCL; Evergreen Line; FESCO; Hanjin Shipping; OPDR; UASC; USL-US Lines",9,13,15925.3076923077,1000,12562,17859,1,1,1,{1}
2016-03-27,NLRTM,Rotterdam,CAHAL,Halifax,1,1,"ACL-Atlantic Container Line; APL; Hapag-Lloyd; Hyundai; NYK; OOCL",6,15,4881.93333333333,384,4612,5041,6,6,6,{6}
2016-03-27,NLRTM,Rotterdam,DEBRB,Elbehafen,1,1,"ANL; CMA CGM; FESCO; X-Press",4,1,2016,468,1008,1008,1,1,1,{1}
2016-03-27,NLRTM,Rotterdam,DEBRV,Bremerhaven,8,8,"Alianca; ANL; Borchard Lines Ltd; CMA CGM; CSCL; Hamburg Sud; Hapag-Lloyd; Maersk Line; MCC; MSC; Safmarine; Seago Line; SeaLand; UASC; ZIM",15,58,44150.0411255411,4420.629004329,868,19272,1,1,2,"{1,1,1,1,1,2,1,1}"
2016-03-27,NLRTM,Rotterdam,DEHAM,Hamburg,21,21,"ACL-Atlantic Container Line; Alianca; ANL; APL; CMA CGM; COSCO; CSCL; DAL-Deutsche Afrika Linien; Eimskip; Evergreen Line; FESCO; Hamburg Sud; Hanjin Shipping; Hapag-Lloyd; Hyundai; K Line; Maersk Line; MCC; MOL; MSC; NYK; OOCL; OPDR; Safmarine; Seago Line; SeaLand; Stinnes; UASC; USL-US Lines; X-Press; Yang Ming; ZIM",32,157,138760.725607726,12771.5816183816,868,19100,1,1,2,"{1,2,1,1,1,1,1,1,1,2,1,1,1,1,1,1,1,1,1,2,1}"
2016-03-27,NLRTM,Rotterdam,DKAAL,Aalborg,1,1,"Evergreen Line; X-Press",2,1,698,128,698,698,2,2,2,{2}
2016-03-27,NLRTM,Rotterdam,DKCPH,Copenhagen,1,1,"Evergreen Line; OOCL; Unifeeder",3,1,809,,809,809,2,2,2,{2}
2016-03-27,NLRTM,Rotterdam,ESALG,Algeciras,2,2,"CMA CGM; COSCO; CSCL; Evergreen Line; Hanjin Shipping; K Line; Maersk Line; Marguisa; Safmarine; Seago Line; UASC; Yang Ming",12,17,22133.4861111111,2151,6690,13092,2,3,4,"{2,4}"
2016-03-27,NLRTM,Rotterdam,ESBIO,Bilbao,2,2,"COSCO; MacAndrews; OOCL; OPDR; Samskip; Team Lines; X-Press",7,4,1507,270,698,809,2,3,4,"{4,2}"
2016-03-27,NLRTM,Rotterdam,ESVGO,Vigo,1,1,"MSC; WEC Lines",2,2,938,150,868,1008,3,3,3,{3}
2016-03-27,NLRTM,Rotterdam,ESVLC,Valencia,1,1,"MSC; WEC Lines; ZIM",3,5,6439.2,452,4549,7455,5,5,5,{5}
2016-03-27,NLRTM,Rotterdam,FIHEL,Helsinki,2,1,"COSCO; Evergreen Line; Hapag-Lloyd; OOCL; Unifeeder",5,6,2104.66666666667,500,1036,1085,4,4,4,"{4,4}"
2016-03-27,NLRTM,Rotterdam,FRDKK,Dunkirk,3,3,"ANL; CMA CGM; FESCO; MacAndrews; Marfret; OPDR; USL-US Lines",7,12,8028.07142857143,1706.71428571429,686,2872,1,1,2,"{1,2,1}"
2016-03-27,NLRTM,Rotterdam,FRLEH,"Le Havre",6,6,"Alianca; ANL; CMA CGM; COSCO; CSCL; Evergreen Line; FESCO; Hamburg Sud; Hanjin Shipping; K Line; Maersk Line; Marfret; MCC; MSC; OPDR; PIL; Safmarine; Seago Line; UASC; USL-US Lines; Yang Ming",21,52,42380.9598484849,3589.89137529137,1678,15908,1,1,3,"{1,1,1,1,1,3}"
2016-03-27,NLRTM,Rotterdam,FRLVE,"Le Verdon",1,1,MSC,1,6,2354.66666666667,317.5,1438,2908,2,2,2,{2}
2016-03-27,NLRTM,Rotterdam,GBFXT,Felixstowe,5,5,"ANL; BG Freight Line; CMA CGM; COSCO; CSCL; Evergreen Line; Hanjin Shipping; Hapag-Lloyd; K Line; Maersk Line; MCC; MSC; OOCL; Safmarine; Seago Line; Tschudi Express; UASC; Unifeeder; USL-US Lines; Yang Ming",20,39,42670.7647058823,2402.35294117647,508,18270,0,1,1,"{1,0,0,1,1}"
2016-03-27,NLRTM,Rotterdam,GBGRG,Grangemouth,1,1,"BG Freight Line; Samskip",2,1,340,40,340,340,1,1,1,{1}
2016-03-27,NLRTM,Rotterdam,GBIMM,Immingham,4,4,"ANL; BG Freight Line; CMA CGM; COSCO; Eimskip; Hapag-Lloyd; K Line; OOCL; Seago Line; Tschudi Express; Unifeeder",11,8,3246,372,724,875,0,1,2,"{2,0,1,1}"
2016-03-27,NLRTM,Rotterdam,GBLGP,"London Gateway",3,3,"Alianca; CMA CGM; COSCO; DAL-Deutsche Afrika Linien; Hamburg Sud; Hanjin Shipping; Hapag-Lloyd; Maersk Line; MOL; MSC; Safmarine; Seago Line; UASC",13,24,24973.375,4412.5,6350,9669,0,1,1,"{1,0,1}"
2016-03-27,NLRTM,Rotterdam,GBLIV,Liverpool,1,1,"BG Freight Line; COSCO; Eucon; Evergreen Line; Hapag-Lloyd; OOCL; X-Press",7,2,1036,250,1036,1036,2,2,2,{2}
2016-03-27,NLRTM,Rotterdam,GBNCL,"Newcastle UK",1,1,"BG Freight Line; Unifeeder",2,1,972,170,972,972,1,1,1,{1}
2016-03-27,NLRTM,Rotterdam,GBSOU,Southampton,1,1,"ANL; CMA CGM; COSCO; Eucon; OOCL; X-Press",6,1,1036,250,1036,1036,1,1,1,{1}
2016-03-27,NLRTM,Rotterdam,GBTEE,Teesport,3,3,"BG Freight Line; Hapag-Lloyd; K Line; Seago Line; Unifeeder",5,6,3076.07142857143,562.857142857143,809,972,1,1,2,"{1,1,2}"
2016-03-27,NLRTM,Rotterdam,GBTIL,Tilbury,4,4,"BG Freight Line; DAL-Deutsche Afrika Linien; MSC; OPDR; Samskip; StreamLines; WEC Lines",7,12,3730.2,819.8,340,2122,1,1,1,"{1,1,1,1}"
2016-03-27,NLRTM,Rotterdam,IEDUB,Dublin,6,6,"APL; BG Freight Line; COSCO; Eucon; Evergreen Line; Hapag-Lloyd; OOCL; Samskip; X-Press; Yang Ming",10,6,5138,1051,698,972,2,2,3,"{3,3,2,2,2,2}"
2016-03-27,NLRTM,Rotterdam,ISREY,Reykjavik,1,1,"Eimskip; Royal Arctic Line",2,3,1219.42857142857,208,698,724,5,5,5,{5}
2016-03-27,NLRTM,Rotterdam,LTKLJ,"Klaipeda
",1,1,"Hapag-Lloyd; OOCL; Unifeeder; ZIM",4,3,842.571428571429,208.857142857143,877,1036,2,2,2,{2}
2016-03-27,NLRTM,Rotterdam,LVRIX,Riga,1,1,"Hapag-Lloyd; OOCL; Unifeeder; ZIM",4,3,842.571428571429,208.857142857143,877,1036,4,4,4,{4}
2016-03-27,NLRTM,Rotterdam,MYPKG,"Port Klang",1,1,"Alianca; ANL; CMA CGM; COSCO; CSCL; Evergreen Line; Hamburg Sud; Hanjin Shipping; K Line; UASC; USL-US Lines; Yang Ming",12,11,17200,909.090909090909,18800,19100,22,22,22,{22}
2016-03-27,NLRTM,Rotterdam,MYTPP,"Tanjung Pelepas",1,1,"CMA CGM; COSCO; Evergreen Line; Hanjin Shipping; K Line; UASC; Yang Ming",7,10,13806,800,13806,13806,22,22,22,{22}
2016-03-27,NLRTM,Rotterdam,NODRM,Drammen,1,1,"Evergreen Line; Tschudi Express; Unifeeder",3,1,750,170,750,750,1,1,1,{1}
2016-03-27,NLRTM,Rotterdam,NOOSL,Oslo,4,4,"ANL; CMA CGM; COSCO; CSCL; Evergreen Line; Hapag-Lloyd; Samskip; Unifeeder; Yang Ming",9,4,3428,714,698,1008,1,1.5,2,"{2,1,2,1}"
2016-03-27,NLRTM,Rotterdam,NOTAE,Tananger,1,1,Samskip,1,1,660,116,660,660,1,1,1,{1}
2016-03-27,NLRTM,Rotterdam,PTLEI,Leixoes,1,1,"ANL; CMA CGM; Evergreen Line; OPDR; Samskip; X-Press",6,3,803.333333333333,180,803,804,3,3,3,{3}
2016-03-27,NLRTM,Rotterdam,PTLIS,Lisbon,2,2,"ANL; CMA CGM; Evergreen Line; K Line; OPDR; Samskip; Unifeeder; X-Press",8,7,1618.83333333333,330,803,822,4,4,4,"{4,4}"
2016-03-27,NLRTM,Rotterdam,PTSET,Setubal,1,1,"COSCO; MacAndrews; OOCL; OPDR; Team Lines; X-Press",6,3,698,120,698,698,4,4,4,{4}
2016-03-27,NLRTM,Rotterdam,RULED,"St Petersburg",3,3,"Evergreen Line; Hapag-Lloyd; OOCL; SCA Logistics; Seago Line; Team Lines; Unifeeder",7,8,3783.66666666667,784.333333333333,809,1638,4,4,4,"{4,4,4}"
2016-03-27,NLRTM,Rotterdam,SAJED,Jeddah,1,1,"APL; Hapag-Lloyd; Hyundai; MOL; NYK; OOCL",6,12,10875.0833333333,609.083333333333,10800,14000,13,13,13,{13}
2016-03-27,NLRTM,Rotterdam,SEGOT,Gothenburg,1,1,"Evergreen Line; Hapag-Lloyd; Samskip; Unifeeder; ZIM",5,1,1008,238,1008,1008,3,3,3,{3}
2016-03-27,NLRTM,Rotterdam,SGSIN,Singapore,1,1,"Maersk Line; MCC; MSC; Safmarine; Seago Line",5,11,16609.0909090909,545.454545454545,18270,18270,21,21,21,{21}
2016-03-27,NLRTM,Rotterdam,USBOS,"Boston MA",1,1,"Hapag-Lloyd; Maersk Line; MSC",3,7,4471.42857142857,1164.28571428571,4112,5301,7,7,7,{7}
2016-03-27,NLVLI,Flushing,NLRTM,Rotterdam,1,1,Eimskip,1,2,799.5,72,724,875,2,2,2,{2}
2016-03-27,NOAES,Aalesund,NOGJM,Gjemnes,1,1,Samskip,1,1,660,116,660,660,1,1,1,{1}
2016-03-27,NOAES,Aalesund,NOMAY,Maaloey,1,1,"Seago Line",1,1,862,204,862,862,0,0,0,{0}
2016-03-27,NOBGO,Bergen,NOAES,Aalesund,1,1,Samskip,1,1,660,116,660,660,1,1,1,{1}
2016-03-27,NOBGO,Bergen,NOFUS,Fusa,1,1,"Seago Line",1,1,862,204,862,862,0,0,0,{0}
2016-03-27,NOBVK,Brevik,NLRTM,Rotterdam,1,1,"COSCO; Evergreen Line; Hapag-Lloyd; Samskip; Unifeeder",5,1,972,170,972,972,2,2,2,{2}
2016-03-27,NOBVK,Brevik,NOMSS,Moss,1,1,"ANL; CMA CGM",2,1,698,120,698,698,0,0,0,{0}
2016-03-27,NOBVK,Brevik,SEGOT,Gothenburg,1,1,"ANL; CMA CGM",2,1,698,120,698,698,0,0,0,{0}
2016-03-27,NODRM,Drammen,NOMSS,Moss,2,2,"Evergreen Line; Seago Line; Tschudi Express; Unifeeder",4,5,1662.25,386.25,750,1036,1,1,1,"{1,1}"
2016-03-27,NODRM,Drammen,PLSZZ,Szczecin,1,1,"Team Lines; Tschudi Express; Unifeeder",3,1,648,150,648,648,4,4,4,{4}
2016-03-27,NOFRK,Fredrikstad,NLRTM,Rotterdam,1,1,"COSCO; Evergreen Line; Hapag-Lloyd; Samskip; Unifeeder",5,1,750,190,750,750,2,2,2,{2}
2016-03-27,NOFRK,Fredrikstad,NOLAR,"Larvik ",2,2,"Evergreen Line; Hapag-Lloyd; Seago Line; Team Lines; Unifeeder; ZIM",6,6,1784.75,481.75,868,1036,1,1,1,"{1,1}"
2016-03-27,NOFRK,Fredrikstad,SEHAD,Halmstad,1,1,Eimskip,1,2,698,60,698,698,1,1,1,{1}
2016-03-27,NOFUS,Fusa,NOAES,Aalesund,1,1,"Seago Line",1,1,862,204,862,862,1,1,1,{1}
2016-03-27,NOFUS,Fusa,NOSVG,Stavanger,1,1,"Seago Line",1,1,862,204,862,862,0,0,0,{0}
2016-03-27,NOGJM,Gjemnes,NLRTM,Rotterdam,1,1,Samskip,1,1,660,116,660,660,2,2,2,{2}
2016-03-27,NOKRS,Kristiansand,BEANR,Antwerp,1,1,"MSC; WEC Lines",2,1,877,231,877,877,1,1,1,{1}
2016-03-27,NOKRS,Kristiansand,DEBRV,Bremerhaven,2,2,"Evergreen Line; Hapag-Lloyd; Seago Line; Team Lines; Unifeeder; ZIM",6,3,1734.5,469.5,862,877,1,1.5,2,"{2,1}"
2016-03-27,NOKRS,Kristiansand,NLRTM,Rotterdam,1,1,"Evergreen Line; Hapag-Lloyd; Samskip; Unifeeder; ZIM",5,1,1008,238,1008,1008,1,1,1,{1}
2016-03-27,NOKRS,Kristiansand,NOOSL,Oslo,1,1,"Evergreen Line; Hapag-Lloyd; Team Lines; Unifeeder; ZIM",5,2,872.5,265.5,868,877,1,1,1,{1}
2016-03-27,NOLAR,"Larvik ",GBIMM,Immingham,1,1,"Evergreen Line; Tschudi Express; Unifeeder",3,1,750,170,750,750,1,1,1,{1}
2016-03-27,NOLAR,"Larvik ",NODRM,Drammen,1,1,"Seago Line",1,4,912.25,216.25,868,1036,1,1,1,{1}
2016-03-27,NOLAR,"Larvik ",NOFRK,Fredrikstad,1,1,"COSCO; Evergreen Line; Hapag-Lloyd; Samskip; Unifeeder",5,1,750,190,750,750,1,1,1,{1}
2016-03-27,NOLAR,"Larvik ",NOKRS,Kristiansand,2,2,"Evergreen Line; Hapag-Lloyd; MSC; Team Lines; Unifeeder; WEC Lines; ZIM",7,3,1749.5,496.5,868,877,0,0.5,1,"{0,1}"
2016-03-27,NOMAY,Maaloey,NOKRS,Kristiansand,1,1,"Seago Line",1,1,862,204,862,862,1,1,1,{1}
2016-03-27,NOMSS,Moss,DEHAM,Hamburg,1,1,"Seago Line",1,4,912.25,216.25,868,1036,2,2,2,{2}
2016-03-27,NOMSS,Moss,NOBVK,Brevik,1,1,"COSCO; Evergreen Line; Hapag-Lloyd; Samskip; Unifeeder",5,1,972,170,972,972,1,1,1,{1}
2016-03-27,NOMSS,Moss,NOLAR,"Larvik ",1,1,"Evergreen Line; Tschudi Express; Unifeeder",3,1,750,170,750,750,1,1,1,{1}
2016-03-27,NOMSS,Moss,NOOSL,Oslo,1,1,"ANL; CMA CGM",2,1,698,120,698,698,0,0,0,{0}
2016-03-27,NOOSL,Oslo,NOBVK,Brevik,2,1,"ANL; CMA CGM",2,2,1396,240,698,698,1,1,1,"{1,1}"
2016-03-27,NOOSL,Oslo,NOFRK,Fredrikstad,1,1,"Evergreen Line; Hapag-Lloyd; Team Lines; Unifeeder; ZIM",5,2,872.5,265.5,868,877,0,0,0,{0}
2016-03-27,NOOSL,Oslo,NOLAR,"Larvik ",2,2,"COSCO; Evergreen Line; Hapag-Lloyd; MSC; Samskip; Unifeeder; WEC Lines",7,2,1627,421,750,877,0,0.5,1,"{0,1}"
2016-03-27,NOOSL,Oslo,NOMSS,Moss,1,1,"COSCO; Evergreen Line; Hapag-Lloyd; Samskip; Unifeeder",5,1,972,170,972,972,1,1,1,{1}
2016-03-27,NOOSL,Oslo,SEGOT,Gothenburg,2,2,"COSCO; CSCL; Evergreen Line; Hapag-Lloyd; Yang Ming",5,2,1656,334,648,1008,1,1.5,2,"{1,2}"
2016-03-27,NOSVG,Stavanger,NOBGO,Bergen,1,1,"Seago Line",1,1,862,204,862,862,1,1,1,{1}
2016-03-27,NOTAE,Tananger,NOBGO,Bergen,1,1,Samskip,1,1,660,116,660,660,1,1,1,{1}
2016-03-27,NZAKL,Auckland,AUBNE,Brisbane,1,1,MSC,1,7,3034.14285714286,491.714285714286,2546,3607,4,4,4,{4}
2016-03-27,NZAKL,Auckland,AUMEL,Melbourne,2,2,"Alianca; ANL; CMA CGM; Hamburg Sud; Hapag-Lloyd; MSC; PDL-Pacific Direct Line; PIL; USL-US Lines",9,10,4752.71428571429,726.952380952381,957,3884,4,4.5,5,"{4,5}"
2016-03-27,NZAKL,Auckland,AUSYD,Sydney,1,1,"Alianca; CMA CGM; Hamburg Sud; Hapag-Lloyd; Maersk Line; MSC; SeaLand",7,10,3425.8,705.6,3000,3752,3,3,3,{3}
2016-03-27,NZAKL,Auckland,FJSUV,Suva,2,2,"Alianca; ANL; CMA CGM; Hamburg Sud; Hapag-Lloyd; Maersk Line; NPL-Neptune Pacific Line; PDL-Pacific Direct Line; Sofrana; USL-US Lines",10,6,6104.5,940,777,2742,4,4.5,5,"{5,4}"
2016-03-27,NZAKL,Auckland,MYTPP,"Tanjung Pelepas",1,1,"COSCO; Hapag-Lloyd; Maersk Line",3,6,2943.16666666667,528.666666666667,2824,3003,14,14,14,{14}
2016-03-27,NZAKL,Auckland,NCNOU,Noumea,2,2,"Maersk Line; PDL-Pacific Direct Line; Sofrana",3,2,9930.85714285714,1954.28571428571,894,1037,4,4.5,5,"{5,4}"
2016-03-27,NZAKL,Auckland,NZLYT,Lyttelton,3,3,"Alianca; ANL; APL; CMA CGM; COSCO; Hamburg Sud; Hapag-Lloyd; Maersk Line; MOL; NYK; OOCL; PIL; USL-US Lines",13,15,10217.6666666667,1346,1740,5042,2,2,4,"{2,4,2}"
2016-03-27,NZAKL,Auckland,NZMAP,"Marsden Point",1,1,"Swire Shipping",1,2,7904,914.285714285714,1728,1730,1,1,1,{1}
2016-03-27,NZAKL,Auckland,NZPOE,"Port Chalmers",1,1,"ANL; CMA CGM; CSCL; OOCL; PDL-Pacific Direct Line; PIL; USL-US Lines",7,7,4407.85714285714,351.428571428571,4250,4578,4,4,4,{4}
2016-03-27,NZAKL,Auckland,PAMIT,Manzanillo,1,1,"Alianca; CMA CGM; Hamburg Sud; Hapag-Lloyd; Maersk Line; MSC; SeaLand",7,10,3425.8,705.6,3000,3752,18,18,18,{18}
2016-03-27,NZAKL,Auckland,PFPPT,"Papeete, Tahiti",1,1,"PDL-Pacific Direct Line; Swire Shipping",2,1,1776,228.571428571429,777,777,8,8,8,{8}
2016-03-27,NZAKL,Auckland,TOTBU,Nuku'alofa,1,1,"PDL-Pacific Direct Line; PIL; Sofrana",3,1,1876,200,938,938,3,3,3,{3}
2016-03-27,NZBLU,Bluff,NZPOE,"Port Chalmers",1,1,MSC,1,7,3034.14285714286,491.714285714286,2546,3607,2,2,2,{2}
2016-03-27,NZLYT,Lyttelton,NZNPE,Napier,2,2,"Alianca; ANL; CMA CGM; COSCO; CSCL; Hamburg Sud; Hapag-Lloyd; MOL; NYK; OOCL; PDL-Pacific Direct Line; PIL; USL-US Lines",13,13,8452.52380952381,1014.42857142857,3765,4578,1,1,1,"{1,1}"
2016-03-27,NZLYT,Lyttelton,NZNSN,Nelson,2,2,"ANL; CMA CGM; Maersk Line; MSC; USL-US Lines",5,10,4774.14285714286,790.380952380952,1740,3607,0,0.5,1,"{0,1}"
2016-03-27,NZLYT,Lyttelton,NZPOE,"Port Chalmers",1,1,"COSCO; Hapag-Lloyd; Maersk Line; MOL",4,5,4215.4,1103.6,4045,4258,1,1,1,{1}
2016-03-27,NZLYT,Lyttelton,NZWLG,Wellington,1,1,"ANL; APL; CMA CGM; NYK; OOCL; PIL",6,6,4433,384.333333333333,4250,5042,1,1,1,{1}
2016-03-27,NZLYT,Lyttelton,PAMIT,Manzanillo,1,1,"ANL; CMA CGM; Marfret; USL-US Lines",4,7,5468.57142857143,1201.71428571429,2478,2872,16,16,16,{16}
2016-03-27,NZMAP,"Marsden Point",NZAKL,Auckland,1,1,"PDL-Pacific Direct Line; Swire Shipping",2,1,1776,228.571428571429,777,777,1,1,1,{1}
2016-03-27,NZMAP,"Marsden Point",NZTRG,Tauranga,1,1,"Swire Shipping",1,2,7904,914.285714285714,1728,1730,1,1,1,{1}
2016-03-27,NZNPE,Napier,NZAKL,Auckland,1,1,"COSCO; Hapag-Lloyd; Maersk Line",3,6,2943.16666666667,528.666666666667,2824,3003,2,2,2,{2}
2016-03-27,NZNPE,Napier,NZLYT,Lyttelton,1,1,"ANL; CMA CGM; Marfret; USL-US Lines",4,7,5468.57142857143,1201.71428571429,2478,2872,1,1,1,{1}
2016-03-27,NZNPE,Napier,NZTRG,Tauranga,5,5,"Alianca; ANL; APL; CMA CGM; COSCO; CSCL; Hamburg Sud; Hapag-Lloyd; Maersk Line; MOL; MSC; NYK; OOCL; PDL-Pacific Direct Line; PIL; SeaLand; USL-US Lines",17,36,19345.4666666667,2596.07619047619,2546,5042,0,0,1,"{0,0,1,1,0}"
2016-03-27,NZNSN,Nelson,NZWLG,Wellington,3,3,"ANL; CMA CGM; COSCO; Hapag-Lloyd; Maersk Line; MSC; USL-US Lines",7,16,7717.30952380952,1319.04761904762,1740,3607,0,0,1,"{0,1,0}"
2016-03-27,NZPOE,"Port Chalmers",MYTPP,"Tanjung Pelepas",1,1,"COSCO; Hapag-Lloyd; Maersk Line; MOL",4,5,4215.4,1103.6,4045,4258,15,15,15,{15}
2016-03-27,NZPOE,"Port Chalmers",NZLYT,Lyttelton,1,1,"ANL; CMA CGM; CSCL; OOCL; PDL-Pacific Direct Line; PIL; USL-US Lines",7,7,4407.85714285714,351.428571428571,4250,4578,1,1,1,{1}
2016-03-27,NZPOE,"Port Chalmers",NZNPE,Napier,1,1,"Alianca; CMA CGM; Hamburg Sud; Hapag-Lloyd; Maersk Line; MSC; SeaLand",7,10,3425.8,705.6,3000,3752,2,2,2,{2}
2016-03-27,NZPOE,"Port Chalmers",NZTIU,Timaru,1,1,MSC,1,7,3034.14285714286,491.714285714286,2546,3607,1,1,1,{1}
2016-03-27,NZTIU,Timaru,NZLYT,Lyttelton,1,1,MSC,1,7,3034.14285714286,491.714285714286,2546,3607,0,0,0,{0}
2016-03-27,NZTIU,Timaru,NZNPE,Napier,1,1,"COSCO; Hapag-Lloyd; Maersk Line",3,6,2943.16666666667,528.666666666667,2824,3003,2,2,2,{2}
2016-03-27,NZTRG,Tauranga,AUBNE,Brisbane,1,1,"ANL; APL; CMA CGM; NYK; OOCL; PIL",6,6,4433,384.333333333333,4250,5042,5,5,5,{5}
2016-03-27,NZTRG,Tauranga,AUSYD,Sydney,2,2,"Alianca; ANL; CMA CGM; Hamburg Sud; Hapag-Lloyd; Maersk Line; USL-US Lines",7,7,7002.5,1138.66666666667,1740,2742,3,3.5,4,"{4,3}"
2016-03-27,NZTRG,Tauranga,JPTYO,Tokyo,1,1,"Alianca; COSCO; Hamburg Sud; Hapag-Lloyd; MOL; NYK",6,6,4044.66666666667,663,3765,4250,11,11,11,{11}
2016-03-27,NZTRG,Tauranga,NCNOU,Noumea,1,1,"ANL; CMA CGM; CSCL; OOCL; PDL-Pacific Direct Line; PIL; USL-US Lines",7,7,4407.85714285714,351.428571428571,4250,4578,3,3,3,{3}
2016-03-27,NZTRG,Tauranga,NZAKL,Auckland,6,6,"Alianca; CMA CGM; Hamburg Sud; Hapag-Lloyd; Maersk Line; MSC; NPL-Neptune Pacific Line; PDL-Pacific Direct Line; SeaLand; Sofrana",10,24,18295.8,3482.26666666667,777,3752,0,1,3,"{2,1,3,0,1,1}"
2016-03-27,NZTRG,Tauranga,NZLYT,Lyttelton,1,1,"COSCO; Hapag-Lloyd; Maersk Line; MOL",4,5,4215.4,1103.6,4045,4258,1,1,1,{1}
2016-03-27,NZTRG,Tauranga,NZNPE,Napier,1,1,"ANL; CMA CGM; Marfret; USL-US Lines",4,7,5468.57142857143,1201.71428571429,2478,2872,1,1,1,{1}
2016-03-27,NZTRG,Tauranga,PFPPT,"Papeete, Tahiti",1,1,"Alianca; ANL; CMA CGM; Hamburg Sud; Hapag-Lloyd; MSC; PDL-Pacific Direct Line; PIL; USL-US Lines",9,7,3689.71428571429,496.285714285714,3534,3884,5,5,5,{5}
2016-03-27,NZTRG,Tauranga,PGLAE,Lae,1,1,"Swire Shipping",1,2,7904,914.285714285714,1728,1730,12,12,12,{12}
2016-03-27,NZWLG,Wellington,NZNPE,Napier,2,2,"ANL; APL; CMA CGM; MSC; NYK; OOCL; PIL",7,13,7467.14285714286,876.047619047619,2546,5042,1,1,1,"{1,1}"
2016-03-27,NZWLG,Wellington,NZTIU,Timaru,1,1,"COSCO; Hapag-Lloyd; Maersk Line",3,6,2943.16666666667,528.666666666667,2824,3003,2,2,2,{2}
2016-03-27,NZWLG,Wellington,NZTRG,Tauranga,2,2,"ANL; CMA CGM; Maersk Line; Marfret; USL-US Lines",5,10,7208.57142857143,1500.38095238095,1740,2872,1,1,1,"{1,1}"
2016-03-27,OMSLL,Salalah,AEJEA,"Dubai, Jebel Ali",5,5,"APL; Maersk Line; MCC; MSC; Safmarine; Seago Line",6,49,41567.766329259,3226.40056022409,5400,18270,2,3,6,"{3,6,2,2,3}"
2016-03-27,OMSLL,Salalah,DJJIB,Djibouti,1,1,MSC,1,13,5753.38461538462,350.923076923077,4395,7455,3,3,3,{3}
2016-03-27,OMSLL,Salalah,EGDAM,Damietta,1,1,"Maersk Line; Safmarine",2,8,5469.625,550,5400,5527,5,5,5,{5}
2016-03-27,OMSLL,Salalah,ESALG,Algeciras,1,1,"APL; Maersk Line; Safmarine",3,11,6229.09090909091,500,5576,6696,10,10,10,{10}
2016-03-27,OMSLL,Salalah,ITGIT,"Gioia Tauro",1,1,"MSC; WEC Lines",2,7,8665,590.142857142857,8189,8948,7,7,7,{7}
2016-03-27,OMSLL,Salalah,KEMBA,Mombasa,1,1,"Maersk Line; Safmarine",2,4,3548.5,587.5,3450,3649,5,5,5,{5}
2016-03-27,OMSLL,Salalah,LKCMB,Colombo,2,2,"Maersk Line; MCC; MSC; Safmarine",4,20,13091.2941176471,1088.03921568627,4360,9400,5,5.5,6,"{6,5}"
2016-03-27,OMSLL,Salalah,MYTPP,"Tanjung Pelepas",1,1,"Maersk Line; MCC; MSC; Safmarine",4,15,9476.4,786.4,8272,11660,8,8,8,{8}
2016-03-27,OMSLL,Salalah,PKKHI,Karachi,1,1,"Maersk Line; Safmarine",2,5,2427.6,338.8,2240,2478,3,3,3,{3}
2016-03-27,OMSLL,Salalah,REPDG,"Reunion Island",1,1,"Maersk Line; Safmarine",2,3,2592,406.333333333333,2468,2758,6,6,6,{6}
2016-03-27,OMSLL,Salalah,SAJED,Jeddah,3,3,"ANL; CMA CGM; CSCL; Maersk Line; Safmarine; Seago Line; UASC; USL-US Lines",8,23,26800.9107142857,3043.96428571429,6690,10000,3,3,3,"{3,3,3}"
2016-03-27,OMSLL,Salalah,SAKAC,"King Abdullah City",1,1,"MSC; WEC Lines",2,5,3096.6,200,2480,3501,4,4,4,{4}
2016-03-27,OMSLL,Salalah,SGSIN,Singapore,1,1,"Maersk Line; MCC; MSC; Safmarine; WEC Lines",5,12,13054.1666666667,700,12552,13800,9,9,9,{9}
2016-03-27,OMSLL,Salalah,THLCH,"Laem Chabang",1,1,"Maersk Line; Safmarine",2,7,4935.14285714286,429.714285714286,4306,6690,14,14,14,{14}
2016-03-27,OMSLL,Salalah,TZDAR,"Dar es Salaam",2,2,"Maersk Line; MSC; Safmarine; WEC Lines",4,10,5524.2,538.8,2240,3501,6,6.5,7,"{6,7}"
2016-03-27,OMSLL,Salalah,USNYC,"New York NY/NJ",1,1,"Maersk Line; MCC; MSC; Safmarine",4,17,8635.29411764706,504.705882352941,8183,9400,16,16,16,{16}
2016-03-27,OMSOH,Sohar,AEKLF,"Khor Fakkan",1,1,"ANL; CMA CGM; UASC",3,4,3802,355,3802,3802,1,1,1,{1}
2016-03-27,OMSOH,Sohar,INCOK,Cochin,1,1,"Evergreen Line; Maersk Line; Simatech",3,4,2728.5,514.5,2442,2824,5,5,5,{5}
2016-03-27,OMSOH,Sohar,INMUN,Mundra,1,1,"OEL-Orient Express Lines; Simatech; X-Press",3,2,4256,430,4132,4380,2,2,2,{2}
2016-03-27,OMSOH,Sohar,PKKHI,Karachi,1,1,"ANL; CMA CGM; UASC",3,4,3802,355,3802,3802,2,2,2,{2}
2016-03-27,OMSOH,Sohar,SGSIN,Singapore,2,2,"APL; Hanjin Shipping; Hapag-Lloyd; K Line; KMTC; MOL; OOCL; UASC; X-Press",9,14,14335.2857142857,1072.85714285714,3600,9336,9,10,11,"{9,11}"
2016-03-27,PABLB,Balboa,COBUN,Buenaventura,7,7,"Alianca; ANL; APL; CCNI; CMA CGM; CSCL; Evergreen Line; Hamburg Sud; Hapag-Lloyd; Hyundai; Maersk Line; MCC; MSC; Safmarine; SeaLand",15,66,42219.7357142857,4289.57142857143,1180,13102,0,1,3,"{1,3,0,1,1,2,1}"
2016-03-27,PABLB,Balboa,ECESM,Esmeraldas,1,1,"Maersk Line; SeaLand",2,3,2525.33333333333,440.333333333333,2450,2602,2,2,2,{2}
2016-03-27,PABLB,Balboa,ECGYE,Guayaquil,4,4,"APL; Hapag-Lloyd; Maersk Line; MSC; Seago Line; SeaLand",6,17,10754.6785714286,2914.78571428571,1341,5301,2,2,3,"{3,2,2,2}"
2016-03-27,PABLB,Balboa,KRPUS,Busan,1,1,"APL; Hapag-Lloyd; Hyundai; MOL; NYK; OOCL; ZIM",7,10,4873.4,420.6,4700,5089,20,20,20,{20}
2016-03-27,PABLB,Balboa,MXLZC,"Lazaro Cardenas",2,2,"ANL; APL; CMA CGM; Hanjin Shipping; Hapag-Lloyd; K Line; Maersk Line; MCC; MOL; NYK; Safmarine; SeaLand",12,29,14166.9642857143,1199.5,5308,9640,4,4.5,5,"{5,4}"
2016-03-27,PABLB,Balboa,MXZLO,"Manzanillo, MEX",1,1,"Alianca; APL; CCNI; CMA CGM; CSCL; Hamburg Sud; Hapag-Lloyd; Hyundai; MSC",9,10,8254.7,1180,8600,9443,4,4,4,{4}
2016-03-27,PABLB,Balboa,NICIO,Corinto,1,1,"Maersk Line; MSC; SeaLand",3,4,2485,510.5,2339,2566,2,2,2,{2}
2016-03-27,PABLB,Balboa,NZAKL,Auckland,1,1,"Alianca; CMA CGM; Hamburg Sud; Hapag-Lloyd; Maersk Line; MSC; SeaLand",7,10,3425.8,705.6,3000,3752,17,17,17,{17}
2016-03-27,PABLB,Balboa,PACTB,Cristobal,4,4,"CMA CGM; Hapag-Lloyd; Maersk Line; MSC; Safmarine; SeaLand; WEC Lines",7,33,18730.2444444444,2978.96825396825,3922,5301,0,0.5,1,"{0,1,1,0}"
2016-03-27,PABLB,Balboa,PAMIT,Manzanillo,3,3,"APL; Hapag-Lloyd; Hyundai; Maersk Line; MOL; OOCL; Safmarine; Seago Line; SeaLand",9,28,9913.45,1652.7,2226,5100,0,1,1,"{1,0,1}"
2016-03-27,PABLB,Balboa,PECLL,Callao,2,2,"Hapag-Lloyd; K Line; MOL; MSC; WEC Lines",5,11,6154.44444444444,1060.61111111111,1350,5301,5,5.5,6,"{6,5}"
2016-03-27,PABLB,Balboa,PEPAI,Paita,1,1,"Maersk Line; SeaLand",2,1,2478,400,2478,2478,2,2,2,{2}
2016-03-27,PABLB,Balboa,PTSIE,Sines,1,1,MSC,1,8,4352.875,802.5,3922,5042,10,10,10,{10}
2016-03-27,PABLB,Balboa,USLAX,"Los Angeles CA",1,1,"APL; Hapag-Lloyd; Hyundai; MOL; OOCL",5,10,4361.9,359,4369,5100,11,11,11,{11}
2016-03-27,PABLB,Balboa,USLGB,"Long Beach CA",1,1,MSC,1,10,5023.8,520,4900,5059,8,8,8,{8}
2016-03-27,PACTB,Cristobal,BEANR,Antwerp,1,1,"Hapag-Lloyd; Maersk Line; MSC",3,7,4471.42857142857,1164.28571428571,4112,5301,12,12,12,{12}
2016-03-27,PACTB,Cristobal,BSFPO,Freeport,1,1,"CMA CGM; Maersk Line; MSC; Safmarine; SeaLand",5,7,4625.57142857143,608.571428571429,3922,4931,4,4,4,{4}
2016-03-27,PACTB,Cristobal,COCTG,Cartagena,1,1,"Alianca; Hamburg Sud; Hapag-Lloyd; MSC; ZIM",5,7,5723.14285714286,1298.57142857143,5552,6750,1,1,1,{1}
2016-03-27,PACTB,Cristobal,CUMAR,Mariel,1,1,"MSC; WEC Lines",2,1,3542.85714285714,242.857142857143,2480,2480,3,3,3,{3}
2016-03-27,PACTB,Cristobal,HNPCR,"Puerto Cortes",1,1,"Great White Fleet; MSC",2,5,2548.8,568,2520,2556,5,5,5,{5}
2016-03-27,PACTB,Cristobal,ITGIT,"Gioia Tauro",1,1,MSC,1,10,5023.8,520,4900,5059,13,13,13,{13}
2016-03-27,PACTB,Cristobal,MXVER,Veracruz,1,1,"Alianca; Hamburg Sud; Hapag-Lloyd; MSC; ZIM",5,7,5723.14285714286,1298.57142857143,5552,6750,3,3,3,{3}
2016-03-27,PACTB,Cristobal,NLRTM,Rotterdam,1,1,"Hapag-Lloyd; MSC; WEC Lines",3,9,4609.44444444444,686.111111111111,3922,5301,12,12,12,{12}
2016-03-27,PACTB,Cristobal,PABLB,Balboa,3,3,"CMA CGM; Hapag-Lloyd; Maersk Line; MSC; Safmarine; SeaLand; WEC Lines",7,26,14258.8158730159,1814.68253968254,3922,5301,1,1,1,"{1,1,1}"
2016-03-27,PACTB,Cristobal,USSAV,"Savannah GA",1,1,"Maersk Line; MCC; MSC; Safmarine",4,10,4409.4,325.4,4082,5060,4,4,4,{4}
2016-03-27,PAMIT,Manzanillo,AWORJ,Aruba,1,1,"Hapag-Lloyd; Maersk Line; Seaboard Marine; SeaLand",4,3,1138.66666666667,134.666666666667,1708,1708,3,3,3,{3}
2016-03-27,PAMIT,Manzanillo,BRMAO,Manaus,1,1,"Alianca; ANL; CMA CGM; Hamburg Sud; Maersk Line; MOL; SeaLand",7,7,2490.14285714286,406,2690,3108,10,10,10,{10}
2016-03-27,PAMIT,Manzanillo,BRMCP,Macapa,1,1,MOL,1,2,3338,450,1608,1730,9,9,9,{9}
2016-03-27,PAMIT,Manzanillo,COBUN,Buenaventura,1,1,"Maersk Line; Safmarine; SeaLand",3,10,3049.3,756.2,2872,3078,2,2,2,{2}
2016-03-27,PAMIT,Manzanillo,COCTG,Cartagena,8,8,"Alianca; ANL; APL; CMA CGM; CSCL; Evergreen Line; Hamburg Sud; Hapag-Lloyd; Hyundai; King Ocean; Maersk Line; MOL; MSC; Safmarine; Seaboard Marine; SeaLand; X-Press; ZIM",18,62,25403.8893939394,4052.05303030303,877,5095,0,1,3,"{1,0,1,3,1,1,1,1}"
2016-03-27,PAMIT,Manzanillo,CRLIO,"Puerto Limon",5,5,"APL; CMA CGM; Evergreen Line; Hapag-Lloyd; Hyundai; King Ocean; Maersk Line; Marfret; MOL; Seaboard Marine; SeaLand; X-Press; ZIM",13,19,10049,1861.56666666667,877,2790,1,1,1,"{1,1,1,1,1}"
2016-03-27,PAMIT,Manzanillo,CRMOB,Moin,1,1,"Maersk Line; Safmarine; Seago Line",3,6,2545.33333333333,600,2530,2556,1,1,1,{1}
2016-03-27,PAMIT,Manzanillo,CUMAR,Mariel,1,1,"Melfi Marine; ZIM",2,2,1709.5,338.5,1706,1713,3,3,3,{3}
2016-03-27,PAMIT,Manzanillo,DOCAU,Caucedo,1,1,"APL; Maersk Line; MSC; SeaLand",4,2,2462,300,2456,2468,3,3,3,{3}
2016-03-27,PAMIT,Manzanillo,ESALG,Algeciras,1,1,"Maersk Line; Safmarine; SeaLand",3,10,3049.3,756.2,2872,3078,13,13,13,{13}
2016-03-27,PAMIT,Manzanillo,GTSTC,"Santo Tomas de Castilla",1,1,"APL; Evergreen Line; Hyundai; King Ocean; MOL; Seaboard Marine; X-Press",7,3,887,177.333333333333,877,907,4,4,4,{4}
2016-03-27,PAMIT,Manzanillo,HNPCR,"Puerto Cortes",1,1,"Maersk Line; Safmarine; SeaLand",3,5,1716.4,402,1708,1740,3,3,3,{3}
2016-03-27,PAMIT,Manzanillo,HTPAP,Port-au-Prince,1,1,"Caribbean Feeder; Hapag-Lloyd; Seaboard Marine; ZIM",4,2,712,145.5,712,712,4,4,4,{4}
2016-03-27,PAMIT,Manzanillo,JMKIN,Kingston,2,2,"APL; Caribbean Feeder; Evergreen Line; Hapag-Lloyd; Hyundai; Maersk Line; MOL; NYK; OOCL; Seaboard Marine; SeaLand; X-Press; ZIM",13,12,6075.4,649.6,1100,5089,1,1.5,2,"{2,1}"
2016-03-27,PAMIT,Manzanillo,NLRTM,Rotterdam,1,1,"Maersk Line; Seago Line; SeaLand",3,8,2502.25,537.5,2226,2592,12,12,12,{12}
2016-03-27,PAMIT,Manzanillo,PABLB,Balboa,3,3,"APL; Hapag-Lloyd; Hyundai; Maersk Line; MOL; NYK; OOCL; Seago Line; SeaLand; ZIM",10,28,11737.55,1317.1,2226,5100,0,1,1,"{1,0,1}"
2016-03-27,PAMIT,Manzanillo,PAONX,Colon,1,1,"Crowley; Evergreen Line; King Ocean; Seaboard Marine",4,2,2483,440.5,2442,2524,1,1,1,{1}
2016-03-27,PAMIT,Manzanillo,PAROD,Rodman,1,1,"Alianca; CMA CGM; Hamburg Sud; Hapag-Lloyd",4,8,3616.625,631,3091,4250,1,1,1,{1}
2016-03-27,PAMIT,Manzanillo,PECLL,Callao,1,1,"Alianca; ANL; CMA CGM; Hamburg Sud; Hapag-Lloyd",5,8,4085.375,913.25,3752,4250,5,5,5,{5}
2016-03-27,PAMIT,Manzanillo,USHOU,"Houston TX",1,1,"ANL; CMA CGM; CSCL; USL-US Lines",4,11,4604.18181818182,441.090909090909,4931,5100,4,4,4,{4}
2016-03-27,PAMIT,Manzanillo,USLAX,"Los Angeles CA",1,1,"ACL-Atlantic Container Line; APL; Hapag-Lloyd; Hyundai; NYK; OOCL",6,15,4881.93333333333,384,4612,5041,8,8,8,{8}
2016-03-27,PAMIT,Manzanillo,USMIA,"Miami FL",1,1,"APL; Hapag-Lloyd; Hyundai; MOL; OOCL",5,10,4361.9,359,4369,5100,3,3,3,{3}
2016-03-27,PAMIT,Manzanillo,USPEF,"Port Everglades FL",1,1,"APL; Maersk Line; SeaLand",3,3,1884,368,1713,2226,3,3,3,{3}
2016-03-27,PAMIT,Manzanillo,USSAV,"Savannah GA",2,2,"ACL-Atlantic Container Line; ANL; APL; CMA CGM; Hapag-Lloyd; Hyundai; Marfret; NYK; OOCL; USL-US Lines",10,22,10350.5047619048,1585.71428571429,2478,5041,4,4,4,"{4,4}"
2016-03-27,PAMIT,Manzanillo,VEGUA,Guaranao,1,1,"Caribbean Feeder; Hapag-Lloyd; Maersk Line; SeaLand; ZIM",5,1,2290,240,1145,1145,2,2,2,{2}
2016-03-27,PAMIT,Manzanillo,VEGUT,Guanta,1,1,"Caribbean Feeder; Hapag-Lloyd; Maersk Line; ZIM",4,1,1424,312,712,712,4,4,4,{4}
2016-03-27,PAMIT,Manzanillo,VEPBL,"Puerto Cabello",1,1,"Maersk Line; SeaLand",2,2,1445.5,259.5,1096,1795,2,2,2,{2}
2016-03-27,PAONX,Colon,CRLIO,"Puerto Limon",1,1,"Crowley; Evergreen Line; King Ocean; Seaboard Marine",4,2,2483,440.5,2442,2524,1,1,1,{1}
2016-03-27,PAONX,Colon,CWWIL,Willemstad,1,1,"Evergreen Line; MOL; SeaLand; X-Press; ZIM",5,2,2122,400,2122,2122,2,2,2,{2}
2016-03-27,PAONX,Colon,PAMIT,Manzanillo,1,1,"Caribbean Feeder; Evergreen Line; Hapag-Lloyd; Maersk Line; Seaboard Marine; SeaLand; X-Press; ZIM",8,2,1202,229,1100,1304,1,1,1,{1}
2016-03-27,PAONX,Colon,TWKHH,Kaohsiung,1,1,"Evergreen Line",1,10,4418.2,485.6,4211,5100,24,24,24,{24}
2016-03-27,PAONX,Colon,USCHS,"Charleston SC",1,1,"Evergreen Line",1,10,4418.2,485.6,4211,5100,4,4,4,{4}
2016-03-27,PAONX,Colon,USHOU,"Houston TX",1,1,"COSCO; Hanjin Shipping",2,9,4379.77777777778,359.111111111111,4250,5050,4,4,4,{4}
2016-03-27,PAONX,Colon,VEPBL,"Puerto Cabello",1,1,"Evergreen Line; MSC; ZIM",3,3,2315.33333333333,296.666666666667,2008,2470,9,9,9,{9}
2016-03-27,PAPAM,Almirante,USILG,"Wilmington DE",1,1,"Great White Fleet",1,2,2482,558,2474,2490,4,4,4,{4}
2016-03-27,PAROD,Rodman,ECGYE,Guayaquil,3,3,"Alianca; CCNI; CMA CGM; Great White Fleet; Hamburg Sud; Hapag-Lloyd; Seaboard Marine",7,14,6392.625,1350,957,4250,3,3,4,"{3,3,4}"
2016-03-27,PAROD,Rodman,GTPRQ,"Puerto Quetzal",1,1,"Alianca; CCNI; Great White Fleet; Hamburg Sud",4,5,1819,467,1819,1819,3,3,3,{3}
2016-03-27,PAROD,Rodman,PABLB,Balboa,1,1,"CMA CGM",1,4,1238,401.5,1180,1296,1,1,1,{1}
2016-03-27,PAROD,Rodman,PAMIT,Manzanillo,1,1,"Alianca; CMA CGM; Hamburg Sud; Hapag-Lloyd",4,8,3616.625,631,3091,4250,1,1,1,{1}
2016-03-27,PECLL,Callao,CLARI,Arica,1,1,"CMA CGM; Maersk Line; MSC; Safmarine; SeaLand",5,7,4625.57142857143,608.571428571429,3922,4931,2,2,2,{2}
2016-03-27,PECLL,Callao,CLIQQ,Iquique,3,3,"Alianca; APL; CCNI; CMA CGM; COSCO; CSCL; Evergreen Line; Hamburg Sud; Hanjin Shipping; Hapag-Lloyd; Hyundai; K Line; MOL; MSC; NYK; PIL; Wan Hai; Yang Ming",18,31,16881.7090909091,2394.83636363636,5250,9000,1,1,2,"{1,2,1}"
2016-03-27,PECLL,Callao,CLMJS,Mejillones,1,1,"Hapag-Lloyd; MSC; WEC Lines",3,9,4609.44444444444,686.111111111111,3922,5301,2,2,2,{2}
2016-03-27,PECLL,Callao,CLSAI,"San Antonio",4,4,"Alianca; ANL; APL; CCNI; CMA CGM; CSCL; Hamburg Sud; Hapag-Lloyd; Hyundai; Maersk Line; MCC; MSC; Safmarine; SeaLand",14,44,25422.5476190476,2264.46428571429,1728,10055,1,3,3,"{3,1,3,3}"
2016-03-27,PECLL,Callao,CLVAP,Valparaiso,1,1,"Alianca; ANL; CMA CGM; Hamburg Sud; Hapag-Lloyd",5,8,4085.375,913.25,3752,4250,3,3,3,{3}
2016-03-27,PECLL,Callao,COBUN,Buenaventura,1,1,"Alianca; CCNI; Hamburg Sud; Hapag-Lloyd",4,6,4299.83333333333,586,4043,4600,4,4,4,{4}
2016-03-27,PECLL,Callao,COCTG,Cartagena,1,1,"Alianca; CCNI; Hamburg Sud; Hapag-Lloyd",4,5,3708,535.714285714286,1728,1732,5,5,5,{5}
2016-03-27,PECLL,Callao,ECGYE,Guayaquil,4,4,"Alianca; CMA CGM; Evergreen Line; Hamburg Sud; Hapag-Lloyd; Trinity Shipping Line",6,18,6708.875,1275.125,505,3600,2,3,4,"{2,3,4,3}"
2016-03-27,PECLL,Callao,MXLZC,"Lazaro Cardenas",1,1,"Alianca; ANL; CCNI; CMA CGM; CSCL; Hamburg Sud; Hapag-Lloyd; Hyundai; MSC",9,12,8437,440.75,8772,10055,5,5,5,{5}
2016-03-27,PECLL,Callao,MXZLO,"Manzanillo, MEX",3,3,"APL; COSCO; Evergreen Line; Hanjin Shipping; Hapag-Lloyd; K Line; MOL; NYK; PIL; Wan Hai; Yang Ming",11,31,13784.1090909091,1266.23636363636,4250,6500,6,7,7,"{7,7,6}"
2016-03-27,PECLL,Callao,PABLB,Balboa,2,2,"CMA CGM; Maersk Line; MSC; Safmarine; SeaLand",5,10,7150.90476190476,1048.90476190476,2450,4931,3,4,5,"{5,3}"
2016-03-27,PECLL,Callao,PAMIT,Manzanillo,1,1,"Alianca; ANL; CMA CGM; Hamburg Sud; Hapag-Lloyd",5,8,4085.375,913.25,3752,4250,4,4,4,{4}
2016-03-27,PECLL,Callao,PEILQ,Ilo,1,1,"CMA CGM",1,4,1238,401.5,1180,1296,1,1,1,{1}
2016-03-27,PECLL,Callao,PEMRI,Matarani,1,1,"Evergreen Line",1,4,1370.75,356.75,1296,1550,1,1,1,{1}
2016-03-27,PECLL,Callao,PEPAI,Paita,2,2,"Alianca; CMA CGM; Hamburg Sud; Hapag-Lloyd; K Line; MOL",6,10,5161.625,1005.5,1350,4250,2,2,2,"{2,2}"
2016-03-27,PEILQ,Ilo,CLARI,Arica,1,1,"CMA CGM",1,4,1238,401.5,1180,1296,1,1,1,{1}
2016-03-27,PEILQ,Ilo,CLIQQ,Iquique,1,1,"Alianca; CCNI; Hamburg Sud; Hapag-Lloyd",4,5,3708,535.714285714286,1728,1732,1,1,1,{1}
2016-03-27,PEMRI,Matarani,CLIQQ,Iquique,1,1,"Evergreen Line",1,4,1370.75,356.75,1296,1550,1,1,1,{1}
2016-03-27,PEPAI,Paita,ECGYE,Guayaquil,3,3,"Alianca; CMA CGM; Dole; Hamburg Sud; Hapag-Lloyd; K Line; MOL",7,13,6268.29166666667,1302.16666666667,890,4250,0,1,1,"{1,1,0}"
2016-03-27,PEPAI,Paita,PABLB,Balboa,1,1,"Maersk Line; SeaLand",2,1,2478,400,2478,2478,3,3,3,{3}
2016-03-27,PFPPT,"Papeete, Tahiti",NCNOU,Noumea,1,1,"ANL; CMA CGM; Marfret; USL-US Lines",4,7,5468.57142857143,1201.71428571429,2478,2872,7,7,7,{7}
2016-03-27,PFPPT,"Papeete, Tahiti",NZMAP,"Marsden Point",1,1,"PDL-Pacific Direct Line; Swire Shipping",2,1,1776,228.571428571429,777,777,6,6,6,{6}
2016-03-27,PFPPT,"Papeete, Tahiti",TOTBU,Nuku'alofa,1,1,"Alianca; Hamburg Sud; Polynesia Line",3,2,3017.14285714286,624.642857142857,1102,1714,5,5,5,{5}
2016-03-27,PFPPT,"Papeete, Tahiti",USOAK,"Oakland CA",1,1,"Alianca; ANL; CMA CGM; Hamburg Sud; Hapag-Lloyd; MSC; PDL-Pacific Direct Line; PIL; USL-US Lines",9,7,3689.71428571429,496.285714285714,3534,3884,13,13,13,{13}
2016-03-27,PGGUR,Alotau,PGROR,"Oro Bay",1,1,"Carpenters Shipping; Swire Shipping",2,2,5187,675,1728,1730,0,0,0,{0}
2016-03-27,PGLAE,Lae,MYTPP,"Tanjung Pelepas",1,1,"Maersk Line",1,2,3034.57142857143,597.142857142857,1118,1118,13,13,13,{13}
2016-03-27,PGLAE,Lae,PGLNV,"Lihir Island",1,1,"Maersk Line; PDL-Pacific Direct Line; Sofrana",3,1,5333.14285714286,925.714285714286,1037,1037,5,5,5,{5}
2016-03-27,PGLAE,Lae,PGPOM,"Port Moresby",2,2,"ANL; CMA CGM; NewPac; USL-US Lines",4,3,9591.42857142857,1714.28571428571,1078,1740,2,3,4,"{4,2}"
2016-03-27,PGLAE,Lae,PGRAB,Rabaul,3,3,"ANL; Carpenters Shipping; CMA CGM; Maersk Line; PDL-Pacific Direct Line; Sofrana; Swire Shipping; USL-US Lines",8,4,16676.1428571429,2723.57142857143,894,1730,1,2,4,"{4,1,2}"
2016-03-27,PGLAE,Lae,PHDVO,Davao,1,1,"Swire Shipping",1,2,7904,914.285714285714,1728,1730,7,7,7,{7}
2016-03-27,PGLNV,"Lihir Island",SBHIR,Honiara,2,2,"Maersk Line; PDL-Pacific Direct Line; Sofrana",3,2,9930.85714285714,1954.28571428571,894,1037,4,4,4,"{4,4}"
2016-03-27,PGMAG,Madang,PGLAE,Lae,1,1,"ANL; CMA CGM; USL-US Lines",3,1,4620,857.142857142857,1078,1078,1,1,1,{1}
2016-03-27,PGMAG,Madang,SGSIN,Singapore,1,1,"Carpenters Shipping; Swire Shipping",2,2,5187,675,1728,1730,9,9,9,{9}
2016-03-27,PGPOM,"Port Moresby",AUTSV,Townsville,1,1,MELL,1,3,3286.66666666667,626.666666666667,1300,1890,4,4,4,{4}
2016-03-27,PGPOM,"Port Moresby",MYPKG,"Port Klang",2,2,"ANL; CMA CGM; USL-US Lines",3,2,11511.4285714286,1877.14285714286,1078,1608,9,9.5,10,"{10,9}"
2016-03-27,PGPOM,"Port Moresby",PGGUR,Alotau,1,1,"Carpenters Shipping; Swire Shipping",2,2,5187,675,1728,1730,1,1,1,{1}
2016-03-27,PGPOM,"Port Moresby",PGLAE,Lae,2,2,"Maersk Line; PDL-Pacific Direct Line; Sofrana",3,2,9930.85714285714,1954.28571428571,894,1037,4,4,4,"{4,4}"
2016-03-27,PGPOM,"Port Moresby",PGRAB,Rabaul,1,1,NewPac,1,2,4971.42857142857,857.142857142857,1740,1740,4,4,4,{4}
2016-03-27,PGPOM,"Port Moresby",SBNOR,Noro,1,1,"Maersk Line",1,2,3034.57142857143,597.142857142857,1118,1118,3,3,3,{3}
2016-03-27,PGRAB,Rabaul,PGLNV,"Lihir Island",1,1,"Maersk Line; PDL-Pacific Direct Line; Sofrana",3,1,4597.71428571429,1028.57142857143,894,894,1,1,1,{1}
2016-03-27,PGRAB,Rabaul,PGMAG,Madang,1,1,"Carpenters Shipping; Swire Shipping",2,2,5187,675,1728,1730,2,2,2,{2}
2016-03-27,PGRAB,Rabaul,PGPOM,"Port Moresby",1,1,"ANL; CMA CGM; USL-US Lines",3,1,6891.42857142857,1020,1608,1608,2,2,2,{2}
2016-03-27,PGRAB,Rabaul,SBHIR,Honiara,1,1,NewPac,1,2,4971.42857142857,857.142857142857,1740,1740,3,3,3,{3}
2016-03-27,PGROR,"Oro Bay",PGLAE,Lae,1,1,"Carpenters Shipping; Swire Shipping",2,2,5187,675,1728,1730,0,0,0,{0}
2016-03-27,PHBTG,Batangas,CNXMN,Xiamen,1,1,"SITC Shipping",1,5,891.2,100,831,1037,2,2,2,{2}
2016-03-27,PHBTG,Batangas,PHCGY,"Cagayan de Oro",1,1,MCC,1,10,1734.7,351.8,1705,1856,1,1,1,{1}
2016-03-27,PHBTG,Batangas,PHMNL,Manila,1,1,MCC,1,8,2891.25,564.5,2732,3450,1,1,1,{1}
2016-03-27,PHCEB,Cebu,HKHKG,"Hong Kong",1,1,MCC,1,10,1734.7,351.8,1705,1856,4,4,4,{4}
2016-03-27,PHCEB,Cebu,IDMAK,Makassar,1,1,"SITC Shipping",1,5,891.2,100,831,1037,3,3,3,{3}
2016-03-27,PHCEB,Cebu,PHGES,"General Santos",3,3,"Evergreen Line; MELL; Wan Hai",3,8,4191.5,862,1080,1684,2,3,4,"{3,4,2}"
2016-03-27,PHCEB,Cebu,TWKHH,Kaohsiung,1,1,"BTL-Bengal Tiger Line; Hanjin Shipping; Hapag-Lloyd; NYK; OOCL; Wan Hai; X-Press",7,1,1042,145,1042,1042,2,2,2,{2}
2016-03-27,PHCGY,"Cagayan de Oro",CNSHA,Shanghai,1,1,MCC,1,10,1734.7,351.8,1705,1856,4,4,4,{4}
2016-03-27,PHCGY,"Cagayan de Oro",PHCEB,Cebu,1,1,MCC,1,10,1734.7,351.8,1705,1856,1,1,1,{1}
2016-03-27,PHCGY,"Cagayan de Oro",PHGES,"General Santos",1,1,MCC,1,10,1734.7,351.8,1705,1856,2,2,2,{2}
2016-03-27,PHCGY,"Cagayan de Oro",TWKHH,Kaohsiung,1,1,APL,1,2,1694,237,1530,1858,2,2,2,{2}
2016-03-27,PHDVO,Davao,CNSHA,Shanghai,2,2,"ANL; CMA CGM; CNC Line-Cheng Lie Navigation Co. Ltd.; PIL",4,14,4610,666.5,1085,3426,5,6,7,"{5,7}"
2016-03-27,PHDVO,Davao,HKHKG,"Hong Kong",2,2,"MELL; Wan Hai",2,6,2849,413,1080,1684,4,4,4,"{4,4}"
2016-03-27,PHDVO,Davao,KRPTK,Pyongtaek,1,1,MCC,1,5,2552.4,490,2546,2578,6,6,6,{6}
2016-03-27,PHDVO,Davao,PHCGY,"Cagayan de Oro",1,1,MCC,1,10,1734.7,351.8,1705,1856,2,2,2,{2}
2016-03-27,PHDVO,Davao,PHSFS,"Subic Bay",1,1,"Swire Shipping",1,2,7904,914.285714285714,1728,1730,5,5,5,{5}
2016-03-27,PHDVO,Davao,TWKHH,Kaohsiung,1,1,"Evergreen Line",1,2,1342.5,449,1338,1347,3,3,3,{3}
2016-03-27,PHGES,"General Santos",PHDVO,Davao,4,4,"Evergreen Line; MCC; MELL; Wan Hai",4,18,5926.2,1213.8,1080,1856,2,2,2,"{2,2,2,2}"
2016-03-27,PHMNL,Manila,CNSHA,Shanghai,2,2,"K Line; Sinotrans; SITC Shipping; Yang Ming",4,5,3457,416.666666666667,1005,2742,5,6,7,"{7,5}"
2016-03-27,PHMNL,Manila,CNSHK,Shekou,1,1,"Evergreen Line; Wan Hai; Yang Ming",3,3,1734.66666666667,236.666666666667,1618,1858,2,2,2,{2}
2016-03-27,PHMNL,Manila,CNTAO,Qingdao,1,1,"Gold Star Line; Hyundai; TS Lines; ZIM",4,3,2284,246.666666666667,2200,2452,7,7,7,{7}
2016-03-27,PHMNL,Manila,CNYTN,Yantian,1,1,"TS Lines",1,3,1042.66666666667,193.333333333333,1024,1080,2,2,2,{2}
2016-03-27,PHMNL,Manila,HKHKG,"Hong Kong",3,3,"ANL; CMA CGM; CNC Line-Cheng Lie Navigation Co. Ltd.; Gold Star Line; OOCL; Sinotrans; SITC Shipping; Yang Ming; ZIM",9,7,5972.6,800,907,3534,2,2,3,"{2,2,3}"
2016-03-27,PHMNL,Manila,JPTYO,Tokyo,1,1,"ANL; CMA CGM; CNC Line-Cheng Lie Navigation Co. Ltd.; MOL",4,3,2644,366.666666666667,2450,2741,4,4,4,{4}
2016-03-27,PHMNL,Manila,KRPUS,Busan,3,3,"ANL; BTL-Bengal Tiger Line; CMA CGM; Gold Star Line; Hanjin Shipping; Heung-A; Hyundai; RCL; Simatech; TS Lines; ZIM",11,11,8219,821,958,5023,3,5,7,"{3,7,5}"
2016-03-27,PHMNL,Manila,MYBKI,"Kota Kinabalu, Sabah",1,1,"Evergreen Line; PIL",2,2,1301,187,1162,1440,2,2,2,{2}
2016-03-27,PHMNL,Manila,PHCEB,Cebu,1,1,"SITC Shipping",1,5,891.2,100,831,1037,2,2,2,{2}
2016-03-27,PHMNL,Manila,PHCGY,"Cagayan de Oro",1,1,MCC,1,10,1734.7,351.8,1705,1856,2,2,2,{2}
2016-03-27,PHMNL,Manila,PHDVO,Davao,1,1,"ANL; CMA CGM; CNC Line-Cheng Lie Navigation Co. Ltd.",3,4,2951.5,521.5,2778,3426,7,7,7,{7}
2016-03-27,PHMNL,Manila,PHSFS,"Subic Bay",3,3,"MCC; Wan Hai",2,10,4971.25,564.5,1040,3450,0,1,2,"{1,0,2}"
2016-03-27,PHMNL,Manila,THLCH,"Laem Chabang",2,2,"CMA CGM; CNC Line-Cheng Lie Navigation Co. Ltd.; Evergreen Line; MOL",4,6,5758.33333333333,651.666666666667,1440,5364,3,3,3,"{3,3}"
2016-03-27,PHMNL,Manila,TWKHH,Kaohsiung,7,7,"ANL; APL; CMA CGM; CNC Line-Cheng Lie Navigation Co. Ltd.; Evergreen Line; Hanjin Shipping; Hyundai; K Line; MOL; NYK; OOCL; Yang Ming",12,15,11817,1951.16666666667,550,2742,1,2,2,"{2,2,1,2,2,2,2}"
2016-03-27,PHMNL,Manila,VNSGN,"Ho Chi Minh (VICT/Cat Lai)",1,1,"ANL; CMA CGM; CNC Line-Cheng Lie Navigation Co. Ltd.; Heung-A; KMTC; Namsung",6,3,1740,300,1740,1740,3,3,3,{3}
2016-03-27,PHSFS,"Subic Bay",HKHKG,"Hong Kong",2,2,"MCC; Wan Hai",2,9,3931.25,564.5,1040,3450,1,1.5,2,"{1,2}"
2016-03-27,PHSFS,"Subic Bay",PHCGY,"Cagayan de Oro",1,1,APL,1,2,1694,237,1530,1858,2,2,2,{2}
2016-03-27,PHSFS,"Subic Bay",SGSIN,Singapore,1,1,"Swire Shipping",1,2,7904,914.285714285714,1728,1730,9,9,9,{9}
2016-03-27,PHSFS,"Subic Bay",TWKHH,Kaohsiung,1,1,"Wan Hai",1,1,1040,,1040,1040,2,2,2,{2}
2016-03-27,PKKHI,Karachi,AEAUH,"Abu Dhabi",1,1,"Wan Hai",1,2,1480,261.5,1220,1740,2,2,2,{2}
2016-03-27,PKKHI,Karachi,AEJEA,"Dubai, Jebel Ali",3,3,"Maersk Line; OEL-Orient Express Lines; Safmarine; UAFL-United Africa Feeder Line; WEC Lines; X-Press",6,9,9116.74285714286,1147.51428571429,1684,2826,2,2,4,"{2,2,4}"
2016-03-27,PKKHI,Karachi,INMUN,Mundra,6,6,"ANL; CMA CGM; COSCO; CSCL; Evergreen Line; Hanjin Shipping; K Line; KMTC; Marguisa; MSC; OOCL; PIL; Simatech; UASC; Wan Hai; Yang Ming",16,34,32135.6761904762,2553,3802,9200,0,1,1,"{0,0,1,1,1,1}"
2016-03-27,PKKHI,Karachi,INNSA,"Mumbai (Nhava Sheva)",5,5,"Alianca; ANL; CMA CGM; CSCL; Hamburg Sud; Hapag-Lloyd; MSC; NYK; OOCL; UASC; USL-US Lines; WEC Lines; X-Press",13,35,32549.875,3807.39285714286,2741,9289,1,1,2,"{2,1,2,1,1}"
2016-03-27,PKKHI,Karachi,INPAV,Pipavav,2,2,"APL; Maersk Line; MOL; OOCL; Safmarine; Samudera",6,14,10541.7575757576,862,4250,6696,1,1,1,"{1,1}"
2016-03-27,PKKHI,Karachi,IRBND,"Bandar Abbas",1,1,PIL,1,4,3056.25,310,3000,3075,3,3,3,{3}
2016-03-27,PKKHI,Karachi,LKCMB,Colombo,1,1,"APL; RCL",2,6,4296.66666666667,324.666666666667,4832,5888,8,8,8,{8}
2016-03-27,PKKHI,Karachi,MYPKG,"Port Klang",1,1,"Hanjin Shipping; K Line; KMTC; NYK; OOCL",5,6,4847.66666666667,563,4600,5400,7,7,7,{7}
2016-03-27,PKKHI,Karachi,OMSLL,Salalah,1,1,"Maersk Line; Safmarine",2,4,3548.5,587.5,3450,3649,3,3,3,{3}
2016-03-27,PKKHI,Karachi,SGSIN,Singapore,2,2,"ANL; APL; CMA CGM; Emirates Shipping; Evergreen Line; Gold Star Line; Hyundai; Maersk Line; MCC; OOCL; RCL; Safmarine; ZIM",13,14,11737.4285714286,1145.14285714286,5551,9443,8,8,8,"{8,8}"
2016-03-27,PLGDN,Gdansk,DEBRV,Bremerhaven,1,1,"Maersk Line; MCC; MSC; Safmarine; Seago Line",5,11,16609.0909090909,545.454545454545,18270,18270,2,2,2,{2}
2016-03-27,PLGDN,Gdansk,DKAAR,Aarhus,1,1,"Seago Line",1,2,868,150,868,868,3,3,3,{3}
2016-03-27,PLGDN,Gdansk,EETLL,"Tallinn Estonia",1,1,"Seago Line",1,2,1724.5,300,1719,1730,1,1,1,{1}
2016-03-27,PLGDN,Gdansk,PLGDY,"Gdynia Poland",1,1,"Hapag-Lloyd; OOCL; Unifeeder; ZIM",4,3,842.571428571429,208.857142857143,877,1036,0,0,0,{0}
2016-03-27,PLGDN,Gdansk,RUULU,"Ust Luga",1,1,"Seago Line",1,2,1724.5,300,1719,1730,1,1,1,{1}
2016-03-27,PLGDN,Gdansk,SEGOT,Gothenburg,1,1,"APL; Hapag-Lloyd; Hyundai; MOL; NYK; OOCL",6,12,12559.5833333333,666.666666666667,13169,14000,1,1,1,{1}
2016-03-27,PLGDN,Gdansk,SENRK,Norrköping,1,1,"ANL; CMA CGM",2,2,822,150,822,822,1,1,1,{1}
2016-03-27,PLGDY,"Gdynia Poland",DEBRV,Bremerhaven,1,1,Hapag-Lloyd,1,2,1440,316,1440,1440,2,2,2,{2}
2016-03-27,PLGDY,"Gdynia Poland",DEHAM,Hamburg,1,1,Hapag-Lloyd,1,2,1422,308,1404,1440,4,4,4,{4}
2016-03-27,PLGDY,"Gdynia Poland",EETLL,"Tallinn Estonia",1,1,Hapag-Lloyd,1,2,1422,308,1404,1440,2,2,2,{2}
2016-03-27,PLGDY,"Gdynia Poland",FIKTK,Kotka,1,1,"ANL; CMA CGM",2,2,1312,302.5,1220,1404,2,2,2,{2}
2016-03-27,PLGDY,"Gdynia Poland",GBTEE,Teesport,1,1,"EuroAfrica Shipping Lines; MacAndrews; OPDR",3,1,804,180,804,804,3,3,3,{3}
2016-03-27,PLGDY,"Gdynia Poland",GBTIL,Tilbury,1,1,"MacAndrews; OPDR",2,2,750,145,750,750,3,3,3,{3}
2016-03-27,PLGDY,"Gdynia Poland",LTKLJ,"Klaipeda
",2,2,"COSCO; CSCL; MSC; Yang Ming",4,3,5193,650,1036,4392,0,0,0,"{0,0}"
2016-03-27,PLGDY,"Gdynia Poland",NLRTM,Rotterdam,1,1,"Hapag-Lloyd; OOCL; Unifeeder; ZIM",4,3,842.571428571429,208.857142857143,877,1036,3,3,3,{3}
2016-03-27,PLGDY,"Gdynia Poland",PLSZZ,Szczecin,1,1,"COSCO; Hapag-Lloyd; Tschudi Express; Unifeeder",4,2,798,125,624,972,1,1,1,{1}
2016-03-27,PLGDY,"Gdynia Poland",RULED,"St Petersburg",1,1,Hapag-Lloyd,1,2,1440,316,1440,1440,3,3,3,{3}
2016-03-27,PLSZZ,Szczecin,GBIMM,Immingham,1,1,"COSCO; Hapag-Lloyd; Tschudi Express; Unifeeder",4,2,798,125,624,972,2,2,2,{2}
2016-03-27,PLSZZ,Szczecin,LVRIX,Riga,1,1,"ANL; CMA CGM",2,1,907,200,907,907,1,1,1,{1}
2016-03-27,PLSZZ,Szczecin,NODRM,Drammen,1,1,"Team Lines; Tschudi Express; Unifeeder",3,1,648,150,648,648,1,1,1,{1}
2016-03-27,PLSZZ,Szczecin,NOFRK,Fredrikstad,1,1,Eimskip,1,2,698,60,698,698,1,1,1,{1}
2016-03-27,PLSZZ,Szczecin,PLGDN,Gdansk,1,1,"Seago Line",1,2,868,150,868,868,1,1,1,{1}
2016-03-27,PRSJU,"San Juan PR",COCTG,Cartagena,1,1,"Hapag-Lloyd; Maersk Line; SeaLand",3,5,2516,420.4,2478,2578,2,2,2,{2}
2016-03-27,PRSJU,"San Juan PR",DOHAI,"Rio Haina",1,1,"APL; Maersk Line; MSC; SeaLand",4,2,2462,300,2456,2468,1,1,1,{1}
2016-03-27,PRSJU,"San Juan PR",JMKIN,Kingston,1,1,"Alianca; Caribbean Feeder; Hamburg Sud; Seaboard Marine; ZIM",5,2,1099,210,1096,1102,2,2,2,{2}
2016-03-27,PRSJU,"San Juan PR",PAMIT,Manzanillo,1,1,"Evergreen Line; MOL; SeaLand; X-Press; ZIM",5,2,2122,400,2122,2122,4,4,4,{4}
2016-03-27,PRSJU,"San Juan PR",SXSXM,"St Maarten-Philipsburg",1,1,"CMA CGM",1,2,990,212,862,1118,1,1,1,{1}
2016-03-27,PRSJU,"San Juan PR",USJAX,"Jacksonville FL",1,1,"TOTE Maritime",1,1,3100,,3100,3100,4,4,4,{4}
2016-03-27,PRSJU,"San Juan PR",VISTT,"St Thomas VI",1,1,"Tropical Shipping",1,2,1089.5,226,1061,1118,1,1,1,{1}
2016-03-27,PRSJU,"San Juan PR",VISTX,"St Croix VI",1,1,"CMA CGM; TOTE Maritime",2,1,120,24,120,120,1,1,1,{1}
2016-03-27,PTFDF,"Figueira da Foz",PTLEI,Leixoes,1,1,"MSC; WEC Lines",2,1,700,100,700,700,2,2,2,{2}
2016-03-27,PTFDF,"Figueira da Foz",PTSET,Setubal,1,1,"MacAndrews; OPDR",2,1,1016,108,508,508,1,1,1,{1}
2016-03-27,PTLEI,Leixoes,ESALG,Algeciras,2,2,"COSCO; Evergreen Line; Maersk Line; Safmarine; X-Press",5,3,5643,574,1200,1545,2,2,2,"{2,2}"
2016-03-27,PTLEI,Leixoes,ESCAS,Castellon,1,1,"Borchard Lines Ltd",1,4,1216,200,1216,1216,4,4,4,{4}
2016-03-27,PTLEI,Leixoes,ESLPA,"Las Palmas, Can Is",1,1,Transinsular,1,2,2706,344,1129,1577,5,5,5,{5}
2016-03-27,PTLEI,Leixoes,ESMPG,Marin,1,1,"Arkas Line; Nisa Maritima",2,1,1034.28571428571,214.285714285714,724,724,1,1,1,{1}
2016-03-27,PTLEI,Leixoes,ESVGO,Vigo,2,2,"ANL; CMA CGM; Evergreen Line; MSC; OPDR; Samskip; WEC Lines; X-Press",8,6,2729.66666666667,546.666666666667,803,2109,0,0.5,1,"{0,1}"
2016-03-27,PTLEI,Leixoes,FRLEH,"Le Havre",1,1,"ANL; CMA CGM; NileDutch",3,7,2993.85714285714,558.714285714286,2478,3400,1,1,1,{1}
2016-03-27,PTLEI,Leixoes,GBFXT,Felixstowe,2,2,"K Line; MSC; Unifeeder; WEC Lines",4,6,1753.5,300,809,1008,3,3.5,4,"{4,3}"
2016-03-27,PTLEI,Leixoes,GBLIV,Liverpool,3,3,"Borchard Lines Ltd; MacAndrews; OPDR",3,7,2930,428,508,1216,3,3,3,"{3,3,3}"
2016-03-27,PTLEI,Leixoes,GBTIL,Tilbury,2,2,"COSCO; MacAndrews; OOCL; OPDR; Team Lines; X-Press",6,6,1392,240,686,698,3,3,3,"{3,3}"
2016-03-27,PTLEI,Leixoes,NLRTM,Rotterdam,2,2,"ANL; CMA CGM; Evergreen Line; MSC; OPDR; Samskip; WEC Lines; X-Press",8,6,1671.33333333333,386,803,868,3,3,3,"{3,3}"
2016-03-27,PTLEI,Leixoes,PTLIS,Lisbon,4,4,"Maersk Line; MSC; OPDR; PSL; Safmarine; Seago Line; WEC Lines; X-Press",8,13,10711.7321428571,1632.78571428571,707,2902,1,1,2,"{1,1,1,2}"
2016-03-27,PTLEI,Leixoes,PTSET,Setubal,2,2,"MacAndrews; MSC; OPDR; WEC Lines",4,4,1394,220,686,700,1,1,1,"{1,1}"
2016-03-27,PTLEI,Leixoes,PTSIE,Sines,1,1,"MSC; WEC Lines",2,3,868,206,868,868,1,1,1,{1}
2016-03-27,PTLIS,Lisbon,CAHAL,Halifax,1,1,"Melfi Marine",1,4,2604.64285714286,442.5,1678,2080,8,8,8,{8}
2016-03-27,PTLIS,Lisbon,CAMTR,Montreal,1,1,Hapag-Lloyd,1,5,2545,219.2,2300,2808,9,9,9,{9}
2016-03-27,PTLIS,Lisbon,ESALG,Algeciras,5,5,"ANL; CMA CGM; Evergreen Line; Hanjin Shipping; Hapag-Lloyd; MacAndrews; Maersk Line; NileDutch; OPDR; Safmarine; Seago Line; X-Press",12,24,8884.73214285714,1229.41428571429,686,3400,1,1,2,"{2,1,1,1,1}"
2016-03-27,PTLIS,Lisbon,ESSCT,Tenerife,1,1,"Boluda Lines",1,2,1048.5,165,1036,1061,3,3,3,{3}
2016-03-27,PTLIS,Lisbon,MACAS,Casablanca,1,1,"Maersk Line; OPDR; X-Press",3,1,2121,450,707,707,3,3,3,{3}
2016-03-27,PTLIS,Lisbon,MAPTM,Tanger,1,1,"Alianca; Hamburg Sud; Hapag-Lloyd; ZIM",4,11,4408.27272727273,393.636363636364,4250,4800,1,1,1,{1}
2016-03-27,PTLIS,Lisbon,PTLEI,Leixoes,5,5,"ANL; CMA CGM; Evergreen Line; K Line; Maersk Line; MSC; OPDR; Safmarine; Samskip; Transinsular; Unifeeder; WEC Lines; X-Press",13,14,9635.83333333333,1222,803,1577,1,1,2,"{1,2,1,1,1}"
2016-03-27,PTLIS,Lisbon,PTSET,Setubal,2,2,"MacAndrews; MSC; OPDR; WEC Lines",4,5,1632,270,686,1008,1,1,1,"{1,1}"
2016-03-27,PTLIS,Lisbon,PTSIE,Sines,1,1,"Alianca; ANL; CMA CGM; Hamburg Sud; Hapag-Lloyd; Maersk Line; MSC; Safmarine",8,7,5748.14285714286,544.857142857143,5551,5800,0,0,0,{0}
2016-03-27,PTLIS,Lisbon,STTMS,"Sao Tome",1,1,PSL,1,2,6042.85714285714,814.285714285714,2061,2169,13,13,13,{13}
2016-03-27,PTSET,Setubal,GBLIV,Liverpool,1,1,"MSC; WEC Lines",2,3,868,206,868,868,3,3,3,{3}
2016-03-27,PTSET,Setubal,GBTIL,Tilbury,1,1,"DAL-Deutsche Afrika Linien; OPDR",2,3,868,234,868,868,4,4,4,{4}
2016-03-27,PTSET,Setubal,PTLEI,Leixoes,5,5,"COSCO; MacAndrews; MSC; OOCL; OPDR; Team Lines; WEC Lines; X-Press",8,11,4044,618,508,1008,1,1,2,"{1,1,1,1,2}"
2016-03-27,PTSET,Setubal,PTLIS,Lisbon,1,1,"MacAndrews; OPDR",2,3,694,120,686,698,1,1,1,{1}
2016-03-27,PTSET,Setubal,PTSIE,Sines,1,1,"MSC; WEC Lines",2,1,700,100,700,700,1,1,1,{1}
2016-03-27,PTSIE,Sines,BEANR,Antwerp,1,1,"Maersk Line; MCC; MSC; Safmarine; Seago Line",5,17,13399.7647058824,882.352941176471,12400,18270,3,3,3,{3}
2016-03-27,PTSIE,Sines,BRRIO,"Rio de Janeiro",1,1,"Alianca; ANL; CMA CGM; Hamburg Sud; Hapag-Lloyd; Maersk Line; MSC; Safmarine",8,7,5748.14285714286,544.857142857143,5551,5800,10,10,10,{10}
2016-03-27,PTSIE,Sines,BSFPO,Freeport,1,1,"Maersk Line; MSC; Safmarine; SeaLand",4,7,6613.71428571429,524.857142857143,6402,6750,8,8,8,{8}
2016-03-27,PTSIE,Sines,CAMTR,Montreal,2,2,"MSC; WEC Lines",2,8,6443,496.25,2058,4056,7,8,9,"{7,9}"
2016-03-27,PTSIE,Sines,ESALG,Algeciras,1,1,"Maersk Line; MSC; Safmarine; SeaLand",4,7,6613.71428571429,524.857142857143,6402,6750,0,0,0,{0}
2016-03-27,PTSIE,Sines,ESBIO,Bilbao,1,1,"MSC; WEC Lines",2,1,877,231,877,877,2,2,2,{2}
2016-03-27,PTSIE,Sines,ESVGO,Vigo,1,1,"MSC; WEC Lines",2,2,868,192,868,868,1,1,1,{1}
2016-03-27,PTSIE,Sines,FRLEH,"Le Havre",1,1,"Hapag-Lloyd; MSC; WEC Lines",3,4,5488,433.5,5050,5800,3,3,3,{3}
2016-03-27,PTSIE,Sines,GBFXT,Felixstowe,2,2,"Hapag-Lloyd; MSC",2,12,8034.125,1020.75,3301,5042,3,3.5,4,"{4,3}"
2016-03-27,PTSIE,Sines,GRPIR,Piraeus,1,1,"Hapag-Lloyd; MSC; WEC Lines",3,4,5488,433.5,5050,5800,3,3,3,{3}
2016-03-27,PTSIE,Sines,MACAS,Casablanca,3,3,"MSC; WEC Lines",2,9,3922.66666666667,609.5,700,2908,0,1,1,"{1,1,0}"
2016-03-27,PTSIE,Sines,PACTB,Cristobal,1,1,MSC,1,10,5023.8,520,4900,5059,11,11,11,{11}
2016-03-27,PTSIE,Sines,PTLEI,Leixoes,1,1,"MSC; WEC Lines",2,3,1926.33333333333,366.666666666667,1835,2109,0,0,0,{0}
2016-03-27,PTSIE,Sines,PTLIS,Lisbon,1,1,"MSC; WEC Lines",2,3,868,206,868,868,1,1,1,{1}
2016-03-27,PTSIE,Sines,PTSET,Setubal,1,1,"MSC; WEC Lines",2,3,868,206,868,868,1,1,1,{1}
2016-03-27,PTSIE,Sines,USNYC,"New York NY/NJ",1,1,"Maersk Line; MSC; Safmarine",3,7,6328.57142857143,494.285714285714,4549,6724,8,8,8,{8}
2016-03-27,PWROR,Koror,PHCEB,Cebu,1,1,MELL,1,4,1200.5,234,1080,1304,3,3,3,{3}
2016-03-27,REPDG,"Reunion Island",AEKLF,"Khor Fakkan",1,1,"ANL; CMA CGM; PIL",3,11,2973.45454545455,412.454545454545,3091,3889,9,9,9,{9}
2016-03-27,REPDG,"Reunion Island",AUFRE,Fremantle,1,1,"ANL; CMA CGM; Hapag-Lloyd; USL-US Lines",4,13,4672.46153846154,436.615384615385,4050,5770,9,9,9,{9}
2016-03-27,REPDG,"Reunion Island",MGTOA,Tamatave/Toamasina,2,2,"ANL; CMA CGM; Maersk Line; MOL; PIL; Safmarine",6,14,3004.66666666667,399.333333333333,1675,2602,2,2,2,"{2,2}"
2016-03-27,REPDG,"Reunion Island",MUPLU,"Port Louis",2,2,"Maersk Line; MSC; Safmarine",3,16,8345.38461538462,757.25641025641,2468,7455,0,1,2,"{0,2}"
2016-03-27,REPDG,"Reunion Island",ZACPT,"Cape Town",1,1,"ANL; CMA CGM; Maersk Line; MCC; NileDutch; PIL; Safmarine",7,13,5226.46153846154,374.461538461538,4367,9300,8,8,8,{8}
2016-03-27,REPDG,"Reunion Island",ZADUR,Durban,1,1,"ANL; CMA CGM; PIL",3,11,2973.45454545455,412.454545454545,3091,3889,4,4,4,{4}
2016-03-27,ROCND,Constanta,TRGEB,"Istanbul (Gebze)",1,1,"ANL; CMA CGM; OPDR; Seago Line",4,5,3150.6,397.2,2741,3426,2,2,2,{2}
2016-03-27,ROCND,Constanta,UAODS,Odessa,1,1,"ANL; APL; CMA CGM; COSCO; CSCL; MOL; PIL; UASC; USL-US Lines; Yang Ming",10,11,6743.45454545455,867.272727272727,8386,10622,0,0,0,{0}
2016-03-27,RUKDT,Kronshtadt,FIRAU,"Rauma Finland",1,1,"Seago Line",1,4,912.25,216.25,868,1036,1,1,1,{1}
2016-03-27,RUKDT,Kronshtadt,RULED,"St Petersburg",1,1,"ANL; CMA CGM",2,2,1067.5,214,1050,1085,1,1,1,{1}
2016-03-27,RUKGD,Kaliningrad,LTKLJ,"Klaipeda
",1,1,MSC,1,4,1340.5,284.75,1216,1440,0,0,0,{0}
2016-03-27,RUKGD,Kaliningrad,PLGDN,Gdansk,1,1,"ANL; CMA CGM",2,2,822,150,822,822,0,0,0,{0}
2016-03-27,RULED,"St Petersburg",BEANR,Antwerp,1,1,"ANL; CMA CGM; FESCO",3,2,1865.5,385,1856,1875,5,5,5,{5}
2016-03-27,RULED,"St Petersburg",DEBRV,Bremerhaven,2,2,"Maersk Line; Seago Line; SeaLand",3,11,4273.25,932.5,1719,2592,4,4.5,5,"{4,5}"
2016-03-27,RULED,"St Petersburg",DEHAM,Hamburg,1,1,"Evergreen Line; Hapag-Lloyd; OOCL; Team Lines; Unifeeder",5,3,1560,307.333333333333,1404,1638,3,3,3,{3}
2016-03-27,RULED,"St Petersburg",DEKEL,Kiel,1,1,"ANL; CMA CGM; FESCO; X-Press",4,1,2016,468,1008,1008,1,1,1,{1}
2016-03-27,RULED,"St Petersburg",EETLL,"Tallinn Estonia",1,1,"ANL; CMA CGM",2,2,1067.5,214,1050,1085,2,2,2,{2}
2016-03-27,RULED,"St Petersburg",FIHEL,Helsinki,1,1,Hapag-Lloyd,1,2,1440,316,1440,1440,1,1,1,{1}
2016-03-27,RULED,"St Petersburg",FIKTK,Kotka,4,3,"COSCO; CSCL; Hapag-Lloyd; Seago Line; Yang Ming",5,11,5494,1107,1216,1440,1,1,2,"{1,2,1,1}"
2016-03-27,RULED,"St Petersburg",FIRAU,"Rauma Finland",1,1,"COSCO; Evergreen Line; Hapag-Lloyd; OOCL; Team Lines; Unifeeder",6,3,1409.66666666667,300,1404,1421,2,2,2,{2}
2016-03-27,RULED,"St Petersburg",FRLEH,"Le Havre",1,1,MSC,1,8,3053,129.125,2668,3424,2,2,2,{2}
2016-03-27,RULED,"St Petersburg",LVRIX,Riga,1,1,"Seago Line",1,2,1724.5,300,1719,1730,1,1,1,{1}
2016-03-27,RULED,"St Petersburg",NLRTM,Rotterdam,4,4,"ANL; CMA CGM; Evergreen Line; FESCO; Hapag-Lloyd; OOCL; Team Lines; Unifeeder; X-Press",9,9,6013,1054.33333333333,1085,1730,1,3.5,5,"{5,3,4,1}"
2016-03-27,RULED,"St Petersburg",SESDL,Sundsvall,1,1,"SCA Logistics",1,2,809,150,809,809,1,1,1,{1}
2016-03-27,RUNJK,Nakhodka,CNTAO,Qingdao,1,1,"Alianca; ANL; CMA CGM; CSCL; Hamburg Sud; UASC",6,15,4246.26666666667,572.466666666667,3802,4546,4,4,4,{4}
2016-03-27,RUNVS,Novorossiysk,TRAMB,"Istanbul (Ambarli)",2,2,"Maersk Line; Safmarine; SeaLand",3,18,8518.925,1306.2,2872,5527,4,4,4,"{4,4}"
2016-03-27,RUNVS,Novorossiysk,UAODS,Odessa,1,1,"Gold Star Line; OOCL; ZIM",3,10,3825.9,346,4250,4253,1,1,1,{1}
2016-03-27,RUSKA,Slavyanka,CNTAO,Qingdao,1,1,ZIM,1,12,4999.91666666667,456.25,4814,5117,3,3,3,{3}
2016-03-27,RUULU,"Ust Luga",FIHEL,Helsinki,1,1,"Hapag-Lloyd; OOCL; Team Lines; Unifeeder",4,3,888,214.285714285714,1036,1036,1,1,1,{1}
2016-03-27,RUULU,"Ust Luga",RULED,"St Petersburg",2,2,"ANL; CMA CGM; FESCO; Seago Line",4,4,3454.5,500,1719,1730,1,1,1,"{1,1}"
2016-03-27,RUVVO,Vladivostok,KRPUS,Busan,1,1,MCC,1,10,1734.7,351.8,1705,1856,2,2,2,{2}
2016-03-27,RUVVO,Vladivostok,KRTGH,Donghae,1,1,MCC,1,7,1090,216,1022,1118,2,2,2,{2}
2016-03-27,RUVVO,Vladivostok,RUVYP,Vostochniy,2,2,"ANL; CMA CGM; CNC Line-Cheng Lie Navigation Co. Ltd.; FESCO; Hyundai",5,5,5279.33333333333,575.666666666667,1748,4728,2,2.5,3,"{2,3}"
2016-03-27,RUVYP,Vostochniy,CNSHA,Shanghai,1,1,"Maersk Line; MCC; MSC; Safmarine",4,17,8635.29411764706,504.705882352941,8183,9400,3,3,3,{3}
2016-03-27,RUVYP,Vostochniy,CNTXG,Xingang/Tianjin,2,2,"CMA CGM; FESCO; Maersk Line; MCC; MSC; Safmarine",6,12,6157.4,475.4,1748,5060,0,1.5,3,"{0,3}"
2016-03-27,RUVYP,Vostochniy,KRPUS,Busan,4,4,"ANL; APL; CMA CGM; CNC Line-Cheng Lie Navigation Co. Ltd.; FESCO; Hyundai; Maersk Line; MCC; MSC; Safmarine; SeaLand",11,47,24876.6976190476,2478.56666666667,2732,11660,1,2,5,"{1,5,1,3}"
2016-03-27,RUVYP,Vostochniy,RUVVO,Vladivostok,1,1,"CMA CGM; FESCO",2,2,1748,150,1748,1748,2,2,2,{2}
2016-03-27,SADMM,Dammam,AEJEA,"Dubai, Jebel Ali",1,1,"OEL-Orient Express Lines; X-Press",2,2,2792,443,2758,2826,3,3,3,{3}
2016-03-27,SADMM,Dammam,MYPKG,"Port Klang",2,2,"ANL; APL; CMA CGM; COSCO; Evergreen Line; Hanjin Shipping; Hapag-Lloyd; Hyundai; MCC; NYK; OOCL; Yang Ming",12,19,13688.7857142857,1136.95238095238,6200,8495,10,10.5,11,"{10,11}"
2016-03-27,SADMM,Dammam,SAJUB,Jubail,5,5,"ANL; APL; CMA CGM; CSCL; Emirates Shipping; Hapag-Lloyd; Maersk Line; MOL; MSC; OOCL; Safmarine; UASC; Wan Hai",13,28,34950.3571428571,2567.21428571429,1220,13092,0,1,3,"{3,1,3,0,1}"
2016-03-27,SAJED,Jeddah,AEJEA,"Dubai, Jebel Ali",4,4,"Alianca; ANL; APL; CMA CGM; COSCO; CSCL; Hamburg Sud; Hapag-Lloyd; Hyundai; Maersk Line; MOL; NYK; OOCL; Safmarine; Seago Line; UASC; USL-US Lines",17,39,34751.9128787879,3673.99242424242,5905,14000,5,6,7,"{6,6,5,7}"
2016-03-27,SAJED,Jeddah,AEKLF,"Khor Fakkan",3,3,"Alianca; ANL; CMA CGM; COSCO; CSCL; Hamburg Sud; Hanjin Shipping; Marguisa; UASC; USL-US Lines; Yang Ming",11,24,23803.0367965368,1750.90909090909,5618,14500,5,6,6,"{6,5,6}"
2016-03-27,SAJED,Jeddah,DJJIB,Djibouti,1,1,"CMA CGM; CSCL; Hanjin Shipping; UASC; Yang Ming",5,8,9177.625,612.5,8208,9661,4,4,4,{4}
2016-03-27,SAJED,Jeddah,EGPSD,"Port Said",3,3,"Alianca; ANL; APL; CMA CGM; COSCO; CSCL; Hamburg Sud; Hanjin Shipping; Hapag-Lloyd; Hyundai; Marguisa; MOL; NYK; OOCL; UASC; USL-US Lines; Yang Ming",17,28,26864.8701298701,1670.90909090909,6554,14500,2,3,3,"{3,3,2}"
2016-03-27,SAJED,Jeddah,EGSOK,Sokhna,3,3,"APL; CMA CGM; COSCO; CSCL; Evergreen Line; Hanjin Shipping; PIL; UASC; Yang Ming",9,24,21890.75,1366.125,5250,9661,1,3,4,"{1,4,3}"
2016-03-27,SAJED,Jeddah,ERMSW,Massawa,1,1,"WEC Lines",1,1,728,90,364,364,2,2,2,{2}
2016-03-27,SAJED,Jeddah,INMUN,Mundra,1,1,PIL,1,4,3056.25,310,3000,3075,8,8,8,{8}
2016-03-27,SAJED,Jeddah,ITCAG,Cagliari,1,1,"Alianca; Hamburg Sud; Hapag-Lloyd; NYK",4,8,6235,1123,5905,6589,8,8,8,{8}
2016-03-27,SAJED,Jeddah,JOAQJ,Aqaba,1,1,"Maersk Line; Safmarine",2,7,8678.28571428571,785.714285714286,8112,10000,2,2,2,{2}
2016-03-27,SAJED,Jeddah,MAPTM,Tanger,1,1,"Maersk Line; Safmarine; Seago Line",3,8,9372.375,1351,6690,9964,7,7,7,{7}
2016-03-27,SAJED,Jeddah,MTMAR,"Malta (Marsaxlokk)",1,1,"ANL; CMA CGM; CSCL; UASC; USL-US Lines",5,8,8750.25,907.25,8200,9289,5,5,5,{5}
2016-03-27,SAJED,Jeddah,MYPKG,"Port Klang",2,2,"Alianca; ANL; CMA CGM; COSCO; CSCL; Evergreen Line; FESCO; Hamburg Sud; Hanjin Shipping; K Line; PIL; UASC; USL-US Lines; Yang Ming",14,23,17164.1,1157.23076923077,5618,14500,12,13,14,"{12,14}"
2016-03-27,SAJED,Jeddah,MYTPP,"Tanjung Pelepas",1,1,"COSCO; Evergreen Line; Hanjin Shipping; K Line; MOL; Yang Ming",6,8,7431.25,437.5,5500,8073,10,10,10,{10}
2016-03-27,SAJED,Jeddah,NLRTM,Rotterdam,1,1,"APL; Hapag-Lloyd; Hyundai; MOL; NYK; OOCL",6,11,9318,799.272727272727,8110,10000,10,10,10,{10}
2016-03-27,SAJED,Jeddah,OMSLL,Salalah,2,2,"Maersk Line; Safmarine",2,15,14147.9107142857,1335.71428571429,5400,10000,4,4,4,"{4,4}"
2016-03-27,SAJED,Jeddah,PKKHI,Karachi,1,1,"ANL; CMA CGM; Hapag-Lloyd; NYK; OOCL; UASC",6,8,6048.875,735.75,4538,6589,5,5,5,{5}
2016-03-27,SAJED,Jeddah,SAYNB,Yanbu,1,1,"ANL; CMA CGM; CSCL; UASC",4,6,6338.16666666667,770,5618,6800,2,2,2,{2}
2016-03-27,SAJED,Jeddah,SDPZU,"Port Sudan",3,3,"Maersk Line; PIL; Safmarine; UASC; Yang Ming",5,9,10537.1428571429,1039.71428571429,1800,6690,1,1,1,"{1,1,1}"
2016-03-27,SAJED,Jeddah,SGSIN,Singapore,3,3,"APL; COSCO; Evergreen Line; Hapag-Lloyd; Hyundai; MOL; NYK; OOCL; ZIM",9,29,24362.7840909091,2064.26136363636,5250,10700,11,11,12,"{11,12,11}"
2016-03-27,SAJUB,Jubail,AEAUH,"Abu Dhabi",1,1,"Maersk Line; Safmarine",2,7,8678.28571428571,785.714285714286,8112,10000,1,1,1,{1}
2016-03-27,SAJUB,Jubail,AEJEA,"Dubai, Jebel Ali",2,2,"ANL; CMA CGM; CSCL; UASC; Wan Hai",5,8,7818.16666666667,1031.5,1220,6800,2,2.5,3,"{2,3}"
2016-03-27,SAJUB,Jubail,INMUN,Mundra,1,1,MSC,1,6,10725.3333333333,660,8800,13092,4,4,4,{4}
2016-03-27,SAJUB,Jubail,SGSIN,Singapore,1,1,"APL; Emirates Shipping; Hapag-Lloyd; MOL; OOCL",5,7,7728.57142857143,90,8100,9200,10,10,10,{10}
2016-03-27,SAKAC,"King Abdullah City",AEJEA,"Dubai, Jebel Ali",3,3,"Hapag-Lloyd; Maersk Line; MCC; MSC; Safmarine",5,31,35224.2454545455,2449.54545454545,8034,14000,6,6,6,"{6,6,6}"
2016-03-27,SAKAC,"King Abdullah City",DJJIB,Djibouti,1,1,"MSC; WEC Lines",2,5,3096.6,200,2480,3501,2,2,2,{2}
2016-03-27,SAKAC,"King Abdullah City",ESVLC,Valencia,1,1,MSC,1,13,5753.38461538462,350.923076923077,4395,7455,5,5,5,{5}
2016-03-27,SAKAC,"King Abdullah City",ITGIT,"Gioia Tauro",1,1,"MSC; SCI-Shipping Corp. of India",2,8,9340.375,633.75,7455,11660,5,5,5,{5}
2016-03-27,SAKAC,"King Abdullah City",JOAQJ,Aqaba,1,1,"MSC; WEC Lines",2,5,3096.6,200,2480,3501,1,1,1,{1}
2016-03-27,SAKAC,"King Abdullah City",LKCMB,Colombo,1,1,"MSC; SCI-Shipping Corp. of India",2,8,9340.375,633.75,7455,11660,8,8,8,{8}
2016-03-27,SAKAC,"King Abdullah City",OMSLL,Salalah,1,1,"Maersk Line; MCC; MSC; Safmarine",4,15,9476.4,786.4,8272,11660,4,4,4,{4}
2016-03-27,SAKAC,"King Abdullah City",PKKHI,Karachi,1,1,"MSC; WEC Lines",2,7,8665,590.142857142857,8189,8948,6,6,6,{6}
2016-03-27,SAKAC,"King Abdullah City",TRIZT,Izmit,1,1,"Hapag-Lloyd; Maersk Line; MCC; MSC; Safmarine",5,10,13595,1000,13050,14000,4,4,4,{4}
2016-03-27,SAYNB,Yanbu,EGPSD,"Port Said",1,1,"ANL; CMA CGM; CSCL; UASC",4,6,6338.16666666667,770,5618,6800,4,4,4,{4}
2016-03-27,SBHIR,Honiara,CNTXG,Xingang/Tianjin,1,1,NewPac,1,2,4971.42857142857,857.142857142857,1740,1740,10,10,10,{10}
2016-03-27,SBHIR,Honiara,NZTRG,Tauranga,2,2,"Maersk Line; PDL-Pacific Direct Line; Sofrana",3,2,9930.85714285714,1954.28571428571,894,1037,6,6.5,7,"{7,6}"
2016-03-27,SBNOR,Noro,PGLAE,Lae,1,1,"Maersk Line",1,2,3034.57142857143,597.142857142857,1118,1118,3,3,3,{3}
2016-03-27,SCPOV,"Seychelles Is., Port Victoria",INNSA,"Mumbai (Nhava Sheva)",1,1,"CMA CGM; Emirates Shipping",2,6,2407.66666666667,392,2007,2775,10,10,10,{10}
2016-03-27,SCPOV,"Seychelles Is., Port Victoria",OMSLL,Salalah,1,1,"Maersk Line; Safmarine",2,3,2592,406.333333333333,2468,2758,4,4,4,{4}
2016-03-27,SCPOV,"Seychelles Is., Port Victoria",TZDAR,"Dar es Salaam",1,1,"CMA CGM; COSCO; Emirates Shipping; Evergreen Line; Hanjin Shipping; NYK; X-Press",7,7,2230.28571428571,293.714285714286,2478,2764,6,6,6,{6}
2016-03-27,SDPZU,"Port Sudan",DJJIB,Djibouti,1,1,"Maersk Line; Safmarine",2,7,4935.14285714286,429.714285714286,4306,6690,2,2,2,{2}
2016-03-27,SDPZU,"Port Sudan",SAJED,Jeddah,2,2,"PIL; UASC; Yang Ming",3,2,5602,610,1800,3802,1,1.5,2,"{1,2}"
2016-03-27,SEAHU,Ahus,DEBRV,Bremerhaven,2,2,"Hapag-Lloyd; Team Lines; TransAtlantic; Unifeeder",4,2,1330,200,508,822,2,2,2,"{2,2}"
2016-03-27,SEGOT,Gothenburg,BEANR,Antwerp,1,1,"APL; Hapag-Lloyd; Hyundai; MOL; NYK; OOCL",6,12,12559.5833333333,666.666666666667,13169,14000,2,2,2,{2}
2016-03-27,SEGOT,Gothenburg,DEWVN,Wilhelmshaven,1,1,"Seago Line",1,2,868,150,868,868,1,1,1,{1}
2016-03-27,SEGOT,Gothenburg,DKAAR,Aarhus,3,3,"Evergreen Line; Hapag-Lloyd; Maersk Line; MCC; MSC; Safmarine; Samskip; Seago Line; Unifeeder; ZIM",10,14,17038.8333333333,1555.33333333333,868,19224,1,1,1,"{1,1,1}"
2016-03-27,SEGOT,Gothenburg,NLRTM,Rotterdam,5,5,"ANL; CMA CGM; COSCO; CSCL; Evergreen Line; K Line; OOCL; Unifeeder; X-Press; Yang Ming",10,8,4028.5,632,698,1008,2,2,2,"{2,2,2,2,2}"
2016-03-27,SEGOT,Gothenburg,SEHAD,Halmstad,1,1,"ANL; CMA CGM",2,2,1312,302.5,1220,1404,0,0,0,{0}
2016-03-27,SEGOT,Gothenburg,SEHEL,Helsingborg,2,2,"Evergreen Line; Hapag-Lloyd; Team Lines; Unifeeder; ZIM",5,2,1516,334,648,868,0,0.5,1,"{0,1}"
2016-03-27,SEGVX,Gavle,BEANR,Antwerp,1,1,MSC,1,4,1340.5,284.75,1216,1440,4,4,4,{4}
2016-03-27,SEGVX,Gavle,DEHAM,Hamburg,2,2,"ANL; CMA CGM; COSCO; Evergreen Line; Hapag-Lloyd; OOCL; Team Lines; Unifeeder",8,5,2231.66666666667,450,822,1421,2,2.5,3,"{2,3}"
2016-03-27,SEGVX,Gavle,SENRK,Norrköping,1,1,Hapag-Lloyd,1,2,1509,280.5,1440,1578,1,1,1,{1}
2016-03-27,SEHAD,Halmstad,DEHAM,Hamburg,1,1,"ANL; CMA CGM",2,2,1312,302.5,1220,1404,2,2,2,{2}
2016-03-27,SEHAD,Halmstad,FIRAU,"Rauma Finland",1,1,Hapag-Lloyd,1,2,1509,280.5,1440,1578,2,2,2,{2}
2016-03-27,SEHAD,Halmstad,FOTHO,Thorshavn,1,1,Eimskip,1,2,698,60,698,698,3,3,3,{3}
2016-03-27,SEHEL,Helsingborg,DEBRV,Bremerhaven,2,2,"Evergreen Line; Hapag-Lloyd; Team Lines; Unifeeder; ZIM",5,2,1516,334,648,868,1,1,1,"{1,1}"
2016-03-27,SEHEL,Helsingborg,DEHAM,Hamburg,1,1,"CMA CGM; Evergreen Line; Team Lines; Unifeeder",4,1,1118,220,1118,1118,1,1,1,{1}
2016-03-27,SEHEL,Helsingborg,GBNCL,"Newcastle UK",1,1,"Seago Line",1,4,912.25,216.25,868,1036,1,1,1,{1}
2016-03-27,SEHEL,Helsingborg,PLGDY,"Gdynia Poland",1,1,"MacAndrews; OPDR",2,2,750,145,750,750,1,1,1,{1}
2016-03-27,SEHEL,Helsingborg,PLSZZ,Szczecin,1,1,"Seago Line",1,2,868,150,868,868,1,1,1,{1}
2016-03-27,SEHEL,Helsingborg,SEGOT,Gothenburg,2,2,"Evergreen Line; Hapag-Lloyd; OOCL; Unifeeder",4,2,1677,234,809,868,1,1,1,"{1,1}"
2016-03-27,SEMMA,Malmo,DKAAR,Aarhus,1,1,"CMA CGM; Evergreen Line; Team Lines; Unifeeder",4,1,1118,220,1118,1118,1,1,1,{1}
2016-03-27,SENRK,Norrköping,DEHAM,Hamburg,1,1,Hapag-Lloyd,1,2,1509,280.5,1440,1578,3,3,3,{3}
2016-03-27,SENRK,Norrköping,FIRAU,"Rauma Finland",1,1,"ANL; CMA CGM",2,2,822,150,822,822,1,1,1,{1}
2016-03-27,SENRK,Norrköping,SEAHU,Ahus,1,1,"Hapag-Lloyd; Team Lines; Unifeeder",3,1,822,150,822,822,1,1,1,{1}
2016-03-27,SENRK,Norrköping,SESTO,Stockholm,1,1,MSC,1,4,1340.5,284.75,1216,1440,1,1,1,{1}
2016-03-27,SEPIT,Pitea,DEHAM,Hamburg,1,1,TransAtlantic,1,2,731.5,140,660,803,3,3,3,{3}
2016-03-27,SESDL,Sundsvall,SEUME,Umea,1,1,"SCA Logistics",1,2,809,150,809,809,1,1,1,{1}
2016-03-27,SESOE,Sodertalje,SEAHU,Ahus,1,1,TransAtlantic,1,1,508,50,508,508,1,1,1,{1}
2016-03-27,SESTO,Stockholm,FIRAU,"Rauma Finland",1,1,MSC,1,4,1340.5,284.75,1216,1440,1,1,1,{1}
2016-03-27,SESTO,Stockholm,SENRK,Norrköping,1,1,"Hapag-Lloyd; Team Lines; Unifeeder",3,1,822,150,822,822,1,1,1,{1}
2016-03-27,SESTO,Stockholm,SESOE,Sodertalje,1,1,TransAtlantic,1,1,508,50,508,508,1,1,1,{1}
2016-03-27,SEUME,Umea,NLRTM,Rotterdam,1,1,"SCA Logistics",1,2,809,150,809,809,5,5,5,{5}
2016-03-27,SGSIN,Singapore,AEJEA,"Dubai, Jebel Ali",5,5,"ANL; APL; CMA CGM; COSCO; Emirates Shipping; Evergreen Line; Hanjin Shipping; Hapag-Lloyd; Hyundai; MCC; MOL; NYK; OOCL; PIL; Wan Hai; Yang Ming",16,39,31745.2142857143,1910.52380952381,5512,9336,8,9,10,"{9,10,9,8,9}"
2016-03-27,SGSIN,Singapore,AUBNE,Brisbane,4,4,"ANL; APL; CMA CGM; COSCO; CSCL; Hanjin Shipping; Hapag-Lloyd; K Line; Maersk Line; MOL; NYK; OOCL; PIL; UASC; Yang Ming",15,21,17463.4,2305.93333333333,3674,5087,9,10.5,11,"{11,11,9,10}"
2016-03-27,SGSIN,Singapore,AUDRW,Darwin,1,1,"Swire Shipping",1,2,7904,914.285714285714,1728,1730,6,6,6,{6}
2016-03-27,SGSIN,Singapore,AUFRE,Fremantle,3,3,"Alianca; APL; COSCO; Hamburg Sud; Hanjin Shipping; Hapag-Lloyd; Hyundai; K Line; Maersk Line; MCC; MOL; MSC; OOCL; PIL; Safmarine",15,18,10912.1666666667,1173.33333333333,1708,5400,5,6,6,"{5,6,6}"
2016-03-27,SGSIN,Singapore,AUSYD,Sydney,1,1,"COSCO; Hapag-Lloyd; Maersk Line",3,6,2943.16666666667,528.666666666667,2824,3003,14,14,14,{14}
2016-03-27,SGSIN,Singapore,BDCGP,Chittagong,5,4,"Advance Container Lines; Hapag-Lloyd; MCC; NYK; OOCL; PIL; X-Press",7,21,10072.75,1746.42857142857,1080,2339,4,5,5,"{5,5,5,5,4}"
2016-03-27,SGSIN,Singapore,BRSSZ,Santos,2,2,"COSCO; Evergreen Line; Hanjin Shipping; K Line; Maersk Line; MCC; MOL; MSC; PIL; Safmarine; Yang Ming; ZIM",12,24,14784.9166666667,1776.41666666667,7450,9443,21,22,23,"{21,23}"
2016-03-27,SGSIN,Singapore,CNCWN,Chiwan,4,4,"ANL; APL; CMA CGM; Emirates Shipping; Gold Star Line; Hanjin Shipping; Hapag-Lloyd; K Line; KMTC; Maersk Line; MCC; MSC; OOCL; RCL; Safmarine; UASC; X-Press; ZIM",18,33,39113.574025974,2908.83116883117,3600,14000,4,4,4,"{4,4,4,4}"
2016-03-27,SGSIN,Singapore,CNDCB,"Da Chan Bay",1,1,"Hanjin Shipping; OOCL; ZIM",3,11,4558.45454545455,481.454545454545,4130,8440,6,6,6,{6}
2016-03-27,SGSIN,Singapore,CNDLC,Dalian,1,1,PIL,1,11,5002.71428571429,,3889,3900,8,8,8,{8}
2016-03-27,SGSIN,Singapore,CNHUA,"Huangpu (Guangzhou)",1,1,PIL,1,7,1820.57142857143,230.857142857143,1800,2135,6,6,6,{6}
2016-03-27,SGSIN,Singapore,CNNGB,Ningbo,1,1,"APL; Emirates Shipping; Hapag-Lloyd; MOL; OOCL",5,7,7728.57142857143,90,8100,9200,6,6,6,{6}
2016-03-27,SGSIN,Singapore,CNNSA,Nansha,2,2,"APL; Hapag-Lloyd; Maersk Line; MCC; MOL; MSC; OOCL; Safmarine; Seago Line",9,24,20965.6218487395,1340.9243697479,8063,18270,4,4.5,5,"{5,4}"
2016-03-27,SGSIN,Singapore,CNSHA,Shanghai,12,12,"APL; CMA CGM; COSCO; CSCL; Evergreen Line; Gold Star Line; Hanjin Shipping; Hapag-Lloyd; K Line; Maersk Line; MCC; MOL; MSC; PIL; Safmarine; SCI-Shipping Corp. of India; Seago Line; Simatech; UASC; Wan Hai; WEC Lines; Yang Ming; ZIM",23,105,83613.3181818182,5692.80303030303,2751,19224,5,7,13,"{5,7,7,7,9,6,13,7,8,6,9,5}"
2016-03-27,SGSIN,Singapore,CNSHK,Shekou,3,3,"APL; Hapag-Lloyd; Hyundai; MOL; NYK; OOCL; PIL; Wan Hai",8,21,20485.6818181818,1562.12121212121,4252,14000,4,4,4,"{4,4,4}"
2016-03-27,SGSIN,Singapore,CNTAO,Qingdao,2,2,"ANL; CMA CGM; CSCL; Hanjin Shipping; K Line; KMTC; NYK; OOCL; USL-US Lines",9,17,9451.84848484848,1004.09090909091,4600,5400,2,5,8,"{8,2}"
2016-03-27,SGSIN,Singapore,CNTXG,Xingang/Tianjin,3,3,"ANL; APL; CMA CGM; Emirates Shipping; Evergreen Line; Gold Star Line; Hapag-Lloyd; K Line; Maersk Line; MCC; NileDutch; NYK; OOCL; PIL; RCL; Safmarine; Simatech; TS Lines; Yang Ming; ZIM",20,26,15766.9853479853,1462.6043956044,4228,9443,7,8,10,"{8,7,10}"
2016-03-27,SGSIN,Singapore,CNYTN,Yantian,4,4,"APL; CMA CGM; COSCO; CSCL; Evergreen Line; Hanjin Shipping; Hapag-Lloyd; Hyundai; K Line; Maersk Line; Marguisa; MCC; MOL; MSC; NYK; OOCL; Safmarine; Seago Line; UASC; Yang Ming",20,40,48101.6603535353,2640.74621212121,5250,18270,3,4,5,"{4,5,4,3}"
2016-03-27,SGSIN,Singapore,CNZHA,Zhanjiang,1,1,PIL,1,4,1512.75,115,1267,1684,4,4,4,{4}
2016-03-27,SGSIN,Singapore,DJJIB,Djibouti,1,1,"APL; PIL",2,8,6541.25,125,6350,6606,9,9,9,{9}
2016-03-27,SGSIN,Singapore,EGPSD,"Port Said",2,2,"Maersk Line; MCC; MSC; Safmarine; WEC Lines",5,27,22530.5666666667,1486.4,8272,13800,11,11.5,12,"{12,11}"
2016-03-27,SGSIN,Singapore,ESALG,Algeciras,1,1,"CMA CGM; COSCO; CSCL; Evergreen Line; Hanjin Shipping; K Line; Marguisa; UASC; Yang Ming",9,9,12761.1111111111,800,10114,13092,14,14,14,{14}
2016-03-27,SGSIN,Singapore,FRLEH,"Le Havre",1,1,"APL; Hapag-Lloyd; Hyundai; MOL; NYK; OOCL",6,11,11906.1818181818,745.454545454545,12565,14000,19,19,19,{19}
2016-03-27,SGSIN,Singapore,GBFXT,Felixstowe,1,1,"CMA CGM; COSCO; CSCL; Evergreen Line; Hanjin Shipping; K Line; Yang Ming",7,11,12703.4545454545,932.363636363636,9000,14074,21,21,21,{21}
2016-03-27,SGSIN,Singapore,GRPIR,Piraeus,2,2,"CMA CGM; COSCO; CSCL; Evergreen Line; Hanjin Shipping; K Line; UASC; Yang Ming",8,25,15104.3819444444,1351.22916666667,5250,10114,13,13.5,14,"{14,13}"
2016-03-27,SGSIN,Singapore,HKHKG,"Hong Kong",24,24,"Alianca; ANL; APL; CMA CGM; CNC Line-Cheng Lie Navigation Co. Ltd.; COSCO; CSCL; Emirates Shipping; Evergreen Line; Gold Star Line; Hamburg Sud; Hanjin Shipping; Hapag-Lloyd; Heung-A; Hyundai; IAL-Interasia Lines; K Line; KMTC; Maersk Line; MCC; MOL; MSC; NYK; OOCL; PIL; RCL; Safmarine; Seago Line; Sinokor; Sinotrans; TS Lines; UASC; USL-US Lines; Wan Hai; X-Press; Yang Ming; ZIM",37,176,161236.631890332,15318.4826839827,2200,15908,3,4,9,"{3,3,4,4,4,4,4,4,3,3,3,4,4,5,4,3,5,4,6,4,9,3,3,6}"
2016-03-27,SGSIN,Singapore,IDJKT,"Jakarta, Java",8,8,"ANL; APL; CMA CGM; CNC Line-Cheng Lie Navigation Co. Ltd.; Hanjin Shipping; Hapag-Lloyd; K Line; KMTC; MCC; MOL; MSC; NYK; OOCL; USL-US Lines; Wan Hai; Yang Ming",16,27,33534.3214285714,4681.35714285714,1078,4896,1,2,3,"{3,2,2,2,3,1,1,2}"
2016-03-27,SGSIN,Singapore,INCCU,Kolkata,1,1,"BTL-Bengal Tiger Line; Hanjin Shipping; OOCL",3,1,1834,412,917,917,7,7,7,{7}
2016-03-27,SGSIN,Singapore,INMAA,Chennai/Madras,1,1,"Hanjin Shipping; Maersk Line; MCC; Safmarine",4,6,4451.33333333333,416.666666666667,3600,6478,5,5,5,{5}
2016-03-27,SGSIN,Singapore,INNSA,"Mumbai (Nhava Sheva)",3,3,"Gold Star Line; Hanjin Shipping; Heung-A; Hyundai; K Line; KMTC; MOL; NYK; OOCL; Samudera; Sinokor; TS Lines; ZIM",13,15,15665.6666666667,1458.33333333333,4250,6969,6,6,7,"{6,7,6}"
2016-03-27,SGSIN,Singapore,INPAV,Pipavav,1,1,"NYK; X-Press",2,4,2850.75,451.25,2741,3108,7,7,7,{7}
2016-03-27,SGSIN,Singapore,KRPUS,Busan,2,2,"Alianca; CMA CGM; CSCL; Hamburg Sud; Hanjin Shipping; Hapag-Lloyd; Hyundai; Maersk Line; MCC; NYK; Safmarine; UASC",12,18,13917.5833333333,1566.66666666667,3600,10500,6,6.5,7,"{6,7}"
2016-03-27,SGSIN,Singapore,LKCMB,Colombo,10,10,"Alianca; ANL; APL; CMA CGM; COSCO; Emirates Shipping; Evergreen Line; Gold Star Line; Hamburg Sud; Hanjin Shipping; Hapag-Lloyd; Hyundai; KMTC; Maersk Line; MCC; MOL; MSC; NYK; OOCL; PIL; RCL; Safmarine; X-Press; ZIM",24,86,56483.6242257742,4373.03325008325,1085,14000,3,4.5,6,"{5,5,5,3,4,6,5,4,4,4}"
2016-03-27,SGSIN,Singapore,MTMAR,"Malta (Marsaxlokk)",1,1,"Maersk Line; MCC; MSC; Safmarine",4,11,13346.5454545455,854.545454545455,12552,14000,12,12,12,{12}
2016-03-27,SGSIN,Singapore,MUPLU,"Port Louis",2,2,"MOL; MSC; PIL",3,17,6759.98484848485,527.969696969697,1675,9200,9,9.5,10,"{10,9}"
2016-03-27,SGSIN,Singapore,MYPKG,"Port Klang",47,47,"Advance Container Lines; Alianca; ANL; APL; BTL-Bengal Tiger Line; Carpenters Shipping; CMA CGM; COSCO; CSCL; Emirates Shipping; Evergreen Line; Gold Star Line; Hamburg Sud; Hanjin Shipping; Hapag-Lloyd; Heung-A; Hyundai; IAL-Interasia Lines; K Line; KMTC; MOL; NYK; OEL-Orient Express Lines; OOCL; PIL; RCL; Samudera; SCI-Shipping Corp. of India; Simatech; Sinotrans; Swire Shipping; TS Lines; UASC; USL-US Lines; Wan Hai; X-Press; Yang Ming; ZIM",38,219,181837.660347985,21384.4487179487,608,10500,0,1,3,"{1,1,1,0,2,2,0,1,1,1,1,1,0,1,1,2,0,1,0,0,1,1,2,1,1,1,2,1,1,2,1,2,1,2,1,2,1,0,3,0,0,1,1,1,2,3,1}"
2016-03-27,SGSIN,Singapore,MYTPP,"Tanjung Pelepas",11,11,"ANL; APL; CMA CGM; CNC Line-Cheng Lie Navigation Co. Ltd.; COSCO; Emirates Shipping; Evergreen Line; Gold Star Line; Hanjin Shipping; Heung-A; K Line; Maersk Line; MCC; MOL; NileDutch; NYK; OOCL; PIL; RCL; Safmarine; X-Press; Yang Ming; ZIM",23,73,41535.2567765568,4543.31391941392,1713,9443,0,0,2,"{0,1,0,0,0,2,0,2,2,0,0}"
2016-03-27,SGSIN,Singapore,NLRTM,Rotterdam,2,2,"ANL; APL; CMA CGM; COSCO; CSCL; Evergreen Line; Hanjin Shipping; Hapag-Lloyd; Hyundai; K Line; MOL; NYK; OOCL; USL-US Lines; Yang Ming",15,22,26544.5833333333,1166.66666666667,13169,14100,20,20.5,21,"{21,20}"
2016-03-27,SGSIN,Singapore,OMSLL,Salalah,1,1,"Maersk Line; MCC; MSC; Safmarine",4,17,8635.29411764706,504.705882352941,8183,9400,7,7,7,{7}
2016-03-27,SGSIN,Singapore,PHBTG,Batangas,1,1,MCC,1,8,2891.25,564.5,2732,3450,6,6,6,{6}
2016-03-27,SGSIN,Singapore,PHDVO,Davao,1,1,PIL,1,10,1658.5,145,1085,2800,6,6,6,{6}
2016-03-27,SGSIN,Singapore,PHMNL,Manila,2,2,"ANL; BTL-Bengal Tiger Line; CMA CGM; CNC Line-Cheng Lie Navigation Co. Ltd.; Evergreen Line; Gold Star Line; Hyundai; RCL; Simatech; TS Lines; ZIM",11,9,7559,1046.5,2700,5023,4,4,4,"{4,4}"
2016-03-27,SGSIN,Singapore,PKKHI,Karachi,1,1,"OOCL; Yang Ming",2,6,4843,356.333333333333,4662,5344,8,8,8,{8}
2016-03-27,SGSIN,Singapore,SAJED,Jeddah,4,4,"APL; CMA CGM; COSCO; CSCL; Evergreen Line; Hanjin Shipping; Hapag-Lloyd; Hyundai; MOL; NYK; OOCL; UASC; Yang Ming",13,37,34067.5,2730.39772727273,5250,10700,10,10.5,13,"{10,13,11,10}"
2016-03-27,SGSIN,Singapore,SAKAC,"King Abdullah City",1,1,"Hapag-Lloyd; Maersk Line; MCC; MSC; Safmarine",5,10,13595,1000,13050,14000,10,10,10,{10}
2016-03-27,SGSIN,Singapore,TGLFW,Lome,1,1,"COSCO; CSCL; Gold Star Line; PIL",4,12,3644.75,316.5,4250,4957,25,25,25,{25}
2016-03-27,SGSIN,Singapore,THLCH,"Laem Chabang",10,10,"Alianca; APL; CMA CGM; COSCO; Emirates Shipping; Evergreen Line; Hamburg Sud; Hanjin Shipping; Hapag-Lloyd; Hyundai; K Line; KMTC; Maersk Line; MCC; MOL; MSC; NYK; OOCL; RCL; Safmarine; Samudera; Simatech; X-Press; ZIM",24,69,44006.1588744589,4833.28896103896,2474,10070,2,3,5,"{3,3,3,5,3,3,4,3,2,3}"
2016-03-27,SGSIN,Singapore,TWKHH,Kaohsiung,6,6,"Alianca; APL; COSCO; Evergreen Line; Hamburg Sud; Hanjin Shipping; Hapag-Lloyd; K Line; Maersk Line; MCC; MOL; MSC; PIL; Safmarine; Wan Hai; X-Press; Yang Ming",17,45,29886.2916666667,2814.41666666667,4211,8930,4,4.5,6,"{5,6,5,4,4,4}"
2016-03-27,SGSIN,Singapore,USNYC,"New York NY/NJ",4,4,"APL; CMA CGM; COSCO; CSCL; Evergreen Line; Hanjin Shipping; Hapag-Lloyd; Hyundai; K Line; Maersk Line; MCC; MOL; MSC; NYK; OOCL; Safmarine; Yang Ming; ZIM",18,46,30875.8939393939,2602.12121212121,5576,9300,23,24,24,"{24,24,23,24}"
2016-03-27,SGSIN,Singapore,USORF,"Norfolk VA",1,1,"APL; Evergreen Line; Hapag-Lloyd; Hyundai; MOL; NYK",6,11,6136.54545454545,485.363636363636,6700,7024,23,23,23,{23}
2016-03-27,SGSIN,Singapore,VNHPH,Haiphong,2,2,"OOCL; PIL; RCL",3,6,2394.25,207.5,818,1398,6,6,6,"{6,6}"
2016-03-27,SGSIN,Singapore,VNSGN,"Ho Chi Minh (VICT/Cat Lai)",2,2,"Hanjin Shipping; Hapag-Lloyd; K Line; MCC; NYK; Yang Ming",6,11,5713,728.5,1022,4896,2,3,4,"{2,4}"
2016-03-27,SGSIN,Singapore,VNTCT,"Cai Mep",3,3,"APL; CMA CGM; COSCO; CSCL; Evergreen Line; Hanjin Shipping; Hapag-Lloyd; Hyundai; IAL-Interasia Lines; K Line; MOL; NYK; OOCL; UASC; Wan Hai; Yang Ming; ZIM",17,31,22732.3465909091,1958.19886363636,4250,10114,2,2,4,"{2,2,4}"
2016-03-27,SGSIN,Singapore,ZACPT,"Cape Town",1,1,PIL,1,11,5002.71428571429,,3889,3900,16,16,16,{16}
2016-03-27,SGSIN,Singapore,ZADUR,Durban,1,1,"COSCO; Evergreen Line; Hanjin Shipping; K Line; MOL; PIL",6,8,3381.875,328.25,4211,5595,12,12,12,{12}
2016-03-27,SIKOP,Koper,ITTRS,Trieste,2,2,"ANL; CMA CGM; COSCO; CSCL; Evergreen Line; Maersk Line; MCC; MSC; Safmarine; UASC",10,25,15238.5,1374.4,5618,11660,0,1,2,"{0,2}"
2016-03-27,SIKOP,Koper,MTMAR,"Malta (Marsaxlokk)",1,1,"ANL; CMA CGM; COSCO; CSCL; Evergreen Line; UASC",6,10,5762.1,588,5618,6921,3,3,3,{3}
2016-03-27,SLFNA,Freetown,GNCKY,Conakry,1,1,"CMA CGM",1,3,1611,140.666666666667,1577,1645,0,0,0,{0}
2016-03-27,SLFNA,Freetown,GWOXB,Bissau,1,1,"Maersk Line; Safmarine",2,2,4443,342,1417,1545,5,5,5,{5}
2016-03-27,SLFNA,Freetown,MAPTM,Tanger,1,1,"Maersk Line; Safmarine",2,4,2472.5,345,2470,2474,7,7,7,{7}
2016-03-27,SNDKR,Dakar,BEANR,Antwerp,1,1,MSC,1,6,2354.66666666667,317.5,1438,2908,8,8,8,{8}
2016-03-27,SNDKR,Dakar,CIABJ,Abidjan,1,1,"CMA CGM; NileDutch; UASC",3,6,3609,550,3430,3856,7,7,7,{7}
2016-03-27,SNDKR,Dakar,ESALG,Algeciras,1,1,"CMA CGM; NileDutch; UASC",3,6,3609,550,3430,3856,5,5,5,{5}
2016-03-27,SNDKR,Dakar,ESLPA,"Las Palmas, Can Is",2,2,MSC,1,13,6787.2,509.925,2668,4132,3,11,19,"{19,3}"
2016-03-27,SNDKR,Dakar,GHTEM,Tema,1,1,"Maersk Line; Safmarine",2,4,4380.5,360,4380,4382,5,5,5,{5}
2016-03-27,SNDKR,Dakar,GMBJL,Banjul,1,1,"CMA CGM",1,3,1072,144.666666666667,957,1152,0,0,0,{0}
2016-03-27,SNDKR,Dakar,MAPTM,Tanger,1,1,"Maersk Line; Safmarine",2,4,4380.5,360,4380,4382,4,4,4,{4}
2016-03-27,SNDKR,Dakar,NGAPP,Apapa,1,1,"Arkas Line; Hapag-Lloyd",2,6,1740,300,1740,1740,7,7,7,{7}
2016-03-27,SNDKR,Dakar,NGTIN,"Lagos, Tin Can",2,2,"Arkas Line; CMA CGM; COSCO; Hapag-Lloyd; Maersk Line; Marguisa; Messina; UASC; ZIM",9,8,8185.28571428571,1279.28571428571,2452,2764,4,5,6,"{6,4}"
2016-03-27,SRPBM,Paramaribo,GPPTP,Pointe-a-Pitre,1,1,"CMA CGM",1,2,1487,315,1296,1678,2,2,2,{2}
2016-03-27,SRPBM,Paramaribo,GYGEO,"Georgetown, Guyana",3,3,"CMA CGM; King Ocean; Seaboard Marine",3,6,2829,606.666666666667,584,1678,1,1,3,"{1,1,3}"
2016-03-27,SRPBM,Paramaribo,JMKIN,Kingston,1,1,"CMA CGM; ZIM",2,2,1008.5,284.5,670,1347,6,6,6,{6}
2016-03-27,SRPBM,Paramaribo,TTPTS,"Point Lisas",1,1,"Hapag-Lloyd; Maersk Line; Seaboard Marine; SeaLand",4,3,1138.66666666667,134.666666666667,1708,1708,2,2,2,{2}
2016-03-27,STTMS,"Sao Tome",AOLAD,Luanda,1,1,PSL,1,2,6042.85714285714,814.285714285714,2061,2169,4,4,4,{4}
2016-03-27,SVAQJ,Acajutla,GTPRQ,"Puerto Quetzal",2,2,"Alianca; APL; CCNI; CMA CGM; CSCL; Evergreen Line; Hamburg Sud; Hapag-Lloyd; Maersk Line; MSC; SeaLand; X-Press",12,6,4130,810.5,1550,2566,0,0.5,1,"{1,0}"
2016-03-27,SVAQJ,Acajutla,HNSLO,"Puerto San Lorenzo",1,1,"Alianca; APL; CCNI; CMA CGM; CSCL; Evergreen Line; Hamburg Sud; Hapag-Lloyd; X-Press",9,2,1645,300,1550,1740,1,1,1,{1}
2016-03-27,SVAQJ,Acajutla,NICIO,Corinto,2,2,"Hapag-Lloyd; Maersk Line; MSC; NYK; SeaLand",5,8,5114,930.75,2339,2664,1,1,1,"{1,1}"
2016-03-27,SXSXM,"St Maarten-Philipsburg",BBBGI,Bridgetown,1,1,"Seaboard Marine",1,3,758,147.666666666667,657,957,1,1,1,{1}
2016-03-27,SXSXM,"St Maarten-Philipsburg",CRMOB,Moin,1,1,StreamLines,1,5,1654.2,339.8,1341,2122,4,4,4,{4}
2016-03-27,SXSXM,"St Maarten-Philipsburg",DMRSU,Roseau,1,1,"CMA CGM",1,2,990,212,862,1118,1,1,1,{1}
2016-03-27,SXSXM,"St Maarten-Philipsburg",DOCAU,Caucedo,1,1,"Tropical Shipping",1,2,1089.5,226,1061,1118,1,1,1,{1}
2016-03-27,SXSXM,"St Maarten-Philipsburg",GPPTP,Pointe-a-Pitre,1,1,"CMA CGM; TOTE Maritime",2,1,120,24,120,120,1,1,1,{1}
2016-03-27,SXSXM,"St Maarten-Philipsburg",KNNEV,"Charlestown, Nevis",1,1,"King Ocean",1,4,1024.25,231,957,1100,1,1,1,{1}
2016-03-27,SXSXM,"St Maarten-Philipsburg",TTPOS,"Port of Spain",1,1,"ANL; CMA CGM; Marfret; OPDR",4,6,1999.16666666667,163.333333333333,1678,2339,1,1,1,{1}
2016-03-27,SXSXM,"St Maarten-Philipsburg",VISTT,"St Thomas VI",1,1,"CMA CGM; TOTE Maritime",2,1,120,24,120,120,1,1,1,{1}
2016-03-27,SYLTK,Lattakia,TRMER,Mersin,1,1,"Alianca; Hamburg Sud; Hapag-Lloyd; Seago Line; UASC",5,5,4324,520,4255,4600,0,0,0,{0}
2016-03-27,TGLFW,Lome,AOLAD,Luanda,1,1,"Maersk Line; Safmarine; Seago Line",3,8,1609.875,218.5,2478,2902,4,4,4,{4}
2016-03-27,TGLFW,Lome,BJCOO,Cotonou,2,2,"CMA CGM; PIL; UASC",3,14,4279.8630952381,595.440476190476,1080,2526,2,2,2,"{2,2}"
2016-03-27,TGLFW,Lome,CISPY,"San Pedro, Ivory Coast",1,1,"CMA CGM; UASC",2,8,2404.625,369.25,2061,2526,3,3,3,{3}
2016-03-27,TGLFW,Lome,GHTEM,Tema,1,1,"ANL; CMA CGM; Maersk Line; MCC; Safmarine",5,12,4759.66666666667,443,4496,5466,2,2,2,{2}
2016-03-27,TGLFW,Lome,GNCKY,Conakry,1,1,"Maersk Line; Safmarine; Seago Line",3,8,1609.875,218.5,2478,2902,5,5,5,{5}
2016-03-27,TGLFW,Lome,MUPLU,"Port Louis",1,1,MSC,1,11,5316.81818181818,363.636363636364,6477,9200,14,14,14,{14}
2016-03-27,TGLFW,Lome,NGTIN,"Lagos, Tin Can",2,2,"COSCO; CSCL; Gold Star Line; PIL",4,23,8647.46428571429,316.5,3889,4957,0,0.5,1,"{0,1}"
2016-03-27,TGLFW,Lome,ZACPT,"Cape Town",1,1,"ANL; CMA CGM; PIL",3,11,2973.45454545455,412.454545454545,3091,3889,13,13,13,{13}
2016-03-27,THBKK,"Bangkok (Old Port)",JPOSA,Osaka,1,1,MOL,1,3,1596.66666666667,98,1440,1705,8,8,8,{8}
2016-03-27,THBKK,"Bangkok (Old Port)",THLCH,"Laem Chabang",22,22,"Alianca; ANL; CK Line; CMA CGM; CNC Line-Cheng Lie Navigation Co. Ltd.; COSCO; Dongjin Shipping; Evergreen Line; Gold Star Line; Hamburg Sud; Hanjin Shipping; Heung-A; IAL-Interasia Lines; K Line; KMTC; MOL; Namsung; NYK; RCL; Sinokor; Sinotrans; SITC Shipping; TS Lines; Wan Hai; Yang Ming; ZIM",26,72,33751.1666666667,3780.33333333333,1005,1900,0,1,2,"{0,1,1,1,2,0,1,1,0,1,1,0,1,1,1,1,1,1,0,1,1,1}"
2016-03-27,THBKK,"Bangkok (Old Port)",VNSGN,"Ho Chi Minh (VICT/Cat Lai)",1,1,"K Line; SITC Shipping",2,3,1708,202,1708,1708,3,3,3,{3}
2016-03-27,THLCH,"Laem Chabang",CNDCB,"Da Chan Bay",1,1,"APL; Hapag-Lloyd; Hyundai; MOL; NYK; OOCL; ZIM",7,7,9217.14285714286,757.142857142857,8063,10070,3,3,3,{3}
2016-03-27,THLCH,"Laem Chabang",CNNGB,Ningbo,1,1,"COSCO; RCL",2,3,1369.33333333333,169.333333333333,1228,1440,8,8,8,{8}
2016-03-27,THLCH,"Laem Chabang",CNSHA,Shanghai,2,2,"ANL; CMA CGM; CNC Line-Cheng Lie Navigation Co. Ltd.; Heung-A; KMTC; MCC; TS Lines",7,13,3377.03333333333,483.133333333333,1577,1856,6,6,6,"{6,6}"
2016-03-27,THLCH,"Laem Chabang",CNSHK,Shekou,2,2,"Evergreen Line; OOCL",2,5,4452.33333333333,746,1164,3534,4,4,4,"{4,4}"
2016-03-27,THLCH,"Laem Chabang",CNYTN,Yantian,1,1,"Hanjin Shipping; Hapag-Lloyd; Hyundai; MCC; NYK; OOCL",6,12,6592.5,532.666666666667,6200,7455,4,4,4,{4}
2016-03-27,THLCH,"Laem Chabang",HKHKG,"Hong Kong",12,12,"Alianca; ANL; APL; CMA CGM; CNC Line-Cheng Lie Navigation Co. Ltd.; Evergreen Line; Gold Star Line; Hamburg Sud; Hanjin Shipping; Heung-A; Hyundai; IAL-Interasia Lines; K Line; KMTC; MCC; MOL; NYK; OOCL; Sinokor; TS Lines; Wan Hai; Yang Ming; ZIM",23,45,24420.3452380952,2988.21428571429,1005,8452,3,4,5,"{4,4,5,4,4,3,4,3,4,4,4,4}"
2016-03-27,THLCH,"Laem Chabang",IDJKT,"Jakarta, Java",1,1,"Gold Star Line; KMTC; MCC; Sinokor; ZIM",5,4,2467.5,375,2401,2577,3,3,3,{3}
2016-03-27,THLCH,"Laem Chabang",KHKOS,Sihanoukville,1,1,Hyundai,1,4,2200,150,2200,2200,1,1,1,{1}
2016-03-27,THLCH,"Laem Chabang",MYTPP,"Tanjung Pelepas",1,1,"Alianca; APL; Hamburg Sud; Hapag-Lloyd; Hyundai; Maersk Line; MCC; MSC; Safmarine",9,12,4577.66666666667,588.833333333333,4045,5400,4,4,4,{4}
2016-03-27,THLCH,"Laem Chabang",PHMNL,Manila,1,1,"K Line; SITC Shipping",2,3,1086,116.666666666667,1005,1221,4,4,4,{4}
2016-03-27,THLCH,"Laem Chabang",SGSIN,Singapore,10,10,"APL; CMA CGM; CNC Line-Cheng Lie Navigation Co. Ltd.; COSCO; Emirates Shipping; Evergreen Line; Hanjin Shipping; Hapag-Lloyd; Hyundai; K Line; KMTC; Maersk Line; MOL; NYK; OOCL; PIL; RCL; Safmarine; Samudera; Simatech; X-Press; ZIM",22,55,35412.8374458874,4231.09848484848,2198,8749,3,4,4,"{3,3,4,4,3,4,4,4,3,4}"
2016-03-27,THLCH,"Laem Chabang",THBKK,"Bangkok (Old Port)",14,14,"Alianca; ANL; CK Line; CMA CGM; CNC Line-Cheng Lie Navigation Co. Ltd.; Dongjin Shipping; Evergreen Line; Gold Star Line; Hamburg Sud; Hanjin Shipping; Heung-A; IAL-Interasia Lines; K Line; KMTC; MOL; Namsung; RCL; Sinokor; SITC Shipping; TS Lines; Wan Hai; Yang Ming; ZIM",23,45,22555.4166666667,2430.25,1088,1900,0,1,1,"{1,1,1,0,0,0,1,0,1,0,1,1,1,1}"
2016-03-27,THLCH,"Laem Chabang",TWKHH,Kaohsiung,3,3,"CMA CGM; CNC Line-Cheng Lie Navigation Co. Ltd.; Evergreen Line; OOCL; Wan Hai",5,11,7447.16666666667,919.166666666667,1368,5364,4,4,4,"{4,4,4}"
2016-03-27,THLCH,"Laem Chabang",VNHPH,Haiphong,1,1,"NYK; RCL",2,2,1130,127,1060,1200,4,4,4,{4}
2016-03-27,THLCH,"Laem Chabang",VNSGN,"Ho Chi Minh (VICT/Cat Lai)",12,12,"ANL; CK Line; CMA CGM; CNC Line-Cheng Lie Navigation Co. Ltd.; COSCO; Dongjin Shipping; Evergreen Line; Gold Star Line; Hanjin Shipping; K Line; KMTC; MCC; Namsung; NYK; OOCL; PIL; RCL; Sinokor; Sinotrans; SITC Shipping; TS Lines; Yang Ming; ZIM",23,41,23548.5,3164.66666666667,1264,2900,1,2,4,"{2,1,2,2,2,2,4,2,2,2,2,3}"
2016-03-27,THLCH,"Laem Chabang",VNTCT,"Cai Mep",3,3,"ANL; APL; CMA CGM; CNC Line-Cheng Lie Navigation Co. Ltd.; Hapag-Lloyd; Hyundai; MOL; NYK; OOCL",9,13,11349.1428571429,1297.80952380952,2450,9100,2,2,2,"{2,2,2}"
2016-03-27,TOTBU,Nuku'alofa,AUMEL,Melbourne,1,1,"NPL-Neptune Pacific Line; PDL-Pacific Direct Line; Swire Shipping",3,2,1924.57142857143,228.571428571429,777,907,9,9,9,{9}
2016-03-27,TOTBU,Nuku'alofa,WSAPW,"Apia, W. Samoa",2,2,"Alianca; Hamburg Sud; PDL-Pacific Direct Line; PIL; Polynesia Line; Sofrana",6,3,4893.14285714286,824.642857142857,938,1714,2,2,2,"{2,2}"
2016-03-27,TRALI,Aliaga,MTMAR,"Malta (Marsaxlokk)",1,1,"ANL; CMA CGM; OPDR; Seago Line",4,5,3150.6,397.2,2741,3426,3,3,3,{3}
2016-03-27,TRALI,Aliaga,PTSIE,Sines,1,1,"Hapag-Lloyd; MSC; WEC Lines",3,4,5488,433.5,5050,5800,5,5,5,{5}
2016-03-27,TRALI,Aliaga,TRISK,Iskenderun,1,1,"ANL; CMA CGM; CSCL; UASC",4,6,6338.16666666667,770,5618,6800,2,2,2,{2}
2016-03-27,TRALI,Aliaga,TRIZM,Izmir,1,1,"Alianca; Borchard Lines Ltd; CMA CGM; Hamburg Sud; Maersk Line; Seago Line; Turkon",7,5,4504,700,4504,4504,1,1,1,{1}
2016-03-27,TRAMB,"Istanbul (Ambarli)",EGPSD,"Port Said",1,1,HDASCO,1,2,7788,1100,2478,2478,3,3,3,{3}
2016-03-27,TRAMB,"Istanbul (Ambarli)",GRPIR,Piraeus,1,1,"ANL; APL; CMA CGM; COSCO; CSCL; MOL; PIL; UASC; USL-US Lines; Yang Ming",10,11,6743.45454545455,867.272727272727,8386,10622,1,1,1,{1}
2016-03-27,TRAMB,"Istanbul (Ambarli)",ILHFA,Haifa,1,1,"Gold Star Line; OOCL; ZIM",3,10,3825.9,346,4250,4253,3,3,3,{3}
2016-03-27,TRAMB,"Istanbul (Ambarli)",ROCND,Constanta,1,1,"ANL; APL; CMA CGM; COSCO; CSCL; MOL; PIL; UASC; USL-US Lines; Yang Ming",10,11,6743.45454545455,867.272727272727,8386,10622,2,2,2,{2}
2016-03-27,TRAMB,"Istanbul (Ambarli)",RUNVS,Novorossiysk,1,1,"Gold Star Line; OOCL; ZIM",3,10,3825.9,346,4250,4253,2,2,2,{2}
2016-03-27,TRAMB,"Istanbul (Ambarli)",TRALI,Aliaga,2,2,"ANL; CMA CGM; CSCL; OPDR; Seago Line; UASC",6,11,9488.76666666667,1167.2,2741,6800,1,1,1,"{1,1}"
2016-03-27,TRAMB,"Istanbul (Ambarli)",TRGEB,"Istanbul (Gebze)",1,1,"ANL; CMA CGM; OPDR; Seago Line",4,5,3150.6,397.2,2741,3426,0,0,0,{0}
2016-03-27,TRAMB,"Istanbul (Ambarli)",TRGEM,"Istanbul (Gemlik)",3,3,"Alianca; Borchard Lines Ltd; CMA CGM; Hamburg Sud; Hapag-Lloyd; Maersk Line; MSC; Seago Line; Turkon; WEC Lines",10,12,14663.6666666667,1460.16666666667,4392,5800,0,0,1,"{0,0,1}"
2016-03-27,TRAMB,"Istanbul (Ambarli)",TRIZT,Izmit,4,3,"Maersk Line; NileDutch; Safmarine; SeaLand; Turkon",5,31,16403.1214285714,2306.2,1878,5527,1,1,1,"{1,1,1,1}"
2016-03-27,TRAMB,"Istanbul (Ambarli)",TRTEK,Tekirdag,1,1,"Hapag-Lloyd; Maersk Line; MCC; MSC; Safmarine",5,10,13595,1000,13050,14000,1,1,1,{1}
2016-03-27,TRAMB,"Istanbul (Ambarli)",UAODS,Odessa,1,1,"Maersk Line; Safmarine; SeaLand",3,10,3049.3,756.2,2872,3078,3,3,3,{3}
2016-03-27,TRGEB,"Istanbul (Gebze)",TRAMB,"Istanbul (Ambarli)",1,1,MSC,1,3,4671.66666666667,326.666666666667,4392,5078,0,0,0,{0}
2016-03-27,TRGEB,"Istanbul (Gebze)",TRGEM,"Istanbul (Gemlik)",2,1,"ANL; CMA CGM; OPDR; Seago Line",4,10,6301.2,794.4,2741,3426,1,1,1,"{1,1}"
2016-03-27,TRGEM,"Istanbul (Gemlik)",GBFXT,Felixstowe,1,1,MSC,1,3,4671.66666666667,326.666666666667,4392,5078,8,8,8,{8}
2016-03-27,TRGEM,"Istanbul (Gemlik)",ROCND,Constanta,1,1,"ANL; CMA CGM; OPDR; Seago Line",4,5,3150.6,397.2,2741,3426,2,2,2,{2}
2016-03-27,TRGEM,"Istanbul (Gemlik)",TRALI,Aliaga,1,1,"Alianca; Borchard Lines Ltd; CMA CGM; Hamburg Sud; Maersk Line; Seago Line; Turkon",7,5,4504,700,4504,4504,1,1,1,{1}
2016-03-27,TRGEM,"Istanbul (Gemlik)",TRAMB,"Istanbul (Ambarli)",1,1,"ANL; CMA CGM; OPDR; Seago Line",4,5,3150.6,397.2,2741,3426,1,1,1,{1}
2016-03-27,TRGEM,"Istanbul (Gemlik)",TRIZM,Izmir,1,1,"NileDutch; Turkon",2,5,2414.57142857143,450,1878,1878,1,1,1,{1}
2016-03-27,TRGEM,"Istanbul (Gemlik)",TRTEK,Tekirdag,1,1,"Hapag-Lloyd; MSC; WEC Lines",3,4,5488,433.5,5050,5800,1,1,1,{1}
2016-03-27,TRISK,Iskenderun,EGPSD,"Port Said",2,2,"ANL; CMA CGM; CSCL; Maersk Line; Safmarine; UASC",6,14,11807.7916666667,1320,5400,6800,2,2,2,"{2,2}"
2016-03-27,TRISK,Iskenderun,TRIZT,Izmit,1,1,"ANL; APL; CMA CGM; COSCO; CSCL; MOL; PIL; UASC; USL-US Lines; Yang Ming",10,11,6743.45454545455,867.272727272727,8386,10622,2,2,2,{2}
2016-03-27,TRISK,Iskenderun,TRMER,Mersin,1,1,"MSC; WEC Lines; ZIM",3,5,6439.2,452,4549,7455,0,0,0,{0}
2016-03-27,TRIZM,Izmir,ESALG,Algeciras,1,1,"Maersk Line; Safmarine; SeaLand",3,10,3049.3,756.2,2872,3078,6,6,6,{6}
2016-03-27,TRIZM,Izmir,ESVLC,Valencia,1,1,"Alianca; Borchard Lines Ltd; CMA CGM; Hamburg Sud; Maersk Line; Seago Line; Turkon",7,5,4504,700,4504,4504,4,4,4,{4}
2016-03-27,TRIZM,Izmir,GRPIR,Piraeus,1,1,"Hapag-Lloyd; MSC",2,4,3681.25,218.25,3301,4158,1,1,1,{1}
2016-03-27,TRIZM,Izmir,MAPTM,Tanger,1,1,"NileDutch; Turkon",2,5,2414.57142857143,450,1878,1878,5,5,5,{5}
2016-03-27,TRIZM,Izmir,TRISK,Iskenderun,1,1,"Maersk Line; Safmarine",2,8,5469.625,550,5400,5527,4,4,4,{4}
2016-03-27,TRIZT,Izmit,RUNVS,Novorossiysk,1,1,"Maersk Line; Safmarine",2,8,5469.625,550,5400,5527,2,2,2,{2}
2016-03-27,TRIZT,Izmit,TRAMB,"Istanbul (Ambarli)",5,5,"Alianca; ANL; APL; Borchard Lines Ltd; CMA CGM; COSCO; CSCL; Hamburg Sud; Hapag-Lloyd; Maersk Line; MCC; MOL; MSC; PIL; Safmarine; Seago Line; SeaLand; Turkon; UASC; USL-US Lines; Yang Ming",21,42,34229.9212121212,4093.47272727273,2872,14000,0,1,1,"{1,1,0,1,0}"
2016-03-27,TRIZT,Izmit,TRGEM,"Istanbul (Gemlik)",1,1,"NileDutch; Turkon",2,5,2414.57142857143,450,1878,1878,1,1,1,{1}
2016-03-27,TRIZT,Izmit,TRIZM,Izmir,2,2,"Maersk Line; Safmarine; SeaLand",3,18,8518.925,1306.2,2872,5527,2,2,2,"{2,2}"
2016-03-27,TRMER,Mersin,CNXMN,Xiamen,1,1,"Gold Star Line; ZIM",2,9,3879.33333333333,331.333333333333,4250,4644,19,19,19,{19}
2016-03-27,TRMER,Mersin,EGPSD,"Port Said",1,1,"Alianca; Hamburg Sud; Hapag-Lloyd; Seago Line; UASC",5,5,4324,520,4255,4600,3,3,3,{3}
2016-03-27,TRMER,Mersin,ITSAL,Salerno,1,1,"Borchard Lines Ltd",1,4,1216,200,1216,1216,1,1,1,{1}
2016-03-27,TRMER,Mersin,ITSPE,"La Spezia",1,1,"MSC; WEC Lines; ZIM",3,5,6439.2,452,4549,7455,4,4,4,{4}
2016-03-27,TRMER,Mersin,TRAMB,"Istanbul (Ambarli)",2,2,"Maersk Line; NileDutch; Safmarine; Turkon",4,13,7884.19642857143,1000,1878,5527,3,3.5,4,"{3,4}"
2016-03-27,TRMER,Mersin,TRIZT,Izmit,1,1,"ANL; CMA CGM; CSCL; UASC",4,6,6338.16666666667,770,5618,6800,3,3,3,{3}
2016-03-27,TRTEK,Tekirdag,GRPIR,Piraeus,2,2,"Hapag-Lloyd; Maersk Line; MCC; MSC; Safmarine; WEC Lines",6,14,19083,1433.5,5050,14000,1,1,1,"{1,1}"
2016-03-27,TTPOS,"Port of Spain",CWWIL,Willemstad,1,1,"ANL; CMA CGM; USL-US Lines",3,5,1130.4,260.8,957,1345,3,3,3,{3}
2016-03-27,TTPOS,"Port of Spain",GFDDC,"Degrad des Cannes",1,1,"ANL; CMA CGM; Marfret; OPDR",4,6,1999.16666666667,163.333333333333,1678,2339,2,2,2,{2}
2016-03-27,TTPOS,"Port of Spain",JMKIN,Kingston,1,1,"Caribbean Feeder; Hapag-Lloyd; ZIM",3,3,699.333333333333,120,698,702,4,4,4,{4}
2016-03-27,TTPOS,"Port of Spain",KRPUS,Busan,1,1,"Alianca; ANL; APL; CMA CGM; CSCL; Hamburg Sud; Hapag-Lloyd",7,12,4748.41666666667,408.833333333333,4250,5095,37,37,37,{37}
2016-03-27,TTPOS,"Port of Spain",SRPBM,Paramaribo,1,1,"CMA CGM",1,2,1487,315,1296,1678,1,1,1,{1}
2016-03-27,TTPOS,"Port of Spain",VCKTN,"Kingstown, St Vincent",1,1,"King Ocean",1,4,1024.25,231,957,1100,1,1,1,{1}
2016-03-27,TTPTS,"Point Lisas",BBBGI,Bridgetown,2,2,"Crowley; King Ocean; SeaFreight Line",3,3,1706,294,584,1122,1,1,1,"{1,1}"
2016-03-27,TTPTS,"Point Lisas",GDSTG,"St George's",1,1,"Tropical Shipping",1,2,850,187,850,850,2,2,2,{2}
2016-03-27,TTPTS,"Point Lisas",JMKIN,Kingston,3,3,"CMA CGM; Seaboard Marine; SeaFreight Line; ZIM",4,8,2921.33333333333,613,657,1296,2,3,4,"{3,2,4}"
2016-03-27,TTPTS,"Point Lisas",KYGEC,Georgetown,1,1,"Hapag-Lloyd; Maersk Line; Seaboard Marine; SeaLand",4,3,1138.66666666667,134.666666666667,1708,1708,4,4,4,{4}
2016-03-27,TTPTS,"Point Lisas",PAMIT,Manzanillo,1,1,"Hapag-Lloyd; Maersk Line; Seaboard Marine; SeaLand",4,3,1138.66666666667,134.666666666667,1708,1708,4,4,4,{4}
2016-03-27,TTPTS,"Point Lisas",SRPBM,Paramaribo,1,1,"Seaboard Marine",1,3,758,147.666666666667,657,957,2,2,2,{2}
2016-03-27,TTPTS,"Point Lisas",TTPOS,"Port of Spain",1,1,"ANL; CMA CGM; USL-US Lines",3,5,1130.4,260.8,957,1345,0,0,0,{0}
2016-03-27,TWKEL,Keelung,CNNGB,Ningbo,1,1,"MCC; OOCL",2,7,2226.71428571429,507.142857142857,2190,2339,5,5,5,{5}
2016-03-27,TWKEL,Keelung,CNSHA,Shanghai,1,1,"ANL; CMA CGM; CSCL; OOCL; PDL-Pacific Direct Line; PIL; USL-US Lines",7,7,4407.85714285714,351.428571428571,4250,4578,2,2,2,{2}
2016-03-27,TWKEL,Keelung,CNXMN,Xiamen,2,2,MCC,1,13,4578.05,837.9,1713,3450,1,1.5,2,"{2,1}"
2016-03-27,TWKEL,Keelung,HKHKG,"Hong Kong",5,5,"Alianca; APL; CCNI; CMA CGM; CSCL; Evergreen Line; Hamburg Sud; Hanjin Shipping; Hapag-Lloyd; Hyundai; K Line; KMTC; MOL; MSC; NYK; OOCL; TS Lines; Yang Ming",18,29,16580.4424242424,2615.30303030303,1000,9000,1,1,2,"{1,1,2,1,1}"
2016-03-27,TWKEL,Keelung,JPKWS,Kawasaki,1,1,"TS Lines",1,3,1063.66666666667,193.333333333333,1024,1118,4,4,4,{4}
2016-03-27,TWKEL,Keelung,JPMOJ,Moji,1,1,"TS Lines; Yang Ming",2,2,1772,346,1574,1970,2,2,2,{2}
2016-03-27,TWKEL,Keelung,JPNAH,"Naha (Okinawa Is)",1,1,NYK,1,2,576,100,550,602,1,1,1,{1}
2016-03-27,TWKEL,Keelung,JPOSA,Osaka,1,1,"ANL; CNC Line-Cheng Lie Navigation Co. Ltd.; Evergreen Line; TS Lines",4,3,1647.33333333333,158,1440,1800,2,2,2,{2}
2016-03-27,TWKEL,Keelung,JPTYO,Tokyo,3,3,"ANL; CMA CGM; CNC Line-Cheng Lie Navigation Co. Ltd.; Evergreen Line; K Line; NYK; OOCL; TS Lines; Yang Ming",9,11,4380.41666666667,531.75,1032,1805,3,3,3,"{3,3,3}"
2016-03-27,TWKEL,Keelung,KRICH,Inchon,1,1,"KMTC; TS Lines",2,2,1025,52,1000,1050,3,3,3,{3}
2016-03-27,TWKEL,Keelung,KRPUS,Busan,1,1,"KMTC; Sinokor",2,3,1560.66666666667,126.666666666667,1512,1585,2,2,2,{2}
2016-03-27,TWKEL,Keelung,SGSIN,Singapore,1,1,"COSCO; Evergreen Line; Hanjin Shipping; K Line; MOL; PIL",6,8,3381.875,328.25,4211,5595,7,7,7,{7}
2016-03-27,TWKEL,Keelung,TWKHH,Kaohsiung,7,7,"ANL; CMA CGM; CNC Line-Cheng Lie Navigation Co. Ltd.; COSCO; CSCL; Evergreen Line; Hanjin Shipping; K Line; NYK; OOCL; TS Lines; UASC; Yang Ming",13,24,19246.4166666667,2130.75,550,8626,1,1,1,"{1,1,1,1,1,1,1}"
2016-03-27,TWKEL,Keelung,TWTXG,Taichung,8,7,"ANL; CMA CGM; CNC Line-Cheng Lie Navigation Co. Ltd.; Evergreen Line; Heung-A; KMTC; TS Lines; Yang Ming",8,22,10970.75,1613,1024,1970,0,1,1,"{1,1,0,1,0,1,1,0}"
2016-03-27,TWKEL,Keelung,USLAX,"Los Angeles CA",1,1,"COSCO; CSCL; Hanjin Shipping; K Line; UASC; Yang Ming",6,6,7432.33333333333,616.666666666667,4662,8626,12,12,12,{12}
2016-03-27,TWKHH,Kaohsiung,AUBNE,Brisbane,1,1,"ANL; CMA CGM; CSCL; OOCL; PDL-Pacific Direct Line; PIL; USL-US Lines",7,7,4407.85714285714,351.428571428571,4250,4578,11,11,11,{11}
2016-03-27,TWKHH,Kaohsiung,AUMEL,Melbourne,1,1,"ANL; CMA CGM; CSCL; OOCL; USL-US Lines",5,6,3596.33333333333,383,4250,4578,12,12,12,{12}
2016-03-27,TWKHH,Kaohsiung,AUSYD,Sydney,1,1,"Evergreen Line; Hanjin Shipping; PIL; Sinotrans; TS Lines; Yang Ming",6,6,4282.33333333333,472.666666666667,4211,4380,12,12,12,{12}
2016-03-27,TWKHH,Kaohsiung,CNCWN,Chiwan,4,4,"Alianca; ANL; APL; CMA CGM; CSCL; Hamburg Sud; Hanjin Shipping; Hapag-Lloyd; K Line; Maersk Line; MCC; MOL; MSC; NYK; Safmarine; Yang Ming",16,40,21077.6274509804,1927.70588235294,2468,9400,1,1.5,2,"{2,1,2,1}"
2016-03-27,TWKHH,Kaohsiung,CNLYG,Lianyungang,1,1,OOCL,1,4,1917.5,285.5,2546,2578,3,3,3,{3}
2016-03-27,TWKHH,Kaohsiung,CNNGB,Ningbo,3,3,"COSCO; Evergreen Line; Hanjin Shipping; K Line; MCC; PIL; Sinotrans; TS Lines; Yang Ming",9,26,14827,1703,2732,8930,2,2,3,"{3,2,2}"
2016-03-27,TWKHH,Kaohsiung,CNNSA,Nansha,1,1,"ANL; APL; CMA CGM; Maersk Line; MCC; Safmarine; SeaLand",7,21,8977.71428571429,702,6802,9640,2,2,2,{2}
2016-03-27,TWKHH,Kaohsiung,CNSHA,Shanghai,9,9,"Alianca; ANL; APL; CMA CGM; COSCO; CSCL; Evergreen Line; Hamburg Sud; Hanjin Shipping; Hapag-Lloyd; Hyundai; K Line; Maersk Line; MCC; MELL; MOL; MSC; NYK; OOCL; Safmarine; UASC; Yang Ming; ZIM",23,62,53759.45,4746.86666666667,1300,13806,2,3,6,"{2,2,2,3,3,6,3,2,3}"
2016-03-27,TWKHH,Kaohsiung,CNSHK,Shekou,7,7,"ANL; CMA CGM; CNC Line-Cheng Lie Navigation Co. Ltd.; COSCO; CSCL; Evergreen Line; Hanjin Shipping; PIL; UASC; Wan Hai; Yang Ming",11,41,26940.225,2617.23333333333,1618,9661,1,1,2,"{2,1,1,1,2,2,1}"
2016-03-27,TWKHH,Kaohsiung,CNTAO,Qingdao,1,1,"COSCO; Evergreen Line; Hanjin Shipping; K Line; MOL; Yang Ming",6,8,7431.25,437.5,5500,8073,2,2,2,{2}
2016-03-27,TWKHH,Kaohsiung,CNXMN,Xiamen,6,6,"Alianca; APL; COSCO; Evergreen Line; Hamburg Sud; Hanjin Shipping; Hapag-Lloyd; Hyundai; K Line; MOL; NYK; OOCL; PIL; Wan Hai; Yang Ming",15,35,33797.0416666667,2704.08333333333,4211,10000,1,1.5,3,"{3,1,2,2,1,1}"
2016-03-27,TWKHH,Kaohsiung,CNYTN,Yantian,6,6,"ANL; APL; CMA CGM; COSCO; CSCL; Evergreen Line; Hanjin Shipping; Hapag-Lloyd; Hyundai; K Line; MOL; NYK; OOCL; PIL; USL-US Lines; Wan Hai; Yang Ming",17,53,48082.7976911977,3494.32121212121,5250,14100,1,2,2,"{1,2,2,2,2,1}"
2016-03-27,TWKHH,Kaohsiung,HKHKG,"Hong Kong",27,27,"Alianca; ANL; APL; CMA CGM; CNC Line-Cheng Lie Navigation Co. Ltd.; COSCO; CSCL; Evergreen Line; Hamburg Sud; Hanjin Shipping; Hapag-Lloyd; Hyundai; IAL-Interasia Lines; K Line; Maersk Line; MCC; MOL; MSC; NYK; OOCL; Safmarine; SeaLand; TS Lines; UASC; Wan Hai; X-Press; Yang Ming; ZIM",28,134,81417.9991341991,8885.26818181818,1024,9640,0,1,2,"{2,1,1,1,1,1,1,1,1,2,0,1,1,1,2,2,2,1,1,1,1,1,1,2,1,1,2}"
2016-03-27,TWKHH,Kaohsiung,IDJKT,"Jakarta, Java",1,1,"NYK; Yang Ming",2,3,2714.66666666667,418.666666666667,2700,2742,5,5,5,{5}
2016-03-27,TWKHH,Kaohsiung,IDSUB,"Surabaya, Java",1,1,"ANL; CMA CGM; CNC Line-Cheng Lie Navigation Co. Ltd.; Evergreen Line; Yang Ming",5,5,2303.8,398.4,1496,2577,5,5,5,{5}
2016-03-27,TWKHH,Kaohsiung,JPNAH,"Naha (Okinawa Is)",1,1,MELL,1,4,1200.5,234,1080,1304,2,2,2,{2}
2016-03-27,TWKHH,Kaohsiung,JPOSA,Osaka,1,1,"Hanjin Shipping; K Line; NYK",3,3,1440,174,1440,1440,4,4,4,{4}
2016-03-27,TWKHH,Kaohsiung,JPTYO,Tokyo,2,2,"APL; OOCL",2,6,4201.33333333333,733.333333333333,1730,2468,3,3.5,4,"{4,3}"
2016-03-27,TWKHH,Kaohsiung,JPUKB,Kobe,1,1,"APL; K Line; MCC; NYK; Yang Ming",5,3,2504.66666666667,516.666666666667,2468,2572,3,3,3,{3}
2016-03-27,TWKHH,Kaohsiung,KRICH,Inchon,1,1,"ANL; CMA CGM; CNC Line-Cheng Lie Navigation Co. Ltd.; Evergreen Line",4,4,2721,424.5,2700,2742,2,2,2,{2}
2016-03-27,TWKHH,Kaohsiung,KRKAN,Gwangyang,1,1,"APL; Hapag-Lloyd; Hyundai; MOL; NYK; OOCL",6,11,11906.1818181818,745.454545454545,12565,14000,2,2,2,{2}
2016-03-27,TWKHH,Kaohsiung,KRPUS,Busan,3,3,"APL; COSCO; Evergreen Line; PIL; Wan Hai; Yang Ming",6,14,8387.8,832.333333333333,1102,5548,2,3,5,"{2,3,5}"
2016-03-27,TWKHH,Kaohsiung,PHCEB,Cebu,3,3,"BTL-Bengal Tiger Line; Evergreen Line; Hanjin Shipping; Hapag-Lloyd; NYK; OOCL; Wan Hai; X-Press",8,5,4033,773,1042,1684,3,3,4,"{4,3,3}"
2016-03-27,TWKHH,Kaohsiung,PHMNL,Manila,10,10,"APL; CMA CGM; CNC Line-Cheng Lie Navigation Co. Ltd.; Evergreen Line; Gold Star Line; Hanjin Shipping; Hyundai; K Line; MCC; MOL; NYK; OOCL; TS Lines; Wan Hai; Yang Ming; ZIM",16,28,18316.3666666667,2678.8,550,5364,1,2,4,"{2,2,2,2,3,3,2,1,2,4}"
2016-03-27,TWKHH,Kaohsiung,PHSFS,"Subic Bay",1,1,APL,1,2,1694,237,1530,1858,1,1,1,{1}
2016-03-27,TWKHH,Kaohsiung,SGSIN,Singapore,3,3,"APL; Evergreen Line; Hanjin Shipping; Hapag-Lloyd; Hyundai; K Line; KMTC; MOL; NYK; OOCL; Yang Ming; ZIM",12,17,16682.5595238095,1746.14285714286,2512,10070,4,4,4,"{4,4,4}"
2016-03-27,TWKHH,Kaohsiung,THLCH,"Laem Chabang",1,1,"Evergreen Line",1,2,1164,200,1164,1164,4,4,4,{4}
2016-03-27,TWKHH,Kaohsiung,TWKEL,Keelung,6,6,"CNC Line-Cheng Lie Navigation Co. Ltd.; COSCO; CSCL; Evergreen Line; Hanjin Shipping; Heung-A; K Line; KMTC; MCC; NYK; OOCL; TS Lines; UASC; Yang Ming",14,21,13987.9666666667,1641.4,550,8626,0,1,2,"{0,1,1,2,2,1}"
2016-03-27,TWKHH,Kaohsiung,TWTPE,Taipei,2,2,"Evergreen Line; Wan Hai",2,10,9483,1167.5,2200,7024,1,1,1,"{1,1}"
2016-03-27,TWKHH,Kaohsiung,TWTXG,Taichung,10,10,"ANL; CMA CGM; CNC Line-Cheng Lie Navigation Co. Ltd.; Evergreen Line; IAL-Interasia Lines; K Line; MOL; OOCL; TS Lines; Wan Hai; Yang Ming",11,34,16387.1666666667,2061.58333333333,1088,2741,0,0,3,"{0,0,0,0,0,1,0,3,0,0}"
2016-03-27,TWKHH,Kaohsiung,USLAX,"Los Angeles CA",1,1,"APL; Hapag-Lloyd; Hyundai; MOL; NYK; OOCL",6,6,8512.33333333333,433.333333333333,6350,9336,13,13,13,{13}
2016-03-27,TWKHH,Kaohsiung,USLGB,"Long Beach CA",1,1,"APL; Hapag-Lloyd; Hyundai; MOL; NYK; OOCL",6,6,7257.33333333333,586.666666666667,8063,10000,14,14,14,{14}
2016-03-27,TWKHH,Kaohsiung,VNDAD,"Da Nang",1,1,"IAL-Interasia Lines; MOL; Wan Hai",3,3,1608,210,1368,1728,2,2,2,{2}
2016-03-27,TWKHH,Kaohsiung,VNHPH,Haiphong,5,5,"CNC Line-Cheng Lie Navigation Co. Ltd.; Evergreen Line; K Line; NYK; OOCL; Wan Hai; Yang Ming",7,7,4987.66666666667,594,749,1177,2,2,5,"{3,2,2,2,5}"
2016-03-27,TWKHH,Kaohsiung,VNHPP,"Tan cang Hiep Phuoc",1,1,APL,1,3,1125,217.333333333333,1102,1155,3,3,3,{3}
2016-03-27,TWTPE,Taipei,CNNGB,Ningbo,1,1,"ANL; CMA CGM; COSCO; Evergreen Line; Hanjin Shipping; K Line; Yang Ming",7,10,5755.1,627.6,6655,8508,2,2,2,{2}
2016-03-27,TWTPE,Taipei,CNSHK,Shekou,1,1,"Evergreen Line; Hyundai; OOCL",3,7,5659.42857142857,673.714285714286,5808,8452,1,1,1,{1}
2016-03-27,TWTPE,Taipei,CNXMN,Xiamen,2,2,"COSCO; Evergreen Line",2,14,12227.375,1213.625,5250,8452,1,1,1,"{1,1}"
2016-03-27,TWTPE,Taipei,CNYTN,Yantian,1,1,"COSCO; Evergreen Line; Hanjin Shipping; K Line; MOL; Yang Ming",6,8,7431.25,437.5,5500,8073,2,2,2,{2}
2016-03-27,TWTPE,Taipei,HKHKG,"Hong Kong",1,1,"IAL-Interasia Lines; Wan Hai",2,4,1998,281,2646,2700,2,2,2,{2}
2016-03-27,TWTPE,Taipei,JPHKT,Hakata,1,1,"IAL-Interasia Lines; MOL; Wan Hai",3,3,1608,210,1368,1728,2,2,2,{2}
2016-03-27,TWTPE,Taipei,JPOSA,Osaka,2,2,"Evergreen Line; Wan Hai; Yang Ming",3,6,2423,247.5,1088,1368,2,2.5,3,"{3,2}"
2016-03-27,TWTPE,Taipei,JPTYO,Tokyo,3,3,"Evergreen Line; IAL-Interasia Lines; K Line; Wan Hai; Yang Ming",5,12,6556.25,866,1368,2741,3,3,3,"{3,3,3}"
2016-03-27,TWTPE,Taipei,KRICH,Inchon,2,2,"Evergreen Line; Wan Hai",2,8,3827,408.5,1368,2646,1,2,3,"{3,1}"
2016-03-27,TWTPE,Taipei,TWKHH,Kaohsiung,5,5,"ANL; CMA CGM; CNC Line-Cheng Lie Navigation Co. Ltd.; Evergreen Line; TS Lines; Wan Hai; Yang Ming",7,20,10666.4666666667,1522.56666666667,1088,2742,0,1,1,"{1,1,1,1,0}"
2016-03-27,TWTPE,Taipei,TWTXG,Taichung,9,9,"CMA CGM; CNC Line-Cheng Lie Navigation Co. Ltd.; Evergreen Line; IAL-Interasia Lines; K Line; MOL; Wan Hai; Yang Ming",8,30,15581.9166666667,1886.33333333333,1162,2741,0,1,1,"{0,1,0,1,1,1,0,1,0}"
2016-03-27,TWTPE,Taipei,USLAX,"Los Angeles CA",1,1,"Evergreen Line",1,6,7024,839,7024,7024,14,14,14,{14}
2016-03-27,TWTXG,Taichung,CNYTN,Yantian,1,1,MCC,1,10,1734.7,351.8,1705,1856,1,1,1,{1}
2016-03-27,TWTXG,Taichung,HKHKG,"Hong Kong",4,4,"ANL; CNC Line-Cheng Lie Navigation Co. Ltd.; Evergreen Line; Heung-A; KMTC; TS Lines; Wan Hai; Yang Ming",8,10,5740.5,694.666666666667,1084,1858,1,1.5,2,"{2,1,2,1}"
2016-03-27,TWTXG,Taichung,KRICH,Inchon,1,1,"Heung-A; KMTC; TS Lines",3,2,1093.5,125,1084,1103,3,3,3,{3}
2016-03-27,TWTXG,Taichung,TWKEL,Keelung,2,2,"ANL; CMA CGM; CNC Line-Cheng Lie Navigation Co. Ltd.; Evergreen Line; TS Lines; Yang Ming",6,8,3251.75,411.75,1367,1805,0,0,0,"{0,0}"
2016-03-27,TWTXG,Taichung,TWKHH,Kaohsiung,14,14,"ANL; CMA CGM; CNC Line-Cheng Lie Navigation Co. Ltd.; Evergreen Line; IAL-Interasia Lines; K Line; MOL; TS Lines; Wan Hai; Yang Ming",10,43,22664,3133,1024,2741,0,1,1,"{1,1,1,1,1,1,1,1,0,0,1,0,0,1}"
2016-03-27,TWTXG,Taichung,TWTPE,Taipei,8,8,"ANL; CMA CGM; CNC Line-Cheng Lie Navigation Co. Ltd.; Evergreen Line; IAL-Interasia Lines; K Line; MOL; TS Lines; Wan Hai; Yang Ming",10,28,13979.9166666667,1702.16666666667,1088,2741,0,0,1,"{1,0,0,0,1,0,0,1}"
2016-03-27,TWTXG,Taichung,VNSGN,"Ho Chi Minh (VICT/Cat Lai)",2,2,"Evergreen Line; OOCL; Wan Hai; Yang Ming",4,7,3438.66666666667,486.333333333333,1368,2339,3,3.5,4,"{4,3}"
2016-03-27,TZDAR,"Dar es Salaam",KEMBA,Mombasa,2,2,"Maersk Line; MSC; Safmarine; WEC Lines",4,10,5524.2,538.8,2240,3501,4,4,4,"{4,4}"
2016-03-27,TZDAR,"Dar es Salaam",LKCMB,Colombo,1,1,"CMA CGM; COSCO; Emirates Shipping; Evergreen Line; Hanjin Shipping; NYK; X-Press",7,7,2230.28571428571,293.714285714286,2478,2764,9,9,9,{9}
2016-03-27,TZDAR,"Dar es Salaam",MYTPP,"Tanjung Pelepas",1,1,"Maersk Line; Safmarine",2,7,2143.42857142857,278.571428571429,2198,2824,16,16,16,{16}
2016-03-27,TZDAR,"Dar es Salaam",MZMNC,Nacala,1,1,PIL,1,7,1820.57142857143,230.857142857143,1800,2135,1,1,1,{1}
2016-03-27,TZDAR,"Dar es Salaam",TZZNZ,Zanzibar,1,1,"CMA CGM; Emirates Shipping",2,6,2407.66666666667,392,2007,2775,2,2,2,{2}
2016-03-27,TZTGT,Tanga,TZZNZ,Zanzibar,1,1,"UAFL-United Africa Feeder Line; WEC Lines",2,2,3897.14285714286,365.714285714286,1684,1726,2,2,2,{2}
2016-03-27,TZZNZ,Zanzibar,KMMUT,Mutsamudu,1,1,"UAFL-United Africa Feeder Line; WEC Lines",2,2,3897.14285714286,365.714285714286,1684,1726,6,6,6,{6}
2016-03-27,TZZNZ,Zanzibar,MZMNC,Nacala,1,1,"CMA CGM; Emirates Shipping",2,6,2407.66666666667,392,2007,2775,3,3,3,{3}
2016-03-27,UAODS,Odessa,RUNVS,Novorossiysk,1,1,"Maersk Line; Safmarine; SeaLand",3,10,3049.3,756.2,2872,3078,2,2,2,{2}
2016-03-27,UAODS,Odessa,TRAMB,"Istanbul (Ambarli)",2,2,"ANL; APL; CMA CGM; COSCO; CSCL; Gold Star Line; MOL; OOCL; PIL; UASC; USL-US Lines; Yang Ming; ZIM",13,21,10569.3545454545,1213.27272727273,4250,10622,2,5,8,"{8,2}"
2016-03-27,USBAL,"Baltimore MD",OMSLL,Salalah,1,1,"Maersk Line; MCC; MSC; Safmarine",4,17,8635.29411764706,504.705882352941,8183,9400,20,20,20,{20}
2016-03-27,USBAL,"Baltimore MD",USCHS,"Charleston SC",1,1,"Alianca; CCNI; Hamburg Sud; Hapag-Lloyd",4,6,4299.83333333333,586,4043,4600,2,2,2,{2}
2016-03-27,USBAL,"Baltimore MD",USORF,"Norfolk VA",4,4,"Evergreen Line; Maersk Line; MSC; Safmarine",4,29,17687.7714285714,1634.01071428571,1798,6724,0,1,1,"{1,0,1,1}"
2016-03-27,USBAL,"Baltimore MD",USSAV,"Savannah GA",1,1,"MSC; ZIM",2,8,6467.375,445,4549,6750,2,2,2,{2}
2016-03-27,USBOS,"Boston MA",USBAL,"Baltimore MD",1,1,"Maersk Line; MSC; Safmarine",3,7,6328.57142857143,494.285714285714,4549,6724,2,2,2,{2}
2016-03-27,USBOS,"Boston MA",USNYC,"New York NY/NJ",1,1,"Hapag-Lloyd; Maersk Line; MSC",3,7,4471.42857142857,1164.28571428571,4112,5301,3,3,3,{3}
2016-03-27,USBOS,"Boston MA",USORF,"Norfolk VA",1,1,"COSCO; Evergreen Line; Hanjin Shipping; K Line; Yang Ming",5,10,4015.8,336.4,4250,5090,2,2,2,{2}
2016-03-27,USCHS,"Charleston SC",BEANR,Antwerp,2,2,"CMA CGM; COSCO; Evergreen Line; K Line; Maersk Line; MSC; Safmarine; SeaLand; Yang Ming",9,11,11896.5714285714,1128.07142857143,5624,7403,10,10,10,"{10,10}"
2016-03-27,USCHS,"Charleston SC",BSFPO,Freeport,1,1,"Maersk Line; MSC; Safmarine",3,8,2388.75,183.625,1798,3398,1,1,1,{1}
2016-03-27,USCHS,"Charleston SC",COCTG,Cartagena,1,1,"Alianca; CMA CGM; Hamburg Sud; Hapag-Lloyd; Maersk Line; MSC; SeaLand",7,10,3425.8,705.6,3000,3752,4,4,4,{4}
2016-03-27,USCHS,"Charleston SC",EGPSD,"Port Said",1,1,"ANL; CMA CGM; Hapag-Lloyd; NYK; OOCL; UASC",6,8,6048.875,735.75,4538,6589,16,16,16,{16}
2016-03-27,USCHS,"Charleston SC",ESALG,Algeciras,1,1,"Maersk Line; MSC; Safmarine",3,7,6328.57142857143,494.285714285714,4549,6724,11,11,11,{11}
2016-03-27,USCHS,"Charleston SC",GBSOU,Southampton,1,1,"ACL-Atlantic Container Line; APL; Hapag-Lloyd; Hyundai; MOL; NYK; OOCL",7,6,4987.33333333333,500,4839,5042,12,12,12,{12}
2016-03-27,USCHS,"Charleston SC",LKCMB,Colombo,1,1,"APL; Evergreen Line; Hapag-Lloyd; Hyundai; MOL; NYK",6,11,6136.54545454545,485.363636363636,6700,7024,27,27,27,{27}
2016-03-27,USCHS,"Charleston SC",USBAL,"Baltimore MD",1,1,"Evergreen Line",1,10,4418.2,485.6,4211,5100,1,1,1,{1}
2016-03-27,USCHS,"Charleston SC",USILM,"Wilmington NC",1,1,"COSCO; Hanjin Shipping; K Line; Yang Ming",4,10,3917.2,337.2,4014,4738,0,0,0,{0}
2016-03-27,USCHS,"Charleston SC",USJAX,"Jacksonville FL",2,2,"Alianca; Hamburg Sud; Hapag-Lloyd; Maersk Line; MCC; MSC; Safmarine; Yang Ming",8,17,10093.9714285714,1333.97142857143,4082,6612,1,1,1,"{1,1}"
2016-03-27,USCHS,"Charleston SC",USMIA,"Miami FL",1,1,"Maersk Line; MSC; Safmarine",3,5,4701.6,380,4544,4824,2,2,2,{2}
2016-03-27,USCHS,"Charleston SC",USNYC,"New York NY/NJ",2,2,"APL; Hapag-Lloyd; Hyundai; MOL; NYK; OOCL; ZIM",7,20,9235.3,779.6,4369,5100,1,1.5,2,"{2,1}"
2016-03-27,USCHS,"Charleston SC",USORF,"Norfolk VA",2,2,"Alianca; ANL; APL; CMA CGM; CSCL; Hamburg Sud; Hapag-Lloyd; Hyundai; MOL; NYK; OOCL; UASC; ZIM",13,26,13037.1757575758,1318.10303030303,3802,9300,2,2,2,"{2,2}"
2016-03-27,USCHS,"Charleston SC",USPEF,"Port Everglades FL",3,3,"ACL-Atlantic Container Line; Alianca; CCNI; CMA CGM; Hamburg Sud; Hapag-Lloyd; Maersk Line; MSC; Safmarine; SeaLand",10,18,12132.8047619048,1594.57142857143,3200,4931,1,2,2,"{2,2,1}"
2016-03-27,USCHS,"Charleston SC",USSAV,"Savannah GA",7,7,"ACL-Atlantic Container Line; Alianca; ANL; APL; CMA CGM; CSCL; Hamburg Sud; Hapag-Lloyd; Hyundai; Maersk Line; MCC; MOL; MSC; NYK; OOCL; Safmarine; SeaLand; UASC",18,66,44496.3456709957,4168.0380952381,3802,9200,0,1,1,"{1,0,1,1,1,0,1}"
2016-03-27,USCHT,"Chester PA",USILM,"Wilmington NC",1,1,ICL,1,4,2465.5,478.5,1970,2800,2,2,2,{2}
2016-03-27,USCPV,"Port Canaveral, FL",NLRTM,Rotterdam,1,1,StreamLines,1,5,1654.2,339.8,1341,2122,11,11,11,{11}
2016-03-27,USDUT,"Dutch Harbor AK",JPYOK,Yokohama,2,2,"APL; Maersk Line; MCC",3,10,7301.33333333333,729.166666666667,2007,5506,7,8.5,10,"{7,10}"
2016-03-27,USFPO,"Freeport TX",HNPCR,"Puerto Cortes",2,2,"Dole; Great White Fleet; MSC",3,6,5022.8,1118,2474,2556,2,2.5,3,"{2,3}"
2016-03-27,USGPT,"Gulfport MS",GTSTC,"Santo Tomas de Castilla",2,2,"Crowley; Dole",2,2,1884,615,910,974,1,2,3,"{1,3}"
2016-03-27,USHNL,"Honolulu HI",CAVAN,"Vancouver BC",1,1,"Alianca; ANL; CMA CGM; Hamburg Sud; Hapag-Lloyd; USL-US Lines",6,4,5262.5,840,2496,2742,7,7,7,{7}
2016-03-27,USHNL,"Honolulu HI",GUGUM,Guam,1,1,"Maersk Line; Matson",2,5,2715.8,300,2019,2890,9,9,9,{9}
2016-03-27,USHNL,"Honolulu HI",USOAK,"Oakland CA",2,2,"Maersk Line; Matson; Pasha Hawaii",3,4,5358.5,607,2302,3027,4,4.5,5,"{4,5}"
2016-03-27,USHNL,"Honolulu HI",USSEA,"Seattle WA",1,1,"Maersk Line; Matson",2,2,2364.5,354,1702,3027,5,5,5,{5}
2016-03-27,USHOU,"Houston TX",BSFPO,Freeport,1,1,MSC,1,5,2522.57142857143,205.542857142857,2394,3424,3,3,3,{3}
2016-03-27,USHOU,"Houston TX",CNSHA,Shanghai,1,1,"COSCO; Hanjin Shipping",2,9,4379.77777777778,359.111111111111,4250,5050,31,31,31,{31}
2016-03-27,USHOU,"Houston TX",DOCAU,Caucedo,1,1,"MSC; ZIM",2,3,2986,400,2742,3426,6,6,6,{6}
2016-03-27,USHOU,"Houston TX",GTSTC,"Santo Tomas de Castilla",1,1,"Seaboard Marine",1,1,1114,220,1114,1114,3,3,3,{3}
2016-03-27,USHOU,"Houston TX",MXATM,Altamira,2,2,"Hapag-Lloyd; Maersk Line; Seaboard Marine; SeaLand",4,8,4383.33333333333,753.733333333333,1740,2578,1,1.5,2,"{1,2}"
2016-03-27,USHOU,"Houston TX",PACTB,Cristobal,1,1,"Alianca; Hamburg Sud; Hapag-Lloyd; MSC; ZIM",5,7,5723.14285714286,1298.57142857143,5552,6750,5,5,5,{5}
2016-03-27,USHOU,"Houston TX",USMOB,"Mobile AL",1,1,"ANL; CMA CGM; CSCL; USL-US Lines",4,11,4604.18181818182,441.090909090909,4931,5100,2,2,2,{2}
2016-03-27,USHOU,"Houston TX",USMSY,"New Orleans LA",6,6,"ACL-Atlantic Container Line; Alianca; APL; CCNI; CMA CGM; Hamburg Sud; Hapag-Lloyd; Hyundai; Maersk Line; MOL; MSC; NYK; OOCL; Safmarine; SeaLand; ZIM",16,43,27944.4206349206,2993.81746031746,1205,6750,1,2,3,"{2,3,2,2,1,1}"
2016-03-27,USHOU,"Houston TX",USORF,"Norfolk VA",1,1,"Maersk Line; MSC; Safmarine",3,5,4701.6,380,4544,4824,4,4,4,{4}
2016-03-27,USHOU,"Houston TX",USSAV,"Savannah GA",2,2,"ACL-Atlantic Container Line; APL; Hapag-Lloyd; Maersk Line; Safmarine",5,16,9436.49090909091,900,3200,6696,3,3.5,4,"{3,4}"
2016-03-27,USILG,"Wilmington DE",COSMR,"Santa Marta",1,1,Dole,1,2,2046,990,2046,2046,3,3,3,{3}
2016-03-27,USILG,"Wilmington DE",GTPBR,"Puerto Barrios",1,1,"Great White Fleet",1,2,2482,558,2474,2490,5,5,5,{5}
2016-03-27,USILG,"Wilmington DE",USPHL,"Philadelphia PA",1,1,"ANL; CMA CGM; USL-US Lines",3,5,1130.4,260.8,957,1345,1,1,1,{1}
2016-03-27,USILM,"Wilmington NC",BEANR,Antwerp,1,1,ICL,1,4,2465.5,478.5,1970,2800,11,11,11,{11}
2016-03-27,USILM,"Wilmington NC",HKHKG,"Hong Kong",1,1,"COSCO; Hanjin Shipping; K Line; Yang Ming",4,10,3917.2,337.2,4014,4738,36,36,36,{36}
2016-03-27,USILM,"Wilmington NC",HNPCR,"Puerto Cortes",1,1,"Maersk Line; Safmarine; SeaLand",3,5,1716.4,402,1708,1740,4,4,4,{4}
2016-03-27,USILM,"Wilmington NC",USSAV,"Savannah GA",2,2,"COSCO; Hanjin Shipping; K Line; Maersk Line; Safmarine; SeaLand; Yang Ming; ZIM",8,15,5485.6,705.4,1708,4545,1,1,1,"{1,1}"
2016-03-27,USJAX,"Jacksonville FL",JMKIN,Kingston,1,1,"APL; Hapag-Lloyd; Hyundai; MOL; NYK; OOCL; ZIM",7,10,4873.4,420.6,4700,5089,3,3,3,{3}
2016-03-27,USJAX,"Jacksonville FL",PRSJU,"San Juan PR",1,1,"TOTE Maritime",1,1,3100,,3100,3100,3,3,3,{3}
2016-03-27,USJAX,"Jacksonville FL",SGSIN,Singapore,1,1,"ANL; CMA CGM; CSCL; USL-US Lines",4,11,4604.18181818182,441.090909090909,4931,5100,36,36,36,{36}
2016-03-27,USJAX,"Jacksonville FL",USCHS,"Charleston SC",1,1,"APL; Evergreen Line; Hapag-Lloyd; Hyundai; MOL; NYK",6,11,6136.54545454545,485.363636363636,6700,7024,1,1,1,{1}
2016-03-27,USJAX,"Jacksonville FL",USMIA,"Miami FL",1,1,"Maersk Line; MCC; MSC; Safmarine",4,10,4409.4,325.4,4082,5060,1,1,1,{1}
2016-03-27,USJAX,"Jacksonville FL",USPEF,"Port Everglades FL",2,2,"Alianca; Hamburg Sud; Hapag-Lloyd; King Ocean; Seaboard Marine; Yang Ming",6,10,7461.2380952381,1321.2380952381,1740,6612,2,2.5,3,"{2,3}"
2016-03-27,USJAX,"Jacksonville FL",USSAV,"Savannah GA",1,1,"APL; Hapag-Lloyd; Hyundai; MOL; OOCL",5,10,4361.9,359,4369,5100,1,1,1,{1}
2016-03-27,USLAX,"Los Angeles CA",MXESE,Ensenada,1,1,"Maersk Line; MSC; SeaLand",3,4,2485,510.5,2339,2566,0,0,0,{0}
2016-03-27,USLAX,"Los Angeles CA",MXMZT,Mazatlan,1,1,"Hapag-Lloyd; NYK",2,4,2629,420.25,2524,2664,3,3,3,{3}
2016-03-27,USLAX,"Los Angeles CA",MXZLO,"Manzanillo, MEX",1,1,"Alianca; Hamburg Sud; Hapag-Lloyd; ZIM",4,11,4408.27272727273,393.636363636364,4250,4800,3,3,3,{3}
2016-03-27,USLAX,"Los Angeles CA",PAMIT,Manzanillo,1,1,"ACL-Atlantic Container Line; APL; Hapag-Lloyd; Hyundai; NYK; OOCL",6,15,4881.93333333333,384,4612,5041,10,10,10,{10}
2016-03-27,USLAX,"Los Angeles CA",USHNL,"Honolulu HI",1,1,"Pasha Hawaii",1,2,2331.5,200,2302,2361,4,4,4,{4}
2016-03-27,USLAX,"Los Angeles CA",USOAK,"Oakland CA",18,18,"ACL-Atlantic Container Line; Alianca; ANL; APL; CMA CGM; COSCO; CSCL; Evergreen Line; Hamburg Sud; Hanjin Shipping; Hapag-Lloyd; Hyundai; K Line; Maersk Line; MCC; MOL; MSC; NYK; OOCL; PIL; Safmarine; Seago Line; UASC; USL-US Lines; Yang Ming; ZIM",26,141,121587.546956965,9609.33216195569,3388,18270,1,1,2,"{2,1,1,1,2,1,2,1,1,2,1,1,1,2,1,2,1,2}"
2016-03-27,USLGB,"Long Beach CA",CNTAO,Qingdao,1,1,"Hanjin Shipping; K Line; PIL; Wan Hai; Yang Ming",5,6,6101.5,541.666666666667,5610,8531,17,17,17,{17}
2016-03-27,USLGB,"Long Beach CA",CNYTN,Yantian,1,1,"COSCO; Hanjin Shipping; K Line; PIL; Wan Hai",5,6,10062.6666666667,766.666666666667,8120,13092,20,20,20,{20}
2016-03-27,USLGB,"Long Beach CA",NZAKL,Auckland,1,1,"Alianca; ANL; CMA CGM; Hamburg Sud; Hapag-Lloyd; MSC; PDL-Pacific Direct Line; PIL; USL-US Lines",9,7,3689.71428571429,496.285714285714,3534,3884,15,15,15,{15}
2016-03-27,USLGB,"Long Beach CA",NZTRG,Tauranga,1,1,"Alianca; ANL; CMA CGM; Hamburg Sud; Hapag-Lloyd; USL-US Lines",6,4,5262.5,840,2496,2742,14,14,14,{14}
2016-03-27,USLGB,"Long Beach CA",PABLB,Balboa,1,1,MSC,1,10,5023.8,520,4900,5059,9,9,9,{9}
2016-03-27,USLGB,"Long Beach CA",RUVYP,Vostochniy,1,1,"Maersk Line; MCC; MSC; Safmarine",4,17,8635.29411764706,504.705882352941,8183,9400,12,12,12,{12}
2016-03-27,USLGB,"Long Beach CA",TWKHH,Kaohsiung,1,1,"APL; Hapag-Lloyd; Hyundai; MOL; NYK; OOCL",6,6,7257.33333333333,586.666666666667,8063,10000,15,15,15,{15}
2016-03-27,USLGB,"Long Beach CA",USHNL,"Honolulu HI",2,2,"Maersk Line; Matson",2,7,5742.8,707,2019,3027,4,6,8,"{8,4}"
2016-03-27,USLGB,"Long Beach CA",USOAK,"Oakland CA",9,9,"Alianca; ANL; CCNI; CMA CGM; COSCO; CSCL; Evergreen Line; Great White Fleet; Hamburg Sud; Hanjin Shipping; K Line; Maersk Line; MCC; MSC; Polynesia Line; Safmarine; UASC; USL-US Lines; Wan Hai; Yang Ming",20,65,56650.9797619048,5724.35238095238,1102,17859,1,2,3,"{2,2,1,3,2,2,2,2,1}"
2016-03-27,USLGB,"Long Beach CA",USSEA,"Seattle WA",1,1,"CMA CGM; COSCO; CSCL; Evergreen Line; Hanjin Shipping; K Line; UASC; Yang Ming",8,16,9690.9375,812.5625,5250,10114,4,4,4,{4}
2016-03-27,USMIA,"Miami FL",AGSJO,"St John's, Antigua",1,1,"Seaboard Marine",1,3,758,147.666666666667,657,957,4,4,4,{4}
2016-03-27,USMIA,"Miami FL",BSFPO,Freeport,3,3,"Maersk Line; MCC; MSC; Safmarine; SeaLand",5,29,17996.8642857143,1479.09047619048,4082,8466,0,1,1,"{1,0,1}"
2016-03-27,USMIA,"Miami FL",CNTAO,Qingdao,1,1,"Alianca; ANL; CMA CGM; CSCL; Hamburg Sud; UASC",6,10,2916.1,298.4,3802,4308,34,34,34,{34}
2016-03-27,USMIA,"Miami FL",DOHAI,"Rio Haina",1,1,"Seaboard Marine",1,1,1114,220,1114,1114,3,3,3,{3}
2016-03-27,USMIA,"Miami FL",FRLEH,"Le Havre",1,1,"CMA CGM",1,6,4247.16666666667,576.166666666667,4178,4298,11,11,11,{11}
2016-03-27,USMIA,"Miami FL",HNPCR,"Puerto Cortes",4,4,"Seaboard Marine",1,4,3892,680,972,974,3,3,3,"{3,3,3,3}"
2016-03-27,USMIA,"Miami FL",JMKIN,Kingston,2,2,"ANL; CMA CGM; Seaboard Marine; USL-US Lines",4,7,2870.4,560.8,957,1740,2,2.5,3,"{2,3}"
2016-03-27,USMIA,"Miami FL",MXVER,Veracruz,1,1,"CMA CGM",1,6,4247.16666666667,576.166666666667,4178,4298,3,3,3,{3}
2016-03-27,USMIA,"Miami FL",USHOU,"Houston TX",1,1,"Maersk Line; MSC; Safmarine",3,5,4701.6,380,4544,4824,1,1,1,{1}
2016-03-27,USMIA,"Miami FL",USJAX,"Jacksonville FL",2,2,"ANL; APL; CMA CGM; CSCL; Hapag-Lloyd; Hyundai; MOL; OOCL; USL-US Lines",9,21,8966.08181818182,800.090909090909,4369,5100,2,2,2,"{2,2}"
2016-03-27,USMIA,"Miami FL",USPEF,"Port Everglades FL",2,2,"Crowley; Evergreen Line; King Ocean; Seaboard Marine; Trinity Shipping Line",5,4,3511,615.5,505,2524,0,0.5,1,"{0,1}"
2016-03-27,USMOB,"Mobile AL",BSFPO,Freeport,1,1,"Maersk Line; MSC; Safmarine; SeaLand",4,7,6072.57142857143,573.571428571429,6418,7403,3,3,3,{3}
2016-03-27,USMOB,"Mobile AL",USMIA,"Miami FL",1,1,"ANL; CMA CGM; CSCL; USL-US Lines",4,11,4604.18181818182,441.090909090909,4931,5100,3,3,3,{3}
2016-03-27,USMOB,"Mobile AL",USMSY,"New Orleans LA",1,1,"MSC; ZIM",2,3,2986,400,2742,3426,1,1,1,{1}
2016-03-27,USMSY,"New Orleans LA",DOCAU,Caucedo,1,1,"Alianca; Hamburg Sud; Hapag-Lloyd; Maersk Line; MSC; NYK; SeaLand; ZIM",8,8,5794,539,5500,6750,5,5,5,{5}
2016-03-27,USMSY,"New Orleans LA",GTSTC,"Santo Tomas de Castilla",1,1,"Seaboard Marine",1,1,957,252,957,957,3,3,3,{3}
2016-03-27,USMSY,"New Orleans LA",ITCAG,Cagliari,1,1,"Alianca; CCNI; Hamburg Sud; Hapag-Lloyd; ZIM",5,7,3848.42857142857,378.571428571429,1205,4367,16,16,16,{16}
2016-03-27,USMSY,"New Orleans LA",JMKIN,Kingston,1,1,"CMA CGM; Hapag-Lloyd; SeaLand; ZIM",4,9,2453.77777777778,475.222222222222,2122,2764,4,4,4,{4}
2016-03-27,USMSY,"New Orleans LA",USCHS,"Charleston SC",1,1,"ACL-Atlantic Container Line; APL; Hapag-Lloyd; Hyundai; MOL; NYK; OOCL",7,6,4987.33333333333,500,4839,5042,4,4,4,{4}
2016-03-27,USMSY,"New Orleans LA",USFPO,"Freeport TX",1,1,"Great White Fleet; MSC",2,5,2548.8,568,2520,2556,1,1,1,{1}
2016-03-27,USMSY,"New Orleans LA",USHOU,"Houston TX",1,1,"MSC; ZIM",2,3,2986,400,2742,3426,1,1,1,{1}
2016-03-27,USMSY,"New Orleans LA",USMIA,"Miami FL",2,2,"CMA CGM; Maersk Line; MSC; Safmarine; SeaLand",5,13,10860.880952381,1101.02380952381,4178,6750,2,2.5,3,"{2,3}"
2016-03-27,USMSY,"New Orleans LA",USMOB,"Mobile AL",1,1,"Maersk Line; MSC; Safmarine; SeaLand",4,7,6072.57142857143,573.571428571429,6418,7403,2,2,2,{2}
2016-03-27,USNTD,"Port Hueneme CA",USLGB,"Long Beach CA",1,1,"Alianca; CCNI; Great White Fleet; Hamburg Sud",4,5,1819,467,1819,1819,3,3,3,{3}
2016-03-27,USNYC,"New York NY/NJ",BEANR,Antwerp,1,1,"Alianca; ANL; CMA CGM; CSCL; Hamburg Sud; UASC",6,15,4246.26666666667,572.466666666667,3802,4546,10,10,10,{10}
2016-03-27,USNYC,"New York NY/NJ",CAHAL,Halifax,2,2,"ACL-Atlantic Container Line; APL; Hapag-Lloyd; Hyundai; NYK; OOCL; ZIM",7,27,9881.85,840.25,4612,5117,1,2,3,"{3,1}"
2016-03-27,USNYC,"New York NY/NJ",DEBRV,Bremerhaven,1,1,"Maersk Line; MSC; Safmarine",3,4,4552.25,470.5,3922,5085,9,9,9,{9}
2016-03-27,USNYC,"New York NY/NJ",DOPOP,"Puerto Plata",1,1,"Seaboard Marine",1,3,1850,344,1732,2078,4,4,4,{4}
2016-03-27,USNYC,"New York NY/NJ",ESALG,Algeciras,1,1,"APL; Maersk Line; Safmarine",3,11,6229.09090909091,500,5576,6696,9,9,9,{9}
2016-03-27,USNYC,"New York NY/NJ",PAONX,Colon,1,1,"Evergreen Line",1,10,4418.2,485.6,4211,5100,5,5,5,{5}
2016-03-27,USNYC,"New York NY/NJ",SGSIN,Singapore,1,1,"Maersk Line; MCC; MSC; Safmarine",4,12,6973.75,628.833333333333,8272,8466,29,29,29,{29}
2016-03-27,USNYC,"New York NY/NJ",USBAL,"Baltimore MD",4,4,"Alianca; CCNI; Hamburg Sud; Hapag-Lloyd; Maersk Line; MSC; Safmarine; ZIM",8,26,17708.2083333333,1685.125,1798,6750,2,2.5,3,"{2,2,3,3}"
2016-03-27,USNYC,"New York NY/NJ",USBOS,"Boston MA",2,2,"COSCO; Evergreen Line; Hanjin Shipping; K Line; Maersk Line; MSC; Safmarine; Yang Ming",8,17,10344.3714285714,830.685714285714,4250,6724,2,2,2,"{2,2}"
2016-03-27,USNYC,"New York NY/NJ",USCHS,"Charleston SC",3,3,"APL; CMA CGM; Maersk Line; MCC; MSC; Safmarine; SeaLand",7,30,17828.4123376623,1737.40476190476,3922,8466,3,3,3,"{3,3,3}"
2016-03-27,USNYC,"New York NY/NJ",USILM,"Wilmington NC",1,1,"COSCO; Hanjin Shipping; K Line; Yang Ming; ZIM",5,10,3769.2,303.4,3398,4545,2,2,2,{2}
2016-03-27,USNYC,"New York NY/NJ",USORF,"Norfolk VA",17,17,"ACL-Atlantic Container Line; Alianca; ANL; APL; CMA CGM; COSCO; CSCL; Evergreen Line; Hamburg Sud; Hanjin Shipping; Hapag-Lloyd; Hyundai; K Line; Maersk Line; MCC; MOL; MSC; NileDutch; NYK; OOCL; PIL; Safmarine; Turkon; UASC; USL-US Lines; Yang Ming; ZIM",27,178,97842.1315274595,8733.99527629233,1878,9572,0,1,2,"{2,1,1,1,1,1,1,0,1,1,1,1,1,1,1,2,1}"
2016-03-27,USNYC,"New York NY/NJ",USPHL,"Philadelphia PA",3,3,"Alianca; APL; Hamburg Sud; Hapag-Lloyd; Maersk Line; MSC; SeaLand; Yang Ming",8,17,12040,2540.85714285714,1713,6612,1,1,2,"{2,1,1}"
2016-03-27,USNYC,"New York NY/NJ",USSAV,"Savannah GA",4,4,"ANL; APL; CMA CGM; Hapag-Lloyd; Hyundai; Maersk Line; Marfret; MOL; NYK; OOCL; USL-US Lines; ZIM",12,34,21946.2441558442,2809.33246753247,957,9300,2,2,3,"{2,3,2,2}"
2016-03-27,USOAK,"Oakland CA",CAVAN,"Vancouver BC",1,1,MSC,1,10,5023.8,520,4900,5059,3,3,3,{3}
2016-03-27,USOAK,"Oakland CA",CNFQG,Fuqing,1,1,"Alianca; ANL; CMA CGM; CSCL; Hamburg Sud; Hanjin Shipping; UASC; USL-US Lines",8,7,10624.4285714286,757.142857142857,10960,17859,24,24,24,{24}
2016-03-27,USOAK,"Oakland CA",CNSHA,Shanghai,2,2,"Alianca; ANL; APL; CMA CGM; CSCL; Hamburg Sud; Hapag-Lloyd; Hyundai; MOL; NYK; OOCL; PIL; UASC; USL-US Lines; Yang Ming",15,11,15403.1333333333,1205.2,6350,10000,15,18,21,"{15,21}"
2016-03-27,USOAK,"Oakland CA",CNTAO,Qingdao,1,1,"Alianca; ANL; CMA CGM; CSCL; Hamburg Sud; UASC; USL-US Lines; Yang Ming",8,6,10000,350,10000,10000,16,16,16,{16}
2016-03-27,USOAK,"Oakland CA",CNTXG,Xingang/Tianjin,1,1,"CMA CGM; COSCO; CSCL; Evergreen Line; Hanjin Shipping; K Line; Wan Hai; Yang Ming",8,6,8903.66666666667,716.666666666667,8468,10020,16,16,16,{16}
2016-03-27,USOAK,"Oakland CA",HKHKG,"Hong Kong",1,1,"APL; Hapag-Lloyd; Hyundai; MOL; NYK; OOCL",6,7,6237.14285714286,531.142857142857,8100,9100,15,15,15,{15}
2016-03-27,USOAK,"Oakland CA",JPTYO,Tokyo,5,5,"APL; CMA CGM; COSCO; Evergreen Line; Hanjin Shipping; Hapag-Lloyd; Hyundai; K Line; MOL; NYK; OOCL; Wan Hai; Yang Ming; ZIM",14,32,23764.3,2172,3388,8508,12,12,14,"{12,12,12,14,14}"
2016-03-27,USOAK,"Oakland CA",JPYOK,Yokohama,2,2,"ACL-Atlantic Container Line; APL; Hapag-Lloyd; Hyundai; Maersk Line; MCC; MSC; NYK; OOCL; Safmarine; Seago Line",11,32,18281.6980392157,1266.35294117647,4612,18270,11,11.5,12,"{11,12}"
2016-03-27,USOAK,"Oakland CA",KRPUS,Busan,4,4,"APL; COSCO; CSCL; Hanjin Shipping; Hapag-Lloyd; Hyundai; K Line; MCC; MOL; NYK; OOCL; UASC; Yang Ming",13,30,30390.5,2516,4662,10000,12,14.5,16,"{14,15,16,12}"
2016-03-27,USOAK,"Oakland CA",MXLZC,"Lazaro Cardenas",1,1,"Alianca; CCNI; Great White Fleet; Hamburg Sud",4,5,1819,467,1819,1819,4,4,4,{4}
2016-03-27,USOAK,"Oakland CA",MXZLO,"Manzanillo, MEX",1,1,MSC,1,8,4352.875,802.5,3922,5042,4,4,4,{4}
2016-03-27,USOAK,"Oakland CA",PFPPT,"Papeete, Tahiti",1,1,"Alianca; Hamburg Sud; Polynesia Line",3,2,3017.14285714286,624.642857142857,1102,1714,9,9,9,{9}
2016-03-27,USOAK,"Oakland CA",RUVYP,Vostochniy,1,1,"Maersk Line; MCC; MSC; Safmarine",4,15,9476.4,786.4,8272,11660,12,12,12,{12}
2016-03-27,USOAK,"Oakland CA",TWKHH,Kaohsiung,1,1,"APL; Hapag-Lloyd; Hyundai; MOL; NYK; OOCL",6,6,8512.33333333333,433.333333333333,6350,9336,17,17,17,{17}
2016-03-27,USOAK,"Oakland CA",TWTPE,Taipei,1,1,"Evergreen Line",1,6,6055.5,585,5652,8073,17,17,17,{17}
2016-03-27,USOAK,"Oakland CA",USDUT,"Dutch Harbor AK",1,1,"APL; Maersk Line",2,6,4944.33333333333,367.666666666667,4832,5506,6,6,6,{6}
2016-03-27,USOAK,"Oakland CA",USHNL,"Honolulu HI",1,1,"Maersk Line; Matson",2,2,2364.5,354,1702,3027,4,4,4,{4}
2016-03-27,USOAK,"Oakland CA",USLAX,"Los Angeles CA",3,3,"ACL-Atlantic Container Line; Alianca; APL; Hamburg Sud; Hapag-Lloyd; Hyundai; NYK; OOCL; Pasha Hawaii; ZIM",10,28,11621.7060606061,977.636363636364,2302,5041,2,2,3,"{2,3,2}"
2016-03-27,USOAK,"Oakland CA",USLGB,"Long Beach CA",4,4,"Alianca; ANL; CMA CGM; Hamburg Sud; Hapag-Lloyd; Maersk Line; Matson; MSC; PDL-Pacific Direct Line; PIL; USL-US Lines",11,23,17003.0142857143,2263.28571428571,2496,5059,1,2,2,"{2,1,2,2}"
2016-03-27,USOAK,"Oakland CA",USTIW,"Tacoma WA",2,2,"Alianca; Evergreen Line; Hamburg Sud; Hapag-Lloyd; ZIM",5,17,11432.2727272727,1232.63636363636,4250,7024,2,3,4,"{2,4}"
2016-03-27,USORF,"Norfolk VA",BEANR,Antwerp,2,2,"ACL-Atlantic Container Line; Hapag-Lloyd; Maersk Line; MSC; Safmarine",5,10,7909,780,3200,4824,9,9,9,"{9,9}"
2016-03-27,USORF,"Norfolk VA",CAHAL,Halifax,1,1,"APL; Hapag-Lloyd; Hyundai; Maersk Line; MOL; NYK; OOCL; ZIM",8,11,6556.36363636364,601.181818181818,5250,8749,3,3,3,{3}
2016-03-27,USORF,"Norfolk VA",CNTAO,Qingdao,1,1,"COSCO; Evergreen Line; Hanjin Shipping; K Line; Yang Ming",5,10,4015.8,336.4,4250,5090,34,34,34,{34}
2016-03-27,USORF,"Norfolk VA",PAMIT,Manzanillo,1,1,"APL; Hapag-Lloyd; Hyundai; MOL; OOCL",5,10,4361.9,359,4369,5100,7,7,7,{7}
2016-03-27,USORF,"Norfolk VA",SAJED,Jeddah,1,1,"APL; Hapag-Lloyd; Hyundai; MOL; NYK; OOCL; ZIM",7,11,8790.90909090909,745.636363636364,8063,9300,17,17,17,{17}
2016-03-27,USORF,"Norfolk VA",USBAL,"Baltimore MD",1,1,"Maersk Line; MCC; MSC; Safmarine",4,17,8635.29411764706,504.705882352941,8183,9400,1,1,1,{1}
2016-03-27,USORF,"Norfolk VA",USCHS,"Charleston SC",7,7,"ACL-Atlantic Container Line; Alianca; ANL; APL; CMA CGM; COSCO; CSCL; Evergreen Line; Hamburg Sud; Hapag-Lloyd; Hyundai; K Line; Maersk Line; MOL; MSC; NYK; OOCL; Safmarine; UASC; Yang Ming",20,54,39572.6880952381,4016.1630952381,1798,9200,1,2,3,"{2,2,2,1,2,3,2}"
2016-03-27,USORF,"Norfolk VA",USJAX,"Jacksonville FL",1,1,"APL; Hapag-Lloyd; Hyundai; MOL; NYK; OOCL; ZIM",7,10,4873.4,420.6,4700,5089,2,2,2,{2}
2016-03-27,USORF,"Norfolk VA",USNYC,"New York NY/NJ",7,7,"ACL-Atlantic Container Line; Alianca; ANL; APL; CMA CGM; CSCL; Evergreen Line; Hamburg Sud; Hapag-Lloyd; Hyundai; Maersk Line; MSC; NYK; OOCL; Safmarine; UASC; ZIM",17,75,35795.0325757576,3313.81666666667,3802,6750,1,1,4,"{1,1,1,4,1,3,2}"
2016-03-27,USORF,"Norfolk VA",USPHL,"Philadelphia PA",1,1,"Maersk Line; Safmarine; SeaLand",3,5,1716.4,402,1708,1740,2,2,2,{2}
2016-03-27,USORF,"Norfolk VA",USSAV,"Savannah GA",12,12,"ACL-Atlantic Container Line; Alianca; ANL; APL; CMA CGM; COSCO; CSCL; Evergreen Line; Hamburg Sud; Hanjin Shipping; Hapag-Lloyd; Hyundai; K Line; Maersk Line; MOL; MSC; NileDutch; NYK; OOCL; PIL; Safmarine; Turkon; UASC; USL-US Lines; Yang Ming; ZIM",26,125,65638.8876262626,5985.37207792208,1878,9572,1,2,2,"{2,2,2,1,2,1,2,1,2,1,2,1}"
2016-03-27,USPAB,"Palm Beach FL",PRSJU,"San Juan PR",1,1,"Tropical Shipping",1,2,1089.5,226,1061,1118,3,3,3,{3}
2016-03-27,USPAB,"Palm Beach FL",VISTX,"St Croix VI",1,1,"Tropical Shipping",1,2,850,187,850,850,3,3,3,{3}
2016-03-27,USPAE,"Everett WA",USTIW,"Tacoma WA",1,1,Westwood,1,3,4840.66666666667,994.666666666667,2169,2546,1,1,1,{1}
2016-03-27,USPEF,"Port Everglades FL",AIAXA,Anguilla,1,1,"King Ocean",1,4,1024.25,231,957,1100,4,4,4,{4}
2016-03-27,USPEF,"Port Everglades FL",AWORJ,Aruba,1,1,"Alianca; Hamburg Sud; King Ocean; Seaboard Marine",4,3,1776.66666666667,312.666666666667,1740,1795,3,3,3,{3}
2016-03-27,USPEF,"Port Everglades FL",BRSSZ,Santos,1,1,"Alianca; Hamburg Sud; Hapag-Lloyd; Yang Ming",4,7,5684.57142857143,1008.57142857143,5447,6612,12,12,12,{12}
2016-03-27,USPEF,"Port Everglades FL",BSFPO,Freeport,2,2,"CMA CGM; Great White Fleet; Maersk Line; MSC; Safmarine; SeaLand",6,12,7174.37142857143,1176.57142857143,2520,4931,0,0.5,1,"{0,1}"
2016-03-27,USPEF,"Port Everglades FL",COADZ,"San Andres Island",1,1,"King Ocean",1,2,233.5,20,205,262,4,4,4,{4}
2016-03-27,USPEF,"Port Everglades FL",COCTG,Cartagena,2,2,"Alianca; APL; CCNI; Hamburg Sud; Hapag-Lloyd; Maersk Line; SeaLand",7,9,6183.83333333333,954,1713,4600,3,3,3,"{3,3}"
2016-03-27,USPEF,"Port Everglades FL",CRLIO,"Puerto Limon",1,1,"Crowley; Evergreen Line; King Ocean; Seaboard Marine",4,2,2483,440.5,2442,2524,3,3,3,{3}
2016-03-27,USPEF,"Port Everglades FL",CUMAR,Mariel,1,1,"Crowley; King Ocean",2,1,972,170,972,972,1,1,1,{1}
2016-03-27,USPEF,"Port Everglades FL",DOHAI,"Rio Haina",3,3,"Crowley; King Ocean; Seaboard Marine",3,6,2968.25,571,957,1100,3,3,3,"{3,3,3}"
2016-03-27,USPEF,"Port Everglades FL",ECGYE,Guayaquil,1,1,"Trinity Shipping Line",1,2,1028,175,505,523,9,9,9,{9}
2016-03-27,USPEF,"Port Everglades FL",GTSTC,"Santo Tomas de Castilla",3,3,"AFCO Shipping Line; Crowley; King Ocean",3,3,2535,490,591,972,3,3,3,"{3,3,3}"
2016-03-27,USPEF,"Port Everglades FL",JMKIN,Kingston,1,1,"SeaFreight Line; ZIM",2,3,1173.33333333333,253.333333333333,1102,1296,2,2,2,{2}
2016-03-27,USPEF,"Port Everglades FL",KYGEC,Georgetown,1,1,"Hyde Shipping Corp.; Seaboard Marine; SeaFreight Line",3,1,340,40,340,340,2,2,2,{2}
2016-03-27,USPEF,"Port Everglades FL",MXPMS,"Puerto Morelos",1,1,"Hyde Shipping Corp.; Seaboard Marine; SeaFreight Line",3,1,340,40,340,340,2,2,2,{2}
2016-03-27,USPEF,"Port Everglades FL",MXVER,Veracruz,1,1,"Maersk Line; MSC; Safmarine; SeaLand",4,7,6613.71428571429,524.857142857143,6402,6750,3,3,3,{3}
2016-03-27,USPEF,"Port Everglades FL",USHOU,"Houston TX",1,1,"ACL-Atlantic Container Line; Hapag-Lloyd",2,5,3207.4,400,3200,3237,2,2,2,{2}
2016-03-27,USPEF,"Port Everglades FL",USJAX,"Jacksonville FL",1,1,"Alianca; Hamburg Sud; King Ocean; Seaboard Marine",4,3,1776.66666666667,312.666666666667,1740,1795,2,2,2,{2}
2016-03-27,USPEF,"Port Everglades FL",USNYC,"New York NY/NJ",2,2,"Alianca; APL; CCNI; Hamburg Sud; Hapag-Lloyd; Maersk Line; SeaLand",7,9,6183.83333333333,954,1713,4600,3,3.5,4,"{4,3}"
2016-03-27,USPEF,"Port Everglades FL",USORF,"Norfolk VA",1,1,"MSC; ZIM",2,8,6467.375,445,4549,6750,2,2,2,{2}
2016-03-27,USPEF,"Port Everglades FL",VISTT,"St Thomas VI",1,1,"Crowley; SeaFreight Line",2,2,1122,150,1122,1122,3,3,3,{3}
2016-03-27,USPHL,"Philadelphia PA",BSFPO,Freeport,1,1,"Hapag-Lloyd; Maersk Line; MSC",3,7,4471.42857142857,1164.28571428571,4112,5301,3,3,3,{3}
2016-03-27,USPHL,"Philadelphia PA",GBTIL,Tilbury,1,1,"ANL; CMA CGM; Marfret; USL-US Lines",4,7,5468.57142857143,1201.71428571429,2478,2872,13,13,13,{13}
2016-03-27,USPHL,"Philadelphia PA",MXVER,Veracruz,1,1,SeaLand,1,2,1708,202,1708,1708,5,5,5,{5}
2016-03-27,USPHL,"Philadelphia PA",USCHS,"Charleston SC",1,1,"Alianca; CMA CGM; Hamburg Sud; Hapag-Lloyd; Maersk Line; MSC; SeaLand",7,10,3425.8,705.6,3000,3752,3,3,3,{3}
2016-03-27,USPHL,"Philadelphia PA",USILM,"Wilmington NC",1,1,"Maersk Line; Safmarine; SeaLand",3,5,1716.4,402,1708,1740,3,3,3,{3}
2016-03-27,USPHL,"Philadelphia PA",USNYC,"New York NY/NJ",2,2,"ANL; CMA CGM; Maersk Line; MSC; Safmarine; SeaLand; USL-US Lines",7,12,5755.97142857143,869.371428571429,957,4931,2,2.5,3,"{3,2}"
2016-03-27,USPHL,"Philadelphia PA",USORF,"Norfolk VA",1,1,"Alianca; Hamburg Sud; Hapag-Lloyd; Yang Ming",4,7,5684.57142857143,1008.57142857143,5447,6612,2,2,2,{2}
2016-03-27,USPHL,"Philadelphia PA",USSAV,"Savannah GA",1,1,"APL; Maersk Line; SeaLand",3,3,1884,368,1713,2226,2,2,2,{2}
2016-03-27,USPME,"Port Manatee FL",MXVER,Veracruz,1,1,"World Direct Shipping-WDS",1,1,862,204,862,862,3,3,3,{3}
2016-03-27,USPWM,"Portland, ME",CANWP,Argentia,1,1,"Eimskip; Royal Arctic Line",2,3,1219.42857142857,208,698,724,4,4,4,{4}
2016-03-27,USSAN,"San Diego CA",PEPAI,Paita,1,1,Dole,1,3,1106.66666666667,296.666666666667,890,1540,7,7,7,{7}
2016-03-27,USSAV,"Savannah GA",BSFPO,Freeport,3,3,"Maersk Line; MSC; Safmarine; SeaLand; ZIM",5,25,20822.6464285714,1613.57142857143,4549,9200,1,2,2,"{1,2,2}"
2016-03-27,USSAV,"Savannah GA",CNXMN,Xiamen,1,1,"CMA CGM; COSCO; CSCL; Evergreen Line; Hanjin Shipping; K Line; Yang Ming; ZIM",8,11,7457.81818181818,561.818181818182,5576,9040,36,36,36,{36}
2016-03-27,USSAV,"Savannah GA",COCTG,Cartagena,1,1,"Alianca; ANL; CMA CGM; CSCL; Hamburg Sud; UASC",6,15,4246.26666666667,572.466666666667,3802,4546,4,4,4,{4}
2016-03-27,USSAV,"Savannah GA",ESVLC,Valencia,1,1,"COSCO; Hapag-Lloyd; ZIM",3,7,4250.85714285714,380,4250,4253,12,12,12,{12}
2016-03-27,USSAV,"Savannah GA",FRLEH,"Le Havre",1,1,"ACL-Atlantic Container Line; APL; Hapag-Lloyd; Hyundai; MOL; NYK; OOCL",7,5,8444.8,722,8063,8749,10,10,10,{10}
2016-03-27,USSAV,"Savannah GA",JMKIN,Kingston,1,1,"ANL; CMA CGM; Marfret; USL-US Lines",4,7,5468.57142857143,1201.71428571429,2478,2872,3,3,3,{3}
2016-03-27,USSAV,"Savannah GA",KRPUS,Busan,2,2,"APL; COSCO; Hanjin Shipping; Hapag-Lloyd; Hyundai; K Line; MOL; NYK; OOCL; Yang Ming; ZIM",11,20,8205,655.2,3398,5060,30,33,36,"{30,36}"
2016-03-27,USSAV,"Savannah GA",MAPTM,Tanger,1,1,"NileDutch; Turkon",2,5,2414.57142857143,450,1878,1878,10,10,10,{10}
2016-03-27,USSAV,"Savannah GA",MYPKG,"Port Klang",1,1,"Alianca; ANL; CMA CGM; COSCO; CSCL; Hamburg Sud; PIL; UASC; USL-US Lines",9,18,8555.94444444445,696.666666666667,8221,9572,37,37,37,{37}
2016-03-27,USSAV,"Savannah GA",PAMIT,Manzanillo,1,1,"ACL-Atlantic Container Line; APL; Hapag-Lloyd; Hyundai; NYK; OOCL",6,15,4881.93333333333,384,4612,5041,4,4,4,{4}
2016-03-27,USSAV,"Savannah GA",SGSIN,Singapore,2,2,"COSCO; Evergreen Line; Hanjin Shipping; K Line; OOCL; Yang Ming; ZIM",7,23,12211.8712121212,1147.28787878788,4130,8930,34,34.5,35,"{34,35}"
2016-03-27,USSAV,"Savannah GA",USCHS,"Charleston SC",9,9,"Alianca; ANL; APL; CMA CGM; COSCO; CSCL; Hamburg Sud; Hanjin Shipping; Hapag-Lloyd; Hyundai; K Line; Maersk Line; MCC; MOL; MSC; NYK; OOCL; Safmarine; SeaLand; UASC; Yang Ming; ZIM",22,88,49049.0936147186,4563.91017316017,3802,9300,0,1,1,"{1,0,1,1,1,1,1,1,1}"
2016-03-27,USSAV,"Savannah GA",USHOU,"Houston TX",1,1,"APL; Maersk Line; Safmarine",3,11,6229.09090909091,500,5576,6696,5,5,5,{5}
2016-03-27,USSAV,"Savannah GA",USJAX,"Jacksonville FL",1,1,"APL; Evergreen Line; Hapag-Lloyd; Hyundai; MOL; NYK",6,11,6136.54545454545,485.363636363636,6700,7024,1,1,1,{1}
2016-03-27,USSAV,"Savannah GA",USMIA,"Miami FL",4,4,"Alianca; ANL; CMA CGM; CSCL; Hamburg Sud; Maersk Line; MCC; MSC; Safmarine; UASC; USL-US Lines",11,33,15267.4166666667,1764.2,957,8466,1,1,2,"{1,2,1,1}"
2016-03-27,USSAV,"Savannah GA",USORF,"Norfolk VA",6,6,"ACL-Atlantic Container Line; APL; Hapag-Lloyd; Hyundai; Maersk Line; MOL; NYK; OOCL; Safmarine; SeaLand; ZIM",11,59,27591.1045454545,2743.43181818182,1708,8749,1,2,2,"{2,2,2,1,2,2}"
2016-03-27,USSAV,"Savannah GA",USPEF,"Port Everglades FL",1,1,"APL; Maersk Line; SeaLand",3,3,1884,368,1713,2226,1,1,1,{1}
2016-03-27,USSAV,"Savannah GA",USPHL,"Philadelphia PA",1,1,"ANL; CMA CGM; Marfret; USL-US Lines",4,7,5468.57142857143,1201.71428571429,2478,2872,2,2,2,{2}
2016-03-27,USSEA,"Seattle WA",CAVAN,"Vancouver BC",3,3,"Alianca; ANL; APL; CMA CGM; COSCO; CSCL; Hamburg Sud; Hanjin Shipping; Hapag-Lloyd; Hyundai; MOL; NYK; OOCL; PIL; UASC; USL-US Lines; Yang Ming; ZIM",18,30,22445.9444444444,1671.66666666667,4532,10055,1,1,1,"{1,1,1}"
2016-03-27,USSEA,"Seattle WA",JPYOK,Yokohama,1,1,"Maersk Line; MCC; MSC; Safmarine",4,6,5153.5,616.166666666667,4154,6350,13,13,13,{13}
2016-03-27,USSEA,"Seattle WA",KRPUS,Busan,2,2,"APL; CMA CGM; COSCO; CSCL; Evergreen Line; Hanjin Shipping; Hapag-Lloyd; Hyundai; K Line; MOL; NYK; OOCL; UASC; Yang Ming; ZIM",15,23,18908.0803571429,1569.70535714286,5250,10114,13,14.5,16,"{16,13}"
2016-03-27,USSEA,"Seattle WA",USOAK,"Oakland CA",2,2,"Maersk Line; Matson; MSC",3,12,7388.3,874,1702,5059,2,2.5,3,"{2,3}"
2016-03-27,USTIW,"Tacoma WA",CAVAN,"Vancouver BC",6,6,"ACL-Atlantic Container Line; Alianca; APL; COSCO; Evergreen Line; Hamburg Sud; Hanjin Shipping; Hapag-Lloyd; Hyundai; K Line; MOL; NYK; OOCL; Westwood; Yang Ming; ZIM",16,46,31808.5393939394,3479.80303030303,2169,7024,0,1,1,"{0,1,1,1,1,1}"
2016-03-27,USTIW,"Tacoma WA",JPTMK,Tomakomai,1,1,Westwood,1,3,4840.66666666667,994.666666666667,2169,2546,13,13,13,{13}
2016-03-27,USTIW,"Tacoma WA",JPTYO,Tokyo,1,1,"APL; Hapag-Lloyd; Hyundai; MOL; NYK; OOCL; ZIM",7,7,8553,724.285714285714,8063,8749,13,13,13,{13}
2016-03-27,USTIW,"Tacoma WA",TWKHH,Kaohsiung,1,1,"Evergreen Line",1,6,7024,839,7024,7024,14,14,14,{14}
2016-03-27,USTIW,"Tacoma WA",USOAK,"Oakland CA",1,1,"Alianca; ANL; CMA CGM; Hamburg Sud; Hapag-Lloyd; USL-US Lines",6,4,5262.5,840,2496,2742,4,4,4,{4}
2016-03-27,USTIW,"Tacoma WA",USSEA,"Seattle WA",2,2,"Alianca; APL; Hamburg Sud; Hapag-Lloyd; Hyundai; MOL; NYK; OOCL; ZIM",9,13,18040.6428571429,1257.14285714286,8063,10070,1,1,1,"{1,1}"
2016-03-27,USTPA,"Tampa FL",USMOB,"Mobile AL",1,1,"MSC; ZIM",2,3,2986,400,2742,3426,1,1,1,{1}
2016-03-27,UYMVD,Montevideo,ARBUE,"Buenos Aires",2,2,"Alianca; CMA CGM; COSCO; CSCL; Evergreen Line; Hamburg Sud; Hanjin Shipping; Hapag-Lloyd; Hyundai; K Line; NYK; PIL; UASC; Yang Ming; ZIM",15,24,15966.6666666667,1932.16666666667,8120,10500,0,1,2,"{2,0}"
2016-03-27,UYMVD,Montevideo,BRRIG,"Rio Grande",8,8,"Alianca; ANL; CMA CGM; COSCO; Evergreen Line; Hamburg Sud; Hanjin Shipping; Hapag-Lloyd; K Line; Maersk Line; MCC; MOL; MSC; Niver Lines; NYK; PIL; Safmarine; Seago Line; SeaLand; UASC; Yang Ming; ZIM",22,71,56407.3630952381,7860.23809523809,4549,9669,1,1.5,4,"{1,3,4,1,1,2,1,2}"
2016-03-27,VCKTN,"Kingstown, St Vincent",BBBGI,Bridgetown,1,1,"Caribbean Feeder; Hapag-Lloyd; ZIM",3,3,699.333333333333,120,698,702,1,1,1,{1}
2016-03-27,VCKTN,"Kingstown, St Vincent",GDSTG,"St George's",2,2,"CMA CGM; King Ocean",2,6,2014.25,443,862,1118,0,0,0,"{0,0}"
2016-03-27,VCKTN,"Kingstown, St Vincent",TTPTS,"Point Lisas",1,1,"Tropical Shipping",1,2,850,187,850,850,0,0,0,{0}
2016-03-27,VCKTN,"Kingstown, St Vincent",VISTT,"St Thomas VI",1,1,"Crowley; SeaFreight Line",2,2,1122,150,1122,1122,1,1,1,{1}
2016-03-27,VEEGU,"El Guamache",VEPBL,"Puerto Cabello",1,1,"Caribbean Feeder; Hapag-Lloyd; Seaboard Marine; ZIM",4,1,2357.14285714286,,1100,1100,1,1,1,{1}
2016-03-27,VEGUA,Guaranao,VEMAR,Maracaibo,1,1,"Caribbean Feeder; Hapag-Lloyd; Maersk Line; SeaLand; ZIM",5,1,2290,240,1145,1145,0,0,0,{0}
2016-03-27,VEGUT,Guanta,JMKIN,Kingston,1,1,"Caribbean Feeder; Hapag-Lloyd; Maersk Line; ZIM",4,1,1424,312,712,712,3,3,3,{3}
2016-03-27,VELAG,"La Guaira",COCTG,Cartagena,1,1,"Alianca; Hamburg Sud",2,1,657,116,657,657,3,3,3,{3}
2016-03-27,VELAG,"La Guaira",MXATM,Altamira,1,1,"Alianca; Hamburg Sud",2,4,1799.25,470.25,1740,1819,7,7,7,{7}
2016-03-27,VELAG,"La Guaira",PAMIT,Manzanillo,1,1,"Maersk Line; SeaLand",2,2,1445.5,259.5,1096,1795,3,3,3,{3}
2016-03-27,VELAG,"La Guaira",PAONX,Colon,1,1,"Evergreen Line; MSC; ZIM",3,3,2315.33333333333,296.666666666667,2008,2470,3,3,3,{3}
2016-03-27,VELAG,"La Guaira",VEEGU,"El Guamache",1,1,"Caribbean Feeder; Hapag-Lloyd; Seaboard Marine; ZIM",4,1,2357.14285714286,,1100,1100,1,1,1,{1}
2016-03-27,VELAG,"La Guaira",VEPBL,"Puerto Cabello",2,2,"Alianca; CMA CGM; Hamburg Sud; King Ocean; Seaboard Marine",5,4,4012.66666666667,752.666666666667,1118,1795,1,1.5,2,"{2,1}"
2016-03-27,VEMAR,Maracaibo,JMKIN,Kingston,1,1,"Caribbean Feeder; Hapag-Lloyd; Maersk Line; SeaLand; ZIM",5,1,2290,240,1145,1145,2,2,2,{2}
2016-03-27,VEMAR,Maracaibo,USPEF,"Port Everglades FL",1,1,"King Ocean",1,4,1024.25,231,957,1100,1,1,1,{1}
2016-03-27,VEPBL,"Puerto Cabello",JMKIN,Kingston,2,2,"Caribbean Feeder; CMA CGM; Hapag-Lloyd; Seaboard Marine; ZIM",5,2,4593.14285714286,440,1100,1118,1,1.5,2,"{1,2}"
2016-03-27,VEPBL,"Puerto Cabello",USPEF,"Port Everglades FL",1,1,"Alianca; Hamburg Sud; King Ocean; Seaboard Marine",4,3,1776.66666666667,312.666666666667,1740,1795,9,9,9,{9}
2016-03-27,VEPBL,"Puerto Cabello",VELAG,"La Guaira",3,3,"Alianca; Evergreen Line; Hamburg Sud; Maersk Line; MSC; SeaLand; ZIM",7,9,5560.08333333333,1026.41666666667,1096,2470,0,1,1,"{1,1,0}"
2016-03-27,VGRAD,Tortola,PRSJU,"San Juan PR",1,1,"CMA CGM; TOTE Maritime",2,1,120,24,120,120,1,1,1,{1}
2016-03-27,VGRAD,Tortola,VGVIJ,"Virgin Gorda",1,1,"Tropical Shipping",1,2,1089.5,226,1061,1118,0,0,0,{0}
2016-03-27,VGVIJ,"Virgin Gorda",CASJB,"Saint John, New Brunswick",1,1,"Tropical Shipping",1,2,1089.5,226,1061,1118,3,3,3,{3}
2016-03-27,VISJN,"St John VI",SXSXM,"St Maarten-Philipsburg",1,1,"Tropical Shipping",1,2,1089.5,226,1061,1118,1,1,1,{1}
2016-03-27,VISTT,"St Thomas VI",USPEF,"Port Everglades FL",1,1,"Crowley; SeaFreight Line",2,2,1122,150,1122,1122,5,5,5,{5}
2016-03-27,VISTT,"St Thomas VI",VGRAD,Tortola,1,1,"CMA CGM; TOTE Maritime",2,1,120,24,120,120,0,0,0,{0}
2016-03-27,VISTT,"St Thomas VI",VISJN,"St John VI",1,1,"Tropical Shipping",1,2,1089.5,226,1061,1118,1,1,1,{1}
2016-03-27,VISTT,"St Thomas VI",VISTX,"St Croix VI",1,1,"Crowley; SeaFreight Line",2,2,1122,150,1122,1122,1,1,1,{1}
2016-03-27,VISTX,"St Croix VI",AGSJO,"St John's, Antigua",1,1,"CMA CGM; TOTE Maritime",2,1,120,24,120,120,1,1,1,{1}
2016-03-27,VISTX,"St Croix VI",AIAXA,Anguilla,1,1,"Tropical Shipping",1,2,850,187,850,850,1,1,1,{1}
2016-03-27,VISTX,"St Croix VI",TTPTS,"Point Lisas",1,1,"Crowley; SeaFreight Line",2,2,1122,150,1122,1122,2,2,2,{2}
2016-03-27,VNDAD,"Da Nang",HKHKG,"Hong Kong",3,3,"ANL; CMA CGM; CNC Line-Cheng Lie Navigation Co. Ltd.; IAL-Interasia Lines; MCC; Wan Hai; Yang Ming",7,10,5088.13333333333,700.733333333333,1560,2339,1,2,2,"{2,2,1}"
2016-03-27,VNDAD,"Da Nang",THLCH,"Laem Chabang",1,1,"Alianca; Hamburg Sud; IAL-Interasia Lines; Wan Hai",4,4,1800,,1800,1800,3,3,3,{3}
2016-03-27,VNDAD,"Da Nang",VNSGN,"Ho Chi Minh (VICT/Cat Lai)",1,1,"IAL-Interasia Lines; MOL; Wan Hai",3,3,1608,210,1368,1728,3,3,3,{3}
2016-03-27,VNDAD,"Da Nang",VNUIH,"Qui Nhon",1,1,PIL,1,2,1398,100,1398,1398,1,1,1,{1}
2016-03-27,VNHPH,Haiphong,CNFAN,Fangcheng,1,1,OOCL,1,1,1496,276,1496,1496,1,1,1,{1}
2016-03-27,VNHPH,Haiphong,CNQZH,Qinzhou,5,5,"Evergreen Line; Gold Star Line; OOCL; PIL; RCL; TS Lines",6,11,5304.91666666667,705.5,706,1398,0,1,1,"{1,1,0,1,1}"
2016-03-27,VNHPH,Haiphong,CNSHA,Shanghai,1,1,"SITC Shipping",1,3,1112,186.666666666667,1100,1118,4,4,4,{4}
2016-03-27,VNHPH,Haiphong,CNSHK,Shekou,5,5,"COSCO; Dong Young; Heung-A; KMTC; Namsung; NYK; RCL; Sinokor; Sinotrans; SITC Shipping; Wan Hai",11,12,5963.75,705,907,1800,1,2,2,"{2,1,2,1,2}"
2016-03-27,VNHPH,Haiphong,CNSWA,Shantou,1,1,"ANL; CK Line; CMA CGM; CNC Line-Cheng Lie Navigation Co. Ltd.; KMTC",5,2,1054,80,1048,1060,2,2,2,{2}
2016-03-27,VNHPH,Haiphong,CNTAG,Taicang,1,1,"SITC Shipping",1,3,970.333333333333,123.333333333333,855,1103,4,4,4,{4}
2016-03-27,VNHPH,Haiphong,CNYTN,Yantian,2,2,"ANL; CMA CGM; CNC Line-Cheng Lie Navigation Co. Ltd.; CULines-China United Lines; Hanjin Shipping; K Line",6,2,2137,311,1016,1121,2,2,2,"{2,2}"
2016-03-27,VNHPH,Haiphong,CNZHA,Zhanjiang,1,1,"Wan Hai",1,3,1469.33333333333,133.333333333333,1040,1858,1,1,1,{1}
2016-03-27,VNHPH,Haiphong,HKHKG,"Hong Kong",13,12,"ANL; Asean Seas Lines; Bien Dong; CK Line; CMA CGM; CNC Line-Cheng Lie Navigation Co. Ltd.; COSCO; Dongjin Shipping; Dong Young; Evergreen Line; Heung-A; Hyundai; KMTC; MOL; MSC; Namsung; Sinokor; SITC Shipping; TS Lines",19,29,14152,1621,650,2226,1,2,5,"{2,2,3,2,1,2,1,5,3,2,3,2,1}"
2016-03-27,VNHPH,Haiphong,TWKHH,Kaohsiung,6,6,"APL; CNC Line-Cheng Lie Navigation Co. Ltd.; Evergreen Line; K Line; NYK; OOCL; Wan Hai; Yang Ming",8,10,6112.66666666667,811.333333333333,749,1177,1,2,3,"{1,3,3,2,2,2}"
2016-03-27,VNHPH,Haiphong,VNDAD,"Da Nang",1,1,"Yang Ming",1,2,1680,200,1560,1800,1,1,1,{1}
2016-03-27,VNHPH,Haiphong,VNSGN,"Ho Chi Minh (VICT/Cat Lai)",1,1,"TS Lines",1,3,1063.66666666667,193.333333333333,1024,1118,2,2,2,{2}
2016-03-27,VNHPP,"Tan cang Hiep Phuoc",KHKOS,Sihanoukville,1,1,MCC,1,10,1734.7,351.8,1705,1856,2,2,2,{2}
2016-03-27,VNHPP,"Tan cang Hiep Phuoc",SGSIN,Singapore,1,1,APL,1,3,1125,217.333333333333,1102,1155,2,2,2,{2}
2016-03-27,VNSGN,"Ho Chi Minh (VICT/Cat Lai)",CNDCB,"Da Chan Bay",1,1,"Gold Star Line; KMTC; TS Lines; ZIM",4,3,1710,241.333333333333,1708,1714,4,4,4,{4}
2016-03-27,VNSGN,"Ho Chi Minh (VICT/Cat Lai)",CNNGB,Ningbo,3,3,"CMA CGM; CNC Line-Cheng Lie Navigation Co. Ltd.; RCL; Sinotrans; SITC Shipping",5,11,5026.83333333333,635.083333333333,1264,1808,2,4,6,"{4,2,6}"
2016-03-27,VNSGN,"Ho Chi Minh (VICT/Cat Lai)",CNSHA,Shanghai,1,1,"CK Line; Evergreen Line; Heung-A; Hyundai; Sinokor; SITC Shipping",6,4,2773,518,2702,2824,6,6,6,{6}
2016-03-27,VNSGN,"Ho Chi Minh (VICT/Cat Lai)",CNSHK,Shekou,3,3,"ANL; CNC Line-Cheng Lie Navigation Co. Ltd.; Evergreen Line; MCC; TS Lines; Wan Hai; Yang Ming",7,9,4468.66666666667,598,1024,1805,2,3,3,"{3,3,2}"
2016-03-27,VNSGN,"Ho Chi Minh (VICT/Cat Lai)",CNXMN,Xiamen,1,1,"Hanjin Shipping; K Line; PIL",3,4,2471.25,300,2450,2535,4,4,4,{4}
2016-03-27,VNSGN,"Ho Chi Minh (VICT/Cat Lai)",HKHKG,"Hong Kong",8,8,"ANL; CMA CGM; CNC Line-Cheng Lie Navigation Co. Ltd.; COSCO; Evergreen Line; Gold Star Line; Hanjin Shipping; Heung-A; KMTC; MCC; Namsung; RCL; Sinokor; TS Lines; Yang Ming; ZIM",16,32,17361.0833333333,2953.75,1022,2872,2,3,4,"{2,3,3,3,2,4,2,3}"
2016-03-27,VNSGN,"Ho Chi Minh (VICT/Cat Lai)",JPSMZ,Shimizu,1,1,"K Line; SITC Shipping",2,3,1708,202,1708,1708,7,7,7,{7}
2016-03-27,VNSGN,"Ho Chi Minh (VICT/Cat Lai)",JPTYO,Tokyo,1,1,"Hanjin Shipping; Hapag-Lloyd; K Line; MCC; NYK; Yang Ming",6,4,4623,512.5,4520,4896,6,6,6,{6}
2016-03-27,VNSGN,"Ho Chi Minh (VICT/Cat Lai)",JPUKB,Kobe,1,1,"Hanjin Shipping; MCC; NYK; Yang Ming",4,3,2872,354,2858,2900,5,5,5,{5}
2016-03-27,VNSGN,"Ho Chi Minh (VICT/Cat Lai)",KHKOS,Sihanoukville,2,2,"ANL; CMA CGM; CNC Line-Cheng Lie Navigation Co. Ltd.; Heung-A; KMTC; SITC Shipping; TS Lines",7,7,3424.08333333333,303.833333333333,1577,1808,2,2.5,3,"{2,3}"
2016-03-27,VNSGN,"Ho Chi Minh (VICT/Cat Lai)",KRICH,Inchon,1,1,"ANL; CK Line; CMA CGM; CNC Line-Cheng Lie Navigation Co. Ltd.; Dongjin Shipping; Namsung; Sinokor",7,3,1734.33333333333,244,1645,1850,4,4,4,{4}
2016-03-27,VNSGN,"Ho Chi Minh (VICT/Cat Lai)",KRKAN,Gwangyang,1,1,"ANL; CK Line; CMA CGM; CNC Line-Cheng Lie Navigation Co. Ltd.; Namsung",5,3,1866.66666666667,166.666666666667,1850,1900,6,6,6,{6}
2016-03-27,VNSGN,"Ho Chi Minh (VICT/Cat Lai)",KRPUS,Busan,2,2,"Hanjin Shipping; Heung-A; KMTC",3,7,4229.58333333333,443,1626,2553,5,6,7,"{5,7}"
2016-03-27,VNSGN,"Ho Chi Minh (VICT/Cat Lai)",MYTPP,"Tanjung Pelepas",1,1,MCC,1,7,1090,216,1022,1118,2,2,2,{2}
2016-03-27,VNSGN,"Ho Chi Minh (VICT/Cat Lai)",SGSIN,Singapore,5,5,"ANL; CMA CGM; COSCO; CSCL; Evergreen Line; Hanjin Shipping; Heung-A; K Line; MCC; OOCL; USL-US Lines; Wan Hai; Yang Ming",13,27,22341.15,1555.5,1368,14100,1,3,4,"{1,4,3,3,2}"
2016-03-27,VNSGN,"Ho Chi Minh (VICT/Cat Lai)",THBKK,"Bangkok (Old Port)",3,3,"Gold Star Line; Hanjin Shipping; Heung-A; KMTC; MOL; Sinotrans; SITC Shipping; TS Lines; ZIM",9,10,4393.75,579.25,1005,1805,2,3,3,"{3,3,2}"
2016-03-27,VNSGN,"Ho Chi Minh (VICT/Cat Lai)",THLCH,"Laem Chabang",7,7,"ANL; CK Line; CMA CGM; CNC Line-Cheng Lie Navigation Co. Ltd.; COSCO; Evergreen Line; Gold Star Line; Hyundai; KMTC; MCC; Namsung; OOCL; RCL; Sinokor; TS Lines; Wan Hai; Yang Ming; ZIM",18,25,14831.5,1837.5,1368,2742,1,2,4,"{2,2,1,2,2,2,4}"
2016-03-27,VNSGN,"Ho Chi Minh (VICT/Cat Lai)",TWKHH,Kaohsiung,5,4,"Evergreen Line; IAL-Interasia Lines; MOL; OOCL; Wan Hai; Yang Ming",6,16,8850.66666666667,1436,1368,2339,3,3,4,"{3,3,4,3,3}"
2016-03-27,VNSGN,"Ho Chi Minh (VICT/Cat Lai)",VNDAD,"Da Nang",1,1,"ANL; CMA CGM; CNC Line-Cheng Lie Navigation Co. Ltd.; IAL-Interasia Lines; Wan Hai",5,3,1721.33333333333,227.333333333333,1708,1728,1,1,1,{1}
2016-03-27,VNTCT,"Cai Mep",CNCWN,Chiwan,1,1,"Maersk Line; MCC; MSC; Safmarine",4,15,9476.4,786.4,8272,11660,3,3,3,{3}
2016-03-27,VNTCT,"Cai Mep",CNSHK,Shekou,1,1,"IAL-Interasia Lines; MOL; OOCL; Wan Hai",4,4,4250.5,400,4250,4252,3,3,3,{3}
2016-03-27,VNTCT,"Cai Mep",HKHKG,"Hong Kong",4,4,"Alianca; ANL; APL; CMA CGM; COSCO; CSCL; Evergreen Line; Hamburg Sud; Hanjin Shipping; Hapag-Lloyd; Hyundai; K Line; MOL; NYK; OOCL; PIL; UASC; USL-US Lines; Yang Ming; ZIM",20,52,33274.9338924964,2786.00838744589,5250,10114,2,2.5,3,"{2,3,3,2}"
2016-03-27,VNTCT,"Cai Mep",MYPKG,"Port Klang",3,3,"Alianca; ANL; CMA CGM; COSCO; CSCL; Evergreen Line; FESCO; Hamburg Sud; Hanjin Shipping; K Line; PIL; UASC; USL-US Lines; Yang Ming",14,42,28227.398989899,1856.80652680653,8221,14500,1,2,3,"{1,2,3}"
2016-03-27,VNTCT,"Cai Mep",PHMNL,Manila,1,1,"ANL; CMA CGM; CNC Line-Cheng Lie Navigation Co. Ltd.; MOL",4,3,2644,366.666666666667,2450,2741,2,2,2,{2}
2016-03-27,VNTCT,"Cai Mep",SGSIN,Singapore,3,3,"APL; Evergreen Line; Hanjin Shipping; Hapag-Lloyd; Hyundai; MOL; NYK; OOCL; ZIM",9,33,20013,1766.09090909091,4130,10000,1,1,2,"{1,1,2}"
2016-03-27,VNTCT,"Cai Mep",THBKK,"Bangkok (Old Port)",1,1,"K Line; SITC Shipping",2,3,1086,116.666666666667,1005,1221,3,3,3,{3}
2016-03-27,VNTCT,"Cai Mep",TWKHH,Kaohsiung,1,1,APL,1,3,2468,400,2468,2468,3,3,3,{3}
2016-03-27,VNTCT,"Cai Mep",VNSGN,"Ho Chi Minh (VICT/Cat Lai)",1,1,MCC,1,5,2552.4,490,2546,2578,1,1,1,{1}
2016-03-27,VNUIH,"Qui Nhon",SGSIN,Singapore,1,1,PIL,1,2,1398,100,1398,1398,4,4,4,{4}
2016-03-27,VNUIH,"Qui Nhon",VNDAD,"Da Nang",1,1,MCC,1,5,1686.8,273.4,1713,2339,2,2,2,{2}
2016-03-27,VUVLI,"Port Vila",FJLTK,Lautoka,1,1,"NPL-Neptune Pacific Line; PDL-Pacific Direct Line; Swire Shipping",3,2,1924.57142857143,228.571428571429,777,907,1,1,1,{1}
2016-03-27,WSAPW,"Apia, W. Samoa",ASPPG,"Pago Pago",3,3,"Alianca; Hamburg Sud; NPL-Neptune Pacific Line; PDL-Pacific Direct Line; PIL; Polynesia Line; Sofrana; Swire Shipping",8,5,6817.71428571429,1053.21428571429,777,1714,0,0,1,"{0,0,1}"
2016-03-27,YEADE,Aden,SAJED,Jeddah,1,1,"APL; PIL",2,8,6541.25,125,6350,6606,2,2,2,{2}
2016-03-27,ZACPT,"Cape Town",AOLAD,Luanda,1,1,"Alianca; CMA CGM; Hamburg Sud; Hapag-Lloyd; Maersk Line; NileDutch",6,6,3386.83333333333,473.166666666667,3091,3820,5,5,5,{5}
2016-03-27,ZACPT,"Cape Town",BJCOO,Cotonou,1,1,"ANL; CMA CGM; Maersk Line; MCC; Safmarine",5,13,2792.23076923077,246.769230769231,3534,4308,8,8,8,{8}
2016-03-27,ZACPT,"Cape Town",CGPNR,"Pointe Noire",1,1,"ANL; CMA CGM; Maersk Line; MCC; NileDutch; PIL; Safmarine",7,13,5226.46153846154,374.461538461538,4367,9300,8,8,8,{8}
2016-03-27,ZACPT,"Cape Town",ESALG,Algeciras,1,1,"DAL-Deutsche Afrika Linien; Maersk Line; MOL; Safmarine",4,8,6935.625,1112.5,6350,7450,11,11,11,{11}
2016-03-27,ZACPT,"Cape Town",ESLPA,"Las Palmas, Can Is",1,1,"Hapag-Lloyd; MSC; Stinnes",3,8,8583.25,675,6402,9403,13,13,13,{13}
2016-03-27,ZACPT,"Cape Town",MYPKG,"Port Klang",2,2,"Alianca; ANL; CMA CGM; COSCO; Evergreen Line; Hamburg Sud; Hanjin Shipping; K Line; Maersk Line; MCC; MOL; NileDutch; PIL; Safmarine",14,21,9126.83653846154,719.211538461538,4211,9300,18,20,22,"{18,22}"
2016-03-27,ZACPT,"Cape Town",TGLFW,Lome,2,2,"MSC; PIL",2,22,10319.5324675325,363.636363636364,3889,9200,7,7.5,8,"{8,7}"
2016-03-27,ZACPT,"Cape Town",USNYC,"New York NY/NJ",1,1,"Maersk Line; MSC; Safmarine",3,8,2388.75,183.625,1798,3398,18,18,18,{18}
2016-03-27,ZACPT,"Cape Town",ZAPLZ,"Port Elizabeth",1,1,"DAL-Deutsche Afrika Linien; Maersk Line; MOL; Safmarine",4,8,6935.625,1112.5,6350,7450,2,2,2,{2}
2016-03-27,ZACPT,"Cape Town",ZAZBA,"Ngqura (Coega)",2,2,"ANL; CMA CGM; Hapag-Lloyd; MSC; PIL; Stinnes",6,19,11556.7045454545,1087.45454545455,3091,9403,2,2.5,3,"{2,3}"
2016-03-27,ZADUR,Durban,AOLAD,Luanda,1,1,"DAL-Deutsche Afrika Linien; Maersk Line; Safmarine; UAFL-United Africa Feeder Line",4,10,3401.4,553.6,2824,3534,8,8,8,{8}
2016-03-27,ZADUR,Durban,LKCMB,Colombo,1,1,PIL,1,6,1875.2380952381,226.190476190476,1080,1800,16,16,16,{16}
2016-03-27,ZADUR,Durban,MUPLU,"Port Louis",1,1,"DAL-Deutsche Afrika Linien; Maersk Line; Safmarine; UAFL-United Africa Feeder Line",4,10,3401.4,553.6,2824,3534,5,5,5,{5}
2016-03-27,ZADUR,Durban,NAWVB,"Walvis Bay",1,1,"ANL; CMA CGM; PIL",3,11,2973.45454545455,412.454545454545,3091,3889,5,5,5,{5}
2016-03-27,ZADUR,Durban,NGTIN,"Lagos, Tin Can",1,1,PIL,1,6,1875.2380952381,226.190476190476,1080,1800,12,12,12,{12}
2016-03-27,ZADUR,Durban,REPDG,"Reunion Island",1,1,"ANL; CMA CGM; PIL",3,11,2973.45454545455,412.454545454545,3091,3889,4,4,4,{4}
2016-03-27,ZADUR,Durban,SGSIN,Singapore,1,1,"COSCO; Evergreen Line; Hanjin Shipping; K Line; MOL; PIL",6,8,3381.875,328.25,4211,5595,14,14,14,{14}
2016-03-27,ZADUR,Durban,ZACPT,"Cape Town",3,3,"Alianca; COSCO; Evergreen Line; Hamburg Sud; Hanjin Shipping; K Line; Maersk Line; MOL; MSC; PIL; Safmarine",11,27,11605.9431818182,892.011363636364,1798,9200,2,4,4,"{4,2,4}"
2016-03-27,ZADUR,Durban,ZAPLZ,"Port Elizabeth",3,3,"Alianca; ANL; APL; CMA CGM; DAL-Deutsche Afrika Linien; Hamburg Sud; Hapag-Lloyd; Maersk Line; MCC; MOL; NileDutch; Safmarine; SeaLand",13,35,19300.1726190476,2287.66666666667,3091,9640,1,2,3,"{3,1,2}"
2016-03-27,ZADUR,Durban,ZAZBA,"Ngqura (Coega)",2,2,"Hapag-Lloyd; MSC; Stinnes",3,14,16374.25,1183.33333333333,6400,9403,3,3,3,"{3,3}"
2016-03-27,ZAPLZ,"Port Elizabeth",MYTPP,"Tanjung Pelepas",1,1,"ANL; APL; CMA CGM; Maersk Line; MCC; Safmarine; SeaLand",7,21,8977.71428571429,702,6802,9640,18,18,18,{18}
2016-03-27,ZAPLZ,"Port Elizabeth",ZACPT,"Cape Town",2,2,"Alianca; CMA CGM; DAL-Deutsche Afrika Linien; Hamburg Sud; Hapag-Lloyd; Maersk Line; MOL; NileDutch; Safmarine",9,14,10322.4583333333,1585.66666666667,3091,7450,2,3.5,5,"{5,2}"
2016-03-27,ZAPLZ,"Port Elizabeth",ZADUR,Durban,2,2,"DAL-Deutsche Afrika Linien; Maersk Line; MSC; Safmarine; UAFL-United Africa Feeder Line",5,18,5790.15,737.225,1798,3534,3,3.5,4,"{3,4}"
2016-03-27,ZAPLZ,"Port Elizabeth",ZAZBA,"Ngqura (Coega)",1,1,"DAL-Deutsche Afrika Linien; Maersk Line; MOL; Safmarine",4,8,6935.625,1112.5,6350,7450,4,4,4,{4}
2016-03-27,ZAZBA,"Ngqura (Coega)",OMSLL,Salalah,1,1,MSC,1,6,7791,508.333333333333,6400,9200,8,8,8,{8}
2016-03-27,ZAZBA,"Ngqura (Coega)",SGSIN,Singapore,1,1,"Maersk Line; MCC; MOL; MSC; Safmarine",5,12,8284.5,994.25,7450,9400,13,13,13,{13}
2016-03-27,ZAZBA,"Ngqura (Coega)",ZACPT,"Cape Town",1,1,"Hapag-Lloyd; MSC; Stinnes",3,8,8583.25,675,6402,9403,2,2,2,{2}
2016-03-27,ZAZBA,"Ngqura (Coega)",ZADUR,Durban,3,3,"ANL; CMA CGM; DAL-Deutsche Afrika Linien; Hapag-Lloyd; Maersk Line; MOL; MSC; PIL; Safmarine; Stinnes",10,27,18492.3295454545,2199.95454545455,3091,9403,1,1,3,"{3,1,1}"
